ISO3,year,C_reform_n,C_reform,bti_learning,bti_implementation,bti_coordination,C_bti,statecap,statecap_carried,mys,hc
AFG,1960,,,,,,,-1.383,0.0,,
AFG,1961,,,,,,,-1.362,0.0,,
AFG,1962,,,,,,,-1.369,0.0,,
AFG,1963,,,,,,,-1.36,0.0,,
AFG,1964,,,,,,,-1.379,0.0,,
AFG,1965,,,,,,,-1.396,0.0,,
AFG,1966,,,,,,,-1.134,0.0,,
AFG,1967,,,,,,,-1.126,0.0,,
AFG,1968,,,,,,,-1.127,0.0,,
AFG,1969,,,,,,,-1.132,0.0,,
AFG,1970,,,,,,,-1.143,0.0,,
AFG,1971,,,,,,,-1.046,0.0,,
AFG,1972,,,,,,,-1.043,0.0,,
AFG,1973,,,,,,,-1.05,0.0,,
AFG,1974,,,,,,,-0.9673,0.0,,
AFG,1975,,,,,,,-0.9185,0.0,,
AFG,1976,,,,,,,-0.9106,0.0,,
AFG,1977,,,,,,,-0.9242,0.0,,
AFG,1978,,,,,,,-1.177,0.0,,
AFG,1979,,,,,,,-1.211,0.0,,
AFG,1980,,,,,,,-1.174,0.0,,
AFG,1981,,,,,,,-1.194,0.0,,
AFG,1982,,,,,,,-1.062,0.0,,
AFG,1983,,,,,,,-1.069,0.0,,
AFG,1984,,,,,,,-1.032,0.0,,
AFG,1985,,,,,,,-1.001,0.0,,
AFG,1986,,,,,,,-1.098,0.0,,
AFG,1987,,,,,,,-1.045,0.0,,
AFG,1988,,,,,,,-0.9745,0.0,,
AFG,1989,,,,,,,-1.02,0.0,,
AFG,1990,,,,,,,-1.055,0.0,0.87196195,1.123942845860396
AFG,1991,,,,,,,-1.446,0.0,0.91526747,1.1304839789434926
AFG,1992,,,,,,,-1.914,0.0,0.9585729,1.1370631664610835
AFG,1993,,,,,,,-2.029,0.0,1.0018785,1.1436806695689425
AFG,1994,,,,,,,-2.029,0.0,1.0451839,1.1503366545255918
AFG,1995,,,,,,,-1.671,0.0,1.0884894,1.1570313914422936
AFG,1996,,,,,,,-1.143,0.0,1.123602,1.1624881536280876
AFG,1997,,,,,,,-1.1,0.0,1.1587145,1.1679706352068884
AFG,1998,,,,,,,-1.11,0.0,1.1938272,1.1734790045020786
AFG,1999,,,,,,,-1.119,0.0,1.2289397,1.1790133207058293
AFG,2000,,,,,,,-1.184,0.0,1.2640523,1.1845737535104703
AFG,2001,,,,,,,-1.281,0.0,1.3155507,1.1927765132019785
AFG,2002,,,,,,,-1.332,0.0,1.3670491,1.2010360741406505
AFG,2003,,,,,,,-1.803,0.0,1.4185475,1.2093528296552927
AFG,2004,0.0,,3.0,4.0,2.0,3.0,-1.826,0.0,1.4700459,1.2177271757983756
AFG,2005,0.0,,3.0,4.0,2.0,3.0,-1.777,0.0,1.5215443,1.2261595113648964
AFG,2006,0.0,0.0,3.0,4.0,3.0,3.3333333333333335,-1.714,0.0,1.5952808,1.2383348660174514
AFG,2007,2.0,0.5,3.0,4.0,3.0,3.3333333333333335,-1.667,0.0,1.6690171,1.250631084360627
AFG,2008,0.0,0.4,3.0,3.0,3.0,3.0,-1.457,0.0,1.7427535,1.2630494166394912
AFG,2009,1.0,0.6,3.0,3.0,3.0,3.0,-1.327,0.0,1.8164899,1.2755910586445542
AFG,2010,0.0,0.6,3.0,3.0,3.0,3.0,-1.268,0.0,1.8902262,1.2882572175359206
AFG,2011,0.0,0.6,3.0,3.0,3.0,3.0,-1.225,0.0,1.9370431,1.2963644572371933
AFG,2012,0.0,0.2,3.0,3.0,3.0,3.0,-1.183,0.0,1.9838598,1.3045226823283793
AFG,2013,4.0,1.0,3.0,3.0,3.0,3.0,-1.11,0.0,2.0306766,1.3127322660017229
AFG,2014,0.0,0.8,4.0,3.0,3.0,3.3333333333333335,-1.019,0.0,2.0774932,1.3209934785823085
AFG,2015,0.0,0.8,4.0,3.0,3.0,3.3333333333333335,-1.046,0.0,2.12431,1.3293067157849046
AFG,2016,0.0,0.8,5.0,3.0,3.0,3.6666666666666665,-1.046,1.0,2.2685916,1.3552572306055881
AFG,2017,0.0,0.8,5.0,3.0,3.0,3.6666666666666665,-1.046,1.0,2.4128733,1.3817143657747126
AFG,2018,6.0,1.2,5.0,4.0,3.0,4.0,-1.046,1.0,2.557155,1.4086879933008227
AFG,2019,0.0,1.2,5.0,4.0,3.0,4.0,-1.046,1.0,2.7014368,1.4361882153177519
AFG,2020,,,4.0,3.0,3.0,3.3333333333333335,-1.046,1.0,2.8457184,1.464225253816341
AFG,2021,,,4.0,3.0,3.0,3.3333333333333335,-1.046,1.0,2.99,1.492809626932627
AFG,2022,,,3.0,3.0,3.0,3.0,-1.046,1.0,2.51479,1.400713654562381
AFG,2023,,,3.0,3.0,3.0,3.0,-1.046,1.0,2.51479,1.400713654562381
AFG,2024,,,2.0,3.0,2.0,2.3333333333333335,,,,
AFG,2025,,,2.0,3.0,2.0,2.3333333333333335,,,,
AGO,1960,,,,,,,,0.0,,
AGO,1961,,,,,,,,0.0,,
AGO,1962,,,,,,,,0.0,,
AGO,1963,,,,,,,,0.0,,
AGO,1964,,,,,,,,0.0,,
AGO,1965,,,,,,,,0.0,,
AGO,1966,,,,,,,,0.0,,
AGO,1967,,,,,,,,0.0,,
AGO,1968,,,,,,,,0.0,,
AGO,1969,,,,,,,,0.0,,
AGO,1970,,,,,,,,0.0,,
AGO,1971,,,,,,,,0.0,,
AGO,1972,,,,,,,,0.0,,
AGO,1973,,,,,,,,0.0,,
AGO,1974,,,,,,,,0.0,,
AGO,1975,,,,,,,-1.092,0.0,,
AGO,1976,,,,,,,-1.252,0.0,,
AGO,1977,,,,,,,-1.234,0.0,,
AGO,1978,,,,,,,-0.9837,0.0,,
AGO,1979,,,,,,,-0.9413,0.0,,
AGO,1980,,,,,,,-0.956,0.0,,
AGO,1981,,,,,,,-0.9456,0.0,,
AGO,1982,,,,,,,-0.9369,0.0,,
AGO,1983,,,,,,,-0.9313,0.0,,
AGO,1984,,,,,,,-0.7579,0.0,,
AGO,1985,,,,,,,-0.8072,0.0,,
AGO,1986,,,,,,,-0.8197,0.0,,
AGO,1987,,,,,,,-0.8367,0.0,,
AGO,1988,,,,,,,-0.8186,0.0,,
AGO,1989,,,,,,,-0.7382,0.0,,
AGO,1990,,,,,,,-0.7984,0.0,,
AGO,1991,,,,,,,-0.8283,0.0,,
AGO,1992,,,,,,,-0.5038,0.0,,
AGO,1993,,,,,,,-1.045,0.0,,
AGO,1994,,,,,,,-1.062,0.0,,
AGO,1995,,,,,,,-0.965,0.0,,
AGO,1996,,,,,,,-0.9258,0.0,,
AGO,1997,,,,,,,-0.7114,0.0,,
AGO,1998,,,,,,,-0.6165,0.0,,
AGO,1999,,,,,,,-0.4882,0.0,3.3871405,1.5744040614599615
AGO,2000,,,,,,,-0.5537,0.0,3.4257457,1.5825697087040025
AGO,2001,,,,,,,-0.5121,0.0,3.464791,1.5908715234168171
AGO,2002,,,,,,,-0.5494,0.0,3.5051918,1.5995073909747828
AGO,2003,,,,,,,-0.401,0.0,3.5455923,1.6081900727215401
AGO,2004,0.0,,2.0,4.0,6.0,4.0,-0.6334,0.0,3.585993,1.616919930414417
AGO,2005,0.0,,2.0,4.0,6.0,4.0,-0.6577,0.0,3.6263938,1.6256971988269557
AGO,2006,0.0,0.0,3.0,3.0,4.0,3.3333333333333335,-0.6497,0.0,3.6667945,1.6345220917536052
AGO,2007,0.0,0.0,3.0,3.0,4.0,3.3333333333333335,-0.4321,0.0,3.707195,1.643394845459414
AGO,2008,3.0,0.6,4.0,5.0,5.0,4.666666666666667,-0.3896,0.0,3.7475958,1.6523158299776044
AGO,2009,1.0,0.8,4.0,5.0,5.0,4.666666666666667,-0.3822,0.0,3.7879965,1.6612852187980327
AGO,2010,0.0,0.8,4.0,4.0,5.0,4.333333333333333,-0.3168,0.0,3.8283973,1.6703033192004664
AGO,2011,0.0,0.8,4.0,4.0,5.0,4.333333333333333,-0.3302,0.0,3.868798,1.6793703508454783
AGO,2012,1.0,1.0,5.0,5.0,5.0,5.0,-0.2824,0.0,3.9091985,1.6884865564807927
AGO,2013,0.0,0.4,5.0,5.0,5.0,5.0,-0.2944,0.0,3.9495993,1.6976523162926573
AGO,2014,0.0,0.2,3.0,3.0,4.0,3.3333333333333335,-0.09416,0.0,3.99,1.7068678085311695
AGO,2015,0.0,0.2,3.0,3.0,4.0,3.3333333333333335,-0.1073,0.0,5.31563,1.952047125770615
AGO,2016,3.0,0.8,3.0,4.0,5.0,4.0,-0.1073,1.0,5.417391,1.9722134506153512
AGO,2017,1.0,0.8,3.0,4.0,5.0,4.0,-0.1073,1.0,5.5210996,1.9929801067093833
AGO,2018,1.0,1.0,4.0,4.0,5.0,4.333333333333333,-0.1073,1.0,5.626794,2.01436940087608
AGO,2019,0.0,1.0,4.0,4.0,5.0,4.333333333333333,-0.1073,1.0,5.734512,2.0364044168626263
AGO,2020,,,4.0,4.0,5.0,4.333333333333333,-0.1073,1.0,5.8442917,2.0591091991898924
AGO,2021,,,4.0,4.0,5.0,4.333333333333333,-0.1073,1.0,5.956173,2.0825091170823797
AGO,2022,,,4.0,5.0,5.0,4.666666666666667,-0.1073,1.0,5.956173,2.0825091170823797
AGO,2023,,,4.0,5.0,5.0,4.666666666666667,-0.1073,1.0,5.956173,2.0825091170823797
AGO,2024,,,5.0,4.0,5.0,4.666666666666667,,,,
AGO,2025,,,5.0,4.0,5.0,4.666666666666667,,,,
ALB,1960,,,,,,,-0.0183,0.0,,
ALB,1961,,,,,,,0.01011,0.0,,
ALB,1962,,,,,,,-0.02775,0.0,,
ALB,1963,,,,,,,-0.03023,0.0,,
ALB,1964,,,,,,,-0.03409,0.0,,
ALB,1965,,,,,,,-0.06974,0.0,,
ALB,1966,,,,,,,-0.07537,0.0,,
ALB,1967,,,,,,,-0.09093,0.0,,
ALB,1968,,,,,,,-0.08248,0.0,,
ALB,1969,,,,,,,-0.08528,0.0,,
ALB,1970,,,,,,,-0.09713,0.0,,
ALB,1971,,,,,,,-0.08392,0.0,,
ALB,1972,,,,,,,-0.08625,0.0,,
ALB,1973,,,,,,,-0.08348,0.0,,
ALB,1974,,,,,,,-0.07072,0.0,,
ALB,1975,,,,,,,-0.05237,0.0,,
ALB,1976,,,,,,,-0.01008,0.0,,
ALB,1977,,,,,,,0.287,0.0,,
ALB,1978,,,,,,,0.3216,0.0,,
ALB,1979,,,,,,,0.3696,0.0,,
ALB,1980,,,,,,,0.4004,0.0,,
ALB,1981,,,,,,,0.416,0.0,,
ALB,1982,,,,,,,0.4257,0.0,,
ALB,1983,,,,,,,0.4667,0.0,,
ALB,1984,,,,,,,0.7118,0.0,,
ALB,1985,,,,,,,0.5579,0.0,,
ALB,1986,,,,,,,0.4964,0.0,,
ALB,1987,,,,,,,0.5,0.0,,
ALB,1988,,,,,,,0.4403,0.0,,
ALB,1989,,,,,,,0.7213,0.0,,
ALB,1990,,,,,,,0.3587,0.0,7.3515644,2.39769534816539
ALB,1991,,,,,,,-0.1305,0.0,7.3496866,2.397240649660509
ALB,1992,,,,,,,-0.3692,0.0,7.347809,2.396786085799647
ALB,1993,,,,,,,-0.1473,0.0,7.345931,2.396331511321217
ALB,1994,,,,,,,0.07071,0.0,7.3440533,2.3958770956524624
ALB,1995,,,,,,,-0.07171,0.0,7.3421755,2.395422741960653
ALB,1996,,,,,,,-0.2102,0.0,7.6238446,2.4645477068644985
ALB,1997,,,,,,,-0.5165,0.0,7.905514,2.535667494949788
ALB,1998,,,,,,,-0.2974,0.0,8.187183,2.592774256617965
ALB,1999,,,,,,,-0.2593,0.0,8.468852,2.6429135763116705
ALB,2000,,,,,,,-0.1248,0.0,8.750522,2.6940226782193166
ALB,2001,,,,,,,-0.05083,0.0,8.82,2.706780713101137
ALB,2002,,,,,,,-0.006824,0.0,8.885714,2.7189031682090197
ALB,2003,,,,,,,0.07918,0.0,8.951428,2.73107991434873
ALB,2004,0.0,,5.0,6.0,5.0,5.333333333333333,0.3318,0.0,9.017142,2.743311194665413
ALB,2005,0.0,,5.0,6.0,5.0,5.333333333333333,0.3804,0.0,9.082857,2.755597440773777
ALB,2006,1.0,0.3333333333333333,6.0,6.0,6.0,6.0,0.476,0.0,9.148571,2.7679385240796743
ALB,2007,2.0,0.75,6.0,6.0,6.0,6.0,0.4955,0.0,9.214286,2.780335066617682
ALB,2008,6.0,1.8,6.0,6.0,6.0,6.0,0.5161,0.0,9.28,2.792786938639235
ALB,2009,2.0,2.2,6.0,6.0,6.0,6.0,0.5538,0.0,9.453333,2.8258992824134506
ALB,2010,0.0,2.2,5.0,6.0,6.0,5.666666666666667,0.484,0.0,9.626667,2.8594044131644027
ALB,2011,0.0,2.0,5.0,6.0,6.0,5.666666666666667,0.4808,0.0,9.8,2.893306599044841
ALB,2012,2.0,2.0,5.0,6.0,6.0,5.666666666666667,0.5065,0.0,10.03,2.9389136315923823
ALB,2013,2.0,1.2,5.0,6.0,6.0,5.666666666666667,0.4662,0.0,10.01934,2.936784043820155
ALB,2014,2.0,1.2,7.0,6.0,7.0,6.666666666666667,0.5757,0.0,10.008679,2.9346557996275497
ALB,2015,1.0,1.4,7.0,6.0,7.0,6.666666666666667,0.5549,0.0,9.99802,2.9325294965661852
ALB,2016,2.0,1.8,7.0,7.0,7.0,7.0,0.5549,1.0,9.98736,2.9304045348488863
ALB,2017,3.0,2.0,7.0,7.0,7.0,7.0,0.5549,1.0,9.9767,2.92828111291569
ALB,2018,1.0,1.8,6.0,7.0,6.0,6.333333333333333,0.5549,1.0,10.024848,2.9378842046795275
ALB,2019,1.0,1.6,6.0,7.0,6.0,6.333333333333333,0.5549,1.0,10.072996,2.9475187891067622
ALB,2020,,,7.0,7.0,7.0,7.0,0.5549,1.0,10.121144,2.9571849694753682
ALB,2021,,,7.0,7.0,7.0,7.0,0.5549,1.0,10.175311,2.968097419357137
ALB,2022,,,7.0,7.0,7.0,7.0,0.5549,1.0,10.175311,2.968097419357137
ALB,2023,,,7.0,7.0,7.0,7.0,0.5549,1.0,10.175311,2.968097419357137
ALB,2024,,,7.0,7.0,7.0,7.0,,,,
ALB,2025,,,7.0,7.0,7.0,7.0,,,,
AND,2000,,,,,,,,,9.814466,2.896154110328368
AND,2001,,,,,,,,,9.898915,2.912833212287141
AND,2002,,,,,,,,,9.984091,2.929753201759775
AND,2003,,,,,,,,,10.07,2.94691835816327
AND,2004,,,,,,,,,10.7,3.0759075625338648
AND,2005,,,,,,,,,10.09,2.9509288936763634
AND,2006,,,,,,,,,10.41,3.015844830352325
AND,2007,,,,,,,,,10.44,3.0220034334455947
AND,2008,,,,,,,,,10.469999,3.0281744069968486
AND,2009,,,,,,,,,10.5,3.034358394435676
AND,2010,,,,,,,,,10.53,3.040554803748909
AND,2011,,,,,,,,,10.559999,3.046763659459467
AND,2012,,,,,,,,,10.59,3.0529856089468
AND,2013,,,,,,,,,10.62,3.0592200565635146
AND,2014,,,,,,,,,10.65,3.0654672354348316
AND,2015,,,,,,,,,10.57,3.048836370640217
AND,2016,,,,,,,,,10.56,3.0467638666394032
AND,2017,,,,,,,,,10.735001,3.0832371506935186
AND,2018,,,,,,,,,10.91,3.120146637763087
AND,2019,,,,,,,,,11.085,3.157498183672301
AND,2020,,,,,,,,,11.26,3.1952968681758733
AND,2021,,,,,,,,,11.434999,3.2335478241274265
AND,2022,,,,,,,,,11.61,3.2722571279836705
AND,2023,,,,,,,,,11.61,3.2722571279836705
ARE,1960,,,,,,,,0.0,,
ARE,1961,,,,,,,,0.0,,
ARE,1962,,,,,,,,0.0,,
ARE,1963,,,,,,,,0.0,,
ARE,1964,,,,,,,,0.0,,
ARE,1965,,,,,,,,0.0,,
ARE,1966,,,,,,,,0.0,,
ARE,1967,,,,,,,,0.0,,
ARE,1968,,,,,,,,0.0,,
ARE,1969,,,,,,,,0.0,,
ARE,1970,,,,,,,,0.0,,
ARE,1971,,,,,,,-0.3397,0.0,,
ARE,1972,,,,,,,-0.1017,0.0,,
ARE,1973,,,,,,,0.09542,0.0,,
ARE,1974,,,,,,,0.1761,0.0,,
ARE,1975,,,,,,,0.2251,0.0,,
ARE,1976,,,,,,,0.3293,0.0,,
ARE,1977,,,,,,,0.5414,0.0,,
ARE,1978,,,,,,,0.5623,0.0,,
ARE,1979,,,,,,,0.6278,0.0,,
ARE,1980,,,,,,,0.7427,0.0,,
ARE,1981,,,,,,,0.621,0.0,,
ARE,1982,,,,,,,1.188,0.0,,
ARE,1983,,,,,,,1.16,0.0,,
ARE,1984,,,,,,,0.9358,0.0,,
ARE,1985,,,,,,,0.6147,0.0,,
ARE,1986,,,,,,,0.5978,0.0,,
ARE,1987,,,,,,,0.5817,0.0,,
ARE,1988,,,,,,,0.5737,0.0,,
ARE,1989,,,,,,,0.5616,0.0,,
ARE,1990,,,,,,,0.6287,0.0,5.7581,2.04126170598476
ARE,1991,,,,,,,0.6252,0.0,6.056744,2.103770359091006
ARE,1992,,,,,,,0.6421,0.0,6.3553877,2.168193121298725
ARE,1993,,,,,,,0.5959,0.0,6.6540318,2.234588761484984
ARE,1994,,,,,,,0.7319,0.0,6.952676,2.303017629904304
ARE,1995,,,,,,,0.6889,0.0,7.2513194,2.3735417748951053
ARE,1996,,,,,,,0.6742,0.0,7.4967804,2.4331210608161915
ARE,1997,,,,,,,0.7059,0.0,7.742241,2.494195771076237
ARE,1998,,,,,,,0.7318,0.0,7.987702,2.5568036444913496
ARE,1999,,,,,,,0.7141,0.0,8.233163,2.600893614860318
ARE,2000,,,,,,,0.1375,0.0,8.478623,2.6446701855989265
ARE,2001,,,,,,,0.1517,0.0,8.580898,2.6631271803757928
ARE,2002,,,,,,,0.1759,0.0,8.683174,2.6817131677698933
ARE,2003,,,,,,,0.1353,0.0,8.785449,2.7004286832999984
ARE,2004,0.0,,5.0,6.0,6.0,5.666666666666667,0.1455,0.0,8.887725,2.719274998202391
ARE,2005,0.0,,5.0,6.0,6.0,5.666666666666667,0.1483,0.0,8.99,2.738252655496666
ARE,2006,0.0,0.0,5.0,7.0,7.0,6.333333333333333,0.4552,0.0,9.158181,2.769747907679998
ARE,2007,2.0,0.5,5.0,7.0,7.0,6.333333333333333,0.4082,0.0,9.326364,2.801605797778659
ARE,2008,2.0,0.8,6.0,7.0,8.0,7.0,0.4428,0.0,9.494545,2.833829734800029
ARE,2009,5.0,1.8,6.0,7.0,8.0,7.0,0.4728,0.0,9.662727,2.866424504933675
ARE,2010,0.0,1.8,6.0,7.0,8.0,7.0,1.345,0.0,9.830909,2.8993941808095465
ARE,2011,3.0,2.4,6.0,7.0,8.0,7.0,1.144,0.0,9.999091,2.9327430746014973
ARE,2012,4.0,2.8,6.0,7.0,9.0,7.333333333333333,1.157,0.0,10.167273,2.9664755480820975
ARE,2013,5.0,3.4,6.0,7.0,9.0,7.333333333333333,1.11,0.0,10.335455,3.0005960131931184
ARE,2014,4.0,3.2,7.0,7.0,9.0,7.666666666666667,1.051,0.0,10.503636,3.0351087262351792
ARE,2015,2.0,3.6,7.0,7.0,9.0,7.666666666666667,0.7112,0.0,10.671819,3.0700188203884333
ARE,2016,8.0,4.6,8.0,7.0,9.0,8.0,0.7112,1.0,10.84,3.105330031266515
ARE,2017,3.0,4.4,8.0,7.0,9.0,8.0,0.7112,1.0,12.06,3.373935948174364
ARE,2018,3.0,4.0,8.0,8.0,9.0,8.333333333333334,0.7112,1.0,12.48,3.4716847678282368
ARE,2019,3.0,3.8,8.0,8.0,9.0,8.333333333333334,0.7112,1.0,12.69,3.5216160874448694
ARE,2020,,,9.0,9.0,9.0,9.0,0.7112,1.0,12.7300005,3.5312080422453516
ARE,2021,,,9.0,9.0,9.0,9.0,0.7112,1.0,12.77,3.540825882228489
ARE,2022,,,10.0,10.0,9.0,9.666666666666666,0.7112,1.0,12.99,3.5941948419105487
ARE,2023,,,10.0,10.0,9.0,9.666666666666666,0.7112,1.0,12.99,3.5941948419105487
ARE,2024,,,10.0,10.0,9.0,9.666666666666666,,,,
ARE,2025,,,10.0,10.0,9.0,9.666666666666666,,,,
ARG,1960,,,,,,,0.3968,0.0,,
ARG,1961,,,,,,,0.3921,0.0,,
ARG,1962,,,,,,,0.3796,0.0,,
ARG,1963,,,,,,,0.3685,0.0,,
ARG,1964,,,,,,,0.263,0.0,,
ARG,1965,,,,,,,0.2846,0.0,,
ARG,1966,,,,,,,0.294,0.0,,
ARG,1967,,,,,,,-0.03451,0.0,,
ARG,1968,,,,,,,0.006091,0.0,,
ARG,1969,,,,,,,0.01756,0.0,,
ARG,1970,,,,,,,-0.1271,0.0,,
ARG,1971,,,,,,,-0.1268,0.0,,
ARG,1972,,,,,,,-0.1626,0.0,,
ARG,1973,,,,,,,0.1873,0.0,,
ARG,1974,,,,,,,0.2124,0.0,,
ARG,1975,,,,,,,0.2206,0.0,,
ARG,1976,,,,,,,0.02086,0.0,,
ARG,1977,,,,,,,-0.103,0.0,,
ARG,1978,,,,,,,0.07699,0.0,,
ARG,1979,,,,,,,0.03699,0.0,,
ARG,1980,,,,,,,0.03086,0.0,,
ARG,1981,,,,,,,0.002727,0.0,,
ARG,1982,,,,,,,-0.05207,0.0,,
ARG,1983,,,,,,,0.05384,0.0,,
ARG,1984,,,,,,,0.364,0.0,,
ARG,1985,,,,,,,0.3824,0.0,,
ARG,1986,,,,,,,0.4117,0.0,,
ARG,1987,,,,,,,0.3642,0.0,,
ARG,1988,,,,,,,0.2728,0.0,,
ARG,1989,,,,,,,0.08267,0.0,,
ARG,1990,,,,,,,0.2802,0.0,8.12256,2.581405659934927
ARG,1991,,,,,,,0.5231,0.0,8.19,2.593270965655745
ARG,1992,,,,,,,0.5866,0.0,8.257999,2.6052898400731546
ARG,1993,,,,,,,0.8604,0.0,8.325999,2.6173645956138967
ARG,1994,,,,,,,0.9708,0.0,8.394,2.629495492916588
ARG,1995,,,,,,,0.9906,0.0,8.462,2.6416824345704804
ARG,1996,,,,,,,0.9946,0.0,8.53,2.6539258591304193
ARG,1997,,,,,,,1.024,0.0,8.598,2.6662260283781354
ARG,1998,,,,,,,1.084,0.0,8.665999,2.6785830231649874
ARG,1999,,,,,,,1.1,0.0,8.734,2.69099765413585
ARG,2000,,,,,,,1.089,0.0,8.802,2.703469640298237
ARG,2001,,,,,,,1.033,0.0,8.87,2.7159994304645023
ARG,2002,,,,,,,0.6224,0.0,9.395,2.8147121483378306
ARG,2003,,,,,,,0.5917,0.0,9.92,2.9170125697138323
ARG,2004,0.0,,5.0,6.0,5.0,5.333333333333333,0.9817,0.0,10.01,2.934919425729044
ARG,2005,0.0,,5.0,6.0,5.0,5.333333333333333,0.9858,0.0,10.099999,2.952936006933839
ARG,2006,1.0,0.3333333333333333,6.0,7.0,7.0,6.666666666666667,0.9172,0.0,10.19,2.9710635905370504
ARG,2007,0.0,0.25,6.0,7.0,7.0,6.666666666666667,0.8816,0.0,10.299999,2.9933702663674904
ARG,2008,1.0,0.4,5.0,6.0,6.0,5.666666666666667,0.8942,0.0,10.41,3.015844830352325
ARG,2009,0.0,0.4,5.0,6.0,6.0,5.666666666666667,0.9195,0.0,10.54,3.0426230841510975
ARG,2010,0.0,0.4,5.0,6.0,6.0,5.666666666666667,0.9092,0.0,10.6,3.055062345171177
ARG,2011,0.0,0.2,5.0,6.0,6.0,5.666666666666667,0.9075,0.0,10.7,3.0759075625338648
ARG,2012,0.0,0.2,5.0,6.0,5.0,5.333333333333333,0.9318,0.0,10.79,3.0947898376430865
ARG,2013,1.0,0.2,5.0,6.0,5.0,5.333333333333333,0.7734,0.0,10.89,3.1159061225396867
ARG,2014,0.0,0.2,4.0,5.0,5.0,4.666666666666667,0.8348,0.0,10.91,3.120146637763087
ARG,2015,0.0,0.2,4.0,5.0,5.0,4.666666666666667,0.8095,0.0,10.92,3.1222690590182087
ARG,2016,1.0,0.4,7.0,7.0,6.0,6.666666666666667,0.8095,1.0,10.93,3.124392924010599
ARG,2017,1.0,0.6,7.0,7.0,6.0,6.666666666666667,0.8095,1.0,11.015,3.1425042062947965
ARG,2018,2.0,0.8,7.0,7.0,7.0,7.0,0.8095,1.0,11.1,3.160720474908804
ARG,2019,2.0,1.2,7.0,7.0,7.0,7.0,0.8095,1.0,11.12,3.1650219791145346
ARG,2020,,,6.0,6.0,6.0,6.0,0.8095,1.0,11.14,3.16932933734582
ARG,2021,,,6.0,6.0,6.0,6.0,0.8095,1.0,11.184582,3.1789519786154767
ARG,2022,,,5.0,5.0,4.0,4.666666666666667,0.8095,1.0,11.184582,3.1789519786154767
ARG,2023,,,5.0,5.0,4.0,4.666666666666667,0.8095,1.0,11.184582,3.1789519786154767
ARG,2024,,,6.0,7.0,6.0,6.333333333333333,,,,
ARG,2025,,,6.0,7.0,6.0,6.333333333333333,,,,
ARM,1960,,,,,,,,0.0,,
ARM,1961,,,,,,,,0.0,,
ARM,1962,,,,,,,,0.0,,
ARM,1963,,,,,,,,0.0,,
ARM,1964,,,,,,,,0.0,,
ARM,1965,,,,,,,,0.0,,
ARM,1966,,,,,,,,0.0,,
ARM,1967,,,,,,,,0.0,,
ARM,1968,,,,,,,,0.0,,
ARM,1969,,,,,,,,0.0,,
ARM,1970,,,,,,,,0.0,,
ARM,1971,,,,,,,,0.0,,
ARM,1972,,,,,,,,0.0,,
ARM,1973,,,,,,,,0.0,,
ARM,1974,,,,,,,,0.0,,
ARM,1975,,,,,,,,0.0,,
ARM,1976,,,,,,,,0.0,,
ARM,1977,,,,,,,,0.0,,
ARM,1978,,,,,,,,0.0,,
ARM,1979,,,,,,,,0.0,,
ARM,1980,,,,,,,,0.0,,
ARM,1981,,,,,,,,0.0,,
ARM,1982,,,,,,,,0.0,,
ARM,1983,,,,,,,,0.0,,
ARM,1984,,,,,,,,0.0,,
ARM,1985,,,,,,,,0.0,,
ARM,1986,,,,,,,,0.0,,
ARM,1987,,,,,,,,0.0,,
ARM,1988,,,,,,,,0.0,,
ARM,1989,,,,,,,,0.0,,
ARM,1990,,,,,,,,0.0,9.78342,2.8900464076332577
ARM,1991,,,,,,,0.1369,0.0,9.853301,2.9038123235574886
ARM,1992,,,,,,,0.3842,0.0,9.9231825,2.9176439087156174
ARM,1993,,,,,,,0.02488,0.0,9.993064,2.931541377177028
ARM,1994,,,,,,,0.5031,0.0,10.062945,2.945504942613221
ARM,1995,,,,,,,0.4892,0.0,10.132828,2.9595354220275722
ARM,1996,,,,,,,0.4137,0.0,10.20465,2.974024838838824
ARM,1997,,,,,,,0.4128,0.0,10.276473,2.988585396764318
ARM,1998,,,,,,,0.3997,0.0,10.348295,3.003217037652086
ARM,1999,,,,,,,0.521,0.0,10.420118,3.0179205179554454
ARM,2000,,,,,,,0.4187,0.0,10.4919405,3.032695882063279
ARM,2001,,,,,,,0.4232,0.0,10.49,3.032295732112131
ARM,2002,,,,,,,0.4568,0.0,10.559999,3.046763659459467
ARM,2003,,,,,,,0.4629,0.0,10.63,3.0613010336540016
ARM,2004,0.0,,5.0,6.0,5.0,5.333333333333333,0.5848,0.0,10.7,3.0759075625338648
ARM,2005,0.0,,5.0,6.0,5.0,5.333333333333333,0.7411,0.0,10.7699995,3.09058367914866
ARM,2006,5.0,1.6666666666666667,6.0,6.0,5.0,5.666666666666667,0.7974,0.0,10.84,3.105330031266515
ARM,2007,2.0,1.75,6.0,6.0,5.0,5.666666666666667,0.8541,0.0,10.91,3.120146637763087
ARM,2008,2.0,1.8,4.0,5.0,5.0,4.666666666666667,0.9151,0.0,10.98,3.135033939427601
ARM,2009,2.0,2.2,4.0,5.0,5.0,4.666666666666667,0.9183,0.0,11.049999,3.1499920593717525
ARM,2010,2.0,2.6,4.0,5.0,5.0,4.666666666666667,0.9046,0.0,11.12,3.1650219791145346
ARM,2011,5.0,2.6,4.0,5.0,5.0,4.666666666666667,0.8694,0.0,11.19,3.1801233965952442
ARM,2012,3.0,2.8,4.0,5.0,5.0,4.666666666666667,0.8125,0.0,11.285,3.2007334926732747
ARM,2013,1.0,2.6,4.0,5.0,5.0,4.666666666666667,0.8494,0.0,11.38,3.2214771609456423
ARM,2014,0.0,2.2,4.0,5.0,5.0,4.666666666666667,0.9925,0.0,11.474999,3.2423550466016726
ARM,2015,2.0,2.2,4.0,5.0,5.0,4.666666666666667,1.071,0.0,11.57,3.263368682361623
ARM,2016,3.0,1.8,5.0,5.0,5.0,5.0,1.071,1.0,11.68974,3.2900485450408934
ARM,2017,2.0,1.6,5.0,5.0,5.0,5.0,1.071,1.0,11.19,3.1801233965952442
ARM,2018,5.0,2.4,6.0,6.0,5.0,5.666666666666667,1.071,1.0,11.236667,3.1902310894282238
ARM,2019,3.0,3.0,6.0,6.0,5.0,5.666666666666667,1.071,1.0,11.283333,3.2003706908907477
ARM,2020,,,5.0,5.0,5.0,5.0,1.071,1.0,11.33,3.210542737651519
ARM,2021,,,5.0,5.0,5.0,5.0,1.071,1.0,11.344978,3.213814354066373
ARM,2022,,,5.0,5.0,5.0,5.0,1.071,1.0,11.344978,3.213814354066373
ARM,2023,,,5.0,5.0,5.0,5.0,1.071,1.0,11.344978,3.213814354066373
ARM,2024,,,5.0,6.0,5.0,5.333333333333333,,,,
ARM,2025,,,5.0,6.0,5.0,5.333333333333333,,,,
ATG,2000,,,,,,,,,9.202074,2.7780271902743463
ATG,2001,,,,,,,,,9.328779,2.802065915261983
ATG,2002,,,,,,,,,9.45723,2.8266482336498515
ATG,2003,,,,,,,,,9.587449,2.851789043787925
ATG,2004,0.0,,,,,,,,9.719461,2.87750427707918
ATG,2005,0.0,,,,,,,,9.853291,2.9038103489657794
ATG,2006,0.0,0.0,,,,,,,9.988963,2.9307239780747807
ATG,2007,0.0,0.0,,,,,,,10.126504,2.95826300070152
ATG,2008,1.0,0.2,,,,,,,10.265939,2.9864454037244412
ATG,2009,0.0,0.2,,,,,,,10.407293,3.015289736790601
ATG,2010,0.0,0.2,,,,,,,10.550594,3.044815755176441
ATG,2011,0.0,0.2,,,,,,,10.695868,3.0750434277368295
ATG,2012,0.0,0.2,,,,,,,10.843142,3.105993574542152
ATG,2013,0.0,0.0,,,,,,,10.992444,3.1376879027897937
ATG,2014,0.0,0.0,,,,,,,11.143802,3.1701488290048636
ATG,2015,0.0,0.0,,,,,,,11.29516,3.2029455794839725
ATG,2016,0.0,0.0,,,,,,,11.446518,3.2360816284944773
ATG,2017,0.0,0.0,,,,,,,11.597876,3.2695604862467427
ATG,2018,0.0,0.0,,,,,,,11.749233,3.303385474635764
ATG,2019,1.0,0.2,,,,,,,11.7153225,3.2957769275214317
ATG,2020,,,,,,,,,11.681411,3.288185681253083
ATG,2021,,,,,,,,,11.6475,3.2806120316348713
ATG,2022,,,,,,,,,11.6475,3.2806120316348713
ATG,2023,,,,,,,,,11.6475,3.2806120316348713
AUS,1960,,,,,,,1.425,0.0,,
AUS,1961,,,,,,,1.476,0.0,,
AUS,1962,,,,,,,1.508,0.0,,
AUS,1963,,,,,,,1.565,0.0,,
AUS,1964,,,,,,,1.642,0.0,,
AUS,1965,,,,,,,1.732,0.0,,
AUS,1966,,,,,,,1.81,0.0,,
AUS,1967,,,,,,,1.856,0.0,,
AUS,1968,,,,,,,1.86,0.0,,
AUS,1969,,,,,,,1.874,0.0,,
AUS,1970,,,,,,,1.89,0.0,,
AUS,1971,,,,,,,1.901,0.0,,
AUS,1972,,,,,,,1.912,0.0,,
AUS,1973,,,,,,,1.907,0.0,,
AUS,1974,,,,,,,1.947,0.0,,
AUS,1975,,,,,,,2.011,0.0,,
AUS,1976,,,,,,,2.019,0.0,,
AUS,1977,,,,,,,2.016,0.0,,
AUS,1978,,,,,,,2.04,0.0,,
AUS,1979,,,,,,,1.995,0.0,,
AUS,1980,,,,,,,2.122,0.0,,
AUS,1981,,,,,,,2.163,0.0,,
AUS,1982,,,,,,,2.143,0.0,,
AUS,1983,,,,,,,2.136,0.0,,
AUS,1984,,,,,,,2.327,0.0,,
AUS,1985,,,,,,,2.31,0.0,,
AUS,1986,,,,,,,2.345,0.0,,
AUS,1987,,,,,,,2.356,0.0,,
AUS,1988,,,,,,,2.361,0.0,,
AUS,1989,,,,,,,2.356,0.0,,
AUS,1990,,,,,,,2.361,0.0,11.225357,3.1877784897455377
AUS,1991,,,,,,,2.337,0.0,11.247407,3.192561829987082
AUS,1992,,,,,,,2.326,0.0,11.269457,3.1973523477486268
AUS,1993,,,,,,,2.337,0.0,11.291507,3.2021500538002177
AUS,1994,,,,,,,2.345,0.0,11.313557,3.2069549589280615
AUS,1995,,,,,,,2.36,0.0,11.335607,3.2117670739345483
AUS,1996,,,,,,,2.381,0.0,11.325583,3.2095785766800238
AUS,1997,,,,,,,2.374,0.0,11.315561,3.207392006872247
AUS,1998,,,,,,,2.395,0.0,11.305538,3.205206708741337
AUS,1999,,,,,,,2.416,0.0,11.295516,3.203023117329075
AUS,2000,,,,,,,2.394,0.0,11.285493,3.200840795861489
AUS,2001,,,,,,,2.372,0.0,11.3416195,3.2130804733761122
AUS,2002,,,,,,,2.388,0.0,11.397747,3.225367173451225
AUS,2003,,,,,,,2.417,0.0,11.453874,3.237700747328041
AUS,2004,0.0,,,,,,2.442,0.0,11.51,3.2500812629055806
AUS,2005,0.0,,,,,,2.427,0.0,11.55,3.25893351754929
AUS,2006,2.0,0.6666666666666666,,,,,2.381,0.0,11.64,3.2789393460698117
AUS,2007,0.0,0.5,,,,,2.406,0.0,11.71,3.2945843028144037
AUS,2008,0.0,0.4,,,,,2.345,0.0,11.94,3.346516653702718
AUS,2009,1.0,0.6,,,,,2.33,0.0,11.99,3.357914175132127
AUS,2010,0.0,0.6,,,,,2.375,0.0,12.03,3.3670601345545124
AUS,2011,0.0,0.2,,,,,2.396,0.0,12.12,3.387729727017029
AUS,2012,1.0,0.4,,,,,2.404,0.0,12.3,3.4294503482050787
AUS,2013,0.0,0.4,,,,,2.3,0.0,12.02,3.3647713119508964
AUS,2014,0.0,0.2,,,,,2.291,0.0,12.17,3.3992676113774736
AUS,2015,0.0,0.2,,,,,2.218,0.0,12.25,3.41781001679809
AUS,2016,0.0,0.2,,,,,2.218,1.0,12.35,3.4411303240962825
AUS,2017,2.0,0.4,,,,,2.218,1.0,12.32,3.43411757367258
AUS,2018,0.0,0.4,,,,,2.218,1.0,12.46,3.46696648570308
AUS,2019,1.0,0.6,,,,,2.218,1.0,12.56,3.490622196067834
AUS,2020,,,,,,,2.218,1.0,12.64,3.5096629246392053
AUS,2021,,,,,,,2.218,1.0,12.78,3.543234462652938
AUS,2022,,,,,,,2.218,1.0,12.87,3.5649855479960793
AUS,2023,,,,,,,2.218,1.0,12.87,3.5649855479960793
AUT,1960,,,,,,,1.186,0.0,,
AUT,1961,,,,,,,1.206,0.0,,
AUT,1962,,,,,,,1.24,0.0,,
AUT,1963,,,,,,,1.292,0.0,,
AUT,1964,,,,,,,1.306,0.0,,
AUT,1965,,,,,,,1.32,0.0,,
AUT,1966,,,,,,,1.346,0.0,,
AUT,1967,,,,,,,1.353,0.0,,
AUT,1968,,,,,,,1.333,0.0,,
AUT,1969,,,,,,,1.358,0.0,,
AUT,1970,,,,,,,1.358,0.0,,
AUT,1971,,,,,,,1.407,0.0,,
AUT,1972,,,,,,,1.423,0.0,,
AUT,1973,,,,,,,1.446,0.0,,
AUT,1974,,,,,,,1.486,0.0,,
AUT,1975,,,,,,,1.512,0.0,,
AUT,1976,,,,,,,1.496,0.0,,
AUT,1977,,,,,,,1.526,0.0,,
AUT,1978,,,,,,,1.586,0.0,,
AUT,1979,,,,,,,1.597,0.0,,
AUT,1980,,,,,,,1.629,0.0,,
AUT,1981,,,,,,,1.627,0.0,,
AUT,1982,,,,,,,1.611,0.0,,
AUT,1983,,,,,,,1.603,0.0,,
AUT,1984,,,,,,,1.858,0.0,,
AUT,1985,,,,,,,1.872,0.0,,
AUT,1986,,,,,,,1.898,0.0,,
AUT,1987,,,,,,,1.916,0.0,,
AUT,1988,,,,,,,1.897,0.0,,
AUT,1989,,,,,,,1.883,0.0,,
AUT,1990,,,,,,,1.906,0.0,10.200078,2.9731003701267866
AUT,1991,,,,,,,1.922,0.0,10.29,2.9913356699075426
AUT,1992,,,,,,,1.952,0.0,10.380714,3.0098449084457566
AUT,1993,,,,,,,1.937,0.0,10.471429,3.0284688809932794
AUT,1994,,,,,,,1.929,0.0,10.562143,3.0472078856084295
AUT,1995,,,,,,,1.937,0.0,10.652857,3.066062840001426
AUT,1996,,,,,,,2.021,0.0,10.743571,3.0850344616250505
AUT,1997,,,,,,,2.026,0.0,10.834286,3.1041236834518116
AUT,1998,,,,,,,2.042,0.0,10.925,3.1233308109858813
AUT,1999,,,,,,,2.024,0.0,11.015715,3.142656998563656
AUT,2000,,,,,,,2.002,0.0,11.106429,3.162102555481713
AUT,2001,,,,,,,2.031,0.0,11.197144,3.181668650405904
AUT,2002,,,,,,,2.159,0.0,11.287857,3.201355378780114
AUT,2003,,,,,,,2.164,0.0,11.3785715,3.2211642482952825
AUT,2004,0.0,,,,,,2.169,0.0,11.469286,3.241095688179886
AUT,2005,0.0,,,,,,2.154,0.0,11.56,3.2611503459774673
AUT,2006,1.0,0.3333333333333333,,,,,2.303,0.0,11.545,3.2578256684983344
AUT,2007,0.0,0.25,,,,,2.349,0.0,11.53,3.2545043804613205
AUT,2008,1.0,0.4,,,,,2.365,0.0,11.47,3.2412530536779123
AUT,2009,0.0,0.4,,,,,2.328,0.0,11.67,3.2856352097946684
AUT,2010,0.0,0.4,,,,,2.324,0.0,11.71,3.2945843028144037
AUT,2011,0.0,0.2,,,,,2.338,0.0,11.71,3.2945843028144037
AUT,2012,0.0,0.2,,,,,2.351,0.0,11.75,3.3035577705016714
AUT,2013,0.0,0.0,,,,,2.468,0.0,11.79,3.3125556792458175
AUT,2014,0.0,0.0,,,,,2.486,0.0,12.01,3.362484045217595
AUT,2015,0.0,0.0,,,,,2.479,0.0,12.08,3.378527622694825
AUT,2016,0.0,0.0,,,,,2.479,1.0,12.11,3.385426853868266
AUT,2017,0.0,0.0,,,,,2.479,1.0,12.16,3.396956895134299
AUT,2018,0.0,0.0,,,,,2.479,1.0,12.21,3.4085262052598693
AUT,2019,0.0,0.0,,,,,2.479,1.0,12.26,3.4201349179863305
AUT,2020,,,,,,,2.479,1.0,12.310628,3.4319297215081144
AUT,2021,,,,,,,2.479,1.0,12.361465,3.4438141441635177
AUT,2022,,,,,,,2.479,1.0,12.361465,3.4438141441635177
AUT,2023,,,,,,,2.479,1.0,12.361465,3.4438141441635177
AZE,1960,,,,,,,,0.0,,
AZE,1961,,,,,,,,0.0,,
AZE,1962,,,,,,,,0.0,,
AZE,1963,,,,,,,,0.0,,
AZE,1964,,,,,,,,0.0,,
AZE,1965,,,,,,,,0.0,,
AZE,1966,,,,,,,,0.0,,
AZE,1967,,,,,,,,0.0,,
AZE,1968,,,,,,,,0.0,,
AZE,1969,,,,,,,,0.0,,
AZE,1970,,,,,,,,0.0,,
AZE,1971,,,,,,,,0.0,,
AZE,1972,,,,,,,,0.0,,
AZE,1973,,,,,,,,0.0,,
AZE,1974,,,,,,,,0.0,,
AZE,1975,,,,,,,,0.0,,
AZE,1976,,,,,,,,0.0,,
AZE,1977,,,,,,,,0.0,,
AZE,1978,,,,,,,,0.0,,
AZE,1979,,,,,,,,0.0,,
AZE,1980,,,,,,,,0.0,,
AZE,1981,,,,,,,,0.0,,
AZE,1982,,,,,,,,0.0,,
AZE,1983,,,,,,,,0.0,,
AZE,1984,,,,,,,,0.0,,
AZE,1985,,,,,,,,0.0,,
AZE,1986,,,,,,,,0.0,,
AZE,1987,,,,,,,,0.0,,
AZE,1988,,,,,,,,0.0,,
AZE,1989,,,,,,,,0.0,,
AZE,1990,,,,,,,,0.0,,
AZE,1991,,,,,,,-0.06761,0.0,,
AZE,1992,,,,,,,-0.02704,0.0,,
AZE,1993,,,,,,,0.1218,0.0,,
AZE,1994,,,,,,,-0.8844,0.0,,
AZE,1995,,,,,,,-0.4809,0.0,10.102757,2.9534898642990126
AZE,1996,,,,,,,-0.615,0.0,10.141841,2.9613498298891447
AZE,1997,,,,,,,-0.5158,0.0,10.181075,2.9692609990956553
AZE,1998,,,,,,,-0.4722,0.0,10.220462,2.977224277665613
AZE,1999,,,,,,,-0.2253,0.0,10.26,2.9852395652817787
AZE,2000,,,,,,,-0.246,0.0,10.3,2.9933704699166754
AZE,2001,,,,,,,-0.2588,0.0,10.34,3.0015235207173108
AZE,2002,,,,,,,-0.2019,0.0,10.38,3.009698778003253
AZE,2003,,,,,,,-0.1479,0.0,10.42,3.017896302258362
AZE,2004,2.0,,4.0,3.0,3.0,3.3333333333333335,0.1541,0.0,10.46,3.02611615413124
AZE,2005,0.0,,4.0,3.0,3.0,3.3333333333333335,0.1676,0.0,10.5,3.034358394435676
AZE,2006,0.0,0.6666666666666666,4.0,4.0,5.0,4.333333333333333,0.1411,0.0,10.54,3.0426230841510975
AZE,2007,2.0,1.0,4.0,4.0,5.0,4.333333333333333,0.128,0.0,10.58,3.050910284423024
AZE,2008,6.0,2.0,4.0,4.0,5.0,4.333333333333333,0.216,0.0,10.59,3.0529856089468
AZE,2009,1.0,1.8,4.0,4.0,5.0,4.333333333333333,0.0868,0.0,10.59,3.0529856089468
AZE,2010,1.0,2.0,4.0,4.0,4.0,4.0,0.05228,0.0,10.61,3.057140494056436
AZE,2011,0.0,2.0,4.0,4.0,4.0,4.0,0.08381,0.0,10.61,3.057140494056436
AZE,2012,0.0,1.6,4.0,4.0,3.0,3.6666666666666665,0.1256,0.0,10.61,3.057140494056436
AZE,2013,2.0,0.8,4.0,4.0,3.0,3.6666666666666665,0.1744,0.0,10.57,3.048836370640217
AZE,2014,2.0,1.0,3.0,5.0,4.0,4.0,0.1317,0.0,10.57,3.048836370640217
AZE,2015,4.0,1.6,3.0,5.0,4.0,4.0,0.05768,0.0,10.57,3.048836370640217
AZE,2016,1.0,1.8,4.0,5.0,4.0,4.333333333333333,0.05768,1.0,10.65,3.0654672354348316
AZE,2017,3.0,2.4,4.0,5.0,4.0,4.333333333333333,0.05768,1.0,10.64,3.0633834262901414
AZE,2018,6.0,3.2,5.0,5.0,4.0,4.666666666666667,0.05768,1.0,10.64,3.0633834262901414
AZE,2019,5.0,3.8,5.0,5.0,4.0,4.666666666666667,0.05768,1.0,10.64,3.0633834262901414
AZE,2020,,,5.0,5.0,5.0,5.0,0.05768,1.0,10.7475,3.085858806568272
AZE,2021,,,5.0,5.0,5.0,5.0,0.05768,1.0,10.8550005,3.108499189529433
AZE,2022,,,5.0,5.0,5.0,5.0,0.05768,1.0,10.9625,3.1313054679202197
AZE,2023,,,5.0,5.0,5.0,5.0,0.05768,1.0,11.07,3.1542791774971914
AZE,2024,,,4.0,5.0,5.0,4.666666666666667,,,,
AZE,2025,,,4.0,5.0,5.0,4.666666666666667,,,,
BDI,1960,,,,,,,,0.0,,
BDI,1961,,,,,,,,0.0,,
BDI,1962,,,,,,,-1.489,0.0,,
BDI,1963,,,,,,,-1.481,0.0,,
BDI,1964,,,,,,,-1.375,0.0,,
BDI,1965,,,,,,,-1.33,0.0,,
BDI,1966,,,,,,,-1.339,0.0,,
BDI,1967,,,,,,,-1.346,0.0,,
BDI,1968,,,,,,,-1.33,0.0,,
BDI,1969,,,,,,,-1.308,0.0,,
BDI,1970,,,,,,,-1.32,0.0,,
BDI,1971,,,,,,,-1.331,0.0,,
BDI,1972,,,,,,,-1.36,0.0,,
BDI,1973,,,,,,,-1.292,0.0,,
BDI,1974,,,,,,,-1.246,0.0,,
BDI,1975,,,,,,,-1.21,0.0,,
BDI,1976,,,,,,,-0.9377,0.0,,
BDI,1977,,,,,,,-0.9215,0.0,,
BDI,1978,,,,,,,-0.8409,0.0,,
BDI,1979,,,,,,,-0.77,0.0,,
BDI,1980,,,,,,,-0.703,0.0,,
BDI,1981,,,,,,,-0.536,0.0,,
BDI,1982,,,,,,,-0.4754,0.0,,
BDI,1983,,,,,,,-0.4283,0.0,,
BDI,1984,,,,,,,-0.6078,0.0,,
BDI,1985,,,,,,,-0.6385,0.0,,
BDI,1986,,,,,,,-0.6577,0.0,,
BDI,1987,,,,,,,-0.5869,0.0,,
BDI,1988,,,,,,,-0.5652,0.0,,
BDI,1989,,,,,,,-0.5705,0.0,,
BDI,1990,,,,,,,-0.4377,0.0,1.46,1.2160890344698805
BDI,1991,,,,,,,-0.3864,0.0,1.513889,1.2249023493463633
BDI,1992,,,,,,,-0.4699,0.0,1.5677779,1.2337795200851571
BDI,1993,,,,,,,-0.4582,0.0,1.6216667,1.2427210092267431
BDI,1994,,,,,,,-0.6169,0.0,1.6755556,1.2517273162074414
BDI,1995,,,,,,,-0.5974,0.0,1.7294445,1.260798894125726
BDI,1996,,,,,,,-0.5138,0.0,1.7833334,1.2699362160162497
BDI,1997,,,,,,,-0.5025,0.0,1.8372222,1.2791397412013916
BDI,1998,,,,,,,-0.5191,0.0,1.8911111,1.288409983753772
BDI,1999,,,,,,,-0.5237,0.0,1.945,1.2977474100502044
BDI,2000,,,,,,,-0.5504,0.0,1.998889,1.3071525245037676
BDI,2001,,,,,,,-0.4704,0.0,2.0527778,1.3166257649928303
BDI,2002,,,,,,,-0.5082,0.0,2.1066668,1.3261676958157083
BDI,2003,,,,,,,-0.5225,0.0,2.1605556,1.3357787437047506
BDI,2004,0.0,,2.0,2.0,2.0,2.0,-0.7315,0.0,2.2144444,1.3454594451088175
BDI,2005,2.0,,2.0,2.0,2.0,2.0,-0.8267,0.0,2.2683334,1.3552103411428822
BDI,2006,2.0,1.3333333333333333,6.0,3.0,3.0,4.0,-0.8067,0.0,2.3222222,1.365031867884595
BDI,2007,0.0,1.0,6.0,3.0,3.0,4.0,-0.7431,0.0,2.3761113,1.374924628802842
BDI,2008,0.0,0.8,5.0,4.0,3.0,4.0,-0.7167,0.0,2.43,1.3848890110469336
BDI,2009,0.0,0.8,5.0,4.0,3.0,4.0,-0.577,0.0,2.3633335,1.372572462499172
BDI,2010,0.0,0.4,5.0,4.0,4.0,4.333333333333333,-0.6082,0.0,2.2966666,1.360365378599426
BDI,2011,3.0,0.6,5.0,4.0,4.0,4.333333333333333,-0.5215,0.0,2.23,1.3482669135852308
BDI,2012,3.0,1.2,5.0,4.0,4.0,4.333333333333333,-0.5095,0.0,2.1633334,1.3362760467634054
BDI,2013,5.0,2.2,5.0,4.0,4.0,4.333333333333333,-0.4551,0.0,2.0966666,1.324391785711334
BDI,2014,0.0,2.2,4.0,4.0,4.0,4.0,-0.4924,0.0,2.03,1.3126132533136536
BDI,2015,0.0,2.2,4.0,4.0,4.0,4.0,-0.6417,0.0,2.2866666,1.3585437097827924
BDI,2016,0.0,1.6,4.0,4.0,4.0,4.0,-0.6417,1.0,2.5433333,1.406081365903258
BDI,2017,1.0,1.2,4.0,4.0,4.0,4.0,-0.6417,1.0,2.8,1.4552824420028934
BDI,2018,2.0,0.6,4.0,4.0,4.0,4.0,-0.6417,1.0,2.955112,1.4858470415655622
BDI,2019,1.0,0.8,4.0,4.0,4.0,4.0,-0.6417,1.0,3.118817,1.51880141039553
BDI,2020,,,4.0,4.0,4.0,4.0,-0.6417,1.0,3.2915907,1.5543744065777707
BDI,2021,,,4.0,4.0,4.0,4.0,-0.6417,1.0,3.4739356,1.592822134709488
BDI,2022,,,4.0,4.0,4.0,4.0,-0.6417,1.0,3.4739356,1.592822134709488
BDI,2023,,,4.0,4.0,4.0,4.0,-0.6417,1.0,3.4739356,1.592822134709488
BDI,2024,,,3.0,4.0,4.0,3.6666666666666665,,,,
BDI,2025,,,3.0,4.0,4.0,3.6666666666666665,,,,
BEL,1960,,,,,,,1.398,0.0,,
BEL,1961,,,,,,,1.489,0.0,,
BEL,1962,,,,,,,1.517,0.0,,
BEL,1963,,,,,,,1.51,0.0,,
BEL,1964,,,,,,,1.506,0.0,,
BEL,1965,,,,,,,1.585,0.0,,
BEL,1966,,,,,,,1.612,0.0,,
BEL,1967,,,,,,,1.635,0.0,,
BEL,1968,,,,,,,1.66,0.0,,
BEL,1969,,,,,,,1.666,0.0,,
BEL,1970,,,,,,,1.669,0.0,,
BEL,1971,,,,,,,1.697,0.0,,
BEL,1972,,,,,,,1.73,0.0,,
BEL,1973,,,,,,,1.754,0.0,,
BEL,1974,,,,,,,1.795,0.0,,
BEL,1975,,,,,,,1.857,0.0,,
BEL,1976,,,,,,,1.86,0.0,,
BEL,1977,,,,,,,1.903,0.0,,
BEL,1978,,,,,,,1.956,0.0,,
BEL,1979,,,,,,,1.975,0.0,,
BEL,1980,,,,,,,1.904,0.0,,
BEL,1981,,,,,,,1.973,0.0,,
BEL,1982,,,,,,,1.988,0.0,,
BEL,1983,,,,,,,1.979,0.0,,
BEL,1984,,,,,,,2.188,0.0,,
BEL,1985,,,,,,,2.312,0.0,,
BEL,1986,,,,,,,2.352,0.0,,
BEL,1987,,,,,,,2.379,0.0,,
BEL,1988,,,,,,,2.37,0.0,,
BEL,1989,,,,,,,2.351,0.0,,
BEL,1990,,,,,,,2.391,0.0,9.4046955,2.816568483036881
BEL,1991,,,,,,,2.424,0.0,9.545249,2.8436172804015802
BEL,1992,,,,,,,2.306,0.0,9.685802,2.8709257421464898
BEL,1993,,,,,,,2.345,0.0,9.826356,2.89849665571944
BEL,1994,,,,,,,2.488,0.0,9.96691,2.9263323463516095
BEL,1995,,,,,,,2.523,0.0,10.107464,2.9544353568274797
BEL,1996,,,,,,,2.425,0.0,10.194276,2.971927606363133
BEL,1997,,,,,,,2.348,0.0,10.281089,2.989523625098942
BEL,1998,,,,,,,2.341,0.0,10.367902,3.007223825334559
BEL,1999,,,,,,,2.308,0.0,10.454714,3.025028618199887
BEL,2000,,,,,,,2.297,0.0,10.541527,3.042939034364883
BEL,2001,,,,,,,2.381,0.0,10.638674,3.0631072195860494
BEL,2002,,,,,,,2.384,0.0,10.735822,3.0834092864621208
BEL,2003,,,,,,,2.369,0.0,10.832969,3.103845702998811
BEL,2004,2.0,,,,,,2.371,0.0,10.930116,3.124417569319185
BEL,2005,0.0,,,,,,2.354,0.0,11.027264,3.1451259970345107
BEL,2006,0.0,0.6666666666666666,,,,,2.343,0.0,11.05,3.14999227357122
BEL,2007,2.0,1.0,,,,,2.341,0.0,11.115001,3.163946269707514
BEL,2008,1.0,1.0,,,,,2.505,0.0,11.18,3.177961647763462
BEL,2009,0.0,0.6,,,,,2.454,0.0,11.32,3.2083603106991765
BEL,2010,1.0,0.8,,,,,2.442,0.0,11.42,3.2302515065237243
BEL,2011,0.0,0.8,,,,,2.449,0.0,11.47,3.2412530536779123
BEL,2012,0.0,0.4,,,,,2.444,0.0,11.5,3.247871958895301
BEL,2013,0.0,0.2,,,,,2.53,0.0,11.54,3.2567181960520295
BEL,2014,0.0,0.2,,,,,2.519,0.0,11.64,3.2789393460698117
BEL,2015,0.0,0.0,,,,,2.379,0.0,11.89,3.3351578180430925
BEL,2016,0.0,0.0,,,,,2.379,1.0,11.99,3.357914175132127
BEL,2017,0.0,0.0,,,,,2.379,1.0,12.24,3.415486696005262
BEL,2018,1.0,0.2,,,,,2.379,1.0,12.309999,3.431782934149283
BEL,2019,0.0,0.2,,,,,2.379,1.0,12.38,3.4481573951329083
BEL,2020,,,,,,,2.379,1.0,12.533869,3.4844251889489626
BEL,2021,,,,,,,2.379,1.0,12.689651,3.5215325134435753
BEL,2022,,,,,,,2.379,1.0,12.689651,3.5215325134435753
BEL,2023,,,,,,,2.379,1.0,12.689651,3.5215325134435753
BEN,1960,,,,,,,-0.913,0.0,,
BEN,1961,,,,,,,-0.8437,0.0,,
BEN,1962,,,,,,,-0.8177,0.0,,
BEN,1963,,,,,,,-0.8147,0.0,,
BEN,1964,,,,,,,-0.7986,0.0,,
BEN,1965,,,,,,,-0.7773,0.0,,
BEN,1966,,,,,,,-0.8028,0.0,,
BEN,1967,,,,,,,-0.7801,0.0,,
BEN,1968,,,,,,,-0.7819,0.0,,
BEN,1969,,,,,,,-0.7913,0.0,,
BEN,1970,,,,,,,-0.8007,0.0,,
BEN,1971,,,,,,,-0.7873,0.0,,
BEN,1972,,,,,,,-0.7772,0.0,,
BEN,1973,,,,,,,-0.7866,0.0,,
BEN,1974,,,,,,,-0.8029,0.0,,
BEN,1975,,,,,,,-0.7782,0.0,,
BEN,1976,,,,,,,-0.9237,0.0,,
BEN,1977,,,,,,,-0.9524,0.0,,
BEN,1978,,,,,,,-0.9291,0.0,,
BEN,1979,,,,,,,-0.9942,0.0,,
BEN,1980,,,,,,,-1.105,0.0,,
BEN,1981,,,,,,,-0.8051,0.0,,
BEN,1982,,,,,,,-0.8049,0.0,,
BEN,1983,,,,,,,-0.7384,0.0,,
BEN,1984,,,,,,,-0.7775,0.0,,
BEN,1985,,,,,,,-0.8264,0.0,,
BEN,1986,,,,,,,-0.716,0.0,,
BEN,1987,,,,,,,-0.7125,0.0,,
BEN,1988,,,,,,,-0.6831,0.0,,
BEN,1989,,,,,,,-0.6781,0.0,,
BEN,1990,,,,,,,-0.6467,0.0,1.4525739,1.2148795093309794
BEN,1991,,,,,,,-0.6754,0.0,1.5292625,1.227428309113372
BEN,1992,,,,,,,-0.5774,0.0,1.61,1.2407797343277567
BEN,1993,,,,,,,-0.1832,0.0,1.695,1.2549930064268835
BEN,1994,,,,,,,-0.2511,0.0,1.78,1.2693690931643984
BEN,1995,,,,,,,-0.2427,0.0,1.865,1.2839098596003866
BEN,1996,,,,,,,-0.2263,0.0,1.95,1.2986171921594074
BEN,1997,,,,,,,-0.2658,0.0,2.035,1.313492998875227
BEN,1998,,,,,,,-0.2484,0.0,2.1200001,1.3285392274407792
BEN,1999,,,,,,,-0.3399,0.0,2.205,1.3437577764464095
BEN,2000,,,,,,,-0.387,0.0,2.29,1.3591506736573704
BEN,2001,,,,,,,-0.3978,0.0,2.375,1.3747198982457056
BEN,2002,,,,,,,-0.3216,0.0,2.46,1.3904674700614528
BEN,2003,,,,,,,-0.3218,0.0,2.4726834,1.3928326840067802
BEN,2004,0.0,,5.0,5.0,5.0,5.0,-0.4153,0.0,2.4853666,1.3952018838385707
BEN,2005,0.0,,5.0,5.0,5.0,5.0,-0.1647,0.0,2.49805,1.397575151119722
BEN,2006,0.0,0.0,5.0,6.0,5.0,5.333333333333333,-0.1587,0.0,2.5107334,1.3999524553776383
BEN,2007,0.0,0.0,5.0,6.0,5.0,5.333333333333333,-0.09372,0.0,2.5234168,1.4023338034793011
BEN,2008,0.0,0.0,6.0,6.0,6.0,6.0,-0.1098,0.0,2.5361,1.4047191646568977
BEN,2009,0.0,0.0,6.0,6.0,6.0,6.0,-0.08211,0.0,2.5487833,1.4071086021744463
BEN,2010,0.0,0.0,6.0,5.0,5.0,5.333333333333333,-0.1282,0.0,2.5614667,1.4095021230299223
BEN,2011,3.0,0.6,6.0,5.0,5.0,5.333333333333333,-0.06258,0.0,2.57415,1.4118996963944566
BEN,2012,3.0,1.2,7.0,5.0,6.0,6.0,-0.07417,0.0,2.5868332,1.414301329097087
BEN,2013,4.0,2.0,7.0,5.0,6.0,6.0,0.0728,0.0,2.5995166,1.4167070849299275
BEN,2014,4.0,2.8,6.0,5.0,5.0,5.333333333333333,-0.01856,0.0,2.6122,1.419116933003232
BEN,2015,0.0,2.8,6.0,5.0,5.0,5.333333333333333,0.122,0.0,2.6248834,1.4215308802779865
BEN,2016,2.0,2.6,7.0,5.0,5.0,5.666666666666667,0.122,1.0,2.6375666,1.4239488955651862
BEN,2017,2.0,2.4,7.0,5.0,5.0,5.666666666666667,0.122,1.0,2.65025,1.4263710621082664
BEN,2018,1.0,1.8,7.0,6.0,6.0,6.333333333333333,0.122,1.0,2.8418949,1.4634752516196174
BEN,2019,1.0,1.2,7.0,6.0,6.0,6.333333333333333,0.122,1.0,3.03354,1.501544672630003
BEN,2020,,,6.0,6.0,6.0,6.0,0.122,1.0,3.1138701,1.5177949539492144
BEN,2021,,,6.0,6.0,6.0,6.0,0.122,1.0,3.1942,1.5342210608089946
BEN,2022,,,6.0,6.0,6.0,6.0,0.122,1.0,3.1942,1.5342210608089946
BEN,2023,,,6.0,6.0,6.0,6.0,0.122,1.0,3.1942,1.5342210608089946
BEN,2024,,,6.0,6.0,6.0,6.0,,,,
BEN,2025,,,6.0,6.0,6.0,6.0,,,,
BFA,1960,,,,,,,-0.5893,0.0,,
BFA,1961,,,,,,,-0.6406,0.0,,
BFA,1962,,,,,,,-0.5175,0.0,,
BFA,1963,,,,,,,-0.5035,0.0,,
BFA,1964,,,,,,,-0.4867,0.0,,
BFA,1965,,,,,,,-0.515,0.0,,
BFA,1966,,,,,,,-0.5004,0.0,,
BFA,1967,,,,,,,-0.6626,0.0,,
BFA,1968,,,,,,,-0.5642,0.0,,
BFA,1969,,,,,,,-0.5431,0.0,,
BFA,1970,,,,,,,-0.4725,0.0,,
BFA,1971,,,,,,,-0.48,0.0,,
BFA,1972,,,,,,,-0.4471,0.0,,
BFA,1973,,,,,,,-0.7852,0.0,,
BFA,1974,,,,,,,-0.9031,0.0,,
BFA,1975,,,,,,,-0.8408,0.0,,
BFA,1976,,,,,,,-0.8283,0.0,,
BFA,1977,,,,,,,-0.8211,0.0,,
BFA,1978,,,,,,,-0.7543,0.0,,
BFA,1979,,,,,,,-0.7563,0.0,,
BFA,1980,,,,,,,-0.6516,0.0,,
BFA,1981,,,,,,,-0.6301,0.0,,
BFA,1982,,,,,,,-0.6493,0.0,,
BFA,1983,,,,,,,-0.5557,0.0,,
BFA,1984,,,,,,,-0.3686,0.0,,
BFA,1985,,,,,,,-0.3063,0.0,,
BFA,1986,,,,,,,-0.2832,0.0,,
BFA,1987,,,,,,,-0.1393,0.0,,
BFA,1988,,,,,,,-0.338,0.0,,
BFA,1989,,,,,,,-0.2927,0.0,,
BFA,1990,,,,,,,-0.1711,0.0,,
BFA,1991,,,,,,,-0.322,0.0,,
BFA,1992,,,,,,,-0.2426,0.0,,
BFA,1993,,,,,,,-0.159,0.0,,
BFA,1994,,,,,,,-0.002386,0.0,,
BFA,1995,,,,,,,0.03576,0.0,,
BFA,1996,,,,,,,0.07562,0.0,,
BFA,1997,,,,,,,0.07293,0.0,,
BFA,1998,,,,,,,0.09238,0.0,,
BFA,1999,,,,,,,0.1852,0.0,,
BFA,2000,,,,,,,0.2311,0.0,,
BFA,2001,,,,,,,0.2107,0.0,,
BFA,2002,,,,,,,0.1635,0.0,,
BFA,2003,,,,,,,0.1572,0.0,,
BFA,2004,0.0,,5.0,5.0,5.0,5.0,0.1657,0.0,,
BFA,2005,0.0,,5.0,5.0,5.0,5.0,0.2196,0.0,1.3436242,1.1972720087215514
BFA,2006,2.0,0.6666666666666666,4.0,4.0,5.0,4.333333333333333,0.2884,0.0,1.32,1.1934878659897636
BFA,2007,3.0,1.25,4.0,4.0,5.0,4.333333333333333,0.2757,0.0,0.98,1.1403326293745868
BFA,2008,4.0,1.8,4.0,4.0,5.0,4.333333333333333,0.2635,0.0,1.0242857,1.1471198054201919
BFA,2009,3.0,2.4,4.0,4.0,5.0,4.333333333333333,0.2365,0.0,1.0685714,1.1539473782390604
BFA,2010,2.0,2.8,4.0,4.0,5.0,4.333333333333333,0.228,0.0,1.1128571,1.16081558826982
BFA,2011,3.0,3.0,4.0,4.0,5.0,4.333333333333333,0.2616,0.0,1.1571429,1.167724693029681
BFA,2012,0.0,2.4,5.0,5.0,5.0,5.0,0.2784,0.0,1.2014285,1.1746748888854022
BFA,2013,1.0,1.8,5.0,5.0,5.0,5.0,0.3291,0.0,1.2457143,1.1816664833712964
BFA,2014,2.0,1.6,4.0,5.0,5.0,4.666666666666667,0.2543,0.0,1.29,1.1886996754796646
BFA,2015,0.0,1.2,4.0,5.0,5.0,4.666666666666667,0.1683,0.0,1.4475,1.2140537903299549
BFA,2016,0.0,0.6,5.0,5.0,5.0,5.0,0.1683,1.0,1.6049999,1.2399486737212697
BFA,2017,0.0,0.6,5.0,5.0,5.0,5.0,0.1683,1.0,1.7624999,1.2663958930908792
BFA,2018,1.0,0.6,5.0,5.0,5.0,5.0,0.1683,1.0,1.92,1.2934072300869464
BFA,2019,1.0,0.4,5.0,5.0,5.0,5.0,0.1683,1.0,2.1,1.3249834913472487
BFA,2020,,,4.0,5.0,5.0,4.666666666666667,0.1683,1.0,2.183275,1.339851584509517
BFA,2021,,,4.0,5.0,5.0,4.666666666666667,0.1683,1.0,2.26655,1.3548865176329812
BFA,2022,,,4.0,5.0,5.0,4.666666666666667,0.1683,1.0,2.26655,1.3548865176329812
BFA,2023,,,4.0,5.0,5.0,4.666666666666667,0.1683,1.0,2.26655,1.3548865176329812
BFA,2024,,,5.0,5.0,3.0,4.333333333333333,,,,
BFA,2025,,,5.0,5.0,3.0,4.333333333333333,,,,
BGD,1960,,,,,,,,0.0,,
BGD,1961,,,,,,,,0.0,,
BGD,1962,,,,,,,,0.0,,
BGD,1963,,,,,,,,0.0,,
BGD,1964,,,,,,,,0.0,,
BGD,1965,,,,,,,,0.0,,
BGD,1966,,,,,,,,0.0,,
BGD,1967,,,,,,,,0.0,,
BGD,1968,,,,,,,,0.0,,
BGD,1969,,,,,,,,0.0,,
BGD,1970,,,,,,,,0.0,,
BGD,1971,,,,,,,,0.0,,
BGD,1972,,,,,,,0.06167,0.0,,
BGD,1973,,,,,,,-0.6764,0.0,,
BGD,1974,,,,,,,-0.6177,0.0,,
BGD,1975,,,,,,,-0.5086,0.0,,
BGD,1976,,,,,,,-0.5409,0.0,,
BGD,1977,,,,,,,-0.5255,0.0,,
BGD,1978,,,,,,,-0.464,0.0,,
BGD,1979,,,,,,,-0.531,0.0,,
BGD,1980,,,,,,,-0.4497,0.0,,
BGD,1981,,,,,,,-0.4286,0.0,,
BGD,1982,,,,,,,-0.4513,0.0,,
BGD,1983,,,,,,,-0.464,0.0,,
BGD,1984,,,,,,,-0.7662,0.0,,
BGD,1985,,,,,,,-0.7538,0.0,,
BGD,1986,,,,,,,-0.6568,0.0,,
BGD,1987,,,,,,,-0.6523,0.0,,
BGD,1988,,,,,,,-0.6319,0.0,,
BGD,1989,,,,,,,-0.6234,0.0,,
BGD,1990,,,,,,,-0.5306,0.0,3.2970977,1.5555218618419624
BGD,1991,,,,,,,-0.4875,0.0,3.4015832,1.577453990307055
BGD,1992,,,,,,,-0.445,0.0,3.5060687,1.5996953514938528
BGD,1993,,,,,,,-0.3065,0.0,3.6105542,1.6222503054386528
BGD,1994,,,,,,,-0.1724,0.0,3.7150397,1.6451232736522174
BGD,1995,,,,,,,-0.1948,0.0,3.8195252,1.6683187399865376
BGD,1996,,,,,,,-0.1836,0.0,3.9124012,1.689211345925495
BGD,1997,,,,,,,-0.1649,0.0,4.005277,1.7100677284313217
BGD,1998,,,,,,,-0.08762,0.0,4.098153,1.7261844507997683
BGD,1999,,,,,,,-0.1146,0.0,4.191029,1.7424530670000107
BGD,2000,,,,,,,-0.2326,0.0,4.283905,1.7588750085722595
BGD,2001,,,,,,,-0.3471,0.0,4.4,1.77962025205266
BGD,2002,,,,,,,-0.4147,0.0,4.48,1.7940578329680892
BGD,2003,,,,,,,-0.399,0.0,4.56,1.808612542098062
BGD,2004,0.0,,4.0,7.0,4.0,5.0,-0.2777,0.0,4.64,1.8232853296723117
BGD,2005,0.0,,4.0,7.0,4.0,5.0,-0.1817,0.0,4.72,1.8380771536295273
BGD,2006,0.0,0.0,2.0,5.0,4.0,3.6666666666666665,-0.05711,0.0,4.7999997,1.8529889235343338
BGD,2007,0.0,0.0,2.0,5.0,4.0,3.6666666666666665,-0.01751,0.0,4.88,1.8680217813681634
BGD,2008,2.0,0.4,4.0,5.0,5.0,4.666666666666667,-0.08542,0.0,4.96,1.8831765401371645
BGD,2009,0.0,0.4,4.0,5.0,5.0,4.666666666666667,-0.1525,0.0,5.04,1.8984542453919278
BGD,2010,0.0,0.4,3.0,4.0,4.0,3.6666666666666665,-0.07403,0.0,5.12,1.913855894564256
BGD,2011,0.0,0.4,3.0,4.0,4.0,3.6666666666666665,-0.07967,0.0,5.2,1.929382493177849
BGD,2012,1.0,0.6,3.0,4.0,4.0,3.6666666666666665,-0.1066,0.0,5.3,1.9489679966587057
BGD,2013,0.0,0.2,3.0,4.0,4.0,3.6666666666666665,-0.1742,0.0,5.06,1.9022929988032606
BGD,2014,0.0,0.2,3.0,5.0,4.0,4.0,-0.004775,0.0,5.19,1.9274348006100561
BGD,2015,0.0,0.2,3.0,5.0,4.0,4.0,0.01227,0.0,5.99,2.0896362337692365
BGD,2016,0.0,0.2,3.0,4.0,4.0,3.6666666666666665,0.01227,1.0,6.11,2.115116724787065
BGD,2017,1.0,0.2,3.0,4.0,4.0,3.6666666666666665,0.01227,1.0,6.27,2.1495746814742724
BGD,2018,0.0,0.2,3.0,4.0,5.0,4.0,0.01227,1.0,6.39,2.1757860466287995
BGD,2019,1.0,0.4,3.0,4.0,5.0,4.0,0.01227,1.0,6.55,2.211232384165047
BGD,2020,,,3.0,5.0,5.0,4.333333333333333,0.01227,1.0,7.1,2.3375421170320294
BGD,2021,,,3.0,5.0,5.0,4.333333333333333,0.01227,1.0,6.79,2.2654875734832665
BGD,2022,,,2.0,4.0,5.0,3.6666666666666665,0.01227,1.0,6.79,2.2654875734832665
BGD,2023,,,2.0,4.0,5.0,3.6666666666666665,0.01227,1.0,6.79,2.2654875734832665
BGD,2024,,,5.0,5.0,6.0,5.333333333333333,,,,
BGD,2025,,,5.0,5.0,6.0,5.333333333333333,,,,
BGR,1960,,,,,,,0.4931,0.0,,
BGR,1961,,,,,,,0.5259,0.0,,
BGR,1962,,,,,,,0.5466,0.0,,
BGR,1963,,,,,,,0.5484,0.0,,
BGR,1964,,,,,,,0.5508,0.0,,
BGR,1965,,,,,,,0.5315,0.0,,
BGR,1966,,,,,,,0.542,0.0,,
BGR,1967,,,,,,,0.5314,0.0,,
BGR,1968,,,,,,,0.535,0.0,,
BGR,1969,,,,,,,0.5495,0.0,,
BGR,1970,,,,,,,0.6367,0.0,,
BGR,1971,,,,,,,0.7791,0.0,,
BGR,1972,,,,,,,0.7951,0.0,,
BGR,1973,,,,,,,0.7962,0.0,,
BGR,1974,,,,,,,0.818,0.0,,
BGR,1975,,,,,,,0.8409,0.0,,
BGR,1976,,,,,,,0.8394,0.0,,
BGR,1977,,,,,,,1.05,0.0,,
BGR,1978,,,,,,,1.076,0.0,,
BGR,1979,,,,,,,1.074,0.0,,
BGR,1980,,,,,,,1.099,0.0,,
BGR,1981,,,,,,,1.127,0.0,,
BGR,1982,,,,,,,1.154,0.0,,
BGR,1983,,,,,,,1.165,0.0,,
BGR,1984,,,,,,,1.345,0.0,,
BGR,1985,,,,,,,1.267,0.0,,
BGR,1986,,,,,,,1.641,0.0,,
BGR,1987,,,,,,,1.657,0.0,,
BGR,1988,,,,,,,1.698,0.0,,
BGR,1989,,,,,,,1.587,0.0,,
BGR,1990,,,,,,,1.867,0.0,6.8106613,2.270220109431895
BGR,1991,,,,,,,1.735,0.0,7.084813,2.3339593400567407
BGR,1992,,,,,,,1.579,0.0,7.37,2.402164005372764
BGR,1993,,,,,,,1.394,0.0,7.6666665,2.475229988871555
BGR,1994,,,,,,,1.457,0.0,7.963333,2.550518400952535
BGR,1995,,,,,,,1.457,0.0,8.26,2.605644360770028
BGR,1996,,,,,,,1.412,0.0,8.556666,2.65874255675389
BGR,1997,,,,,,,1.245,0.0,8.853333,2.712922979900149
BGR,1998,,,,,,,1.49,0.0,9.15,2.768207503270347
BGR,1999,,,,,,,1.488,0.0,9.446667,2.8246186264544417
BGR,2000,,,,,,,1.479,0.0,9.743333,2.882179111555647
BGR,2001,,,,,,,1.51,0.0,10.04,2.9409127724927377
BGR,2002,,,,,,,1.479,0.0,10.116,2.956150750721794
BGR,2003,,,,,,,1.487,0.0,10.192,2.971467682663005
BGR,2004,0.0,,7.0,7.0,7.0,7.0,1.456,0.0,10.268,2.9868639774053296
BGR,2005,1.0,,7.0,7.0,7.0,7.0,1.425,0.0,10.344,3.002340046157371
BGR,2006,2.0,1.0,7.0,8.0,6.0,7.0,1.496,0.0,10.42,3.017896302258362
BGR,2007,3.0,1.5,7.0,8.0,6.0,7.0,1.501,0.0,10.54,3.0426230841510975
BGR,2008,5.0,2.2,7.0,7.0,7.0,7.0,1.508,0.0,10.59,3.0529856089468
BGR,2009,0.0,2.2,7.0,7.0,7.0,7.0,1.332,0.0,10.64,3.0633834262901414
BGR,2010,0.0,2.0,7.0,7.0,6.0,6.666666666666667,1.269,0.0,10.72,3.0800936427082157
BGR,2011,0.0,1.6,7.0,7.0,6.0,6.666666666666667,1.271,0.0,10.78,3.0926860959067435
BGR,2012,2.0,1.4,6.0,7.0,6.0,6.333333333333333,1.345,0.0,10.9,3.118025659263826
BGR,2013,0.0,0.4,6.0,7.0,6.0,6.333333333333333,1.23,0.0,11.01,3.1414359364808155
BGR,2014,0.0,0.4,5.0,6.0,6.0,5.666666666666667,1.197,0.0,11.05,3.14999227357122
BGR,2015,1.0,0.6,5.0,6.0,6.0,5.666666666666667,1.165,0.0,11.19,3.1801233965952442
BGR,2016,1.0,0.8,6.0,6.0,6.0,6.0,1.165,1.0,11.23,3.1887851068196564
BGR,2017,0.0,0.4,6.0,6.0,6.0,6.0,1.165,1.0,11.24,3.1909542181065484
BGR,2018,1.0,0.6,6.0,6.0,7.0,6.333333333333333,1.165,1.0,11.296666,3.203273603530733
BGR,2019,2.0,1.0,6.0,6.0,7.0,6.333333333333333,1.165,1.0,11.353333,3.2156407693341493
BGR,2020,,,6.0,6.0,7.0,6.333333333333333,1.165,1.0,11.41,3.228055682164183
BGR,2021,,,6.0,6.0,7.0,6.333333333333333,1.165,1.0,11.454531,3.2378453980778126
BGR,2022,,,5.0,6.0,6.0,5.666666666666667,1.165,1.0,11.454531,3.2378453980778126
BGR,2023,,,5.0,6.0,6.0,5.666666666666667,1.165,1.0,11.454531,3.2378453980778126
BGR,2024,,,6.0,7.0,6.0,6.333333333333333,,,,
BGR,2025,,,6.0,7.0,6.0,6.333333333333333,,,,
BHR,1960,,,,,,,,0.0,,
BHR,1961,,,,,,,,0.0,,
BHR,1962,,,,,,,,0.0,,
BHR,1963,,,,,,,,0.0,,
BHR,1964,,,,,,,,0.0,,
BHR,1965,,,,,,,,0.0,,
BHR,1966,,,,,,,,0.0,,
BHR,1967,,,,,,,,0.0,,
BHR,1968,,,,,,,,0.0,,
BHR,1969,,,,,,,,0.0,,
BHR,1970,,,,,,,,0.0,,
BHR,1971,,,,,,,0.1975,0.0,,
BHR,1972,,,,,,,0.2558,0.0,,
BHR,1973,,,,,,,0.2694,0.0,,
BHR,1974,,,,,,,0.7319,0.0,,
BHR,1975,,,,,,,0.06721,0.0,,
BHR,1976,,,,,,,0.2393,0.0,,
BHR,1977,,,,,,,0.1743,0.0,,
BHR,1978,,,,,,,0.2318,0.0,,
BHR,1979,,,,,,,0.2614,0.0,,
BHR,1980,,,,,,,-0.6363,0.0,,
BHR,1981,,,,,,,-0.5738,0.0,,
BHR,1982,,,,,,,-0.534,0.0,,
BHR,1983,,,,,,,-0.5953,0.0,,
BHR,1984,,,,,,,-0.2232,0.0,,
BHR,1985,,,,,,,-0.1802,0.0,,
BHR,1986,,,,,,,-0.1616,0.0,,
BHR,1987,,,,,,,-0.1336,0.0,,
BHR,1988,,,,,,,-0.1412,0.0,,
BHR,1989,,,,,,,-0.1273,0.0,,
BHR,1990,,,,,,,0.2132,0.0,5.1103077,1.9119832950643265
BHR,1991,,,,,,,0.1969,0.0,5.39,1.9667648800399147
BHR,1992,,,,,,,0.28,0.0,5.685,2.026246364773485
BHR,1993,,,,,,,0.3801,0.0,5.98,2.087526766633356
BHR,1994,,,,,,,0.4405,0.0,6.275,2.150660490832204
BHR,1995,,,,,,,0.2871,0.0,6.57,2.2157035879765523
BHR,1996,,,,,,,0.3282,0.0,6.8650002,2.282713849939746
BHR,1997,,,,,,,0.2863,0.0,7.16,2.351750630574992
BHR,1998,,,,,,,0.2749,0.0,7.455,2.4228753596411683
BHR,1999,,,,,,,0.2788,0.0,7.75,2.496151136109637
BHR,2000,,,,,,,0.2869,0.0,8.045,2.5678269590247487
BHR,2001,,,,,,,0.3464,0.0,8.34,2.6198576912997065
BHR,2002,,,,,,,0.3801,0.0,8.305555,2.6137284843240103
BHR,2003,,,,,,,0.3842,0.0,8.2711115,2.607613882721394
BHR,2004,0.0,,5.0,5.0,6.0,5.333333333333333,0.428,0.0,8.236667,2.601513408820559
BHR,2005,0.0,,5.0,5.0,6.0,5.333333333333333,-0.241,0.0,8.202222,2.5954271186431717
BHR,2006,0.0,0.0,5.0,5.0,6.0,5.333333333333333,0.01168,0.0,8.167778,2.589355243533745
BHR,2007,0.0,0.0,5.0,5.0,6.0,5.333333333333333,0.003332,0.0,8.133333,2.5832973976156524
BHR,2008,0.0,0.0,4.0,4.0,5.0,4.333333333333333,-0.004452,0.0,8.098888,2.5772537241434845
BHR,2009,0.0,0.0,4.0,4.0,5.0,4.333333333333333,0.0458,0.0,8.064445,2.571224539647046
BHR,2010,1.0,0.2,3.0,4.0,5.0,4.0,-0.08681,0.0,8.03,2.565209110856077
BHR,2011,0.0,0.2,3.0,4.0,5.0,4.0,-0.4619,0.0,8.245,2.602987958517501
BHR,2012,0.0,0.2,3.0,4.0,5.0,4.0,0.3461,0.0,8.46,2.641323190188551
BHR,2013,1.0,0.4,3.0,4.0,5.0,4.0,-0.2734,0.0,8.675,2.6802229999562694
BHR,2014,1.0,0.6,3.0,4.0,5.0,4.0,0.5058,0.0,8.889999,2.719695517645956
BHR,2015,0.0,0.4,3.0,4.0,5.0,4.0,0.4698,0.0,9.105,2.759749735294938
BHR,2016,4.0,1.2,3.0,3.0,4.0,3.3333333333333335,0.4698,1.0,9.32,2.800393659562994
BHR,2017,1.0,1.4,3.0,3.0,4.0,3.3333333333333335,0.4698,1.0,9.59,2.852283780839055
BHR,2018,4.0,2.0,2.0,3.0,4.0,3.0,0.4698,1.0,10.5,3.034358394435676
BHR,2019,8.0,3.4,2.0,3.0,4.0,3.0,0.4698,1.0,10.75,3.086383447158575
BHR,2020,,,3.0,6.0,4.0,4.333333333333333,0.4698,1.0,11.0,3.139300486179397
BHR,2021,,,3.0,6.0,4.0,4.333333333333333,0.4698,1.0,11.075,3.1553518147555413
BHR,2022,,,3.0,6.0,4.0,4.333333333333333,0.4698,1.0,11.15,3.1714852142102763
BHR,2023,,,3.0,6.0,4.0,4.333333333333333,0.4698,1.0,11.13,3.1671749259793063
BHR,2024,,,3.0,6.0,4.0,4.333333333333333,,,,
BHR,2025,,,3.0,6.0,4.0,4.333333333333333,,,,
BHS,1990,,,,,,,,,10.01,2.934919425729044
BHS,1991,,,,,,,,,10.113,2.9555477574760496
BHS,1992,,,,,,,,,10.216001,2.9763212796036846
BHS,1993,,,,,,,,,10.319,2.9972404040028993
BHS,1994,,,,,,,,,10.422,3.01830676406624
BHS,1995,,,,,,,,,10.525001,3.0395213975272344
BHS,1996,,,,,,,,,10.628,3.0608847250230538
BHS,1997,,,,,,,,,10.731,3.0823984146301995
BHS,1998,,,,,,,,,10.834,3.10406331504144
BHS,1999,,,,,,,,,10.937,3.125880489054821
BHS,2000,,,,,,,,,11.04,3.1478510069383563
BHS,2001,,,,,,,,,11.122,3.165452451375144
BHS,2002,,,,,,,,,11.2039995,3.1831522073783156
BHS,2003,,,,,,,,,11.286,3.20095114995104
BHS,2004,0.0,,,,,,,,11.368,3.2188495078105923
BHS,2005,0.0,,,,,,,,11.45,3.2368479456773245
BHS,2006,0.0,0.0,,,,,,,11.532,3.2549470231560846
BHS,2007,0.0,0.0,,,,,,,11.613999,3.273147080406784
BHS,2008,0.0,0.0,,,,,,,11.696,3.29144935103194
BHS,2009,0.0,0.0,,,,,,,11.778,3.3098537363541793
BHS,2010,0.0,0.0,,,,,,,11.86,3.3283610311740164
BHS,2011,0.0,0.0,,,,,,,11.943745,3.347368986156635
BHS,2012,0.0,0.0,,,,,,,12.028081,3.36662078880961
BHS,2013,1.0,0.2,,,,,,,12.113013,3.386120544724446
BHS,2014,0.0,0.2,,,,,,,12.198545,3.405872201646524
BHS,2015,1.0,0.4,,,,,,,12.284681,3.4258797772534293
BHS,2016,0.0,0.4,,,,,,,12.371425,3.4461473606383155
BHS,2017,3.0,1.0,,,,,,,12.458781,3.4666791138277264
BHS,2018,1.0,1.0,,,,,,,12.546755,3.4874797476319537
BHS,2019,5.0,2.0,,,,,,,12.635349,3.5085531060746544
BHS,2020,,,,,,,,,12.724569,3.52990405962721
BHS,2021,,,,,,,,,12.814419,3.551537086889624
BHS,2022,,,,,,,,,12.814419,3.551537086889624
BHS,2023,,,,,,,,,12.814419,3.551537086889624
BIH,1960,,,,,,,,0.0,,
BIH,1961,,,,,,,,0.0,,
BIH,1962,,,,,,,,0.0,,
BIH,1963,,,,,,,,0.0,,
BIH,1964,,,,,,,,0.0,,
BIH,1965,,,,,,,,0.0,,
BIH,1966,,,,,,,,0.0,,
BIH,1967,,,,,,,,0.0,,
BIH,1968,,,,,,,,0.0,,
BIH,1969,,,,,,,,0.0,,
BIH,1970,,,,,,,,0.0,,
BIH,1971,,,,,,,,0.0,,
BIH,1972,,,,,,,,0.0,,
BIH,1973,,,,,,,,0.0,,
BIH,1974,,,,,,,,0.0,,
BIH,1975,,,,,,,,0.0,,
BIH,1976,,,,,,,,0.0,,
BIH,1977,,,,,,,,0.0,,
BIH,1978,,,,,,,,0.0,,
BIH,1979,,,,,,,,0.0,,
BIH,1980,,,,,,,,0.0,,
BIH,1981,,,,,,,,0.0,,
BIH,1982,,,,,,,,0.0,,
BIH,1983,,,,,,,,0.0,,
BIH,1984,,,,,,,,0.0,,
BIH,1985,,,,,,,,0.0,,
BIH,1986,,,,,,,,0.0,,
BIH,1987,,,,,,,,0.0,,
BIH,1988,,,,,,,,0.0,,
BIH,1989,,,,,,,,0.0,,
BIH,1990,,,,,,,,0.0,,
BIH,1991,,,,,,,,0.0,,
BIH,1992,,,,,,,-1.395,0.0,,
BIH,1993,,,,,,,-1.383,0.0,,
BIH,1994,,,,,,,-1.379,0.0,,
BIH,1995,,,,,,,-1.334,0.0,,
BIH,1996,,,,,,,-0.7079,0.0,,
BIH,1997,,,,,,,-0.5569,0.0,,
BIH,1998,,,,,,,-0.5334,0.0,,
BIH,1999,,,,,,,-0.1631,0.0,,
BIH,2000,,,,,,,-0.1519,0.0,6.612996,2.2253464158138705
BIH,2001,,,,,,,-0.05674,0.0,6.626102,2.2282940707003855
BIH,2002,,,,,,,0.005721,0.0,6.6392074,2.231245494785455
BIH,2003,,,,,,,-0.07552,0.0,6.652313,2.234200873226939
BIH,2004,1.0,,6.0,6.0,4.0,5.333333333333333,-0.3308,0.0,6.6654186,2.237160166191389
BIH,2005,1.0,,6.0,6.0,4.0,5.333333333333333,-0.2314,0.0,6.6785245,2.240123446739495
BIH,2006,1.0,1.0,6.0,5.0,4.0,5.0,0.1511,0.0,6.69163,2.2430905617462846
BIH,2007,0.0,0.75,6.0,5.0,4.0,5.0,0.1221,0.0,6.7962227,2.2669118634161713
BIH,2008,0.0,0.6,5.0,5.0,4.0,4.666666666666667,0.1335,0.0,6.900815,2.2909860513545808
BIH,2009,0.0,0.4,5.0,5.0,4.0,4.666666666666667,0.09795,0.0,7.005408,2.3153160664433505
BIH,2010,1.0,0.4,4.0,5.0,4.0,4.333333333333333,0.1529,0.0,7.11,2.3399042272350856
BIH,2011,0.0,0.2,4.0,5.0,4.0,4.333333333333333,0.2252,0.0,7.24,2.3708297515181673
BIH,2012,3.0,0.8,4.0,5.0,4.0,4.333333333333333,0.3559,0.0,7.89,2.5316974332375257
BIH,2013,1.0,1.0,4.0,5.0,4.0,4.333333333333333,0.3307,0.0,8.54,2.65573114244139
BIH,2014,1.0,1.2,4.0,5.0,4.0,4.333333333333333,0.3602,0.0,9.19,2.775747277123161
BIH,2015,1.0,1.2,4.0,5.0,4.0,4.333333333333333,0.2855,0.0,9.29,2.794686679596232
BIH,2016,1.0,1.4,4.0,5.0,4.0,4.333333333333333,0.2855,1.0,9.69,2.8717454050791096
BIH,2017,2.0,1.2,4.0,5.0,4.0,4.333333333333333,0.2855,1.0,9.75,2.883486060983244
BIH,2018,1.0,1.2,4.0,5.0,3.0,4.0,0.2855,1.0,9.81,2.895274716616328
BIH,2019,0.0,1.0,4.0,5.0,3.0,4.0,0.2855,1.0,10.175,2.96803465069663
BIH,2020,,,4.0,5.0,3.0,4.0,0.2855,1.0,10.54,3.0426230841510975
BIH,2021,,,4.0,5.0,3.0,4.0,0.2855,1.0,10.755,3.0874329959437925
BIH,2022,,,4.0,5.0,3.0,4.0,0.2855,1.0,10.97,3.1329028410043724
BIH,2023,,,4.0,5.0,3.0,4.0,0.2855,1.0,10.97,3.1329028410043724
BIH,2024,,,4.0,6.0,3.0,4.333333333333333,,,,
BIH,2025,,,4.0,6.0,3.0,4.333333333333333,,,,
BLR,1960,,,,,,,,0.0,,
BLR,1961,,,,,,,,0.0,,
BLR,1962,,,,,,,,0.0,,
BLR,1963,,,,,,,,0.0,,
BLR,1964,,,,,,,,0.0,,
BLR,1965,,,,,,,,0.0,,
BLR,1966,,,,,,,,0.0,,
BLR,1967,,,,,,,,0.0,,
BLR,1968,,,,,,,,0.0,,
BLR,1969,,,,,,,,0.0,,
BLR,1970,,,,,,,,0.0,,
BLR,1971,,,,,,,,0.0,,
BLR,1972,,,,,,,,0.0,,
BLR,1973,,,,,,,,0.0,,
BLR,1974,,,,,,,,0.0,,
BLR,1975,,,,,,,,0.0,,
BLR,1976,,,,,,,,0.0,,
BLR,1977,,,,,,,,0.0,,
BLR,1978,,,,,,,,0.0,,
BLR,1979,,,,,,,,0.0,,
BLR,1980,,,,,,,,0.0,,
BLR,1981,,,,,,,,0.0,,
BLR,1982,,,,,,,,0.0,,
BLR,1983,,,,,,,,0.0,,
BLR,1984,,,,,,,,0.0,,
BLR,1985,,,,,,,,0.0,,
BLR,1986,,,,,,,,0.0,,
BLR,1987,,,,,,,,0.0,,
BLR,1988,,,,,,,,0.0,,
BLR,1989,,,,,,,,0.0,,
BLR,1990,,,,,,,,0.0,,
BLR,1991,,,,,,,-0.1997,0.0,,
BLR,1992,,,,,,,1.112,0.0,,
BLR,1993,,,,,,,1.147,0.0,,
BLR,1994,,,,,,,1.011,0.0,,
BLR,1995,,,,,,,0.7244,0.0,9.960404,2.925037999846661
BLR,1996,,,,,,,0.5404,0.0,10.043565,2.9416257949890103
BLR,1997,,,,,,,0.6556,0.0,10.12742,2.9584472707261535
BLR,1998,,,,,,,0.7557,0.0,10.211976,2.975506771939915
BLR,1999,,,,,,,0.7273,0.0,10.297237,2.992808116329581
BLR,2000,,,,,,,0.7566,0.0,10.38321,3.010355806758025
BLR,2001,,,,,,,0.7418,0.0,10.469901,3.02815422730984
BLR,2002,,,,,,,0.6954,0.0,10.557316,3.0462078464143
BLR,2003,,,,,,,0.7514,0.0,10.64546,3.064521010456711
BLR,2004,0.0,,2.0,2.0,3.0,2.3333333333333335,0.8072,0.0,10.734341,3.0830987781153
BLR,2005,0.0,,2.0,2.0,3.0,2.3333333333333335,0.8968,0.0,10.823963,3.1019454649794
BLR,2006,0.0,0.0,2.0,2.0,6.0,3.3333333333333335,0.952,0.0,10.914334,3.1210663179327303
BLR,2007,3.0,0.75,2.0,2.0,6.0,3.3333333333333335,0.9671,0.0,11.00546,3.140466262065149
BLR,2008,3.0,1.2,3.0,3.0,6.0,4.0,0.9818,0.0,11.097346,3.1601501048327183
BLR,2009,5.0,2.2,3.0,3.0,6.0,4.0,0.9179,0.0,11.19,3.1801233965952442
BLR,2010,1.0,2.4,2.0,3.0,5.0,3.3333333333333335,0.9587,0.0,11.285,3.2007334926732747
BLR,2011,3.0,3.0,2.0,3.0,5.0,3.3333333333333335,0.8907,0.0,11.38,3.2214771609456423
BLR,2012,2.0,2.8,2.0,3.0,5.0,3.3333333333333335,0.9104,0.0,11.474999,3.2423550466016726
BLR,2013,2.0,2.6,2.0,3.0,5.0,3.3333333333333335,0.9156,0.0,11.57,3.263368682361623
BLR,2014,1.0,1.8,3.0,4.0,5.0,4.0,0.9564,0.0,11.665,3.2845182837115314
BLR,2015,2.0,2.0,3.0,4.0,5.0,4.0,0.9087,0.0,11.76,3.305804953741323
BLR,2016,5.0,2.4,4.0,4.0,5.0,4.333333333333333,0.9087,1.0,11.8550005,3.327229693906692
BLR,2017,1.0,2.2,4.0,4.0,5.0,4.333333333333333,0.9087,1.0,11.95,3.348793058917291
BLR,2018,3.0,2.4,4.0,4.0,5.0,4.333333333333333,0.9087,1.0,12.045,3.370496288032117
BLR,2019,0.0,2.2,4.0,4.0,5.0,4.333333333333333,0.9087,1.0,12.14,3.3923401738389884
BLR,2020,,,3.0,4.0,4.0,3.6666666666666665,0.9087,1.0,12.237297,3.414858973579303
BLR,2021,,,3.0,4.0,4.0,3.6666666666666665,0.9087,1.0,12.335373,3.4377093535874867
BLR,2022,,,2.0,3.0,4.0,3.0,0.9087,1.0,12.335373,3.4377093535874867
BLR,2023,,,2.0,3.0,4.0,3.0,0.9087,1.0,12.335373,3.4377093535874867
BLR,2024,,,3.0,4.0,4.0,3.6666666666666665,,,,
BLR,2025,,,3.0,4.0,4.0,3.6666666666666665,,,,
BLZ,1990,,,,,,,,,5.4529734,1.979313986882617
BLZ,1991,,,,,,,,,5.62,2.0129876268161686
BLZ,1992,,,,,,,,,5.792143,2.048292343828441
BLZ,1993,,,,,,,,,5.9642854,2.0842161251505633
BLZ,1994,,,,,,,,,6.1364284,2.1207700808284913
BLZ,1995,,,,,,,,,6.3085713,2.157965115055403
BLZ,1996,,,,,,,,,6.4807143,2.1958125149571535
BLZ,1997,,,,,,,,,6.652857,2.2343236325321305
BLZ,1998,,,,,,,,,6.825,2.2735102437708408
BLZ,1999,,,,,,,,,6.997143,2.3133841280965894
BLZ,2000,,,,,,,,,7.1692853,2.3539571728009383
BLZ,2001,,,,,,,,,7.3414283,2.395241972934653
BLZ,2002,,,,,,,,,7.5135713,2.4372508451720463
BLZ,2003,,,,,,,,,7.6857142,2.4799964635798326
BLZ,2004,0.0,,,,,,,,7.8578568,2.52349169770325
BLZ,2005,0.0,,,,,,,,8.03,2.565209110856077
BLZ,2006,0.0,0.0,,,,,,,8.521999,2.65248233571915
BLZ,2007,0.0,0.0,,,,,,,9.014,2.7427251323788973
BLZ,2008,1.0,0.2,,,,,,,9.506,2.8360379780665053
BLZ,2009,0.0,0.2,,,,,,,9.998,2.9325255083287813
BLZ,2010,0.0,0.2,,,,,,,10.49,3.032295732112131
BLZ,2011,1.0,0.4,,,,,,,10.176686,2.968374949440176
BLZ,2012,0.0,0.4,,,,,,,9.863372,2.905801616627456
BLZ,2013,0.0,0.2,,,,,,,9.550058,2.844547329435988
BLZ,2014,0.0,0.2,,,,,,,9.236744,2.7845842823890177
BLZ,2015,0.0,0.2,,,,,,,8.92343,2.7258852561491365
BLZ,2016,0.0,0.0,,,,,,,8.908745,2.7231646002724013
BLZ,2017,0.0,0.0,,,,,,,8.894058,2.720446289851475
BLZ,2018,0.0,0.0,,,,,,,8.879373,2.717731062506843
BLZ,2019,0.0,0.0,,,,,,,8.864686,2.7150181759381256
BLZ,2020,,,,,,,,,8.85,2.7123081818570682
BLZ,2021,,,,,,,,,8.76229,2.696179362623195
BLZ,2022,,,,,,,,,8.76229,2.696179362623195
BLZ,2023,,,,,,,,,8.76229,2.696179362623195
BOL,1960,,,,,,,-1.009,0.0,,
BOL,1961,,,,,,,-0.9917,0.0,,
BOL,1962,,,,,,,-0.9897,0.0,,
BOL,1963,,,,,,,-0.8684,0.0,,
BOL,1964,,,,,,,-1.048,0.0,,
BOL,1965,,,,,,,-1.11,0.0,,
BOL,1966,,,,,,,-1.098,0.0,,
BOL,1967,,,,,,,-1.11,0.0,,
BOL,1968,,,,,,,-1.142,0.0,,
BOL,1969,,,,,,,-1.15,0.0,,
BOL,1970,,,,,,,-0.979,0.0,,
BOL,1971,,,,,,,-1.134,0.0,,
BOL,1972,,,,,,,-1.003,0.0,,
BOL,1973,,,,,,,-0.9995,0.0,,
BOL,1974,,,,,,,-0.9711,0.0,,
BOL,1975,,,,,,,-0.9501,0.0,,
BOL,1976,,,,,,,-0.8218,0.0,,
BOL,1977,,,,,,,-0.8157,0.0,,
BOL,1978,,,,,,,-0.9067,0.0,,
BOL,1979,,,,,,,-0.7371,0.0,,
BOL,1980,,,,,,,-0.7463,0.0,,
BOL,1981,,,,,,,-0.6811,0.0,,
BOL,1982,,,,,,,-0.5369,0.0,,
BOL,1983,,,,,,,-0.5279,0.0,,
BOL,1984,,,,,,,-0.7885,0.0,,
BOL,1985,,,,,,,-0.5081,0.0,,
BOL,1986,,,,,,,-0.5863,0.0,,
BOL,1987,,,,,,,-0.6271,0.0,,
BOL,1988,,,,,,,-0.5764,0.0,,
BOL,1989,,,,,,,-0.5235,0.0,,
BOL,1990,,,,,,,-0.5057,0.0,5.9936028,2.090396754814834
BOL,1991,,,,,,,-0.4824,0.0,6.100842,2.1131612351638425
BOL,1992,,,,,,,-0.3334,0.0,6.21,2.1365876493560467
BOL,1993,,,,,,,-0.2354,0.0,6.321111,2.1606999302753196
BOL,1994,,,,,,,-0.2042,0.0,6.4322224,2.1850844165982544
BOL,1995,,,,,,,-0.01517,0.0,6.5433335,2.209744026039726
BOL,1996,,,,,,,0.04795,0.0,6.6544447,2.2346819522597947
BOL,1997,,,,,,,0.2108,0.0,6.7655554,2.2599011997414054
BOL,1998,,,,,,,0.2479,0.0,6.8766665,2.2854051484852684
BOL,1999,,,,,,,0.2186,0.0,6.9877777,2.3111969435096147
BOL,2000,,,,,,,0.2261,0.0,7.098889,2.3372798338093417
BOL,2001,,,,,,,0.207,0.0,7.21,2.3636570095628144
BOL,2002,,,,,,,0.1935,0.0,7.1480002,2.3489020828559295
BOL,2003,,,,,,,0.168,0.0,7.086,2.3342391682136863
BOL,2004,0.0,,5.0,5.0,5.0,5.0,0.2214,0.0,7.024,2.3196678330078786
BOL,2005,0.0,,5.0,5.0,5.0,5.0,0.3204,0.0,6.962,2.305187458408238
BOL,2006,1.0,0.3333333333333333,5.0,5.0,4.0,4.666666666666667,0.2804,0.0,6.9,2.2907974765991357
BOL,2007,0.0,0.25,5.0,5.0,4.0,4.666666666666667,0.2527,0.0,7.0499997,2.325767215343055
BOL,2008,0.0,0.2,6.0,4.0,5.0,5.0,0.2483,0.0,7.2,2.3612709211606364
BOL,2009,0.0,0.2,6.0,4.0,5.0,5.0,0.2857,0.0,7.48,2.429000850101483
BOL,2010,0.0,0.2,6.0,6.0,6.0,6.0,0.201,0.0,7.71,2.4860870287052355
BOL,2011,0.0,0.0,6.0,6.0,6.0,6.0,0.2861,0.0,7.94,2.5445148419928305
BOL,2012,0.0,0.0,6.0,6.0,6.0,6.0,0.3565,0.0,8.17,2.5897465143126026
BOL,2013,0.0,0.0,6.0,6.0,6.0,6.0,0.427,0.0,8.423333,2.634745634665744
BOL,2014,0.0,0.0,6.0,7.0,6.0,6.333333333333333,0.4734,0.0,8.676667,2.6805268365351766
BOL,2015,1.0,0.2,6.0,7.0,6.0,6.333333333333333,0.5021,0.0,8.93,2.7271033447225386
BOL,2016,1.0,0.4,6.0,7.0,6.0,6.333333333333333,0.5021,1.0,9.1625,2.770561479946485
BOL,2017,2.0,0.8,6.0,7.0,6.0,6.333333333333333,0.5021,1.0,9.395,2.8147121483378306
BOL,2018,1.0,1.0,6.0,7.0,6.0,6.333333333333333,0.5021,1.0,9.6275,2.8595663858553295
BOL,2019,0.0,1.0,6.0,7.0,6.0,6.333333333333333,0.5021,1.0,9.86,2.9051354043227975
BOL,2020,,,6.0,7.0,6.0,6.333333333333333,0.5021,1.0,9.83,2.89921496899522
BOL,2021,,,6.0,7.0,6.0,6.333333333333333,0.5021,1.0,10.021223,2.9371601054719676
BOL,2022,,,6.0,6.0,6.0,6.0,0.5021,1.0,10.021223,2.9371601054719676
BOL,2023,,,6.0,6.0,6.0,6.0,0.5021,1.0,10.021223,2.9371601054719676
BOL,2024,,,5.0,4.0,4.0,4.333333333333333,,,,
BOL,2025,,,5.0,4.0,4.0,4.333333333333333,,,,
BRA,1960,,,,,,,0.1474,0.0,,
BRA,1961,,,,,,,0.09052,0.0,,
BRA,1962,,,,,,,0.107,0.0,,
BRA,1963,,,,,,,0.1976,0.0,,
BRA,1964,,,,,,,0.06721,0.0,,
BRA,1965,,,,,,,0.09921,0.0,,
BRA,1966,,,,,,,0.1056,0.0,,
BRA,1967,,,,,,,0.08845,0.0,,
BRA,1968,,,,,,,0.1236,0.0,,
BRA,1969,,,,,,,0.1357,0.0,,
BRA,1970,,,,,,,0.1699,0.0,,
BRA,1971,,,,,,,0.1821,0.0,,
BRA,1972,,,,,,,0.2138,0.0,,
BRA,1973,,,,,,,0.2204,0.0,,
BRA,1974,,,,,,,0.2207,0.0,,
BRA,1975,,,,,,,0.2174,0.0,,
BRA,1976,,,,,,,0.2486,0.0,,
BRA,1977,,,,,,,0.2517,0.0,,
BRA,1978,,,,,,,0.2318,0.0,,
BRA,1979,,,,,,,0.224,0.0,,
BRA,1980,,,,,,,0.2886,0.0,,
BRA,1981,,,,,,,0.3173,0.0,,
BRA,1982,,,,,,,0.3378,0.0,,
BRA,1983,,,,,,,0.3022,0.0,,
BRA,1984,,,,,,,0.4395,0.0,,
BRA,1985,,,,,,,0.6415,0.0,,
BRA,1986,,,,,,,0.6858,0.0,,
BRA,1987,,,,,,,0.6991,0.0,,
BRA,1988,,,,,,,0.7804,0.0,,
BRA,1989,,,,,,,0.8892,0.0,,
BRA,1990,,,,,,,0.7999,0.0,3.685052,1.6385258538386656
BRA,1991,,,,,,,0.8273,0.0,3.8309946,1.6708847497352843
BRA,1992,,,,,,,0.861,0.0,3.976937,1.7038826488673173
BRA,1993,,,,,,,0.8928,0.0,4.12288,1.730500858166823
BRA,1994,,,,,,,0.907,0.0,4.2688227,1.7561977323191762
BRA,1995,,,,,,,0.9798,0.0,4.414765,1.782276117255056
BRA,1996,,,,,,,1.017,0.0,4.586248,1.813413621895209
BRA,1997,,,,,,,0.9408,0.0,4.7577305,1.8450950254958836
BRA,1998,,,,,,,0.8357,0.0,4.929213,1.8773299218695194
BRA,1999,,,,,,,0.8088,0.0,5.1006956,1.9101280001530154
BRA,2000,,,,,,,0.7947,0.0,5.272178,1.943499041251978
BRA,2001,,,,,,,0.7974,0.0,5.449134,1.9785465984906934
BRA,2002,,,,,,,0.779,0.0,5.626089,2.0142259728093492
BRA,2003,,,,,,,0.7354,0.0,5.803045,2.050548964781739
BRA,2004,0.0,,7.0,7.0,7.0,7.0,0.8976,0.0,5.98,2.087526766633356
BRA,2005,1.0,,7.0,7.0,7.0,7.0,1.035,0.0,6.15,2.123679080668142
BRA,2006,3.0,1.3333333333333333,6.0,6.0,6.0,6.0,0.9865,0.0,6.32,2.1604574895779547
BRA,2007,0.0,1.0,6.0,6.0,6.0,6.0,0.9778,0.0,6.5,2.200093809198586
BRA,2008,0.0,0.8,8.0,7.0,7.0,7.333333333333333,0.9286,0.0,6.67,2.238195587612864
BRA,2009,4.0,1.6,8.0,7.0,7.0,7.333333333333333,0.922,0.0,6.77,2.26091590752197
BRA,2010,2.0,1.8,8.0,8.0,7.0,7.666666666666667,0.9002,0.0,6.88,2.286174736236058
BRA,2011,0.0,1.2,8.0,8.0,7.0,7.666666666666667,0.9229,0.0,7.01,2.3163901405666785
BRA,2012,1.0,1.4,8.0,8.0,7.0,7.666666666666667,0.8497,0.0,7.22,2.366045509131713
BRA,2013,0.0,1.4,8.0,8.0,7.0,7.666666666666667,0.8232,0.0,7.29,2.3828327237594373
BRA,2014,2.0,1.0,7.0,7.0,7.0,7.0,0.8054,0.0,7.38,2.4045914166545375
BRA,2015,0.0,0.6,7.0,7.0,7.0,7.0,0.7382,0.0,7.51,2.4363718841544877
BRA,2016,1.0,0.8,6.0,7.0,6.0,6.333333333333333,0.7382,1.0,7.73,2.491114000034925
BRA,2017,0.0,0.6,6.0,7.0,6.0,6.333333333333333,0.7382,1.0,7.85,2.5214900084886938
BRA,2018,2.0,1.0,6.0,7.0,7.0,6.666666666666667,0.7382,1.0,7.98,2.5548154752233763
BRA,2019,1.0,0.8,6.0,7.0,7.0,6.666666666666667,0.7382,1.0,8.125778,2.5819705952555054
BRA,2020,,,4.0,7.0,6.0,5.666666666666667,0.7382,1.0,8.274219,2.608164955832531
BRA,2021,,,4.0,7.0,6.0,5.666666666666667,0.7382,1.0,8.425372,2.635110972744324
BRA,2022,,,4.0,5.0,5.0,4.666666666666667,0.7382,1.0,8.425372,2.635110972744324
BRA,2023,,,4.0,5.0,5.0,4.666666666666667,0.7382,1.0,8.425372,2.635110972744324
BRA,2024,,,6.0,7.0,6.0,6.333333333333333,,,,
BRA,2025,,,6.0,7.0,6.0,6.333333333333333,,,,
BRB,1990,,,,,,,,,8.368571,2.6249525718140525
BRB,1991,,,,,,,,,8.499071,2.64835006205886
BRB,1992,,,,,,,,,8.629571,2.6719561056145475
BRB,1993,,,,,,,,,8.760071,2.6957725614191053
BRB,1994,,,,,,,,,8.890572,2.719801489926644
BRB,1995,,,,,,,,,9.021071,2.7440442285226148
BRB,1996,,,,,,,,,9.014857,2.7428849720860757
BRB,1997,,,,,,,,,9.008642,2.7417260189548087
BRB,1998,,,,,,,,,9.002428,2.7405677418754304
BRB,1999,,,,,,,,,8.996214,2.739409954124957
BRB,2000,,,,,,,,,8.99,2.738252655496666
BRB,2001,,,,,,,,,9.095643,2.7579943312923043
BRB,2002,,,,,,,,,9.201285,2.77787814755779
BRB,2003,,,,,,,,,9.306929,2.797905697116489
BRB,2004,0.0,,,,,,,,9.412571,2.818077255186208
BRB,2005,0.0,,,,,,,,9.518214,2.838394433525201
BRB,2006,0.0,0.0,,,,,,,9.545142,2.8435965903175187
BRB,2007,0.0,0.0,,,,,,,9.572071,2.848808475245507
BRB,2008,0.0,0.0,,,,,,,9.599,2.854029912774801
BRB,2009,0.0,0.0,,,,,,,9.625928,2.8592607259841474
BRB,2010,0.0,0.0,,,,,,,9.652857,2.8645013209172285
BRB,2011,0.0,0.0,,,,,,,9.661142,2.866115578348886
BRB,2012,0.0,0.0,,,,,,,9.669428,2.8677309404828213
BRB,2013,0.0,0.0,,,,,,,9.677714,2.8693472130457853
BRB,2014,2.0,0.4,,,,,,,9.686,2.870964396550903
BRB,2015,0.0,0.4,,,,,,,9.694285,2.872582296175984
BRB,2016,0.0,0.4,,,,,,,9.733643,2.880280611643933
BRB,2017,0.0,0.4,,,,,,,9.773,2.8879993616637565
BRB,2018,0.0,0.4,,,,,,,9.812357,2.8957387968562776
BRB,2019,2.0,0.4,,,,,,,9.851714,2.9034989726548712
BRB,2020,,,,,,,,,9.891071,2.9112799446414677
BRB,2021,,,,,,,,,9.928357,2.9186707090446697
BRB,2022,,,,,,,,,9.928357,2.9186707090446697
BRB,2023,,,,,,,,,9.928357,2.9186707090446697
BRN,1990,,,,,,,,,7.51,2.4363718841544877
BRN,1991,,,,,,,,,7.62,2.4635908974317777
BRN,1992,,,,,,,,,7.73,2.491114000034925
BRN,1993,,,,,,,,,7.84,2.518944589233226
BRN,1994,,,,,,,,,7.95,2.5470861002500844
BRN,1995,,,,,,,,,8.06,2.5704474787608205
BRN,1996,,,,,,,,,8.106,2.578500426718897
BRN,1997,,,,,,,,,8.152,2.586578603735864
BRN,1998,,,,,,,,,8.198,2.5946820888517714
BRN,1999,,,,,,,,,8.244,2.602810961354294
BRN,2000,,,,,,,,,8.29,2.6109653007795064
BRN,2001,,,,,,,,,8.328,2.617720759410391
BRN,2002,,,,,,,,,8.366,2.624493696719104
BRN,2003,,,,,,,,,8.404,2.631284157928952
BRN,2004,0.0,,,,,,,,8.442,2.6380921883802504
BRN,2005,0.0,,,,,,,,8.48,2.6449178335306254
BRN,2006,0.0,0.0,,,,,,,8.538,2.6553699875651064
BRN,2007,0.0,0.0,,,,,,,8.596,2.6658634462944164
BRN,2008,1.0,0.2,,,,,,,8.654,2.6763983729459437
BRN,2009,0.0,0.2,,,,,,,8.712,2.6869749313921183
BRN,2010,1.0,0.4,,,,,,,8.77,2.6975932861529577
BRN,2011,1.0,0.6,,,,,,,8.82,2.706780713101137
BRN,2012,0.0,0.6,,,,,,,8.87,2.7159994304645023
BRN,2013,1.0,0.6,,,,,,,8.92,2.7252495448115304
BRN,2014,0.0,0.6,,,,,,,8.97,2.7345311630736444
BRN,2015,4.0,1.2,,,,,,,9.02,2.7438443925464555
BRN,2016,9.0,2.8,,,,,,,9.06,2.7513178085323133
BRN,2017,8.0,4.4,,,,,,,9.1,2.7588115798803954
BRN,2018,5.0,5.2,,,,,,,9.14,2.7663257620326545
BRN,2019,2.0,5.6,,,,,,,9.18,2.7738604105820484
BRN,2020,,,,,,,,,9.22,2.7814155812729573
BRN,2021,,,,,,,,,9.282,2.7931667834917553
BRN,2022,,,,,,,,,9.282,2.7931667834917553
BRN,2023,,,,,,,,,9.282,2.7931667834917553
BTN,1960,,,,,,,0.1844,0.0,,
BTN,1961,,,,,,,0.1892,0.0,,
BTN,1962,,,,,,,0.1923,0.0,,
BTN,1963,,,,,,,0.1885,0.0,,
BTN,1964,,,,,,,0.194,0.0,,
BTN,1965,,,,,,,0.2166,0.0,,
BTN,1966,,,,,,,0.217,0.0,,
BTN,1967,,,,,,,0.2422,0.0,,
BTN,1968,,,,,,,0.2938,0.0,,
BTN,1969,,,,,,,0.3187,0.0,,
BTN,1970,,,,,,,0.3359,0.0,,
BTN,1971,,,,,,,0.4404,0.0,,
BTN,1972,,,,,,,0.4591,0.0,,
BTN,1973,,,,,,,0.4898,0.0,,
BTN,1974,,,,,,,0.5036,0.0,,
BTN,1975,,,,,,,0.5157,0.0,,
BTN,1976,,,,,,,0.5241,0.0,,
BTN,1977,,,,,,,0.5238,0.0,,
BTN,1978,,,,,,,0.5372,0.0,,
BTN,1979,,,,,,,0.5492,0.0,,
BTN,1980,,,,,,,0.6216,0.0,,
BTN,1981,,,,,,,0.6437,0.0,,
BTN,1982,,,,,,,0.4858,0.0,,
BTN,1983,,,,,,,0.4895,0.0,,
BTN,1984,,,,,,,0.5768,0.0,,
BTN,1985,,,,,,,0.5491,0.0,,
BTN,1986,,,,,,,0.6597,0.0,,
BTN,1987,,,,,,,0.6326,0.0,,
BTN,1988,,,,,,,0.5866,0.0,,
BTN,1989,,,,,,,0.446,0.0,,
BTN,1990,,,,,,,0.3894,0.0,,
BTN,1991,,,,,,,0.331,0.0,,
BTN,1992,,,,,,,0.2812,0.0,,
BTN,1993,,,,,,,0.5135,0.0,,
BTN,1994,,,,,,,0.4521,0.0,,
BTN,1995,,,,,,,0.4889,0.0,,
BTN,1996,,,,,,,0.6124,0.0,,
BTN,1997,,,,,,,0.6142,0.0,,
BTN,1998,,,,,,,0.5136,0.0,,
BTN,1999,,,,,,,0.5237,0.0,,
BTN,2000,,,,,,,0.6865,0.0,,
BTN,2001,,,,,,,0.6809,0.0,,
BTN,2002,,,,,,,0.6908,0.0,,
BTN,2003,,,,,,,0.5571,0.0,,
BTN,2004,0.0,,,,,,0.5819,0.0,,
BTN,2005,0.0,,,,,,0.3928,0.0,,
BTN,2006,0.0,0.0,6.0,7.0,6.0,6.333333333333333,0.4755,0.0,,
BTN,2007,2.0,0.5,6.0,7.0,6.0,6.333333333333333,0.4284,0.0,,
BTN,2008,0.0,0.4,7.0,7.0,7.0,7.0,0.569,0.0,,
BTN,2009,0.0,0.4,7.0,7.0,7.0,7.0,0.6996,0.0,,
BTN,2010,0.0,0.4,7.0,7.0,7.0,7.0,0.7187,0.0,2.359933,1.3719471689965288
BTN,2011,1.0,0.6,7.0,7.0,7.0,7.0,0.7373,0.0,2.2887266,1.3589187739524158
BTN,2012,0.0,0.2,6.0,7.0,7.0,6.666666666666667,0.6724,0.0,2.22,1.3464614458545643
BTN,2013,1.0,0.4,6.0,7.0,7.0,6.666666666666667,0.6875,0.0,2.588,1.4145224740947453
BTN,2014,1.0,0.6,7.0,7.0,7.0,7.0,0.7711,0.0,2.956,1.4860238559962748
BTN,2015,0.0,0.6,7.0,7.0,7.0,7.0,0.6275,0.0,3.324,1.5611394947989543
BTN,2016,1.0,0.6,7.0,7.0,7.0,7.0,0.6275,1.0,3.692,1.6400520842158297
BTN,2017,3.0,1.2,7.0,7.0,7.0,7.0,0.6275,1.0,4.06,1.719545479845777
BTN,2018,0.0,1.0,7.0,8.0,7.0,7.333333333333333,0.6275,1.0,4.5806293,1.8123848221000964
BTN,2019,0.0,0.8,7.0,8.0,7.0,7.333333333333333,0.6275,1.0,5.1702623,1.9235962718333446
BTN,2020,,,7.0,8.0,7.0,7.333333333333333,0.6275,1.0,5.8357944,2.057342773567235
BTN,2021,,,7.0,8.0,7.0,7.333333333333333,0.6275,1.0,5.8357944,2.057342773567235
BTN,2022,,,7.0,8.0,7.0,7.333333333333333,0.6275,1.0,5.8357944,2.057342773567235
BTN,2023,,,7.0,8.0,7.0,7.333333333333333,0.6275,1.0,5.8357944,2.057342773567235
BTN,2024,,,8.0,7.0,7.0,7.333333333333333,,,,
BTN,2025,,,8.0,7.0,7.0,7.333333333333333,,,,
BWA,1960,,,,,,,,0.0,,
BWA,1961,,,,,,,,0.0,,
BWA,1962,,,,,,,,0.0,,
BWA,1963,,,,,,,,0.0,,
BWA,1964,,,,,,,,0.0,,
BWA,1965,,,,,,,,0.0,,
BWA,1966,,,,,,,0.3651,0.0,,
BWA,1967,,,,,,,0.4036,0.0,,
BWA,1968,,,,,,,0.4426,0.0,,
BWA,1969,,,,,,,0.4728,0.0,,
BWA,1970,,,,,,,0.47,0.0,,
BWA,1971,,,,,,,-0.07142,0.0,,
BWA,1972,,,,,,,-0.02669,0.0,,
BWA,1973,,,,,,,-0.000176,0.0,,
BWA,1974,,,,,,,0.2279,0.0,,
BWA,1975,,,,,,,0.3321,0.0,,
BWA,1976,,,,,,,0.3539,0.0,,
BWA,1977,,,,,,,0.4203,0.0,,
BWA,1978,,,,,,,0.4821,0.0,,
BWA,1979,,,,,,,0.5098,0.0,,
BWA,1980,,,,,,,0.3325,0.0,,
BWA,1981,,,,,,,0.4615,0.0,,
BWA,1982,,,,,,,0.4477,0.0,,
BWA,1983,,,,,,,0.4847,0.0,,
BWA,1984,,,,,,,0.4552,0.0,,
BWA,1985,,,,,,,0.7201,0.0,,
BWA,1986,,,,,,,0.7774,0.0,,
BWA,1987,,,,,,,0.9524,0.0,,
BWA,1988,,,,,,,0.9279,0.0,,
BWA,1989,,,,,,,1.003,0.0,,
BWA,1990,,,,,,,0.8939,0.0,5.52,1.9927587794264114
BWA,1991,,,,,,,0.88,0.0,5.758,2.0412410893456436
BWA,1992,,,,,,,0.8339,0.0,5.996,2.090902937099245
BWA,1993,,,,,,,0.8621,0.0,6.234,2.1417730199482374
BWA,1994,,,,,,,0.8287,0.0,6.472,2.1938807333362416
BWA,1995,,,,,,,0.7744,0.0,6.71,2.2472561878757293
BWA,1996,,,,,,,0.6735,0.0,6.89,2.288484939175754
BWA,1997,,,,,,,0.6737,0.0,7.07,2.3304700839581645
BWA,1998,,,,,,,0.7471,0.0,7.25,2.3732254992161295
BWA,1999,,,,,,,0.753,0.0,7.43,2.4167653165337755
BWA,2000,,,,,,,0.7734,0.0,7.61,2.461103926756976
BWA,2001,,,,,,,0.8635,0.0,7.744,2.4946389267668634
BWA,2002,,,,,,,0.9944,0.0,7.878,2.5286308746583246
BWA,2003,,,,,,,0.9955,0.0,8.012,2.562071215687992
BWA,2004,0.0,,9.0,8.0,9.0,8.666666666666666,0.8469,0.0,8.146,2.5855234949223744
BWA,2005,0.0,,9.0,8.0,9.0,8.666666666666666,0.8911,0.0,8.28,2.6091904478933485
BWA,2006,0.0,0.0,7.0,7.0,9.0,7.666666666666667,0.7898,0.0,8.398,2.630210812969778
BWA,2007,0.0,0.0,7.0,7.0,9.0,7.666666666666667,0.8197,0.0,8.516,2.651400523962794
BWA,2008,3.0,0.6,7.0,7.0,9.0,7.666666666666667,0.8458,0.0,8.634,2.6727609451702734
BWA,2009,0.0,0.6,7.0,7.0,9.0,7.666666666666667,0.8151,0.0,8.752,2.6942934518812587
BWA,2010,0.0,0.6,8.0,7.0,9.0,8.0,0.7508,0.0,8.87,2.7159994304645023
BWA,2011,3.0,1.2,8.0,7.0,9.0,8.0,0.7775,0.0,9.1,2.7588115798803954
BWA,2012,1.0,1.4,7.0,7.0,9.0,7.666666666666667,0.6416,0.0,9.33,2.8022985748492917
BWA,2013,1.0,1.0,7.0,7.0,9.0,7.666666666666667,0.6185,0.0,9.56,2.846471052924471
BWA,2014,0.0,1.0,7.0,8.0,9.0,8.0,0.5476,0.0,9.79,2.8913398193383775
BWA,2015,0.0,1.0,7.0,8.0,9.0,8.0,0.6213,0.0,10.02,2.9369158496457426
BWA,2016,1.0,0.6,7.0,8.0,9.0,8.0,0.6213,1.0,10.1,2.952936207733494
BWA,2017,0.0,0.4,7.0,8.0,9.0,8.0,0.6213,1.0,10.18,2.969043954049714
BWA,2018,1.0,0.4,7.0,8.0,9.0,8.0,0.6213,1.0,10.26,2.9852395652817787
BWA,2019,0.0,0.4,7.0,8.0,9.0,8.0,0.6213,1.0,10.34,3.0015235207173108
BWA,2020,,,6.0,7.0,9.0,7.333333333333333,0.6213,1.0,10.42,3.017896302258362
BWA,2021,,,6.0,7.0,9.0,7.333333333333333,0.6213,1.0,10.478,3.0298223880563424
BWA,2022,,,7.0,6.0,9.0,7.333333333333333,0.6213,1.0,10.478,3.0298223880563424
BWA,2023,,,7.0,6.0,9.0,7.333333333333333,0.6213,1.0,10.478,3.0298223880563424
BWA,2024,,,7.0,6.0,9.0,7.333333333333333,,,,
BWA,2025,,,7.0,6.0,9.0,7.333333333333333,,,,
CAF,1960,,,,,,,-1.234,0.0,,
CAF,1961,,,,,,,-1.23,0.0,,
CAF,1962,,,,,,,-1.233,0.0,,
CAF,1963,,,,,,,-1.219,0.0,,
CAF,1964,,,,,,,-1.132,0.0,,
CAF,1965,,,,,,,-1.122,0.0,,
CAF,1966,,,,,,,-1.283,0.0,,
CAF,1967,,,,,,,-1.238,0.0,,
CAF,1968,,,,,,,-1.225,0.0,,
CAF,1969,,,,,,,-1.215,0.0,,
CAF,1970,,,,,,,-1.209,0.0,,
CAF,1971,,,,,,,-1.198,0.0,,
CAF,1972,,,,,,,-1.147,0.0,,
CAF,1973,,,,,,,-1.223,0.0,,
CAF,1974,,,,,,,-1.222,0.0,,
CAF,1975,,,,,,,-1.19,0.0,,
CAF,1976,,,,,,,-1.177,0.0,,
CAF,1977,,,,,,,-1.148,0.0,,
CAF,1978,,,,,,,-1.117,0.0,,
CAF,1979,,,,,,,-1.013,0.0,,
CAF,1980,,,,,,,-0.9556,0.0,,
CAF,1981,,,,,,,-0.939,0.0,,
CAF,1982,,,,,,,-0.8644,0.0,,
CAF,1983,,,,,,,-0.8578,0.0,,
CAF,1984,,,,,,,-0.9567,0.0,,
CAF,1985,,,,,,,-0.9785,0.0,,
CAF,1986,,,,,,,-0.928,0.0,,
CAF,1987,,,,,,,-0.9121,0.0,,
CAF,1988,,,,,,,-0.8532,0.0,,
CAF,1989,,,,,,,-0.9256,0.0,,
CAF,1990,,,,,,,-0.9344,0.0,1.8677793,1.2843881103215615
CAF,1991,,,,,,,-0.9506,0.0,1.9348743,1.2959877635755792
CAF,1992,,,,,,,-0.9169,0.0,2.0019693,1.3076921764069642
CAF,1993,,,,,,,-1.006,0.0,2.0690641,1.3195022595648762
CAF,1994,,,,,,,-1.039,0.0,2.1361592,1.3314190559526917
CAF,1995,,,,,,,-1.105,0.0,2.2032542,1.3434434582814987
CAF,1996,,,,,,,-1.082,0.0,2.2812295,1.3575542741712063
CAF,1997,,,,,,,-0.8018,0.0,2.3592048,1.3718133025694836
CAF,1998,,,,,,,-0.7495,0.0,2.43718,1.3862220816463522
CAF,1999,,,,,,,-0.6919,0.0,2.5151553,1.4007822214540824
CAF,2000,,,,,,,-0.9857,0.0,2.5931304,1.4154952552946758
CAF,2001,,,,,,,-0.9767,0.0,2.6656656,1.4293205484320863
CAF,2002,,,,,,,-1.03,0.0,2.7382007,1.4432808553422336
CAF,2003,,,,,,,-1.049,0.0,2.8107357,1.457377494341247
CAF,2004,0.0,,3.0,3.0,3.0,3.0,-1.137,0.0,2.883271,1.4716118754942498
CAF,2005,0.0,,3.0,3.0,3.0,3.0,-1.258,0.0,2.955806,1.4859852258222317
CAF,2006,1.0,0.3333333333333333,3.0,4.0,4.0,3.6666666666666665,-1.452,0.0,3.0120208,1.4972210959239916
CAF,2007,0.0,0.25,3.0,4.0,4.0,3.6666666666666665,-1.4,0.0,3.0682354,1.508541882549798
CAF,2008,0.0,0.2,4.0,4.0,4.0,4.0,-1.344,0.0,3.1244502,1.5199483086305254
CAF,2009,2.0,0.6,4.0,4.0,4.0,4.0,-1.244,0.0,3.180665,1.531440981276522
CAF,2010,0.0,0.6,3.0,4.0,4.0,3.6666666666666665,-1.161,0.0,3.2368796,1.5430205112646083
CAF,2011,3.0,1.0,3.0,4.0,4.0,3.6666666666666665,-1.066,0.0,3.3565626,1.5679662357912898
CAF,2012,0.0,1.0,3.0,4.0,4.0,3.6666666666666665,-1.333,0.0,3.4762454,1.5933152104882276
CAF,2013,0.0,1.0,3.0,4.0,4.0,3.6666666666666665,-1.395,0.0,3.5959284,1.6190740400273345
CAF,2014,2.0,1.0,4.0,3.0,4.0,3.6666666666666665,-1.429,0.0,3.7156115,1.6452493298008177
CAF,2015,0.0,1.0,4.0,3.0,4.0,3.6666666666666665,-1.541,0.0,3.8352942,1.671847701342573
CAF,2016,0.0,0.4,3.0,3.0,4.0,3.3333333333333335,-1.541,1.0,3.8588684,1.6771373230088393
CAF,2017,0.0,0.4,3.0,3.0,4.0,3.3333333333333335,-1.541,1.0,3.8824422,1.6824435905285713
CAF,2018,1.0,0.6,3.0,3.0,4.0,3.3333333333333335,-1.541,1.0,3.906016,1.6877666464618728
CAF,2019,1.0,0.4,3.0,3.0,4.0,3.3333333333333335,-1.541,1.0,3.92959,1.693106589300588
CAF,2020,,,3.0,3.0,4.0,3.3333333333333335,-1.541,1.0,3.9531639,1.6984634044818203
CAF,2021,,,3.0,3.0,4.0,3.3333333333333335,-1.541,1.0,3.9894314,1.7067377631306533
CAF,2022,,,4.0,4.0,4.0,4.0,-1.541,1.0,3.9894314,1.7067377631306533
CAF,2023,,,4.0,4.0,4.0,4.0,-1.541,1.0,3.9894314,1.7067377631306533
CAF,2024,,,3.0,4.0,4.0,3.6666666666666665,,,,
CAF,2025,,,3.0,4.0,4.0,3.6666666666666665,,,,
CAN,1960,,,,,,,1.244,0.0,,
CAN,1961,,,,,,,1.225,0.0,,
CAN,1962,,,,,,,1.202,0.0,,
CAN,1963,,,,,,,1.202,0.0,,
CAN,1964,,,,,,,1.221,0.0,,
CAN,1965,,,,,,,1.402,0.0,,
CAN,1966,,,,,,,1.491,0.0,,
CAN,1967,,,,,,,1.545,0.0,,
CAN,1968,,,,,,,1.565,0.0,,
CAN,1969,,,,,,,1.625,0.0,,
CAN,1970,,,,,,,1.639,0.0,,
CAN,1971,,,,,,,1.759,0.0,,
CAN,1972,,,,,,,1.796,0.0,,
CAN,1973,,,,,,,1.788,0.0,,
CAN,1974,,,,,,,1.809,0.0,,
CAN,1975,,,,,,,1.829,0.0,,
CAN,1976,,,,,,,1.823,0.0,,
CAN,1977,,,,,,,1.842,0.0,,
CAN,1978,,,,,,,1.835,0.0,,
CAN,1979,,,,,,,1.848,0.0,,
CAN,1980,,,,,,,1.879,0.0,,
CAN,1981,,,,,,,1.899,0.0,,
CAN,1982,,,,,,,1.831,0.0,,
CAN,1983,,,,,,,1.802,0.0,,
CAN,1984,,,,,,,2.056,0.0,,
CAN,1985,,,,,,,2.135,0.0,,
CAN,1986,,,,,,,2.094,0.0,,
CAN,1987,,,,,,,2.13,0.0,,
CAN,1988,,,,,,,2.194,0.0,,
CAN,1989,,,,,,,2.168,0.0,,
CAN,1990,,,,,,,2.249,0.0,10.748729,3.0861167087370047
CAN,1991,,,,,,,2.18,0.0,10.92,3.1222690590182087
CAN,1992,,,,,,,2.215,0.0,11.094,3.159431163992353
CAN,1993,,,,,,,2.134,0.0,11.268,3.197035582559595
CAN,1994,,,,,,,2.193,0.0,11.442,3.2350875792579554
CAN,1995,,,,,,,2.14,0.0,11.616,3.273592481285437
CAN,1996,,,,,,,2.138,0.0,11.79,3.3125556792458175
CAN,1997,,,,,,,2.219,0.0,11.964,3.351982627903325
CAN,1998,,,,,,,2.157,0.0,12.138,3.3918788469462857
CAN,1999,,,,,,,2.236,0.0,12.312,3.432249921759881
CAN,2000,,,,,,,2.153,0.0,12.486,3.473101504208079
CAN,2001,,,,,,,2.122,0.0,12.66,3.514439313424888
CAN,2002,,,,,,,2.078,0.0,12.792,3.5461269219373546
CAN,2003,,,,,,,2.081,0.0,12.924,3.5781002387644882
CAN,2004,0.0,,,,,,2.093,0.0,13.056,3.610361839968193
CAN,2005,0.0,,,,,,2.144,0.0,13.188,3.642914324837187
CAN,2006,0.0,0.0,,,,,2.24,0.0,13.32,3.675760316096431
CAN,2007,0.0,0.0,,,,,2.245,0.0,13.368,3.687777599305329
CAN,2008,2.0,0.4,,,,,2.237,0.0,13.416,3.6998341710105653
CAN,2009,0.0,0.4,,,,,2.175,0.0,13.464,3.7119301596593046
CAN,2010,2.0,0.8,,,,,2.17,0.0,13.512,3.7240656941186474
CAN,2011,0.0,0.8,,,,,2.172,0.0,13.56,3.736240903677004
CAN,2012,1.0,1.0,,,,,2.177,0.0,13.594,3.7448890860928854
CAN,2013,0.0,0.6,,,,,2.148,0.0,13.628,3.7535572862380913
CAN,2014,0.0,0.6,,,,,2.128,0.0,13.662,3.7622455504471537
CAN,2015,0.0,0.2,,,,,2.095,0.0,13.696,3.7709539251618525
CAN,2016,0.0,0.2,,,,,2.095,1.0,13.73,3.7796824569314693
CAN,2017,0.0,0.0,,,,,2.095,1.0,13.757999,3.786885570254123
CAN,2018,1.0,0.2,,,,,2.095,1.0,13.785999,3.7941026688774806
CAN,2019,0.0,0.2,,,,,2.095,1.0,13.814,3.8013337804373832
CAN,2020,,,,,,,2.095,1.0,13.842,3.8085784146585007
CAN,2021,,,,,,,2.095,1.0,13.87,3.815836855803196
CAN,2022,,,,,,,2.095,1.0,13.87,3.815836855803196
CAN,2023,,,,,,,2.095,1.0,13.87,3.815836855803196
CHE,1960,,,,,,,0.7838,0.0,,
CHE,1961,,,,,,,0.8396,0.0,,
CHE,1962,,,,,,,0.8987,0.0,,
CHE,1963,,,,,,,0.8387,0.0,,
CHE,1964,,,,,,,0.902,0.0,,
CHE,1965,,,,,,,1.27,0.0,,
CHE,1966,,,,,,,1.316,0.0,,
CHE,1967,,,,,,,1.32,0.0,,
CHE,1968,,,,,,,1.333,0.0,,
CHE,1969,,,,,,,1.346,0.0,,
CHE,1970,,,,,,,1.358,0.0,,
CHE,1971,,,,,,,1.379,0.0,,
CHE,1972,,,,,,,1.354,0.0,,
CHE,1973,,,,,,,1.408,0.0,,
CHE,1974,,,,,,,1.45,0.0,,
CHE,1975,,,,,,,1.504,0.0,,
CHE,1976,,,,,,,1.56,0.0,,
CHE,1977,,,,,,,1.772,0.0,,
CHE,1978,,,,,,,1.79,0.0,,
CHE,1979,,,,,,,1.805,0.0,,
CHE,1980,,,,,,,1.842,0.0,,
CHE,1981,,,,,,,1.845,0.0,,
CHE,1982,,,,,,,1.84,0.0,,
CHE,1983,,,,,,,1.871,0.0,,
CHE,1984,,,,,,,2.081,0.0,,
CHE,1985,,,,,,,2.078,0.0,,
CHE,1986,,,,,,,2.099,0.0,,
CHE,1987,,,,,,,2.101,0.0,,
CHE,1988,,,,,,,2.121,0.0,,
CHE,1989,,,,,,,2.094,0.0,,
CHE,1990,,,,,,,2.176,0.0,10.5343,3.0414439919665077
CHE,1991,,,,,,,2.17,0.0,10.523962,3.039306656847475
CHE,1992,,,,,,,2.195,0.0,10.513624,3.0371708237128363
CHE,1993,,,,,,,2.173,0.0,10.503286,3.0350364915070913
CHE,1994,,,,,,,2.197,0.0,10.492948,3.0329036591754823
CHE,1995,,,,,,,2.195,0.0,10.48261,3.030772325663992
CHE,1996,,,,,,,2.229,0.0,10.513624,3.0371708237128363
CHE,1997,,,,,,,2.199,0.0,10.544638,3.0435828301261774
CHE,1998,,,,,,,2.234,0.0,10.575651,3.050008166022005
CHE,1999,,,,,,,2.21,0.0,10.606665,3.0564472743423488
CHE,2000,,,,,,,2.206,0.0,10.637678,3.0628997684854844
CHE,2001,,,,,,,2.166,0.0,10.751395,3.086676235379099
CHE,2002,,,,,,,2.148,0.0,10.865111,3.110637061065319
CHE,2003,,,,,,,2.139,0.0,10.978828,3.1347840997185097
CHE,2004,0.0,,,,,,2.131,0.0,11.0925455,3.1591186927465427
CHE,2005,0.0,,,,,,2.114,0.0,11.206262,3.1836419730196766
CHE,2006,1.0,0.3333333333333333,,,,,2.113,0.0,11.7396965,3.301243983050821
CHE,2007,0.0,0.25,,,,,2.121,0.0,12.273131,3.4231901476321855
CHE,2008,0.0,0.2,,,,,2.177,0.0,12.806565,3.5496408167920106
CHE,2009,0.0,0.2,,,,,2.177,0.0,13.34,3.6807627510110223
CHE,2010,0.0,0.2,,,,,2.445,0.0,13.32,3.675760316096431
CHE,2011,0.0,0.0,,,,,2.481,0.0,13.33,3.678260683139824
CHE,2012,1.0,0.2,,,,,2.463,0.0,13.41,3.698324946571515
CHE,2013,0.0,0.2,,,,,2.399,0.0,13.525001,3.727359477178288
CHE,2014,3.0,0.8,,,,,2.383,0.0,13.64,3.7566214389879606
CHE,2015,0.0,0.8,,,,,2.272,0.0,13.71,3.7745455826563132
CHE,2016,0.0,0.8,,,,,2.272,1.0,13.67,3.7642927688195065
CHE,2017,1.0,0.8,,,,,2.272,1.0,13.735,3.780967767457233
CHE,2018,0.0,0.8,,,,,2.272,1.0,13.8,3.797716632713909
CHE,2019,0.0,0.2,,,,,2.272,1.0,13.86,3.8132429687627947
CHE,2020,,,,,,,2.272,1.0,13.904489,3.8247964569755886
CHE,2021,,,,,,,2.272,1.0,13.949121,3.836422255513321
CHE,2022,,,,,,,2.272,1.0,13.949121,3.836422255513321
CHE,2023,,,,,,,2.272,1.0,13.949121,3.836422255513321
CHL,1960,,,,,,,0.723,0.0,,
CHL,1961,,,,,,,0.7151,0.0,,
CHL,1962,,,,,,,0.7214,0.0,,
CHL,1963,,,,,,,0.672,0.0,,
CHL,1964,,,,,,,0.7712,0.0,,
CHL,1965,,,,,,,0.8092,0.0,,
CHL,1966,,,,,,,0.8265,0.0,,
CHL,1967,,,,,,,0.8162,0.0,,
CHL,1968,,,,,,,0.8207,0.0,,
CHL,1969,,,,,,,0.7752,0.0,,
CHL,1970,,,,,,,0.6421,0.0,,
CHL,1971,,,,,,,0.8748,0.0,,
CHL,1972,,,,,,,0.5655,0.0,,
CHL,1973,,,,,,,0.5964,0.0,,
CHL,1974,,,,,,,0.5988,0.0,,
CHL,1975,,,,,,,0.4717,0.0,,
CHL,1976,,,,,,,0.5245,0.0,,
CHL,1977,,,,,,,0.5601,0.0,,
CHL,1978,,,,,,,0.5792,0.0,,
CHL,1979,,,,,,,0.6514,0.0,,
CHL,1980,,,,,,,0.6211,0.0,,
CHL,1981,,,,,,,0.6255,0.0,,
CHL,1982,,,,,,,0.779,0.0,,
CHL,1983,,,,,,,0.6649,0.0,,
CHL,1984,,,,,,,0.7239,0.0,,
CHL,1985,,,,,,,0.6687,0.0,,
CHL,1986,,,,,,,0.6946,0.0,,
CHL,1987,,,,,,,0.653,0.0,,
CHL,1988,,,,,,,0.6338,0.0,,
CHL,1989,,,,,,,0.7504,0.0,,
CHL,1990,,,,,,,0.8354,0.0,8.384781,2.6278475998075135
CHL,1991,,,,,,,1.022,0.0,8.464238,2.642084486962298
CHL,1992,,,,,,,1.043,0.0,8.5436945,2.656398414967976
CHL,1993,,,,,,,1.057,0.0,8.623152,2.670790072650639
CHL,1994,,,,,,,1.157,0.0,8.702608,2.6852594265973604
CHL,1995,,,,,,,1.193,0.0,8.782065,2.699807353745262
CHL,1996,,,,,,,1.235,0.0,8.855248,2.7132762797334444
CHL,1997,,,,,,,1.264,0.0,8.928432,2.726812585556739
CHL,1998,,,,,,,1.261,0.0,9.0016165,2.7404165160388083
CHL,1999,,,,,,,1.25,0.0,9.0748005,2.7540882222050347
CHL,2000,,,,,,,1.396,0.0,9.1479845,2.767828135356733
CHL,2001,,,,,,,1.411,0.0,9.285988,2.793924348347861
CHL,2002,,,,,,,1.405,0.0,9.423992,2.820266702971929
CHL,2003,,,,,,,1.42,0.0,9.5619955,2.84685732817455
CHL,2004,0.0,,9.0,8.0,9.0,8.666666666666666,1.48,0.0,9.7,2.8736988560526213
CHL,2005,0.0,,9.0,8.0,9.0,8.666666666666666,1.479,0.0,9.736667,2.880872950406481
CHL,2006,0.0,0.0,8.0,9.0,8.0,8.333333333333334,1.475,0.0,9.773334,2.8880649546501296
CHL,2007,0.0,0.0,8.0,9.0,8.0,8.333333333333334,1.541,0.0,9.81,2.895274716616328
CHL,2008,0.0,0.0,8.0,8.0,8.0,8.0,1.526,0.0,10.11,2.95494488722838
CHL,2009,0.0,0.0,8.0,8.0,8.0,8.0,1.503,0.0,9.98,2.928938292930268
CHL,2010,2.0,0.4,8.0,8.0,8.0,8.0,1.525,0.0,9.85,2.9031605837629444
CHL,2011,4.0,1.2,8.0,8.0,8.0,8.0,1.549,0.0,9.54,2.8426024835159667
CHL,2012,0.0,1.2,8.0,9.0,8.0,8.333333333333334,1.55,0.0,9.775,2.888392156286372
CHL,2013,1.0,1.4,8.0,9.0,8.0,8.333333333333334,1.531,0.0,10.01,2.934919425729044
CHL,2014,0.0,1.4,9.0,9.0,9.0,9.0,1.524,0.0,10.135,2.9599725658526665
CHL,2015,1.0,1.2,9.0,9.0,9.0,9.0,1.503,0.0,10.26,2.9852395652817787
CHL,2016,1.0,0.6,9.0,8.0,8.0,8.333333333333334,1.503,1.0,10.425,3.018922561455308
CHL,2017,1.0,0.8,9.0,8.0,8.0,8.333333333333334,1.503,1.0,10.59,3.0529856089468
CHL,2018,3.0,1.2,9.0,8.0,8.0,8.333333333333334,1.503,1.0,10.761073,3.08870825792405
CHL,2019,2.0,1.6,9.0,8.0,8.0,8.333333333333334,1.503,1.0,10.93491,3.1254362704866363
CHL,2020,,,8.0,7.0,8.0,7.666666666666667,1.503,1.0,11.111555,3.163204955364771
CHL,2021,,,8.0,7.0,8.0,7.666666666666667,1.503,1.0,11.291054,3.2020514162891835
CHL,2022,,,8.0,7.0,8.0,7.666666666666667,1.503,1.0,11.291054,3.2020514162891835
CHL,2023,,,8.0,7.0,8.0,7.666666666666667,1.503,1.0,11.291054,3.2020514162891835
CHL,2024,,,8.0,7.0,8.0,7.666666666666667,,,,
CHL,2025,,,8.0,7.0,8.0,7.666666666666667,,,,
CHN,1960,,,,,,,-0.388,0.0,,
CHN,1961,,,,,,,-0.4016,0.0,,
CHN,1962,,,,,,,-0.4013,0.0,,
CHN,1963,,,,,,,-0.421,0.0,,
CHN,1964,,,,,,,-0.3937,0.0,,
CHN,1965,,,,,,,-0.3953,0.0,,
CHN,1966,,,,,,,-0.4581,0.0,,
CHN,1967,,,,,,,-0.4714,0.0,,
CHN,1968,,,,,,,-0.4788,0.0,,
CHN,1969,,,,,,,-0.4718,0.0,,
CHN,1970,,,,,,,-0.4659,0.0,,
CHN,1971,,,,,,,-0.4745,0.0,,
CHN,1972,,,,,,,-0.4825,0.0,,
CHN,1973,,,,,,,-0.4697,0.0,,
CHN,1974,,,,,,,-0.4621,0.0,,
CHN,1975,,,,,,,-0.4576,0.0,,
CHN,1976,,,,,,,-0.4545,0.0,,
CHN,1977,,,,,,,-0.3463,0.0,,
CHN,1978,,,,,,,-0.28,0.0,,
CHN,1979,,,,,,,-0.01368,0.0,,
CHN,1980,,,,,,,0.2244,0.0,,
CHN,1981,,,,,,,0.2303,0.0,,
CHN,1982,,,,,,,0.379,0.0,,
CHN,1983,,,,,,,0.4319,0.0,,
CHN,1984,,,,,,,0.4612,0.0,,
CHN,1985,,,,,,,0.5655,0.0,,
CHN,1986,,,,,,,0.5801,0.0,,
CHN,1987,,,,,,,0.5727,0.0,,
CHN,1988,,,,,,,0.5612,0.0,,
CHN,1989,,,,,,,0.5793,0.0,,
CHN,1990,,,,,,,0.5729,0.0,4.14,1.7334956902765688
CHN,1991,,,,,,,0.5064,0.0,4.338,1.7685110891250464
CHN,1992,,,,,,,0.6357,0.0,4.536,1.8042337745063923
CHN,1993,,,,,,,0.6851,0.0,4.7339997,1.8406779773406619
CHN,1994,,,,,,,0.57,0.0,4.9319997,1.8778583833201594
CHN,1995,,,,,,,0.6824,0.0,5.1299996,1.9157897881107802
CHN,1996,,,,,,,0.6785,0.0,5.328,1.9544874790227762
CHN,1997,,,,,,,0.6384,0.0,5.526,1.9939667572270496
CHN,1998,,,,,,,0.6312,0.0,5.724,2.034243489200794
CHN,1999,,,,,,,0.605,0.0,5.922,2.075333782951637
CHN,2000,,,,,,,0.6263,0.0,6.12,2.1172540718576784
CHN,2001,,,,,,,0.5886,0.0,6.2139997,2.1374509403877497
CHN,2002,,,,,,,0.7364,0.0,6.308,2.157840601255248
CHN,2003,,,,,,,0.7498,0.0,6.402,2.1784246980170523
CHN,2004,0.0,,7.0,6.0,5.0,6.0,0.6088,0.0,6.496,2.1992051508207497
CHN,2005,0.0,,7.0,6.0,5.0,6.0,0.6532,0.0,6.5899997,2.220183765476482
CHN,2006,2.0,0.6666666666666666,7.0,6.0,6.0,6.333333333333333,0.5973,0.0,6.684,2.2413626347483913
CHN,2007,1.0,0.75,7.0,6.0,6.0,6.333333333333333,0.6399,0.0,6.778,2.262743465809367
CHN,2008,3.0,1.2,7.0,6.0,6.0,6.333333333333333,0.6695,0.0,6.8719997,2.2843281839136678
CHN,2009,2.0,1.6,7.0,6.0,6.0,6.333333333333333,0.6909,0.0,6.966,2.3061189422885096
CHN,2010,0.0,1.6,7.0,6.0,6.0,6.333333333333333,0.6988,0.0,7.06,2.328117497429553
CHN,2011,0.0,1.2,7.0,6.0,6.0,6.333333333333333,0.7037,0.0,7.154565,2.3504600266038502
CHN,2012,2.0,1.4,7.0,6.0,6.0,6.333333333333333,0.7246,0.0,7.2491302,2.373017020988188
CHN,2013,2.0,1.2,7.0,6.0,6.0,6.333333333333333,0.7356,0.0,7.343695,2.395790394502155
CHN,2014,3.0,1.4,7.0,6.0,6.0,6.333333333333333,0.7298,0.0,7.43826,2.418782368422614
CHN,2015,1.0,1.6,7.0,6.0,6.0,6.333333333333333,0.7145,0.0,7.532825,2.441994992223786
CHN,2016,3.0,2.2,6.0,7.0,6.0,6.333333333333333,0.7145,1.0,7.62739,2.4654303834432962
CHN,2017,1.0,2.0,6.0,7.0,6.0,6.333333333333333,0.7145,1.0,7.7219553,2.48909075535985
CHN,2018,13.0,4.2,6.0,7.0,6.0,6.333333333333333,0.7145,1.0,7.81652,2.512978040091012
CHN,2019,7.0,5.0,6.0,7.0,6.0,6.333333333333333,0.7145,1.0,7.8832603,2.5299746686550595
CHN,2020,,,8.0,7.0,6.0,7.0,0.7145,1.0,7.95,2.5470861002500844
CHN,2021,,,8.0,7.0,6.0,7.0,0.7145,1.0,8.036181,2.5662875153821916
CHN,2022,,,7.0,6.0,6.0,6.333333333333333,0.7145,1.0,8.036181,2.5662875153821916
CHN,2023,,,7.0,6.0,6.0,6.333333333333333,0.7145,1.0,8.036181,2.5662875153821916
CHN,2024,,,6.0,7.0,6.0,6.333333333333333,,,,
CHN,2025,,,6.0,7.0,6.0,6.333333333333333,,,,
CIV,1960,,,,,,,-0.5343,0.0,,
CIV,1961,,,,,,,-0.4728,0.0,,
CIV,1962,,,,,,,-0.4256,0.0,,
CIV,1963,,,,,,,-0.3841,0.0,,
CIV,1964,,,,,,,-0.3614,0.0,,
CIV,1965,,,,,,,-0.3583,0.0,,
CIV,1966,,,,,,,-0.3668,0.0,,
CIV,1967,,,,,,,-0.3631,0.0,,
CIV,1968,,,,,,,-0.3466,0.0,,
CIV,1969,,,,,,,-0.3692,0.0,,
CIV,1970,,,,,,,-0.2508,0.0,,
CIV,1971,,,,,,,-0.1989,0.0,,
CIV,1972,,,,,,,-0.1723,0.0,,
CIV,1973,,,,,,,-0.1699,0.0,,
CIV,1974,,,,,,,-0.1358,0.0,,
CIV,1975,,,,,,,-0.1163,0.0,,
CIV,1976,,,,,,,-0.09613,0.0,,
CIV,1977,,,,,,,-0.08205,0.0,,
CIV,1978,,,,,,,-0.02089,0.0,,
CIV,1979,,,,,,,-0.03191,0.0,,
CIV,1980,,,,,,,-0.1151,0.0,,
CIV,1981,,,,,,,-0.05137,0.0,,
CIV,1982,,,,,,,-0.06443,0.0,,
CIV,1983,,,,,,,-0.06314,0.0,,
CIV,1984,,,,,,,0.1124,0.0,,
CIV,1985,,,,,,,0.1221,0.0,,
CIV,1986,,,,,,,0.2355,0.0,,
CIV,1987,,,,,,,0.2683,0.0,,
CIV,1988,,,,,,,0.2784,0.0,,
CIV,1989,,,,,,,0.2654,0.0,,
CIV,1990,,,,,,,0.1591,0.0,1.9709331,1.3022649730399178
CIV,1991,,,,,,,0.09137,0.0,2.0598183,1.3178684914070722
CIV,1992,,,,,,,0.1538,0.0,2.1487036,1.3336589863598614
CIV,1993,,,,,,,0.04666,0.0,2.2375886,1.3496386263076936
CIV,1994,,,,,,,-0.09322,0.0,2.326474,1.3658098043692315
CIV,1995,,,,,,,-0.02812,0.0,2.415359,1.3821746691017145
CIV,1996,,,,,,,0.01445,0.0,2.5602806,1.4092781182290353
CIV,1997,,,,,,,0.01479,0.0,2.705202,1.4369130079510088
CIV,1998,,,,,,,0.009919,0.0,2.8501236,1.4650898364532245
CIV,1999,,,,,,,0.005265,0.0,2.9950454,1.4938192322896735
CIV,2000,,,,,,,-0.06526,0.0,3.139967,1.523111950838835
CIV,2001,,,,,,,-0.2273,0.0,3.234649,1.5425593707375604
CIV,2002,,,,,,,-0.43,0.0,3.329331,1.5622550994625075
CIV,2003,,,,,,,-0.5237,0.0,3.4240131,1.5822023286755111
CIV,2004,0.0,,1.0,1.0,1.0,1.0,-0.1719,0.0,3.518695,1.6024042057134782
CIV,2005,0.0,,1.0,1.0,1.0,1.0,-0.1979,0.0,3.6133773,1.6228641113595068
CIV,2006,1.0,0.3333333333333333,2.0,3.0,1.0,2.0,-0.4282,0.0,3.706127,1.6431596727647095
CIV,2007,2.0,0.75,2.0,3.0,1.0,2.0,-0.4766,0.0,3.7988768,1.663709073040041
CIV,2008,0.0,0.6,3.0,3.0,2.0,2.6666666666666665,-0.5576,0.0,3.8916266,1.6845154646830864
CIV,2009,0.0,0.6,3.0,3.0,2.0,2.6666666666666665,-0.5001,0.0,3.9843764,1.7055820616349917
CIV,2010,1.0,0.8,2.0,2.0,1.0,1.6666666666666667,-0.574,0.0,4.077126,1.722522396253071
CIV,2011,1.0,0.8,2.0,2.0,1.0,1.6666666666666667,-0.445,0.0,4.2278447,1.7489442404313724
CIV,2012,0.0,0.4,4.0,5.0,3.0,4.0,-0.3942,0.0,4.378563,1.7757712986582936
CIV,2013,3.0,1.0,4.0,5.0,3.0,4.0,-0.2898,0.0,4.5292816,1.8030099118012566
CIV,2014,4.0,1.8,5.0,7.0,4.0,5.333333333333333,-0.2823,0.0,4.68,1.8306663019290426
CIV,2015,0.0,1.6,5.0,7.0,4.0,5.333333333333333,-0.07136,0.0,4.707143,1.835691854733615
CIV,2016,2.0,1.8,6.0,7.0,5.0,6.0,-0.07136,1.0,4.7342854,1.8407310921585014
CIV,2017,1.0,2.0,6.0,7.0,5.0,6.0,-0.07136,1.0,4.7614284,1.8457842748673943
CIV,2018,6.0,2.6,6.0,7.0,5.0,6.0,-0.07136,1.0,4.7885714,1.850851329594638
CIV,2019,4.0,2.6,6.0,7.0,5.0,6.0,-0.07136,1.0,4.8157144,1.8559322944217558
CIV,2020,,,6.0,7.0,6.0,6.333333333333333,-0.07136,1.0,4.842857,1.8610271323493137
CIV,2021,,,6.0,7.0,6.0,6.333333333333333,-0.07136,1.0,4.87,1.8661360318328013
CIV,2022,,,6.0,7.0,6.0,6.333333333333333,-0.07136,1.0,4.87,1.8661360318328013
CIV,2023,,,6.0,7.0,6.0,6.333333333333333,-0.07136,1.0,4.87,1.8661360318328013
CIV,2024,,,6.0,7.0,6.0,6.333333333333333,,,,
CIV,2025,,,6.0,7.0,6.0,6.333333333333333,,,,
CMR,1960,,,,,,,-1.109,0.0,,
CMR,1961,,,,,,,-0.4954,0.0,,
CMR,1962,,,,,,,-0.4581,0.0,,
CMR,1963,,,,,,,-0.4148,0.0,,
CMR,1964,,,,,,,-0.4303,0.0,,
CMR,1965,,,,,,,-0.4296,0.0,,
CMR,1966,,,,,,,-0.4276,0.0,,
CMR,1967,,,,,,,-0.3975,0.0,,
CMR,1968,,,,,,,-0.402,0.0,,
CMR,1969,,,,,,,-0.4003,0.0,,
CMR,1970,,,,,,,-0.4051,0.0,,
CMR,1971,,,,,,,-0.4505,0.0,,
CMR,1972,,,,,,,-0.3713,0.0,,
CMR,1973,,,,,,,-0.5203,0.0,,
CMR,1974,,,,,,,-0.4334,0.0,,
CMR,1975,,,,,,,-0.6087,0.0,,
CMR,1976,,,,,,,-0.5241,0.0,,
CMR,1977,,,,,,,-0.5755,0.0,,
CMR,1978,,,,,,,-0.5539,0.0,,
CMR,1979,,,,,,,-0.4864,0.0,,
CMR,1980,,,,,,,-0.4882,0.0,,
CMR,1981,,,,,,,-0.3285,0.0,,
CMR,1982,,,,,,,-0.3147,0.0,,
CMR,1983,,,,,,,-0.1326,0.0,,
CMR,1984,,,,,,,-0.1223,0.0,,
CMR,1985,,,,,,,-0.06918,0.0,,
CMR,1986,,,,,,,-0.08113,0.0,,
CMR,1987,,,,,,,-0.1361,0.0,,
CMR,1988,,,,,,,-0.03041,0.0,,
CMR,1989,,,,,,,-0.01509,0.0,,
CMR,1990,,,,,,,-0.233,0.0,2.1373632,1.331633879106391
CMR,1991,,,,,,,-0.2934,0.0,2.221133,1.3466658838428962
CMR,1992,,,,,,,-0.4299,0.0,2.304903,1.3618676122339182
CMR,1993,,,,,,,-0.5129,0.0,2.3886728,1.377240907190435
CMR,1994,,,,,,,-0.5145,0.0,2.4724426,1.3927877419210803
CMR,1995,,,,,,,-0.4619,0.0,2.5562124,1.4085100754107882
CMR,1996,,,,,,,-0.4022,0.0,2.6412144,1.4246450993300208
CMR,1997,,,,,,,-0.429,0.0,2.726216,1.4409648789099534
CMR,1998,,,,,,,-0.4733,0.0,2.8112178,1.457471646008842
CMR,1999,,,,,,,-0.4109,0.0,2.8962195,1.474167484263765
CMR,2000,,,,,,,-0.5019,0.0,2.9812214,1.4910546190401326
CMR,2001,,,,,,,-0.5039,0.0,3.0588317,1.5066421724192212
CMR,2002,,,,,,,-0.4665,0.0,3.136442,1.5223926787963042
CMR,2003,,,,,,,-0.4767,0.0,3.2140522,1.538307821076172
CMR,2004,0.0,,4.0,4.0,3.0,3.6666666666666665,-0.5727,0.0,3.2916625,1.5543893615967537
CMR,2005,0.0,,4.0,4.0,3.0,3.6666666666666665,-0.4855,0.0,3.369273,1.5706390613726915
CMR,2006,0.0,0.0,4.0,4.0,4.0,4.0,-0.315,0.0,3.4296365,1.5833950237692418
CMR,2007,0.0,0.0,4.0,4.0,4.0,4.0,-0.2984,0.0,3.49,1.5962545838545699
CMR,2008,0.0,0.0,3.0,3.0,4.0,3.3333333333333335,-0.2361,0.0,4.06,1.719545479845777
CMR,2009,3.0,0.6,3.0,3.0,4.0,3.3333333333333335,-0.3017,0.0,4.6299996,1.8214446675566491
CMR,2010,2.0,1.0,3.0,3.0,4.0,3.3333333333333335,-0.2979,0.0,5.2,1.929382493177849
CMR,2011,3.0,1.6,3.0,3.0,4.0,3.3333333333333335,-0.3115,0.0,5.3524637,1.9593226635607173
CMR,2012,2.0,2.0,3.0,3.0,4.0,3.3333333333333335,-0.3344,0.0,5.5049276,1.9897274858995457
CMR,2013,0.0,2.0,3.0,3.0,4.0,3.3333333333333335,-0.4355,0.0,5.657391,2.0206040290571905
CMR,2014,2.0,1.8,3.0,4.0,4.0,3.6666666666666665,-0.4139,0.0,5.809855,2.0519598380159434
CMR,2015,0.0,1.4,3.0,4.0,4.0,3.6666666666666665,-0.4069,0.0,5.962319,2.0838022275918378
CMR,2016,0.0,0.8,3.0,4.0,3.0,3.3333333333333335,-0.4069,1.0,6.114783,2.116138748561105
CMR,2017,1.0,0.6,3.0,4.0,3.0,3.3333333333333335,-0.4069,1.0,6.2672462,2.148976895235863
CMR,2018,3.0,1.2,3.0,4.0,4.0,3.6666666666666665,-0.4069,1.0,6.41971,2.1823247550543066
CMR,2019,0.0,0.8,3.0,4.0,4.0,3.6666666666666665,-0.4069,1.0,6.478556,2.195333905687405
CMR,2020,,,4.0,4.0,4.0,4.0,-0.4069,1.0,6.5374017,2.20842053881674
CMR,2021,,,4.0,4.0,4.0,4.0,-0.4069,1.0,6.5741806,2.216639345532475
CMR,2022,,,4.0,4.0,4.0,4.0,-0.4069,1.0,6.5741806,2.216639345532475
CMR,2023,,,4.0,4.0,4.0,4.0,-0.4069,1.0,6.5741806,2.216639345532475
CMR,2024,,,4.0,4.0,4.0,4.0,,,,
CMR,2025,,,4.0,4.0,4.0,4.0,,,,
COD,1960,,,,,,,-1.494,0.0,,
COD,1961,,,,,,,-1.454,0.0,,
COD,1962,,,,,,,-1.408,0.0,,
COD,1963,,,,,,,-1.312,0.0,,
COD,1964,,,,,,,-1.324,0.0,,
COD,1965,,,,,,,-1.28,0.0,,
COD,1966,,,,,,,-1.076,0.0,,
COD,1967,,,,,,,-1.109,0.0,,
COD,1968,,,,,,,-1.116,0.0,,
COD,1969,,,,,,,-1.053,0.0,,
COD,1970,,,,,,,-1.072,0.0,,
COD,1971,,,,,,,-1.164,0.0,,
COD,1972,,,,,,,-1.164,0.0,,
COD,1973,,,,,,,-1.22,0.0,,
COD,1974,,,,,,,-1.136,0.0,,
COD,1975,,,,,,,-1.068,0.0,,
COD,1976,,,,,,,-1.054,0.0,,
COD,1977,,,,,,,-1.052,0.0,,
COD,1978,,,,,,,-0.9417,0.0,,
COD,1979,,,,,,,-1.124,0.0,,
COD,1980,,,,,,,-1.155,0.0,,
COD,1981,,,,,,,-1.105,0.0,,
COD,1982,,,,,,,-1.04,0.0,,
COD,1983,,,,,,,-1.115,0.0,,
COD,1984,,,,,,,-1.201,0.0,,
COD,1985,,,,,,,-1.235,0.0,,
COD,1986,,,,,,,-1.156,0.0,,
COD,1987,,,,,,,-1.271,0.0,,
COD,1988,,,,,,,-1.121,0.0,,
COD,1989,,,,,,,-1.209,0.0,,
COD,1990,,,,,,,-1.25,0.0,3.5159938,1.6018243031625818
COD,1991,,,,,,,-1.201,0.0,3.7253907,1.647406698795036
COD,1992,,,,,,,-1.454,0.0,3.9347878,1.6942862576190592
COD,1993,,,,,,,-1.246,0.0,4.1441846,1.734228497716833
COD,1994,,,,,,,-1.47,0.0,4.3535814,1.7712964239678175
COD,1995,,,,,,,-1.24,0.0,4.5629787,1.8091567426870716
COD,1996,,,,,,,-1.427,0.0,4.6786156,1.830410348006494
COD,1997,,,,,,,-1.348,0.0,4.794253,1.8519137298785608
COD,1998,,,,,,,-1.309,0.0,4.9098897,1.8736695977359838
COD,1999,,,,,,,-1.346,0.0,5.025527,1.8956811635361592
COD,2000,,,,,,,-1.106,0.0,5.1411643,1.9179513176325638
COD,2001,,,,,,,-0.9933,0.0,5.2005453,1.9294887574237163
COD,2002,,,,,,,-0.9817,0.0,5.259927,1.941095737941292
COD,2003,,,,,,,-1.213,0.0,5.319308,1.9527724030367357
COD,2004,,,2.0,2.0,1.0,1.6666666666666667,-1.451,0.0,5.3786893,1.964519368658157
COD,2005,,,2.0,2.0,1.0,1.6666666666666667,-1.396,0.0,5.4380703,1.9763369386486318
COD,2006,,,3.0,3.0,2.0,2.6666666666666665,-1.474,0.0,5.4786997,1.9844636372660671
COD,2007,,,3.0,3.0,2.0,2.6666666666666665,-1.478,0.0,5.5193286,1.9926236522453495
COD,2008,,,3.0,3.0,2.0,2.6666666666666665,-1.479,0.0,5.559958,2.0008173218383716
COD,2009,,,3.0,3.0,2.0,2.6666666666666665,-1.586,0.0,5.6005874,2.0090446838054272
COD,2010,,,3.0,3.0,2.0,2.6666666666666665,-1.537,0.0,5.6412168,2.0173058766895777
COD,2011,,,3.0,3.0,2.0,2.6666666666666665,-1.311,0.0,5.7474775,2.0390728668177367
COD,2012,,,3.0,3.0,2.0,2.6666666666666665,-1.272,0.0,5.853739,2.061074892106621
COD,2013,,,3.0,3.0,2.0,2.6666666666666665,-1.173,0.0,5.96,2.0833142186706053
COD,2014,,,2.0,2.0,2.0,2.0,-1.059,0.0,6.226667,2.140187339447291
COD,2015,,,2.0,2.0,2.0,2.0,-0.9912,0.0,6.4933333,2.198612903923297
COD,2016,,,2.0,2.0,2.0,2.0,-0.9912,1.0,6.76,2.2586335352473923
COD,2017,,,2.0,2.0,2.0,2.0,-0.9912,1.0,6.9037805,2.291672339959152
COD,2018,,,2.0,2.0,2.0,2.0,-0.9912,1.0,7.04756,2.325194194343118
COD,2019,,,2.0,2.0,2.0,2.0,-0.9912,1.0,7.1268625,2.3438927428546084
COD,2020,,,2.0,2.0,2.0,2.0,-0.9912,1.0,7.206165,2.3627416597599673
COD,2021,,,2.0,2.0,2.0,2.0,-0.9912,1.0,7.378561,2.4042419611380055
COD,2022,,,2.0,3.0,2.0,2.3333333333333335,-0.9912,1.0,7.378561,2.4042419611380055
COD,2023,,,2.0,3.0,2.0,2.3333333333333335,-0.9912,1.0,7.378561,2.4042419611380055
COD,2024,,,2.0,2.0,2.0,2.0,,,,
COD,2025,,,2.0,2.0,2.0,2.0,,,,
COG,1960,,,,,,,-0.8562,0.0,,
COG,1961,,,,,,,-0.727,0.0,,
COG,1962,,,,,,,-0.6136,0.0,,
COG,1963,,,,,,,-0.5979,0.0,,
COG,1964,,,,,,,-0.6393,0.0,,
COG,1965,,,,,,,-0.6053,0.0,,
COG,1966,,,,,,,-0.5717,0.0,,
COG,1967,,,,,,,-0.5436,0.0,,
COG,1968,,,,,,,-0.8707,0.0,,
COG,1969,,,,,,,-0.8714,0.0,,
COG,1970,,,,,,,-0.6365,0.0,,
COG,1971,,,,,,,-0.6766,0.0,,
COG,1972,,,,,,,-0.606,0.0,,
COG,1973,,,,,,,-0.5897,0.0,,
COG,1974,,,,,,,-0.0991,0.0,,
COG,1975,,,,,,,-0.3037,0.0,,
COG,1976,,,,,,,-0.334,0.0,,
COG,1977,,,,,,,-0.5687,0.0,,
COG,1978,,,,,,,-0.553,0.0,,
COG,1979,,,,,,,-0.4448,0.0,,
COG,1980,,,,,,,-0.3485,0.0,,
COG,1981,,,,,,,0.3617,0.0,,
COG,1982,,,,,,,-0.1869,0.0,,
COG,1983,,,,,,,-0.2246,0.0,,
COG,1984,,,,,,,-0.3272,0.0,,
COG,1985,,,,,,,-0.3471,0.0,,
COG,1986,,,,,,,-0.2853,0.0,,
COG,1987,,,,,,,-0.3556,0.0,,
COG,1988,,,,,,,-0.3478,0.0,,
COG,1989,,,,,,,-0.4092,0.0,,
COG,1990,,,,,,,-0.3274,0.0,5.8608294,2.0625514191233747
COG,1991,,,,,,,-0.146,0.0,6.039725,2.1001572544558624
COG,1992,,,,,,,-0.08278,0.0,6.2186203,2.1384486800698492
COG,1993,,,,,,,-0.1702,0.0,6.397516,2.177438347694114
COG,1994,,,,,,,-0.1857,0.0,6.5764112,2.21713878979855
COG,1995,,,,,,,-0.2354,0.0,6.7553067,2.257563144040753
COG,1996,,,,,,,-0.2103,0.0,6.85677,2.2808171320282282
COG,1997,,,,,,,-0.5019,0.0,6.958233,2.3043105774742068
COG,1998,,,,,,,-0.5551,0.0,7.059696,2.3280460160073004
COG,1999,,,,,,,-0.5119,0.0,7.161159,2.35202594026548
COG,2000,,,,,,,-0.6093,0.0,7.2626224,2.3762529645626316
COG,2001,,,,,,,-0.552,0.0,7.3106837,2.387815792414257
COG,2002,,,,,,,-0.5121,0.0,7.358745,2.3994348848933953
COG,2003,,,,,,,-0.4291,0.0,7.406807,2.411110686248791
COG,2004,0.0,,,,,,-0.5632,0.0,7.4548683,2.422843131494342
COG,2005,0.0,,,,,,-0.5484,0.0,7.5029297,2.434632691314073
COG,2006,0.0,0.0,4.0,4.0,3.0,3.6666666666666665,-0.4604,0.0,7.51628,2.4379177163065524
COG,2007,0.0,0.0,4.0,4.0,3.0,3.6666666666666665,-0.4271,0.0,7.5296307,2.441207272374432
COG,2008,0.0,0.0,4.0,4.0,3.0,3.6666666666666665,-0.4535,0.0,7.542981,2.4445011683819007
COG,2009,0.0,0.0,4.0,4.0,3.0,3.6666666666666665,-0.3935,0.0,7.556331,2.4477994346412437
COG,2010,0.0,0.0,3.0,3.0,3.0,3.0,-0.3763,0.0,7.5696816,2.4511022996542424
COG,2011,2.0,0.4,3.0,3.0,3.0,3.0,-0.4086,0.0,7.6871653,2.4803599612261875
COG,2012,0.0,0.4,4.0,4.0,3.0,3.6666666666666665,-0.3719,0.0,7.804649,2.5099668578181396
COG,2013,1.0,0.6,4.0,4.0,3.0,3.6666666666666665,-0.3346,0.0,7.9221325,2.5399271067786384
COG,2014,2.0,1.0,4.0,4.0,3.0,3.6666666666666665,-0.3432,0.0,8.039617,2.5668871933816404
COG,2015,0.0,1.0,4.0,4.0,3.0,3.6666666666666665,-0.4654,0.0,8.1571,2.587475784757837
COG,2016,0.0,0.6,3.0,3.0,3.0,3.0,-0.4654,1.0,8.17579,2.5907663500619087
COG,2017,2.0,1.0,3.0,3.0,3.0,3.0,-0.4654,1.0,8.194481,2.594061276466047
COG,2018,1.0,1.0,2.0,3.0,3.0,2.6666666666666665,-0.4654,1.0,8.213171,2.597360216724062
COG,2019,1.0,0.8,2.0,3.0,3.0,2.6666666666666665,-0.4654,1.0,8.231862,2.6006635291817584
COG,2020,,,2.0,3.0,3.0,2.6666666666666665,-0.4654,1.0,8.250552,2.603970865709158
COG,2021,,,2.0,3.0,3.0,2.6666666666666665,-0.4654,1.0,8.322645,2.6167677161041847
COG,2022,,,2.0,3.0,3.0,2.6666666666666665,-0.4654,1.0,8.322645,2.6167677161041847
COG,2023,,,2.0,3.0,3.0,2.6666666666666665,-0.4654,1.0,8.322645,2.6167677161041847
COG,2024,,,2.0,4.0,3.0,3.0,,,,
COG,2025,,,2.0,4.0,3.0,3.0,,,,
COL,1960,,,,,,,-0.167,0.0,,
COL,1961,,,,,,,-0.1221,0.0,,
COL,1962,,,,,,,-0.1687,0.0,,
COL,1963,,,,,,,-0.2409,0.0,,
COL,1964,,,,,,,-0.2141,0.0,,
COL,1965,,,,,,,-0.1328,0.0,,
COL,1966,,,,,,,-0.2125,0.0,,
COL,1967,,,,,,,-0.07763,0.0,,
COL,1968,,,,,,,-0.1849,0.0,,
COL,1969,,,,,,,-0.2093,0.0,,
COL,1970,,,,,,,-0.1555,0.0,,
COL,1971,,,,,,,-0.05419,0.0,,
COL,1972,,,,,,,-0.07168,0.0,,
COL,1973,,,,,,,-0.1512,0.0,,
COL,1974,,,,,,,-0.1937,0.0,,
COL,1975,,,,,,,-0.06558,0.0,,
COL,1976,,,,,,,-0.1192,0.0,,
COL,1977,,,,,,,-0.161,0.0,,
COL,1978,,,,,,,-0.1689,0.0,,
COL,1979,,,,,,,-0.002284,0.0,,
COL,1980,,,,,,,-0.07267,0.0,,
COL,1981,,,,,,,0.04801,0.0,,
COL,1982,,,,,,,0.04889,0.0,,
COL,1983,,,,,,,-0.002863,0.0,,
COL,1984,,,,,,,-0.09259,0.0,,
COL,1985,,,,,,,-0.05681,0.0,,
COL,1986,,,,,,,-0.1129,0.0,,
COL,1987,,,,,,,-0.07733,0.0,,
COL,1988,,,,,,,-0.06887,0.0,,
COL,1989,,,,,,,-0.0544,0.0,,
COL,1990,,,,,,,-0.04781,0.0,6.3469915,2.1663552377947672
COL,1991,,,,,,,0.01585,0.0,6.3975897,2.1774545559522673
COL,1992,,,,,,,0.2351,0.0,6.4485917,2.188700003134432
COL,1993,,,,,,,0.2374,0.0,6.5,2.200093809198586
COL,1994,,,,,,,0.3305,0.0,6.5518184,2.2116385328619197
COL,1995,,,,,,,0.3637,0.0,6.6036363,2.2232437237794174
COL,1996,,,,,,,0.3921,0.0,6.6554546,2.234909901220645
COL,1997,,,,,,,0.3429,0.0,6.707273,2.24663731807631
COL,1998,,,,,,,0.2805,0.0,6.759091,2.2584261818797526
COL,1999,,,,,,,0.2713,0.0,6.8109093,2.2702769746173725
COL,2000,,,,,,,0.1666,0.0,6.862727,2.28218981452204
COL,2001,,,,,,,0.2131,0.0,6.9145455,2.294165350121613
COL,2002,,,,,,,0.3012,0.0,6.966364,2.3062037260037886
COL,2003,,,,,,,0.211,0.0,7.018182,2.318305154841502
COL,2004,3.0,,7.0,6.0,5.0,6.0,0.4285,0.0,7.07,2.3304700839581645
COL,2005,0.0,,7.0,6.0,5.0,6.0,0.4407,0.0,7.28,2.380427277663202
COL,2006,0.0,1.0,6.0,6.0,5.0,5.666666666666667,0.195,0.0,6.8,2.267776871833542
COL,2007,2.0,1.25,6.0,6.0,5.0,5.666666666666667,0.3903,0.0,7.19,2.35888724149113
COL,2008,4.0,1.8,6.0,6.0,6.0,6.0,0.4564,0.0,7.32,2.3900636562429365
COL,2009,6.0,2.4,6.0,6.0,6.0,6.0,0.5336,0.0,7.25,2.3732254992161295
COL,2010,0.0,2.4,5.0,6.0,6.0,5.666666666666667,0.4879,0.0,7.39,2.407021280860224
COL,2011,1.0,2.6,5.0,6.0,6.0,5.666666666666667,0.5602,0.0,7.52,2.438833862847435
COL,2012,0.0,2.2,7.0,6.0,6.0,6.333333333333333,0.6329,0.0,7.63,2.466080381215868
COL,2013,0.0,1.4,7.0,6.0,6.0,6.333333333333333,0.6072,0.0,7.83,2.5164017395533524
COL,2014,2.0,0.6,7.0,7.0,7.0,7.0,0.609,0.0,7.99,2.557397142375801
COL,2015,0.0,0.6,7.0,7.0,7.0,7.0,0.6181,0.0,8.05,2.568700168628038
COL,2016,3.0,1.0,7.0,7.0,7.0,7.0,0.6181,1.0,8.22,2.598566638175114
COL,2017,0.0,1.0,7.0,7.0,7.0,7.0,0.6181,1.0,8.360001,2.623423300095775
COL,2018,1.0,1.2,7.0,6.0,6.0,6.333333333333333,0.6181,1.0,8.5,2.648517368913479
COL,2019,4.0,1.6,7.0,6.0,6.0,6.333333333333333,0.6181,1.0,8.64,2.6738516541253996
COL,2020,,,6.0,5.0,6.0,5.666666666666667,0.6181,1.0,8.86,2.714153178648546
COL,2021,,,6.0,5.0,6.0,5.666666666666667,0.6181,1.0,9.031582,2.746006229731557
COL,2022,,,7.0,6.0,6.0,6.333333333333333,0.6181,1.0,9.031582,2.746006229731557
COL,2023,,,7.0,6.0,6.0,6.333333333333333,0.6181,1.0,9.031582,2.746006229731557
COL,2024,,,5.0,5.0,4.0,4.666666666666667,,,,
COL,2025,,,5.0,5.0,4.0,4.666666666666667,,,,
COM,1960,,,,,,,,0.0,,
COM,1961,,,,,,,,0.0,,
COM,1962,,,,,,,,0.0,,
COM,1963,,,,,,,,0.0,,
COM,1964,,,,,,,,0.0,,
COM,1965,,,,,,,,0.0,,
COM,1966,,,,,,,,0.0,,
COM,1967,,,,,,,,0.0,,
COM,1968,,,,,,,,0.0,,
COM,1969,,,,,,,,0.0,,
COM,1970,,,,,,,,0.0,,
COM,1971,,,,,,,,0.0,,
COM,1972,,,,,,,,0.0,,
COM,1973,,,,,,,,0.0,,
COM,1974,,,,,,,,0.0,,
COM,1975,,,,,,,-1.236,0.0,,
COM,1976,,,,,,,-0.8627,0.0,,
COM,1977,,,,,,,-0.7336,0.0,,
COM,1978,,,,,,,-0.7363,0.0,,
COM,1979,,,,,,,-0.8177,0.0,,
COM,1980,,,,,,,-1.419,0.0,,
COM,1981,,,,,,,-1.433,0.0,,
COM,1982,,,,,,,-1.469,0.0,,
COM,1983,,,,,,,-1.391,0.0,,
COM,1984,,,,,,,-1.321,0.0,,
COM,1985,,,,,,,-1.238,0.0,,
COM,1986,,,,,,,-1.136,0.0,,
COM,1987,,,,,,,-1.184,0.0,,
COM,1988,,,,,,,-0.9678,0.0,,
COM,1989,,,,,,,-1.123,0.0,,
COM,1990,,,,,,,-0.9278,0.0,,
COM,1991,,,,,,,-1.122,0.0,,
COM,1992,,,,,,,-1.278,0.0,,
COM,1993,,,,,,,-1.326,0.0,,
COM,1994,,,,,,,-1.261,0.0,,
COM,1995,,,,,,,-1.249,0.0,,
COM,1996,,,,,,,-1.366,0.0,,
COM,1997,,,,,,,-1.312,0.0,,
COM,1998,,,,,,,-1.268,0.0,,
COM,1999,,,,,,,-1.195,0.0,,
COM,2000,,,,,,,-1.219,0.0,2.715688,1.4389334680704668
COM,2001,,,,,,,-1.355,0.0,2.8728433,1.4695570108332607
COM,2002,,,,,,,-1.173,0.0,3.0299985,1.5008322671419156
COM,2003,,,,,,,-0.8392,0.0,3.187154,1.5327731881375215
COM,2004,0.0,,,,,,-1.055,0.0,3.3443093,1.5653938383024912
COM,2005,0.0,,,,,,-1.134,0.0,3.5014646,1.598708724787238
COM,2006,0.0,0.0,,,,,-1.148,0.0,3.65862,1.6327326442852663
COM,2007,0.0,0.0,,,,,-1.05,0.0,3.8157754,1.6674806651033538
COM,2008,0.0,0.0,,,,,-1.165,0.0,3.9729307,1.7029681748367946
COM,2009,0.0,0.0,,,,,-1.07,0.0,4.130086,1.7317607855101267
COM,2010,0.0,0.0,,,,,-1.114,0.0,4.2872415,1.759467825585391
COM,2011,1.0,0.2,,,,,-1.097,0.0,4.4443965,1.7876180699079989
COM,2012,2.0,0.6,,,,,-1.112,0.0,4.601552,1.816218790005502
COM,2013,0.0,0.6,,,,,-1.102,0.0,4.7420807,1.8421809169848444
COM,2014,2.0,1.0,,,,,-1.045,0.0,4.88261,1.8685142755002868
COM,2015,1.0,1.2,,,,,-0.9382,0.0,5.0231385,1.8952239074118975
COM,2016,0.0,1.0,,,,,-0.9382,1.0,5.163667,1.9223153423668182
COM,2017,0.0,0.6,,,,,-0.9382,1.0,5.304196,1.9497941365448426
COM,2018,1.0,0.8,,,,,-0.9382,1.0,5.444725,1.9776657300273497
COM,2019,0.0,0.4,,,,,-0.9382,1.0,5.5852537,2.005935676956766
COM,2020,,,,,,,-0.9382,1.0,5.7257824,2.0346097315608294
COM,2021,,,,,,,-0.9382,1.0,5.8663116,2.063693774614945
COM,2022,,,,,,,-0.9382,1.0,6.00684,2.0931933948845067
COM,2023,,,,,,,-0.9382,1.0,6.00684,2.0931933948845067
CPV,1960,,,,,,,,0.0,,
CPV,1961,,,,,,,,0.0,,
CPV,1962,,,,,,,,0.0,,
CPV,1963,,,,,,,,0.0,,
CPV,1964,,,,,,,,0.0,,
CPV,1965,,,,,,,,0.0,,
CPV,1966,,,,,,,,0.0,,
CPV,1967,,,,,,,,0.0,,
CPV,1968,,,,,,,,0.0,,
CPV,1969,,,,,,,,0.0,,
CPV,1970,,,,,,,,0.0,,
CPV,1971,,,,,,,,0.0,,
CPV,1972,,,,,,,,0.0,,
CPV,1973,,,,,,,,0.0,,
CPV,1974,,,,,,,,0.0,,
CPV,1975,,,,,,,-0.4318,0.0,,
CPV,1976,,,,,,,0.526,0.0,,
CPV,1977,,,,,,,0.5068,0.0,,
CPV,1978,,,,,,,0.6064,0.0,,
CPV,1979,,,,,,,0.5363,0.0,,
CPV,1980,,,,,,,0.04203,0.0,,
CPV,1981,,,,,,,0.152,0.0,,
CPV,1982,,,,,,,0.5054,0.0,,
CPV,1983,,,,,,,0.4858,0.0,,
CPV,1984,,,,,,,0.3291,0.0,,
CPV,1985,,,,,,,0.2149,0.0,,
CPV,1986,,,,,,,0.247,0.0,,
CPV,1987,,,,,,,0.238,0.0,,
CPV,1988,,,,,,,0.212,0.0,,
CPV,1989,,,,,,,0.2526,0.0,,
CPV,1990,,,,,,,0.2331,0.0,,
CPV,1991,,,,,,,0.1197,0.0,,
CPV,1992,,,,,,,0.1325,0.0,,
CPV,1993,,,,,,,0.3482,0.0,,
CPV,1994,,,,,,,0.391,0.0,,
CPV,1995,,,,,,,0.4063,0.0,,
CPV,1996,,,,,,,0.4156,0.0,,
CPV,1997,,,,,,,0.4199,0.0,,
CPV,1998,,,,,,,0.397,0.0,,
CPV,1999,,,,,,,0.3829,0.0,,
CPV,2000,,,,,,,0.4409,0.0,5.314437,1.9518119319261797
CPV,2001,,,,,,,0.4374,0.0,5.3491545,1.9586679101392845
CPV,2002,,,,,,,0.4502,0.0,5.3840995,1.965593134712059
CPV,2003,,,,,,,0.4302,0.0,5.4192724,1.9725882489850635
CPV,2004,0.0,,,,,,0.6021,0.0,5.454675,1.979654184183894
CPV,2005,0.0,,,,,,0.5844,0.0,5.4903092,1.9867919037050537
CPV,2006,0.0,0.0,,,,,0.6174,0.0,5.526176,1.9940022022951611
CPV,2007,0.0,0.0,,,,,0.6781,0.0,5.5622773,2.001286066794886
CPV,2008,0.0,0.0,,,,,0.6847,0.0,5.598614,2.0086442941815803
CPV,2009,2.0,0.4,,,,,0.5019,0.0,5.6351886,2.0160780174655755
CPV,2010,1.0,0.6,,,,,0.6453,0.0,5.672002,2.0235880578900685
CPV,2011,1.0,0.8,,,,,0.6252,0.0,5.709056,2.0311754319551776
CPV,2012,1.0,1.0,,,,,0.5982,0.0,5.7463517,2.038841025587253
CPV,2013,0.0,1.0,,,,,0.4698,0.0,5.783891,2.0465859016954773
CPV,2014,0.0,0.6,,,,,0.4892,0.0,5.8214307,2.0543602809974963
CPV,2015,0.0,0.4,,,,,0.486,0.0,5.86,2.062378647665107
CPV,2016,0.0,0.2,,,,,0.486,1.0,5.8965096,2.0699976450093747
CPV,2017,1.0,0.2,,,,,0.486,1.0,5.934049,2.077860895695249
CPV,2018,0.0,0.2,,,,,0.486,1.0,5.986046,2.088801895789929
CPV,2019,2.0,0.6,,,,,0.486,1.0,6.0380425,2.09980039980468
CPV,2020,,,,,,,0.486,1.0,6.0900393,2.1108568799675793
CPV,2021,,,,,,,0.486,1.0,6.0900393,2.1108568799675793
CPV,2022,,,,,,,0.486,1.0,6.0900393,2.1108568799675793
CPV,2023,,,,,,,0.486,1.0,6.0900393,2.1108568799675793
CRI,1960,,,,,,,0.4988,0.0,,
CRI,1961,,,,,,,0.4978,0.0,,
CRI,1962,,,,,,,0.5083,0.0,,
CRI,1963,,,,,,,0.6477,0.0,,
CRI,1964,,,,,,,0.6457,0.0,,
CRI,1965,,,,,,,0.654,0.0,,
CRI,1966,,,,,,,0.6537,0.0,,
CRI,1967,,,,,,,0.6715,0.0,,
CRI,1968,,,,,,,0.6742,0.0,,
CRI,1969,,,,,,,0.6675,0.0,,
CRI,1970,,,,,,,0.7153,0.0,,
CRI,1971,,,,,,,0.7117,0.0,,
CRI,1972,,,,,,,0.4844,0.0,,
CRI,1973,,,,,,,0.5102,0.0,,
CRI,1974,,,,,,,0.45,0.0,,
CRI,1975,,,,,,,0.4329,0.0,,
CRI,1976,,,,,,,0.4678,0.0,,
CRI,1977,,,,,,,0.4684,0.0,,
CRI,1978,,,,,,,0.4908,0.0,,
CRI,1979,,,,,,,0.4588,0.0,,
CRI,1980,,,,,,,0.4475,0.0,,
CRI,1981,,,,,,,0.3782,0.0,,
CRI,1982,,,,,,,0.3819,0.0,,
CRI,1983,,,,,,,0.3709,0.0,,
CRI,1984,,,,,,,0.5557,0.0,,
CRI,1985,,,,,,,0.5396,0.0,,
CRI,1986,,,,,,,0.5615,0.0,,
CRI,1987,,,,,,,0.5519,0.0,,
CRI,1988,,,,,,,0.4549,0.0,,
CRI,1989,,,,,,,0.4439,0.0,,
CRI,1990,,,,,,,0.5497,0.0,6.8083987,2.269701372103774
CRI,1991,,,,,,,0.6197,0.0,6.899583,2.290700997113541
CRI,1992,,,,,,,0.6906,0.0,6.9907665,2.3118947270717607
CRI,1993,,,,,,,0.7096,0.0,7.0819507,2.333284707903196
CRI,1994,,,,,,,0.6177,0.0,7.1731343,2.354872449192772
CRI,1995,,,,,,,0.6199,0.0,7.2643185,2.3766600660590935
CRI,1996,,,,,,,0.696,0.0,7.3230815,2.390807635108588
CRI,1997,,,,,,,0.7115,0.0,7.3818445,2.4050394205392416
CRI,1998,,,,,,,0.7202,0.0,7.4406075,2.4193559236667816
CRI,1999,,,,,,,0.7716,0.0,7.49937,2.4337575258863633
CRI,2000,,,,,,,0.8848,0.0,7.558133,2.4482449795777517
CRI,2001,,,,,,,0.9366,0.0,7.6574225,2.4729200837261582
CRI,2002,,,,,,,0.8725,0.0,7.7567115,2.4978437544785876
CRI,2003,,,,,,,0.8911,0.0,7.856001,2.5230187493432092
CRI,2004,0.0,,7.0,7.0,7.0,7.0,0.9255,0.0,7.95529,2.548447346500334
CRI,2005,0.0,,7.0,7.0,7.0,7.0,0.7947,0.0,8.054579,2.5695001144708494
CRI,2006,1.0,0.3333333333333333,7.0,7.0,7.0,7.0,0.9266,0.0,8.0322895,2.56560850909126
CRI,2007,1.0,0.5,7.0,7.0,7.0,7.0,0.9216,0.0,8.01,2.561722797695619
CRI,2008,0.0,0.4,7.0,7.0,7.0,7.0,0.884,0.0,8.29,2.6109653007795064
CRI,2009,0.0,0.4,7.0,7.0,7.0,7.0,0.8838,0.0,8.36,2.623423121702997
CRI,2010,0.0,0.4,7.0,7.0,7.0,7.0,0.7958,0.0,8.23,2.6003342644138816
CRI,2011,2.0,0.6,7.0,7.0,7.0,7.0,0.8335,0.0,8.35,2.6216398003782064
CRI,2012,3.0,1.0,7.0,6.0,7.0,6.666666666666667,0.8337,0.0,8.41,2.632357940902218
CRI,2013,3.0,1.6,7.0,6.0,7.0,6.666666666666667,0.8189,0.0,8.58,2.6629645641426998
CRI,2014,0.0,1.6,7.0,7.0,7.0,7.0,0.8003,0.0,8.75,2.6939270528874992
CRI,2015,3.0,2.2,7.0,7.0,7.0,7.0,0.8696,0.0,8.58,2.6629645641426998
CRI,2016,0.0,1.8,7.0,6.0,7.0,6.666666666666667,0.8696,1.0,8.56,2.6593453939290455
CRI,2017,2.0,1.6,7.0,6.0,7.0,6.666666666666667,0.8696,1.0,8.64,2.6738516541253996
CRI,2018,0.0,1.0,7.0,6.0,7.0,6.666666666666667,0.8696,1.0,8.72,2.6884370434132077
CRI,2019,2.0,1.4,7.0,6.0,7.0,6.666666666666667,0.8696,1.0,8.76,2.6957595462605974
CRI,2020,,,8.0,7.0,7.0,7.333333333333333,0.8696,1.0,8.8,2.7031019934277105
CRI,2021,,,8.0,7.0,7.0,7.333333333333333,0.8696,1.0,8.844752,2.711340429398335
CRI,2022,,,8.0,7.0,7.0,7.333333333333333,0.8696,1.0,8.844752,2.711340429398335
CRI,2023,,,8.0,7.0,7.0,7.333333333333333,0.8696,1.0,8.844752,2.711340429398335
CRI,2024,,,7.0,6.0,7.0,6.666666666666667,,,,
CRI,2025,,,7.0,6.0,7.0,6.666666666666667,,,,
CUB,1960,,,,,,,-0.3478,0.0,,
CUB,1961,,,,,,,-0.2568,0.0,,
CUB,1962,,,,,,,-0.2464,0.0,,
CUB,1963,,,,,,,-0.3812,0.0,,
CUB,1964,,,,,,,-0.2939,0.0,,
CUB,1965,,,,,,,-0.3378,0.0,,
CUB,1966,,,,,,,-0.275,0.0,,
CUB,1967,,,,,,,-0.297,0.0,,
CUB,1968,,,,,,,-0.2782,0.0,,
CUB,1969,,,,,,,-0.3178,0.0,,
CUB,1970,,,,,,,-0.3111,0.0,,
CUB,1971,,,,,,,-0.1662,0.0,,
CUB,1972,,,,,,,-0.1757,0.0,,
CUB,1973,,,,,,,-0.1599,0.0,,
CUB,1974,,,,,,,-0.1412,0.0,,
CUB,1975,,,,,,,-0.1223,0.0,,
CUB,1976,,,,,,,-0.2047,0.0,,
CUB,1977,,,,,,,-0.1283,0.0,,
CUB,1978,,,,,,,-0.1184,0.0,,
CUB,1979,,,,,,,-0.0203,0.0,,
CUB,1980,,,,,,,-0.1314,0.0,,
CUB,1981,,,,,,,-0.0378,0.0,,
CUB,1982,,,,,,,-0.05184,0.0,,
CUB,1983,,,,,,,-0.04299,0.0,,
CUB,1984,,,,,,,-0.04642,0.0,,
CUB,1985,,,,,,,0.3466,0.0,,
CUB,1986,,,,,,,0.346,0.0,,
CUB,1987,,,,,,,0.3558,0.0,,
CUB,1988,,,,,,,0.3735,0.0,,
CUB,1989,,,,,,,0.3653,0.0,,
CUB,1990,,,,,,,0.4553,0.0,8.793097,2.701833444293899
CUB,1991,,,,,,,0.3556,0.0,8.940784,2.7291038957548537
CUB,1992,,,,,,,0.3698,0.0,9.088472,2.75664978387865
CUB,1993,,,,,,,0.3332,0.0,9.236159,2.7844735138294654
CUB,1994,,,,,,,0.1446,0.0,9.383847,2.812578268659404
CUB,1995,,,,,,,0.4374,0.0,9.531535,2.840966695515716
CUB,1996,,,,,,,0.4152,0.0,9.624692,2.8590204209373704
CUB,1997,,,,,,,0.4663,0.0,9.717849,2.877188873857279
CUB,1998,,,,,,,0.5476,0.0,9.811006,2.89547278334374
CUB,1999,,,,,,,0.4663,0.0,9.904162,2.91387268495477
CUB,2000,,,,,,,0.4531,0.0,9.997319,2.9323897120817928
CUB,2001,,,,,,,0.4419,0.0,10.083659,2.9496567628320443
CUB,2002,,,,,,,0.5715,0.0,10.17,2.9670256904483554
CUB,2003,,,,,,,0.4841,0.0,10.303,2.993981179782827
CUB,2004,,,3.0,4.0,3.0,3.3333333333333335,0.3824,0.0,10.436,3.0211815602915135
CUB,2005,,,3.0,4.0,3.0,3.3333333333333335,0.4099,0.0,10.569,3.048629056815764
CUB,2006,,,3.0,4.0,5.0,4.0,0.6102,0.0,10.702,3.0763259144096526
CUB,2007,,,3.0,4.0,5.0,4.0,0.6995,0.0,10.835,3.10427439852362
CUB,2008,,,4.0,5.0,6.0,5.0,0.5553,0.0,10.968,3.1324767951897683
CUB,2009,,,4.0,5.0,6.0,5.0,0.527,0.0,11.101,3.1609354112088495
CUB,2010,,,5.0,6.0,6.0,5.666666666666667,0.4998,0.0,11.234,3.189652574338946
CUB,2011,,,5.0,6.0,6.0,5.666666666666667,0.5195,0.0,11.367,3.2186306334858727
CUB,2012,,,5.0,6.0,6.0,5.666666666666667,0.498,0.0,11.5,3.247871958895301
CUB,2013,,,5.0,6.0,6.0,5.666666666666667,0.5636,0.0,11.380517,3.2215904171875187
CUB,2014,,,5.0,6.0,6.0,5.666666666666667,0.5722,0.0,11.261034,3.195521543787872
CUB,2015,,,5.0,6.0,6.0,5.666666666666667,0.566,0.0,11.141551,3.1696636178000066
CUB,2016,,,4.0,5.0,5.0,4.666666666666667,0.566,1.0,11.022069,3.14401514604596
CUB,2017,,,4.0,5.0,5.0,4.666666666666667,0.566,1.0,10.902586,3.1185740060513862
CUB,2018,,,5.0,5.0,6.0,5.333333333333333,0.566,1.0,10.783103,3.093338733895916
CUB,2019,,,5.0,5.0,6.0,5.333333333333333,0.566,1.0,10.66362,3.0683076637120914
CUB,2020,,,6.0,6.0,6.0,6.0,0.566,1.0,10.547996,3.0442778933576777
CUB,2021,,,6.0,6.0,6.0,6.0,0.566,1.0,10.631489,3.0616110121989704
CUB,2022,,,5.0,5.0,4.0,4.666666666666667,0.566,1.0,10.631489,3.0616110121989704
CUB,2023,,,5.0,5.0,4.0,4.666666666666667,0.566,1.0,10.631489,3.0616110121989704
CUB,2024,,,5.0,4.0,3.0,4.0,,,,
CUB,2025,,,5.0,4.0,3.0,4.0,,,,
CYP,1960,,,,,,,-0.8293,0.0,,
CYP,1961,,,,,,,-0.2751,0.0,,
CYP,1962,,,,,,,-0.2846,0.0,,
CYP,1963,,,,,,,-0.3983,0.0,,
CYP,1964,,,,,,,-0.2995,0.0,,
CYP,1965,,,,,,,-0.2346,0.0,,
CYP,1966,,,,,,,-0.2627,0.0,,
CYP,1967,,,,,,,-0.2575,0.0,,
CYP,1968,,,,,,,-0.2946,0.0,,
CYP,1969,,,,,,,-0.2953,0.0,,
CYP,1970,,,,,,,-0.4515,0.0,,
CYP,1971,,,,,,,-0.4715,0.0,,
CYP,1972,,,,,,,-0.4168,0.0,,
CYP,1973,,,,,,,-0.3624,0.0,,
CYP,1974,,,,,,,-0.3594,0.0,,
CYP,1975,,,,,,,-0.03343,0.0,,
CYP,1976,,,,,,,-0.08621,0.0,,
CYP,1977,,,,,,,-0.1952,0.0,,
CYP,1978,,,,,,,-0.1503,0.0,,
CYP,1979,,,,,,,-0.09629,0.0,,
CYP,1980,,,,,,,-0.1492,0.0,,
CYP,1981,,,,,,,-0.1626,0.0,,
CYP,1982,,,,,,,-0.09727,0.0,,
CYP,1983,,,,,,,-0.08253,0.0,,
CYP,1984,,,,,,,-0.04938,0.0,,
CYP,1985,,,,,,,-0.09935,0.0,,
CYP,1986,,,,,,,-0.05995,0.0,,
CYP,1987,,,,,,,0.03329,0.0,,
CYP,1988,,,,,,,0.1291,0.0,,
CYP,1989,,,,,,,0.2004,0.0,,
CYP,1990,,,,,,,0.449,0.0,8.293974,2.6116709624965613
CYP,1991,,,,,,,0.4486,0.0,8.45051,2.639619241362719
CYP,1992,,,,,,,0.6439,0.0,8.61,2.6684025567200838
CYP,1993,,,,,,,0.6521,0.0,8.7725,2.698051915994036
CYP,1994,,,,,,,0.7039,0.0,8.934999,2.7280305319981006
CYP,1995,,,,,,,0.7714,0.0,9.0975,2.7583426217743843
CYP,1996,,,,,,,0.7953,0.0,9.26,2.78899133000159
CYP,1997,,,,,,,0.8415,0.0,9.4225,2.819980584507775
CYP,1998,,,,,,,0.8822,0.0,9.585,2.85131416919689
CYP,1999,,,,,,,0.875,0.0,9.7475,2.882995910016889
CYP,2000,,,,,,,0.9619,0.0,9.91,2.9150296754268927
CYP,2001,,,,,,,1.11,0.0,10.0725,2.9474193768695405
CYP,2002,,,,,,,1.077,0.0,10.235001,2.980169171900093
CYP,2003,,,,,,,1.06,0.0,10.3975,3.0132824514118517
CYP,2004,0.0,,,,,,1.07,0.0,10.56,3.0467638666394032
CYP,2005,0.0,,,,,,1.129,0.0,10.72,3.0800936427082157
CYP,2006,0.0,0.0,,,,,1.176,0.0,10.97,3.1329028410043724
CYP,2007,0.0,0.0,,,,,1.266,0.0,11.19,3.1801233965952442
CYP,2008,0.0,0.0,,,,,1.244,0.0,11.28,3.1996454282671967
CYP,2009,1.0,0.2,,,,,1.186,0.0,11.26,3.1952968681758733
CYP,2010,1.0,0.4,,,,,1.199,0.0,11.44,3.23464763726391
CYP,2011,1.0,0.6,,,,,1.213,0.0,11.58,3.265588527727515
CYP,2012,0.0,0.6,,,,,1.205,0.0,11.81,3.317063819810322
CYP,2013,0.0,0.6,,,,,1.18,0.0,11.88,3.3328906816405603
CYP,2014,2.0,0.8,,,,,1.188,0.0,11.88,3.3328906816405603
CYP,2015,3.0,1.2,,,,,0.926,0.0,11.87,3.330625086366739
CYP,2016,4.0,1.8,,,,,0.926,1.0,12.09,3.380825802770927
CYP,2017,0.0,1.8,,,,,0.926,1.0,12.184999,3.4027364018553823
CYP,2018,4.0,2.6,,,,,0.926,1.0,12.28,3.4247894658499183
CYP,2019,1.0,2.4,,,,,0.926,1.0,12.36,3.443471088486363
CYP,2020,,,,,,,0.926,1.0,12.44,3.4622546160801226
CYP,2021,,,,,,,0.926,1.0,12.557372,3.489998463652307
CYP,2022,,,,,,,0.926,1.0,12.557372,3.489998463652307
CYP,2023,,,,,,,0.926,1.0,12.557372,3.489998463652307
CZE,1960,,,,,,,0.3852,0.0,,
CZE,1961,,,,,,,0.417,0.0,,
CZE,1962,,,,,,,0.4281,0.0,,
CZE,1963,,,,,,,0.4444,0.0,,
CZE,1964,,,,,,,0.434,0.0,,
CZE,1965,,,,,,,0.4411,0.0,,
CZE,1966,,,,,,,0.4513,0.0,,
CZE,1967,,,,,,,0.47,0.0,,
CZE,1968,,,,,,,0.03125,0.0,,
CZE,1969,,,,,,,0.05426,0.0,,
CZE,1970,,,,,,,0.05115,0.0,,
CZE,1971,,,,,,,0.06166,0.0,,
CZE,1972,,,,,,,0.07606,0.0,,
CZE,1973,,,,,,,0.07965,0.0,,
CZE,1974,,,,,,,0.08584,0.0,,
CZE,1975,,,,,,,0.09977,0.0,,
CZE,1976,,,,,,,0.09546,0.0,,
CZE,1977,,,,,,,0.07646,0.0,,
CZE,1978,,,,,,,0.1101,0.0,,
CZE,1979,,,,,,,0.09733,0.0,,
CZE,1980,,,,,,,0.1129,0.0,,
CZE,1981,,,,,,,0.1184,0.0,,
CZE,1982,,,,,,,0.1409,0.0,,
CZE,1983,,,,,,,0.1419,0.0,,
CZE,1984,,,,,,,0.4988,0.0,,
CZE,1985,,,,,,,0.4959,0.0,,
CZE,1986,,,,,,,0.5015,0.0,,
CZE,1987,,,,,,,0.5252,0.0,,
CZE,1988,,,,,,,0.5217,0.0,,
CZE,1989,,,,,,,0.5517,0.0,,
CZE,1990,,,,,,,1.396,0.0,9.105088,2.759766249686765
CZE,1991,,,,,,,1.483,0.0,9.29,2.794686679596232
CZE,1992,,,,,,,1.428,0.0,9.478666,2.830771496196966
CZE,1993,,,,,,,1.499,0.0,9.667334,2.867322627609677
CZE,1994,,,,,,,1.575,0.0,9.856,2.9043453149498473
CZE,1995,,,,,,,1.609,0.0,10.044666,2.941846036873461
CZE,1996,,,,,,,1.565,0.0,10.233334,2.979831370989685
CZE,1997,,,,,,,1.58,0.0,10.422,3.01830676406624
CZE,1998,,,,,,,1.458,0.0,10.610666,3.0572789489702807
CZE,1999,,,,,,,1.469,0.0,10.799334,3.0967547614048963
CZE,2000,,,,,,,1.451,0.0,10.988,3.1367398618594806
CZE,2001,,,,,,,1.476,0.0,11.176666,3.177241247387165
CZE,2002,,,,,,,1.514,0.0,11.365334,3.218266021912114
CZE,2003,,,,,,,1.543,0.0,11.554,3.2598200680314635
CZE,2004,0.0,,8.0,8.0,7.0,7.666666666666667,1.546,0.0,11.742666,3.3019106573505144
CZE,2005,2.0,,8.0,8.0,7.0,7.666666666666667,1.573,0.0,11.931334,3.344545172539038
CZE,2006,1.0,1.0,7.0,7.0,7.0,7.0,1.565,0.0,12.12,3.387729727017029
CZE,2007,0.0,0.75,7.0,7.0,7.0,7.0,1.57,0.0,12.14,3.3923401738389884
CZE,2008,3.0,1.2,8.0,8.0,8.0,8.0,1.565,0.0,12.19,3.403893760397237
CZE,2009,0.0,1.2,8.0,8.0,8.0,8.0,1.549,0.0,12.29,3.4271191146775286
CZE,2010,0.0,0.8,7.0,8.0,7.0,7.333333333333333,1.46,0.0,12.39,3.450502939556321
CZE,2011,4.0,1.4,7.0,8.0,7.0,7.333333333333333,1.476,0.0,12.47,3.469324824657728
CZE,2012,2.0,1.8,7.0,7.0,7.0,7.0,1.548,0.0,12.52,3.4811406045047715
CZE,2013,1.0,1.4,7.0,7.0,7.0,7.0,1.542,0.0,12.6,3.5001296126660737
CZE,2014,1.0,1.6,8.0,7.0,7.0,7.333333333333333,1.592,0.0,12.64,3.5096629246392053
CZE,2015,0.0,1.6,8.0,7.0,7.0,7.333333333333333,1.586,0.0,12.67,3.5168299448805924
CZE,2016,0.0,0.8,8.0,8.0,7.0,7.666666666666667,1.586,1.0,12.74,3.533609960171723
CZE,2017,0.0,0.4,8.0,8.0,7.0,7.666666666666667,1.586,1.0,12.79,3.545644681469066
CZE,2018,0.0,0.2,8.0,9.0,8.0,8.333333333333334,1.586,1.0,12.83,3.5553019629514426
CZE,2019,0.0,0.0,8.0,9.0,8.0,8.333333333333334,1.586,1.0,12.87,3.5649855479960793
CZE,2020,,,7.0,8.0,7.0,7.333333333333333,1.586,1.0,12.916507,3.576277575203279
CZE,2021,,,7.0,8.0,7.0,7.333333333333333,1.586,1.0,12.963182,3.5876463547401536
CZE,2022,,,7.0,9.0,7.0,7.666666666666667,1.586,1.0,12.963182,3.5876463547401536
CZE,2023,,,7.0,9.0,7.0,7.666666666666667,1.586,1.0,12.963182,3.5876463547401536
CZE,2024,,,8.0,9.0,8.0,8.333333333333334,,,,
CZE,2025,,,8.0,9.0,8.0,8.333333333333334,,,,
DEU,1960,,,,,,,,0.0,,
DEU,1961,,,,,,,,0.0,,
DEU,1962,,,,,,,,0.0,,
DEU,1963,,,,,,,,0.0,,
DEU,1964,,,,,,,,0.0,,
DEU,1965,,,,,,,,0.0,,
DEU,1966,,,,,,,,0.0,,
DEU,1967,,,,,,,,0.0,,
DEU,1968,,,,,,,,0.0,,
DEU,1969,,,,,,,,0.0,,
DEU,1970,,,,,,,,0.0,,
DEU,1971,,,,,,,,0.0,,
DEU,1972,,,,,,,,0.0,,
DEU,1973,,,,,,,,0.0,,
DEU,1974,,,,,,,,0.0,,
DEU,1975,,,,,,,,0.0,,
DEU,1976,,,,,,,,0.0,,
DEU,1977,,,,,,,,0.0,,
DEU,1978,,,,,,,,0.0,,
DEU,1979,,,,,,,,0.0,,
DEU,1980,,,,,,,,0.0,,
DEU,1981,,,,,,,,0.0,,
DEU,1982,,,,,,,,0.0,,
DEU,1983,,,,,,,,0.0,,
DEU,1984,,,,,,,,0.0,,
DEU,1985,,,,,,,,0.0,,
DEU,1986,,,,,,,,0.0,,
DEU,1987,,,,,,,,0.0,,
DEU,1988,,,,,,,,0.0,,
DEU,1989,,,,,,,,0.0,,
DEU,1990,,,,,,,1.803,0.0,10.36359,3.0063421884547266
DEU,1991,,,,,,,2.07,0.0,10.573934,3.0496520800565636
DEU,1992,,,,,,,2.048,0.0,10.784278,3.0935859015349703
DEU,1993,,,,,,,1.94,0.0,10.994622,3.1381526413329177
DEU,1994,,,,,,,2.026,0.0,11.204967,3.1833616338510473
DEU,1995,,,,,,,2.069,0.0,11.415311,3.229221698557256
DEU,1996,,,,,,,2.051,0.0,11.616201,3.2736372250532497
DEU,1997,,,,,,,1.923,0.0,11.817092,3.3186638795279975
DEU,1998,,,,,,,1.949,0.0,12.0179825,3.364309730637504
DEU,1999,,,,,,,1.952,0.0,12.218873,3.410583407823754
DEU,2000,,,,,,,1.908,0.0,12.419764,3.457493663940752
DEU,2001,,,,,,,1.813,0.0,12.764823,3.539579603428586
DEU,2002,,,,,,,1.811,0.0,13.109882,3.6236143827745733
DEU,2003,,,,,,,1.823,0.0,13.454941,3.7096442702777233
DEU,2004,0.0,,,,,,1.835,0.0,13.8,3.797716632713909
DEU,2005,0.0,,,,,,1.867,0.0,13.7,3.7719797641372725
DEU,2006,0.0,0.0,,,,,1.898,0.0,13.6,3.746417312577015
DEU,2007,1.0,0.25,,,,,1.909,0.0,13.68,3.7668533584040946
DEU,2008,0.0,0.2,,,,,1.936,0.0,13.76,3.787400879257633
DEU,2009,0.0,0.2,,,,,1.917,0.0,13.83,3.805471882309713
DEU,2010,0.0,0.2,,,,,2.007,0.0,13.85,3.81065084496601
DEU,2011,0.0,0.2,,,,,2.288,0.0,13.93,3.831437273385848
DEU,2012,1.0,0.2,,,,,2.306,0.0,13.98,3.8444863309426167
DEU,2013,0.0,0.2,,,,,2.123,0.0,14.01,3.8523370881074057
DEU,2014,0.0,0.2,,,,,2.123,0.0,14.04,3.860203877163779
DEU,2015,0.0,0.2,,,,,2.301,0.0,14.08,3.8707179243315535
DEU,2016,0.0,0.2,,,,,2.301,1.0,14.13,3.8839007634012335
DEU,2017,0.0,0.0,,,,,2.301,1.0,14.1050005,3.877303872989468
DEU,2018,0.0,0.0,,,,,2.301,1.0,14.08,3.8707179243315535
DEU,2019,1.0,0.2,,,,,2.301,1.0,14.17,3.8944793538386273
DEU,2020,,,,,,,2.301,1.0,14.26,3.918386649188486
DEU,2021,,,,,,,2.301,1.0,14.296371,3.928089706754898
DEU,2022,,,,,,,2.301,1.0,14.296371,3.928089706754898
DEU,2023,,,,,,,2.301,1.0,14.296371,3.928089706754898
DJI,1960,,,,,,,,0.0,,
DJI,1961,,,,,,,,0.0,,
DJI,1962,,,,,,,,0.0,,
DJI,1963,,,,,,,,0.0,,
DJI,1964,,,,,,,,0.0,,
DJI,1965,,,,,,,,0.0,,
DJI,1966,,,,,,,,0.0,,
DJI,1967,,,,,,,,0.0,,
DJI,1968,,,,,,,,0.0,,
DJI,1969,,,,,,,,0.0,,
DJI,1970,,,,,,,,0.0,,
DJI,1971,,,,,,,,0.0,,
DJI,1972,,,,,,,,0.0,,
DJI,1973,,,,,,,,0.0,,
DJI,1974,,,,,,,,0.0,,
DJI,1975,,,,,,,,0.0,,
DJI,1976,,,,,,,,0.0,,
DJI,1977,,,,,,,-1.014,0.0,,
DJI,1978,,,,,,,-0.6198,0.0,,
DJI,1979,,,,,,,-0.2171,0.0,,
DJI,1980,,,,,,,-0.1955,0.0,,
DJI,1981,,,,,,,-0.03796,0.0,,
DJI,1982,,,,,,,0.08502,0.0,,
DJI,1983,,,,,,,0.01846,0.0,,
DJI,1984,,,,,,,0.016,0.0,,
DJI,1985,,,,,,,0.09267,0.0,,
DJI,1986,,,,,,,-0.03487,0.0,,
DJI,1987,,,,,,,-0.005108,0.0,,
DJI,1988,,,,,,,-0.01408,0.0,,
DJI,1989,,,,,,,-0.03725,0.0,,
DJI,1990,,,,,,,-0.006026,0.0,,
DJI,1991,,,,,,,-0.02249,0.0,,
DJI,1992,,,,,,,0.1397,0.0,,
DJI,1993,,,,,,,0.2368,0.0,,
DJI,1994,,,,,,,0.246,0.0,,
DJI,1995,,,,,,,0.2117,0.0,1.1580408,1.1678652004825922
DJI,1996,,,,,,,0.2236,0.0,1.2205379,1.1776866858642387
DJI,1997,,,,,,,0.1758,0.0,1.286408,1.188127658717151
DJI,1998,,,,,,,0.1426,0.0,1.3558328,1.1992322917653486
DJI,1999,,,,,,,0.104,0.0,1.4290044,1.2110485923850522
DJI,2000,,,,,,,0.09986,0.0,1.506125,1.223628653016192
DJI,2001,,,,,,,0.1014,0.0,1.5874076,1.237029100754492
DJI,2002,,,,,,,0.1297,0.0,1.6730769,1.2513116292747737
DJI,2003,,,,,,,0.2343,0.0,1.7633696,1.2665434872151087
DJI,2004,0.0,,,,,,0.2499,0.0,1.8585352,1.2827981116725022
DJI,2005,0.0,,,,,,-0.2464,0.0,1.9588367,1.3001558186697686
DJI,2006,0.0,0.0,,,,,-0.1949,0.0,2.0645514,1.3187045953722063
DJI,2007,2.0,0.5,,,,,-0.3652,0.0,2.175971,1.3385408650578878
DJI,2008,2.0,0.8,,,,,-0.4619,0.0,2.2934039,1.359770754402101
DJI,2009,0.0,0.8,,,,,-0.4392,0.0,2.4171743,1.3825109242618179
DJI,2010,0.0,0.8,,,,,-0.4489,0.0,2.5476246,1.4068901432916783
DJI,2011,0.0,0.8,,,,,-0.4531,0.0,2.6851149,1.4330505109216252
DJI,2012,1.0,0.6,,,,,-0.473,0.0,2.8300252,1.4611493861667222
DJI,2013,4.0,1.0,,,,,-0.449,0.0,2.9827561,1.4913612856562106
DJI,2014,2.0,1.4,,,,,-0.4745,0.0,3.1437297,1.523880100260937
DJI,2015,1.0,1.6,,,,,-0.4288,0.0,3.304703,1.557107918083464
DJI,2016,0.0,1.6,,,,,-0.4288,1.0,3.4656765,1.591060302658939
DJI,2017,5.0,2.4,,,,,-0.4288,1.0,3.62665,1.6257530112703868
DJI,2018,9.0,3.4,5.0,5.0,8.0,6.0,-0.4288,1.0,3.7876236,1.6612022087754132
DJI,2019,2.0,3.4,5.0,5.0,8.0,6.0,-0.4288,1.0,3.8418875,1.6733254351591893
DJI,2020,,,5.0,6.0,8.0,6.333333333333333,-0.4288,1.0,3.8961513,1.685537112603851
DJI,2021,,,5.0,6.0,8.0,6.333333333333333,-0.4288,1.0,3.9504151,1.6978379090345026
DJI,2022,,,5.0,6.0,8.0,6.333333333333333,-0.4288,1.0,3.9504151,1.6978379090345026
DJI,2023,,,5.0,6.0,8.0,6.333333333333333,-0.4288,1.0,3.9504151,1.6978379090345026
DJI,2024,,,6.0,6.0,8.0,6.666666666666667,,,,
DJI,2025,,,6.0,6.0,8.0,6.666666666666667,,,,
DMA,2000,,,,,,,,,7.636415,2.467678709420559
DMA,2001,,,,,,,,,7.75,2.496151136109637
DMA,2002,,,,,,,,,7.8687544,2.5262707271182334
DMA,2003,,,,,,,,,7.987509,2.556753805203668
DMA,2004,0.0,,,,,,,,8.106263,2.578546541032882
DMA,2005,0.0,,,,,,,,8.225018,2.5994534827753846
DMA,2006,0.0,0.0,,,,,,,8.343772,2.6205297605059408
DMA,2007,0.0,0.0,,,,,,,8.462527,2.6417771035984754
DMA,2008,1.0,0.2,,,,,,,8.581282,2.6631967208606433
DMA,2009,0.0,0.2,,,,,,,8.700036,2.68478982653147
DMA,2010,0.0,0.2,,,,,,,8.81879,2.706558008346262
DMA,2011,0.0,0.2,,,,,,,8.937545,2.728502871354449
DMA,2012,0.0,0.2,,,,,,,9.056299,2.7506254770045753
DMA,2013,0.0,0.0,,,,,,,9.175054,2.772927640525015
DMA,2014,0.0,0.0,,,,,,,9.293808,2.79541044064654
DMA,2015,1.0,0.2,,,,,,,9.412562,2.8180755305234557
DMA,2016,0.0,0.2,,,,,,,9.531317,2.840924581337573
DMA,2017,1.0,0.4,,,,,,,9.650072,2.863958893021192
DMA,2018,0.0,0.4,,,,,,,9.7688265,2.887179869511532
DMA,2019,0.0,0.4,,,,,,,9.887581,2.910589121661303
DMA,2020,,,,,,,,,10.006335,2.934188076247008
DMA,2021,,,,,,,,,10.12509,2.957978571471915
DMA,2022,,,,,,,,,10.12509,2.957978571471915
DMA,2023,,,,,,,,,10.12509,2.957978571471915
DNK,1960,,,,,,,1.797,0.0,,
DNK,1961,,,,,,,1.808,0.0,,
DNK,1962,,,,,,,1.872,0.0,,
DNK,1963,,,,,,,1.894,0.0,,
DNK,1964,,,,,,,1.896,0.0,,
DNK,1965,,,,,,,2.11,0.0,,
DNK,1966,,,,,,,2.006,0.0,,
DNK,1967,,,,,,,1.95,0.0,,
DNK,1968,,,,,,,2.099,0.0,,
DNK,1969,,,,,,,2.06,0.0,,
DNK,1970,,,,,,,2.162,0.0,,
DNK,1971,,,,,,,2.208,0.0,,
DNK,1972,,,,,,,2.213,0.0,,
DNK,1973,,,,,,,2.233,0.0,,
DNK,1974,,,,,,,2.273,0.0,,
DNK,1975,,,,,,,2.233,0.0,,
DNK,1976,,,,,,,2.388,0.0,,
DNK,1977,,,,,,,2.386,0.0,,
DNK,1978,,,,,,,2.432,0.0,,
DNK,1979,,,,,,,2.448,0.0,,
DNK,1980,,,,,,,2.485,0.0,,
DNK,1981,,,,,,,2.462,0.0,,
DNK,1982,,,,,,,2.42,0.0,,
DNK,1983,,,,,,,2.435,0.0,,
DNK,1984,,,,,,,2.585,0.0,,
DNK,1985,,,,,,,2.615,0.0,,
DNK,1986,,,,,,,2.674,0.0,,
DNK,1987,,,,,,,2.71,0.0,,
DNK,1988,,,,,,,2.752,0.0,,
DNK,1989,,,,,,,2.744,0.0,,
DNK,1990,,,,,,,2.737,0.0,11.480035,3.2434655747408887
DNK,1991,,,,,,,2.75,0.0,11.5,3.247871958895301
DNK,1992,,,,,,,2.779,0.0,11.52,3.252292069753495
DNK,1993,,,,,,,2.82,0.0,11.54,3.2567181960520295
DNK,1994,,,,,,,2.857,0.0,11.56,3.2611503459774673
DNK,1995,,,,,,,2.891,0.0,11.65,3.2811697830877793
DNK,1996,,,,,,,2.933,0.0,11.815,3.3181918132570765
DNK,1997,,,,,,,2.892,0.0,11.98,3.3556315696668517
DNK,1998,,,,,,,2.872,0.0,12.1449995,3.3934936502187942
DNK,1999,,,,,,,2.858,0.0,12.309999,3.431782934149283
DNK,2000,,,,,,,2.826,0.0,12.475,3.470504595647814
DNK,2001,,,,,,,2.799,0.0,12.64,3.5096629246392053
DNK,2002,,,,,,,2.827,0.0,12.805,3.5492630841157986
DNK,2003,,,,,,,2.842,0.0,12.97,3.589310059330612
DNK,2004,0.0,,,,,,2.881,0.0,12.92,3.577127127848629
DNK,2005,2.0,,,,,,2.91,0.0,12.83,3.5553019629514426
DNK,2006,1.0,1.0,,,,,2.909,0.0,12.74,3.533609960171723
DNK,2007,0.0,0.75,,,,,2.915,0.0,12.65,3.5120503070459845
DNK,2008,0.0,0.6,,,,,2.92,0.0,12.88,3.5674105625802315
DNK,2009,0.0,0.6,,,,,2.946,0.0,12.47,3.469324824657728
DNK,2010,1.0,0.4,,,,,2.964,0.0,12.43,3.4599010832330466
DNK,2011,1.0,0.4,,,,,2.939,0.0,12.47,3.469324824657728
DNK,2012,0.0,0.4,,,,,2.95,0.0,12.7,3.5240116007665545
DNK,2013,0.0,0.4,,,,,2.907,0.0,12.75,3.536013632100474
DNK,2014,0.0,0.4,,,,,2.957,0.0,12.39,3.450502939556321
DNK,2015,0.0,0.2,,,,,2.697,0.0,12.64,3.5096629246392053
DNK,2016,0.0,0.0,,,,,2.697,1.0,13.16,3.635984814949524
DNK,2017,0.0,0.0,,,,,2.697,1.0,13.009999,3.5990860275764307
DNK,2018,1.0,0.2,,,,,2.697,1.0,12.86,3.562562181861308
DNK,2019,0.0,0.2,,,,,2.697,1.0,12.91,3.574695508246055
DNK,2020,,,,,,,2.697,1.0,12.96,3.586870158150686
DNK,2021,,,,,,,2.697,1.0,13.027321,3.6033278743487
DNK,2022,,,,,,,2.697,1.0,13.027321,3.6033278743487
DNK,2023,,,,,,,2.697,1.0,13.027321,3.6033278743487
DOM,1960,,,,,,,-0.4305,0.0,,
DOM,1961,,,,,,,-0.4383,0.0,,
DOM,1962,,,,,,,-0.422,0.0,,
DOM,1963,,,,,,,0.03471,0.0,,
DOM,1964,,,,,,,-0.04492,0.0,,
DOM,1965,,,,,,,-0.5713,0.0,,
DOM,1966,,,,,,,-0.239,0.0,,
DOM,1967,,,,,,,-0.1391,0.0,,
DOM,1968,,,,,,,-0.1418,0.0,,
DOM,1969,,,,,,,-0.1523,0.0,,
DOM,1970,,,,,,,-0.3688,0.0,,
DOM,1971,,,,,,,-0.3858,0.0,,
DOM,1972,,,,,,,-0.596,0.0,,
DOM,1973,,,,,,,-0.6036,0.0,,
DOM,1974,,,,,,,-0.5869,0.0,,
DOM,1975,,,,,,,-0.5229,0.0,,
DOM,1976,,,,,,,-0.5492,0.0,,
DOM,1977,,,,,,,-0.5983,0.0,,
DOM,1978,,,,,,,-0.501,0.0,,
DOM,1979,,,,,,,-0.397,0.0,,
DOM,1980,,,,,,,-0.511,0.0,,
DOM,1981,,,,,,,-0.4423,0.0,,
DOM,1982,,,,,,,-0.4022,0.0,,
DOM,1983,,,,,,,-0.3622,0.0,,
DOM,1984,,,,,,,-0.2411,0.0,,
DOM,1985,,,,,,,-0.2389,0.0,,
DOM,1986,,,,,,,-0.1976,0.0,,
DOM,1987,,,,,,,-0.3451,0.0,,
DOM,1988,,,,,,,-0.4054,0.0,,
DOM,1989,,,,,,,-0.362,0.0,,
DOM,1990,,,,,,,-0.3709,0.0,5.266333,1.9423520449055605
DOM,1991,,,,,,,-0.3238,0.0,5.3974795,1.9682511935817255
DOM,1992,,,,,,,-0.2913,0.0,5.5286255,1.9944955784710008
DOM,1993,,,,,,,-0.2502,0.0,5.6597714,2.0210898818882237
DOM,1994,,,,,,,0.0636,0.0,5.7909174,2.048038810423901
DOM,1995,,,,,,,0.08556,0.0,5.9220634,2.075347072186531
DOM,1996,,,,,,,0.2825,0.0,6.0306687,2.098237147668924
DOM,1997,,,,,,,0.3592,0.0,6.139274,2.1213796896243284
DOM,1998,,,,,,,0.3459,0.0,6.2478795,2.144777525960466
DOM,1999,,,,,,,0.4533,0.0,6.356485,2.168433429604351
DOM,2000,,,,,,,0.4144,0.0,6.4650903,2.1923502026334973
DOM,2001,,,,,,,0.4669,0.0,6.5429583,2.2096602889345376
DOM,2002,,,,,,,0.2807,0.0,6.6208262,2.2271070275702023
DOM,2003,,,,,,,0.2096,0.0,6.6986938,2.24469145180504
DOM,2004,0.0,,6.0,6.0,5.0,5.666666666666667,0.2467,0.0,6.7765617,2.2624147847867975
DOM,2005,0.0,,6.0,6.0,5.0,5.666666666666667,0.2995,0.0,6.8544297,2.28027807830914
DOM,2006,1.0,0.3333333333333333,7.0,7.0,6.0,6.666666666666667,0.3967,0.0,7.012215,2.3169084097571098
DOM,2007,3.0,1.0,7.0,7.0,6.0,6.666666666666667,0.4501,0.0,7.17,2.3541270986262184
DOM,2008,3.0,1.4,7.0,6.0,6.0,6.333333333333333,0.5134,0.0,7.193333,2.3596814544515405
DOM,2009,2.0,1.8,7.0,6.0,6.0,6.333333333333333,0.4482,0.0,7.2166667,2.365249082513987
DOM,2010,0.0,1.8,6.0,7.0,6.0,6.333333333333333,0.5151,0.0,7.24,2.3708297515181673
DOM,2011,2.0,2.0,6.0,7.0,6.0,6.333333333333333,0.4665,0.0,7.33,2.392478839998227
DOM,2012,0.0,1.4,6.0,6.0,6.0,6.0,0.5459,0.0,7.43,2.4167653165337755
DOM,2013,0.0,0.8,6.0,6.0,6.0,6.0,0.572,0.0,7.52,2.438833862847435
DOM,2014,2.0,0.8,7.0,6.0,5.0,6.0,0.6204,0.0,7.65,2.4710668982725696
DOM,2015,0.0,0.8,7.0,6.0,5.0,6.0,0.5986,0.0,7.72,2.4885992450599272
DOM,2016,0.0,0.4,7.0,6.0,6.0,6.333333333333333,0.5986,1.0,9.04,2.747578559578341
DOM,2017,2.0,0.8,7.0,6.0,6.0,6.333333333333333,0.5986,1.0,8.981827,2.736731256056516
DOM,2018,0.0,0.8,7.0,6.0,7.0,6.666666666666667,0.5986,1.0,8.923654,2.725926777149581
DOM,2019,1.0,0.6,7.0,6.0,7.0,6.666666666666667,0.5986,1.0,8.86548,2.7151647691568757
DOM,2020,,,7.0,6.0,7.0,6.666666666666667,0.5986,1.0,9.150424,2.768287317379676
DOM,2021,,,7.0,6.0,7.0,6.666666666666667,0.5986,1.0,9.444526,2.824207425811519
DOM,2022,,,7.0,7.0,7.0,7.0,0.5986,1.0,9.444526,2.824207425811519
DOM,2023,,,7.0,7.0,7.0,7.0,0.5986,1.0,9.444526,2.824207425811519
DOM,2024,,,6.0,7.0,7.0,6.666666666666667,,,,
DOM,2025,,,6.0,7.0,7.0,6.666666666666667,,,,
DRV,1960,,,,,,,-0.8828,0.0,,
DRV,1961,,,,,,,-0.8424,0.0,,
DRV,1962,,,,,,,-0.8141,0.0,,
DRV,1963,,,,,,,-0.7912,0.0,,
DRV,1964,,,,,,,-0.7739,0.0,,
DRV,1965,,,,,,,-0.7543,0.0,,
DRV,1966,,,,,,,-0.7792,0.0,,
DRV,1967,,,,,,,-0.6967,0.0,,
DRV,1968,,,,,,,-0.6903,0.0,,
DRV,1969,,,,,,,-0.6991,0.0,,
DRV,1970,,,,,,,-0.6834,0.0,,
DRV,1971,,,,,,,-0.7477,0.0,,
DRV,1972,,,,,,,-0.7349,0.0,,
DRV,1973,,,,,,,-0.7388,0.0,,
DRV,1974,,,,,,,-0.7841,0.0,,
DRV,1975,,,,,,,-0.7816,0.0,,
DRV,1976,,,,,,,-0.4704,0.0,,
DRV,1977,,,,,,,,0.0,,
DRV,1978,,,,,,,,0.0,,
DRV,1979,,,,,,,,0.0,,
DRV,1980,,,,,,,,0.0,,
DRV,1981,,,,,,,,0.0,,
DRV,1982,,,,,,,,0.0,,
DRV,1983,,,,,,,,0.0,,
DRV,1984,,,,,,,,0.0,,
DRV,1985,,,,,,,,0.0,,
DRV,1986,,,,,,,,0.0,,
DRV,1987,,,,,,,,0.0,,
DRV,1988,,,,,,,,0.0,,
DRV,1989,,,,,,,,0.0,,
DRV,1990,,,,,,,,0.0,,
DRV,1991,,,,,,,,0.0,,
DRV,1992,,,,,,,,0.0,,
DRV,1993,,,,,,,,0.0,,
DRV,1994,,,,,,,,0.0,,
DRV,1995,,,,,,,,0.0,,
DRV,1996,,,,,,,,0.0,,
DRV,1997,,,,,,,,0.0,,
DRV,1998,,,,,,,,0.0,,
DRV,1999,,,,,,,,0.0,,
DRV,2000,,,,,,,,0.0,,
DRV,2001,,,,,,,,0.0,,
DRV,2002,,,,,,,,0.0,,
DRV,2003,,,,,,,,0.0,,
DRV,2004,,,,,,,,0.0,,
DRV,2005,,,,,,,,0.0,,
DRV,2006,,,,,,,,0.0,,
DRV,2007,,,,,,,,0.0,,
DRV,2008,,,,,,,,0.0,,
DRV,2009,,,,,,,,0.0,,
DRV,2010,,,,,,,,0.0,,
DRV,2011,,,,,,,,0.0,,
DRV,2012,,,,,,,,0.0,,
DRV,2013,,,,,,,,0.0,,
DRV,2014,,,,,,,,0.0,,
DRV,2015,,,,,,,,0.0,,
DRV,2016,,,,,,,-0.4704,1.0,,
DRV,2017,,,,,,,-0.4704,1.0,,
DRV,2018,,,,,,,-0.4704,1.0,,
DRV,2019,,,,,,,-0.4704,1.0,,
DRV,2020,,,,,,,-0.4704,1.0,,
DRV,2021,,,,,,,-0.4704,1.0,,
DRV,2022,,,,,,,-0.4704,1.0,,
DRV,2023,,,,,,,-0.4704,1.0,,
DZA,1960,,,,,,,,0.0,,
DZA,1961,,,,,,,,0.0,,
DZA,1962,,,,,,,-0.7831,0.0,,
DZA,1963,,,,,,,-0.5378,0.0,,
DZA,1964,,,,,,,-0.3668,0.0,,
DZA,1965,,,,,,,-0.3777,0.0,,
DZA,1966,,,,,,,-0.3959,0.0,,
DZA,1967,,,,,,,-0.4106,0.0,,
DZA,1968,,,,,,,-0.4502,0.0,,
DZA,1969,,,,,,,-0.4646,0.0,,
DZA,1970,,,,,,,-0.4764,0.0,,
DZA,1971,,,,,,,-0.5028,0.0,,
DZA,1972,,,,,,,-0.5167,0.0,,
DZA,1973,,,,,,,-0.4932,0.0,,
DZA,1974,,,,,,,-0.4065,0.0,,
DZA,1975,,,,,,,-0.3992,0.0,,
DZA,1976,,,,,,,-0.3397,0.0,,
DZA,1977,,,,,,,-0.3479,0.0,,
DZA,1978,,,,,,,-0.3211,0.0,,
DZA,1979,,,,,,,-0.2948,0.0,,
DZA,1980,,,,,,,-0.1199,0.0,,
DZA,1981,,,,,,,-0.1319,0.0,,
DZA,1982,,,,,,,-0.08917,0.0,,
DZA,1983,,,,,,,-0.01976,0.0,,
DZA,1984,,,,,,,-0.1196,0.0,,
DZA,1985,,,,,,,-0.1129,0.0,,
DZA,1986,,,,,,,-0.07098,0.0,,
DZA,1987,,,,,,,-0.06116,0.0,,
DZA,1988,,,,,,,0.04299,0.0,,
DZA,1989,,,,,,,-0.06553,0.0,,
DZA,1990,,,,,,,-0.1358,0.0,3.9170926,1.6902735984402673
DZA,1991,,,,,,,-0.3979,0.0,4.100199,1.7265411967705828
DZA,1992,,,,,,,-0.461,0.0,4.2833056,1.7587685305576557
DZA,1993,,,,,,,-0.3579,0.0,4.4664125,1.7915974687379224
DZA,1994,,,,,,,-0.2554,0.0,4.6495194,1.8250391874878427
DZA,1995,,,,,,,-0.2809,0.0,4.832626,1.859105068556694
DZA,1996,,,,,,,-0.2672,0.0,4.987919,1.888494251092998
DZA,1997,,,,,,,-0.1816,0.0,5.143212,1.9183480249344202
DZA,1998,,,,,,,-0.2465,0.0,5.298505,1.9486737344526701
DZA,1999,,,,,,,-0.3326,0.0,5.453798,1.9794788401210617
DZA,2000,,,,,,,-0.3,0.0,5.609091,2.010770920349875
DZA,2001,,,,,,,-0.2746,0.0,5.683261,2.025890508140289
DZA,2002,,,,,,,-0.2598,0.0,5.7574306,2.0411237021708053
DZA,2003,,,,,,,-0.2625,0.0,5.8316,2.0564713969813413
DZA,2004,2.0,,4.0,5.0,3.0,4.0,-0.2742,0.0,5.9057703,2.0719346831000593
DZA,2005,0.0,,4.0,5.0,3.0,4.0,-0.08473,0.0,5.97994,2.0875141162594804
DZA,2006,0.0,0.6666666666666666,4.0,4.0,4.0,4.0,0.01977,0.0,6.17,2.1279732480599973
DZA,2007,2.0,1.0,4.0,4.0,4.0,4.0,-0.03719,0.0,6.23,2.1409079184104556
DZA,2008,0.0,0.8,4.0,4.0,5.0,4.333333333333333,-0.04192,0.0,6.29,2.1539212108475527
DZA,2009,2.0,0.8,4.0,4.0,5.0,4.333333333333333,0.02795,0.0,6.0533333,2.1030457756147443
DZA,2010,0.0,0.8,3.0,4.0,5.0,4.0,0.08414,0.0,5.8166666,2.053372013821564
DZA,2011,0.0,0.8,3.0,4.0,5.0,4.0,0.156,0.0,5.58,2.004871562293095
DZA,2012,0.0,0.4,4.0,5.0,5.0,4.666666666666667,0.1468,0.0,5.7600336,2.0416603902608403
DZA,2013,0.0,0.4,4.0,5.0,5.0,4.666666666666667,0.06406,0.0,5.9400673,2.0791243038496825
DZA,2014,0.0,0.0,4.0,5.0,5.0,4.666666666666667,0.09142,0.0,6.120101,2.117275670076627
DZA,2015,2.0,0.4,4.0,5.0,5.0,4.666666666666667,0.1428,0.0,6.3001347,2.15612710351085
DZA,2016,1.0,0.6,4.0,5.0,5.0,4.666666666666667,0.1428,1.0,6.480169,2.1956915832543538
DZA,2017,0.0,0.6,4.0,5.0,5.0,4.666666666666667,0.1428,1.0,6.6602025,2.2359818822285837
DZA,2018,1.0,0.8,4.0,5.0,5.0,4.666666666666667,0.1428,1.0,6.840236,2.2770114964162134
DZA,2019,0.0,0.8,4.0,5.0,5.0,4.666666666666667,0.1428,1.0,7.02027,2.3187941091344806
DZA,2020,,,5.0,5.0,5.0,5.0,0.1428,1.0,7.2156105,2.364996780187377
DZA,2021,,,5.0,5.0,5.0,5.0,0.1428,1.0,7.416387,2.413444757744942
DZA,2022,,,5.0,4.0,5.0,4.666666666666667,0.1428,1.0,7.416387,2.413444757744942
DZA,2023,,,5.0,4.0,5.0,4.666666666666667,0.1428,1.0,7.416387,2.413444757744942
DZA,2024,,,5.0,5.0,5.0,5.0,,,,
DZA,2025,,,5.0,5.0,5.0,5.0,,,,
ECU,1960,,,,,,,-0.5072,0.0,,
ECU,1961,,,,,,,-0.4988,0.0,,
ECU,1962,,,,,,,-0.4709,0.0,,
ECU,1963,,,,,,,-0.265,0.0,,
ECU,1964,,,,,,,-0.2655,0.0,,
ECU,1965,,,,,,,-0.2519,0.0,,
ECU,1966,,,,,,,-0.2125,0.0,,
ECU,1967,,,,,,,-0.1995,0.0,,
ECU,1968,,,,,,,-0.1895,0.0,,
ECU,1969,,,,,,,-0.1533,0.0,,
ECU,1970,,,,,,,-0.2715,0.0,,
ECU,1971,,,,,,,-0.2721,0.0,,
ECU,1972,,,,,,,-0.2317,0.0,,
ECU,1973,,,,,,,-0.4972,0.0,,
ECU,1974,,,,,,,-0.3819,0.0,,
ECU,1975,,,,,,,-0.4179,0.0,,
ECU,1976,,,,,,,-0.1748,0.0,,
ECU,1977,,,,,,,-0.1724,0.0,,
ECU,1978,,,,,,,-0.1584,0.0,,
ECU,1979,,,,,,,0.03148,0.0,,
ECU,1980,,,,,,,-0.04751,0.0,,
ECU,1981,,,,,,,-0.0001885,0.0,,
ECU,1982,,,,,,,-0.01076,0.0,,
ECU,1983,,,,,,,-0.01714,0.0,,
ECU,1984,,,,,,,0.1197,0.0,,
ECU,1985,,,,,,,0.1146,0.0,,
ECU,1986,,,,,,,0.4327,0.0,,
ECU,1987,,,,,,,0.424,0.0,,
ECU,1988,,,,,,,0.4586,0.0,,
ECU,1989,,,,,,,0.5387,0.0,,
ECU,1990,,,,,,,0.2114,0.0,6.75,2.2563534670050793
ECU,1991,,,,,,,0.3392,0.0,6.807059,2.269394280268746
ECU,1992,,,,,,,0.3576,0.0,6.8641176,2.2825103719615187
ECU,1993,,,,,,,0.3728,0.0,6.9211764,2.295702315216021
ECU,1994,,,,,,,0.3381,0.0,6.9782352,2.3089705023154443
ECU,1995,,,,,,,0.4011,0.0,7.035294,2.3223153739169207
ECU,1996,,,,,,,0.3726,0.0,7.092353,2.33573742040629
ECU,1997,,,,,,,0.3481,0.0,7.1494117,2.349236969730635
ECU,1998,,,,,,,0.3372,0.0,7.2064705,2.36281456446
ECU,1999,,,,,,,-0.01885,0.0,7.2635293,2.3764706319364777
ECU,2000,,,,,,,0.0944,0.0,7.320588,2.3902056015582356
ECU,2001,,,,,,,0.2327,0.0,7.377647,2.4040200261896136
ECU,2002,,,,,,,0.2316,0.0,7.4347057,2.417914219362498
ECU,2003,,,,,,,0.3374,0.0,7.4917645,2.4318887395083464
ECU,2004,0.0,,3.0,4.0,3.0,3.3333333333333335,0.4429,0.0,7.5488234,2.445944051166143
ECU,2005,1.0,,3.0,4.0,3.0,3.3333333333333335,0.4903,0.0,7.605882,2.4600805221749136
ECU,2006,1.0,0.6666666666666666,3.0,3.0,3.0,3.0,0.5036,0.0,7.662941,2.4742987956734575
ECU,2007,0.0,0.5,3.0,3.0,3.0,3.0,0.5542,0.0,7.72,2.4885992450599272
ECU,2008,2.0,0.8,4.0,5.0,6.0,5.0,0.668,0.0,7.73,2.491114000034925
ECU,2009,3.0,1.4,4.0,5.0,6.0,5.0,0.6671,0.0,7.74,2.49363129619553
ECU,2010,0.0,1.2,4.0,5.0,6.0,5.0,0.5924,0.0,7.85,2.5214900084886938
ECU,2011,0.0,1.0,4.0,5.0,6.0,5.0,0.6052,0.0,7.91,2.5368166307014066
ECU,2012,0.0,1.0,4.0,6.0,6.0,5.333333333333333,0.557,0.0,8.1,2.577448613129359
ECU,2013,0.0,0.6,4.0,6.0,6.0,5.333333333333333,0.5742,0.0,8.29,2.6109653007795064
ECU,2014,2.0,0.4,4.0,6.0,6.0,5.333333333333333,0.577,0.0,8.36,2.623423121702997
ECU,2015,3.0,1.0,4.0,6.0,6.0,5.333333333333333,0.5636,0.0,8.7,2.6847832541740186
ECU,2016,4.0,1.8,5.0,6.0,6.0,5.666666666666667,0.5636,1.0,8.69,2.6829582221423958
ECU,2017,1.0,2.0,5.0,6.0,6.0,5.666666666666667,0.5636,1.0,8.77,2.6975932861529577
ECU,2018,1.0,2.2,5.0,5.0,5.0,5.0,0.5636,1.0,8.786667,2.70065235286774
ECU,2019,1.0,2.0,5.0,5.0,5.0,5.0,0.5636,1.0,8.803333,2.703714704706954
ECU,2020,,,4.0,4.0,4.0,4.0,0.5636,1.0,8.82,2.706780713101137
ECU,2021,,,4.0,4.0,4.0,4.0,0.5636,1.0,9.11,2.760688209736552
ECU,2022,,,4.0,4.0,4.0,4.0,0.5636,1.0,8.97,2.7345311630736444
ECU,2023,,,4.0,4.0,4.0,4.0,0.5636,1.0,8.97,2.7345311630736444
ECU,2024,,,4.0,3.0,3.0,3.3333333333333335,,,,
ECU,2025,,,4.0,3.0,3.0,3.3333333333333335,,,,
EGY,1960,,,,,,,-0.4609,0.0,,
EGY,1961,,,,,,,-0.4601,0.0,,
EGY,1962,,,,,,,-0.5677,0.0,,
EGY,1963,,,,,,,-0.6355,0.0,,
EGY,1964,,,,,,,-0.5088,0.0,,
EGY,1965,,,,,,,-0.4881,0.0,,
EGY,1966,,,,,,,-0.5061,0.0,,
EGY,1967,,,,,,,-0.508,0.0,,
EGY,1968,,,,,,,-0.5841,0.0,,
EGY,1969,,,,,,,-0.5423,0.0,,
EGY,1970,,,,,,,-0.3073,0.0,,
EGY,1971,,,,,,,-0.2956,0.0,,
EGY,1972,,,,,,,-0.2906,0.0,,
EGY,1973,,,,,,,-0.2735,0.0,,
EGY,1974,,,,,,,-0.3231,0.0,,
EGY,1975,,,,,,,-0.3662,0.0,,
EGY,1976,,,,,,,-0.3275,0.0,,
EGY,1977,,,,,,,-0.3293,0.0,,
EGY,1978,,,,,,,-0.1888,0.0,,
EGY,1979,,,,,,,-0.2237,0.0,,
EGY,1980,,,,,,,-0.07156,0.0,,
EGY,1981,,,,,,,-0.07676,0.0,,
EGY,1982,,,,,,,-0.0643,0.0,,
EGY,1983,,,,,,,-0.02673,0.0,,
EGY,1984,,,,,,,-0.06775,0.0,,
EGY,1985,,,,,,,0.01148,0.0,,
EGY,1986,,,,,,,0.1661,0.0,,
EGY,1987,,,,,,,-0.07358,0.0,,
EGY,1988,,,,,,,-0.2102,0.0,,
EGY,1989,,,,,,,-0.2204,0.0,,
EGY,1990,,,,,,,-0.1727,0.0,5.3026967,1.9494989029376748
EGY,1991,,,,,,,-0.2301,0.0,5.4658566,1.9818911529208785
EGY,1992,,,,,,,-0.1634,0.0,5.629017,2.0148217239136352
EGY,1993,,,,,,,-0.1214,0.0,5.7921767,2.0482993156129563
EGY,1994,,,,,,,-0.1274,0.0,5.9553366,2.0823332016396576
EGY,1995,,,,,,,-0.1152,0.0,6.1184964,2.1169325624456174
EGY,1996,,,,,,,-0.09817,0.0,6.33,2.1626406539548517
EGY,1997,,,,,,,-0.125,0.0,6.3389997,2.164607322466919
EGY,1998,,,,,,,-0.1255,0.0,6.348,2.1665759107282727
EGY,1999,,,,,,,-0.1428,0.0,6.357,2.168546223602657
EGY,2000,,,,,,,-0.04754,0.0,6.366,2.170518328305706
EGY,2001,,,,,,,-0.1901,0.0,6.375,2.172492226466934
EGY,2002,,,,,,,-0.225,0.0,6.384,2.1744679197173356
EGY,2003,,,,,,,-0.2426,0.0,6.393,2.176445409689387
EGY,2004,0.0,,3.0,3.0,4.0,3.3333333333333335,0.06299,0.0,6.402,2.1784246980170523
EGY,2005,2.0,,3.0,3.0,4.0,3.3333333333333335,0.1904,0.0,6.4110003,2.180405852402076
EGY,2006,3.0,1.6666666666666667,4.0,4.0,5.0,4.333333333333333,0.2864,0.0,6.42,2.1823886762825038
EGY,2007,3.0,2.0,4.0,4.0,5.0,4.333333333333333,0.2625,0.0,6.659091,2.2357308816376267
EGY,2008,4.0,2.4,4.0,4.0,6.0,4.666666666666667,0.2088,0.0,6.898182,2.2903768835634852
EGY,2009,2.0,2.8,4.0,4.0,6.0,4.666666666666667,0.2112,0.0,7.137273,2.346358549611983
EGY,2010,0.0,2.4,4.0,4.0,6.0,4.666666666666667,0.1463,0.0,7.3763638,2.403708477690633
EGY,2011,1.0,2.0,4.0,4.0,6.0,4.666666666666667,0.1598,0.0,7.6154547,2.4624601832627935
EGY,2012,0.0,1.4,4.0,5.0,4.0,4.333333333333333,0.2006,0.0,7.8545456,2.522647904449857
EGY,2013,0.0,0.6,4.0,5.0,4.0,4.333333333333333,0.08933,0.0,8.0936365,2.576333545992593
EGY,2014,1.0,0.4,4.0,5.0,6.0,5.0,0.1782,0.0,8.332727,2.6185623243478005
EGY,2015,1.0,0.6,4.0,5.0,6.0,5.0,0.2569,0.0,8.571818,2.661483366659935
EGY,2016,3.0,1.0,4.0,4.0,5.0,4.333333333333333,0.2569,1.0,8.810909,2.7051079308458967
EGY,2017,3.0,1.6,4.0,4.0,5.0,4.333333333333333,0.2569,1.0,9.05,2.7494475483830296
EGY,2018,7.0,3.0,3.0,4.0,5.0,4.0,0.2569,1.0,9.310101,2.7985092592743657
EGY,2019,5.0,3.8,3.0,4.0,5.0,4.0,0.2569,1.0,9.577677,2.849894670846811
EGY,2020,,,3.0,5.0,5.0,4.333333333333333,0.2569,1.0,9.852942,2.9037414365562957
EGY,2021,,,3.0,5.0,5.0,4.333333333333333,0.2569,1.0,10.13612,2.960198005947932
EGY,2022,,,3.0,5.0,5.0,4.333333333333333,0.2569,1.0,10.13612,2.960198005947932
EGY,2023,,,3.0,5.0,5.0,4.333333333333333,0.2569,1.0,10.13612,2.960198005947932
EGY,2024,,,3.0,5.0,5.0,4.333333333333333,,,,
EGY,2025,,,3.0,5.0,5.0,4.333333333333333,,,,
ERI,1960,,,,,,,,0.0,,
ERI,1961,,,,,,,,0.0,,
ERI,1962,,,,,,,,0.0,,
ERI,1963,,,,,,,,0.0,,
ERI,1964,,,,,,,,0.0,,
ERI,1965,,,,,,,,0.0,,
ERI,1966,,,,,,,,0.0,,
ERI,1967,,,,,,,,0.0,,
ERI,1968,,,,,,,,0.0,,
ERI,1969,,,,,,,,0.0,,
ERI,1970,,,,,,,,0.0,,
ERI,1971,,,,,,,,0.0,,
ERI,1972,,,,,,,,0.0,,
ERI,1973,,,,,,,,0.0,,
ERI,1974,,,,,,,,0.0,,
ERI,1975,,,,,,,,0.0,,
ERI,1976,,,,,,,,0.0,,
ERI,1977,,,,,,,,0.0,,
ERI,1978,,,,,,,,0.0,,
ERI,1979,,,,,,,,0.0,,
ERI,1980,,,,,,,,0.0,,
ERI,1981,,,,,,,,0.0,,
ERI,1982,,,,,,,,0.0,,
ERI,1983,,,,,,,,0.0,,
ERI,1984,,,,,,,,0.0,,
ERI,1985,,,,,,,,0.0,,
ERI,1986,,,,,,,,0.0,,
ERI,1987,,,,,,,,0.0,,
ERI,1988,,,,,,,,0.0,,
ERI,1989,,,,,,,,0.0,,
ERI,1990,,,,,,,,0.0,,
ERI,1991,,,,,,,,0.0,,
ERI,1992,,,,,,,,0.0,,
ERI,1993,,,,,,,0.05472,0.0,,
ERI,1994,,,,,,,0.1406,0.0,,
ERI,1995,,,,,,,0.1394,0.0,,
ERI,1996,,,,,,,0.1696,0.0,,
ERI,1997,,,,,,,0.2245,0.0,,
ERI,1998,,,,,,,0.2353,0.0,,
ERI,1999,,,,,,,0.2518,0.0,,
ERI,2000,,,,,,,-0.1561,0.0,,
ERI,2001,,,,,,,-0.3957,0.0,,
ERI,2002,,,,,,,-0.5369,0.0,,
ERI,2003,,,,,,,-0.581,0.0,,
ERI,2004,0.0,,1.0,1.0,3.0,1.6666666666666667,-1.006,0.0,,
ERI,2005,0.0,,1.0,1.0,3.0,1.6666666666666667,-0.8782,0.0,4.7109795,1.8364032983739855
ERI,2006,0.0,0.0,1.0,1.0,6.0,2.6666666666666665,-0.6038,0.0,4.7034745,1.8350118229310983
ERI,2007,0.0,0.0,1.0,1.0,6.0,2.6666666666666665,-0.7617,0.0,4.695981,1.8336235315863991
ERI,2008,0.0,0.0,1.0,1.0,7.0,3.0,-0.8992,0.0,4.6885,1.8322386037632428
ERI,2009,0.0,0.0,1.0,1.0,7.0,3.0,-0.9445,0.0,4.6810303,1.8308568115256922
ERI,2010,0.0,0.0,1.0,1.0,5.0,2.3333333333333335,-1.05,0.0,4.673573,1.8294783526111722
ERI,2011,0.0,0.0,1.0,1.0,5.0,2.3333333333333335,-1.013,0.0,4.666127,1.8281030179562883
ERI,2012,0.0,0.0,1.0,1.0,3.0,1.6666666666666667,-1.13,0.0,4.658694,1.826731115723882
ERI,2013,0.0,0.0,1.0,1.0,3.0,1.6666666666666667,-1.105,0.0,4.651272,1.8253622710136055
ERI,2014,0.0,0.0,1.0,1.0,2.0,1.3333333333333333,-1.1,0.0,4.64385,1.8239944520349347
ERI,2015,0.0,0.0,1.0,1.0,2.0,1.3333333333333333,-1.234,0.0,4.636428,1.8226276580192473
ERI,2016,0.0,0.0,1.0,1.0,2.0,1.3333333333333333,-1.234,1.0,4.629006,1.8212618881984957
ERI,2017,0.0,0.0,1.0,1.0,2.0,1.3333333333333333,-1.234,1.0,4.621584,1.8198971418052092
ERI,2018,0.0,0.0,1.0,1.0,2.0,1.3333333333333333,-1.234,1.0,4.7781777,1.8489093925205922
ERI,2019,0.0,0.0,1.0,1.0,2.0,1.3333333333333333,-1.234,1.0,4.934771,1.8783840718898914
ERI,2020,,,1.0,1.0,2.0,1.3333333333333333,-1.234,1.0,5.0913644,1.9083286457621544
ERI,2021,,,1.0,1.0,2.0,1.3333333333333333,-1.234,1.0,5.0913644,1.9083286457621544
ERI,2022,,,1.0,1.0,2.0,1.3333333333333333,-1.234,1.0,5.0913644,1.9083286457621544
ERI,2023,,,1.0,1.0,2.0,1.3333333333333333,-1.234,1.0,5.0913644,1.9083286457621544
ERI,2024,,,1.0,1.0,2.0,1.3333333333333333,,,,
ERI,2025,,,1.0,1.0,2.0,1.3333333333333333,,,,
ESP,1960,,,,,,,0.5807,0.0,,
ESP,1961,,,,,,,0.5537,0.0,,
ESP,1962,,,,,,,0.5748,0.0,,
ESP,1963,,,,,,,0.3336,0.0,,
ESP,1964,,,,,,,0.5867,0.0,,
ESP,1965,,,,,,,0.6234,0.0,,
ESP,1966,,,,,,,0.6135,0.0,,
ESP,1967,,,,,,,0.6244,0.0,,
ESP,1968,,,,,,,0.6289,0.0,,
ESP,1969,,,,,,,0.6343,0.0,,
ESP,1970,,,,,,,0.7202,0.0,,
ESP,1971,,,,,,,0.7373,0.0,,
ESP,1972,,,,,,,0.68,0.0,,
ESP,1973,,,,,,,0.6961,0.0,,
ESP,1974,,,,,,,0.7371,0.0,,
ESP,1975,,,,,,,0.7301,0.0,,
ESP,1976,,,,,,,0.6612,0.0,,
ESP,1977,,,,,,,0.7754,0.0,,
ESP,1978,,,,,,,1.112,0.0,,
ESP,1979,,,,,,,1.319,0.0,,
ESP,1980,,,,,,,1.382,0.0,,
ESP,1981,,,,,,,1.428,0.0,,
ESP,1982,,,,,,,1.425,0.0,,
ESP,1983,,,,,,,1.431,0.0,,
ESP,1984,,,,,,,1.45,0.0,,
ESP,1985,,,,,,,1.466,0.0,,
ESP,1986,,,,,,,1.474,0.0,,
ESP,1987,,,,,,,1.552,0.0,,
ESP,1988,,,,,,,1.558,0.0,,
ESP,1989,,,,,,,1.611,0.0,,
ESP,1990,,,,,,,1.621,0.0,5.8785434,2.0662448617528026
ESP,1991,,,,,,,1.633,0.0,6.07,2.106588891042078
ESP,1992,,,,,,,1.876,0.0,6.2676926,2.1490737870519876
ESP,1993,,,,,,,1.842,0.0,6.465385,2.192415458250726
ESP,1994,,,,,,,1.833,0.0,6.6630774,2.236631227153144
ESP,1995,,,,,,,1.845,0.0,6.8607693,2.2817386069886356
ESP,1996,,,,,,,2.003,0.0,7.0584617,2.327755809869895
ESP,1997,,,,,,,1.883,0.0,7.256154,2.3747010455364244
ESP,1998,,,,,,,1.737,0.0,7.4538465,2.4225931026239906
ESP,1999,,,,,,,1.754,0.0,7.651539,2.4714510282937896
ESP,2000,,,,,,,1.763,0.0,7.8492312,2.5212942254165815
ESP,2001,,,,,,,1.771,0.0,8.046924,2.5681629349391732
ESP,2002,,,,,,,1.82,0.0,8.244616,2.602919990183327
ESP,2003,,,,,,,1.85,0.0,8.442308,2.6381474411616495
ESP,2004,0.0,,,,,,1.877,0.0,8.64,2.6738516541253996
ESP,2005,1.0,,,,,,1.913,0.0,8.92,2.7252495448115304
ESP,2006,0.0,0.3333333333333333,,,,,1.935,0.0,9.03,2.745710841254027
ESP,2007,1.0,0.5,,,,,1.984,0.0,9.12,2.7625661161349866
ESP,2008,0.0,0.4,,,,,1.909,0.0,9.19,2.775747277123161
ESP,2009,0.0,0.4,,,,,1.888,0.0,9.25,2.787095460565851
ESP,2010,2.0,0.6,,,,,1.796,0.0,9.36,2.8080210989319774
ESP,2011,0.0,0.6,,,,,1.96,0.0,9.48,2.831028292788019
ESP,2012,0.0,0.4,,,,,1.978,0.0,9.51,2.8368094853167687
ESP,2013,1.0,0.6,,,,,1.968,0.0,9.615001,2.857136981438391
ESP,2014,2.0,1.0,,,,,1.974,0.0,9.72,2.8776097452987424
ESP,2015,2.0,1.0,,,,,2.003,0.0,9.91,2.9150296754268927
ESP,2016,3.0,1.6,,,,,2.003,1.0,10.01,2.934919425729044
ESP,2017,0.0,1.6,,,,,2.003,1.0,10.075001,2.9479206812148315
ESP,2018,0.0,1.4,,,,,2.003,1.0,10.14,2.960979127630862
ESP,2019,1.0,1.2,,,,,2.003,1.0,10.375,3.0086756543596076
ESP,2020,,,,,,,2.003,1.0,10.61,3.057140494056436
ESP,2021,,,,,,,2.003,1.0,10.7561245,3.0876690886216767
ESP,2022,,,,,,,2.003,1.0,10.7561245,3.0876690886216767
ESP,2023,,,,,,,2.003,1.0,10.7561245,3.0876690886216767
EST,1960,,,,,,,,0.0,,
EST,1961,,,,,,,,0.0,,
EST,1962,,,,,,,,0.0,,
EST,1963,,,,,,,,0.0,,
EST,1964,,,,,,,,0.0,,
EST,1965,,,,,,,,0.0,,
EST,1966,,,,,,,,0.0,,
EST,1967,,,,,,,,0.0,,
EST,1968,,,,,,,,0.0,,
EST,1969,,,,,,,,0.0,,
EST,1970,,,,,,,,0.0,,
EST,1971,,,,,,,,0.0,,
EST,1972,,,,,,,,0.0,,
EST,1973,,,,,,,,0.0,,
EST,1974,,,,,,,,0.0,,
EST,1975,,,,,,,,0.0,,
EST,1976,,,,,,,,0.0,,
EST,1977,,,,,,,,0.0,,
EST,1978,,,,,,,,0.0,,
EST,1979,,,,,,,,0.0,,
EST,1980,,,,,,,,0.0,,
EST,1981,,,,,,,,0.0,,
EST,1982,,,,,,,,0.0,,
EST,1983,,,,,,,,0.0,,
EST,1984,,,,,,,,0.0,,
EST,1985,,,,,,,,0.0,,
EST,1986,,,,,,,,0.0,,
EST,1987,,,,,,,,0.0,,
EST,1988,,,,,,,,0.0,,
EST,1989,,,,,,,,0.0,,
EST,1990,,,,,,,,0.0,9.658927,2.865683916529743
EST,1991,,,,,,,0.7516,0.0,9.903772,2.913795410075835
EST,1992,,,,,,,0.6067,0.0,10.148617,2.962714639533722
EST,1993,,,,,,,0.7178,0.0,10.393462,3.0124551658481
EST,1994,,,,,,,1.063,0.0,10.638307,3.063030777636124
EST,1995,,,,,,,1.388,0.0,10.883152,3.1144554950097625
EST,1996,,,,,,,1.346,0.0,11.142522,3.169872911258901
EST,1997,,,,,,,1.45,0.0,11.401892,3.226276403574515
EST,1998,,,,,,,1.493,0.0,11.661261,3.283683294522195
EST,1999,,,,,,,1.476,0.0,11.92063,3.3421116575063774
EST,2000,,,,,,,1.406,0.0,12.18,3.4015798994420523
EST,2001,,,,,,,1.377,0.0,12.35,3.4411303240962825
EST,2002,,,,,,,1.425,0.0,12.52,3.4811406045047715
EST,2003,,,,,,,1.459,0.0,12.690001,3.521616326914772
EST,2004,0.0,,8.0,9.0,9.0,8.666666666666666,1.499,0.0,12.86,3.562562181861308
EST,2005,0.0,,8.0,9.0,9.0,8.666666666666666,1.468,0.0,13.03,3.6039843595890244
EST,2006,0.0,0.0,8.0,9.0,8.0,8.333333333333334,1.497,0.0,13.2,3.645888156084391
EST,2007,2.0,0.5,8.0,9.0,8.0,8.333333333333334,1.587,0.0,13.22,3.6508499372230645
EST,2008,0.0,0.4,8.0,9.0,8.0,8.333333333333334,1.612,0.0,13.25,3.658305272951933
EST,2009,1.0,0.6,8.0,9.0,8.0,8.333333333333334,1.57,0.0,13.32,3.675760316096431
EST,2010,1.0,0.8,8.0,9.0,8.0,8.333333333333334,1.539,0.0,13.33,3.678260683139824
EST,2011,0.0,0.8,8.0,9.0,8.0,8.333333333333334,1.543,0.0,13.4,3.695810940466795
EST,2012,0.0,0.4,8.0,9.0,8.0,8.333333333333334,1.57,0.0,13.45,3.7083980836822352
EST,2013,1.0,0.6,8.0,9.0,8.0,8.333333333333334,1.67,0.0,13.54,3.7311630697577316
EST,2014,2.0,0.8,8.0,9.0,9.0,8.666666666666666,1.686,0.0,13.44,3.7058772301726615
EST,2015,2.0,1.0,8.0,9.0,9.0,8.666666666666666,1.702,0.0,13.49,3.7184986570222542
EST,2016,0.0,1.0,9.0,9.0,8.0,8.666666666666666,1.702,1.0,13.51,3.723559255622846
EST,2017,0.0,1.0,9.0,9.0,8.0,8.666666666666666,1.702,1.0,13.56,3.736240903677004
EST,2018,0.0,0.8,9.0,9.0,8.0,8.666666666666666,1.702,1.0,13.66,3.761733919843962
EST,2019,0.0,0.4,9.0,9.0,8.0,8.666666666666666,1.702,1.0,13.6050005,3.7476914384522613
EST,2020,,,9.0,9.0,7.0,8.333333333333334,1.702,1.0,13.55,3.733701123485635
EST,2021,,,9.0,9.0,7.0,8.333333333333334,1.702,1.0,13.562166,3.736791247655762
EST,2022,,,8.0,9.0,8.0,8.333333333333334,1.702,1.0,13.562166,3.736791247655762
EST,2023,,,8.0,9.0,8.0,8.333333333333334,1.702,1.0,13.562166,3.736791247655762
EST,2024,,,8.0,8.0,7.0,7.666666666666667,,,,
EST,2025,,,8.0,8.0,7.0,7.666666666666667,,,,
ETH,1960,,,,,,,-1.467,0.0,,
ETH,1961,,,,,,,-1.461,0.0,,
ETH,1962,,,,,,,-1.446,0.0,,
ETH,1963,,,,,,,-1.297,0.0,,
ETH,1964,,,,,,,-1.268,0.0,,
ETH,1965,,,,,,,-1.273,0.0,,
ETH,1966,,,,,,,-1.284,0.0,,
ETH,1967,,,,,,,-1.305,0.0,,
ETH,1968,,,,,,,-1.299,0.0,,
ETH,1969,,,,,,,-1.315,0.0,,
ETH,1970,,,,,,,-1.227,0.0,,
ETH,1971,,,,,,,-1.222,0.0,,
ETH,1972,,,,,,,-1.187,0.0,,
ETH,1973,,,,,,,-1.197,0.0,,
ETH,1974,,,,,,,-1.066,0.0,,
ETH,1975,,,,,,,-1.059,0.0,,
ETH,1976,,,,,,,-1.065,0.0,,
ETH,1977,,,,,,,-1.174,0.0,,
ETH,1978,,,,,,,-0.9029,0.0,,
ETH,1979,,,,,,,-0.8523,0.0,,
ETH,1980,,,,,,,-0.9417,0.0,,
ETH,1981,,,,,,,-0.8396,0.0,,
ETH,1982,,,,,,,-0.7519,0.0,,
ETH,1983,,,,,,,-0.7511,0.0,,
ETH,1984,,,,,,,-0.6056,0.0,,
ETH,1985,,,,,,,-0.4997,0.0,,
ETH,1986,,,,,,,-0.447,0.0,,
ETH,1987,,,,,,,-0.4217,0.0,,
ETH,1988,,,,,,,-0.3357,0.0,,
ETH,1989,,,,,,,-0.3046,0.0,,
ETH,1990,,,,,,,-0.4125,0.0,,
ETH,1991,,,,,,,-0.4899,0.0,,
ETH,1992,,,,,,,-0.699,0.0,,
ETH,1993,,,,,,,-0.5691,0.0,,
ETH,1994,,,,,,,-0.4177,0.0,,
ETH,1995,,,,,,,-0.2612,0.0,,
ETH,1996,,,,,,,-0.1839,0.0,,
ETH,1997,,,,,,,-0.1332,0.0,,
ETH,1998,,,,,,,-0.09132,0.0,,
ETH,1999,,,,,,,-0.05266,0.0,,
ETH,2000,,,,,,,-0.04833,0.0,1.4826058,1.2197783686486714
ETH,2001,,,,,,,-0.09388,0.0,1.5565916,1.2319315141472502
ETH,2002,,,,,,,-0.05256,0.0,1.6305776,1.2442057796971993
ETH,2003,,,,,,,-0.1194,0.0,1.7045635,1.2566023222156464
ETH,2004,2.0,,5.0,5.0,3.0,4.333333333333333,-0.1423,0.0,1.7834226,1.2699513954005703
ETH,2005,0.0,,5.0,5.0,3.0,4.333333333333333,-0.0459,0.0,1.8622817,1.2834422777734498
ETH,2006,0.0,0.6666666666666666,4.0,5.0,5.0,4.666666666666667,-0.1036,0.0,1.9411409,1.2970764931751846
ETH,2007,0.0,0.5,4.0,5.0,5.0,4.666666666666667,-0.05097,0.0,2.02,1.3108555294921878
ETH,2008,0.0,0.4,4.0,4.0,4.0,4.0,0.04111,0.0,2.0575001,1.317459173898585
ETH,2009,2.0,0.4,4.0,4.0,4.0,4.0,0.02085,0.0,2.095,1.324096049734184
ETH,2010,0.0,0.4,3.0,4.0,3.0,3.3333333333333335,0.009762,0.0,2.1325,1.3307663775469047
ETH,2011,0.0,0.4,3.0,4.0,3.0,3.3333333333333335,-0.01861,0.0,2.17,1.3374703081130952
ETH,2012,0.0,0.4,4.0,5.0,6.0,5.0,-0.001556,0.0,2.221358,1.346706486431375
ETH,2013,0.0,0.4,4.0,5.0,6.0,5.0,0.04351,0.0,2.272716,1.3560064470926418
ETH,2014,0.0,0.0,4.0,3.0,4.0,3.6666666666666665,0.01494,0.0,2.324074,1.3653706305590803
ETH,2015,0.0,0.0,4.0,3.0,4.0,3.6666666666666665,0.1021,0.0,2.375432,1.374799480334577
ETH,2016,0.0,0.0,4.0,4.0,4.0,4.0,0.1021,1.0,2.42679,1.3842934429857277
ETH,2017,2.0,0.4,4.0,4.0,4.0,4.0,0.1021,1.0,2.4110367,1.3813743616297265
ETH,2018,4.0,1.2,5.0,5.0,4.0,4.666666666666667,0.1021,1.0,2.3952832,1.3784613988437273
ETH,2019,2.0,1.6,5.0,5.0,4.0,4.666666666666667,0.1021,1.0,2.37953,1.375554634043369
ETH,2020,,,3.0,4.0,4.0,3.6666666666666665,0.1021,1.0,2.3910072,1.3776717887561485
ETH,2021,,,3.0,4.0,4.0,3.6666666666666665,0.1021,1.0,2.4025397,1.3798024266151774
ETH,2022,,,3.0,4.0,5.0,4.0,0.1021,1.0,2.4025397,1.3798024266151774
ETH,2023,,,3.0,4.0,5.0,4.0,0.1021,1.0,2.4025397,1.3798024266151774
ETH,2024,,,4.0,4.0,5.0,4.333333333333333,,,,
ETH,2025,,,4.0,4.0,5.0,4.333333333333333,,,,
FIN,1960,,,,,,,1.185,0.0,,
FIN,1961,,,,,,,1.182,0.0,,
FIN,1962,,,,,,,1.352,0.0,,
FIN,1963,,,,,,,1.208,0.0,,
FIN,1964,,,,,,,1.248,0.0,,
FIN,1965,,,,,,,1.484,0.0,,
FIN,1966,,,,,,,1.514,0.0,,
FIN,1967,,,,,,,1.555,0.0,,
FIN,1968,,,,,,,1.551,0.0,,
FIN,1969,,,,,,,1.573,0.0,,
FIN,1970,,,,,,,1.79,0.0,,
FIN,1971,,,,,,,1.846,0.0,,
FIN,1972,,,,,,,1.896,0.0,,
FIN,1973,,,,,,,1.974,0.0,,
FIN,1974,,,,,,,2.023,0.0,,
FIN,1975,,,,,,,2.134,0.0,,
FIN,1976,,,,,,,2.189,0.0,,
FIN,1977,,,,,,,2.201,0.0,,
FIN,1978,,,,,,,2.143,0.0,,
FIN,1979,,,,,,,2.14,0.0,,
FIN,1980,,,,,,,2.088,0.0,,
FIN,1981,,,,,,,2.119,0.0,,
FIN,1982,,,,,,,2.116,0.0,,
FIN,1983,,,,,,,2.13,0.0,,
FIN,1984,,,,,,,2.304,0.0,,
FIN,1985,,,,,,,2.327,0.0,,
FIN,1986,,,,,,,2.328,0.0,,
FIN,1987,,,,,,,2.271,0.0,,
FIN,1988,,,,,,,2.3,0.0,,
FIN,1989,,,,,,,2.269,0.0,,
FIN,1990,,,,,,,2.42,0.0,9.18,2.7738604105820484
FIN,1991,,,,,,,2.399,0.0,9.403847,2.816405977356718
FIN,1992,,,,,,,2.365,0.0,9.627692,2.859603720597784
FIN,1993,,,,,,,2.313,0.0,9.851539,2.9034644212226786
FIN,1994,,,,,,,2.336,0.0,10.075385,2.9479976583246685
FIN,1995,,,,,,,2.336,0.0,10.299231,2.9932139446806074
FIN,1996,,,,,,,2.378,0.0,10.523077,3.0391237568763816
FIN,1997,,,,,,,2.384,0.0,10.746923,3.0857377321873907
FIN,1998,,,,,,,2.418,0.0,10.97077,3.133066884091738
FIN,1999,,,,,,,2.414,0.0,11.194615,3.1811215395299803
FIN,2000,,,,,,,2.467,0.0,11.418462,3.2299136915654936
FIN,2001,,,,,,,2.444,0.0,11.642308,3.2794539963111187
FIN,2002,,,,,,,2.472,0.0,11.866154,3.3297541485414293
FIN,2003,,,,,,,2.498,0.0,12.09,3.380825802770927
FIN,2004,0.0,,,,,,2.528,0.0,12.135,3.3911869742349245
FIN,2005,1.0,,,,,,2.573,0.0,12.18,3.4015798994420523
FIN,2006,0.0,0.3333333333333333,,,,,2.564,0.0,12.23,3.4131649545335434
FIN,2007,0.0,0.25,,,,,2.559,0.0,12.28,3.4247894658499183
FIN,2008,0.0,0.2,,,,,2.54,0.0,12.33,3.4364535677706574
FIN,2009,1.0,0.4,,,,,2.509,0.0,12.37,3.4458134451375364
FIN,2010,0.0,0.2,,,,,2.478,0.0,12.42,3.457549150244292
FIN,2011,0.0,0.2,,,,,2.482,0.0,12.46,3.46696648570308
FIN,2012,0.0,0.2,,,,,2.529,0.0,12.49,3.4740463163058433
FIN,2013,0.0,0.2,,,,,2.413,0.0,12.55,3.488249379823463
FIN,2014,0.0,0.0,,,,,2.397,0.0,12.6,3.5001296126660737
FIN,2015,0.0,0.0,,,,,2.337,0.0,12.63,3.507277165100625
FIN,2016,0.0,0.0,,,,,2.337,1.0,12.684999,3.520418702113001
FIN,2017,0.0,0.0,,,,,2.337,1.0,12.74,3.533609960171723
FIN,2018,0.0,0.0,,,,,2.337,1.0,12.805,3.5492630841157986
FIN,2019,0.0,0.0,,,,,2.337,1.0,12.87,3.5649855479960793
FIN,2020,,,,,,,2.337,1.0,12.924697,3.5782698304223572
FIN,2021,,,,,,,2.337,1.0,12.979626,3.5916602759419067
FIN,2022,,,,,,,2.337,1.0,12.979626,3.5916602759419067
FIN,2023,,,,,,,2.337,1.0,12.979626,3.5916602759419067
FJI,1960,,,,,,,,0.0,,
FJI,1961,,,,,,,,0.0,,
FJI,1962,,,,,,,,0.0,,
FJI,1963,,,,,,,,0.0,,
FJI,1964,,,,,,,,0.0,,
FJI,1965,,,,,,,,0.0,,
FJI,1966,,,,,,,,0.0,,
FJI,1967,,,,,,,,0.0,,
FJI,1968,,,,,,,,0.0,,
FJI,1969,,,,,,,,0.0,,
FJI,1970,,,,,,,0.06681,0.0,,
FJI,1971,,,,,,,0.1636,0.0,,
FJI,1972,,,,,,,0.165,0.0,,
FJI,1973,,,,,,,0.1628,0.0,,
FJI,1974,,,,,,,0.2624,0.0,,
FJI,1975,,,,,,,0.3552,0.0,,
FJI,1976,,,,,,,0.4155,0.0,,
FJI,1977,,,,,,,0.503,0.0,,
FJI,1978,,,,,,,0.6356,0.0,,
FJI,1979,,,,,,,0.6092,0.0,,
FJI,1980,,,,,,,0.6836,0.0,,
FJI,1981,,,,,,,0.6793,0.0,,
FJI,1982,,,,,,,0.7356,0.0,,
FJI,1983,,,,,,,0.7438,0.0,,
FJI,1984,,,,,,,0.7619,0.0,,
FJI,1985,,,,,,,0.731,0.0,,
FJI,1986,,,,,,,0.6611,0.0,,
FJI,1987,,,,,,,0.1261,0.0,,
FJI,1988,,,,,,,0.1793,0.0,,
FJI,1989,,,,,,,0.2092,0.0,,
FJI,1990,,,,,,,0.3919,0.0,6.598862,2.222171924529734
FJI,1991,,,,,,,0.4412,0.0,6.8227663,2.272997389300966
FJI,1992,,,,,,,0.4031,0.0,7.04667,2.3249851920307383
FJI,1993,,,,,,,0.4742,0.0,7.270574,2.378162127415808
FJI,1994,,,,,,,0.46,0.0,7.494478,2.4325553227868073
FJI,1995,,,,,,,0.4977,0.0,7.7183824,2.488192696899243
FJI,1996,,,,,,,0.4834,0.0,7.69,2.4810702016085067
FJI,1997,,,,,,,0.7363,0.0,7.8309093,2.5166328547401977
FJI,1998,,,,,,,0.7041,0.0,7.971818,2.552705093812035
FJI,1999,,,,,,,0.693,0.0,8.112727,2.5796801954538675
FJI,2000,,,,,,,0.3062,0.0,8.253636,2.604517006911528
FJI,2001,,,,,,,0.3697,0.0,8.394546,2.629593122637636
FJI,2002,,,,,,,0.484,0.0,8.535455,2.6549104889966166
FJI,2003,,,,,,,0.471,0.0,8.676364,2.6804716075292077
FJI,2004,0.0,,,,,,0.5685,0.0,8.817272,2.7062786410213633
FJI,2005,1.0,,,,,,0.2353,0.0,8.958181,2.732334325162907
FJI,2006,0.0,0.3333333333333333,,,,,0.227,0.0,9.099091,2.7586410574892386
FJI,2007,0.0,0.25,,,,,0.157,0.0,9.24,2.785200879883103
FJI,2008,0.0,0.2,,,,,0.1238,0.0,9.379,2.8116514068657277
FJI,2009,0.0,0.2,,,,,0.1823,0.0,9.518,2.8383531295099336
FJI,2010,0.0,0.0,,,,,0.1767,0.0,9.657,2.8653084333734995
FJI,2011,0.0,0.0,,,,,0.5016,0.0,9.796,2.8925197266693954
FJI,2012,0.0,0.0,,,,,0.5291,0.0,9.935,2.9199894404809372
FJI,2013,0.0,0.0,,,,,0.4729,0.0,10.074,2.9477200289789782
FJI,2014,0.0,0.0,,,,,0.5307,0.0,10.213,2.97571396964117
FJI,2015,0.0,0.0,,,,,0.4425,0.0,10.352,3.0039737634733013
FJI,2016,2.0,0.4,,,,,0.4425,1.0,10.491,3.032501935232741
FJI,2017,0.0,0.4,,,,,0.4425,1.0,10.63,3.0613010336540016
FJI,2018,0.0,0.4,,,,,0.4425,1.0,10.565243,3.047850304739313
FJI,2019,0.0,0.4,,,,,0.4425,1.0,10.500484,3.0344582628825796
FJI,2020,,,,,,,0.4425,1.0,10.435727,3.0211254755976085
FJI,2021,,,,,,,0.4425,1.0,10.37097,3.0078512698456117
FJI,2022,,,,,,,0.4425,1.0,10.37097,3.0078512698456117
FJI,2023,,,,,,,0.4425,1.0,10.37097,3.0078512698456117
FRA,1960,,,,,,,1.304,0.0,,
FRA,1961,,,,,,,1.335,0.0,,
FRA,1962,,,,,,,1.337,0.0,,
FRA,1963,,,,,,,1.452,0.0,,
FRA,1964,,,,,,,1.466,0.0,,
FRA,1965,,,,,,,1.43,0.0,,
FRA,1966,,,,,,,1.429,0.0,,
FRA,1967,,,,,,,1.451,0.0,,
FRA,1968,,,,,,,1.449,0.0,,
FRA,1969,,,,,,,1.523,0.0,,
FRA,1970,,,,,,,1.51,0.0,,
FRA,1971,,,,,,,1.483,0.0,,
FRA,1972,,,,,,,1.502,0.0,,
FRA,1973,,,,,,,1.521,0.0,,
FRA,1974,,,,,,,1.555,0.0,,
FRA,1975,,,,,,,1.542,0.0,,
FRA,1976,,,,,,,1.586,0.0,,
FRA,1977,,,,,,,1.593,0.0,,
FRA,1978,,,,,,,1.59,0.0,,
FRA,1979,,,,,,,1.6,0.0,,
FRA,1980,,,,,,,1.637,0.0,,
FRA,1981,,,,,,,1.64,0.0,,
FRA,1982,,,,,,,1.628,0.0,,
FRA,1983,,,,,,,1.625,0.0,,
FRA,1984,,,,,,,1.76,0.0,,
FRA,1985,,,,,,,1.737,0.0,,
FRA,1986,,,,,,,1.752,0.0,,
FRA,1987,,,,,,,1.77,0.0,,
FRA,1988,,,,,,,1.75,0.0,,
FRA,1989,,,,,,,1.75,0.0,,
FRA,1990,,,,,,,1.764,0.0,7.55,2.4462347361126366
FRA,1991,,,,,,,1.755,0.0,7.742143,2.4941710836486735
FRA,1992,,,,,,,1.866,0.0,7.9342856,2.543046687772497
FRA,1993,,,,,,,1.862,0.0,8.126429,2.5820848964597403
FRA,1994,,,,,,,1.878,0.0,8.318571,2.616042888115167
FRA,1995,,,,,,,1.882,0.0,8.510715,2.650447834841454
FRA,1996,,,,,,,1.881,0.0,8.702857,2.6853048937948953
FRA,1997,,,,,,,1.79,0.0,8.895,2.7206205563403656
FRA,1998,,,,,,,1.868,0.0,9.087143,2.756400671180957
FRA,1999,,,,,,,1.876,0.0,9.279285,2.7926511566391663
FRA,2000,,,,,,,1.887,0.0,9.471429,2.8293787709706346
FRA,2001,,,,,,,1.849,0.0,9.663571,2.8665890194897266
FRA,2002,,,,,,,1.777,0.0,9.855714,2.904288831791406
FRA,2003,,,,,,,1.757,0.0,10.047857,2.9424844514229536
FRA,2004,2.0,,,,,,1.826,0.0,10.24,2.9811823989714314
FRA,2005,0.0,,,,,,1.818,0.0,10.32,2.9974442232801484
FRA,2006,3.0,1.6666666666666667,,,,,1.816,0.0,10.445,3.023031089304563
FRA,2007,1.0,1.5,,,,,1.811,0.0,10.57,3.048836370640217
FRA,2008,3.0,1.8,,,,,1.737,0.0,10.65,3.0654672354348316
FRA,2009,2.0,1.8,,,,,1.692,0.0,10.63,3.0613010336540016
FRA,2010,0.0,1.8,,,,,1.707,0.0,10.78,3.0926860959067435
FRA,2011,1.0,1.4,,,,,1.708,0.0,10.85,3.107442373802843
FRA,2012,0.0,1.2,,,,,1.717,0.0,10.94,3.126518233722333
FRA,2013,0.0,0.6,,,,,1.669,0.0,11.08,3.1564248167725646
FRA,2014,0.0,0.2,,,,,1.662,0.0,11.23,3.1887851068196564
FRA,2015,0.0,0.2,,,,,1.642,0.0,11.33,3.210542737651519
FRA,2016,0.0,0.0,,,,,1.642,1.0,11.35,3.2149120462311034
FRA,2017,0.0,0.0,,,,,1.642,1.0,11.41,3.228055682164183
FRA,2018,1.0,0.2,,,,,1.642,1.0,11.509999,3.2500810419000628
FRA,2019,0.0,0.2,,,,,1.642,1.0,11.61,3.2722571279836705
FRA,2020,,,,,,,1.642,1.0,11.687574,3.289563996055792
FRA,2021,,,,,,,1.642,1.0,11.765668,3.3070793358827686
FRA,2022,,,,,,,1.642,1.0,11.765668,3.3070793358827686
FRA,2023,,,,,,,1.642,1.0,11.765668,3.3070793358827686
FSM,2000,,,,,,,,,7.8035336,2.5096841124244818
FSM,2001,,,,,,,,,7.774548,2.5023476419095334
FSM,2002,,,,,,,,,7.7456703,2.4950598086026483
FSM,2003,,,,,,,,,7.7168994,2.487820035842366
FSM,2004,0.0,,,,,,,,7.6882358,2.4806281534836545
FSM,2005,0.0,,,,,,,,7.6596785,2.4734836176046056
FSM,2006,1.0,0.3333333333333333,,,,,,,7.631227,2.4663860140969627
FSM,2007,1.0,0.5,,,,,,,7.6028814,2.4593350816583452
FSM,2008,0.0,0.4,,,,,,,7.574641,2.4523303628678645
FSM,2009,0.0,0.4,,,,,,,7.5465055,2.445371503362404
FSM,2010,0.0,0.4,,,,,,,7.5184746,2.4384581518755954
FSM,2011,0.0,0.2,,,,,,,7.4905477,2.431589886528718
FSM,2012,0.0,0.0,,,,,,,7.4627247,2.4247664117540144
FSM,2013,0.0,0.0,,,,,,,7.435005,2.4179873123215785
FSM,2014,0.0,0.0,,,,,,,7.407285,2.4112270926604134
FSM,2015,0.0,0.0,,,,,,,7.3795657,2.4044859432485355
FSM,2016,0.0,0.0,,,,,,,7.3518457,2.397763470774957
FSM,2017,0.0,0.0,,,,,,,7.3241262,2.3910599137682835
FSM,2018,0.0,0.0,,,,,,,7.3269253,2.3917359837256127
FSM,2019,0.0,0.0,,,,,,,7.329725,2.3924123898212777
FSM,2020,,,,,,,,,7.332524,2.3930888180197503
FSM,2021,,,,,,,,,7.332524,2.3930888180197503
FSM,2022,,,,,,,,,7.332524,2.3930888180197503
FSM,2023,,,,,,,,,7.332524,2.3930888180197503
GAB,1960,,,,,,,-0.6972,0.0,,
GAB,1961,,,,,,,-0.6478,0.0,,
GAB,1962,,,,,,,-0.5914,0.0,,
GAB,1963,,,,,,,-0.5482,0.0,,
GAB,1964,,,,,,,-0.5311,0.0,,
GAB,1965,,,,,,,-0.4733,0.0,,
GAB,1966,,,,,,,-0.4679,0.0,,
GAB,1967,,,,,,,-0.5225,0.0,,
GAB,1968,,,,,,,-0.5314,0.0,,
GAB,1969,,,,,,,-0.4868,0.0,,
GAB,1970,,,,,,,-0.5032,0.0,,
GAB,1971,,,,,,,-0.4743,0.0,,
GAB,1972,,,,,,,-0.4384,0.0,,
GAB,1973,,,,,,,-0.8365,0.0,,
GAB,1974,,,,,,,-0.6616,0.0,,
GAB,1975,,,,,,,-0.3429,0.0,,
GAB,1976,,,,,,,-0.3144,0.0,,
GAB,1977,,,,,,,-0.006834,0.0,,
GAB,1978,,,,,,,0.1665,0.0,,
GAB,1979,,,,,,,0.2915,0.0,,
GAB,1980,,,,,,,-0.4508,0.0,,
GAB,1981,,,,,,,-0.4533,0.0,,
GAB,1982,,,,,,,-0.4125,0.0,,
GAB,1983,,,,,,,-0.4111,0.0,,
GAB,1984,,,,,,,-0.417,0.0,,
GAB,1985,,,,,,,-0.3414,0.0,,
GAB,1986,,,,,,,-0.2825,0.0,,
GAB,1987,,,,,,,-0.1459,0.0,,
GAB,1988,,,,,,,-0.1945,0.0,,
GAB,1989,,,,,,,-0.1896,0.0,,
GAB,1990,,,,,,,-0.03834,0.0,4.32,1.7652988567689643
GAB,1991,,,,,,,0.03327,0.0,4.5,1.79768549249328
GAB,1992,,,,,,,0.01236,0.0,4.68,1.8306663019290426
GAB,1993,,,,,,,0.1368,0.0,4.86,1.8642521859429673
GAB,1994,,,,,,,0.07416,0.0,5.04,1.8984542453919278
GAB,1995,,,,,,,0.0807,0.0,5.22,1.9332837847920294
GAB,1996,,,,,,,0.05762,0.0,5.406,1.9699457415299197
GAB,1997,,,,,,,0.07691,0.0,5.592,2.007302939743699
GAB,1998,,,,,,,0.07493,0.0,5.778,2.0453685636917327
GAB,1999,,,,,,,0.1426,0.0,5.964,2.084156047652953
GAB,2000,,,,,,,-0.07402,0.0,6.15,2.123679080668142
GAB,2001,,,,,,,-0.02371,0.0,6.304,2.156969009725685
GAB,2002,,,,,,,0.0637,0.0,6.458,2.1907807781641138
GAB,2003,,,,,,,0.0711,0.0,6.612,2.225122566125206
GAB,2004,0.0,,,,,,-0.2171,0.0,6.766,2.2600026819793118
GAB,2005,0.0,,,,,,-0.3294,0.0,6.92,2.2954295643354157
GAB,2006,0.0,0.0,,,,,-0.423,0.0,7.05,2.3257672858138023
GAB,2007,0.0,0.0,,,,,-0.4304,0.0,7.18,2.3565059681227027
GAB,2008,0.0,0.0,,,,,-0.3425,0.0,7.31,2.387650910591788
GAB,2009,1.0,0.2,,,,,-0.1855,0.0,7.44,2.4192074825897287
GAB,2010,1.0,0.4,,,,,-0.2718,0.0,7.57,2.4511811244498687
GAB,2011,1.0,0.6,,,,,-0.1258,0.0,7.852,2.521999400917312
GAB,2012,0.0,0.6,,,,,-0.2893,0.0,8.134,2.5834145683095957
GAB,2013,3.0,1.2,,,,,-0.1604,0.0,8.416,2.6334321620683223
GAB,2014,2.0,1.4,,,,,-0.1568,0.0,8.698,2.6844181484792013
GAB,2015,0.0,1.2,,,,,-0.2089,0.0,8.98,2.7363912766314673
GAB,2016,0.0,1.0,,,,,-0.2089,1.0,9.094,2.757686214345984
GAB,2017,3.0,1.6,,,,,-0.2089,1.0,9.208,2.7791468719179417
GAB,2018,5.0,2.0,5.0,5.0,7.0,5.666666666666667,-0.2089,1.0,9.322,2.8007745389999092
GAB,2019,1.0,1.8,5.0,5.0,7.0,5.666666666666667,-0.2089,1.0,9.436,2.822570515280695
GAB,2020,,,4.0,4.0,7.0,5.0,-0.2089,1.0,9.55,2.844536110563445
GAB,2021,,,4.0,4.0,7.0,5.0,-0.2089,1.0,9.686,2.870964396550903
GAB,2022,,,4.0,4.0,7.0,5.0,-0.2089,1.0,9.686,2.870964396550903
GAB,2023,,,4.0,4.0,7.0,5.0,-0.2089,1.0,9.686,2.870964396550903
GAB,2024,,,5.0,5.0,6.0,5.333333333333333,,,,
GAB,2025,,,5.0,5.0,6.0,5.333333333333333,,,,
GBR,1960,,,,,,,0.9582,0.0,,
GBR,1961,,,,,,,0.9639,0.0,,
GBR,1962,,,,,,,0.9574,0.0,,
GBR,1963,,,,,,,0.9566,0.0,,
GBR,1964,,,,,,,0.9602,0.0,,
GBR,1965,,,,,,,1.192,0.0,,
GBR,1966,,,,,,,1.229,0.0,,
GBR,1967,,,,,,,1.252,0.0,,
GBR,1968,,,,,,,1.252,0.0,,
GBR,1969,,,,,,,1.424,0.0,,
GBR,1970,,,,,,,1.451,0.0,,
GBR,1971,,,,,,,1.434,0.0,,
GBR,1972,,,,,,,1.402,0.0,,
GBR,1973,,,,,,,1.39,0.0,,
GBR,1974,,,,,,,1.469,0.0,,
GBR,1975,,,,,,,1.514,0.0,,
GBR,1976,,,,,,,1.486,0.0,,
GBR,1977,,,,,,,1.469,0.0,,
GBR,1978,,,,,,,1.458,0.0,,
GBR,1979,,,,,,,1.457,0.0,,
GBR,1980,,,,,,,1.462,0.0,,
GBR,1981,,,,,,,1.454,0.0,,
GBR,1982,,,,,,,1.472,0.0,,
GBR,1983,,,,,,,1.438,0.0,,
GBR,1984,,,,,,,1.671,0.0,,
GBR,1985,,,,,,,1.566,0.0,,
GBR,1986,,,,,,,1.522,0.0,,
GBR,1987,,,,,,,1.509,0.0,,
GBR,1988,,,,,,,1.521,0.0,,
GBR,1989,,,,,,,1.562,0.0,,
GBR,1990,,,,,,,1.65,0.0,9.63681,2.861377293307049
GBR,1991,,,,,,,1.637,0.0,9.725799,2.8787447026651223
GBR,1992,,,,,,,1.73,0.0,9.814787,2.896217328270247
GBR,1993,,,,,,,1.703,0.0,9.903775,2.9137960044901585
GBR,1994,,,,,,,1.821,0.0,9.992764,2.931481574342924
GBR,1995,,,,,,,1.837,0.0,10.081753,2.9492744884917688
GBR,1996,,,,,,,1.837,0.0,10.205468,2.9741902705974046
GBR,1997,,,,,,,1.845,0.0,10.329185,2.999316951766624
GBR,1998,,,,,,,1.887,0.0,10.4529,3.024655497882816
GBR,1999,,,,,,,1.89,0.0,10.576616,3.050208314124647
GBR,2000,,,,,,,1.886,0.0,10.700332,3.0759770050068607
GBR,2001,,,,,,,1.899,0.0,10.954275,3.12955461844271
GBR,2002,,,,,,,1.884,0.0,11.208218,3.184065451033581
GBR,2003,,,,,,,1.883,0.0,11.462161,3.2395257576653402
GBR,2004,1.0,,,,,,1.87,0.0,11.716104,3.2959520763527523
GBR,2005,0.0,,,,,,1.871,0.0,11.970047,3.3533612331710483
GBR,2006,0.0,0.3333333333333333,,,,,1.897,0.0,12.250035,3.41781815119561
GBR,2007,0.0,0.25,,,,,1.873,0.0,12.530024,3.483514270228654
GBR,2008,0.0,0.2,,,,,1.872,0.0,12.810012,3.55047293591979
GBR,2009,1.0,0.2,,,,,1.843,0.0,13.09,3.618718653295903
GBR,2010,1.0,0.4,,,,,1.879,0.0,13.21,3.6483682031509668
GBR,2011,0.0,0.4,,,,,1.851,0.0,13.19,3.643409794876564
GBR,2012,0.0,0.4,,,,,1.817,0.0,13.34,3.6807627510110223
GBR,2013,1.0,0.6,,,,,1.801,0.0,12.83,3.5553019629514426
GBR,2014,0.0,0.4,,,,,1.79,0.0,12.89,3.5698372267350913
GBR,2015,2.0,0.6,,,,,1.777,0.0,12.9800005,3.59175174232713
GBR,2016,0.0,0.6,,,,,1.777,1.0,13.07,3.613800541001826
GBR,2017,1.0,0.8,,,,,1.777,1.0,13.16,3.635984814949524
GBR,2018,0.0,0.6,,,,,1.777,1.0,13.243333,3.6566471341985847
GBR,2019,1.0,0.8,,,,,1.777,1.0,13.326667,3.6774271218899512
GBR,2020,,,,,,,1.777,1.0,13.41,3.698324946571515
GBR,2021,,,,,,,1.777,1.0,13.49,3.7184986570222542
GBR,2022,,,,,,,1.777,1.0,13.49,3.7184986570222542
GBR,2023,,,,,,,1.777,1.0,13.49,3.7184986570222542
GDR,1960,,,,,,,0.252,0.0,,
GDR,1961,,,,,,,0.2939,0.0,,
GDR,1962,,,,,,,0.4639,0.0,,
GDR,1963,,,,,,,0.5204,0.0,,
GDR,1964,,,,,,,0.5289,0.0,,
GDR,1965,,,,,,,0.5994,0.0,,
GDR,1966,,,,,,,0.628,0.0,,
GDR,1967,,,,,,,0.6768,0.0,,
GDR,1968,,,,,,,0.7839,0.0,,
GDR,1969,,,,,,,0.8273,0.0,,
GDR,1970,,,,,,,0.8245,0.0,,
GDR,1971,,,,,,,0.8321,0.0,,
GDR,1972,,,,,,,0.8101,0.0,,
GDR,1973,,,,,,,0.8337,0.0,,
GDR,1974,,,,,,,0.8391,0.0,,
GDR,1975,,,,,,,0.8321,0.0,,
GDR,1976,,,,,,,0.8428,0.0,,
GDR,1977,,,,,,,0.8439,0.0,,
GDR,1978,,,,,,,0.8713,0.0,,
GDR,1979,,,,,,,0.8983,0.0,,
GDR,1980,,,,,,,0.9101,0.0,,
GDR,1981,,,,,,,0.926,0.0,,
GDR,1982,,,,,,,0.9645,0.0,,
GDR,1983,,,,,,,0.9808,0.0,,
GDR,1984,,,,,,,1.189,0.0,,
GDR,1985,,,,,,,1.21,0.0,,
GDR,1986,,,,,,,1.218,0.0,,
GDR,1987,,,,,,,1.248,0.0,,
GDR,1988,,,,,,,1.252,0.0,,
GDR,1989,,,,,,,1.271,0.0,,
GDR,1990,,,,,,,1.397,0.0,,
GDR,1991,,,,,,,,0.0,,
GDR,1992,,,,,,,,0.0,,
GDR,1993,,,,,,,,0.0,,
GDR,1994,,,,,,,,0.0,,
GDR,1995,,,,,,,,0.0,,
GDR,1996,,,,,,,,0.0,,
GDR,1997,,,,,,,,0.0,,
GDR,1998,,,,,,,,0.0,,
GDR,1999,,,,,,,,0.0,,
GDR,2000,,,,,,,,0.0,,
GDR,2001,,,,,,,,0.0,,
GDR,2002,,,,,,,,0.0,,
GDR,2003,,,,,,,,0.0,,
GDR,2004,,,,,,,,0.0,,
GDR,2005,,,,,,,,0.0,,
GDR,2006,,,,,,,,0.0,,
GDR,2007,,,,,,,,0.0,,
GDR,2008,,,,,,,,0.0,,
GDR,2009,,,,,,,,0.0,,
GDR,2010,,,,,,,,0.0,,
GDR,2011,,,,,,,,0.0,,
GDR,2012,,,,,,,,0.0,,
GDR,2013,,,,,,,,0.0,,
GDR,2014,,,,,,,,0.0,,
GDR,2015,,,,,,,,0.0,,
GDR,2016,,,,,,,1.397,1.0,,
GDR,2017,,,,,,,1.397,1.0,,
GDR,2018,,,,,,,1.397,1.0,,
GDR,2019,,,,,,,1.397,1.0,,
GDR,2020,,,,,,,1.397,1.0,,
GDR,2021,,,,,,,1.397,1.0,,
GDR,2022,,,,,,,1.397,1.0,,
GDR,2023,,,,,,,1.397,1.0,,
GEO,1960,,,,,,,,0.0,,
GEO,1961,,,,,,,,0.0,,
GEO,1962,,,,,,,,0.0,,
GEO,1963,,,,,,,,0.0,,
GEO,1964,,,,,,,,0.0,,
GEO,1965,,,,,,,,0.0,,
GEO,1966,,,,,,,,0.0,,
GEO,1967,,,,,,,,0.0,,
GEO,1968,,,,,,,,0.0,,
GEO,1969,,,,,,,,0.0,,
GEO,1970,,,,,,,,0.0,,
GEO,1971,,,,,,,,0.0,,
GEO,1972,,,,,,,,0.0,,
GEO,1973,,,,,,,,0.0,,
GEO,1974,,,,,,,,0.0,,
GEO,1975,,,,,,,,0.0,,
GEO,1976,,,,,,,,0.0,,
GEO,1977,,,,,,,,0.0,,
GEO,1978,,,,,,,,0.0,,
GEO,1979,,,,,,,,0.0,,
GEO,1980,,,,,,,,0.0,,
GEO,1981,,,,,,,,0.0,,
GEO,1982,,,,,,,,0.0,,
GEO,1983,,,,,,,,0.0,,
GEO,1984,,,,,,,,0.0,,
GEO,1985,,,,,,,,0.0,,
GEO,1986,,,,,,,,0.0,,
GEO,1987,,,,,,,,0.0,,
GEO,1988,,,,,,,,0.0,,
GEO,1989,,,,,,,,0.0,,
GEO,1990,,,,,,,,0.0,,
GEO,1991,,,,,,,-0.859,0.0,,
GEO,1992,,,,,,,-0.5469,0.0,,
GEO,1993,,,,,,,-1.051,0.0,,
GEO,1994,,,,,,,-0.7821,0.0,,
GEO,1995,,,,,,,-0.5045,0.0,,
GEO,1996,,,,,,,-0.644,0.0,,
GEO,1997,,,,,,,-0.6895,0.0,,
GEO,1998,,,,,,,-0.5894,0.0,,
GEO,1999,,,,,,,-0.5562,0.0,,
GEO,2000,,,,,,,-0.5462,0.0,11.805938,3.3161477202367733
GEO,2001,,,,,,,-0.5333,0.0,11.862832,3.3290020553489104
GEO,2002,,,,,,,-0.5069,0.0,11.92,3.3419684845097577
GEO,2003,,,,,,,-0.4439,0.0,11.978,3.3551752348048507
GEO,2004,0.0,,6.0,6.0,5.0,5.666666666666667,0.241,0.0,12.036,3.368434175374677
GEO,2005,3.0,,6.0,6.0,5.0,5.666666666666667,0.6091,0.0,12.094,3.3817455124641285
GEO,2006,7.0,3.3333333333333335,7.0,8.0,6.0,7.0,0.5375,0.0,12.152,3.395109453133131
GEO,2007,7.0,4.25,7.0,8.0,6.0,7.0,0.7061,0.0,12.21,3.4085262052598693
GEO,2008,4.0,4.2,6.0,6.0,7.0,6.333333333333333,0.8738,0.0,12.268,3.421995977544019
GEO,2009,4.0,5.0,6.0,6.0,7.0,6.333333333333333,0.7938,0.0,12.326,3.435518979509989
GEO,2010,3.0,5.0,6.0,6.0,7.0,6.333333333333333,0.8839,0.0,12.384,3.4490954215101888
GEO,2011,6.0,4.8,6.0,6.0,7.0,6.333333333333333,0.9153,0.0,12.442,3.4627255147282923
GEO,2012,3.0,4.0,7.0,6.0,7.0,6.666666666666667,0.9816,0.0,12.5,3.4764094711825293
GEO,2013,1.0,3.4,7.0,6.0,7.0,6.666666666666667,1.026,0.0,12.559999,3.4906219587055323
GEO,2014,0.0,2.6,6.0,6.0,7.0,6.333333333333333,0.7769,0.0,12.62,3.504893027327068
GEO,2015,1.0,2.2,6.0,6.0,7.0,6.333333333333333,0.9021,0.0,12.715,3.527607926413615
GEO,2016,5.0,2.0,6.0,6.0,7.0,6.333333333333333,0.9021,1.0,12.81,3.5504700387350563
GEO,2017,4.0,2.2,6.0,6.0,7.0,6.333333333333333,0.9021,1.0,12.87,3.5649855479960793
GEO,2018,3.0,2.6,6.0,6.0,7.0,6.333333333333333,0.9021,1.0,12.844999,3.5589299790434676
GEO,2019,1.0,2.8,6.0,6.0,7.0,6.333333333333333,0.9021,1.0,12.82,3.5528851794161644
GEO,2020,,,5.0,6.0,7.0,6.0,0.9021,1.0,12.78,3.543234462652938
GEO,2021,,,5.0,6.0,7.0,6.0,0.9021,1.0,12.74,3.533609960171723
GEO,2022,,,5.0,6.0,7.0,6.0,0.9021,1.0,12.7,3.5240116007665545
GEO,2023,,,5.0,6.0,7.0,6.0,0.9021,1.0,12.7,3.5240116007665545
GEO,2024,,,5.0,5.0,6.0,5.333333333333333,,,,
GEO,2025,,,5.0,5.0,6.0,5.333333333333333,,,,
GFR,1960,,,,,,,1.374,0.0,,
GFR,1961,,,,,,,1.383,0.0,,
GFR,1962,,,,,,,1.407,0.0,,
GFR,1963,,,,,,,1.451,0.0,,
GFR,1964,,,,,,,1.467,0.0,,
GFR,1965,,,,,,,1.465,0.0,,
GFR,1966,,,,,,,1.442,0.0,,
GFR,1967,,,,,,,1.432,0.0,,
GFR,1968,,,,,,,1.407,0.0,,
GFR,1969,,,,,,,1.431,0.0,,
GFR,1970,,,,,,,1.23,0.0,,
GFR,1971,,,,,,,1.249,0.0,,
GFR,1972,,,,,,,1.277,0.0,,
GFR,1973,,,,,,,1.323,0.0,,
GFR,1974,,,,,,,1.345,0.0,,
GFR,1975,,,,,,,1.326,0.0,,
GFR,1976,,,,,,,1.333,0.0,,
GFR,1977,,,,,,,1.36,0.0,,
GFR,1978,,,,,,,1.375,0.0,,
GFR,1979,,,,,,,1.552,0.0,,
GFR,1980,,,,,,,1.58,0.0,,
GFR,1981,,,,,,,1.552,0.0,,
GFR,1982,,,,,,,1.551,0.0,,
GFR,1983,,,,,,,1.566,0.0,,
GFR,1984,,,,,,,1.686,0.0,,
GFR,1985,,,,,,,1.687,0.0,,
GFR,1986,,,,,,,1.718,0.0,,
GFR,1987,,,,,,,1.748,0.0,,
GFR,1988,,,,,,,1.889,0.0,,
GFR,1989,,,,,,,2.053,0.0,,
GFR,1990,,,,,,,2.148,0.0,,
GFR,1991,,,,,,,,0.0,,
GFR,1992,,,,,,,,0.0,,
GFR,1993,,,,,,,,0.0,,
GFR,1994,,,,,,,,0.0,,
GFR,1995,,,,,,,,0.0,,
GFR,1996,,,,,,,,0.0,,
GFR,1997,,,,,,,,0.0,,
GFR,1998,,,,,,,,0.0,,
GFR,1999,,,,,,,,0.0,,
GFR,2000,,,,,,,,0.0,,
GFR,2001,,,,,,,,0.0,,
GFR,2002,,,,,,,,0.0,,
GFR,2003,,,,,,,,0.0,,
GFR,2004,,,,,,,,0.0,,
GFR,2005,,,,,,,,0.0,,
GFR,2006,,,,,,,,0.0,,
GFR,2007,,,,,,,,0.0,,
GFR,2008,,,,,,,,0.0,,
GFR,2009,,,,,,,,0.0,,
GFR,2010,,,,,,,,0.0,,
GFR,2011,,,,,,,,0.0,,
GFR,2012,,,,,,,,0.0,,
GFR,2013,,,,,,,,0.0,,
GFR,2014,,,,,,,,0.0,,
GFR,2015,,,,,,,,0.0,,
GFR,2016,,,,,,,2.148,1.0,,
GFR,2017,,,,,,,2.148,1.0,,
GFR,2018,,,,,,,2.148,1.0,,
GFR,2019,,,,,,,2.148,1.0,,
GFR,2020,,,,,,,2.148,1.0,,
GFR,2021,,,,,,,2.148,1.0,,
GFR,2022,,,,,,,2.148,1.0,,
GFR,2023,,,,,,,2.148,1.0,,
GHA,1960,,,,,,,-0.2524,0.0,,
GHA,1961,,,,,,,-0.2057,0.0,,
GHA,1962,,,,,,,-0.203,0.0,,
GHA,1963,,,,,,,-0.2919,0.0,,
GHA,1964,,,,,,,-0.2834,0.0,,
GHA,1965,,,,,,,-0.2683,0.0,,
GHA,1966,,,,,,,-0.275,0.0,,
GHA,1967,,,,,,,-0.3947,0.0,,
GHA,1968,,,,,,,-0.4304,0.0,,
GHA,1969,,,,,,,-0.3131,0.0,,
GHA,1970,,,,,,,-0.3693,0.0,,
GHA,1971,,,,,,,-0.3905,0.0,,
GHA,1972,,,,,,,-0.6943,0.0,,
GHA,1973,,,,,,,-0.6764,0.0,,
GHA,1974,,,,,,,-0.7005,0.0,,
GHA,1975,,,,,,,-0.7832,0.0,,
GHA,1976,,,,,,,-0.6158,0.0,,
GHA,1977,,,,,,,-0.6895,0.0,,
GHA,1978,,,,,,,-0.7466,0.0,,
GHA,1979,,,,,,,-0.9239,0.0,,
GHA,1980,,,,,,,-0.6835,0.0,,
GHA,1981,,,,,,,-0.6453,0.0,,
GHA,1982,,,,,,,-0.4535,0.0,,
GHA,1983,,,,,,,-0.9061,0.0,,
GHA,1984,,,,,,,-0.9184,0.0,,
GHA,1985,,,,,,,-0.8462,0.0,,
GHA,1986,,,,,,,-0.8004,0.0,,
GHA,1987,,,,,,,-0.806,0.0,,
GHA,1988,,,,,,,-0.7071,0.0,,
GHA,1989,,,,,,,-0.5361,0.0,,
GHA,1990,,,,,,,-0.4736,0.0,4.183137,1.7410647249915912
GHA,1991,,,,,,,-0.4068,0.0,4.310931,1.7636826380565478
GHA,1992,,,,,,,-0.4496,0.0,4.4387255,1.786594467291411
GHA,1993,,,,,,,-0.3064,0.0,4.56652,1.8098039418665184
GHA,1994,,,,,,,-0.2593,0.0,4.6943145,1.8333149284634722
GHA,1995,,,,,,,-0.23,0.0,4.8221087,1.8571312877244794
GHA,1996,,,,,,,-0.2116,0.0,4.9021935,1.8722137299123438
GHA,1997,,,,,,,-0.2199,0.0,4.982278,1.8874186049388406
GHA,1998,,,,,,,-0.2319,0.0,5.062362,1.9027468677614319
GHA,1999,,,,,,,-0.2154,0.0,5.142447,1.9181998095002801
GHA,2000,,,,,,,-0.3375,0.0,5.2225313,1.9337781138254273
GHA,2001,,,,,,,-0.4849,0.0,5.2702413,1.943118916996703
GHA,2002,,,,,,,-0.4032,0.0,5.317951,1.9525047802496998
GHA,2003,,,,,,,-0.2754,0.0,5.365661,1.9619360395616634
GHA,2004,0.0,,8.0,8.0,7.0,7.666666666666667,-0.3677,0.0,5.413371,1.9714128550500365
GHA,2005,0.0,,8.0,8.0,7.0,7.666666666666667,-0.08912,0.0,5.461081,1.980935446766579
GHA,2006,0.0,0.0,8.0,8.0,7.0,7.666666666666667,0.05081,0.0,5.5207186,1.9929034163174681
GHA,2007,6.0,1.5,8.0,8.0,7.0,7.666666666666667,0.073,0.0,5.5803556,2.004943569751265
GHA,2008,2.0,1.6,8.0,8.0,7.0,7.666666666666667,0.08967,0.0,5.639993,2.0170565454269194
GHA,2009,2.0,2.0,8.0,8.0,7.0,7.666666666666667,0.08964,0.0,5.6996307,2.0292427637903008
GHA,2010,1.0,2.2,8.0,8.0,7.0,7.666666666666667,0.1441,0.0,5.759268,2.041502523749807
GHA,2011,0.0,2.2,8.0,8.0,7.0,7.666666666666667,0.153,0.0,5.7899384,2.0478363124059302
GHA,2012,2.0,1.4,8.0,8.0,7.0,7.666666666666667,0.2217,0.0,5.820609,2.0541897932199973
GHA,2013,0.0,1.0,8.0,8.0,7.0,7.666666666666667,0.149,0.0,5.8512797,2.0605630067329797
GHA,2014,0.0,0.6,7.0,7.0,7.0,7.0,0.1219,0.0,5.8819504,2.066955993419121
GHA,2015,0.0,0.4,7.0,7.0,7.0,7.0,0.255,0.0,5.912621,2.073368793684528
GHA,2016,0.0,0.4,6.0,6.0,7.0,6.333333333333333,0.255,1.0,6.0165606,2.09524946068926
GHA,2017,2.0,0.4,6.0,6.0,7.0,6.333333333333333,0.255,1.0,6.1205,2.117360995888116
GHA,2018,2.0,0.8,6.0,6.0,8.0,6.666666666666667,0.255,1.0,6.317842,2.1599866518977247
GHA,2019,0.0,0.8,6.0,6.0,8.0,6.666666666666667,0.255,1.0,6.515184,2.203470426364119
GHA,2020,,,6.0,6.0,8.0,6.666666666666667,0.255,1.0,6.7125263,2.2478296626095142
GHA,2021,,,6.0,6.0,8.0,6.666666666666667,0.255,1.0,6.9098682,2.2930818256154026
GHA,2022,,,6.0,6.0,8.0,6.666666666666667,0.255,1.0,7.10721,2.3392449585149215
GHA,2023,,,6.0,6.0,8.0,6.666666666666667,0.255,1.0,7.10721,2.3392449585149215
GHA,2024,,,6.0,6.0,8.0,6.666666666666667,,,,
GHA,2025,,,6.0,6.0,8.0,6.666666666666667,,,,
GIN,1960,,,,,,,-1.146,0.0,,
GIN,1961,,,,,,,-1.111,0.0,,
GIN,1962,,,,,,,-1.1,0.0,,
GIN,1963,,,,,,,-0.9205,0.0,,
GIN,1964,,,,,,,-0.9884,0.0,,
GIN,1965,,,,,,,-0.9292,0.0,,
GIN,1966,,,,,,,-0.8985,0.0,,
GIN,1967,,,,,,,-0.9285,0.0,,
GIN,1968,,,,,,,-0.8955,0.0,,
GIN,1969,,,,,,,-0.9028,0.0,,
GIN,1970,,,,,,,-0.9045,0.0,,
GIN,1971,,,,,,,-0.8392,0.0,,
GIN,1972,,,,,,,-0.7874,0.0,,
GIN,1973,,,,,,,-0.7793,0.0,,
GIN,1974,,,,,,,-0.8589,0.0,,
GIN,1975,,,,,,,-0.8835,0.0,,
GIN,1976,,,,,,,-0.7966,0.0,,
GIN,1977,,,,,,,-0.723,0.0,,
GIN,1978,,,,,,,-0.4927,0.0,,
GIN,1979,,,,,,,-0.5258,0.0,,
GIN,1980,,,,,,,-0.3205,0.0,,
GIN,1981,,,,,,,-0.5157,0.0,,
GIN,1982,,,,,,,-0.1502,0.0,,
GIN,1983,,,,,,,-0.7863,0.0,,
GIN,1984,,,,,,,-0.3578,0.0,,
GIN,1985,,,,,,,-0.4038,0.0,,
GIN,1986,,,,,,,-0.821,0.0,,
GIN,1987,,,,,,,-0.7409,0.0,,
GIN,1988,,,,,,,-0.6577,0.0,,
GIN,1989,,,,,,,-0.6328,0.0,,
GIN,1990,,,,,,,-0.638,0.0,1.3127275,1.1923253606934636
GIN,1991,,,,,,,-0.489,0.0,1.3253013,1.1943359901848833
GIN,1992,,,,,,,-0.4611,0.0,1.3379954,1.196369295776639
GIN,1993,,,,,,,-0.4649,0.0,1.3508112,1.1984256065093541
GIN,1994,,,,,,,-0.4468,0.0,1.3637499,1.2005052220913133
GIN,1995,,,,,,,-0.424,0.0,1.3768123,1.2026083804395018
GIN,1996,,,,,,,-0.4031,0.0,1.39,1.2047354508783286
GIN,1997,,,,,,,-0.4118,0.0,1.4035714,1.2069283370874153
GIN,1998,,,,,,,-0.3853,0.0,1.4171429,1.209125231038933
GIN,1999,,,,,,,-0.365,0.0,1.4307142,1.2113260913915378
GIN,2000,,,,,,,-0.479,0.0,1.4442858,1.2135310065534088
GIN,2001,,,,,,,-0.3861,0.0,1.4578571,1.2157398863372548
GIN,2002,,,,,,,-0.3688,0.0,1.4714286,1.2179528193845959
GIN,2003,,,,,,,-0.3824,0.0,1.485,1.2201697641412224
GIN,2004,0.0,,4.0,3.0,4.0,3.6666666666666665,-0.2672,0.0,1.4985714,1.2223907442299042
GIN,2005,0.0,,4.0,3.0,4.0,3.6666666666666665,-0.3643,0.0,1.5121429,1.2246157834056937
GIN,2006,0.0,0.0,2.0,3.0,2.0,2.3333333333333335,-0.4277,0.0,1.5257143,1.2268448562373284
GIN,2007,0.0,0.0,2.0,3.0,2.0,2.3333333333333335,-0.2746,0.0,1.5392858,1.229078002946455
GIN,2008,0.0,0.0,1.0,2.0,1.0,1.3333333333333333,-0.3831,0.0,1.5528572,1.2313151980091452
GIN,2009,0.0,0.0,1.0,2.0,1.0,1.3333333333333333,-0.31,0.0,1.5664287,1.2335564817936044
GIN,2010,0.0,0.0,5.0,5.0,5.0,5.0,-0.1907,0.0,1.58,1.2358018121231562
GIN,2011,1.0,0.2,5.0,5.0,5.0,5.0,-0.1771,0.0,1.6525,1.247866134285862
GIN,2012,3.0,0.8,4.0,4.0,6.0,4.666666666666667,-0.08945,0.0,1.725,1.260048232509274
GIN,2013,0.0,0.8,4.0,4.0,6.0,4.666666666666667,-0.2133,0.0,1.7975,1.2723492565637886
GIN,2014,2.0,1.2,5.0,5.0,7.0,5.666666666666667,-0.2354,0.0,1.87,1.2847703674442563
GIN,2015,0.0,1.2,5.0,5.0,7.0,5.666666666666667,-0.2401,0.0,2.45096,1.388784133156259
GIN,2016,2.0,1.4,6.0,6.0,6.0,6.0,-0.2401,1.0,3.03192,1.501218752689099
GIN,2017,2.0,1.2,6.0,6.0,6.0,6.0,-0.2401,1.0,2.58096,1.4131886993873508
GIN,2018,3.0,1.8,6.0,6.0,7.0,6.333333333333333,-0.2401,1.0,2.13,1.3303206454747172
GIN,2019,0.0,1.4,6.0,6.0,7.0,6.333333333333333,-0.2401,1.0,2.2427104,1.350565229846722
GIN,2020,,,5.0,5.0,7.0,5.666666666666667,-0.2401,1.0,2.3613849,1.372214113596022
GIN,2021,,,5.0,5.0,7.0,5.666666666666667,-0.2401,1.0,2.486339,1.395383692721095
GIN,2022,,,6.0,5.0,7.0,6.0,-0.2401,1.0,2.486339,1.395383692721095
GIN,2023,,,6.0,5.0,7.0,6.0,-0.2401,1.0,2.486339,1.395383692721095
GIN,2024,,,5.0,4.0,7.0,5.333333333333333,,,,
GIN,2025,,,5.0,4.0,7.0,5.333333333333333,,,,
GMB,1960,,,,,,,,0.0,,
GMB,1961,,,,,,,,0.0,,
GMB,1962,,,,,,,,0.0,,
GMB,1963,,,,,,,,0.0,,
GMB,1964,,,,,,,,0.0,,
GMB,1965,,,,,,,-0.4844,0.0,,
GMB,1966,,,,,,,-0.4789,0.0,,
GMB,1967,,,,,,,-0.453,0.0,,
GMB,1968,,,,,,,-0.4205,0.0,,
GMB,1969,,,,,,,-0.4283,0.0,,
GMB,1970,,,,,,,-0.4073,0.0,,
GMB,1971,,,,,,,-0.407,0.0,,
GMB,1972,,,,,,,-0.9598,0.0,,
GMB,1973,,,,,,,-0.8307,0.0,,
GMB,1974,,,,,,,-0.8594,0.0,,
GMB,1975,,,,,,,-0.864,0.0,,
GMB,1976,,,,,,,-0.8553,0.0,,
GMB,1977,,,,,,,-0.7224,0.0,,
GMB,1978,,,,,,,-0.786,0.0,,
GMB,1979,,,,,,,-0.6944,0.0,,
GMB,1980,,,,,,,-0.8134,0.0,,
GMB,1981,,,,,,,-0.6877,0.0,,
GMB,1982,,,,,,,-0.7315,0.0,,
GMB,1983,,,,,,,-0.7258,0.0,,
GMB,1984,,,,,,,-0.6763,0.0,,
GMB,1985,,,,,,,-0.6136,0.0,,
GMB,1986,,,,,,,-0.3967,0.0,,
GMB,1987,,,,,,,-0.3936,0.0,,
GMB,1988,,,,,,,-0.4298,0.0,,
GMB,1989,,,,,,,-0.262,0.0,,
GMB,1990,,,,,,,-0.2327,0.0,1.3951529,1.2055675942328639
GMB,1991,,,,,,,-0.2105,0.0,1.5211668,1.226097487654762
GMB,1992,,,,,,,-0.1954,0.0,1.6471806,1.2469769727391342
GMB,1993,,,,,,,-0.05057,0.0,1.7731944,1.2682120191893669
GMB,1994,,,,,,,-0.195,0.0,1.8992082,1.2898086819385381
GMB,1995,,,,,,,-0.2635,0.0,2.025222,1.3117731190305197
GMB,1996,,,,,,,-0.1911,0.0,2.0679767,1.3193100067865016
GMB,1997,,,,,,,-0.1424,0.0,2.1107314,1.3268901982786419
GMB,1998,,,,,,,-0.1727,0.0,2.153486,1.3345139244292161
GMB,1999,,,,,,,-0.1631,0.0,2.1962407,1.3421814711347404
GMB,2000,,,,,,,-0.1954,0.0,2.2389956,1.3498931084640449
GMB,2001,,,,,,,-0.1978,0.0,2.3222547,1.3650378126113243
GMB,2002,,,,,,,-0.2212,0.0,2.4055138,1.3803524280369637
GMB,2003,,,,,,,-0.3061,0.0,2.4887729,1.395838861007486
GMB,2004,0.0,,,,,,-0.2606,0.0,2.572032,1.4114990391761761
GMB,2005,0.0,,,,,,-0.2471,0.0,2.655291,1.4273348926967349
GMB,2006,0.0,0.0,,,,,-0.186,0.0,2.7588024,1.4472707213282598
GMB,2007,0.0,0.0,,,,,-0.1226,0.0,2.8623137,1.4674849773966248
GMB,2008,2.0,0.4,,,,,-0.04739,0.0,2.965825,1.4879815691347271
GMB,2009,0.0,0.4,,,,,-0.1795,0.0,3.0693364,1.508764460186379
GMB,2010,0.0,0.4,,,,,0.02425,0.0,3.1728477,1.5298376089038943
GMB,2011,0.0,0.4,,,,,-0.02504,0.0,3.3056123,1.5572976573255404
GMB,2012,0.0,0.4,,,,,0.01047,0.0,3.438377,1.5852506252258876
GMB,2013,0.0,0.0,,,,,-0.0733,0.0,3.5711415,1.6137052962282972
GMB,2014,3.0,0.6,,,,,-0.06646,0.0,3.6768813,1.636732856542669
GMB,2015,0.0,0.6,,,,,-0.1567,0.0,3.782621,1.6600889976940043
GMB,2016,2.0,1.0,,,,,-0.1567,1.0,3.8883607,1.6837784304556964
GMB,2017,0.0,1.0,,,,,-0.1567,1.0,3.9941003,1.7078058880069507
GMB,2018,0.0,1.0,5.0,7.0,6.0,6.0,-0.1567,1.0,4.09984,1.7264785952482702
GMB,2019,2.0,0.8,5.0,7.0,6.0,6.0,-0.1567,1.0,4.3061304,1.7628277051128491
GMB,2020,,,5.0,6.0,6.0,5.666666666666667,-0.1567,1.0,4.51242,1.799941960111936
GMB,2021,,,5.0,6.0,6.0,5.666666666666667,-0.1567,1.0,4.674727,1.829691598058146
GMB,2022,,,5.0,5.0,6.0,5.333333333333333,-0.1567,1.0,4.674727,1.829691598058146
GMB,2023,,,5.0,5.0,6.0,5.333333333333333,-0.1567,1.0,4.674727,1.829691598058146
GMB,2024,,,6.0,6.0,6.0,6.0,,,,
GMB,2025,,,6.0,6.0,6.0,6.0,,,,
GNB,1960,,,,,,,,0.0,,
GNB,1961,,,,,,,,0.0,,
GNB,1962,,,,,,,,0.0,,
GNB,1963,,,,,,,,0.0,,
GNB,1964,,,,,,,,0.0,,
GNB,1965,,,,,,,,0.0,,
GNB,1966,,,,,,,,0.0,,
GNB,1967,,,,,,,,0.0,,
GNB,1968,,,,,,,,0.0,,
GNB,1969,,,,,,,,0.0,,
GNB,1970,,,,,,,,0.0,,
GNB,1971,,,,,,,,0.0,,
GNB,1972,,,,,,,,0.0,,
GNB,1973,,,,,,,,0.0,,
GNB,1974,,,,,,,-0.7666,0.0,,
GNB,1975,,,,,,,-0.5892,0.0,,
GNB,1976,,,,,,,-0.6733,0.0,,
GNB,1977,,,,,,,-0.6787,0.0,,
GNB,1978,,,,,,,-0.6572,0.0,,
GNB,1979,,,,,,,-0.6784,0.0,,
GNB,1980,,,,,,,-0.7404,0.0,,
GNB,1981,,,,,,,-0.7278,0.0,,
GNB,1982,,,,,,,-0.8137,0.0,,
GNB,1983,,,,,,,-0.8801,0.0,,
GNB,1984,,,,,,,-0.9276,0.0,,
GNB,1985,,,,,,,-0.8858,0.0,,
GNB,1986,,,,,,,-0.9175,0.0,,
GNB,1987,,,,,,,-1.17,0.0,,
GNB,1988,,,,,,,-1.179,0.0,,
GNB,1989,,,,,,,-1.029,0.0,,
GNB,1990,,,,,,,-1.083,0.0,,
GNB,1991,,,,,,,-1.127,0.0,,
GNB,1992,,,,,,,-1.063,0.0,,
GNB,1993,,,,,,,-1.089,0.0,,
GNB,1994,,,,,,,-1.136,0.0,,
GNB,1995,,,,,,,-1.038,0.0,,
GNB,1996,,,,,,,-1.095,0.0,,
GNB,1997,,,,,,,-1.099,0.0,,
GNB,1998,,,,,,,-1.049,0.0,,
GNB,1999,,,,,,,-1.009,0.0,,
GNB,2000,,,,,,,-0.896,0.0,,
GNB,2001,,,,,,,-0.8902,0.0,,
GNB,2002,,,,,,,-0.9277,0.0,,
GNB,2003,,,,,,,-0.8485,0.0,,
GNB,2004,0.0,,,,,,-0.8863,0.0,,
GNB,2005,0.0,,,,,,-0.8916,0.0,2.1485682,1.3336347892041889
GNB,2006,0.0,0.0,,,,,-0.7368,0.0,2.27117,1.3557255604688392
GNB,2007,0.0,0.0,,,,,-0.7944,0.0,2.418591,1.3827734020074662
GNB,2008,0.0,0.0,,,,,-0.8476,0.0,2.5660121,1.4103608891608594
GNB,2009,0.0,0.0,,,,,-0.8401,0.0,2.7134333,1.4384987890575935
GNB,2010,1.0,0.2,,,,,-0.6548,0.0,2.8608544,1.4671980443409864
GNB,2011,3.0,0.8,,,,,-0.6503,0.0,3.0082755,1.4964698737969033
GNB,2012,0.0,0.8,,,,,-0.7116,0.0,3.1556969,1.5263257621177915
GNB,2013,0.0,0.8,,,,,-0.7479,0.0,3.303118,1.5567772390504453
GNB,2014,2.0,1.2,,,,,-0.8483,0.0,3.450539,1.5878362271676392
GNB,2015,0.0,1.0,,,,,-0.8603,0.0,3.4950383,1.5973326305946132
GNB,2016,0.0,0.4,,,,,-0.8603,1.0,3.5395374,1.6068857862842385
GNB,2017,0.0,0.4,,,,,-0.8603,1.0,3.5840366,1.6164960981239227
GNB,2018,1.0,0.6,5.0,5.0,3.0,4.333333333333333,-0.8603,1.0,3.6285357,1.6261638646249434
GNB,2019,0.0,0.2,5.0,5.0,3.0,4.333333333333333,-0.8603,1.0,3.673035,1.6358894949088625
GNB,2020,,,4.0,4.0,3.0,3.6666666666666665,-0.8603,1.0,3.673035,1.6358894949088625
GNB,2021,,,4.0,4.0,3.0,3.6666666666666665,-0.8603,1.0,3.673035,1.6358894949088625
GNB,2022,,,4.0,3.0,3.0,3.3333333333333335,-0.8603,1.0,3.673035,1.6358894949088625
GNB,2023,,,4.0,3.0,3.0,3.3333333333333335,-0.8603,1.0,3.673035,1.6358894949088625
GNB,2024,,,3.0,3.0,3.0,3.0,,,,
GNB,2025,,,3.0,3.0,3.0,3.0,,,,
GNQ,1960,,,,,,,,0.0,,
GNQ,1961,,,,,,,,0.0,,
GNQ,1962,,,,,,,,0.0,,
GNQ,1963,,,,,,,,0.0,,
GNQ,1964,,,,,,,,0.0,,
GNQ,1965,,,,,,,,0.0,,
GNQ,1966,,,,,,,,0.0,,
GNQ,1967,,,,,,,,0.0,,
GNQ,1968,,,,,,,-0.9302,0.0,,
GNQ,1969,,,,,,,-0.7723,0.0,,
GNQ,1970,,,,,,,-1.307,0.0,,
GNQ,1971,,,,,,,-1.415,0.0,,
GNQ,1972,,,,,,,-1.393,0.0,,
GNQ,1973,,,,,,,-1.373,0.0,,
GNQ,1974,,,,,,,-1.323,0.0,,
GNQ,1975,,,,,,,-1.316,0.0,,
GNQ,1976,,,,,,,-1.167,0.0,,
GNQ,1977,,,,,,,-1.356,0.0,,
GNQ,1978,,,,,,,-1.448,0.0,,
GNQ,1979,,,,,,,-1.346,0.0,,
GNQ,1980,,,,,,,-1.252,0.0,,
GNQ,1981,,,,,,,-1.212,0.0,,
GNQ,1982,,,,,,,-1.147,0.0,,
GNQ,1983,,,,,,,-1.179,0.0,,
GNQ,1984,,,,,,,-1.099,0.0,,
GNQ,1985,,,,,,,-1.37,0.0,,
GNQ,1986,,,,,,,-1.176,0.0,,
GNQ,1987,,,,,,,-1.107,0.0,,
GNQ,1988,,,,,,,-1.034,0.0,,
GNQ,1989,,,,,,,-1.019,0.0,,
GNQ,1990,,,,,,,-1.061,0.0,,
GNQ,1991,,,,,,,-1.03,0.0,,
GNQ,1992,,,,,,,-0.9947,0.0,,
GNQ,1993,,,,,,,-1.019,0.0,,
GNQ,1994,,,,,,,-1.03,0.0,,
GNQ,1995,,,,,,,-0.9913,0.0,,
GNQ,1996,,,,,,,-1.072,0.0,,
GNQ,1997,,,,,,,-1.006,0.0,,
GNQ,1998,,,,,,,-0.829,0.0,,
GNQ,1999,,,,,,,-0.8895,0.0,,
GNQ,2000,,,,,,,-0.9166,0.0,6.3937097,2.1766014222348193
GNQ,2001,,,,,,,-0.7924,0.0,6.4844966,2.196651502587955
GNQ,2002,,,,,,,-0.6422,0.0,6.576572,2.217174798198609
GNQ,2003,,,,,,,-0.7328,0.0,6.669955,2.238185415037035
GNQ,2004,0.0,,,,,,-0.6241,0.0,6.764664,2.2596977468312436
GNQ,2005,0.0,,,,,,-0.9071,0.0,6.860718,2.2817267846470184
GNQ,2006,0.0,0.0,,,,,-0.9594,0.0,6.9581356,2.304287909160831
GNQ,2007,0.0,0.0,,,,,-0.8307,0.0,7.0569363,2.3273972108645045
GNQ,2008,0.0,0.0,,,,,-0.7468,0.0,7.1571403,2.351071473231015
GNQ,2009,0.0,0.0,,,,,-0.5802,0.0,7.258767,2.3753278427197793
GNQ,2010,0.0,0.0,,,,,-0.8879,0.0,7.361837,2.4001843262286444
GNQ,2011,1.0,0.2,,,,,-0.9066,0.0,7.46637,2.425659315217506
GNQ,2012,0.0,0.2,,,,,-0.9459,0.0,7.5723877,2.451772316934569
GNQ,2013,0.0,0.2,,,,,-0.9612,0.0,7.6799107,2.4785432309230293
GNQ,2014,3.0,0.8,,,,,-0.6734,0.0,7.7874336,2.5056064313463864
GNQ,2015,0.0,0.8,,,,,-0.5207,0.0,7.8949566,2.5329651602949106
GNQ,2016,2.0,1.0,,,,,-0.5207,1.0,8.00248,2.5604131699999364
GNQ,2017,2.0,1.4,,,,,-0.5207,1.0,8.1100025,2.5792023126918573
GNQ,2018,1.0,1.6,5.0,4.0,7.0,5.333333333333333,-0.5207,1.0,8.16711,2.589237627332482
GNQ,2019,0.0,1.0,5.0,4.0,7.0,5.333333333333333,-0.5207,1.0,8.224218,2.599312076352211
GNQ,2020,,,5.0,3.0,7.0,5.0,-0.5207,1.0,8.281327,2.6094259014256376
GNQ,2021,,,5.0,3.0,7.0,5.0,-0.5207,1.0,8.281327,2.6094259014256376
GNQ,2022,,,5.0,4.0,7.0,5.333333333333333,-0.5207,1.0,8.281327,2.6094259014256376
GNQ,2023,,,5.0,4.0,7.0,5.333333333333333,-0.5207,1.0,8.281327,2.6094259014256376
GNQ,2024,,,6.0,4.0,6.0,5.333333333333333,,,,
GNQ,2025,,,6.0,4.0,6.0,5.333333333333333,,,,
GRC,1960,,,,,,,0.8532,0.0,,
GRC,1961,,,,,,,0.8611,0.0,,
GRC,1962,,,,,,,0.8687,0.0,,
GRC,1963,,,,,,,0.8058,0.0,,
GRC,1964,,,,,,,0.742,0.0,,
GRC,1965,,,,,,,0.6205,0.0,,
GRC,1966,,,,,,,0.6458,0.0,,
GRC,1967,,,,,,,0.3626,0.0,,
GRC,1968,,,,,,,0.401,0.0,,
GRC,1969,,,,,,,0.4175,0.0,,
GRC,1970,,,,,,,0.524,0.0,,
GRC,1971,,,,,,,0.5359,0.0,,
GRC,1972,,,,,,,0.5441,0.0,,
GRC,1973,,,,,,,0.5473,0.0,,
GRC,1974,,,,,,,0.8135,0.0,,
GRC,1975,,,,,,,0.884,0.0,,
GRC,1976,,,,,,,1.071,0.0,,
GRC,1977,,,,,,,1.074,0.0,,
GRC,1978,,,,,,,1.082,0.0,,
GRC,1979,,,,,,,1.096,0.0,,
GRC,1980,,,,,,,1.103,0.0,,
GRC,1981,,,,,,,1.124,0.0,,
GRC,1982,,,,,,,1.216,0.0,,
GRC,1983,,,,,,,1.174,0.0,,
GRC,1984,,,,,,,1.088,0.0,,
GRC,1985,,,,,,,1.079,0.0,,
GRC,1986,,,,,,,1.119,0.0,,
GRC,1987,,,,,,,1.146,0.0,,
GRC,1988,,,,,,,1.141,0.0,,
GRC,1989,,,,,,,1.12,0.0,,
GRC,1990,,,,,,,1.197,0.0,7.8127856,2.5120303878328483
GRC,1991,,,,,,,1.313,0.0,7.94,2.5445148419928305
GRC,1992,,,,,,,1.409,0.0,8.069285,2.572070920340302
GRC,1993,,,,,,,1.439,0.0,8.198571,2.5947828371238315
GRC,1994,,,,,,,1.556,0.0,8.327857,2.6176953048174867
GRC,1995,,,,,,,1.632,0.0,8.457143,2.6408100943271733
GRC,1996,,,,,,,1.617,0.0,8.586429,2.66412899219626
GRC,1997,,,,,,,1.523,0.0,8.715714,2.687653617983212
GRC,1998,,,,,,,1.448,0.0,8.845,2.711386153828884
GRC,1999,,,,,,,1.321,0.0,8.974286,2.7353282528615295
GRC,2000,,,,,,,1.331,0.0,9.103572,2.759481765567318
GRC,2001,,,,,,,1.301,0.0,9.232857,2.7838483694708973
GRC,2002,,,,,,,1.306,0.0,9.362143,2.80843032481489
GRC,2003,,,,,,,1.284,0.0,9.491428,2.8332291512356536
GRC,2004,0.0,,,,,,1.322,0.0,9.620714,2.8582471490687067
GRC,2005,0.0,,,,,,1.519,0.0,9.75,2.883486060983244
GRC,2006,0.0,0.0,,,,,1.503,0.0,10.1,2.952936207733494
GRC,2007,0.0,0.0,,,,,1.517,0.0,10.06,2.9449151348528355
GRC,2008,3.0,0.6,,,,,1.54,0.0,10.1,2.952936207733494
GRC,2009,1.0,0.8,,,,,1.561,0.0,10.155001,2.96400106871829
GRC,2010,0.0,0.8,,,,,1.498,0.0,10.21,2.9751069859058097
GRC,2011,2.0,1.2,,,,,1.447,0.0,10.3075,2.99489747821035
GRC,2012,2.0,1.6,,,,,1.396,0.0,10.405001,3.014819822413823
GRC,2013,3.0,1.6,,,,,1.409,0.0,10.502501,3.0348744855831518
GRC,2014,2.0,1.8,,,,,1.419,0.0,10.6,3.055062345171177
GRC,2015,0.0,1.8,,,,,1.418,0.0,10.74,3.0842854198246457
GRC,2016,1.0,1.6,,,,,1.418,1.0,10.25,2.9832102924083586
GRC,2017,2.0,1.6,,,,,1.418,1.0,10.54,3.0426230841510975
GRC,2018,2.0,1.4,,,,,1.418,1.0,10.83,3.103219124634849
GRC,2019,6.0,2.2,,,,,1.418,1.0,11.12,3.1650219791145346
GRC,2020,,,,,,,1.418,1.0,11.41,3.228055682164183
GRC,2021,,,,,,,1.418,1.0,11.553857,3.2597883696952397
GRC,2022,,,,,,,1.418,1.0,11.553857,3.2597883696952397
GRC,2023,,,,,,,1.418,1.0,11.553857,3.2597883696952397
GRD,2002,,,,,,,,,8.639279,2.673720563740077
GRD,2003,,,,,,,,,8.6830015,2.681681711458927
GRD,2004,0.0,,,,,,,,8.726946,2.689707167439006
GRD,2005,0.0,,,,,,,,8.7711115,2.697797183354094
GRD,2006,0.0,0.0,,,,,,,8.815501,2.705952748920843
GRD,2007,0.0,0.0,,,,,,,8.860116,2.7141745879732575
GRD,2008,1.0,0.2,,,,,,,8.904956,2.722463061847082
GRD,2009,0.0,0.2,,,,,,,8.950023,2.7308189994378167
GRD,2010,0.0,0.2,,,,,,,8.995317,2.739242866171295
GRD,2011,0.0,0.2,,,,,,,9.040842,2.7477358794400586
GRD,2012,0.0,0.2,,,,,,,9.0865965,2.7562982397225055
GRD,2013,0.0,0.0,,,,,,,9.132583,2.7649309008194973
GRD,2014,0.0,0.0,,,,,,,9.1788025,2.773634544325084
GRD,2015,1.0,0.2,,,,,,,9.225021,2.782365396569582
GRD,2016,0.0,0.2,,,,,,,9.27124,2.791123826706063
GRD,2017,0.0,0.2,,,,,,,9.317459,2.7999098269447846
GRD,2018,0.0,0.2,,,,,,,9.363678,2.8087234840719097
GRD,2019,0.0,0.2,,,,,,,9.391252,2.8139948709488314
GRD,2020,,,,,,,,,9.418825,2.81927595940628
GRD,2021,,,,,,,,,9.4464,2.824567343144211
GRD,2022,,,,,,,,,9.4464,2.824567343144211
GRD,2023,,,,,,,,,9.4464,2.824567343144211
GTM,1960,,,,,,,-0.8297,0.0,,
GTM,1961,,,,,,,-0.884,0.0,,
GTM,1962,,,,,,,-0.8684,0.0,,
GTM,1963,,,,,,,-0.6541,0.0,,
GTM,1964,,,,,,,-0.5416,0.0,,
GTM,1965,,,,,,,-0.5033,0.0,,
GTM,1966,,,,,,,-0.4818,0.0,,
GTM,1967,,,,,,,-0.4017,0.0,,
GTM,1968,,,,,,,-0.2844,0.0,,
GTM,1969,,,,,,,-0.2927,0.0,,
GTM,1970,,,,,,,-0.3874,0.0,,
GTM,1971,,,,,,,-0.4562,0.0,,
GTM,1972,,,,,,,-0.5572,0.0,,
GTM,1973,,,,,,,-0.6448,0.0,,
GTM,1974,,,,,,,-0.6497,0.0,,
GTM,1975,,,,,,,-0.5493,0.0,,
GTM,1976,,,,,,,-0.5489,0.0,,
GTM,1977,,,,,,,-0.6646,0.0,,
GTM,1978,,,,,,,-0.6801,0.0,,
GTM,1979,,,,,,,-0.6924,0.0,,
GTM,1980,,,,,,,-0.6982,0.0,,
GTM,1981,,,,,,,-0.5839,0.0,,
GTM,1982,,,,,,,-0.5423,0.0,,
GTM,1983,,,,,,,-0.4867,0.0,,
GTM,1984,,,,,,,-0.6416,0.0,,
GTM,1985,,,,,,,-0.475,0.0,,
GTM,1986,,,,,,,-0.6063,0.0,,
GTM,1987,,,,,,,-0.4971,0.0,,
GTM,1988,,,,,,,-0.4322,0.0,,
GTM,1989,,,,,,,-0.5101,0.0,,
GTM,1990,,,,,,,-0.5306,0.0,3.1943688,1.5342557640544914
GTM,1991,,,,,,,-0.3903,0.0,3.2697768,1.5498375069347228
GTM,1992,,,,,,,-0.3706,0.0,3.3451848,1.5655774963843165
GTM,1993,,,,,,,-0.2717,0.0,3.420593,1.5814773819226593
GTM,1994,,,,,,,-0.1992,0.0,3.496001,1.597538702670707
GTM,1995,,,,,,,-0.1386,0.0,3.571409,1.6137631405313488
GTM,1996,,,,,,,-0.04177,0.0,3.6405332,1.6287802939617682
GTM,1997,,,,,,,-0.008281,0.0,3.7096572,1.6439371480664036
GTM,1998,,,,,,,-0.1141,0.0,3.7787812,1.6592350465016958
GTM,1999,,,,,,,-0.07496,0.0,3.8479052,1.6746753017763674
GTM,2000,,,,,,,0.005787,0.0,3.9170294,1.6902592839118304
GTM,2001,,,,,,,0.02942,0.0,3.8835146,1.6826853777366284
GTM,2002,,,,,,,-0.01303,0.0,3.85,1.6751454544761333
GTM,2003,,,,,,,-0.02355,0.0,3.8,1.6639594947410354
GTM,2004,0.0,,6.0,5.0,5.0,5.333333333333333,0.1601,0.0,3.75,1.6528482304270793
GTM,2005,0.0,,6.0,5.0,5.0,5.333333333333333,0.2862,0.0,3.7,1.6418111627477434
GTM,2006,2.0,0.6666666666666666,6.0,5.0,5.0,5.333333333333333,0.2686,0.0,3.65,1.6308477962472065
GTM,2007,0.0,0.5,6.0,5.0,5.0,5.333333333333333,0.2217,0.0,3.8416667,1.6732759268772837
GTM,2008,3.0,1.0,6.0,5.0,5.0,5.333333333333333,0.2295,0.0,4.0333333,1.714920396147309
GTM,2009,4.0,1.8,6.0,5.0,5.0,5.333333333333333,0.2257,0.0,4.225,1.7484418152221464
GTM,2010,0.0,1.8,6.0,4.0,5.0,5.0,0.2352,0.0,4.416667,1.7826185289496657
GTM,2011,1.0,1.6,6.0,4.0,5.0,5.0,0.2317,0.0,4.6083336,1.8174632199417429
GTM,2012,1.0,1.8,5.0,4.0,5.0,4.666666666666667,0.142,0.0,4.8,1.8529889796798988
GTM,2013,3.0,1.8,5.0,4.0,5.0,4.666666666666667,0.2205,0.0,4.9,1.871798999072028
GTM,2014,0.0,1.0,4.0,4.0,5.0,4.333333333333333,0.1299,0.0,5.84,2.0582168476300096
GTM,2015,0.0,1.0,4.0,4.0,5.0,4.333333333333333,0.1455,0.0,4.93357,1.8781562358422368
GTM,2016,1.0,1.0,4.0,4.0,4.0,4.0,0.1455,1.0,5.1201773,1.9138901668627784
GTM,2017,0.0,0.8,4.0,4.0,4.0,4.0,0.1455,1.0,5.3067846,1.9503039741373887
GTM,2018,3.0,0.8,3.0,3.0,4.0,3.3333333333333335,0.1455,1.0,5.4933925,1.987410713475995
GTM,2019,0.0,0.8,3.0,3.0,4.0,3.3333333333333335,0.1455,1.0,5.68,2.0252233686875267
GTM,2020,,,3.0,3.0,4.0,3.3333333333333335,0.1455,1.0,5.7357664,2.0366624342427113
GTM,2021,,,3.0,3.0,4.0,3.3333333333333335,0.1455,1.0,5.7915335,2.048166255856897
GTM,2022,,,3.0,3.0,4.0,3.3333333333333335,0.1455,1.0,5.8473,2.059734930484241
GTM,2023,,,3.0,3.0,4.0,3.3333333333333335,0.1455,1.0,5.8473,2.059734930484241
GTM,2024,,,7.0,4.0,4.0,5.0,,,,
GTM,2025,,,7.0,4.0,4.0,5.0,,,,
GUY,1960,,,,,,,,0.0,,
GUY,1961,,,,,,,,0.0,,
GUY,1962,,,,,,,,0.0,,
GUY,1963,,,,,,,,0.0,,
GUY,1964,,,,,,,,0.0,,
GUY,1965,,,,,,,,0.0,,
GUY,1966,,,,,,,0.135,0.0,,
GUY,1967,,,,,,,0.3426,0.0,,
GUY,1968,,,,,,,0.3508,0.0,,
GUY,1969,,,,,,,0.3497,0.0,,
GUY,1970,,,,,,,0.4681,0.0,,
GUY,1971,,,,,,,0.4598,0.0,,
GUY,1972,,,,,,,0.6372,0.0,,
GUY,1973,,,,,,,0.6333,0.0,,
GUY,1974,,,,,,,0.5674,0.0,,
GUY,1975,,,,,,,0.6715,0.0,,
GUY,1976,,,,,,,0.7855,0.0,,
GUY,1977,,,,,,,0.9944,0.0,,
GUY,1978,,,,,,,0.9688,0.0,,
GUY,1979,,,,,,,0.9544,0.0,,
GUY,1980,,,,,,,0.8285,0.0,,
GUY,1981,,,,,,,0.8667,0.0,,
GUY,1982,,,,,,,0.9372,0.0,,
GUY,1983,,,,,,,0.8867,0.0,,
GUY,1984,,,,,,,0.4897,0.0,,
GUY,1985,,,,,,,0.5722,0.0,,
GUY,1986,,,,,,,0.1693,0.0,,
GUY,1987,,,,,,,0.3153,0.0,,
GUY,1988,,,,,,,0.3734,0.0,,
GUY,1989,,,,,,,0.1652,0.0,,
GUY,1990,,,,,,,0.1457,0.0,5.2712975,1.9433262125954731
GUY,1991,,,,,,,0.06401,0.0,5.341374,1.957129333765423
GUY,1992,,,,,,,0.235,0.0,5.4114504,1.9710304762897957
GUY,1993,,,,,,,0.3795,0.0,5.481527,1.9850303962615061
GUY,1994,,,,,,,0.5343,0.0,5.551603,1.9991296343191765
GUY,1995,,,,,,,0.694,0.0,5.6216793,2.0133290771942227
GUY,1996,,,,,,,0.7204,0.0,5.699542,2.0292245844945844
GUY,1997,,,,,,,0.7361,0.0,5.7774043,2.0452455063622925
GUY,1998,,,,,,,0.7634,0.0,5.855267,2.061392998218279
GUY,1999,,,,,,,0.705,0.0,5.93313,2.0776680396752614
GUY,2000,,,,,,,0.7469,0.0,6.010992,2.0940713637971817
GUY,2001,,,,,,,0.7627,0.0,6.065496,2.105630813262416
GUY,2002,,,,,,,0.6824,0.0,6.12,2.1172540718576784
GUY,2003,,,,,,,0.5051,0.0,6.263449,2.1481528836555444
GUY,2004,0.0,,,,,,0.6085,0.0,6.4068985,2.17950273702586
GUY,2005,0.0,,,,,,0.2314,0.0,6.5503483,2.2113101729294575
GUY,2006,1.0,0.3333333333333333,,,,,0.1589,0.0,6.6937976,2.243581689938347
GUY,2007,0.0,0.25,,,,,0.1895,0.0,6.837247,2.2763241954420934
GUY,2008,0.0,0.2,,,,,0.03675,0.0,6.980696,2.3095444470126485
GUY,2009,0.0,0.2,,,,,0.07038,0.0,7.1241455,2.3432496270847785
GUY,2010,0.0,0.2,,,,,0.05059,0.0,7.267595,2.3774466960076137
GUY,2011,0.0,0.0,,,,,0.1252,0.0,7.4110446,2.4121428567033223
GUY,2012,2.0,0.4,,,,,0.0733,0.0,7.554494,2.44734531940643
GUY,2013,0.0,0.4,,,,,0.09439,0.0,7.697943,2.4830614214245403
GUY,2014,0.0,0.4,,,,,0.1266,0.0,7.8413925,2.5192988848115414
GUY,2015,0.0,0.4,,,,,0.2083,0.0,7.984842,2.5560651928503075
GUY,2016,3.0,1.0,,,,,0.2083,1.0,8.128291,2.5824118504193554
GUY,2017,1.0,0.8,,,,,0.2083,1.0,8.271741,2.6077255066303273
GUY,2018,0.0,0.8,,,,,0.2083,1.0,8.41519,2.6332871166194245
GUY,2019,0.0,0.8,,,,,0.2083,1.0,8.55864,2.6590994690387575
GUY,2020,,,,,,,0.2083,1.0,8.627409,2.671563314189744
GUY,2021,,,,,,,0.2083,1.0,8.70243,2.685226924413964
GUY,2022,,,,,,,0.2083,1.0,8.70243,2.685226924413964
GUY,2023,,,,,,,0.2083,1.0,8.70243,2.685226924413964
HKG,1990,,,,,,,,,8.669748,2.6792659667406364
HKG,1991,,,,,,,,,8.85,2.7123081818570682
HKG,1992,,,,,,,,,9.034,2.7464577761813938
HKG,1993,,,,,,,,,9.218,2.7810373344752692
HKG,1994,,,,,,,,,9.402,2.8160522702441497
HKG,1995,,,,,,,,,9.586,2.851508065152783
HKG,1996,,,,,,,,,9.77,2.887410269883381
HKG,1997,,,,,,,,,9.893001,2.911662046094351
HKG,1998,,,,,,,,,10.016001,2.936117316823151
HKG,1999,,,,,,,,,10.139,2.960777787895812
HKG,2000,,,,,,,,,10.262,2.985645585471404
HKG,2001,,,,,,,,,10.385,3.0107222495680808
HKG,2002,,,,,,,,,10.508,3.036009534471619
HKG,2003,,,,,,,,,10.6310005,3.061509313293494
HKG,2004,0.0,,,,,,,,10.754,3.087223057638051
HKG,2005,0.0,,,,,,,,10.877,3.1131528786404594
HKG,2006,2.0,0.6666666666666666,,,,,,,11.0,3.139300486179397
HKG,2007,0.0,0.5,,,,,,,11.1050005,3.1617954100816648
HKG,2008,1.0,0.6,,,,,,,11.21,3.184451306726429
HKG,2009,3.0,1.2,,,,,,,11.31,3.206179367292698
HKG,2010,1.0,1.4,,,,,,,11.4,3.225861350457646
HKG,2011,0.0,1.0,,,,,,,11.62,3.27448301954806
HKG,2012,0.0,1.0,,,,,,,11.706667,3.293837689660568
HKG,2013,1.0,1.0,,,,,,,11.793333,3.31330653520047
HKG,2014,1.0,0.6,,,,,,,11.88,3.3328906816405603
HKG,2015,3.0,1.0,,,,,,,12.02,3.3647713119508964
HKG,2016,1.0,1.2,,,,,,,12.095,3.3819754789777488
HKG,2017,1.0,1.4,,,,,,,12.17,3.3992676113774736
HKG,2018,0.0,1.2,,,,,,,12.2,3.406209195312957
HKG,2019,1.0,1.2,,,,,,,12.23,3.4131649545335434
HKG,2020,,,,,,,,,12.2699995,3.4224612842813324
HKG,2021,,,,,,,,,12.31,3.4317831675105306
HKG,2022,,,,,,,,,12.35,3.4411303240962825
HKG,2023,,,,,,,,,12.35,3.4411303240962825
HND,1960,,,,,,,-0.6489,0.0,,
HND,1961,,,,,,,-0.5164,0.0,,
HND,1962,,,,,,,-0.5199,0.0,,
HND,1963,,,,,,,-0.3742,0.0,,
HND,1964,,,,,,,-0.3351,0.0,,
HND,1965,,,,,,,-0.3243,0.0,,
HND,1966,,,,,,,-0.3366,0.0,,
HND,1967,,,,,,,-0.3293,0.0,,
HND,1968,,,,,,,-0.3408,0.0,,
HND,1969,,,,,,,-0.3236,0.0,,
HND,1970,,,,,,,-0.3318,0.0,,
HND,1971,,,,,,,-0.4505,0.0,,
HND,1972,,,,,,,-0.4429,0.0,,
HND,1973,,,,,,,-0.4371,0.0,,
HND,1974,,,,,,,-0.3283,0.0,,
HND,1975,,,,,,,-0.2992,0.0,,
HND,1976,,,,,,,-0.3874,0.0,,
HND,1977,,,,,,,-0.4109,0.0,,
HND,1978,,,,,,,-0.3432,0.0,,
HND,1979,,,,,,,-0.3262,0.0,,
HND,1980,,,,,,,-0.2135,0.0,,
HND,1981,,,,,,,-0.3224,0.0,,
HND,1982,,,,,,,-0.2579,0.0,,
HND,1983,,,,,,,-0.2775,0.0,,
HND,1984,,,,,,,-0.4597,0.0,,
HND,1985,,,,,,,-0.331,0.0,,
HND,1986,,,,,,,-0.337,0.0,,
HND,1987,,,,,,,-0.306,0.0,,
HND,1988,,,,,,,-0.1663,0.0,,
HND,1989,,,,,,,-0.1301,0.0,,
HND,1990,,,,,,,-0.1436,0.0,3.8640766,1.6783082036645804
HND,1991,,,,,,,-0.149,0.0,3.943711,1.6963133422669756
HND,1992,,,,,,,-0.08189,0.0,4.0233455,1.7131913119409758
HND,1993,,,,,,,-0.05851,0.0,4.1029797,1.7270261651729444
HND,1994,,,,,,,-0.07899,0.0,4.1826143,1.7409728119100754
HND,1995,,,,,,,0.00304,0.0,4.2622485,1.7550320142687044
HND,1996,,,,,,,0.005715,0.0,4.3292136,1.7669423618638083
HND,1997,,,,,,,-0.02723,0.0,4.396179,1.7789335917322087
HND,1998,,,,,,,-0.08971,0.0,4.4631443,1.791006181148239
HND,1999,,,,,,,-0.04136,0.0,4.5301094,1.8031606637952937
HND,2000,,,,,,,-0.1666,0.0,4.597075,1.8153977232894258
HND,2001,,,,,,,-0.1028,0.0,4.66404,1.8277177182149573
HND,2002,,,,,,,-0.09274,0.0,4.731005,1.8401213214170762
HND,2003,,,,,,,-0.08562,0.0,4.797971,1.85260928740759
HND,2004,0.0,,5.0,6.0,6.0,5.666666666666667,0.02744,0.0,4.864936,1.86518181447813
HND,2005,1.0,,5.0,6.0,6.0,5.666666666666667,0.08782,0.0,4.931901,1.8778396636065993
HND,2006,1.0,0.6666666666666666,5.0,5.0,5.0,5.0,0.07802,0.0,4.9409504,1.8795567737447316
HND,2007,1.0,0.75,5.0,5.0,5.0,5.0,0.1796,0.0,4.95,1.8812754920225288
HND,2008,1.0,0.8,5.0,5.0,5.0,5.0,0.1594,0.0,5.1075,1.9114411761091297
HND,2009,0.0,0.8,5.0,5.0,5.0,5.0,0.2096,0.0,5.265,1.9420905578254888
HND,2010,0.0,0.6,5.0,6.0,6.0,5.666666666666667,0.2567,0.0,5.4224997,1.9732313333280387
HND,2011,1.0,0.6,5.0,6.0,6.0,5.666666666666667,0.2749,0.0,5.58,2.004871562293095
HND,2012,0.0,0.4,6.0,5.0,6.0,5.666666666666667,0.1889,0.0,5.52,1.9927587794264114
HND,2013,0.0,0.2,6.0,5.0,6.0,5.666666666666667,0.1324,0.0,5.85,2.060296696793139
HND,2014,0.0,0.2,6.0,5.0,7.0,6.0,0.2481,0.0,6.18,2.130123586778794
HND,2015,5.0,1.2,6.0,5.0,7.0,6.0,0.3418,0.0,6.29,2.1539212108475527
HND,2016,0.0,1.0,5.0,5.0,6.0,5.333333333333333,0.3418,1.0,6.53,2.206770203069231
HND,2017,1.0,1.2,5.0,5.0,6.0,5.333333333333333,0.3418,1.0,6.4100003,2.1801856425317685
HND,2018,0.0,1.2,4.0,5.0,5.0,4.666666666666667,0.3418,1.0,6.29,2.1539212108475527
HND,2019,0.0,1.2,4.0,5.0,5.0,4.666666666666667,0.3418,1.0,7.09,2.33518239135589
HND,2020,,,4.0,3.0,5.0,4.0,0.3418,1.0,7.29709,2.384539657530756
HND,2021,,,4.0,3.0,5.0,4.0,0.3418,1.0,7.510229,2.4364282356514706
HND,2022,,,5.0,3.0,5.0,4.333333333333333,0.3418,1.0,7.510229,2.4364282356514706
HND,2023,,,5.0,3.0,5.0,4.333333333333333,0.3418,1.0,7.510229,2.4364282356514706
HND,2024,,,3.0,3.0,5.0,3.6666666666666665,,,,
HND,2025,,,3.0,3.0,5.0,3.6666666666666665,,,,
HRV,1960,,,,,,,,0.0,,
HRV,1961,,,,,,,,0.0,,
HRV,1962,,,,,,,,0.0,,
HRV,1963,,,,,,,,0.0,,
HRV,1964,,,,,,,,0.0,,
HRV,1965,,,,,,,,0.0,,
HRV,1966,,,,,,,,0.0,,
HRV,1967,,,,,,,,0.0,,
HRV,1968,,,,,,,,0.0,,
HRV,1969,,,,,,,,0.0,,
HRV,1970,,,,,,,,0.0,,
HRV,1971,,,,,,,,0.0,,
HRV,1972,,,,,,,,0.0,,
HRV,1973,,,,,,,,0.0,,
HRV,1974,,,,,,,,0.0,,
HRV,1975,,,,,,,,0.0,,
HRV,1976,,,,,,,,0.0,,
HRV,1977,,,,,,,,0.0,,
HRV,1978,,,,,,,,0.0,,
HRV,1979,,,,,,,,0.0,,
HRV,1980,,,,,,,,0.0,,
HRV,1981,,,,,,,,0.0,,
HRV,1982,,,,,,,,0.0,,
HRV,1983,,,,,,,,0.0,,
HRV,1984,,,,,,,,0.0,,
HRV,1985,,,,,,,,0.0,,
HRV,1986,,,,,,,,0.0,,
HRV,1987,,,,,,,,0.0,,
HRV,1988,,,,,,,,0.0,,
HRV,1989,,,,,,,,0.0,,
HRV,1990,,,,,,,,0.0,6.5661507,2.2148423357159848
HRV,1991,,,,,,,0.6252,0.0,6.86,2.2815613243835458
HRV,1992,,,,,,,0.4897,0.0,7.1670003,2.353413977477891
HRV,1993,,,,,,,0.4808,0.0,7.474,2.4275293215045193
HRV,1994,,,,,,,0.747,0.0,7.781,2.5039788331818826
HRV,1995,,,,,,,0.7842,0.0,8.088,2.5753462729325003
HRV,1996,,,,,,,1.007,0.0,8.395,2.6296743046896376
HRV,1997,,,,,,,0.9657,0.0,8.702001,2.6851485921166858
HRV,1998,,,,,,,1.072,0.0,9.009,2.741792764345436
HRV,1999,,,,,,,1.421,0.0,9.316,2.799632056070364
HRV,2000,,,,,,,1.426,0.0,9.623,2.8586914924067823
HRV,2001,,,,,,,1.414,0.0,9.93,2.918996812827437
HRV,2002,,,,,,,1.467,0.0,10.051001,2.943113598309681
HRV,2003,,,,,,,1.407,0.0,10.172,2.9674292333825543
HRV,2004,0.0,,8.0,9.0,8.0,8.333333333333334,1.546,0.0,10.293,2.9919459646321496
HRV,2005,1.0,,8.0,9.0,8.0,8.333333333333334,1.566,0.0,10.4140005,3.0166653542850486
HRV,2006,3.0,1.3333333333333333,8.0,8.0,7.0,7.666666666666667,1.519,0.0,10.535,3.0415887681461715
HRV,2007,4.0,2.0,8.0,8.0,7.0,7.666666666666667,1.456,0.0,10.656,3.066718201246561
HRV,2008,1.0,1.8,7.0,8.0,7.0,7.333333333333333,1.486,0.0,10.777,3.0920552522914146
HRV,2009,2.0,2.2,7.0,8.0,7.0,7.333333333333333,1.469,0.0,10.898001,3.1176018486052794
HRV,2010,1.0,2.2,7.0,7.0,6.0,6.666666666666667,1.363,0.0,11.019,3.1433590836969643
HRV,2011,1.0,1.8,7.0,7.0,6.0,6.666666666666667,1.421,0.0,11.14,3.16932933734582
HRV,2012,0.0,1.0,7.0,8.0,6.0,7.0,1.453,0.0,11.267766,3.1969847117341343
HRV,2013,1.0,1.0,7.0,8.0,6.0,7.0,1.475,0.0,11.323814,3.2091925132745134
HRV,2014,0.0,0.6,7.0,8.0,6.0,7.0,1.437,0.0,11.394281,3.2246070826885025
HRV,2015,0.0,0.4,7.0,8.0,6.0,7.0,1.406,0.0,11.417611,3.229726788327901
HRV,2016,2.0,0.6,7.0,7.0,6.0,6.666666666666667,1.406,1.0,11.54999,3.258931301475252
HRV,2017,1.0,0.8,7.0,7.0,6.0,6.666666666666667,1.406,1.0,11.633748,3.2775456471887563
HRV,2018,2.0,1.0,7.0,7.0,6.0,6.666666666666667,1.406,1.0,11.768991,3.30782670119347
HRV,2019,3.0,1.6,7.0,7.0,6.0,6.666666666666667,1.406,1.0,11.849183,3.3259137354192494
HRV,2020,,,6.0,6.0,6.0,6.0,1.406,1.0,11.950723,3.348957703026488
HRV,2021,,,6.0,6.0,6.0,6.0,1.406,1.0,12.095121,3.38200330598647
HRV,2022,,,6.0,6.0,7.0,6.333333333333333,1.406,1.0,12.095121,3.38200330598647
HRV,2023,,,6.0,6.0,7.0,6.333333333333333,1.406,1.0,12.095121,3.38200330598647
HRV,2024,,,6.0,7.0,7.0,6.666666666666667,,,,
HRV,2025,,,6.0,7.0,7.0,6.666666666666667,,,,
HTI,1960,,,,,,,-1.499,0.0,,
HTI,1961,,,,,,,-1.51,0.0,,
HTI,1962,,,,,,,-1.52,0.0,,
HTI,1963,,,,,,,-1.478,0.0,,
HTI,1964,,,,,,,-1.479,0.0,,
HTI,1965,,,,,,,-1.481,0.0,,
HTI,1966,,,,,,,-1.495,0.0,,
HTI,1967,,,,,,,-1.374,0.0,,
HTI,1968,,,,,,,-1.372,0.0,,
HTI,1969,,,,,,,-1.379,0.0,,
HTI,1970,,,,,,,-1.375,0.0,,
HTI,1971,,,,,,,-1.274,0.0,,
HTI,1972,,,,,,,-1.261,0.0,,
HTI,1973,,,,,,,-1.242,0.0,,
HTI,1974,,,,,,,-1.249,0.0,,
HTI,1975,,,,,,,-1.213,0.0,,
HTI,1976,,,,,,,-1.185,0.0,,
HTI,1977,,,,,,,-1.257,0.0,,
HTI,1978,,,,,,,-1.204,0.0,,
HTI,1979,,,,,,,-1.275,0.0,,
HTI,1980,,,,,,,-1.341,0.0,,
HTI,1981,,,,,,,-1.277,0.0,,
HTI,1982,,,,,,,-1.063,0.0,,
HTI,1983,,,,,,,-1.177,0.0,,
HTI,1984,,,,,,,-1.229,0.0,,
HTI,1985,,,,,,,-1.228,0.0,,
HTI,1986,,,,,,,-1.321,0.0,,
HTI,1987,,,,,,,-1.146,0.0,,
HTI,1988,,,,,,,-1.199,0.0,,
HTI,1989,,,,,,,-1.208,0.0,,
HTI,1990,,,,,,,-1.201,0.0,2.68019,1.432105100429624
HTI,1991,,,,,,,-1.037,0.0,2.7818182,1.4517411639940354
HTI,1992,,,,,,,-1.234,0.0,2.8834462,1.4716464246374783
HTI,1993,,,,,,,-1.176,0.0,2.985074,1.491824572328001
HTI,1994,,,,,,,-1.232,0.0,3.086702,1.5122794286639503
HTI,1995,,,,,,,-0.7709,0.0,3.1883302,1.533014788784858
HTI,1996,,,,,,,-0.4623,0.0,3.297929,1.5556951476066803
HTI,1997,,,,,,,-0.554,0.0,3.407528,1.5787110958442558
HTI,1998,,,,,,,-0.6027,0.0,3.5171268,1.6020675137938316
HTI,1999,,,,,,,-0.686,0.0,3.6267257,1.625769502667425
HTI,2000,,,,,,,-0.6259,0.0,3.7363245,1.6498221314821149
HTI,2001,,,,,,,-0.7355,0.0,3.8439305,1.6737835907869085
HTI,2002,,,,,,,-0.7524,0.0,3.9515367,1.6980931037410254
HTI,2003,,,,,,,-0.721,0.0,4.059143,1.7193966475890077
HTI,2004,0.0,,2.0,2.0,2.0,2.0,-0.9033,0.0,4.166749,1.7381853191879082
HTI,2005,0.0,,2.0,2.0,2.0,2.0,-0.976,0.0,4.274355,1.7571793036103192
HTI,2006,0.0,0.0,4.0,4.0,4.0,4.0,-1.145,0.0,4.364027,1.7731661377201815
HTI,2007,0.0,0.0,4.0,4.0,4.0,4.0,-0.9972,0.0,4.4536986,1.7892983479120181
HTI,2008,0.0,0.0,5.0,5.0,4.0,4.666666666666667,-0.9489,0.0,4.5433707,1.8055774196304546
HTI,2009,1.0,0.2,5.0,5.0,4.0,4.666666666666667,-0.955,0.0,4.6330423,1.822004506653763
HTI,2010,2.0,0.6,3.0,2.0,3.0,2.6666666666666665,-0.925,0.0,4.722714,1.8385810653718937
HTI,2011,1.0,0.8,3.0,2.0,3.0,2.6666666666666665,-1.022,0.0,4.8243423,1.857550291917905
HTI,2012,0.0,0.8,3.0,2.0,3.0,2.6666666666666665,-1.1,0.0,4.92597,1.8767151162880495
HTI,2013,0.0,0.8,3.0,2.0,3.0,2.6666666666666665,-1.273,0.0,5.0275984,1.8960778031356522
HTI,2014,0.0,0.6,3.0,2.0,2.0,2.3333333333333335,-1.19,0.0,5.129226,1.9156401064054533
HTI,2015,0.0,0.2,3.0,2.0,2.0,2.3333333333333335,-1.152,0.0,5.230854,1.9354043169828243
HTI,2016,0.0,0.0,3.0,2.0,2.0,2.3333333333333335,-1.152,1.0,5.306577,1.9502630813724935
HTI,2017,0.0,0.0,3.0,2.0,2.0,2.3333333333333335,-1.152,1.0,5.3823,1.9652359216052568
HTI,2018,0.0,0.0,3.0,2.0,2.0,2.3333333333333335,-1.152,1.0,5.3823,1.9652359216052568
HTI,2019,1.0,0.2,3.0,2.0,2.0,2.3333333333333335,-1.152,1.0,5.3823,1.9652359216052568
HTI,2020,,,3.0,2.0,2.0,2.3333333333333335,-1.152,1.0,5.3823,1.9652359216052568
HTI,2021,,,3.0,2.0,2.0,2.3333333333333335,-1.152,1.0,5.3823,1.9652359216052568
HTI,2022,,,2.0,2.0,2.0,2.0,-1.152,1.0,5.3823,1.9652359216052568
HTI,2023,,,2.0,2.0,2.0,2.0,-1.152,1.0,5.3823,1.9652359216052568
HTI,2024,,,2.0,2.0,2.0,2.0,,,,
HTI,2025,,,2.0,2.0,2.0,2.0,,,,
HUN,1960,,,,,,,0.1391,0.0,,
HUN,1961,,,,,,,0.1511,0.0,,
HUN,1962,,,,,,,0.2625,0.0,,
HUN,1963,,,,,,,0.2929,0.0,,
HUN,1964,,,,,,,0.3033,0.0,,
HUN,1965,,,,,,,0.283,0.0,,
HUN,1966,,,,,,,0.2915,0.0,,
HUN,1967,,,,,,,0.2978,0.0,,
HUN,1968,,,,,,,0.2216,0.0,,
HUN,1969,,,,,,,0.2406,0.0,,
HUN,1970,,,,,,,0.2999,0.0,,
HUN,1971,,,,,,,0.3075,0.0,,
HUN,1972,,,,,,,0.3112,0.0,,
HUN,1973,,,,,,,0.3236,0.0,,
HUN,1974,,,,,,,0.3317,0.0,,
HUN,1975,,,,,,,0.5584,0.0,,
HUN,1976,,,,,,,0.5633,0.0,,
HUN,1977,,,,,,,0.5817,0.0,,
HUN,1978,,,,,,,0.6069,0.0,,
HUN,1979,,,,,,,0.6211,0.0,,
HUN,1980,,,,,,,0.6822,0.0,,
HUN,1981,,,,,,,1.14,0.0,,
HUN,1982,,,,,,,1.092,0.0,,
HUN,1983,,,,,,,1.148,0.0,,
HUN,1984,,,,,,,1.277,0.0,,
HUN,1985,,,,,,,1.239,0.0,,
HUN,1986,,,,,,,1.26,0.0,,
HUN,1987,,,,,,,1.27,0.0,,
HUN,1988,,,,,,,1.3,0.0,,
HUN,1989,,,,,,,1.327,0.0,,
HUN,1990,,,,,,,1.992,0.0,9.48,2.831028292788019
HUN,1991,,,,,,,1.953,0.0,9.54909,2.844360096114866
HUN,1992,,,,,,,1.876,0.0,9.618181,2.8577548755435607
HUN,1993,,,,,,,1.853,0.0,9.687272,2.8712127342273
HUN,1994,,,,,,,1.831,0.0,9.756363,2.8847339692215495
HUN,1995,,,,,,,1.926,0.0,9.825454,2.898318878980677
HUN,1996,,,,,,,1.953,0.0,9.894546,2.911967961378362
HUN,1997,,,,,,,2.003,0.0,9.963636,2.925680923645137
HUN,1998,,,,,,,2.015,0.0,10.032727,2.9394586625131853
HUN,1999,,,,,,,2.054,0.0,10.101818,2.953301284084873
HUN,2000,,,,,,,1.763,0.0,10.170909,2.9672090939085423
HUN,2001,,,,,,,1.839,0.0,10.24,2.9811823989714314
HUN,2002,,,,,,,1.856,0.0,10.3875,3.0112341158579086
HUN,2003,,,,,,,1.861,0.0,10.535,3.0415887681461715
HUN,2004,0.0,,8.0,8.0,8.0,8.0,1.767,0.0,10.6825,3.0722494095671573
HUN,2005,0.0,,8.0,8.0,8.0,8.0,1.769,0.0,10.83,3.103219124634849
HUN,2006,1.0,0.3333333333333333,8.0,8.0,8.0,8.0,1.642,0.0,11.075,3.1553518147555413
HUN,2007,0.0,0.25,8.0,8.0,8.0,8.0,1.68,0.0,11.32,3.2083603106991765
HUN,2008,2.0,0.6,8.0,7.0,7.0,7.333333333333333,1.683,0.0,11.565001,3.262259547444596
HUN,2009,0.0,0.6,8.0,7.0,7.0,7.333333333333333,1.608,0.0,11.81,3.317063819810322
HUN,2010,0.0,0.6,6.0,6.0,6.0,6.0,1.555,0.0,11.88,3.3328906816405603
HUN,2011,1.0,0.6,6.0,6.0,6.0,6.0,1.527,0.0,11.92,3.3419684845097577
HUN,2012,1.0,0.8,5.0,6.0,6.0,5.666666666666667,1.526,0.0,11.84,3.3238375368449846
HUN,2013,0.0,0.4,5.0,6.0,6.0,5.666666666666667,1.572,0.0,12.01,3.362484045217595
HUN,2014,2.0,0.8,4.0,6.0,6.0,5.333333333333333,1.534,0.0,11.77,3.3080536655852435
HUN,2015,0.0,0.8,4.0,6.0,6.0,5.333333333333333,1.517,0.0,11.85,3.3260985150154943
HUN,2016,1.0,0.8,5.0,6.0,6.0,5.666666666666667,1.517,1.0,11.89,3.3351578180430925
HUN,2017,3.0,1.2,5.0,6.0,6.0,5.666666666666667,1.517,1.0,11.9800005,3.355631683758327
HUN,2018,1.0,1.4,4.0,6.0,6.0,5.333333333333333,1.517,1.0,12.07,3.376231004849956
HUN,2019,1.0,1.2,4.0,6.0,6.0,5.333333333333333,1.517,1.0,12.16,3.396956895134299
HUN,2020,,,5.0,6.0,6.0,5.666666666666667,1.517,1.0,12.25,3.41781001679809
HUN,2021,,,5.0,6.0,6.0,5.666666666666667,1.517,1.0,12.331622,3.436832615756722
HUN,2022,,,5.0,6.0,6.0,5.666666666666667,1.517,1.0,12.331622,3.436832615756722
HUN,2023,,,5.0,6.0,6.0,5.666666666666667,1.517,1.0,12.331622,3.436832615756722
HUN,2024,,,5.0,5.0,6.0,5.333333333333333,,,,
HUN,2025,,,5.0,5.0,6.0,5.333333333333333,,,,
IDN,1960,,,,,,,-0.9641,0.0,,
IDN,1961,,,,,,,-0.7847,0.0,,
IDN,1962,,,,,,,-0.8851,0.0,,
IDN,1963,,,,,,,-0.7786,0.0,,
IDN,1964,,,,,,,-0.9435,0.0,,
IDN,1965,,,,,,,-1.332,0.0,,
IDN,1966,,,,,,,-1.229,0.0,,
IDN,1967,,,,,,,-0.8035,0.0,,
IDN,1968,,,,,,,-0.7345,0.0,,
IDN,1969,,,,,,,-0.6805,0.0,,
IDN,1970,,,,,,,-0.7178,0.0,,
IDN,1971,,,,,,,-0.6539,0.0,,
IDN,1972,,,,,,,-0.4323,0.0,,
IDN,1973,,,,,,,-0.409,0.0,,
IDN,1974,,,,,,,-0.1842,0.0,,
IDN,1975,,,,,,,-0.1181,0.0,,
IDN,1976,,,,,,,-0.09279,0.0,,
IDN,1977,,,,,,,-0.08082,0.0,,
IDN,1978,,,,,,,-0.1139,0.0,,
IDN,1979,,,,,,,-0.06983,0.0,,
IDN,1980,,,,,,,-0.2749,0.0,,
IDN,1981,,,,,,,-0.2324,0.0,,
IDN,1982,,,,,,,-0.2387,0.0,,
IDN,1983,,,,,,,-0.2689,0.0,,
IDN,1984,,,,,,,-0.41,0.0,,
IDN,1985,,,,,,,-0.3797,0.0,,
IDN,1986,,,,,,,-0.3714,0.0,,
IDN,1987,,,,,,,-0.4141,0.0,,
IDN,1988,,,,,,,-0.3777,0.0,,
IDN,1989,,,,,,,-0.4591,0.0,,
IDN,1990,,,,,,,-0.3904,0.0,3.22,1.5395343491184583
IDN,1991,,,,,,,-0.3543,0.0,3.493125,1.5969231554339636
IDN,1992,,,,,,,-0.3054,0.0,3.7662501,1.6564512509861116
IDN,1993,,,,,,,-0.2247,0.0,4.039375,1.7159671799849976
IDN,1994,,,,,,,-0.1912,0.0,4.3125,1.7639621492268611
IDN,1995,,,,,,,-0.05575,0.0,4.585625,1.813299520059731
IDN,1996,,,,,,,0.005151,0.0,4.85875,1.8640168389610827
IDN,1997,,,,,,,-0.1034,0.0,5.131875,1.91615270256952
IDN,1998,,,,,,,-0.2269,0.0,5.405,1.9697467870573955
IDN,1999,,,,,,,0.2016,0.0,5.678125,2.0248398783249715
IDN,2000,,,,,,,0.1063,0.0,5.95125,2.0814739030391007
IDN,2001,,,,,,,0.192,0.0,6.2243752,2.139692003761825
IDN,2002,,,,,,,0.2148,0.0,6.4975,2.1995383556407266
IDN,2003,,,,,,,0.2296,0.0,6.770625,2.261058632343337
IDN,2004,0.0,,5.0,5.0,4.0,4.666666666666667,0.5327,0.0,7.0437503,2.3242996789253008
IDN,2005,1.0,,5.0,5.0,4.0,4.666666666666667,0.5906,0.0,7.316875,2.3893094114369546
IDN,2006,1.0,0.6666666666666666,5.0,5.0,5.0,5.0,0.5231,0.0,7.59,2.456137514589961
IDN,2007,1.0,0.75,5.0,5.0,5.0,5.0,0.6227,0.0,7.02,2.3187308764813053
IDN,2008,3.0,1.2,7.0,5.0,6.0,6.0,0.6427,0.0,7.07,2.3304700839581645
IDN,2009,3.0,1.8,7.0,5.0,6.0,6.0,0.6097,0.0,7.31,2.387650910591788
IDN,2010,0.0,1.6,7.0,5.0,6.0,6.0,0.6362,0.0,7.4100003,2.411888451040877
IDN,2011,2.0,1.8,7.0,5.0,6.0,6.0,0.5939,0.0,7.51,2.4363718841544877
IDN,2012,1.0,1.8,6.0,6.0,6.0,6.0,0.5499,0.0,7.606667,2.460275577391488
IDN,2013,0.0,1.2,6.0,6.0,6.0,6.0,0.592,0.0,7.7033334,2.484413643609463
IDN,2014,1.0,0.8,6.0,6.0,6.0,6.0,0.6498,0.0,7.8,2.508788582040773
IDN,2015,5.0,1.8,6.0,6.0,6.0,6.0,0.6743,0.0,7.91,2.5368166307014066
IDN,2016,5.0,2.4,6.0,6.0,6.0,6.0,0.6743,1.0,7.98,2.5548154752233763
IDN,2017,4.0,3.0,6.0,6.0,6.0,6.0,0.6743,1.0,8.23959,2.602030547424316
IDN,2018,6.0,4.2,6.0,6.0,6.0,6.0,0.6743,1.0,8.16,2.5879860852965706
IDN,2019,2.0,4.4,6.0,6.0,6.0,6.0,0.6743,1.0,8.360001,2.623423300095775
IDN,2020,,,6.0,6.0,5.0,5.666666666666667,0.6743,1.0,8.56,2.6593453939290455
IDN,2021,,,6.0,6.0,5.0,5.666666666666667,0.6743,1.0,8.697224,2.684276500839607
IDN,2022,,,6.0,6.0,6.0,6.0,0.6743,1.0,8.697224,2.684276500839607
IDN,2023,,,6.0,6.0,6.0,6.0,0.6743,1.0,8.697224,2.684276500839607
IDN,2024,,,6.0,6.0,6.0,6.0,,,,
IDN,2025,,,6.0,6.0,6.0,6.0,,,,
IND,1960,,,,,,,0.02053,0.0,,
IND,1961,,,,,,,0.07469,0.0,,
IND,1962,,,,,,,0.1245,0.0,,
IND,1963,,,,,,,-0.03494,0.0,,
IND,1964,,,,,,,-0.0308,0.0,,
IND,1965,,,,,,,-0.05558,0.0,,
IND,1966,,,,,,,-0.07673,0.0,,
IND,1967,,,,,,,-0.07234,0.0,,
IND,1968,,,,,,,-0.04453,0.0,,
IND,1969,,,,,,,-0.01915,0.0,,
IND,1970,,,,,,,0.1035,0.0,,
IND,1971,,,,,,,0.05392,0.0,,
IND,1972,,,,,,,0.1383,0.0,,
IND,1973,,,,,,,0.03897,0.0,,
IND,1974,,,,,,,0.1246,0.0,,
IND,1975,,,,,,,-0.08957,0.0,,
IND,1976,,,,,,,-0.1643,0.0,,
IND,1977,,,,,,,-0.08116,0.0,,
IND,1978,,,,,,,0.04162,0.0,,
IND,1979,,,,,,,0.04289,0.0,,
IND,1980,,,,,,,0.007179,0.0,,
IND,1981,,,,,,,-0.05518,0.0,,
IND,1982,,,,,,,0.01034,0.0,,
IND,1983,,,,,,,-0.06572,0.0,,
IND,1984,,,,,,,0.06228,0.0,,
IND,1985,,,,,,,-0.01318,0.0,,
IND,1986,,,,,,,-0.009595,0.0,,
IND,1987,,,,,,,0.007354,0.0,,
IND,1988,,,,,,,-0.04214,0.0,,
IND,1989,,,,,,,0.01123,0.0,,
IND,1990,,,,,,,0.08926,0.0,2.7805743,1.4514992041681005
IND,1991,,,,,,,0.02308,0.0,2.8839066,1.4717372186040159
IND,1992,,,,,,,0.2795,0.0,2.9872386,1.492257348354576
IND,1993,,,,,,,0.3029,0.0,3.090571,1.5130636671597129
IND,1994,,,,,,,0.3711,0.0,3.193903,1.534160003094212
IND,1995,,,,,,,0.3549,0.0,3.2972353,1.5555505434406804
IND,1996,,,,,,,0.3527,0.0,3.466324,1.5911983569951549
IND,1997,,,,,,,0.3629,0.0,3.6354132,1.6276632036281733
IND,1998,,,,,,,0.354,0.0,3.804502,1.664963611102691
IND,1999,,,,,,,0.4506,0.0,3.973591,1.703118860467747
IND,2000,,,,,,,0.4814,0.0,4.14268,1.7339649764003318
IND,2001,,,,,,,0.4845,0.0,4.2197094,1.747507783861451
IND,2002,,,,,,,0.4952,0.0,4.296739,1.7611564004495432
IND,2003,,,,,,,0.6769,0.0,4.3737683,1.7749115634895787
IND,2004,0.0,,8.0,7.0,7.0,7.333333333333333,0.7348,0.0,4.4507976,1.7887741585045418
IND,2005,0.0,,8.0,7.0,7.0,7.333333333333333,0.7525,0.0,4.5278273,1.8027450974014836
IND,2006,2.0,0.6666666666666666,8.0,7.0,7.0,7.333333333333333,0.7833,0.0,4.634917,1.8223495262132556
IND,2007,2.0,1.0,8.0,7.0,7.0,7.333333333333333,0.8107,0.0,4.742007,1.8421672043937891
IND,2008,0.0,0.8,7.0,5.0,7.0,6.333333333333333,0.7524,0.0,4.8490963,1.862200264111576
IND,2009,0.0,0.8,7.0,5.0,7.0,6.333333333333333,0.6944,0.0,4.956186,1.8824512538736122
IND,2010,3.0,1.4,7.0,7.0,7.0,7.0,0.7333,0.0,5.063276,1.902922526043517
IND,2011,1.0,1.2,7.0,7.0,7.0,7.0,0.7847,0.0,5.3,1.9489679966587057
IND,2012,0.0,0.8,7.0,7.0,7.0,7.0,0.7853,0.0,5.3975782,1.9682708145851966
IND,2013,0.0,0.8,7.0,7.0,7.0,7.0,0.7357,0.0,5.4951563,1.9877647899099788
IND,2014,2.0,1.2,7.0,6.0,7.0,6.666666666666667,0.7999,0.0,5.592734,2.0074517546558885
IND,2015,3.0,1.2,7.0,6.0,7.0,6.666666666666667,0.767,0.0,5.690312,2.0273337619378724
IND,2016,3.0,1.6,7.0,7.0,7.0,7.0,0.767,1.0,5.78789,2.047412682651347
IND,2017,10.0,3.6,7.0,7.0,7.0,7.0,0.767,1.0,6.0139446,2.094695935386095
IND,2018,7.0,5.0,7.0,6.0,7.0,6.666666666666667,0.767,1.0,6.24,2.1430713277458566
IND,2019,2.0,5.0,7.0,6.0,7.0,6.666666666666667,0.767,1.0,6.28138,2.152046780039838
IND,2020,,,5.0,5.0,7.0,5.666666666666667,0.767,1.0,6.49,2.1978728362314457
IND,2021,,,5.0,5.0,7.0,5.666666666666667,0.767,1.0,6.5299997,2.206770136204095
IND,2022,,,5.0,5.0,6.0,5.333333333333333,0.767,1.0,6.57,2.2157035879765523
IND,2023,,,5.0,5.0,6.0,5.333333333333333,0.767,1.0,6.88,2.286174736236058
IND,2024,,,5.0,6.0,6.0,5.666666666666667,,,,
IND,2025,,,5.0,6.0,6.0,5.666666666666667,,,,
IRL,1960,,,,,,,0.9126,0.0,,
IRL,1961,,,,,,,0.8933,0.0,,
IRL,1962,,,,,,,0.9111,0.0,,
IRL,1963,,,,,,,0.9613,0.0,,
IRL,1964,,,,,,,0.9936,0.0,,
IRL,1965,,,,,,,1.112,0.0,,
IRL,1966,,,,,,,1.179,0.0,,
IRL,1967,,,,,,,1.16,0.0,,
IRL,1968,,,,,,,1.13,0.0,,
IRL,1969,,,,,,,1.125,0.0,,
IRL,1970,,,,,,,1.117,0.0,,
IRL,1971,,,,,,,1.146,0.0,,
IRL,1972,,,,,,,0.9973,0.0,,
IRL,1973,,,,,,,0.99,0.0,,
IRL,1974,,,,,,,1.023,0.0,,
IRL,1975,,,,,,,1.071,0.0,,
IRL,1976,,,,,,,1.146,0.0,,
IRL,1977,,,,,,,1.152,0.0,,
IRL,1978,,,,,,,1.244,0.0,,
IRL,1979,,,,,,,1.311,0.0,,
IRL,1980,,,,,,,1.492,0.0,,
IRL,1981,,,,,,,1.692,0.0,,
IRL,1982,,,,,,,1.741,0.0,,
IRL,1983,,,,,,,1.783,0.0,,
IRL,1984,,,,,,,1.777,0.0,,
IRL,1985,,,,,,,1.74,0.0,,
IRL,1986,,,,,,,1.733,0.0,,
IRL,1987,,,,,,,1.745,0.0,,
IRL,1988,,,,,,,1.766,0.0,,
IRL,1989,,,,,,,1.746,0.0,,
IRL,1990,,,,,,,1.878,0.0,9.132083,2.7648368947669817
IRL,1991,,,,,,,1.937,0.0,9.27,2.790888489066969
IRL,1992,,,,,,,1.945,0.0,9.410001,2.8175848110361144
IRL,1993,,,,,,,1.943,0.0,9.55,2.844536110563445
IRL,1994,,,,,,,2.069,0.0,9.690001,2.871745600357804
IRL,1995,,,,,,,2.034,0.0,9.83,2.89921496899522
IRL,1996,,,,,,,2.053,0.0,9.97,2.9269472919081427
IRL,1997,,,,,,,2.042,0.0,10.110001,2.9549450881646395
IRL,1998,,,,,,,2.064,0.0,10.25,2.9832102924083586
IRL,1999,,,,,,,2.064,0.0,10.39,3.011746069172404
IRL,2000,,,,,,,2.064,0.0,10.53,3.040554803748909
IRL,2001,,,,,,,2.034,0.0,10.67,3.069639107104734
IRL,2002,,,,,,,2.009,0.0,10.81,3.099001615181832
IRL,2003,,,,,,,2.045,0.0,10.95,3.128644989136154
IRL,2004,0.0,,,,,,2.07,0.0,11.09,3.158571915578829
IRL,2005,1.0,,,,,,2.08,0.0,11.23,3.1887851068196564
IRL,2006,1.0,0.6666666666666666,,,,,2.113,0.0,11.37,3.2192873011129244
IRL,2007,0.0,0.5,,,,,2.127,0.0,11.35,3.2149120462311034
IRL,2008,0.0,0.4,,,,,2.091,0.0,11.423333,3.2309837066174136
IRL,2009,0.0,0.4,,,,,2.059,0.0,11.496667,3.247135931614283
IRL,2010,0.0,0.2,,,,,1.764,0.0,11.57,3.263368682361623
IRL,2011,0.0,0.0,,,,,2.048,0.0,11.0,3.139300486179397
IRL,2012,0.0,0.0,,,,,2.047,0.0,11.071667,3.154636754233987
IRL,2013,0.0,0.0,,,,,2.047,0.0,11.143333,3.1700477282305703
IRL,2014,1.0,0.2,,,,,2.066,0.0,11.215,3.1855342042528627
IRL,2015,2.0,0.6,,,,,2.009,0.0,11.286667,3.2010963355838924
IRL,2016,2.0,1.0,,,,,2.009,1.0,11.358334,3.2167344918187637
IRL,2017,0.0,1.0,,,,,2.009,1.0,11.43,3.23244882455162
IRL,2018,1.0,1.2,,,,,2.009,1.0,11.503047,3.248544974694379
IRL,2019,0.0,1.0,,,,,2.009,1.0,11.57656,3.2648247305963047
IRL,2020,,,,,,,2.009,1.0,11.650543,3.2812909392376213
IRL,2021,,,,,,,2.009,1.0,11.724999,3.2979462689685297
IRL,2022,,,,,,,2.009,1.0,11.724999,3.2979462689685297
IRL,2023,,,,,,,2.009,1.0,11.724999,3.2979462689685297
IRN,1960,,,,,,,-0.3612,0.0,,
IRN,1961,,,,,,,-0.2057,0.0,,
IRN,1962,,,,,,,-0.1635,0.0,,
IRN,1963,,,,,,,-0.02858,0.0,,
IRN,1964,,,,,,,0.07452,0.0,,
IRN,1965,,,,,,,0.06399,0.0,,
IRN,1966,,,,,,,0.2342,0.0,,
IRN,1967,,,,,,,0.2049,0.0,,
IRN,1968,,,,,,,0.3199,0.0,,
IRN,1969,,,,,,,0.2307,0.0,,
IRN,1970,,,,,,,-0.1961,0.0,,
IRN,1971,,,,,,,-0.2487,0.0,,
IRN,1972,,,,,,,-0.1746,0.0,,
IRN,1973,,,,,,,-0.1839,0.0,,
IRN,1974,,,,,,,0.04064,0.0,,
IRN,1975,,,,,,,0.1315,0.0,,
IRN,1976,,,,,,,0.1218,0.0,,
IRN,1977,,,,,,,0.09405,0.0,,
IRN,1978,,,,,,,0.144,0.0,,
IRN,1979,,,,,,,0.05847,0.0,,
IRN,1980,,,,,,,-0.3256,0.0,,
IRN,1981,,,,,,,-0.159,0.0,,
IRN,1982,,,,,,,-0.1707,0.0,,
IRN,1983,,,,,,,-0.2419,0.0,,
IRN,1984,,,,,,,-0.3369,0.0,,
IRN,1985,,,,,,,-0.1311,0.0,,
IRN,1986,,,,,,,-0.05352,0.0,,
IRN,1987,,,,,,,-0.04943,0.0,,
IRN,1988,,,,,,,-0.06802,0.0,,
IRN,1989,,,,,,,-0.2238,0.0,,
IRN,1990,,,,,,,-0.03014,0.0,5.7386885,2.037263607412307
IRN,1991,,,,,,,0.1538,0.0,6.021543,2.0963041024888995
IRN,1992,,,,,,,0.3186,0.0,6.304398,2.157055717308662
IRN,1993,,,,,,,0.325,0.0,6.5872526,2.2195678451771275
IRN,1994,,,,,,,0.4638,0.0,6.870107,2.283891547305991
IRN,1995,,,,,,,0.5563,0.0,7.152962,2.350079510878313
IRN,1996,,,,,,,0.5117,0.0,7.4140587,2.412877282904391
IRN,1997,,,,,,,0.5579,0.0,7.6751556,2.477353158908278
IRN,1998,,,,,,,0.6182,0.0,7.936252,2.5435518032781133
IRN,1999,,,,,,,0.5729,0.0,8.197349,2.5945672300073666
IRN,2000,,,,,,,0.5527,0.0,8.458446,2.64104409103114
IRN,2001,,,,,,,0.4452,0.0,8.678746,2.680905814762935
IRN,2002,,,,,,,0.2761,0.0,8.899047,2.7213693632645977
IRN,2003,,,,,,,0.2635,0.0,9.119347,2.7624434498726225
IRN,2004,0.0,,3.0,2.0,4.0,3.0,0.203,0.0,9.339647,2.8041374745946923
IRN,2005,3.0,,3.0,2.0,4.0,3.0,0.4745,0.0,9.559948,2.846460987820622
IRN,2006,0.0,1.0,4.0,3.0,5.0,4.0,0.4342,0.0,9.87,2.9071115682173128
IRN,2007,0.0,0.75,4.0,3.0,5.0,4.0,0.6021,0.0,9.63,2.8600525534640013
IRN,2008,0.0,0.6,3.0,2.0,3.0,2.6666666666666665,0.6435,0.0,9.39,2.8137553088793212
IRN,2009,4.0,1.4,3.0,2.0,3.0,2.6666666666666665,0.6616,0.0,9.55,2.844536110563445
IRN,2010,1.0,1.0,3.0,2.0,3.0,2.6666666666666665,0.3928,0.0,9.71,2.8756536358245355
IRN,2011,0.0,1.0,3.0,2.0,3.0,2.6666666666666665,0.4174,0.0,9.8,2.893306599044841
IRN,2012,2.0,1.4,3.0,2.0,2.0,2.3333333333333335,0.4483,0.0,9.89,2.9110679296660664
IRN,2013,0.0,1.4,3.0,2.0,2.0,2.3333333333333335,0.4915,0.0,10.04,2.9409127724927377
IRN,2014,1.0,0.8,4.0,2.0,3.0,3.0,0.5177,0.0,10.12,2.9569549330898344
IRN,2015,1.0,0.8,4.0,2.0,3.0,3.0,0.5043,0.0,10.215,2.976118694261692
IRN,2016,1.0,1.0,4.0,3.0,3.0,3.3333333333333335,0.5043,1.0,10.31,2.9954066540603668
IRN,2017,1.0,0.8,4.0,3.0,3.0,3.3333333333333335,0.5043,1.0,10.4151745,3.0169061903266954
IRN,2018,1.0,1.0,3.0,2.0,2.0,2.3333333333333335,0.5043,1.0,10.521422,3.038781753133694
IRN,2019,0.0,0.8,3.0,2.0,2.0,2.3333333333333335,0.5043,1.0,10.628754,3.0610416667279976
IRN,2020,,,3.0,2.0,2.0,2.3333333333333335,0.5043,1.0,10.73718,3.0836940339564287
IRN,2021,,,3.0,2.0,2.0,2.3333333333333335,0.5043,1.0,10.846712,3.10674767707157
IRN,2022,,,2.0,2.0,2.0,2.0,0.5043,1.0,10.846712,3.10674767707157
IRN,2023,,,2.0,2.0,2.0,2.0,0.5043,1.0,10.846712,3.10674767707157
IRN,2024,,,3.0,2.0,2.0,2.3333333333333335,,,,
IRN,2025,,,3.0,2.0,2.0,2.3333333333333335,,,,
IRQ,1960,,,,,,,-0.2859,0.0,,
IRQ,1961,,,,,,,-0.3671,0.0,,
IRQ,1962,,,,,,,-0.37,0.0,,
IRQ,1963,,,,,,,-0.2155,0.0,,
IRQ,1964,,,,,,,-0.2114,0.0,,
IRQ,1965,,,,,,,-0.1807,0.0,,
IRQ,1966,,,,,,,-0.1848,0.0,,
IRQ,1967,,,,,,,-0.2049,0.0,,
IRQ,1968,,,,,,,-0.2143,0.0,,
IRQ,1969,,,,,,,-0.1816,0.0,,
IRQ,1970,,,,,,,-0.1487,0.0,,
IRQ,1971,,,,,,,-0.16,0.0,,
IRQ,1972,,,,,,,-0.1486,0.0,,
IRQ,1973,,,,,,,-0.1002,0.0,,
IRQ,1974,,,,,,,-0.05262,0.0,,
IRQ,1975,,,,,,,-0.01193,0.0,,
IRQ,1976,,,,,,,0.09869,0.0,,
IRQ,1977,,,,,,,0.1024,0.0,,
IRQ,1978,,,,,,,0.157,0.0,,
IRQ,1979,,,,,,,0.1889,0.0,,
IRQ,1980,,,,,,,0.2143,0.0,,
IRQ,1981,,,,,,,0.2086,0.0,,
IRQ,1982,,,,,,,0.2878,0.0,,
IRQ,1983,,,,,,,0.3583,0.0,,
IRQ,1984,,,,,,,-0.02671,0.0,,
IRQ,1985,,,,,,,0.0149,0.0,,
IRQ,1986,,,,,,,-0.02701,0.0,,
IRQ,1987,,,,,,,-0.003798,0.0,,
IRQ,1988,,,,,,,0.1658,0.0,,
IRQ,1989,,,,,,,0.1599,0.0,,
IRQ,1990,,,,,,,0.09594,0.0,4.8700676,1.8661487731066684
IRQ,1991,,,,,,,-0.3075,0.0,4.938896,1.8791668166980482
IRQ,1992,,,,,,,-0.5092,0.0,5.0086975,1.8924616605535918
IRQ,1993,,,,,,,-0.3751,0.0,5.079486,1.9060405615753775
IRQ,1994,,,,,,,-0.3456,0.0,5.151274,1.9199106989605979
IRQ,1995,,,,,,,-0.3782,0.0,5.224077,1.9340800305156665
IRQ,1996,,,,,,,-0.3819,0.0,5.2979093,1.9485564946603078
IRQ,1997,,,,,,,-0.4205,0.0,5.3727846,1.963348128292804
IRQ,1998,,,,,,,-0.4465,0.0,5.448718,1.9784634696231946
IRQ,1999,,,,,,,-0.4477,0.0,5.525725,1.9939113755694842
IRQ,2000,,,,,,,-0.4336,0.0,5.60382,2.0097007291189013
IRQ,2001,,,,,,,-0.4289,0.0,5.685289,2.0263055097418134
IRQ,2002,,,,,,,-0.5942,0.0,5.766758,2.043047484293921
IRQ,2003,,,,,,,-0.7012,0.0,5.848227,2.059927786314693
IRQ,2004,0.0,,,,,,-1.136,0.0,5.9296966,2.0769476845722843
IRQ,2005,0.0,,,,,,-0.9886,0.0,6.0111656,2.094108080728735
IRQ,2006,0.0,0.0,2.0,3.0,2.0,2.3333333333333335,-1.213,0.0,6.0926347,2.1114102828102213
IRQ,2007,0.0,0.0,2.0,3.0,2.0,2.3333333333333335,-1.053,0.0,6.1694436,2.1278536669842043
IRQ,2008,0.0,0.0,6.0,4.0,3.0,4.333333333333333,-0.8514,0.0,6.2462525,2.144425110060474
IRQ,2009,0.0,0.0,6.0,4.0,3.0,4.333333333333333,-0.9357,0.0,6.3230615,2.161125631172202
IRQ,2010,0.0,0.0,5.0,3.0,3.0,3.6666666666666665,-0.7928,0.0,6.39987,2.177956103917899
IRQ,2011,0.0,0.0,5.0,3.0,3.0,3.6666666666666665,-0.6948,0.0,6.476679,2.194917760318608
IRQ,2012,2.0,0.4,5.0,5.0,3.0,4.333333333333333,-0.6288,0.0,6.5068493,2.2016163151121684
IRQ,2013,0.0,0.4,5.0,5.0,3.0,4.333333333333333,-0.7231,0.0,6.5370193,2.2083352459624392
IRQ,2014,0.0,0.4,5.0,4.0,4.0,4.333333333333333,-0.7361,0.0,6.567189,2.2150746146456344
IRQ,2015,2.0,0.8,5.0,4.0,4.0,4.333333333333333,-0.6327,0.0,6.5973597,2.2218347748515246
IRQ,2016,2.0,1.2,5.0,4.0,4.0,4.333333333333333,-0.6327,1.0,6.6275296,2.2286153862388356
IRQ,2017,2.0,1.2,5.0,4.0,4.0,4.333333333333333,-0.6327,1.0,6.6577,2.235416803633418
IRQ,2018,0.0,1.2,4.0,4.0,6.0,4.666666666666667,-0.6327,1.0,6.68787,2.2422388874007164
IRQ,2019,0.0,1.2,4.0,4.0,6.0,4.666666666666667,-0.6327,1.0,6.7184553,2.2491761313105614
IRQ,2020,,,5.0,4.0,6.0,5.0,-0.6327,1.0,6.749181,2.256166831421903
IRQ,2021,,,5.0,4.0,6.0,5.0,-0.6327,1.0,6.7800465,2.263211215303574
IRQ,2022,,,5.0,4.0,5.0,4.666666666666667,-0.6327,1.0,6.7800465,2.263211215303574
IRQ,2023,,,5.0,4.0,5.0,4.666666666666667,-0.6327,1.0,6.7800465,2.263211215303574
IRQ,2024,,,5.0,5.0,5.0,5.0,,,,
IRQ,2025,,,5.0,5.0,5.0,5.0,,,,
ISL,1990,,,,,,,,,10.50759,3.0359248917057244
ISL,1991,,,,,,,,,10.624341,3.060123234910718
ISL,1992,,,,,,,,,10.741092,3.084514455026293
ISL,1993,,,,,,,,,10.857842,3.109099877991077
ISL,1994,,,,,,,,,10.974594,3.133881687672653
ISL,1995,,,,,,,,,11.091345,3.15886081177725
ISL,1996,,,,,,,,,11.220516,3.1867292840224968
ISL,1997,,,,,,,,,11.349688,3.214843839380671
ISL,1998,,,,,,,,,11.478859,3.2432062116563194
ISL,1999,,,,,,,,,11.60803,3.271818805778282
ISL,2000,,,,,,,,,11.737202,3.30068405372958
ISL,2001,,,,,,,,,11.883761,3.3337431707731575
ISL,2002,,,,,,,,,12.030321,3.367133631545273
ISL,2003,,,,,,,,,12.176881,3.4008585280592736
ISL,2004,0.0,,,,,,,,12.323441,3.43492120999237
ISL,2005,0.0,,,,,,,,12.47,3.469324824657728
ISL,2006,1.0,0.3333333333333333,,,,,,,12.56,3.490622196067834
ISL,2007,0.0,0.25,,,,,,,12.650001,3.5120505458654128
ISL,2008,0.0,0.2,,,,,,,12.74,3.533609960171723
ISL,2009,0.0,0.2,,,,,,,12.83,3.5553019629514426
ISL,2010,0.0,0.2,,,,,,,12.92,3.577127127848629
ISL,2011,3.0,0.6,,,,,,,13.01,3.5990862723142882
ISL,2012,0.0,0.6,,,,,,,13.099999,3.621179972577323
ISL,2013,2.0,1.0,,,,,,,13.19,3.643409794876564
ISL,2014,0.0,1.0,,,,,,,13.28,3.665775833089304
ISL,2015,0.0,1.0,,,,,,,13.37,3.6882791711649476
ISL,2016,0.0,0.4,,,,,,,13.46,3.7109206519551496
ISL,2017,0.0,0.4,,,,,,,13.549999,3.733700869593967
ISL,2018,0.0,0.0,,,,,,,13.639999,3.7566211835377104
ISL,2019,0.0,0.0,,,,,,,13.73,3.7796824569314693
ISL,2020,,,,,,,,,13.77,3.7899771877011252
ISL,2021,,,,,,,,,13.908926,3.825950633371388
ISL,2022,,,,,,,,,13.908926,3.825950633371388
ISL,2023,,,,,,,,,13.908926,3.825950633371388
ISR,1960,,,,,,,0.6393,0.0,,
ISR,1961,,,,,,,0.6595,0.0,,
ISR,1962,,,,,,,0.6543,0.0,,
ISR,1963,,,,,,,0.5296,0.0,,
ISR,1964,,,,,,,0.6567,0.0,,
ISR,1965,,,,,,,0.6891,0.0,,
ISR,1966,,,,,,,0.7774,0.0,,
ISR,1967,,,,,,,0.8676,0.0,,
ISR,1968,,,,,,,0.9024,0.0,,
ISR,1969,,,,,,,0.9282,0.0,,
ISR,1970,,,,,,,1.089,0.0,,
ISR,1971,,,,,,,1.11,0.0,,
ISR,1972,,,,,,,1.238,0.0,,
ISR,1973,,,,,,,1.236,0.0,,
ISR,1974,,,,,,,1.378,0.0,,
ISR,1975,,,,,,,1.51,0.0,,
ISR,1976,,,,,,,1.571,0.0,,
ISR,1977,,,,,,,1.621,0.0,,
ISR,1978,,,,,,,1.894,0.0,,
ISR,1979,,,,,,,1.992,0.0,,
ISR,1980,,,,,,,1.906,0.0,,
ISR,1981,,,,,,,1.913,0.0,,
ISR,1982,,,,,,,1.977,0.0,,
ISR,1983,,,,,,,1.936,0.0,,
ISR,1984,,,,,,,1.563,0.0,,
ISR,1985,,,,,,,1.666,0.0,,
ISR,1986,,,,,,,1.649,0.0,,
ISR,1987,,,,,,,1.656,0.0,,
ISR,1988,,,,,,,1.509,0.0,,
ISR,1989,,,,,,,1.352,0.0,,
ISR,1990,,,,,,,1.35,0.0,9.8994255,2.9129343301343655
ISR,1991,,,,,,,1.48,0.0,9.96584,2.926119434155929
ISR,1992,,,,,,,1.924,0.0,10.032255,2.9393643191619834
ISR,1993,,,,,,,1.945,0.0,10.09867,2.9526691562591165
ISR,1994,,,,,,,1.971,0.0,10.165086,2.966034418506815
ISR,1995,,,,,,,1.928,0.0,10.231501,2.979459976034837
ISR,1996,,,,,,,1.92,0.0,10.303301,2.9940424612167664
ISR,1997,,,,,,,1.94,0.0,10.3751,3.0086961134236176
ISR,1998,,,,,,,1.93,0.0,10.4469,3.0234216901535724
ISR,1999,,,,,,,1.907,0.0,10.518701,3.038219545437162
ISR,2000,,,,,,,1.953,0.0,10.590501,3.053089619832238
ISR,2001,,,,,,,1.943,0.0,10.635375,3.0624201436867025
ISR,2002,,,,,,,1.906,0.0,10.68025,3.071779391364803
ISR,2003,,,,,,,1.882,0.0,10.725125,3.081167242406581
ISR,2004,0.0,,,,,,1.879,0.0,10.77,3.0905837842285067
ISR,2005,1.0,,,,,,1.899,0.0,11.275001,3.198557951242067
ISR,2006,0.0,0.3333333333333333,,,,,1.936,0.0,11.78,3.310303907073238
ISR,2007,1.0,0.5,,,,,1.946,0.0,12.38,3.4481573951329083
ISR,2008,0.0,0.4,,,,,1.919,0.0,12.42,3.457549150244292
ISR,2009,0.0,0.4,,,,,1.858,0.0,12.46,3.46696648570308
ISR,2010,0.0,0.2,,,,,1.809,0.0,12.5,3.4764094711825293
ISR,2011,0.0,0.2,,,,,1.834,0.0,12.6,3.5001296126660737
ISR,2012,0.0,0.0,,,,,1.817,0.0,12.69,3.5216160874448694
ISR,2013,1.0,0.2,,,,,1.76,0.0,12.8,3.548056539791358
ISR,2014,0.0,0.2,,,,,1.776,0.0,12.92,3.577127127848629
ISR,2015,0.0,0.2,,,,,1.755,0.0,12.96,3.586870158150686
ISR,2016,5.0,1.2,,,,,1.755,1.0,13.054043,3.6098814194229085
ISR,2017,1.0,1.4,,,,,1.755,1.0,13.148768,3.6332087972742895
ISR,2018,1.0,1.4,,,,,1.755,1.0,13.244182,3.6568582458448264
ISR,2019,5.0,2.4,,,,,1.755,1.0,13.340287,3.6808345854778297
ISR,2020,,,,,,,1.755,1.0,13.43709,3.70514398373615
ISR,2021,,,,,,,1.755,1.0,13.534595,3.729791970065498
ISR,2022,,,,,,,1.755,1.0,13.534595,3.729791970065498
ISR,2023,,,,,,,1.755,1.0,13.534595,3.729791970065498
ITA,1960,,,,,,,0.8171,0.0,,
ITA,1961,,,,,,,0.8496,0.0,,
ITA,1962,,,,,,,0.8414,0.0,,
ITA,1963,,,,,,,0.8582,0.0,,
ITA,1964,,,,,,,0.8931,0.0,,
ITA,1965,,,,,,,0.8045,0.0,,
ITA,1966,,,,,,,0.8135,0.0,,
ITA,1967,,,,,,,0.8106,0.0,,
ITA,1968,,,,,,,0.8283,0.0,,
ITA,1969,,,,,,,0.7997,0.0,,
ITA,1970,,,,,,,0.7797,0.0,,
ITA,1971,,,,,,,0.8025,0.0,,
ITA,1972,,,,,,,0.8469,0.0,,
ITA,1973,,,,,,,0.8262,0.0,,
ITA,1974,,,,,,,0.8754,0.0,,
ITA,1975,,,,,,,0.8804,0.0,,
ITA,1976,,,,,,,0.91,0.0,,
ITA,1977,,,,,,,0.9726,0.0,,
ITA,1978,,,,,,,1.023,0.0,,
ITA,1979,,,,,,,1.044,0.0,,
ITA,1980,,,,,,,1.1,0.0,,
ITA,1981,,,,,,,1.13,0.0,,
ITA,1982,,,,,,,1.21,0.0,,
ITA,1983,,,,,,,1.243,0.0,,
ITA,1984,,,,,,,1.391,0.0,,
ITA,1985,,,,,,,1.398,0.0,,
ITA,1986,,,,,,,1.421,0.0,,
ITA,1987,,,,,,,1.451,0.0,,
ITA,1988,,,,,,,1.471,0.0,,
ITA,1989,,,,,,,1.482,0.0,,
ITA,1990,,,,,,,1.499,0.0,7.438089,2.4187405939930735
ITA,1991,,,,,,,1.543,0.0,7.568689,2.450856582592929
ITA,1992,,,,,,,1.594,0.0,7.6992893,2.4833990818856884
ITA,1993,,,,,,,1.623,0.0,7.8298893,2.516373604577707
ITA,1994,,,,,,,1.582,0.0,7.9604897,2.549786065325275
ITA,1995,,,,,,,1.648,0.0,8.091089,2.5758872863863123
ITA,1996,,,,,,,1.72,0.0,8.22373,2.599225822211406
ITA,1997,,,,,,,1.745,0.0,8.356371,2.6227758142043758
ITA,1998,,,,,,,1.698,0.0,8.489012,2.6465391782399474
ITA,1999,,,,,,,1.727,0.0,8.621653,2.6705178475514137
ITA,2000,,,,,,,1.686,0.0,8.754293,2.694713589647379
ITA,2001,,,,,,,1.684,0.0,8.84,2.7104644392369415
ITA,2002,,,,,,,1.423,0.0,8.9475,2.7303505293944434
ITA,2003,,,,,,,1.318,0.0,9.055,2.7503825194855605
ITA,2004,1.0,,,,,,1.37,0.0,9.1625,2.770561479946485
ITA,2005,0.0,,,,,,1.412,0.0,9.27,2.790888489066969
ITA,2006,0.0,0.3333333333333333,,,,,1.432,0.0,9.39,2.8137553088793212
ITA,2007,1.0,0.5,,,,,1.461,0.0,9.53,2.8406701708879276
ITA,2008,2.0,0.8,,,,,1.461,0.0,9.65,2.863944871112777
ITA,2009,1.0,0.8,,,,,1.469,0.0,9.73,2.879567185379746
ITA,2010,0.0,0.8,,,,,1.465,0.0,9.82,2.8972441729628953
ITA,2011,0.0,0.8,,,,,1.455,0.0,9.9,2.9130481290497263
ITA,2012,1.0,0.8,,,,,1.478,0.0,10.02,2.9369158496457426
ITA,2013,2.0,0.8,,,,,1.451,0.0,10.12,2.9569549330898344
ITA,2014,2.0,1.0,,,,,1.441,0.0,10.22,2.977130746656899
ITA,2015,0.0,1.0,,,,,1.521,0.0,10.31,2.9954066540603668
ITA,2016,0.0,1.0,,,,,1.521,1.0,10.396,3.01297511227637
ITA,2017,0.0,0.8,,,,,1.521,1.0,10.482,3.0306466118352464
ITA,2018,0.0,0.4,,,,,1.521,1.0,10.568,3.0484217570881706
ITA,2019,0.0,0.0,,,,,1.521,1.0,10.654,3.066301155930916
ITA,2020,,,,,,,1.521,1.0,10.74,3.0842854198246457
ITA,2021,,,,,,,1.521,1.0,10.828128,3.102824122394795
ITA,2022,,,,,,,1.521,1.0,10.828128,3.102824122394795
ITA,2023,,,,,,,1.521,1.0,10.828128,3.102824122394795
JAM,1960,,,,,,,0.3556,0.0,,
JAM,1961,,,,,,,0.3407,0.0,,
JAM,1962,,,,,,,-0.006484,0.0,,
JAM,1963,,,,,,,-0.22,0.0,,
JAM,1964,,,,,,,-0.2118,0.0,,
JAM,1965,,,,,,,-0.2213,0.0,,
JAM,1966,,,,,,,-0.2293,0.0,,
JAM,1967,,,,,,,-0.2441,0.0,,
JAM,1968,,,,,,,-0.2332,0.0,,
JAM,1969,,,,,,,-0.255,0.0,,
JAM,1970,,,,,,,-0.2355,0.0,,
JAM,1971,,,,,,,-0.1834,0.0,,
JAM,1972,,,,,,,-0.1714,0.0,,
JAM,1973,,,,,,,-0.04651,0.0,,
JAM,1974,,,,,,,-0.09763,0.0,,
JAM,1975,,,,,,,0.2099,0.0,,
JAM,1976,,,,,,,0.2825,0.0,,
JAM,1977,,,,,,,0.2439,0.0,,
JAM,1978,,,,,,,0.347,0.0,,
JAM,1979,,,,,,,0.2472,0.0,,
JAM,1980,,,,,,,0.1511,0.0,,
JAM,1981,,,,,,,0.2279,0.0,,
JAM,1982,,,,,,,0.2341,0.0,,
JAM,1983,,,,,,,0.1998,0.0,,
JAM,1984,,,,,,,0.08438,0.0,,
JAM,1985,,,,,,,0.1531,0.0,,
JAM,1986,,,,,,,0.1794,0.0,,
JAM,1987,,,,,,,0.1765,0.0,,
JAM,1988,,,,,,,0.1819,0.0,,
JAM,1989,,,,,,,0.24,0.0,,
JAM,1990,,,,,,,0.2629,0.0,6.687517,2.2421589462827427
JAM,1991,,,,,,,0.224,0.0,6.77,2.26091590752197
JAM,1992,,,,,,,0.2212,0.0,6.8535,2.280063970934137
JAM,1993,,,,,,,0.332,0.0,6.937,2.2993742024000627
JAM,1994,,,,,,,0.376,0.0,7.0204997,2.318847905086197
JAM,1995,,,,,,,0.3818,0.0,7.104,2.3384866748351394
JAM,1996,,,,,,,0.3975,0.0,7.1875,2.358291697653227
JAM,1997,,,,,,,0.4145,0.0,7.271,2.3782644524208036
JAM,1998,,,,,,,0.4119,0.0,7.3545,2.398406359686947
JAM,1999,,,,,,,0.3237,0.0,7.4379997,2.418718778744413
JAM,2000,,,,,,,0.3174,0.0,7.5214996,2.4392032756236177
JAM,2001,,,,,,,0.3188,0.0,7.605,2.459861383042658
JAM,2002,,,,,,,0.2339,0.0,7.6885,2.480694347944597
JAM,2003,,,,,,,0.2573,0.0,7.772,2.501703750604207
JAM,2004,0.0,,6.0,7.0,5.0,6.0,0.4109,0.0,7.8554997,2.5228910088578664
JAM,2005,3.0,,6.0,7.0,5.0,6.0,0.517,0.0,7.9389997,2.544257781880638
JAM,2006,1.0,1.3333333333333333,5.0,6.0,5.0,5.333333333333333,0.5586,0.0,8.0225,2.5639011877582796
JAM,2007,0.0,1.0,5.0,6.0,5.0,5.333333333333333,0.575,0.0,8.106,2.578500426718897
JAM,2008,0.0,0.8,5.0,7.0,5.0,5.666666666666667,0.485,0.0,8.1895,2.593182795941807
JAM,2009,0.0,0.8,5.0,7.0,5.0,5.666666666666667,0.4486,0.0,8.273,2.607948768783224
JAM,2010,0.0,0.2,6.0,7.0,5.0,6.0,0.448,0.0,8.3565,2.622798821294727
JAM,2011,0.0,0.0,6.0,7.0,5.0,6.0,0.5538,0.0,8.44,2.6377334322386012
JAM,2012,1.0,0.2,6.0,7.0,5.0,6.0,0.5424,0.0,8.578174,2.6626339296862334
JAM,2013,2.0,0.6,6.0,7.0,5.0,6.0,0.6267,0.0,8.716347,2.6877693078354032
JAM,2014,4.0,1.4,6.0,7.0,6.0,6.333333333333333,0.6319,0.0,8.854521,2.7131421495227377
JAM,2015,2.0,1.8,6.0,7.0,6.0,6.333333333333333,0.649,0.0,8.992695,2.7387545136621716
JAM,2016,1.0,2.0,6.0,7.0,5.0,6.0,0.649,1.0,9.130868,2.764608473378953
JAM,2017,1.0,2.0,6.0,7.0,5.0,6.0,0.649,1.0,9.269042,2.7907066853490123
JAM,2018,2.0,2.0,6.0,7.0,5.0,6.0,0.649,1.0,9.407215,2.817051075787967
JAM,2019,1.0,1.4,6.0,7.0,5.0,6.0,0.649,1.0,9.545389,2.843644351766949
JAM,2020,,,6.0,7.0,5.0,6.0,0.649,1.0,9.683563,2.8704886712337014
JAM,2021,,,6.0,7.0,5.0,6.0,0.649,1.0,9.821736,2.8975862070308467
JAM,2022,,,6.0,7.0,5.0,6.0,0.649,1.0,9.95991,2.9249397436204907
JAM,2023,,,6.0,7.0,5.0,6.0,0.649,1.0,9.95991,2.9249397436204907
JAM,2024,,,6.0,6.0,5.0,5.666666666666667,,,,
JAM,2025,,,6.0,6.0,5.0,5.666666666666667,,,,
JAP,2004,0.0,,,,,,,,,
JAP,2005,0.0,,,,,,,,,
JAP,2006,0.0,0.0,,,,,,,,
JAP,2007,0.0,0.0,,,,,,,,
JAP,2008,0.0,0.0,,,,,,,,
JAP,2009,0.0,0.0,,,,,,,,
JAP,2010,0.0,0.0,,,,,,,,
JAP,2011,0.0,0.0,,,,,,,,
JAP,2012,0.0,0.0,,,,,,,,
JAP,2013,0.0,0.0,,,,,,,,
JAP,2014,0.0,0.0,,,,,,,,
JAP,2015,0.0,0.0,,,,,,,,
JAP,2016,1.0,0.2,,,,,,,,
JAP,2017,0.0,0.2,,,,,,,,
JAP,2018,1.0,0.4,,,,,,,,
JAP,2019,0.0,0.4,,,,,,,,
JOR,1960,,,,,,,-0.6504,0.0,,
JOR,1961,,,,,,,-0.5367,0.0,,
JOR,1962,,,,,,,-0.2864,0.0,,
JOR,1963,,,,,,,-0.05894,0.0,,
JOR,1964,,,,,,,-0.1541,0.0,,
JOR,1965,,,,,,,-0.08489,0.0,,
JOR,1966,,,,,,,-0.07491,0.0,,
JOR,1967,,,,,,,-0.3994,0.0,,
JOR,1968,,,,,,,-0.4038,0.0,,
JOR,1969,,,,,,,-0.3974,0.0,,
JOR,1970,,,,,,,-0.3033,0.0,,
JOR,1971,,,,,,,-0.1412,0.0,,
JOR,1972,,,,,,,-0.4119,0.0,,
JOR,1973,,,,,,,-0.4442,0.0,,
JOR,1974,,,,,,,-0.6456,0.0,,
JOR,1975,,,,,,,-0.5409,0.0,,
JOR,1976,,,,,,,-0.5787,0.0,,
JOR,1977,,,,,,,-0.6185,0.0,,
JOR,1978,,,,,,,-0.7109,0.0,,
JOR,1979,,,,,,,-0.6625,0.0,,
JOR,1980,,,,,,,-0.4868,0.0,,
JOR,1981,,,,,,,-0.4262,0.0,,
JOR,1982,,,,,,,-0.4754,0.0,,
JOR,1983,,,,,,,-0.4464,0.0,,
JOR,1984,,,,,,,-0.4325,0.0,,
JOR,1985,,,,,,,-0.3472,0.0,,
JOR,1986,,,,,,,-0.3696,0.0,,
JOR,1987,,,,,,,-0.3972,0.0,,
JOR,1988,,,,,,,-0.3844,0.0,,
JOR,1989,,,,,,,-0.338,0.0,,
JOR,1990,,,,,,,-0.1869,0.0,5.004889,1.8917338490783449
JOR,1991,,,,,,,-0.1437,0.0,5.283256,1.945674796547639
JOR,1992,,,,,,,0.01336,0.0,5.561623,2.0011538175759087
JOR,1993,,,,,,,0.0547,0.0,5.83999,2.0582147688320434
JOR,1994,,,,,,,0.2453,0.0,6.1183577,2.116902907180146
JOR,1995,,,,,,,0.2884,0.0,6.3967247,2.1772643309446114
JOR,1996,,,,,,,0.3032,0.0,6.589294,2.2200255259638526
JOR,1997,,,,,,,0.1827,0.0,6.7818627,2.2636264082482502
JOR,1998,,,,,,,0.1451,0.0,6.974432,2.3080837435006094
JOR,1999,,,,,,,0.1744,0.0,7.167001,2.353414143864265
JOR,2000,,,,,,,0.1986,0.0,7.35957,2.3996348261351153
JOR,2001,,,,,,,0.2398,0.0,7.50638,2.4354812606909997
JOR,2002,,,,,,,0.2243,0.0,7.65319,2.471863179586574
JOR,2003,,,,,,,0.2472,0.0,7.8,2.508788582040773
JOR,2004,2.0,,4.0,4.0,6.0,4.666666666666667,0.2745,0.0,8.144,2.585171887636902
JOR,2005,0.0,,4.0,4.0,6.0,4.666666666666667,0.3416,0.0,8.488,2.646357060266245
JOR,2006,1.0,1.0,4.0,4.0,7.0,5.0,0.3681,0.0,8.832001,2.708990531782633
JOR,2007,2.0,1.25,4.0,4.0,7.0,5.0,0.4025,0.0,9.176001,2.773106211722928
JOR,2008,0.0,1.0,4.0,4.0,5.0,4.333333333333333,0.3898,0.0,9.52,2.8387391717858264
JOR,2009,3.0,1.2,4.0,4.0,5.0,4.333333333333333,0.4367,0.0,9.565,2.84743901762714
JOR,2010,0.0,1.2,4.0,4.0,5.0,4.333333333333333,0.4763,0.0,9.61,2.8561655257692427
JOR,2011,1.0,1.2,4.0,4.0,5.0,4.333333333333333,0.4305,0.0,9.763377,2.8861101770240802
JOR,2012,0.0,0.8,4.0,4.0,5.0,4.333333333333333,0.4342,0.0,9.916754,2.9163687744177826
JOR,2013,1.0,1.0,4.0,4.0,5.0,4.333333333333333,0.4345,0.0,10.070131,2.946944609428927
JOR,2014,1.0,0.6,4.0,4.0,5.0,4.333333333333333,0.4379,0.0,10.223508,2.977841008044657
JOR,2015,0.0,0.6,4.0,4.0,5.0,4.333333333333333,0.4558,0.0,10.376885,3.0090613311224788
JOR,2016,1.0,0.6,4.0,5.0,5.0,4.666666666666667,0.4558,1.0,10.530262,3.040608974755847
JOR,2017,1.0,0.8,4.0,5.0,5.0,4.666666666666667,0.4558,1.0,10.68364,3.072487579572738
JOR,2018,7.0,2.0,4.0,5.0,5.0,4.666666666666667,0.4558,1.0,10.35,3.003565250820959
JOR,2019,4.0,2.6,4.0,5.0,5.0,4.666666666666667,0.4558,1.0,10.400001,3.0137949579110406
JOR,2020,,,4.0,6.0,6.0,5.333333333333333,0.4558,1.0,10.45,3.024059094625928
JOR,2021,,,4.0,6.0,6.0,5.333333333333333,0.4558,1.0,10.38,3.009698778003253
JOR,2022,,,4.0,5.0,6.0,5.0,0.4558,1.0,10.309999,2.995406450372721
JOR,2023,,,4.0,5.0,6.0,5.0,0.4558,1.0,10.24,2.9811823989714314
JOR,2024,,,4.0,5.0,6.0,5.0,,,,
JOR,2025,,,4.0,5.0,6.0,5.0,,,,
JPN,1960,,,,,,,1.735,0.0,,
JPN,1961,,,,,,,1.737,0.0,,
JPN,1962,,,,,,,1.761,0.0,,
JPN,1963,,,,,,,1.847,0.0,,
JPN,1964,,,,,,,1.848,0.0,,
JPN,1965,,,,,,,1.539,0.0,,
JPN,1966,,,,,,,1.531,0.0,,
JPN,1967,,,,,,,1.574,0.0,,
JPN,1968,,,,,,,1.612,0.0,,
JPN,1969,,,,,,,1.658,0.0,,
JPN,1970,,,,,,,1.69,0.0,,
JPN,1971,,,,,,,1.731,0.0,,
JPN,1972,,,,,,,1.791,0.0,,
JPN,1973,,,,,,,1.816,0.0,,
JPN,1974,,,,,,,1.845,0.0,,
JPN,1975,,,,,,,1.75,0.0,,
JPN,1976,,,,,,,1.758,0.0,,
JPN,1977,,,,,,,1.773,0.0,,
JPN,1978,,,,,,,1.851,0.0,,
JPN,1979,,,,,,,1.863,0.0,,
JPN,1980,,,,,,,1.895,0.0,,
JPN,1981,,,,,,,1.915,0.0,,
JPN,1982,,,,,,,1.914,0.0,,
JPN,1983,,,,,,,1.931,0.0,,
JPN,1984,,,,,,,2.032,0.0,,
JPN,1985,,,,,,,2.046,0.0,,
JPN,1986,,,,,,,2.077,0.0,,
JPN,1987,,,,,,,2.119,0.0,,
JPN,1988,,,,,,,2.153,0.0,,
JPN,1989,,,,,,,2.159,0.0,,
JPN,1990,,,,,,,2.157,0.0,11.64,3.2789393460698117
JPN,1991,,,,,,,2.118,0.0,11.684501,3.2888766674208916
JPN,1992,,,,,,,2.095,0.0,11.729,3.29884365668374
JPN,1993,,,,,,,2.131,0.0,11.7735,3.308841076055782
JPN,1994,,,,,,,2.074,0.0,11.818,3.3188687934366117
JPN,1995,,,,,,,2.061,0.0,11.8625,3.3289269006468594
JPN,1996,,,,,,,2.023,0.0,11.907001,3.339015716838483
JPN,1997,,,,,,,1.981,0.0,11.9515,3.3491346532303146
JPN,1998,,,,,,,1.939,0.0,11.996,3.3592844836395077
JPN,1999,,,,,,,1.914,0.0,12.0405,3.36946507395178
JPN,2000,,,,,,,1.819,0.0,12.085,3.3796765173875714
JPN,2001,,,,,,,1.785,0.0,12.1295,3.3899189074498306
JPN,2002,,,,,,,1.765,0.0,12.174,3.4001923379248775
JPN,2003,,,,,,,1.785,0.0,12.2185,3.4104969028832577
JPN,2004,0.0,,,,,,1.826,0.0,12.263,3.420832696680607
JPN,2005,1.0,,,,,,1.928,0.0,12.3075,3.43119981395851
JPN,2006,2.0,1.0,,,,,1.785,0.0,12.352,3.4415983496453757
JPN,2007,0.0,0.75,,,,,1.803,0.0,12.3965,3.4520283989572977
JPN,2008,0.0,0.6,,,,,1.82,0.0,12.441,3.462490057398931
JPN,2009,0.0,0.6,,,,,1.816,0.0,12.485499,3.472983184601502
JPN,2010,1.0,0.6,,,,,1.858,0.0,12.53,3.483508585138004
JPN,2011,0.0,0.2,,,,,1.842,0.0,12.544,3.4868264643709863
JPN,2012,0.0,0.2,,,,,1.82,0.0,12.558,3.4901475037289797
JPN,2013,0.0,0.2,,,,,1.801,0.0,12.572,3.4934717062218543
JPN,2014,0.0,0.2,,,,,1.807,0.0,12.5859995,3.4967989559711836
JPN,2015,0.0,0.0,,,,,1.768,0.0,12.599999,3.5001293746572677
JPN,2016,0.0,0.0,,,,,1.768,1.0,12.614,3.5034633226515055
JPN,2017,0.0,0.0,,,,,1.768,1.0,12.628,3.5068002078399996
JPN,2018,1.0,0.2,,,,,1.768,1.0,12.642,3.51014027125579
JPN,2019,0.0,0.2,,,,,1.768,1.0,12.656,3.513483515925989
JPN,2020,,,,,,,1.768,1.0,12.67,3.5168299448805924
JPN,2021,,,,,,,1.768,1.0,12.684047,3.5201908116643392
JPN,2022,,,,,,,1.768,1.0,12.684047,3.5201908116643392
JPN,2023,,,,,,,1.768,1.0,12.684047,3.5201908116643392
KAZ,1960,,,,,,,,0.0,,
KAZ,1961,,,,,,,,0.0,,
KAZ,1962,,,,,,,,0.0,,
KAZ,1963,,,,,,,,0.0,,
KAZ,1964,,,,,,,,0.0,,
KAZ,1965,,,,,,,,0.0,,
KAZ,1966,,,,,,,,0.0,,
KAZ,1967,,,,,,,,0.0,,
KAZ,1968,,,,,,,,0.0,,
KAZ,1969,,,,,,,,0.0,,
KAZ,1970,,,,,,,,0.0,,
KAZ,1971,,,,,,,,0.0,,
KAZ,1972,,,,,,,,0.0,,
KAZ,1973,,,,,,,,0.0,,
KAZ,1974,,,,,,,,0.0,,
KAZ,1975,,,,,,,,0.0,,
KAZ,1976,,,,,,,,0.0,,
KAZ,1977,,,,,,,,0.0,,
KAZ,1978,,,,,,,,0.0,,
KAZ,1979,,,,,,,,0.0,,
KAZ,1980,,,,,,,,0.0,,
KAZ,1981,,,,,,,,0.0,,
KAZ,1982,,,,,,,,0.0,,
KAZ,1983,,,,,,,,0.0,,
KAZ,1984,,,,,,,,0.0,,
KAZ,1985,,,,,,,,0.0,,
KAZ,1986,,,,,,,,0.0,,
KAZ,1987,,,,,,,,0.0,,
KAZ,1988,,,,,,,,0.0,,
KAZ,1989,,,,,,,,0.0,,
KAZ,1990,,,,,,,,0.0,7.501172,2.4342005149348136
KAZ,1991,,,,,,,0.3911,0.0,7.7285366,2.490745832124837
KAZ,1992,,,,,,,0.02312,0.0,7.9559016,2.5486047730326375
KAZ,1993,,,,,,,-0.02601,0.0,8.183267,2.5920839238644624
KAZ,1994,,,,,,,-0.2792,0.0,8.410631,2.6324708925399936
KAZ,1995,,,,,,,0.01023,0.0,8.637996,2.673487307838451
KAZ,1996,,,,,,,0.1245,0.0,8.863497,2.7147986701624247
KAZ,1997,,,,,,,0.168,0.0,9.088998,2.7567483854915005
KAZ,1998,,,,,,,0.1318,0.0,9.314499,2.799346317808279
KAZ,1999,,,,,,,0.2787,0.0,9.54,2.8426024835159667
KAZ,2000,,,,,,,0.3455,0.0,9.7875,2.890848333346583
KAZ,2001,,,,,,,0.392,0.0,10.035,2.939913032115585
KAZ,2002,,,,,,,0.3958,0.0,10.2825,2.989810477672968
KAZ,2003,,,,,,,0.4321,0.0,10.530001,3.0405550105066435
KAZ,2004,0.0,,5.0,4.0,5.0,4.666666666666667,0.6914,0.0,10.7775,3.0921603839572214
KAZ,2005,3.0,,5.0,4.0,5.0,4.666666666666667,0.8603,0.0,11.025001,3.144642049702413
KAZ,2006,1.0,1.3333333333333333,5.0,5.0,7.0,5.666666666666667,0.8576,0.0,11.2725,3.198014025141938
KAZ,2007,0.0,1.0,5.0,5.0,7.0,5.666666666666667,0.9059,0.0,11.52,3.252292069753495
KAZ,2008,2.0,1.2,4.0,5.0,7.0,5.333333333333333,0.8552,0.0,11.265,3.196383453820145
KAZ,2009,2.0,1.6,4.0,5.0,7.0,5.333333333333333,0.8257,0.0,11.01,3.1414359364808155
KAZ,2010,6.0,2.2,5.0,5.0,7.0,5.666666666666667,0.8192,0.0,11.174628,3.176800963095021
KAZ,2011,3.0,2.6,5.0,5.0,7.0,5.666666666666667,0.7099,0.0,11.339257,3.2125643334581127
KAZ,2012,1.0,2.8,5.0,5.0,7.0,5.666666666666667,0.8564,0.0,11.503885,3.248730095055617
KAZ,2013,0.0,2.4,5.0,5.0,7.0,5.666666666666667,0.8797,0.0,11.668513,3.285302996301128
KAZ,2014,2.0,2.4,5.0,5.0,6.0,5.333333333333333,0.7914,0.0,11.833142,3.322287846525179
KAZ,2015,11.0,3.4,5.0,5.0,6.0,5.333333333333333,0.8113,0.0,11.99777,3.3596888314531212
KAZ,2016,9.0,4.6,5.0,5.0,6.0,5.333333333333333,0.8113,1.0,12.068514,3.375889860695636
KAZ,2017,7.0,5.8,5.0,5.0,6.0,5.333333333333333,0.8113,1.0,12.1392565,3.392168668240006
KAZ,2018,2.0,6.2,5.0,5.0,6.0,5.333333333333333,0.8113,1.0,12.21,3.4085262052598693
KAZ,2019,5.0,6.8,5.0,5.0,6.0,5.333333333333333,0.8113,1.0,12.321372,3.4344379780517245
KAZ,2020,,,5.0,5.0,6.0,5.333333333333333,0.8113,1.0,12.433761,3.4607860591758715
KAZ,2021,,,5.0,5.0,6.0,5.333333333333333,0.8113,1.0,12.547174,3.487579114320495
KAZ,2022,,,5.0,5.0,6.0,5.333333333333333,0.8113,1.0,12.547174,3.487579114320495
KAZ,2023,,,5.0,5.0,6.0,5.333333333333333,0.8113,1.0,12.547174,3.487579114320495
KAZ,2024,,,4.0,5.0,6.0,5.0,,,,
KAZ,2025,,,4.0,5.0,6.0,5.0,,,,
KEN,1960,,,,,,,,0.0,,
KEN,1961,,,,,,,,0.0,,
KEN,1962,,,,,,,,0.0,,
KEN,1963,,,,,,,-0.7592,0.0,,
KEN,1964,,,,,,,-0.6224,0.0,,
KEN,1965,,,,,,,-0.5602,0.0,,
KEN,1966,,,,,,,-0.5401,0.0,,
KEN,1967,,,,,,,-0.4966,0.0,,
KEN,1968,,,,,,,-0.5406,0.0,,
KEN,1969,,,,,,,-0.5562,0.0,,
KEN,1970,,,,,,,-0.7938,0.0,,
KEN,1971,,,,,,,-0.7848,0.0,,
KEN,1972,,,,,,,-0.5364,0.0,,
KEN,1973,,,,,,,-0.4909,0.0,,
KEN,1974,,,,,,,-0.517,0.0,,
KEN,1975,,,,,,,-0.4518,0.0,,
KEN,1976,,,,,,,-0.4463,0.0,,
KEN,1977,,,,,,,-0.3894,0.0,,
KEN,1978,,,,,,,-0.3722,0.0,,
KEN,1979,,,,,,,-0.3544,0.0,,
KEN,1980,,,,,,,-0.4458,0.0,,
KEN,1981,,,,,,,-0.4732,0.0,,
KEN,1982,,,,,,,-0.5289,0.0,,
KEN,1983,,,,,,,-0.5169,0.0,,
KEN,1984,,,,,,,-0.5229,0.0,,
KEN,1985,,,,,,,-0.2501,0.0,,
KEN,1986,,,,,,,-0.2406,0.0,,
KEN,1987,,,,,,,-0.2208,0.0,,
KEN,1988,,,,,,,-0.1787,0.0,,
KEN,1989,,,,,,,-0.1997,0.0,,
KEN,1990,,,,,,,-0.2811,0.0,3.8379986,1.672453671354307
KEN,1991,,,,,,,-0.09605,0.0,4.0072007,1.710400016097184
KEN,1992,,,,,,,-0.06558,0.0,4.176403,1.73988097027747
KEN,1993,,,,,,,-0.1238,0.0,4.345605,1.7698700131665221
KEN,1994,,,,,,,0.02762,0.0,4.514807,1.8003759550324383
KEN,1995,,,,,,,0.09602,0.0,4.684009,1.8314077052810058
KEN,1996,,,,,,,0.0813,0.0,4.8325768,1.8590958303147407
KEN,1997,,,,,,,0.04103,0.0,4.9811444,1.8872025199584639
KEN,1998,,,,,,,-0.2071,0.0,5.129712,1.9157341398235597
KEN,1999,,,,,,,-0.2722,0.0,5.27828,1.9446971927717642
KEN,2000,,,,,,,-0.2587,0.0,5.4268475,1.9740980243424662
KEN,2001,,,,,,,-0.2588,0.0,5.5424004,1.9972723813488193
KEN,2002,,,,,,,-0.169,0.0,5.657953,2.0207187258382664
KEN,2003,,,,,,,-0.07634,0.0,5.7735057,2.044440331887641
KEN,2004,0.0,,5.0,4.0,4.0,4.333333333333333,-0.05484,0.0,5.889058,2.0684403268711247
KEN,2005,0.0,,5.0,4.0,4.0,4.333333333333333,-0.0008651,0.0,6.004611,2.0927222093894593
KEN,2006,1.0,0.3333333333333333,5.0,5.0,4.0,4.666666666666667,-0.01932,0.0,6.080958,2.1089216658204033
KEN,2007,4.0,1.25,5.0,5.0,4.0,4.666666666666667,-4.307e-05,0.0,6.1573052,2.125246562803372
KEN,2008,0.0,1.0,4.0,5.0,3.0,4.0,0.02873,0.0,6.2336526,2.1416978720199573
KEN,2009,0.0,1.0,4.0,5.0,3.0,4.0,0.02612,0.0,6.31,2.15827652908393
KEN,2010,2.0,1.4,5.0,6.0,3.0,4.666666666666667,0.1021,0.0,5.82,2.0540634459457934
KEN,2011,0.0,1.2,5.0,6.0,3.0,4.666666666666667,0.1198,0.0,6.061629,2.1048085839308466
KEN,2012,2.0,0.8,6.0,6.0,4.0,5.333333333333333,0.1174,0.0,6.303258,2.1568073682111026
KEN,2013,0.0,0.8,6.0,6.0,4.0,5.333333333333333,-0.06979,0.0,6.5448866,2.210090680525795
KEN,2014,1.0,1.0,6.0,6.0,5.0,5.666666666666667,-0.05164,0.0,6.7865157,2.264690456276384
KEN,2015,1.0,0.8,6.0,6.0,5.0,5.666666666666667,-0.07886,0.0,7.0281444,2.3206390130221792
KEN,2016,9.0,2.6,6.0,6.0,4.0,5.333333333333333,-0.07886,1.0,7.2697735,2.3779698595913046
KEN,2017,6.0,3.4,6.0,6.0,4.0,5.333333333333333,-0.07886,1.0,7.511402,2.4367169037131813
KEN,2018,7.0,4.8,6.0,6.0,4.0,5.333333333333333,-0.07886,1.0,7.7530313,2.496915477986446
KEN,2019,6.0,5.8,6.0,6.0,4.0,5.333333333333333,-0.07886,1.0,7.99466,2.5586010902176515
KEN,2020,,,5.0,6.0,4.0,5.0,-0.07886,1.0,7.68636,2.480158228608736
KEN,2021,,,5.0,6.0,4.0,5.0,-0.07886,1.0,8.155535,2.587200440236165
KEN,2022,,,7.0,5.0,4.0,5.333333333333333,-0.07886,1.0,8.62471,2.6710730418232744
KEN,2023,,,7.0,5.0,4.0,5.333333333333333,-0.07886,1.0,8.62471,2.6710730418232744
KEN,2024,,,6.0,6.0,4.0,5.333333333333333,,,,
KEN,2025,,,6.0,6.0,4.0,5.333333333333333,,,,
KGZ,1960,,,,,,,,0.0,,
KGZ,1961,,,,,,,,0.0,,
KGZ,1962,,,,,,,,0.0,,
KGZ,1963,,,,,,,,0.0,,
KGZ,1964,,,,,,,,0.0,,
KGZ,1965,,,,,,,,0.0,,
KGZ,1966,,,,,,,,0.0,,
KGZ,1967,,,,,,,,0.0,,
KGZ,1968,,,,,,,,0.0,,
KGZ,1969,,,,,,,,0.0,,
KGZ,1970,,,,,,,,0.0,,
KGZ,1971,,,,,,,,0.0,,
KGZ,1972,,,,,,,,0.0,,
KGZ,1973,,,,,,,,0.0,,
KGZ,1974,,,,,,,,0.0,,
KGZ,1975,,,,,,,,0.0,,
KGZ,1976,,,,,,,,0.0,,
KGZ,1977,,,,,,,,0.0,,
KGZ,1978,,,,,,,,0.0,,
KGZ,1979,,,,,,,,0.0,,
KGZ,1980,,,,,,,,0.0,,
KGZ,1981,,,,,,,,0.0,,
KGZ,1982,,,,,,,,0.0,,
KGZ,1983,,,,,,,,0.0,,
KGZ,1984,,,,,,,,0.0,,
KGZ,1985,,,,,,,,0.0,,
KGZ,1986,,,,,,,,0.0,,
KGZ,1987,,,,,,,,0.0,,
KGZ,1988,,,,,,,,0.0,,
KGZ,1989,,,,,,,,0.0,,
KGZ,1990,,,,,,,,0.0,9.171429,2.772244198099365
KGZ,1991,,,,,,,-0.3833,0.0,9.287143,2.794143791783611
KGZ,1992,,,,,,,-0.497,0.0,9.402857,2.8162163832881295
KGZ,1993,,,,,,,-0.09177,0.0,9.518572,2.838463532240357
KGZ,1994,,,,,,,-0.3098,0.0,9.634286,2.8608862315416057
KGZ,1995,,,,,,,-0.3161,0.0,9.75,2.883486060983244
KGZ,1996,,,,,,,-0.4762,0.0,9.885,2.9100783348106387
KGZ,1997,,,,,,,-0.4855,0.0,10.0199995,2.9369157497906055
KGZ,1998,,,,,,,-0.4841,0.0,10.155,2.9640008671662237
KGZ,1999,,,,,,,-0.5045,0.0,10.29,2.9913356699075426
KGZ,2000,,,,,,,-0.4653,0.0,10.347,3.0029525860037274
KGZ,2001,,,,,,,-0.5421,0.0,10.404,3.014614616642203
KGZ,2002,,,,,,,-0.5056,0.0,10.4609995,3.026321834131316
KGZ,2003,,,,,,,-0.4815,0.0,10.518,3.038074723039595
KGZ,2004,0.0,,5.0,4.0,4.0,4.333333333333333,0.05103,0.0,10.575,3.0498731512489505
KGZ,2005,0.0,,5.0,4.0,4.0,4.333333333333333,-0.04772,0.0,10.632,3.0617173989067736
KGZ,2006,1.0,0.3333333333333333,5.0,4.0,4.0,4.333333333333333,-0.06008,0.0,10.689,3.073607643953873
KGZ,2007,0.0,0.25,5.0,4.0,4.0,4.333333333333333,0.04478,0.0,10.745999,3.085543855205105
KGZ,2008,4.0,1.0,4.0,4.0,5.0,4.333333333333333,0.1605,0.0,10.8029995,3.0975267361210914
KGZ,2009,8.0,2.6,4.0,4.0,5.0,4.333333333333333,0.2149,0.0,10.86,3.1095561532205793
KGZ,2010,3.0,3.2,5.0,4.0,5.0,4.666666666666667,0.2229,0.0,10.959614,3.1306910157792256
KGZ,2011,0.0,3.0,5.0,4.0,5.0,4.666666666666667,0.171,0.0,11.059229,3.15196974095901
KGZ,2012,0.0,3.0,5.0,4.0,5.0,4.666666666666667,0.141,0.0,11.158843,3.1733928778897202
KGZ,2013,0.0,2.2,5.0,4.0,5.0,4.666666666666667,0.2154,0.0,11.258457,3.1949616224352466
KGZ,2014,0.0,0.6,6.0,4.0,5.0,5.0,0.2671,0.0,11.358072,3.216677182987566
KGZ,2015,1.0,0.2,6.0,4.0,5.0,5.0,0.2239,0.0,11.457686,3.238540119949667
KGZ,2016,0.0,0.2,6.0,4.0,5.0,5.0,0.2239,1.0,11.557301,3.2605518754530958
KGZ,2017,2.0,0.6,6.0,4.0,5.0,5.0,0.2239,1.0,11.656916,3.282713240769094
KGZ,2018,3.0,1.2,5.0,4.0,5.0,4.666666666666667,0.2239,1.0,11.75653,3.305025008026052
KGZ,2019,3.0,1.8,5.0,4.0,5.0,4.666666666666667,0.2239,1.0,11.858758,3.328079942984727
KGZ,2020,,,5.0,4.0,5.0,4.666666666666667,0.2239,1.0,11.961875,3.351498301407024
KGZ,2021,,,5.0,4.0,5.0,4.666666666666667,0.2239,1.0,12.065888,3.375287088614495
KGZ,2022,,,4.0,4.0,6.0,4.666666666666667,0.2239,1.0,12.065888,3.375287088614495
KGZ,2023,,,4.0,4.0,6.0,4.666666666666667,0.2239,1.0,12.065888,3.375287088614495
KGZ,2024,,,4.0,5.0,5.0,4.666666666666667,,,,
KGZ,2025,,,4.0,5.0,5.0,4.666666666666667,,,,
KHM,1960,,,,,,,0.07865,0.0,,
KHM,1961,,,,,,,0.1039,0.0,,
KHM,1962,,,,,,,0.04623,0.0,,
KHM,1963,,,,,,,0.4025,0.0,,
KHM,1964,,,,,,,0.3449,0.0,,
KHM,1965,,,,,,,0.3357,0.0,,
KHM,1966,,,,,,,0.3336,0.0,,
KHM,1967,,,,,,,0.3474,0.0,,
KHM,1968,,,,,,,0.3528,0.0,,
KHM,1969,,,,,,,0.3031,0.0,,
KHM,1970,,,,,,,-0.6262,0.0,,
KHM,1971,,,,,,,-0.7119,0.0,,
KHM,1972,,,,,,,-0.6848,0.0,,
KHM,1973,,,,,,,-0.721,0.0,,
KHM,1974,,,,,,,-0.7886,0.0,,
KHM,1975,,,,,,,-1.354,0.0,,
KHM,1976,,,,,,,-1.279,0.0,,
KHM,1977,,,,,,,-1.253,0.0,,
KHM,1978,,,,,,,-1.274,0.0,,
KHM,1979,,,,,,,-1.206,0.0,,
KHM,1980,,,,,,,-0.9325,0.0,,
KHM,1981,,,,,,,-0.976,0.0,,
KHM,1982,,,,,,,-0.9687,0.0,,
KHM,1983,,,,,,,-0.9004,0.0,,
KHM,1984,,,,,,,-0.8868,0.0,,
KHM,1985,,,,,,,-0.8911,0.0,,
KHM,1986,,,,,,,-0.8464,0.0,,
KHM,1987,,,,,,,-0.8389,0.0,,
KHM,1988,,,,,,,-0.8483,0.0,,
KHM,1989,,,,,,,-0.8011,0.0,,
KHM,1990,,,,,,,-0.9429,0.0,2.8176174,1.4587220316271954
KHM,1991,,,,,,,-0.9029,0.0,2.8720844,1.4694075753583506
KHM,1992,,,,,,,-0.8549,0.0,2.926551,1.4801713143257869
KHM,1993,,,,,,,-0.9649,0.0,2.981018,1.4910139800056812
KHM,1994,,,,,,,-1.262,0.0,3.035485,1.5019360712209224
KHM,1995,,,,,,,-1.303,0.0,3.089952,1.512938169785601
KHM,1996,,,,,,,-1.243,0.0,3.146514,1.5244487602114367
KHM,1997,,,,,,,-1.181,0.0,3.2030756,1.5360468420702986
KHM,1998,,,,,,,-1.144,0.0,3.2596376,1.547733245670305
KHM,1999,,,,,,,-1.037,0.0,3.3161993,1.5595084979480616
KHM,2000,,,,,,,-0.7879,0.0,3.3727612,1.571373379201601
KHM,2001,,,,,,,-0.7665,0.0,3.4356077,1.584662469730268
KHM,2002,,,,,,,-0.7512,0.0,3.4984543,1.5980639673920178
KHM,2003,,,,,,,-0.6898,0.0,3.5613008,1.6115787799848489
KHM,2004,0.0,,3.0,3.0,3.0,3.0,-0.5065,0.0,3.6241472,1.6252078654483855
KHM,2005,2.0,,3.0,3.0,3.0,3.0,-0.5479,0.0,3.6869936,1.6389522117808784
KHM,2006,1.0,1.0,3.0,3.0,4.0,3.3333333333333335,-0.3927,0.0,3.808497,1.6658551546863447
KHM,2007,0.0,0.75,3.0,3.0,4.0,3.3333333333333335,-0.3517,0.0,3.93,1.6931996111318905
KHM,2008,2.0,1.0,3.0,4.0,4.0,3.6666666666666665,-0.313,0.0,4.03,1.7143431425630051
KHM,2009,0.0,1.0,3.0,4.0,4.0,3.6666666666666665,-0.2289,0.0,3.94,1.695470019444648
KHM,2010,2.0,1.0,3.0,4.0,4.0,3.6666666666666665,-0.2116,0.0,3.872,1.6800910695307802
KHM,2011,0.0,0.8,3.0,4.0,4.0,3.6666666666666665,-0.1557,0.0,3.804,1.6648516160973816
KHM,2012,1.0,1.0,3.0,3.0,4.0,3.3333333333333335,-0.1994,0.0,3.736,1.6497503938260674
KHM,2013,1.0,0.8,3.0,3.0,4.0,3.3333333333333335,-0.1605,0.0,3.668,1.6347861488756643
KHM,2014,0.0,0.8,3.0,3.0,4.0,3.3333333333333335,-0.07358,0.0,3.6,1.6199576387781052
KHM,2015,3.0,1.0,3.0,3.0,4.0,3.3333333333333335,-0.05512,0.0,3.67,1.635224330277248
KHM,2016,1.0,1.2,3.0,3.0,4.0,3.3333333333333335,-0.05512,1.0,3.9520924,1.698219554914243
KHM,2017,0.0,1.0,3.0,3.0,4.0,3.3333333333333335,-0.05512,1.0,4.2341847,1.7500645180272885
KHM,2018,0.0,0.8,3.0,3.0,4.0,3.3333333333333335,-0.05512,1.0,4.5162773,1.8006433312541064
KHM,2019,0.0,0.8,3.0,3.0,4.0,3.3333333333333335,-0.05512,1.0,4.79837,1.8526839472136107
KHM,2020,,,3.0,3.0,4.0,3.3333333333333335,-0.05512,1.0,4.997735,1.8903674629220966
KHM,2021,,,3.0,3.0,4.0,3.3333333333333335,-0.05512,1.0,5.1971,1.9288174597987748
KHM,2022,,,4.0,4.0,4.0,4.0,-0.05512,1.0,5.1971,1.9288174597987748
KHM,2023,,,4.0,4.0,4.0,4.0,-0.05512,1.0,5.1971,1.9288174597987748
KHM,2024,,,4.0,4.0,4.0,4.0,,,,
KHM,2025,,,4.0,4.0,4.0,4.0,,,,
KIR,2000,,,,,,,,,7.5410333,2.4440203390297817
KIR,2001,,,,,,,,,7.6199617,2.4635813675415412
KIR,2002,,,,,,,,,7.6997166,2.483506260997649
KIR,2003,,,,,,,,,7.780306,2.5038033254406415
KIR,2004,0.0,,,,,,,,7.8617387,2.5244812818691984
KIR,2005,0.0,,,,,,,,7.9440236,2.5455491012333358
KIR,2006,0.0,0.0,,,,,,,8.02717,2.5647155095106284
KIR,2007,0.0,0.0,,,,,,,8.111187,2.579410065488051
KIR,2008,0.0,0.0,,,,,,,8.196083,2.594343878517749
KIR,2009,0.0,0.0,,,,,,,8.281867,2.60952172130398
KIR,2010,0.0,0.0,,,,,,,8.368549,2.6249486448879424
KIR,2011,0.0,0.0,,,,,,,8.45614,2.640629986657601
KIR,2012,0.0,0.0,,,,,,,8.544645,2.656570114171872
KIR,2013,0.0,0.0,,,,,,,8.634078,2.6727751215319224
KIR,2014,0.0,0.0,,,,,,,8.723512,2.6890791618651955
KIR,2015,0.0,0.0,,,,,,,8.812944,2.7054822895826507
KIR,2016,0.0,0.0,,,,,,,8.902377,2.7219856599176886
KIR,2017,0.0,0.0,,,,,,,8.99181,2.738589700374821
KIR,2018,0.0,0.0,,,,,,,9.0374,2.747092830628712
KIR,2019,0.0,0.0,,,,,,,9.082991,2.755622549892054
KIR,2020,,,,,,,,,9.128582,2.764178753921364
KIR,2021,,,,,,,,,9.128582,2.764178753921364
KIR,2022,,,,,,,,,9.128582,2.764178753921364
KIR,2023,,,,,,,,,9.128582,2.764178753921364
KNA,2004,0.0,,,,,,,,,
KNA,2005,0.0,,,,,,,,8.524297,2.6528968556052828
KNA,2006,0.0,0.0,,,,,,,8.733878,2.690975329711913
KNA,2007,1.0,0.25,,,,,,,8.948614,2.7305573667418184
KNA,2008,1.0,0.4,,,,,,,9.168629,2.7717164130507776
KNA,2009,0.0,0.4,,,,,,,9.3940525,2.8145308022762396
KNA,2010,0.0,0.4,,,,,,,9.625019,2.8590839948222624
KNA,2011,0.0,0.4,,,,,,,9.861664,2.905464144802538
KNA,2012,0.0,0.2,,,,,,,10.104127,2.9537650242315214
KNA,2013,0.0,0.0,,,,,,,10.352551,3.004086318470863
KNA,2014,0.0,0.0,,,,,,,10.600976,3.055265110277384
KNA,2015,0.0,0.0,,,,,,,10.8494005,3.107315698389075
KNA,2016,0.0,0.0,,,,,,,10.8494005,3.107315698389075
KNA,2017,0.0,0.0,,,,,,,10.8494005,3.107315698389075
KNA,2018,0.0,0.0,,,,,,,10.8494005,3.107315698389075
KNA,2019,0.0,0.0,,,,,,,10.8494005,3.107315698389075
KNA,2020,,,,,,,,,10.8494005,3.107315698389075
KNA,2021,,,,,,,,,10.8494005,3.107315698389075
KNA,2022,,,,,,,,,10.8494005,3.107315698389075
KNA,2023,,,,,,,,,10.8494005,3.107315698389075
KOR,1960,,,,,,,0.7866,0.0,,
KOR,1961,,,,,,,0.6437,0.0,,
KOR,1962,,,,,,,0.6438,0.0,,
KOR,1963,,,,,,,0.8943,0.0,,
KOR,1964,,,,,,,0.7938,0.0,,
KOR,1965,,,,,,,0.7895,0.0,,
KOR,1966,,,,,,,0.7881,0.0,,
KOR,1967,,,,,,,0.871,0.0,,
KOR,1968,,,,,,,0.8464,0.0,,
KOR,1969,,,,,,,0.9868,0.0,,
KOR,1970,,,,,,,1.171,0.0,,
KOR,1971,,,,,,,1.44,0.0,,
KOR,1972,,,,,,,1.365,0.0,,
KOR,1973,,,,,,,1.223,0.0,,
KOR,1974,,,,,,,1.264,0.0,,
KOR,1975,,,,,,,1.244,0.0,,
KOR,1976,,,,,,,1.303,0.0,,
KOR,1977,,,,,,,1.306,0.0,,
KOR,1978,,,,,,,1.331,0.0,,
KOR,1979,,,,,,,1.354,0.0,,
KOR,1980,,,,,,,1.45,0.0,,
KOR,1981,,,,,,,1.462,0.0,,
KOR,1982,,,,,,,1.473,0.0,,
KOR,1983,,,,,,,1.455,0.0,,
KOR,1984,,,,,,,1.334,0.0,,
KOR,1985,,,,,,,1.337,0.0,,
KOR,1986,,,,,,,1.238,0.0,,
KOR,1987,,,,,,,1.422,0.0,,
KOR,1988,,,,,,,1.551,0.0,,
KOR,1989,,,,,,,1.599,0.0,,
KOR,1990,,,,,,,1.641,0.0,9.27,2.790888489066969
KOR,1991,,,,,,,1.643,0.0,9.416,2.818734428510186
KOR,1992,,,,,,,1.943,0.0,9.562,2.8468581993130258
KOR,1993,,,,,,,2.044,0.0,9.708,2.875262573522903
KOR,1994,,,,,,,2.056,0.0,9.854,2.9039503508451823
KOR,1995,,,,,,,2.076,0.0,10.0,2.93292435891914
KOR,1996,,,,,,,2.063,0.0,10.124,2.95775933422523
KOR,1997,,,,,,,1.911,0.0,10.248,2.9828046033960693
KOR,1998,,,,,,,1.928,0.0,10.372,3.008061947126384
KOR,1999,,,,,,,1.906,0.0,10.496,3.0335331611891987
KOR,2000,,,,,,,1.96,0.0,10.62,3.0592200565635146
KOR,2001,,,,,,,1.947,0.0,10.7439995,3.085124354668839
KOR,2002,,,,,,,1.958,0.0,10.868,3.111248211966182
KOR,2003,,,,,,,2.049,0.0,10.992,3.1375931711467087
KOR,2004,0.0,,7.0,9.0,7.0,7.666666666666667,2.105,0.0,11.116,3.164161210206094
KOR,2005,0.0,,7.0,9.0,7.0,7.666666666666667,2.133,0.0,11.24,3.1909542181065484
KOR,2006,0.0,0.0,7.0,8.0,8.0,7.666666666666667,2.062,0.0,11.1475,3.170946107549225
KOR,2007,2.0,0.5,7.0,8.0,8.0,7.666666666666667,2.087,0.0,11.055,3.1510634530344235
KOR,2008,1.0,0.6,7.0,8.0,9.0,8.0,1.98,0.0,10.9625,3.1313054679202197
KOR,2009,4.0,1.4,7.0,8.0,9.0,8.0,1.956,0.0,10.87,3.1116713704971373
KOR,2010,0.0,1.4,7.0,8.0,9.0,8.0,1.917,0.0,11.64,3.2789393460698117
KOR,2011,4.0,2.2,7.0,8.0,9.0,8.0,1.94,0.0,11.736,3.300414280043025
KOR,2012,4.0,2.6,7.0,7.0,9.0,7.666666666666667,1.944,0.0,11.832,3.322029860957363
KOR,2013,0.0,2.4,7.0,7.0,9.0,7.666666666666667,1.948,0.0,11.928,3.3437870099594065
KOR,2014,2.0,2.0,7.0,7.0,9.0,7.666666666666667,1.961,0.0,12.024,3.3656866542286537
KOR,2015,0.0,2.0,7.0,7.0,9.0,7.666666666666667,1.961,0.0,12.12,3.387729727017029
KOR,2016,3.0,1.8,7.0,6.0,8.0,7.0,1.961,1.0,12.218349,3.4104618840808456
KOR,2017,0.0,1.0,7.0,6.0,8.0,7.0,1.961,1.0,12.317497,3.433533122864414
KOR,2018,0.0,1.0,7.0,7.0,8.0,7.333333333333333,1.961,1.0,12.417449,3.4569494281260993
KOR,2019,0.0,0.6,7.0,7.0,8.0,7.333333333333333,1.961,1.0,12.518212,3.4807173792347457
KOR,2020,,,8.0,8.0,8.0,8.0,1.961,1.0,12.619794,3.504843931129412
KOR,2021,,,8.0,8.0,8.0,8.0,1.961,1.0,12.7221985,3.5293351061294
KOR,2022,,,8.0,8.0,8.0,8.0,1.961,1.0,12.7221985,3.5293351061294
KOR,2023,,,8.0,8.0,8.0,8.0,1.961,1.0,12.7221985,3.5293351061294
KOR,2024,,,8.0,6.0,8.0,7.333333333333333,,,,
KOR,2025,,,8.0,6.0,8.0,7.333333333333333,,,,
KOS,1960,,,,,,,,0.0,,
KOS,1961,,,,,,,,0.0,,
KOS,1962,,,,,,,,0.0,,
KOS,1963,,,,,,,,0.0,,
KOS,1964,,,,,,,,0.0,,
KOS,1965,,,,,,,,0.0,,
KOS,1966,,,,,,,,0.0,,
KOS,1967,,,,,,,,0.0,,
KOS,1968,,,,,,,,0.0,,
KOS,1969,,,,,,,,0.0,,
KOS,1970,,,,,,,,0.0,,
KOS,1971,,,,,,,,0.0,,
KOS,1972,,,,,,,,0.0,,
KOS,1973,,,,,,,,0.0,,
KOS,1974,,,,,,,,0.0,,
KOS,1975,,,,,,,,0.0,,
KOS,1976,,,,,,,,0.0,,
KOS,1977,,,,,,,,0.0,,
KOS,1978,,,,,,,,0.0,,
KOS,1979,,,,,,,,0.0,,
KOS,1980,,,,,,,,0.0,,
KOS,1981,,,,,,,,0.0,,
KOS,1982,,,,,,,,0.0,,
KOS,1983,,,,,,,,0.0,,
KOS,1984,,,,,,,,0.0,,
KOS,1985,,,,,,,,0.0,,
KOS,1986,,,,,,,,0.0,,
KOS,1987,,,,,,,,0.0,,
KOS,1988,,,,,,,,0.0,,
KOS,1989,,,,,,,,0.0,,
KOS,1990,,,,,,,,0.0,,
KOS,1991,,,,,,,,0.0,,
KOS,1992,,,,,,,,0.0,,
KOS,1993,,,,,,,,0.0,,
KOS,1994,,,,,,,,0.0,,
KOS,1995,,,,,,,,0.0,,
KOS,1996,,,,,,,,0.0,,
KOS,1997,,,,,,,,0.0,,
KOS,1998,,,,,,,,0.0,,
KOS,1999,,,,,,,,0.0,,
KOS,2000,,,,,,,,0.0,,
KOS,2001,,,,,,,,0.0,,
KOS,2002,,,,,,,,0.0,,
KOS,2003,,,,,,,,0.0,,
KOS,2004,,,,,,,,0.0,,
KOS,2005,,,,,,,,0.0,,
KOS,2006,,,,,,,,0.0,,
KOS,2007,,,,,,,,0.0,,
KOS,2008,,,,,,,-0.8933,0.0,,
KOS,2009,,,,,,,-0.1829,0.0,,
KOS,2010,,,,,,,-0.1047,0.0,,
KOS,2011,,,,,,,0.008175,0.0,,
KOS,2012,,,,,,,0.07276,0.0,,
KOS,2013,,,,,,,-0.3617,0.0,,
KOS,2014,,,,,,,-0.306,0.0,,
KOS,2015,,,,,,,-0.2738,0.0,,
KOS,2016,,,,,,,-0.2738,1.0,,
KOS,2017,,,,,,,-0.2738,1.0,,
KOS,2018,,,,,,,-0.2738,1.0,,
KOS,2019,,,,,,,-0.2738,1.0,,
KOS,2020,,,,,,,-0.2738,1.0,,
KOS,2021,,,,,,,-0.2738,1.0,,
KOS,2022,,,,,,,-0.2738,1.0,,
KOS,2023,,,,,,,-0.2738,1.0,,
KSV,2004,0.0,,,,,,,,,
KSV,2005,0.0,,,,,,,,,
KSV,2006,1.0,0.3333333333333333,,,,,,,,
KSV,2007,0.0,0.25,,,,,,,,
KSV,2008,0.0,0.2,,,,,,,,
KSV,2009,0.0,0.2,,,,,,,,
KSV,2010,0.0,0.2,,,,,,,,
KSV,2011,0.0,0.0,,,,,,,,
KSV,2012,4.0,0.8,,,,,,,,
KSV,2013,3.0,1.4,,,,,,,,
KSV,2014,2.0,1.8,,,,,,,,
KSV,2015,1.0,2.0,,,,,,,,
KSV,2016,4.0,2.8,,,,,,,,
KSV,2017,3.0,2.6,,,,,,,,
KSV,2018,2.0,2.4,,,,,,,,
KSV,2019,5.0,3.0,,,,,,,,
KWT,1960,,,,,,,,0.0,,
KWT,1961,,,,,,,,0.0,,
KWT,1962,,,,,,,,0.0,,
KWT,1963,,,,,,,0.7065,0.0,,
KWT,1964,,,,,,,0.7039,0.0,,
KWT,1965,,,,,,,0.7696,0.0,,
KWT,1966,,,,,,,0.7389,0.0,,
KWT,1967,,,,,,,0.7649,0.0,,
KWT,1968,,,,,,,0.7557,0.0,,
KWT,1969,,,,,,,0.7464,0.0,,
KWT,1970,,,,,,,0.7148,0.0,,
KWT,1971,,,,,,,0.7163,0.0,,
KWT,1972,,,,,,,1.498,0.0,,
KWT,1973,,,,,,,1.514,0.0,,
KWT,1974,,,,,,,1.507,0.0,,
KWT,1975,,,,,,,0.9794,0.0,,
KWT,1976,,,,,,,0.9974,0.0,,
KWT,1977,,,,,,,0.6404,0.0,,
KWT,1978,,,,,,,0.9054,0.0,,
KWT,1979,,,,,,,0.5022,0.0,,
KWT,1980,,,,,,,0.6323,0.0,,
KWT,1981,,,,,,,0.6455,0.0,,
KWT,1982,,,,,,,0.4352,0.0,,
KWT,1983,,,,,,,0.4582,0.0,,
KWT,1984,,,,,,,0.4417,0.0,,
KWT,1985,,,,,,,0.2754,0.0,,
KWT,1986,,,,,,,0.231,0.0,,
KWT,1987,,,,,,,0.03401,0.0,,
KWT,1988,,,,,,,0.02473,0.0,,
KWT,1989,,,,,,,0.03908,0.0,,
KWT,1990,,,,,,,-0.3118,0.0,5.639213,2.016897647971324
KWT,1991,,,,,,,-0.3363,0.0,5.676057,2.0244169982338622
KWT,1992,,,,,,,0.809,0.0,5.712901,2.0319643819607798
KWT,1993,,,,,,,0.09493,0.0,5.7497454,2.039539986063191
KWT,1994,,,,,,,0.3408,0.0,5.7865896,2.047143792309112
KWT,1995,,,,,,,0.361,0.0,5.823434,2.0547759885468615
KWT,1996,,,,,,,0.28,0.0,5.901216,2.0709818448373287
KWT,1997,,,,,,,0.2635,0.0,5.9789987,2.0873156630124328
KWT,1998,,,,,,,0.2086,0.0,6.056781,2.103778220895528
KWT,1999,,,,,,,0.1429,0.0,6.134563,2.1203705539307993
KWT,2000,,,,,,,0.07909,0.0,6.212345,2.1370937493891238
KWT,2001,,,,,,,0.05608,0.0,6.1918764,2.1326802380211585
KWT,2002,,,,,,,0.09604,0.0,6.171407,2.128275669441948
KWT,2003,,,,,,,0.1334,0.0,6.150938,2.1238802833075034
KWT,2004,0.0,,,,,,0.1135,0.0,6.1304693,2.1194940388922623
KWT,2005,0.0,,,,,,0.2009,0.0,6.11,2.115116724787065
KWT,2006,0.0,0.0,5.0,3.0,4.0,4.0,0.2109,0.0,6.14,2.1215352476146028
KWT,2007,1.0,0.25,5.0,3.0,4.0,4.0,0.3085,0.0,6.22,2.1387466930154075
KWT,2008,0.0,0.2,5.0,3.0,4.0,4.0,0.53,0.0,6.43,2.1845940023477413
KWT,2009,0.0,0.2,5.0,3.0,4.0,4.0,0.5368,0.0,6.64,2.2314241189381194
KWT,2010,0.0,0.2,5.0,3.0,4.0,4.0,0.3153,0.0,6.85,2.279258110764588
KWT,2011,2.0,0.6,5.0,3.0,4.0,4.0,0.369,0.0,7.06,2.328117497429553
KWT,2012,0.0,0.4,5.0,3.0,4.0,4.0,0.3529,0.0,7.27,2.378024259841039
KWT,2013,1.0,0.6,5.0,3.0,4.0,4.0,0.3575,0.0,6.68,2.240457307132445
KWT,2014,0.0,0.6,5.0,3.0,4.0,4.0,0.3173,0.0,6.875,2.285020509461049
KWT,2015,1.0,0.8,5.0,3.0,4.0,4.0,0.2707,0.0,7.07,2.3304700839581645
KWT,2016,1.0,0.6,5.0,4.0,4.0,4.333333333333333,0.2707,1.0,7.13,2.344635610862736
KWT,2017,4.0,1.4,5.0,4.0,4.0,4.333333333333333,0.2707,1.0,7.19,2.35888724149113
KWT,2018,5.0,2.2,6.0,4.0,4.0,4.666666666666667,0.2707,1.0,7.22,2.366045509131713
KWT,2019,8.0,3.8,6.0,4.0,4.0,4.666666666666667,0.2707,1.0,7.3335404,2.3933344965127072
KWT,2020,,,6.0,4.0,4.0,4.666666666666667,0.2707,1.0,7.4488673,2.4213750887855183
KWT,2021,,,6.0,4.0,4.0,4.666666666666667,0.2707,1.0,7.566007,2.4501927795703273
KWT,2022,,,6.0,4.0,4.0,4.666666666666667,0.2707,1.0,7.566007,2.4501927795703273
KWT,2023,,,6.0,4.0,4.0,4.666666666666667,0.2707,1.0,7.566007,2.4501927795703273
KWT,2024,,,6.0,4.0,3.0,4.333333333333333,,,,
KWT,2025,,,6.0,4.0,3.0,4.333333333333333,,,,
LAO,1960,,,,,,,-1.313,0.0,,
LAO,1961,,,,,,,-1.404,0.0,,
LAO,1962,,,,,,,-1.272,0.0,,
LAO,1963,,,,,,,-1.021,0.0,,
LAO,1964,,,,,,,-1.125,0.0,,
LAO,1965,,,,,,,-0.9136,0.0,,
LAO,1966,,,,,,,-0.8759,0.0,,
LAO,1967,,,,,,,-0.933,0.0,,
LAO,1968,,,,,,,-0.941,0.0,,
LAO,1969,,,,,,,-0.9364,0.0,,
LAO,1970,,,,,,,-0.9461,0.0,,
LAO,1971,,,,,,,-0.9167,0.0,,
LAO,1972,,,,,,,-0.9934,0.0,,
LAO,1973,,,,,,,-1.004,0.0,,
LAO,1974,,,,,,,-0.941,0.0,,
LAO,1975,,,,,,,-0.6153,0.0,,
LAO,1976,,,,,,,-0.4927,0.0,,
LAO,1977,,,,,,,-0.4561,0.0,,
LAO,1978,,,,,,,-0.464,0.0,,
LAO,1979,,,,,,,-0.4675,0.0,,
LAO,1980,,,,,,,-0.5171,0.0,,
LAO,1981,,,,,,,-0.4971,0.0,,
LAO,1982,,,,,,,-0.4944,0.0,,
LAO,1983,,,,,,,-0.4431,0.0,,
LAO,1984,,,,,,,-0.5685,0.0,,
LAO,1985,,,,,,,-0.5923,0.0,,
LAO,1986,,,,,,,-0.6341,0.0,,
LAO,1987,,,,,,,-0.5186,0.0,,
LAO,1988,,,,,,,-0.2966,0.0,,
LAO,1989,,,,,,,-0.4315,0.0,,
LAO,1990,,,,,,,-0.2416,0.0,3.3655932,1.5698647808437942
LAO,1991,,,,,,,-0.2181,0.0,3.4701552,1.5920154574045124
LAO,1992,,,,,,,-0.09302,0.0,3.5747175,1.6144787432838923
LAO,1993,,,,,,,-0.2444,0.0,3.6792796,1.6372589415116028
LAO,1994,,,,,,,-0.2102,0.0,3.7838416,1.6603605447210676
LAO,1995,,,,,,,-0.21,0.0,3.888404,1.6837882001032485
LAO,1996,,,,,,,-0.2081,0.0,3.9602902,1.7000860829337285
LAO,1997,,,,,,,-0.2786,0.0,4.0321765,1.7147200420405626
LAO,1998,,,,,,,-0.2785,0.0,4.104063,1.7272151351425877
LAO,1999,,,,,,,-0.278,0.0,4.1759496,1.739801297036514
LAO,2000,,,,,,,-0.2297,0.0,4.247836,1.7524791384927865
LAO,2001,,,,,,,-0.2446,0.0,4.3197227,1.7652494162066446
LAO,2002,,,,,,,-0.3064,0.0,4.391609,1.7781126788232329
LAO,2003,,,,,,,-0.361,0.0,4.4634953,1.7910696752338247
LAO,2004,0.0,,4.0,3.0,3.0,3.3333333333333335,-0.1981,0.0,4.535382,1.8041211613572354
LAO,2005,0.0,,4.0,3.0,3.0,3.3333333333333335,-0.3411,0.0,4.6072683,1.8172676799611345
LAO,2006,1.0,0.3333333333333333,4.0,4.0,4.0,4.0,-0.155,0.0,4.681333,1.8309127866173844
LAO,2007,2.0,0.75,4.0,4.0,4.0,4.0,-0.1666,0.0,4.7553983,1.8446604604868002
LAO,2008,0.0,0.6,5.0,3.0,4.0,4.0,-0.07961,0.0,4.829463,1.8585112481310553
LAO,2009,0.0,0.6,5.0,3.0,4.0,4.0,-0.05038,0.0,4.9035277,1.8724660355749891
LAO,2010,1.0,0.8,4.0,3.0,3.0,3.3333333333333335,0.009128,0.0,4.9775925,1.8865256227637215
LAO,2011,2.0,1.0,4.0,3.0,3.0,3.3333333333333335,-0.04531,0.0,5.077798,1.9057156322311797
LAO,2012,2.0,1.0,4.0,3.0,3.0,3.3333333333333335,0.01915,0.0,5.1780033,1.9251008063428534
LAO,2013,0.0,1.0,4.0,3.0,3.0,3.3333333333333335,0.1891,0.0,5.2782087,1.9446831884742946
LAO,2014,2.0,1.4,4.0,3.0,3.0,3.3333333333333335,0.2892,0.0,5.378414,1.9644647453671678
LAO,2015,1.0,1.4,4.0,3.0,3.0,3.3333333333333335,0.2661,0.0,5.4786196,1.9844475828217367
LAO,2016,1.0,1.2,5.0,3.0,3.0,3.6666666666666665,0.2661,1.0,5.5722895,2.0033108553001635
LAO,2017,1.0,1.0,5.0,3.0,3.0,3.6666666666666665,0.2661,1.0,5.66596,2.022353556177153
LAO,2018,0.0,1.0,5.0,3.0,4.0,4.0,0.2661,1.0,5.75963,2.041577166529617
LAO,2019,3.0,1.2,5.0,3.0,4.0,4.0,0.2661,1.0,5.8533,2.060983508132932
LAO,2020,,,5.0,5.0,4.0,4.666666666666667,0.2661,1.0,5.9469705,2.0805744230196304
LAO,2021,,,5.0,5.0,4.0,4.666666666666667,0.2661,1.0,6.060246,2.1045145984862796
LAO,2022,,,5.0,4.0,4.0,4.333333333333333,0.2661,1.0,6.060246,2.1045145984862796
LAO,2023,,,5.0,4.0,4.0,4.333333333333333,0.2661,1.0,6.060246,2.1045145984862796
LAO,2024,,,6.0,3.0,4.0,4.333333333333333,,,,
LAO,2025,,,6.0,3.0,4.0,4.333333333333333,,,,
LBN,1960,,,,,,,-1.082,0.0,,
LBN,1961,,,,,,,-1.082,0.0,,
LBN,1962,,,,,,,-1.03,0.0,,
LBN,1963,,,,,,,-1.163,0.0,,
LBN,1964,,,,,,,-1.168,0.0,,
LBN,1965,,,,,,,-1.14,0.0,,
LBN,1966,,,,,,,-1.115,0.0,,
LBN,1967,,,,,,,-1.102,0.0,,
LBN,1968,,,,,,,-1.09,0.0,,
LBN,1969,,,,,,,-1.089,0.0,,
LBN,1970,,,,,,,-1.118,0.0,,
LBN,1971,,,,,,,-1.119,0.0,,
LBN,1972,,,,,,,-1.05,0.0,,
LBN,1973,,,,,,,-1.065,0.0,,
LBN,1974,,,,,,,-0.9931,0.0,,
LBN,1975,,,,,,,-0.8906,0.0,,
LBN,1976,,,,,,,-0.9365,0.0,,
LBN,1977,,,,,,,-1.027,0.0,,
LBN,1978,,,,,,,-0.9409,0.0,,
LBN,1979,,,,,,,-0.8679,0.0,,
LBN,1980,,,,,,,-0.8033,0.0,,
LBN,1981,,,,,,,-0.8372,0.0,,
LBN,1982,,,,,,,-0.9045,0.0,,
LBN,1983,,,,,,,-0.8169,0.0,,
LBN,1984,,,,,,,-0.9129,0.0,,
LBN,1985,,,,,,,-0.987,0.0,,
LBN,1986,,,,,,,-0.9974,0.0,,
LBN,1987,,,,,,,-1.125,0.0,,
LBN,1988,,,,,,,-1.273,0.0,,
LBN,1989,,,,,,,-1.404,0.0,,
LBN,1990,,,,,,,-0.8646,0.0,,
LBN,1991,,,,,,,-0.7057,0.0,,
LBN,1992,,,,,,,-0.6,0.0,,
LBN,1993,,,,,,,-0.5347,0.0,,
LBN,1994,,,,,,,-0.3859,0.0,,
LBN,1995,,,,,,,-0.4977,0.0,,
LBN,1996,,,,,,,-0.4331,0.0,,
LBN,1997,,,,,,,-0.4446,0.0,,
LBN,1998,,,,,,,-0.4042,0.0,,
LBN,1999,,,,,,,-0.2323,0.0,,
LBN,2000,,,,,,,-0.2091,0.0,,
LBN,2001,,,,,,,-0.1099,0.0,,
LBN,2002,,,,,,,-0.0214,0.0,,
LBN,2003,,,,,,,0.02452,0.0,,
LBN,2004,0.0,,5.0,4.0,5.0,4.666666666666667,-0.2779,0.0,,
LBN,2005,0.0,,5.0,4.0,5.0,4.666666666666667,-0.1763,0.0,7.6517177,2.471495635174511
LBN,2006,0.0,0.0,6.0,5.0,5.0,5.333333333333333,-0.2769,0.0,7.8434567,2.5198241735794036
LBN,2007,2.0,0.5,6.0,5.0,5.0,5.333333333333333,-0.2548,0.0,8.04,2.566954046262259
LBN,2008,3.0,1.0,7.0,4.0,4.0,5.0,-0.145,0.0,8.251818,2.6041950460025234
LBN,2009,0.0,1.0,7.0,4.0,4.0,5.0,-0.1197,0.0,8.463636,2.641976332805454
LBN,2010,0.0,1.0,6.0,3.0,4.0,4.333333333333333,-0.07517,0.0,8.675454,2.680305745077971
LBN,2011,0.0,1.0,6.0,3.0,4.0,4.333333333333333,-0.001817,0.0,8.887273,2.7191914198504845
LBN,2012,0.0,0.6,5.0,4.0,4.0,4.333333333333333,-0.002995,0.0,9.099091,2.7586410574892386
LBN,2013,0.0,0.0,5.0,4.0,4.0,4.333333333333333,-0.01842,0.0,9.310909,2.798663024791315
LBN,2014,0.0,0.0,5.0,4.0,4.0,4.333333333333333,-0.0846,0.0,9.522727,2.8392656250330695
LBN,2015,0.0,0.0,5.0,4.0,4.0,4.333333333333333,0.02478,0.0,9.734546,2.8804574778246996
LBN,2016,0.0,0.0,4.0,3.0,4.0,3.6666666666666665,0.02478,1.0,9.946363,2.922246541502391
LBN,2017,0.0,0.0,4.0,3.0,4.0,3.6666666666666665,0.02478,1.0,10.158182,2.964642275208009
LBN,2018,0.0,0.0,5.0,4.0,4.0,4.333333333333333,0.02478,1.0,10.37,3.0076528785188708
LBN,2019,1.0,0.2,5.0,4.0,4.0,4.333333333333333,0.02478,1.0,10.37,3.0076528785188708
LBN,2020,,,3.0,3.0,3.0,3.0,0.02478,1.0,10.37,3.0076528785188708
LBN,2021,,,3.0,3.0,3.0,3.0,0.02478,1.0,10.37,3.0076528785188708
LBN,2022,,,3.0,3.0,3.0,3.0,0.02478,1.0,10.37,3.0076528785188708
LBN,2023,,,3.0,3.0,3.0,3.0,0.02478,1.0,10.37,3.0076528785188708
LBN,2024,,,3.0,3.0,3.0,3.0,,,,
LBN,2025,,,3.0,3.0,3.0,3.0,,,,
LBR,1960,,,,,,,-1.33,0.0,,
LBR,1961,,,,,,,-1.298,0.0,,
LBR,1962,,,,,,,-1.182,0.0,,
LBR,1963,,,,,,,-1.133,0.0,,
LBR,1964,,,,,,,-1.069,0.0,,
LBR,1965,,,,,,,-1.002,0.0,,
LBR,1966,,,,,,,-1.003,0.0,,
LBR,1967,,,,,,,-0.8109,0.0,,
LBR,1968,,,,,,,-0.8025,0.0,,
LBR,1969,,,,,,,-0.8039,0.0,,
LBR,1970,,,,,,,-0.7809,0.0,,
LBR,1971,,,,,,,-0.7472,0.0,,
LBR,1972,,,,,,,-0.7981,0.0,,
LBR,1973,,,,,,,-0.736,0.0,,
LBR,1974,,,,,,,-0.3407,0.0,,
LBR,1975,,,,,,,-0.3128,0.0,,
LBR,1976,,,,,,,-0.2122,0.0,,
LBR,1977,,,,,,,-0.2388,0.0,,
LBR,1978,,,,,,,-0.3335,0.0,,
LBR,1979,,,,,,,-0.3547,0.0,,
LBR,1980,,,,,,,-0.4892,0.0,,
LBR,1981,,,,,,,-0.4028,0.0,,
LBR,1982,,,,,,,-0.3042,0.0,,
LBR,1983,,,,,,,-0.2663,0.0,,
LBR,1984,,,,,,,-0.435,0.0,,
LBR,1985,,,,,,,-0.4512,0.0,,
LBR,1986,,,,,,,-0.5599,0.0,,
LBR,1987,,,,,,,-0.6371,0.0,,
LBR,1988,,,,,,,-0.6699,0.0,,
LBR,1989,,,,,,,-0.8449,0.0,,
LBR,1990,,,,,,,-1.152,0.0,2.6488643,1.4261062326972707
LBR,1991,,,,,,,-1.272,0.0,2.7507436,1.4457086873353335
LBR,1992,,,,,,,-1.296,0.0,2.852623,1.4655806059347853
LBR,1993,,,,,,,-1.281,0.0,2.9545023,1.485725653118209
LBR,1994,,,,,,,-1.234,0.0,3.056382,1.5061476835258842
LBR,1995,,,,,,,-1.22,0.0,3.1582613,1.5268503429544873
LBR,1996,,,,,,,-1.195,0.0,3.2316144,1.5419322374645072
LBR,1997,,,,,,,-0.9511,0.0,3.3049676,1.5571631285034264
LBR,1998,,,,,,,-0.9347,0.0,3.3783207,1.5725444460944729
LBR,1999,,,,,,,-0.9869,0.0,3.451674,1.5880777395447723
LBR,2000,,,,,,,-0.9944,0.0,3.525027,1.6037644034272904
LBR,2001,,,,,,,-1.07,0.0,3.59023,1.6178382102959765
LBR,2002,,,,,,,-1.137,0.0,3.6554327,1.6320354560063384
LBR,2003,,,,,,,-1.353,0.0,3.7206354,1.646357288825892
LBR,2004,0.0,,4.0,3.0,3.0,3.3333333333333335,-1.446,0.0,3.7858384,1.6608048688259673
LBR,2005,0.0,,4.0,3.0,3.0,3.3333333333333335,-1.238,0.0,3.851041,1.6753791435148906
LBR,2006,0.0,0.0,4.0,4.0,5.0,4.333333333333333,-1.155,0.0,3.9142063,1.6896199875289837
LBR,2007,0.0,0.0,4.0,4.0,5.0,4.333333333333333,-1.101,0.0,3.9773717,1.7039819025815637
LBR,2008,2.0,0.4,6.0,6.0,5.0,5.666666666666667,-0.9753,0.0,4.040537,1.7161685811433653
LBR,2009,2.0,0.8,6.0,6.0,5.0,5.666666666666667,-0.8182,0.0,4.103702,1.7271521602996152
LBR,2010,1.0,1.0,6.0,6.0,5.0,5.666666666666667,-0.7521,0.0,4.1668673,1.7382060876716312
LBR,2011,3.0,1.6,6.0,6.0,5.0,5.666666666666667,-0.61,0.0,4.256521,1.7540170613286934
LBR,2012,1.0,1.8,6.0,6.0,5.0,5.666666666666667,-0.5701,0.0,4.346175,1.7699719075161808
LBR,2013,0.0,1.4,6.0,6.0,5.0,5.666666666666667,-0.5056,0.0,4.4358287,1.7860718276591168
LBR,2014,0.0,1.0,6.0,5.0,5.0,5.333333333333333,-0.5647,0.0,4.5254827,1.8023182496115462
LBR,2015,1.0,1.0,6.0,5.0,5.0,5.333333333333333,-0.5134,0.0,4.6151366,1.8187124334925964
LBR,2016,0.0,0.4,5.0,5.0,6.0,5.333333333333333,-0.5134,1.0,4.75573,1.8447222607833509
LBR,2017,2.0,0.6,5.0,5.0,6.0,5.333333333333333,-0.5134,1.0,5.0237236,1.8953359091675737
LBR,2018,0.0,0.6,4.0,5.0,5.0,4.666666666666667,-0.5134,1.0,5.2917166,1.9473381263157514
LBR,2019,0.0,0.6,4.0,5.0,5.0,4.666666666666667,-0.5134,1.0,5.55971,2.0007672059937476
LBR,2020,,,4.0,5.0,5.0,4.666666666666667,-0.5134,1.0,5.85686,2.061724688604556
LBR,2021,,,4.0,5.0,5.0,4.666666666666667,-0.5134,1.0,6.169892,2.1279500362544046
LBR,2022,,,4.0,4.0,5.0,4.333333333333333,-0.5134,1.0,6.169892,2.1279500362544046
LBR,2023,,,4.0,4.0,5.0,4.333333333333333,-0.5134,1.0,6.169892,2.1279500362544046
LBR,2024,,,4.0,4.0,5.0,4.333333333333333,,,,
LBR,2025,,,4.0,4.0,5.0,4.333333333333333,,,,
LBY,1960,,,,,,,-1.007,0.0,,
LBY,1961,,,,,,,-0.9125,0.0,,
LBY,1962,,,,,,,-0.8262,0.0,,
LBY,1963,,,,,,,-0.6576,0.0,,
LBY,1964,,,,,,,-0.5679,0.0,,
LBY,1965,,,,,,,-0.5274,0.0,,
LBY,1966,,,,,,,-0.4617,0.0,,
LBY,1967,,,,,,,-0.4108,0.0,,
LBY,1968,,,,,,,-0.429,0.0,,
LBY,1969,,,,,,,-0.3248,0.0,,
LBY,1970,,,,,,,-0.1873,0.0,,
LBY,1971,,,,,,,-0.2053,0.0,,
LBY,1972,,,,,,,-0.2276,0.0,,
LBY,1973,,,,,,,-0.1894,0.0,,
LBY,1974,,,,,,,-0.1518,0.0,,
LBY,1975,,,,,,,-0.2159,0.0,,
LBY,1976,,,,,,,-0.2042,0.0,,
LBY,1977,,,,,,,-0.1697,0.0,,
LBY,1978,,,,,,,-0.1054,0.0,,
LBY,1979,,,,,,,-0.09713,0.0,,
LBY,1980,,,,,,,-0.08785,0.0,,
LBY,1981,,,,,,,-0.1577,0.0,,
LBY,1982,,,,,,,-0.2197,0.0,,
LBY,1983,,,,,,,-0.08161,0.0,,
LBY,1984,,,,,,,-0.2632,0.0,,
LBY,1985,,,,,,,-0.704,0.0,,
LBY,1986,,,,,,,-0.4669,0.0,,
LBY,1987,,,,,,,-0.4733,0.0,,
LBY,1988,,,,,,,-0.3349,0.0,,
LBY,1989,,,,,,,-0.3184,0.0,,
LBY,1990,,,,,,,-0.2182,0.0,3.81,1.666190695034323
LBY,1991,,,,,,,-0.3929,0.0,3.986,1.7059531725301427
LBY,1992,,,,,,,0.0802,0.0,4.162,1.7373518002519872
LBY,1993,,,,,,,-0.184,0.0,4.338,1.7685110891250464
LBY,1994,,,,,,,-0.0007767,0.0,4.514,1.8002292177696098
LBY,1995,,,,,,,-0.002652,0.0,4.69,1.832516208939774
LBY,1996,,,,,,,-0.1286,0.0,4.868,1.865759110424715
LBY,1997,,,,,,,-0.2981,0.0,5.046,1.8996050573254328
LBY,1998,,,,,,,-0.2419,0.0,5.224,1.9340649892337574
LBY,1999,,,,,,,-0.4169,0.0,5.402,1.9691500441920267
LBY,2000,,,,,,,-0.5041,0.0,5.58,2.004871562293095
LBY,2001,,,,,,,-0.5143,0.0,5.752,2.0400044719784067
LBY,2002,,,,,,,-0.1729,0.0,5.924,2.075753042719604
LBY,2003,,,,,,,-0.5033,0.0,6.096,2.1121280632199038
LBY,2004,0.0,,4.0,4.0,4.0,4.0,-0.713,0.0,6.268,2.1491405112412845
LBY,2005,0.0,,4.0,4.0,4.0,4.0,-0.5618,0.0,6.44,2.1868015569175094
LBY,2006,0.0,0.0,4.0,3.0,5.0,4.0,-0.3312,0.0,6.614,2.2255720862835706
LBY,2007,0.0,0.0,4.0,3.0,5.0,4.0,-0.2043,0.0,6.788,2.2650299912107887
LBY,2008,0.0,0.0,4.0,3.0,5.0,4.0,-0.09148,0.0,6.962,2.305187458408238
LBY,2009,0.0,0.0,4.0,3.0,5.0,4.0,-0.1029,0.0,7.136,2.346056890647198
LBY,2010,0.0,0.0,3.0,3.0,5.0,3.6666666666666665,-0.183,0.0,7.31,2.387650910591788
LBY,2011,0.0,0.0,3.0,3.0,5.0,3.6666666666666665,-0.6337,0.0,7.56,2.4487066813183036
LBY,2012,2.0,0.4,5.0,3.0,5.0,4.333333333333333,-0.5332,0.0,7.81,2.5113237385471603
LBY,2013,0.0,0.4,5.0,3.0,5.0,4.333333333333333,-0.6612,0.0,7.8077264,2.5107471204442913
LBY,2014,0.0,0.4,5.0,1.0,1.0,2.3333333333333335,-0.8898,0.0,7.805453,2.510170685442559
LBY,2015,0.0,0.4,5.0,1.0,1.0,2.3333333333333335,-1.352,0.0,7.8031797,2.509594408129736
LBY,2016,0.0,0.4,5.0,1.0,1.0,2.3333333333333335,-1.352,1.0,7.800906,2.5090181617525618
LBY,2017,0.0,0.0,5.0,1.0,1.0,2.3333333333333335,-1.352,1.0,7.7986326,2.5084421236973387
LBY,2018,0.0,0.0,4.0,1.0,1.0,2.0,-1.352,1.0,7.7919574,2.5067515140225654
LBY,2019,0.0,0.0,4.0,1.0,1.0,2.0,-1.352,1.0,7.7852817,2.505061917258952
LBY,2020,,,4.0,2.0,1.0,2.3333333333333335,-1.352,1.0,7.7786064,2.503373560451016
LBY,2021,,,4.0,2.0,1.0,2.3333333333333335,-1.352,1.0,7.7786064,2.503373560451016
LBY,2022,,,4.0,2.0,1.0,2.3333333333333335,-1.352,1.0,7.7786064,2.503373560451016
LBY,2023,,,4.0,2.0,1.0,2.3333333333333335,-1.352,1.0,7.7786064,2.503373560451016
LBY,2024,,,4.0,2.0,1.0,2.3333333333333335,,,,
LBY,2025,,,4.0,2.0,1.0,2.3333333333333335,,,,
LCA,1990,,,,,,,,,6.5606894,2.2136209848269615
LCA,1991,,,,,,,,,6.65,2.2336789958193886
LCA,1992,,,,,,,,,6.740526,2.2541954536757736
LCA,1993,,,,,,,,,6.831053,2.2749005860305527
LCA,1994,,,,,,,,,6.921579,2.2957956663389205
LCA,1995,,,,,,,,,7.0121055,2.316882786050245
LCA,1996,,,,,,,,,7.1026316,2.3381634986667343
LCA,1997,,,,,,,,,7.193158,2.3596397474504194
LCA,1998,,,,,,,,,7.2836843,2.3813132335215292
LCA,1999,,,,,,,,,7.3742104,2.4031857438088564
LCA,2000,,,,,,,,,7.464737,2.4252592769403325
LCA,2001,,,,,,,,,7.555263,2.447535409652007
LCA,2002,,,,,,,,,7.6457896,2.4700162994852617
LCA,2003,,,,,,,,,7.7363157,2.492703552955257
LCA,2004,0.0,,,,,,,,7.826842,2.515599241075766
LCA,2005,0.0,,,,,,,,7.9173684,2.538705253624589
LCA,2006,0.0,0.0,,,,,,,8.0078945,2.5613560518506433
LCA,2007,0.0,0.0,,,,,,,8.098421,2.577171882173714
LCA,2008,1.0,0.2,,,,,,,8.188948,2.5930854600591893
LCA,2009,2.0,0.6,,,,,,,8.279473,2.6090969466198235
LCA,2010,0.0,0.6,,,,,,,8.37,2.6252076560986852
LCA,2011,0.0,0.6,,,,,,,8.366667,2.6246127359547637
LCA,2012,0.0,0.6,,,,,,,8.363333,2.62401777219743
LCA,2013,0.0,0.4,,,,,,,8.36,2.623423121702997
LCA,2014,1.0,0.2,,,,,,,8.391666,2.629078193544001
LCA,2015,0.0,0.2,,,,,,,8.423333,2.634745634665744
LCA,2016,1.0,0.4,,,,,,,8.455,2.640425292955066
LCA,2017,0.0,0.4,,,,,,,8.486667,2.6461171947482236
LCA,2018,0.0,0.4,,,,,,,8.518333,2.6518211861143985
LCA,2019,0.0,0.2,,,,,,,8.55,2.657537653762489
LCA,2020,,,,,,,,,8.582024,2.663331098504442
LCA,2021,,,,,,,,,8.614167,2.6691587717289162
LCA,2022,,,,,,,,,8.614167,2.6691587717289162
LCA,2023,,,,,,,,,8.614167,2.6691587717289162
LIE,1990,,,,,,,,,10.240093,2.9812012520285354
LIE,1991,,,,,,,,,10.330368,2.999558238524398
LIE,1992,,,,,,,,,10.421438,3.018191418658978
LIE,1993,,,,,,,,,10.512508,3.036940347638661
LIE,1994,,,,,,,,,10.603579,3.0558059522871517
LIE,1995,,,,,,,,,10.694649,3.074788541801166
LIE,1996,,,,,,,,,10.785719,3.0938890506825367
LIE,1997,,,,,,,,,10.876789,3.1131082114434
LIE,1998,,,,,,,,,10.967859,3.132446761146239
LIE,1999,,,,,,,,,11.058929,3.151905441432151
LIE,2000,,,,,,,,,11.15,3.1714852142102763
LIE,2001,,,,,,,,,11.24107,3.191186400382147
LIE,2002,,,,,,,,,11.33214,3.211009969825691
LIE,2003,,,,,,,,,11.42321,3.230956682782705
LIE,2004,,,,,,,,,11.51428,3.251027304217591
LIE,2005,,,,,,,,,11.6053505,3.2712227150682582
LIE,2006,,,,,,,,,11.590291,3.2678745471633524
LIE,2007,,,,,,,,,11.5752325,3.264530028169468
LIE,2008,,,,,,,,,11.5149975,3.251185925709304
LIE,2009,,,,,,,,,11.715782,3.29587990897618
LIE,2010,,,,,,,,,11.755939,3.304892188349926
LIE,2011,,,,,,,,,11.755939,3.304892188349926
LIE,2012,,,,,,,,,11.796096,3.313929110969711
LIE,2013,,,,,,,,,11.836252,3.322990518256852
LIE,2014,,,,,,,,,12.057116,3.373274343724102
LIE,2015,,,,,,,,,12.12739,3.3894325567766215
LIE,2016,,,,,,,,,12.157508,3.396381309176302
LIE,2017,,,,,,,,,12.207704,3.407994080421369
LIE,2018,,,,,,,,,12.2579,3.419646557589804
LIE,2019,0.0,,,,,,,,12.308097,3.431339109773565
LIE,2020,,,,,,,,,12.358923,3.4432189116720506
LIE,2021,,,,,,,,,12.40996,3.455189417898328
LIE,2022,,,,,,,,,12.40996,3.455189417898328
LIE,2023,,,,,,,,,12.40996,3.455189417898328
LKA,1960,,,,,,,0.1017,0.0,,
LKA,1961,,,,,,,0.1179,0.0,,
LKA,1962,,,,,,,0.1302,0.0,,
LKA,1963,,,,,,,0.1656,0.0,,
LKA,1964,,,,,,,0.1824,0.0,,
LKA,1965,,,,,,,0.2053,0.0,,
LKA,1966,,,,,,,0.2412,0.0,,
LKA,1967,,,,,,,0.2644,0.0,,
LKA,1968,,,,,,,0.2937,0.0,,
LKA,1969,,,,,,,0.2967,0.0,,
LKA,1970,,,,,,,0.1471,0.0,,
LKA,1971,,,,,,,0.1896,0.0,,
LKA,1972,,,,,,,0.1997,0.0,,
LKA,1973,,,,,,,0.03378,0.0,,
LKA,1974,,,,,,,-0.07064,0.0,,
LKA,1975,,,,,,,-0.03751,0.0,,
LKA,1976,,,,,,,-0.03061,0.0,,
LKA,1977,,,,,,,-0.06607,0.0,,
LKA,1978,,,,,,,-0.2638,0.0,,
LKA,1979,,,,,,,-0.2928,0.0,,
LKA,1980,,,,,,,-0.3522,0.0,,
LKA,1981,,,,,,,-0.3578,0.0,,
LKA,1982,,,,,,,-0.278,0.0,,
LKA,1983,,,,,,,-0.6313,0.0,,
LKA,1984,,,,,,,-0.7029,0.0,,
LKA,1985,,,,,,,-0.596,0.0,,
LKA,1986,,,,,,,-0.6506,0.0,,
LKA,1987,,,,,,,-0.6494,0.0,,
LKA,1988,,,,,,,-0.7007,0.0,,
LKA,1989,,,,,,,-0.8045,0.0,,
LKA,1990,,,,,,,-0.76,0.0,8.525088,2.653039553459034
LKA,1991,,,,,,,-0.7749,0.0,8.713319,2.6872159423558806
LKA,1992,,,,,,,-0.7018,0.0,8.901549,2.72183240555155
LKA,1993,,,,,,,-0.41,0.0,9.08978,2.7568949822413273
LKA,1994,,,,,,,-0.3085,0.0,9.278009,2.7924088543957994
LKA,1995,,,,,,,-0.1627,0.0,9.46624,2.8283805951270686
LKA,1996,,,,,,,-0.1027,0.0,9.685113,2.870791236684568
LKA,1997,,,,,,,-0.1213,0.0,9.903985,2.9138376137941933
LKA,1998,,,,,,,-0.2664,0.0,10.122858,2.957529655384457
LKA,1999,,,,,,,-0.226,0.0,10.341731,3.001876844842017
LKA,2000,,,,,,,-0.183,0.0,10.560603,3.04688879870633
LKA,2001,,,,,,,-0.1753,0.0,10.6,3.055062345171177
LKA,2002,,,,,,,-0.1923,0.0,10.556001,3.0459354666869523
LKA,2003,,,,,,,-0.2204,0.0,10.512,3.0368354413832432
LKA,2004,0.0,,5.0,5.0,5.0,5.0,-0.03127,0.0,10.468,3.027762809168649
LKA,2005,0.0,,5.0,5.0,5.0,5.0,0.007507,0.0,10.424,3.018717281700719
LKA,2006,0.0,0.0,5.0,5.0,6.0,5.333333333333333,-0.07495,0.0,10.38,3.009698778003253
LKA,2007,2.0,0.5,5.0,5.0,6.0,5.333333333333333,-0.00712,0.0,10.35,3.003565250820959
LKA,2008,2.0,0.8,5.0,5.0,6.0,5.333333333333333,-0.06255,0.0,10.41,3.015844830352325
LKA,2009,0.0,0.8,5.0,5.0,6.0,5.333333333333333,0.004443,0.0,10.51,3.0364224598465968
LKA,2010,0.0,0.8,5.0,6.0,5.0,5.333333333333333,0.1705,0.0,10.508572,3.036127625395089
LKA,2011,1.0,1.0,5.0,6.0,5.0,5.333333333333333,0.1863,0.0,10.507143,3.0358326131351725
LKA,2012,3.0,1.2,5.0,4.0,5.0,4.666666666666667,0.2257,0.0,10.505714,3.035537629540794
LKA,2013,2.0,1.2,5.0,4.0,5.0,4.666666666666667,0.277,0.0,10.504286,3.0352428810056775
LKA,2014,1.0,1.4,5.0,5.0,6.0,5.333333333333333,0.2785,0.0,10.502857,3.034947954713965
LKA,2015,3.0,2.0,5.0,5.0,6.0,5.333333333333333,0.3371,0.0,10.501429,3.034653263435853
LKA,2016,3.0,2.4,6.0,5.0,6.0,5.666666666666667,0.3371,1.0,10.5,3.034358394435676
LKA,2017,0.0,1.8,6.0,5.0,6.0,5.666666666666667,0.3371,1.0,10.57,3.048836370640217
LKA,2018,6.0,2.6,6.0,5.0,6.0,5.666666666666667,0.3371,1.0,10.64,3.0633834262901414
LKA,2019,0.0,2.4,6.0,5.0,6.0,5.666666666666667,0.3371,1.0,10.63,3.0613010336540016
LKA,2020,,,5.0,6.0,6.0,5.666666666666667,0.3371,1.0,10.82,3.101109652931761
LKA,2021,,,5.0,6.0,6.0,5.666666666666667,0.3371,1.0,10.73,3.0821888186643482
LKA,2022,,,5.0,5.0,5.0,5.0,0.3371,1.0,10.77,3.0905837842285067
LKA,2023,,,5.0,5.0,5.0,5.0,0.3371,1.0,10.77,3.0905837842285067
LKA,2024,,,5.0,6.0,5.0,5.333333333333333,,,,
LKA,2025,,,5.0,6.0,5.0,5.333333333333333,,,,
LSO,1960,,,,,,,,0.0,,
LSO,1961,,,,,,,,0.0,,
LSO,1962,,,,,,,,0.0,,
LSO,1963,,,,,,,,0.0,,
LSO,1964,,,,,,,,0.0,,
LSO,1965,,,,,,,,0.0,,
LSO,1966,,,,,,,-1.01,0.0,,
LSO,1967,,,,,,,-1.019,0.0,,
LSO,1968,,,,,,,-1.008,0.0,,
LSO,1969,,,,,,,-1.008,0.0,,
LSO,1970,,,,,,,-1.198,0.0,,
LSO,1971,,,,,,,-1.39,0.0,,
LSO,1972,,,,,,,-1.387,0.0,,
LSO,1973,,,,,,,-1.382,0.0,,
LSO,1974,,,,,,,-1.335,0.0,,
LSO,1975,,,,,,,-1.301,0.0,,
LSO,1976,,,,,,,-1.237,0.0,,
LSO,1977,,,,,,,-1.072,0.0,,
LSO,1978,,,,,,,-1.044,0.0,,
LSO,1979,,,,,,,-0.9107,0.0,,
LSO,1980,,,,,,,-0.8829,0.0,,
LSO,1981,,,,,,,-0.8635,0.0,,
LSO,1982,,,,,,,-0.8396,0.0,,
LSO,1983,,,,,,,-0.8097,0.0,,
LSO,1984,,,,,,,-0.8047,0.0,,
LSO,1985,,,,,,,-0.8153,0.0,,
LSO,1986,,,,,,,-0.6896,0.0,,
LSO,1987,,,,,,,-0.6049,0.0,,
LSO,1988,,,,,,,-0.6203,0.0,,
LSO,1989,,,,,,,-0.5386,0.0,,
LSO,1990,,,,,,,-0.5367,0.0,4.1125946,1.7287041033394956
LSO,1991,,,,,,,-0.433,0.0,4.1955523,1.7432492942994506
LSO,1992,,,,,,,-0.3701,0.0,4.2785106,1.7579169739710916
LSO,1993,,,,,,,-0.2075,0.0,4.3614683,1.772707959906025
LSO,1994,,,,,,,-0.131,0.0,4.444426,1.787623396123973
LSO,1995,,,,,,,-0.08085,0.0,4.5273843,1.8026644389820539
LSO,1996,,,,,,,-0.134,0.0,4.6226974,1.8201018069338843
LSO,1997,,,,,,,-0.09426,0.0,4.718011,1.8377079412348079
LSO,1998,,,,,,,-0.0312,0.0,4.813324,1.8554842700310707
LSO,1999,,,,,,,0.03084,0.0,4.9086375,1.8734326456041297
LSO,2000,,,,,,,0.07265,0.0,5.003951,1.8915546384861115
LSO,2001,,,,,,,0.1152,0.0,5.2122283,1.9317668651560367
LSO,2002,,,,,,,0.06447,0.0,5.4205055,1.9728339365396432
LSO,2003,,,,,,,0.1999,0.0,5.6287827,2.014774045132059
LSO,2004,0.0,,,,,,0.2622,0.0,5.83706,2.057605771450245
LSO,2005,0.0,,,,,,0.2106,0.0,6.0453377,2.101348134783529
LSO,2006,2.0,0.6666666666666666,,,,,0.2574,0.0,5.83,2.0561390980540653
LSO,2007,0.0,0.5,,,,,0.1124,0.0,5.685,2.026246364773485
LSO,2008,3.0,1.0,6.0,6.0,5.0,5.666666666666667,0.03141,0.0,5.54,1.9967882205262193
LSO,2009,0.0,1.0,6.0,6.0,5.0,5.666666666666667,0.09625,0.0,5.704587,2.0302588292102253
LSO,2010,0.0,1.0,5.0,5.0,5.0,5.0,0.06805,0.0,5.869174,2.0642904796883292
LSO,2011,0.0,0.6,5.0,5.0,5.0,5.0,0.08446,0.0,6.033761,2.098892576267985
LSO,2012,5.0,1.6,5.0,5.0,3.0,4.333333333333333,0.173,0.0,6.198348,2.1340746808937414
LSO,2013,1.0,1.2,5.0,5.0,3.0,4.333333333333333,0.1889,0.0,6.362935,2.16984651578959
LSO,2014,0.0,1.2,4.0,4.0,3.0,3.6666666666666665,0.2152,0.0,6.527522,2.2062179661456063
LSO,2015,0.0,1.2,4.0,4.0,3.0,3.6666666666666665,0.08053,0.0,6.692109,2.243199082849622
LSO,2016,1.0,1.4,3.0,4.0,3.0,3.3333333333333335,0.08053,1.0,6.856696,2.2808000852646875
LSO,2017,3.0,1.0,3.0,4.0,3.0,3.3333333333333335,0.08053,1.0,7.021283,2.319031364053093
LSO,2018,0.0,0.8,3.0,4.0,3.0,3.3333333333333335,0.08053,1.0,7.18587,2.357903484047722
LSO,2019,3.0,1.4,3.0,4.0,3.0,3.3333333333333335,0.08053,1.0,7.362815,2.400421423345817
LSO,2020,,,3.0,3.0,3.0,3.0,0.08053,1.0,7.544117,2.4447816567587055
LSO,2021,,,3.0,3.0,3.0,3.0,0.08053,1.0,7.7298837,2.491084738834402
LSO,2022,,,4.0,4.0,3.0,3.6666666666666665,0.08053,1.0,7.7298837,2.491084738834402
LSO,2023,,,4.0,4.0,3.0,3.6666666666666665,0.08053,1.0,7.7298837,2.491084738834402
LSO,2024,,,6.0,6.0,3.0,5.0,,,,
LSO,2025,,,6.0,6.0,3.0,5.0,,,,
LTU,1960,,,,,,,,0.0,,
LTU,1961,,,,,,,,0.0,,
LTU,1962,,,,,,,,0.0,,
LTU,1963,,,,,,,,0.0,,
LTU,1964,,,,,,,,0.0,,
LTU,1965,,,,,,,,0.0,,
LTU,1966,,,,,,,,0.0,,
LTU,1967,,,,,,,,0.0,,
LTU,1968,,,,,,,,0.0,,
LTU,1969,,,,,,,,0.0,,
LTU,1970,,,,,,,,0.0,,
LTU,1971,,,,,,,,0.0,,
LTU,1972,,,,,,,,0.0,,
LTU,1973,,,,,,,,0.0,,
LTU,1974,,,,,,,,0.0,,
LTU,1975,,,,,,,,0.0,,
LTU,1976,,,,,,,,0.0,,
LTU,1977,,,,,,,,0.0,,
LTU,1978,,,,,,,,0.0,,
LTU,1979,,,,,,,,0.0,,
LTU,1980,,,,,,,,0.0,,
LTU,1981,,,,,,,,0.0,,
LTU,1982,,,,,,,,0.0,,
LTU,1983,,,,,,,,0.0,,
LTU,1984,,,,,,,,0.0,,
LTU,1985,,,,,,,,0.0,,
LTU,1986,,,,,,,,0.0,,
LTU,1987,,,,,,,,0.0,,
LTU,1988,,,,,,,,0.0,,
LTU,1989,,,,,,,,0.0,,
LTU,1990,,,,,,,,0.0,9.160665,2.7702157908530087
LTU,1991,,,,,,,0.7834,0.0,9.333884,2.8030387932764738
LTU,1992,,,,,,,0.697,0.0,9.507104,2.8362508931014734
LTU,1993,,,,,,,0.9595,0.0,9.680324,2.86985650998283
LTU,1994,,,,,,,1.086,0.0,9.853543,2.903860109086263
LTU,1995,,,,,,,1.085,0.0,10.026763,2.938266800870958
LTU,1996,,,,,,,1.139,0.0,10.211087,2.9753269020413398
LTU,1997,,,,,,,1.235,0.0,10.395411,3.0128544390137915
LTU,1998,,,,,,,1.302,0.0,10.579734,3.050855100056888
LTU,1999,,,,,,,1.262,0.0,10.764058,3.089335267559298
LTU,2000,,,,,,,1.26,0.0,10.948381,3.128300569311291
LTU,2001,,,,,,,1.285,0.0,11.132706,3.167757765124974
LTU,2002,,,,,,,1.302,0.0,11.317029,3.2077121975530316
LTU,2003,,,,,,,1.335,0.0,11.501352,3.248170568978012
LTU,2004,0.0,,8.0,8.0,8.0,8.0,1.418,0.0,11.685677,3.2891396828265003
LTU,2005,1.0,,8.0,8.0,8.0,8.0,1.444,0.0,11.87,3.330625086366739
LTU,2006,2.0,1.0,7.0,8.0,7.0,7.333333333333333,1.489,0.0,12.01,3.362484045217595
LTU,2007,1.0,1.0,7.0,8.0,7.0,7.333333333333333,1.486,0.0,12.16,3.396956895134299
LTU,2008,0.0,0.8,7.0,7.0,8.0,7.333333333333333,1.501,0.0,12.3,3.4294503482050787
LTU,2009,0.0,0.8,7.0,7.0,8.0,7.333333333333333,1.397,0.0,12.32,3.43411757367258
LTU,2010,3.0,1.2,8.0,8.0,8.0,8.0,1.333,0.0,12.46,3.46696648570308
LTU,2011,1.0,1.0,8.0,8.0,8.0,8.0,1.363,0.0,12.57,3.49299662637597
LTU,2012,0.0,0.8,8.0,8.0,8.0,8.0,1.365,0.0,12.56,3.490622196067834
LTU,2013,3.0,1.4,8.0,8.0,8.0,8.0,1.435,0.0,12.59,3.497750333576033
LTU,2014,3.0,2.0,8.0,8.0,8.0,8.0,1.464,0.0,12.8,3.548056539791358
LTU,2015,4.0,2.2,8.0,8.0,8.0,8.0,1.488,0.0,12.96,3.586870158150686
LTU,2016,0.0,2.0,8.0,8.0,8.0,8.0,1.488,1.0,13.11,3.623643458773033
LTU,2017,3.0,2.6,8.0,8.0,8.0,8.0,1.488,1.0,13.19,3.643409794876564
LTU,2018,2.0,2.4,8.0,8.0,8.0,8.0,1.488,1.0,13.293333,3.669100893849146
LTU,2019,2.0,2.2,8.0,8.0,8.0,8.0,1.488,1.0,13.396667,3.694973402007122
LTU,2020,,,8.0,8.0,8.0,8.0,1.488,1.0,13.5,3.721028096020821
LTU,2021,,,8.0,8.0,8.0,8.0,1.488,1.0,13.610692,3.7491421582002755
LTU,2022,,,9.0,9.0,8.0,8.666666666666666,1.488,1.0,13.610692,3.7491421582002755
LTU,2023,,,9.0,9.0,8.0,8.666666666666666,1.488,1.0,13.610692,3.7491421582002755
LTU,2024,,,9.0,8.0,8.0,8.333333333333334,,,,
LTU,2025,,,9.0,8.0,8.0,8.333333333333334,,,,
LUX,1990,,,,,,,,,8.8193035,2.706652517588825
LUX,1991,,,,,,,,,8.99,2.738252655496666
LUX,1992,,,,,,,,,9.164,2.7708440916303907
LUX,1993,,,,,,,,,9.337999,2.8038232493397377
LUX,1994,,,,,,,,,9.512,2.8371953176427755
LUX,1995,,,,,,,,,9.686,2.870964396550903
LUX,1996,,,,,,,,,9.86,2.9051354043227975
LUX,1997,,,,,,,,,10.033999,2.9397129249258405
LUX,1998,,,,,,,,,10.207999,2.974702196588512
LUX,1999,,,,,,,,,10.382,3.0101081248720174
LUX,2000,,,,,,,,,10.556,3.0459352595633478
LUX,2001,,,,,,,,,10.73,3.0821888186643482
LUX,2002,,,,,,,,,10.995,3.1382333054451013
LUX,2003,,,,,,,,,11.26,3.1952968681758733
LUX,2004,0.0,,,,,,,,11.3525,3.215458627737074
LUX,2005,0.0,,,,,,,,11.445,3.235747604444404
LUX,2006,0.0,0.0,,,,,,,11.5375,3.256164601015612
LUX,2007,0.0,0.0,,,,,,,11.63,3.2767104252334565
LUX,2008,0.0,0.0,,,,,,,12.22,3.4108447913093602
LUX,2009,0.0,0.0,,,,,,,12.81,3.5504700387350563
LUX,2010,0.0,0.0,,,,,,,12.84,3.557720390458412
LUX,2011,0.0,0.0,,,,,,,12.86,3.562562181861308
LUX,2012,0.0,0.0,,,,,,,13.0,3.5966397255692817
LUX,2013,0.0,0.0,,,,,,,13.2,3.645888156084391
LUX,2014,0.0,0.0,,,,,,,13.43,3.7033580902607848
LUX,2015,0.0,0.0,,,,,,,12.46,3.46696648570308
LUX,2016,0.0,0.0,,,,,,,12.481209,3.4719701937089247
LUX,2017,2.0,0.4,,,,,,,12.502417,3.476980886894089
LUX,2018,0.0,0.4,,,,,,,12.523625,3.4819988114334404
LUX,2019,0.0,0.4,,,,,,,12.544834,3.487024214880794
LUX,2020,,,,,,,,,12.566043,3.492056871254176
LUX,2021,,,,,,,,,12.589372,3.497600968835046
LUX,2022,,,,,,,,,12.589372,3.497600968835046
LUX,2023,,,,,,,,,12.589372,3.497600968835046
LVA,1960,,,,,,,,0.0,,
LVA,1961,,,,,,,,0.0,,
LVA,1962,,,,,,,,0.0,,
LVA,1963,,,,,,,,0.0,,
LVA,1964,,,,,,,,0.0,,
LVA,1965,,,,,,,,0.0,,
LVA,1966,,,,,,,,0.0,,
LVA,1967,,,,,,,,0.0,,
LVA,1968,,,,,,,,0.0,,
LVA,1969,,,,,,,,0.0,,
LVA,1970,,,,,,,,0.0,,
LVA,1971,,,,,,,,0.0,,
LVA,1972,,,,,,,,0.0,,
LVA,1973,,,,,,,,0.0,,
LVA,1974,,,,,,,,0.0,,
LVA,1975,,,,,,,,0.0,,
LVA,1976,,,,,,,,0.0,,
LVA,1977,,,,,,,,0.0,,
LVA,1978,,,,,,,,0.0,,
LVA,1979,,,,,,,,0.0,,
LVA,1980,,,,,,,,0.0,,
LVA,1981,,,,,,,,0.0,,
LVA,1982,,,,,,,,0.0,,
LVA,1983,,,,,,,,0.0,,
LVA,1984,,,,,,,,0.0,,
LVA,1985,,,,,,,,0.0,,
LVA,1986,,,,,,,,0.0,,
LVA,1987,,,,,,,,0.0,,
LVA,1988,,,,,,,,0.0,,
LVA,1989,,,,,,,,0.0,,
LVA,1990,,,,,,,,0.0,9.157459,2.769611927474792
LVA,1991,,,,,,,0.8887,0.0,9.479667,2.830964187709158
LVA,1992,,,,,,,0.724,0.0,9.801873,2.8936751256145334
LVA,1993,,,,,,,0.632,0.0,10.124081,2.9577756256085097
LVA,1994,,,,,,,0.7238,0.0,10.446287,3.023295664470486
LVA,1995,,,,,,,0.7714,0.0,10.768495,3.0902675100680534
LVA,1996,,,,,,,0.7593,0.0,10.909005,3.1199355357832372
LVA,1997,,,,,,,0.7861,0.0,11.049517,3.1498888169239607
LVA,1998,,,,,,,0.8264,0.0,11.190028,3.180129451555956
LVA,1999,,,,,,,0.9487,0.0,11.33054,3.2106606309453527
LVA,2000,,,,,,,1.079,0.0,11.47105,3.2414844874080306
LVA,2001,,,,,,,1.119,0.0,11.635788,3.2780003398576887
LVA,2002,,,,,,,1.165,0.0,11.800526,3.314927549352338
LVA,2003,,,,,,,1.171,0.0,11.965262,3.3522702939875204
LVA,2004,0.0,,8.0,8.0,7.0,7.666666666666667,1.262,0.0,12.13,3.3900341666520797
LVA,2005,1.0,,8.0,8.0,7.0,7.666666666666667,1.279,0.0,12.25,3.41781001679809
LVA,2006,2.0,1.0,8.0,9.0,7.0,8.0,1.351,0.0,12.3,3.4294503482050787
LVA,2007,0.0,0.75,8.0,9.0,7.0,8.0,1.387,0.0,12.17,3.3992676113774736
LVA,2008,2.0,1.0,8.0,8.0,7.0,7.666666666666667,1.425,0.0,12.35,3.4411303240962825
LVA,2009,3.0,1.6,8.0,8.0,7.0,7.666666666666667,1.212,0.0,12.46,3.46696648570308
LVA,2010,1.0,1.6,8.0,9.0,7.0,8.0,1.318,0.0,12.56,3.490622196067834
LVA,2011,4.0,2.0,8.0,9.0,7.0,8.0,1.433,0.0,12.61,3.50251051021611
LVA,2012,0.0,2.0,8.0,9.0,7.0,8.0,1.421,0.0,12.7,3.5240116007665545
LVA,2013,2.0,2.0,8.0,9.0,7.0,8.0,1.457,0.0,12.81,3.5504700387350563
LVA,2014,0.0,1.4,8.0,9.0,7.0,8.0,1.463,0.0,12.86,3.562562181861308
LVA,2015,1.0,1.4,8.0,9.0,7.0,8.0,1.474,0.0,12.87,3.5649855479960793
LVA,2016,2.0,1.0,8.0,9.0,7.0,8.0,1.474,1.0,12.93,3.5795604015148506
LVA,2017,1.0,1.2,8.0,9.0,7.0,8.0,1.474,1.0,13.055,3.6101163437100423
LVA,2018,1.0,1.0,8.0,9.0,7.0,8.0,1.474,1.0,13.18,3.6409331183814904
LVA,2019,0.0,1.0,8.0,9.0,7.0,8.0,1.474,1.0,13.25,3.658305272951933
LVA,2020,,,8.0,9.0,7.0,8.0,1.474,1.0,13.329481,3.6781308722544512
LVA,2021,,,8.0,9.0,7.0,8.0,1.474,1.0,13.40944,3.69818411703896
LVA,2022,,,8.0,9.0,7.0,8.0,1.474,1.0,13.40944,3.69818411703896
LVA,2023,,,8.0,9.0,7.0,8.0,1.474,1.0,13.40944,3.69818411703896
LVA,2024,,,8.0,8.0,7.0,7.666666666666667,,,,
LVA,2025,,,8.0,8.0,7.0,7.666666666666667,,,,
MAR,1960,,,,,,,-0.6359,0.0,,
MAR,1961,,,,,,,-0.4857,0.0,,
MAR,1962,,,,,,,-0.3343,0.0,,
MAR,1963,,,,,,,-0.3481,0.0,,
MAR,1964,,,,,,,-0.5109,0.0,,
MAR,1965,,,,,,,-0.5165,0.0,,
MAR,1966,,,,,,,-0.4039,0.0,,
MAR,1967,,,,,,,-0.397,0.0,,
MAR,1968,,,,,,,-0.3734,0.0,,
MAR,1969,,,,,,,-0.3892,0.0,,
MAR,1970,,,,,,,-0.2889,0.0,,
MAR,1971,,,,,,,-0.1909,0.0,,
MAR,1972,,,,,,,-0.2676,0.0,,
MAR,1973,,,,,,,-0.1878,0.0,,
MAR,1974,,,,,,,-0.2073,0.0,,
MAR,1975,,,,,,,0.003812,0.0,,
MAR,1976,,,,,,,-0.1028,0.0,,
MAR,1977,,,,,,,-0.03213,0.0,,
MAR,1978,,,,,,,-0.02772,0.0,,
MAR,1979,,,,,,,-0.06794,0.0,,
MAR,1980,,,,,,,-0.07024,0.0,,
MAR,1981,,,,,,,-0.1469,0.0,,
MAR,1982,,,,,,,-0.1063,0.0,,
MAR,1983,,,,,,,-0.1202,0.0,,
MAR,1984,,,,,,,-0.121,0.0,,
MAR,1985,,,,,,,-0.08229,0.0,,
MAR,1986,,,,,,,-0.07062,0.0,,
MAR,1987,,,,,,,-0.06556,0.0,,
MAR,1988,,,,,,,-0.07644,0.0,,
MAR,1989,,,,,,,-0.06904,0.0,,
MAR,1990,,,,,,,0.0172,0.0,2.11,1.326760159327352
MAR,1991,,,,,,,0.001096,0.0,2.22,1.3464614458545643
MAR,1992,,,,,,,0.2455,0.0,2.33,1.3664552801253147
MAR,1993,,,,,,,0.3622,0.0,2.44,1.3867460062306414
MAR,1994,,,,,,,0.4447,0.0,2.55,1.4073380327677272
MAR,1995,,,,,,,0.5941,0.0,2.66,1.428235833797762
MAR,1996,,,,,,,0.6178,0.0,2.78,1.45138750660301
MAR,1997,,,,,,,0.6146,0.0,2.9,1.4749144675371486
MAR,1998,,,,,,,0.6174,0.0,3.02,1.4988228000128492
MAR,1999,,,,,,,0.6381,0.0,3.14,1.5231186860547732
MAR,2000,,,,,,,0.6079,0.0,3.26,1.547808407898072
MAR,2001,,,,,,,0.6515,0.0,3.366,1.569950358389282
MAR,2002,,,,,,,0.6456,0.0,3.472,1.592409057367613
MAR,2003,,,,,,,0.5799,0.0,3.578,1.6151890360329761
MAR,2004,2.0,,4.0,4.0,4.0,4.0,0.6458,0.0,3.684,1.6382948904057106
MAR,2005,0.0,,4.0,4.0,4.0,4.0,0.6659,0.0,3.79,1.661731282253864
MAR,2006,0.0,0.6666666666666666,4.0,4.0,5.0,4.333333333333333,0.7316,0.0,3.88,1.6818930928692555
MAR,2007,0.0,0.5,4.0,4.0,5.0,4.333333333333333,0.7668,0.0,3.97,1.7022995270357784
MAR,2008,2.0,0.8,4.0,4.0,4.0,4.0,0.7934,0.0,4.06,1.719545479845777
MAR,2009,1.0,0.6,4.0,4.0,4.0,4.0,0.7816,0.0,4.15,1.7352474053909708
MAR,2010,1.0,0.8,4.0,4.0,4.0,4.0,0.7161,0.0,4.24,1.751092712119574
MAR,2011,3.0,1.4,4.0,4.0,4.0,4.0,0.7179,0.0,4.468,1.791884752027593
MAR,2012,0.0,1.4,4.0,4.0,4.0,4.0,0.6692,0.0,4.696,1.8336270503133325
MAR,2013,3.0,1.6,4.0,4.0,4.0,4.0,0.7173,0.0,4.924,1.8763417434275924
MAR,2014,1.0,1.6,4.0,4.0,4.0,4.0,0.7089,0.0,5.152,1.92005148349403
MAR,2015,3.0,2.0,4.0,4.0,4.0,4.0,0.7204,0.0,5.38,1.9647794503218603
MAR,2016,4.0,2.2,5.0,5.0,4.0,4.666666666666667,0.7204,1.0,5.514,1.9915515334385587
MAR,2017,2.0,2.6,5.0,5.0,4.0,4.666666666666667,0.7204,1.0,5.648,2.0186884129370037
MAR,2018,2.0,2.4,5.0,6.0,4.0,5.0,0.7204,1.0,5.782,2.0461950595323826
MAR,2019,6.0,3.4,5.0,6.0,4.0,5.0,0.7204,1.0,5.916,2.0740765116708424
MAR,2020,,,6.0,7.0,4.0,5.666666666666667,0.7204,1.0,6.05,2.1023378764523946
MAR,2021,,,6.0,7.0,4.0,5.666666666666667,0.7204,1.0,6.198,2.1339996737550404
MAR,2022,,,6.0,6.0,4.0,5.333333333333333,0.7204,1.0,6.198,2.1339996737550404
MAR,2023,,,6.0,6.0,4.0,5.333333333333333,0.7204,1.0,6.198,2.1339996737550404
MAR,2024,,,5.0,5.0,4.0,4.666666666666667,,,,
MAR,2025,,,5.0,5.0,4.0,4.666666666666667,,,,
MDA,1960,,,,,,,,0.0,,
MDA,1961,,,,,,,,0.0,,
MDA,1962,,,,,,,,0.0,,
MDA,1963,,,,,,,,0.0,,
MDA,1964,,,,,,,,0.0,,
MDA,1965,,,,,,,,0.0,,
MDA,1966,,,,,,,,0.0,,
MDA,1967,,,,,,,,0.0,,
MDA,1968,,,,,,,,0.0,,
MDA,1969,,,,,,,,0.0,,
MDA,1970,,,,,,,,0.0,,
MDA,1971,,,,,,,,0.0,,
MDA,1972,,,,,,,,0.0,,
MDA,1973,,,,,,,,0.0,,
MDA,1974,,,,,,,,0.0,,
MDA,1975,,,,,,,,0.0,,
MDA,1976,,,,,,,,0.0,,
MDA,1977,,,,,,,,0.0,,
MDA,1978,,,,,,,,0.0,,
MDA,1979,,,,,,,,0.0,,
MDA,1980,,,,,,,,0.0,,
MDA,1981,,,,,,,,0.0,,
MDA,1982,,,,,,,,0.0,,
MDA,1983,,,,,,,,0.0,,
MDA,1984,,,,,,,,0.0,,
MDA,1985,,,,,,,,0.0,,
MDA,1986,,,,,,,,0.0,,
MDA,1987,,,,,,,,0.0,,
MDA,1988,,,,,,,,0.0,,
MDA,1989,,,,,,,,0.0,,
MDA,1990,,,,,,,,0.0,9.120048,2.7625751331655053
MDA,1991,,,,,,,0.1561,0.0,9.250817,2.78725030474248
MDA,1992,,,,,,,-0.2338,0.0,9.381587,2.812146064842468
MDA,1993,,,,,,,0.02151,0.0,9.512357,2.837264194232327
MDA,1994,,,,,,,0.08591,0.0,9.643126,2.8626064844605272
MDA,1995,,,,,,,-0.02345,0.0,9.773895,2.8881751306535035
MDA,1996,,,,,,,-0.1161,0.0,9.8731,2.9077244519315673
MDA,1997,,,,,,,-0.1027,0.0,9.972304,2.92740589851873
MDA,1998,,,,,,,-0.2096,0.0,10.071508,2.9472205624537424
MDA,1999,,,,,,,0.1414,0.0,10.170713,2.967169547209278
MDA,2000,,,,,,,0.1568,0.0,10.2699175,2.9872534599911087
MDA,2001,,,,,,,0.08751,0.0,10.3736315,3.0083956860474115
MDA,2002,,,,,,,0.1048,0.0,10.477345,3.0296874427724325
MDA,2003,,,,,,,0.1694,0.0,10.581059,3.051129994485211
MDA,2004,2.0,,3.0,3.0,4.0,3.3333333333333335,0.2894,0.0,10.6847725,3.0727242009522295
MDA,2005,0.0,,3.0,3.0,4.0,3.3333333333333335,0.3591,0.0,10.7884865,3.094471344452198
MDA,2006,0.0,0.6666666666666666,4.0,4.0,5.0,4.333333333333333,0.2462,0.0,11.034244,3.146619153965714
MDA,2007,2.0,1.0,4.0,4.0,5.0,4.333333333333333,0.4095,0.0,11.28,3.1996454282671967
MDA,2008,0.0,0.8,4.0,5.0,5.0,4.666666666666667,0.5012,0.0,11.38,3.2214771609456423
MDA,2009,4.0,1.2,4.0,5.0,5.0,4.666666666666667,0.3643,0.0,11.48,3.2434578553020073
MDA,2010,1.0,1.4,5.0,6.0,6.0,5.666666666666667,0.4049,0.0,11.49,3.2456641567010722
MDA,2011,2.0,1.8,5.0,6.0,6.0,5.666666666666667,0.4381,0.0,11.56,3.2611503459774673
MDA,2012,1.0,1.6,6.0,6.0,6.0,6.0,0.5653,0.0,11.7,3.2923447470237552
MDA,2013,4.0,2.4,6.0,6.0,6.0,6.0,0.617,0.0,11.63,3.2767104252334565
MDA,2014,4.0,2.4,6.0,6.0,6.0,6.0,0.608,0.0,11.7,3.2923447470237552
MDA,2015,2.0,2.6,6.0,6.0,6.0,6.0,0.5904,0.0,11.7,3.2923447470237552
MDA,2016,3.0,2.8,6.0,6.0,6.0,6.0,0.5904,1.0,11.726666,3.298320132155212
MDA,2017,2.0,3.0,6.0,6.0,6.0,6.0,0.5904,1.0,11.753333,3.3043065869031762
MDA,2018,2.0,2.6,6.0,6.0,6.0,6.0,0.5904,1.0,11.78,3.310303907073238
MDA,2019,2.0,2.2,6.0,6.0,6.0,6.0,0.5904,1.0,11.76,3.305804953741323
MDA,2020,,,6.0,5.0,6.0,5.666666666666667,0.5904,1.0,11.8,3.3148089831442036
MDA,2021,,,6.0,5.0,6.0,5.666666666666667,0.5904,1.0,11.82,3.3193201902868097
MDA,2022,,,7.0,6.0,6.0,6.333333333333333,0.5904,1.0,11.83,3.3215780956170113
MDA,2023,,,7.0,6.0,6.0,6.333333333333333,0.5904,1.0,11.83,3.3215780956170113
MDA,2024,,,7.0,6.0,7.0,6.666666666666667,,,,
MDA,2025,,,7.0,6.0,7.0,6.666666666666667,,,,
MDG,1960,,,,,,,-1.053,0.0,,
MDG,1961,,,,,,,-0.9082,0.0,,
MDG,1962,,,,,,,-0.8937,0.0,,
MDG,1963,,,,,,,-0.9969,0.0,,
MDG,1964,,,,,,,-0.9945,0.0,,
MDG,1965,,,,,,,-0.9869,0.0,,
MDG,1966,,,,,,,-0.966,0.0,,
MDG,1967,,,,,,,-0.9684,0.0,,
MDG,1968,,,,,,,-0.9684,0.0,,
MDG,1969,,,,,,,-0.9596,0.0,,
MDG,1970,,,,,,,-0.9563,0.0,,
MDG,1971,,,,,,,-0.9846,0.0,,
MDG,1972,,,,,,,-0.9626,0.0,,
MDG,1973,,,,,,,-0.9851,0.0,,
MDG,1974,,,,,,,-1.06,0.0,,
MDG,1975,,,,,,,-1.065,0.0,,
MDG,1976,,,,,,,-0.9209,0.0,,
MDG,1977,,,,,,,-0.8974,0.0,,
MDG,1978,,,,,,,-0.7983,0.0,,
MDG,1979,,,,,,,-0.8106,0.0,,
MDG,1980,,,,,,,-0.7383,0.0,,
MDG,1981,,,,,,,-0.6899,0.0,,
MDG,1982,,,,,,,-0.7519,0.0,,
MDG,1983,,,,,,,-0.8,0.0,,
MDG,1984,,,,,,,-0.7668,0.0,,
MDG,1985,,,,,,,-0.5863,0.0,,
MDG,1986,,,,,,,-0.5852,0.0,,
MDG,1987,,,,,,,-0.6169,0.0,,
MDG,1988,,,,,,,-0.7554,0.0,,
MDG,1989,,,,,,,-0.7998,0.0,,
MDG,1990,,,,,,,-0.8002,0.0,,
MDG,1991,,,,,,,-0.9303,0.0,,
MDG,1992,,,,,,,-1.044,0.0,,
MDG,1993,,,,,,,-0.9464,0.0,,
MDG,1994,,,,,,,-0.8246,0.0,,
MDG,1995,,,,,,,-0.9165,0.0,,
MDG,1996,,,,,,,-0.8509,0.0,,
MDG,1997,,,,,,,-0.9024,0.0,,
MDG,1998,,,,,,,-0.9502,0.0,,
MDG,1999,,,,,,,-0.9183,0.0,3.771086,1.6575249968169001
MDG,2000,,,,,,,-0.7632,0.0,3.902891,1.6870600421342732
MDG,2001,,,,,,,-0.7805,0.0,4.0346956,1.715156372222805
MDG,2002,,,,,,,-0.711,0.0,4.1665006,1.7381417114463729
MDG,2003,,,,,,,-0.665,0.0,4.2983055,1.761435066495377
MDG,2004,2.0,,7.0,6.0,7.0,6.666666666666667,-0.5514,0.0,4.4301105,1.7850406007658257
MDG,2005,3.0,,7.0,6.0,7.0,6.666666666666667,-0.5333,0.0,4.4758167,1.7932999797854896
MDG,2006,3.0,2.6666666666666665,7.0,5.0,5.0,5.666666666666667,-0.2995,0.0,4.5215235,1.8015976841109258
MDG,2007,4.0,3.0,7.0,5.0,5.0,5.666666666666667,-0.2692,0.0,4.5672297,1.8099336727196091
MDG,2008,2.0,2.8,5.0,5.0,5.0,5.0,-0.1579,0.0,4.612936,1.818308250294565
MDG,2009,1.0,2.6,5.0,5.0,5.0,5.0,-0.3791,0.0,4.6586423,1.826721577106919
MDG,2010,0.0,2.0,3.0,3.0,3.0,3.0,-0.4788,0.0,4.704349,1.8351739065907267
MDG,2011,0.0,1.4,3.0,3.0,3.0,3.0,-0.6293,0.0,4.7500553,1.8436652709296117
MDG,2012,0.0,0.6,4.0,3.0,4.0,3.6666666666666665,-0.7196,0.0,4.7957616,1.8521959248791857
MDG,2013,0.0,0.2,4.0,3.0,4.0,3.6666666666666665,-0.7641,0.0,4.8414683,1.8607661254077408
MDG,2014,0.0,0.0,6.0,4.0,4.0,4.666666666666667,-0.7784,0.0,4.8871746,1.8693759051477146
MDG,2015,2.0,0.4,6.0,4.0,4.0,4.666666666666667,-0.6381,0.0,4.932881,1.878025541375442
MDG,2016,3.0,1.0,6.0,5.0,4.0,5.0,-0.6381,1.0,4.978587,1.8867151234036266
MDG,2017,3.0,1.6,6.0,5.0,4.0,5.0,-0.6381,1.0,5.024294,1.8954451033727657
MDG,2018,2.0,2.0,6.0,6.0,4.0,5.333333333333333,-0.6381,1.0,5.07,1.9042152853233343
MDG,2019,1.0,2.2,6.0,6.0,4.0,5.333333333333333,-0.6381,1.0,4.91084,1.873849441736678
MDG,2020,,,5.0,4.0,4.0,4.333333333333333,-0.6381,1.0,4.7516804,1.8439679059490575
MDG,2021,,,5.0,4.0,4.0,4.333333333333333,-0.6381,1.0,4.59252,1.814562732575392
MDG,2022,,,5.0,4.0,4.0,4.333333333333333,-0.6381,1.0,4.59252,1.814562732575392
MDG,2023,,,5.0,4.0,4.0,4.333333333333333,-0.6381,1.0,4.59252,1.814562732575392
MDG,2024,,,5.0,4.0,4.0,4.333333333333333,,,,
MDG,2025,,,5.0,4.0,4.0,4.333333333333333,,,,
MDV,2000,,,,,,,,,3.4692376,1.5918197177652575
MDV,2001,,,,,,,,,3.4737875,1.5927905248307521
MDV,2002,,,,,,,,,3.4783373,1.593761902608366
MDV,2003,,,,,,,,,3.482887,1.594733851420112
MDV,2004,0.0,,,,,,,,3.487437,1.5957064571180406
MDV,2005,0.0,,,,,,,,3.4919868,1.596679613203461
MDV,2006,0.0,0.0,,,,,,,3.79,1.661731282253864
MDV,2007,0.0,0.0,,,,,,,4.0622644,1.7199387924374636
MDV,2008,0.0,0.0,,,,,,,4.334529,1.767891209086352
MDV,2009,0.0,0.0,,,,,,,4.606794,1.817180627110133
MDV,2010,1.0,0.2,,,,,,,4.8790584,1.867844137955141
MDV,2011,1.0,0.4,,,,,,,5.151323,1.9199202006221587
MDV,2012,0.0,0.4,,,,,,,5.4235873,1.9734480999596788
MDV,2013,0.0,0.4,,,,,,,5.695852,2.0284684536941353
MDV,2014,0.0,0.4,,,,,,,5.9681163,2.085022707961312
MDV,2015,0.0,0.2,,,,,,,6.2403812,2.1431538401520633
MDV,2016,0.0,0.0,,,,,,,6.5126457,2.202905598801846
MDV,2017,1.0,0.2,,,,,,,6.78491,2.264323208296508
MDV,2018,1.0,0.4,,,,,,,6.9480743,2.3019475011873576
MDV,2019,0.0,0.4,,,,,,,7.1112385,2.340196940652173
MDV,2020,,,,,,,,,7.2744026,2.379081913423352
MDV,2021,,,,,,,,,7.4103727,2.4119791696601145
MDV,2022,,,,,,,,,7.4103727,2.4119791696601145
MDV,2023,,,,,,,,,7.4103727,2.4119791696601145
MEX,1960,,,,,,,-0.0195,0.0,,
MEX,1961,,,,,,,-0.04051,0.0,,
MEX,1962,,,,,,,0.001103,0.0,,
MEX,1963,,,,,,,-0.1065,0.0,,
MEX,1964,,,,,,,-0.09456,0.0,,
MEX,1965,,,,,,,-0.1114,0.0,,
MEX,1966,,,,,,,-0.09969,0.0,,
MEX,1967,,,,,,,-0.1147,0.0,,
MEX,1968,,,,,,,-0.07401,0.0,,
MEX,1969,,,,,,,-0.0479,0.0,,
MEX,1970,,,,,,,0.01061,0.0,,
MEX,1971,,,,,,,0.02703,0.0,,
MEX,1972,,,,,,,0.1247,0.0,,
MEX,1973,,,,,,,0.1738,0.0,,
MEX,1974,,,,,,,0.2079,0.0,,
MEX,1975,,,,,,,0.2231,0.0,,
MEX,1976,,,,,,,0.2561,0.0,,
MEX,1977,,,,,,,0.2233,0.0,,
MEX,1978,,,,,,,0.2577,0.0,,
MEX,1979,,,,,,,0.263,0.0,,
MEX,1980,,,,,,,0.2682,0.0,,
MEX,1981,,,,,,,0.2889,0.0,,
MEX,1982,,,,,,,0.3825,0.0,,
MEX,1983,,,,,,,0.4045,0.0,,
MEX,1984,,,,,,,0.5579,0.0,,
MEX,1985,,,,,,,0.4407,0.0,,
MEX,1986,,,,,,,0.3909,0.0,,
MEX,1987,,,,,,,0.3939,0.0,,
MEX,1988,,,,,,,0.4993,0.0,,
MEX,1989,,,,,,,0.5135,0.0,,
MEX,1990,,,,,,,0.5702,0.0,5.95,2.0812111335465153
MEX,1991,,,,,,,0.5735,0.0,6.021,2.096189138035533
MEX,1992,,,,,,,0.622,0.0,6.092,2.1112749358257004
MEX,1993,,,,,,,0.6788,0.0,6.1629996,2.1264692167715977
MEX,1994,,,,,,,0.7098,0.0,6.2339997,2.1417729550525157
MEX,1995,,,,,,,0.7124,0.0,6.305,2.1571868745976577
MEX,1996,,,,,,,0.7102,0.0,6.376,2.172711659262977
MEX,1997,,,,,,,0.8057,0.0,6.447,2.188348172282359
MEX,1998,,,,,,,0.7661,0.0,6.5179996,2.204097128693901
MEX,1999,,,,,,,0.7387,0.0,6.5889997,2.2199595382398356
MEX,2000,,,,,,,0.71,0.0,6.66,2.2359361512767952
MEX,2001,,,,,,,0.7208,0.0,6.8174996,2.2717886200934467
MEX,2002,,,,,,,0.7178,0.0,6.975,2.3082161574469318
MEX,2003,,,,,,,0.7074,0.0,7.1324997,2.345227635042959
MEX,2004,0.0,,6.0,6.0,6.0,6.0,0.7582,0.0,7.29,2.3828327237594373
MEX,2005,0.0,,6.0,6.0,6.0,6.0,0.7443,0.0,7.49,2.4314553802891745
MEX,2006,4.0,1.3333333333333333,6.0,6.0,6.0,6.0,0.6432,0.0,7.87,2.5265885661153646
MEX,2007,1.0,1.25,6.0,6.0,6.0,6.0,0.6501,0.0,7.88,2.5291417096876065
MEX,2008,0.0,1.0,7.0,7.0,7.0,7.0,0.7434,0.0,7.95,2.5470861002500844
MEX,2009,3.0,1.6,7.0,7.0,7.0,7.0,0.6527,0.0,8.14,2.5844688165054737
MEX,2010,2.0,2.0,6.0,7.0,6.0,6.333333333333333,0.6989,0.0,8.01,2.561722797695619
MEX,2011,1.0,1.4,6.0,7.0,6.0,6.333333333333333,0.7206,0.0,8.25,2.603873124893154
MEX,2012,2.0,1.6,6.0,7.0,6.0,6.333333333333333,0.6235,0.0,8.49,2.6467169893010607
MEX,2013,0.0,1.6,6.0,7.0,6.0,6.333333333333333,0.6893,0.0,8.36,2.623423121702997
MEX,2014,2.0,1.4,6.0,6.0,6.0,6.0,0.6264,0.0,8.4,2.6305685459656343
MEX,2015,1.0,1.2,6.0,6.0,6.0,6.0,0.6593,0.0,8.6,2.6665886597763704
MEX,2016,1.0,1.2,5.0,6.0,6.0,5.666666666666667,0.6593,1.0,8.6,2.6665886597763704
MEX,2017,1.0,1.0,5.0,6.0,6.0,5.666666666666667,0.6593,1.0,8.74,2.692095805186318
MEX,2018,0.0,1.0,5.0,5.0,6.0,5.333333333333333,0.6593,1.0,8.93,2.7271033447225386
MEX,2019,0.0,0.6,5.0,5.0,6.0,5.333333333333333,0.6593,1.0,9.075,2.7541255844192847
MEX,2020,,,5.0,5.0,6.0,5.333333333333333,0.6593,1.0,9.22,2.7814155812729573
MEX,2021,,,5.0,5.0,6.0,5.333333333333333,0.6593,1.0,9.349511,2.8060189863573988
MEX,2022,,,4.0,5.0,5.0,4.666666666666667,0.6593,1.0,9.349511,2.8060189863573988
MEX,2023,,,4.0,5.0,5.0,4.666666666666667,0.6593,1.0,9.349511,2.8060189863573988
MEX,2024,,,4.0,6.0,5.0,5.0,,,,
MEX,2025,,,4.0,6.0,5.0,5.0,,,,
MHL,2004,2.0,,,,,,,,,
MHL,2005,0.0,,,,,,,,,
MHL,2006,0.0,0.6666666666666666,,,,,,,,
MHL,2007,0.0,0.5,,,,,,,,
MHL,2008,0.0,0.4,,,,,,,,
MHL,2009,0.0,0.0,,,,,,,,
MHL,2010,1.0,0.2,,,,,,,,
MHL,2011,0.0,0.2,,,,,,,10.88,3.113788026610593
MHL,2012,0.0,0.2,,,,,,,10.947215,3.128052542448659
MHL,2013,0.0,0.2,,,,,,,11.014845,3.142471084475014
MHL,2014,0.0,0.2,,,,,,,11.082893,3.157045822369569
MHL,2015,0.0,0.0,,,,,,,11.150941,3.1716881576990676
MHL,2016,0.0,0.0,,,,,,,11.218989,3.186398403979488
MHL,2017,0.0,0.0,,,,,,,11.287037,3.201176876180892
MHL,2018,0.0,0.0,,,,,,,11.355085,3.216023890734167
MHL,2019,0.0,0.0,,,,,,,11.448945,3.236615742534928
MHL,2020,,,,,,,,,11.542805,3.257339441727061
MHL,2021,,,,,,,,,11.636664,3.2781956095977893
MHL,2022,,,,,,,,,11.636664,3.2781956095977893
MHL,2023,,,,,,,,,11.636664,3.2781956095977893
MKD,1960,,,,,,,,0.0,,
MKD,1961,,,,,,,,0.0,,
MKD,1962,,,,,,,,0.0,,
MKD,1963,,,,,,,,0.0,,
MKD,1964,,,,,,,,0.0,,
MKD,1965,,,,,,,,0.0,,
MKD,1966,,,,,,,,0.0,,
MKD,1967,,,,,,,,0.0,,
MKD,1968,,,,,,,,0.0,,
MKD,1969,,,,,,,,0.0,,
MKD,1970,,,,,,,,0.0,,
MKD,1971,,,,,,,,0.0,,
MKD,1972,,,,,,,,0.0,,
MKD,1973,,,,,,,,0.0,,
MKD,1974,,,,,,,,0.0,,
MKD,1975,,,,,,,,0.0,,
MKD,1976,,,,,,,,0.0,,
MKD,1977,,,,,,,,0.0,,
MKD,1978,,,,,,,,0.0,,
MKD,1979,,,,,,,,0.0,,
MKD,1980,,,,,,,,0.0,,
MKD,1981,,,,,,,,0.0,,
MKD,1982,,,,,,,,0.0,,
MKD,1983,,,,,,,,0.0,,
MKD,1984,,,,,,,,0.0,,
MKD,1985,,,,,,,,0.0,,
MKD,1986,,,,,,,,0.0,,
MKD,1987,,,,,,,,0.0,,
MKD,1988,,,,,,,,0.0,,
MKD,1989,,,,,,,,0.0,,
MKD,1990,,,,,,,,0.0,4.6030855,1.8165001141141328
MKD,1991,,,,,,,0.6317,0.0,4.7794204,1.8491414686944518
MKD,1992,,,,,,,0.6541,0.0,4.96251,1.8836540047403232
MKD,1993,,,,,,,0.5988,0.0,5.1526136,1.9201704796839203
MKD,1994,,,,,,,0.6432,0.0,5.35,1.9588351787066947
MKD,1995,,,,,,,0.6411,0.0,5.57125,2.003100539735777
MKD,1996,,,,,,,0.6447,0.0,5.7925,2.0483662004369982
MKD,1997,,,,,,,0.6141,0.0,6.01375,2.0946547653799548
MKD,1998,,,,,,,0.5783,0.0,6.2349997,2.1419892850454567
MKD,1999,,,,,,,0.5159,0.0,6.4562497,2.190393525511244
MKD,2000,,,,,,,0.4724,0.0,6.6775,2.239891663077961
MKD,2001,,,,,,,0.3042,0.0,6.89875,2.290508281673529
MKD,2002,,,,,,,0.5632,0.0,7.12,2.3422687243746463
MKD,2003,,,,,,,0.6057,0.0,7.405339,2.4107532221904573
MKD,2004,0.0,,5.0,5.0,5.0,5.0,0.6202,0.0,7.690677,2.4812398555458297
MKD,2005,0.0,,5.0,5.0,5.0,5.0,0.6966,0.0,7.976016,2.5537876651542253
MKD,2006,2.0,0.6666666666666666,7.0,6.0,7.0,6.666666666666667,0.6072,0.0,8.261354,2.6058842787023053
MKD,2007,4.0,1.5,7.0,6.0,7.0,6.666666666666667,0.6185,0.0,8.546694,2.656940285186755
MKD,2008,6.0,2.4,7.0,7.0,7.0,7.0,0.7515,0.0,8.832032,2.708996242340693
MKD,2009,5.0,3.4,7.0,7.0,7.0,7.0,0.6416,0.0,9.117372,2.762072478628581
MKD,2010,2.0,3.8,7.0,7.0,7.0,7.0,0.7034,0.0,9.40271,2.8161882325298606
MKD,2011,2.0,3.8,7.0,7.0,7.0,7.0,0.6944,0.0,9.688048,2.871364246378321
MKD,2012,3.0,3.6,7.0,7.0,7.0,7.0,0.6758,0.0,9.973388,2.927621691415487
MKD,2013,4.0,3.2,7.0,7.0,7.0,7.0,0.6435,0.0,10.258726,2.9849809592097016
MKD,2014,3.0,2.8,7.0,7.0,7.0,7.0,0.7245,0.0,10.544065,3.043464242275127
MKD,2015,2.0,2.8,7.0,7.0,7.0,7.0,0.7169,0.0,10.829404,3.103093359918679
MKD,2016,6.0,3.6,7.0,6.0,6.0,6.333333333333333,0.7169,1.0,11.114742,3.163890546776509
MKD,2017,1.0,3.2,7.0,6.0,6.0,6.333333333333333,0.7169,1.0,11.400082,3.225879337910685
MKD,2018,0.0,2.4,7.0,7.0,7.0,7.0,0.7169,1.0,11.68542,3.289082202323669
MKD,2019,0.0,1.8,7.0,7.0,7.0,7.0,0.7169,1.0,10.95771,3.130285705190783
MKD,2020,,,7.0,7.0,7.0,7.0,0.7169,1.0,10.23,2.979155884033298
MKD,2021,,,7.0,7.0,7.0,7.0,0.7169,1.0,10.23,2.979155884033298
MKD,2022,,,7.0,7.0,6.0,6.666666666666667,0.7169,1.0,10.23,2.979155884033298
MKD,2023,,,7.0,7.0,6.0,6.666666666666667,0.7169,1.0,10.23,2.979155884033298
MKD,2024,,,7.0,7.0,6.0,6.666666666666667,,,,
MKD,2025,,,7.0,7.0,6.0,6.666666666666667,,,,
MLI,1960,,,,,,,-0.6741,0.0,,
MLI,1961,,,,,,,-0.6069,0.0,,
MLI,1962,,,,,,,-0.5859,0.0,,
MLI,1963,,,,,,,-0.5703,0.0,,
MLI,1964,,,,,,,-0.5626,0.0,,
MLI,1965,,,,,,,-0.5719,0.0,,
MLI,1966,,,,,,,-0.5653,0.0,,
MLI,1967,,,,,,,-0.5726,0.0,,
MLI,1968,,,,,,,-0.4827,0.0,,
MLI,1969,,,,,,,-0.5576,0.0,,
MLI,1970,,,,,,,-0.5323,0.0,,
MLI,1971,,,,,,,-0.5287,0.0,,
MLI,1972,,,,,,,-0.5133,0.0,,
MLI,1973,,,,,,,-0.4768,0.0,,
MLI,1974,,,,,,,-0.4581,0.0,,
MLI,1975,,,,,,,-0.4992,0.0,,
MLI,1976,,,,,,,-0.4445,0.0,,
MLI,1977,,,,,,,-0.462,0.0,,
MLI,1978,,,,,,,-0.3761,0.0,,
MLI,1979,,,,,,,-0.3589,0.0,,
MLI,1980,,,,,,,-0.815,0.0,,
MLI,1981,,,,,,,-0.7829,0.0,,
MLI,1982,,,,,,,-0.7821,0.0,,
MLI,1983,,,,,,,-0.8322,0.0,,
MLI,1984,,,,,,,-0.8557,0.0,,
MLI,1985,,,,,,,-0.8818,0.0,,
MLI,1986,,,,,,,-0.9119,0.0,,
MLI,1987,,,,,,,-0.9028,0.0,,
MLI,1988,,,,,,,-0.7457,0.0,,
MLI,1989,,,,,,,-0.7888,0.0,,
MLI,1990,,,,,,,-0.6965,0.0,0.84429973,1.1197843966893575
MLI,1991,,,,,,,-0.6873,0.0,0.88182414,1.12542915582619
MLI,1992,,,,,,,-0.6637,0.0,0.9193486,1.1311023773991535
MLI,1993,,,,,,,-0.558,0.0,0.956873,1.136804188205418
MLI,1994,,,,,,,-0.5738,0.0,0.99439746,1.1425347506414232
MLI,1995,,,,,,,-0.5543,0.0,1.0319219,1.1482941974250933
MLI,1996,,,,,,,-0.5342,0.0,1.0624105,1.152995117877515
MLI,1997,,,,,,,-0.5589,0.0,1.0928991,1.157715283095912
MLI,1998,,,,,,,-0.5558,0.0,1.1233877,1.1624547718650713
MLI,1999,,,,,,,-0.5176,0.0,1.1538763,1.1672136632923116
MLI,2000,,,,,,,-0.5449,0.0,1.1843649,1.171992036808803
MLI,2001,,,,,,,-0.5344,0.0,1.219544,1.177529848933637
MLI,2002,,,,,,,-0.535,0.0,1.2547232,1.1830938437818102
MLI,2003,,,,,,,-0.4666,0.0,1.2899023,1.1886841133631214
MLI,2004,0.0,,6.0,7.0,7.0,6.666666666666667,-0.4972,0.0,1.3250815,1.19430081368613
MLI,2005,0.0,,6.0,7.0,7.0,6.666666666666667,-0.1458,0.0,1.3602606,1.1999440376322061
MLI,2006,1.0,0.3333333333333333,6.0,6.0,6.0,6.0,-0.05479,0.0,1.44,1.212834279177672
MLI,2007,2.0,0.75,6.0,6.0,6.0,6.0,-0.09949,0.0,1.556,1.2318338573865166
MLI,2008,0.0,0.6,6.0,6.0,6.0,6.0,-0.1943,0.0,1.672,1.2511310722785518
MLI,2009,5.0,1.6,6.0,6.0,6.0,6.0,-0.1787,0.0,1.788,1.2707305864622944
MLI,2010,0.0,1.6,6.0,6.0,6.0,6.0,-0.1757,0.0,1.904,1.2906371355880588
MLI,2011,3.0,2.0,6.0,6.0,6.0,6.0,-0.1767,0.0,2.02,1.3108555294921878
MLI,2012,1.0,1.8,5.0,4.0,4.0,4.333333333333333,-0.07351,0.0,1.9725,1.3025384312913477
MLI,2013,1.0,2.0,5.0,4.0,4.0,4.333333333333333,-0.1771,0.0,1.9250001,1.2942741206444761
MLI,2014,2.0,1.4,6.0,5.0,5.0,5.333333333333333,-0.2012,0.0,1.8775,1.286062210706044
MLI,2015,0.0,1.4,6.0,5.0,5.0,5.333333333333333,-0.165,0.0,1.83,1.277902420814495
MLI,2016,0.0,0.8,6.0,5.0,5.0,5.333333333333333,-0.165,1.0,1.53,1.2275496157099837
MLI,2017,0.0,0.6,6.0,5.0,5.0,5.333333333333333,-0.165,1.0,1.6999999,1.2558341166591123
MLI,2018,1.0,0.6,6.0,5.0,5.0,5.333333333333333,-0.165,1.0,1.87,1.2847703674442563
MLI,2019,0.0,0.2,6.0,5.0,5.0,5.333333333333333,-0.165,1.0,2.04184,1.3146974459079428
MLI,2020,,,5.0,4.0,5.0,4.666666666666667,-0.165,1.0,1.63,1.2441094838871987
MLI,2021,,,5.0,4.0,5.0,4.666666666666667,-0.165,1.0,1.63,1.2441094838871987
MLI,2022,,,4.0,3.0,4.0,3.6666666666666665,-0.165,1.0,1.63,1.2441094838871987
MLI,2023,,,4.0,3.0,4.0,3.6666666666666665,-0.165,1.0,1.63,1.2441094838871987
MLI,2024,,,3.0,3.0,3.0,3.0,,,,
MLI,2025,,,3.0,3.0,3.0,3.0,,,,
MLT,1990,,,,,,,,,6.463804,2.1920653991075776
MLT,1991,,,,,,,,,6.573278,2.2164372801370167
MLT,1992,,,,,,,,,6.682752,2.2410801332757533
MLT,1993,,,,,,,,,6.7922263,2.2659970399129574
MLT,1994,,,,,,,,,6.9017,2.2911908402951746
MLT,1995,,,,,,,,,7.011174,2.316664820495833
MLT,1996,,,,,,,,,7.1029396,2.338236235388192
MLT,1997,,,,,,,,,7.1947045,2.3600083437062054
MLT,1998,,,,,,,,,7.2864695,2.3819832035455555
MLT,1999,,,,,,,,,7.378235,2.4041628003704236
MLT,2000,,,,,,,,,7.47,2.426548797737769
MLT,2001,,,,,,,,,7.9319997,2.5424596273513753
MLT,2002,,,,,,,,,8.394,2.629495492916588
MLT,2003,,,,,,,,,8.856,2.713415029376806
MLT,2004,0.0,,,,,,,,9.318,2.80001283192216
MLT,2005,0.0,,,,,,,,9.78,2.8893743765874977
MLT,2006,0.0,0.0,,,,,,,9.82,2.8972441729628953
MLT,2007,0.0,0.0,,,,,,,9.86,2.9051354043227975
MLT,2008,0.0,0.0,,,,,,,10.01,2.934919425729044
MLT,2009,0.0,0.0,,,,,,,10.16,2.9650087987997282
MLT,2010,0.0,0.0,,,,,,,10.31,2.9954066540603668
MLT,2011,0.0,0.0,,,,,,,10.47,3.0281746129127156
MLT,2012,0.0,0.0,,,,,,,10.8,3.096895010410305
MLT,2013,0.0,0.0,,,,,,,11.03,3.1457111958718547
MLT,2014,0.0,0.0,,,,,,,11.13,3.1671749259793063
MLT,2015,0.0,0.0,,,,,,,11.21,3.184451306726429
MLT,2016,4.0,0.8,,,,,,,11.29,3.2018219270841484
MLT,2017,2.0,1.2,,,,,,,11.565001,3.262259547444596
MLT,2018,2.0,1.6,,,,,,,11.84,3.3238375368449846
MLT,2019,3.0,2.2,,,,,,,12.025001,3.3659157575850487
MLT,2020,,,,,,,,,12.21,3.4085262052598693
MLT,2021,,,,,,,,,12.420702,3.4577142037499935
MLT,2022,,,,,,,,,12.420702,3.4577142037499935
MLT,2023,,,,,,,,,12.420702,3.4577142037499935
MMR,1960,,,,,,,-0.8779,0.0,,
MMR,1961,,,,,,,-0.7993,0.0,,
MMR,1962,,,,,,,-1.064,0.0,,
MMR,1963,,,,,,,-1.099,0.0,,
MMR,1964,,,,,,,-1.347,0.0,,
MMR,1965,,,,,,,-1.29,0.0,,
MMR,1966,,,,,,,-1.338,0.0,,
MMR,1967,,,,,,,-1.291,0.0,,
MMR,1968,,,,,,,-1.304,0.0,,
MMR,1969,,,,,,,-1.293,0.0,,
MMR,1970,,,,,,,-1.227,0.0,,
MMR,1971,,,,,,,-1.23,0.0,,
MMR,1972,,,,,,,-1.254,0.0,,
MMR,1973,,,,,,,-0.8872,0.0,,
MMR,1974,,,,,,,-0.9768,0.0,,
MMR,1975,,,,,,,-0.9397,0.0,,
MMR,1976,,,,,,,-1.03,0.0,,
MMR,1977,,,,,,,-0.9657,0.0,,
MMR,1978,,,,,,,-0.9418,0.0,,
MMR,1979,,,,,,,-1.011,0.0,,
MMR,1980,,,,,,,-1.065,0.0,,
MMR,1981,,,,,,,-1.116,0.0,,
MMR,1982,,,,,,,-1.147,0.0,,
MMR,1983,,,,,,,-1.139,0.0,,
MMR,1984,,,,,,,-1.087,0.0,,
MMR,1985,,,,,,,-1.138,0.0,,
MMR,1986,,,,,,,-1.112,0.0,,
MMR,1987,,,,,,,-1.139,0.0,,
MMR,1988,,,,,,,-1.155,0.0,,
MMR,1989,,,,,,,-1.005,0.0,,
MMR,1990,,,,,,,-0.896,0.0,2.220867,1.3466178841395884
MMR,1991,,,,,,,-0.9793,0.0,2.2720475,1.3558849828315227
MMR,1992,,,,,,,-0.9105,0.0,2.323228,1.3652158554560456
MMR,1993,,,,,,,-0.5681,0.0,2.3744085,1.3746109408899423
MMR,1994,,,,,,,-0.4926,0.0,2.4255888,1.3840706439371475
MMR,1995,,,,,,,-0.3531,0.0,2.4767694,1.3935955021408197
MMR,1996,,,,,,,-0.5005,0.0,2.5480566,1.4069715877055975
MMR,1997,,,,,,,-0.57,0.0,2.6193435,1.4204760032528467
MMR,1998,,,,,,,-0.4795,0.0,2.6906307,1.434110094732789
MMR,1999,,,,,,,-0.5157,0.0,2.7619178,1.447875030303484
MMR,2000,,,,,,,-0.3934,0.0,2.8332047,1.4617720458797472
MMR,2001,,,,,,,-0.451,0.0,2.9154592,1.4779729680321616
MMR,2002,,,,,,,-0.3924,0.0,2.9977136,1.4943534261172227
MMR,2003,,,,,,,-0.2443,0.0,3.0799677,1.5109153690078758
MMR,2004,0.0,,1.0,4.0,1.0,2.0,-0.2846,0.0,3.1622221,1.5276609295880945
MMR,2005,0.0,,1.0,4.0,1.0,2.0,-0.2422,0.0,3.2444766,1.5445921028618634
MMR,2006,0.0,0.0,1.0,1.0,3.0,1.6666666666666667,-0.5692,0.0,3.3431816,1.5651573066936852
MMR,2007,0.0,0.0,1.0,1.0,3.0,1.6666666666666667,-0.5937,0.0,3.441887,1.5859964073767963
MMR,2008,0.0,0.0,1.0,1.0,2.0,1.3333333333333333,-0.7089,0.0,3.5405922,1.6071129247151645
MMR,2009,0.0,0.0,1.0,1.0,2.0,1.3333333333333333,-0.8876,0.0,3.6392972,1.6285105511929159
MMR,2010,0.0,0.0,1.0,1.0,2.0,1.3333333333333333,-0.6662,0.0,3.7380025,1.6501931389973508
MMR,2011,0.0,0.0,1.0,1.0,2.0,1.3333333333333333,-0.5472,0.0,3.9372408,1.694843264440124
MMR,2012,0.0,0.0,5.0,3.0,2.0,3.3333333333333335,-0.6784,0.0,4.136479,1.7328793324070937
MMR,2013,0.0,0.0,5.0,3.0,2.0,3.3333333333333335,-0.5075,0.0,4.335717,1.768103347543528
MMR,2014,2.0,0.4,5.0,4.0,3.0,4.0,-0.4313,0.0,4.5349555,1.8040434478058542
MMR,2015,2.0,0.8,5.0,4.0,3.0,4.0,-0.3026,0.0,4.734194,1.8407140997119296
MMR,2016,2.0,1.2,4.0,3.0,3.0,3.3333333333333335,-0.3026,1.0,4.84935,1.8622479811838248
MMR,2017,0.0,1.2,4.0,3.0,3.0,3.3333333333333335,-0.3026,1.0,5.3595667,1.9607287918375385
MMR,2018,1.0,1.4,4.0,3.0,3.0,3.3333333333333335,-0.3026,1.0,5.8697834,2.0644175394389657
MMR,2019,7.0,2.4,4.0,3.0,3.0,3.3333333333333335,-0.3026,1.0,6.38,2.1735896121078526
MMR,2020,,,4.0,3.0,3.0,3.3333333333333335,-0.3026,1.0,6.38,2.1735896121078526
MMR,2021,,,4.0,3.0,3.0,3.3333333333333335,-0.3026,1.0,6.38,2.1735896121078526
MMR,2022,,,1.0,2.0,2.0,1.6666666666666667,-0.3026,1.0,6.38,2.1735896121078526
MMR,2023,,,1.0,2.0,2.0,1.6666666666666667,-0.3026,1.0,6.38,2.1735896121078526
MMR,2024,,,1.0,2.0,1.0,1.3333333333333333,,,,
MMR,2025,,,1.0,2.0,1.0,1.3333333333333333,,,,
MNE,1960,,,,,,,,0.0,,
MNE,1961,,,,,,,,0.0,,
MNE,1962,,,,,,,,0.0,,
MNE,1963,,,,,,,,0.0,,
MNE,1964,,,,,,,,0.0,,
MNE,1965,,,,,,,,0.0,,
MNE,1966,,,,,,,,0.0,,
MNE,1967,,,,,,,,0.0,,
MNE,1968,,,,,,,,0.0,,
MNE,1969,,,,,,,,0.0,,
MNE,1970,,,,,,,,0.0,,
MNE,1971,,,,,,,,0.0,,
MNE,1972,,,,,,,,0.0,,
MNE,1973,,,,,,,,0.0,,
MNE,1974,,,,,,,,0.0,,
MNE,1975,,,,,,,,0.0,,
MNE,1976,,,,,,,,0.0,,
MNE,1977,,,,,,,,0.0,,
MNE,1978,,,,,,,,0.0,,
MNE,1979,,,,,,,,0.0,,
MNE,1980,,,,,,,,0.0,,
MNE,1981,,,,,,,,0.0,,
MNE,1982,,,,,,,,0.0,,
MNE,1983,,,,,,,,0.0,,
MNE,1984,,,,,,,,0.0,,
MNE,1985,,,,,,,,0.0,,
MNE,1986,,,,,,,,0.0,,
MNE,1987,,,,,,,,0.0,,
MNE,1988,,,,,,,,0.0,,
MNE,1989,,,,,,,,0.0,,
MNE,1990,,,,,,,,0.0,,
MNE,1991,,,,,,,,0.0,,
MNE,1992,,,,,,,,0.0,,
MNE,1993,,,,,,,,0.0,,
MNE,1994,,,,,,,,0.0,,
MNE,1995,,,,,,,,0.0,,
MNE,1996,,,,,,,,0.0,,
MNE,1997,,,,,,,,0.0,,
MNE,1998,,,,,,,,0.0,,
MNE,1999,,,,,,,,0.0,,
MNE,2000,,,,,,,,0.0,,
MNE,2001,,,,,,,,0.0,,
MNE,2002,,,,,,,,0.0,,
MNE,2003,,,,,,,,0.0,10.44,3.0220034334455947
MNE,2004,0.0,,,,,,,0.0,10.545,3.0436577518832566
MNE,2005,0.0,,,,,,,0.0,10.65,3.0654672354348316
MNE,2006,0.0,0.0,8.0,6.0,7.0,7.0,0.2737,0.0,10.755,3.0874329959437925
MNE,2007,0.0,0.0,8.0,6.0,7.0,7.0,0.5175,0.0,10.86,3.1095561532205793
MNE,2008,1.0,0.2,7.0,6.0,7.0,6.666666666666667,0.652,0.0,10.965,3.1318378350996943
MNE,2009,3.0,0.8,7.0,6.0,7.0,6.666666666666667,0.7387,0.0,11.07,3.1542791774971914
MNE,2010,4.0,1.6,7.0,7.0,7.0,7.0,0.6922,0.0,11.174999,3.1768811084406674
MNE,2011,4.0,2.4,7.0,7.0,7.0,7.0,0.8625,0.0,11.28,3.1996454282671967
MNE,2012,3.0,3.0,7.0,7.0,7.0,7.0,0.8864,0.0,11.427165,3.231825733128935
MNE,2013,2.0,3.2,7.0,7.0,7.0,7.0,1.019,0.0,11.574331,3.2643299120835017
MNE,2014,0.0,2.6,7.0,7.0,7.0,7.0,1.116,0.0,11.721497,3.2971610027396125
MNE,2015,1.0,2.0,7.0,7.0,7.0,7.0,1.0,0.0,11.868663,3.3303222930209753
MNE,2016,1.0,1.4,7.0,7.0,7.0,7.0,1.0,1.0,12.015828,3.36381687518013
MNE,2017,2.0,1.2,7.0,7.0,7.0,7.0,1.0,1.0,12.162994,3.3976485587886978
MNE,2018,0.0,0.8,7.0,7.0,8.0,7.333333333333333,1.0,1.0,12.31016,3.431820505514511
MNE,2019,0.0,0.8,7.0,7.0,8.0,7.333333333333333,1.0,1.0,12.462847,3.4676377415209703
MNE,2020,,,7.0,7.0,7.0,7.0,1.0,1.0,12.617428,3.5042800891579398
MNE,2021,,,7.0,7.0,7.0,7.0,1.0,1.0,12.773926,3.5417712956245624
MNE,2022,,,6.0,6.0,7.0,6.333333333333333,1.0,1.0,12.773926,3.5417712956245624
MNE,2023,,,6.0,6.0,7.0,6.333333333333333,1.0,1.0,12.773926,3.5417712956245624
MNE,2024,,,6.0,7.0,6.0,6.333333333333333,,,,
MNE,2025,,,6.0,7.0,6.0,6.333333333333333,,,,
MNG,1960,,,,,,,-0.1199,0.0,,
MNG,1961,,,,,,,0.0822,0.0,,
MNG,1962,,,,,,,0.07908,0.0,,
MNG,1963,,,,,,,0.0888,0.0,,
MNG,1964,,,,,,,0.1692,0.0,,
MNG,1965,,,,,,,-0.07864,0.0,,
MNG,1966,,,,,,,-0.1687,0.0,,
MNG,1967,,,,,,,-0.1585,0.0,,
MNG,1968,,,,,,,-0.1517,0.0,,
MNG,1969,,,,,,,-0.1347,0.0,,
MNG,1970,,,,,,,0.2062,0.0,,
MNG,1971,,,,,,,0.1764,0.0,,
MNG,1972,,,,,,,0.1857,0.0,,
MNG,1973,,,,,,,0.1855,0.0,,
MNG,1974,,,,,,,0.2473,0.0,,
MNG,1975,,,,,,,0.2238,0.0,,
MNG,1976,,,,,,,0.2082,0.0,,
MNG,1977,,,,,,,0.2349,0.0,,
MNG,1978,,,,,,,0.2508,0.0,,
MNG,1979,,,,,,,0.2516,0.0,,
MNG,1980,,,,,,,0.2644,0.0,,
MNG,1981,,,,,,,0.2836,0.0,,
MNG,1982,,,,,,,0.2933,0.0,,
MNG,1983,,,,,,,0.2868,0.0,,
MNG,1984,,,,,,,0.2794,0.0,,
MNG,1985,,,,,,,0.2845,0.0,,
MNG,1986,,,,,,,0.2999,0.0,,
MNG,1987,,,,,,,0.2921,0.0,,
MNG,1988,,,,,,,0.2998,0.0,,
MNG,1989,,,,,,,0.3484,0.0,,
MNG,1990,,,,,,,0.6218,0.0,8.488108,2.64637649518386
MNG,1991,,,,,,,0.5896,0.0,8.514598,2.6511477620912856
MNG,1992,,,,,,,0.5115,0.0,8.541089,2.6559278119257446
MNG,1993,,,,,,,0.6002,0.0,8.56758,2.660716480244902
MNG,1994,,,,,,,0.5753,0.0,8.59407,2.665513601333053
MNG,1995,,,,,,,0.5884,0.0,8.620562,2.670319734522235
MNG,1996,,,,,,,0.5241,0.0,8.70445,2.6855957925175833
MNG,1997,,,,,,,0.5812,0.0,8.788337,2.700959056363227
MNG,1998,,,,,,,0.5312,0.0,8.872225,2.716410392266808
MNG,1999,,,,,,,0.468,0.0,8.956112,2.7319499346230023
MNG,2000,,,,,,,0.3242,0.0,9.04,2.747578559578341
MNG,2001,,,,,,,0.3325,0.0,9.14,2.7663257620326545
MNG,2002,,,,,,,0.4621,0.0,9.24,2.785200879883103
MNG,2003,,,,,,,0.4087,0.0,9.34,2.8042047859185
MNG,2004,2.0,,7.0,5.0,6.0,6.0,0.4929,0.0,9.44,2.8233383588828467
MNG,2005,0.0,,7.0,5.0,6.0,6.0,0.5729,0.0,9.54,2.8426024835159667
MNG,2006,1.0,1.0,7.0,5.0,5.0,5.666666666666667,0.6029,0.0,9.64,2.8619980505944143
MNG,2007,0.0,0.75,7.0,5.0,5.0,5.666666666666667,0.6372,0.0,9.74,2.881525956972668
MNG,2008,0.0,0.6,7.0,5.0,5.0,5.666666666666667,0.7577,0.0,9.84,2.9011871056245977
MNG,2009,0.0,0.2,7.0,5.0,5.0,5.666666666666667,0.6803,0.0,9.94,2.9209824056852196
MNG,2010,1.0,0.4,6.0,5.0,5.0,5.333333333333333,0.7566,0.0,10.04,2.9409127724927377
MNG,2011,1.0,0.4,6.0,5.0,5.0,5.333333333333333,0.7308,0.0,10.148006,2.9625915472230164
MNG,2012,2.0,0.8,7.0,6.0,5.0,6.0,0.7088,0.0,10.256013,2.984430328775237
MNG,2013,3.0,1.4,7.0,6.0,5.0,6.0,0.7506,0.0,10.364018,3.006429686311041
MNG,2014,1.0,1.6,6.0,6.0,5.0,5.666666666666667,0.6495,0.0,10.472025,3.0285916212672803
MNG,2015,1.0,1.6,6.0,6.0,5.0,5.666666666666667,0.649,0.0,10.580031,3.050916715748682
MNG,2016,1.0,1.6,6.0,6.0,5.0,5.666666666666667,0.649,1.0,10.688038,3.0734065874124656
MNG,2017,1.0,1.4,6.0,6.0,5.0,5.666666666666667,0.649,1.0,10.796043,3.0960618223889607
MNG,2018,0.0,0.8,6.0,6.0,5.0,5.666666666666667,0.649,1.0,10.90405,3.1188844817848205
MNG,2019,0.0,0.6,6.0,6.0,5.0,5.666666666666667,0.649,1.0,10.1620245,2.965417007798629
MNG,2020,,,6.0,6.0,5.0,5.666666666666667,0.649,1.0,9.42,2.8195012285548193
MNG,2021,,,6.0,6.0,5.0,5.666666666666667,0.649,1.0,9.42,2.8195012285548193
MNG,2022,,,6.0,5.0,5.0,5.333333333333333,0.649,1.0,9.42,2.8195012285548193
MNG,2023,,,6.0,5.0,5.0,5.333333333333333,0.649,1.0,9.42,2.8195012285548193
MNG,2024,,,6.0,6.0,5.0,5.666666666666667,,,,
MNG,2025,,,6.0,6.0,5.0,5.666666666666667,,,,
MOZ,1960,,,,,,,,0.0,,
MOZ,1961,,,,,,,,0.0,,
MOZ,1962,,,,,,,,0.0,,
MOZ,1963,,,,,,,,0.0,,
MOZ,1964,,,,,,,,0.0,,
MOZ,1965,,,,,,,,0.0,,
MOZ,1966,,,,,,,,0.0,,
MOZ,1967,,,,,,,,0.0,,
MOZ,1968,,,,,,,,0.0,,
MOZ,1969,,,,,,,,0.0,,
MOZ,1970,,,,,,,,0.0,,
MOZ,1971,,,,,,,,0.0,,
MOZ,1972,,,,,,,,0.0,,
MOZ,1973,,,,,,,,0.0,,
MOZ,1974,,,,,,,,0.0,,
MOZ,1975,,,,,,,-0.7865,0.0,,
MOZ,1976,,,,,,,-0.6561,0.0,,
MOZ,1977,,,,,,,-0.747,0.0,,
MOZ,1978,,,,,,,-0.6942,0.0,,
MOZ,1979,,,,,,,-0.6898,0.0,,
MOZ,1980,,,,,,,-0.7506,0.0,,
MOZ,1981,,,,,,,-0.7442,0.0,,
MOZ,1982,,,,,,,-0.6163,0.0,,
MOZ,1983,,,,,,,-0.595,0.0,,
MOZ,1984,,,,,,,-0.5723,0.0,,
MOZ,1985,,,,,,,-0.4199,0.0,,
MOZ,1986,,,,,,,-0.4019,0.0,,
MOZ,1987,,,,,,,-0.4307,0.0,,
MOZ,1988,,,,,,,-0.5265,0.0,,
MOZ,1989,,,,,,,-0.6137,0.0,,
MOZ,1990,,,,,,,-0.8994,0.0,1.5998352,1.2390908395654325
MOZ,1991,,,,,,,-0.9913,0.0,1.5882701,1.237172078654988
MOZ,1992,,,,,,,-1.069,0.0,1.5767051,1.2352563055427608
MOZ,1993,,,,,,,-0.8026,0.0,1.56514,1.233343482497207
MOZ,1994,,,,,,,-0.792,0.0,1.5535749,1.2314336215025143
MOZ,1995,,,,,,,-0.665,0.0,1.5420098,1.2295267179718783
MOZ,1996,,,,,,,-0.589,0.0,1.5844151,1.2365331577122207
MOZ,1997,,,,,,,-0.5626,0.0,1.6268203,1.2435795068813922
MOZ,1998,,,,,,,-0.6089,0.0,1.6692257,1.250666042989536
MOZ,1999,,,,,,,-0.6258,0.0,1.711631,1.2577929448595115
MOZ,2000,,,,,,,-0.6126,0.0,1.7540362,1.2649604423234682
MOZ,2001,,,,,,,-0.5835,0.0,1.8311367,1.278097082924724
MOZ,2002,,,,,,,-0.5282,0.0,1.9082372,1.2913701478128685
MOZ,2003,,,,,,,-0.4645,0.0,1.9853376,1.3047810362729035
MOZ,2004,0.0,,7.0,7.0,7.0,7.0,-0.2974,0.0,2.0624382,1.3183312322392702
MOZ,2005,0.0,,7.0,7.0,7.0,7.0,-0.2006,0.0,2.1395385,1.332022093909795
MOZ,2006,2.0,0.6666666666666666,5.0,5.0,7.0,5.666666666666667,-0.1173,0.0,2.1896539,1.340997342543548
MOZ,2007,6.0,2.0,5.0,5.0,7.0,5.666666666666667,-0.02955,0.0,2.2397692,1.350033048876566
MOZ,2008,1.0,1.8,4.0,6.0,7.0,5.666666666666667,-0.02345,0.0,2.2898846,1.3591296564575144
MOZ,2009,0.0,1.8,4.0,6.0,7.0,5.666666666666667,0.01907,0.0,2.34,1.3682875575523887
MOZ,2010,2.0,2.2,4.0,6.0,6.0,5.333333333333333,0.01242,0.0,2.48,1.3941989207917989
MOZ,2011,0.0,1.8,4.0,6.0,6.0,5.333333333333333,0.06636,0.0,2.62,1.420600969443949
MOZ,2012,0.0,0.6,6.0,6.0,6.0,6.0,0.2004,0.0,2.7624998,1.4479879515845424
MOZ,2013,0.0,0.4,6.0,6.0,6.0,6.0,0.2614,0.0,2.905,1.4759029913488966
MOZ,2014,3.0,1.0,5.0,5.0,5.0,5.0,0.2041,0.0,3.0475,1.5043561509684822
MOZ,2015,0.0,0.6,5.0,5.0,5.0,5.0,0.1894,0.0,3.19,1.53335784412793
MOZ,2016,0.0,0.6,4.0,5.0,3.0,4.0,0.1894,1.0,3.125,1.5200602922113005
MOZ,2017,1.0,0.8,4.0,5.0,3.0,4.0,0.1894,1.0,3.06,1.5068780590297284
MOZ,2018,3.0,1.4,4.0,5.0,4.0,4.333333333333333,0.1894,1.0,3.3266666,1.5616974277078342
MOZ,2019,0.0,0.8,4.0,5.0,4.0,4.333333333333333,0.1894,1.0,3.5933332,1.6185110939100549
MOZ,2020,,,4.0,4.0,4.0,4.0,0.1894,1.0,3.86,1.6773916540027078
MOZ,2021,,,4.0,4.0,4.0,4.0,0.1894,1.0,4.225245,1.748485080950167
MOZ,2022,,,4.0,4.0,4.0,4.0,0.1894,1.0,4.59049,1.814190730915385
MOZ,2023,,,4.0,4.0,4.0,4.0,0.1894,1.0,4.59049,1.814190730915385
MOZ,2024,,,4.0,4.0,4.0,4.0,,,,
MOZ,2025,,,4.0,4.0,4.0,4.0,,,,
MRT,1960,,,,,,,-0.4916,0.0,,
MRT,1961,,,,,,,-0.5715,0.0,,
MRT,1962,,,,,,,-0.5347,0.0,,
MRT,1963,,,,,,,-0.5148,0.0,,
MRT,1964,,,,,,,-0.3786,0.0,,
MRT,1965,,,,,,,-0.3742,0.0,,
MRT,1966,,,,,,,-0.3193,0.0,,
MRT,1967,,,,,,,-0.2736,0.0,,
MRT,1968,,,,,,,-0.241,0.0,,
MRT,1969,,,,,,,-0.2251,0.0,,
MRT,1970,,,,,,,-0.2435,0.0,,
MRT,1971,,,,,,,-0.3399,0.0,,
MRT,1972,,,,,,,-0.3012,0.0,,
MRT,1973,,,,,,,-0.3264,0.0,,
MRT,1974,,,,,,,-0.2865,0.0,,
MRT,1975,,,,,,,-0.2637,0.0,,
MRT,1976,,,,,,,-0.07489,0.0,,
MRT,1977,,,,,,,-0.09703,0.0,,
MRT,1978,,,,,,,-0.1675,0.0,,
MRT,1979,,,,,,,-0.1943,0.0,,
MRT,1980,,,,,,,-0.2943,0.0,,
MRT,1981,,,,,,,-0.1667,0.0,,
MRT,1982,,,,,,,-0.1716,0.0,,
MRT,1983,,,,,,,-0.1214,0.0,,
MRT,1984,,,,,,,-0.06009,0.0,,
MRT,1985,,,,,,,-0.1211,0.0,,
MRT,1986,,,,,,,-0.1333,0.0,,
MRT,1987,,,,,,,-0.1549,0.0,,
MRT,1988,,,,,,,-0.1377,0.0,,
MRT,1989,,,,,,,-0.2038,0.0,,
MRT,1990,,,,,,,-0.1219,0.0,2.2666104,1.3548974835868772
MRT,1991,,,,,,,-0.2212,0.0,2.343858,1.368995106783404
MRT,1992,,,,,,,-0.2354,0.0,2.4211059,1.383239470469846
MRT,1993,,,,,,,-0.2323,0.0,2.4983535,1.3976319902593306
MRT,1994,,,,,,,-0.2238,0.0,2.575601,1.4121742443898928
MRT,1995,,,,,,,-0.13,0.0,2.652849,1.4268679051643325
MRT,1996,,,,,,,-0.1045,0.0,2.7260308,1.4409291192164688
MRT,1997,,,,,,,-0.03149,0.0,2.799213,1.4551289789192219
MRT,1998,,,,,,,-0.079,0.0,2.872395,1.469468733962114
MRT,1999,,,,,,,-0.04985,0.0,2.9455771,1.4839498218440905
MRT,2000,,,,,,,0.002712,0.0,3.018759,1.498573575496989
MRT,2001,,,,,,,0.003158,0.0,3.0960069,1.5141662002730014
MRT,2002,,,,,,,0.05964,0.0,3.1732545,1.5299210044607359
MRT,2003,,,,,,,0.003524,0.0,3.250502,1.5458397156820103
MRT,2004,0.0,,,,,,-0.2179,0.0,3.32775,1.561924164526849
MRT,2005,0.0,,,,,,-0.09417,0.0,3.4049976,1.5781758873322942
MRT,2006,0.0,0.0,7.0,8.0,6.0,7.0,-0.03175,0.0,3.4903767,1.5963351613078718
MRT,2007,1.0,0.25,7.0,8.0,6.0,7.0,-0.1097,0.0,3.5757556,1.6147033416163266
MRT,2008,2.0,0.6,3.0,4.0,3.0,3.3333333333333335,0.07093,0.0,3.6611347,1.6332829185855682
MRT,2009,0.0,0.6,3.0,4.0,3.0,3.3333333333333335,0.006014,0.0,3.7465138,1.6520762813763035
MRT,2010,0.0,0.6,4.0,4.0,3.0,3.6666666666666665,-0.114,0.0,3.8318927,1.6710858451290551
MRT,2011,1.0,0.8,4.0,4.0,3.0,3.6666666666666665,-0.05943,0.0,3.9579287,1.6995481911035615
MRT,2012,0.0,0.6,3.0,4.0,3.0,3.3333333333333335,-0.0862,0.0,4.0839643,1.723712498803947
MRT,2013,0.0,0.2,3.0,4.0,3.0,3.3333333333333335,-0.3249,0.0,4.21,1.7457949313928516
MRT,2014,2.0,0.6,4.0,4.0,3.0,3.6666666666666665,-0.2903,0.0,4.213115,1.7463442710759127
MRT,2015,1.0,0.8,4.0,4.0,3.0,3.6666666666666665,-0.1642,0.0,4.21623,1.7468937836166687
MRT,2016,5.0,1.6,3.0,4.0,3.0,3.3333333333333335,-0.1642,1.0,4.3237967,1.7659759199033696
MRT,2017,5.0,2.6,3.0,4.0,3.0,3.3333333333333335,-0.1642,1.0,4.431363,1.785266427147924
MRT,2018,2.0,3.0,3.0,4.0,3.0,3.3333333333333335,-0.1642,1.0,4.53893,1.8047677804175695
MRT,2019,2.0,3.0,3.0,4.0,3.0,3.3333333333333335,-0.1642,1.0,4.646497,1.8244821566699836
MRT,2020,,,2.0,4.0,3.0,3.0,-0.1642,1.0,4.754063,1.8444116965755855
MRT,2021,,,2.0,4.0,3.0,3.0,-0.1642,1.0,4.852026,1.8627513701431002
MRT,2022,,,3.0,4.0,3.0,3.3333333333333335,-0.1642,1.0,4.852026,1.8627513701431002
MRT,2023,,,3.0,4.0,3.0,3.3333333333333335,-0.1642,1.0,4.852026,1.8627513701431002
MRT,2024,,,3.0,5.0,4.0,4.0,,,,
MRT,2025,,,3.0,5.0,4.0,4.0,,,,
MUS,1960,,,,,,,,0.0,,
MUS,1961,,,,,,,,0.0,,
MUS,1962,,,,,,,,0.0,,
MUS,1963,,,,,,,,0.0,,
MUS,1964,,,,,,,,0.0,,
MUS,1965,,,,,,,,0.0,,
MUS,1966,,,,,,,,0.0,,
MUS,1967,,,,,,,,0.0,,
MUS,1968,,,,,,,0.1157,0.0,,
MUS,1969,,,,,,,0.02339,0.0,,
MUS,1970,,,,,,,0.09004,0.0,,
MUS,1971,,,,,,,0.09707,0.0,,
MUS,1972,,,,,,,0.09493,0.0,,
MUS,1973,,,,,,,-0.05187,0.0,,
MUS,1974,,,,,,,-0.08794,0.0,,
MUS,1975,,,,,,,0.06309,0.0,,
MUS,1976,,,,,,,0.2388,0.0,,
MUS,1977,,,,,,,0.1228,0.0,,
MUS,1978,,,,,,,-0.03661,0.0,,
MUS,1979,,,,,,,-0.02888,0.0,,
MUS,1980,,,,,,,-0.06664,0.0,,
MUS,1981,,,,,,,-0.0004084,0.0,,
MUS,1982,,,,,,,-0.06596,0.0,,
MUS,1983,,,,,,,-0.03978,0.0,,
MUS,1984,,,,,,,-0.01278,0.0,,
MUS,1985,,,,,,,-0.04431,0.0,,
MUS,1986,,,,,,,-0.09189,0.0,,
MUS,1987,,,,,,,-0.02124,0.0,,
MUS,1988,,,,,,,0.02203,0.0,,
MUS,1989,,,,,,,0.09401,0.0,,
MUS,1990,,,,,,,0.1371,0.0,5.86,2.062378647665107
MUS,1991,,,,,,,0.1434,0.0,5.9040003,2.0715643164429713
MUS,1992,,,,,,,0.1624,0.0,5.948,2.0807907713555496
MUS,1993,,,,,,,0.1005,0.0,5.992,2.090058382924087
MUS,1994,,,,,,,0.09886,0.0,6.0360003,2.099367335018638
MUS,1995,,,,,,,0.1227,0.0,6.08,2.1087176206495224
MUS,1996,,,,,,,0.1153,0.0,6.124,2.1181096153108494
MUS,1997,,,,,,,0.1358,0.0,6.168,2.1275434408758764
MUS,1998,,,,,,,0.1335,0.0,6.2120004,2.1370193699903934
MUS,1999,,,,,,,0.196,0.0,6.256,2.1465373307876754
MUS,2000,,,,,,,0.1778,0.0,6.3,2.15609777024798
MUS,2001,,,,,,,0.1678,0.0,6.501818,2.2004978231146226
MUS,2002,,,,,,,0.208,0.0,6.7036366,2.245812332718121
MUS,2003,,,,,,,0.2617,0.0,6.9054546,2.2920598580749014
MUS,2004,0.0,,10.0,8.0,8.0,8.666666666666666,0.3029,0.0,7.107273,2.339259843177948
MUS,2005,0.0,,10.0,8.0,8.0,8.666666666666666,0.2463,0.0,7.309091,2.387431712811656
MUS,2006,1.0,0.3333333333333333,9.0,8.0,8.0,8.333333333333334,0.3782,0.0,7.5109096,2.4365957229467687
MUS,2007,2.0,0.75,9.0,8.0,8.0,8.333333333333334,0.4046,0.0,7.7127275,2.4867719840852516
MUS,2008,4.0,1.4,8.0,8.0,8.0,8.0,0.5524,0.0,7.914546,2.5379816673506177
MUS,2009,2.0,1.8,8.0,8.0,8.0,8.0,0.64,0.0,8.1163645,2.5803183582717457
MUS,2010,0.0,1.8,9.0,8.0,8.0,8.333333333333334,0.6305,0.0,8.318182,2.6159736894639156
MUS,2011,0.0,1.6,9.0,8.0,8.0,8.333333333333334,0.6829,0.0,8.52,2.652121802994813
MUS,2012,1.0,1.4,8.0,8.0,8.0,8.0,0.7768,0.0,8.748794,2.6937061383762484
MUS,2013,2.0,1.0,8.0,8.0,8.0,8.0,0.6861,0.0,8.977586,2.735942129395843
MUS,2014,2.0,1.0,8.0,8.0,8.0,8.0,0.8165,0.0,9.206379,2.7788405489995354
MUS,2015,0.0,1.0,8.0,8.0,8.0,8.0,0.93,0.0,9.435172,2.8224115977442907
MUS,2016,2.0,1.4,8.0,8.0,7.0,7.666666666666667,0.93,1.0,9.546531,2.8438651863871853
MUS,2017,1.0,1.4,8.0,8.0,7.0,7.666666666666667,0.93,1.0,9.65789,2.865481847087333
MUS,2018,6.0,2.2,8.0,8.0,8.0,8.0,0.93,1.0,9.76925,2.8872630157146304
MUS,2019,4.0,2.6,8.0,8.0,8.0,8.0,0.93,1.0,9.880609,2.90920955005161
MUS,2020,,,8.0,8.0,8.0,8.0,0.93,1.0,9.991968,2.9313229034025774
MUS,2021,,,8.0,8.0,8.0,8.0,0.93,1.0,10.103328,2.9536045446298536
MUS,2022,,,7.0,7.0,7.0,7.0,0.93,1.0,10.103328,2.9536045446298536
MUS,2023,,,7.0,7.0,7.0,7.0,0.93,1.0,10.103328,2.9536045446298536
MUS,2024,,,7.0,6.0,7.0,6.666666666666667,,,,
MUS,2025,,,7.0,6.0,7.0,6.666666666666667,,,,
MWI,1960,,,,,,,,0.0,,
MWI,1961,,,,,,,,0.0,,
MWI,1962,,,,,,,,0.0,,
MWI,1963,,,,,,,,0.0,,
MWI,1964,,,,,,,-0.8732,0.0,,
MWI,1965,,,,,,,-0.8049,0.0,,
MWI,1966,,,,,,,-0.7766,0.0,,
MWI,1967,,,,,,,-0.7656,0.0,,
MWI,1968,,,,,,,-0.7604,0.0,,
MWI,1969,,,,,,,-0.7149,0.0,,
MWI,1970,,,,,,,-0.7086,0.0,,
MWI,1971,,,,,,,-0.5356,0.0,,
MWI,1972,,,,,,,-0.4924,0.0,,
MWI,1973,,,,,,,-0.4489,0.0,,
MWI,1974,,,,,,,-0.4501,0.0,,
MWI,1975,,,,,,,-0.3487,0.0,,
MWI,1976,,,,,,,-0.3205,0.0,,
MWI,1977,,,,,,,-0.2925,0.0,,
MWI,1978,,,,,,,-0.2435,0.0,,
MWI,1979,,,,,,,-0.1912,0.0,,
MWI,1980,,,,,,,-0.2098,0.0,,
MWI,1981,,,,,,,-0.4289,0.0,,
MWI,1982,,,,,,,-0.394,0.0,,
MWI,1983,,,,,,,-0.5635,0.0,,
MWI,1984,,,,,,,-0.5664,0.0,,
MWI,1985,,,,,,,-0.5402,0.0,,
MWI,1986,,,,,,,-0.5609,0.0,,
MWI,1987,,,,,,,-0.5432,0.0,,
MWI,1988,,,,,,,-0.5404,0.0,,
MWI,1989,,,,,,,-0.489,0.0,,
MWI,1990,,,,,,,-0.4899,0.0,2.2784832,1.3570547804101214
MWI,1991,,,,,,,-0.5187,0.0,2.3268428,1.3658773032649725
MWI,1992,,,,,,,-0.4135,0.0,2.3752024,1.3747571833545116
MWI,1993,,,,,,,-0.4441,0.0,2.423562,1.383694793571212
MWI,1994,,,,,,,-0.3084,0.0,2.4719217,1.39269052789386
MWI,1995,,,,,,,-0.2211,0.0,2.5202816,1.4017447832265668
MWI,1996,,,,,,,-0.2167,0.0,2.583521,1.4136737522300762
MWI,1997,,,,,,,-0.1123,0.0,2.6467605,1.4257042568930969
MWI,1998,,,,,,,-0.08249,0.0,2.71,1.4378371423509924
MWI,1999,,,,,,,-0.05866,0.0,2.861966,1.4674166062228353
MWI,2000,,,,,,,-0.0505,0.0,3.0139318,1.497604544412408
MWI,2001,,,,,,,-0.07917,0.0,3.1658976,1.5284135138812185
MWI,2002,,,,,,,-0.2072,0.0,3.3178635,1.5598563114899833
MWI,2003,,,,,,,-0.2067,0.0,3.4698293,1.5919459346523392
MWI,2004,0.0,,5.0,4.0,4.0,4.333333333333333,-0.109,0.0,3.6217952,1.624695732644023
MWI,2005,0.0,,5.0,4.0,4.0,4.333333333333333,0.006592,0.0,3.773761,1.6581192431494454
MWI,2006,0.0,0.0,7.0,5.0,5.0,5.666666666666667,0.1174,0.0,3.925727,1.6922303930170526
MWI,2007,1.0,0.25,7.0,5.0,5.0,5.666666666666667,0.2256,0.0,4.077693,1.7226210427677051
MWI,2008,0.0,0.2,6.0,6.0,4.0,5.333333333333333,0.1956,0.0,4.2296586,1.7492646831893868
MWI,2009,1.0,0.4,6.0,6.0,4.0,5.333333333333333,0.233,0.0,4.3816247,1.7763205083479354
MWI,2010,0.0,0.4,6.0,6.0,5.0,5.666666666666667,0.2898,0.0,4.5335903,1.8037947140629897
MWI,2011,0.0,0.4,6.0,6.0,5.0,5.666666666666667,0.2348,0.0,4.6855564,1.8316939535975243
MWI,2012,0.0,0.2,7.0,6.0,5.0,6.0,0.141,0.0,4.837522,1.8600246159141822
MWI,2013,0.0,0.2,7.0,6.0,5.0,6.0,0.1824,0.0,4.989488,1.8887935426020612
MWI,2014,2.0,0.4,7.0,5.0,5.0,5.666666666666667,0.1557,0.0,5.1414537,1.9180073790181236
MWI,2015,0.0,0.4,7.0,5.0,5.0,5.666666666666667,0.2015,0.0,5.29342,1.947673181809169
MWI,2016,7.0,1.8,7.0,5.0,5.0,5.666666666666667,0.2015,1.0,5.283484,1.9457196020627425
MWI,2017,3.0,2.4,7.0,5.0,5.0,5.666666666666667,0.2015,1.0,5.273548,1.94376798182054
MWI,2018,1.0,2.6,6.0,6.0,5.0,5.666666666666667,0.2015,1.0,5.263612,1.9418183191171143
MWI,2019,0.0,2.2,6.0,6.0,5.0,5.666666666666667,0.2015,1.0,5.253676,1.9398706119889895
MWI,2020,,,5.0,6.0,5.0,5.333333333333333,0.2015,1.0,5.24374,1.937924858474661
MWI,2021,,,5.0,6.0,5.0,5.333333333333333,0.2015,1.0,5.24374,1.937924858474661
MWI,2022,,,3.0,4.0,5.0,4.0,0.2015,1.0,5.24374,1.937924858474661
MWI,2023,,,3.0,4.0,5.0,4.0,0.2015,1.0,5.24374,1.937924858474661
MWI,2024,,,3.0,4.0,5.0,4.0,,,,
MWI,2025,,,3.0,4.0,5.0,4.0,,,,
MYS,1960,,,,,,,-0.2449,0.0,,
MYS,1961,,,,,,,-0.09455,0.0,,
MYS,1962,,,,,,,-0.0891,0.0,,
MYS,1963,,,,,,,-0.1179,0.0,,
MYS,1964,,,,,,,-0.06904,0.0,,
MYS,1965,,,,,,,-0.001031,0.0,,
MYS,1966,,,,,,,0.02438,0.0,,
MYS,1967,,,,,,,0.03022,0.0,,
MYS,1968,,,,,,,0.007826,0.0,,
MYS,1969,,,,,,,0.02374,0.0,,
MYS,1970,,,,,,,0.2215,0.0,,
MYS,1971,,,,,,,0.2656,0.0,,
MYS,1972,,,,,,,0.2019,0.0,,
MYS,1973,,,,,,,0.1691,0.0,,
MYS,1974,,,,,,,0.2928,0.0,,
MYS,1975,,,,,,,0.518,0.0,,
MYS,1976,,,,,,,0.4388,0.0,,
MYS,1977,,,,,,,0.5187,0.0,,
MYS,1978,,,,,,,0.503,0.0,,
MYS,1979,,,,,,,0.4941,0.0,,
MYS,1980,,,,,,,0.5522,0.0,,
MYS,1981,,,,,,,0.5535,0.0,,
MYS,1982,,,,,,,0.4481,0.0,,
MYS,1983,,,,,,,0.4889,0.0,,
MYS,1984,,,,,,,0.6935,0.0,,
MYS,1985,,,,,,,0.7626,0.0,,
MYS,1986,,,,,,,0.6882,0.0,,
MYS,1987,,,,,,,0.6151,0.0,,
MYS,1988,,,,,,,0.4409,0.0,,
MYS,1989,,,,,,,0.3023,0.0,,
MYS,1990,,,,,,,0.3715,0.0,6.1473827,2.123117766031374
MYS,1991,,,,,,,0.3279,0.0,6.3413124,2.1651129963457763
MYS,1992,,,,,,,0.3301,0.0,6.535242,2.2079388692422635
MYS,1993,,,,,,,0.4674,0.0,6.7291718,2.2516118821574573
MYS,1994,,,,,,,0.6697,0.0,6.9231014,2.2961487005314836
MYS,1995,,,,,,,0.7054,0.0,7.117031,2.341566455894073
MYS,1996,,,,,,,0.7403,0.0,7.23,2.36843642230384
MYS,1997,,,,,,,0.7466,0.0,7.5275,2.4406819793843084
MYS,1998,,,,,,,0.7295,0.0,7.8250003,2.515131353702027
MYS,1999,,,,,,,0.527,0.0,8.1225,2.58139512782132
MYS,2000,,,,,,,0.4278,0.0,8.42,2.6341485530411606
MYS,2001,,,,,,,0.5372,0.0,8.254,2.604581474714333
MYS,2002,,,,,,,0.5534,0.0,8.088,2.5753462729325003
MYS,2003,,,,,,,0.5214,0.0,7.922,2.5398931164315703
MYS,2004,0.0,,5.0,5.0,8.0,6.0,0.5996,0.0,7.756,2.497664262128997
MYS,2005,0.0,,5.0,5.0,8.0,6.0,0.739,0.0,7.59,2.456137514589961
MYS,2006,1.0,0.3333333333333333,5.0,5.0,8.0,6.0,0.8503,0.0,8.0825,2.574383273518539
MYS,2007,0.0,0.25,5.0,5.0,8.0,6.0,0.8674,0.0,8.575,2.6620593100928
MYS,2008,1.0,0.4,5.0,5.0,7.0,5.666666666666667,0.8833,0.0,9.0675,2.752721338484381
MYS,2009,1.0,0.6,5.0,5.0,7.0,5.666666666666667,0.9697,0.0,9.56,2.846471052924471
MYS,2010,2.0,1.0,5.0,5.0,7.0,5.666666666666667,0.8914,0.0,9.7,2.8736988560526213
MYS,2011,3.0,1.4,5.0,5.0,7.0,5.666666666666667,0.8882,0.0,9.8116665,2.8956028335288457
MYS,2012,0.0,1.4,5.0,5.0,7.0,5.666666666666667,0.8059,0.0,9.923333,2.9176737680361686
MYS,2013,2.0,1.6,5.0,5.0,7.0,5.666666666666667,0.8568,0.0,10.035,2.939913032115585
MYS,2014,0.0,1.4,5.0,5.0,7.0,5.666666666666667,0.8828,0.0,10.146667,2.9623218096177193
MYS,2015,0.0,1.0,5.0,5.0,7.0,5.666666666666667,0.8117,0.0,10.258333,2.9849011896444333
MYS,2016,3.0,1.0,5.0,5.0,6.0,5.333333333333333,0.8117,1.0,10.37,3.0076528785188708
MYS,2017,3.0,1.6,5.0,5.0,6.0,5.333333333333333,0.8117,1.0,10.463333,3.026802082928764
MYS,2018,4.0,2.0,6.0,5.0,7.0,6.0,0.8117,1.0,10.556666,3.046073207003041
MYS,2019,3.0,2.6,6.0,5.0,7.0,6.0,0.8117,1.0,10.65,3.0654672354348316
MYS,2020,,,5.0,4.0,5.0,4.666666666666667,0.8117,1.0,10.796666,3.0961929867303084
MYS,2021,,,5.0,4.0,5.0,4.666666666666667,0.8117,1.0,10.943334,3.127227133279119
MYS,2022,,,4.0,4.0,4.0,4.0,0.8117,1.0,11.09,3.158571915578829
MYS,2023,,,4.0,4.0,4.0,4.0,0.8117,1.0,11.09,3.158571915578829
MYS,2024,,,6.0,5.0,5.0,5.333333333333333,,,,
MYS,2025,,,6.0,5.0,5.0,5.333333333333333,,,,
NAM,1960,,,,,,,,0.0,,
NAM,1961,,,,,,,,0.0,,
NAM,1962,,,,,,,,0.0,,
NAM,1963,,,,,,,,0.0,,
NAM,1964,,,,,,,,0.0,,
NAM,1965,,,,,,,,0.0,,
NAM,1966,,,,,,,,0.0,,
NAM,1967,,,,,,,,0.0,,
NAM,1968,,,,,,,,0.0,,
NAM,1969,,,,,,,,0.0,,
NAM,1970,,,,,,,,0.0,,
NAM,1971,,,,,,,,0.0,,
NAM,1972,,,,,,,,0.0,,
NAM,1973,,,,,,,,0.0,,
NAM,1974,,,,,,,,0.0,,
NAM,1975,,,,,,,,0.0,,
NAM,1976,,,,,,,,0.0,,
NAM,1977,,,,,,,,0.0,,
NAM,1978,,,,,,,,0.0,,
NAM,1979,,,,,,,,0.0,,
NAM,1980,,,,,,,,0.0,,
NAM,1981,,,,,,,,0.0,,
NAM,1982,,,,,,,,0.0,,
NAM,1983,,,,,,,,0.0,,
NAM,1984,,,,,,,,0.0,,
NAM,1985,,,,,,,,0.0,,
NAM,1986,,,,,,,,0.0,,
NAM,1987,,,,,,,,0.0,,
NAM,1988,,,,,,,,0.0,,
NAM,1989,,,,,,,,0.0,,
NAM,1990,,,,,,,0.3187,0.0,5.701014,2.0295262957994664
NAM,1991,,,,,,,0.4231,0.0,5.71,2.0313691015780333
NAM,1992,,,,,,,0.8097,0.0,5.719,2.033216455586562
NAM,1993,,,,,,,0.9127,0.0,5.728,2.035065489603332
NAM,1994,,,,,,,0.8875,0.0,5.737,2.036916205156166
NAM,1995,,,,,,,1.007,0.0,5.7460003,2.0387686655489645
NAM,1996,,,,,,,1.015,0.0,5.755,2.04062268698826
NAM,1997,,,,,,,1.034,0.0,5.764,2.0424784563301164
NAM,1998,,,,,,,0.994,0.0,5.7730002,2.044335954628816
NAM,1999,,,,,,,0.9992,0.0,5.782,2.0461950595323826
NAM,2000,,,,,,,0.9234,0.0,5.7910004,2.0480559792052113
NAM,2001,,,,,,,0.931,0.0,5.8,2.0499184256649112
NAM,2002,,,,,,,0.9621,0.0,5.8802414,2.066599249001587
NAM,2003,,,,,,,0.9836,0.0,5.9604826,2.083415767297092
NAM,2004,0.0,,6.0,7.0,6.0,6.333333333333333,0.613,0.0,6.040724,2.1003691689134785
NAM,2005,0.0,,6.0,7.0,6.0,6.333333333333333,0.6343,0.0,6.120965,2.117460440082468
NAM,2006,0.0,0.0,6.0,6.0,6.0,6.0,0.6107,0.0,6.1765165,2.129374269766968
NAM,2007,0.0,0.0,6.0,6.0,6.0,6.0,0.6557,0.0,6.2320685,2.141355240406701
NAM,2008,0.0,0.0,6.0,7.0,7.0,6.666666666666667,0.65,0.0,6.28762,2.153403513491427
NAM,2009,0.0,0.0,6.0,7.0,7.0,6.666666666666667,0.59,0.0,6.3431716,2.165519597706584
NAM,2010,0.0,0.0,6.0,7.0,7.0,6.666666666666667,0.6867,0.0,6.398723,2.1777038088512244
NAM,2011,0.0,0.0,6.0,7.0,7.0,6.666666666666667,0.7836,0.0,6.515999,2.2036518124975624
NAM,2012,1.0,0.2,7.0,7.0,7.0,7.0,0.6937,0.0,6.6332746,2.229908904416059
NAM,2013,0.0,0.2,7.0,7.0,7.0,7.0,0.6786,0.0,6.7505503,2.2564788792928754
NAM,2014,0.0,0.2,7.0,6.0,7.0,6.666666666666667,0.6179,0.0,6.8678255,2.2833653273820596
NAM,2015,2.0,0.6,7.0,6.0,7.0,6.666666666666667,0.6551,0.0,6.985101,2.310572203494893
NAM,2016,1.0,0.8,6.0,6.0,5.0,5.666666666666667,0.6551,1.0,7.036538,2.322607177241046
NAM,2017,2.0,1.0,6.0,6.0,5.0,5.666666666666667,0.6551,1.0,7.0879745,2.3347047191122723
NAM,2018,1.0,1.2,4.0,5.0,5.0,4.666666666666667,0.6551,1.0,7.1394114,2.3468653671062
NAM,2019,0.0,1.2,4.0,5.0,5.0,4.666666666666667,0.6551,1.0,7.190848,2.3590892841177387
NAM,2020,,,4.0,5.0,5.0,4.666666666666667,0.6551,1.0,7.242285,2.3713769666044593
NAM,2021,,,4.0,5.0,5.0,4.666666666666667,0.6551,1.0,7.2731466,2.3787801317499553
NAM,2022,,,4.0,5.0,5.0,4.666666666666667,0.6551,1.0,7.2731466,2.3787801317499553
NAM,2023,,,4.0,5.0,5.0,4.666666666666667,0.6551,1.0,7.2731466,2.3787801317499553
NAM,2024,,,4.0,5.0,5.0,4.666666666666667,,,,
NAM,2025,,,4.0,5.0,5.0,4.666666666666667,,,,
NER,1960,,,,,,,-0.8049,0.0,,
NER,1961,,,,,,,-0.7875,0.0,,
NER,1962,,,,,,,-0.7864,0.0,,
NER,1963,,,,,,,-0.5741,0.0,,
NER,1964,,,,,,,-0.5833,0.0,,
NER,1965,,,,,,,-0.5769,0.0,,
NER,1966,,,,,,,-0.5564,0.0,,
NER,1967,,,,,,,-0.552,0.0,,
NER,1968,,,,,,,-0.5419,0.0,,
NER,1969,,,,,,,-0.5353,0.0,,
NER,1970,,,,,,,-0.5384,0.0,,
NER,1971,,,,,,,-0.5639,0.0,,
NER,1972,,,,,,,-0.5434,0.0,,
NER,1973,,,,,,,-0.5242,0.0,,
NER,1974,,,,,,,-0.2551,0.0,,
NER,1975,,,,,,,-0.2261,0.0,,
NER,1976,,,,,,,-0.3309,0.0,,
NER,1977,,,,,,,-0.306,0.0,,
NER,1978,,,,,,,-0.2822,0.0,,
NER,1979,,,,,,,-0.2071,0.0,,
NER,1980,,,,,,,-0.2487,0.0,,
NER,1981,,,,,,,-0.2846,0.0,,
NER,1982,,,,,,,-0.329,0.0,,
NER,1983,,,,,,,-0.284,0.0,,
NER,1984,,,,,,,-0.2845,0.0,,
NER,1985,,,,,,,0.04099,0.0,,
NER,1986,,,,,,,0.009054,0.0,,
NER,1987,,,,,,,0.004901,0.0,,
NER,1988,,,,,,,-0.0008383,0.0,,
NER,1989,,,,,,,-0.1766,0.0,,
NER,1990,,,,,,,-0.3846,0.0,0.7281853,1.102496143308648
NER,1991,,,,,,,-0.5742,0.0,0.76828825,1.1084366792180707
NER,1992,,,,,,,-0.5691,0.0,0.8083912,1.1144092242797294
NER,1993,,,,,,,-0.6454,0.0,0.8484942,1.120413958474034
NER,1994,,,,,,,-0.714,0.0,0.8885972,1.1264510477780763
NER,1995,,,,,,,-0.6814,0.0,0.92870015,1.1325206589419303
NER,1996,,,,,,,-0.7529,0.0,0.97513515,1.139589500296344
NER,1997,,,,,,,-0.8258,0.0,1.0215701,1.146702455474774
NER,1998,,,,,,,-0.8098,0.0,1.0680051,1.1538598151877888
NER,1999,,,,,,,-0.7449,0.0,1.1144402,1.1610618644699904
NER,2000,,,,,,,-0.7617,0.0,1.1608752,1.1683088511432982
NER,2001,,,,,,,-0.6792,0.0,1.2030888,1.174936259863472
NER,2002,,,,,,,-0.7185,0.0,1.2453024,1.1816012635623205
NER,2003,,,,,,,-0.6755,0.0,1.2875161,1.1883040914263232
NER,2004,0.0,,7.0,7.0,7.0,7.0,-0.3346,0.0,1.3297297,1.1950449261722298
NER,2005,0.0,,7.0,7.0,7.0,7.0,-0.2541,0.0,1.3719434,1.201824015427545
NER,2006,3.0,1.0,6.0,6.0,6.0,6.0,-0.3133,0.0,1.4036036,1.2069335447530392
NER,2007,0.0,0.75,6.0,6.0,6.0,6.0,-0.2771,0.0,1.4352639,1.212064813375818
NER,2008,1.0,0.8,5.0,6.0,6.0,5.666666666666667,-0.3147,0.0,1.4669241,1.217217881236706
NER,2009,2.0,1.2,5.0,6.0,6.0,5.666666666666667,-0.2231,0.0,1.4985843,1.222392857256371
NER,2010,0.0,1.2,5.0,6.0,6.0,5.666666666666667,-0.1719,0.0,1.5302445,1.227589834576885
NER,2011,1.0,0.8,5.0,6.0,6.0,5.666666666666667,-0.1193,0.0,1.5851222,1.2366503265109265
NER,2012,0.0,0.8,5.0,6.0,7.0,6.0,-0.05915,0.0,1.64,1.245777708056179
NER,2013,2.0,1.0,5.0,6.0,7.0,6.0,-0.01875,0.0,1.5743183,1.2348612952079334
NER,2014,2.0,1.0,5.0,6.0,7.0,6.0,-0.03918,0.0,1.5086367,1.2240405563327628
NER,2015,0.0,1.0,5.0,6.0,7.0,6.0,0.04815,0.0,1.442955,1.2133146202612513
NER,2016,4.0,1.6,5.0,6.0,7.0,6.0,0.04815,1.0,1.3772733,1.2026826726642352
NER,2017,3.0,2.2,5.0,6.0,7.0,6.0,0.04815,1.0,1.3115917,1.1921439059208816
NER,2018,2.0,2.2,4.0,5.0,7.0,5.333333333333333,0.04815,1.0,1.24591,1.1816974715631354
NER,2019,1.0,2.0,4.0,5.0,7.0,5.333333333333333,0.04815,1.0,1.2936312,1.1892782146603333
NER,2020,,,4.0,4.0,7.0,5.0,0.04815,1.0,1.3413525,1.1969076052498182
NER,2021,,,4.0,4.0,7.0,5.0,0.04815,1.0,1.4122894,1.2083391091339155
NER,2022,,,4.0,4.0,7.0,5.0,0.04815,1.0,1.4122894,1.2083391091339155
NER,2023,,,4.0,4.0,7.0,5.0,0.04815,1.0,1.4122894,1.2083391091339155
NER,2024,,,4.0,4.0,6.0,4.666666666666667,,,,
NER,2025,,,4.0,4.0,6.0,4.666666666666667,,,,
NGA,1960,,,,,,,-0.9102,0.0,,
NGA,1961,,,,,,,-0.9006,0.0,,
NGA,1962,,,,,,,-0.8826,0.0,,
NGA,1963,,,,,,,-1.062,0.0,,
NGA,1964,,,,,,,-1.047,0.0,,
NGA,1965,,,,,,,-1.047,0.0,,
NGA,1966,,,,,,,-1.143,0.0,,
NGA,1967,,,,,,,-1.286,0.0,,
NGA,1968,,,,,,,-1.238,0.0,,
NGA,1969,,,,,,,-1.154,0.0,,
NGA,1970,,,,,,,-1.205,0.0,,
NGA,1971,,,,,,,-1.018,0.0,,
NGA,1972,,,,,,,-0.6137,0.0,,
NGA,1973,,,,,,,-0.3198,0.0,,
NGA,1974,,,,,,,-0.03305,0.0,,
NGA,1975,,,,,,,-0.03212,0.0,,
NGA,1976,,,,,,,-0.1486,0.0,,
NGA,1977,,,,,,,-0.162,0.0,,
NGA,1978,,,,,,,-0.2647,0.0,,
NGA,1979,,,,,,,-0.3624,0.0,,
NGA,1980,,,,,,,-0.4025,0.0,,
NGA,1981,,,,,,,-0.4529,0.0,,
NGA,1982,,,,,,,-0.4543,0.0,,
NGA,1983,,,,,,,-0.4691,0.0,,
NGA,1984,,,,,,,-0.5197,0.0,,
NGA,1985,,,,,,,-0.5179,0.0,,
NGA,1986,,,,,,,-0.5978,0.0,,
NGA,1987,,,,,,,-0.5626,0.0,,
NGA,1988,,,,,,,-0.6892,0.0,,
NGA,1989,,,,,,,-0.7575,0.0,,
NGA,1990,,,,,,,-0.5734,0.0,2.7519355,1.4459396065601429
NGA,1991,,,,,,,-0.4095,0.0,2.928144,1.480487308380047
NGA,1992,,,,,,,-0.7231,0.0,3.1043527,1.5158604958820683
NGA,1993,,,,,,,-0.604,0.0,3.2805612,1.5520788110694443
NGA,1994,,,,,,,-0.6367,0.0,3.45677,1.5891625510095027
NGA,1995,,,,,,,-0.673,0.0,3.6329787,1.6271323090546146
NGA,1996,,,,,,,-0.7562,0.0,3.8091872,1.6660092314237875
NGA,1997,,,,,,,-0.607,0.0,3.985396,1.7058151050915593
NGA,1998,,,,,,,-0.5736,0.0,4.1616044,1.7372823847051762
NGA,1999,,,,,,,-0.5326,0.0,4.337813,1.7684776875715347
NGA,2000,,,,,,,-0.5486,0.0,4.514022,1.8002332178833758
NGA,2001,,,,,,,-0.6146,0.0,4.6902304,1.8325588528211305
NGA,2002,,,,,,,-0.6756,0.0,4.866439,1.8654649761649662
NGA,2003,,,,,,,-0.671,0.0,5.042648,1.898962051085731
NGA,2004,0.0,,6.0,5.0,5.0,5.333333333333333,-0.808,0.0,5.265448,1.9421784355271794
NGA,2005,2.0,,6.0,5.0,5.0,5.333333333333333,-0.7221,0.0,5.4882483,1.9863783942198636
NGA,2006,3.0,1.6666666666666667,7.0,5.0,5.0,5.666666666666667,-0.691,0.0,5.711049,2.031584334504632
NGA,2007,0.0,1.25,7.0,5.0,5.0,5.666666666666667,-0.5146,0.0,5.9338493,2.0778189862869927
NGA,2008,2.0,1.4,6.0,4.0,5.0,5.0,-0.4041,0.0,6.15665,2.1251059288403207
NGA,2009,0.0,1.4,6.0,4.0,5.0,5.0,-0.3948,0.0,6.194741,2.1332973641485315
NGA,2010,0.0,1.0,5.0,4.0,5.0,4.666666666666667,-0.2281,0.0,6.2328315,2.1415202660241954
NGA,2011,0.0,0.4,5.0,4.0,5.0,4.666666666666667,-0.2243,0.0,6.270922,2.1497748634882905
NGA,2012,0.0,0.4,4.0,4.0,5.0,4.333333333333333,-0.2601,0.0,6.3090134,2.158061474880835
NGA,2013,0.0,0.0,4.0,4.0,5.0,4.333333333333333,-0.2699,0.0,6.347104,2.166379853146003
NGA,2014,1.0,0.2,4.0,3.0,4.0,3.6666666666666665,-0.3984,0.0,6.563106,2.2141613438524406
NGA,2015,2.0,0.6,4.0,3.0,4.0,3.6666666666666665,-0.39,0.0,6.779108,2.2629966990742885
NGA,2016,0.0,0.6,4.0,3.0,4.0,3.6666666666666665,-0.39,1.0,6.99511,2.3129091627581126
NGA,2017,6.0,1.8,4.0,3.0,4.0,3.6666666666666665,-0.39,1.0,6.957065,2.3040387585972835
NGA,2018,2.0,2.2,4.0,3.0,3.0,3.3333333333333335,-0.39,1.0,6.91902,2.2952023739609744
NGA,2019,5.0,3.0,4.0,3.0,3.0,3.3333333333333335,-0.39,1.0,7.19197,2.3593566359817317
NGA,2020,,,4.0,3.0,3.0,3.3333333333333335,-0.39,1.0,7.38897,2.4067708914606065
NGA,2021,,,4.0,3.0,3.0,3.3333333333333335,-0.39,1.0,7.58597,2.4551379963681477
NGA,2022,,,4.0,3.0,3.0,3.3333333333333335,-0.39,1.0,7.58597,2.4551379963681477
NGA,2023,,,4.0,3.0,3.0,3.3333333333333335,-0.39,1.0,7.58597,2.4551379963681477
NGA,2024,,,4.0,4.0,3.0,3.6666666666666665,,,,
NGA,2025,,,4.0,4.0,3.0,3.6666666666666665,,,,
NIC,1960,,,,,,,-1.311,0.0,,
NIC,1961,,,,,,,-1.299,0.0,,
NIC,1962,,,,,,,-1.283,0.0,,
NIC,1963,,,,,,,-1.266,0.0,,
NIC,1964,,,,,,,-1.265,0.0,,
NIC,1965,,,,,,,-1.247,0.0,,
NIC,1966,,,,,,,-1.208,0.0,,
NIC,1967,,,,,,,-1.235,0.0,,
NIC,1968,,,,,,,-1.153,0.0,,
NIC,1969,,,,,,,-1.192,0.0,,
NIC,1970,,,,,,,-1.267,0.0,,
NIC,1971,,,,,,,-1.192,0.0,,
NIC,1972,,,,,,,-1.172,0.0,,
NIC,1973,,,,,,,-1.346,0.0,,
NIC,1974,,,,,,,-1.346,0.0,,
NIC,1975,,,,,,,-1.243,0.0,,
NIC,1976,,,,,,,-1.088,0.0,,
NIC,1977,,,,,,,-1.07,0.0,,
NIC,1978,,,,,,,-1.027,0.0,,
NIC,1979,,,,,,,-0.9519,0.0,,
NIC,1980,,,,,,,-0.5332,0.0,,
NIC,1981,,,,,,,-0.3758,0.0,,
NIC,1982,,,,,,,-0.3264,0.0,,
NIC,1983,,,,,,,-0.2059,0.0,,
NIC,1984,,,,,,,-0.254,0.0,,
NIC,1985,,,,,,,-0.1094,0.0,,
NIC,1986,,,,,,,-0.1388,0.0,,
NIC,1987,,,,,,,-0.2086,0.0,,
NIC,1988,,,,,,,-0.3848,0.0,,
NIC,1989,,,,,,,-0.4501,0.0,,
NIC,1990,,,,,,,-0.2946,0.0,5.5153475,1.9918225970685035
NIC,1991,,,,,,,-0.5471,0.0,5.642106,2.0174870574522465
NIC,1992,,,,,,,-0.5435,0.0,5.7688646,2.0434822228080702
NIC,1993,,,,,,,-0.4395,0.0,5.895623,2.0698122920572435
NIC,1994,,,,,,,-0.4519,0.0,6.022382,2.0964817487289165
NIC,1995,,,,,,,-0.2008,0.0,6.1491404,2.1234947117033656
NIC,1996,,,,,,,-0.2034,0.0,6.2893844,2.153787293667149
NIC,1997,,,,,,,-0.1899,0.0,6.429628,2.1845119243238122
NIC,1998,,,,,,,-0.1953,0.0,6.5698714,2.2156748092758276
NIC,1999,,,,,,,-0.1999,0.0,6.710115,2.2472822899079388
NIC,2000,,,,,,,-0.2144,0.0,6.8503585,2.279340640776027
NIC,2001,,,,,,,-0.215,0.0,6.952844,2.303056707838984
NIC,2002,,,,,,,-0.1863,0.0,7.05533,2.3270196531799923
NIC,2003,,,,,,,-0.1448,0.0,7.1578155,2.3512318104873997
NIC,2004,2.0,,4.0,5.0,4.0,4.333333333333333,0.08919,0.0,7.260301,2.375695890274567
NIC,2005,0.0,,4.0,5.0,4.0,4.333333333333333,0.2381,0.0,7.362787,2.4004146349636306
NIC,2006,2.0,1.3333333333333333,6.0,6.0,6.0,6.0,0.1565,0.0,7.5084243,2.435984176897313
NIC,2007,1.0,1.25,6.0,6.0,6.0,6.0,0.169,0.0,7.654062,2.47208089110753
NIC,2008,0.0,1.0,4.0,4.0,7.0,5.0,0.06224,0.0,7.7996993,2.5087123895324
NIC,2009,0.0,0.6,4.0,4.0,7.0,5.0,0.1103,0.0,7.945337,2.545886799374389
NIC,2010,0.0,0.6,4.0,5.0,7.0,5.333333333333333,0.1527,0.0,8.090975,2.5758673181854648
NIC,2011,1.0,0.4,4.0,5.0,7.0,5.333333333333333,0.06988,0.0,8.27437,2.6081917366077896
NIC,2012,0.0,0.2,4.0,7.0,7.0,6.0,0.06765,0.0,8.457766,2.640921971975785
NIC,2013,0.0,0.2,4.0,7.0,7.0,6.0,0.08265,0.0,8.641161,2.674062757698782
NIC,2014,3.0,0.8,4.0,7.0,7.0,6.0,0.06074,0.0,8.824556,2.707619425333472
NIC,2015,0.0,0.8,4.0,7.0,7.0,6.0,0.1352,0.0,9.007952,2.741597380187889
NIC,2016,0.0,0.6,3.0,5.0,7.0,5.0,0.1352,1.0,9.164377,2.770915125900037
NIC,2017,0.0,0.6,3.0,5.0,7.0,5.0,0.1352,1.0,9.320803,2.800546576433279
NIC,2018,1.0,0.8,2.0,5.0,5.0,4.0,0.1352,1.0,9.477228,2.83049470557005
NIC,2019,0.0,0.2,2.0,5.0,5.0,4.0,0.1352,1.0,9.633654,2.860763284736819
NIC,2020,,,2.0,3.0,5.0,3.3333333333333335,0.1352,1.0,9.790079,2.8913553516576074
NIC,2021,,,2.0,3.0,5.0,3.3333333333333335,0.1352,1.0,9.93302,2.919596319568165
NIC,2022,,,2.0,3.0,5.0,3.3333333333333335,0.1352,1.0,9.93302,2.919596319568165
NIC,2023,,,2.0,3.0,5.0,3.3333333333333335,0.1352,1.0,9.93302,2.919596319568165
NIC,2024,,,2.0,3.0,5.0,3.3333333333333335,,,,
NIC,2025,,,2.0,3.0,5.0,3.3333333333333335,,,,
NLD,1960,,,,,,,1.577,0.0,,
NLD,1961,,,,,,,1.336,0.0,,
NLD,1962,,,,,,,1.607,0.0,,
NLD,1963,,,,,,,1.609,0.0,,
NLD,1964,,,,,,,1.617,0.0,,
NLD,1965,,,,,,,1.671,0.0,,
NLD,1966,,,,,,,1.694,0.0,,
NLD,1967,,,,,,,1.715,0.0,,
NLD,1968,,,,,,,1.685,0.0,,
NLD,1969,,,,,,,1.695,0.0,,
NLD,1970,,,,,,,1.594,0.0,,
NLD,1971,,,,,,,1.697,0.0,,
NLD,1972,,,,,,,1.727,0.0,,
NLD,1973,,,,,,,1.766,0.0,,
NLD,1974,,,,,,,1.779,0.0,,
NLD,1975,,,,,,,1.812,0.0,,
NLD,1976,,,,,,,1.798,0.0,,
NLD,1977,,,,,,,1.818,0.0,,
NLD,1978,,,,,,,1.822,0.0,,
NLD,1979,,,,,,,1.828,0.0,,
NLD,1980,,,,,,,1.836,0.0,,
NLD,1981,,,,,,,1.919,0.0,,
NLD,1982,,,,,,,1.92,0.0,,
NLD,1983,,,,,,,1.88,0.0,,
NLD,1984,,,,,,,2.071,0.0,,
NLD,1985,,,,,,,2.062,0.0,,
NLD,1986,,,,,,,2.115,0.0,,
NLD,1987,,,,,,,2.148,0.0,,
NLD,1988,,,,,,,2.149,0.0,,
NLD,1989,,,,,,,2.038,0.0,,
NLD,1990,,,,,,,2.203,0.0,11.102787,3.1613195387746273
NLD,1991,,,,,,,2.235,0.0,11.165066,3.174736027679775
NLD,1992,,,,,,,2.224,0.0,11.2273445,3.1882093471229576
NLD,1993,,,,,,,2.234,0.0,11.289623,3.201739846229343
NLD,1994,,,,,,,2.361,0.0,11.351902,3.215327876985878
NLD,1995,,,,,,,2.342,0.0,11.414181,3.228973574694979
NLD,1996,,,,,,,2.373,0.0,11.489345,3.245519598038878
NLD,1997,,,,,,,2.348,0.0,11.564508,3.2621501852886663
NLD,1998,,,,,,,2.351,0.0,11.639672,3.2788662134222153
NLD,1999,,,,,,,2.206,0.0,11.714836,3.295667898432576
NLD,2000,,,,,,,2.341,0.0,11.79,3.3125556792458175
NLD,2001,,,,,,,2.353,0.0,11.79,3.3125556792458175
NLD,2002,,,,,,,2.347,0.0,11.79,3.3125556792458175
NLD,2003,,,,,,,2.358,0.0,11.79,3.3125556792458175
NLD,2004,0.0,,,,,,2.358,0.0,11.79,3.3125556792458175
NLD,2005,0.0,,,,,,2.399,0.0,11.79,3.3125556792458175
NLD,2006,2.0,0.6666666666666666,,,,,2.414,0.0,11.89,3.3351578180430925
NLD,2007,1.0,0.75,,,,,2.424,0.0,11.99,3.357914175132127
NLD,2008,0.0,0.6,,,,,2.413,0.0,11.91,3.3396967184282973
NLD,2009,0.0,0.6,,,,,2.405,0.0,11.94,3.346516653702718
NLD,2010,0.0,0.6,,,,,2.403,0.0,11.98,3.3556315696668517
NLD,2011,0.0,0.2,,,,,2.383,0.0,11.96,3.3510710126138346
NLD,2012,5.0,1.0,,,,,2.355,0.0,12.02,3.3647713119508964
NLD,2013,2.0,1.4,,,,,2.322,0.0,12.07,3.376231004849956
NLD,2014,0.0,1.4,,,,,2.331,0.0,12.09,3.380825802770927
NLD,2015,0.0,1.4,,,,,2.213,0.0,12.14,3.3923401738389884
NLD,2016,0.0,1.4,,,,,2.213,1.0,12.18,3.4015798994420523
NLD,2017,1.0,0.6,,,,,2.213,1.0,12.25,3.41781001679809
NLD,2018,0.0,0.2,,,,,2.213,1.0,12.32,3.43411757367258
NLD,2019,0.0,0.2,,,,,2.213,1.0,12.45,3.464609749873796
NLD,2020,,,,,,,2.213,1.0,12.58,3.4953726718458085
NLD,2021,,,,,,,2.213,1.0,12.669947,3.5168172702483105
NLD,2022,,,,,,,2.213,1.0,12.669947,3.5168172702483105
NLD,2023,,,,,,,2.213,1.0,12.669947,3.5168172702483105
NOR,1960,,,,,,,1.427,0.0,,
NOR,1961,,,,,,,1.423,0.0,,
NOR,1962,,,,,,,1.457,0.0,,
NOR,1963,,,,,,,1.469,0.0,,
NOR,1964,,,,,,,1.683,0.0,,
NOR,1965,,,,,,,1.862,0.0,,
NOR,1966,,,,,,,1.888,0.0,,
NOR,1967,,,,,,,1.91,0.0,,
NOR,1968,,,,,,,1.936,0.0,,
NOR,1969,,,,,,,1.963,0.0,,
NOR,1970,,,,,,,1.935,0.0,,
NOR,1971,,,,,,,1.976,0.0,,
NOR,1972,,,,,,,2.054,0.0,,
NOR,1973,,,,,,,1.987,0.0,,
NOR,1974,,,,,,,2.02,0.0,,
NOR,1975,,,,,,,2.031,0.0,,
NOR,1976,,,,,,,2.081,0.0,,
NOR,1977,,,,,,,2.115,0.0,,
NOR,1978,,,,,,,2.118,0.0,,
NOR,1979,,,,,,,2.14,0.0,,
NOR,1980,,,,,,,2.223,0.0,,
NOR,1981,,,,,,,2.252,0.0,,
NOR,1982,,,,,,,2.23,0.0,,
NOR,1983,,,,,,,2.217,0.0,,
NOR,1984,,,,,,,2.371,0.0,,
NOR,1985,,,,,,,2.371,0.0,,
NOR,1986,,,,,,,2.377,0.0,,
NOR,1987,,,,,,,2.34,0.0,,
NOR,1988,,,,,,,2.339,0.0,,
NOR,1989,,,,,,,2.319,0.0,,
NOR,1990,,,,,,,2.348,0.0,11.71,3.2945843028144037
NOR,1991,,,,,,,2.335,0.0,11.747143,3.3029160308515744
NOR,1992,,,,,,,2.315,0.0,11.784286,3.311268829131819
NOR,1993,,,,,,,2.294,0.0,11.821428,3.319642525204318
NOR,1994,,,,,,,2.333,0.0,11.858571,3.3280376233892413
NOR,1995,,,,,,,2.32,0.0,11.895714,3.336453952075037
NOR,1996,,,,,,,2.328,0.0,11.932857,3.3448915649518693
NOR,1997,,,,,,,2.34,0.0,11.969999,3.3533502878178467
NOR,1998,,,,,,,2.374,0.0,12.007143,3.361830858718511
NOR,1999,,,,,,,2.393,0.0,12.044286,3.370332647668906
NOR,2000,,,,,,,2.262,0.0,12.081429,3.3788559369321947
NOR,2001,,,,,,,2.546,0.0,12.118571,3.3874005505376235
NOR,2002,,,,,,,2.596,0.0,12.155714,3.3959670030991598
NOR,2003,,,,,,,2.613,0.0,12.192857,3.404555119502452
NOR,2004,0.0,,,,,,2.648,0.0,12.23,3.4131649545335434
NOR,2005,0.0,,,,,,2.663,0.0,12.28,3.4247894658499183
NOR,2006,2.0,0.6666666666666666,,,,,2.687,0.0,12.37,3.4458134451375364
NOR,2007,0.0,0.5,,,,,2.686,0.0,12.41,3.4551988160263263
NOR,2008,0.0,0.4,,,,,2.59,0.0,12.48,3.4716847678282368
NOR,2009,0.0,0.4,,,,,2.61,0.0,12.5,3.4764094711825293
NOR,2010,0.0,0.4,,,,,2.653,0.0,12.55,3.488249379823463
NOR,2011,0.0,0.0,,,,,2.634,0.0,12.61,3.50251051021611
NOR,2012,0.0,0.0,,,,,2.618,0.0,12.643333,3.510458458831217
NOR,2013,0.0,0.0,,,,,2.693,0.0,12.676666,3.5184244430487888
NOR,2014,2.0,0.4,,,,,2.546,0.0,12.71,3.5264087435912663
NOR,2015,1.0,0.6,,,,,2.527,0.0,12.77,3.540825882228489
NOR,2016,2.0,1.0,,,,,2.527,1.0,12.82,3.5528851794161644
NOR,2017,1.0,1.2,,,,,2.527,1.0,12.95,3.584431915539584
NOR,2018,1.0,1.4,,,,,2.527,1.0,12.974999,3.5905303880803454
NOR,2019,0.0,1.0,,,,,2.527,1.0,13.0,3.5966397255692817
NOR,2020,,,,,,,2.527,1.0,13.058847,3.6110608592404474
NOR,2021,,,,,,,2.527,1.0,13.117962,3.625605888517402
NOR,2022,,,,,,,2.527,1.0,13.117962,3.625605888517402
NOR,2023,,,,,,,2.527,1.0,13.117962,3.625605888517402
NPL,1960,,,,,,,-1.064,0.0,,
NPL,1961,,,,,,,-1.003,0.0,,
NPL,1962,,,,,,,-0.9442,0.0,,
NPL,1963,,,,,,,-0.6642,0.0,,
NPL,1964,,,,,,,-0.6755,0.0,,
NPL,1965,,,,,,,-0.6586,0.0,,
NPL,1966,,,,,,,-0.6582,0.0,,
NPL,1967,,,,,,,-0.6612,0.0,,
NPL,1968,,,,,,,-0.6676,0.0,,
NPL,1969,,,,,,,-0.6299,0.0,,
NPL,1970,,,,,,,-0.6358,0.0,,
NPL,1971,,,,,,,-0.6313,0.0,,
NPL,1972,,,,,,,-0.9397,0.0,,
NPL,1973,,,,,,,-0.9456,0.0,,
NPL,1974,,,,,,,-0.8284,0.0,,
NPL,1975,,,,,,,-0.8197,0.0,,
NPL,1976,,,,,,,-0.7343,0.0,,
NPL,1977,,,,,,,-0.6704,0.0,,
NPL,1978,,,,,,,-0.691,0.0,,
NPL,1979,,,,,,,-0.7551,0.0,,
NPL,1980,,,,,,,-0.731,0.0,,
NPL,1981,,,,,,,-0.7097,0.0,,
NPL,1982,,,,,,,-0.5831,0.0,,
NPL,1983,,,,,,,-0.6029,0.0,,
NPL,1984,,,,,,,-0.5306,0.0,,
NPL,1985,,,,,,,-0.6314,0.0,,
NPL,1986,,,,,,,-0.5682,0.0,,
NPL,1987,,,,,,,-0.5665,0.0,,
NPL,1988,,,,,,,-0.6454,0.0,,
NPL,1989,,,,,,,-0.5383,0.0,,
NPL,1990,,,,,,,-0.5409,0.0,2.4674268,1.3918519398433504
NPL,1991,,,,,,,-0.4357,0.0,2.5211725,1.4019121343488752
NPL,1992,,,,,,,-0.4926,0.0,2.5749185,1.412045099899917
NPL,1993,,,,,,,-0.3637,0.0,2.6286645,1.4222513061258504
NPL,1994,,,,,,,-0.4551,0.0,2.6824105,1.4325312824073817
NPL,1995,,,,,,,-0.4007,0.0,2.7361565,1.4428855619515597
NPL,1996,,,,,,,-0.4527,0.0,2.7679152,1.4490390850727752
NPL,1997,,,,,,,-0.5639,0.0,2.7996743,1.4552189293330284
NPL,1998,,,,,,,-0.6384,0.0,2.8314333,1.4614251097347986
NPL,1999,,,,,,,-0.5509,0.0,2.863192,1.4676576990958805
NPL,2000,,,,,,,-0.6325,0.0,2.894951,1.4739169280442086
NPL,2001,,,,,,,-0.5332,0.0,3.0,1.4948113326760426
NPL,2002,,,,,,,-0.6299,0.0,3.052,1.5052635512812156
NPL,2003,,,,,,,-0.5659,0.0,3.104,1.5157888552794292
NPL,2004,0.0,,2.0,4.0,5.0,3.6666666666666665,-0.3285,0.0,3.156,1.526387755708089
NPL,2005,0.0,,2.0,4.0,5.0,3.6666666666666665,-0.1655,0.0,3.208,1.5370607671779437
NPL,2006,0.0,0.0,5.0,4.0,4.0,4.333333333333333,-0.2609,0.0,3.26,1.547808407898072
NPL,2007,1.0,0.25,5.0,4.0,4.0,4.333333333333333,-0.2186,0.0,3.312,1.5586311997010436
NPL,2008,0.0,0.2,4.0,4.0,4.0,4.0,-0.3859,0.0,3.364,1.5695296680682547
NPL,2009,0.0,0.2,4.0,4.0,4.0,4.0,-0.227,0.0,3.416,1.580504342155442
NPL,2010,0.0,0.2,3.0,3.0,3.0,3.0,-0.2374,0.0,3.468,1.5915557548183763
NPL,2011,0.0,0.2,3.0,3.0,3.0,3.0,-0.1804,0.0,3.52,1.6026844426387328
NPL,2012,0.0,0.0,4.0,3.0,3.0,3.3333333333333335,-0.1774,0.0,3.562766,1.6118952232691732
NPL,2013,0.0,0.0,4.0,3.0,3.0,3.3333333333333335,-0.1359,0.0,3.605532,1.6211589391359993
NPL,2014,1.0,0.2,3.0,3.0,2.0,2.6666666666666665,-0.08923,0.0,3.648298,1.630475894463072
NPL,2015,0.0,0.2,3.0,3.0,2.0,2.6666666666666665,-0.02739,0.0,3.691064,1.6398463952226567
NPL,2016,0.0,0.2,3.0,3.0,2.0,2.6666666666666665,-0.02739,1.0,3.73383,1.6492707491454703
NPL,2017,1.0,0.4,3.0,3.0,2.0,2.6666666666666665,-0.02739,1.0,3.9336367,1.6940249385233794
NPL,2018,0.0,0.4,4.0,3.0,4.0,3.6666666666666665,-0.02739,1.0,4.1334434,1.7323481206661993
NPL,2019,4.0,1.0,4.0,3.0,4.0,3.6666666666666665,-0.02739,1.0,4.33325,1.7676628494178077
NPL,2020,,,5.0,4.0,4.0,4.333333333333333,-0.02739,1.0,4.41849,1.7829467802394503
NPL,2021,,,5.0,4.0,4.0,4.333333333333333,-0.02739,1.0,4.50373,1.798362862133588
NPL,2022,,,5.0,4.0,4.0,4.333333333333333,-0.02739,1.0,4.50373,1.798362862133588
NPL,2023,,,5.0,4.0,4.0,4.333333333333333,-0.02739,1.0,4.50373,1.798362862133588
NPL,2024,,,5.0,4.0,4.0,4.333333333333333,,,,
NPL,2025,,,5.0,4.0,4.0,4.333333333333333,,,,
NRU,2000,,,,,,,,,7.0203304,2.318808254749211
NRU,2001,,,,,,,,,7.113514,2.340734839393213
NRU,2002,,,,,,,,,7.2079344,2.363163941636085
NRU,2003,,,,,,,,,7.303608,2.386109959731412
NRU,2004,,,,,,,,,7.4005513,2.409587765712504
NRU,2005,,,,,,,,,7.498781,2.433612748391283
NRU,2006,,,,,,,,,7.5983152,2.4582011317586296
NRU,2007,,,,,,,,,7.6991706,2.483369309337583
NRU,2008,,,,,,,,,7.8013644,2.5091343279681557
NRU,2009,,,,,,,,,7.904915,2.535514094242352
NRU,2010,,,,,,,,,8.00984,2.561694926303201
NRU,2011,,,,,,,,,8.116158,2.5802821256957484
NRU,2012,,,,,,,,,8.223886,2.5992533949451735
NRU,2013,,,,,,,,,8.333045,2.618618948751723
NRU,2014,,,,,,,,,8.443652,2.6383885577504875
NRU,2015,,,,,,,,,8.554259,2.658307420018862
NRU,2016,,,,,,,,,8.664867,2.678376844493703
NRU,2017,,,,,,,,,8.775475,2.698597787109643
NRU,2018,,,,,,,,,8.886082,2.7189712068931975
NRU,2019,,,,,,,,,9.073601,2.7538635914063447
NRU,2020,,,,,,,,,9.261119,2.7892035580041967
NRU,2021,,,,,,,,,9.448638,2.8249972298108665
NRU,2022,,,,,,,,,9.448638,2.8249972298108665
NRU,2023,,,,,,,,,9.448638,2.8249972298108665
NZL,1960,,,,,,,1.38,0.0,,
NZL,1961,,,,,,,1.388,0.0,,
NZL,1962,,,,,,,1.378,0.0,,
NZL,1963,,,,,,,1.365,0.0,,
NZL,1964,,,,,,,1.404,0.0,,
NZL,1965,,,,,,,1.747,0.0,,
NZL,1966,,,,,,,1.768,0.0,,
NZL,1967,,,,,,,1.818,0.0,,
NZL,1968,,,,,,,1.725,0.0,,
NZL,1969,,,,,,,1.753,0.0,,
NZL,1970,,,,,,,1.799,0.0,,
NZL,1971,,,,,,,1.809,0.0,,
NZL,1972,,,,,,,1.842,0.0,,
NZL,1973,,,,,,,1.889,0.0,,
NZL,1974,,,,,,,1.974,0.0,,
NZL,1975,,,,,,,1.948,0.0,,
NZL,1976,,,,,,,1.942,0.0,,
NZL,1977,,,,,,,2.007,0.0,,
NZL,1978,,,,,,,2.0,0.0,,
NZL,1979,,,,,,,2.04,0.0,,
NZL,1980,,,,,,,2.104,0.0,,
NZL,1981,,,,,,,2.136,0.0,,
NZL,1982,,,,,,,2.13,0.0,,
NZL,1983,,,,,,,2.074,0.0,,
NZL,1984,,,,,,,2.23,0.0,,
NZL,1985,,,,,,,2.268,0.0,,
NZL,1986,,,,,,,2.307,0.0,,
NZL,1987,,,,,,,2.324,0.0,,
NZL,1988,,,,,,,2.312,0.0,,
NZL,1989,,,,,,,2.333,0.0,,
NZL,1990,,,,,,,2.348,0.0,10.139683,2.9609153014527085
NZL,1991,,,,,,,2.25,0.0,10.4,3.0137947529729905
NZL,1992,,,,,,,2.315,0.0,10.667,3.0690129645955917
NZL,1993,,,,,,,2.315,0.0,10.934,3.125242874473953
NZL,1994,,,,,,,2.338,0.0,11.200999,3.1825028023534405
NZL,1995,,,,,,,2.345,0.0,11.467999,3.2408120528611346
NZL,1996,,,,,,,2.275,0.0,11.735,3.3001898595023675
NZL,1997,,,,,,,2.315,0.0,12.002,3.360655351346828
NZL,1998,,,,,,,2.282,0.0,12.269,3.4222286811823257
NZL,1999,,,,,,,2.284,0.0,12.535999,3.484929909644321
NZL,2000,,,,,,,2.296,0.0,12.8029995,3.5487802964999244
NZL,2001,,,,,,,2.198,0.0,13.07,3.613800541001826
NZL,2002,,,,,,,2.268,0.0,13.12,3.6261083743012965
NZL,2003,,,,,,,2.219,0.0,13.17,3.638458125453956
NZL,2004,0.0,,,,,,2.289,0.0,13.219999,3.650849688965277
NZL,2005,0.0,,,,,,2.229,0.0,13.2699995,3.6632838283064504
NZL,2006,0.0,0.0,,,,,2.228,0.0,13.32,3.675760316096431
NZL,2007,0.0,0.0,,,,,2.158,0.0,13.334,3.6792613061241948
NZL,2008,3.0,0.6,,,,,2.163,0.0,13.348,3.682765630681449
NZL,2009,0.0,0.6,,,,,2.066,0.0,13.362,3.686273292944178
NZL,2010,0.0,0.6,,,,,2.119,0.0,13.376,3.6897842960913887
NZL,2011,0.0,0.6,,,,,2.064,0.0,13.39,3.6932986433051194
NZL,2012,0.0,0.6,,,,,2.149,0.0,13.38,3.6907880539248024
NZL,2013,0.0,0.0,,,,,2.217,0.0,13.33,3.678260683139824
NZL,2014,1.0,0.2,,,,,2.23,0.0,13.28,3.665775833089304
NZL,2015,0.0,0.2,,,,,2.235,0.0,13.23,3.6533333594482382
NZL,2016,1.0,0.4,,,,,2.235,1.0,13.33,3.678260683139824
NZL,2017,1.0,0.6,,,,,2.235,1.0,13.2325,3.653954478913003
NZL,2018,0.0,0.6,,,,,2.235,1.0,13.134999,3.6298086449591707
NZL,2019,0.0,0.4,,,,,2.235,1.0,13.037499,3.605822615194324
NZL,2020,,,,,,,2.235,1.0,12.94,3.5819953303698657
NZL,2021,,,,,,,2.235,1.0,12.882998,3.5681379033039367
NZL,2022,,,,,,,2.235,1.0,12.882998,3.5681379033039367
NZL,2023,,,,,,,2.235,1.0,12.882998,3.5681379033039367
OMN,1960,,,,,,,-1.047,0.0,,
OMN,1961,,,,,,,-1.039,0.0,,
OMN,1962,,,,,,,-1.042,0.0,,
OMN,1963,,,,,,,-1.031,0.0,,
OMN,1964,,,,,,,-1.028,0.0,,
OMN,1965,,,,,,,-1.041,0.0,,
OMN,1966,,,,,,,-1.037,0.0,,
OMN,1967,,,,,,,-1.054,0.0,,
OMN,1968,,,,,,,-1.075,0.0,,
OMN,1969,,,,,,,-1.049,0.0,,
OMN,1970,,,,,,,-0.3848,0.0,,
OMN,1971,,,,,,,-0.2401,0.0,,
OMN,1972,,,,,,,0.7348,0.0,,
OMN,1973,,,,,,,0.7869,0.0,,
OMN,1974,,,,,,,0.7315,0.0,,
OMN,1975,,,,,,,0.7632,0.0,,
OMN,1976,,,,,,,0.758,0.0,,
OMN,1977,,,,,,,0.847,0.0,,
OMN,1978,,,,,,,0.8251,0.0,,
OMN,1979,,,,,,,0.8093,0.0,,
OMN,1980,,,,,,,0.8047,0.0,,
OMN,1981,,,,,,,0.8933,0.0,,
OMN,1982,,,,,,,0.8448,0.0,,
OMN,1983,,,,,,,0.8374,0.0,,
OMN,1984,,,,,,,0.8141,0.0,,
OMN,1985,,,,,,,0.7328,0.0,,
OMN,1986,,,,,,,0.5822,0.0,,
OMN,1987,,,,,,,0.7069,0.0,,
OMN,1988,,,,,,,0.7406,0.0,,
OMN,1989,,,,,,,0.8318,0.0,,
OMN,1990,,,,,,,1.025,0.0,,
OMN,1991,,,,,,,0.9242,0.0,,
OMN,1992,,,,,,,0.9539,0.0,,
OMN,1993,,,,,,,0.9205,0.0,,
OMN,1994,,,,,,,1.088,0.0,,
OMN,1995,,,,,,,1.125,0.0,,
OMN,1996,,,,,,,1.161,0.0,,
OMN,1997,,,,,,,1.23,0.0,,
OMN,1998,,,,,,,1.088,0.0,,
OMN,1999,,,,,,,1.065,0.0,,
OMN,2000,,,,,,,0.7317,0.0,5.4211674,1.9729658286452552
OMN,2001,,,,,,,0.6705,0.0,5.690508,2.027373895434264
OMN,2002,,,,,,,0.7542,0.0,5.973231,2.0861000770436307
OMN,2003,,,,,,,0.7855,0.0,6.27,2.1495746814742724
OMN,2004,0.0,,,,,,0.7844,0.0,6.614,2.2255720862835706
OMN,2005,0.0,,,,,,0.8021,0.0,6.9579997,2.304256280952482
OMN,2006,1.0,0.3333333333333333,5.0,5.0,5.0,5.0,0.7335,0.0,7.302,2.3857224678518145
OMN,2007,0.0,0.25,5.0,5.0,5.0,5.0,0.818,0.0,7.646,2.4700687888773407
OMN,2008,2.0,0.6,5.0,4.0,6.0,5.0,0.8755,0.0,7.99,2.557397142375801
OMN,2009,2.0,1.0,5.0,4.0,6.0,5.0,1.032,0.0,7.955,2.5483727035707067
OMN,2010,0.0,1.0,5.0,4.0,6.0,5.0,0.919,0.0,7.92,2.5393801098374618
OMN,2011,1.0,1.0,5.0,4.0,6.0,5.0,0.9407,0.0,8.276,2.6084808446019445
OMN,2012,1.0,1.2,3.0,4.0,5.0,4.0,0.9389,0.0,8.632,2.672397474398303
OMN,2013,0.0,0.8,3.0,4.0,5.0,4.0,0.9679,0.0,8.988,2.737880278457731
OMN,2014,0.0,0.4,3.0,4.0,5.0,4.0,1.222,0.0,9.344,2.804967633362819
OMN,2015,1.0,0.6,3.0,4.0,5.0,4.0,1.202,0.0,9.7,2.8736988560526213
OMN,2016,2.0,0.8,3.0,4.0,4.0,3.6666666666666665,1.202,1.0,10.13,2.9589663462473026
OMN,2017,3.0,1.2,3.0,4.0,4.0,3.6666666666666665,1.202,1.0,10.56,3.0467638666394032
OMN,2018,1.0,1.4,3.0,4.0,4.0,3.6666666666666665,1.202,1.0,10.99,3.137166487490579
OMN,2019,3.0,2.0,3.0,4.0,4.0,3.6666666666666665,1.202,1.0,11.42,3.2302515065237243
OMN,2020,,,3.0,4.0,4.0,3.6666666666666665,1.202,1.0,11.85,3.3260985150154943
OMN,2021,,,3.0,4.0,4.0,3.6666666666666665,1.202,1.0,11.87,3.330625086366739
OMN,2022,,,3.0,4.0,5.0,4.0,1.202,1.0,11.89,3.3351578180430925
OMN,2023,,,3.0,4.0,5.0,4.0,1.202,1.0,11.89,3.3351578180430925
OMN,2024,,,3.0,5.0,5.0,4.333333333333333,,,,
OMN,2025,,,3.0,5.0,5.0,4.333333333333333,,,,
PAK,1960,,,,,,,-0.2116,0.0,,
PAK,1961,,,,,,,-0.2109,0.0,,
PAK,1962,,,,,,,-0.2604,0.0,,
PAK,1963,,,,,,,-0.1011,0.0,,
PAK,1964,,,,,,,-0.1352,0.0,,
PAK,1965,,,,,,,-0.09284,0.0,,
PAK,1966,,,,,,,-0.04017,0.0,,
PAK,1967,,,,,,,0.05811,0.0,,
PAK,1968,,,,,,,-0.03729,0.0,,
PAK,1969,,,,,,,-0.001245,0.0,,
PAK,1970,,,,,,,0.2114,0.0,,
PAK,1971,,,,,,,0.001687,0.0,,
PAK,1972,,,,,,,-0.05016,0.0,,
PAK,1973,,,,,,,-0.1985,0.0,,
PAK,1974,,,,,,,-0.2576,0.0,,
PAK,1975,,,,,,,-0.2157,0.0,,
PAK,1976,,,,,,,-0.1131,0.0,,
PAK,1977,,,,,,,-0.101,0.0,,
PAK,1978,,,,,,,-0.1577,0.0,,
PAK,1979,,,,,,,-0.2448,0.0,,
PAK,1980,,,,,,,-0.2575,0.0,,
PAK,1981,,,,,,,-0.2244,0.0,,
PAK,1982,,,,,,,-0.141,0.0,,
PAK,1983,,,,,,,-0.1732,0.0,,
PAK,1984,,,,,,,-0.2393,0.0,,
PAK,1985,,,,,,,-0.2398,0.0,,
PAK,1986,,,,,,,-0.2527,0.0,,
PAK,1987,,,,,,,0.02054,0.0,,
PAK,1988,,,,,,,-0.3282,0.0,,
PAK,1989,,,,,,,-0.3438,0.0,,
PAK,1990,,,,,,,-0.5054,0.0,2.3164964,1.3639849390389376
PAK,1991,,,,,,,-0.6571,0.0,2.416065,1.3823054345394794
PAK,1992,,,,,,,-0.5692,0.0,2.5156338,1.4008720410888815
PAK,1993,,,,,,,-0.4441,0.0,2.6152024,1.4196879892647367
PAK,1994,,,,,,,-0.2891,0.0,2.714771,1.4387566656665627
PAK,1995,,,,,,,-0.2513,0.0,2.8143399,1.4580815234528217
PAK,1996,,,,,,,-0.06789,0.0,2.9159405,1.4780682917902381
PAK,1997,,,,,,,-0.01612,0.0,3.0175412,1.4983290504203362
PAK,1998,,,,,,,-0.08569,0.0,3.119142,1.5188675556372548
PAK,1999,,,,,,,-0.05229,0.0,3.2207427,1.5396875739725246
PAK,2000,,,,,,,-0.04145,0.0,3.3223433,1.5607929637316065
PAK,2001,,,,,,,-0.04417,0.0,3.5743132,1.614391279329854
PAK,2002,,,,,,,0.001801,0.0,3.826283,1.669830162240904
PAK,2003,,,,,,,0.006507,0.0,4.078253,1.7227184769692974
PAK,2004,0.0,,5.0,5.0,4.0,4.666666666666667,0.1241,0.0,4.3302226,1.7671224383685158
PAK,2005,0.0,,5.0,5.0,4.0,4.666666666666667,0.2401,0.0,4.5821924,1.8126709714974063
PAK,2006,0.0,0.0,5.0,5.0,5.0,5.0,0.1596,0.0,4.57,1.8104401635590561
PAK,2007,0.0,0.0,5.0,5.0,5.0,5.0,0.2635,0.0,4.55,1.8067867656028795
PAK,2008,0.0,0.0,3.0,3.0,4.0,3.3333333333333335,0.2004,0.0,4.53,1.8031407400619284
PAK,2009,1.0,0.2,3.0,3.0,4.0,3.3333333333333335,0.1794,0.0,4.52,1.8013204872968487
PAK,2010,0.0,0.2,3.0,3.0,3.0,3.0,0.0974,0.0,4.65,1.825127778135131
PAK,2011,0.0,0.2,3.0,3.0,3.0,3.0,0.06173,0.0,4.79,1.8511184056093424
PAK,2012,0.0,0.2,3.0,2.0,3.0,2.6666666666666665,-0.009725,0.0,4.88,1.8680217813681634
PAK,2013,0.0,0.2,3.0,2.0,3.0,2.6666666666666665,-0.03661,0.0,4.96,1.8831765401371645
PAK,2014,0.0,0.0,3.0,3.0,3.0,3.0,0.02936,0.0,5.16,1.9216035120277823
PAK,2015,0.0,0.0,3.0,3.0,3.0,3.0,0.01237,0.0,5.1466665,1.9190174619708922
PAK,2016,1.0,0.2,3.0,4.0,3.0,3.3333333333333335,0.01237,1.0,5.133333,1.9164348921610224
PAK,2017,2.0,0.6,3.0,4.0,3.0,3.3333333333333335,0.01237,1.0,5.12,1.913855894564256
PAK,2018,4.0,1.4,4.0,4.0,3.0,3.6666666666666665,0.01237,1.0,4.77032,1.8474426289209946
PAK,2019,6.0,2.6,4.0,4.0,3.0,3.6666666666666665,0.01237,1.0,4.54,1.8049628322110332
PAK,2020,,,4.0,4.0,3.0,3.6666666666666665,0.01237,1.0,4.427089,1.7844959403597724
PAK,2021,,,4.0,4.0,3.0,3.6666666666666665,0.01237,1.0,4.316987,1.7647617351086613
PAK,2022,,,4.0,3.0,3.0,3.3333333333333335,0.01237,1.0,4.316987,1.7647617351086613
PAK,2023,,,4.0,3.0,3.0,3.3333333333333335,0.01237,1.0,4.316987,1.7647617351086613
PAK,2024,,,5.0,3.0,3.0,3.6666666666666665,,,,
PAK,2025,,,5.0,3.0,3.0,3.6666666666666665,,,,
PAN,1960,,,,,,,-0.5002,0.0,,
PAN,1961,,,,,,,-0.4645,0.0,,
PAN,1962,,,,,,,-0.496,0.0,,
PAN,1963,,,,,,,-0.5033,0.0,,
PAN,1964,,,,,,,-0.5062,0.0,,
PAN,1965,,,,,,,-0.4894,0.0,,
PAN,1966,,,,,,,-0.5321,0.0,,
PAN,1967,,,,,,,-0.5424,0.0,,
PAN,1968,,,,,,,-0.7539,0.0,,
PAN,1969,,,,,,,-0.8301,0.0,,
PAN,1970,,,,,,,-0.8392,0.0,,
PAN,1971,,,,,,,-0.8504,0.0,,
PAN,1972,,,,,,,-0.7164,0.0,,
PAN,1973,,,,,,,-0.5209,0.0,,
PAN,1974,,,,,,,-0.5396,0.0,,
PAN,1975,,,,,,,-0.4876,0.0,,
PAN,1976,,,,,,,-0.5017,0.0,,
PAN,1977,,,,,,,-0.4535,0.0,,
PAN,1978,,,,,,,-0.4844,0.0,,
PAN,1979,,,,,,,-0.4551,0.0,,
PAN,1980,,,,,,,-0.4056,0.0,,
PAN,1981,,,,,,,-0.3354,0.0,,
PAN,1982,,,,,,,-0.4389,0.0,,
PAN,1983,,,,,,,-0.4054,0.0,,
PAN,1984,,,,,,,-0.3802,0.0,,
PAN,1985,,,,,,,-0.3724,0.0,,
PAN,1986,,,,,,,-0.4588,0.0,,
PAN,1987,,,,,,,-0.4219,0.0,,
PAN,1988,,,,,,,-0.4747,0.0,,
PAN,1989,,,,,,,-0.5438,0.0,,
PAN,1990,,,,,,,-0.1324,0.0,7.41,2.411888377960658
PAN,1991,,,,,,,-0.07424,0.0,7.457,2.423364829898647
PAN,1992,,,,,,,-0.08207,0.0,7.5039997,2.4348958162867245
PAN,1993,,,,,,,-0.02588,0.0,7.551,2.446481818298425
PAN,1994,,,,,,,0.09245,0.0,7.598,2.4581228756796154
PAN,1995,,,,,,,0.232,0.0,7.645,2.4698193245278257
PAN,1996,,,,,,,0.2023,0.0,7.692,2.481571428411434
PAN,1997,,,,,,,0.2649,0.0,7.739,2.493379452152953
PAN,1998,,,,,,,0.2314,0.0,7.7860003,2.5052437377438785
PAN,1999,,,,,,,0.2896,0.0,7.833,2.5171643248062683
PAN,2000,,,,,,,0.05583,0.0,7.88,2.5291417096876065
PAN,2001,,,,,,,0.03753,0.0,8.02,2.5634653616026335
PAN,2002,,,,,,,-0.03597,0.0,8.16,2.5879860852965706
PAN,2003,,,,,,,-0.07325,0.0,8.3,2.612741360976066
PAN,2004,0.0,,7.0,6.0,7.0,6.666666666666667,0.1029,0.0,8.44,2.6377334322386012
PAN,2005,0.0,,7.0,6.0,7.0,6.666666666666667,0.1265,0.0,8.58,2.6629645641426998
PAN,2006,0.0,0.0,7.0,7.0,7.0,7.0,0.174,0.0,8.72,2.6884370434132077
PAN,2007,0.0,0.0,7.0,7.0,7.0,7.0,0.1371,0.0,8.86,2.714153178648546
PAN,2008,0.0,0.0,6.0,6.0,6.0,6.0,0.1379,0.0,9.0,2.7401153005299412
PAN,2009,1.0,0.2,6.0,6.0,6.0,6.0,0.2178,0.0,9.139999,2.7663255739225088
PAN,2010,0.0,0.2,6.0,7.0,6.0,6.333333333333333,0.2731,0.0,9.28,2.792786938639235
PAN,2011,0.0,0.2,6.0,7.0,6.0,6.333333333333333,0.1925,0.0,9.42,2.8195012285548193
PAN,2012,0.0,0.2,6.0,7.0,6.0,6.333333333333333,0.2536,0.0,9.559999,2.8464708593644454
PAN,2013,6.0,1.4,6.0,7.0,6.0,6.333333333333333,0.3872,0.0,9.7,2.8736988560526213
PAN,2014,1.0,1.4,6.0,7.0,6.0,6.333333333333333,0.4671,0.0,9.84,2.9011871056245977
PAN,2015,0.0,1.4,6.0,7.0,6.0,6.333333333333333,0.413,0.0,9.98,2.928938292930268
PAN,2016,0.0,1.4,5.0,8.0,7.0,6.666666666666667,0.413,1.0,10.12,2.9569549330898344
PAN,2017,3.0,2.0,5.0,8.0,7.0,6.666666666666667,0.413,1.0,10.26,2.9852395652817787
PAN,2018,1.0,1.0,5.0,8.0,6.0,6.333333333333333,0.413,1.0,10.4,3.0137947529729905
PAN,2019,0.0,0.8,5.0,8.0,6.0,6.333333333333333,0.413,1.0,10.54,3.0426230841510975
PAN,2020,,,5.0,7.0,6.0,6.0,0.413,1.0,10.685866,3.0729526910732927
PAN,2021,,,5.0,7.0,6.0,6.0,0.413,1.0,10.833751,3.104010757486343
PAN,2022,,,5.0,6.0,5.0,5.333333333333333,0.413,1.0,10.833751,3.104010757486343
PAN,2023,,,5.0,6.0,5.0,5.333333333333333,0.413,1.0,10.833751,3.104010757486343
PAN,2024,,,5.0,7.0,5.0,5.666666666666667,,,,
PAN,2025,,,5.0,7.0,5.0,5.666666666666667,,,,
PER,1960,,,,,,,0.1974,0.0,,
PER,1961,,,,,,,0.3697,0.0,,
PER,1962,,,,,,,0.3653,0.0,,
PER,1963,,,,,,,0.4661,0.0,,
PER,1964,,,,,,,0.3871,0.0,,
PER,1965,,,,,,,0.3868,0.0,,
PER,1966,,,,,,,0.4039,0.0,,
PER,1967,,,,,,,0.4995,0.0,,
PER,1968,,,,,,,0.2821,0.0,,
PER,1969,,,,,,,0.1051,0.0,,
PER,1970,,,,,,,0.04374,0.0,,
PER,1971,,,,,,,-0.1255,0.0,,
PER,1972,,,,,,,-0.04437,0.0,,
PER,1973,,,,,,,-0.02674,0.0,,
PER,1974,,,,,,,0.0625,0.0,,
PER,1975,,,,,,,-3.769e-05,0.0,,
PER,1976,,,,,,,-0.04551,0.0,,
PER,1977,,,,,,,-0.04863,0.0,,
PER,1978,,,,,,,-0.1189,0.0,,
PER,1979,,,,,,,-0.1089,0.0,,
PER,1980,,,,,,,0.13,0.0,,
PER,1981,,,,,,,0.1905,0.0,,
PER,1982,,,,,,,0.2385,0.0,,
PER,1983,,,,,,,0.1157,0.0,,
PER,1984,,,,,,,-0.1216,0.0,,
PER,1985,,,,,,,-0.2127,0.0,,
PER,1986,,,,,,,-0.2515,0.0,,
PER,1987,,,,,,,-0.3424,0.0,,
PER,1988,,,,,,,-0.287,0.0,,
PER,1989,,,,,,,-0.3706,0.0,,
PER,1990,,,,,,,-0.3853,0.0,7.77533,2.5025452901362097
PER,1991,,,,,,,-0.37,0.0,7.8331227,2.5171955194618887
PER,1992,,,,,,,-0.2553,0.0,7.891345,2.532041375036202
PER,1993,,,,,,,-0.1028,0.0,7.95,2.5470861002500844
PER,1994,,,,,,,0.05585,0.0,8.00909,2.561564283193387
PER,1995,,,,,,,0.2263,0.0,8.068182,2.5718780119675326
PER,1996,,,,,,,0.277,0.0,8.127273,2.582233091728689
PER,1997,,,,,,,0.2876,0.0,8.186363,2.5926296875560393
PER,1998,,,,,,,0.2967,0.0,8.245455,2.6030684962108492
PER,1999,,,,,,,0.2902,0.0,8.304545,2.613548979615969
PER,2000,,,,,,,0.2841,0.0,8.363637,2.6240720164534834
PER,2001,,,,,,,0.5446,0.0,8.422728,2.6346372434599563
PER,2002,,,,,,,0.5463,0.0,8.481818,2.6452448290647093
PER,2003,,,,,,,0.4941,0.0,8.54091,2.6558954841691653
PER,2004,0.0,,5.0,4.0,4.0,4.333333333333333,0.7927,0.0,8.6,2.6665886597763704
PER,2005,0.0,,5.0,4.0,4.0,4.333333333333333,0.7015,0.0,7.92,2.5393801098374618
PER,2006,3.0,1.0,6.0,5.0,6.0,5.666666666666667,0.656,0.0,7.93,2.541946179395387
PER,2007,0.0,0.75,6.0,5.0,6.0,5.666666666666667,0.6539,0.0,8.19,2.593270965655745
PER,2008,0.0,0.6,6.0,6.0,6.0,6.0,0.6453,0.0,8.19,2.593270965655745
PER,2009,3.0,1.2,6.0,6.0,6.0,6.0,0.6804,0.0,8.22,2.598566638175114
PER,2010,2.0,1.6,6.0,7.0,6.0,6.333333333333333,0.7334,0.0,8.87,2.7159994304645023
PER,2011,4.0,1.8,6.0,7.0,6.0,6.333333333333333,0.7388,0.0,8.89,2.7196957025852577
PER,2012,3.0,2.4,6.0,7.0,6.0,6.333333333333333,0.6868,0.0,9.08,2.755062146324489
PER,2013,0.0,2.4,6.0,7.0,6.0,6.333333333333333,0.7385,0.0,9.14,2.7663257620326545
PER,2014,0.0,1.8,5.0,6.0,5.0,5.333333333333333,0.8469,0.0,9.15,2.768207503270347
PER,2015,0.0,1.4,5.0,6.0,5.0,5.333333333333333,0.7907,0.0,9.09,2.7569362256987624
PER,2016,1.0,0.8,5.0,6.0,7.0,6.0,0.7907,1.0,9.3133335,2.799124467206598
PER,2017,1.0,0.4,5.0,6.0,7.0,6.0,0.7907,1.0,9.536667,2.8419582977218725
PER,2018,1.0,0.6,5.0,6.0,6.0,5.666666666666667,0.7907,1.0,9.76,2.885447498317825
PER,2019,1.0,0.8,5.0,6.0,6.0,5.666666666666667,0.7907,1.0,9.889816,2.911031506611993
PER,2020,,,5.0,6.0,6.0,5.666666666666667,0.7907,1.0,10.021359,2.937187268454224
PER,2021,,,5.0,6.0,6.0,5.666666666666667,0.7907,1.0,10.154652,2.9639307278795948
PER,2022,,,4.0,4.0,4.0,4.0,0.7907,1.0,10.154652,2.9639307278795948
PER,2023,,,4.0,4.0,4.0,4.0,0.7907,1.0,10.154652,2.9639307278795948
PER,2024,,,4.0,4.0,4.0,4.0,,,,
PER,2025,,,4.0,4.0,4.0,4.0,,,,
PHL,1960,,,,,,,-0.06427,0.0,,
PHL,1961,,,,,,,-0.04746,0.0,,
PHL,1962,,,,,,,-0.03491,0.0,,
PHL,1963,,,,,,,-0.1347,0.0,,
PHL,1964,,,,,,,-0.143,0.0,,
PHL,1965,,,,,,,-0.2162,0.0,,
PHL,1966,,,,,,,-0.1865,0.0,,
PHL,1967,,,,,,,-0.1691,0.0,,
PHL,1968,,,,,,,-0.167,0.0,,
PHL,1969,,,,,,,-0.1183,0.0,,
PHL,1970,,,,,,,-0.1006,0.0,,
PHL,1971,,,,,,,-0.07669,0.0,,
PHL,1972,,,,,,,-0.4487,0.0,,
PHL,1973,,,,,,,-0.2276,0.0,,
PHL,1974,,,,,,,-0.2342,0.0,,
PHL,1975,,,,,,,-0.2788,0.0,,
PHL,1976,,,,,,,-0.1663,0.0,,
PHL,1977,,,,,,,-0.1731,0.0,,
PHL,1978,,,,,,,-0.1954,0.0,,
PHL,1979,,,,,,,-0.1638,0.0,,
PHL,1980,,,,,,,-0.2069,0.0,,
PHL,1981,,,,,,,-0.2231,0.0,,
PHL,1982,,,,,,,-0.2586,0.0,,
PHL,1983,,,,,,,-0.3543,0.0,,
PHL,1984,,,,,,,-0.5719,0.0,,
PHL,1985,,,,,,,-0.4897,0.0,,
PHL,1986,,,,,,,-0.3584,0.0,,
PHL,1987,,,,,,,-0.2232,0.0,,
PHL,1988,,,,,,,-0.1876,0.0,,
PHL,1989,,,,,,,-0.1601,0.0,,
PHL,1990,,,,,,,-0.1173,0.0,7.18,2.3565059681227027
PHL,1991,,,,,,,-0.09893,0.0,7.219,2.3658065506028993
PHL,1992,,,,,,,0.131,0.0,7.258,2.3751438403249363
PHL,1993,,,,,,,0.3525,0.0,7.297,2.3845179821637834
PHL,1994,,,,,,,0.5387,0.0,7.336,2.3939291215661984
PHL,1995,,,,,,,0.5737,0.0,7.375,2.403377404552983
PHL,1996,,,,,,,0.6467,0.0,7.414,2.4128629777212494
PHL,1997,,,,,,,0.69,0.0,7.453,2.422385988246696
PHL,1998,,,,,,,0.6814,0.0,7.492,2.431946583885886
PHL,1999,,,,,,,0.6511,0.0,7.531,2.441544912978547
PHL,2000,,,,,,,0.5034,0.0,7.57,2.4511811244498687
PHL,2001,,,,,,,0.3498,0.0,7.8375,2.518308636016917
PHL,2002,,,,,,,0.3544,0.0,8.1050005,2.5783251823142925
PHL,2003,,,,,,,0.3768,0.0,8.3725,2.6256539793366227
PHL,2004,0.0,,4.0,3.0,5.0,4.0,0.53,0.0,8.64,2.6738516541253996
PHL,2005,0.0,,4.0,3.0,5.0,4.0,0.657,0.0,8.6575,2.6770354315656735
PHL,2006,0.0,0.0,3.0,5.0,5.0,4.333333333333333,0.538,0.0,8.675,2.6802229999562694
PHL,2007,1.0,0.25,3.0,5.0,5.0,4.333333333333333,0.6407,0.0,8.6925,2.6834143638111034
PHL,2008,0.0,0.2,3.0,4.0,5.0,4.0,0.6921,0.0,8.71,2.6866095276494666
PHL,2009,0.0,0.2,3.0,4.0,5.0,4.0,0.6858,0.0,8.81,2.7049407278821036
PHL,2010,1.0,0.4,5.0,5.0,6.0,5.333333333333333,0.7085,0.0,8.91,2.7233970050559595
PHL,2011,3.0,1.0,5.0,5.0,6.0,5.333333333333333,0.7336,0.0,8.99,2.738252655496666
PHL,2012,2.0,1.2,6.0,5.0,6.0,5.666666666666667,0.7177,0.0,9.07,2.753189340891001
PHL,2013,2.0,1.6,6.0,5.0,6.0,5.666666666666667,0.775,0.0,9.15,2.768207503270347
PHL,2014,0.0,1.6,6.0,4.0,6.0,5.333333333333333,0.6538,0.0,8.907499,2.7229338817564464
PHL,2015,1.0,1.6,6.0,4.0,6.0,5.333333333333333,0.7146,0.0,8.665,2.6784010678434225
PHL,2016,3.0,1.6,6.0,4.0,7.0,5.666666666666667,0.7146,1.0,8.422501,2.6345965755133425
PHL,2017,1.0,1.4,6.0,4.0,7.0,5.666666666666667,0.7146,1.0,8.18,2.591508140827469
PHL,2018,8.0,2.6,6.0,4.0,7.0,5.666666666666667,0.7146,1.0,8.575,2.6620593100928
PHL,2019,5.0,3.6,6.0,4.0,7.0,5.666666666666667,0.7146,1.0,8.97,2.7345311630736444
PHL,2020,,,4.0,3.0,7.0,4.666666666666667,0.7146,1.0,8.89,2.7196957025852577
PHL,2021,,,4.0,3.0,7.0,4.666666666666667,0.7146,1.0,9.4336195,2.8221136514792873
PHL,2022,,,5.0,3.0,7.0,5.0,0.7146,1.0,9.97724,2.9283886413723663
PHL,2023,,,5.0,3.0,7.0,5.0,0.7146,1.0,9.97724,2.9283886413723663
PHL,2024,,,5.0,4.0,5.0,4.666666666666667,,,,
PHL,2025,,,5.0,4.0,5.0,4.666666666666667,,,,
PLW,2000,,,,,,,,,12.064454,3.374957973666499
PLW,2001,,,,,,,,,12.122573,3.3883225096172827
PLW,2002,,,,,,,,,12.180692,3.4017399679518627
PLW,2003,,,,,,,,,12.238811,3.4152105582382126
PLW,2004,2.0,,,,,,,,12.296929,3.4287342577202375
PLW,2005,0.0,,,,,,,,12.355048,3.442311743013544
PLW,2006,0.0,0.6666666666666666,,,,,,,12.413167,3.4559429939512647
PLW,2007,0.0,0.5,,,,,,,12.471286,3.469628223440609
PLW,2008,0.0,0.4,,,,,,,12.529405,3.483367645231883
PLW,2009,0.0,0.0,,,,,,,12.587524,3.4971614739218215
PLW,2010,0.0,0.0,,,,,,,12.645643,3.5110099249569453
PLW,2011,0.0,0.0,,,,,,,12.703762,3.5249132146369258
PLW,2012,0.0,0.0,,,,,,,12.761881,3.538871560117961
PLW,2013,2.0,0.4,,,,,,,12.82,3.5528851794161644
PLW,2014,0.0,0.4,,,,,,,12.878922,3.5671490667008157
PLW,2015,0.0,0.4,,,,,,,12.938116,3.581536463177925
PLW,2016,0.0,0.4,,,,,,,12.9975815,3.5960482780287677
PLW,2017,0.0,0.4,,,,,,,13.057321,3.6106861661181204
PLW,2018,0.0,0.0,,,,,,,13.117334,3.625451063949377
PLW,2019,0.0,0.0,,,,,,,13.177624,3.6403449076187178
PLW,2020,,,,,,,,,13.23819,3.6553685405267022
PLW,2021,,,,,,,,,13.299035,3.67052381219383
PLW,2022,,,,,,,,,13.299035,3.67052381219383
PLW,2023,,,,,,,,,13.299035,3.67052381219383
PNG,1960,,,,,,,,0.0,,
PNG,1961,,,,,,,,0.0,,
PNG,1962,,,,,,,,0.0,,
PNG,1963,,,,,,,,0.0,,
PNG,1964,,,,,,,,0.0,,
PNG,1965,,,,,,,,0.0,,
PNG,1966,,,,,,,,0.0,,
PNG,1967,,,,,,,,0.0,,
PNG,1968,,,,,,,,0.0,,
PNG,1969,,,,,,,,0.0,,
PNG,1970,,,,,,,,0.0,,
PNG,1971,,,,,,,,0.0,,
PNG,1972,,,,,,,,0.0,,
PNG,1973,,,,,,,,0.0,,
PNG,1974,,,,,,,,0.0,,
PNG,1975,,,,,,,-0.2307,0.0,,
PNG,1976,,,,,,,0.5209,0.0,,
PNG,1977,,,,,,,0.2232,0.0,,
PNG,1978,,,,,,,0.3377,0.0,,
PNG,1979,,,,,,,0.2961,0.0,,
PNG,1980,,,,,,,0.5356,0.0,,
PNG,1981,,,,,,,0.4547,0.0,,
PNG,1982,,,,,,,0.3014,0.0,,
PNG,1983,,,,,,,0.2516,0.0,,
PNG,1984,,,,,,,0.5168,0.0,,
PNG,1985,,,,,,,0.4687,0.0,,
PNG,1986,,,,,,,0.4312,0.0,,
PNG,1987,,,,,,,0.4307,0.0,,
PNG,1988,,,,,,,0.4779,0.0,,
PNG,1989,,,,,,,-0.04789,0.0,,
PNG,1990,,,,,,,-0.117,0.0,2.3945658,1.3783288915130911
PNG,1991,,,,,,,-0.1694,0.0,2.5184226,1.4013956436787798
PNG,1992,,,,,,,-0.1553,0.0,2.6422794,1.4248484249401001
PNG,1993,,,,,,,-0.2363,0.0,2.7661364,1.4486937344360744
PNG,1994,,,,,,,-0.3048,0.0,2.8899932,1.4729380635958147
PNG,1995,,,,,,,-0.3312,0.0,3.01385,1.4975881289594424
PNG,1996,,,,,,,-0.2824,0.0,3.0840356,1.5117391913720504
PNG,1997,,,,,,,-0.2457,0.0,3.154221,1.5260239296038045
PNG,1998,,,,,,,-0.2077,0.0,3.2244067,1.540443709225785
PNG,1999,,,,,,,-0.1561,0.0,3.2945921,1.5549996824205206
PNG,2000,,,,,,,-0.2666,0.0,3.3647778,1.569693261136927
PNG,2001,,,,,,,-0.2557,0.0,3.4246418,1.5823356281913357
PNG,2002,,,,,,,-0.2883,0.0,3.4845061,1.5950798814555527
PNG,2003,,,,,,,-0.2654,0.0,3.5443702,1.6079267348266446
PNG,2004,0.0,,3.0,5.0,3.0,3.6666666666666665,-0.4439,0.0,3.6042342,1.620877035679406
PNG,2005,0.0,,3.0,5.0,3.0,3.6666666666666665,-0.3195,0.0,3.6640985,1.6339317044139168
PNG,2006,1.0,0.3333333333333333,5.0,5.0,4.0,4.666666666666667,-0.356,0.0,3.7466698,1.6521108167398517
PNG,2007,0.0,0.25,5.0,5.0,4.0,4.666666666666667,-0.3881,0.0,3.8292408,1.6704921225842602
PNG,2008,0.0,0.2,6.0,5.0,5.0,5.333333333333333,-0.3944,0.0,3.911812,1.689077983224691
PNG,2009,1.0,0.4,6.0,5.0,5.0,5.333333333333333,-0.3477,0.0,3.9943833,1.7078706526498302
PNG,2010,0.0,0.4,4.0,4.0,4.0,4.0,-0.4005,0.0,4.076955,1.7224926468256672
PNG,2011,0.0,0.2,4.0,4.0,4.0,4.0,-0.4053,0.0,4.207004,1.7452667407480105
PNG,2012,0.0,0.2,5.0,4.0,4.0,4.333333333333333,-0.2917,0.0,4.337054,1.7683421230366705
PNG,2013,1.0,0.4,5.0,4.0,4.0,4.333333333333333,-0.3145,0.0,4.4671035,1.7917225104802064
PNG,2014,0.0,0.2,4.0,5.0,3.0,4.0,-0.1944,0.0,4.597153,1.8154120250490247
PNG,2015,1.0,0.4,4.0,5.0,3.0,4.0,-0.2505,0.0,4.727203,1.8394148468019231
PNG,2016,1.0,0.6,4.0,4.0,4.0,4.0,-0.2505,1.0,4.768489,1.8471010110970223
PNG,2017,0.0,0.6,4.0,4.0,4.0,4.0,-0.2505,1.0,4.8097744,1.8548191803352596
PNG,2018,3.0,1.0,5.0,4.0,5.0,4.666666666666667,-0.2505,1.0,4.85106,1.8625696378085135
PNG,2019,1.0,1.2,5.0,4.0,5.0,4.666666666666667,-0.2505,1.0,4.8923454,1.870352443186369
PNG,2020,,,4.0,4.0,5.0,4.333333333333333,-0.2505,1.0,4.933631,1.8781678071984513
PNG,2021,,,4.0,4.0,5.0,4.333333333333333,-0.2505,1.0,4.962531,1.8836579999747045
PNG,2022,,,5.0,4.0,5.0,4.666666666666667,-0.2505,1.0,4.962531,1.8836579999747045
PNG,2023,,,5.0,4.0,5.0,4.666666666666667,-0.2505,1.0,4.962531,1.8836579999747045
PNG,2024,,,6.0,4.0,5.0,5.0,,,,
PNG,2025,,,6.0,4.0,5.0,5.0,,,,
POL,1960,,,,,,,0.4735,0.0,,
POL,1961,,,,,,,0.4968,0.0,,
POL,1962,,,,,,,0.5141,0.0,,
POL,1963,,,,,,,0.5378,0.0,,
POL,1964,,,,,,,0.5373,0.0,,
POL,1965,,,,,,,0.5373,0.0,,
POL,1966,,,,,,,0.538,0.0,,
POL,1967,,,,,,,0.5505,0.0,,
POL,1968,,,,,,,0.5421,0.0,,
POL,1969,,,,,,,0.5753,0.0,,
POL,1970,,,,,,,0.563,0.0,,
POL,1971,,,,,,,0.5832,0.0,,
POL,1972,,,,,,,0.5835,0.0,,
POL,1973,,,,,,,0.5943,0.0,,
POL,1974,,,,,,,0.6117,0.0,,
POL,1975,,,,,,,0.624,0.0,,
POL,1976,,,,,,,0.6505,0.0,,
POL,1977,,,,,,,0.6473,0.0,,
POL,1978,,,,,,,0.5834,0.0,,
POL,1979,,,,,,,0.6238,0.0,,
POL,1980,,,,,,,0.6285,0.0,,
POL,1981,,,,,,,0.6017,0.0,,
POL,1982,,,,,,,0.6475,0.0,,
POL,1983,,,,,,,0.6476,0.0,,
POL,1984,,,,,,,0.9855,0.0,,
POL,1985,,,,,,,1.014,0.0,,
POL,1986,,,,,,,1.034,0.0,,
POL,1987,,,,,,,1.031,0.0,,
POL,1988,,,,,,,1.062,0.0,,
POL,1989,,,,,,,0.7438,0.0,,
POL,1990,,,,,,,0.8838,0.0,9.667546,2.867363963230623
POL,1991,,,,,,,0.9565,0.0,9.855287,2.904204504085162
POL,1992,,,,,,,1.243,0.0,10.043027,2.941518180519422
POL,1993,,,,,,,1.655,0.0,10.230767,2.979311268939678
POL,1994,,,,,,,1.621,0.0,10.418508,3.017590134102681
POL,1995,,,,,,,1.593,0.0,10.606248,3.056360606952214
POL,1996,,,,,,,1.535,0.0,10.733565,3.082936093451286
POL,1997,,,,,,,1.528,0.0,10.860884,3.1097430804782915
POL,1998,,,,,,,1.425,0.0,10.988202,3.136782948414141
POL,1999,,,,,,,1.281,0.0,11.11552,3.164057933669675
POL,2000,,,,,,,1.192,0.0,11.242838,3.1915700806392717
POL,2001,,,,,,,1.179,0.0,11.346419,3.2141292847367606
POL,2002,,,,,,,1.281,0.0,11.45,3.2368479456773245
POL,2003,,,,,,,1.295,0.0,11.57,3.263368682361623
POL,2004,1.0,,6.0,7.0,7.0,6.666666666666667,1.268,0.0,11.69,3.2901067136133775
POL,2005,0.0,,6.0,7.0,7.0,6.666666666666667,1.355,0.0,11.809999,3.3170635942499898
POL,2006,2.0,1.0,5.0,6.0,5.0,5.333333333333333,1.427,0.0,11.93,3.3442417959175046
POL,2007,1.0,1.0,5.0,6.0,5.0,5.333333333333333,1.464,0.0,12.05,3.371642451606815
POL,2008,0.0,0.8,7.0,7.0,7.0,7.0,1.505,0.0,12.17,3.3992676113774736
POL,2009,4.0,1.4,7.0,7.0,7.0,7.0,1.466,0.0,12.34,3.4387911508849247
POL,2010,1.0,1.6,8.0,8.0,8.0,8.0,1.454,0.0,12.31,3.4317831675105306
POL,2011,0.0,1.2,8.0,8.0,8.0,8.0,1.43,0.0,12.55,3.488249379823463
POL,2012,3.0,1.6,8.0,8.0,9.0,8.333333333333334,1.426,0.0,12.78,3.543234462652938
POL,2013,3.0,2.2,8.0,8.0,9.0,8.333333333333334,1.408,0.0,12.78,3.543234462652938
POL,2014,1.0,1.6,8.0,8.0,9.0,8.333333333333334,1.353,0.0,12.84,3.557720390458412
POL,2015,1.0,1.6,8.0,8.0,9.0,8.333333333333334,1.428,0.0,12.92,3.577127127848629
POL,2016,2.0,2.0,7.0,7.0,8.0,7.333333333333333,1.428,1.0,13.0,3.5966397255692817
POL,2017,0.0,1.4,7.0,7.0,8.0,7.333333333333333,1.428,1.0,13.04,3.606435902383629
POL,2018,1.0,1.0,7.0,7.0,8.0,7.333333333333333,1.428,1.0,13.08,3.616258761069807
POL,2019,0.0,0.8,7.0,7.0,8.0,7.333333333333333,1.428,1.0,13.12,3.6261083743012965
POL,2020,,,6.0,7.0,7.0,6.666666666666667,1.428,1.0,13.16,3.635984814949524
POL,2021,,,6.0,7.0,7.0,6.666666666666667,1.428,1.0,13.208543,3.6480067553285696
POL,2022,,,6.0,7.0,7.0,6.666666666666667,1.428,1.0,13.208543,3.6480067553285696
POL,2023,,,6.0,7.0,7.0,6.666666666666667,1.428,1.0,13.208543,3.6480067553285696
POL,2024,,,8.0,8.0,8.0,8.0,,,,
POL,2025,,,8.0,8.0,8.0,8.0,,,,
PRI,2004,0.0,,,,,,,,,
PRI,2005,0.0,,,,,,,,,
PRI,2006,0.0,0.0,,,,,,,,
PRI,2007,0.0,0.0,,,,,,,,
PRI,2008,0.0,0.0,,,,,,,,
PRI,2009,0.0,0.0,,,,,,,,
PRI,2010,0.0,0.0,,,,,,,,
PRI,2011,2.0,0.4,,,,,,,,
PRI,2012,0.0,0.4,,,,,,,,
PRI,2013,0.0,0.4,,,,,,,,
PRI,2014,1.0,0.6,,,,,,,,
PRI,2015,0.0,0.6,,,,,,,,
PRI,2016,1.0,0.4,,,,,,,,
PRI,2017,1.0,0.6,,,,,,,,
PRI,2018,1.0,0.8,,,,,,,,
PRI,2019,0.0,0.6,,,,,,,,
PRK,1960,,,,,,,-0.6688,0.0,,
PRK,1961,,,,,,,-0.6493,0.0,,
PRK,1962,,,,,,,-0.6504,0.0,,
PRK,1963,,,,,,,-0.6376,0.0,,
PRK,1964,,,,,,,-0.6266,0.0,,
PRK,1965,,,,,,,-0.5924,0.0,,
PRK,1966,,,,,,,-0.6137,0.0,,
PRK,1967,,,,,,,-0.5854,0.0,,
PRK,1968,,,,,,,-0.506,0.0,,
PRK,1969,,,,,,,-0.5134,0.0,,
PRK,1970,,,,,,,-0.5109,0.0,,
PRK,1971,,,,,,,-0.4962,0.0,,
PRK,1972,,,,,,,-0.5455,0.0,,
PRK,1973,,,,,,,-0.5354,0.0,,
PRK,1974,,,,,,,-0.4958,0.0,,
PRK,1975,,,,,,,-0.5006,0.0,,
PRK,1976,,,,,,,-0.4669,0.0,,
PRK,1977,,,,,,,-0.4741,0.0,,
PRK,1978,,,,,,,-0.4372,0.0,,
PRK,1979,,,,,,,-0.4275,0.0,,
PRK,1980,,,,,,,-0.4176,0.0,,
PRK,1981,,,,,,,-0.3814,0.0,,
PRK,1982,,,,,,,-0.3821,0.0,,
PRK,1983,,,,,,,-0.3773,0.0,,
PRK,1984,,,,,,,-0.2576,0.0,,
PRK,1985,,,,,,,-0.134,0.0,,
PRK,1986,,,,,,,-0.1281,0.0,,
PRK,1987,,,,,,,-0.2304,0.0,,
PRK,1988,,,,,,,-0.2706,0.0,,
PRK,1989,,,,,,,-0.2672,0.0,,
PRK,1990,,,,,,,-0.2433,0.0,,
PRK,1991,,,,,,,-0.255,0.0,,
PRK,1992,,,,,,,-0.2843,0.0,,
PRK,1993,,,,,,,-0.1578,0.0,,
PRK,1994,,,,,,,-0.09062,0.0,,
PRK,1995,,,,,,,0.04106,0.0,,
PRK,1996,,,,,,,0.2329,0.0,,
PRK,1997,,,,,,,0.147,0.0,,
PRK,1998,,,,,,,0.1429,0.0,,
PRK,1999,,,,,,,0.1311,0.0,,
PRK,2000,,,,,,,0.1335,0.0,,
PRK,2001,,,,,,,0.1307,0.0,,
PRK,2002,,,,,,,0.0067,0.0,,
PRK,2003,,,,,,,0.005813,0.0,,
PRK,2004,,,3.0,2.0,3.0,2.6666666666666665,-0.01342,0.0,,
PRK,2005,,,3.0,2.0,3.0,2.6666666666666665,-0.02268,0.0,,
PRK,2006,,,3.0,1.0,3.0,2.3333333333333335,0.2419,0.0,,
PRK,2007,,,3.0,1.0,3.0,2.3333333333333335,0.2348,0.0,,
PRK,2008,,,2.0,1.0,3.0,2.0,0.2354,0.0,,
PRK,2009,,,2.0,1.0,3.0,2.0,0.2316,0.0,,
PRK,2010,,,2.0,1.0,3.0,2.0,0.2156,0.0,,
PRK,2011,,,2.0,1.0,3.0,2.0,0.2069,0.0,,
PRK,2012,,,2.0,1.0,4.0,2.3333333333333335,0.19,0.0,,
PRK,2013,,,2.0,1.0,4.0,2.3333333333333335,0.2453,0.0,,
PRK,2014,,,1.0,1.0,3.0,1.6666666666666667,0.2402,0.0,,
PRK,2015,,,1.0,1.0,3.0,1.6666666666666667,0.1979,0.0,,
PRK,2016,,,1.0,1.0,3.0,1.6666666666666667,0.1979,1.0,,
PRK,2017,,,1.0,1.0,3.0,1.6666666666666667,0.1979,1.0,,
PRK,2018,,,1.0,1.0,3.0,1.6666666666666667,0.1979,1.0,,
PRK,2019,,,1.0,1.0,3.0,1.6666666666666667,0.1979,1.0,,
PRK,2020,,,1.0,1.0,3.0,1.6666666666666667,0.1979,1.0,,
PRK,2021,,,1.0,1.0,3.0,1.6666666666666667,0.1979,1.0,,
PRK,2022,,,1.0,1.0,3.0,1.6666666666666667,0.1979,1.0,,
PRK,2023,,,1.0,1.0,3.0,1.6666666666666667,0.1979,1.0,,
PRK,2024,,,1.0,1.0,3.0,1.6666666666666667,,,,
PRK,2025,,,1.0,1.0,3.0,1.6666666666666667,,,,
PRT,1960,,,,,,,0.5028,0.0,,
PRT,1961,,,,,,,0.5814,0.0,,
PRT,1962,,,,,,,0.6039,0.0,,
PRT,1963,,,,,,,0.6665,0.0,,
PRT,1964,,,,,,,0.697,0.0,,
PRT,1965,,,,,,,0.6217,0.0,,
PRT,1966,,,,,,,0.6635,0.0,,
PRT,1967,,,,,,,0.7073,0.0,,
PRT,1968,,,,,,,0.7371,0.0,,
PRT,1969,,,,,,,0.7636,0.0,,
PRT,1970,,,,,,,0.6328,0.0,,
PRT,1971,,,,,,,0.6346,0.0,,
PRT,1972,,,,,,,0.6428,0.0,,
PRT,1973,,,,,,,0.6702,0.0,,
PRT,1974,,,,,,,0.9983,0.0,,
PRT,1975,,,,,,,0.9731,0.0,,
PRT,1976,,,,,,,1.049,0.0,,
PRT,1977,,,,,,,1.013,0.0,,
PRT,1978,,,,,,,1.06,0.0,,
PRT,1979,,,,,,,1.118,0.0,,
PRT,1980,,,,,,,1.038,0.0,,
PRT,1981,,,,,,,1.154,0.0,,
PRT,1982,,,,,,,1.163,0.0,,
PRT,1983,,,,,,,1.195,0.0,,
PRT,1984,,,,,,,1.311,0.0,,
PRT,1985,,,,,,,1.312,0.0,,
PRT,1986,,,,,,,1.308,0.0,,
PRT,1987,,,,,,,1.315,0.0,,
PRT,1988,,,,,,,1.349,0.0,,
PRT,1989,,,,,,,1.398,0.0,,
PRT,1990,,,,,,,1.411,0.0,5.271125,1.9432923552894745
PRT,1991,,,,,,,1.642,0.0,5.44,1.976722163663974
PRT,1992,,,,,,,1.697,0.0,5.614286,2.01182623863383
PRT,1993,,,,,,,1.652,0.0,5.7885714,2.047553593307324
PRT,1994,,,,,,,1.699,0.0,5.9628572,2.0839155024087654
PRT,1995,,,,,,,1.809,0.0,6.1371427,2.120923087820658
PRT,1996,,,,,,,1.819,0.0,6.3114285,2.158587944448862
PRT,1997,,,,,,,1.713,0.0,6.485714,2.196921613751162
PRT,1998,,,,,,,1.681,0.0,6.66,2.2359361512767952
PRT,1999,,,,,,,1.699,0.0,6.71,2.2472561878757293
PRT,2000,,,,,,,1.693,0.0,6.79,2.2654875734832665
PRT,2001,,,,,,,1.683,0.0,6.88,2.286174736236058
PRT,2002,,,,,,,1.685,0.0,6.96,2.3047218575689077
PRT,2003,,,,,,,1.677,0.0,7.15,2.3493765615447866
PRT,2004,0.0,,,,,,1.683,0.0,7.39,2.407021280860224
PRT,2005,1.0,,,,,,1.691,0.0,7.49,2.4314553802891745
PRT,2006,2.0,1.0,,,,,1.705,0.0,7.62,2.4635908974317777
PRT,2007,2.0,1.25,,,,,1.735,0.0,7.67,2.4760634982740712
PRT,2008,3.0,1.6,,,,,1.743,0.0,7.78,2.5037259440908453
PRT,2009,2.0,2.0,,,,,1.713,0.0,7.93,2.541946179395387
PRT,2010,1.0,2.0,,,,,1.708,0.0,8.06,2.5704474787608205
PRT,2011,1.0,1.8,,,,,1.74,0.0,8.28,2.6091904478933485
PRT,2012,0.0,1.4,,,,,1.68,0.0,8.5,2.648517368913479
PRT,2013,2.0,1.2,,,,,1.762,0.0,8.66,2.6774905662743937
PRT,2014,0.0,0.8,,,,,1.748,0.0,8.87,2.7159994304645023
PRT,2015,0.0,0.6,,,,,1.771,0.0,8.99,2.738252655496666
PRT,2016,0.0,0.4,,,,,1.771,1.0,9.11,2.760688209736552
PRT,2017,0.0,0.4,,,,,1.771,1.0,9.22,2.7814155812729573
PRT,2018,0.0,0.0,,,,,1.771,1.0,9.14,2.7663257620326545
PRT,2019,0.0,0.0,,,,,1.771,1.0,9.33,2.8022985748492917
PRT,2020,,,,,,,1.771,1.0,9.58,2.8503448871666457
PRT,2021,,,,,,,1.771,1.0,9.703255,2.8743349909558726
PRT,2022,,,,,,,1.771,1.0,9.703255,2.8743349909558726
PRT,2023,,,,,,,1.771,1.0,9.703255,2.8743349909558726
PRY,1960,,,,,,,-0.8296,0.0,,
PRY,1961,,,,,,,-0.8157,0.0,,
PRY,1962,,,,,,,-0.7116,0.0,,
PRY,1963,,,,,,,-0.5412,0.0,,
PRY,1964,,,,,,,-0.5256,0.0,,
PRY,1965,,,,,,,-0.5072,0.0,,
PRY,1966,,,,,,,-0.4948,0.0,,
PRY,1967,,,,,,,-0.4862,0.0,,
PRY,1968,,,,,,,-0.4748,0.0,,
PRY,1969,,,,,,,-0.4833,0.0,,
PRY,1970,,,,,,,-0.4574,0.0,,
PRY,1971,,,,,,,-0.4815,0.0,,
PRY,1972,,,,,,,-0.6114,0.0,,
PRY,1973,,,,,,,-0.6144,0.0,,
PRY,1974,,,,,,,-0.6141,0.0,,
PRY,1975,,,,,,,-0.5679,0.0,,
PRY,1976,,,,,,,-0.5468,0.0,,
PRY,1977,,,,,,,-0.5543,0.0,,
PRY,1978,,,,,,,-0.4984,0.0,,
PRY,1979,,,,,,,-0.5068,0.0,,
PRY,1980,,,,,,,-0.4666,0.0,,
PRY,1981,,,,,,,-0.4065,0.0,,
PRY,1982,,,,,,,-0.3068,0.0,,
PRY,1983,,,,,,,-0.3388,0.0,,
PRY,1984,,,,,,,-0.444,0.0,,
PRY,1985,,,,,,,-0.427,0.0,,
PRY,1986,,,,,,,-0.4202,0.0,,
PRY,1987,,,,,,,-0.422,0.0,,
PRY,1988,,,,,,,-0.4087,0.0,,
PRY,1989,,,,,,,-0.5178,0.0,,
PRY,1990,,,,,,,-0.3056,0.0,5.744568,2.0384737539164504
PRY,1991,,,,,,,-0.1804,0.0,5.8463817,2.0595439024298887
PRY,1992,,,,,,,0.2017,0.0,5.95,2.0812111335465153
PRY,1993,,,,,,,0.2124,0.0,6.0554543,2.103496340442343
PRY,1994,,,,,,,0.2395,0.0,6.160909,2.126020258921123
PRY,1995,,,,,,,0.2436,0.0,6.2663636,2.1487853383861464
PRY,1996,,,,,,,0.2564,0.0,6.371818,2.171794138752629
PRY,1997,,,,,,,0.2222,0.0,6.4772725,2.195049335314867
PRY,1998,,,,,,,0.1851,0.0,6.5827274,2.218553634135214
PRY,1999,,,,,,,0.07951,0.0,6.688182,2.2423095459458264
PRY,2000,,,,,,,0.02656,0.0,6.7936363,2.2663197635304013
PRY,2001,,,,,,,0.007176,0.0,6.899091,2.2905871704277536
PRY,2002,,,,,,,-0.09312,0.0,7.0045457,2.315114429022558
PRY,2003,,,,,,,-0.1452,0.0,7.11,2.3399042272350856
PRY,2004,0.0,,6.0,6.0,4.0,5.333333333333333,-0.1744,0.0,7.23,2.36843642230384
PRY,2005,0.0,,6.0,6.0,4.0,5.333333333333333,-0.1231,0.0,7.35,2.3973165316786442
PRY,2006,0.0,0.0,7.0,7.0,6.0,6.666666666666667,-0.09551,0.0,7.07,2.3304700839581645
PRY,2007,3.0,0.75,7.0,7.0,6.0,6.666666666666667,-0.02811,0.0,7.15,2.3493765615447866
PRY,2008,0.0,0.6,7.0,6.0,6.0,6.333333333333333,0.03416,0.0,7.39,2.407021280860224
PRY,2009,1.0,0.8,7.0,6.0,6.0,6.333333333333333,0.1254,0.0,7.03,2.321073977733501
PRY,2010,0.0,0.8,7.0,6.0,6.0,6.333333333333333,0.09266,0.0,7.28,2.380427277663202
PRY,2011,0.0,0.8,7.0,6.0,6.0,6.333333333333333,0.119,0.0,7.53,2.4412983293950172
PRY,2012,0.0,0.2,7.0,6.0,6.0,6.333333333333333,0.1427,0.0,7.78,2.5037259440908453
PRY,2013,1.0,0.4,7.0,6.0,6.0,6.333333333333333,0.1182,0.0,8.29,2.6109653007795064
PRY,2014,1.0,0.4,7.0,6.0,6.0,6.333333333333333,0.1199,0.0,8.25,2.603873124893154
PRY,2015,0.0,0.4,7.0,6.0,6.0,6.333333333333333,0.1222,0.0,8.52,2.652121802994813
PRY,2016,0.0,0.4,7.0,6.0,6.0,6.333333333333333,0.1222,1.0,8.35,2.6216398003782064
PRY,2017,0.0,0.4,7.0,6.0,6.0,6.333333333333333,0.1222,1.0,8.47,2.6431199007702437
PRY,2018,1.0,0.4,7.0,6.0,6.0,6.333333333333333,0.1222,1.0,8.59,2.6647759958633013
PRY,2019,1.0,0.4,7.0,6.0,6.0,6.333333333333333,0.1222,1.0,8.81,2.7049407278821036
PRY,2020,,,7.0,5.0,6.0,6.0,0.1222,1.0,8.86,2.714153178648546
PRY,2021,,,7.0,5.0,6.0,6.0,0.1222,1.0,8.930654,2.727224627159301
PRY,2022,,,7.0,5.0,6.0,6.0,0.1222,1.0,8.930654,2.727224627159301
PRY,2023,,,7.0,5.0,6.0,6.0,0.1222,1.0,8.930654,2.727224627159301
PRY,2024,,,7.0,7.0,6.0,6.666666666666667,,,,
PRY,2025,,,7.0,7.0,6.0,6.666666666666667,,,,
PSE,2004,,,,,,,,,7.53,2.4412983293950172
PSE,2005,,,,,,,,,7.6349998,2.467326016477411
PSE,2006,,,,,,,,,7.74,2.49363129619553
PSE,2007,,,,,,,,,7.91,2.5368166307014066
PSE,2008,,,,,,,,,8.01,2.561722797695619
PSE,2009,,,,,,,,,8.31,2.614518629304277
PSE,2010,,,,,,,,,8.36,2.623423121702997
PSE,2011,,,,,,,,,8.58,2.6629645641426998
PSE,2012,,,,,,,,,8.85,2.7123081818570682
PSE,2013,,,,,,,,,8.87,2.7159994304645023
PSE,2014,,,,,,,,,8.91,2.7233970050559595
PSE,2015,,,,,,,,,9.08,2.755062146324489
PSE,2016,,,,,,,,,9.16,2.770090524527239
PSE,2017,,,,,,,,,9.28,2.792786938639235
PSE,2018,,,,,,,,,9.52,2.8387391717858264
PSE,2019,,,,,,,,,9.73,2.879567185379746
PSE,2020,,,,,,,,,9.94,2.9209824056852196
PSE,2021,,,,,,,,,10.035,2.939913032115585
PSE,2022,,,,,,,,,10.13,2.9589663462473026
PSE,2023,,,,,,,,,10.13,2.9589663462473026
QAT,1960,,,,,,,,0.0,,
QAT,1961,,,,,,,,0.0,,
QAT,1962,,,,,,,,0.0,,
QAT,1963,,,,,,,,0.0,,
QAT,1964,,,,,,,,0.0,,
QAT,1965,,,,,,,,0.0,,
QAT,1966,,,,,,,,0.0,,
QAT,1967,,,,,,,,0.0,,
QAT,1968,,,,,,,,0.0,,
QAT,1969,,,,,,,,0.0,,
QAT,1970,,,,,,,,0.0,,
QAT,1971,,,,,,,-0.7677,0.0,,
QAT,1972,,,,,,,0.3699,0.0,,
QAT,1973,,,,,,,0.4737,0.0,,
QAT,1974,,,,,,,0.3372,0.0,,
QAT,1975,,,,,,,0.447,0.0,,
QAT,1976,,,,,,,0.4885,0.0,,
QAT,1977,,,,,,,0.5316,0.0,,
QAT,1978,,,,,,,0.5578,0.0,,
QAT,1979,,,,,,,0.5728,0.0,,
QAT,1980,,,,,,,0.4808,0.0,,
QAT,1981,,,,,,,0.508,0.0,,
QAT,1982,,,,,,,0.5403,0.0,,
QAT,1983,,,,,,,0.469,0.0,,
QAT,1984,,,,,,,0.4529,0.0,,
QAT,1985,,,,,,,0.473,0.0,,
QAT,1986,,,,,,,-0.01805,0.0,,
QAT,1987,,,,,,,0.4248,0.0,,
QAT,1988,,,,,,,0.4095,0.0,,
QAT,1989,,,,,,,0.3985,0.0,,
QAT,1990,,,,,,,0.429,0.0,6.4121194,2.1806523156417037
QAT,1991,,,,,,,0.4525,0.0,6.545606,2.2102512702226926
QAT,1992,,,,,,,0.07703,0.0,6.6790924,2.2402519392011344
QAT,1993,,,,,,,0.5767,0.0,6.812579,2.270659865729703
QAT,1994,,,,,,,0.8315,0.0,6.9460654,2.3014804859515503
QAT,1995,,,,,,,0.9875,0.0,7.079552,2.332719494519803
QAT,1996,,,,,,,1.031,0.0,7.1939692,2.3598330834865147
QAT,1997,,,,,,,1.091,0.0,7.3083863,2.387261794122754
QAT,1998,,,,,,,1.103,0.0,7.422803,2.415009215405128
QAT,1999,,,,,,,1.122,0.0,7.53722,2.443079222215192
QAT,2000,,,,,,,1.16,0.0,7.651637,2.4714754908371326
QAT,2001,,,,,,,1.28,0.0,7.813728,2.5122695002935034
QAT,2002,,,,,,,1.163,0.0,7.9758186,2.553736749775592
QAT,2003,,,,,,,1.094,0.0,8.13791,2.5841015378967076
QAT,2004,0.0,,,,,,1.611,0.0,8.3,2.612741360976066
QAT,2005,0.0,,,,,,1.529,0.0,8.693334,2.6835665499218524
QAT,2006,0.0,0.0,,,,,1.52,0.0,9.086666,2.7563112660187676
QAT,2007,1.0,0.25,,,,,1.541,0.0,9.48,2.831028292788019
QAT,2008,0.0,0.2,6.0,6.0,9.0,7.0,1.51,0.0,9.59,2.852283780839055
QAT,2009,0.0,0.2,6.0,6.0,9.0,7.0,1.578,0.0,9.16,2.770090524527239
QAT,2010,0.0,0.2,5.0,6.0,9.0,6.666666666666667,1.468,0.0,8.55,2.657537653762489
QAT,2011,3.0,0.8,5.0,6.0,9.0,6.666666666666667,1.272,0.0,8.65,2.6756704915848553
QAT,2012,1.0,0.8,6.0,6.0,9.0,7.0,1.024,0.0,9.12,2.7625661161349866
QAT,2013,0.0,0.8,6.0,6.0,9.0,7.0,0.9537,0.0,9.8,2.893306599044841
QAT,2014,0.0,0.8,7.0,6.0,8.0,7.0,0.9569,0.0,9.72,2.8776097452987424
QAT,2015,2.0,1.2,7.0,6.0,8.0,7.0,0.9509,0.0,9.695001,2.8727221598676342
QAT,2016,1.0,0.8,7.0,6.0,9.0,7.333333333333333,0.9509,1.0,9.67,2.8678424859148035
QAT,2017,1.0,0.8,7.0,6.0,9.0,7.333333333333333,0.9509,1.0,9.73,2.879567185379746
QAT,2018,4.0,1.6,8.0,7.0,9.0,8.0,0.9509,1.0,9.938,2.9205851790900677
QAT,2019,3.0,2.2,8.0,7.0,9.0,8.0,0.9509,1.0,10.146,2.9621874535966706
QAT,2020,,,8.0,8.0,9.0,8.333333333333334,0.9509,1.0,10.354,3.0043823316871423
QAT,2021,,,8.0,8.0,9.0,8.333333333333334,0.9509,1.0,10.562,3.0471782547030153
QAT,2022,,,8.0,8.0,9.0,8.333333333333334,0.9509,1.0,10.77,3.0905837842285067
QAT,2023,,,8.0,8.0,9.0,8.333333333333334,0.9509,1.0,10.77,3.0905837842285067
QAT,2024,,,8.0,8.0,9.0,8.333333333333334,,,,
QAT,2025,,,8.0,8.0,9.0,8.333333333333334,,,,
ROM,2004,2.0,,,,,,,,,
ROM,2005,0.0,,,,,,,,,
ROM,2006,4.0,2.0,,,,,,,,
ROM,2007,2.0,2.0,,,,,,,,
ROM,2008,1.0,1.8,,,,,,,,
ROM,2009,1.0,1.6,,,,,,,,
ROM,2010,0.0,1.6,,,,,,,,
ROM,2011,0.0,0.8,,,,,,,,
ROM,2012,1.0,0.6,,,,,,,,
ROM,2013,3.0,1.0,,,,,,,,
ROM,2014,1.0,1.0,,,,,,,,
ROM,2015,0.0,1.0,,,,,,,,
ROM,2016,0.0,1.0,,,,,,,,
ROM,2017,1.0,1.0,,,,,,,,
ROM,2018,0.0,0.4,,,,,,,,
ROM,2019,0.0,0.2,,,,,,,,
ROU,1960,,,,,,,0.2777,0.0,,
ROU,1961,,,,,,,0.3139,0.0,,
ROU,1962,,,,,,,0.3099,0.0,,
ROU,1963,,,,,,,0.2973,0.0,,
ROU,1964,,,,,,,0.2938,0.0,,
ROU,1965,,,,,,,0.3107,0.0,,
ROU,1966,,,,,,,0.3212,0.0,,
ROU,1967,,,,,,,0.3181,0.0,,
ROU,1968,,,,,,,0.309,0.0,,
ROU,1969,,,,,,,0.3356,0.0,,
ROU,1970,,,,,,,0.8575,0.0,,
ROU,1971,,,,,,,0.769,0.0,,
ROU,1972,,,,,,,0.6039,0.0,,
ROU,1973,,,,,,,0.4686,0.0,,
ROU,1974,,,,,,,0.4881,0.0,,
ROU,1975,,,,,,,0.2764,0.0,,
ROU,1976,,,,,,,0.2171,0.0,,
ROU,1977,,,,,,,0.0009465,0.0,,
ROU,1978,,,,,,,0.017,0.0,,
ROU,1979,,,,,,,0.00792,0.0,,
ROU,1980,,,,,,,-0.04678,0.0,,
ROU,1981,,,,,,,-0.03337,0.0,,
ROU,1982,,,,,,,-0.04224,0.0,,
ROU,1983,,,,,,,-0.05015,0.0,,
ROU,1984,,,,,,,-0.1731,0.0,,
ROU,1985,,,,,,,-0.1049,0.0,,
ROU,1986,,,,,,,0.3807,0.0,,
ROU,1987,,,,,,,0.3028,0.0,,
ROU,1988,,,,,,,0.2718,0.0,,
ROU,1989,,,,,,,0.3326,0.0,,
ROU,1990,,,,,,,0.4574,0.0,8.495333,2.6476769793937316
ROU,1991,,,,,,,0.5538,0.0,8.592114,2.6651590902768927
ROU,1992,,,,,,,0.6613,0.0,8.69,2.6829582221423958
ROU,1993,,,,,,,0.7019,0.0,8.789,2.7010808291463055
ROU,1994,,,,,,,0.7523,0.0,8.888,2.719325849120312
ROU,1995,,,,,,,0.8059,0.0,8.9869995,2.7376940158470333
ROU,1996,,,,,,,0.9702,0.0,9.0859995,2.756186347310374
ROU,1997,,,,,,,1.049,0.0,9.185,2.7748036834689502
ROU,1998,,,,,,,1.096,0.0,9.284,2.793546680006688
ROU,1999,,,,,,,0.9532,0.0,9.383,2.8124162800664343
ROU,2000,,,,,,,0.9393,0.0,9.482,2.8314133388183746
ROU,2001,,,,,,,0.8987,0.0,9.581,2.85053871720912
ROU,2002,,,,,,,0.8915,0.0,9.68,2.869793282000724
ROU,2003,,,,,,,0.9312,0.0,9.862,2.905530529605695
ROU,2004,,,8.0,7.0,7.0,7.333333333333333,1.07,0.0,10.044001,2.941713009603443
ROU,2005,,,8.0,7.0,7.0,7.333333333333333,1.117,0.0,10.226,2.9783456638277843
ROU,2006,,,8.0,8.0,6.0,7.333333333333333,1.172,0.0,10.408,3.015434703344665
ROU,2007,,,8.0,8.0,6.0,7.333333333333333,1.218,0.0,10.59,3.0529856089468
ROU,2008,,,7.0,7.0,6.0,6.666666666666667,1.226,0.0,10.67,3.069639107104734
ROU,2009,,,7.0,7.0,6.0,6.666666666666667,1.153,0.0,10.7,3.0759075625338648
ROU,2010,,,7.0,7.0,6.0,6.666666666666667,1.156,0.0,10.73,3.0821888186643482
ROU,2011,,,7.0,7.0,6.0,6.666666666666667,1.215,0.0,10.86,3.1095561532205793
ROU,2012,,,6.0,6.0,5.0,5.666666666666667,1.14,0.0,10.96,3.1307731912354737
ROU,2013,,,6.0,6.0,5.0,5.666666666666667,1.081,0.0,11.02,3.143572839382267
ROU,2014,,,6.0,5.0,5.0,5.333333333333333,1.094,0.0,10.86,3.1095561532205793
ROU,2015,,,6.0,5.0,5.0,5.333333333333333,1.016,0.0,10.98,3.135033939427601
ROU,2016,,,6.0,6.0,5.0,5.666666666666667,1.016,1.0,11.08,3.1564248167725646
ROU,2017,,,6.0,6.0,5.0,5.666666666666667,1.016,1.0,11.15,3.1714852142102763
ROU,2018,,,5.0,5.0,4.0,4.666666666666667,1.016,1.0,11.215,3.1855342042528627
ROU,2019,,,5.0,5.0,4.0,4.666666666666667,1.016,1.0,11.28,3.1996454282671967
ROU,2020,,,6.0,5.0,5.0,5.333333333333333,1.016,1.0,11.39,3.2236685103894565
ROU,2021,,,6.0,5.0,5.0,5.333333333333333,1.016,1.0,11.46,3.2390497508092873
ROU,2022,,,5.0,5.0,4.0,4.666666666666667,1.016,1.0,11.55,3.25893351754929
ROU,2023,,,5.0,5.0,4.0,4.666666666666667,1.016,1.0,11.55,3.25893351754929
ROU,2024,,,5.0,5.0,4.0,4.666666666666667,,,,
ROU,2025,,,5.0,5.0,4.0,4.666666666666667,,,,
RUS,1960,,,,,,,,0.0,,
RUS,1961,,,,,,,,0.0,,
RUS,1962,,,,,,,,0.0,,
RUS,1963,,,,,,,,0.0,,
RUS,1964,,,,,,,,0.0,,
RUS,1965,,,,,,,,0.0,,
RUS,1966,,,,,,,,0.0,,
RUS,1967,,,,,,,,0.0,,
RUS,1968,,,,,,,,0.0,,
RUS,1969,,,,,,,,0.0,,
RUS,1970,,,,,,,,0.0,,
RUS,1971,,,,,,,,0.0,,
RUS,1972,,,,,,,,0.0,,
RUS,1973,,,,,,,,0.0,,
RUS,1974,,,,,,,,0.0,,
RUS,1975,,,,,,,,0.0,,
RUS,1976,,,,,,,,0.0,,
RUS,1977,,,,,,,,0.0,,
RUS,1978,,,,,,,,0.0,,
RUS,1979,,,,,,,,0.0,,
RUS,1980,,,,,,,,0.0,,
RUS,1981,,,,,,,,0.0,,
RUS,1982,,,,,,,,0.0,,
RUS,1983,,,,,,,,0.0,,
RUS,1984,,,,,,,,0.0,,
RUS,1985,,,,,,,,0.0,,
RUS,1986,,,,,,,,0.0,,
RUS,1987,,,,,,,,0.0,,
RUS,1988,,,,,,,,0.0,,
RUS,1989,,,,,,,,0.0,,
RUS,1990,,,,,,,,0.0,9.653425,2.864611961552926
RUS,1991,,,,,,,,0.0,9.841943,2.9015704473935076
RUS,1992,,,,,,,0.2823,0.0,10.030461,2.9390057621009515
RUS,1993,,,,,,,-0.165,0.0,10.218979,2.9769240575985063
RUS,1994,,,,,,,-0.1243,0.0,10.407497,3.0153315651799506
RUS,1995,,,,,,,-0.05527,0.0,10.596015,3.05423459653361
RUS,1996,,,,,,,0.06174,0.0,10.888543,3.115597426317135
RUS,1997,,,,,,,0.1811,0.0,11.181071,3.178193100782373
RUS,1998,,,,,,,0.05997,0.0,11.473599,3.2420463890935665
RUS,1999,,,,,,,0.06767,0.0,11.766128,3.307182782942299
RUS,2000,,,,,,,0.3145,0.0,12.058656,3.373627611510155
RUS,2001,,,,,,,0.3475,0.0,12.119328,3.3875749248563705
RUS,2002,,,,,,,0.6232,0.0,12.18,3.4015798994420523
RUS,2003,,,,,,,0.684,0.0,12.200001,3.4062094269351904
RUS,2004,2.0,,6.0,4.0,4.0,4.666666666666667,0.7095,0.0,12.22,3.4108447913093602
RUS,2005,2.0,,6.0,4.0,4.0,4.666666666666667,0.9159,0.0,12.240001,3.415486928258365
RUS,2006,1.0,1.6666666666666667,4.0,4.0,6.0,4.666666666666667,0.6808,0.0,12.26,3.4201349179863305
RUS,2007,0.0,1.25,4.0,4.0,6.0,4.666666666666667,0.7982,0.0,12.280001,3.4247896987356095
RUS,2008,1.0,1.2,4.0,4.0,5.0,4.333333333333333,0.8263,0.0,12.3,3.4294503482050787
RUS,2009,1.0,1.0,4.0,4.0,5.0,4.333333333333333,0.8071,0.0,12.32,3.43411757367258
RUS,2010,0.0,0.6,5.0,4.0,6.0,5.0,0.8249,0.0,12.34,3.4387911508849247
RUS,2011,3.0,1.0,5.0,4.0,6.0,5.0,0.8485,0.0,12.346364,3.440279616678098
RUS,2012,1.0,1.2,5.0,4.0,6.0,5.0,0.7061,0.0,12.352727,3.44176849270695
RUS,2013,6.0,2.2,5.0,4.0,6.0,5.0,0.6397,0.0,12.359091,3.443258247229581
RUS,2014,4.0,2.8,4.0,4.0,5.0,4.333333333333333,0.6392,0.0,12.365455,3.4447486465859782
RUS,2015,2.0,3.2,4.0,4.0,5.0,4.333333333333333,0.6463,0.0,12.371819,3.446239691055254
RUS,2016,3.0,3.2,5.0,4.0,5.0,4.666666666666667,0.6463,1.0,12.378181,3.4477309120252073
RUS,2017,1.0,3.2,5.0,4.0,5.0,4.666666666666667,0.6463,1.0,12.384545,3.449223247355108
RUS,2018,2.0,2.4,4.0,4.0,5.0,4.333333333333333,0.6463,1.0,12.390909,3.4507162286358652
RUS,2019,2.0,2.0,4.0,4.0,5.0,4.333333333333333,0.6463,1.0,12.397273,3.452209856147076
RUS,2020,,,4.0,5.0,5.0,4.666666666666667,0.6463,1.0,12.403636,3.4537038953165866
RUS,2021,,,4.0,5.0,5.0,4.666666666666667,0.6463,1.0,12.41,3.4551988160263263
RUS,2022,,,3.0,5.0,4.0,4.0,0.6463,1.0,12.41,3.4551988160263263
RUS,2023,,,3.0,5.0,4.0,4.0,0.6463,1.0,12.41,3.4551988160263263
RUS,2024,,,3.0,4.0,4.0,3.6666666666666665,,,,
RUS,2025,,,3.0,4.0,4.0,3.6666666666666665,,,,
RVN,1960,,,,,,,-0.672,0.0,,
RVN,1961,,,,,,,-0.6178,0.0,,
RVN,1962,,,,,,,-0.577,0.0,,
RVN,1963,,,,,,,-0.6366,0.0,,
RVN,1964,,,,,,,-0.5351,0.0,,
RVN,1965,,,,,,,-0.4125,0.0,,
RVN,1966,,,,,,,-0.3848,0.0,,
RVN,1967,,,,,,,-0.4793,0.0,,
RVN,1968,,,,,,,-0.4297,0.0,,
RVN,1969,,,,,,,-0.3692,0.0,,
RVN,1970,,,,,,,-0.3105,0.0,,
RVN,1971,,,,,,,-0.3979,0.0,,
RVN,1972,,,,,,,-0.4287,0.0,,
RVN,1973,,,,,,,-0.3961,0.0,,
RVN,1974,,,,,,,-0.4166,0.0,,
RVN,1975,,,,,,,0.1411,0.0,,
RVN,1976,,,,,,,,0.0,,
RVN,1977,,,,,,,,0.0,,
RVN,1978,,,,,,,,0.0,,
RVN,1979,,,,,,,,0.0,,
RVN,1980,,,,,,,,0.0,,
RVN,1981,,,,,,,,0.0,,
RVN,1982,,,,,,,,0.0,,
RVN,1983,,,,,,,,0.0,,
RVN,1984,,,,,,,,0.0,,
RVN,1985,,,,,,,,0.0,,
RVN,1986,,,,,,,,0.0,,
RVN,1987,,,,,,,,0.0,,
RVN,1988,,,,,,,,0.0,,
RVN,1989,,,,,,,,0.0,,
RVN,1990,,,,,,,,0.0,,
RVN,1991,,,,,,,,0.0,,
RVN,1992,,,,,,,,0.0,,
RVN,1993,,,,,,,,0.0,,
RVN,1994,,,,,,,,0.0,,
RVN,1995,,,,,,,,0.0,,
RVN,1996,,,,,,,,0.0,,
RVN,1997,,,,,,,,0.0,,
RVN,1998,,,,,,,,0.0,,
RVN,1999,,,,,,,,0.0,,
RVN,2000,,,,,,,,0.0,,
RVN,2001,,,,,,,,0.0,,
RVN,2002,,,,,,,,0.0,,
RVN,2003,,,,,,,,0.0,,
RVN,2004,,,,,,,,0.0,,
RVN,2005,,,,,,,,0.0,,
RVN,2006,,,,,,,,0.0,,
RVN,2007,,,,,,,,0.0,,
RVN,2008,,,,,,,,0.0,,
RVN,2009,,,,,,,,0.0,,
RVN,2010,,,,,,,,0.0,,
RVN,2011,,,,,,,,0.0,,
RVN,2012,,,,,,,,0.0,,
RVN,2013,,,,,,,,0.0,,
RVN,2014,,,,,,,,0.0,,
RVN,2015,,,,,,,,0.0,,
RVN,2016,,,,,,,0.1411,1.0,,
RVN,2017,,,,,,,0.1411,1.0,,
RVN,2018,,,,,,,0.1411,1.0,,
RVN,2019,,,,,,,0.1411,1.0,,
RVN,2020,,,,,,,0.1411,1.0,,
RVN,2021,,,,,,,0.1411,1.0,,
RVN,2022,,,,,,,0.1411,1.0,,
RVN,2023,,,,,,,0.1411,1.0,,
RWA,1960,,,,,,,,0.0,,
RWA,1961,,,,,,,-0.7249,0.0,,
RWA,1962,,,,,,,-0.6834,0.0,,
RWA,1963,,,,,,,-0.3569,0.0,,
RWA,1964,,,,,,,-0.3238,0.0,,
RWA,1965,,,,,,,-0.3069,0.0,,
RWA,1966,,,,,,,-0.2873,0.0,,
RWA,1967,,,,,,,-0.3126,0.0,,
RWA,1968,,,,,,,-0.3132,0.0,,
RWA,1969,,,,,,,-0.3058,0.0,,
RWA,1970,,,,,,,-0.3335,0.0,,
RWA,1971,,,,,,,-0.3412,0.0,,
RWA,1972,,,,,,,-0.3565,0.0,,
RWA,1973,,,,,,,-0.4937,0.0,,
RWA,1974,,,,,,,-0.5971,0.0,,
RWA,1975,,,,,,,-0.6543,0.0,,
RWA,1976,,,,,,,-0.6603,0.0,,
RWA,1977,,,,,,,-0.6364,0.0,,
RWA,1978,,,,,,,-0.4965,0.0,,
RWA,1979,,,,,,,-0.5024,0.0,,
RWA,1980,,,,,,,-0.3948,0.0,,
RWA,1981,,,,,,,-0.2181,0.0,,
RWA,1982,,,,,,,-0.2881,0.0,,
RWA,1983,,,,,,,-0.2502,0.0,,
RWA,1984,,,,,,,-0.3247,0.0,,
RWA,1985,,,,,,,-0.3284,0.0,,
RWA,1986,,,,,,,-0.3328,0.0,,
RWA,1987,,,,,,,-0.2208,0.0,,
RWA,1988,,,,,,,-0.166,0.0,,
RWA,1989,,,,,,,-0.1269,0.0,,
RWA,1990,,,,,,,-0.08758,0.0,1.9044776,1.290719736942866
RWA,1991,,,,,,,-0.07131,0.0,1.9499253,1.2986041933260954
RWA,1992,,,,,,,-0.06159,0.0,1.9953731,1.306536829998256
RWA,1993,,,,,,,-0.01592,0.0,2.0408208,1.3145179062569978
RWA,1994,,,,,,,-0.2855,0.0,2.0862687,1.3225477709509685
RWA,1995,,,,,,,-0.1521,0.0,2.1317165,1.3306266690497486
RWA,1996,,,,,,,0.06552,0.0,2.1966417,1.342253593851614
RWA,1997,,,,,,,0.04569,0.0,2.261567,1.3539821320703245
RWA,1998,,,,,,,0.1855,0.0,2.3264925,1.3658131902159332
RWA,1999,,,,,,,0.2102,0.0,2.391418,1.3777476278179832
RWA,2000,,,,,,,0.3828,0.0,2.4563432,1.3897862923338749
RWA,2001,,,,,,,0.4308,0.0,2.573209,1.4117216755380562
RWA,2002,,,,,,,0.4541,0.0,2.6900747,1.4340032517744543
RWA,2003,,,,,,,0.413,0.0,2.8069403,1.4566364844973152
RWA,2004,0.0,,4.0,4.0,5.0,4.333333333333333,0.3019,0.0,2.923806,1.4796269630317442
RWA,2005,1.0,,4.0,4.0,5.0,4.333333333333333,0.3924,0.0,3.0406716,1.502980286223918
RWA,2006,0.0,0.3333333333333333,5.0,4.0,6.0,5.0,0.4272,0.0,3.1856716,1.5324687458574446
RWA,2007,2.0,0.75,5.0,4.0,6.0,5.0,0.5227,0.0,3.3306715,1.5625357478645194
RWA,2008,4.0,1.4,5.0,5.0,7.0,5.666666666666667,0.5735,0.0,3.4756715,1.5931926851172415
RWA,2009,8.0,3.0,5.0,5.0,7.0,5.666666666666667,0.6605,0.0,3.6206715,1.6244511112018203
RWA,2010,2.0,3.2,5.0,5.0,7.0,5.666666666666667,0.6312,0.0,3.7656717,1.6563228717131537
RWA,2011,1.0,3.4,5.0,5.0,7.0,5.666666666666667,0.5775,0.0,3.7678359,1.6568032796401098
RWA,2012,2.0,3.4,5.0,4.0,7.0,5.333333333333333,0.7117,0.0,3.77,1.65728380469931
RWA,2013,3.0,3.2,5.0,4.0,7.0,5.333333333333333,0.7093,0.0,3.915,1.6897996979709078
RWA,2014,1.0,1.8,5.0,5.0,7.0,5.666666666666667,0.7657,0.0,4.06,1.719545479845777
RWA,2015,4.0,2.2,5.0,5.0,7.0,5.666666666666667,0.7528,0.0,4.09515,1.7256609732674533
RWA,2016,5.0,3.0,5.0,5.0,7.0,5.666666666666667,0.7528,1.0,4.1734333,1.7393591891565574
RWA,2017,5.0,3.6,5.0,5.0,7.0,5.666666666666667,0.7528,1.0,4.2517166,1.7531661408410766
RWA,2018,5.0,4.0,5.0,5.0,7.0,5.666666666666667,0.7528,1.0,4.33,1.767082709308191
RWA,2019,3.0,4.4,5.0,5.0,7.0,5.666666666666667,0.7528,1.0,4.604155,1.8166963421462456
RWA,2020,,,5.0,6.0,7.0,6.0,0.7528,1.0,4.87831,1.867702955941232
RWA,2021,,,5.0,6.0,7.0,6.0,0.7528,1.0,4.879155,1.8678623618521588
RWA,2022,,,5.0,6.0,7.0,6.0,0.7528,1.0,4.88,1.8680217813681634
RWA,2023,,,5.0,6.0,7.0,6.0,0.7528,1.0,4.88,1.8680217813681634
RWA,2024,,,5.0,6.0,7.0,6.0,,,,
RWA,2025,,,5.0,6.0,7.0,6.0,,,,
SAU,1960,,,,,,,-0.6196,0.0,,
SAU,1961,,,,,,,-0.6969,0.0,,
SAU,1962,,,,,,,-0.6674,0.0,,
SAU,1963,,,,,,,-0.6429,0.0,,
SAU,1964,,,,,,,-0.6342,0.0,,
SAU,1965,,,,,,,-0.4516,0.0,,
SAU,1966,,,,,,,-0.3808,0.0,,
SAU,1967,,,,,,,-0.3673,0.0,,
SAU,1968,,,,,,,-0.375,0.0,,
SAU,1969,,,,,,,-0.3417,0.0,,
SAU,1970,,,,,,,-0.348,0.0,,
SAU,1971,,,,,,,-0.3104,0.0,,
SAU,1972,,,,,,,-0.2566,0.0,,
SAU,1973,,,,,,,-0.2062,0.0,,
SAU,1974,,,,,,,-0.0009571,0.0,,
SAU,1975,,,,,,,0.06947,0.0,,
SAU,1976,,,,,,,0.1359,0.0,,
SAU,1977,,,,,,,0.1965,0.0,,
SAU,1978,,,,,,,0.1984,0.0,,
SAU,1979,,,,,,,0.2424,0.0,,
SAU,1980,,,,,,,0.3094,0.0,,
SAU,1981,,,,,,,0.3157,0.0,,
SAU,1982,,,,,,,0.3248,0.0,,
SAU,1983,,,,,,,0.2999,0.0,,
SAU,1984,,,,,,,0.3844,0.0,,
SAU,1985,,,,,,,0.4229,0.0,,
SAU,1986,,,,,,,0.4124,0.0,,
SAU,1987,,,,,,,0.3941,0.0,,
SAU,1988,,,,,,,0.3895,0.0,,
SAU,1989,,,,,,,0.3798,0.0,,
SAU,1990,,,,,,,0.3602,0.0,5.575075,2.00387453704942
SAU,1991,,,,,,,0.231,0.0,5.675527,2.0243086340923386
SAU,1992,,,,,,,0.5697,0.0,5.775979,2.0449511036227763
SAU,1993,,,,,,,0.6459,0.0,5.876431,2.06580407047617
SAU,1994,,,,,,,-0.08761,0.0,5.9768825,2.0868695757686146
SAU,1995,,,,,,,-0.002362,0.0,6.0773344,2.1081499762984963
SAU,1996,,,,,,,-0.1019,0.0,6.1958675,2.133540097064473
SAU,1997,,,,,,,-0.02381,0.0,6.3144007,2.1592360329834945
SAU,1998,,,,,,,-0.01704,0.0,6.432934,2.1852414677551018
SAU,1999,,,,,,,-0.02581,0.0,6.551467,2.2115600401070115
SAU,2000,,,,,,,-0.01436,0.0,6.67,2.238195587612864
SAU,2001,,,,,,,-0.003124,0.0,6.8825,2.286752068242056
SAU,2002,,,,,,,-0.04258,0.0,7.0950003,2.336362027070368
SAU,2003,,,,,,,-0.03499,0.0,7.3075,2.387048104844292
SAU,2004,0.0,,4.0,3.0,4.0,3.6666666666666665,0.2083,0.0,7.52,2.438833862847435
SAU,2005,1.0,,4.0,3.0,4.0,3.6666666666666665,0.8077,0.0,7.7577777,2.4981127522641158
SAU,2006,1.0,0.6666666666666666,5.0,3.0,6.0,4.666666666666667,0.7843,0.0,7.9955554,2.55883248879384
SAU,2007,4.0,1.5,5.0,3.0,6.0,4.666666666666667,0.793,0.0,8.233334,2.600923858227106
SAU,2008,3.0,1.8,5.0,4.0,6.0,5.0,0.7849,0.0,8.471111,2.643319590735501
SAU,2009,1.0,2.0,5.0,4.0,6.0,5.0,0.3022,0.0,8.708889,2.6864065673395907
SAU,2010,2.0,2.2,5.0,4.0,6.0,5.0,0.2361,0.0,8.946667,2.730195875799197
SAU,2011,0.0,2.0,5.0,4.0,6.0,5.0,0.2515,0.0,9.184444,2.7746987756744748
SAU,2012,2.0,1.6,5.0,4.0,6.0,5.0,0.2712,0.0,9.422222,2.819927276098678
SAU,2013,0.0,1.0,5.0,4.0,6.0,5.0,0.4558,0.0,9.66,2.8658930159192995
SAU,2014,0.0,0.8,5.0,4.0,6.0,5.0,0.4212,0.0,9.8,2.893306599044841
SAU,2015,1.0,0.6,5.0,4.0,6.0,5.0,0.4078,0.0,9.94,2.9209824056852196
SAU,2016,1.0,0.8,5.0,4.0,6.0,5.0,0.4078,1.0,10.08,2.948922944128806
SAU,2017,9.0,2.2,5.0,4.0,6.0,5.0,0.4078,1.0,10.22,2.977130746656899
SAU,2018,5.0,3.2,4.0,4.0,6.0,4.666666666666667,0.4078,1.0,10.583334,3.0516020408071998
SAU,2019,9.0,5.0,4.0,4.0,6.0,4.666666666666667,0.4078,1.0,10.946667,3.1279359808705056
SAU,2020,,,5.0,5.0,7.0,5.666666666666667,0.4078,1.0,11.31,3.206179367292698
SAU,2021,,,5.0,5.0,7.0,5.666666666666667,0.4078,1.0,11.606428,3.271462406337573
SAU,2022,,,6.0,6.0,7.0,6.333333333333333,0.4078,1.0,11.606428,3.271462406337573
SAU,2023,,,6.0,6.0,7.0,6.333333333333333,0.4078,1.0,11.606428,3.271462406337573
SAU,2024,,,6.0,6.0,7.0,6.333333333333333,,,,
SAU,2025,,,6.0,6.0,7.0,6.333333333333333,,,,
SDN,1960,,,,,,,-0.5487,0.0,,
SDN,1961,,,,,,,-0.5268,0.0,,
SDN,1962,,,,,,,-0.5073,0.0,,
SDN,1963,,,,,,,-0.7063,0.0,,
SDN,1964,,,,,,,-0.6606,0.0,,
SDN,1965,,,,,,,-0.6238,0.0,,
SDN,1966,,,,,,,-0.6418,0.0,,
SDN,1967,,,,,,,-0.6385,0.0,,
SDN,1968,,,,,,,-0.6506,0.0,,
SDN,1969,,,,,,,-0.6991,0.0,,
SDN,1970,,,,,,,-0.9631,0.0,,
SDN,1971,,,,,,,-0.9134,0.0,,
SDN,1972,,,,,,,-1.023,0.0,,
SDN,1973,,,,,,,-0.9985,0.0,,
SDN,1974,,,,,,,-0.9868,0.0,,
SDN,1975,,,,,,,-1.049,0.0,,
SDN,1976,,,,,,,-0.9866,0.0,,
SDN,1977,,,,,,,-0.8438,0.0,,
SDN,1978,,,,,,,-0.6665,0.0,,
SDN,1979,,,,,,,-0.7103,0.0,,
SDN,1980,,,,,,,-0.6602,0.0,,
SDN,1981,,,,,,,-0.4485,0.0,,
SDN,1982,,,,,,,-0.7952,0.0,,
SDN,1983,,,,,,,-0.4457,0.0,,
SDN,1984,,,,,,,-0.486,0.0,,
SDN,1985,,,,,,,-0.5451,0.0,,
SDN,1986,,,,,,,-0.5209,0.0,,
SDN,1987,,,,,,,-0.6049,0.0,,
SDN,1988,,,,,,,-0.5515,0.0,,
SDN,1989,,,,,,,-0.7449,0.0,,
SDN,1990,,,,,,,-0.9606,0.0,1.5,1.2226247718233272
SDN,1991,,,,,,,-1.026,0.0,1.594,1.2381223523088225
SDN,1992,,,,,,,-0.8662,0.0,1.688,1.2538163749133058
SDN,1993,,,,,,,-0.7613,0.0,1.782,1.2697093296710218
SDN,1994,,,,,,,-0.8588,0.0,1.876,1.2858037381790512
SDN,1995,,,,,,,-0.9098,0.0,1.97,1.302102153997392
SDN,1996,,,,,,,-1.09,0.0,2.064,1.3186071630541096
SDN,1997,,,,,,,-1.137,0.0,2.158,1.3353213840556244
SDN,1998,,,,,,,-1.066,0.0,2.252,1.3522474689021986
SDN,1999,,,,,,,-1.05,0.0,2.346,1.3693881031086905
SDN,2000,,,,,,,-0.9042,0.0,2.44,1.3867460062306414
SDN,2001,,,,,,,-0.9018,0.0,2.538,1.4050768516878462
SDN,2002,,,,,,,-0.8447,0.0,2.636,1.4236500053209291
SDN,2003,,,,,,,-0.8773,0.0,2.734,1.442468670105565
SDN,2004,0.0,,4.0,3.0,3.0,3.3333333333333335,-0.9817,0.0,2.832,1.4615360913562934
SDN,2005,2.0,,4.0,3.0,3.0,3.3333333333333335,-1.052,0.0,2.93,1.4808555572861801
SDN,2006,0.0,0.6666666666666666,4.0,3.0,3.0,3.3333333333333335,-1.156,0.0,2.97,1.4888142533244464
SDN,2007,0.0,0.5,4.0,3.0,3.0,3.3333333333333335,-1.055,0.0,3.01,1.4968157225030891
SDN,2008,1.0,0.6,4.0,4.0,3.0,3.6666666666666665,-1.012,0.0,3.05,1.5048601947016682
SDN,2009,0.0,0.6,4.0,4.0,3.0,3.6666666666666665,-0.9234,0.0,3.09,1.512947901035205
SDN,2010,0.0,0.2,3.0,3.0,2.0,2.6666666666666665,-0.9424,0.0,3.13,1.5210790738608237
SDN,2011,0.0,0.2,3.0,3.0,2.0,2.6666666666666665,-0.9591,0.0,3.228,1.5411856148610172
SDN,2012,0.0,0.2,2.0,2.0,2.0,2.0,-1.093,0.0,3.326,1.5615579362522107
SDN,2013,0.0,0.0,2.0,2.0,2.0,2.0,-1.133,0.0,3.424,1.5821995512799811
SDN,2014,0.0,0.0,2.0,2.0,2.0,2.0,-1.105,0.0,3.522,1.6031140196301055
SDN,2015,2.0,0.4,2.0,2.0,2.0,2.0,-0.8835,0.0,3.62,1.6243049480424356
SDN,2016,1.0,0.6,2.0,2.0,2.0,2.0,-0.8835,1.0,3.67,1.635224330277248
SDN,2017,0.0,0.6,2.0,2.0,2.0,2.0,-0.8835,1.0,3.72,1.6462171180068437
SDN,2018,6.0,1.8,1.0,1.0,1.0,1.0,-0.8835,1.0,3.77,1.65728380469931
SDN,2019,0.0,1.8,1.0,1.0,1.0,1.0,-0.8835,1.0,3.82,1.6684248871400704
SDN,2020,,,2.0,2.0,1.0,1.6666666666666667,-0.8835,1.0,3.87,1.679640865454187
SDN,2021,,,2.0,2.0,1.0,1.6666666666666667,-0.8835,1.0,3.962,1.7004756397210619
SDN,2022,,,1.0,1.0,1.0,1.0,-0.8835,1.0,3.962,1.7004756397210619
SDN,2023,,,1.0,1.0,1.0,1.0,-0.8835,1.0,3.962,1.7004756397210619
SDN,2024,,,1.0,1.0,1.0,1.0,,,,
SDN,2025,,,1.0,1.0,1.0,1.0,,,,
SEN,1960,,,,,,,-0.5768,0.0,,
SEN,1961,,,,,,,-0.4628,0.0,,
SEN,1962,,,,,,,-0.4137,0.0,,
SEN,1963,,,,,,,-0.4111,0.0,,
SEN,1964,,,,,,,-0.3995,0.0,,
SEN,1965,,,,,,,-0.3675,0.0,,
SEN,1966,,,,,,,-0.3795,0.0,,
SEN,1967,,,,,,,-0.3697,0.0,,
SEN,1968,,,,,,,-0.3815,0.0,,
SEN,1969,,,,,,,-0.3692,0.0,,
SEN,1970,,,,,,,-0.5346,0.0,,
SEN,1971,,,,,,,-0.5081,0.0,,
SEN,1972,,,,,,,-0.4418,0.0,,
SEN,1973,,,,,,,-0.4457,0.0,,
SEN,1974,,,,,,,-0.4384,0.0,,
SEN,1975,,,,,,,-0.3157,0.0,,
SEN,1976,,,,,,,-0.2693,0.0,,
SEN,1977,,,,,,,-0.3545,0.0,,
SEN,1978,,,,,,,-0.2745,0.0,,
SEN,1979,,,,,,,-0.2546,0.0,,
SEN,1980,,,,,,,-0.1178,0.0,,
SEN,1981,,,,,,,-0.09584,0.0,,
SEN,1982,,,,,,,-0.2248,0.0,,
SEN,1983,,,,,,,-0.2048,0.0,,
SEN,1984,,,,,,,-0.2867,0.0,,
SEN,1985,,,,,,,-0.254,0.0,,
SEN,1986,,,,,,,-0.255,0.0,,
SEN,1987,,,,,,,-0.2468,0.0,,
SEN,1988,,,,,,,-0.2245,0.0,,
SEN,1989,,,,,,,-0.2296,0.0,,
SEN,1990,,,,,,,-0.2329,0.0,1.9976414,1.3069340151017002
SEN,1991,,,,,,,-0.2377,0.0,1.972217,1.3024890373655205
SEN,1992,,,,,,,-0.2575,0.0,1.9467924,1.298059142534251
SEN,1993,,,,,,,-0.2655,0.0,1.9213679,1.2936443315509705
SEN,1994,,,,,,,-0.3792,0.0,1.8959434,1.2892445357202202
SEN,1995,,,,,,,-0.214,0.0,1.8705188,1.2848596867570523
SEN,1996,,,,,,,-0.1358,0.0,1.8396462,1.2795552937409729
SEN,1997,,,,,,,-0.2061,0.0,1.8087735,1.2742727822161188
SEN,1998,,,,,,,-0.1096,0.0,1.7779009,1.2690120959978226
SEN,1999,,,,,,,-0.07639,0.0,1.7470282,1.2637731109730421
SEN,2000,,,,,,,-0.006011,0.0,1.7161556,1.2585557714200564
SEN,2001,,,,,,,-0.02117,0.0,1.6489623,1.2472747212900177
SEN,2002,,,,,,,0.006979,0.0,1.5817689,1.2360947721589364
SEN,2003,,,,,,,0.05344,0.0,1.5145755,1.2250150345213136
SEN,2004,0.0,,7.0,7.0,7.0,7.0,0.2754,0.0,1.4473821,1.2140346101312536
SEN,2005,0.0,,7.0,7.0,7.0,7.0,0.2978,0.0,1.3801887,1.2031526087942894
SEN,2006,0.0,0.0,6.0,6.0,6.0,6.0,0.2827,0.0,1.54,1.2291956347815136
SEN,2007,0.0,0.0,6.0,6.0,6.0,6.0,0.2829,0.0,1.71,1.2575180792178275
SEN,2008,4.0,0.8,5.0,6.0,6.0,5.666666666666667,0.1755,0.0,1.88,1.2864931137188553
SEN,2009,0.0,0.8,5.0,6.0,6.0,5.666666666666667,0.1654,0.0,2.05,1.3161357749031177
SEN,2010,0.0,0.8,5.0,6.0,6.0,5.666666666666667,0.2269,0.0,2.22,1.3464614458545643
SEN,2011,4.0,1.6,5.0,6.0,6.0,5.666666666666667,0.1468,0.0,2.39,1.3774858641056373
SEN,2012,0.0,1.6,6.0,6.0,7.0,6.333333333333333,0.118,0.0,2.585,1.4139539503410898
SEN,2013,0.0,0.8,6.0,6.0,7.0,6.333333333333333,0.2131,0.0,2.78,1.45138750660301
SEN,2014,4.0,1.6,6.0,7.0,7.0,6.666666666666667,0.2571,0.0,2.655935,1.427458071303469
SEN,2015,1.0,1.8,6.0,7.0,7.0,6.666666666666667,0.2706,0.0,2.53187,1.403923167354894
SEN,2016,1.0,1.2,6.0,7.0,7.0,6.666666666666667,0.2706,1.0,2.89194,1.4733223608398527
SEN,2017,2.0,1.6,6.0,7.0,7.0,6.666666666666667,0.2706,1.0,2.83,1.4611444521658055
SEN,2018,0.0,1.6,6.0,7.0,7.0,6.666666666666667,0.2706,1.0,2.99835,1.4944808664247784
SEN,2019,2.0,1.2,6.0,7.0,7.0,6.666666666666667,0.2706,1.0,2.84146,1.4633899677428204
SEN,2020,,,7.0,6.0,6.0,6.333333333333333,0.2706,1.0,2.887632,1.472472098533889
SEN,2021,,,7.0,6.0,6.0,6.333333333333333,0.2706,1.0,2.934554,1.4817595044405325
SEN,2022,,,6.0,6.0,7.0,6.333333333333333,0.2706,1.0,2.934554,1.4817595044405325
SEN,2023,,,6.0,6.0,7.0,6.333333333333333,0.2706,1.0,2.934554,1.4817595044405325
SEN,2024,,,7.0,6.0,7.0,6.666666666666667,,,,
SEN,2025,,,7.0,6.0,7.0,6.666666666666667,,,,
SGP,1960,,,,,,,0.2112,0.0,,
SGP,1961,,,,,,,0.2155,0.0,,
SGP,1962,,,,,,,0.2033,0.0,,
SGP,1963,,,,,,,0.4723,0.0,,
SGP,1964,,,,,,,0.4711,0.0,,
SGP,1965,,,,,,,0.1328,0.0,,
SGP,1966,,,,,,,0.289,0.0,,
SGP,1967,,,,,,,0.5181,0.0,,
SGP,1968,,,,,,,0.5638,0.0,,
SGP,1969,,,,,,,0.7493,0.0,,
SGP,1970,,,,,,,1.02,0.0,,
SGP,1971,,,,,,,1.085,0.0,,
SGP,1972,,,,,,,1.129,0.0,,
SGP,1973,,,,,,,1.198,0.0,,
SGP,1974,,,,,,,1.289,0.0,,
SGP,1975,,,,,,,1.387,0.0,,
SGP,1976,,,,,,,1.364,0.0,,
SGP,1977,,,,,,,1.404,0.0,,
SGP,1978,,,,,,,1.392,0.0,,
SGP,1979,,,,,,,1.381,0.0,,
SGP,1980,,,,,,,1.536,0.0,,
SGP,1981,,,,,,,1.616,0.0,,
SGP,1982,,,,,,,1.65,0.0,,
SGP,1983,,,,,,,1.63,0.0,,
SGP,1984,,,,,,,1.695,0.0,,
SGP,1985,,,,,,,1.705,0.0,,
SGP,1986,,,,,,,1.649,0.0,,
SGP,1987,,,,,,,1.649,0.0,,
SGP,1988,,,,,,,1.664,0.0,,
SGP,1989,,,,,,,1.702,0.0,,
SGP,1990,,,,,,,1.737,0.0,7.54,2.443765286311237
SGP,1991,,,,,,,1.631,0.0,7.768,2.5006932664205115
SGP,1992,,,,,,,1.662,0.0,7.9960003,2.5589474722592067
SGP,1993,,,,,,,1.671,0.0,8.224,2.5992735444355906
SGP,1994,,,,,,,1.768,0.0,8.452001,2.639886880645838
SGP,1995,,,,,,,1.753,0.0,8.68,2.6811344307107023
SGP,1996,,,,,,,1.763,0.0,8.839001,2.7102803182205806
SGP,1997,,,,,,,1.749,0.0,8.998,2.7397426701885066
SGP,1998,,,,,,,1.783,0.0,9.157001,2.7695256720240993
SGP,1999,,,,,,,1.786,0.0,9.316,2.799632056070364
SGP,2000,,,,,,,1.799,0.0,9.475,2.830065906783363
SGP,2001,,,,,,,1.813,0.0,9.634001,2.8608307881036876
SGP,2002,,,,,,,1.771,0.0,9.793,2.891929712828613
SGP,2003,,,,,,,1.671,0.0,9.952001,2.923367098858613
SGP,2004,0.0,,9.0,10.0,10.0,9.666666666666666,1.632,0.0,10.111,2.9551458303126994
SGP,2005,2.0,,9.0,10.0,10.0,9.666666666666666,1.662,0.0,10.27,2.9872702185300266
SGP,2006,0.0,0.6666666666666666,9.0,10.0,10.0,9.666666666666666,1.634,0.0,10.11,2.95494488722838
SGP,2007,2.0,1.0,9.0,10.0,10.0,9.666666666666666,1.622,0.0,10.21,2.9751069859058097
SGP,2008,2.0,1.2,9.0,10.0,10.0,9.666666666666666,1.69,0.0,10.49,3.032295732112131
SGP,2009,2.0,1.6,9.0,10.0,10.0,9.666666666666666,1.644,0.0,10.5,3.034358394435676
SGP,2010,1.0,1.4,9.0,10.0,10.0,9.666666666666666,1.64,0.0,10.94,3.126518233722333
SGP,2011,0.0,1.4,9.0,10.0,10.0,9.666666666666666,1.655,0.0,11.0,3.139300486179397
SGP,2012,0.0,1.0,9.0,10.0,10.0,9.666666666666666,1.652,0.0,11.02,3.143572839382267
SGP,2013,1.0,0.8,9.0,10.0,10.0,9.666666666666666,1.672,0.0,11.15,3.1714852142102763
SGP,2014,0.0,0.4,9.0,10.0,10.0,9.666666666666666,1.675,0.0,11.22,3.1866174700270555
SGP,2015,0.0,0.2,9.0,10.0,10.0,9.666666666666666,1.672,0.0,11.37,3.2192873011129244
SGP,2016,3.0,0.8,9.0,10.0,10.0,9.666666666666666,1.672,1.0,11.38,3.2214771609456423
SGP,2017,0.0,0.8,9.0,10.0,10.0,9.666666666666666,1.672,1.0,11.34,3.2127266491588817
SGP,2018,3.0,1.2,9.0,10.0,10.0,9.666666666666666,1.672,1.0,11.56,3.2611503459774673
SGP,2019,2.0,1.6,9.0,10.0,10.0,9.666666666666666,1.672,1.0,11.68,3.2878702015484036
SGP,2020,,,9.0,10.0,10.0,9.666666666666666,1.672,1.0,11.76,3.305804953741323
SGP,2021,,,9.0,10.0,10.0,9.666666666666666,1.672,1.0,12.08,3.378527622694825
SGP,2022,,,10.0,10.0,10.0,10.0,1.672,1.0,11.99,3.357914175132127
SGP,2023,,,10.0,10.0,10.0,10.0,1.672,1.0,11.99,3.357914175132127
SGP,2024,,,9.0,10.0,10.0,9.666666666666666,,,,
SGP,2025,,,9.0,10.0,10.0,9.666666666666666,,,,
SLB,1960,,,,,,,,0.0,,
SLB,1961,,,,,,,,0.0,,
SLB,1962,,,,,,,,0.0,,
SLB,1963,,,,,,,,0.0,,
SLB,1964,,,,,,,,0.0,,
SLB,1965,,,,,,,,0.0,,
SLB,1966,,,,,,,,0.0,,
SLB,1967,,,,,,,,0.0,,
SLB,1968,,,,,,,,0.0,,
SLB,1969,,,,,,,,0.0,,
SLB,1970,,,,,,,,0.0,,
SLB,1971,,,,,,,,0.0,,
SLB,1972,,,,,,,,0.0,,
SLB,1973,,,,,,,,0.0,,
SLB,1974,,,,,,,,0.0,,
SLB,1975,,,,,,,,0.0,,
SLB,1976,,,,,,,,0.0,,
SLB,1977,,,,,,,,0.0,,
SLB,1978,,,,,,,-0.8396,0.0,,
SLB,1979,,,,,,,-0.9344,0.0,,
SLB,1980,,,,,,,-0.9338,0.0,,
SLB,1981,,,,,,,-1.038,0.0,,
SLB,1982,,,,,,,-1.057,0.0,,
SLB,1983,,,,,,,-1.101,0.0,,
SLB,1984,,,,,,,-1.062,0.0,,
SLB,1985,,,,,,,-0.9931,0.0,,
SLB,1986,,,,,,,-1.014,0.0,,
SLB,1987,,,,,,,-1.008,0.0,,
SLB,1988,,,,,,,-0.9984,0.0,,
SLB,1989,,,,,,,-0.9252,0.0,,
SLB,1990,,,,,,,-0.9742,0.0,,
SLB,1991,,,,,,,-1.018,0.0,,
SLB,1992,,,,,,,-1.098,0.0,,
SLB,1993,,,,,,,-1.023,0.0,,
SLB,1994,,,,,,,-0.9373,0.0,,
SLB,1995,,,,,,,-0.8971,0.0,,
SLB,1996,,,,,,,-1.147,0.0,,
SLB,1997,,,,,,,-0.8691,0.0,,
SLB,1998,,,,,,,-0.7754,0.0,,
SLB,1999,,,,,,,-1.01,0.0,5.0534787,1.901040463583875
SLB,2000,,,,,,,-1.057,0.0,5.09211,1.908472359006959
SLB,2001,,,,,,,-1.114,0.0,5.1310368,1.9159904913971453
SLB,2002,,,,,,,-1.051,0.0,5.1702604,1.9235959026952556
SLB,2003,,,,,,,-0.9857,0.0,5.2097845,1.9312901179563626
SLB,2004,0.0,,,,,,-0.8754,0.0,5.2496104,1.9390742149767102
SLB,2005,0.0,,,,,,-1.234,0.0,5.289741,1.9469496017978396
SLB,2006,0.0,0.0,,,,,-1.14,0.0,5.3301783,1.9549175297960424
SLB,2007,0.0,0.0,,,,,-1.207,0.0,5.370925,1.962979407660252
SLB,2008,0.0,0.0,,,,,-1.157,0.0,5.4119825,1.9711364064531849
SLB,2009,0.0,0.0,,,,,-1.067,0.0,5.4533544,1.9793901543296366
SLB,2010,1.0,0.2,,,,,-0.9793,0.0,5.4950423,1.9877419029179486
SLB,2011,2.0,0.6,,,,,-0.9622,0.0,5.5370493,1.9961932249678864
SLB,2012,0.0,0.6,,,,,-0.9783,0.0,5.579377,2.0047454137286453
SLB,2013,0.0,0.6,,,,,-0.6829,0.0,5.6220284,2.0134000666169927
SLB,2014,0.0,0.6,,,,,-0.5068,0.0,5.66468,2.022092123208802
SLB,2015,0.0,0.4,,,,,-0.7057,0.0,5.707331,2.0308215812412604
SLB,2016,1.0,0.2,,,,,-0.7057,1.0,5.749983,2.0395889307152353
SLB,2017,1.0,0.4,,,,,-0.7057,1.0,5.792634,2.0483939232127546
SLB,2018,1.0,0.6,,,,,-0.7057,1.0,5.8216496,2.054405701145606
SLB,2019,0.0,0.6,,,,,-0.7057,1.0,5.8506646,2.060434998026448
SLB,2020,,,,,,,-0.7057,1.0,5.87968,2.0664820732529754
SLB,2021,,,,,,,-0.7057,1.0,5.87968,2.0664820732529754
SLB,2022,,,,,,,-0.7057,1.0,5.87968,2.0664820732529754
SLB,2023,,,,,,,-0.7057,1.0,5.87968,2.0664820732529754
SLE,1960,,,,,,,,0.0,,
SLE,1961,,,,,,,-0.6973,0.0,,
SLE,1962,,,,,,,-0.6849,0.0,,
SLE,1963,,,,,,,-0.653,0.0,,
SLE,1964,,,,,,,-0.6429,0.0,,
SLE,1965,,,,,,,-0.6347,0.0,,
SLE,1966,,,,,,,-0.635,0.0,,
SLE,1967,,,,,,,-0.6818,0.0,,
SLE,1968,,,,,,,-0.583,0.0,,
SLE,1969,,,,,,,-0.611,0.0,,
SLE,1970,,,,,,,-0.6877,0.0,,
SLE,1971,,,,,,,-0.7006,0.0,,
SLE,1972,,,,,,,-0.8811,0.0,,
SLE,1973,,,,,,,-0.8742,0.0,,
SLE,1974,,,,,,,-0.7058,0.0,,
SLE,1975,,,,,,,-0.7427,0.0,,
SLE,1976,,,,,,,-0.842,0.0,,
SLE,1977,,,,,,,-0.9561,0.0,,
SLE,1978,,,,,,,-0.9282,0.0,,
SLE,1979,,,,,,,-0.9565,0.0,,
SLE,1980,,,,,,,-0.9327,0.0,,
SLE,1981,,,,,,,-0.8637,0.0,,
SLE,1982,,,,,,,-0.9904,0.0,,
SLE,1983,,,,,,,-0.9529,0.0,,
SLE,1984,,,,,,,-1.008,0.0,,
SLE,1985,,,,,,,-0.6823,0.0,,
SLE,1986,,,,,,,-0.7623,0.0,,
SLE,1987,,,,,,,-1.152,0.0,,
SLE,1988,,,,,,,-0.8709,0.0,,
SLE,1989,,,,,,,-0.9216,0.0,,
SLE,1990,,,,,,,-1.076,0.0,1.9052228,1.290848630520837
SLE,1991,,,,,,,-1.382,0.0,1.9968665,1.306798314562611
SLE,1992,,,,,,,-1.508,0.0,2.08851,1.3229450369310127
SLE,1993,,,,,,,-1.597,0.0,2.1801536,1.3392912851886025
SLE,1994,,,,,,,-1.625,0.0,2.2717974,1.3558395432771602
SLE,1995,,,,,,,-1.744,0.0,2.363441,1.372592234547902
SLE,1996,,,,,,,-1.522,0.0,2.445438,1.3877568852163977
SLE,1997,,,,,,,-1.578,0.0,2.5274348,1.4030890401230913
SLE,1998,,,,,,,-1.516,0.0,2.6094317,1.4185906060819775
SLE,1999,,,,,,,-1.394,0.0,2.6914287,1.4342634551928632
SLE,2000,,,,,,,-1.291,0.0,2.7734256,1.4501094413828353
SLE,2001,,,,,,,-1.229,0.0,2.8650692,1.4680269271950255
SLE,2002,,,,,,,-0.9134,0.0,2.956713,1.4861658404701568
SLE,2003,,,,,,,-0.7241,0.0,3.0483565,1.5045288173366413
SLE,2004,0.0,,4.0,7.0,6.0,5.666666666666667,-0.9963,0.0,3.14,1.5231186860547732
SLE,2005,0.0,,4.0,7.0,6.0,5.666666666666667,-0.7018,0.0,3.16845,1.5289363537228606
SLE,2006,0.0,0.0,5.0,5.0,4.0,4.666666666666667,-0.6493,0.0,3.1969001,1.5347762629810935
SLE,2007,0.0,0.0,5.0,5.0,4.0,4.666666666666667,-0.6365,0.0,3.2253501,1.5406384576509131
SLE,2008,5.0,1.0,6.0,6.0,4.0,5.333333333333333,-0.5542,0.0,3.2538002,1.5465230641425551
SLE,2009,4.0,1.8,6.0,6.0,4.0,5.333333333333333,-0.3797,0.0,3.2822502,1.5524301266128597
SLE,2010,0.0,1.8,6.0,6.0,4.0,5.333333333333333,-0.3354,0.0,3.3107002,1.558359751557554
SLE,2011,2.0,2.2,6.0,6.0,4.0,5.333333333333333,-0.3297,0.0,3.33915,1.5643119832321637
SLE,2012,0.0,2.2,6.0,6.0,4.0,5.333333333333333,-0.1646,0.0,3.3676,1.5702869918319362
SLE,2013,0.0,1.2,6.0,6.0,4.0,5.333333333333333,-0.07722,0.0,3.39605,1.576284822431508
SLE,2014,1.0,0.6,6.0,6.0,4.0,5.333333333333333,-0.0783,0.0,3.4245,1.5823055622012432
SLE,2015,0.0,0.6,6.0,6.0,4.0,5.333333333333333,-0.07021,0.0,3.45295,1.5883492986444596
SLE,2016,2.0,0.6,5.0,5.0,4.0,4.666666666666667,-0.07021,1.0,3.4814,1.5944161195987006
SLE,2017,0.0,0.6,5.0,5.0,4.0,4.666666666666667,-0.07021,1.0,3.50985,1.600506113237012
SLE,2018,0.0,0.6,4.0,5.0,4.0,4.333333333333333,-0.07021,1.0,3.50654,1.5997963821642422
SLE,2019,0.0,0.4,4.0,5.0,4.0,4.333333333333333,-0.07021,1.0,3.50323,1.5990869658157907
SLE,2020,,,4.0,3.0,4.0,3.6666666666666665,-0.07021,1.0,3.5192273,1.6025185063975267
SLE,2021,,,4.0,3.0,4.0,3.6666666666666665,-0.07021,1.0,3.5352976,1.6059731204028849
SLE,2022,,,4.0,4.0,4.0,4.0,-0.07021,1.0,3.5352976,1.6059731204028849
SLE,2023,,,4.0,4.0,4.0,4.0,-0.07021,1.0,3.5352976,1.6059731204028849
SLE,2024,,,4.0,4.0,4.0,4.0,,,,
SLE,2025,,,4.0,4.0,4.0,4.0,,,,
SLV,1960,,,,,,,-0.1639,0.0,,
SLV,1961,,,,,,,-0.04304,0.0,,
SLV,1962,,,,,,,0.01962,0.0,,
SLV,1963,,,,,,,0.00466,0.0,,
SLV,1964,,,,,,,0.01395,0.0,,
SLV,1965,,,,,,,0.01527,0.0,,
SLV,1966,,,,,,,0.03166,0.0,,
SLV,1967,,,,,,,-0.006808,0.0,,
SLV,1968,,,,,,,-0.03749,0.0,,
SLV,1969,,,,,,,-0.04421,0.0,,
SLV,1970,,,,,,,-0.18,0.0,,
SLV,1971,,,,,,,-0.3255,0.0,,
SLV,1972,,,,,,,-0.483,0.0,,
SLV,1973,,,,,,,-0.3865,0.0,,
SLV,1974,,,,,,,-0.5477,0.0,,
SLV,1975,,,,,,,-0.3668,0.0,,
SLV,1976,,,,,,,-0.5329,0.0,,
SLV,1977,,,,,,,-0.4235,0.0,,
SLV,1978,,,,,,,-0.3365,0.0,,
SLV,1979,,,,,,,-0.4043,0.0,,
SLV,1980,,,,,,,-0.5226,0.0,,
SLV,1981,,,,,,,-0.5278,0.0,,
SLV,1982,,,,,,,-0.4941,0.0,,
SLV,1983,,,,,,,-0.4454,0.0,,
SLV,1984,,,,,,,-0.5239,0.0,,
SLV,1985,,,,,,,-0.504,0.0,,
SLV,1986,,,,,,,-0.6029,0.0,,
SLV,1987,,,,,,,-0.5124,0.0,,
SLV,1988,,,,,,,-0.5278,0.0,,
SLV,1989,,,,,,,-0.5691,0.0,,
SLV,1990,,,,,,,-0.5894,0.0,3.730029,1.6484309333692448
SLV,1991,,,,,,,-0.5726,0.0,3.8481445,1.6747290031105233
SLV,1992,,,,,,,-0.2929,0.0,3.97,1.7022995270357784
SLV,1993,,,,,,,0.03357,0.0,4.095714,1.725759276618984
SLV,1994,,,,,,,0.0607,0.0,4.2214284,1.7478112107549517
SLV,1995,,,,,,,0.1903,0.0,4.3471427,1.7701449089537298
SLV,1996,,,,,,,0.2275,0.0,4.472857,1.7927639892762548
SLV,1997,,,,,,,0.1296,0.0,4.5985713,1.8156720983624977
SLV,1998,,,,,,,0.1397,0.0,4.7242856,1.8388729294495432
SLV,1999,,,,,,,0.2727,0.0,4.85,1.8623702417769494
SLV,2000,,,,,,,0.1847,0.0,4.975714,1.8861677290394965
SLV,2001,,,,,,,0.1726,0.0,5.1014285,1.9102693986002548
SLV,2002,,,,,,,0.1697,0.0,5.227143,1.9346790420843674
SLV,2003,,,,,,,0.145,0.0,5.352857,1.9594004958685465
SLV,2004,0.0,,4.0,9.0,9.0,7.333333333333333,0.2812,0.0,5.4785714,1.984437922157529
SLV,2005,0.0,,4.0,9.0,9.0,7.333333333333333,0.2998,0.0,5.6042857,2.0097952590226087
SLV,2006,3.0,1.0,5.0,8.0,9.0,7.333333333333333,0.2671,0.0,5.73,2.035476614354434
SLV,2007,3.0,1.5,5.0,8.0,9.0,7.333333333333333,0.2973,0.0,5.63,2.0150217713893435
SLV,2008,3.0,1.8,6.0,7.0,9.0,7.333333333333333,0.3503,0.0,6.03,2.0980954402451
SLV,2009,0.0,1.8,6.0,7.0,9.0,7.333333333333333,0.4246,0.0,6.13,2.119393578739354
SLV,2010,0.0,1.8,7.0,8.0,8.0,7.666666666666667,0.5139,0.0,6.34,2.164826024441667
SLV,2011,1.0,1.4,7.0,8.0,8.0,7.666666666666667,0.4818,0.0,6.21,2.1365876493560467
SLV,2012,0.0,0.8,7.0,8.0,8.0,7.666666666666667,0.5139,0.0,6.37,2.1713953948658578
SLV,2013,0.0,0.2,7.0,8.0,8.0,7.666666666666667,0.5484,0.0,6.43,2.1845940023477413
SLV,2014,0.0,0.2,7.0,7.0,8.0,7.333333333333333,0.5005,0.0,6.5266666,2.2060273672954844
SLV,2015,1.0,0.4,7.0,7.0,8.0,7.333333333333333,0.4873,0.0,6.623333,2.2276709730605346
SLV,2016,1.0,0.4,6.0,7.0,8.0,7.0,0.4873,1.0,6.72,2.249527063224492
SLV,2017,4.0,1.2,6.0,7.0,8.0,7.0,0.4873,1.0,6.83,2.274658656393726
SLV,2018,1.0,1.4,6.0,6.0,8.0,6.666666666666667,0.4873,1.0,6.9700003,2.3070508724679355
SLV,2019,1.0,1.6,6.0,6.0,8.0,6.666666666666667,0.4873,1.0,7.11,2.3399042272350856
SLV,2020,,,4.0,6.0,7.0,5.666666666666667,0.4873,1.0,7.15,2.3493765615447866
SLV,2021,,,4.0,6.0,7.0,5.666666666666667,0.4873,1.0,7.2000003,2.3612709927071465
SLV,2022,,,3.0,5.0,5.0,4.333333333333333,0.4873,1.0,7.25,2.3732254992161295
SLV,2023,,,3.0,5.0,5.0,4.333333333333333,0.4873,1.0,7.3,2.3852406005835407
SLV,2024,,,3.0,5.0,5.0,4.333333333333333,,,,
SLV,2025,,,3.0,5.0,5.0,4.333333333333333,,,,
SMR,1990,,,,,,,,,8.13003,2.5827172438418264
SMR,1991,,,,,,,,,8.212906,2.5973134127146618
SMR,1992,,,,,,,,,8.296627,2.6121421608866386
SMR,1993,,,,,,,,,8.381201,2.6272079544486084
SMR,1994,,,,,,,,,8.466637,2.6425155306463783
SMR,1995,,,,,,,,,8.552944,2.658069724796876
SMR,1996,,,,,,,,,8.640131,2.673875472902023
SMR,1997,,,,,,,,,8.728208,2.6899379972535913
SMR,1998,,,,,,,,,8.817181,2.706261894620946
SMR,1999,,,,,,,,,8.907062,2.722852968255435
SMR,2000,,,,,,,,,8.997858,2.7397162153610073
SMR,2001,,,,,,,,,9.089581,2.756857676190841
SMR,2002,,,,,,,,,9.182239,2.7742827685288853
SMR,2003,,,,,,,,,9.27584,2.7919970268004315
SMR,2004,0.0,,,,,,,,9.370397,2.810007060567582
SMR,2005,0.0,,,,,,,,9.465917,2.828318473257901
SMR,2006,1.0,0.3333333333333333,,,,,,,9.562409,2.8469373772343087
SMR,2007,0.0,0.25,,,,,,,9.659887,2.8658709944819716
SMR,2008,0.0,0.2,,,,,,,9.758358,2.8851253387778106
SMR,2009,0.0,0.2,,,,,,,9.857833,2.9047073467293596
SMR,2010,0.0,0.2,,,,,,,9.958322,2.9246239139797967
SMR,2011,0.0,0.0,,,,,,,10.059835,2.9448820930903863
SMR,2012,0.0,0.0,,,,,,,10.162383,2.965489299615607
SMR,2013,0.0,0.0,,,,,,,10.265976,2.9864529176305297
SMR,2014,2.0,0.4,,,,,,,10.3706255,3.007780808747078
SMR,2015,0.0,0.4,,,,,,,10.476342,3.0294808130166544
SMR,2016,1.0,0.6,,,,,,,10.583136,3.0515609543139175
SMR,2017,0.0,0.6,,,,,,,10.691018,3.074029445629202
SMR,2018,1.0,0.8,,,,,,,10.8,3.096895010410305
SMR,2019,2.0,0.8,,,,,,,11.015,3.1425042062947965
SMR,2020,,,,,,,,,11.23,3.1887851068196564
SMR,2021,,,,,,,,,11.295,3.20291073162564
SMR,2022,,,,,,,,,11.36,3.2170989298787123
SMR,2023,,,,,,,,,11.36,3.2170989298787123
SOM,1960,,,,,,,-1.241,0.0,,
SOM,1961,,,,,,,-1.082,0.0,,
SOM,1962,,,,,,,-1.084,0.0,,
SOM,1963,,,,,,,-0.9053,0.0,,
SOM,1964,,,,,,,-0.8773,0.0,,
SOM,1965,,,,,,,-0.8851,0.0,,
SOM,1966,,,,,,,-0.8507,0.0,,
SOM,1967,,,,,,,-0.8447,0.0,,
SOM,1968,,,,,,,-0.8494,0.0,,
SOM,1969,,,,,,,-0.828,0.0,,
SOM,1970,,,,,,,-0.8606,0.0,,
SOM,1971,,,,,,,-0.8558,0.0,,
SOM,1972,,,,,,,-1.015,0.0,,
SOM,1973,,,,,,,-1.013,0.0,,
SOM,1974,,,,,,,-0.9363,0.0,,
SOM,1975,,,,,,,-0.9555,0.0,,
SOM,1976,,,,,,,-0.9279,0.0,,
SOM,1977,,,,,,,-0.9592,0.0,,
SOM,1978,,,,,,,-0.8834,0.0,,
SOM,1979,,,,,,,-0.5371,0.0,,
SOM,1980,,,,,,,-0.528,0.0,,
SOM,1981,,,,,,,-0.5131,0.0,,
SOM,1982,,,,,,,-0.5682,0.0,,
SOM,1983,,,,,,,-0.6108,0.0,,
SOM,1984,,,,,,,-0.6598,0.0,,
SOM,1985,,,,,,,-0.5389,0.0,,
SOM,1986,,,,,,,-0.5768,0.0,,
SOM,1987,,,,,,,-0.6082,0.0,,
SOM,1988,,,,,,,-0.5836,0.0,,
SOM,1989,,,,,,,-0.7291,0.0,,
SOM,1990,,,,,,,-0.8812,0.0,,
SOM,1991,,,,,,,-1.53,0.0,,
SOM,1992,,,,,,,-2.051,0.0,,
SOM,1993,,,,,,,-2.226,0.0,,
SOM,1994,,,,,,,-1.979,0.0,,
SOM,1995,,,,,,,-1.691,0.0,,
SOM,1996,,,,,,,-1.625,0.0,,
SOM,1997,,,,,,,-1.621,0.0,,
SOM,1998,,,,,,,-1.629,0.0,,
SOM,1999,,,,,,,-1.705,0.0,,
SOM,2000,,,,,,,-1.703,0.0,,
SOM,2001,,,,,,,-1.74,0.0,,
SOM,2002,,,,,,,-1.804,0.0,,
SOM,2003,,,,,,,-1.805,0.0,,
SOM,2004,0.0,,1.0,1.0,1.0,1.0,-2.059,0.0,,
SOM,2005,0.0,,1.0,1.0,1.0,1.0,-2.117,0.0,,
SOM,2006,0.0,0.0,1.0,1.0,1.0,1.0,-2.31,0.0,,
SOM,2007,0.0,0.0,1.0,1.0,1.0,1.0,-2.22,0.0,,
SOM,2008,0.0,0.0,2.0,1.0,1.0,1.3333333333333333,-2.275,0.0,,
SOM,2009,0.0,0.0,2.0,1.0,1.0,1.3333333333333333,-2.224,0.0,,
SOM,2010,0.0,0.0,1.0,1.0,1.0,1.0,-2.248,0.0,,
SOM,2011,0.0,0.0,1.0,1.0,1.0,1.0,-2.309,0.0,,
SOM,2012,0.0,0.0,2.0,1.0,2.0,1.6666666666666667,-2.141,0.0,,
SOM,2013,0.0,0.0,2.0,1.0,2.0,1.6666666666666667,-2.068,0.0,,
SOM,2014,0.0,0.0,2.0,1.0,1.0,1.3333333333333333,-2.093,0.0,,
SOM,2015,0.0,0.0,2.0,1.0,1.0,1.3333333333333333,-2.096,0.0,,
SOM,2016,0.0,0.0,2.0,1.0,1.0,1.3333333333333333,-2.096,1.0,,
SOM,2017,0.0,0.0,2.0,1.0,1.0,1.3333333333333333,-2.096,1.0,,
SOM,2018,0.0,0.0,2.0,1.0,1.0,1.3333333333333333,-2.096,1.0,,
SOM,2019,0.0,0.0,2.0,1.0,1.0,1.3333333333333333,-2.096,1.0,,
SOM,2020,,,2.0,2.0,2.0,2.0,-2.096,1.0,,
SOM,2021,,,2.0,2.0,2.0,2.0,-2.096,1.0,,
SOM,2022,,,3.0,2.0,2.0,2.3333333333333335,-2.096,1.0,1.9,1.2899455394477068
SOM,2023,,,3.0,2.0,2.0,2.3333333333333335,-2.096,1.0,1.9,1.2899455394477068
SOM,2024,,,3.0,2.0,2.0,2.3333333333333335,,,,
SOM,2025,,,3.0,2.0,2.0,2.3333333333333335,,,,
SRB,1960,,,,,,,,0.0,,
SRB,1961,,,,,,,,0.0,,
SRB,1962,,,,,,,,0.0,,
SRB,1963,,,,,,,,0.0,,
SRB,1964,,,,,,,,0.0,,
SRB,1965,,,,,,,,0.0,,
SRB,1966,,,,,,,,0.0,,
SRB,1967,,,,,,,,0.0,,
SRB,1968,,,,,,,,0.0,,
SRB,1969,,,,,,,,0.0,,
SRB,1970,,,,,,,,0.0,,
SRB,1971,,,,,,,,0.0,,
SRB,1972,,,,,,,,0.0,,
SRB,1973,,,,,,,,0.0,,
SRB,1974,,,,,,,,0.0,,
SRB,1975,,,,,,,,0.0,,
SRB,1976,,,,,,,,0.0,,
SRB,1977,,,,,,,,0.0,,
SRB,1978,,,,,,,,0.0,,
SRB,1979,,,,,,,,0.0,,
SRB,1980,,,,,,,,0.0,,
SRB,1981,,,,,,,,0.0,,
SRB,1982,,,,,,,,0.0,,
SRB,1983,,,,,,,,0.0,,
SRB,1984,,,,,,,,0.0,,
SRB,1985,,,,,,,,0.0,,
SRB,1986,,,,,,,,0.0,,
SRB,1987,,,,,,,,0.0,,
SRB,1988,,,,,,,,0.0,,
SRB,1989,,,,,,,,0.0,,
SRB,1990,,,,,,,,0.0,6.2991357,2.155909563417206
SRB,1991,,,,,,,,0.0,6.4354186,2.1857899111127024
SRB,1992,,,,,,,,0.0,6.571702,2.2160845045939586
SRB,1993,,,,,,,,0.0,6.707985,2.2467988840683244
SRB,1994,,,,,,,,0.0,6.8442683,2.2779390262165102
SRB,1995,,,,,,,,0.0,6.9805512,2.309510670634007
SRB,1996,,,,,,,,0.0,7.0724635,2.331050008519937
SRB,1997,,,,,,,,0.0,7.1643753,2.3527901113020264
SRB,1998,,,,,,,,0.0,7.256287,2.3747329451098222
SRB,1999,,,,,,,,0.0,7.348199,2.3968804970629844
SRB,2000,,,,,,,,0.0,7.440111,2.4192346044768476
SRB,2001,,,,,,,,0.0,7.5700555,2.4511948645841715
SRB,2002,,,,,,,,0.0,7.7,2.4835773484081365
SRB,2003,,,,,,,,0.0,8.123333,2.5815413525082764
SRB,2004,0.0,,5.0,5.0,6.0,5.333333333333333,,0.0,8.546666,2.656935226377268
SRB,2005,3.0,,5.0,5.0,6.0,5.333333333333333,,0.0,8.969999,2.7345309771255315
SRB,2006,4.0,2.3333333333333335,5.0,6.0,5.0,5.333333333333333,0.4128,0.0,9.393333,2.814393101910799
SRB,2007,0.0,1.75,5.0,6.0,5.0,5.333333333333333,0.6078,0.0,9.816667,2.896587604361036
SRB,2008,0.0,1.4,6.0,7.0,6.0,6.333333333333333,0.6781,0.0,10.24,2.9811823989714314
SRB,2009,3.0,2.0,6.0,7.0,6.0,6.333333333333333,0.7645,0.0,10.3,2.9933704699166754
SRB,2010,0.0,1.4,6.0,7.0,6.0,6.333333333333333,0.7413,0.0,10.37,3.0076528785188708
SRB,2011,1.0,0.8,6.0,7.0,6.0,6.333333333333333,0.8439,0.0,10.57,3.048836370640217
SRB,2012,3.0,1.4,7.0,7.0,6.0,6.666666666666667,0.8541,0.0,10.565001,3.0478001497273746
SRB,2013,0.0,1.4,7.0,7.0,6.0,6.666666666666667,0.9121,0.0,10.56,3.0467638666394032
SRB,2014,0.0,0.8,7.0,7.0,7.0,7.0,0.9433,0.0,10.72,3.0800936427082157
SRB,2015,1.0,1.0,7.0,7.0,7.0,7.0,0.8887,0.0,11.02,3.143572839382267
SRB,2016,5.0,1.8,7.0,7.0,7.0,7.0,0.8887,1.0,11.13,3.1671749259793063
SRB,2017,2.0,1.6,7.0,7.0,7.0,7.0,0.8887,1.0,11.16,3.173642557569552
SRB,2018,1.0,1.8,6.0,7.0,6.0,6.333333333333333,0.8887,1.0,11.265,3.196383453820145
SRB,2019,8.0,3.4,6.0,7.0,6.0,6.333333333333333,0.8887,1.0,11.37,3.2192873011129244
SRB,2020,,,5.0,6.0,6.0,5.666666666666667,0.8887,1.0,11.505057,3.248989016166623
SRB,2021,,,5.0,6.0,6.0,5.666666666666667,0.8887,1.0,11.641718,3.279322427256079
SRB,2022,,,5.0,5.0,6.0,5.333333333333333,0.8887,1.0,11.641718,3.279322427256079
SRB,2023,,,5.0,5.0,6.0,5.333333333333333,0.8887,1.0,11.641718,3.279322427256079
SRB,2024,,,5.0,5.0,5.0,5.0,,,,
SRB,2025,,,5.0,5.0,5.0,5.0,,,,
SSD,1960,,,,,,,,0.0,,
SSD,1961,,,,,,,,0.0,,
SSD,1962,,,,,,,,0.0,,
SSD,1963,,,,,,,,0.0,,
SSD,1964,,,,,,,,0.0,,
SSD,1965,,,,,,,,0.0,,
SSD,1966,,,,,,,,0.0,,
SSD,1967,,,,,,,,0.0,,
SSD,1968,,,,,,,,0.0,,
SSD,1969,,,,,,,,0.0,,
SSD,1970,,,,,,,,0.0,,
SSD,1971,,,,,,,,0.0,,
SSD,1972,,,,,,,,0.0,,
SSD,1973,,,,,,,,0.0,,
SSD,1974,,,,,,,,0.0,,
SSD,1975,,,,,,,,0.0,,
SSD,1976,,,,,,,,0.0,,
SSD,1977,,,,,,,,0.0,,
SSD,1978,,,,,,,,0.0,,
SSD,1979,,,,,,,,0.0,,
SSD,1980,,,,,,,,0.0,,
SSD,1981,,,,,,,,0.0,,
SSD,1982,,,,,,,,0.0,,
SSD,1983,,,,,,,,0.0,,
SSD,1984,,,,,,,,0.0,,
SSD,1985,,,,,,,,0.0,,
SSD,1986,,,,,,,,0.0,,
SSD,1987,,,,,,,,0.0,,
SSD,1988,,,,,,,,0.0,,
SSD,1989,,,,,,,,0.0,,
SSD,1990,,,,,,,,0.0,,
SSD,1991,,,,,,,,0.0,,
SSD,1992,,,,,,,,0.0,,
SSD,1993,,,,,,,,0.0,,
SSD,1994,,,,,,,,0.0,,
SSD,1995,,,,,,,,0.0,,
SSD,1996,,,,,,,,0.0,,
SSD,1997,,,,,,,,0.0,,
SSD,1998,,,,,,,,0.0,,
SSD,1999,,,,,,,,0.0,,
SSD,2000,,,,,,,,0.0,,
SSD,2001,,,,,,,,0.0,,
SSD,2002,,,,,,,,0.0,,
SSD,2003,,,,,,,,0.0,,
SSD,2004,0.0,,,,,,,0.0,,
SSD,2005,0.0,,,,,,,0.0,,
SSD,2006,0.0,0.0,,,,,,0.0,,
SSD,2007,0.0,0.0,,,,,,0.0,,
SSD,2008,0.0,0.0,,,,,,0.0,5.73,2.035476614354434
SSD,2009,0.0,0.0,,,,,,0.0,5.73,2.035476614354434
SSD,2010,0.0,0.0,,,,,,0.0,5.73,2.035476614354434
SSD,2011,0.0,0.0,,,,,-0.8025,0.0,5.73,2.035476614354434
SSD,2012,1.0,0.2,4.0,3.0,3.0,3.3333333333333335,-0.932,0.0,5.73,2.035476614354434
SSD,2013,0.0,0.2,4.0,3.0,3.0,3.3333333333333335,-1.4,0.0,5.73,2.035476614354434
SSD,2014,0.0,0.2,3.0,3.0,3.0,3.0,-1.401,0.0,5.73,2.035476614354434
SSD,2015,0.0,0.2,3.0,3.0,3.0,3.0,-1.368,0.0,5.73,2.035476614354434
SSD,2016,0.0,0.2,2.0,2.0,2.0,2.0,-1.368,1.0,5.73,2.035476614354434
SSD,2017,2.0,0.4,2.0,2.0,2.0,2.0,-1.368,1.0,5.73,2.035476614354434
SSD,2018,0.0,0.4,1.0,2.0,2.0,1.6666666666666667,-1.368,1.0,5.73,2.035476614354434
SSD,2019,0.0,0.4,1.0,2.0,2.0,1.6666666666666667,-1.368,1.0,5.73,2.035476614354434
SSD,2020,,,1.0,2.0,2.0,1.6666666666666667,-1.368,1.0,5.73,2.035476614354434
SSD,2021,,,1.0,2.0,2.0,1.6666666666666667,-1.368,1.0,5.73,2.035476614354434
SSD,2022,,,1.0,2.0,2.0,1.6666666666666667,-1.368,1.0,5.73,2.035476614354434
SSD,2023,,,1.0,2.0,2.0,1.6666666666666667,-1.368,1.0,5.73,2.035476614354434
SSD,2024,,,1.0,2.0,2.0,1.6666666666666667,,,,
SSD,2025,,,1.0,2.0,2.0,1.6666666666666667,,,,
STP,1990,,,,,,,,,4.0992785,1.7263806868337086
STP,1991,,,,,,,,,4.1499014,1.7352301248422046
STP,1992,,,,,,,,,4.201149,1.7442349736349234
STP,1993,,,,,,,,,4.2530293,1.753398595750987
STP,1994,,,,,,,,,4.3055506,1.7627244772975328
STP,1995,,,,,,,,,4.3587203,1.772216016629263
STP,1996,,,,,,,,,4.4125466,1.781876828053586
STP,1997,,,,,,,,,4.4670377,1.7917106030903132
STP,1998,,,,,,,,,4.5222015,1.8017210581412937
STP,1999,,,,,,,,,4.578047,1.8119121914827778
STP,2000,,,,,,,,,4.6345816,1.8222877944397153
STP,2001,,,,,,,,,4.691815,1.8328521674407914
STP,2002,,,,,,,,,4.7497544,1.8436092411341318
STP,2003,,,,,,,,,4.8084097,1.854563539508477
STP,2004,0.0,,,,,,,,4.8677897,1.865719481562348
STP,2005,0.0,,,,,,,,4.927902,1.877081359193814
STP,2006,0.0,0.0,,,,,,,4.9887576,1.8886542106862547
STP,2007,0.0,0.0,,,,,,,5.0503645,1.9004426153692777
STP,2008,0.0,0.0,,,,,,,5.112732,1.9124515097154973
STP,2009,0.0,0.0,,,,,,,5.17587,1.924686062452934
STP,2010,0.0,0.0,,,,,,,5.239787,1.937151290596064
STP,2011,2.0,0.4,,,,,,,5.304494,1.9498528223319223
STP,2012,0.0,0.4,,,,,,,5.37,1.9627960248754932
STP,2013,1.0,0.6,,,,,,,5.4379725,1.9763174168840354
STP,2014,2.0,1.0,,,,,,,5.5059457,1.9899320963161085
STP,2015,0.0,1.0,,,,,,,5.5739183,2.0036404446744287
STP,2016,1.0,0.8,,,,,,,5.6418915,2.017443350077341
STP,2017,0.0,0.8,,,,,,,5.709864,2.03134119888369
STP,2018,0.0,0.6,,,,,,,5.7778373,2.0453349530398937
STP,2019,0.0,0.2,,,,,,,5.84581,2.0594249842970385
STP,2020,,,,,,,,,5.9162602,2.07413101953262
STP,2021,,,,,,,,,5.9875593,2.0891211795642994
STP,2022,,,,,,,,,5.9875593,2.0891211795642994
STP,2023,,,,,,,,,5.9875593,2.0891211795642994
SUR,1960,,,,,,,,0.0,,
SUR,1961,,,,,,,,0.0,,
SUR,1962,,,,,,,,0.0,,
SUR,1963,,,,,,,,0.0,,
SUR,1964,,,,,,,,0.0,,
SUR,1965,,,,,,,,0.0,,
SUR,1966,,,,,,,,0.0,,
SUR,1967,,,,,,,,0.0,,
SUR,1968,,,,,,,,0.0,,
SUR,1969,,,,,,,,0.0,,
SUR,1970,,,,,,,,0.0,,
SUR,1971,,,,,,,,0.0,,
SUR,1972,,,,,,,,0.0,,
SUR,1973,,,,,,,,0.0,,
SUR,1974,,,,,,,,0.0,,
SUR,1975,,,,,,,-0.285,0.0,,
SUR,1976,,,,,,,-0.4674,0.0,,
SUR,1977,,,,,,,-0.8086,0.0,,
SUR,1978,,,,,,,-0.5141,0.0,,
SUR,1979,,,,,,,-0.5441,0.0,,
SUR,1980,,,,,,,-0.8141,0.0,,
SUR,1981,,,,,,,-0.8997,0.0,,
SUR,1982,,,,,,,-0.5538,0.0,,
SUR,1983,,,,,,,-0.5799,0.0,,
SUR,1984,,,,,,,-0.3801,0.0,,
SUR,1985,,,,,,,-0.3474,0.0,,
SUR,1986,,,,,,,-0.5094,0.0,,
SUR,1987,,,,,,,-1.035,0.0,,
SUR,1988,,,,,,,-0.7529,0.0,,
SUR,1989,,,,,,,-0.6515,0.0,,
SUR,1990,,,,,,,-0.3244,0.0,,
SUR,1991,,,,,,,-0.3316,0.0,,
SUR,1992,,,,,,,-0.3776,0.0,,
SUR,1993,,,,,,,-0.316,0.0,,
SUR,1994,,,,,,,-0.2843,0.0,,
SUR,1995,,,,,,,-0.1754,0.0,,
SUR,1996,,,,,,,-0.1757,0.0,,
SUR,1997,,,,,,,-0.1417,0.0,,
SUR,1998,,,,,,,-0.09239,0.0,,
SUR,1999,,,,,,,-0.2986,0.0,,
SUR,2000,,,,,,,-0.1143,0.0,,
SUR,2001,,,,,,,-0.02288,0.0,,
SUR,2002,,,,,,,-0.07903,0.0,,
SUR,2003,,,,,,,-0.05686,0.0,,
SUR,2004,0.0,,,,,,-0.05581,0.0,7.74,2.49363129619553
SUR,2005,0.0,,,,,,-0.2138,0.0,7.7804317,2.5038351131783037
SUR,2006,0.0,0.0,,,,,-0.1514,0.0,7.820864,2.5140808360330955
SUR,2007,0.0,0.0,,,,,0.04014,0.0,7.861296,2.5243684080184527
SUR,2008,0.0,0.0,,,,,0.05007,0.0,7.9017286,2.534698230159595
SUR,2009,0.0,0.0,,,,,0.3098,0.0,7.9421606,2.5450701681379573
SUR,2010,0.0,0.0,,,,,0.3202,0.0,7.982593,2.5554846511350475
SUR,2011,0.0,0.0,,,,,0.3903,0.0,8.0230255,2.563992807840289
SUR,2012,0.0,0.0,,,,,0.1283,0.0,8.0634575,2.5710518877160626
SUR,2013,0.0,0.0,,,,,-0.07708,0.0,8.103889,2.578130314704698
SUR,2014,0.0,0.0,,,,,-0.09928,0.0,8.144321,2.5852283173847375
SUR,2015,0.0,0.0,,,,,-0.08762,0.0,8.184753,2.5923458619947404
SUR,2016,3.0,0.6,,,,,-0.08762,1.0,8.225186,2.599483179101597
SUR,2017,1.0,0.8,,,,,-0.08762,1.0,8.265618,2.6066399696124343
SUR,2018,1.0,1.0,,,,,-0.08762,1.0,8.30605,2.6138164639054806
SUR,2019,1.0,1.2,,,,,-0.08762,1.0,8.347084,2.621120012201051
SUR,2020,,,,,,,-0.08762,1.0,8.38832,2.628480072687982
SUR,2021,,,,,,,-0.08762,1.0,8.42976,2.6358973650144164
SUR,2022,,,,,,,-0.08762,1.0,8.42976,2.6358973650144164
SUR,2023,,,,,,,-0.08762,1.0,8.42976,2.6358973650144164
SVK,1960,,,,,,,,0.0,,
SVK,1961,,,,,,,,0.0,,
SVK,1962,,,,,,,,0.0,,
SVK,1963,,,,,,,,0.0,,
SVK,1964,,,,,,,,0.0,,
SVK,1965,,,,,,,,0.0,,
SVK,1966,,,,,,,,0.0,,
SVK,1967,,,,,,,,0.0,,
SVK,1968,,,,,,,,0.0,,
SVK,1969,,,,,,,,0.0,,
SVK,1970,,,,,,,,0.0,,
SVK,1971,,,,,,,,0.0,,
SVK,1972,,,,,,,,0.0,,
SVK,1973,,,,,,,,0.0,,
SVK,1974,,,,,,,,0.0,,
SVK,1975,,,,,,,,0.0,,
SVK,1976,,,,,,,,0.0,,
SVK,1977,,,,,,,,0.0,,
SVK,1978,,,,,,,,0.0,,
SVK,1979,,,,,,,,0.0,,
SVK,1980,,,,,,,,0.0,,
SVK,1981,,,,,,,,0.0,,
SVK,1982,,,,,,,,0.0,,
SVK,1983,,,,,,,,0.0,,
SVK,1984,,,,,,,,0.0,,
SVK,1985,,,,,,,,0.0,,
SVK,1986,,,,,,,,0.0,,
SVK,1987,,,,,,,,0.0,,
SVK,1988,,,,,,,,0.0,,
SVK,1989,,,,,,,,0.0,,
SVK,1990,,,,,,,,0.0,6.8628645,2.2822215086531648
SVK,1991,,,,,,,,0.0,7.16,2.351750630574992
SVK,1992,,,,,,,,0.0,7.47,2.426548797737769
SVK,1993,,,,,,,1.451,0.0,7.7799997,2.5037258682279506
SVK,1994,,,,,,,1.608,0.0,8.09,2.575696543843501
SVK,1995,,,,,,,1.652,0.0,8.4,2.6305685459656343
SVK,1996,,,,,,,1.543,0.0,8.71,2.6866095276494666
SVK,1997,,,,,,,1.429,0.0,9.02,2.7438443925464555
SVK,1998,,,,,,,1.441,0.0,9.33,2.8022985748492917
SVK,1999,,,,,,,1.52,0.0,9.64,2.8619980505944143
SVK,2000,,,,,,,1.416,0.0,9.95,2.922969349205319
SVK,2001,,,,,,,1.399,0.0,10.26,2.9852395652817787
SVK,2002,,,,,,,1.376,0.0,10.484,3.031058807803147
SVK,2003,,,,,,,1.399,0.0,10.708,3.077581311466316
SVK,2004,2.0,,9.0,9.0,9.0,9.0,1.407,0.0,10.932,3.1248178703439606
SVK,2005,2.0,,9.0,9.0,9.0,9.0,1.368,0.0,11.156,3.1727794441826345
SVK,2006,1.0,1.6666666666666667,8.0,9.0,8.0,8.333333333333334,1.38,0.0,11.38,3.2214771609456423
SVK,2007,1.0,1.5,8.0,9.0,8.0,8.333333333333334,1.364,0.0,11.604,3.270922319394921
SVK,2008,2.0,1.6,8.0,9.0,9.0,8.666666666666666,1.407,0.0,11.828,3.3211263917125695
SVK,2009,0.0,1.2,8.0,9.0,9.0,8.666666666666666,1.357,0.0,12.052,3.3721010261625963
SVK,2010,0.0,0.8,8.0,8.0,8.0,8.0,1.357,0.0,12.276,3.423858049793533
SVK,2011,0.0,0.6,8.0,8.0,8.0,8.0,1.382,0.0,12.5,3.4764094711825293
SVK,2012,1.0,0.6,8.0,8.0,9.0,8.333333333333334,1.358,0.0,12.38,3.4481573951329083
SVK,2013,0.0,0.2,8.0,8.0,9.0,8.333333333333334,1.366,0.0,12.44,3.4622546160801226
SVK,2014,0.0,0.2,8.0,8.0,9.0,8.333333333333334,1.333,0.0,12.44,3.4622546160801226
SVK,2015,5.0,1.2,8.0,8.0,9.0,8.333333333333334,1.397,0.0,12.64,3.5096629246392053
SVK,2016,1.0,1.4,8.0,8.0,8.0,8.0,1.397,1.0,12.71,3.5264087435912663
SVK,2017,1.0,1.4,8.0,8.0,8.0,8.0,1.397,1.0,12.77,3.540825882228489
SVK,2018,1.0,1.6,8.0,8.0,7.0,7.666666666666667,1.397,1.0,12.87,3.5649855479960793
SVK,2019,2.0,2.0,8.0,8.0,7.0,7.666666666666667,1.397,1.0,12.91,3.574695508246055
SVK,2020,,,7.0,8.0,6.0,7.0,1.397,1.0,13.006243,3.5981669095923383
SVK,2021,,,7.0,8.0,6.0,7.0,1.397,1.0,13.103204,3.621969258545914
SVK,2022,,,7.0,7.0,6.0,6.666666666666667,1.397,1.0,13.103204,3.621969258545914
SVK,2023,,,7.0,7.0,6.0,6.666666666666667,1.397,1.0,13.103204,3.621969258545914
SVK,2024,,,6.0,7.0,7.0,6.666666666666667,,,,
SVK,2025,,,6.0,7.0,7.0,6.666666666666667,,,,
SVN,1960,,,,,,,,0.0,,
SVN,1961,,,,,,,,0.0,,
SVN,1962,,,,,,,,0.0,,
SVN,1963,,,,,,,,0.0,,
SVN,1964,,,,,,,,0.0,,
SVN,1965,,,,,,,,0.0,,
SVN,1966,,,,,,,,0.0,,
SVN,1967,,,,,,,,0.0,,
SVN,1968,,,,,,,,0.0,,
SVN,1969,,,,,,,,0.0,,
SVN,1970,,,,,,,,0.0,,
SVN,1971,,,,,,,,0.0,,
SVN,1972,,,,,,,,0.0,,
SVN,1973,,,,,,,,0.0,,
SVN,1974,,,,,,,,0.0,,
SVN,1975,,,,,,,,0.0,,
SVN,1976,,,,,,,,0.0,,
SVN,1977,,,,,,,,0.0,,
SVN,1978,,,,,,,,0.0,,
SVN,1979,,,,,,,,0.0,,
SVN,1980,,,,,,,,0.0,,
SVN,1981,,,,,,,,0.0,,
SVN,1982,,,,,,,,0.0,,
SVN,1983,,,,,,,,0.0,,
SVN,1984,,,,,,,,0.0,,
SVN,1985,,,,,,,,0.0,,
SVN,1986,,,,,,,,0.0,,
SVN,1987,,,,,,,,0.0,,
SVN,1988,,,,,,,,0.0,,
SVN,1989,,,,,,,,0.0,,
SVN,1990,,,,,,,,0.0,7.191774,2.3593099306200567
SVN,1991,,,,,,,0.8894,0.0,7.51,2.4363718841544877
SVN,1992,,,,,,,1.042,0.0,7.842308,2.5195318438127443
SVN,1993,,,,,,,1.045,0.0,8.174616,2.5905595322581
SVN,1994,,,,,,,1.128,0.0,8.506924,2.649764669254734
SVN,1995,,,,,,,1.147,0.0,8.839231,2.71032270733624
SVN,1996,,,,,,,1.186,0.0,9.171538,2.772264746049512
SVN,1997,,,,,,,1.206,0.0,9.503846,2.8356226083325424
SVN,1998,,,,,,,1.265,0.0,9.836154,2.9004284631706834
SVN,1999,,,,,,,1.443,0.0,10.168462,2.9667154032593657
SVN,2000,,,,,,,1.457,0.0,10.50077,3.0345172776007336
SVN,2001,,,,,,,1.498,0.0,10.8330765,3.1038683921938284
SVN,2002,,,,,,,1.518,0.0,11.165384,3.174804678913892
SVN,2003,,,,,,,1.51,0.0,11.497692,3.2473622648763394
SVN,2004,0.0,,9.0,9.0,9.0,9.0,1.575,0.0,11.83,3.3215780956170113
SVN,2005,0.0,,9.0,9.0,9.0,9.0,1.631,0.0,11.68,3.2878702015484036
SVN,2006,0.0,0.0,8.0,8.0,9.0,8.333333333333334,1.672,0.0,11.81,3.317063819810322
SVN,2007,0.0,0.0,8.0,8.0,9.0,8.333333333333334,1.732,0.0,11.75,3.3035577705016714
SVN,2008,4.0,0.8,7.0,8.0,8.0,7.666666666666667,1.704,0.0,11.91,3.3396967184282973
SVN,2009,3.0,1.4,7.0,8.0,8.0,7.666666666666667,1.683,0.0,12.03,3.3670601345545124
SVN,2010,2.0,1.8,7.0,7.0,8.0,7.333333333333333,1.596,0.0,12.06,3.373935948174364
SVN,2011,2.0,2.2,7.0,7.0,8.0,7.333333333333333,1.554,0.0,12.21,3.4085262052598693
SVN,2012,3.0,2.8,7.0,7.0,8.0,7.333333333333333,1.539,0.0,12.28,3.4247894658499183
SVN,2013,1.0,2.2,7.0,7.0,8.0,7.333333333333333,1.583,0.0,12.38,3.4481573951329083
SVN,2014,0.0,1.6,7.0,7.0,8.0,7.333333333333333,1.589,0.0,12.43,3.4599010832330466
SVN,2015,0.0,1.2,7.0,7.0,8.0,7.333333333333333,1.597,0.0,12.57,3.49299662637597
SVN,2016,1.0,1.0,7.0,8.0,8.0,7.666666666666667,1.597,1.0,12.67,3.5168299448805924
SVN,2017,1.0,0.6,7.0,8.0,8.0,7.666666666666667,1.597,1.0,12.7,3.5240116007665545
SVN,2018,1.0,0.6,7.0,8.0,8.0,7.666666666666667,1.597,1.0,12.75,3.536013632100474
SVN,2019,0.0,0.6,7.0,8.0,8.0,7.666666666666667,1.597,1.0,12.8,3.548056539791358
SVN,2020,,,7.0,7.0,7.0,7.0,1.597,1.0,12.87538,3.566290000904935
SVN,2021,,,7.0,7.0,7.0,7.0,1.597,1.0,12.951202,3.5847249046403484
SVN,2022,,,7.0,7.0,8.0,7.333333333333333,1.597,1.0,12.951202,3.5847249046403484
SVN,2023,,,7.0,7.0,8.0,7.333333333333333,1.597,1.0,12.951202,3.5847249046403484
SVN,2024,,,7.0,7.0,9.0,7.666666666666667,,,,
SVN,2025,,,7.0,7.0,9.0,7.666666666666667,,,,
SWE,1960,,,,,,,1.642,0.0,,
SWE,1961,,,,,,,1.749,0.0,,
SWE,1962,,,,,,,1.749,0.0,,
SWE,1963,,,,,,,1.757,0.0,,
SWE,1964,,,,,,,1.742,0.0,,
SWE,1965,,,,,,,1.994,0.0,,
SWE,1966,,,,,,,2.005,0.0,,
SWE,1967,,,,,,,2.004,0.0,,
SWE,1968,,,,,,,2.199,0.0,,
SWE,1969,,,,,,,2.211,0.0,,
SWE,1970,,,,,,,2.231,0.0,,
SWE,1971,,,,,,,2.216,0.0,,
SWE,1972,,,,,,,2.23,0.0,,
SWE,1973,,,,,,,2.192,0.0,,
SWE,1974,,,,,,,2.191,0.0,,
SWE,1975,,,,,,,2.197,0.0,,
SWE,1976,,,,,,,2.244,0.0,,
SWE,1977,,,,,,,2.289,0.0,,
SWE,1978,,,,,,,2.344,0.0,,
SWE,1979,,,,,,,2.344,0.0,,
SWE,1980,,,,,,,2.357,0.0,,
SWE,1981,,,,,,,2.371,0.0,,
SWE,1982,,,,,,,2.334,0.0,,
SWE,1983,,,,,,,2.324,0.0,,
SWE,1984,,,,,,,2.453,0.0,,
SWE,1985,,,,,,,2.471,0.0,,
SWE,1986,,,,,,,2.51,0.0,,
SWE,1987,,,,,,,2.55,0.0,,
SWE,1988,,,,,,,2.567,0.0,,
SWE,1989,,,,,,,2.561,0.0,,
SWE,1990,,,,,,,2.578,0.0,9.55,2.844536110563445
SWE,1991,,,,,,,2.505,0.0,9.71,2.8756536358245355
SWE,1992,,,,,,,2.491,0.0,10.02,2.9369158496457426
SWE,1993,,,,,,,2.489,0.0,10.21,2.9751069859058097
SWE,1994,,,,,,,2.498,0.0,10.36,3.005608369773233
SWE,1995,,,,,,,2.501,0.0,10.53,3.040554803748909
SWE,1996,,,,,,,2.519,0.0,10.713333,3.0786975802552883
SWE,1997,,,,,,,2.521,0.0,10.896667,3.1173190575328547
SWE,1998,,,,,,,2.513,0.0,11.08,3.1564248167725646
SWE,1999,,,,,,,2.532,0.0,11.263333,3.196021145112675
SWE,2000,,,,,,,2.406,0.0,11.446667,3.236114416639642
SWE,2001,,,,,,,2.346,0.0,11.63,3.2767104252334565
SWE,2002,,,,,,,2.303,0.0,11.8133335,3.3178158104295137
SWE,2003,,,,,,,2.325,0.0,11.996667,3.3594368508019037
SWE,2004,0.0,,,,,,2.343,0.0,12.18,3.4015798994420523
SWE,2005,1.0,,,,,,2.35,0.0,12.26,3.4201349179863305
SWE,2006,1.0,0.6666666666666666,,,,,2.353,0.0,12.33,3.4364535677706574
SWE,2007,0.0,0.5,,,,,2.36,0.0,12.4,3.4528500794923542
SWE,2008,0.0,0.4,,,,,2.308,0.0,12.07,3.376231004849956
SWE,2009,1.0,0.6,,,,,2.276,0.0,12.14,3.3923401738389884
SWE,2010,2.0,0.8,,,,,2.299,0.0,12.21,3.4085262052598693
SWE,2011,0.0,0.6,,,,,2.571,0.0,12.28,3.4247894658499183
SWE,2012,0.0,0.6,,,,,2.561,0.0,12.34,3.4387911508849247
SWE,2013,0.0,0.6,,,,,2.523,0.0,12.23,3.4131649545335434
SWE,2014,0.0,0.4,,,,,2.549,0.0,12.29,3.4271191146775286
SWE,2015,0.0,0.0,,,,,2.354,0.0,12.35,3.4411303240962825
SWE,2016,2.0,0.4,,,,,2.354,1.0,12.41,3.4551988160263263
SWE,2017,0.0,0.4,,,,,2.354,1.0,12.49,3.4740463163058433
SWE,2018,0.0,0.4,,,,,2.354,1.0,12.549999,3.488249142622513
SWE,2019,0.0,0.4,,,,,2.354,1.0,12.61,3.50251051021611
SWE,2020,,,,,,,2.354,1.0,12.674995,3.5180246742290695
SWE,2021,,,,,,,2.354,1.0,12.740326,3.53368829410557
SWE,2022,,,,,,,2.354,1.0,12.740326,3.53368829410557
SWE,2023,,,,,,,2.354,1.0,12.740326,3.53368829410557
SWZ,1960,,,,,,,,0.0,,
SWZ,1961,,,,,,,,0.0,,
SWZ,1962,,,,,,,,0.0,,
SWZ,1963,,,,,,,,0.0,,
SWZ,1964,,,,,,,,0.0,,
SWZ,1965,,,,,,,,0.0,,
SWZ,1966,,,,,,,,0.0,,
SWZ,1967,,,,,,,,0.0,,
SWZ,1968,,,,,,,-0.8028,0.0,,
SWZ,1969,,,,,,,-0.6295,0.0,,
SWZ,1970,,,,,,,-0.6324,0.0,,
SWZ,1971,,,,,,,-0.3808,0.0,,
SWZ,1972,,,,,,,-0.5953,0.0,,
SWZ,1973,,,,,,,-0.5636,0.0,,
SWZ,1974,,,,,,,-0.5492,0.0,,
SWZ,1975,,,,,,,-0.309,0.0,,
SWZ,1976,,,,,,,-0.2509,0.0,,
SWZ,1977,,,,,,,-0.2094,0.0,,
SWZ,1978,,,,,,,-0.1626,0.0,,
SWZ,1979,,,,,,,-0.1311,0.0,,
SWZ,1980,,,,,,,-0.1668,0.0,,
SWZ,1981,,,,,,,-0.4158,0.0,,
SWZ,1982,,,,,,,-0.5532,0.0,,
SWZ,1983,,,,,,,-0.5539,0.0,,
SWZ,1984,,,,,,,-0.544,0.0,,
SWZ,1985,,,,,,,-0.5156,0.0,,
SWZ,1986,,,,,,,-0.4264,0.0,,
SWZ,1987,,,,,,,-0.2484,0.0,,
SWZ,1988,,,,,,,-0.2466,0.0,,
SWZ,1989,,,,,,,-0.1185,0.0,,
SWZ,1990,,,,,,,-0.2091,0.0,6.290479,2.154025417922509
SWZ,1991,,,,,,,-0.2106,0.0,6.2586656,2.147115311388575
SWZ,1992,,,,,,,-0.134,0.0,6.2268515,2.1402272211398548
SWZ,1993,,,,,,,-0.1775,0.0,6.1950374,2.1333612283476713
SWZ,1994,,,,,,,-0.1897,0.0,6.1632237,2.126517348033199
SWZ,1995,,,,,,,-0.2073,0.0,6.1314096,2.119695337435524
SWZ,1996,,,,,,,-0.2074,0.0,6.0215073,2.0962965438588244
SWZ,1997,,,,,,,-0.231,0.0,5.9116044,2.0731559181551016
SWZ,1998,,,,,,,-0.2192,0.0,5.801702,2.0502708410317054
SWZ,1999,,,,,,,-0.1719,0.0,5.691799,2.0276382639791284
SWZ,2000,,,,,,,-0.2899,0.0,5.581897,2.0052557264709923
SWZ,2001,,,,,,,-0.3293,0.0,5.370768,1.9629482809425736
SWZ,2002,,,,,,,-0.3138,0.0,5.1596394,1.9215335273493617
SWZ,2003,,,,,,,-0.2197,0.0,4.94851,1.8809924001755145
SWZ,2004,0.0,,,,,,-0.151,0.0,4.7373815,1.8413067900069024
SWZ,2005,0.0,,,,,,-0.1744,0.0,4.5262527,1.802458421352326
SWZ,2006,0.0,0.0,,,,,-0.1115,0.0,4.7836566,1.8499328046134274
SWZ,2007,0.0,0.0,,,,,-0.2339,0.0,5.04106,1.8986575047837204
SWZ,2008,0.0,0.0,,,,,-0.1768,0.0,5.2984633,1.948665527240786
SWZ,2009,0.0,0.0,,,,,-0.1095,0.0,5.555867,1.9999907729013942
SWZ,2010,4.0,0.8,,,,,0.03776,0.0,5.8132706,2.0526678362062674
SWZ,2011,0.0,0.8,,,,,-0.02402,0.0,6.1140566,2.1159835007742775
SWZ,2012,2.0,1.2,,,,,-0.03632,0.0,6.4148426,2.181252171722072
SWZ,2013,0.0,1.2,,,,,-0.121,0.0,6.715629,2.2485341814427455
SWZ,2014,0.0,1.2,,,,,-0.09093,0.0,7.016415,2.317891450792791
SWZ,2015,0.0,0.4,,,,,-0.07895,0.0,7.317201,2.3893880831338006
SWZ,2016,1.0,0.6,,,,,-0.07895,1.0,7.510977,2.43661230988495
SWZ,2017,1.0,0.4,,,,,-0.07895,1.0,7.7047524,2.484769732805016
SWZ,2018,1.0,0.6,3.0,4.0,3.0,3.3333333333333335,-0.07895,1.0,7.898528,2.5338789945093327
SWZ,2019,2.0,1.0,3.0,4.0,3.0,3.3333333333333335,-0.07895,1.0,8.092304,2.5761001149857417
SWZ,2020,,,2.0,3.0,4.0,3.0,-0.07895,1.0,8.286079,2.6102692371224445
SWZ,2021,,,2.0,3.0,4.0,3.0,-0.07895,1.0,8.48564,2.6459324069603056
SWZ,2022,,,1.0,3.0,3.0,2.3333333333333335,-0.07895,1.0,8.6852,2.682082647480247
SWZ,2023,,,1.0,3.0,3.0,2.3333333333333335,-0.07895,1.0,8.6852,2.682082647480247
SWZ,2024,,,1.0,3.0,2.0,2.0,,,,
SWZ,2025,,,1.0,3.0,2.0,2.0,,,,
SYC,2000,,,,,,,,,10.273938,2.9880702688137775
SYC,2001,,,,,,,,,10.321857,2.9978227524459586
SYC,2002,,,,,,,,,10.37,3.0076528785188708
SYC,2003,,,,,,,,,10.41882,3.0176541559741077
SYC,2004,0.0,,,,,,,,10.467641,3.027688896325135
SYC,2005,0.0,,,,,,,,10.516461,3.0377567990796583
SYC,2006,0.0,0.0,,,,,,,10.565282,3.0478583876490393
SYC,2007,0.0,0.0,,,,,,,10.614103,3.057993567482755
SYC,2008,0.0,0.0,,,,,,,10.662924,3.0681624502833413
SYC,2009,0.0,0.0,,,,,,,10.711744,3.0783649387959566
SYC,2010,0.0,0.0,,,,,,,10.760565,3.088601563428826
SYC,2011,1.0,0.2,,,,,,,10.809385,3.0988720176441884
SYC,2012,0.0,0.2,,,,,,,10.858206,3.109176835383677
SYC,2013,2.0,0.6,,,,,,,10.907026,3.1195157080674765
SYC,2014,2.0,1.0,,,,,,,10.955847,3.1298891731941665
SYC,2015,1.0,1.2,,,,,,,11.004667,3.1402969201282716
SYC,2016,2.0,1.4,,,,,,,11.053488,3.150739489949016
SYC,2017,3.0,2.0,,,,,,,11.102309,3.161216784914304
SYC,2018,0.0,1.6,,,,,,,11.15113,3.1717289204972117
SYC,2019,0.0,1.2,,,,,,,11.19995,3.1822757961600416
SYC,2020,,,,,,,,,11.19995,3.1822757961600416
SYC,2021,,,,,,,,,11.19995,3.1822757961600416
SYC,2022,,,,,,,,,11.19995,3.1822757961600416
SYC,2023,,,,,,,,,11.19995,3.1822757961600416
SYR,1960,,,,,,,0.1312,0.0,,
SYR,1961,,,,,,,0.1957,0.0,,
SYR,1962,,,,,,,0.265,0.0,,
SYR,1963,,,,,,,0.06592,0.0,,
SYR,1964,,,,,,,-0.07388,0.0,,
SYR,1965,,,,,,,-0.00742,0.0,,
SYR,1966,,,,,,,-0.03947,0.0,,
SYR,1967,,,,,,,-0.2609,0.0,,
SYR,1968,,,,,,,-0.2158,0.0,,
SYR,1969,,,,,,,-0.2149,0.0,,
SYR,1970,,,,,,,-0.358,0.0,,
SYR,1971,,,,,,,-0.4153,0.0,,
SYR,1972,,,,,,,-0.4823,0.0,,
SYR,1973,,,,,,,-0.4674,0.0,,
SYR,1974,,,,,,,-0.468,0.0,,
SYR,1975,,,,,,,-0.3725,0.0,,
SYR,1976,,,,,,,-0.3935,0.0,,
SYR,1977,,,,,,,-0.2905,0.0,,
SYR,1978,,,,,,,-0.24,0.0,,
SYR,1979,,,,,,,-0.3901,0.0,,
SYR,1980,,,,,,,-0.3403,0.0,,
SYR,1981,,,,,,,-0.3211,0.0,,
SYR,1982,,,,,,,-0.1103,0.0,,
SYR,1983,,,,,,,-0.06193,0.0,,
SYR,1984,,,,,,,-0.1514,0.0,,
SYR,1985,,,,,,,-0.08349,0.0,,
SYR,1986,,,,,,,0.02222,0.0,,
SYR,1987,,,,,,,0.0877,0.0,,
SYR,1988,,,,,,,0.04907,0.0,,
SYR,1989,,,,,,,0.01089,0.0,,
SYR,1990,,,,,,,0.02201,0.0,3.7828565,1.6601413859491083
SYR,1991,,,,,,,0.1506,0.0,3.8800483,1.681903978452958
SYR,1992,,,,,,,0.2063,0.0,3.97724,1.70395183131509
SYR,1993,,,,,,,0.2043,0.0,4.074432,1.7220537720019995
SYR,1994,,,,,,,0.2048,0.0,4.1716237,1.7390413162229383
SYR,1995,,,,,,,0.2671,0.0,4.2688155,1.7561964552126494
SYR,1996,,,,,,,0.303,0.0,4.287873,1.7595800506614123
SYR,1997,,,,,,,0.4028,0.0,4.30693,1.7629700761220184
SYR,1998,,,,,,,0.3089,0.0,4.3259873,1.7663666863622964
SYR,1999,,,,,,,0.3697,0.0,4.345044,1.769769733402709
SYR,2000,,,,,,,0.4,0.0,4.3641014,1.7731794620498689
SYR,2001,,,,,,,0.2885,0.0,4.547051,1.80624869610724
SYR,2002,,,,,,,0.3055,0.0,4.73,1.839934549381654
SYR,2003,,,,,,,0.2677,0.0,5.106,1.9111516147057794
SYR,2004,0.0,,3.0,2.0,4.0,3.0,0.1607,0.0,5.482,1.9851252293838402
SYR,2005,0.0,,3.0,2.0,4.0,3.0,0.1917,0.0,5.8580003,2.061962151729547
SYR,2006,0.0,0.0,4.0,3.0,5.0,4.0,0.2474,0.0,6.234,2.1417730199482374
SYR,2007,0.0,0.0,4.0,3.0,5.0,4.0,0.2157,0.0,6.61,2.224673136760743
SYR,2008,3.0,0.6,4.0,3.0,4.0,3.6666666666666665,0.4078,0.0,6.19,2.1322760984368467
SYR,2009,2.0,1.0,4.0,3.0,4.0,3.6666666666666665,0.3258,0.0,6.49,2.1978728362314457
SYR,2010,1.0,1.2,5.0,3.0,4.0,4.0,0.2078,0.0,6.4337573,2.1854231853495465
SYR,2011,0.0,1.2,5.0,3.0,4.0,4.0,0.1096,0.0,6.3780026,2.173151162018217
SYR,2012,0.0,1.2,1.0,1.0,3.0,1.6666666666666667,-0.3522,0.0,6.3227305,2.161053383788884
SYR,2013,1.0,0.8,1.0,1.0,3.0,1.6666666666666667,-1.035,0.0,6.2679377,2.1491269882469908
SYR,2014,0.0,0.4,1.0,1.0,3.0,1.6666666666666667,-1.22,0.0,6.2136197,2.1373689065948964
SYR,2015,0.0,0.2,1.0,1.0,3.0,1.6666666666666667,-1.202,0.0,6.1593018,2.1256751760142776
SYR,2016,0.0,0.2,1.0,1.0,3.0,1.6666666666666667,-1.202,1.0,6.104984,2.114045444199276
SYR,2017,0.0,0.2,1.0,1.0,3.0,1.6666666666666667,-1.202,1.0,6.050666,2.1024792970683386
SYR,2018,0.0,0.0,1.0,1.0,3.0,1.6666666666666667,-1.202,1.0,5.996348,2.090976429447225
SYR,2019,0.0,0.0,1.0,1.0,3.0,1.6666666666666667,-1.202,1.0,5.976072,2.0866987505737207
SYR,2020,,,1.0,1.0,3.0,1.6666666666666667,-1.202,1.0,5.955796,2.0824298228923808
SYR,2021,,,1.0,1.0,3.0,1.6666666666666667,-1.202,1.0,5.93552,2.078169628500186
SYR,2022,,,1.0,1.0,3.0,1.6666666666666667,-1.202,1.0,5.93552,2.078169628500186
SYR,2023,,,1.0,1.0,3.0,1.6666666666666667,-1.202,1.0,5.93552,2.078169628500186
SYR,2024,,,6.0,2.0,2.0,3.3333333333333335,,,,
SYR,2025,,,6.0,2.0,2.0,3.3333333333333335,,,,
TAW,1960,,,,,,,0.2775,0.0,,
TAW,1961,,,,,,,0.3249,0.0,,
TAW,1962,,,,,,,0.3251,0.0,,
TAW,1963,,,,,,,0.1808,0.0,,
TAW,1964,,,,,,,0.1872,0.0,,
TAW,1965,,,,,,,0.3865,0.0,,
TAW,1966,,,,,,,0.3897,0.0,,
TAW,1967,,,,,,,0.3848,0.0,,
TAW,1968,,,,,,,0.3761,0.0,,
TAW,1969,,,,,,,0.381,0.0,,
TAW,1970,,,,,,,0.7673,0.0,,
TAW,1971,,,,,,,0.7821,0.0,,
TAW,1972,,,,,,,0.7705,0.0,,
TAW,1973,,,,,,,0.8378,0.0,,
TAW,1974,,,,,,,0.8683,0.0,,
TAW,1975,,,,,,,0.8729,0.0,,
TAW,1976,,,,,,,1.008,0.0,,
TAW,1977,,,,,,,1.036,0.0,,
TAW,1978,,,,,,,0.9468,0.0,,
TAW,1979,,,,,,,1.014,0.0,,
TAW,1980,,,,,,,1.242,0.0,,
TAW,1981,,,,,,,1.167,0.0,,
TAW,1982,,,,,,,1.356,0.0,,
TAW,1983,,,,,,,1.37,0.0,,
TAW,1984,,,,,,,1.55,0.0,,
TAW,1985,,,,,,,1.464,0.0,,
TAW,1986,,,,,,,1.554,0.0,,
TAW,1987,,,,,,,1.573,0.0,,
TAW,1988,,,,,,,1.591,0.0,,
TAW,1989,,,,,,,1.762,0.0,,
TAW,1990,,,,,,,1.75,0.0,,
TAW,1991,,,,,,,1.779,0.0,,
TAW,1992,,,,,,,1.881,0.0,,
TAW,1993,,,,,,,1.897,0.0,,
TAW,1994,,,,,,,1.908,0.0,,
TAW,1995,,,,,,,1.797,0.0,,
TAW,1996,,,,,,,1.762,0.0,,
TAW,1997,,,,,,,1.596,0.0,,
TAW,1998,,,,,,,1.554,0.0,,
TAW,1999,,,,,,,1.543,0.0,,
TAW,2000,,,,,,,1.551,0.0,,
TAW,2001,,,,,,,1.531,0.0,,
TAW,2002,,,,,,,1.452,0.0,,
TAW,2003,,,,,,,1.458,0.0,,
TAW,2004,,,,,,,1.529,0.0,,
TAW,2005,,,,,,,1.662,0.0,,
TAW,2006,,,,,,,1.639,0.0,,
TAW,2007,,,,,,,1.649,0.0,,
TAW,2008,,,,,,,1.685,0.0,,
TAW,2009,,,,,,,1.573,0.0,,
TAW,2010,,,,,,,1.531,0.0,,
TAW,2011,,,,,,,1.565,0.0,,
TAW,2012,,,,,,,1.579,0.0,,
TAW,2013,,,,,,,1.439,0.0,,
TAW,2014,,,,,,,1.443,0.0,,
TAW,2015,,,,,,,1.455,0.0,,
TAW,2016,,,,,,,1.455,1.0,,
TAW,2017,,,,,,,1.455,1.0,,
TAW,2018,,,,,,,1.455,1.0,,
TAW,2019,,,,,,,1.455,1.0,,
TAW,2020,,,,,,,1.455,1.0,,
TAW,2021,,,,,,,1.455,1.0,,
TAW,2022,,,,,,,1.455,1.0,,
TAW,2023,,,,,,,1.455,1.0,,
TCD,1960,,,,,,,-1.388,0.0,,
TCD,1961,,,,,,,-1.34,0.0,,
TCD,1962,,,,,,,-1.344,0.0,,
TCD,1963,,,,,,,-1.226,0.0,,
TCD,1964,,,,,,,-1.225,0.0,,
TCD,1965,,,,,,,-1.128,0.0,,
TCD,1966,,,,,,,-1.119,0.0,,
TCD,1967,,,,,,,-1.137,0.0,,
TCD,1968,,,,,,,-1.098,0.0,,
TCD,1969,,,,,,,-1.178,0.0,,
TCD,1970,,,,,,,-1.223,0.0,,
TCD,1971,,,,,,,-0.9927,0.0,,
TCD,1972,,,,,,,-1.162,0.0,,
TCD,1973,,,,,,,-1.198,0.0,,
TCD,1974,,,,,,,-1.239,0.0,,
TCD,1975,,,,,,,-1.175,0.0,,
TCD,1976,,,,,,,-1.232,0.0,,
TCD,1977,,,,,,,-0.9701,0.0,,
TCD,1978,,,,,,,-0.9427,0.0,,
TCD,1979,,,,,,,-1.203,0.0,,
TCD,1980,,,,,,,-1.217,0.0,,
TCD,1981,,,,,,,-0.9448,0.0,,
TCD,1982,,,,,,,-1.317,0.0,,
TCD,1983,,,,,,,-1.312,0.0,,
TCD,1984,,,,,,,-1.266,0.0,,
TCD,1985,,,,,,,-1.162,0.0,,
TCD,1986,,,,,,,-1.004,0.0,,
TCD,1987,,,,,,,-0.9376,0.0,,
TCD,1988,,,,,,,-0.883,0.0,,
TCD,1989,,,,,,,-0.8127,0.0,,
TCD,1990,,,,,,,-0.9276,0.0,,
TCD,1991,,,,,,,-0.8134,0.0,,
TCD,1992,,,,,,,-0.7659,0.0,,
TCD,1993,,,,,,,-0.7818,0.0,,
TCD,1994,,,,,,,-0.8602,0.0,,
TCD,1995,,,,,,,-0.8378,0.0,,
TCD,1996,,,,,,,-0.8328,0.0,,
TCD,1997,,,,,,,-0.8654,0.0,,
TCD,1998,,,,,,,-0.9178,0.0,,
TCD,1999,,,,,,,-0.831,0.0,,
TCD,2000,,,,,,,-0.8406,0.0,1.2802103,1.1871413380615317
TCD,2001,,,,,,,-0.8409,0.0,1.3301578,1.1951134823687957
TCD,2002,,,,,,,-0.7206,0.0,1.3801051,1.2031391306729984
TCD,2003,,,,,,,-0.6688,0.0,1.4300526,1.2112187067638314
TCD,2004,0.0,,3.0,3.0,3.0,3.0,-0.5918,0.0,1.48,1.219352524205198
TCD,2005,0.0,,3.0,3.0,3.0,3.0,-0.6912,0.0,1.536,1.228536962461222
TCD,2006,0.0,0.0,2.0,3.0,3.0,2.6666666666666665,-0.7171,0.0,1.592,1.2377905799778817
TCD,2007,0.0,0.0,2.0,3.0,3.0,2.6666666666666665,-0.9318,0.0,1.648,1.2471138978289726
TCD,2008,0.0,0.0,1.0,2.0,2.0,1.6666666666666667,-0.9948,0.0,1.704,1.2565074410131358
TCD,2009,0.0,0.0,1.0,2.0,2.0,1.6666666666666667,-0.882,0.0,1.76,1.26597173848342
TCD,2010,0.0,0.0,2.0,3.0,2.0,2.3333333333333335,-0.8546,0.0,1.807277,1.2740172766400788
TCD,2011,3.0,0.6,2.0,3.0,2.0,2.3333333333333335,-0.941,0.0,1.8545539,1.282113928840168
TCD,2012,2.0,1.0,2.0,3.0,2.0,2.3333333333333335,-0.8035,0.0,1.901831,1.2902620715752164
TCD,2013,0.0,1.0,2.0,3.0,2.0,2.3333333333333335,-0.6181,0.0,1.949108,1.2984619803199282
TCD,2014,2.0,1.4,2.0,3.0,2.0,2.3333333333333335,-0.5872,0.0,1.996385,1.3067140013485727
TCD,2015,0.0,1.4,2.0,3.0,2.0,2.3333333333333335,-0.5349,0.0,2.043662,1.3150184658465596
TCD,2016,0.0,0.8,2.0,3.0,2.0,2.3333333333333335,-0.5349,1.0,2.090939,1.3233757071040573
TCD,2017,0.0,0.4,2.0,3.0,2.0,2.3333333333333335,-0.5349,1.0,2.138216,1.3317860605293683
TCD,2018,3.0,1.0,1.0,3.0,2.0,2.0,-0.5349,1.0,2.185493,1.340249863662392
TCD,2019,0.0,0.6,1.0,3.0,2.0,2.0,-0.5349,1.0,2.23277,1.3487674561881702
TCD,2020,,,1.0,3.0,2.0,2.0,-0.5349,1.0,2.2833056,1.357931994778649
TCD,2021,,,1.0,3.0,2.0,2.0,-0.5349,1.0,2.3349848,1.3673683268737498
TCD,2022,,,1.0,2.0,2.0,1.6666666666666667,-0.5349,1.0,2.3349848,1.3673683268737498
TCD,2023,,,1.0,2.0,2.0,1.6666666666666667,-0.5349,1.0,2.3349848,1.3673683268737498
TCD,2024,,,1.0,2.0,2.0,1.6666666666666667,,,,
TCD,2025,,,1.0,2.0,2.0,1.6666666666666667,,,,
TGO,1960,,,,,,,-0.6643,0.0,,
TGO,1961,,,,,,,-0.7541,0.0,,
TGO,1962,,,,,,,-0.6738,0.0,,
TGO,1963,,,,,,,-0.6339,0.0,,
TGO,1964,,,,,,,-0.6185,0.0,,
TGO,1965,,,,,,,-0.5905,0.0,,
TGO,1966,,,,,,,-0.6039,0.0,,
TGO,1967,,,,,,,-0.1725,0.0,,
TGO,1968,,,,,,,-0.2127,0.0,,
TGO,1969,,,,,,,-0.2194,0.0,,
TGO,1970,,,,,,,-0.1891,0.0,,
TGO,1971,,,,,,,-0.197,0.0,,
TGO,1972,,,,,,,-0.172,0.0,,
TGO,1973,,,,,,,-0.1642,0.0,,
TGO,1974,,,,,,,-0.1614,0.0,,
TGO,1975,,,,,,,-0.1136,0.0,,
TGO,1976,,,,,,,-0.07359,0.0,,
TGO,1977,,,,,,,-0.02622,0.0,,
TGO,1978,,,,,,,0.1524,0.0,,
TGO,1979,,,,,,,0.1026,0.0,,
TGO,1980,,,,,,,-0.07355,0.0,,
TGO,1981,,,,,,,-0.1517,0.0,,
TGO,1982,,,,,,,-0.08381,0.0,,
TGO,1983,,,,,,,-0.1614,0.0,,
TGO,1984,,,,,,,-0.1677,0.0,,
TGO,1985,,,,,,,-0.2348,0.0,,
TGO,1986,,,,,,,-0.2895,0.0,,
TGO,1987,,,,,,,-0.2554,0.0,,
TGO,1988,,,,,,,-0.2755,0.0,,
TGO,1989,,,,,,,-0.2374,0.0,,
TGO,1990,,,,,,,-0.2424,0.0,2.3170764,1.3640909520680127
TGO,1991,,,,,,,-0.5428,0.0,2.4007702,1.3794752963073524
TGO,1992,,,,,,,-0.5546,0.0,2.484464,1.3950331466074983
TGO,1993,,,,,,,-0.6237,0.0,2.5681577,1.4107664408816214
TGO,1994,,,,,,,-0.5198,0.0,2.6518514,1.4266771764941946
TGO,1995,,,,,,,-0.3922,0.0,2.7355452,1.4427673739757638
TGO,1996,,,,,,,-0.4948,0.0,2.80529,1.4563143992281191
TGO,1997,,,,,,,-0.5239,0.0,2.8750348,1.4699886257857566
TGO,1998,,,,,,,-0.5291,0.0,2.9447794,1.4837912082539209
TGO,1999,,,,,,,-0.4862,0.0,3.0145242,1.4977234313759669
TGO,2000,,,,,,,-0.4658,0.0,3.084269,1.5117864726616757
TGO,2001,,,,,,,-0.4568,0.0,3.123016,1.5196562287759785
TGO,2002,,,,,,,-0.4984,0.0,3.1617632,1.527566992633859
TGO,2003,,,,,,,-0.4093,0.0,3.2005103,1.535518916403603
TGO,2004,0.0,,2.0,2.0,2.0,2.0,-0.4672,0.0,3.2392576,1.5435122761833402
TGO,2005,0.0,,2.0,2.0,2.0,2.0,-0.7518,0.0,3.2780046,1.5515471841499455
TGO,2006,2.0,0.6666666666666666,4.0,3.0,2.0,3.0,-0.5313,0.0,3.2935033,1.55477282576036
TGO,2007,1.0,0.75,4.0,3.0,2.0,3.0,-0.4976,0.0,3.3090022,1.5580052151822776
TGO,2008,0.0,0.6,5.0,4.0,5.0,4.666666666666667,-0.5946,0.0,3.324501,1.5612443038558845
TGO,2009,2.0,1.0,5.0,4.0,5.0,4.666666666666667,-0.5305,0.0,3.34,1.564490168514513
TGO,2010,0.0,1.0,5.0,5.0,6.0,5.333333333333333,-0.4877,0.0,3.49,1.5962545838545699
TGO,2011,1.0,0.8,5.0,5.0,6.0,5.333333333333333,-0.3627,0.0,3.64,1.6286639237216074
TGO,2012,2.0,1.0,5.0,4.0,6.0,5.0,-0.3304,0.0,3.8430967,1.6735965907322146
TGO,2013,1.0,1.2,5.0,4.0,6.0,5.0,-0.2703,0.0,4.0461936,1.7171493368765096
TGO,2014,5.0,1.8,5.0,5.0,5.0,5.0,-0.2318,0.0,4.24929,1.7527365159621837
TGO,2015,1.0,2.0,5.0,5.0,5.0,5.0,-0.1935,0.0,4.452387,1.7890613323962519
TGO,2016,3.0,2.4,5.0,5.0,5.0,5.0,-0.1935,1.0,4.6554832,1.82613881967225
TGO,2017,1.0,2.2,5.0,5.0,5.0,5.0,-0.1935,1.0,4.85858,1.8639848340667207
TGO,2018,6.0,3.2,5.0,5.0,5.0,5.0,-0.1935,1.0,5.0918674,1.9084255970450321
TGO,2019,5.0,3.2,5.0,5.0,5.0,5.0,-0.1935,1.0,5.336356,1.9561376767067928
TGO,2020,,,5.0,5.0,5.0,5.0,-0.1935,1.0,5.5925837,2.007421281167316
TGO,2021,,,5.0,5.0,5.0,5.0,-0.1935,1.0,5.8611145,2.0626108113528416
TGO,2022,,,5.0,5.0,5.0,5.0,-0.1935,1.0,5.8611145,2.0626108113528416
TGO,2023,,,5.0,5.0,5.0,5.0,-0.1935,1.0,5.8611145,2.0626108113528416
TGO,2024,,,4.0,4.0,5.0,4.333333333333333,,,,
TGO,2025,,,4.0,4.0,5.0,4.333333333333333,,,,
THA,1960,,,,,,,-0.5247,0.0,,
THA,1961,,,,,,,-0.5916,0.0,,
THA,1962,,,,,,,-0.5842,0.0,,
THA,1963,,,,,,,-0.4748,0.0,,
THA,1964,,,,,,,-0.4532,0.0,,
THA,1965,,,,,,,-0.4001,0.0,,
THA,1966,,,,,,,-0.3839,0.0,,
THA,1967,,,,,,,-0.3623,0.0,,
THA,1968,,,,,,,-0.3379,0.0,,
THA,1969,,,,,,,-0.3082,0.0,,
THA,1970,,,,,,,-0.1512,0.0,,
THA,1971,,,,,,,-0.09377,0.0,,
THA,1972,,,,,,,-0.2184,0.0,,
THA,1973,,,,,,,-0.2196,0.0,,
THA,1974,,,,,,,-0.2121,0.0,,
THA,1975,,,,,,,-0.1573,0.0,,
THA,1976,,,,,,,-0.126,0.0,,
THA,1977,,,,,,,-0.1102,0.0,,
THA,1978,,,,,,,-0.07083,0.0,,
THA,1979,,,,,,,-0.03274,0.0,,
THA,1980,,,,,,,0.07624,0.0,,
THA,1981,,,,,,,0.1509,0.0,,
THA,1982,,,,,,,0.1804,0.0,,
THA,1983,,,,,,,0.2493,0.0,,
THA,1984,,,,,,,0.2937,0.0,,
THA,1985,,,,,,,0.3204,0.0,,
THA,1986,,,,,,,0.3266,0.0,,
THA,1987,,,,,,,0.3163,0.0,,
THA,1988,,,,,,,0.42,0.0,,
THA,1989,,,,,,,0.4813,0.0,,
THA,1990,,,,,,,0.511,0.0,4.510304,1.799557324818811
THA,1991,,,,,,,0.5478,0.0,4.6280665,1.8210890777676327
THA,1992,,,,,,,0.6133,0.0,4.745829,1.8428784587334426
THA,1993,,,,,,,0.6884,0.0,4.8635917,1.8649285879141153
THA,1994,,,,,,,0.7589,0.0,4.981354,1.88724247170381
THA,1995,,,,,,,0.767,0.0,5.099117,1.9098234762959239
THA,1996,,,,,,,0.784,0.0,5.2121687,1.9317552367272144
THA,1997,,,,,,,0.7533,0.0,5.3252206,1.9539388934732629
THA,1998,,,,,,,0.6782,0.0,5.4382725,1.9763773002089948
THA,1999,,,,,,,0.6586,0.0,5.551325,1.9990735035453275
THA,2000,,,,,,,0.8764,0.0,5.6643767,2.022030180802919
THA,2001,,,,,,,0.8792,0.0,6.0482826,2.101973242015609
THA,2002,,,,,,,0.8853,0.0,6.432188,2.185076824754146
THA,2003,,,,,,,0.6452,0.0,6.816094,2.271466127150916
THA,2004,0.0,,4.0,7.0,7.0,6.0,0.7274,0.0,7.2,2.3612709211606364
THA,2005,0.0,,4.0,7.0,7.0,6.0,0.6836,0.0,7.085,2.3340034219630823
THA,2006,1.0,0.3333333333333333,4.0,6.0,7.0,5.666666666666667,0.6664,0.0,6.97,2.3070508025642953
THA,2007,2.0,0.75,4.0,6.0,7.0,5.666666666666667,0.6268,0.0,7.1299996,2.3446355161394594
THA,2008,4.0,1.4,6.0,5.0,5.0,5.333333333333333,0.6136,0.0,7.29,2.3828327237594373
THA,2009,2.0,1.8,6.0,5.0,5.0,5.333333333333333,0.6294,0.0,7.4500003,2.421652189855504
THA,2010,0.0,1.8,5.0,5.0,4.0,4.666666666666667,0.6326,0.0,7.61,2.461103926756976
THA,2011,2.0,2.0,5.0,5.0,4.0,4.666666666666667,0.7084,0.0,7.71,2.4860870287052355
THA,2012,2.0,2.0,5.0,6.0,4.0,5.0,0.6735,0.0,7.81,2.5113237385471603
THA,2013,0.0,1.2,5.0,6.0,4.0,5.0,0.6585,0.0,7.91,2.5368166307014066
THA,2014,0.0,0.8,4.0,6.0,4.0,4.666666666666667,0.5261,0.0,8.046666,2.56811787948387
THA,2015,0.0,0.8,4.0,6.0,4.0,4.666666666666667,0.5795,0.0,8.183333,2.592095557163218
THA,2016,4.0,1.2,4.0,5.0,4.0,4.333333333333333,0.5795,1.0,8.32,2.6162971065859493
THA,2017,12.0,3.2,4.0,5.0,4.0,4.333333333333333,0.5795,1.0,8.344999,2.6207484161487877
THA,2018,2.0,3.6,4.0,5.0,4.0,4.333333333333333,0.5795,1.0,8.37,2.6252076560986852
THA,2019,1.0,3.8,4.0,5.0,4.0,4.333333333333333,0.5795,1.0,8.7,2.6847832541740186
THA,2020,,,4.0,5.0,4.0,4.333333333333333,0.5795,1.0,8.8133335,2.70555394793554
THA,2021,,,4.0,5.0,4.0,4.333333333333333,0.5795,1.0,8.926666,2.726485147748034
THA,2022,,,4.0,5.0,4.0,4.333333333333333,0.5795,1.0,9.04,2.747578559578341
THA,2023,,,4.0,5.0,4.0,4.333333333333333,0.5795,1.0,9.04,2.747578559578341
THA,2024,,,4.0,5.0,4.0,4.333333333333333,,,,
THA,2025,,,4.0,5.0,4.0,4.333333333333333,,,,
TJK,1960,,,,,,,,0.0,,
TJK,1961,,,,,,,,0.0,,
TJK,1962,,,,,,,,0.0,,
TJK,1963,,,,,,,,0.0,,
TJK,1964,,,,,,,,0.0,,
TJK,1965,,,,,,,,0.0,,
TJK,1966,,,,,,,,0.0,,
TJK,1967,,,,,,,,0.0,,
TJK,1968,,,,,,,,0.0,,
TJK,1969,,,,,,,,0.0,,
TJK,1970,,,,,,,,0.0,,
TJK,1971,,,,,,,,0.0,,
TJK,1972,,,,,,,,0.0,,
TJK,1973,,,,,,,,0.0,,
TJK,1974,,,,,,,,0.0,,
TJK,1975,,,,,,,,0.0,,
TJK,1976,,,,,,,,0.0,,
TJK,1977,,,,,,,,0.0,,
TJK,1978,,,,,,,,0.0,,
TJK,1979,,,,,,,,0.0,,
TJK,1980,,,,,,,,0.0,,
TJK,1981,,,,,,,,0.0,,
TJK,1982,,,,,,,,0.0,,
TJK,1983,,,,,,,,0.0,,
TJK,1984,,,,,,,,0.0,,
TJK,1985,,,,,,,,0.0,,
TJK,1986,,,,,,,,0.0,,
TJK,1987,,,,,,,,0.0,,
TJK,1988,,,,,,,,0.0,,
TJK,1989,,,,,,,,0.0,,
TJK,1990,,,,,,,,0.0,9.302971,2.797152758914489
TJK,1991,,,,,,,-0.4849,0.0,9.495445,2.834003170486876
TJK,1992,,,,,,,-1.528,0.0,9.687921,2.871339449383763
TJK,1993,,,,,,,-1.342,0.0,9.880396,2.9091674133656418
TJK,1994,,,,,,,-1.346,0.0,10.072871,2.947493735303534
TJK,1995,,,,,,,-1.192,0.0,10.265347,2.986325183798072
TJK,1996,,,,,,,-1.084,0.0,10.372277,3.0081186075148456
TJK,1997,,,,,,,-1.013,0.0,10.479208,3.0300712800089378
TJK,1998,,,,,,,-0.8701,0.0,10.586139,3.0521841588953005
TJK,1999,,,,,,,-0.9918,0.0,10.693069,3.0744582042662847
TJK,2000,,,,,,,-1.053,0.0,10.8,3.096895010410305
TJK,2001,,,,,,,-0.902,0.0,10.836471,3.104584928413738
TJK,2002,,,,,,,-0.7825,0.0,10.872941,3.1122937296612885
TJK,2003,,,,,,,-0.7365,0.0,10.909412,3.12002188431401
TJK,2004,1.0,,5.0,3.0,3.0,3.6666666666666665,-0.3642,0.0,10.945883,3.1277692287924768
TJK,2005,0.0,,5.0,3.0,3.0,3.6666666666666665,-0.3228,0.0,10.982353,3.1355355975306267
TJK,2006,0.0,0.3333333333333333,4.0,4.0,4.0,4.0,-0.3663,0.0,11.018824,3.1433214642005662
TJK,2007,2.0,0.75,4.0,4.0,4.0,4.0,-0.3662,0.0,11.055294,3.1511264497246896
TJK,2008,2.0,1.0,3.0,3.0,5.0,3.6666666666666665,-0.3054,0.0,11.091764,3.158950815321683
TJK,2009,5.0,1.8,3.0,3.0,5.0,3.6666666666666665,-0.2012,0.0,11.128236,3.166795039797094
TJK,2010,6.0,3.0,4.0,4.0,5.0,4.333333333333333,-0.1516,0.0,11.164706,3.1746583110930726
TJK,2011,2.0,3.4,4.0,4.0,5.0,4.333333333333333,-0.1098,0.0,11.201177,3.1825413236004905
TJK,2012,1.0,3.2,4.0,4.0,5.0,4.333333333333333,-0.09966,0.0,11.237647,3.190443693511913
TJK,2013,0.0,2.8,4.0,4.0,5.0,4.333333333333333,-0.06803,0.0,11.274117,3.1983656853053044
TJK,2014,4.0,2.6,4.0,3.0,5.0,4.0,-0.06457,0.0,11.310588,3.2063075657314455
TJK,2015,2.0,1.8,4.0,3.0,5.0,4.0,-0.02922,0.0,11.347059,3.2142691666870413
TJK,2016,2.0,1.8,4.0,4.0,5.0,4.333333333333333,-0.02922,1.0,11.38353,3.222250537140253
TJK,2017,4.0,2.4,4.0,4.0,5.0,4.333333333333333,-0.02922,1.0,11.42,3.2302515065237243
TJK,2018,1.0,2.6,4.0,4.0,4.0,4.0,-0.02922,1.0,11.376162,3.2206365166523967
TJK,2019,4.0,2.6,4.0,4.0,4.0,4.0,-0.02922,1.0,11.332322,3.211049709530986
TJK,2020,,,4.0,4.0,4.0,4.0,-0.02922,1.0,11.288484,3.201491874677843
TJK,2021,,,4.0,4.0,4.0,4.0,-0.02922,1.0,11.270948,3.1976765373426503
TJK,2022,,,4.0,4.0,4.0,4.0,-0.02922,1.0,11.270948,3.1976765373426503
TJK,2023,,,4.0,4.0,4.0,4.0,-0.02922,1.0,11.270948,3.1976765373426503
TJK,2024,,,4.0,4.0,4.0,4.0,,,,
TJK,2025,,,4.0,4.0,4.0,4.0,,,,
TKM,1960,,,,,,,,0.0,,
TKM,1961,,,,,,,,0.0,,
TKM,1962,,,,,,,,0.0,,
TKM,1963,,,,,,,,0.0,,
TKM,1964,,,,,,,,0.0,,
TKM,1965,,,,,,,,0.0,,
TKM,1966,,,,,,,,0.0,,
TKM,1967,,,,,,,,0.0,,
TKM,1968,,,,,,,,0.0,,
TKM,1969,,,,,,,,0.0,,
TKM,1970,,,,,,,,0.0,,
TKM,1971,,,,,,,,0.0,,
TKM,1972,,,,,,,,0.0,,
TKM,1973,,,,,,,,0.0,,
TKM,1974,,,,,,,,0.0,,
TKM,1975,,,,,,,,0.0,,
TKM,1976,,,,,,,,0.0,,
TKM,1977,,,,,,,,0.0,,
TKM,1978,,,,,,,,0.0,,
TKM,1979,,,,,,,,0.0,,
TKM,1980,,,,,,,,0.0,,
TKM,1981,,,,,,,,0.0,,
TKM,1982,,,,,,,,0.0,,
TKM,1983,,,,,,,,0.0,,
TKM,1984,,,,,,,,0.0,,
TKM,1985,,,,,,,,0.0,,
TKM,1986,,,,,,,,0.0,,
TKM,1987,,,,,,,,0.0,,
TKM,1988,,,,,,,,0.0,,
TKM,1989,,,,,,,,0.0,,
TKM,1990,,,,,,,,0.0,,
TKM,1991,,,,,,,0.01818,0.0,,
TKM,1992,,,,,,,-0.1974,0.0,,
TKM,1993,,,,,,,-0.4085,0.0,,
TKM,1994,,,,,,,-0.4493,0.0,,
TKM,1995,,,,,,,-0.3886,0.0,10.95,3.128644989136154
TKM,1996,,,,,,,-0.4724,0.0,10.943727,3.127310706413728
TKM,1997,,,,,,,-0.3122,0.0,10.937452,3.1259765675940607
TKM,1998,,,,,,,-0.4238,0.0,10.931179,3.1246434228814666
TKM,1999,,,,,,,-0.4771,0.0,10.924906,3.1233108467191433
TKM,2000,,,,,,,-0.3397,0.0,10.9186325,3.1219787327173414
TKM,2001,,,,,,,-0.5853,0.0,10.912358,3.120646974667511
TKM,2002,,,,,,,-0.4815,0.0,10.906085,3.119316102882585
TKM,2003,,,,,,,-0.3987,0.0,10.899812,3.1179857986785877
TKM,2004,,,2.0,2.0,2.0,2.0,-0.4459,0.0,10.893538,3.1166558498808565
TKM,2005,,,2.0,2.0,2.0,2.0,-0.7549,0.0,10.887265,3.115326680203029
TKM,2006,,,2.0,2.0,2.0,2.0,-0.527,0.0,10.880991,3.1139978656283662
TKM,2007,,,2.0,2.0,2.0,2.0,-0.4085,0.0,10.874718,3.112669829509149
TKM,2008,,,3.0,3.0,2.0,2.6666666666666665,-0.4773,0.0,10.868444,3.111342148190252
TKM,2009,,,3.0,3.0,2.0,2.6666666666666665,-0.4431,0.0,10.862171,3.1100152446629092
TKM,2010,,,2.0,3.0,2.0,2.3333333333333335,-0.5295,0.0,10.855897,3.1086886956333024
TKM,2011,,,2.0,3.0,2.0,2.3333333333333335,-0.6245,0.0,10.849624,3.1073629237319236
TKM,2012,,,2.0,3.0,2.0,2.3333333333333335,-0.3705,0.0,10.84335,3.1060375060259533
TKM,2013,,,2.0,3.0,2.0,2.3333333333333335,-0.5845,0.0,10.837076,3.104712653664983
TKM,2014,,,2.0,3.0,2.0,2.3333333333333335,-0.57,0.0,10.830803,3.1033885774382886
TKM,2015,,,2.0,3.0,2.0,2.3333333333333335,-0.7071,0.0,10.82453,3.1020650658944
TKM,2016,,,2.0,4.0,2.0,2.6666666666666665,-0.7071,1.0,10.888037,3.115490226685164
TKM,2017,,,2.0,4.0,2.0,2.6666666666666665,-0.7071,1.0,10.951545,3.1289737018456885
TKM,2018,,,2.0,3.0,2.0,2.3333333333333335,-0.7071,1.0,11.015053,3.1425155319003646
TKM,2019,,,2.0,3.0,2.0,2.3333333333333335,-0.7071,1.0,11.07856,3.156115754786428
TKM,2020,,,2.0,3.0,2.0,2.3333333333333335,-0.7071,1.0,11.142994,3.1699746531326056
TKM,2021,,,2.0,3.0,2.0,2.3333333333333335,-0.7071,1.0,11.207802,3.1839753814640526
TKM,2022,,,2.0,3.0,2.0,2.3333333333333335,-0.7071,1.0,11.207802,3.1839753814640526
TKM,2023,,,2.0,3.0,2.0,2.3333333333333335,-0.7071,1.0,11.207802,3.1839753814640526
TKM,2024,,,2.0,3.0,2.0,2.3333333333333335,,,,
TKM,2025,,,2.0,3.0,2.0,2.3333333333333335,,,,
TLS,1960,,,,,,,,0.0,,
TLS,1961,,,,,,,,0.0,,
TLS,1962,,,,,,,,0.0,,
TLS,1963,,,,,,,,0.0,,
TLS,1964,,,,,,,,0.0,,
TLS,1965,,,,,,,,0.0,,
TLS,1966,,,,,,,,0.0,,
TLS,1967,,,,,,,,0.0,,
TLS,1968,,,,,,,,0.0,,
TLS,1969,,,,,,,,0.0,,
TLS,1970,,,,,,,,0.0,,
TLS,1971,,,,,,,,0.0,,
TLS,1972,,,,,,,,0.0,,
TLS,1973,,,,,,,,0.0,,
TLS,1974,,,,,,,,0.0,,
TLS,1975,,,,,,,,0.0,,
TLS,1976,,,,,,,,0.0,,
TLS,1977,,,,,,,,0.0,,
TLS,1978,,,,,,,,0.0,,
TLS,1979,,,,,,,,0.0,,
TLS,1980,,,,,,,,0.0,,
TLS,1981,,,,,,,,0.0,,
TLS,1982,,,,,,,,0.0,,
TLS,1983,,,,,,,,0.0,,
TLS,1984,,,,,,,,0.0,,
TLS,1985,,,,,,,,0.0,,
TLS,1986,,,,,,,,0.0,,
TLS,1987,,,,,,,,0.0,,
TLS,1988,,,,,,,,0.0,,
TLS,1989,,,,,,,,0.0,,
TLS,1990,,,,,,,,0.0,,
TLS,1991,,,,,,,,0.0,,
TLS,1992,,,,,,,,0.0,,
TLS,1993,,,,,,,,0.0,,
TLS,1994,,,,,,,,0.0,,
TLS,1995,,,,,,,,0.0,,
TLS,1996,,,,,,,,0.0,,
TLS,1997,,,,,,,,0.0,,
TLS,1998,,,,,,,,0.0,,
TLS,1999,,,,,,,,0.0,,
TLS,2000,,,,,,,,0.0,3.773451,1.658050366306667
TLS,2001,,,,,,,,0.0,3.9075112,1.6881048358644466
TLS,2002,,,,,,,-0.302,0.0,4.046334,1.7171736869136125
TLS,2003,,,,,,,-0.31,0.0,4.1900887,1.7422875935671571
TLS,2004,,,,,,,-0.385,0.0,4.338951,1.7686809645418893
TLS,2005,,,,,,,-0.7612,0.0,4.4931016,1.7964334122163927
TLS,2006,,,,,,,-0.705,0.0,4.652729,1.8256309056145672
TLS,2007,,,,,,,-0.5218,0.0,4.8180275,1.8563659337298761
TLS,2008,,,,,,,-0.3214,0.0,4.989198,1.8887382206493923
TLS,2009,,,,,,,-0.3326,0.0,5.1664505,1.9228558455803415
TLS,2010,,,,,,,0.1081,0.0,5.35,1.9588351787066947
TLS,2011,,,,,,,-0.06511,0.0,5.33504,1.9558776919898029
TLS,2012,,,,,,,-0.08267,0.0,5.32008,1.952924670542769
TLS,2013,,,,,,,0.00825,0.0,5.30512,1.9499761076238438
TLS,2014,,,,,,,0.2167,0.0,5.29016,1.9470319965014564
TLS,2015,,,,,,,0.09531,0.0,5.2752,1.9440923304541995
TLS,2016,,,,,,,0.09531,1.0,5.26024,1.9411571027708134
TLS,2017,,,,,,,0.09531,1.0,5.440695,1.9768609245463553
TLS,2018,,,6.0,6.0,6.0,6.0,0.09531,1.0,5.6273403,2.014480549392807
TLS,2019,,,6.0,6.0,6.0,6.0,0.09531,1.0,5.820389,2.054144149629894
TLS,2020,,,5.0,6.0,6.0,5.666666666666667,0.09531,1.0,6.0200596,2.0959900506075786
TLS,2021,,,5.0,6.0,6.0,5.666666666666667,0.09531,1.0,6.2265806,2.1401686633979793
TLS,2022,,,6.0,6.0,6.0,6.0,0.09531,1.0,6.2265806,2.1401686633979793
TLS,2023,,,6.0,6.0,6.0,6.0,0.09531,1.0,6.2265806,2.1401686633979793
TLS,2024,,,6.0,6.0,5.0,5.666666666666667,,,,
TLS,2025,,,6.0,6.0,5.0,5.666666666666667,,,,
TMP,2004,0.0,,,,,,,,,
TMP,2005,0.0,,,,,,,,,
TMP,2006,0.0,0.0,,,,,,,,
TMP,2007,0.0,0.0,,,,,,,,
TMP,2008,0.0,0.0,,,,,,,,
TMP,2009,1.0,0.2,,,,,,,,
TMP,2010,2.0,0.6,,,,,,,,
TMP,2011,2.0,1.0,,,,,,,,
TMP,2012,0.0,1.0,,,,,,,,
TMP,2013,1.0,1.2,,,,,,,,
TMP,2014,2.0,1.4,,,,,,,,
TMP,2015,2.0,1.4,,,,,,,,
TMP,2016,0.0,1.0,,,,,,,,
TMP,2017,0.0,1.0,,,,,,,,
TMP,2018,0.0,0.8,,,,,,,,
TMP,2019,0.0,0.4,,,,,,,,
TON,1990,,,,,,,,,9.120179,2.762599742294401
TON,1991,,,,,,,,,9.304781,2.7974970536635206
TON,1992,,,,,,,,,9.489382,2.8328349971498707
TON,1993,,,,,,,,,9.673983,2.86861932904196
TON,1994,,,,,,,,,9.858584,2.9048556881118595
TON,1995,,,,,,,,,10.043185,2.9415497843605296
TON,1996,,,,,,,,,10.03,2.9389136315923823
TON,1997,,,,,,,,,10.033999,2.9397129249258405
TON,1998,,,,,,,,,10.038,2.940512835552007
TON,1999,,,,,,,,,10.042,2.941312763828591
TON,2000,,,,,,,,,10.046,2.94211290971526
TON,2001,,,,,,,,,10.049999,2.9429130731531155
TON,2002,,,,,,,,,10.054,2.94371385455566
TON,2003,,,,,,,,,10.058,2.9445146536278357
TON,2004,0.0,,,,,,,,10.061999,2.945315470265526
TON,2005,0.0,,,,,,,,10.066,2.9461169053723704
TON,2006,0.0,0.0,,,,,,,10.07,2.94691835816327
TON,2007,0.0,0.0,,,,,,,10.24,2.9811823989714314
TON,2008,1.0,0.2,,,,,,,10.41,3.015844830352325
TON,2009,0.0,0.2,,,,,,,10.58,3.050910284423024
TON,2010,0.0,0.2,,,,,,,10.75,3.086383447158575
TON,2011,1.0,0.4,,,,,,,10.92,3.1222690590182087
TON,2012,0.0,0.4,,,,,,,10.911425,3.1204489946212393
TON,2013,1.0,0.4,,,,,,,10.90285,3.1186299911944646
TON,2014,1.0,0.6,,,,,,,10.894276,3.1168122600626385
TON,2015,0.0,0.6,,,,,,,10.8857,3.1149951647779703
TON,2016,0.0,0.4,,,,,,,10.877125,3.1131793405523904
TON,2017,1.0,0.6,,,,,,,10.86855,3.1113645748252816
TON,2018,0.0,0.4,,,,,,,10.859976,3.109551078429079
TON,2019,0.0,0.2,,,,,,,10.8514,3.1077382163987126
TON,2020,,,,,,,,,10.880286,3.1138485841489936
TON,2021,,,,,,,,,10.914949,3.12119684365542
TON,2022,,,,,,,,,10.914949,3.12119684365542
TON,2023,,,,,,,,,10.914949,3.12119684365542
TTO,1960,,,,,,,,0.0,,
TTO,1961,,,,,,,,0.0,,
TTO,1962,,,,,,,0.06782,0.0,,
TTO,1963,,,,,,,0.0579,0.0,,
TTO,1964,,,,,,,0.1089,0.0,,
TTO,1965,,,,,,,0.1095,0.0,,
TTO,1966,,,,,,,0.1192,0.0,,
TTO,1967,,,,,,,0.1186,0.0,,
TTO,1968,,,,,,,0.1855,0.0,,
TTO,1969,,,,,,,0.1916,0.0,,
TTO,1970,,,,,,,0.1847,0.0,,
TTO,1971,,,,,,,0.2303,0.0,,
TTO,1972,,,,,,,0.2429,0.0,,
TTO,1973,,,,,,,0.2406,0.0,,
TTO,1974,,,,,,,0.2415,0.0,,
TTO,1975,,,,,,,0.1631,0.0,,
TTO,1976,,,,,,,0.9146,0.0,,
TTO,1977,,,,,,,0.9541,0.0,,
TTO,1978,,,,,,,0.9087,0.0,,
TTO,1979,,,,,,,0.9796,0.0,,
TTO,1980,,,,,,,1.188,0.0,,
TTO,1981,,,,,,,1.213,0.0,,
TTO,1982,,,,,,,0.8911,0.0,,
TTO,1983,,,,,,,0.8565,0.0,,
TTO,1984,,,,,,,0.8417,0.0,,
TTO,1985,,,,,,,0.7874,0.0,,
TTO,1986,,,,,,,0.8391,0.0,,
TTO,1987,,,,,,,0.7464,0.0,,
TTO,1988,,,,,,,0.7723,0.0,,
TTO,1989,,,,,,,0.6786,0.0,,
TTO,1990,,,,,,,0.5854,0.0,7.25,2.3732254992161295
TTO,1991,,,,,,,0.5731,0.0,7.4194446,2.414190187057683
TTO,1992,,,,,,,0.6957,0.0,7.588889,2.4558619244057254
TTO,1993,,,,,,,0.6391,0.0,7.758333,2.4982528635963166
TTO,1994,,,,,,,0.6276,0.0,7.927778,2.5413757747579835
TTO,1995,,,,,,,0.7048,0.0,8.097222,2.576961768761416
TTO,1996,,,,,,,0.8051,0.0,8.266666,2.606825735822372
TTO,1997,,,,,,,0.7841,0.0,8.436111,2.6370359705836086
TTO,1998,,,,,,,0.8175,0.0,8.605556,2.667596308641659
TTO,1999,,,,,,,0.7743,0.0,8.775,2.6985106238088146
TTO,2000,,,,,,,0.7787,0.0,8.944445,2.729783385286765
TTO,2001,,,,,,,0.6455,0.0,9.113889,2.761418375797676
TTO,2002,,,,,,,0.6515,0.0,9.283334,2.7934201687293863
TTO,2003,,,,,,,0.517,0.0,9.452778,2.825792634986982
TTO,2004,0.0,,,,,,0.3559,0.0,9.622222,2.8585402601924983
TTO,2005,0.0,,,,,,0.5004,0.0,9.791667,2.891667588631896
TTO,2006,0.0,0.0,,,,,0.9151,0.0,9.961111,2.9251786273539184
TTO,2007,1.0,0.25,,,,,0.8924,0.0,10.130556,2.9590782209617883
TTO,2008,0.0,0.2,,,,,0.9767,0.0,10.3,2.9933704699166754
TTO,2009,0.0,0.2,,,,,0.7318,0.0,10.3,2.9933704699166754
TTO,2010,2.0,0.6,,,,,0.8254,0.0,10.47,3.0281746129127156
TTO,2011,1.0,0.8,,,,,0.8618,0.0,10.64,3.0633834262901414
TTO,2012,0.0,0.6,,,,,0.7893,0.0,10.653887,3.0662775945633567
TTO,2013,2.0,1.0,,,,,0.7418,0.0,10.667773,3.0691742884329396
TTO,2014,2.0,1.4,,,,,0.6026,0.0,10.68166,3.072073927692694
TTO,2015,0.0,1.0,,,,,0.5713,0.0,10.695546,3.0749760973230718
TTO,2016,0.0,0.8,,,,,0.5713,1.0,10.709433,3.0778812179114357
TTO,2017,0.0,0.8,,,,,0.5713,1.0,10.723318,3.0807886641600697
TTO,2018,0.0,0.4,7.0,7.0,7.0,7.0,0.5713,1.0,10.737205,3.083699276240742
TTO,2019,1.0,0.2,7.0,7.0,7.0,7.0,0.5713,1.0,10.751091,3.0866124282674736
TTO,2020,,,7.0,7.0,7.0,7.0,0.5713,1.0,10.764977,3.0895283323312777
TTO,2021,,,7.0,7.0,7.0,7.0,0.5713,1.0,10.778864,3.0924472013183903
TTO,2022,,,7.0,6.0,7.0,6.666666666666667,0.5713,1.0,10.79275,3.0953686174569515
TTO,2023,,,7.0,6.0,7.0,6.666666666666667,0.5713,1.0,10.79275,3.0953686174569515
TTO,2024,,,7.0,6.0,7.0,6.666666666666667,,,,
TTO,2025,,,7.0,6.0,7.0,6.666666666666667,,,,
TUN,1960,,,,,,,-0.3909,0.0,,
TUN,1961,,,,,,,-0.3749,0.0,,
TUN,1962,,,,,,,-0.3865,0.0,,
TUN,1963,,,,,,,-0.5865,0.0,,
TUN,1964,,,,,,,-0.391,0.0,,
TUN,1965,,,,,,,-0.4196,0.0,,
TUN,1966,,,,,,,-0.397,0.0,,
TUN,1967,,,,,,,-0.3743,0.0,,
TUN,1968,,,,,,,-0.3707,0.0,,
TUN,1969,,,,,,,-0.3632,0.0,,
TUN,1970,,,,,,,0.216,0.0,,
TUN,1971,,,,,,,0.2712,0.0,,
TUN,1972,,,,,,,0.1771,0.0,,
TUN,1973,,,,,,,0.1819,0.0,,
TUN,1974,,,,,,,0.07662,0.0,,
TUN,1975,,,,,,,0.111,0.0,,
TUN,1976,,,,,,,0.2585,0.0,,
TUN,1977,,,,,,,0.2702,0.0,,
TUN,1978,,,,,,,0.3043,0.0,,
TUN,1979,,,,,,,0.2753,0.0,,
TUN,1980,,,,,,,0.2759,0.0,,
TUN,1981,,,,,,,0.2914,0.0,,
TUN,1982,,,,,,,0.3127,0.0,,
TUN,1983,,,,,,,0.2878,0.0,,
TUN,1984,,,,,,,0.1723,0.0,,
TUN,1985,,,,,,,0.1654,0.0,,
TUN,1986,,,,,,,0.2129,0.0,,
TUN,1987,,,,,,,0.1633,0.0,,
TUN,1988,,,,,,,-0.04471,0.0,,
TUN,1989,,,,,,,-0.06582,0.0,,
TUN,1990,,,,,,,-0.1309,0.0,3.4640365,1.5907106896637095
TUN,1991,,,,,,,-0.1823,0.0,3.6054256,1.6211358254650818
TUN,1992,,,,,,,0.05881,0.0,3.746815,1.6521429618423102
TUN,1993,,,,,,,0.08793,0.0,3.888204,1.6837430751841622
TUN,1994,,,,,,,0.1581,0.0,4.0295935,1.7142727590786322
TUN,1995,,,,,,,0.2349,0.0,4.170983,1.738928785283054
TUN,1996,,,,,,,0.3315,0.0,4.326511,1.7664601185028588
TUN,1997,,,,,,,0.4701,0.0,4.482039,1.7944273374905428
TUN,1998,,,,,,,0.5134,0.0,4.637567,1.8228373433431617
TUN,1999,,,,,,,0.5397,0.0,4.793095,1.8516971464183727
TUN,2000,,,,,,,0.5327,0.0,4.9486237,1.8810140010519691
TUN,2001,,,,,,,0.5314,0.0,5.1203103,1.9139158763220667
TUN,2002,,,,,,,0.5647,0.0,5.2919974,1.9473933551660476
TUN,2003,,,,,,,0.5866,0.0,5.4636846,1.9814564291797314
TUN,2004,0.0,,5.0,5.0,5.0,5.0,0.5506,0.0,5.635371,2.0161151588033595
TUN,2005,0.0,,5.0,5.0,5.0,5.0,0.6433,0.0,5.8070583,2.0513803095445673
TUN,2006,0.0,0.0,5.0,5.0,7.0,5.666666666666667,0.7352,0.0,5.974705,2.086410666225254
TUN,2007,2.0,0.5,5.0,5.0,7.0,5.666666666666667,0.7238,0.0,6.1423526,2.122039411016196
TUN,2008,2.0,0.8,4.0,5.0,7.0,5.333333333333333,0.725,0.0,6.31,2.15827652908393
TUN,2009,2.0,1.2,4.0,5.0,7.0,5.333333333333333,0.7137,0.0,6.48,2.1956541053145755
TUN,2010,1.0,1.4,3.0,4.0,7.0,4.666666666666667,0.7078,0.0,6.65,2.2336789958193886
TUN,2011,0.0,1.4,3.0,4.0,7.0,4.666666666666667,0.5797,0.0,6.82,2.2723624109499174
TUN,2012,1.0,1.2,5.0,4.0,6.0,5.0,0.5454,0.0,6.74,2.254075700469134
TUN,2013,0.0,0.8,5.0,4.0,6.0,5.0,0.5719,0.0,6.855,2.280409426793354
TUN,2014,0.0,0.4,6.0,4.0,7.0,5.666666666666667,0.561,0.0,6.97,2.3070508025642953
TUN,2015,0.0,0.2,6.0,4.0,7.0,5.666666666666667,0.6241,0.0,7.085,2.3340034219630823
TUN,2016,1.0,0.4,6.0,4.0,6.0,5.333333333333333,0.6241,1.0,7.2,2.3612709211606364
TUN,2017,0.0,0.2,6.0,4.0,6.0,5.333333333333333,0.6241,1.0,7.411305,2.4122062978595706
TUN,2018,7.0,1.6,6.0,4.0,6.0,5.333333333333333,0.6241,1.0,7.62261,2.4642404102335234
TUN,2019,4.0,2.4,6.0,4.0,6.0,5.333333333333333,0.6241,1.0,7.29,2.3828327237594373
TUN,2020,,,6.0,4.0,6.0,5.333333333333333,0.6241,1.0,7.39164,2.4074200128872603
TUN,2021,,,6.0,4.0,6.0,5.333333333333333,0.6241,1.0,7.49328,2.4322610062640755
TUN,2022,,,6.0,4.0,6.0,5.333333333333333,0.6241,1.0,7.59492,2.457358321740334
TUN,2023,,,6.0,4.0,6.0,5.333333333333333,0.6241,1.0,7.59492,2.457358321740334
TUN,2024,,,5.0,3.0,6.0,4.666666666666667,,,,
TUN,2025,,,5.0,3.0,6.0,4.666666666666667,,,,
TUR,1960,,,,,,,0.7964,0.0,,
TUR,1961,,,,,,,0.847,0.0,,
TUR,1962,,,,,,,0.8156,0.0,,
TUR,1963,,,,,,,0.9847,0.0,,
TUR,1964,,,,,,,1.01,0.0,,
TUR,1965,,,,,,,0.7267,0.0,,
TUR,1966,,,,,,,0.6585,0.0,,
TUR,1967,,,,,,,0.6828,0.0,,
TUR,1968,,,,,,,0.7556,0.0,,
TUR,1969,,,,,,,0.7346,0.0,,
TUR,1970,,,,,,,0.5159,0.0,,
TUR,1971,,,,,,,0.6135,0.0,,
TUR,1972,,,,,,,0.6638,0.0,,
TUR,1973,,,,,,,0.8571,0.0,,
TUR,1974,,,,,,,0.8234,0.0,,
TUR,1975,,,,,,,0.9685,0.0,,
TUR,1976,,,,,,,0.9126,0.0,,
TUR,1977,,,,,,,0.974,0.0,,
TUR,1978,,,,,,,0.9831,0.0,,
TUR,1979,,,,,,,1.01,0.0,,
TUR,1980,,,,,,,0.8525,0.0,,
TUR,1981,,,,,,,0.8361,0.0,,
TUR,1982,,,,,,,0.8187,0.0,,
TUR,1983,,,,,,,0.8265,0.0,,
TUR,1984,,,,,,,0.8032,0.0,,
TUR,1985,,,,,,,0.8031,0.0,,
TUR,1986,,,,,,,0.8371,0.0,,
TUR,1987,,,,,,,0.8277,0.0,,
TUR,1988,,,,,,,0.812,0.0,,
TUR,1989,,,,,,,0.8245,0.0,,
TUR,1990,,,,,,,0.799,0.0,4.4569845,1.7898922714606047
TUR,1991,,,,,,,0.8423,0.0,4.512082,1.7998805147421189
TUR,1992,,,,,,,1.093,0.0,4.567179,1.8099244046159808
TUR,1993,,,,,,,1.038,0.0,4.622277,1.8200245263238157
TUR,1994,,,,,,,0.991,0.0,4.6773744,1.8301808999510178
TUR,1995,,,,,,,1.04,0.0,4.7324715,1.840393893932525
TUR,1996,,,,,,,1.042,0.0,4.876118,1.8672895072172189
TUR,1997,,,,,,,0.9955,0.0,5.019765,1.894578270087031
TUR,1998,,,,,,,1.003,0.0,5.1634116,1.922265756113187
TUR,1999,,,,,,,0.9549,0.0,5.3070583,1.9503578885005513
TUR,2000,,,,,,,1.015,0.0,5.4507055,1.9788606612982262
TUR,2001,,,,,,,1.015,0.0,5.553029,1.9994175816993458
TUR,2002,,,,,,,1.189,0.0,5.6553526,2.020188073152292
TUR,2003,,,,,,,1.236,0.0,5.7576766,2.041174416560332
TUR,2004,2.0,,8.0,8.0,8.0,8.0,1.201,0.0,5.86,2.062378647665107
TUR,2005,1.0,,8.0,8.0,8.0,8.0,1.221,0.0,5.97,2.0854194289837102
TUR,2006,1.0,1.3333333333333333,8.0,7.0,9.0,8.0,1.167,0.0,6.06,2.1044623103661433
TUR,2007,2.0,1.5,8.0,7.0,9.0,8.0,1.378,0.0,6.14,2.1215352476146028
TUR,2008,2.0,1.6,7.0,8.0,9.0,8.0,1.395,0.0,6.4,2.177984700669281
TUR,2009,0.0,1.2,7.0,8.0,9.0,8.0,1.433,0.0,6.57,2.2157035879765523
TUR,2010,0.0,1.0,7.0,8.0,9.0,8.0,1.36,0.0,7.09,2.33518239135589
TUR,2011,0.0,0.8,7.0,8.0,9.0,8.0,1.343,0.0,7.36,2.3997390445387006
TUR,2012,1.0,0.6,8.0,9.0,9.0,8.666666666666666,1.338,0.0,7.49,2.4314553802891745
TUR,2013,4.0,1.0,8.0,9.0,9.0,8.666666666666666,1.28,0.0,7.63,2.466080381215868
TUR,2014,3.0,1.6,7.0,8.0,9.0,8.0,1.101,0.0,7.8,2.508788582040773
TUR,2015,1.0,1.8,7.0,8.0,9.0,8.0,1.004,0.0,7.96,2.549659956790091
TUR,2016,2.0,2.2,6.0,6.0,6.0,6.0,1.004,1.0,8.1,2.577448613129359
TUR,2017,3.0,2.6,6.0,6.0,6.0,6.0,1.004,1.0,8.27,2.6074168014969
TUR,2018,7.0,3.2,5.0,5.0,6.0,5.333333333333333,1.004,1.0,8.45,2.6395277009547478
TUR,2019,1.0,2.8,5.0,5.0,6.0,5.333333333333333,1.004,1.0,8.63,2.672034053054997
TUR,2020,,,5.0,5.0,6.0,5.333333333333333,1.004,1.0,8.806321,2.7042641120890196
TUR,2021,,,5.0,5.0,6.0,5.333333333333333,1.004,1.0,8.986243,2.7375531870137597
TUR,2022,,,3.0,5.0,6.0,4.666666666666667,1.004,1.0,8.986243,2.7375531870137597
TUR,2023,,,3.0,5.0,6.0,4.666666666666667,1.004,1.0,8.986243,2.7375531870137597
TUR,2024,,,3.0,5.0,5.0,4.333333333333333,,,,
TUR,2025,,,3.0,5.0,5.0,4.333333333333333,,,,
TUV,1990,,,,,,,,,7.1246057,2.343358544327323
TUV,1991,,,,,,,,,7.24,2.3708297515181673
TUV,1992,,,,,,,,,7.3572626,2.3990756626362657
TUV,1993,,,,,,,,,7.4745255,2.427658167256269
TUV,1994,,,,,,,,,7.5917883,2.4565811780380753
TUV,1995,,,,,,,,,7.709051,2.485848751169135
TUV,1996,,,,,,,,,7.826314,2.5154650927764
TUV,1997,,,,,,,,,7.943577,2.545434282757801
TUV,1998,,,,,,,,,8.06084,2.5705943069141792
TUV,1999,,,,,,,,,8.1781025,2.5911737801038037
TUV,2000,,,,,,,,,8.295365,2.611918006913096
TUV,2001,,,,,,,,,8.412628,2.6328283958305256
TUV,2002,,,,,,,,,8.529891,2.653906188304852
TUV,2003,,,,,,,,,8.647154,2.6751527245287874
TUV,2004,,,,,,,,,8.764417,2.6965693554243066
TUV,2005,,,,,,,,,8.8816805,2.7181575351458966
TUV,2006,,,,,,,,,8.998943,2.739918359080367
TUV,2007,,,,,,,,,9.116206,2.7618534881076706
TUV,2008,,,,,,,,,9.233469,2.783964224515336
TUV,2009,,,,,,,,,9.350732,2.8062519741739202
TUV,2010,,,,,,,,,9.467995,2.8287181542090405
TUV,2011,,,,,,,,,9.585258,2.8513641930914826
TUV,2012,,,,,,,,,9.70252,2.87419133528301
TUV,2013,,,,,,,,,9.819783,2.8972014215432993
TUV,2014,,,,,,,,,9.937046,2.9203957210336573
TUV,2015,,,,,,,,,10.054309,2.9437757085210077
TUV,2016,,,,,,,,,10.171572,2.9673428705789027
TUV,2017,,,,,,,,,10.288835,2.9910987056820497
TUV,2018,,,,,,,,,10.406097,3.0150445192785478
TUV,2019,,,,,,,,,10.52336,3.039182242336704
TUV,2020,,,,,,,,,10.644711,3.064364932247328
TUV,2021,,,,,,,,,10.767461,3.0900502348175043
TUV,2022,,,,,,,,,10.767461,3.0900502348175043
TUV,2023,,,,,,,,,10.767461,3.0900502348175043
TWN,2004,0.0,,8.0,9.0,8.0,8.333333333333334,,,,
TWN,2005,0.0,,8.0,9.0,8.0,8.333333333333334,,,,
TWN,2006,0.0,0.0,8.0,8.0,8.0,8.0,,,,
TWN,2007,0.0,0.0,8.0,8.0,8.0,8.0,,,,
TWN,2008,1.0,0.2,9.0,9.0,8.0,8.666666666666666,,,,
TWN,2009,3.0,0.8,9.0,9.0,8.0,8.666666666666666,,,,
TWN,2010,0.0,0.8,9.0,10.0,9.0,9.333333333333334,,,,
TWN,2011,2.0,1.2,9.0,10.0,9.0,9.333333333333334,,,,
TWN,2012,4.0,2.0,9.0,10.0,9.0,9.333333333333334,,,,
TWN,2013,1.0,2.0,9.0,10.0,9.0,9.333333333333334,,,,
TWN,2014,3.0,2.0,9.0,9.0,8.0,8.666666666666666,,,,
TWN,2015,0.0,2.0,9.0,9.0,8.0,8.666666666666666,,,,
TWN,2016,0.0,1.6,9.0,8.0,8.0,8.333333333333334,,,,
TWN,2017,1.0,1.0,9.0,8.0,8.0,8.333333333333334,,,,
TWN,2018,1.0,1.0,9.0,9.0,8.0,8.666666666666666,,,,
TWN,2019,0.0,0.4,9.0,9.0,8.0,8.666666666666666,,,,
TWN,2020,,,10.0,10.0,8.0,9.333333333333334,,,,
TWN,2021,,,10.0,10.0,8.0,9.333333333333334,,,,
TWN,2022,,,10.0,10.0,8.0,9.333333333333334,,,,
TWN,2023,,,10.0,10.0,8.0,9.333333333333334,,,,
TWN,2024,,,10.0,9.0,7.0,8.666666666666666,,,,
TWN,2025,,,10.0,9.0,7.0,8.666666666666666,,,,
TZA,1960,,,,,,,,0.0,,
TZA,1961,,,,,,,-0.3178,0.0,,
TZA,1962,,,,,,,-0.3964,0.0,,
TZA,1963,,,,,,,-0.7632,0.0,,
TZA,1964,,,,,,,-0.7337,0.0,,
TZA,1965,,,,,,,-0.7354,0.0,,
TZA,1966,,,,,,,-0.7093,0.0,,
TZA,1967,,,,,,,-0.6723,0.0,,
TZA,1968,,,,,,,-0.6719,0.0,,
TZA,1969,,,,,,,-0.6468,0.0,,
TZA,1970,,,,,,,-0.6162,0.0,,
TZA,1971,,,,,,,-0.5716,0.0,,
TZA,1972,,,,,,,-0.3836,0.0,,
TZA,1973,,,,,,,-0.3441,0.0,,
TZA,1974,,,,,,,-0.3465,0.0,,
TZA,1975,,,,,,,-0.2077,0.0,,
TZA,1976,,,,,,,-0.2213,0.0,,
TZA,1977,,,,,,,-0.2371,0.0,,
TZA,1978,,,,,,,-0.1984,0.0,,
TZA,1979,,,,,,,-0.2304,0.0,,
TZA,1980,,,,,,,-0.1943,0.0,,
TZA,1981,,,,,,,-0.108,0.0,,
TZA,1982,,,,,,,-0.07402,0.0,,
TZA,1983,,,,,,,-0.0328,0.0,,
TZA,1984,,,,,,,-0.0897,0.0,,
TZA,1985,,,,,,,-0.1334,0.0,,
TZA,1986,,,,,,,-0.1491,0.0,,
TZA,1987,,,,,,,-0.25,0.0,,
TZA,1988,,,,,,,-0.2853,0.0,,
TZA,1989,,,,,,,-0.1123,0.0,,
TZA,1990,,,,,,,-0.1472,0.0,3.3318985,1.5627926779885015
TZA,1991,,,,,,,-0.02057,0.0,3.4226003,1.581902822076688
TZA,1992,,,,,,,0.01924,0.0,3.5133018,1.6012465844912656
TZA,1993,,,,,,,-0.03798,0.0,3.6040037,1.6208269724235609
TZA,1994,,,,,,,-0.05069,0.0,3.6947052,1.6406467056158573
TZA,1995,,,,,,,-0.04809,0.0,3.785407,1.66070886445735
TZA,1996,,,,,,,0.1259,0.0,3.8742576,1.6805994048795105
TZA,1997,,,,,,,0.1086,0.0,3.9631083,1.7007281998530295
TZA,1998,,,,,,,0.07903,0.0,4.051959,1.7181495333896324
TZA,1999,,,,,,,0.04118,0.0,4.1408095,1.7336374258114924
TZA,2000,,,,,,,0.0826,0.0,4.22966,1.7492649305354306
TZA,2001,,,,,,,0.04467,0.0,4.26483,1.755489666057859
TZA,2002,,,,,,,0.05681,0.0,4.3,1.7617365522171904
TZA,2003,,,,,,,0.07858,0.0,4.415,1.7823184200807258
TZA,2004,0.0,,6.0,6.0,6.0,6.0,0.1139,0.0,4.53,1.8031407400619284
TZA,2005,0.0,,6.0,6.0,6.0,6.0,0.236,0.0,4.645,1.8242063212946078
TZA,2006,4.0,1.3333333333333333,5.0,6.0,6.0,5.666666666666667,0.1854,0.0,4.76,1.845518005730887
TZA,2007,2.0,1.5,5.0,6.0,6.0,5.666666666666667,0.277,0.0,4.875,1.8670786685246086
TZA,2008,0.0,1.2,5.0,5.0,5.0,5.0,0.3346,0.0,4.99,1.8888912184192206
TZA,2009,0.0,1.2,5.0,5.0,5.0,5.0,0.2764,0.0,5.105,1.9109585981401949
TZA,2010,1.0,1.4,6.0,6.0,5.0,5.666666666666667,0.2372,0.0,5.22,1.9332837847920294
TZA,2011,2.0,1.0,6.0,6.0,5.0,5.666666666666667,0.2699,0.0,5.335,1.9558697902598887
TZA,2012,2.0,1.0,6.0,6.0,4.0,5.333333333333333,0.2891,0.0,5.45,1.9787196616159362
TZA,2013,0.0,1.0,6.0,6.0,4.0,5.333333333333333,0.3399,0.0,5.4645233,1.9816242828871882
TZA,2014,0.0,1.0,6.0,6.0,4.0,5.333333333333333,0.3502,0.0,5.4790463,1.9845331078067883
TZA,2015,0.0,0.8,6.0,6.0,4.0,5.333333333333333,0.3776,0.0,5.49357,1.9874463431009353
TZA,2016,1.0,0.6,6.0,6.0,4.0,5.333333333333333,0.3776,1.0,5.5254297,1.993851907451366
TZA,2017,0.0,0.2,6.0,6.0,4.0,5.333333333333333,0.3776,1.0,5.55729,2.0002782382324433
TZA,2018,2.0,0.6,4.0,6.0,4.0,4.666666666666667,0.3776,1.0,5.58915,2.00672522074469
TZA,2019,1.0,0.8,4.0,6.0,4.0,4.666666666666667,0.3776,1.0,5.7082,2.030999832242966
TZA,2020,,,4.0,6.0,4.0,4.666666666666667,0.3776,1.0,5.82725,2.0555680847227285
TZA,2021,,,4.0,6.0,4.0,4.666666666666667,0.3776,1.0,5.9463,2.0804335302501347
TZA,2022,,,6.0,6.0,5.0,5.666666666666667,0.3776,1.0,6.06535,2.1055997638593715
TZA,2023,,,6.0,6.0,5.0,5.666666666666667,0.3776,1.0,6.06535,2.1055997638593715
TZA,2024,,,6.0,5.0,5.0,5.333333333333333,,,,
TZA,2025,,,6.0,5.0,5.0,5.333333333333333,,,,
UGA,1960,,,,,,,,0.0,,
UGA,1961,,,,,,,,0.0,,
UGA,1962,,,,,,,-0.2582,0.0,,
UGA,1963,,,,,,,-0.5113,0.0,,
UGA,1964,,,,,,,-0.4829,0.0,,
UGA,1965,,,,,,,-0.4393,0.0,,
UGA,1966,,,,,,,-0.5198,0.0,,
UGA,1967,,,,,,,-0.7734,0.0,,
UGA,1968,,,,,,,-0.7627,0.0,,
UGA,1969,,,,,,,-0.7517,0.0,,
UGA,1970,,,,,,,-0.745,0.0,,
UGA,1971,,,,,,,-0.8874,0.0,,
UGA,1972,,,,,,,-1.114,0.0,,
UGA,1973,,,,,,,-1.168,0.0,,
UGA,1974,,,,,,,-1.172,0.0,,
UGA,1975,,,,,,,-1.291,0.0,,
UGA,1976,,,,,,,-1.329,0.0,,
UGA,1977,,,,,,,-1.184,0.0,,
UGA,1978,,,,,,,-1.262,0.0,,
UGA,1979,,,,,,,-1.352,0.0,,
UGA,1980,,,,,,,-1.025,0.0,,
UGA,1981,,,,,,,-0.9205,0.0,,
UGA,1982,,,,,,,-1.195,0.0,,
UGA,1983,,,,,,,-1.454,0.0,,
UGA,1984,,,,,,,-1.481,0.0,,
UGA,1985,,,,,,,-1.485,0.0,,
UGA,1986,,,,,,,-1.163,0.0,,
UGA,1987,,,,,,,-0.95,0.0,,
UGA,1988,,,,,,,-0.9066,0.0,,
UGA,1989,,,,,,,-0.7768,0.0,,
UGA,1990,,,,,,,-0.7865,0.0,3.174522,1.5301808759620514
UGA,1991,,,,,,,-0.819,0.0,3.25,1.5457357336333872
UGA,1992,,,,,,,-0.7218,0.0,3.3272727,1.5618242698633247
UGA,1993,,,,,,,-0.4333,0.0,3.4045455,1.5780802821235713
UGA,1994,,,,,,,-0.2612,0.0,3.4818182,1.5945054712683004
UGA,1995,,,,,,,-0.1676,0.0,3.5590909,1.6111016192935734
UGA,1996,,,,,,,0.01902,0.0,3.6363635,1.627870483783324
UGA,1997,,,,,,,0.1089,0.0,3.7136364,1.6448139501364174
UGA,1998,,,,,,,0.1435,0.0,3.790909,1.6619337034222363
UGA,1999,,,,,,,0.1635,0.0,3.8681817,1.6792316671151715
UGA,2000,,,,,,,0.1093,0.0,3.9454544,1.6967096738190315
UGA,2001,,,,,,,0.09622,0.0,4.022727,1.713084294792141
UGA,2002,,,,,,,0.1529,0.0,4.1,1.7265064953678018
UGA,2003,,,,,,,0.1213,0.0,4.275,1.7572937787847551
UGA,2004,0.0,,7.0,6.0,7.0,6.666666666666667,0.04295,0.0,4.45,1.788630064955384
UGA,2005,0.0,,7.0,6.0,7.0,6.666666666666667,0.2803,0.0,4.625,1.8205251437666188
UGA,2006,0.0,0.0,7.0,6.0,6.0,6.333333333333333,0.1521,0.0,4.8,1.8529889796798988
UGA,2007,2.0,0.5,7.0,6.0,6.0,6.333333333333333,0.2188,0.0,4.975,1.8860317148442072
UGA,2008,1.0,0.6,8.0,7.0,7.0,7.333333333333333,0.2375,0.0,5.15,1.9196636722646172
UGA,2009,0.0,0.6,8.0,7.0,7.0,7.333333333333333,0.2035,0.0,5.145,1.9186944868500377
UGA,2010,2.0,1.0,7.0,7.0,6.0,6.666666666666667,0.3519,0.0,5.1400003,1.9177258488576228
UGA,2011,2.0,1.4,7.0,7.0,6.0,6.666666666666667,0.3792,0.0,5.135,1.9167575837190534
UGA,2012,0.0,1.0,7.0,7.0,7.0,7.0,0.3205,0.0,5.13,1.9157898655086893
UGA,2013,1.0,1.0,7.0,7.0,7.0,7.0,0.3424,0.0,5.3199625,1.9529014943467635
UGA,2014,1.0,1.2,7.0,7.0,7.0,7.0,0.2824,0.0,5.509925,1.9907320292714656
UGA,2015,1.0,1.0,7.0,7.0,7.0,7.0,0.3691,0.0,5.6998878,2.0292954580242277
UGA,2016,3.0,1.2,5.0,5.0,7.0,5.666666666666667,0.3691,1.0,5.88985,2.0686057921676135
UGA,2017,1.0,1.4,5.0,5.0,7.0,5.666666666666667,0.3691,1.0,5.974164,2.086296665774618
UGA,2018,0.0,1.2,5.0,5.0,7.0,5.666666666666667,0.3691,1.0,6.0596848,2.104395315454005
UGA,2019,1.0,1.2,5.0,5.0,7.0,5.666666666666667,0.3691,1.0,6.14643,2.122913483735963
UGA,2020,,,5.0,5.0,7.0,5.666666666666667,0.3691,1.0,6.2344165,2.141863118738038
UGA,2021,,,5.0,5.0,7.0,5.666666666666667,0.3691,1.0,6.323663,2.1612569267841466
UGA,2022,,,3.0,3.0,6.0,4.0,0.3691,1.0,6.323663,2.1612569267841466
UGA,2023,,,3.0,3.0,6.0,4.0,0.3691,1.0,6.323663,2.1612569267841466
UGA,2024,,,4.0,3.0,6.0,4.333333333333333,,,,
UGA,2025,,,4.0,3.0,6.0,4.333333333333333,,,,
UKR,1960,,,,,,,,0.0,,
UKR,1961,,,,,,,,0.0,,
UKR,1962,,,,,,,,0.0,,
UKR,1963,,,,,,,,0.0,,
UKR,1964,,,,,,,,0.0,,
UKR,1965,,,,,,,,0.0,,
UKR,1966,,,,,,,,0.0,,
UKR,1967,,,,,,,,0.0,,
UKR,1968,,,,,,,,0.0,,
UKR,1969,,,,,,,,0.0,,
UKR,1970,,,,,,,,0.0,,
UKR,1971,,,,,,,,0.0,,
UKR,1972,,,,,,,,0.0,,
UKR,1973,,,,,,,,0.0,,
UKR,1974,,,,,,,,0.0,,
UKR,1975,,,,,,,,0.0,,
UKR,1976,,,,,,,,0.0,,
UKR,1977,,,,,,,,0.0,,
UKR,1978,,,,,,,,0.0,,
UKR,1979,,,,,,,,0.0,,
UKR,1980,,,,,,,,0.0,,
UKR,1981,,,,,,,,0.0,,
UKR,1982,,,,,,,,0.0,,
UKR,1983,,,,,,,,0.0,,
UKR,1984,,,,,,,,0.0,,
UKR,1985,,,,,,,,0.0,,
UKR,1986,,,,,,,,0.0,,
UKR,1987,,,,,,,,0.0,,
UKR,1988,,,,,,,,0.0,,
UKR,1989,,,,,,,,0.0,,
UKR,1990,,,,,,,,0.0,9.279101,2.7926162152064884
UKR,1991,,,,,,,0.0154,0.0,9.461841,2.827534662511952
UKR,1992,,,,,,,-0.1313,0.0,9.64458,2.862889530081271
UKR,1993,,,,,,,-0.3832,0.0,9.827319,2.8986864670891785
UKR,1994,,,,,,,0.1294,0.0,10.010059,2.9349312006494004
UKR,1995,,,,,,,0.088,0.0,10.192799,2.9716291328310556
UKR,1996,,,,,,,0.324,0.0,10.322746,2.9980039823047884
UKR,1997,,,,,,,0.3092,0.0,10.452695,3.0246133344790556
UKR,1998,,,,,,,0.369,0.0,10.582643,3.051458655499227
UKR,1999,,,,,,,0.3323,0.0,10.71259,3.078542036068133
UKR,2000,,,,,,,0.3392,0.0,10.842539,3.1058662189926833
UKR,2001,,,,,,,0.5148,0.0,10.94,3.126518233722333
UKR,2002,,,,,,,0.5535,0.0,11.03746,3.1473073570633927
UKR,2003,,,,,,,0.6116,0.0,11.134922,3.1682351441738286
UKR,2004,0.0,,6.0,5.0,5.0,5.333333333333333,0.4903,0.0,11.232383,3.1893018721817388
UKR,2005,1.0,,6.0,5.0,5.0,5.333333333333333,0.518,0.0,11.3298435,3.210508571237505
UKR,2006,2.0,1.0,6.0,7.0,5.0,6.0,0.5616,0.0,11.366391,3.218497346313942
UKR,2007,0.0,0.75,6.0,7.0,5.0,6.0,0.6395,0.0,11.40294,3.2265063291287497
UKR,2008,0.0,0.6,6.0,6.0,4.0,5.333333333333333,0.7147,0.0,11.439487,3.2345348017838194
UKR,2009,1.0,0.8,6.0,6.0,4.0,5.333333333333333,0.6731,0.0,11.476035,3.24258347207596
UKR,2010,2.0,1.0,6.0,6.0,5.0,5.666666666666667,0.7769,0.0,11.512583,3.250652170315685
UKR,2011,2.0,1.0,6.0,6.0,5.0,5.666666666666667,0.8312,0.0,11.443548,3.2354281354407366
UKR,2012,3.0,1.6,5.0,5.0,5.0,5.0,0.8839,0.0,11.374514,3.2202756194639632
UKR,2013,7.0,3.0,5.0,5.0,5.0,5.0,0.8871,0.0,11.305478,3.2051936315246428
UKR,2014,2.0,3.2,7.0,5.0,6.0,6.0,0.5089,0.0,11.2364435,3.1901826046645634
UKR,2015,3.0,3.4,7.0,5.0,6.0,6.0,0.3095,0.0,11.167409,3.1752418796187563
UKR,2016,4.0,3.8,7.0,6.0,6.0,6.333333333333333,0.3095,1.0,11.1592865,3.1734885825152546
UKR,2017,2.0,3.6,7.0,6.0,6.0,6.333333333333333,0.3095,1.0,11.151165,3.1717364692210253
UKR,2018,3.0,2.8,7.0,6.0,7.0,6.666666666666667,0.3095,1.0,11.1430435,3.169985323285246
UKR,2019,4.0,3.2,7.0,6.0,7.0,6.666666666666667,0.3095,1.0,11.134922,3.1682351441738286
UKR,2020,,,7.0,6.0,6.0,6.333333333333333,0.3095,1.0,11.1268,3.166485823692461
UKR,2021,,,7.0,6.0,6.0,6.333333333333333,0.3095,1.0,11.122739,3.1656115256885986
UKR,2022,,,8.0,6.0,7.0,7.0,0.3095,1.0,11.122739,3.1656115256885986
UKR,2023,,,8.0,6.0,7.0,7.0,0.3095,1.0,11.122739,3.1656115256885986
UKR,2024,,,8.0,7.0,8.0,7.666666666666667,,,,
UKR,2025,,,8.0,7.0,8.0,7.666666666666667,,,,
URY,1960,,,,,,,0.221,0.0,,
URY,1961,,,,,,,0.412,0.0,,
URY,1962,,,,,,,0.4156,0.0,,
URY,1963,,,,,,,0.4511,0.0,,
URY,1964,,,,,,,0.4729,0.0,,
URY,1965,,,,,,,0.3775,0.0,,
URY,1966,,,,,,,0.2992,0.0,,
URY,1967,,,,,,,0.3695,0.0,,
URY,1968,,,,,,,0.2909,0.0,,
URY,1969,,,,,,,0.4824,0.0,,
URY,1970,,,,,,,0.2861,0.0,,
URY,1971,,,,,,,0.3378,0.0,,
URY,1972,,,,,,,0.06912,0.0,,
URY,1973,,,,,,,-0.05552,0.0,,
URY,1974,,,,,,,-0.0701,0.0,,
URY,1975,,,,,,,0.01533,0.0,,
URY,1976,,,,,,,0.04729,0.0,,
URY,1977,,,,,,,0.06723,0.0,,
URY,1978,,,,,,,0.2546,0.0,,
URY,1979,,,,,,,0.1013,0.0,,
URY,1980,,,,,,,0.1577,0.0,,
URY,1981,,,,,,,0.3034,0.0,,
URY,1982,,,,,,,0.1558,0.0,,
URY,1983,,,,,,,0.2287,0.0,,
URY,1984,,,,,,,0.169,0.0,,
URY,1985,,,,,,,0.7175,0.0,,
URY,1986,,,,,,,0.7928,0.0,,
URY,1987,,,,,,,0.7732,0.0,,
URY,1988,,,,,,,0.7982,0.0,,
URY,1989,,,,,,,0.8033,0.0,,
URY,1990,,,,,,,0.8188,0.0,7.154903,2.3505402679778706
URY,1991,,,,,,,0.9423,0.0,7.1930356,2.3596105768203155
URY,1992,,,,,,,0.9853,0.0,7.2311687,2.368716005960682
URY,1993,,,,,,,1.05,0.0,7.2693014,2.3778564756978753
URY,1994,,,,,,,1.077,0.0,7.307434,2.38703219283466
URY,1995,,,,,,,0.9861,0.0,7.3455667,2.396243341602771
URY,1996,,,,,,,1.158,0.0,7.47,2.426548797737769
URY,1997,,,,,,,1.2,0.0,7.6814284,2.4789231902350486
URY,1998,,,,,,,1.198,0.0,7.892857,2.532428077664981
URY,1999,,,,,,,1.217,0.0,8.104285,2.578199739532544
URY,2000,,,,,,,1.216,0.0,8.315714,2.615534703132706
URY,2001,,,,,,,1.156,0.0,8.527143,2.6534103151107478
URY,2002,,,,,,,1.075,0.0,8.738571,2.691834221562244
URY,2003,,,,,,,1.066,0.0,8.95,2.730814728440241
URY,2004,0.0,,7.0,7.0,5.0,6.333333333333333,1.094,0.0,8.633333,2.6726397221739604
URY,2005,1.0,,7.0,7.0,5.0,6.333333333333333,1.162,0.0,8.316667,2.6157042057357724
URY,2006,2.0,1.0,7.0,8.0,6.0,7.0,1.271,0.0,8.0,2.5599814183292717
URY,2007,1.0,1.0,7.0,8.0,6.0,7.0,1.272,0.0,8.185,2.5923894034014983
URY,2008,0.0,0.8,9.0,9.0,8.0,8.666666666666666,1.355,0.0,8.37,2.6252076560986852
URY,2009,1.0,1.0,9.0,9.0,8.0,8.666666666666666,1.356,0.0,8.37,2.6252076560986852
URY,2010,1.0,1.0,9.0,9.0,9.0,9.0,1.422,0.0,8.33,2.61807679364345
URY,2011,2.0,1.0,9.0,9.0,9.0,9.0,1.404,0.0,8.4,2.6305685459656343
URY,2012,1.0,1.0,9.0,9.0,8.0,8.666666666666666,1.414,0.0,8.48,2.6449178335306254
URY,2013,0.0,1.0,9.0,9.0,8.0,8.666666666666666,1.321,0.0,8.52,2.652121802994813
URY,2014,2.0,1.2,9.0,9.0,9.0,9.0,1.339,0.0,8.61,2.6684025567200838
URY,2015,0.0,1.0,9.0,9.0,9.0,9.0,1.293,0.0,8.67,2.679311879035618
URY,2016,2.0,1.0,9.0,8.0,9.0,8.666666666666666,1.293,1.0,8.7,2.6847832541740186
URY,2017,0.0,0.8,9.0,8.0,9.0,8.666666666666666,1.293,1.0,8.83,2.7086219499356208
URY,2018,1.0,1.0,9.0,8.0,8.0,8.333333333333334,1.293,1.0,8.91,2.7233970050559595
URY,2019,0.0,0.6,9.0,8.0,8.0,8.333333333333334,1.293,1.0,8.98,2.7363912766314673
URY,2020,,,10.0,8.0,8.0,8.666666666666666,1.293,1.0,9.5,2.8348811105884675
URY,2021,,,10.0,8.0,8.0,8.666666666666666,1.293,1.0,10.0199995,2.9369157497906055
URY,2022,,,10.0,9.0,8.0,9.0,1.293,1.0,10.54,3.0426230841510975
URY,2023,,,10.0,9.0,8.0,9.0,1.293,1.0,10.54,3.0426230841510975
URY,2024,,,10.0,9.0,8.0,9.0,,,,
URY,2025,,,10.0,9.0,8.0,9.0,,,,
USA,1960,,,,,,,1.007,0.0,,
USA,1961,,,,,,,1.004,0.0,,
USA,1962,,,,,,,1.03,0.0,,
USA,1963,,,,,,,1.024,0.0,,
USA,1964,,,,,,,1.026,0.0,,
USA,1965,,,,,,,1.214,0.0,,
USA,1966,,,,,,,1.289,0.0,,
USA,1967,,,,,,,1.331,0.0,,
USA,1968,,,,,,,1.316,0.0,,
USA,1969,,,,,,,1.418,0.0,,
USA,1970,,,,,,,1.375,0.0,,
USA,1971,,,,,,,1.328,0.0,,
USA,1972,,,,,,,1.333,0.0,,
USA,1973,,,,,,,1.359,0.0,,
USA,1974,,,,,,,1.377,0.0,,
USA,1975,,,,,,,1.441,0.0,,
USA,1976,,,,,,,1.431,0.0,,
USA,1977,,,,,,,1.469,0.0,,
USA,1978,,,,,,,1.484,0.0,,
USA,1979,,,,,,,1.508,0.0,,
USA,1980,,,,,,,1.531,0.0,,
USA,1981,,,,,,,1.553,0.0,,
USA,1982,,,,,,,1.567,0.0,,
USA,1983,,,,,,,1.518,0.0,,
USA,1984,,,,,,,1.817,0.0,,
USA,1985,,,,,,,1.843,0.0,,
USA,1986,,,,,,,1.835,0.0,,
USA,1987,,,,,,,1.871,0.0,,
USA,1988,,,,,,,1.861,0.0,,
USA,1989,,,,,,,1.878,0.0,,
USA,1990,,,,,,,1.944,0.0,12.98,3.591751620207574
USA,1991,,,,,,,1.912,0.0,13.0275,3.603371734322517
USA,1992,,,,,,,1.908,0.0,13.075,3.6150294420871116
USA,1993,,,,,,,1.948,0.0,13.122499,3.626724618507881
USA,1994,,,,,,,1.949,0.0,13.17,3.638458125453956
USA,1995,,,,,,,1.953,0.0,13.135,3.6298088917861664
USA,1996,,,,,,,1.971,0.0,13.1,3.621180218817569
USA,1997,,,,,,,1.977,0.0,13.065,3.6125720576718856
USA,1998,,,,,,,1.991,0.0,13.03,3.6039843595890244
USA,1999,,,,,,,1.995,0.0,12.995,3.595417075924806
USA,2000,,,,,,,2.01,0.0,12.96,3.586870158150686
USA,2001,,,,,,,1.991,0.0,12.925,3.57834355785348
USA,2002,,,,,,,1.885,0.0,12.889999,3.5698369839861677
USA,2003,,,,,,,1.804,0.0,12.855,3.5613511166122342
USA,2004,0.0,,,,,,1.821,0.0,12.82,3.5528851794161644
USA,2005,0.0,,,,,,1.961,0.0,12.83,3.5553019629514426
USA,2006,1.0,0.3333333333333333,,,,,1.984,0.0,12.91,3.574695508246055
USA,2007,0.0,0.25,,,,,1.952,0.0,12.95,3.584431915539584
USA,2008,0.0,0.2,,,,,1.962,0.0,12.99,3.5941948419105487
USA,2009,0.0,0.2,,,,,1.905,0.0,13.01,3.5990862723142882
USA,2010,0.0,0.2,,,,,1.908,0.0,13.05,3.6088891127942593
USA,2011,0.0,0.0,,,,,1.932,0.0,13.1,3.621180218817569
USA,2012,0.0,0.0,,,,,1.931,0.0,13.14,3.6310432366361076
USA,2013,0.0,0.0,,,,,1.916,0.0,13.2,3.645888156084391
USA,2014,0.0,0.0,,,,,1.91,0.0,13.22,3.6508499372230645
USA,2015,0.0,0.0,,,,,1.86,0.0,13.25,3.658305272951933
USA,2016,0.0,0.0,,,,,1.86,1.0,13.34,3.6807627510110223
USA,2017,0.0,0.0,,,,,1.86,1.0,13.41329,3.699152428387226
USA,2018,0.0,0.0,,,,,1.86,1.0,13.5,3.721028096020821
USA,2019,0.0,0.0,,,,,1.86,1.0,13.59,3.7438706147798464
USA,2020,,,,,,,1.86,1.0,13.68,3.7668533584040946
USA,2021,,,,,,,1.86,1.0,13.5755,3.740180977643702
USA,2022,,,,,,,1.86,1.0,13.91,3.8262300604014783
USA,2023,,,,,,,1.86,1.0,13.91,3.8262300604014783
USR,1960,,,,,,,0.5347,0.0,,
USR,1961,,,,,,,0.534,0.0,,
USR,1962,,,,,,,0.5513,0.0,,
USR,1963,,,,,,,0.5497,0.0,,
USR,1964,,,,,,,0.5524,0.0,,
USR,1965,,,,,,,0.5171,0.0,,
USR,1966,,,,,,,0.5545,0.0,,
USR,1967,,,,,,,0.5624,0.0,,
USR,1968,,,,,,,0.5831,0.0,,
USR,1969,,,,,,,0.4478,0.0,,
USR,1970,,,,,,,0.5627,0.0,,
USR,1971,,,,,,,0.6069,0.0,,
USR,1972,,,,,,,0.6256,0.0,,
USR,1973,,,,,,,0.6287,0.0,,
USR,1974,,,,,,,0.6513,0.0,,
USR,1975,,,,,,,0.6691,0.0,,
USR,1976,,,,,,,0.6602,0.0,,
USR,1977,,,,,,,0.6728,0.0,,
USR,1978,,,,,,,0.68,0.0,,
USR,1979,,,,,,,0.6881,0.0,,
USR,1980,,,,,,,0.696,0.0,,
USR,1981,,,,,,,0.708,0.0,,
USR,1982,,,,,,,0.7245,0.0,,
USR,1983,,,,,,,0.7027,0.0,,
USR,1984,,,,,,,0.4335,0.0,,
USR,1985,,,,,,,0.4628,0.0,,
USR,1986,,,,,,,0.4985,0.0,,
USR,1987,,,,,,,0.5209,0.0,,
USR,1988,,,,,,,0.6375,0.0,,
USR,1989,,,,,,,0.7249,0.0,,
USR,1990,,,,,,,0.546,0.0,,
USR,1991,,,,,,,0.4764,0.0,,
USR,1992,,,,,,,,0.0,,
USR,1993,,,,,,,,0.0,,
USR,1994,,,,,,,,0.0,,
USR,1995,,,,,,,,0.0,,
USR,1996,,,,,,,,0.0,,
USR,1997,,,,,,,,0.0,,
USR,1998,,,,,,,,0.0,,
USR,1999,,,,,,,,0.0,,
USR,2000,,,,,,,,0.0,,
USR,2001,,,,,,,,0.0,,
USR,2002,,,,,,,,0.0,,
USR,2003,,,,,,,,0.0,,
USR,2004,,,,,,,,0.0,,
USR,2005,,,,,,,,0.0,,
USR,2006,,,,,,,,0.0,,
USR,2007,,,,,,,,0.0,,
USR,2008,,,,,,,,0.0,,
USR,2009,,,,,,,,0.0,,
USR,2010,,,,,,,,0.0,,
USR,2011,,,,,,,,0.0,,
USR,2012,,,,,,,,0.0,,
USR,2013,,,,,,,,0.0,,
USR,2014,,,,,,,,0.0,,
USR,2015,,,,,,,,0.0,,
USR,2016,,,,,,,0.4764,1.0,,
USR,2017,,,,,,,0.4764,1.0,,
USR,2018,,,,,,,0.4764,1.0,,
USR,2019,,,,,,,0.4764,1.0,,
USR,2020,,,,,,,0.4764,1.0,,
USR,2021,,,,,,,0.4764,1.0,,
USR,2022,,,,,,,0.4764,1.0,,
USR,2023,,,,,,,0.4764,1.0,,
UZB,1960,,,,,,,,0.0,,
UZB,1961,,,,,,,,0.0,,
UZB,1962,,,,,,,,0.0,,
UZB,1963,,,,,,,,0.0,,
UZB,1964,,,,,,,,0.0,,
UZB,1965,,,,,,,,0.0,,
UZB,1966,,,,,,,,0.0,,
UZB,1967,,,,,,,,0.0,,
UZB,1968,,,,,,,,0.0,,
UZB,1969,,,,,,,,0.0,,
UZB,1970,,,,,,,,0.0,,
UZB,1971,,,,,,,,0.0,,
UZB,1972,,,,,,,,0.0,,
UZB,1973,,,,,,,,0.0,,
UZB,1974,,,,,,,,0.0,,
UZB,1975,,,,,,,,0.0,,
UZB,1976,,,,,,,,0.0,,
UZB,1977,,,,,,,,0.0,,
UZB,1978,,,,,,,,0.0,,
UZB,1979,,,,,,,,0.0,,
UZB,1980,,,,,,,,0.0,,
UZB,1981,,,,,,,,0.0,,
UZB,1982,,,,,,,,0.0,,
UZB,1983,,,,,,,,0.0,,
UZB,1984,,,,,,,,0.0,,
UZB,1985,,,,,,,,0.0,,
UZB,1986,,,,,,,,0.0,,
UZB,1987,,,,,,,,0.0,,
UZB,1988,,,,,,,,0.0,,
UZB,1989,,,,,,,,0.0,,
UZB,1990,,,,,,,,0.0,,
UZB,1991,,,,,,,-0.9682,0.0,,
UZB,1992,,,,,,,-0.7219,0.0,,
UZB,1993,,,,,,,-0.1092,0.0,,
UZB,1994,,,,,,,-0.3636,0.0,,
UZB,1995,,,,,,,-0.2417,0.0,,
UZB,1996,,,,,,,-0.07803,0.0,,
UZB,1997,,,,,,,-0.1635,0.0,,
UZB,1998,,,,,,,-0.1161,0.0,,
UZB,1999,,,,,,,-0.2366,0.0,,
UZB,2000,,,,,,,-0.3351,0.0,10.061572,2.9452299513271014
UZB,2001,,,,,,,-0.4031,0.0,10.14974,2.962940892913152
UZB,2002,,,,,,,-0.4348,0.0,10.238681,2.9809150227506356
UZB,2003,,,,,,,-0.3492,0.0,10.328402,2.9991572603861867
UZB,2004,1.0,,2.0,2.0,2.0,2.0,-0.1543,0.0,10.418908,3.0176722136706053
UZB,2005,0.0,,2.0,2.0,2.0,2.0,-0.3733,0.0,10.510207,3.036465200829952
UZB,2006,0.0,0.3333333333333333,2.0,2.0,3.0,2.3333333333333335,-0.3419,0.0,10.602306,3.0555414409494426
UZB,2007,3.0,1.0,2.0,2.0,3.0,2.3333333333333335,-0.3421,0.0,10.695213,3.0749064683526663
UZB,2008,0.0,0.8,1.0,2.0,3.0,2.0,-0.1347,0.0,10.788934,3.094565510647941
UZB,2009,0.0,0.6,1.0,2.0,3.0,2.0,-0.1682,0.0,10.883475,3.114523901661493
UZB,2010,0.0,0.6,1.0,2.0,3.0,2.0,-0.07635,0.0,10.978846,3.134787936696596
UZB,2011,3.0,1.2,1.0,2.0,3.0,2.0,-0.1191,0.0,11.075052,3.155362972099285
UZB,2012,2.0,1.0,1.0,2.0,2.0,1.6666666666666667,-0.208,0.0,11.172101,3.176255121223712
UZB,2013,5.0,2.0,1.0,2.0,2.0,1.6666666666666667,-0.0971,0.0,11.27,3.197470408966348
UZB,2014,4.0,2.8,1.0,3.0,3.0,2.3333333333333335,-0.1115,0.0,11.34,3.2127266491588817
UZB,2015,4.0,3.6,1.0,3.0,3.0,2.3333333333333335,-0.07955,0.0,11.36,3.2170989298787123
UZB,2016,2.0,3.4,2.0,3.0,3.0,2.6666666666666665,-0.07955,1.0,11.67,3.2856352097946684
UZB,2017,6.0,4.2,2.0,3.0,3.0,2.6666666666666665,-0.07955,1.0,11.72,3.2968253820208915
UZB,2018,1.0,3.4,4.0,4.0,4.0,4.0,-0.07955,1.0,11.77,3.3080536655852435
UZB,2019,6.0,3.8,4.0,4.0,4.0,4.0,-0.07955,1.0,11.9,3.3374264966226592
UZB,2020,,,5.0,4.0,4.0,4.333333333333333,-0.07955,1.0,11.89,3.3351578180430925
UZB,2021,,,5.0,4.0,4.0,4.333333333333333,-0.07955,1.0,11.88,3.3328906816405603
UZB,2022,,,5.0,4.0,4.0,4.333333333333333,-0.07955,1.0,11.91,3.3396967184282973
UZB,2023,,,5.0,4.0,4.0,4.333333333333333,-0.07955,1.0,11.91,3.3396967184282973
UZB,2024,,,5.0,4.0,4.0,4.333333333333333,,,,
UZB,2025,,,5.0,4.0,4.0,4.333333333333333,,,,
VCT,2000,,,,,,,,,9.396341,2.814968828012088
VCT,2001,,,,,,,,,9.475387,2.83014038377773
VCT,2002,,,,,,,,,9.555098,2.845522379771814
VCT,2003,,,,,,,,,9.635479,2.861118327490402
VCT,2004,0.0,,,,,,,,9.7165365,2.8769320962091602
VCT,2005,0.0,,,,,,,,9.798276,2.8929674308066957
VCT,2006,0.0,0.0,,,,,,,9.880703,2.9092281457784863
VCT,2007,0.0,0.0,,,,,,,9.963823,2.9257181268403
VCT,2008,1.0,0.2,,,,,,,10.047644,2.942441832786804
VCT,2009,2.0,0.6,,,,,,,10.132168,2.9594026010583567
VCT,2010,0.0,0.6,,,,,,,10.217404,2.9766052461045978
VCT,2011,1.0,0.8,,,,,,,10.303357,2.9940538625521675
VCT,2012,0.0,0.8,,,,,,,10.390033,3.011752827538166
VCT,2013,0.0,0.6,,,,,,,10.477438,3.029706602576404
VCT,2014,0.0,0.2,,,,,,,10.565578,3.047919735560069
VCT,2015,0.0,0.2,,,,,,,10.653719,3.066242565608202
VCT,2016,0.0,0.0,,,,,,,10.741859,3.084675335157605
VCT,2017,0.0,0.0,,,,,,,10.83,3.103219124634849
VCT,2018,0.0,0.0,,,,,,,10.91814,3.1218741794003373
VCT,2019,0.0,0.0,,,,,,,11.043877,3.1486810031900605
VCT,2020,,,,,,,,,11.169613,3.175717795132053
VCT,2021,,,,,,,,,11.29535,3.2029869618081883
VCT,2022,,,,,,,,,11.29535,3.2029869618081883
VCT,2023,,,,,,,,,11.29535,3.2029869618081883
VEN,1960,,,,,,,0.5414,0.0,,
VEN,1961,,,,,,,0.3297,0.0,,
VEN,1962,,,,,,,0.5176,0.0,,
VEN,1963,,,,,,,0.4499,0.0,,
VEN,1964,,,,,,,0.5294,0.0,,
VEN,1965,,,,,,,0.559,0.0,,
VEN,1966,,,,,,,0.5778,0.0,,
VEN,1967,,,,,,,0.6005,0.0,,
VEN,1968,,,,,,,0.5865,0.0,,
VEN,1969,,,,,,,0.602,0.0,,
VEN,1970,,,,,,,0.6432,0.0,,
VEN,1971,,,,,,,0.7704,0.0,,
VEN,1972,,,,,,,0.7723,0.0,,
VEN,1973,,,,,,,0.854,0.0,,
VEN,1974,,,,,,,1.082,0.0,,
VEN,1975,,,,,,,0.9737,0.0,,
VEN,1976,,,,,,,0.869,0.0,,
VEN,1977,,,,,,,0.8362,0.0,,
VEN,1978,,,,,,,0.6874,0.0,,
VEN,1979,,,,,,,0.7674,0.0,,
VEN,1980,,,,,,,0.2189,0.0,,
VEN,1981,,,,,,,0.2681,0.0,,
VEN,1982,,,,,,,0.2415,0.0,,
VEN,1983,,,,,,,0.09266,0.0,,
VEN,1984,,,,,,,0.1586,0.0,,
VEN,1985,,,,,,,0.4471,0.0,,
VEN,1986,,,,,,,0.2462,0.0,,
VEN,1987,,,,,,,0.3823,0.0,,
VEN,1988,,,,,,,0.3509,0.0,,
VEN,1989,,,,,,,0.2793,0.0,,
VEN,1990,,,,,,,0.2118,0.0,5.34,1.956857753943804
VEN,1991,,,,,,,0.1401,0.0,5.588182,2.006529036823719
VEN,1992,,,,,,,0.1838,0.0,5.836364,2.057461135078674
VEN,1993,,,,,,,0.2106,0.0,6.0845456,2.1096859669875854
VEN,1994,,,,,,,0.3204,0.0,6.3327274,2.1632364730135265
VEN,1995,,,,,,,0.3446,0.0,6.5809093,2.2181462827483553
VEN,1996,,,,,,,0.2962,0.0,6.8290906,2.2744497399555033
VEN,1997,,,,,,,0.3528,0.0,7.0772724,2.3321824719407767
VEN,1998,,,,,,,0.2643,0.0,7.325454,2.391380595055437
VEN,1999,,,,,,,0.2766,0.0,7.573636,2.452081451707459
VEN,2000,,,,,,,0.1599,0.0,7.821818,2.5143230894488258
VEN,2001,,,,,,,0.1861,0.0,8.07,2.5721959774685628
VEN,2002,,,,,,,0.003318,0.0,7.9579997,2.549144900254387
VEN,2003,,,,,,,-0.1144,0.0,7.8459997,2.5204714559010264
VEN,2004,0.0,,2.0,3.0,4.0,3.0,0.2002,0.0,7.734,2.4921206134131504
VEN,2005,0.0,,2.0,3.0,4.0,3.0,0.3183,0.0,7.622,2.464088593058625
VEN,2006,2.0,0.6666666666666666,1.0,2.0,3.0,2.0,0.3386,0.0,7.51,2.4363718841544877
VEN,2007,1.0,0.75,1.0,2.0,3.0,2.0,0.3645,0.0,7.99,2.557397142375801
VEN,2008,0.0,0.6,2.0,2.0,3.0,2.3333333333333335,0.4162,0.0,8.14,2.5844688165054737
VEN,2009,0.0,0.6,2.0,2.0,3.0,2.3333333333333335,0.2873,0.0,8.25,2.603873124893154
VEN,2010,1.0,0.8,2.0,2.0,3.0,2.3333333333333335,0.1617,0.0,8.685,2.6820461714042794
VEN,2011,0.0,0.4,2.0,2.0,3.0,2.3333333333333335,0.07177,0.0,9.12,2.7625661161349866
VEN,2012,1.0,0.4,1.0,3.0,4.0,2.6666666666666665,0.05487,0.0,9.25,2.787095460565851
VEN,2013,1.0,0.6,1.0,3.0,4.0,2.6666666666666665,0.03562,0.0,9.38,2.81184260566208
VEN,2014,0.0,0.6,1.0,2.0,2.0,1.6666666666666667,0.01461,0.0,9.51,2.8368094853167687
VEN,2015,0.0,0.4,1.0,2.0,2.0,1.6666666666666667,-0.02595,0.0,9.64,2.8619980505944143
VEN,2016,0.0,0.4,1.0,2.0,2.0,1.6666666666666667,-0.02595,1.0,10.31,2.9954066540603668
VEN,2017,0.0,0.2,1.0,2.0,2.0,1.6666666666666667,-0.02595,1.0,10.136143,2.9602026357012337
VEN,2018,0.0,0.0,1.0,1.0,2.0,1.3333333333333333,-0.02595,1.0,9.962285,2.9254121595356435
VEN,2019,0.0,0.0,1.0,1.0,2.0,1.3333333333333333,-0.02595,1.0,9.820335,2.8973101729368924
VEN,2020,,,2.0,2.0,2.0,2.0,-0.02595,1.0,9.678386,2.8694783337318555
VEN,2021,,,2.0,2.0,2.0,2.0,-0.02595,1.0,9.678386,2.8694783337318555
VEN,2022,,,2.0,2.0,2.0,2.0,-0.02595,1.0,9.678386,2.8694783337318555
VEN,2023,,,2.0,2.0,2.0,2.0,-0.02595,1.0,9.678386,2.8694783337318555
VEN,2024,,,2.0,2.0,2.0,2.0,,,,
VEN,2025,,,2.0,2.0,2.0,2.0,,,,
VNM,1960,,,,,,,,0.0,,
VNM,1961,,,,,,,,0.0,,
VNM,1962,,,,,,,,0.0,,
VNM,1963,,,,,,,,0.0,,
VNM,1964,,,,,,,,0.0,,
VNM,1965,,,,,,,,0.0,,
VNM,1966,,,,,,,,0.0,,
VNM,1967,,,,,,,,0.0,,
VNM,1968,,,,,,,,0.0,,
VNM,1969,,,,,,,,0.0,,
VNM,1970,,,,,,,,0.0,,
VNM,1971,,,,,,,,0.0,,
VNM,1972,,,,,,,,0.0,,
VNM,1973,,,,,,,,0.0,,
VNM,1974,,,,,,,,0.0,,
VNM,1975,,,,,,,,0.0,,
VNM,1976,,,,,,,-0.4203,0.0,,
VNM,1977,,,,,,,-0.3813,0.0,,
VNM,1978,,,,,,,-0.3039,0.0,,
VNM,1979,,,,,,,-0.1827,0.0,,
VNM,1980,,,,,,,-0.04524,0.0,,
VNM,1981,,,,,,,-0.07046,0.0,,
VNM,1982,,,,,,,-0.1077,0.0,,
VNM,1983,,,,,,,-0.1355,0.0,,
VNM,1984,,,,,,,-0.1451,0.0,,
VNM,1985,,,,,,,-0.08254,0.0,,
VNM,1986,,,,,,,-0.006903,0.0,,
VNM,1987,,,,,,,-0.0669,0.0,,
VNM,1988,,,,,,,-0.08956,0.0,,
VNM,1989,,,,,,,-0.1904,0.0,,
VNM,1990,,,,,,,-0.1516,0.0,4.0987306,1.726285155195183
VNM,1991,,,,,,,-0.1416,0.0,4.2360487,1.750394023189717
VNM,1992,,,,,,,-0.1534,0.0,4.3733664,1.7748395179191276
VNM,1993,,,,,,,-0.06361,0.0,4.5106845,1.7996264840354854
VNM,1994,,,,,,,-0.01066,0.0,4.648002,1.8247595081590808
VNM,1995,,,,,,,0.1363,0.0,4.7853203,1.8502436817855274
VNM,1996,,,,,,,0.1718,0.0,4.955927,1.8824020114753308
VNM,1997,,,,,,,0.3938,0.0,5.126534,1.915119329986322
VNM,1998,,,,,,,0.2505,0.0,5.297141,1.948405295855329
VNM,1999,,,,,,,0.3554,0.0,5.467748,1.982269792527344
VNM,2000,,,,,,,0.4842,0.0,5.6383553,2.0167229363344874
VNM,2001,,,,,,,0.3743,0.0,5.850574,2.0604161438962185
VNM,2002,,,,,,,0.3526,0.0,6.0627923,2.1050558993659094
VNM,2003,,,,,,,0.3468,0.0,6.275011,2.150662880217337
VNM,2004,2.0,,6.0,6.0,5.0,5.666666666666667,0.3682,0.0,6.4872293,2.1972578680090256
VNM,2005,1.0,,6.0,6.0,5.0,5.666666666666667,0.3863,0.0,6.699448,2.2448624458932143
VNM,2006,0.0,1.0,6.0,6.0,6.0,6.0,0.5036,0.0,6.909586,2.2930164686700056
VNM,2007,3.0,1.5,6.0,6.0,6.0,6.0,0.5127,0.0,7.119724,2.342203432201732
VNM,2008,1.0,1.4,7.0,6.0,6.0,6.333333333333333,0.5748,0.0,7.329862,2.3924454938605453
VNM,2009,0.0,1.0,7.0,6.0,6.0,6.333333333333333,0.4822,0.0,7.54,2.443765286311237
VNM,2010,2.0,1.2,6.0,6.0,6.0,6.0,0.5389,0.0,7.63,2.466080381215868
VNM,2011,1.0,1.4,6.0,6.0,6.0,6.0,0.6114,0.0,7.72,2.4885992450599272
VNM,2012,0.0,0.8,7.0,6.0,6.0,6.333333333333333,0.5831,0.0,7.81,2.5113237385471603
VNM,2013,1.0,0.8,7.0,6.0,6.0,6.333333333333333,0.6922,0.0,7.8999996,2.5342556369882865
VNM,2014,0.0,0.8,6.0,6.0,6.0,6.0,0.648,0.0,7.99,2.557397142375801
VNM,2015,4.0,1.2,6.0,6.0,6.0,6.0,0.7557,0.0,8.08,2.5739456655597714
VNM,2016,6.0,2.2,6.0,6.0,5.0,5.666666666666667,0.7557,1.0,8.17,2.5897465143126026
VNM,2017,4.0,3.0,6.0,6.0,5.0,5.666666666666667,0.7557,1.0,8.259999,2.6056441835862176
VNM,2018,6.0,4.0,7.0,6.0,5.0,6.0,0.7557,1.0,8.349999,2.621639622106706
VNM,2019,2.0,4.4,7.0,6.0,5.0,6.0,0.7557,1.0,8.44,2.6377334322386012
VNM,2020,,,7.0,7.0,5.0,6.333333333333333,0.7557,1.0,8.62,2.670217687533187
VNM,2021,,,7.0,7.0,5.0,6.333333333333333,0.7557,1.0,8.799999,2.7031018096167814
VNM,2022,,,6.0,7.0,5.0,6.0,0.7557,1.0,8.98,2.7363912766314673
VNM,2023,,,6.0,7.0,5.0,6.0,0.7557,1.0,8.98,2.7363912766314673
VNM,2024,,,6.0,6.0,5.0,5.666666666666667,,,,
VNM,2025,,,6.0,6.0,5.0,5.666666666666667,,,,
VUT,2004,0.0,,,,,,,,,
VUT,2005,0.0,,,,,,,,5.5755153,2.003963651932713
VUT,2006,0.0,0.0,,,,,,,5.667716,2.022712264523061
VUT,2007,0.0,0.0,,,,,,,5.7614417,2.0419507719706664
VUT,2008,1.0,0.2,,,,,,,5.856717,2.0616949113299157
VUT,2009,1.0,0.4,,,,,,,5.953568,2.081961270594865
VUT,2010,0.0,0.4,,,,,,,6.052021,2.1027670515624104
VUT,2011,0.0,0.4,,,,,,,6.1521015,2.1241298825785306
VUT,2012,0.0,0.4,,,,,,,6.253837,2.1460684430219583
VUT,2013,1.0,0.4,,,,,,,6.3572555,2.1686021847442793
VUT,2014,0.0,0.2,,,,,,,6.4606733,2.1913723760668935
VUT,2015,1.0,0.4,,,,,,,6.5640917,2.214381787207955
VUT,2016,4.0,1.2,,,,,,,6.6675096,2.2376326841780636
VUT,2017,0.0,1.2,,,,,,,6.770928,2.2611278285794634
VUT,2018,0.0,1.0,,,,,,,6.908355,2.2927313933616555
VUT,2019,1.0,1.2,,,,,,,7.0457826,2.3247768189910447
VUT,2020,,,,,,,,,7.18321,2.3572700947846874
VUT,2021,,,,,,,,,7.18321,2.3572700947846874
VUT,2022,,,,,,,,,7.18321,2.3572700947846874
VUT,2023,,,,,,,,,7.18321,2.3572700947846874
WBG,2004,0.0,,,,,,,,,
WBG,2005,0.0,,,,,,,,,
WBG,2006,0.0,0.0,,,,,,,,
WBG,2007,0.0,0.0,,,,,,,,
WBG,2008,3.0,0.6,,,,,,,,
WBG,2009,0.0,0.6,,,,,,,,
WBG,2010,0.0,0.6,,,,,,,,
WBG,2011,0.0,0.6,,,,,,,,
WBG,2012,1.0,0.8,,,,,,,,
WBG,2013,3.0,0.8,,,,,,,,
WBG,2014,1.0,1.0,,,,,,,,
WBG,2015,3.0,1.6,,,,,,,,
WBG,2016,0.0,1.6,,,,,,,,
WBG,2017,1.0,1.6,,,,,,,,
WBG,2018,2.0,1.4,,,,,,,,
WBG,2019,0.0,1.2,,,,,,,,
WSM,1990,,,,,,,,,10.128377,2.958639800905222
WSM,1991,,,,,,,,,10.1979065,2.9726613885911766
WSM,1992,,,,,,,,,10.267913,2.9868463071703073
WSM,1993,,,,,,,,,10.3384,3.0011969727227896
WSM,1994,,,,,,,,,10.409371,3.0157158393958614
WSM,1995,,,,,,,,,10.480829,3.030405297114671
WSM,1996,,,,,,,,,10.552778,3.0452679804334815
WSM,1997,,,,,,,,,10.625221,3.0603063581640884
WSM,1998,,,,,,,,,10.698161,3.075522938190878
WSM,1999,,,,,,,,,10.771603,3.0909206885849505
WSM,2000,,,,,,,,,10.845548,3.106501781511125
WSM,2001,,,,,,,,,10.92,3.1222690590182087
WSM,2002,,,,,,,,,10.996,3.1384467125656315
WSM,2003,,,,,,,,,11.0720005,3.1547082958975077
WSM,2004,2.0,,,,,,,,11.148,3.1710539215497087
WSM,2005,0.0,,,,,,,,11.224,3.1874843478689443
WSM,2006,0.0,0.6666666666666666,,,,,,,11.3,3.203999906423616
WSM,2007,0.0,0.5,,,,,,,11.376,3.2206010383159436
WSM,2008,0.0,0.4,,,,,,,11.452001,3.2372884070692676
WSM,2009,4.0,0.8,,,,,,,11.528,3.25406179796187
WSM,2010,0.0,0.8,,,,,,,11.604,3.270922319394921
WSM,2011,0.0,0.8,,,,,,,11.68,3.2878702015484036
WSM,2012,0.0,0.8,,,,,,,11.645226,3.2801047832546217
WSM,2013,0.0,0.8,,,,,,,11.610451,3.2723574831041087
WSM,2014,0.0,0.0,,,,,,,11.575675,3.2646282593558964
WSM,2015,0.0,0.0,,,,,,,11.5409,3.256917513304674
WSM,2016,0.0,0.0,,,,,,,11.506125,3.249224979313124
WSM,2017,1.0,0.2,,,,,,,11.47135,3.241550614366066
WSM,2018,0.0,0.2,,,,,,,11.436575,3.233894375549922
WSM,2019,0.0,0.2,,,,,,,11.4018,3.2262562200524685
WSM,2020,,,,,,,,,11.36734,3.2187050490863602
WSM,2021,,,,,,,,,11.332984,3.2111942613982594
WSM,2022,,,,,,,,,11.332984,3.2111942613982594
WSM,2023,,,,,,,,,11.332984,3.2111942613982594
XKX,2004,,,,,,,,,,
XKX,2005,,,,,,,,,,
XKX,2006,,,,,,,,,,
XKX,2007,,,,,,,,,,
XKX,2008,,,5.0,6.0,6.0,5.666666666666667,,,,
XKX,2009,,,5.0,6.0,6.0,5.666666666666667,,,,
XKX,2010,,,5.0,6.0,6.0,5.666666666666667,,,,
XKX,2011,,,5.0,6.0,6.0,5.666666666666667,,,,
XKX,2012,,,5.0,6.0,6.0,5.666666666666667,,,,
XKX,2013,,,5.0,6.0,6.0,5.666666666666667,,,,
XKX,2014,,,5.0,6.0,6.0,5.666666666666667,,,,
XKX,2015,,,5.0,6.0,6.0,5.666666666666667,,,,
XKX,2016,,,5.0,6.0,6.0,5.666666666666667,,,,
XKX,2017,,,5.0,6.0,6.0,5.666666666666667,,,,
XKX,2018,,,5.0,6.0,6.0,5.666666666666667,,,,
XKX,2019,,,5.0,6.0,6.0,5.666666666666667,,,,
XKX,2020,,,6.0,6.0,6.0,6.0,,,,
XKX,2021,,,6.0,6.0,6.0,6.0,,,,
XKX,2022,,,5.0,5.0,6.0,5.333333333333333,,,,
XKX,2023,,,5.0,5.0,6.0,5.333333333333333,,,,
XKX,2024,,,5.0,5.0,5.0,5.0,,,,
XKX,2025,,,5.0,5.0,5.0,5.0,,,,
YAR,1960,,,,,,,-2.125,0.0,,
YAR,1961,,,,,,,-2.217,0.0,,
YAR,1962,,,,,,,-2.228,0.0,,
YAR,1963,,,,,,,-1.742,0.0,,
YAR,1964,,,,,,,-1.712,0.0,,
YAR,1965,,,,,,,-1.682,0.0,,
YAR,1966,,,,,,,-1.691,0.0,,
YAR,1967,,,,,,,-1.632,0.0,,
YAR,1968,,,,,,,-1.571,0.0,,
YAR,1969,,,,,,,-1.52,0.0,,
YAR,1970,,,,,,,-1.346,0.0,,
YAR,1971,,,,,,,-1.318,0.0,,
YAR,1972,,,,,,,-1.26,0.0,,
YAR,1973,,,,,,,-1.187,0.0,,
YAR,1974,,,,,,,-1.444,0.0,,
YAR,1975,,,,,,,-0.9994,0.0,,
YAR,1976,,,,,,,-0.9494,0.0,,
YAR,1977,,,,,,,-0.9186,0.0,,
YAR,1978,,,,,,,-1.005,0.0,,
YAR,1979,,,,,,,-1.369,0.0,,
YAR,1980,,,,,,,-0.871,0.0,,
YAR,1981,,,,,,,-0.8208,0.0,,
YAR,1982,,,,,,,-0.8719,0.0,,
YAR,1983,,,,,,,-0.9109,0.0,,
YAR,1984,,,,,,,-1.173,0.0,,
YAR,1985,,,,,,,-1.007,0.0,,
YAR,1986,,,,,,,-0.9126,0.0,,
YAR,1987,,,,,,,-0.9028,0.0,,
YAR,1988,,,,,,,-0.8343,0.0,,
YAR,1989,,,,,,,-0.8987,0.0,,
YAR,1990,,,,,,,-0.5045,0.0,,
YAR,1991,,,,,,,,0.0,,
YAR,1992,,,,,,,,0.0,,
YAR,1993,,,,,,,,0.0,,
YAR,1994,,,,,,,,0.0,,
YAR,1995,,,,,,,,0.0,,
YAR,1996,,,,,,,,0.0,,
YAR,1997,,,,,,,,0.0,,
YAR,1998,,,,,,,,0.0,,
YAR,1999,,,,,,,,0.0,,
YAR,2000,,,,,,,,0.0,,
YAR,2001,,,,,,,,0.0,,
YAR,2002,,,,,,,,0.0,,
YAR,2003,,,,,,,,0.0,,
YAR,2004,,,,,,,,0.0,,
YAR,2005,,,,,,,,0.0,,
YAR,2006,,,,,,,,0.0,,
YAR,2007,,,,,,,,0.0,,
YAR,2008,,,,,,,,0.0,,
YAR,2009,,,,,,,,0.0,,
YAR,2010,,,,,,,,0.0,,
YAR,2011,,,,,,,,0.0,,
YAR,2012,,,,,,,,0.0,,
YAR,2013,,,,,,,,0.0,,
YAR,2014,,,,,,,,0.0,,
YAR,2015,,,,,,,,0.0,,
YAR,2016,,,,,,,-0.5045,1.0,,
YAR,2017,,,,,,,-0.5045,1.0,,
YAR,2018,,,,,,,-0.5045,1.0,,
YAR,2019,,,,,,,-0.5045,1.0,,
YAR,2020,,,,,,,-0.5045,1.0,,
YAR,2021,,,,,,,-0.5045,1.0,,
YAR,2022,,,,,,,-0.5045,1.0,,
YAR,2023,,,,,,,-0.5045,1.0,,
YEM,1960,,,,,,,,0.0,,
YEM,1961,,,,,,,,0.0,,
YEM,1962,,,,,,,,0.0,,
YEM,1963,,,,,,,,0.0,,
YEM,1964,,,,,,,,0.0,,
YEM,1965,,,,,,,,0.0,,
YEM,1966,,,,,,,,0.0,,
YEM,1967,,,,,,,,0.0,,
YEM,1968,,,,,,,,0.0,,
YEM,1969,,,,,,,,0.0,,
YEM,1970,,,,,,,,0.0,,
YEM,1971,,,,,,,,0.0,,
YEM,1972,,,,,,,,0.0,,
YEM,1973,,,,,,,,0.0,,
YEM,1974,,,,,,,,0.0,,
YEM,1975,,,,,,,,0.0,,
YEM,1976,,,,,,,,0.0,,
YEM,1977,,,,,,,,0.0,,
YEM,1978,,,,,,,,0.0,,
YEM,1979,,,,,,,,0.0,,
YEM,1980,,,,,,,,0.0,,
YEM,1981,,,,,,,,0.0,,
YEM,1982,,,,,,,,0.0,,
YEM,1983,,,,,,,,0.0,,
YEM,1984,,,,,,,,0.0,,
YEM,1985,,,,,,,,0.0,,
YEM,1986,,,,,,,,0.0,,
YEM,1987,,,,,,,,0.0,,
YEM,1988,,,,,,,,0.0,,
YEM,1989,,,,,,,,0.0,,
YEM,1990,,,,,,,-0.5392,0.0,0.3231214,1.0442493141418923
YEM,1991,,,,,,,-0.583,0.0,0.40334463,1.0555354570716111
YEM,1992,,,,,,,-0.7852,0.0,0.48356786,1.0669435795137943
YEM,1993,,,,,,,-0.8074,0.0,0.5637911,1.0784750012560602
YEM,1994,,,,,,,-0.516,0.0,0.64401436,1.0901310563970192
YEM,1995,,,,,,,-0.7037,0.0,0.7242376,1.1019130861191389
YEM,1996,,,,,,,-0.6245,0.0,0.84680086,1.1201597569177448
YEM,1997,,,,,,,-0.5915,0.0,0.96936417,1.1387085834909803
YEM,1998,,,,,,,-0.7641,0.0,1.0919274,1.1575645493494415
YEM,1999,,,,,,,-0.8733,0.0,1.2144908,1.1767327794498708
YEM,2000,,,,,,,-0.8296,0.0,1.337054,1.196218386179905
YEM,2001,,,,,,,-0.8347,0.0,1.48413,1.220027525041397
YEM,2002,,,,,,,-0.7014,0.0,1.6312059,1.2443105365288367
YEM,2003,,,,,,,-0.6614,0.0,1.7782818,1.2690768687896166
YEM,2004,0.0,,4.0,3.0,3.0,3.3333333333333335,-0.5597,0.0,1.9253578,1.2943361590195657
YEM,2005,0.0,,4.0,3.0,3.0,3.3333333333333335,-0.5401,0.0,2.0724337,1.320098184197657
YEM,2006,0.0,0.0,4.0,3.0,3.0,3.3333333333333335,-0.5663,0.0,2.237337,1.349593124818223
YEM,2007,0.0,0.0,4.0,3.0,3.0,3.3333333333333335,-0.5295,0.0,2.4022405,1.3797471075814025
YEM,2008,2.0,0.4,4.0,3.0,3.0,3.3333333333333335,-0.5161,0.0,2.5671437,1.4105747646030982
YEM,2009,2.0,0.8,4.0,3.0,3.0,3.3333333333333335,-0.5542,0.0,2.732047,1.442091222561204
YEM,2010,0.0,0.8,3.0,2.0,3.0,2.6666666666666665,-0.6033,0.0,2.8969505,1.4743118919380578
YEM,2011,0.0,0.8,3.0,2.0,3.0,2.6666666666666665,-0.7545,0.0,3.1197927,1.5189999972450872
YEM,2012,0.0,0.8,4.0,3.0,3.0,3.3333333333333335,-0.7074,0.0,3.3426352,1.5650427138272252
YEM,2013,0.0,0.4,4.0,3.0,3.0,3.3333333333333335,-0.787,0.0,3.5654774,1.6124809756956633
YEM,2014,0.0,0.0,4.0,2.0,1.0,2.3333333333333335,-0.8452,0.0,3.7883198,1.6613571908875218
YEM,2015,0.0,0.0,4.0,2.0,1.0,2.3333333333333335,-1.442,0.0,4.0111623,1.7110845210217351
YEM,2016,0.0,0.0,1.0,1.0,1.0,1.0,-1.442,1.0,4.1760654,1.7398216455235196
YEM,2017,0.0,0.0,1.0,1.0,1.0,1.0,-1.442,1.0,4.3409686,1.7690414188290167
YEM,2018,0.0,0.0,1.0,1.0,1.0,1.0,-1.442,1.0,4.5058722,1.7987520019748955
YEM,2019,0.0,0.0,1.0,1.0,1.0,1.0,-1.442,1.0,4.6707754,1.8289614926234041
YEM,2020,,,1.0,1.0,1.0,1.0,-1.442,1.0,4.8356786,1.8596783424432939
YEM,2021,,,1.0,1.0,1.0,1.0,-1.442,1.0,5.051836,1.9007250829912985
YEM,2022,,,1.0,1.0,2.0,1.3333333333333333,-1.442,1.0,5.267993,1.9426777269505722
YEM,2023,,,1.0,1.0,2.0,1.3333333333333333,-1.442,1.0,5.48415,1.9855563461342078
YEM,2024,,,1.0,1.0,1.0,1.0,,,,
YEM,2025,,,1.0,1.0,1.0,1.0,,,,
YGS,1960,,,,,,,,0.0,,
YGS,1961,,,,,,,,0.0,,
YGS,1962,,,,,,,,0.0,,
YGS,1963,,,,,,,,0.0,,
YGS,1964,,,,,,,,0.0,,
YGS,1965,,,,,,,,0.0,,
YGS,1966,,,,,,,,0.0,,
YGS,1967,,,,,,,,0.0,,
YGS,1968,,,,,,,,0.0,,
YGS,1969,,,,,,,,0.0,,
YGS,1970,,,,,,,,0.0,,
YGS,1971,,,,,,,,0.0,,
YGS,1972,,,,,,,,0.0,,
YGS,1973,,,,,,,,0.0,,
YGS,1974,,,,,,,,0.0,,
YGS,1975,,,,,,,,0.0,,
YGS,1976,,,,,,,,0.0,,
YGS,1977,,,,,,,,0.0,,
YGS,1978,,,,,,,,0.0,,
YGS,1979,,,,,,,,0.0,,
YGS,1980,,,,,,,,0.0,,
YGS,1981,,,,,,,,0.0,,
YGS,1982,,,,,,,,0.0,,
YGS,1983,,,,,,,,0.0,,
YGS,1984,,,,,,,,0.0,,
YGS,1985,,,,,,,,0.0,,
YGS,1986,,,,,,,,0.0,,
YGS,1987,,,,,,,,0.0,,
YGS,1988,,,,,,,,0.0,,
YGS,1989,,,,,,,,0.0,,
YGS,1990,,,,,,,,0.0,,
YGS,1991,,,,,,,0.03797,0.0,,
YGS,1992,,,,,,,-0.1861,0.0,,
YGS,1993,,,,,,,-0.2941,0.0,,
YGS,1994,,,,,,,0.2822,0.0,,
YGS,1995,,,,,,,0.6173,0.0,,
YGS,1996,,,,,,,0.6024,0.0,,
YGS,1997,,,,,,,0.612,0.0,,
YGS,1998,,,,,,,0.5988,0.0,,
YGS,1999,,,,,,,0.3053,0.0,,
YGS,2000,,,,,,,0.2359,0.0,,
YGS,2001,,,,,,,0.315,0.0,,
YGS,2002,,,,,,,0.2933,0.0,,
YGS,2003,,,,,,,0.3213,0.0,,
YGS,2004,,,,,,,0.3718,0.0,,
YGS,2005,,,,,,,0.3625,0.0,,
YGS,2006,,,,,,,0.5224,0.0,,
YGS,2007,,,,,,,,0.0,,
YGS,2008,,,,,,,,0.0,,
YGS,2009,,,,,,,,0.0,,
YGS,2010,,,,,,,,0.0,,
YGS,2011,,,,,,,,0.0,,
YGS,2012,,,,,,,,0.0,,
YGS,2013,,,,,,,,0.0,,
YGS,2014,,,,,,,,0.0,,
YGS,2015,,,,,,,,0.0,,
YGS,2016,,,,,,,0.5224,1.0,,
YGS,2017,,,,,,,0.5224,1.0,,
YGS,2018,,,,,,,0.5224,1.0,,
YGS,2019,,,,,,,0.5224,1.0,,
YGS,2020,,,,,,,0.5224,1.0,,
YGS,2021,,,,,,,0.5224,1.0,,
YGS,2022,,,,,,,0.5224,1.0,,
YGS,2023,,,,,,,0.5224,1.0,,
YPR,1960,,,,,,,,0.0,,
YPR,1961,,,,,,,,0.0,,
YPR,1962,,,,,,,,0.0,,
YPR,1963,,,,,,,,0.0,,
YPR,1964,,,,,,,,0.0,,
YPR,1965,,,,,,,,0.0,,
YPR,1966,,,,,,,,0.0,,
YPR,1967,,,,,,,-0.4316,0.0,,
YPR,1968,,,,,,,0.07727,0.0,,
YPR,1969,,,,,,,0.1128,0.0,,
YPR,1970,,,,,,,0.162,0.0,,
YPR,1971,,,,,,,0.1849,0.0,,
YPR,1972,,,,,,,0.2469,0.0,,
YPR,1973,,,,,,,0.2605,0.0,,
YPR,1974,,,,,,,0.3265,0.0,,
YPR,1975,,,,,,,0.3689,0.0,,
YPR,1976,,,,,,,0.4137,0.0,,
YPR,1977,,,,,,,0.4499,0.0,,
YPR,1978,,,,,,,0.5198,0.0,,
YPR,1979,,,,,,,0.5573,0.0,,
YPR,1980,,,,,,,0.6104,0.0,,
YPR,1981,,,,,,,0.6322,0.0,,
YPR,1982,,,,,,,0.638,0.0,,
YPR,1983,,,,,,,0.6329,0.0,,
YPR,1984,,,,,,,0.6268,0.0,,
YPR,1985,,,,,,,0.5869,0.0,,
YPR,1986,,,,,,,0.61,0.0,,
YPR,1987,,,,,,,0.5946,0.0,,
YPR,1988,,,,,,,0.6275,0.0,,
YPR,1989,,,,,,,0.6186,0.0,,
YPR,1990,,,,,,,0.254,0.0,,
YPR,1991,,,,,,,,0.0,,
YPR,1992,,,,,,,,0.0,,
YPR,1993,,,,,,,,0.0,,
YPR,1994,,,,,,,,0.0,,
YPR,1995,,,,,,,,0.0,,
YPR,1996,,,,,,,,0.0,,
YPR,1997,,,,,,,,0.0,,
YPR,1998,,,,,,,,0.0,,
YPR,1999,,,,,,,,0.0,,
YPR,2000,,,,,,,,0.0,,
YPR,2001,,,,,,,,0.0,,
YPR,2002,,,,,,,,0.0,,
YPR,2003,,,,,,,,0.0,,
YPR,2004,,,,,,,,0.0,,
YPR,2005,,,,,,,,0.0,,
YPR,2006,,,,,,,,0.0,,
YPR,2007,,,,,,,,0.0,,
YPR,2008,,,,,,,,0.0,,
YPR,2009,,,,,,,,0.0,,
YPR,2010,,,,,,,,0.0,,
YPR,2011,,,,,,,,0.0,,
YPR,2012,,,,,,,,0.0,,
YPR,2013,,,,,,,,0.0,,
YPR,2014,,,,,,,,0.0,,
YPR,2015,,,,,,,,0.0,,
YPR,2016,,,,,,,0.254,1.0,,
YPR,2017,,,,,,,0.254,1.0,,
YPR,2018,,,,,,,0.254,1.0,,
YPR,2019,,,,,,,0.254,1.0,,
YPR,2020,,,,,,,0.254,1.0,,
YPR,2021,,,,,,,0.254,1.0,,
YPR,2022,,,,,,,0.254,1.0,,
YPR,2023,,,,,,,0.254,1.0,,
YUG,1960,,,,,,,0.9214,0.0,,
YUG,1961,,,,,,,0.9009,0.0,,
YUG,1962,,,,,,,0.7916,0.0,,
YUG,1963,,,,,,,0.8064,0.0,,
YUG,1964,,,,,,,0.8158,0.0,,
YUG,1965,,,,,,,0.8355,0.0,,
YUG,1966,,,,,,,0.7927,0.0,,
YUG,1967,,,,,,,0.8678,0.0,,
YUG,1968,,,,,,,0.8667,0.0,,
YUG,1969,,,,,,,0.8703,0.0,,
YUG,1970,,,,,,,0.6374,0.0,,
YUG,1971,,,,,,,0.4103,0.0,,
YUG,1972,,,,,,,0.3066,0.0,,
YUG,1973,,,,,,,0.255,0.0,,
YUG,1974,,,,,,,0.2597,0.0,,
YUG,1975,,,,,,,0.3122,0.0,,
YUG,1976,,,,,,,0.3306,0.0,,
YUG,1977,,,,,,,0.4021,0.0,,
YUG,1978,,,,,,,0.4564,0.0,,
YUG,1979,,,,,,,0.509,0.0,,
YUG,1980,,,,,,,0.5765,0.0,,
YUG,1981,,,,,,,0.7175,0.0,,
YUG,1982,,,,,,,0.7776,0.0,,
YUG,1983,,,,,,,0.7138,0.0,,
YUG,1984,,,,,,,0.4919,0.0,,
YUG,1985,,,,,,,0.4043,0.0,,
YUG,1986,,,,,,,0.6803,0.0,,
YUG,1987,,,,,,,0.3818,0.0,,
YUG,1988,,,,,,,0.3868,0.0,,
YUG,1989,,,,,,,0.4171,0.0,,
YUG,1990,,,,,,,0.3719,0.0,,
YUG,1991,,,,,,,0.3469,0.0,,
YUG,1992,,,,,,,,0.0,,
YUG,1993,,,,,,,,0.0,,
YUG,1994,,,,,,,,0.0,,
YUG,1995,,,,,,,,0.0,,
YUG,1996,,,,,,,,0.0,,
YUG,1997,,,,,,,,0.0,,
YUG,1998,,,,,,,,0.0,,
YUG,1999,,,,,,,,0.0,,
YUG,2000,,,,,,,,0.0,,
YUG,2001,,,,,,,,0.0,,
YUG,2002,,,,,,,,0.0,,
YUG,2003,,,,,,,,0.0,,
YUG,2004,,,,,,,,0.0,,
YUG,2005,,,,,,,,0.0,,
YUG,2006,,,,,,,,0.0,,
YUG,2007,,,,,,,,0.0,,
YUG,2008,,,,,,,,0.0,,
YUG,2009,,,,,,,,0.0,,
YUG,2010,,,,,,,,0.0,,
YUG,2011,,,,,,,,0.0,,
YUG,2012,,,,,,,,0.0,,
YUG,2013,,,,,,,,0.0,,
YUG,2014,,,,,,,,0.0,,
YUG,2015,,,,,,,,0.0,,
YUG,2016,,,,,,,0.3469,1.0,,
YUG,2017,,,,,,,0.3469,1.0,,
YUG,2018,,,,,,,0.3469,1.0,,
YUG,2019,,,,,,,0.3469,1.0,,
YUG,2020,,,,,,,0.3469,1.0,,
YUG,2021,,,,,,,0.3469,1.0,,
YUG,2022,,,,,,,0.3469,1.0,,
YUG,2023,,,,,,,0.3469,1.0,,
ZAF,1960,,,,,,,-0.2515,0.0,,
ZAF,1961,,,,,,,-0.1919,0.0,,
ZAF,1962,,,,,,,-0.1717,0.0,,
ZAF,1963,,,,,,,-0.3509,0.0,,
ZAF,1964,,,,,,,-0.2822,0.0,,
ZAF,1965,,,,,,,-0.2673,0.0,,
ZAF,1966,,,,,,,-0.2903,0.0,,
ZAF,1967,,,,,,,-0.253,0.0,,
ZAF,1968,,,,,,,-0.2177,0.0,,
ZAF,1969,,,,,,,-0.2417,0.0,,
ZAF,1970,,,,,,,-0.2103,0.0,,
ZAF,1971,,,,,,,-0.1885,0.0,,
ZAF,1972,,,,,,,0.2211,0.0,,
ZAF,1973,,,,,,,0.2839,0.0,,
ZAF,1974,,,,,,,0.3499,0.0,,
ZAF,1975,,,,,,,0.3745,0.0,,
ZAF,1976,,,,,,,0.4025,0.0,,
ZAF,1977,,,,,,,0.4098,0.0,,
ZAF,1978,,,,,,,0.4416,0.0,,
ZAF,1979,,,,,,,0.4719,0.0,,
ZAF,1980,,,,,,,0.6158,0.0,,
ZAF,1981,,,,,,,0.6125,0.0,,
ZAF,1982,,,,,,,0.6349,0.0,,
ZAF,1983,,,,,,,0.6893,0.0,,
ZAF,1984,,,,,,,0.7817,0.0,,
ZAF,1985,,,,,,,0.7087,0.0,,
ZAF,1986,,,,,,,0.647,0.0,,
ZAF,1987,,,,,,,0.6767,0.0,,
ZAF,1988,,,,,,,0.6796,0.0,,
ZAF,1989,,,,,,,0.6724,0.0,,
ZAF,1990,,,,,,,0.663,0.0,6.6996365,2.2449051851137347
ZAF,1991,,,,,,,0.6081,0.0,7.056813,2.327368227269289
ZAF,1992,,,,,,,0.7092,0.0,7.4139895,2.4128604188814182
ZAF,1993,,,,,,,0.7871,0.0,7.771166,2.501493030965482
ZAF,1994,,,,,,,1.367,0.0,8.128342,2.5824208062391816
ZAF,1995,,,,,,,1.499,0.0,8.485518,2.6459104563961087
ZAF,1996,,,,,,,1.492,0.0,8.281122,2.609389526282107
ZAF,1997,,,,,,,1.382,0.0,8.076727,2.5733728616617895
ZAF,1998,,,,,,,1.227,0.0,7.872331,2.527183473415136
ZAF,1999,,,,,,,1.118,0.0,7.6679354,2.4755472319525036
ZAF,2000,,,,,,,1.049,0.0,7.4635396,2.424965990124084
ZAF,2001,,,,,,,1.039,0.0,7.67,2.4760634982740712
ZAF,2002,,,,,,,0.9802,0.0,8.52,2.652121802994813
ZAF,2003,,,,,,,0.9299,0.0,8.76,2.6957595462605974
ZAF,2004,0.0,,8.0,7.0,8.0,7.666666666666667,1.13,0.0,8.82,2.706780713101137
ZAF,2005,0.0,,8.0,7.0,8.0,7.666666666666667,1.142,0.0,8.9,2.721545724599213
ZAF,2006,0.0,0.0,8.0,7.0,7.0,7.333333333333333,1.187,0.0,8.95,2.730814728440241
ZAF,2007,4.0,1.0,8.0,7.0,7.0,7.333333333333333,1.204,0.0,9.08,2.755062146324489
ZAF,2008,3.0,1.4,6.0,6.0,7.0,6.333333333333333,1.156,0.0,9.22,2.7814155812729573
ZAF,2009,0.0,1.4,6.0,6.0,7.0,6.333333333333333,1.006,0.0,9.6,2.8542239934075364
ZAF,2010,1.0,1.6,6.0,7.0,7.0,6.666666666666667,1.009,0.0,9.67,2.8678424859148035
ZAF,2011,2.0,2.0,6.0,7.0,7.0,6.666666666666667,0.9726,0.0,9.69,2.8717454050791096
ZAF,2012,2.0,1.6,7.0,7.0,6.0,6.666666666666667,0.8882,0.0,9.93,2.918996812827437
ZAF,2013,1.0,1.2,7.0,7.0,6.0,6.666666666666667,0.9053,0.0,10.04,2.9409127724927377
ZAF,2014,0.0,1.2,7.0,7.0,7.0,7.0,0.8267,0.0,10.15,2.962993278171223
ZAF,2015,1.0,1.2,7.0,7.0,7.0,7.0,0.8833,0.0,10.23,2.979155884033298
ZAF,2016,0.0,0.8,7.0,6.0,7.0,6.666666666666667,0.8833,1.0,10.184999,2.9700533986606446
ZAF,2017,1.0,0.6,7.0,6.0,7.0,6.666666666666667,0.8833,1.0,10.14,2.960979127630862
ZAF,2018,2.0,0.8,6.0,6.0,7.0,6.333333333333333,0.8833,1.0,10.755,3.0874329959437925
ZAF,2019,3.0,1.4,6.0,6.0,7.0,6.333333333333333,0.8833,1.0,11.37,3.2192873011129244
ZAF,2020,,,7.0,6.0,6.0,6.333333333333333,0.8833,1.0,10.55466,3.0456577265870908
ZAF,2021,,,7.0,6.0,6.0,6.333333333333333,0.8833,1.0,11.61,3.2722571279836705
ZAF,2022,,,6.0,5.0,5.0,5.333333333333333,0.8833,1.0,11.61,3.2722571279836705
ZAF,2023,,,6.0,5.0,5.0,5.333333333333333,0.8833,1.0,11.61,3.2722571279836705
ZAF,2024,,,5.0,6.0,6.0,5.666666666666667,,,,
ZAF,2025,,,5.0,6.0,6.0,5.666666666666667,,,,
ZAR,2004,0.0,,,,,,,,,
ZAR,2005,0.0,,,,,,,,,
ZAR,2006,0.0,0.0,,,,,,,,
ZAR,2007,1.0,0.25,,,,,,,,
ZAR,2008,0.0,0.2,,,,,,,,
ZAR,2009,0.0,0.2,,,,,,,,
ZAR,2010,2.0,0.6,,,,,,,,
ZAR,2011,0.0,0.6,,,,,,,,
ZAR,2012,0.0,0.4,,,,,,,,
ZAR,2013,2.0,0.8,,,,,,,,
ZAR,2014,4.0,1.6,,,,,,,,
ZAR,2015,2.0,1.6,,,,,,,,
ZAR,2016,1.0,1.8,,,,,,,,
ZAR,2017,3.0,2.4,,,,,,,,
ZAR,2018,1.0,2.2,,,,,,,,
ZAR,2019,1.0,1.6,,,,,,,,
ZMB,1960,,,,,,,,0.0,,
ZMB,1961,,,,,,,,0.0,,
ZMB,1962,,,,,,,,0.0,,
ZMB,1963,,,,,,,,0.0,,
ZMB,1964,,,,,,,0.1727,0.0,,
ZMB,1965,,,,,,,0.3,0.0,,
ZMB,1966,,,,,,,0.3159,0.0,,
ZMB,1967,,,,,,,0.3331,0.0,,
ZMB,1968,,,,,,,0.3727,0.0,,
ZMB,1969,,,,,,,0.3202,0.0,,
ZMB,1970,,,,,,,0.292,0.0,,
ZMB,1971,,,,,,,0.3136,0.0,,
ZMB,1972,,,,,,,0.4188,0.0,,
ZMB,1973,,,,,,,0.7789,0.0,,
ZMB,1974,,,,,,,0.9807,0.0,,
ZMB,1975,,,,,,,0.7007,0.0,,
ZMB,1976,,,,,,,0.6043,0.0,,
ZMB,1977,,,,,,,0.6826,0.0,,
ZMB,1978,,,,,,,0.6367,0.0,,
ZMB,1979,,,,,,,0.6275,0.0,,
ZMB,1980,,,,,,,0.6989,0.0,,
ZMB,1981,,,,,,,0.7301,0.0,,
ZMB,1982,,,,,,,0.6393,0.0,,
ZMB,1983,,,,,,,0.6969,0.0,,
ZMB,1984,,,,,,,0.2435,0.0,,
ZMB,1985,,,,,,,0.2161,0.0,,
ZMB,1986,,,,,,,0.1517,0.0,,
ZMB,1987,,,,,,,0.1231,0.0,,
ZMB,1988,,,,,,,0.2047,0.0,,
ZMB,1989,,,,,,,0.2592,0.0,,
ZMB,1990,,,,,,,0.2937,0.0,4.48,1.7940578329680892
ZMB,1991,,,,,,,0.1673,0.0,4.5710483,1.8106318600338949
ZMB,1992,,,,,,,0.6275,0.0,4.6620965,1.8273589843167548
ZMB,1993,,,,,,,0.3258,0.0,4.7531447,1.844240638459025
ZMB,1994,,,,,,,0.3867,0.0,4.844193,1.861278268849741
ZMB,1995,,,,,,,0.4251,0.0,4.935241,1.878473240898194
ZMB,1996,,,,,,,0.6594,0.0,5.0262895,1.8958271603034818
ZMB,1997,,,,,,,0.595,0.0,5.117337,1.9133412073602964
ZMB,1998,,,,,,,0.5799,0.0,5.2083855,1.9310172478725747
ZMB,1999,,,,,,,0.5247,0.0,5.2994337,1.9488565260883608
ZMB,2000,,,,,,,0.5464,0.0,5.390482,1.9668606284183974
ZMB,2001,,,,,,,0.5318,0.0,5.48153,1.9850309977258074
ZMB,2002,,,,,,,0.5893,0.0,5.5725784,2.003369310560105
ZMB,2003,,,,,,,0.599,0.0,5.6636267,2.0218770178178445
ZMB,2004,0.0,,5.0,6.0,6.0,5.666666666666667,0.5196,0.0,5.754675,2.0405557046479137
ZMB,2005,0.0,,5.0,6.0,6.0,5.666666666666667,0.3436,0.0,5.845723,2.0594068882092063
ZMB,2006,0.0,0.0,5.0,6.0,5.0,5.333333333333333,0.3441,0.0,5.9367714,2.0784323078688263
ZMB,2007,0.0,0.0,5.0,6.0,5.0,5.333333333333333,0.3633,0.0,6.0278196,2.0976334476999696
ZMB,2008,0.0,0.0,6.0,6.0,5.0,5.666666666666667,0.3628,0.0,6.118868,2.1170120158027745
ZMB,2009,0.0,0.0,6.0,6.0,5.0,5.666666666666667,0.3515,0.0,6.209916,2.136569522623323
ZMB,2010,2.0,0.4,5.0,6.0,5.0,5.333333333333333,0.3286,0.0,6.3009644,2.1563077938860795
ZMB,2011,1.0,0.6,5.0,6.0,5.0,5.333333333333333,0.3296,0.0,6.3920126,2.176228369270055
ZMB,2012,1.0,0.8,5.0,7.0,5.0,5.666666666666667,0.375,0.0,6.4830604,2.1963328877773507
ZMB,2013,2.0,1.2,5.0,7.0,5.0,5.666666666666667,0.3232,0.0,6.5741086,2.216623226189764
ZMB,2014,2.0,1.6,5.0,6.0,4.0,5.0,0.3569,0.0,6.665157,2.237101057621217
ZMB,2015,2.0,1.6,5.0,6.0,4.0,5.0,0.3532,0.0,6.756205,2.257767978198941
ZMB,2016,0.0,1.4,6.0,6.0,4.0,5.333333333333333,0.3532,1.0,6.8472533,2.278625894198823
ZMB,2017,4.0,2.0,6.0,6.0,4.0,5.333333333333333,0.3532,1.0,6.9383016,2.299676501681647
ZMB,2018,1.0,1.8,5.0,6.0,4.0,5.0,0.3532,1.0,7.02935,2.3209216042285776
ZMB,2019,3.0,2.0,5.0,6.0,4.0,5.0,0.3532,1.0,7.1571217,2.351067056512294
ZMB,2020,,,4.0,5.0,4.0,4.333333333333333,0.3532,1.0,7.284893,2.3816039588906968
ZMB,2021,,,4.0,5.0,4.0,4.333333333333333,0.3532,1.0,7.3974085,2.408823028995922
ZMB,2022,,,5.0,6.0,5.0,5.333333333333333,0.3532,1.0,7.3974085,2.408823028995922
ZMB,2023,,,5.0,6.0,5.0,5.333333333333333,0.3532,1.0,7.3974085,2.408823028995922
ZMB,2024,,,5.0,6.0,5.0,5.333333333333333,,,,
ZMB,2025,,,5.0,6.0,5.0,5.333333333333333,,,,
ZWE,1960,,,,,,,,0.0,,
ZWE,1961,,,,,,,,0.0,,
ZWE,1962,,,,,,,,0.0,,
ZWE,1963,,,,,,,,0.0,,
ZWE,1964,,,,,,,,0.0,,
ZWE,1965,,,,,,,,0.0,,
ZWE,1966,,,,,,,,0.0,,
ZWE,1967,,,,,,,,0.0,,
ZWE,1968,,,,,,,,0.0,,
ZWE,1969,,,,,,,,0.0,,
ZWE,1970,,,,,,,-1.021,0.0,,
ZWE,1971,,,,,,,-1.022,0.0,,
ZWE,1972,,,,,,,-1.045,0.0,,
ZWE,1973,,,,,,,-1.084,0.0,,
ZWE,1974,,,,,,,-1.053,0.0,,
ZWE,1975,,,,,,,-1.051,0.0,,
ZWE,1976,,,,,,,-0.4675,0.0,,
ZWE,1977,,,,,,,-0.4881,0.0,,
ZWE,1978,,,,,,,-0.4815,0.0,,
ZWE,1979,,,,,,,-0.4565,0.0,,
ZWE,1980,,,,,,,0.669,0.0,,
ZWE,1981,,,,,,,0.7176,0.0,,
ZWE,1982,,,,,,,0.7409,0.0,,
ZWE,1983,,,,,,,0.6879,0.0,,
ZWE,1984,,,,,,,0.4141,0.0,,
ZWE,1985,,,,,,,0.4438,0.0,,
ZWE,1986,,,,,,,0.4563,0.0,,
ZWE,1987,,,,,,,0.5303,0.0,,
ZWE,1988,,,,,,,0.6466,0.0,,
ZWE,1989,,,,,,,0.6317,0.0,,
ZWE,1990,,,,,,,0.5989,0.0,5.0267124,1.8959081383087875
ZWE,1991,,,,,,,0.5877,0.0,5.1712775,1.9237935182739752
ZWE,1992,,,,,,,0.7462,0.0,5.32,1.9529088909751808
ZWE,1993,,,,,,,0.8478,0.0,5.473,1.9833215704375156
ZWE,1994,,,,,,,0.8398,0.0,5.626,2.014207867013456
ZWE,1995,,,,,,,0.8562,0.0,5.7790003,2.045575218330347
ZWE,1996,,,,,,,0.8321,0.0,5.932,2.077430928952874
ZWE,1997,,,,,,,0.8936,0.0,6.085,2.1097827919810745
ZWE,1998,,,,,,,1.095,0.0,6.238,2.142638471057649
ZWE,1999,,,,,,,0.9057,0.0,6.391,2.1760058121174795
ZWE,2000,,,,,,,0.7135,0.0,6.544,2.2098927832803072
ZWE,2001,,,,,,,0.3261,0.0,6.697,2.2443074767535243
ZWE,2002,,,,,,,0.2442,0.0,6.85,2.279258110764588
ZWE,2003,,,,,,,0.2828,0.0,6.952,2.3028603944403696
ZWE,2004,0.0,,2.0,1.0,2.0,1.6666666666666667,0.277,0.0,7.054,2.3267070856240504
ZWE,2005,0.0,,2.0,1.0,2.0,1.6666666666666667,0.02808,0.0,7.156,2.350800715216062
ZWE,2006,0.0,0.0,1.0,1.0,2.0,1.3333333333333333,-0.1963,0.0,7.258,2.3751438403249363
ZWE,2007,1.0,0.25,1.0,1.0,2.0,1.3333333333333333,-0.1733,0.0,7.3599997,2.3997389718266087
ZWE,2008,0.0,0.2,1.0,1.0,2.0,1.3333333333333333,-0.4866,0.0,7.462,2.424588938199077
ZWE,2009,0.0,0.2,1.0,1.0,2.0,1.3333333333333333,-0.2404,0.0,7.5639997,2.4496960844527327
ZWE,2010,1.0,0.4,2.0,3.0,2.0,2.3333333333333335,-0.1221,0.0,7.666,2.4750633706601493
ZWE,2011,0.0,0.4,2.0,3.0,2.0,2.3333333333333335,0.03609,0.0,7.7679996,2.5006931653925055
ZWE,2012,1.0,0.4,4.0,3.0,3.0,3.3333333333333335,0.08874,0.0,7.87,2.5265885661153646
ZWE,2013,0.0,0.4,4.0,3.0,3.0,3.3333333333333335,0.05633,0.0,7.99,2.557397142375801
ZWE,2014,0.0,0.4,3.0,2.0,2.0,2.3333333333333335,0.2654,0.0,8.11,2.579201874227501
ZWE,2015,2.0,0.6,3.0,2.0,2.0,2.3333333333333335,0.2965,0.0,8.38905,2.628610553677301
ZWE,2016,1.0,0.8,3.0,2.0,2.0,2.3333333333333335,0.2965,1.0,8.424524,2.6349590260861597
ZWE,2017,3.0,1.2,3.0,2.0,2.0,2.3333333333333335,0.2965,1.0,8.46,2.641323190188551
ZWE,2018,2.0,1.6,4.0,3.0,3.0,3.3333333333333335,0.2965,1.0,8.57373,2.66182942457738
ZWE,2019,3.0,2.2,4.0,3.0,3.0,3.3333333333333335,0.2965,1.0,8.68746,2.6824948616152344
ZWE,2020,,,3.0,3.0,3.0,3.0,0.2965,1.0,8.808313,2.7046304456990695
ZWE,2021,,,3.0,3.0,3.0,3.0,0.2965,1.0,8.930847,2.727260419490177
ZWE,2022,,,3.0,3.0,3.0,3.0,0.2965,1.0,8.930847,2.727260419490177
ZWE,2023,,,3.0,3.0,3.0,3.0,0.2965,1.0,8.930847,2.727260419490177
ZWE,2024,,,3.0,3.0,3.0,3.0,,,,
ZWE,2025,,,3.0,3.0,3.0,3.0,,,,
