a,b,number,start,end
AFG,IND,1,2003,9999
DZA,EGY,2,1963,9999
DZA,GHA,2,1963,9999
DZA,GIN,2,1963,9999
DZA,MLI,2,1963,9999
DZA,MAR,2,1963,9999
EGY,GHA,2,1963,9999
EGY,GIN,2,1963,9999
EGY,MLI,2,1963,9999
EGY,MAR,2,1963,9999
GHA,GIN,2,1963,9999
GHA,MLI,2,1963,9999
GHA,MAR,2,1963,9999
GIN,MLI,2,1963,9999
GIN,MAR,2,1963,9999
MLI,MAR,2,1963,9999
DZA,AGO,3,1994,9999
DZA,BEN,3,1994,9999
DZA,BWA,3,1994,9999
DZA,BFA,3,1994,9999
DZA,BDI,3,1994,9999
DZA,CMR,3,1994,9999
DZA,CPV,3,1994,9999
DZA,CAF,3,1994,9999
DZA,TCD,3,1994,9999
DZA,COM,3,1994,9999
DZA,COG,3,1994,9999
DZA,COD,3,1994,9999
DZA,CIV,3,1994,9999
DZA,DJI,3,1994,9999
DZA,EGY,3,1994,9999
DZA,GNQ,3,1994,9999
DZA,SWZ,3,1994,9999
DZA,ETH,3,1994,9999
DZA,GAB,3,1994,9999
DZA,GMB,3,1994,9999
DZA,GHA,3,1994,9999
DZA,GIN,3,1994,9999
DZA,GNB,3,1994,9999
DZA,KEN,3,1994,9999
DZA,LSO,3,1994,9999
DZA,LBR,3,1994,9999
DZA,LBY,3,1994,9999
DZA,MDG,3,1994,9999
DZA,MWI,3,1994,9999
DZA,MLI,3,1994,9999
DZA,MRT,3,1994,9999
DZA,MUS,3,1994,9999
DZA,MOZ,3,1994,9999
DZA,NAM,3,1994,9999
DZA,NER,3,1994,9999
DZA,NGA,3,1994,9999
DZA,RWA,3,1994,9999
DZA,STP,3,1994,9999
DZA,SEN,3,1994,9999
DZA,SYC,3,1994,9999
DZA,SLE,3,1994,9999
DZA,SOM,3,1994,9999
DZA,SDN,3,1994,9999
DZA,TZA,3,1994,9999
DZA,TGO,3,1994,9999
DZA,TUN,3,1994,9999
DZA,UGA,3,1994,9999
DZA,ESH,3,1994,9999
DZA,ZMB,3,1994,9999
DZA,ZWE,3,1994,9999
AGO,BEN,3,1994,9999
AGO,BWA,3,1994,9999
AGO,BFA,3,1994,9999
AGO,BDI,3,1994,9999
AGO,CMR,3,1994,9999
AGO,CPV,3,1994,9999
AGO,CAF,3,1994,9999
AGO,TCD,3,1994,9999
AGO,COM,3,1994,9999
AGO,COG,3,1994,9999
AGO,COD,3,1994,9999
AGO,CIV,3,1994,9999
AGO,DJI,3,1994,9999
AGO,EGY,3,1994,9999
AGO,GNQ,3,1994,9999
AGO,SWZ,3,1994,9999
AGO,ETH,3,1994,9999
AGO,GAB,3,1994,9999
AGO,GMB,3,1994,9999
AGO,GHA,3,1994,9999
AGO,GIN,3,1994,9999
AGO,GNB,3,1994,9999
AGO,KEN,3,1994,9999
AGO,LSO,3,1994,9999
AGO,LBR,3,1994,9999
AGO,LBY,3,1994,9999
AGO,MDG,3,1994,9999
AGO,MWI,3,1994,9999
AGO,MLI,3,1994,9999
AGO,MRT,3,1994,9999
AGO,MUS,3,1994,9999
AGO,MOZ,3,1994,9999
AGO,NAM,3,1994,9999
AGO,NER,3,1994,9999
AGO,NGA,3,1994,9999
AGO,RWA,3,1994,9999
AGO,STP,3,1994,9999
AGO,SEN,3,1994,9999
AGO,SYC,3,1994,9999
AGO,SLE,3,1994,9999
AGO,SOM,3,1994,9999
AGO,SDN,3,1994,9999
AGO,TZA,3,1994,9999
AGO,TGO,3,1994,9999
AGO,TUN,3,1994,9999
AGO,UGA,3,1994,9999
AGO,ESH,3,1994,9999
AGO,ZMB,3,1994,9999
AGO,ZWE,3,1994,9999
BEN,BWA,3,1994,9999
BEN,BFA,3,1994,9999
BEN,BDI,3,1994,9999
BEN,CMR,3,1994,9999
BEN,CPV,3,1994,9999
BEN,CAF,3,1994,9999
BEN,TCD,3,1994,9999
BEN,COM,3,1994,9999
BEN,COG,3,1994,9999
BEN,COD,3,1994,9999
BEN,CIV,3,1994,9999
BEN,DJI,3,1994,9999
BEN,EGY,3,1994,9999
BEN,GNQ,3,1994,9999
BEN,SWZ,3,1994,9999
BEN,ETH,3,1994,9999
BEN,GAB,3,1994,9999
BEN,GMB,3,1994,9999
BEN,GHA,3,1994,9999
BEN,GIN,3,1994,9999
BEN,GNB,3,1994,9999
BEN,KEN,3,1994,9999
BEN,LSO,3,1994,9999
BEN,LBR,3,1994,9999
BEN,LBY,3,1994,9999
BEN,MDG,3,1994,9999
BEN,MWI,3,1994,9999
BEN,MLI,3,1994,9999
BEN,MRT,3,1994,9999
BEN,MUS,3,1994,9999
BEN,MOZ,3,1994,9999
BEN,NAM,3,1994,9999
BEN,NER,3,1994,9999
BEN,NGA,3,1994,9999
BEN,RWA,3,1994,9999
BEN,STP,3,1994,9999
BEN,SEN,3,1994,9999
BEN,SYC,3,1994,9999
BEN,SLE,3,1994,9999
BEN,SOM,3,1994,9999
BEN,SDN,3,1994,9999
BEN,TZA,3,1994,9999
BEN,TGO,3,1994,9999
BEN,TUN,3,1994,9999
BEN,UGA,3,1994,9999
BEN,ESH,3,1994,9999
BEN,ZMB,3,1994,9999
BEN,ZWE,3,1994,9999
BWA,BFA,3,1994,9999
BWA,BDI,3,1994,9999
BWA,CMR,3,1994,9999
BWA,CPV,3,1994,9999
BWA,CAF,3,1994,9999
BWA,TCD,3,1994,9999
BWA,COM,3,1994,9999
BWA,COG,3,1994,9999
BWA,COD,3,1994,9999
BWA,CIV,3,1994,9999
BWA,DJI,3,1994,9999
BWA,EGY,3,1994,9999
BWA,GNQ,3,1994,9999
BWA,SWZ,3,1994,9999
BWA,ETH,3,1994,9999
BWA,GAB,3,1994,9999
BWA,GMB,3,1994,9999
BWA,GHA,3,1994,9999
BWA,GIN,3,1994,9999
BWA,GNB,3,1994,9999
BWA,KEN,3,1994,9999
BWA,LSO,3,1994,9999
BWA,LBR,3,1994,9999
BWA,LBY,3,1994,9999
BWA,MDG,3,1994,9999
BWA,MWI,3,1994,9999
BWA,MLI,3,1994,9999
BWA,MRT,3,1994,9999
BWA,MUS,3,1994,9999
BWA,MOZ,3,1994,9999
BWA,NAM,3,1994,9999
BWA,NER,3,1994,9999
BWA,NGA,3,1994,9999
BWA,RWA,3,1994,9999
BWA,STP,3,1994,9999
BWA,SEN,3,1994,9999
BWA,SYC,3,1994,9999
BWA,SLE,3,1994,9999
BWA,SOM,3,1994,9999
BWA,SDN,3,1994,9999
BWA,TZA,3,1994,9999
BWA,TGO,3,1994,9999
BWA,TUN,3,1994,9999
BWA,UGA,3,1994,9999
BWA,ESH,3,1994,9999
BWA,ZMB,3,1994,9999
BWA,ZWE,3,1994,9999
BFA,BDI,3,1994,9999
BFA,CMR,3,1994,9999
BFA,CPV,3,1994,9999
BFA,CAF,3,1994,9999
BFA,TCD,3,1994,9999
BFA,COM,3,1994,9999
BFA,COG,3,1994,9999
BFA,COD,3,1994,9999
BFA,CIV,3,1994,9999
BFA,DJI,3,1994,9999
BFA,EGY,3,1994,9999
BFA,GNQ,3,1994,9999
BFA,SWZ,3,1994,9999
BFA,ETH,3,1994,9999
BFA,GAB,3,1994,9999
BFA,GMB,3,1994,9999
BFA,GHA,3,1994,9999
BFA,GIN,3,1994,9999
BFA,GNB,3,1994,9999
BFA,KEN,3,1994,9999
BFA,LSO,3,1994,9999
BFA,LBR,3,1994,9999
BFA,LBY,3,1994,9999
BFA,MDG,3,1994,9999
BFA,MWI,3,1994,9999
BFA,MLI,3,1994,9999
BFA,MRT,3,1994,9999
BFA,MUS,3,1994,9999
BFA,MOZ,3,1994,9999
BFA,NAM,3,1994,9999
BFA,NER,3,1994,9999
BFA,NGA,3,1994,9999
BFA,RWA,3,1994,9999
BFA,STP,3,1994,9999
BFA,SEN,3,1994,9999
BFA,SYC,3,1994,9999
BFA,SLE,3,1994,9999
BFA,SOM,3,1994,9999
BFA,SDN,3,1994,9999
BFA,TZA,3,1994,9999
BFA,TGO,3,1994,9999
BFA,TUN,3,1994,9999
BFA,UGA,3,1994,9999
BFA,ESH,3,1994,9999
BFA,ZMB,3,1994,9999
BFA,ZWE,3,1994,9999
BDI,CMR,3,1994,9999
BDI,CPV,3,1994,9999
BDI,CAF,3,1994,9999
BDI,TCD,3,1994,9999
BDI,COM,3,1994,9999
BDI,COG,3,1994,9999
BDI,COD,3,1994,9999
BDI,CIV,3,1994,9999
BDI,DJI,3,1994,9999
BDI,EGY,3,1994,9999
BDI,GNQ,3,1994,9999
BDI,SWZ,3,1994,9999
BDI,ETH,3,1994,9999
BDI,GAB,3,1994,9999
BDI,GMB,3,1994,9999
BDI,GHA,3,1994,9999
BDI,GIN,3,1994,9999
BDI,GNB,3,1994,9999
BDI,KEN,3,1994,9999
BDI,LSO,3,1994,9999
BDI,LBR,3,1994,9999
BDI,LBY,3,1994,9999
BDI,MDG,3,1994,9999
BDI,MWI,3,1994,9999
BDI,MLI,3,1994,9999
BDI,MRT,3,1994,9999
BDI,MUS,3,1994,9999
BDI,MOZ,3,1994,9999
BDI,NAM,3,1994,9999
BDI,NER,3,1994,9999
BDI,NGA,3,1994,9999
BDI,RWA,3,1994,9999
BDI,STP,3,1994,9999
BDI,SEN,3,1994,9999
BDI,SYC,3,1994,9999
BDI,SLE,3,1994,9999
BDI,SOM,3,1994,9999
BDI,SDN,3,1994,9999
BDI,TZA,3,1994,9999
BDI,TGO,3,1994,9999
BDI,TUN,3,1994,9999
BDI,UGA,3,1994,9999
BDI,ESH,3,1994,9999
BDI,ZMB,3,1994,9999
BDI,ZWE,3,1994,9999
CMR,CPV,3,1994,9999
CMR,CAF,3,1994,9999
CMR,TCD,3,1994,9999
CMR,COM,3,1994,9999
CMR,COG,3,1994,9999
CMR,COD,3,1994,9999
CMR,CIV,3,1994,9999
CMR,DJI,3,1994,9999
CMR,EGY,3,1994,9999
CMR,GNQ,3,1994,9999
CMR,SWZ,3,1994,9999
CMR,ETH,3,1994,9999
CMR,GAB,3,1994,9999
CMR,GMB,3,1994,9999
CMR,GHA,3,1994,9999
CMR,GIN,3,1994,9999
CMR,GNB,3,1994,9999
CMR,KEN,3,1994,9999
CMR,LSO,3,1994,9999
CMR,LBR,3,1994,9999
CMR,LBY,3,1994,9999
CMR,MDG,3,1994,9999
CMR,MWI,3,1994,9999
CMR,MLI,3,1994,9999
CMR,MRT,3,1994,9999
CMR,MUS,3,1994,9999
CMR,MOZ,3,1994,9999
CMR,NAM,3,1994,9999
CMR,NER,3,1994,9999
CMR,NGA,3,1994,9999
CMR,RWA,3,1994,9999
CMR,STP,3,1994,9999
CMR,SEN,3,1994,9999
CMR,SYC,3,1994,9999
CMR,SLE,3,1994,9999
CMR,SOM,3,1994,9999
CMR,SDN,3,1994,9999
CMR,TZA,3,1994,9999
CMR,TGO,3,1994,9999
CMR,TUN,3,1994,9999
CMR,UGA,3,1994,9999
CMR,ESH,3,1994,9999
CMR,ZMB,3,1994,9999
CMR,ZWE,3,1994,9999
CPV,CAF,3,1994,9999
CPV,TCD,3,1994,9999
CPV,COM,3,1994,9999
CPV,COG,3,1994,9999
CPV,COD,3,1994,9999
CPV,CIV,3,1994,9999
CPV,DJI,3,1994,9999
CPV,EGY,3,1994,9999
CPV,GNQ,3,1994,9999
CPV,SWZ,3,1994,9999
CPV,ETH,3,1994,9999
CPV,GAB,3,1994,9999
CPV,GMB,3,1994,9999
CPV,GHA,3,1994,9999
CPV,GIN,3,1994,9999
CPV,GNB,3,1994,9999
CPV,KEN,3,1994,9999
CPV,LSO,3,1994,9999
CPV,LBR,3,1994,9999
CPV,LBY,3,1994,9999
CPV,MDG,3,1994,9999
CPV,MWI,3,1994,9999
CPV,MLI,3,1994,9999
CPV,MRT,3,1994,9999
CPV,MUS,3,1994,9999
CPV,MOZ,3,1994,9999
CPV,NAM,3,1994,9999
CPV,NER,3,1994,9999
CPV,NGA,3,1994,9999
CPV,RWA,3,1994,9999
CPV,STP,3,1994,9999
CPV,SEN,3,1994,9999
CPV,SYC,3,1994,9999
CPV,SLE,3,1994,9999
CPV,SOM,3,1994,9999
CPV,SDN,3,1994,9999
CPV,TZA,3,1994,9999
CPV,TGO,3,1994,9999
CPV,TUN,3,1994,9999
CPV,UGA,3,1994,9999
CPV,ESH,3,1994,9999
CPV,ZMB,3,1994,9999
CPV,ZWE,3,1994,9999
CAF,TCD,3,1994,9999
CAF,COM,3,1994,9999
CAF,COG,3,1994,9999
CAF,COD,3,1994,9999
CAF,CIV,3,1994,9999
CAF,DJI,3,1994,9999
CAF,EGY,3,1994,9999
CAF,GNQ,3,1994,9999
CAF,SWZ,3,1994,9999
CAF,ETH,3,1994,9999
CAF,GAB,3,1994,9999
CAF,GMB,3,1994,9999
CAF,GHA,3,1994,9999
CAF,GIN,3,1994,9999
CAF,GNB,3,1994,9999
CAF,KEN,3,1994,9999
CAF,LSO,3,1994,9999
CAF,LBR,3,1994,9999
CAF,LBY,3,1994,9999
CAF,MDG,3,1994,9999
CAF,MWI,3,1994,9999
CAF,MLI,3,1994,9999
CAF,MRT,3,1994,9999
CAF,MUS,3,1994,9999
CAF,MOZ,3,1994,9999
CAF,NAM,3,1994,9999
CAF,NER,3,1994,9999
CAF,NGA,3,1994,9999
CAF,RWA,3,1994,9999
CAF,STP,3,1994,9999
CAF,SEN,3,1994,9999
CAF,SYC,3,1994,9999
CAF,SLE,3,1994,9999
CAF,SOM,3,1994,9999
CAF,SDN,3,1994,9999
CAF,TZA,3,1994,9999
CAF,TGO,3,1994,9999
CAF,TUN,3,1994,9999
CAF,UGA,3,1994,9999
CAF,ESH,3,1994,9999
CAF,ZMB,3,1994,9999
CAF,ZWE,3,1994,9999
TCD,COM,3,1994,9999
TCD,COG,3,1994,9999
TCD,COD,3,1994,9999
TCD,CIV,3,1994,9999
TCD,DJI,3,1994,9999
TCD,EGY,3,1994,9999
TCD,GNQ,3,1994,9999
TCD,SWZ,3,1994,9999
TCD,ETH,3,1994,9999
TCD,GAB,3,1994,9999
TCD,GMB,3,1994,9999
TCD,GHA,3,1994,9999
TCD,GIN,3,1994,9999
TCD,GNB,3,1994,9999
TCD,KEN,3,1994,9999
TCD,LSO,3,1994,9999
TCD,LBR,3,1994,9999
TCD,LBY,3,1994,9999
TCD,MDG,3,1994,9999
TCD,MWI,3,1994,9999
TCD,MLI,3,1994,9999
TCD,MRT,3,1994,9999
TCD,MUS,3,1994,9999
TCD,MOZ,3,1994,9999
TCD,NAM,3,1994,9999
TCD,NER,3,1994,9999
TCD,NGA,3,1994,9999
TCD,RWA,3,1994,9999
TCD,STP,3,1994,9999
TCD,SEN,3,1994,9999
TCD,SYC,3,1994,9999
TCD,SLE,3,1994,9999
TCD,SOM,3,1994,9999
TCD,SDN,3,1994,9999
TCD,TZA,3,1994,9999
TCD,TGO,3,1994,9999
TCD,TUN,3,1994,9999
TCD,UGA,3,1994,9999
TCD,ESH,3,1994,9999
TCD,ZMB,3,1994,9999
TCD,ZWE,3,1994,9999
COM,COG,3,1994,9999
COM,COD,3,1994,9999
COM,CIV,3,1994,9999
COM,DJI,3,1994,9999
COM,EGY,3,1994,9999
COM,GNQ,3,1994,9999
COM,SWZ,3,1994,9999
COM,ETH,3,1994,9999
COM,GAB,3,1994,9999
COM,GMB,3,1994,9999
COM,GHA,3,1994,9999
COM,GIN,3,1994,9999
COM,GNB,3,1994,9999
COM,KEN,3,1994,9999
COM,LSO,3,1994,9999
COM,LBR,3,1994,9999
COM,LBY,3,1994,9999
COM,MDG,3,1994,9999
COM,MWI,3,1994,9999
COM,MLI,3,1994,9999
COM,MRT,3,1994,9999
COM,MUS,3,1994,9999
COM,MOZ,3,1994,9999
COM,NAM,3,1994,9999
COM,NER,3,1994,9999
COM,NGA,3,1994,9999
COM,RWA,3,1994,9999
COM,STP,3,1994,9999
COM,SEN,3,1994,9999
COM,SYC,3,1994,9999
COM,SLE,3,1994,9999
COM,SOM,3,1994,9999
COM,SDN,3,1994,9999
COM,TZA,3,1994,9999
COM,TGO,3,1994,9999
COM,TUN,3,1994,9999
COM,UGA,3,1994,9999
COM,ESH,3,1994,9999
COM,ZMB,3,1994,9999
COM,ZWE,3,1994,9999
COG,COD,3,1994,9999
COG,CIV,3,1994,9999
COG,DJI,3,1994,9999
COG,EGY,3,1994,9999
COG,GNQ,3,1994,9999
COG,SWZ,3,1994,9999
COG,ETH,3,1994,9999
COG,GAB,3,1994,9999
COG,GMB,3,1994,9999
COG,GHA,3,1994,9999
COG,GIN,3,1994,9999
COG,GNB,3,1994,9999
COG,KEN,3,1994,9999
COG,LSO,3,1994,9999
COG,LBR,3,1994,9999
COG,LBY,3,1994,9999
COG,MDG,3,1994,9999
COG,MWI,3,1994,9999
COG,MLI,3,1994,9999
COG,MRT,3,1994,9999
COG,MUS,3,1994,9999
COG,MOZ,3,1994,9999
COG,NAM,3,1994,9999
COG,NER,3,1994,9999
COG,NGA,3,1994,9999
COG,RWA,3,1994,9999
COG,STP,3,1994,9999
COG,SEN,3,1994,9999
COG,SYC,3,1994,9999
COG,SLE,3,1994,9999
COG,SOM,3,1994,9999
COG,SDN,3,1994,9999
COG,TZA,3,1994,9999
COG,TGO,3,1994,9999
COG,TUN,3,1994,9999
COG,UGA,3,1994,9999
COG,ESH,3,1994,9999
COG,ZMB,3,1994,9999
COG,ZWE,3,1994,9999
COD,CIV,3,1994,9999
COD,DJI,3,1994,9999
COD,EGY,3,1994,9999
COD,GNQ,3,1994,9999
COD,SWZ,3,1994,9999
COD,ETH,3,1994,9999
COD,GAB,3,1994,9999
COD,GMB,3,1994,9999
COD,GHA,3,1994,9999
COD,GIN,3,1994,9999
COD,GNB,3,1994,9999
COD,KEN,3,1994,9999
COD,LSO,3,1994,9999
COD,LBR,3,1994,9999
COD,LBY,3,1994,9999
COD,MDG,3,1994,9999
COD,MWI,3,1994,9999
COD,MLI,3,1994,9999
COD,MRT,3,1994,9999
COD,MUS,3,1994,9999
COD,MOZ,3,1994,9999
COD,NAM,3,1994,9999
COD,NER,3,1994,9999
COD,NGA,3,1994,9999
COD,RWA,3,1994,9999
COD,STP,3,1994,9999
COD,SEN,3,1994,9999
COD,SYC,3,1994,9999
COD,SLE,3,1994,9999
COD,SOM,3,1994,9999
COD,SDN,3,1994,9999
COD,TZA,3,1994,9999
COD,TGO,3,1994,9999
COD,TUN,3,1994,9999
COD,UGA,3,1994,9999
COD,ESH,3,1994,9999
COD,ZMB,3,1994,9999
COD,ZWE,3,1994,9999
CIV,DJI,3,1994,9999
CIV,EGY,3,1994,9999
CIV,GNQ,3,1994,9999
CIV,SWZ,3,1994,9999
CIV,ETH,3,1994,9999
CIV,GAB,3,1994,9999
CIV,GMB,3,1994,9999
CIV,GHA,3,1994,9999
CIV,GIN,3,1994,9999
CIV,GNB,3,1994,9999
CIV,KEN,3,1994,9999
CIV,LSO,3,1994,9999
CIV,LBR,3,1994,9999
CIV,LBY,3,1994,9999
CIV,MDG,3,1994,9999
CIV,MWI,3,1994,9999
CIV,MLI,3,1994,9999
CIV,MRT,3,1994,9999
CIV,MUS,3,1994,9999
CIV,MOZ,3,1994,9999
CIV,NAM,3,1994,9999
CIV,NER,3,1994,9999
CIV,NGA,3,1994,9999
CIV,RWA,3,1994,9999
CIV,STP,3,1994,9999
CIV,SEN,3,1994,9999
CIV,SYC,3,1994,9999
CIV,SLE,3,1994,9999
CIV,SOM,3,1994,9999
CIV,SDN,3,1994,9999
CIV,TZA,3,1994,9999
CIV,TGO,3,1994,9999
CIV,TUN,3,1994,9999
CIV,UGA,3,1994,9999
CIV,ESH,3,1994,9999
CIV,ZMB,3,1994,9999
CIV,ZWE,3,1994,9999
DJI,EGY,3,1994,9999
DJI,GNQ,3,1994,9999
DJI,SWZ,3,1994,9999
DJI,ETH,3,1994,9999
DJI,GAB,3,1994,9999
DJI,GMB,3,1994,9999
DJI,GHA,3,1994,9999
DJI,GIN,3,1994,9999
DJI,GNB,3,1994,9999
DJI,KEN,3,1994,9999
DJI,LSO,3,1994,9999
DJI,LBR,3,1994,9999
DJI,LBY,3,1994,9999
DJI,MDG,3,1994,9999
DJI,MWI,3,1994,9999
DJI,MLI,3,1994,9999
DJI,MRT,3,1994,9999
DJI,MUS,3,1994,9999
DJI,MOZ,3,1994,9999
DJI,NAM,3,1994,9999
DJI,NER,3,1994,9999
DJI,NGA,3,1994,9999
DJI,RWA,3,1994,9999
DJI,STP,3,1994,9999
DJI,SEN,3,1994,9999
DJI,SYC,3,1994,9999
DJI,SLE,3,1994,9999
DJI,SOM,3,1994,9999
DJI,SDN,3,1994,9999
DJI,TZA,3,1994,9999
DJI,TGO,3,1994,9999
DJI,TUN,3,1994,9999
DJI,UGA,3,1994,9999
DJI,ESH,3,1994,9999
DJI,ZMB,3,1994,9999
DJI,ZWE,3,1994,9999
EGY,GNQ,3,1994,9999
EGY,SWZ,3,1994,9999
EGY,ETH,3,1994,9999
EGY,GAB,3,1994,9999
EGY,GMB,3,1994,9999
EGY,GHA,3,1994,9999
EGY,GIN,3,1994,9999
EGY,GNB,3,1994,9999
EGY,KEN,3,1994,9999
EGY,LSO,3,1994,9999
EGY,LBR,3,1994,9999
EGY,LBY,3,1994,9999
EGY,MDG,3,1994,9999
EGY,MWI,3,1994,9999
EGY,MLI,3,1994,9999
EGY,MRT,3,1994,9999
EGY,MUS,3,1994,9999
EGY,MOZ,3,1994,9999
EGY,NAM,3,1994,9999
EGY,NER,3,1994,9999
EGY,NGA,3,1994,9999
EGY,RWA,3,1994,9999
EGY,STP,3,1994,9999
EGY,SEN,3,1994,9999
EGY,SYC,3,1994,9999
EGY,SLE,3,1994,9999
EGY,SOM,3,1994,9999
EGY,SDN,3,1994,9999
EGY,TZA,3,1994,9999
EGY,TGO,3,1994,9999
EGY,TUN,3,1994,9999
EGY,UGA,3,1994,9999
EGY,ESH,3,1994,9999
EGY,ZMB,3,1994,9999
EGY,ZWE,3,1994,9999
GNQ,SWZ,3,1994,9999
GNQ,ETH,3,1994,9999
GNQ,GAB,3,1994,9999
GNQ,GMB,3,1994,9999
GNQ,GHA,3,1994,9999
GNQ,GIN,3,1994,9999
GNQ,GNB,3,1994,9999
GNQ,KEN,3,1994,9999
GNQ,LSO,3,1994,9999
GNQ,LBR,3,1994,9999
GNQ,LBY,3,1994,9999
GNQ,MDG,3,1994,9999
GNQ,MWI,3,1994,9999
GNQ,MLI,3,1994,9999
GNQ,MRT,3,1994,9999
GNQ,MUS,3,1994,9999
GNQ,MOZ,3,1994,9999
GNQ,NAM,3,1994,9999
GNQ,NER,3,1994,9999
GNQ,NGA,3,1994,9999
GNQ,RWA,3,1994,9999
GNQ,STP,3,1994,9999
GNQ,SEN,3,1994,9999
GNQ,SYC,3,1994,9999
GNQ,SLE,3,1994,9999
GNQ,SOM,3,1994,9999
GNQ,SDN,3,1994,9999
GNQ,TZA,3,1994,9999
GNQ,TGO,3,1994,9999
GNQ,TUN,3,1994,9999
GNQ,UGA,3,1994,9999
GNQ,ESH,3,1994,9999
GNQ,ZMB,3,1994,9999
GNQ,ZWE,3,1994,9999
SWZ,ETH,3,1994,9999
SWZ,GAB,3,1994,9999
SWZ,GMB,3,1994,9999
SWZ,GHA,3,1994,9999
SWZ,GIN,3,1994,9999
SWZ,GNB,3,1994,9999
SWZ,KEN,3,1994,9999
SWZ,LSO,3,1994,9999
SWZ,LBR,3,1994,9999
SWZ,LBY,3,1994,9999
SWZ,MDG,3,1994,9999
SWZ,MWI,3,1994,9999
SWZ,MLI,3,1994,9999
SWZ,MRT,3,1994,9999
SWZ,MUS,3,1994,9999
SWZ,MOZ,3,1994,9999
SWZ,NAM,3,1994,9999
SWZ,NER,3,1994,9999
SWZ,NGA,3,1994,9999
SWZ,RWA,3,1994,9999
SWZ,STP,3,1994,9999
SWZ,SEN,3,1994,9999
SWZ,SYC,3,1994,9999
SWZ,SLE,3,1994,9999
SWZ,SOM,3,1994,9999
SWZ,SDN,3,1994,9999
SWZ,TZA,3,1994,9999
SWZ,TGO,3,1994,9999
SWZ,TUN,3,1994,9999
SWZ,UGA,3,1994,9999
SWZ,ESH,3,1994,9999
SWZ,ZMB,3,1994,9999
SWZ,ZWE,3,1994,9999
ETH,GAB,3,1994,9999
ETH,GMB,3,1994,9999
ETH,GHA,3,1994,9999
ETH,GIN,3,1994,9999
ETH,GNB,3,1994,9999
ETH,KEN,3,1994,9999
ETH,LSO,3,1994,9999
ETH,LBR,3,1994,9999
ETH,LBY,3,1994,9999
ETH,MDG,3,1994,9999
ETH,MWI,3,1994,9999
ETH,MLI,3,1994,9999
ETH,MRT,3,1994,9999
ETH,MUS,3,1994,9999
ETH,MOZ,3,1994,9999
ETH,NAM,3,1994,9999
ETH,NER,3,1994,9999
ETH,NGA,3,1994,9999
ETH,RWA,3,1994,9999
ETH,STP,3,1994,9999
ETH,SEN,3,1994,9999
ETH,SYC,3,1994,9999
ETH,SLE,3,1994,9999
ETH,SOM,3,1994,9999
ETH,SDN,3,1994,9999
ETH,TZA,3,1994,9999
ETH,TGO,3,1994,9999
ETH,TUN,3,1994,9999
ETH,UGA,3,1994,9999
ETH,ESH,3,1994,9999
ETH,ZMB,3,1994,9999
ETH,ZWE,3,1994,9999
GAB,GMB,3,1994,9999
GAB,GHA,3,1994,9999
GAB,GIN,3,1994,9999
GAB,GNB,3,1994,9999
GAB,KEN,3,1994,9999
GAB,LSO,3,1994,9999
GAB,LBR,3,1994,9999
GAB,LBY,3,1994,9999
GAB,MDG,3,1994,9999
GAB,MWI,3,1994,9999
GAB,MLI,3,1994,9999
GAB,MRT,3,1994,9999
GAB,MUS,3,1994,9999
GAB,MOZ,3,1994,9999
GAB,NAM,3,1994,9999
GAB,NER,3,1994,9999
GAB,NGA,3,1994,9999
GAB,RWA,3,1994,9999
GAB,STP,3,1994,9999
GAB,SEN,3,1994,9999
GAB,SYC,3,1994,9999
GAB,SLE,3,1994,9999
GAB,SOM,3,1994,9999
GAB,SDN,3,1994,9999
GAB,TZA,3,1994,9999
GAB,TGO,3,1994,9999
GAB,TUN,3,1994,9999
GAB,UGA,3,1994,9999
GAB,ESH,3,1994,9999
GAB,ZMB,3,1994,9999
GAB,ZWE,3,1994,9999
GMB,GHA,3,1994,9999
GMB,GIN,3,1994,9999
GMB,GNB,3,1994,9999
GMB,KEN,3,1994,9999
GMB,LSO,3,1994,9999
GMB,LBR,3,1994,9999
GMB,LBY,3,1994,9999
GMB,MDG,3,1994,9999
GMB,MWI,3,1994,9999
GMB,MLI,3,1994,9999
GMB,MRT,3,1994,9999
GMB,MUS,3,1994,9999
GMB,MOZ,3,1994,9999
GMB,NAM,3,1994,9999
GMB,NER,3,1994,9999
GMB,NGA,3,1994,9999
GMB,RWA,3,1994,9999
GMB,STP,3,1994,9999
GMB,SEN,3,1994,9999
GMB,SYC,3,1994,9999
GMB,SLE,3,1994,9999
GMB,SOM,3,1994,9999
GMB,SDN,3,1994,9999
GMB,TZA,3,1994,9999
GMB,TGO,3,1994,9999
GMB,TUN,3,1994,9999
GMB,UGA,3,1994,9999
GMB,ESH,3,1994,9999
GMB,ZMB,3,1994,9999
GMB,ZWE,3,1994,9999
GHA,GIN,3,1994,9999
GHA,GNB,3,1994,9999
GHA,KEN,3,1994,9999
GHA,LSO,3,1994,9999
GHA,LBR,3,1994,9999
GHA,LBY,3,1994,9999
GHA,MDG,3,1994,9999
GHA,MWI,3,1994,9999
GHA,MLI,3,1994,9999
GHA,MRT,3,1994,9999
GHA,MUS,3,1994,9999
GHA,MOZ,3,1994,9999
GHA,NAM,3,1994,9999
GHA,NER,3,1994,9999
GHA,NGA,3,1994,9999
GHA,RWA,3,1994,9999
GHA,STP,3,1994,9999
GHA,SEN,3,1994,9999
GHA,SYC,3,1994,9999
GHA,SLE,3,1994,9999
GHA,SOM,3,1994,9999
GHA,SDN,3,1994,9999
GHA,TZA,3,1994,9999
GHA,TGO,3,1994,9999
GHA,TUN,3,1994,9999
GHA,UGA,3,1994,9999
GHA,ESH,3,1994,9999
GHA,ZMB,3,1994,9999
GHA,ZWE,3,1994,9999
GIN,GNB,3,1994,9999
GIN,KEN,3,1994,9999
GIN,LSO,3,1994,9999
GIN,LBR,3,1994,9999
GIN,LBY,3,1994,9999
GIN,MDG,3,1994,9999
GIN,MWI,3,1994,9999
GIN,MLI,3,1994,9999
GIN,MRT,3,1994,9999
GIN,MUS,3,1994,9999
GIN,MOZ,3,1994,9999
GIN,NAM,3,1994,9999
GIN,NER,3,1994,9999
GIN,NGA,3,1994,9999
GIN,RWA,3,1994,9999
GIN,STP,3,1994,9999
GIN,SEN,3,1994,9999
GIN,SYC,3,1994,9999
GIN,SLE,3,1994,9999
GIN,SOM,3,1994,9999
GIN,SDN,3,1994,9999
GIN,TZA,3,1994,9999
GIN,TGO,3,1994,9999
GIN,TUN,3,1994,9999
GIN,UGA,3,1994,9999
GIN,ESH,3,1994,9999
GIN,ZMB,3,1994,9999
GIN,ZWE,3,1994,9999
GNB,KEN,3,1994,9999
GNB,LSO,3,1994,9999
GNB,LBR,3,1994,9999
GNB,LBY,3,1994,9999
GNB,MDG,3,1994,9999
GNB,MWI,3,1994,9999
GNB,MLI,3,1994,9999
GNB,MRT,3,1994,9999
GNB,MUS,3,1994,9999
GNB,MOZ,3,1994,9999
GNB,NAM,3,1994,9999
GNB,NER,3,1994,9999
GNB,NGA,3,1994,9999
GNB,RWA,3,1994,9999
GNB,STP,3,1994,9999
GNB,SEN,3,1994,9999
GNB,SYC,3,1994,9999
GNB,SLE,3,1994,9999
GNB,SOM,3,1994,9999
GNB,SDN,3,1994,9999
GNB,TZA,3,1994,9999
GNB,TGO,3,1994,9999
GNB,TUN,3,1994,9999
GNB,UGA,3,1994,9999
GNB,ESH,3,1994,9999
GNB,ZMB,3,1994,9999
GNB,ZWE,3,1994,9999
KEN,LSO,3,1994,9999
KEN,LBR,3,1994,9999
KEN,LBY,3,1994,9999
KEN,MDG,3,1994,9999
KEN,MWI,3,1994,9999
KEN,MLI,3,1994,9999
KEN,MRT,3,1994,9999
KEN,MUS,3,1994,9999
KEN,MOZ,3,1994,9999
KEN,NAM,3,1994,9999
KEN,NER,3,1994,9999
KEN,NGA,3,1994,9999
KEN,RWA,3,1994,9999
KEN,STP,3,1994,9999
KEN,SEN,3,1994,9999
KEN,SYC,3,1994,9999
KEN,SLE,3,1994,9999
KEN,SOM,3,1994,9999
KEN,SDN,3,1994,9999
KEN,TZA,3,1994,9999
KEN,TGO,3,1994,9999
KEN,TUN,3,1994,9999
KEN,UGA,3,1994,9999
KEN,ESH,3,1994,9999
KEN,ZMB,3,1994,9999
KEN,ZWE,3,1994,9999
LSO,LBR,3,1994,9999
LSO,LBY,3,1994,9999
LSO,MDG,3,1994,9999
LSO,MWI,3,1994,9999
LSO,MLI,3,1994,9999
LSO,MRT,3,1994,9999
LSO,MUS,3,1994,9999
LSO,MOZ,3,1994,9999
LSO,NAM,3,1994,9999
LSO,NER,3,1994,9999
LSO,NGA,3,1994,9999
LSO,RWA,3,1994,9999
LSO,STP,3,1994,9999
LSO,SEN,3,1994,9999
LSO,SYC,3,1994,9999
LSO,SLE,3,1994,9999
LSO,SOM,3,1994,9999
LSO,SDN,3,1994,9999
LSO,TZA,3,1994,9999
LSO,TGO,3,1994,9999
LSO,TUN,3,1994,9999
LSO,UGA,3,1994,9999
LSO,ESH,3,1994,9999
LSO,ZMB,3,1994,9999
LSO,ZWE,3,1994,9999
LBR,LBY,3,1994,9999
LBR,MDG,3,1994,9999
LBR,MWI,3,1994,9999
LBR,MLI,3,1994,9999
LBR,MRT,3,1994,9999
LBR,MUS,3,1994,9999
LBR,MOZ,3,1994,9999
LBR,NAM,3,1994,9999
LBR,NER,3,1994,9999
LBR,NGA,3,1994,9999
LBR,RWA,3,1994,9999
LBR,STP,3,1994,9999
LBR,SEN,3,1994,9999
LBR,SYC,3,1994,9999
LBR,SLE,3,1994,9999
LBR,SOM,3,1994,9999
LBR,SDN,3,1994,9999
LBR,TZA,3,1994,9999
LBR,TGO,3,1994,9999
LBR,TUN,3,1994,9999
LBR,UGA,3,1994,9999
LBR,ESH,3,1994,9999
LBR,ZMB,3,1994,9999
LBR,ZWE,3,1994,9999
LBY,MDG,3,1994,9999
LBY,MWI,3,1994,9999
LBY,MLI,3,1994,9999
LBY,MRT,3,1994,9999
LBY,MUS,3,1994,9999
LBY,MOZ,3,1994,9999
LBY,NAM,3,1994,9999
LBY,NER,3,1994,9999
LBY,NGA,3,1994,9999
LBY,RWA,3,1994,9999
LBY,STP,3,1994,9999
LBY,SEN,3,1994,9999
LBY,SYC,3,1994,9999
LBY,SLE,3,1994,9999
LBY,SOM,3,1994,9999
LBY,SDN,3,1994,9999
LBY,TZA,3,1994,9999
LBY,TGO,3,1994,9999
LBY,TUN,3,1994,9999
LBY,UGA,3,1994,9999
LBY,ESH,3,1994,9999
LBY,ZMB,3,1994,9999
LBY,ZWE,3,1994,9999
MDG,MWI,3,1994,9999
MDG,MLI,3,1994,9999
MDG,MRT,3,1994,9999
MDG,MUS,3,1994,9999
MDG,MOZ,3,1994,9999
MDG,NAM,3,1994,9999
MDG,NER,3,1994,9999
MDG,NGA,3,1994,9999
MDG,RWA,3,1994,9999
MDG,STP,3,1994,9999
MDG,SEN,3,1994,9999
MDG,SYC,3,1994,9999
MDG,SLE,3,1994,9999
MDG,SOM,3,1994,9999
MDG,SDN,3,1994,9999
MDG,TZA,3,1994,9999
MDG,TGO,3,1994,9999
MDG,TUN,3,1994,9999
MDG,UGA,3,1994,9999
MDG,ESH,3,1994,9999
MDG,ZMB,3,1994,9999
MDG,ZWE,3,1994,9999
MWI,MLI,3,1994,9999
MWI,MRT,3,1994,9999
MWI,MUS,3,1994,9999
MWI,MOZ,3,1994,9999
MWI,NAM,3,1994,9999
MWI,NER,3,1994,9999
MWI,NGA,3,1994,9999
MWI,RWA,3,1994,9999
MWI,STP,3,1994,9999
MWI,SEN,3,1994,9999
MWI,SYC,3,1994,9999
MWI,SLE,3,1994,9999
MWI,SOM,3,1994,9999
MWI,SDN,3,1994,9999
MWI,TZA,3,1994,9999
MWI,TGO,3,1994,9999
MWI,TUN,3,1994,9999
MWI,UGA,3,1994,9999
MWI,ESH,3,1994,9999
MWI,ZMB,3,1994,9999
MWI,ZWE,3,1994,9999
MLI,MRT,3,1994,9999
MLI,MUS,3,1994,9999
MLI,MOZ,3,1994,9999
MLI,NAM,3,1994,9999
MLI,NER,3,1994,9999
MLI,NGA,3,1994,9999
MLI,RWA,3,1994,9999
MLI,STP,3,1994,9999
MLI,SEN,3,1994,9999
MLI,SYC,3,1994,9999
MLI,SLE,3,1994,9999
MLI,SOM,3,1994,9999
MLI,SDN,3,1994,9999
MLI,TZA,3,1994,9999
MLI,TGO,3,1994,9999
MLI,TUN,3,1994,9999
MLI,UGA,3,1994,9999
MLI,ESH,3,1994,9999
MLI,ZMB,3,1994,9999
MLI,ZWE,3,1994,9999
MRT,MUS,3,1994,9999
MRT,MOZ,3,1994,9999
MRT,NAM,3,1994,9999
MRT,NER,3,1994,9999
MRT,NGA,3,1994,9999
MRT,RWA,3,1994,9999
MRT,STP,3,1994,9999
MRT,SEN,3,1994,9999
MRT,SYC,3,1994,9999
MRT,SLE,3,1994,9999
MRT,SOM,3,1994,9999
MRT,SDN,3,1994,9999
MRT,TZA,3,1994,9999
MRT,TGO,3,1994,9999
MRT,TUN,3,1994,9999
MRT,UGA,3,1994,9999
MRT,ESH,3,1994,9999
MRT,ZMB,3,1994,9999
MRT,ZWE,3,1994,9999
MUS,MOZ,3,1994,9999
MUS,NAM,3,1994,9999
MUS,NER,3,1994,9999
MUS,NGA,3,1994,9999
MUS,RWA,3,1994,9999
MUS,STP,3,1994,9999
MUS,SEN,3,1994,9999
MUS,SYC,3,1994,9999
MUS,SLE,3,1994,9999
MUS,SOM,3,1994,9999
MUS,SDN,3,1994,9999
MUS,TZA,3,1994,9999
MUS,TGO,3,1994,9999
MUS,TUN,3,1994,9999
MUS,UGA,3,1994,9999
MUS,ESH,3,1994,9999
MUS,ZMB,3,1994,9999
MUS,ZWE,3,1994,9999
MOZ,NAM,3,1994,9999
MOZ,NER,3,1994,9999
MOZ,NGA,3,1994,9999
MOZ,RWA,3,1994,9999
MOZ,STP,3,1994,9999
MOZ,SEN,3,1994,9999
MOZ,SYC,3,1994,9999
MOZ,SLE,3,1994,9999
MOZ,SOM,3,1994,9999
MOZ,SDN,3,1994,9999
MOZ,TZA,3,1994,9999
MOZ,TGO,3,1994,9999
MOZ,TUN,3,1994,9999
MOZ,UGA,3,1994,9999
MOZ,ESH,3,1994,9999
MOZ,ZMB,3,1994,9999
MOZ,ZWE,3,1994,9999
NAM,NER,3,1994,9999
NAM,NGA,3,1994,9999
NAM,RWA,3,1994,9999
NAM,STP,3,1994,9999
NAM,SEN,3,1994,9999
NAM,SYC,3,1994,9999
NAM,SLE,3,1994,9999
NAM,SOM,3,1994,9999
NAM,SDN,3,1994,9999
NAM,TZA,3,1994,9999
NAM,TGO,3,1994,9999
NAM,TUN,3,1994,9999
NAM,UGA,3,1994,9999
NAM,ESH,3,1994,9999
NAM,ZMB,3,1994,9999
NAM,ZWE,3,1994,9999
NER,NGA,3,1994,9999
NER,RWA,3,1994,9999
NER,STP,3,1994,9999
NER,SEN,3,1994,9999
NER,SYC,3,1994,9999
NER,SLE,3,1994,9999
NER,SOM,3,1994,9999
NER,SDN,3,1994,9999
NER,TZA,3,1994,9999
NER,TGO,3,1994,9999
NER,TUN,3,1994,9999
NER,UGA,3,1994,9999
NER,ESH,3,1994,9999
NER,ZMB,3,1994,9999
NER,ZWE,3,1994,9999
NGA,RWA,3,1994,9999
NGA,STP,3,1994,9999
NGA,SEN,3,1994,9999
NGA,SYC,3,1994,9999
NGA,SLE,3,1994,9999
NGA,SOM,3,1994,9999
NGA,SDN,3,1994,9999
NGA,TZA,3,1994,9999
NGA,TGO,3,1994,9999
NGA,TUN,3,1994,9999
NGA,UGA,3,1994,9999
NGA,ESH,3,1994,9999
NGA,ZMB,3,1994,9999
NGA,ZWE,3,1994,9999
RWA,STP,3,1994,9999
RWA,SEN,3,1994,9999
RWA,SYC,3,1994,9999
RWA,SLE,3,1994,9999
RWA,SOM,3,1994,9999
RWA,SDN,3,1994,9999
RWA,TZA,3,1994,9999
RWA,TGO,3,1994,9999
RWA,TUN,3,1994,9999
RWA,UGA,3,1994,9999
RWA,ESH,3,1994,9999
RWA,ZMB,3,1994,9999
RWA,ZWE,3,1994,9999
STP,SEN,3,1994,9999
STP,SYC,3,1994,9999
STP,SLE,3,1994,9999
STP,SOM,3,1994,9999
STP,SDN,3,1994,9999
STP,TZA,3,1994,9999
STP,TGO,3,1994,9999
STP,TUN,3,1994,9999
STP,UGA,3,1994,9999
STP,ESH,3,1994,9999
STP,ZMB,3,1994,9999
STP,ZWE,3,1994,9999
SEN,SYC,3,1994,9999
SEN,SLE,3,1994,9999
SEN,SOM,3,1994,9999
SEN,SDN,3,1994,9999
SEN,TZA,3,1994,9999
SEN,TGO,3,1994,9999
SEN,TUN,3,1994,9999
SEN,UGA,3,1994,9999
SEN,ESH,3,1994,9999
SEN,ZMB,3,1994,9999
SEN,ZWE,3,1994,9999
SYC,SLE,3,1994,9999
SYC,SOM,3,1994,9999
SYC,SDN,3,1994,9999
SYC,TZA,3,1994,9999
SYC,TGO,3,1994,9999
SYC,TUN,3,1994,9999
SYC,UGA,3,1994,9999
SYC,ESH,3,1994,9999
SYC,ZMB,3,1994,9999
SYC,ZWE,3,1994,9999
SLE,SOM,3,1994,9999
SLE,SDN,3,1994,9999
SLE,TZA,3,1994,9999
SLE,TGO,3,1994,9999
SLE,TUN,3,1994,9999
SLE,UGA,3,1994,9999
SLE,ESH,3,1994,9999
SLE,ZMB,3,1994,9999
SLE,ZWE,3,1994,9999
SOM,SDN,3,1994,9999
SOM,TZA,3,1994,9999
SOM,TGO,3,1994,9999
SOM,TUN,3,1994,9999
SOM,UGA,3,1994,9999
SOM,ESH,3,1994,9999
SOM,ZMB,3,1994,9999
SOM,ZWE,3,1994,9999
SDN,TZA,3,1994,9999
SDN,TGO,3,1994,9999
SDN,TUN,3,1994,9999
SDN,UGA,3,1994,9999
SDN,ESH,3,1994,9999
SDN,ZMB,3,1994,9999
SDN,ZWE,3,1994,9999
TZA,TGO,3,1994,9999
TZA,TUN,3,1994,9999
TZA,UGA,3,1994,9999
TZA,ESH,3,1994,9999
TZA,ZMB,3,1994,9999
TZA,ZWE,3,1994,9999
TGO,TUN,3,1994,9999
TGO,UGA,3,1994,9999
TGO,ESH,3,1994,9999
TGO,ZMB,3,1994,9999
TGO,ZWE,3,1994,9999
TUN,UGA,3,1994,9999
TUN,ESH,3,1994,9999
TUN,ZMB,3,1994,9999
TUN,ZWE,3,1994,9999
UGA,ESH,3,1994,9999
UGA,ZMB,3,1994,9999
UGA,ZWE,3,1994,9999
ESH,ZMB,3,1994,9999
ESH,ZWE,3,1994,9999
ZMB,ZWE,3,1994,9999
EGY,JOR,4,2006,9999
EGY,MAR,4,2006,9999
EGY,TUN,4,2006,9999
JOR,MAR,4,2006,9999
JOR,TUN,4,2006,9999
MAR,TUN,4,2006,9999
ALB,BIH,5,2004,9999
ALB,BGR,6,2003,9999
ALB,HRV,7,2003,9999
ALB,AUT,8,2009,9999
ALB,BEL,8,2009,9999
ALB,CYP,8,2009,9999
ALB,CZE,8,2009,9999
ALB,DNK,8,2009,9999
ALB,EST,8,2009,9999
ALB,FIN,8,2009,9999
ALB,FRA,8,2009,9999
ALB,DEU,8,2009,9999
ALB,GRC,8,2009,9999
ALB,HUN,8,2009,9999
ALB,IRL,8,2009,9999
ALB,ITA,8,2009,9999
ALB,LVA,8,2009,9999
ALB,LTU,8,2009,9999
ALB,LUX,8,2009,9999
ALB,MLT,8,2009,9999
ALB,NLD,8,2009,9999
ALB,POL,8,2009,9999
ALB,PRT,8,2009,9999
ALB,SVK,8,2009,9999
ALB,SVN,8,2009,9999
ALB,ESP,8,2009,9999
ALB,SWE,8,2009,9999
ALB,GBR,8,2009,2020
ALB,ISL,9,2010,9999
ALB,LIE,9,2010,9999
ALB,NOR,9,2010,9999
ALB,CHE,9,2010,9999
ALB,XKX,10,2003,9999
ALB,MKD,11,2002,9999
ALB,MDA,12,2004,9999
ALB,ROU,13,2004,9999
ALB,SRB,14,2004,9999
ALB,TUR,15,2008,9999
DZA,BEL,16,1976,9999
DZA,DNK,16,1976,9999
DZA,FRA,16,1976,9999
DZA,DEU,16,1976,9999
DZA,IRL,16,1976,9999
DZA,ITA,16,1976,9999
DZA,LUX,16,1976,9999
DZA,NLD,16,1976,9999
DZA,GBR,16,1976,9999
DZA,PRT,16+1,1986,9999
DZA,ESP,16+1,1986,9999
DZA,AUT,16+2,1995,9999
DZA,FIN,16+2,1995,9999
DZA,SWE,16+2,1995,9999
DZA,AUT,17,2005,9999
DZA,BEL,17,2005,9999
DZA,DNK,17,2005,9999
DZA,FIN,17,2005,9999
DZA,FRA,17,2005,9999
DZA,DEU,17,2005,9999
DZA,GRC,17,2005,9999
DZA,IRL,17,2005,9999
DZA,ITA,17,2005,9999
DZA,LUX,17,2005,9999
DZA,NLD,17,2005,9999
DZA,PRT,17,2005,9999
DZA,ESP,17,2005,9999
DZA,SWE,17,2005,9999
DZA,GBR,17,2005,2020
DZA,CYP,17+1,2004,9999
DZA,CZE,17+1,2004,9999
DZA,EST,17+1,2004,9999
DZA,HUN,17+1,2004,9999
DZA,LVA,17+1,2004,9999
DZA,LTU,17+1,2004,9999
DZA,MLT,17+1,2004,9999
DZA,POL,17+1,2004,9999
DZA,SVK,17+1,2004,9999
DZA,SVN,17+1,2004,9999
DZA,BGR,17+2,2007,9999
DZA,ROU,17+2,2007,9999
DZA,HRV,17+3,2013,9999
DZA,JOR,18,1999,9999
DZA,MAR,19,1989,9999
DZA,TUN,20,2010,9999
BRA,COL,22,1999,9999
BRA,ECU,22,1999,9999
BRA,PER,22,1999,9999
BRA,VEN,22,1999,2006
BOL,COL,694a,2003,9999
BOL,ECU,694a,2003,9999
BOL,PER,694a,2003,9999
BOL,VEN,694a,2003,9999
COL,ECU,694a,2003,9999
COL,PER,694a,2003,9999
COL,VEN,694a,2003,9999
ECU,PER,694a,2003,9999
ECU,VEN,694a,2003,9999
PER,VEN,694a,2003,9999
ARG,COL,24,2001,9999
ARG,ECU,24,2001,9999
ARG,PER,24,2001,9999
ARG,VEN,24,2001,9999
ARG,COL,25,2005,9999
ARG,ECU,25,2005,9999
ARG,VEN,25,2005,9999
BRA,COL,25,2005,9999
BRA,ECU,25,2005,9999
BRA,VEN,25,2005,9999
COL,PRY,25,2005,9999
COL,URY,25,2005,9999
ECU,PRY,25,2005,9999
ECU,URY,25,2005,9999
PRY,VEN,25,2005,9999
URY,VEN,25,2005,9999
BOL,CHL,26,1969,9999
BOL,COL,26,1969,9999
BOL,ECU,26,1969,9999
BOL,PER,26,1969,9999
CHL,COL,26,1969,9999
CHL,ECU,26,1969,9999
CHL,PER,26,1969,9999
COL,ECU,26,1969,9999
COL,PER,26,1969,9999
ECU,PER,26,1969,9999
BOL,COL,27a,1988,9999
BOL,ECU,27a,1988,9999
BOL,PER,27a,1988,9999
BOL,VEN,27a,1988,2006
COL,ECU,27a,1988,9999
COL,PER,27a,1988,9999
COL,VEN,27a,1988,2006
ECU,PER,27a,1988,9999
ECU,VEN,27a,1988,2006
PER,VEN,27a,1988,2006
BOL,COL,23a,1997,9999
BOL,ECU,23a,1997,9999
BOL,PER,23a,1997,9999
BOL,VEN,23a,1997,9999
COL,ECU,23a,1997,9999
COL,PER,23a,1997,9999
COL,VEN,23a,1997,9999
ECU,PER,23a,1997,9999
ECU,VEN,23a,1997,9999
PER,VEN,23a,1997,9999
AND,BEL,28,1991,9999
AND,DNK,28,1991,9999
AND,FRA,28,1991,9999
AND,DEU,28,1991,9999
AND,GRC,28,1991,9999
AND,IRL,28,1991,9999
AND,ITA,28,1991,9999
AND,LUX,28,1991,9999
AND,NLD,28,1991,9999
AND,PRT,28,1991,9999
AND,ESP,28,1991,9999
AND,GBR,28,1991,2020
AND,AUT,28+1,1995,9999
AND,FIN,28+1,1995,9999
AND,SWE,28+1,1995,9999
AND,CYP,28+2,2004,9999
AND,CZE,28+2,2004,9999
AND,EST,28+2,2004,9999
AND,HUN,28+2,2004,9999
AND,LVA,28+2,2004,9999
AND,LTU,28+2,2004,9999
AND,MLT,28+2,2004,9999
AND,POL,28+2,2004,9999
AND,SVK,28+2,2004,9999
AND,SVN,28+2,2004,9999
AND,BGR,28+3,2007,9999
AND,ROU,28+3,2007,9999
AND,HRV,28+4,2013,9999
EGY,IRQ,29,1964,9999
EGY,JOR,29,1964,9999
EGY,SYR,29,1964,9999
IRQ,JOR,29,1964,9999
IRQ,SYR,29,1964,9999
JOR,SYR,29,1964,9999
DZA,LBY,30,1989,9999
DZA,MRT,30,1989,9999
DZA,MAR,30,1989,9999
DZA,TUN,30,1989,9999
LBY,MRT,30,1989,9999
LBY,MAR,30,1989,9999
LBY,TUN,30,1989,9999
MRT,MAR,30,1989,9999
MRT,TUN,30,1989,9999
MAR,TUN,30,1989,9999
ARG,BOL,31,1992,9999
ARG,BRA,32,1987,9999
ARG,BRA,33,1989,9999
ARG,BRA,34,1990,9999
ARG,CHL,35,1991,9999
ARG,COL,36,1988,9999
ARG,CRI,37,1983,9999
ARG,CUB,39,2000,9999
ARG,ECU,40,1984,9999
ARG,ECU,41,1993,9999
ARG,MEX,43,1987,9999
ARG,PRY,45,1989,9999
ARG,PER,46,1988,9999
ARG,URY,47,2003,9999
ARG,VEN,48,1988,9999
ARG,VEN,49,1995,9999
ARM,BLR,50,2003,9999
ARM,EST,51,2002,9999
ARM,GEO,52,1998,9999
ARM,IRN,53,1997,9999
ARM,KAZ,54,2002,9999
ARM,KGZ,55,1995,9999
ARM,MDA,56,1995,9999
ARM,RUS,57,1993,9999
ARM,TJK,58,1994,9999
ARM,TKM,59,1996,9999
ARM,UKR,60,1996,9999
BEL,KEN,61,1971,9999
BEL,TZA,61,1971,9999
BEL,UGA,61,1971,9999
FRA,KEN,61,1971,9999
FRA,TZA,61,1971,9999
FRA,UGA,61,1971,9999
DEU,KEN,61,1971,9999
DEU,TZA,61,1971,9999
DEU,UGA,61,1971,9999
ITA,KEN,61,1971,9999
ITA,TZA,61,1971,9999
ITA,UGA,61,1971,9999
KEN,LUX,61,1971,9999
KEN,NLD,61,1971,9999
LUX,TZA,61,1971,9999
LUX,UGA,61,1971,9999
NLD,TZA,61,1971,9999
NLD,UGA,61,1971,9999
BGD,CHN,62,2006,9999
BGD,IND,62,2006,9999
BGD,LAO,62,2006,9999
BGD,KOR,62,2006,9999
BGD,LKA,62,2006,9999
CHN,IND,62,2006,9999
CHN,LAO,62,2006,9999
CHN,KOR,62,2006,9999
CHN,LKA,62,2006,9999
IND,LAO,62,2006,9999
IND,KOR,62,2006,9999
IND,LKA,62,2006,9999
LAO,KOR,62,2006,9999
LAO,LKA,62,2006,9999
KOR,LKA,62,2006,9999
BGD,MNG,62+1,2013,9999
CHN,MNG,62+1,2013,9999
IND,MNG,62+1,2013,9999
LAO,MNG,62+1,2013,9999
MNG,KOR,62+1,2013,9999
MNG,LKA,62+1,2013,9999
ATG,BHS,63,1995,9999
ATG,BRB,63,1995,9999
ATG,BLZ,63,1995,9999
ATG,COL,63,1995,9999
ATG,CRI,63,1995,9999
ATG,CUB,63,1995,9999
ATG,DMA,63,1995,9999
ATG,DOM,63,1995,9999
ATG,SLV,63,1995,9999
ATG,GRD,63,1995,9999
ATG,GTM,63,1995,9999
ATG,GUY,63,1995,9999
ATG,HTI,63,1995,9999
ATG,HND,63,1995,9999
ATG,JAM,63,1995,9999
ATG,MEX,63,1995,9999
ATG,NIC,63,1995,9999
ATG,PAN,63,1995,9999
ATG,KNA,63,1995,9999
ATG,LCA,63,1995,9999
ATG,VCT,63,1995,9999
ATG,SUR,63,1995,9999
ATG,TTO,63,1995,9999
ATG,VEN,63,1995,9999
BHS,BRB,63,1995,9999
BHS,BLZ,63,1995,9999
BHS,COL,63,1995,9999
BHS,CRI,63,1995,9999
BHS,CUB,63,1995,9999
BHS,DMA,63,1995,9999
BHS,DOM,63,1995,9999
BHS,SLV,63,1995,9999
BHS,GRD,63,1995,9999
BHS,GTM,63,1995,9999
BHS,GUY,63,1995,9999
BHS,HTI,63,1995,9999
BHS,HND,63,1995,9999
BHS,JAM,63,1995,9999
BHS,MEX,63,1995,9999
BHS,NIC,63,1995,9999
BHS,PAN,63,1995,9999
BHS,KNA,63,1995,9999
BHS,LCA,63,1995,9999
BHS,VCT,63,1995,9999
BHS,SUR,63,1995,9999
BHS,TTO,63,1995,9999
BHS,VEN,63,1995,9999
BRB,BLZ,63,1995,9999
BRB,COL,63,1995,9999
BRB,CRI,63,1995,9999
BRB,CUB,63,1995,9999
BRB,DMA,63,1995,9999
BRB,DOM,63,1995,9999
BRB,SLV,63,1995,9999
BRB,GRD,63,1995,9999
BRB,GTM,63,1995,9999
BRB,GUY,63,1995,9999
BRB,HTI,63,1995,9999
BRB,HND,63,1995,9999
BRB,JAM,63,1995,9999
BRB,MEX,63,1995,9999
BRB,NIC,63,1995,9999
BRB,PAN,63,1995,9999
BRB,KNA,63,1995,9999
BRB,LCA,63,1995,9999
BRB,VCT,63,1995,9999
BRB,SUR,63,1995,9999
BRB,TTO,63,1995,9999
BRB,VEN,63,1995,9999
BLZ,COL,63,1995,9999
BLZ,CRI,63,1995,9999
BLZ,CUB,63,1995,9999
BLZ,DMA,63,1995,9999
BLZ,DOM,63,1995,9999
BLZ,SLV,63,1995,9999
BLZ,GRD,63,1995,9999
BLZ,GTM,63,1995,9999
BLZ,GUY,63,1995,9999
BLZ,HTI,63,1995,9999
BLZ,HND,63,1995,9999
BLZ,JAM,63,1995,9999
BLZ,MEX,63,1995,9999
BLZ,NIC,63,1995,9999
BLZ,PAN,63,1995,9999
BLZ,KNA,63,1995,9999
BLZ,LCA,63,1995,9999
BLZ,VCT,63,1995,9999
BLZ,SUR,63,1995,9999
BLZ,TTO,63,1995,9999
BLZ,VEN,63,1995,9999
COL,CRI,63,1995,9999
COL,CUB,63,1995,9999
COL,DMA,63,1995,9999
COL,DOM,63,1995,9999
COL,SLV,63,1995,9999
COL,GRD,63,1995,9999
COL,GTM,63,1995,9999
COL,GUY,63,1995,9999
COL,HTI,63,1995,9999
COL,HND,63,1995,9999
COL,JAM,63,1995,9999
COL,MEX,63,1995,9999
COL,NIC,63,1995,9999
COL,PAN,63,1995,9999
COL,KNA,63,1995,9999
COL,LCA,63,1995,9999
COL,VCT,63,1995,9999
COL,SUR,63,1995,9999
COL,TTO,63,1995,9999
COL,VEN,63,1995,9999
CRI,CUB,63,1995,9999
CRI,DMA,63,1995,9999
CRI,DOM,63,1995,9999
CRI,SLV,63,1995,9999
CRI,GRD,63,1995,9999
CRI,GTM,63,1995,9999
CRI,GUY,63,1995,9999
CRI,HTI,63,1995,9999
CRI,HND,63,1995,9999
CRI,JAM,63,1995,9999
CRI,MEX,63,1995,9999
CRI,NIC,63,1995,9999
CRI,PAN,63,1995,9999
CRI,KNA,63,1995,9999
CRI,LCA,63,1995,9999
CRI,VCT,63,1995,9999
CRI,SUR,63,1995,9999
CRI,TTO,63,1995,9999
CRI,VEN,63,1995,9999
CUB,DMA,63,1995,9999
CUB,DOM,63,1995,9999
CUB,SLV,63,1995,9999
CUB,GRD,63,1995,9999
CUB,GTM,63,1995,9999
CUB,GUY,63,1995,9999
CUB,HTI,63,1995,9999
CUB,HND,63,1995,9999
CUB,JAM,63,1995,9999
CUB,MEX,63,1995,9999
CUB,NIC,63,1995,9999
CUB,PAN,63,1995,9999
CUB,KNA,63,1995,9999
CUB,LCA,63,1995,9999
CUB,VCT,63,1995,9999
CUB,SUR,63,1995,9999
CUB,TTO,63,1995,9999
CUB,VEN,63,1995,9999
DMA,DOM,63,1995,9999
DMA,SLV,63,1995,9999
DMA,GRD,63,1995,9999
DMA,GTM,63,1995,9999
DMA,GUY,63,1995,9999
DMA,HTI,63,1995,9999
DMA,HND,63,1995,9999
DMA,JAM,63,1995,9999
DMA,MEX,63,1995,9999
DMA,NIC,63,1995,9999
DMA,PAN,63,1995,9999
DMA,KNA,63,1995,9999
DMA,LCA,63,1995,9999
DMA,VCT,63,1995,9999
DMA,SUR,63,1995,9999
DMA,TTO,63,1995,9999
DMA,VEN,63,1995,9999
DOM,SLV,63,1995,9999
DOM,GRD,63,1995,9999
DOM,GTM,63,1995,9999
DOM,GUY,63,1995,9999
DOM,HTI,63,1995,9999
DOM,HND,63,1995,9999
DOM,JAM,63,1995,9999
DOM,MEX,63,1995,9999
DOM,NIC,63,1995,9999
DOM,PAN,63,1995,9999
DOM,KNA,63,1995,9999
DOM,LCA,63,1995,9999
DOM,VCT,63,1995,9999
DOM,SUR,63,1995,9999
DOM,TTO,63,1995,9999
DOM,VEN,63,1995,9999
SLV,GRD,63,1995,9999
SLV,GTM,63,1995,9999
SLV,GUY,63,1995,9999
SLV,HTI,63,1995,9999
SLV,HND,63,1995,9999
SLV,JAM,63,1995,9999
SLV,MEX,63,1995,9999
SLV,NIC,63,1995,9999
SLV,PAN,63,1995,9999
SLV,KNA,63,1995,9999
SLV,LCA,63,1995,9999
SLV,VCT,63,1995,9999
SLV,SUR,63,1995,9999
SLV,TTO,63,1995,9999
SLV,VEN,63,1995,9999
GRD,GTM,63,1995,9999
GRD,GUY,63,1995,9999
GRD,HTI,63,1995,9999
GRD,HND,63,1995,9999
GRD,JAM,63,1995,9999
GRD,MEX,63,1995,9999
GRD,NIC,63,1995,9999
GRD,PAN,63,1995,9999
GRD,KNA,63,1995,9999
GRD,LCA,63,1995,9999
GRD,VCT,63,1995,9999
GRD,SUR,63,1995,9999
GRD,TTO,63,1995,9999
GRD,VEN,63,1995,9999
GTM,GUY,63,1995,9999
GTM,HTI,63,1995,9999
GTM,HND,63,1995,9999
GTM,JAM,63,1995,9999
GTM,MEX,63,1995,9999
GTM,NIC,63,1995,9999
GTM,PAN,63,1995,9999
GTM,KNA,63,1995,9999
GTM,LCA,63,1995,9999
GTM,VCT,63,1995,9999
GTM,SUR,63,1995,9999
GTM,TTO,63,1995,9999
GTM,VEN,63,1995,9999
GUY,HTI,63,1995,9999
GUY,HND,63,1995,9999
GUY,JAM,63,1995,9999
GUY,MEX,63,1995,9999
GUY,NIC,63,1995,9999
GUY,PAN,63,1995,9999
GUY,KNA,63,1995,9999
GUY,LCA,63,1995,9999
GUY,VCT,63,1995,9999
GUY,SUR,63,1995,9999
GUY,TTO,63,1995,9999
GUY,VEN,63,1995,9999
HTI,HND,63,1995,9999
HTI,JAM,63,1995,9999
HTI,MEX,63,1995,9999
HTI,NIC,63,1995,9999
HTI,PAN,63,1995,9999
HTI,KNA,63,1995,9999
HTI,LCA,63,1995,9999
HTI,VCT,63,1995,9999
HTI,SUR,63,1995,9999
HTI,TTO,63,1995,9999
HTI,VEN,63,1995,9999
HND,JAM,63,1995,9999
HND,MEX,63,1995,9999
HND,NIC,63,1995,9999
HND,PAN,63,1995,9999
HND,KNA,63,1995,9999
HND,LCA,63,1995,9999
HND,VCT,63,1995,9999
HND,SUR,63,1995,9999
HND,TTO,63,1995,9999
HND,VEN,63,1995,9999
JAM,MEX,63,1995,9999
JAM,NIC,63,1995,9999
JAM,PAN,63,1995,9999
JAM,KNA,63,1995,9999
JAM,LCA,63,1995,9999
JAM,VCT,63,1995,9999
JAM,SUR,63,1995,9999
JAM,TTO,63,1995,9999
JAM,VEN,63,1995,9999
MEX,NIC,63,1995,9999
MEX,PAN,63,1995,9999
MEX,KNA,63,1995,9999
MEX,LCA,63,1995,9999
MEX,VCT,63,1995,9999
MEX,SUR,63,1995,9999
MEX,TTO,63,1995,9999
MEX,VEN,63,1995,9999
NIC,PAN,63,1995,9999
NIC,KNA,63,1995,9999
NIC,LCA,63,1995,9999
NIC,VCT,63,1995,9999
NIC,SUR,63,1995,9999
NIC,TTO,63,1995,9999
NIC,VEN,63,1995,9999
PAN,KNA,63,1995,9999
PAN,LCA,63,1995,9999
PAN,VCT,63,1995,9999
PAN,SUR,63,1995,9999
PAN,TTO,63,1995,9999
PAN,VEN,63,1995,9999
KNA,LCA,63,1995,9999
KNA,VCT,63,1995,9999
KNA,SUR,63,1995,9999
KNA,TTO,63,1995,9999
KNA,VEN,63,1995,9999
LCA,VCT,63,1995,9999
LCA,SUR,63,1995,9999
LCA,TTO,63,1995,9999
LCA,VEN,63,1995,9999
VCT,SUR,63,1995,9999
VCT,TTO,63,1995,9999
VCT,VEN,63,1995,9999
SUR,TTO,63,1995,9999
SUR,VEN,63,1995,9999
TTO,VEN,63,1995,9999
BRN,IDN,64,1992,9999
BRN,MYS,64,1992,9999
BRN,PHL,64,1992,9999
BRN,SGP,64,1992,9999
BRN,THA,64,1992,9999
IDN,MYS,64,1992,9999
IDN,PHL,64,1992,9999
IDN,SGP,64,1992,9999
IDN,THA,64,1992,9999
MYS,PHL,64,1992,9999
MYS,SGP,64,1992,9999
MYS,THA,64,1992,9999
PHL,SGP,64,1992,9999
PHL,THA,64,1992,9999
SGP,THA,64,1992,9999
IDN,MYS,65,1977,9999
IDN,PHL,65,1977,9999
IDN,SGP,65,1977,9999
IDN,THA,65,1977,9999
MYS,PHL,65,1977,9999
MYS,SGP,65,1977,9999
MYS,THA,65,1977,9999
PHL,SGP,65,1977,9999
PHL,THA,65,1977,9999
SGP,THA,65,1977,9999
AUS,BRN,66,2010,9999
AUS,KHM,66,2010,9999
AUS,IDN,66,2010,9999
AUS,LAO,66,2010,9999
AUS,MYS,66,2010,9999
AUS,MMR,66,2010,9999
AUS,PHL,66,2010,9999
AUS,SGP,66,2010,9999
AUS,THA,66,2010,9999
AUS,VNM,66,2010,9999
BRN,NZL,66,2010,9999
KHM,NZL,66,2010,9999
IDN,NZL,66,2010,9999
LAO,NZL,66,2010,9999
MYS,NZL,66,2010,9999
MMR,NZL,66,2010,9999
NZL,PHL,66,2010,9999
NZL,SGP,66,2010,9999
NZL,THA,66,2010,9999
NZL,VNM,66,2010,9999
BRN,CHN,67,2005,9999
KHM,CHN,67,2005,9999
CHN,IDN,67,2005,9999
CHN,LAO,67,2005,9999
CHN,MYS,67,2005,9999
CHN,MMR,67,2005,9999
CHN,PHL,67,2005,9999
CHN,SGP,67,2005,9999
CHN,THA,67,2005,9999
CHN,VNM,67,2005,9999
BRN,CHN,68a,2007,9999
KHM,CHN,68a,2007,9999
CHN,IDN,68a,2007,9999
CHN,LAO,68a,2007,9999
CHN,MYS,68a,2007,9999
CHN,MMR,68a,2007,9999
CHN,PHL,68a,2007,9999
CHN,SGP,68a,2007,9999
CHN,THA,68a,2007,9999
CHN,VNM,68a,2007,9999
BRN,KHM,69,2010,9999
BRN,IDN,69,2010,9999
BRN,LAO,69,2010,9999
BRN,MYS,69,2010,9999
BRN,MMR,69,2010,9999
BRN,PHL,69,2010,9999
BRN,SGP,69,2010,9999
BRN,THA,69,2010,9999
BRN,VNM,69,2010,9999
KHM,IDN,69,2010,9999
KHM,LAO,69,2010,9999
KHM,MYS,69,2010,9999
KHM,MMR,69,2010,9999
KHM,PHL,69,2010,9999
KHM,SGP,69,2010,9999
KHM,THA,69,2010,9999
KHM,VNM,69,2010,9999
IDN,LAO,69,2010,9999
IDN,MYS,69,2010,9999
IDN,MMR,69,2010,9999
IDN,PHL,69,2010,9999
IDN,SGP,69,2010,9999
IDN,THA,69,2010,9999
IDN,VNM,69,2010,9999
LAO,MYS,69,2010,9999
LAO,MMR,69,2010,9999
LAO,PHL,69,2010,9999
LAO,SGP,69,2010,9999
LAO,THA,69,2010,9999
LAO,VNM,69,2010,9999
MYS,MMR,69,2010,9999
MYS,PHL,69,2010,9999
MYS,SGP,69,2010,9999
MYS,THA,69,2010,9999
MYS,VNM,69,2010,9999
MMR,PHL,69,2010,9999
MMR,SGP,69,2010,9999
MMR,THA,69,2010,9999
MMR,VNM,69,2010,9999
PHL,SGP,69,2010,9999
PHL,THA,69,2010,9999
PHL,VNM,69,2010,9999
SGP,THA,69,2010,9999
SGP,VNM,69,2010,9999
THA,VNM,69,2010,9999
BRN,IND,70,2010,9999
KHM,IND,70,2010,9999
IND,IDN,70,2010,9999
IND,LAO,70,2010,9999
IND,MYS,70,2010,9999
IND,MMR,70,2010,9999
IND,PHL,70,2010,9999
IND,SGP,70,2010,9999
IND,THA,70,2010,9999
IND,VNM,70,2010,9999
BRN,JPN,71,2008,9999
KHM,JPN,71,2008,9999
IDN,JPN,71,2008,9999
JPN,LAO,71,2008,9999
JPN,MYS,71,2008,9999
JPN,MMR,71,2008,9999
JPN,PHL,71,2008,9999
JPN,SGP,71,2008,9999
JPN,THA,71,2008,9999
JPN,VNM,71,2008,9999
BRN,KOR,72,2007,9999
KHM,KOR,72,2007,9999
IDN,KOR,72,2007,9999
LAO,KOR,72,2007,9999
MYS,KOR,72,2007,9999
MMR,KOR,72,2007,9999
PHL,KOR,72,2007,9999
SGP,KOR,72,2007,9999
KOR,VNM,72,2007,9999
BRN,KOR,73a,2009,9999
KHM,KOR,73a,2009,9999
IDN,KOR,73a,2009,9999
LAO,KOR,73a,2009,9999
MYS,KOR,73a,2009,9999
MMR,KOR,73a,2009,9999
PHL,KOR,73a,2009,9999
SGP,KOR,73a,2009,9999
KOR,VNM,73a,2009,9999
AUS,CAN,74,1960,9999
AUS,CHL,75,2009,9999
AUS,NZL,77,1983,9999
AUS,NZL,78a,1989,9999
AUS,NZL,79,1966,9999
AUS,PNG,80,1991,9999
AUS,PNG,81,1977,9999
AUS,SGP,1114a,2017,9999
AUS,SGP,82,2003,9999
AUS,THA,83,2005,9999
AUS,USA,84,2005,9999
AUT,BEL,85,1972,9999
AUT,DNK,85,1972,9999
AUT,FRA,85,1972,9999
AUT,DEU,85,1972,9999
AUT,IRL,85,1972,9999
AUT,ITA,85,1972,9999
AUT,LUX,85,1972,9999
AUT,NLD,85,1972,9999
AUT,GBR,85,1972,9999
AUT,PRT,85+1,1986,9999
AUT,ESP,85+1,1986,9999
AZE,GEO,86,1996,9999
AZE,KAZ,87,1999,9999
AZE,MDA,89,1996,9999
AZE,RUS,90,1993,9999
AZE,UKR,92,1996,9999
BHR,JOR,94,2005,9999
BHR,USA,96,2006,9999
EST,LVA,97,1997,9999
EST,LTU,97,1997,9999
LVA,LTU,97,1997,9999
EST,LVA,98,1994,9999
EST,LTU,98,1994,9999
LVA,LTU,98,1994,9999
EST,LVA,99,1998,9999
EST,LTU,99,1998,9999
LVA,LTU,99,1998,9999
BGD,IND,100,1976,9999
BGD,LAO,100,1976,9999
BGD,KOR,100,1976,9999
BGD,LKA,100,1976,9999
IND,LAO,100,1976,9999
IND,KOR,100,1976,9999
IND,LKA,100,1976,9999
LAO,KOR,100,1976,9999
LAO,LKA,100,1976,9999
KOR,LKA,100,1976,9999
BGD,CHN,100+1,2002,9999
CHN,IND,100+1,2002,9999
CHN,LAO,100+1,2002,9999
CHN,KOR,100+1,2002,9999
CHN,LKA,100+1,2002,9999
BLR,KAZ,104,2010,9999
BLR,RUS,104,2010,9999
KAZ,RUS,104,2010,9999
BLR,KGZ,105,2000,9999
BLR,MDA,106,1994,9999
BLR,RUS,109,2000,9999
BLR,SRB,112,2009,9999
BLR,UKR,114,2006,9999
BLZ,GTM,115,2010,9999
BTN,IND,116,2006,9999
BTN,IND,117,1972,9999
BOL,BRA,118,1994,9999
BOL,CHL,119,1993,9999
BOL,CUB,120,1998,9999
BOL,CUB,121,2004,9999
ARG,BOL,122,1996,9999
BOL,BRA,122,1996,9999
BOL,PRY,122,1996,9999
BOL,URY,122,1996,9999
ARG,BOL,123,1997,9999
BOL,BRA,123,1997,9999
BOL,PRY,123,1997,9999
BOL,URY,123,1997,9999
BOL,MEX,124,1995,9999
BOL,PRY,125,1994,9999
BOL,URY,126,1991,9999
BIH,BGR,128,2004,9999
BIH,HRV,129,2001,9999
AUT,BIH,130,2015,9999
BEL,BIH,130,2015,9999
BIH,BGR,130,2015,9999
BIH,HRV,130,2015,9999
BIH,CYP,130,2015,9999
BIH,CZE,130,2015,9999
BIH,DNK,130,2015,9999
BIH,EST,130,2015,9999
BIH,FIN,130,2015,9999
BIH,FRA,130,2015,9999
BIH,DEU,130,2015,9999
BIH,GRC,130,2015,9999
BIH,HUN,130,2015,9999
BIH,IRL,130,2015,9999
BIH,ITA,130,2015,9999
BIH,LVA,130,2015,9999
BIH,LTU,130,2015,9999
BIH,LUX,130,2015,9999
BIH,MLT,130,2015,9999
BIH,NLD,130,2015,9999
BIH,POL,130,2015,9999
BIH,PRT,130,2015,9999
BIH,ROU,130,2015,9999
BIH,SVK,130,2015,9999
BIH,SVN,130,2015,9999
BIH,ESP,130,2015,9999
BIH,SWE,130,2015,9999
BIH,GBR,130,2015,2020
BIH,MKD,131,2002,9999
BIH,MDA,132,2004,9999
BIH,ROU,133,2003,9999
BIH,SRB,134,2002,9999
BIH,SVN,135,2002,9999
BIH,TUR,136,2003,9999
BRA,CUB,139,2000,9999
BRA,GUY,140,2004,9999
BRA,MEX,141,2003,9999
BRA,SUR,143,2006,9999
BRA,URY,144,1986,9999
BRA,VEN,145,1994,9999
BRN,JPN,146,2008,9999
BGR,CZE,147,1996,9999
BEL,BGR,148,1993,9999
BGR,DNK,148,1993,9999
BGR,FRA,148,1993,9999
BGR,DEU,148,1993,9999
BGR,GRC,148,1993,9999
BGR,IRL,148,1993,9999
BGR,ITA,148,1993,9999
BGR,LUX,148,1993,9999
BGR,NLD,148,1993,9999
BGR,PRT,148,1993,9999
BGR,ESP,148,1993,9999
BGR,GBR,148,1993,9999
AUT,BGR,148+1,1995,9999
BGR,FIN,148+1,1995,9999
BGR,SWE,148+1,1995,9999
BGR,CYP,148+2,2004,9999
BGR,CZE,148+2,2004,9999
BGR,EST,148+2,2004,9999
BGR,HUN,148+2,2004,9999
BGR,LVA,148+2,2004,9999
BGR,LTU,148+2,2004,9999
BGR,MLT,148+2,2004,9999
BGR,POL,148+2,2004,9999
BGR,SVK,148+2,2004,9999
BGR,SVN,148+2,2004,9999
AUT,BGR,149,1993,1994
BGR,FIN,149,1993,1994
BGR,ISL,149,1993,9999
BGR,LIE,149,1993,9999
BGR,NOR,149,1993,9999
BGR,SWE,149,1993,1994
BGR,CHE,149,1993,9999
BGR,EST,150,2002,9999
BGR,FIN,151,1975,9999
BGR,ISR,152,2002,9999
BGR,LVA,153,2003,9999
BGR,LTU,154,2002,9999
BGR,MKD,155,2000,9999
BGR,MDA,156,2004,9999
BGR,SRB,157,2004,9999
BGR,SVK,158,1996,9999
BGR,SVN,159,1997,9999
BGR,TUR,160,1999,9999
CAN,CHL,1075a,2019,9999
CAN,CHL,161,1997,9999
CAN,COL,162,2011,9999
CAN,CRI,163,2002,9999
CAN,ISL,164,2009,9999
CAN,LIE,164,2009,9999
CAN,NOR,164,2009,9999
CAN,CHE,164,2009,9999
CAN,ISR,1065a,2019,9999
CAN,ISR,165,1997,9999
CAN,JOR,166,2012,9999
CAN,NZL,167,1982,9999
CAN,PER,168,2009,9999
CAN,USA,169,1989,9999
CAN,USA,170,1966,9999
ATG,BRB,171,1973,9999
ATG,BLZ,171,1973,9999
ATG,DMA,171,1973,9999
ATG,GRD,171,1973,9999
ATG,GUY,171,1973,9999
ATG,JAM,171,1973,9999
ATG,MSR,171,1973,9999
ATG,KNA,171,1973,9999
ATG,LCA,171,1973,9999
ATG,VCT,171,1973,9999
ATG,TTO,171,1973,9999
BRB,BLZ,171,1973,9999
BRB,DMA,171,1973,9999
BRB,GRD,171,1973,9999
BRB,GUY,171,1973,9999
BRB,JAM,171,1973,9999
BRB,MSR,171,1973,9999
BRB,KNA,171,1973,9999
BRB,LCA,171,1973,9999
BRB,VCT,171,1973,9999
BRB,TTO,171,1973,9999
BLZ,DMA,171,1973,9999
BLZ,GRD,171,1973,9999
BLZ,GUY,171,1973,9999
BLZ,JAM,171,1973,9999
BLZ,MSR,171,1973,9999
BLZ,KNA,171,1973,9999
BLZ,LCA,171,1973,9999
BLZ,VCT,171,1973,9999
BLZ,TTO,171,1973,9999
DMA,GRD,171,1973,9999
DMA,GUY,171,1973,9999
DMA,JAM,171,1973,9999
DMA,MSR,171,1973,9999
DMA,KNA,171,1973,9999
DMA,LCA,171,1973,9999
DMA,VCT,171,1973,9999
DMA,TTO,171,1973,9999
GRD,GUY,171,1973,9999
GRD,JAM,171,1973,9999
GRD,MSR,171,1973,9999
GRD,KNA,171,1973,9999
GRD,LCA,171,1973,9999
GRD,VCT,171,1973,9999
GRD,TTO,171,1973,9999
GUY,JAM,171,1973,9999
GUY,MSR,171,1973,9999
GUY,KNA,171,1973,9999
GUY,LCA,171,1973,9999
GUY,VCT,171,1973,9999
GUY,TTO,171,1973,9999
JAM,MSR,171,1973,9999
JAM,KNA,171,1973,9999
JAM,LCA,171,1973,9999
JAM,VCT,171,1973,9999
JAM,TTO,171,1973,9999
MSR,KNA,171,1973,9999
MSR,LCA,171,1973,9999
MSR,VCT,171,1973,9999
MSR,TTO,171,1973,9999
KNA,LCA,171,1973,9999
KNA,VCT,171,1973,9999
KNA,TTO,171,1973,9999
LCA,VCT,171,1973,9999
LCA,TTO,171,1973,9999
VCT,TTO,171,1973,9999
ATG,BHS,176a,1997,9999
ATG,BRB,176a,1997,9999
ATG,BLZ,176a,1997,9999
ATG,DMA,176a,1997,9999
ATG,GRD,176a,1997,9999
ATG,GUY,176a,1997,9999
ATG,JAM,176a,1997,9999
ATG,MSR,176a,1997,9999
ATG,KNA,176a,1997,9999
ATG,LCA,176a,1997,9999
ATG,VCT,176a,1997,9999
ATG,SUR,176a,1997,9999
ATG,TTO,176a,1997,9999
BHS,BRB,176a,1997,9999
BHS,BLZ,176a,1997,9999
BHS,DMA,176a,1997,9999
BHS,GRD,176a,1997,9999
BHS,GUY,176a,1997,9999
BHS,JAM,176a,1997,9999
BHS,MSR,176a,1997,9999
BHS,KNA,176a,1997,9999
BHS,LCA,176a,1997,9999
BHS,VCT,176a,1997,9999
BHS,SUR,176a,1997,9999
BHS,TTO,176a,1997,9999
BRB,BLZ,176a,1997,9999
BRB,DMA,176a,1997,9999
BRB,GRD,176a,1997,9999
BRB,GUY,176a,1997,9999
BRB,JAM,176a,1997,9999
BRB,MSR,176a,1997,9999
BRB,KNA,176a,1997,9999
BRB,LCA,176a,1997,9999
BRB,VCT,176a,1997,9999
BRB,SUR,176a,1997,9999
BRB,TTO,176a,1997,9999
BLZ,DMA,176a,1997,9999
BLZ,GRD,176a,1997,9999
BLZ,GUY,176a,1997,9999
BLZ,JAM,176a,1997,9999
BLZ,MSR,176a,1997,9999
BLZ,KNA,176a,1997,9999
BLZ,LCA,176a,1997,9999
BLZ,VCT,176a,1997,9999
BLZ,SUR,176a,1997,9999
BLZ,TTO,176a,1997,9999
DMA,GRD,176a,1997,9999
DMA,GUY,176a,1997,9999
DMA,JAM,176a,1997,9999
DMA,MSR,176a,1997,9999
DMA,KNA,176a,1997,9999
DMA,LCA,176a,1997,9999
DMA,VCT,176a,1997,9999
DMA,SUR,176a,1997,9999
DMA,TTO,176a,1997,9999
GRD,GUY,176a,1997,9999
GRD,JAM,176a,1997,9999
GRD,MSR,176a,1997,9999
GRD,KNA,176a,1997,9999
GRD,LCA,176a,1997,9999
GRD,VCT,176a,1997,9999
GRD,SUR,176a,1997,9999
GRD,TTO,176a,1997,9999
GUY,JAM,176a,1997,9999
GUY,MSR,176a,1997,9999
GUY,KNA,176a,1997,9999
GUY,LCA,176a,1997,9999
GUY,VCT,176a,1997,9999
GUY,SUR,176a,1997,9999
GUY,TTO,176a,1997,9999
JAM,MSR,176a,1997,9999
JAM,KNA,176a,1997,9999
JAM,LCA,176a,1997,9999
JAM,VCT,176a,1997,9999
JAM,SUR,176a,1997,9999
JAM,TTO,176a,1997,9999
MSR,KNA,176a,1997,9999
MSR,LCA,176a,1997,9999
MSR,VCT,176a,1997,9999
MSR,SUR,176a,1997,9999
MSR,TTO,176a,1997,9999
KNA,LCA,176a,1997,9999
KNA,VCT,176a,1997,9999
KNA,SUR,176a,1997,9999
KNA,TTO,176a,1997,9999
LCA,VCT,176a,1997,9999
LCA,SUR,176a,1997,9999
LCA,TTO,176a,1997,9999
VCT,SUR,176a,1997,9999
VCT,TTO,176a,1997,9999
SUR,TTO,176a,1997,9999
ATG,COL,172,1995,9999
BHS,COL,172,1995,9999
BRB,COL,172,1995,9999
BLZ,COL,172,1995,9999
COL,DMA,172,1995,9999
COL,GRD,172,1995,9999
COL,GUY,172,1995,9999
COL,JAM,172,1995,9999
COL,MSR,172,1995,9999
COL,KNA,172,1995,9999
COL,LCA,172,1995,9999
COL,VCT,172,1995,9999
COL,TTO,172,1995,9999
ATG,CRI,173,2005,9999
BHS,CRI,173,2005,9999
BRB,CRI,173,2005,9999
BLZ,CRI,173,2005,9999
CRI,DMA,173,2005,9999
CRI,GRD,173,2005,9999
CRI,GUY,173,2005,9999
CRI,JAM,173,2005,9999
CRI,MSR,173,2005,9999
CRI,KNA,173,2005,9999
CRI,LCA,173,2005,9999
CRI,VCT,173,2005,9999
CRI,SUR,173,2005,9999
CRI,TTO,173,2005,9999
ATG,CUB,174,2001,9999
BHS,CUB,174,2001,9999
BRB,CUB,174,2001,9999
BLZ,CUB,174,2001,9999
CUB,DMA,174,2001,9999
CUB,GRD,174,2001,9999
CUB,GUY,174,2001,9999
CUB,JAM,174,2001,9999
CUB,MSR,174,2001,9999
CUB,KNA,174,2001,9999
CUB,LCA,174,2001,9999
CUB,VCT,174,2001,9999
CUB,SUR,174,2001,9999
CUB,TTO,174,2001,9999
ATG,DOM,175,2001,9999
BHS,DOM,175,2001,9999
BRB,DOM,175,2001,9999
BLZ,DOM,175,2001,9999
DMA,DOM,175,2001,9999
DOM,GRD,175,2001,9999
DOM,GUY,175,2001,9999
DOM,JAM,175,2001,9999
DOM,MSR,175,2001,9999
DOM,KNA,175,2001,9999
DOM,LCA,175,2001,9999
DOM,VCT,175,2001,9999
DOM,SUR,175,2001,9999
DOM,TTO,175,2001,9999
ATG,BHS,177,2006,9999
ATG,BRB,177,2006,9999
ATG,BLZ,177,2006,9999
ATG,DMA,177,2006,9999
ATG,GRD,177,2006,9999
ATG,GUY,177,2006,9999
ATG,JAM,177,2006,9999
ATG,MSR,177,2006,9999
ATG,KNA,177,2006,9999
ATG,LCA,177,2006,9999
ATG,VCT,177,2006,9999
ATG,SUR,177,2006,9999
ATG,TTO,177,2006,9999
BHS,BRB,177,2006,9999
BHS,BLZ,177,2006,9999
BHS,DMA,177,2006,9999
BHS,GRD,177,2006,9999
BHS,GUY,177,2006,9999
BHS,JAM,177,2006,9999
BHS,MSR,177,2006,9999
BHS,KNA,177,2006,9999
BHS,LCA,177,2006,9999
BHS,VCT,177,2006,9999
BHS,SUR,177,2006,9999
BHS,TTO,177,2006,9999
BRB,BLZ,177,2006,9999
BRB,DMA,177,2006,9999
BRB,GRD,177,2006,9999
BRB,GUY,177,2006,9999
BRB,JAM,177,2006,9999
BRB,MSR,177,2006,9999
BRB,KNA,177,2006,9999
BRB,LCA,177,2006,9999
BRB,VCT,177,2006,9999
BRB,SUR,177,2006,9999
BRB,TTO,177,2006,9999
BLZ,DMA,177,2006,9999
BLZ,GRD,177,2006,9999
BLZ,GUY,177,2006,9999
BLZ,JAM,177,2006,9999
BLZ,MSR,177,2006,9999
BLZ,KNA,177,2006,9999
BLZ,LCA,177,2006,9999
BLZ,VCT,177,2006,9999
BLZ,SUR,177,2006,9999
BLZ,TTO,177,2006,9999
DMA,GRD,177,2006,9999
DMA,GUY,177,2006,9999
DMA,JAM,177,2006,9999
DMA,MSR,177,2006,9999
DMA,KNA,177,2006,9999
DMA,LCA,177,2006,9999
DMA,VCT,177,2006,9999
DMA,SUR,177,2006,9999
DMA,TTO,177,2006,9999
GRD,GUY,177,2006,9999
GRD,JAM,177,2006,9999
GRD,MSR,177,2006,9999
GRD,KNA,177,2006,9999
GRD,LCA,177,2006,9999
GRD,VCT,177,2006,9999
GRD,SUR,177,2006,9999
GRD,TTO,177,2006,9999
GUY,JAM,177,2006,9999
GUY,MSR,177,2006,9999
GUY,KNA,177,2006,9999
GUY,LCA,177,2006,9999
GUY,VCT,177,2006,9999
GUY,SUR,177,2006,9999
GUY,TTO,177,2006,9999
JAM,MSR,177,2006,9999
JAM,KNA,177,2006,9999
JAM,LCA,177,2006,9999
JAM,VCT,177,2006,9999
JAM,SUR,177,2006,9999
JAM,TTO,177,2006,9999
MSR,KNA,177,2006,9999
MSR,LCA,177,2006,9999
MSR,VCT,177,2006,9999
MSR,SUR,177,2006,9999
MSR,TTO,177,2006,9999
KNA,LCA,177,2006,9999
KNA,VCT,177,2006,9999
KNA,SUR,177,2006,9999
KNA,TTO,177,2006,9999
LCA,VCT,177,2006,9999
LCA,SUR,177,2006,9999
LCA,TTO,177,2006,9999
VCT,SUR,177,2006,9999
VCT,TTO,177,2006,9999
SUR,TTO,177,2006,9999
ATG,VEN,178,1993,9999
BHS,VEN,178,1993,9999
BRB,VEN,178,1993,9999
BLZ,VEN,178,1993,9999
DMA,VEN,178,1993,9999
GRD,VEN,178,1993,9999
GUY,VEN,178,1993,9999
JAM,VEN,178,1993,9999
MSR,VEN,178,1993,9999
KNA,VEN,178,1993,9999
LCA,VEN,178,1993,9999
VCT,VEN,178,1993,9999
TTO,VEN,178,1993,9999
ATG,BRB,180,1968,9999
ATG,DMA,180,1968,9999
ATG,GRD,180,1968,9999
ATG,GUY,180,1968,9999
ATG,JAM,180,1968,9999
ATG,MSR,180,1968,9999
ATG,KNA,180,1968,9999
ATG,LCA,180,1968,9999
ATG,VCT,180,1968,9999
ATG,TTO,180,1968,9999
BRB,DMA,180,1968,9999
BRB,GRD,180,1968,9999
BRB,GUY,180,1968,9999
BRB,JAM,180,1968,9999
BRB,MSR,180,1968,9999
BRB,KNA,180,1968,9999
BRB,LCA,180,1968,9999
BRB,VCT,180,1968,9999
BRB,TTO,180,1968,9999
DMA,GRD,180,1968,9999
DMA,GUY,180,1968,9999
DMA,JAM,180,1968,9999
DMA,MSR,180,1968,9999
DMA,KNA,180,1968,9999
DMA,LCA,180,1968,9999
DMA,VCT,180,1968,9999
DMA,TTO,180,1968,9999
GRD,GUY,180,1968,9999
GRD,JAM,180,1968,9999
GRD,MSR,180,1968,9999
GRD,KNA,180,1968,9999
GRD,LCA,180,1968,9999
GRD,VCT,180,1968,9999
GRD,TTO,180,1968,9999
GUY,JAM,180,1968,9999
GUY,MSR,180,1968,9999
GUY,KNA,180,1968,9999
GUY,LCA,180,1968,9999
GUY,VCT,180,1968,9999
GUY,TTO,180,1968,9999
JAM,MSR,180,1968,9999
JAM,KNA,180,1968,9999
JAM,LCA,180,1968,9999
JAM,VCT,180,1968,9999
JAM,TTO,180,1968,9999
MSR,KNA,180,1968,9999
MSR,LCA,180,1968,9999
MSR,VCT,180,1968,9999
MSR,TTO,180,1968,9999
KNA,LCA,180,1968,9999
KNA,VCT,180,1968,9999
KNA,TTO,180,1968,9999
LCA,VCT,180,1968,9999
LCA,TTO,180,1968,9999
VCT,TTO,180,1968,9999
ATG,AUT,181,2008,9999
ATG,BEL,181,2008,9999
ATG,BGR,181,2008,9999
ATG,CYP,181,2008,9999
ATG,CZE,181,2008,9999
ATG,DNK,181,2008,9999
ATG,EST,181,2008,9999
ATG,FIN,181,2008,9999
ATG,FRA,181,2008,9999
ATG,DEU,181,2008,9999
ATG,GRC,181,2008,9999
ATG,HUN,181,2008,9999
ATG,IRL,181,2008,9999
ATG,ITA,181,2008,9999
ATG,LVA,181,2008,9999
ATG,LTU,181,2008,9999
ATG,LUX,181,2008,9999
ATG,MLT,181,2008,9999
ATG,NLD,181,2008,9999
ATG,POL,181,2008,9999
ATG,PRT,181,2008,9999
ATG,ROU,181,2008,9999
ATG,SVK,181,2008,9999
ATG,SVN,181,2008,9999
ATG,ESP,181,2008,9999
ATG,SWE,181,2008,9999
ATG,GBR,181,2008,2020
AUT,BHS,181,2008,9999
AUT,BRB,181,2008,9999
AUT,BLZ,181,2008,9999
AUT,DMA,181,2008,9999
AUT,DOM,181,2008,9999
AUT,GRD,181,2008,9999
AUT,GUY,181,2008,9999
AUT,HTI,181,2008,9999
AUT,JAM,181,2008,9999
AUT,KNA,181,2008,9999
AUT,LCA,181,2008,9999
AUT,VCT,181,2008,9999
AUT,SUR,181,2008,9999
AUT,TTO,181,2008,9999
BHS,BEL,181,2008,9999
BHS,BGR,181,2008,9999
BHS,CYP,181,2008,9999
BHS,CZE,181,2008,9999
BHS,DNK,181,2008,9999
BHS,EST,181,2008,9999
BHS,FIN,181,2008,9999
BHS,FRA,181,2008,9999
BHS,DEU,181,2008,9999
BHS,GRC,181,2008,9999
BHS,HUN,181,2008,9999
BHS,IRL,181,2008,9999
BHS,ITA,181,2008,9999
BHS,LVA,181,2008,9999
BHS,LTU,181,2008,9999
BHS,LUX,181,2008,9999
BHS,MLT,181,2008,9999
BHS,NLD,181,2008,9999
BHS,POL,181,2008,9999
BHS,PRT,181,2008,9999
BHS,ROU,181,2008,9999
BHS,SVK,181,2008,9999
BHS,SVN,181,2008,9999
BHS,ESP,181,2008,9999
BHS,SWE,181,2008,9999
BHS,GBR,181,2008,2020
BRB,BEL,181,2008,9999
BRB,BGR,181,2008,9999
BRB,CYP,181,2008,9999
BRB,CZE,181,2008,9999
BRB,DNK,181,2008,9999
BRB,EST,181,2008,9999
BRB,FIN,181,2008,9999
BRB,FRA,181,2008,9999
BRB,DEU,181,2008,9999
BRB,GRC,181,2008,9999
BRB,HUN,181,2008,9999
BRB,IRL,181,2008,9999
BRB,ITA,181,2008,9999
BRB,LVA,181,2008,9999
BRB,LTU,181,2008,9999
BRB,LUX,181,2008,9999
BRB,MLT,181,2008,9999
BRB,NLD,181,2008,9999
BRB,POL,181,2008,9999
BRB,PRT,181,2008,9999
BRB,ROU,181,2008,9999
BRB,SVK,181,2008,9999
BRB,SVN,181,2008,9999
BRB,ESP,181,2008,9999
BRB,SWE,181,2008,9999
BRB,GBR,181,2008,2020
BEL,BLZ,181,2008,9999
BEL,DMA,181,2008,9999
BEL,DOM,181,2008,9999
BEL,GRD,181,2008,9999
BEL,GUY,181,2008,9999
BEL,HTI,181,2008,9999
BEL,JAM,181,2008,9999
BEL,KNA,181,2008,9999
BEL,LCA,181,2008,9999
BEL,VCT,181,2008,9999
BEL,SUR,181,2008,9999
BEL,TTO,181,2008,9999
BLZ,BGR,181,2008,9999
BLZ,CYP,181,2008,9999
BLZ,CZE,181,2008,9999
BLZ,DNK,181,2008,9999
BLZ,EST,181,2008,9999
BLZ,FIN,181,2008,9999
BLZ,FRA,181,2008,9999
BLZ,DEU,181,2008,9999
BLZ,GRC,181,2008,9999
BLZ,HUN,181,2008,9999
BLZ,IRL,181,2008,9999
BLZ,ITA,181,2008,9999
BLZ,LVA,181,2008,9999
BLZ,LTU,181,2008,9999
BLZ,LUX,181,2008,9999
BLZ,MLT,181,2008,9999
BLZ,NLD,181,2008,9999
BLZ,POL,181,2008,9999
BLZ,PRT,181,2008,9999
BLZ,ROU,181,2008,9999
BLZ,SVK,181,2008,9999
BLZ,SVN,181,2008,9999
BLZ,ESP,181,2008,9999
BLZ,SWE,181,2008,9999
BLZ,GBR,181,2008,2020
BGR,DMA,181,2008,9999
BGR,DOM,181,2008,9999
BGR,GRD,181,2008,9999
BGR,GUY,181,2008,9999
BGR,HTI,181,2008,9999
BGR,JAM,181,2008,9999
BGR,KNA,181,2008,9999
BGR,LCA,181,2008,9999
BGR,VCT,181,2008,9999
BGR,SUR,181,2008,9999
BGR,TTO,181,2008,9999
CYP,DMA,181,2008,9999
CYP,DOM,181,2008,9999
CYP,GRD,181,2008,9999
CYP,GUY,181,2008,9999
CYP,HTI,181,2008,9999
CYP,JAM,181,2008,9999
CYP,KNA,181,2008,9999
CYP,LCA,181,2008,9999
CYP,VCT,181,2008,9999
CYP,SUR,181,2008,9999
CYP,TTO,181,2008,9999
CZE,DMA,181,2008,9999
CZE,DOM,181,2008,9999
CZE,GRD,181,2008,9999
CZE,GUY,181,2008,9999
CZE,HTI,181,2008,9999
CZE,JAM,181,2008,9999
CZE,KNA,181,2008,9999
CZE,LCA,181,2008,9999
CZE,VCT,181,2008,9999
CZE,SUR,181,2008,9999
CZE,TTO,181,2008,9999
DNK,DMA,181,2008,9999
DNK,DOM,181,2008,9999
DNK,GRD,181,2008,9999
DNK,GUY,181,2008,9999
DNK,HTI,181,2008,9999
DNK,JAM,181,2008,9999
DNK,KNA,181,2008,9999
DNK,LCA,181,2008,9999
DNK,VCT,181,2008,9999
DNK,SUR,181,2008,9999
DNK,TTO,181,2008,9999
DMA,EST,181,2008,9999
DMA,FIN,181,2008,9999
DMA,FRA,181,2008,9999
DMA,DEU,181,2008,9999
DMA,GRC,181,2008,9999
DMA,HUN,181,2008,9999
DMA,IRL,181,2008,9999
DMA,ITA,181,2008,9999
DMA,LVA,181,2008,9999
DMA,LTU,181,2008,9999
DMA,LUX,181,2008,9999
DMA,MLT,181,2008,9999
DMA,NLD,181,2008,9999
DMA,POL,181,2008,9999
DMA,PRT,181,2008,9999
DMA,ROU,181,2008,9999
DMA,SVK,181,2008,9999
DMA,SVN,181,2008,9999
DMA,ESP,181,2008,9999
DMA,SWE,181,2008,9999
DMA,GBR,181,2008,2020
DOM,EST,181,2008,9999
DOM,FIN,181,2008,9999
DOM,FRA,181,2008,9999
DOM,DEU,181,2008,9999
DOM,GRC,181,2008,9999
DOM,HUN,181,2008,9999
DOM,IRL,181,2008,9999
DOM,ITA,181,2008,9999
DOM,LVA,181,2008,9999
DOM,LTU,181,2008,9999
DOM,LUX,181,2008,9999
DOM,MLT,181,2008,9999
DOM,NLD,181,2008,9999
DOM,POL,181,2008,9999
DOM,PRT,181,2008,9999
DOM,ROU,181,2008,9999
DOM,SVK,181,2008,9999
DOM,SVN,181,2008,9999
DOM,ESP,181,2008,9999
DOM,SWE,181,2008,9999
DOM,GBR,181,2008,2020
EST,GRD,181,2008,9999
EST,GUY,181,2008,9999
EST,HTI,181,2008,9999
EST,JAM,181,2008,9999
EST,KNA,181,2008,9999
EST,LCA,181,2008,9999
EST,VCT,181,2008,9999
EST,SUR,181,2008,9999
EST,TTO,181,2008,9999
FIN,GRD,181,2008,9999
FIN,GUY,181,2008,9999
FIN,HTI,181,2008,9999
FIN,JAM,181,2008,9999
FIN,KNA,181,2008,9999
FIN,LCA,181,2008,9999
FIN,VCT,181,2008,9999
FIN,SUR,181,2008,9999
FIN,TTO,181,2008,9999
FRA,GRD,181,2008,9999
FRA,GUY,181,2008,9999
FRA,HTI,181,2008,9999
FRA,JAM,181,2008,9999
FRA,KNA,181,2008,9999
FRA,LCA,181,2008,9999
FRA,VCT,181,2008,9999
FRA,SUR,181,2008,9999
FRA,TTO,181,2008,9999
DEU,GRD,181,2008,9999
DEU,GUY,181,2008,9999
DEU,HTI,181,2008,9999
DEU,JAM,181,2008,9999
DEU,KNA,181,2008,9999
DEU,LCA,181,2008,9999
DEU,VCT,181,2008,9999
DEU,SUR,181,2008,9999
DEU,TTO,181,2008,9999
GRC,GRD,181,2008,9999
GRC,GUY,181,2008,9999
GRC,HTI,181,2008,9999
GRC,JAM,181,2008,9999
GRC,KNA,181,2008,9999
GRC,LCA,181,2008,9999
GRC,VCT,181,2008,9999
GRC,SUR,181,2008,9999
GRC,TTO,181,2008,9999
GRD,HUN,181,2008,9999
GRD,IRL,181,2008,9999
GRD,ITA,181,2008,9999
GRD,LVA,181,2008,9999
GRD,LTU,181,2008,9999
GRD,LUX,181,2008,9999
GRD,MLT,181,2008,9999
GRD,NLD,181,2008,9999
GRD,POL,181,2008,9999
GRD,PRT,181,2008,9999
GRD,ROU,181,2008,9999
GRD,SVK,181,2008,9999
GRD,SVN,181,2008,9999
GRD,ESP,181,2008,9999
GRD,SWE,181,2008,9999
GRD,GBR,181,2008,2020
GUY,HUN,181,2008,9999
GUY,IRL,181,2008,9999
GUY,ITA,181,2008,9999
GUY,LVA,181,2008,9999
GUY,LTU,181,2008,9999
GUY,LUX,181,2008,9999
GUY,MLT,181,2008,9999
GUY,NLD,181,2008,9999
GUY,POL,181,2008,9999
GUY,PRT,181,2008,9999
GUY,ROU,181,2008,9999
GUY,SVK,181,2008,9999
GUY,SVN,181,2008,9999
GUY,ESP,181,2008,9999
GUY,SWE,181,2008,9999
GUY,GBR,181,2008,2020
HTI,HUN,181,2008,9999
HTI,IRL,181,2008,9999
HTI,ITA,181,2008,9999
HTI,LVA,181,2008,9999
HTI,LTU,181,2008,9999
HTI,LUX,181,2008,9999
HTI,MLT,181,2008,9999
HTI,NLD,181,2008,9999
HTI,POL,181,2008,9999
HTI,PRT,181,2008,9999
HTI,ROU,181,2008,9999
HTI,SVK,181,2008,9999
HTI,SVN,181,2008,9999
HTI,ESP,181,2008,9999
HTI,SWE,181,2008,9999
HTI,GBR,181,2008,9999
HUN,JAM,181,2008,9999
HUN,KNA,181,2008,9999
HUN,LCA,181,2008,9999
HUN,VCT,181,2008,9999
HUN,SUR,181,2008,9999
HUN,TTO,181,2008,9999
IRL,JAM,181,2008,9999
IRL,KNA,181,2008,9999
IRL,LCA,181,2008,9999
IRL,VCT,181,2008,9999
IRL,SUR,181,2008,9999
IRL,TTO,181,2008,9999
ITA,JAM,181,2008,9999
ITA,KNA,181,2008,9999
ITA,LCA,181,2008,9999
ITA,VCT,181,2008,9999
ITA,SUR,181,2008,9999
ITA,TTO,181,2008,9999
JAM,LVA,181,2008,9999
JAM,LTU,181,2008,9999
JAM,LUX,181,2008,9999
JAM,MLT,181,2008,9999
JAM,NLD,181,2008,9999
JAM,POL,181,2008,9999
JAM,PRT,181,2008,9999
JAM,ROU,181,2008,9999
JAM,SVK,181,2008,9999
JAM,SVN,181,2008,9999
JAM,ESP,181,2008,9999
JAM,SWE,181,2008,9999
JAM,GBR,181,2008,2020
LVA,KNA,181,2008,9999
LVA,LCA,181,2008,9999
LVA,VCT,181,2008,9999
LVA,SUR,181,2008,9999
LVA,TTO,181,2008,9999
LTU,KNA,181,2008,9999
LTU,LCA,181,2008,9999
LTU,VCT,181,2008,9999
LTU,SUR,181,2008,9999
LTU,TTO,181,2008,9999
LUX,KNA,181,2008,9999
LUX,LCA,181,2008,9999
LUX,VCT,181,2008,9999
LUX,SUR,181,2008,9999
LUX,TTO,181,2008,9999
MLT,KNA,181,2008,9999
MLT,LCA,181,2008,9999
MLT,VCT,181,2008,9999
MLT,SUR,181,2008,9999
MLT,TTO,181,2008,9999
NLD,KNA,181,2008,9999
NLD,LCA,181,2008,9999
NLD,VCT,181,2008,9999
NLD,SUR,181,2008,9999
NLD,TTO,181,2008,9999
POL,KNA,181,2008,9999
POL,LCA,181,2008,9999
POL,VCT,181,2008,9999
POL,SUR,181,2008,9999
POL,TTO,181,2008,9999
PRT,KNA,181,2008,9999
PRT,LCA,181,2008,9999
PRT,VCT,181,2008,9999
PRT,SUR,181,2008,9999
PRT,TTO,181,2008,9999
ROU,KNA,181,2008,9999
ROU,LCA,181,2008,9999
ROU,VCT,181,2008,9999
ROU,SUR,181,2008,9999
ROU,TTO,181,2008,9999
SVK,KNA,181,2008,9999
SVK,LCA,181,2008,9999
SVK,VCT,181,2008,9999
SVK,SUR,181,2008,9999
SVK,TTO,181,2008,9999
SVN,KNA,181,2008,9999
SVN,LCA,181,2008,9999
SVN,VCT,181,2008,9999
SVN,SUR,181,2008,9999
SVN,TTO,181,2008,9999
ESP,KNA,181,2008,9999
ESP,LCA,181,2008,9999
ESP,VCT,181,2008,9999
ESP,SUR,181,2008,9999
ESP,TTO,181,2008,9999
KNA,SWE,181,2008,9999
KNA,GBR,181,2008,2020
LCA,SWE,181,2008,9999
LCA,GBR,181,2008,2020
VCT,SWE,181,2008,9999
VCT,GBR,181,2008,2020
SUR,SWE,181,2008,9999
SUR,GBR,181,2008,2020
SWE,TTO,181,2008,9999
TTO,GBR,181,2008,2020
CMR,CAF,182,1966,9999
CMR,TCD,182,1966,9999
CMR,COG,182,1966,9999
CMR,GAB,182,1966,9999
CAF,TCD,182,1966,9999
CAF,COG,182,1966,9999
CAF,GAB,182,1966,9999
TCD,COG,182,1966,9999
TCD,GAB,182,1966,9999
COG,GAB,182,1966,9999
CHL,CRI,183,2002,9999
CHL,SLV,183,2002,9999
CHL,GTM,183,2002,9999
CHL,HND,183,2002,9999
CHL,NIC,183,2002,9999
CRI,DOM,184,2001,9999
DOM,SLV,184,2001,9999
DOM,GTM,184,2001,9999
DOM,HND,184,2001,9999
DOM,NIC,184,2001,9999
CRI,PAN,185,2003,9999
SLV,PAN,185,2003,9999
GTM,PAN,185,2003,9999
HND,PAN,185,2003,9999
NIC,PAN,185,2003,9999
SLV,GTM,186,1961,9999
SLV,HND,186,1961,9999
SLV,NIC,186,1961,9999
GTM,HND,186,1961,9999
GTM,NIC,186,1961,9999
HND,NIC,186,1961,9999
SLV,PAN,186+1,2013,9999
GTM,PAN,186+1,2013,9999
HND,PAN,186+1,2013,9999
NIC,PAN,186+1,2013,9999
CRI,SLV,186+2,1963,9999
CRI,GTM,186+2,1963,9999
CRI,HND,186+2,1963,9999
CRI,NIC,186+2,1963,9999
CRI,PAN,186+2,1963,9999
CRI,SLV,187,2004,9999
CRI,GTM,187,2004,9999
CRI,HND,187,2004,9999
CRI,NIC,187,2004,9999
CRI,USA,187,2004,9999
SLV,GTM,187,2004,9999
SLV,HND,187,2004,9999
SLV,NIC,187,2004,9999
SLV,USA,187,2004,9999
GTM,HND,187,2004,9999
GTM,NIC,187,2004,9999
GTM,USA,187,2004,9999
HND,NIC,187,2004,9999
HND,USA,187,2004,9999
NIC,USA,187,2004,9999
CRI,DOM,188,2006,9999
DOM,SLV,188,2006,9999
DOM,GTM,188,2006,9999
DOM,HND,188,2006,9999
DOM,NIC,188,2006,9999
DOM,USA,188,2006,9999
CRI,SLV,189,1959,9999
CRI,GTM,189,1959,9999
CRI,HND,189,1959,9999
CRI,NIC,189,1959,9999
SLV,GTM,189,1959,9999
SLV,HND,189,1959,9999
SLV,NIC,189,1959,9999
GTM,HND,189,1959,9999
GTM,NIC,189,1959,9999
HND,NIC,189,1959,9999
CRI,SLV,190,1992,9999
CRI,GTM,190,1992,9999
CRI,HND,190,1992,9999
CRI,NIC,190,1992,9999
CRI,PAN,190,1992,9999
SLV,GTM,190,1992,9999
SLV,HND,190,1992,9999
SLV,NIC,190,1992,9999
SLV,PAN,190,1992,9999
GTM,HND,190,1992,9999
GTM,NIC,190,1992,9999
GTM,PAN,190,1992,9999
HND,NIC,190,1992,9999
HND,PAN,190,1992,9999
NIC,PAN,190,1992,9999
CZE,HUN,192,1993,2004
CZE,POL,192,1993,2004
CZE,SVK,192,1993,2004
HUN,POL,192,1993,2004
HUN,SVK,192,1993,2004
POL,SVK,192,1993,2004
CZE,SVN,192+1,2004,2004
HUN,SVN,192+1,2004,2004
POL,SVN,192+1,2004,2004
SVK,SVN,192+1,2004,2004
CZE,ROU,192+2,1997,2004
HUN,ROU,192+2,1997,2004
POL,ROU,192+2,1997,2004
ROU,SVK,192+2,1997,2004
ROU,SVN,192+2,1997,2004
BGR,CZE,192+3,1999,2004
BGR,HUN,192+3,1999,2004
BGR,POL,192+3,1999,2004
BGR,ROU,192+3,1999,9999
BGR,SVK,192+3,1999,2004
BGR,SVN,192+3,1999,2004
BGR,HRV,192+4,2003,9999
HRV,CZE,192+4,2003,2004
HRV,HUN,192+4,2003,2004
HRV,POL,192+4,2003,2004
HRV,ROU,192+4,2003,9999
HRV,SVK,192+4,2003,2004
HRV,SVN,192+4,2003,2004
BGR,MKD,192+5,2007,9999
HRV,MKD,192+5,2007,9999
MKD,ROU,192+5,2007,9999
ALB,BIH,193a,2007,9999
ALB,BGR,193a,2007,9999
ALB,HRV,193a,2007,9999
ALB,XKX,193a,2007,9999
ALB,MDA,193a,2007,9999
ALB,MNE,193a,2007,9999
ALB,MKD,193a,2007,9999
ALB,ROU,193a,2007,9999
ALB,SRB,193a,2007,9999
BIH,BGR,193a,2007,9999
BIH,HRV,193a,2007,9999
BIH,XKX,193a,2007,9999
BIH,MDA,193a,2007,9999
BIH,MNE,193a,2007,9999
BIH,MKD,193a,2007,9999
BIH,ROU,193a,2007,9999
BIH,SRB,193a,2007,9999
BGR,HRV,193a,2007,9999
BGR,XKX,193a,2007,9999
BGR,MDA,193a,2007,9999
BGR,MNE,193a,2007,9999
BGR,MKD,193a,2007,9999
BGR,ROU,193a,2007,9999
BGR,SRB,193a,2007,9999
HRV,XKX,193a,2007,9999
HRV,MDA,193a,2007,9999
HRV,MNE,193a,2007,9999
HRV,MKD,193a,2007,9999
HRV,ROU,193a,2007,9999
HRV,SRB,193a,2007,9999
XKX,MDA,193a,2007,9999
XKX,MNE,193a,2007,9999
XKX,MKD,193a,2007,9999
XKX,ROU,193a,2007,9999
XKX,SRB,193a,2007,9999
MDA,MNE,193a,2007,9999
MDA,MKD,193a,2007,9999
MDA,ROU,193a,2007,9999
MDA,SRB,193a,2007,9999
MNE,MKD,193a,2007,9999
MNE,ROU,193a,2007,9999
MNE,SRB,193a,2007,9999
MKD,ROU,193a,2007,9999
MKD,SRB,193a,2007,9999
ROU,SRB,193a,2007,9999
TCD,MAR,198,1997,9999
CHL,CHN,1074a,2019,9999
CHL,CHN,199,2006,9999
CHL,COL,200,1993,9999
CHL,COL,201,2009,9999
CHL,GBR,1020a,2021,2020
AUT,CHL,202,2003,9999
BEL,CHL,202,2003,9999
CHL,DNK,202,2003,9999
CHL,FIN,202,2003,9999
CHL,FRA,202,2003,9999
CHL,DEU,202,2003,9999
CHL,GRC,202,2003,9999
CHL,IRL,202,2003,9999
CHL,ITA,202,2003,9999
CHL,LUX,202,2003,9999
CHL,NLD,202,2003,9999
CHL,PRT,202,2003,9999
CHL,ESP,202,2003,9999
CHL,SWE,202,2003,9999
CHL,GBR,202,2003,2020
CHL,CYP,202+1,2004,9999
CHL,CZE,202+1,2004,9999
CHL,EST,202+1,2004,9999
CHL,HUN,202+1,2004,9999
CHL,LVA,202+1,2004,9999
CHL,LTU,202+1,2004,9999
CHL,MLT,202+1,2004,9999
CHL,POL,202+1,2004,9999
CHL,SVK,202+1,2004,9999
CHL,SVN,202+1,2004,9999
BGR,CHL,202+2,2007,9999
CHL,ROU,202+2,2007,9999
CHL,HRV,202+3,2013,9999
CHL,ECU,203,1994,9999
CHL,ECU,204,2010,9999
CHL,ISL,205,2004,9999
CHL,LIE,205,2004,9999
CHL,NOR,205,2004,9999
CHL,CHE,205,2004,9999
CHL,IND,206,2007,9999
CHL,JPN,207,2007,9999
CHL,KOR,208,2004,9999
ARG,CHL,209,1996,9999
BRA,CHL,209,1996,9999
CHL,PRY,209,1996,9999
CHL,URY,209,1996,9999
ARG,CHL,210a,2011,9999
BRA,CHL,210a,2011,9999
CHL,PRY,210a,2011,9999
CHL,URY,210a,2011,9999
CHL,MEX,211,1992,9999
CHL,MEX,212,1999,9999
CHL,PAN,213,2008,9999
CHL,PER,215,1998,9999
CHL,TUR,216,2011,9999
CHL,URY,217,1985,9999
CHL,USA,218,2004,9999
CHL,VEN,219,1995,9999
CHN,HKG,220,2004,9999
CHN,MAC,221,2004,9999
CHN,NZL,1109a,2022,9999
CHN,NZL,222,2008,9999
CHN,PAK,223,2004,9999
CHN,PAK,1108a,2019,9999
CHN,PAK,224,2007,9999
CHN,PAK,225a,2009,9999
CHN,PER,227,2010,9999
CHN,SGP,228,2009,9999
COL,CRI,230,1985,9999
COL,CUB,233,2001,9999
COL,ISL,234,2014,9999
COL,LIE,234,2014,9999
COL,NOR,234,2014,9999
COL,CHE,234,2014,9999
COL,SLV,235,1985,9999
COL,GTM,236,1985,9999
COL,HND,237,1985,9999
COL,NIC,238,1985,9999
COL,SLV,239,2009,9999
COL,GTM,239,2009,9999
COL,HND,239,2009,9999
COL,PAN,240,1995,9999
COL,USA,241,2012,9999
BLR,KAZ,242,2004,9999
BLR,RUS,242,2004,9999
BLR,UKR,242,2004,9999
KAZ,RUS,242,2004,9999
KAZ,UKR,242,2004,9999
RUS,UKR,242,2004,9999
AGO,BDI,243,1994,2007
AGO,COM,243,1994,2007
AGO,COD,243,1994,2007
AGO,DJI,243,1994,2007
AGO,ERI,243,1994,2007
AGO,SWZ,243,1994,2007
AGO,ETH,243,1994,2007
AGO,KEN,243,1994,2007
AGO,LSO,243,1994,1997
AGO,MDG,243,1994,2007
AGO,MWI,243,1994,2007
AGO,MUS,243,1994,2007
AGO,MOZ,243,1994,1997
AGO,NAM,243,1994,2000
AGO,RWA,243,1994,2007
AGO,SDN,243,1994,2007
AGO,TZA,243,1994,2004
AGO,UGA,243,1994,2007
AGO,ZMB,243,1994,2007
AGO,ZWE,243,1994,2007
BDI,COM,243,1994,9999
BDI,COD,243,1994,9999
BDI,DJI,243,1994,9999
BDI,ERI,243,1994,9999
BDI,SWZ,243,1994,9999
BDI,ETH,243,1994,9999
BDI,KEN,243,1994,9999
BDI,LSO,243,1994,1997
BDI,MDG,243,1994,9999
BDI,MWI,243,1994,9999
BDI,MUS,243,1994,9999
BDI,MOZ,243,1994,1997
BDI,NAM,243,1994,2000
BDI,RWA,243,1994,9999
BDI,SDN,243,1994,9999
BDI,TZA,243,1994,2004
BDI,UGA,243,1994,9999
BDI,ZMB,243,1994,9999
BDI,ZWE,243,1994,9999
COM,COD,243,1994,9999
COM,DJI,243,1994,9999
COM,ERI,243,1994,9999
COM,SWZ,243,1994,9999
COM,ETH,243,1994,9999
COM,KEN,243,1994,9999
COM,LSO,243,1994,1997
COM,MDG,243,1994,9999
COM,MWI,243,1994,9999
COM,MUS,243,1994,9999
COM,MOZ,243,1994,1997
COM,NAM,243,1994,2000
COM,RWA,243,1994,9999
COM,SDN,243,1994,9999
COM,TZA,243,1994,2004
COM,UGA,243,1994,9999
COM,ZMB,243,1994,9999
COM,ZWE,243,1994,9999
COD,DJI,243,1994,9999
COD,ERI,243,1994,9999
COD,SWZ,243,1994,9999
COD,ETH,243,1994,9999
COD,KEN,243,1994,9999
COD,LSO,243,1994,1997
COD,MDG,243,1994,9999
COD,MWI,243,1994,9999
COD,MUS,243,1994,9999
COD,MOZ,243,1994,1997
COD,NAM,243,1994,2000
COD,RWA,243,1994,9999
COD,SDN,243,1994,9999
COD,TZA,243,1994,2004
COD,UGA,243,1994,9999
COD,ZMB,243,1994,9999
COD,ZWE,243,1994,9999
DJI,ERI,243,1994,9999
DJI,SWZ,243,1994,9999
DJI,ETH,243,1994,9999
DJI,KEN,243,1994,9999
DJI,LSO,243,1994,1997
DJI,MDG,243,1994,9999
DJI,MWI,243,1994,9999
DJI,MUS,243,1994,9999
DJI,MOZ,243,1994,1997
DJI,NAM,243,1994,2000
DJI,RWA,243,1994,9999
DJI,SDN,243,1994,9999
DJI,TZA,243,1994,2004
DJI,UGA,243,1994,9999
DJI,ZMB,243,1994,9999
DJI,ZWE,243,1994,9999
ERI,SWZ,243,1994,9999
ERI,ETH,243,1994,9999
ERI,KEN,243,1994,9999
ERI,LSO,243,1994,1997
ERI,MDG,243,1994,9999
ERI,MWI,243,1994,9999
ERI,MUS,243,1994,9999
ERI,MOZ,243,1994,1997
ERI,NAM,243,1994,2000
ERI,RWA,243,1994,9999
ERI,SDN,243,1994,9999
ERI,TZA,243,1994,2004
ERI,UGA,243,1994,9999
ERI,ZMB,243,1994,9999
ERI,ZWE,243,1994,9999
SWZ,ETH,243,1994,9999
SWZ,KEN,243,1994,9999
SWZ,LSO,243,1994,1997
SWZ,MDG,243,1994,9999
SWZ,MWI,243,1994,9999
SWZ,MUS,243,1994,9999
SWZ,MOZ,243,1994,1997
SWZ,NAM,243,1994,2000
SWZ,RWA,243,1994,9999
SWZ,SDN,243,1994,9999
SWZ,TZA,243,1994,2004
SWZ,UGA,243,1994,9999
SWZ,ZMB,243,1994,9999
SWZ,ZWE,243,1994,9999
ETH,KEN,243,1994,9999
ETH,LSO,243,1994,1997
ETH,MDG,243,1994,9999
ETH,MWI,243,1994,9999
ETH,MUS,243,1994,9999
ETH,MOZ,243,1994,1997
ETH,NAM,243,1994,2000
ETH,RWA,243,1994,9999
ETH,SDN,243,1994,9999
ETH,TZA,243,1994,2004
ETH,UGA,243,1994,9999
ETH,ZMB,243,1994,9999
ETH,ZWE,243,1994,9999
KEN,LSO,243,1994,1997
KEN,MDG,243,1994,9999
KEN,MWI,243,1994,9999
KEN,MUS,243,1994,9999
KEN,MOZ,243,1994,1997
KEN,NAM,243,1994,2000
KEN,RWA,243,1994,9999
KEN,SDN,243,1994,9999
KEN,TZA,243,1994,2004
KEN,UGA,243,1994,9999
KEN,ZMB,243,1994,9999
KEN,ZWE,243,1994,9999
LSO,MDG,243,1994,1997
LSO,MWI,243,1994,1997
LSO,MUS,243,1994,1997
LSO,MOZ,243,1994,1997
LSO,NAM,243,1994,1997
LSO,RWA,243,1994,1997
LSO,SDN,243,1994,1997
LSO,TZA,243,1994,1997
LSO,UGA,243,1994,1997
LSO,ZMB,243,1994,1997
LSO,ZWE,243,1994,1997
MDG,MWI,243,1994,9999
MDG,MUS,243,1994,9999
MDG,MOZ,243,1994,1997
MDG,NAM,243,1994,2000
MDG,RWA,243,1994,9999
MDG,SDN,243,1994,9999
MDG,TZA,243,1994,2004
MDG,UGA,243,1994,9999
MDG,ZMB,243,1994,9999
MDG,ZWE,243,1994,9999
MWI,MUS,243,1994,9999
MWI,MOZ,243,1994,1997
MWI,NAM,243,1994,2000
MWI,RWA,243,1994,9999
MWI,SDN,243,1994,9999
MWI,TZA,243,1994,2004
MWI,UGA,243,1994,9999
MWI,ZMB,243,1994,9999
MWI,ZWE,243,1994,9999
MUS,MOZ,243,1994,1997
MUS,NAM,243,1994,2000
MUS,RWA,243,1994,9999
MUS,SDN,243,1994,9999
MUS,TZA,243,1994,2004
MUS,UGA,243,1994,9999
MUS,ZMB,243,1994,9999
MUS,ZWE,243,1994,9999
MOZ,NAM,243,1994,1997
MOZ,RWA,243,1994,1997
MOZ,SDN,243,1994,1997
MOZ,TZA,243,1994,1997
MOZ,UGA,243,1994,1997
MOZ,ZMB,243,1994,1997
MOZ,ZWE,243,1994,1997
NAM,RWA,243,1994,2000
NAM,SDN,243,1994,2000
NAM,TZA,243,1994,9999
NAM,UGA,243,1994,2000
NAM,ZMB,243,1994,2000
NAM,ZWE,243,1994,2000
RWA,SDN,243,1994,9999
RWA,TZA,243,1994,2004
RWA,UGA,243,1994,9999
RWA,ZMB,243,1994,9999
RWA,ZWE,243,1994,9999
SDN,TZA,243,1994,2004
SDN,UGA,243,1994,9999
SDN,ZMB,243,1994,9999
SDN,ZWE,243,1994,9999
TZA,UGA,243,1994,2004
TZA,ZMB,243,1994,2004
TZA,ZWE,243,1994,2004
UGA,ZMB,243,1994,9999
UGA,ZWE,243,1994,9999
ZMB,ZWE,243,1994,9999
AGO,EGY,243+1,1999,2007
BDI,EGY,243+1,1999,9999
COM,EGY,243+1,1999,9999
COD,EGY,243+1,1999,9999
DJI,EGY,243+1,1999,9999
EGY,ERI,243+1,1999,9999
EGY,SWZ,243+1,1999,9999
EGY,ETH,243+1,1999,9999
EGY,KEN,243+1,1999,9999
EGY,MDG,243+1,1999,9999
EGY,MWI,243+1,1999,9999
EGY,MUS,243+1,1999,9999
EGY,NAM,243+1,1999,2000
EGY,RWA,243+1,1999,9999
EGY,SDN,243+1,1999,9999
EGY,TZA,243+1,1999,2004
EGY,UGA,243+1,1999,9999
EGY,ZMB,243+1,1999,9999
EGY,ZWE,243+1,1999,9999
ARM,AZE,244,1994,9999
ARM,BLR,244,1994,9999
ARM,GEO,244,1994,2009
ARM,KAZ,244,1994,9999
ARM,KGZ,244,1994,9999
ARM,MDA,244,1994,9999
ARM,RUS,244,1994,9999
ARM,TJK,244,1994,9999
ARM,TKM,244,1994,9999
ARM,UKR,244,1994,9999
ARM,UZB,244,1994,9999
AZE,BLR,244,1994,9999
AZE,GEO,244,1994,2009
AZE,KAZ,244,1994,9999
AZE,KGZ,244,1994,9999
AZE,MDA,244,1994,9999
AZE,RUS,244,1994,9999
AZE,TJK,244,1994,9999
AZE,TKM,244,1994,9999
AZE,UKR,244,1994,9999
AZE,UZB,244,1994,9999
BLR,GEO,244,1994,2009
BLR,KAZ,244,1994,9999
BLR,KGZ,244,1994,9999
BLR,MDA,244,1994,9999
BLR,RUS,244,1994,9999
BLR,TJK,244,1994,9999
BLR,TKM,244,1994,9999
BLR,UKR,244,1994,9999
BLR,UZB,244,1994,9999
GEO,KAZ,244,1994,2009
GEO,KGZ,244,1994,2009
GEO,MDA,244,1994,2009
GEO,RUS,244,1994,2009
GEO,TJK,244,1994,2009
GEO,TKM,244,1994,2009
GEO,UKR,244,1994,2009
GEO,UZB,244,1994,2009
KAZ,KGZ,244,1994,9999
KAZ,MDA,244,1994,9999
KAZ,RUS,244,1994,9999
KAZ,TJK,244,1994,9999
KAZ,TKM,244,1994,9999
KAZ,UKR,244,1994,9999
KAZ,UZB,244,1994,9999
KGZ,MDA,244,1994,9999
KGZ,RUS,244,1994,9999
KGZ,TJK,244,1994,9999
KGZ,TKM,244,1994,9999
KGZ,UKR,244,1994,9999
KGZ,UZB,244,1994,9999
MDA,RUS,244,1994,9999
MDA,TJK,244,1994,9999
MDA,TKM,244,1994,9999
MDA,UKR,244,1994,9999
MDA,UZB,244,1994,9999
RUS,TJK,244,1994,9999
RUS,TKM,244,1994,9999
RUS,UKR,244,1994,9999
RUS,UZB,244,1994,9999
TJK,TKM,244,1994,9999
TJK,UKR,244,1994,9999
TJK,UZB,244,1994,9999
TKM,UKR,244,1994,9999
TKM,UZB,244,1994,9999
UKR,UZB,244,1994,9999
CRI,MEX,247,1984,9999
CRI,MEX,248,1995,9999
CRI,NIC,249,1962,9999
CRI,PAN,249,1962,9999
NIC,PAN,249,1962,9999
CRI,PAN,250a,1974,9999
CRI,VEN,251,1986,9999
AUT,CIV,252,2009,9999
BEL,CIV,252,2009,9999
BGR,CIV,252,2009,9999
CIV,CYP,252,2009,9999
CIV,CZE,252,2009,9999
CIV,DNK,252,2009,9999
CIV,EST,252,2009,9999
CIV,FIN,252,2009,9999
CIV,FRA,252,2009,9999
CIV,DEU,252,2009,9999
CIV,GRC,252,2009,9999
CIV,HUN,252,2009,9999
CIV,IRL,252,2009,9999
CIV,ITA,252,2009,9999
CIV,LVA,252,2009,9999
CIV,LTU,252,2009,9999
CIV,LUX,252,2009,9999
CIV,MLT,252,2009,9999
CIV,NLD,252,2009,9999
CIV,POL,252,2009,9999
CIV,PRT,252,2009,9999
CIV,ROU,252,2009,9999
CIV,SVK,252,2009,9999
CIV,SVN,252,2009,9999
CIV,ESP,252,2009,9999
CIV,SWE,252,2009,9999
CIV,GBR,252,2009,2020
AUT,HRV,254,2005,9999
BEL,HRV,254,2005,9999
HRV,DNK,254,2005,9999
HRV,FIN,254,2005,9999
HRV,FRA,254,2005,9999
HRV,DEU,254,2005,9999
HRV,GRC,254,2005,9999
HRV,IRL,254,2005,9999
HRV,ITA,254,2005,9999
HRV,LUX,254,2005,9999
HRV,NLD,254,2005,9999
HRV,PRT,254,2005,9999
HRV,ESP,254,2005,9999
HRV,SWE,254,2005,9999
HRV,GBR,254,2005,9999
HRV,CYP,254+1,2004,9999
HRV,CZE,254+1,2004,9999
HRV,EST,254+1,2004,9999
HRV,HUN,254+1,2004,9999
HRV,LVA,254+1,2004,9999
HRV,LTU,254+1,2004,9999
HRV,MLT,254+1,2004,9999
HRV,POL,254+1,2004,9999
HRV,SVK,254+1,2004,9999
HRV,SVN,254+1,2004,9999
BGR,HRV,254+2,2007,9999
HRV,ROU,254+2,2007,9999
HRV,ISL,255,2002,9999
HRV,LIE,255,2002,9999
HRV,NOR,255,2002,9999
HRV,CHE,255,2002,9999
HRV,HUN,256,2001,9999
HRV,LTU,257,2003,9999
HRV,MKD,258,1997,9999
HRV,MKD,259,2003,9999
HRV,MDA,260,2004,9999
HRV,SRB,261,2004,9999
HRV,SVN,262,1998,9999
HRV,TUR,263,2003,9999
CUB,ECU,265,2001,9999
CUB,GTM,266,2001,9999
ARG,CUB,267,2007,9999
BRA,CUB,267,2007,9999
CUB,PRY,267,2007,9999
CUB,URY,267,2007,9999
CUB,MEX,269a,2001,9999
CUB,PRY,270,2001,9999
CUB,PER,271,1987,9999
CUB,PER,272,1995,9999
CUB,PER,273,2006,9999
CUB,URY,275,2000,9999
CUB,VEN,277,2001,9999
BEL,CYP,278,1973,9999
CYP,DNK,278,1973,9999
CYP,FRA,278,1973,9999
CYP,DEU,278,1973,9999
CYP,IRL,278,1973,9999
CYP,ITA,278,1973,9999
CYP,LUX,278,1973,9999
CYP,NLD,278,1973,9999
CYP,GBR,278,1973,9999
CYP,PRT,278+1,1986,9999
CYP,ESP,278+1,1986,9999
AUT,CYP,278+2,1995,9999
CYP,FIN,278+2,1995,9999
CYP,SWE,278+2,1995,9999
AUT,CZE,279,1992,9999
AUT,SVK,279,1992,9999
CZE,FIN,279,1992,9999
CZE,ISL,279,1992,9999
CZE,LIE,279,1992,9999
CZE,NOR,279,1992,9999
CZE,SWE,279,1992,9999
CZE,CHE,279,1992,9999
FIN,SVK,279,1992,9999
ISL,SVK,279,1992,9999
LIE,SVK,279,1992,9999
NOR,SVK,279,1992,9999
SVK,SWE,279,1992,9999
SVK,CHE,279,1992,9999
BEL,CZE,280,1995,9999
CZE,DNK,280,1995,9999
CZE,FRA,280,1995,9999
CZE,DEU,280,1995,9999
CZE,GRC,280,1995,9999
CZE,IRL,280,1995,9999
CZE,ITA,280,1995,9999
CZE,LUX,280,1995,9999
CZE,NLD,280,1995,9999
CZE,PRT,280,1995,9999
CZE,ESP,280,1995,9999
CZE,GBR,280,1995,9999
AUT,CZE,280+1,1995,9999
CZE,FIN,280+1,1995,9999
CZE,SWE,280+1,1995,9999
CZE,EST,282,1998,9999
CZE,ISR,283,1997,9999
CZE,LVA,284,1997,9999
CZE,LTU,285,1997,9999
CZE,ROU,286,1995,9999
CZE,SVK,287,1993,9999
CZE,SVN,288,1994,9999
CZE,TUR,289,1998,9999
CZE,FIN,290,1975,9999
BGD,EGY,291,2011,9999
BGD,IDN,291,2011,9999
BGD,IRN,291,2011,9999
BGD,MYS,291,2011,9999
BGD,NGA,291,2011,9999
BGD,PAK,291,2011,9999
BGD,TUR,291,2011,9999
EGY,IDN,291,2011,9999
EGY,IRN,291,2011,9999
EGY,MYS,291,2011,9999
EGY,NGA,291,2011,9999
EGY,PAK,291,2011,9999
EGY,TUR,291,2011,9999
IDN,IRN,291,2011,9999
IDN,MYS,291,2011,9999
IDN,NGA,291,2011,9999
IDN,PAK,291,2011,9999
IDN,TUR,291,2011,9999
IRN,MYS,291,2011,9999
IRN,NGA,291,2011,9999
IRN,PAK,291,2011,9999
IRN,TUR,291,2011,9999
MYS,NGA,291,2011,9999
MYS,PAK,291,2011,9999
MYS,TUR,291,2011,9999
NGA,PAK,291,2011,9999
NGA,TUR,291,2011,9999
PAK,TUR,291,2011,9999
DOM,PAN,292,1987,9999
BEL,FRA,293,1958,9999
BEL,DEU,293,1958,9999
BEL,ITA,293,1958,9999
BEL,LUX,293,1958,9999
BEL,NLD,293,1958,9999
FRA,DEU,293,1958,9999
FRA,ITA,293,1958,9999
FRA,LUX,293,1958,9999
FRA,NLD,293,1958,9999
DEU,ITA,293,1958,9999
DEU,LUX,293,1958,9999
DEU,NLD,293,1958,9999
ITA,LUX,293,1958,9999
ITA,NLD,293,1958,9999
LUX,NLD,293,1958,9999
BEL,DNK,293+1,1973,9999
BEL,IRL,293+1,1973,9999
BEL,GBR,293+1,1973,9999
DNK,FRA,293+1,1973,9999
DNK,DEU,293+1,1973,9999
DNK,IRL,293+1,1973,9999
DNK,ITA,293+1,1973,9999
DNK,LUX,293+1,1973,9999
DNK,NLD,293+1,1973,9999
DNK,GBR,293+1,1973,9999
FRA,IRL,293+1,1973,9999
FRA,GBR,293+1,1973,9999
DEU,IRL,293+1,1973,9999
DEU,GBR,293+1,1973,9999
IRL,ITA,293+1,1973,9999
IRL,LUX,293+1,1973,9999
IRL,NLD,293+1,1973,9999
IRL,GBR,293+1,1973,9999
ITA,GBR,293+1,1973,9999
LUX,GBR,293+1,1973,9999
NLD,GBR,293+1,1973,9999
BEL,GRC,293+2,1981,9999
DNK,GRC,293+2,1981,9999
FRA,GRC,293+2,1981,9999
DEU,GRC,293+2,1981,9999
GRC,IRL,293+2,1981,9999
GRC,ITA,293+2,1981,9999
GRC,LUX,293+2,1981,9999
GRC,NLD,293+2,1981,9999
GRC,GBR,293+2,1981,9999
BEL,PRT,293+3,1986,9999
BEL,ESP,293+3,1986,9999
DNK,PRT,293+3,1986,9999
DNK,ESP,293+3,1986,9999
FRA,PRT,293+3,1986,9999
FRA,ESP,293+3,1986,9999
DEU,PRT,293+3,1986,9999
DEU,ESP,293+3,1986,9999
GRC,PRT,293+3,1986,9999
GRC,ESP,293+3,1986,9999
IRL,PRT,293+3,1986,9999
IRL,ESP,293+3,1986,9999
ITA,PRT,293+3,1986,9999
ITA,ESP,293+3,1986,9999
LUX,PRT,293+3,1986,9999
LUX,ESP,293+3,1986,9999
NLD,PRT,293+3,1986,9999
NLD,ESP,293+3,1986,9999
PRT,ESP,293+3,1986,9999
PRT,GBR,293+3,1986,9999
ESP,GBR,293+3,1986,9999
BEL,DNK,343a,1987,9999
BEL,FRA,343a,1987,9999
BEL,DEU,343a,1987,9999
BEL,GRC,343a,1987,9999
BEL,IRL,343a,1987,9999
BEL,ITA,343a,1987,9999
BEL,LUX,343a,1987,9999
BEL,NLD,343a,1987,9999
BEL,PRT,343a,1987,9999
BEL,ESP,343a,1987,9999
BEL,GBR,343a,1987,9999
DNK,FRA,343a,1987,9999
DNK,DEU,343a,1987,9999
DNK,GRC,343a,1987,9999
DNK,IRL,343a,1987,9999
DNK,ITA,343a,1987,9999
DNK,LUX,343a,1987,9999
DNK,NLD,343a,1987,9999
DNK,PRT,343a,1987,9999
DNK,ESP,343a,1987,9999
DNK,GBR,343a,1987,9999
FRA,DEU,343a,1987,9999
FRA,GRC,343a,1987,9999
FRA,IRL,343a,1987,9999
FRA,ITA,343a,1987,9999
FRA,LUX,343a,1987,9999
FRA,NLD,343a,1987,9999
FRA,PRT,343a,1987,9999
FRA,ESP,343a,1987,9999
FRA,GBR,343a,1987,9999
DEU,GRC,343a,1987,9999
DEU,IRL,343a,1987,9999
DEU,ITA,343a,1987,9999
DEU,LUX,343a,1987,9999
DEU,NLD,343a,1987,9999
DEU,PRT,343a,1987,9999
DEU,ESP,343a,1987,9999
DEU,GBR,343a,1987,9999
GRC,IRL,343a,1987,9999
GRC,ITA,343a,1987,9999
GRC,LUX,343a,1987,9999
GRC,NLD,343a,1987,9999
GRC,PRT,343a,1987,9999
GRC,ESP,343a,1987,9999
GRC,GBR,343a,1987,9999
IRL,ITA,343a,1987,9999
IRL,LUX,343a,1987,9999
IRL,NLD,343a,1987,9999
IRL,PRT,343a,1987,9999
IRL,ESP,343a,1987,9999
IRL,GBR,343a,1987,9999
ITA,LUX,343a,1987,9999
ITA,NLD,343a,1987,9999
ITA,PRT,343a,1987,9999
ITA,ESP,343a,1987,9999
ITA,GBR,343a,1987,9999
LUX,NLD,343a,1987,9999
LUX,PRT,343a,1987,9999
LUX,ESP,343a,1987,9999
LUX,GBR,343a,1987,9999
NLD,PRT,343a,1987,9999
NLD,ESP,343a,1987,9999
NLD,GBR,343a,1987,9999
PRT,ESP,343a,1987,9999
PRT,GBR,343a,1987,9999
ESP,GBR,343a,1987,9999
AUT,BEL,300,1999,9999
AUT,DNK,300,1999,9999
AUT,FIN,300,1999,9999
AUT,FRA,300,1999,9999
AUT,DEU,300,1999,9999
AUT,GRC,300,1999,9999
AUT,IRL,300,1999,9999
AUT,ITA,300,1999,9999
AUT,LUX,300,1999,9999
AUT,NLD,300,1999,9999
AUT,PRT,300,1999,9999
AUT,ESP,300,1999,9999
AUT,SWE,300,1999,9999
AUT,GBR,300,1999,9999
BEL,DNK,300,1999,9999
BEL,FIN,300,1999,9999
BEL,FRA,300,1999,9999
BEL,DEU,300,1999,9999
BEL,GRC,300,1999,9999
BEL,IRL,300,1999,9999
BEL,ITA,300,1999,9999
BEL,LUX,300,1999,9999
BEL,NLD,300,1999,9999
BEL,PRT,300,1999,9999
BEL,ESP,300,1999,9999
BEL,SWE,300,1999,9999
BEL,GBR,300,1999,9999
DNK,FIN,300,1999,9999
DNK,FRA,300,1999,9999
DNK,DEU,300,1999,9999
DNK,GRC,300,1999,9999
DNK,IRL,300,1999,9999
DNK,ITA,300,1999,9999
DNK,LUX,300,1999,9999
DNK,NLD,300,1999,9999
DNK,PRT,300,1999,9999
DNK,ESP,300,1999,9999
DNK,SWE,300,1999,9999
DNK,GBR,300,1999,9999
FIN,FRA,300,1999,9999
FIN,DEU,300,1999,9999
FIN,GRC,300,1999,9999
FIN,IRL,300,1999,9999
FIN,ITA,300,1999,9999
FIN,LUX,300,1999,9999
FIN,NLD,300,1999,9999
FIN,PRT,300,1999,9999
FIN,ESP,300,1999,9999
FIN,SWE,300,1999,9999
FIN,GBR,300,1999,9999
FRA,DEU,300,1999,9999
FRA,GRC,300,1999,9999
FRA,IRL,300,1999,9999
FRA,ITA,300,1999,9999
FRA,LUX,300,1999,9999
FRA,NLD,300,1999,9999
FRA,PRT,300,1999,9999
FRA,ESP,300,1999,9999
FRA,SWE,300,1999,9999
FRA,GBR,300,1999,9999
DEU,GRC,300,1999,9999
DEU,IRL,300,1999,9999
DEU,ITA,300,1999,9999
DEU,LUX,300,1999,9999
DEU,NLD,300,1999,9999
DEU,PRT,300,1999,9999
DEU,ESP,300,1999,9999
DEU,SWE,300,1999,9999
DEU,GBR,300,1999,9999
GRC,IRL,300,1999,9999
GRC,ITA,300,1999,9999
GRC,LUX,300,1999,9999
GRC,NLD,300,1999,9999
GRC,PRT,300,1999,9999
GRC,ESP,300,1999,9999
GRC,SWE,300,1999,9999
GRC,GBR,300,1999,9999
IRL,ITA,300,1999,9999
IRL,LUX,300,1999,9999
IRL,NLD,300,1999,9999
IRL,PRT,300,1999,9999
IRL,ESP,300,1999,9999
IRL,SWE,300,1999,9999
IRL,GBR,300,1999,9999
ITA,LUX,300,1999,9999
ITA,NLD,300,1999,9999
ITA,PRT,300,1999,9999
ITA,ESP,300,1999,9999
ITA,SWE,300,1999,9999
ITA,GBR,300,1999,9999
LUX,NLD,300,1999,9999
LUX,PRT,300,1999,9999
LUX,ESP,300,1999,9999
LUX,SWE,300,1999,9999
LUX,GBR,300,1999,9999
NLD,PRT,300,1999,9999
NLD,ESP,300,1999,9999
NLD,SWE,300,1999,9999
NLD,GBR,300,1999,9999
PRT,ESP,300,1999,9999
PRT,SWE,300,1999,9999
PRT,GBR,300,1999,9999
ESP,SWE,300,1999,9999
ESP,GBR,300,1999,9999
SWE,GBR,300,1999,9999
BEL,EGY,302,1978,9999
DNK,EGY,302,1978,9999
EGY,FRA,302,1978,9999
EGY,DEU,302,1978,9999
EGY,IRL,302,1978,9999
EGY,ITA,302,1978,9999
EGY,LUX,302,1978,9999
EGY,NLD,302,1978,9999
EGY,GBR,302,1978,9999
EGY,GRC,302+1,1981,9999
EGY,PRT,302+2,1986,9999
EGY,ESP,302+2,1986,9999
AUT,EGY,302+3,1995,9999
EGY,FIN,302+3,1995,9999
EGY,SWE,302+3,1995,9999
BEL,EGY,303,1973,9999
DNK,EGY,303,1973,9999
EGY,FRA,303,1973,9999
EGY,DEU,303,1973,9999
EGY,IRL,303,1973,9999
EGY,ITA,303,1973,9999
EGY,LUX,303,1973,9999
EGY,NLD,303,1973,9999
EGY,GBR,303,1973,9999
EGY,GBR,1050a,2021,2020
AUT,EGY,304,2004,9999
BEL,EGY,304,2004,9999
DNK,EGY,304,2004,9999
EGY,FIN,304,2004,9999
EGY,FRA,304,2004,9999
EGY,DEU,304,2004,9999
EGY,GRC,304,2004,9999
EGY,IRL,304,2004,9999
EGY,ITA,304,2004,9999
EGY,LUX,304,2004,9999
EGY,NLD,304,2004,9999
EGY,PRT,304,2004,9999
EGY,ESP,304,2004,9999
EGY,SWE,304,2004,9999
EGY,GBR,304,2004,2020
CYP,EGY,304+1,2004,9999
CZE,EGY,304+1,2004,9999
EGY,EST,304+1,2004,9999
EGY,HUN,304+1,2004,9999
EGY,LVA,304+1,2004,9999
EGY,LTU,304+1,2004,9999
EGY,MLT,304+1,2004,9999
EGY,POL,304+1,2004,9999
EGY,SVK,304+1,2004,9999
EGY,SVN,304+1,2004,9999
BGR,EGY,304+2,2007,9999
EGY,ROU,304+2,2007,9999
HRV,EGY,304+3,2013,9999
AUT,EST,305,1995,9999
BEL,EST,305,1995,9999
DNK,EST,305,1995,9999
EST,FIN,305,1995,9999
EST,FRA,305,1995,9999
EST,DEU,305,1995,9999
EST,GRC,305,1995,9999
EST,IRL,305,1995,9999
EST,ITA,305,1995,9999
EST,LUX,305,1995,9999
EST,NLD,305,1995,9999
EST,PRT,305,1995,9999
EST,ESP,305,1995,9999
EST,SWE,305,1995,9999
EST,GBR,305,1995,9999
AUT,EST,306,1998,9999
BEL,EST,306,1998,9999
DNK,EST,306,1998,9999
EST,FIN,306,1998,9999
EST,FRA,306,1998,9999
EST,DEU,306,1998,9999
EST,GRC,306,1998,9999
EST,IRL,306,1998,9999
EST,ITA,306,1998,9999
EST,LUX,306,1998,9999
EST,NLD,306,1998,9999
EST,PRT,306,1998,9999
EST,ESP,306,1998,9999
EST,SWE,306,1998,9999
EST,GBR,306,1998,9999
FRO,GBR,1021a,2021,2020
AUT,FRO,307,1997,9999
BEL,FRO,307,1997,9999
DNK,FRO,307,1997,9999
FRO,FIN,307,1997,9999
FRO,FRA,307,1997,9999
FRO,DEU,307,1997,9999
FRO,GRC,307,1997,9999
FRO,IRL,307,1997,9999
FRO,ITA,307,1997,9999
FRO,LUX,307,1997,9999
FRO,NLD,307,1997,9999
FRO,PRT,307,1997,9999
FRO,ESP,307,1997,9999
FRO,SWE,307,1997,9999
FRO,GBR,307,1997,2020
CYP,FRO,307+1,2004,9999
CZE,FRO,307+1,2004,9999
EST,FRO,307+1,2004,9999
FRO,HUN,307+1,2004,9999
FRO,LVA,307+1,2004,9999
FRO,LTU,307+1,2004,9999
FRO,MLT,307+1,2004,9999
FRO,POL,307+1,2004,9999
FRO,SVK,307+1,2004,9999
FRO,SVN,307+1,2004,9999
BGR,FRO,307+2,2007,9999
FRO,ROU,307+2,2007,9999
HRV,FRO,307+3,2013,9999
BEL,FRO,308,1992,9999
DNK,FRO,308,1992,9999
FRO,FRA,308,1992,9999
FRO,DEU,308,1992,9999
FRO,GRC,308,1992,9999
FRO,IRL,308,1992,9999
FRO,ITA,308,1992,9999
FRO,LUX,308,1992,9999
FRO,NLD,308,1992,9999
FRO,PRT,308,1992,9999
FRO,ESP,308,1992,9999
FRO,GBR,308,1992,9999
AUT,FRO,308+1,1995,9999
FRO,FIN,308+1,1995,9999
FRO,SWE,308+1,1995,9999
BEL,FIN,309,1974,9999
DNK,FIN,309,1974,9999
FIN,FRA,309,1974,9999
FIN,DEU,309,1974,9999
FIN,IRL,309,1974,9999
FIN,ITA,309,1974,9999
FIN,LUX,309,1974,9999
FIN,NLD,309,1974,9999
FIN,GBR,309,1974,9999
FIN,PRT,309+1,1986,9999
FIN,ESP,309+1,1986,9999
BEL,GRC,310a,1975,9999
DNK,GRC,310a,1975,9999
FRA,GRC,310a,1975,9999
DEU,GRC,310a,1975,9999
GRC,IRL,310a,1975,9999
GRC,ITA,310a,1975,9999
GRC,LUX,310a,1975,9999
GRC,NLD,310a,1975,9999
GRC,GBR,310a,1975,9999
BEL,GRC,311,1962,9999
FRA,GRC,311,1962,9999
DEU,GRC,311,1962,9999
GRC,ITA,311,1962,9999
GRC,LUX,311,1962,9999
GRC,NLD,311,1962,9999
BEL,HUN,312,1994,9999
DNK,HUN,312,1994,9999
FRA,HUN,312,1994,9999
DEU,HUN,312,1994,9999
GRC,HUN,312,1994,9999
HUN,IRL,312,1994,9999
HUN,ITA,312,1994,9999
HUN,LUX,312,1994,9999
HUN,NLD,312,1994,9999
HUN,PRT,312,1994,9999
HUN,ESP,312,1994,9999
HUN,GBR,312,1994,9999
AUT,HUN,312+1,1995,9999
FIN,HUN,312+1,1995,9999
HUN,SWE,312+1,1995,9999
BEL,ISL,313,1973,9999
DNK,ISL,313,1973,9999
FRA,ISL,313,1973,9999
DEU,ISL,313,1973,9999
ISL,IRL,313,1973,9999
ISL,ITA,313,1973,9999
ISL,LUX,313,1973,9999
ISL,NLD,313,1973,9999
ISL,GBR,313,1973,9999
ISL,PRT,313+1,1986,9999
ISL,ESP,313+1,1986,9999
BEL,ISR,314,1970,9999
FRA,ISR,314,1970,9999
DEU,ISR,314,1970,9999
ISR,ITA,314,1970,9999
ISR,LUX,314,1970,9999
ISR,NLD,314,1970,9999
BEL,ISR,315,1975,9999
DNK,ISR,315,1975,9999
FRA,ISR,315,1975,9999
DEU,ISR,315,1975,9999
IRL,ISR,315,1975,9999
ISR,ITA,315,1975,9999
ISR,LUX,315,1975,9999
ISR,NLD,315,1975,9999
ISR,GBR,315,1975,9999
ISR,PRT,315+1,1986,9999
ISR,ESP,315+1,1986,9999
AUT,ISR,315+2,1995,9999
FIN,ISR,315+2,1995,9999
ISR,SWE,315+2,1995,9999
ISR,GBR,1024a,2021,2020
AUT,ISR,316,2000,9999
BEL,ISR,316,2000,9999
DNK,ISR,316,2000,9999
FIN,ISR,316,2000,9999
FRA,ISR,316,2000,9999
DEU,ISR,316,2000,9999
GRC,ISR,316,2000,9999
IRL,ISR,316,2000,9999
ISR,ITA,316,2000,9999
ISR,LUX,316,2000,9999
ISR,NLD,316,2000,9999
ISR,PRT,316,2000,9999
ISR,ESP,316,2000,9999
ISR,SWE,316,2000,9999
ISR,GBR,316,2000,2020
CYP,ISR,316+1,2004,9999
CZE,ISR,316+1,2004,9999
EST,ISR,316+1,2004,9999
HUN,ISR,316+1,2004,9999
ISR,LVA,316+1,2004,9999
ISR,LTU,316+1,2004,9999
ISR,MLT,316+1,2004,9999
ISR,POL,316+1,2004,9999
ISR,SVK,316+1,2004,9999
ISR,SVN,316+1,2004,9999
BGR,ISR,316+2,2007,9999
ISR,ROU,316+2,2007,9999
HRV,ISR,316+3,2013,9999
BEL,JOR,317,1978,9999
DNK,JOR,317,1978,9999
FRA,JOR,317,1978,9999
DEU,JOR,317,1978,9999
IRL,JOR,317,1978,9999
ITA,JOR,317,1978,9999
JOR,LUX,317,1978,9999
JOR,NLD,317,1978,9999
JOR,GBR,317,1978,9999
JOR,PRT,317+1,1986,9999
JOR,ESP,317+1,1986,9999
AUT,JOR,317+2,1995,9999
FIN,JOR,317+2,1995,9999
JOR,SWE,317+2,1995,9999
JOR,GBR,1025a,2021,2020
AUT,JOR,318,2002,9999
BEL,JOR,318,2002,9999
DNK,JOR,318,2002,9999
FIN,JOR,318,2002,9999
FRA,JOR,318,2002,9999
DEU,JOR,318,2002,9999
GRC,JOR,318,2002,9999
IRL,JOR,318,2002,9999
ITA,JOR,318,2002,9999
JOR,LUX,318,2002,9999
JOR,NLD,318,2002,9999
JOR,PRT,318,2002,9999
JOR,ESP,318,2002,9999
JOR,SWE,318,2002,9999
JOR,GBR,318,2002,2020
CYP,JOR,318+1,2004,9999
CZE,JOR,318+1,2004,9999
EST,JOR,318+1,2004,9999
HUN,JOR,318+1,2004,9999
JOR,LVA,318+1,2004,9999
JOR,LTU,318+1,2004,9999
JOR,MLT,318+1,2004,9999
JOR,POL,318+1,2004,9999
JOR,SVK,318+1,2004,9999
JOR,SVN,318+1,2004,9999
BGR,JOR,318+2,2007,9999
JOR,ROU,318+2,2007,9999
HRV,JOR,318+3,2013,9999
AUT,LVA,319,1995,9999
BEL,LVA,319,1995,9999
DNK,LVA,319,1995,9999
FIN,LVA,319,1995,9999
FRA,LVA,319,1995,9999
DEU,LVA,319,1995,9999
GRC,LVA,319,1995,9999
IRL,LVA,319,1995,9999
ITA,LVA,319,1995,9999
LVA,LUX,319,1995,9999
LVA,NLD,319,1995,9999
LVA,PRT,319,1995,9999
LVA,ESP,319,1995,9999
LVA,SWE,319,1995,9999
LVA,GBR,319,1995,9999
AUT,LVA,320,1998,9999
BEL,LVA,320,1998,9999
DNK,LVA,320,1998,9999
FIN,LVA,320,1998,9999
FRA,LVA,320,1998,9999
DEU,LVA,320,1998,9999
GRC,LVA,320,1998,9999
IRL,LVA,320,1998,9999
ITA,LVA,320,1998,9999
LVA,LUX,320,1998,9999
LVA,NLD,320,1998,9999
LVA,PRT,320,1998,9999
LVA,ESP,320,1998,9999
LVA,SWE,320,1998,9999
LVA,GBR,320,1998,9999
BEL,LBN,321,1973,9999
DNK,LBN,321,1973,9999
FRA,LBN,321,1973,9999
DEU,LBN,321,1973,9999
IRL,LBN,321,1973,9999
ITA,LBN,321,1973,9999
LBN,LUX,321,1973,9999
LBN,NLD,321,1973,9999
LBN,GBR,321,1973,9999
BEL,LBN,322,1978,9999
DNK,LBN,322,1978,9999
FRA,LBN,322,1978,9999
DEU,LBN,322,1978,9999
IRL,LBN,322,1978,9999
ITA,LBN,322,1978,9999
LBN,LUX,322,1978,9999
LBN,NLD,322,1978,9999
LBN,GBR,322,1978,9999
LBN,PRT,322+1,1986,9999
LBN,ESP,322+1,1986,9999
AUT,LBN,322+2,1995,9999
FIN,LBN,322+2,1995,9999
LBN,SWE,322+2,1995,9999
LBN,GBR,1027a,2021,2020
AUT,LBN,323,2006,9999
BEL,LBN,323,2006,9999
DNK,LBN,323,2006,9999
FIN,LBN,323,2006,9999
FRA,LBN,323,2006,9999
DEU,LBN,323,2006,9999
GRC,LBN,323,2006,9999
IRL,LBN,323,2006,9999
ITA,LBN,323,2006,9999
LBN,LUX,323,2006,9999
LBN,NLD,323,2006,9999
LBN,PRT,323,2006,9999
LBN,ESP,323,2006,9999
LBN,SWE,323,2006,9999
LBN,GBR,323,2006,2020
CYP,LBN,323+1,2004,9999
CZE,LBN,323+1,2004,9999
EST,LBN,323+1,2004,9999
HUN,LBN,323+1,2004,9999
LVA,LBN,323+1,2004,9999
LBN,LTU,323+1,2004,9999
LBN,MLT,323+1,2004,9999
LBN,POL,323+1,2004,9999
LBN,SVK,323+1,2004,9999
LBN,SVN,323+1,2004,9999
BGR,LBN,323+2,2007,9999
LBN,ROU,323+2,2007,9999
HRV,LBN,323+3,2013,9999
AUT,BEL,324,2009,9999
AUT,BGR,324,2009,9999
AUT,CYP,324,2009,9999
AUT,CZE,324,2009,9999
AUT,DNK,324,2009,9999
AUT,EST,324,2009,9999
AUT,FIN,324,2009,9999
AUT,FRA,324,2009,9999
AUT,DEU,324,2009,9999
AUT,GRC,324,2009,9999
AUT,HUN,324,2009,9999
AUT,IRL,324,2009,9999
AUT,ITA,324,2009,9999
AUT,LVA,324,2009,9999
AUT,LTU,324,2009,9999
AUT,LUX,324,2009,9999
AUT,MLT,324,2009,9999
AUT,NLD,324,2009,9999
AUT,POL,324,2009,9999
AUT,PRT,324,2009,9999
AUT,ROU,324,2009,9999
AUT,SVK,324,2009,9999
AUT,SVN,324,2009,9999
AUT,ESP,324,2009,9999
AUT,SWE,324,2009,9999
AUT,GBR,324,2009,2020
BEL,BGR,324,2009,9999
BEL,CYP,324,2009,9999
BEL,CZE,324,2009,9999
BEL,DNK,324,2009,9999
BEL,EST,324,2009,9999
BEL,FIN,324,2009,9999
BEL,FRA,324,2009,9999
BEL,DEU,324,2009,9999
BEL,GRC,324,2009,9999
BEL,HUN,324,2009,9999
BEL,IRL,324,2009,9999
BEL,ITA,324,2009,9999
BEL,LVA,324,2009,9999
BEL,LTU,324,2009,9999
BEL,LUX,324,2009,9999
BEL,MLT,324,2009,9999
BEL,NLD,324,2009,9999
BEL,POL,324,2009,9999
BEL,PRT,324,2009,9999
BEL,ROU,324,2009,9999
BEL,SVK,324,2009,9999
BEL,SVN,324,2009,9999
BEL,ESP,324,2009,9999
BEL,SWE,324,2009,9999
BEL,GBR,324,2009,2020
BGR,CYP,324,2009,9999
BGR,CZE,324,2009,9999
BGR,DNK,324,2009,9999
BGR,EST,324,2009,9999
BGR,FIN,324,2009,9999
BGR,FRA,324,2009,9999
BGR,DEU,324,2009,9999
BGR,GRC,324,2009,9999
BGR,HUN,324,2009,9999
BGR,IRL,324,2009,9999
BGR,ITA,324,2009,9999
BGR,LVA,324,2009,9999
BGR,LTU,324,2009,9999
BGR,LUX,324,2009,9999
BGR,MLT,324,2009,9999
BGR,NLD,324,2009,9999
BGR,POL,324,2009,9999
BGR,PRT,324,2009,9999
BGR,ROU,324,2009,9999
BGR,SVK,324,2009,9999
BGR,SVN,324,2009,9999
BGR,ESP,324,2009,9999
BGR,SWE,324,2009,9999
BGR,GBR,324,2009,2020
CYP,CZE,324,2009,9999
CYP,DNK,324,2009,9999
CYP,EST,324,2009,9999
CYP,FIN,324,2009,9999
CYP,FRA,324,2009,9999
CYP,DEU,324,2009,9999
CYP,GRC,324,2009,9999
CYP,HUN,324,2009,9999
CYP,IRL,324,2009,9999
CYP,ITA,324,2009,9999
CYP,LVA,324,2009,9999
CYP,LTU,324,2009,9999
CYP,LUX,324,2009,9999
CYP,MLT,324,2009,9999
CYP,NLD,324,2009,9999
CYP,POL,324,2009,9999
CYP,PRT,324,2009,9999
CYP,ROU,324,2009,9999
CYP,SVK,324,2009,9999
CYP,SVN,324,2009,9999
CYP,ESP,324,2009,9999
CYP,SWE,324,2009,9999
CYP,GBR,324,2009,2020
CZE,DNK,324,2009,9999
CZE,EST,324,2009,9999
CZE,FIN,324,2009,9999
CZE,FRA,324,2009,9999
CZE,DEU,324,2009,9999
CZE,GRC,324,2009,9999
CZE,HUN,324,2009,9999
CZE,IRL,324,2009,9999
CZE,ITA,324,2009,9999
CZE,LVA,324,2009,9999
CZE,LTU,324,2009,9999
CZE,LUX,324,2009,9999
CZE,MLT,324,2009,9999
CZE,NLD,324,2009,9999
CZE,POL,324,2009,9999
CZE,PRT,324,2009,9999
CZE,ROU,324,2009,9999
CZE,SVK,324,2009,9999
CZE,SVN,324,2009,9999
CZE,ESP,324,2009,9999
CZE,SWE,324,2009,9999
CZE,GBR,324,2009,2020
DNK,EST,324,2009,9999
DNK,FIN,324,2009,9999
DNK,FRA,324,2009,9999
DNK,DEU,324,2009,9999
DNK,GRC,324,2009,9999
DNK,HUN,324,2009,9999
DNK,IRL,324,2009,9999
DNK,ITA,324,2009,9999
DNK,LVA,324,2009,9999
DNK,LTU,324,2009,9999
DNK,LUX,324,2009,9999
DNK,MLT,324,2009,9999
DNK,NLD,324,2009,9999
DNK,POL,324,2009,9999
DNK,PRT,324,2009,9999
DNK,ROU,324,2009,9999
DNK,SVK,324,2009,9999
DNK,SVN,324,2009,9999
DNK,ESP,324,2009,9999
DNK,SWE,324,2009,9999
DNK,GBR,324,2009,2020
EST,FIN,324,2009,9999
EST,FRA,324,2009,9999
EST,DEU,324,2009,9999
EST,GRC,324,2009,9999
EST,HUN,324,2009,9999
EST,IRL,324,2009,9999
EST,ITA,324,2009,9999
EST,LVA,324,2009,9999
EST,LTU,324,2009,9999
EST,LUX,324,2009,9999
EST,MLT,324,2009,9999
EST,NLD,324,2009,9999
EST,POL,324,2009,9999
EST,PRT,324,2009,9999
EST,ROU,324,2009,9999
EST,SVK,324,2009,9999
EST,SVN,324,2009,9999
EST,ESP,324,2009,9999
EST,SWE,324,2009,9999
EST,GBR,324,2009,2020
FIN,FRA,324,2009,9999
FIN,DEU,324,2009,9999
FIN,GRC,324,2009,9999
FIN,HUN,324,2009,9999
FIN,IRL,324,2009,9999
FIN,ITA,324,2009,9999
FIN,LVA,324,2009,9999
FIN,LTU,324,2009,9999
FIN,LUX,324,2009,9999
FIN,MLT,324,2009,9999
FIN,NLD,324,2009,9999
FIN,POL,324,2009,9999
FIN,PRT,324,2009,9999
FIN,ROU,324,2009,9999
FIN,SVK,324,2009,9999
FIN,SVN,324,2009,9999
FIN,ESP,324,2009,9999
FIN,SWE,324,2009,9999
FIN,GBR,324,2009,2020
FRA,DEU,324,2009,9999
FRA,GRC,324,2009,9999
FRA,HUN,324,2009,9999
FRA,IRL,324,2009,9999
FRA,ITA,324,2009,9999
FRA,LVA,324,2009,9999
FRA,LTU,324,2009,9999
FRA,LUX,324,2009,9999
FRA,MLT,324,2009,9999
FRA,NLD,324,2009,9999
FRA,POL,324,2009,9999
FRA,PRT,324,2009,9999
FRA,ROU,324,2009,9999
FRA,SVK,324,2009,9999
FRA,SVN,324,2009,9999
FRA,ESP,324,2009,9999
FRA,SWE,324,2009,9999
FRA,GBR,324,2009,2020
DEU,GRC,324,2009,9999
DEU,HUN,324,2009,9999
DEU,IRL,324,2009,9999
DEU,ITA,324,2009,9999
DEU,LVA,324,2009,9999
DEU,LTU,324,2009,9999
DEU,LUX,324,2009,9999
DEU,MLT,324,2009,9999
DEU,NLD,324,2009,9999
DEU,POL,324,2009,9999
DEU,PRT,324,2009,9999
DEU,ROU,324,2009,9999
DEU,SVK,324,2009,9999
DEU,SVN,324,2009,9999
DEU,ESP,324,2009,9999
DEU,SWE,324,2009,9999
DEU,GBR,324,2009,2020
GRC,HUN,324,2009,9999
GRC,IRL,324,2009,9999
GRC,ITA,324,2009,9999
GRC,LVA,324,2009,9999
GRC,LTU,324,2009,9999
GRC,LUX,324,2009,9999
GRC,MLT,324,2009,9999
GRC,NLD,324,2009,9999
GRC,POL,324,2009,9999
GRC,PRT,324,2009,9999
GRC,ROU,324,2009,9999
GRC,SVK,324,2009,9999
GRC,SVN,324,2009,9999
GRC,ESP,324,2009,9999
GRC,SWE,324,2009,9999
GRC,GBR,324,2009,2020
HUN,IRL,324,2009,9999
HUN,ITA,324,2009,9999
HUN,LVA,324,2009,9999
HUN,LTU,324,2009,9999
HUN,LUX,324,2009,9999
HUN,MLT,324,2009,9999
HUN,NLD,324,2009,9999
HUN,POL,324,2009,9999
HUN,PRT,324,2009,9999
HUN,ROU,324,2009,9999
HUN,SVK,324,2009,9999
HUN,SVN,324,2009,9999
HUN,ESP,324,2009,9999
HUN,SWE,324,2009,9999
HUN,GBR,324,2009,2020
IRL,ITA,324,2009,9999
IRL,LVA,324,2009,9999
IRL,LTU,324,2009,9999
IRL,LUX,324,2009,9999
IRL,MLT,324,2009,9999
IRL,NLD,324,2009,9999
IRL,POL,324,2009,9999
IRL,PRT,324,2009,9999
IRL,ROU,324,2009,9999
IRL,SVK,324,2009,9999
IRL,SVN,324,2009,9999
IRL,ESP,324,2009,9999
IRL,SWE,324,2009,9999
IRL,GBR,324,2009,2020
ITA,LVA,324,2009,9999
ITA,LTU,324,2009,9999
ITA,LUX,324,2009,9999
ITA,MLT,324,2009,9999
ITA,NLD,324,2009,9999
ITA,POL,324,2009,9999
ITA,PRT,324,2009,9999
ITA,ROU,324,2009,9999
ITA,SVK,324,2009,9999
ITA,SVN,324,2009,9999
ITA,ESP,324,2009,9999
ITA,SWE,324,2009,9999
ITA,GBR,324,2009,2020
LVA,LTU,324,2009,9999
LVA,LUX,324,2009,9999
LVA,MLT,324,2009,9999
LVA,NLD,324,2009,9999
LVA,POL,324,2009,9999
LVA,PRT,324,2009,9999
LVA,ROU,324,2009,9999
LVA,SVK,324,2009,9999
LVA,SVN,324,2009,9999
LVA,ESP,324,2009,9999
LVA,SWE,324,2009,9999
LVA,GBR,324,2009,2020
LTU,LUX,324,2009,9999
LTU,MLT,324,2009,9999
LTU,NLD,324,2009,9999
LTU,POL,324,2009,9999
LTU,PRT,324,2009,9999
LTU,ROU,324,2009,9999
LTU,SVK,324,2009,9999
LTU,SVN,324,2009,9999
LTU,ESP,324,2009,9999
LTU,SWE,324,2009,9999
LTU,GBR,324,2009,2020
LUX,MLT,324,2009,9999
LUX,NLD,324,2009,9999
LUX,POL,324,2009,9999
LUX,PRT,324,2009,9999
LUX,ROU,324,2009,9999
LUX,SVK,324,2009,9999
LUX,SVN,324,2009,9999
LUX,ESP,324,2009,9999
LUX,SWE,324,2009,9999
LUX,GBR,324,2009,2020
MLT,NLD,324,2009,9999
MLT,POL,324,2009,9999
MLT,PRT,324,2009,9999
MLT,ROU,324,2009,9999
MLT,SVK,324,2009,9999
MLT,SVN,324,2009,9999
MLT,ESP,324,2009,9999
MLT,SWE,324,2009,9999
MLT,GBR,324,2009,2020
NLD,POL,324,2009,9999
NLD,PRT,324,2009,9999
NLD,ROU,324,2009,9999
NLD,SVK,324,2009,9999
NLD,SVN,324,2009,9999
NLD,ESP,324,2009,9999
NLD,SWE,324,2009,9999
NLD,GBR,324,2009,2020
POL,PRT,324,2009,9999
POL,ROU,324,2009,9999
POL,SVK,324,2009,9999
POL,SVN,324,2009,9999
POL,ESP,324,2009,9999
POL,SWE,324,2009,9999
POL,GBR,324,2009,2020
PRT,ROU,324,2009,9999
PRT,SVK,324,2009,9999
PRT,SVN,324,2009,9999
PRT,ESP,324,2009,9999
PRT,SWE,324,2009,9999
PRT,GBR,324,2009,2020
ROU,SVK,324,2009,9999
ROU,SVN,324,2009,9999
ROU,ESP,324,2009,9999
ROU,SWE,324,2009,9999
ROU,GBR,324,2009,2020
SVK,SVN,324,2009,9999
SVK,ESP,324,2009,9999
SVK,SWE,324,2009,9999
SVK,GBR,324,2009,2020
SVN,ESP,324,2009,9999
SVN,SWE,324,2009,9999
SVN,GBR,324,2009,2020
ESP,SWE,324,2009,9999
ESP,GBR,324,2009,2020
SWE,GBR,324,2009,2020
AUT,HRV,324+1,2013,9999
BEL,HRV,324+1,2013,9999
BGR,HRV,324+1,2013,9999
HRV,CYP,324+1,2013,9999
HRV,CZE,324+1,2013,9999
HRV,DNK,324+1,2013,9999
HRV,EST,324+1,2013,9999
HRV,FIN,324+1,2013,9999
HRV,FRA,324+1,2013,9999
HRV,DEU,324+1,2013,9999
HRV,GRC,324+1,2013,9999
HRV,HUN,324+1,2013,9999
HRV,IRL,324+1,2013,9999
HRV,ITA,324+1,2013,9999
HRV,LVA,324+1,2013,9999
HRV,LTU,324+1,2013,9999
HRV,LUX,324+1,2013,9999
HRV,MLT,324+1,2013,9999
HRV,NLD,324+1,2013,9999
HRV,POL,324+1,2013,9999
HRV,PRT,324+1,2013,9999
HRV,ROU,324+1,2013,9999
HRV,SVK,324+1,2013,9999
HRV,SVN,324+1,2013,9999
HRV,ESP,324+1,2013,9999
HRV,SWE,324+1,2013,9999
HRV,GBR,324+1,2013,2020
AUT,LTU,325,1995,9999
BEL,LTU,325,1995,9999
DNK,LTU,325,1995,9999
FIN,LTU,325,1995,9999
FRA,LTU,325,1995,9999
DEU,LTU,325,1995,9999
GRC,LTU,325,1995,9999
IRL,LTU,325,1995,9999
ITA,LTU,325,1995,9999
LTU,LUX,325,1995,9999
LTU,NLD,325,1995,9999
LTU,PRT,325,1995,9999
LTU,ESP,325,1995,9999
LTU,SWE,325,1995,9999
LTU,GBR,325,1995,9999
AUT,LTU,326,1998,9999
BEL,LTU,326,1998,9999
DNK,LTU,326,1998,9999
FIN,LTU,326,1998,9999
FRA,LTU,326,1998,9999
DEU,LTU,326,1998,9999
GRC,LTU,326,1998,9999
IRL,LTU,326,1998,9999
ITA,LTU,326,1998,9999
LTU,LUX,326,1998,9999
LTU,NLD,326,1998,9999
LTU,PRT,326,1998,9999
LTU,ESP,326,1998,9999
LTU,SWE,326,1998,9999
LTU,GBR,326,1998,9999
BEL,DNK,327,1993,9999
BEL,FRA,327,1993,9999
BEL,DEU,327,1993,9999
BEL,GRC,327,1993,9999
BEL,IRL,327,1993,9999
BEL,ITA,327,1993,9999
BEL,LUX,327,1993,9999
BEL,NLD,327,1993,9999
BEL,PRT,327,1993,9999
BEL,ESP,327,1993,9999
BEL,GBR,327,1993,9999
DNK,FRA,327,1993,9999
DNK,DEU,327,1993,9999
DNK,GRC,327,1993,9999
DNK,IRL,327,1993,9999
DNK,ITA,327,1993,9999
DNK,LUX,327,1993,9999
DNK,NLD,327,1993,9999
DNK,PRT,327,1993,9999
DNK,ESP,327,1993,9999
DNK,GBR,327,1993,9999
FRA,DEU,327,1993,9999
FRA,GRC,327,1993,9999
FRA,IRL,327,1993,9999
FRA,ITA,327,1993,9999
FRA,LUX,327,1993,9999
FRA,NLD,327,1993,9999
FRA,PRT,327,1993,9999
FRA,ESP,327,1993,9999
FRA,GBR,327,1993,9999
DEU,GRC,327,1993,9999
DEU,IRL,327,1993,9999
DEU,ITA,327,1993,9999
DEU,LUX,327,1993,9999
DEU,NLD,327,1993,9999
DEU,PRT,327,1993,9999
DEU,ESP,327,1993,9999
DEU,GBR,327,1993,9999
GRC,IRL,327,1993,9999
GRC,ITA,327,1993,9999
GRC,LUX,327,1993,9999
GRC,NLD,327,1993,9999
GRC,PRT,327,1993,9999
GRC,ESP,327,1993,9999
GRC,GBR,327,1993,9999
IRL,ITA,327,1993,9999
IRL,LUX,327,1993,9999
IRL,NLD,327,1993,9999
IRL,PRT,327,1993,9999
IRL,ESP,327,1993,9999
IRL,GBR,327,1993,9999
ITA,LUX,327,1993,9999
ITA,NLD,327,1993,9999
ITA,PRT,327,1993,9999
ITA,ESP,327,1993,9999
ITA,GBR,327,1993,9999
LUX,NLD,327,1993,9999
LUX,PRT,327,1993,9999
LUX,ESP,327,1993,9999
LUX,GBR,327,1993,9999
NLD,PRT,327,1993,9999
NLD,ESP,327,1993,9999
NLD,GBR,327,1993,9999
PRT,ESP,327,1993,9999
PRT,GBR,327,1993,9999
ESP,GBR,327,1993,9999
AUT,BEL,327+1,1995,9999
AUT,DNK,327+1,1995,9999
AUT,FIN,327+1,1995,9999
AUT,FRA,327+1,1995,9999
AUT,DEU,327+1,1995,9999
AUT,GRC,327+1,1995,9999
AUT,IRL,327+1,1995,9999
AUT,ITA,327+1,1995,9999
AUT,LUX,327+1,1995,9999
AUT,NLD,327+1,1995,9999
AUT,PRT,327+1,1995,9999
AUT,ESP,327+1,1995,9999
AUT,SWE,327+1,1995,9999
AUT,GBR,327+1,1995,9999
BEL,FIN,327+1,1995,9999
BEL,SWE,327+1,1995,9999
DNK,FIN,327+1,1995,9999
DNK,SWE,327+1,1995,9999
FIN,FRA,327+1,1995,9999
FIN,DEU,327+1,1995,9999
FIN,GRC,327+1,1995,9999
FIN,IRL,327+1,1995,9999
FIN,ITA,327+1,1995,9999
FIN,LUX,327+1,1995,9999
FIN,NLD,327+1,1995,9999
FIN,PRT,327+1,1995,9999
FIN,ESP,327+1,1995,9999
FIN,SWE,327+1,1995,9999
FIN,GBR,327+1,1995,9999
FRA,SWE,327+1,1995,9999
DEU,SWE,327+1,1995,9999
GRC,SWE,327+1,1995,9999
IRL,SWE,327+1,1995,9999
ITA,SWE,327+1,1995,9999
LUX,SWE,327+1,1995,9999
NLD,SWE,327+1,1995,9999
PRT,SWE,327+1,1995,9999
ESP,SWE,327+1,1995,9999
SWE,GBR,327+1,1995,9999
MKD,GBR,1054a,2021,2020
AUT,MKD,328,2004,9999
BEL,MKD,328,2004,9999
DNK,MKD,328,2004,9999
FIN,MKD,328,2004,9999
FRA,MKD,328,2004,9999
DEU,MKD,328,2004,9999
GRC,MKD,328,2004,9999
IRL,MKD,328,2004,9999
ITA,MKD,328,2004,9999
LUX,MKD,328,2004,9999
NLD,MKD,328,2004,9999
MKD,PRT,328,2004,9999
MKD,ESP,328,2004,9999
MKD,SWE,328,2004,9999
MKD,GBR,328,2004,2020
CYP,MKD,328+1,2004,9999
CZE,MKD,328+1,2004,9999
EST,MKD,328+1,2004,9999
HUN,MKD,328+1,2004,9999
LVA,MKD,328+1,2004,9999
LTU,MKD,328+1,2004,9999
MLT,MKD,328+1,2004,9999
MKD,POL,328+1,2004,9999
MKD,SVK,328+1,2004,9999
MKD,SVN,328+1,2004,9999
BGR,MKD,328+2,2007,9999
MKD,ROU,328+2,2007,9999
HRV,MKD,328+3,2013,9999
BEL,MLT,329,1971,9999
FRA,MLT,329,1971,9999
DEU,MLT,329,1971,9999
ITA,MLT,329,1971,9999
LUX,MLT,329,1971,9999
MLT,NLD,329,1971,9999
MLT,PRT,329+1,1986,9999
MLT,ESP,329+1,1986,9999
AUT,MLT,329+2,1995,9999
FIN,MLT,329+2,1995,9999
MLT,SWE,329+2,1995,9999
MEX,GBR,1060a,2021,2020
AUT,MEX,330,2000,9999
BEL,MEX,330,2000,9999
DNK,MEX,330,2000,9999
FIN,MEX,330,2000,9999
FRA,MEX,330,2000,9999
DEU,MEX,330,2000,9999
GRC,MEX,330,2000,9999
IRL,MEX,330,2000,9999
ITA,MEX,330,2000,9999
LUX,MEX,330,2000,9999
MEX,NLD,330,2000,9999
MEX,PRT,330,2000,9999
MEX,ESP,330,2000,9999
MEX,SWE,330,2000,9999
MEX,GBR,330,2000,2020
CYP,MEX,330+1,2004,9999
CZE,MEX,330+1,2004,9999
EST,MEX,330+1,2004,9999
HUN,MEX,330+1,2004,9999
LVA,MEX,330+1,2004,9999
LTU,MEX,330+1,2004,9999
MLT,MEX,330+1,2004,9999
MEX,POL,330+1,2004,9999
MEX,SVK,330+1,2004,9999
MEX,SVN,330+1,2004,9999
BGR,MEX,330+2,2007,9999
MEX,ROU,330+2,2007,9999
HRV,MEX,330+3,2013,9999
AUT,MNE,331,2010,9999
BEL,MNE,331,2010,9999
BGR,MNE,331,2010,9999
CYP,MNE,331,2010,9999
CZE,MNE,331,2010,9999
DNK,MNE,331,2010,9999
EST,MNE,331,2010,9999
FIN,MNE,331,2010,9999
FRA,MNE,331,2010,9999
DEU,MNE,331,2010,9999
GRC,MNE,331,2010,9999
HUN,MNE,331,2010,9999
IRL,MNE,331,2010,9999
ITA,MNE,331,2010,9999
LVA,MNE,331,2010,9999
LTU,MNE,331,2010,9999
LUX,MNE,331,2010,9999
MLT,MNE,331,2010,9999
MNE,NLD,331,2010,9999
MNE,POL,331,2010,9999
MNE,PRT,331,2010,9999
MNE,ROU,331,2010,9999
MNE,SVK,331,2010,9999
MNE,SVN,331,2010,9999
MNE,ESP,331,2010,9999
MNE,SWE,331,2010,9999
MNE,GBR,331,2010,2020
BEL,MAR,332,1978,9999
DNK,MAR,332,1978,9999
FRA,MAR,332,1978,9999
DEU,MAR,332,1978,9999
IRL,MAR,332,1978,9999
ITA,MAR,332,1978,9999
LUX,MAR,332,1978,9999
MAR,NLD,332,1978,9999
MAR,GBR,332,1978,9999
MAR,PRT,332+1,1986,9999
MAR,ESP,332+1,1986,9999
AUT,MAR,332+2,1995,9999
FIN,MAR,332+2,1995,9999
MAR,SWE,332+2,1995,9999
BEL,MAR,333,1969,9999
FRA,MAR,333,1969,9999
DEU,MAR,333,1969,9999
ITA,MAR,333,1969,9999
LUX,MAR,333,1969,9999
MAR,NLD,333,1969,9999
AUT,MAR,334,2000,9999
BEL,MAR,334,2000,9999
DNK,MAR,334,2000,9999
FIN,MAR,334,2000,9999
FRA,MAR,334,2000,9999
DEU,MAR,334,2000,9999
GRC,MAR,334,2000,9999
IRL,MAR,334,2000,9999
ITA,MAR,334,2000,9999
LUX,MAR,334,2000,9999
MAR,NLD,334,2000,9999
MAR,PRT,334,2000,9999
MAR,ESP,334,2000,9999
MAR,SWE,334,2000,9999
MAR,GBR,334,2000,2020
CYP,MAR,334+1,2004,9999
CZE,MAR,334+1,2004,9999
EST,MAR,334+1,2004,9999
HUN,MAR,334+1,2004,9999
LVA,MAR,334+1,2004,9999
LTU,MAR,334+1,2004,9999
MLT,MAR,334+1,2004,9999
MAR,POL,334+1,2004,9999
MAR,SVK,334+1,2004,9999
MAR,SVN,334+1,2004,9999
BGR,MAR,334+2,2007,9999
MAR,ROU,334+2,2007,9999
HRV,MAR,334+3,2013,9999
AUT,BEL,335,2003,9999
AUT,DNK,335,2003,9999
AUT,FIN,335,2003,9999
AUT,FRA,335,2003,9999
AUT,DEU,335,2003,9999
AUT,GRC,335,2003,9999
AUT,IRL,335,2003,9999
AUT,ITA,335,2003,9999
AUT,LUX,335,2003,9999
AUT,NLD,335,2003,9999
AUT,PRT,335,2003,9999
AUT,ESP,335,2003,9999
AUT,SWE,335,2003,9999
AUT,GBR,335,2003,9999
BEL,DNK,335,2003,9999
BEL,FIN,335,2003,9999
BEL,FRA,335,2003,9999
BEL,DEU,335,2003,9999
BEL,GRC,335,2003,9999
BEL,IRL,335,2003,9999
BEL,ITA,335,2003,9999
BEL,LUX,335,2003,9999
BEL,NLD,335,2003,9999
BEL,PRT,335,2003,9999
BEL,ESP,335,2003,9999
BEL,SWE,335,2003,9999
BEL,GBR,335,2003,9999
DNK,FIN,335,2003,9999
DNK,FRA,335,2003,9999
DNK,DEU,335,2003,9999
DNK,GRC,335,2003,9999
DNK,IRL,335,2003,9999
DNK,ITA,335,2003,9999
DNK,LUX,335,2003,9999
DNK,NLD,335,2003,9999
DNK,PRT,335,2003,9999
DNK,ESP,335,2003,9999
DNK,SWE,335,2003,9999
DNK,GBR,335,2003,9999
FIN,FRA,335,2003,9999
FIN,DEU,335,2003,9999
FIN,GRC,335,2003,9999
FIN,IRL,335,2003,9999
FIN,ITA,335,2003,9999
FIN,LUX,335,2003,9999
FIN,NLD,335,2003,9999
FIN,PRT,335,2003,9999
FIN,ESP,335,2003,9999
FIN,SWE,335,2003,9999
FIN,GBR,335,2003,9999
FRA,DEU,335,2003,9999
FRA,GRC,335,2003,9999
FRA,IRL,335,2003,9999
FRA,ITA,335,2003,9999
FRA,LUX,335,2003,9999
FRA,NLD,335,2003,9999
FRA,PRT,335,2003,9999
FRA,ESP,335,2003,9999
FRA,SWE,335,2003,9999
FRA,GBR,335,2003,9999
DEU,GRC,335,2003,9999
DEU,IRL,335,2003,9999
DEU,ITA,335,2003,9999
DEU,LUX,335,2003,9999
DEU,NLD,335,2003,9999
DEU,PRT,335,2003,9999
DEU,ESP,335,2003,9999
DEU,SWE,335,2003,9999
DEU,GBR,335,2003,9999
GRC,IRL,335,2003,9999
GRC,ITA,335,2003,9999
GRC,LUX,335,2003,9999
GRC,NLD,335,2003,9999
GRC,PRT,335,2003,9999
GRC,ESP,335,2003,9999
GRC,SWE,335,2003,9999
GRC,GBR,335,2003,9999
IRL,ITA,335,2003,9999
IRL,LUX,335,2003,9999
IRL,NLD,335,2003,9999
IRL,PRT,335,2003,9999
IRL,ESP,335,2003,9999
IRL,SWE,335,2003,9999
IRL,GBR,335,2003,9999
ITA,LUX,335,2003,9999
ITA,NLD,335,2003,9999
ITA,PRT,335,2003,9999
ITA,ESP,335,2003,9999
ITA,SWE,335,2003,9999
ITA,GBR,335,2003,9999
LUX,NLD,335,2003,9999
LUX,PRT,335,2003,9999
LUX,ESP,335,2003,9999
LUX,SWE,335,2003,9999
LUX,GBR,335,2003,9999
NLD,PRT,335,2003,9999
NLD,ESP,335,2003,9999
NLD,SWE,335,2003,9999
NLD,GBR,335,2003,9999
PRT,ESP,335,2003,9999
PRT,SWE,335,2003,9999
PRT,GBR,335,2003,9999
ESP,SWE,335,2003,9999
ESP,GBR,335,2003,9999
SWE,GBR,335,2003,9999
AUT,CYP,335+1,2004,9999
AUT,CZE,335+1,2004,9999
AUT,EST,335+1,2004,9999
AUT,HUN,335+1,2004,9999
AUT,LVA,335+1,2004,9999
AUT,LTU,335+1,2004,9999
AUT,MLT,335+1,2004,9999
AUT,POL,335+1,2004,9999
AUT,SVK,335+1,2004,9999
AUT,SVN,335+1,2004,9999
BEL,CYP,335+1,2004,9999
BEL,CZE,335+1,2004,9999
BEL,EST,335+1,2004,9999
BEL,HUN,335+1,2004,9999
BEL,LVA,335+1,2004,9999
BEL,LTU,335+1,2004,9999
BEL,MLT,335+1,2004,9999
BEL,POL,335+1,2004,9999
BEL,SVK,335+1,2004,9999
BEL,SVN,335+1,2004,9999
CYP,CZE,335+1,2004,9999
CYP,DNK,335+1,2004,9999
CYP,EST,335+1,2004,9999
CYP,FIN,335+1,2004,9999
CYP,FRA,335+1,2004,9999
CYP,DEU,335+1,2004,9999
CYP,GRC,335+1,2004,9999
CYP,HUN,335+1,2004,9999
CYP,IRL,335+1,2004,9999
CYP,ITA,335+1,2004,9999
CYP,LVA,335+1,2004,9999
CYP,LTU,335+1,2004,9999
CYP,LUX,335+1,2004,9999
CYP,MLT,335+1,2004,9999
CYP,NLD,335+1,2004,9999
CYP,POL,335+1,2004,9999
CYP,PRT,335+1,2004,9999
CYP,SVK,335+1,2004,9999
CYP,SVN,335+1,2004,9999
CYP,ESP,335+1,2004,9999
CYP,SWE,335+1,2004,9999
CYP,GBR,335+1,2004,9999
CZE,DNK,335+1,2004,9999
CZE,EST,335+1,2004,9999
CZE,FIN,335+1,2004,9999
CZE,FRA,335+1,2004,9999
CZE,DEU,335+1,2004,9999
CZE,GRC,335+1,2004,9999
CZE,HUN,335+1,2004,9999
CZE,IRL,335+1,2004,9999
CZE,ITA,335+1,2004,9999
CZE,LVA,335+1,2004,9999
CZE,LTU,335+1,2004,9999
CZE,LUX,335+1,2004,9999
CZE,MLT,335+1,2004,9999
CZE,NLD,335+1,2004,9999
CZE,POL,335+1,2004,9999
CZE,PRT,335+1,2004,9999
CZE,SVK,335+1,2004,9999
CZE,SVN,335+1,2004,9999
CZE,ESP,335+1,2004,9999
CZE,SWE,335+1,2004,9999
CZE,GBR,335+1,2004,9999
DNK,EST,335+1,2004,9999
DNK,HUN,335+1,2004,9999
DNK,LVA,335+1,2004,9999
DNK,LTU,335+1,2004,9999
DNK,MLT,335+1,2004,9999
DNK,POL,335+1,2004,9999
DNK,SVK,335+1,2004,9999
DNK,SVN,335+1,2004,9999
EST,FIN,335+1,2004,9999
EST,FRA,335+1,2004,9999
EST,DEU,335+1,2004,9999
EST,GRC,335+1,2004,9999
EST,HUN,335+1,2004,9999
EST,IRL,335+1,2004,9999
EST,ITA,335+1,2004,9999
EST,LVA,335+1,2004,9999
EST,LTU,335+1,2004,9999
EST,LUX,335+1,2004,9999
EST,MLT,335+1,2004,9999
EST,NLD,335+1,2004,9999
EST,POL,335+1,2004,9999
EST,PRT,335+1,2004,9999
EST,SVK,335+1,2004,9999
EST,SVN,335+1,2004,9999
EST,ESP,335+1,2004,9999
EST,SWE,335+1,2004,9999
EST,GBR,335+1,2004,9999
FIN,HUN,335+1,2004,9999
FIN,LVA,335+1,2004,9999
FIN,LTU,335+1,2004,9999
FIN,MLT,335+1,2004,9999
FIN,POL,335+1,2004,9999
FIN,SVK,335+1,2004,9999
FIN,SVN,335+1,2004,9999
FRA,HUN,335+1,2004,9999
FRA,LVA,335+1,2004,9999
FRA,LTU,335+1,2004,9999
FRA,MLT,335+1,2004,9999
FRA,POL,335+1,2004,9999
FRA,SVK,335+1,2004,9999
FRA,SVN,335+1,2004,9999
DEU,HUN,335+1,2004,9999
DEU,LVA,335+1,2004,9999
DEU,LTU,335+1,2004,9999
DEU,MLT,335+1,2004,9999
DEU,POL,335+1,2004,9999
DEU,SVK,335+1,2004,9999
DEU,SVN,335+1,2004,9999
GRC,HUN,335+1,2004,9999
GRC,LVA,335+1,2004,9999
GRC,LTU,335+1,2004,9999
GRC,MLT,335+1,2004,9999
GRC,POL,335+1,2004,9999
GRC,SVK,335+1,2004,9999
GRC,SVN,335+1,2004,9999
HUN,IRL,335+1,2004,9999
HUN,ITA,335+1,2004,9999
HUN,LVA,335+1,2004,9999
HUN,LTU,335+1,2004,9999
HUN,LUX,335+1,2004,9999
HUN,MLT,335+1,2004,9999
HUN,NLD,335+1,2004,9999
HUN,POL,335+1,2004,9999
HUN,PRT,335+1,2004,9999
HUN,SVK,335+1,2004,9999
HUN,SVN,335+1,2004,9999
HUN,ESP,335+1,2004,9999
HUN,SWE,335+1,2004,9999
HUN,GBR,335+1,2004,9999
IRL,LVA,335+1,2004,9999
IRL,LTU,335+1,2004,9999
IRL,MLT,335+1,2004,9999
IRL,POL,335+1,2004,9999
IRL,SVK,335+1,2004,9999
IRL,SVN,335+1,2004,9999
ITA,LVA,335+1,2004,9999
ITA,LTU,335+1,2004,9999
ITA,MLT,335+1,2004,9999
ITA,POL,335+1,2004,9999
ITA,SVK,335+1,2004,9999
ITA,SVN,335+1,2004,9999
LVA,LTU,335+1,2004,9999
LVA,LUX,335+1,2004,9999
LVA,MLT,335+1,2004,9999
LVA,NLD,335+1,2004,9999
LVA,POL,335+1,2004,9999
LVA,PRT,335+1,2004,9999
LVA,SVK,335+1,2004,9999
LVA,SVN,335+1,2004,9999
LVA,ESP,335+1,2004,9999
LVA,SWE,335+1,2004,9999
LVA,GBR,335+1,2004,9999
LTU,LUX,335+1,2004,9999
LTU,MLT,335+1,2004,9999
LTU,NLD,335+1,2004,9999
LTU,POL,335+1,2004,9999
LTU,PRT,335+1,2004,9999
LTU,SVK,335+1,2004,9999
LTU,SVN,335+1,2004,9999
LTU,ESP,335+1,2004,9999
LTU,SWE,335+1,2004,9999
LTU,GBR,335+1,2004,9999
LUX,MLT,335+1,2004,9999
LUX,POL,335+1,2004,9999
LUX,SVK,335+1,2004,9999
LUX,SVN,335+1,2004,9999
MLT,NLD,335+1,2004,9999
MLT,POL,335+1,2004,9999
MLT,PRT,335+1,2004,9999
MLT,SVK,335+1,2004,9999
MLT,SVN,335+1,2004,9999
MLT,ESP,335+1,2004,9999
MLT,SWE,335+1,2004,9999
MLT,GBR,335+1,2004,9999
NLD,POL,335+1,2004,9999
NLD,SVK,335+1,2004,9999
NLD,SVN,335+1,2004,9999
POL,PRT,335+1,2004,9999
POL,SVK,335+1,2004,9999
POL,SVN,335+1,2004,9999
POL,ESP,335+1,2004,9999
POL,SWE,335+1,2004,9999
POL,GBR,335+1,2004,9999
PRT,SVK,335+1,2004,9999
PRT,SVN,335+1,2004,9999
SVK,SVN,335+1,2004,9999
SVK,ESP,335+1,2004,9999
SVK,SWE,335+1,2004,9999
SVK,GBR,335+1,2004,9999
SVN,ESP,335+1,2004,9999
SVN,SWE,335+1,2004,9999
SVN,GBR,335+1,2004,9999
AUT,BGR,335+2,2007,9999
AUT,ROU,335+2,2007,9999
BEL,BGR,335+2,2007,9999
BEL,ROU,335+2,2007,9999
BGR,CYP,335+2,2007,9999
BGR,CZE,335+2,2007,9999
BGR,DNK,335+2,2007,9999
BGR,EST,335+2,2007,9999
BGR,FIN,335+2,2007,9999
BGR,FRA,335+2,2007,9999
BGR,DEU,335+2,2007,9999
BGR,GRC,335+2,2007,9999
BGR,HUN,335+2,2007,9999
BGR,IRL,335+2,2007,9999
BGR,ITA,335+2,2007,9999
BGR,LVA,335+2,2007,9999
BGR,LTU,335+2,2007,9999
BGR,LUX,335+2,2007,9999
BGR,MLT,335+2,2007,9999
BGR,NLD,335+2,2007,9999
BGR,POL,335+2,2007,9999
BGR,PRT,335+2,2007,9999
BGR,ROU,335+2,2007,9999
BGR,SVK,335+2,2007,9999
BGR,SVN,335+2,2007,9999
BGR,ESP,335+2,2007,9999
BGR,SWE,335+2,2007,9999
BGR,GBR,335+2,2007,9999
CYP,ROU,335+2,2007,9999
CZE,ROU,335+2,2007,9999
DNK,ROU,335+2,2007,9999
EST,ROU,335+2,2007,9999
FIN,ROU,335+2,2007,9999
FRA,ROU,335+2,2007,9999
DEU,ROU,335+2,2007,9999
GRC,ROU,335+2,2007,9999
HUN,ROU,335+2,2007,9999
IRL,ROU,335+2,2007,9999
ITA,ROU,335+2,2007,9999
LVA,ROU,335+2,2007,9999
LTU,ROU,335+2,2007,9999
LUX,ROU,335+2,2007,9999
MLT,ROU,335+2,2007,9999
NLD,ROU,335+2,2007,9999
POL,ROU,335+2,2007,9999
PRT,ROU,335+2,2007,9999
ROU,SVK,335+2,2007,9999
ROU,SVN,335+2,2007,9999
ROU,ESP,335+2,2007,9999
ROU,SWE,335+2,2007,9999
ROU,GBR,335+2,2007,9999
BEL,NOR,336,1973,9999
DNK,NOR,336,1973,9999
FRA,NOR,336,1973,9999
DEU,NOR,336,1973,9999
IRL,NOR,336,1973,9999
ITA,NOR,336,1973,9999
LUX,NOR,336,1973,9999
NLD,NOR,336,1973,9999
NOR,GBR,336,1973,9999
NOR,PRT,336+1,1986,9999
NOR,ESP,336+1,1986,9999
BEL,POL,337,1994,9999
DNK,POL,337,1994,9999
FRA,POL,337,1994,9999
DEU,POL,337,1994,9999
GRC,POL,337,1994,9999
IRL,POL,337,1994,9999
ITA,POL,337,1994,9999
LUX,POL,337,1994,9999
NLD,POL,337,1994,9999
POL,PRT,337,1994,9999
POL,ESP,337,1994,9999
POL,GBR,337,1994,9999
AUT,POL,337+1,1995,9999
FIN,POL,337+1,1995,9999
POL,SWE,337+1,1995,9999
BEL,PRT,338,1973,9999
DNK,PRT,338,1973,9999
FRA,PRT,338,1973,9999
DEU,PRT,338,1973,9999
IRL,PRT,338,1973,9999
ITA,PRT,338,1973,9999
LUX,PRT,338,1973,9999
NLD,PRT,338,1973,9999
PRT,GBR,338,1973,9999
BEL,PRT,339a,1976,9999
DNK,PRT,339a,1976,9999
FRA,PRT,339a,1976,9999
DEU,PRT,339a,1976,9999
IRL,PRT,339a,1976,9999
ITA,PRT,339a,1976,9999
LUX,PRT,339a,1976,9999
NLD,PRT,339a,1976,9999
PRT,GBR,339a,1976,9999
BEL,ROU,340,1993,9999
DNK,ROU,340,1993,9999
FRA,ROU,340,1993,9999
DEU,ROU,340,1993,9999
GRC,ROU,340,1993,9999
IRL,ROU,340,1993,9999
ITA,ROU,340,1993,9999
LUX,ROU,340,1993,9999
NLD,ROU,340,1993,9999
PRT,ROU,340,1993,9999
ROU,ESP,340,1993,9999
ROU,GBR,340,1993,9999
AUT,ROU,340+1,1995,9999
FIN,ROU,340+1,1995,9999
ROU,SWE,340+1,1995,9999
BEL,SMR,341,2002,9999
DNK,SMR,341,2002,9999
FRA,SMR,341,2002,9999
DEU,SMR,341,2002,9999
GRC,SMR,341,2002,9999
IRL,SMR,341,2002,9999
ITA,SMR,341,2002,9999
LUX,SMR,341,2002,9999
NLD,SMR,341,2002,9999
PRT,SMR,341,2002,9999
SMR,ESP,341,2002,9999
SMR,GBR,341,2002,2020
AUT,SMR,341+1,1995,9999
FIN,SMR,341+1,1995,9999
SMR,SWE,341+1,1995,9999
CYP,SMR,341+2,2004,9999
CZE,SMR,341+2,2004,9999
EST,SMR,341+2,2004,9999
HUN,SMR,341+2,2004,9999
LVA,SMR,341+2,2004,9999
LTU,SMR,341+2,2004,9999
MLT,SMR,341+2,2004,9999
POL,SMR,341+2,2004,9999
SMR,SVK,341+2,2004,9999
SMR,SVN,341+2,2004,9999
BGR,SMR,341+3,2007,9999
ROU,SMR,341+3,2007,9999
HRV,SMR,341+4,2013,9999
AUT,SRB,342,2013,9999
BEL,SRB,342,2013,9999
BGR,SRB,342,2013,9999
CYP,SRB,342,2013,9999
CZE,SRB,342,2013,9999
DNK,SRB,342,2013,9999
EST,SRB,342,2013,9999
FIN,SRB,342,2013,9999
FRA,SRB,342,2013,9999
DEU,SRB,342,2013,9999
GRC,SRB,342,2013,9999
HUN,SRB,342,2013,9999
IRL,SRB,342,2013,9999
ITA,SRB,342,2013,9999
LVA,SRB,342,2013,9999
LTU,SRB,342,2013,9999
LUX,SRB,342,2013,9999
MLT,SRB,342,2013,9999
NLD,SRB,342,2013,9999
POL,SRB,342,2013,9999
PRT,SRB,342,2013,9999
ROU,SRB,342,2013,9999
SRB,SVK,342,2013,9999
SRB,SVN,342,2013,9999
SRB,ESP,342,2013,9999
SRB,SWE,342,2013,9999
SRB,GBR,342,2013,2020
BEL,SVK,344,1995,9999
DNK,SVK,344,1995,9999
FRA,SVK,344,1995,9999
DEU,SVK,344,1995,9999
GRC,SVK,344,1995,9999
IRL,SVK,344,1995,9999
ITA,SVK,344,1995,9999
LUX,SVK,344,1995,9999
NLD,SVK,344,1995,9999
PRT,SVK,344,1995,9999
SVK,ESP,344,1995,9999
SVK,GBR,344,1995,9999
AUT,SVK,344+1,1995,9999
FIN,SVK,344+1,1995,9999
SVK,SWE,344+1,1995,9999
BEL,SVN,345,1993,9999
DNK,SVN,345,1993,9999
FRA,SVN,345,1993,9999
DEU,SVN,345,1993,9999
GRC,SVN,345,1993,9999
IRL,SVN,345,1993,9999
ITA,SVN,345,1993,9999
LUX,SVN,345,1993,9999
NLD,SVN,345,1993,9999
PRT,SVN,345,1993,9999
SVN,ESP,345,1993,9999
SVN,GBR,345,1993,9999
AUT,SVN,345+1,1995,9999
FIN,SVN,345+1,1995,9999
SVN,SWE,345+1,1995,9999
AUT,SVN,346,1999,9999
BEL,SVN,346,1999,9999
DNK,SVN,346,1999,9999
FIN,SVN,346,1999,9999
FRA,SVN,346,1999,9999
DEU,SVN,346,1999,9999
GRC,SVN,346,1999,9999
IRL,SVN,346,1999,9999
ITA,SVN,346,1999,9999
LUX,SVN,346,1999,9999
NLD,SVN,346,1999,9999
PRT,SVN,346,1999,9999
SVN,ESP,346,1999,9999
SVN,SWE,346,1999,9999
SVN,GBR,346,1999,9999
AUT,ZAF,347,2000,9999
BEL,ZAF,347,2000,9999
DNK,ZAF,347,2000,9999
FIN,ZAF,347,2000,9999
FRA,ZAF,347,2000,9999
DEU,ZAF,347,2000,9999
GRC,ZAF,347,2000,9999
IRL,ZAF,347,2000,9999
ITA,ZAF,347,2000,9999
LUX,ZAF,347,2000,9999
NLD,ZAF,347,2000,9999
PRT,ZAF,347,2000,9999
ZAF,ESP,347,2000,9999
ZAF,SWE,347,2000,9999
ZAF,GBR,347,2000,2020
CYP,ZAF,347+1,2004,9999
CZE,ZAF,347+1,2004,9999
EST,ZAF,347+1,2004,9999
HUN,ZAF,347+1,2004,9999
LVA,ZAF,347+1,2004,9999
LTU,ZAF,347+1,2004,9999
MLT,ZAF,347+1,2004,9999
POL,ZAF,347+1,2004,9999
SVK,ZAF,347+1,2004,9999
SVN,ZAF,347+1,2004,9999
BGR,ZAF,347+2,2007,9999
ROU,ZAF,347+2,2007,9999
HRV,ZAF,347+3,2013,9999
BEL,ESP,348,1970,9999
FRA,ESP,348,1970,9999
DEU,ESP,348,1970,9999
ITA,ESP,348,1970,9999
LUX,ESP,348,1970,9999
NLD,ESP,348,1970,9999
BEL,SWE,349,1973,9999
DNK,SWE,349,1973,9999
FRA,SWE,349,1973,9999
DEU,SWE,349,1973,9999
IRL,SWE,349,1973,9999
ITA,SWE,349,1973,9999
LUX,SWE,349,1973,9999
NLD,SWE,349,1973,9999
SWE,GBR,349,1973,9999
PRT,SWE,349+1,1986,9999
ESP,SWE,349+1,1986,9999
BEL,LIE,350,1973,9999
BEL,CHE,350,1973,9999
DNK,LIE,350,1973,9999
DNK,CHE,350,1973,9999
FRA,LIE,350,1973,9999
FRA,CHE,350,1973,9999
DEU,LIE,350,1973,9999
DEU,CHE,350,1973,9999
IRL,LIE,350,1973,9999
IRL,CHE,350,1973,9999
ITA,LIE,350,1973,9999
ITA,CHE,350,1973,9999
LIE,LUX,350,1973,9999
LIE,NLD,350,1973,9999
LIE,GBR,350,1973,2020
LUX,CHE,350,1973,9999
NLD,CHE,350,1973,9999
CHE,GBR,350,1973,2020
GRC,LIE,350+1,1981,9999
GRC,CHE,350+1,1981,9999
LIE,PRT,350+2,1986,9999
LIE,ESP,350+2,1986,9999
PRT,CHE,350+2,1986,9999
ESP,CHE,350+2,1986,9999
AUT,LIE,350+3,1995,9999
AUT,CHE,350+3,1995,9999
FIN,LIE,350+3,1995,9999
FIN,CHE,350+3,1995,9999
LIE,SWE,350+3,1995,9999
SWE,CHE,350+3,1995,9999
CYP,LIE,350+4,2004,9999
CYP,CHE,350+4,2004,9999
CZE,LIE,350+4,2004,9999
CZE,CHE,350+4,2004,9999
EST,LIE,350+4,2004,9999
EST,CHE,350+4,2004,9999
HUN,LIE,350+4,2004,9999
HUN,CHE,350+4,2004,9999
LVA,LIE,350+4,2004,9999
LVA,CHE,350+4,2004,9999
LIE,LTU,350+4,2004,9999
LIE,MLT,350+4,2004,9999
LIE,POL,350+4,2004,9999
LIE,SVK,350+4,2004,9999
LIE,SVN,350+4,2004,9999
LTU,CHE,350+4,2004,9999
MLT,CHE,350+4,2004,9999
POL,CHE,350+4,2004,9999
SVK,CHE,350+4,2004,9999
SVN,CHE,350+4,2004,9999
BGR,LIE,350+5,2007,9999
BGR,CHE,350+5,2007,9999
LIE,ROU,350+5,2007,9999
ROU,CHE,350+5,2007,9999
HRV,LIE,350+6,2013,9999
HRV,CHE,350+6,2013,9999
BEL,SYR,351,1977,9999
DNK,SYR,351,1977,9999
FRA,SYR,351,1977,9999
DEU,SYR,351,1977,9999
IRL,SYR,351,1977,9999
ITA,SYR,351,1977,9999
LUX,SYR,351,1977,9999
NLD,SYR,351,1977,9999
SYR,GBR,351,1977,2020
GRC,SYR,351+1,1981,9999
PRT,SYR,351+2,1986,9999
ESP,SYR,351+2,1986,9999
AUT,SYR,351+3,1995,9999
FIN,SYR,351+3,1995,9999
SWE,SYR,351+3,1995,9999
CYP,SYR,351+4,2004,9999
CZE,SYR,351+4,2004,9999
EST,SYR,351+4,2004,9999
HUN,SYR,351+4,2004,9999
LVA,SYR,351+4,2004,9999
LTU,SYR,351+4,2004,9999
MLT,SYR,351+4,2004,9999
POL,SYR,351+4,2004,9999
SVK,SYR,351+4,2004,9999
SVN,SYR,351+4,2004,9999
BGR,SYR,351+5,2007,9999
ROU,SYR,351+5,2007,9999
HRV,SYR,351+6,2013,9999
BEL,TUN,352,1978,9999
DNK,TUN,352,1978,9999
FRA,TUN,352,1978,9999
DEU,TUN,352,1978,9999
IRL,TUN,352,1978,9999
ITA,TUN,352,1978,9999
LUX,TUN,352,1978,9999
NLD,TUN,352,1978,9999
TUN,GBR,352,1978,9999
PRT,TUN,352+1,1986,9999
ESP,TUN,352+1,1986,9999
AUT,TUN,352+2,1995,9999
FIN,TUN,352+2,1995,9999
SWE,TUN,352+2,1995,9999
BEL,TUN,353,1969,9999
FRA,TUN,353,1969,9999
DEU,TUN,353,1969,9999
ITA,TUN,353,1969,9999
LUX,TUN,353,1969,9999
NLD,TUN,353,1969,9999
AUT,TUN,354,1998,9999
BEL,TUN,354,1998,9999
DNK,TUN,354,1998,9999
FIN,TUN,354,1998,9999
FRA,TUN,354,1998,9999
DEU,TUN,354,1998,9999
GRC,TUN,354,1998,9999
IRL,TUN,354,1998,9999
ITA,TUN,354,1998,9999
LUX,TUN,354,1998,9999
NLD,TUN,354,1998,9999
PRT,TUN,354,1998,9999
ESP,TUN,354,1998,9999
SWE,TUN,354,1998,9999
TUN,GBR,354,1998,2020
CYP,TUN,354+1,2004,9999
CZE,TUN,354+1,2004,9999
EST,TUN,354+1,2004,9999
HUN,TUN,354+1,2004,9999
LVA,TUN,354+1,2004,9999
LTU,TUN,354+1,2004,9999
MLT,TUN,354+1,2004,9999
POL,TUN,354+1,2004,9999
SVK,TUN,354+1,2004,9999
SVN,TUN,354+1,2004,9999
BGR,TUN,354+2,2007,9999
ROU,TUN,354+2,2007,9999
HRV,TUN,354+3,2013,9999
AUT,TUR,355,1996,9999
BEL,TUR,355,1996,9999
DNK,TUR,355,1996,9999
FIN,TUR,355,1996,9999
FRA,TUR,355,1996,9999
DEU,TUR,355,1996,9999
GRC,TUR,355,1996,9999
IRL,TUR,355,1996,9999
ITA,TUR,355,1996,9999
LUX,TUR,355,1996,9999
NLD,TUR,355,1996,9999
PRT,TUR,355,1996,9999
ESP,TUR,355,1996,9999
SWE,TUR,355,1996,9999
TUR,GBR,355,1996,2020
CYP,TUR,355+1,2004,9999
CZE,TUR,355+1,2004,9999
EST,TUR,355+1,2004,9999
HUN,TUR,355+1,2004,9999
LVA,TUR,355+1,2004,9999
LTU,TUR,355+1,2004,9999
MLT,TUR,355+1,2004,9999
POL,TUR,355+1,2004,9999
SVK,TUR,355+1,2004,9999
SVN,TUR,355+1,2004,9999
BGR,TUR,355+2,2007,9999
ROU,TUR,355+2,2007,9999
HRV,TUR,355+3,2013,9999
BEL,TUR,358a,1974,9999
DNK,TUR,358a,1974,9999
FRA,TUR,358a,1974,9999
DEU,TUR,358a,1974,9999
IRL,TUR,358a,1974,9999
ITA,TUR,358a,1974,9999
LUX,TUR,358a,1974,9999
NLD,TUR,358a,1974,9999
TUR,GBR,358a,1974,9999
BEL,TUR,356a,1973,9999
FRA,TUR,356a,1973,9999
DEU,TUR,356a,1973,9999
ITA,TUR,356a,1973,9999
LUX,TUR,356a,1973,9999
NLD,TUR,356a,1973,9999
BEL,TUR,357,1964,9999
FRA,TUR,357,1964,9999
DEU,TUR,357,1964,9999
ITA,TUR,357,1964,9999
LUX,TUR,357,1964,9999
NLD,TUR,357,1964,9999
PRT,TUR,357+1,1986,9999
ESP,TUR,357+1,1986,9999
AUT,TUR,357+2,1995,9999
FIN,TUR,357+2,1995,9999
SWE,TUR,357+2,1995,9999
CYP,SYR,357+3,2004,9999
CZE,SYR,357+3,2004,9999
EST,SYR,357+3,2004,9999
HUN,SYR,357+3,2004,9999
LVA,SYR,357+3,2004,9999
LTU,SYR,357+3,2004,9999
MLT,SYR,357+3,2004,9999
POL,SYR,357+3,2004,9999
SVK,SYR,357+3,2004,9999
SVN,SYR,357+3,2004,9999
BGR,SYR,357+4,2007,9999
ROU,SYR,357+4,2007,9999
HRV,SYR,357+5,2013,9999
BEL,SRB,359,1980,9999
DNK,SRB,359,1980,9999
FRA,SRB,359,1980,9999
DEU,SRB,359,1980,9999
GRC,SRB,359,1980,9999
IRL,SRB,359,1980,9999
ITA,SRB,359,1980,9999
LUX,SRB,359,1980,9999
NLD,SRB,359,1980,9999
SRB,GBR,359,1980,9999
PRT,SRB,359+1,1986,9999
SRB,ESP,359+1,1986,9999
CMR,CAF,360,1999,9999
CMR,TCD,360,1999,9999
CMR,COG,360,1999,9999
CMR,GNQ,360,1999,9999
CMR,GAB,360,1999,9999
CAF,TCD,360,1999,9999
CAF,COG,360,1999,9999
CAF,GNQ,360,1999,9999
CAF,GAB,360,1999,9999
TCD,COG,360,1999,9999
TCD,GNQ,360,1999,9999
TCD,GAB,360,1999,9999
COG,GNQ,360,1999,9999
COG,GAB,360,1999,9999
GNQ,GAB,360,1999,9999
BDI,CMR,363,1984,9999
BDI,CAF,363,1984,9999
BDI,TCD,363,1984,9999
BDI,COG,363,1984,9999
BDI,COD,363,1984,9999
BDI,GNQ,363,1984,9999
BDI,GAB,363,1984,9999
BDI,RWA,363,1984,9999
BDI,STP,363,1984,9999
CMR,CAF,363,1984,9999
CMR,TCD,363,1984,9999
CMR,COG,363,1984,9999
CMR,COD,363,1984,9999
CMR,GNQ,363,1984,9999
CMR,GAB,363,1984,9999
CMR,RWA,363,1984,9999
CMR,STP,363,1984,9999
CAF,TCD,363,1984,9999
CAF,COG,363,1984,9999
CAF,COD,363,1984,9999
CAF,GNQ,363,1984,9999
CAF,GAB,363,1984,9999
CAF,RWA,363,1984,9999
CAF,STP,363,1984,9999
TCD,COG,363,1984,9999
TCD,COD,363,1984,9999
TCD,GNQ,363,1984,9999
TCD,GAB,363,1984,9999
TCD,RWA,363,1984,9999
TCD,STP,363,1984,9999
COG,COD,363,1984,9999
COG,GNQ,363,1984,9999
COG,GAB,363,1984,9999
COG,RWA,363,1984,9999
COG,STP,363,1984,9999
COD,GNQ,363,1984,9999
COD,GAB,363,1984,9999
COD,RWA,363,1984,9999
COD,STP,363,1984,9999
GNQ,GAB,363,1984,9999
GNQ,RWA,363,1984,9999
GNQ,STP,363,1984,9999
GAB,RWA,363,1984,9999
GAB,STP,363,1984,9999
RWA,STP,363,1984,9999
BDI,COD,365,1978,9999
BDI,RWA,365,1978,9999
COD,RWA,365,1978,9999
BEN,BFA,366,1975,9999
BEN,CIV,366,1975,9999
BEN,GMB,366,1975,9999
BEN,GHA,366,1975,9999
BEN,GNB,366,1975,9999
BEN,LBR,366,1975,9999
BEN,MLI,366,1975,9999
BEN,MRT,366,1975,9999
BEN,NER,366,1975,9999
BEN,NGA,366,1975,9999
BEN,SEN,366,1975,9999
BEN,SLE,366,1975,9999
BEN,TGO,366,1975,9999
BFA,CIV,366,1975,9999
BFA,GMB,366,1975,9999
BFA,GHA,366,1975,9999
BFA,GNB,366,1975,9999
BFA,LBR,366,1975,9999
BFA,MLI,366,1975,9999
BFA,MRT,366,1975,9999
BFA,NER,366,1975,9999
BFA,NGA,366,1975,9999
BFA,SEN,366,1975,9999
BFA,SLE,366,1975,9999
BFA,TGO,366,1975,9999
CIV,GMB,366,1975,9999
CIV,GHA,366,1975,9999
CIV,GNB,366,1975,9999
CIV,LBR,366,1975,9999
CIV,MLI,366,1975,9999
CIV,MRT,366,1975,9999
CIV,NER,366,1975,9999
CIV,NGA,366,1975,9999
CIV,SEN,366,1975,9999
CIV,SLE,366,1975,9999
CIV,TGO,366,1975,9999
GMB,GHA,366,1975,9999
GMB,GNB,366,1975,9999
GMB,LBR,366,1975,9999
GMB,MLI,366,1975,9999
GMB,MRT,366,1975,9999
GMB,NER,366,1975,9999
GMB,NGA,366,1975,9999
GMB,SEN,366,1975,9999
GMB,SLE,366,1975,9999
GMB,TGO,366,1975,9999
GHA,GNB,366,1975,9999
GHA,LBR,366,1975,9999
GHA,MLI,366,1975,9999
GHA,MRT,366,1975,9999
GHA,NER,366,1975,9999
GHA,NGA,366,1975,9999
GHA,SEN,366,1975,9999
GHA,SLE,366,1975,9999
GHA,TGO,366,1975,9999
GNB,LBR,366,1975,9999
GNB,MLI,366,1975,9999
GNB,MRT,366,1975,9999
GNB,NER,366,1975,9999
GNB,NGA,366,1975,9999
GNB,SEN,366,1975,9999
GNB,SLE,366,1975,9999
GNB,TGO,366,1975,9999
LBR,MLI,366,1975,9999
LBR,MRT,366,1975,9999
LBR,NER,366,1975,9999
LBR,NGA,366,1975,9999
LBR,SEN,366,1975,9999
LBR,SLE,366,1975,9999
LBR,TGO,366,1975,9999
MLI,MRT,366,1975,9999
MLI,NER,366,1975,9999
MLI,NGA,366,1975,9999
MLI,SEN,366,1975,9999
MLI,SLE,366,1975,9999
MLI,TGO,366,1975,9999
MRT,NER,366,1975,9999
MRT,NGA,366,1975,9999
MRT,SEN,366,1975,9999
MRT,SLE,366,1975,9999
MRT,TGO,366,1975,9999
NER,NGA,366,1975,9999
NER,SEN,366,1975,9999
NER,SLE,366,1975,9999
NER,TGO,366,1975,9999
NGA,SEN,366,1975,9999
NGA,SLE,366,1975,9999
NGA,TGO,366,1975,9999
SEN,SLE,366,1975,9999
SEN,TGO,366,1975,9999
SLE,TGO,366,1975,9999
BEN,BFA,367,1993,9999
BEN,CPV,367,1993,9999
BEN,CIV,367,1993,9999
BEN,GMB,367,1993,9999
BEN,GHA,367,1993,9999
BEN,GNB,367,1993,9999
BEN,LBR,367,1993,9999
BEN,MLI,367,1993,9999
BEN,MRT,367,1993,2000
BEN,NER,367,1993,9999
BEN,NGA,367,1993,9999
BEN,SEN,367,1993,9999
BEN,SLE,367,1993,9999
BEN,TGO,367,1993,9999
BFA,CPV,367,1993,9999
BFA,CIV,367,1993,9999
BFA,GMB,367,1993,9999
BFA,GHA,367,1993,9999
BFA,GNB,367,1993,9999
BFA,LBR,367,1993,9999
BFA,MLI,367,1993,9999
BFA,MRT,367,1993,2000
BFA,NER,367,1993,9999
BFA,NGA,367,1993,9999
BFA,SEN,367,1993,9999
BFA,SLE,367,1993,9999
BFA,TGO,367,1993,9999
CPV,CIV,367,1993,9999
CPV,GMB,367,1993,9999
CPV,GHA,367,1993,9999
CPV,GNB,367,1993,9999
CPV,LBR,367,1993,9999
CPV,MLI,367,1993,9999
CPV,MRT,367,1993,2000
CPV,NER,367,1993,9999
CPV,NGA,367,1993,9999
CPV,SEN,367,1993,9999
CPV,SLE,367,1993,9999
CPV,TGO,367,1993,9999
CIV,GMB,367,1993,9999
CIV,GHA,367,1993,9999
CIV,GNB,367,1993,9999
CIV,LBR,367,1993,9999
CIV,MLI,367,1993,9999
CIV,MRT,367,1993,2000
CIV,NER,367,1993,9999
CIV,NGA,367,1993,9999
CIV,SEN,367,1993,9999
CIV,SLE,367,1993,9999
CIV,TGO,367,1993,9999
GMB,GHA,367,1993,9999
GMB,GNB,367,1993,9999
GMB,LBR,367,1993,9999
GMB,MLI,367,1993,9999
GMB,MRT,367,1993,2000
GMB,NER,367,1993,9999
GMB,NGA,367,1993,9999
GMB,SEN,367,1993,9999
GMB,SLE,367,1993,9999
GMB,TGO,367,1993,9999
GHA,GNB,367,1993,9999
GHA,LBR,367,1993,9999
GHA,MLI,367,1993,9999
GHA,MRT,367,1993,2000
GHA,NER,367,1993,9999
GHA,NGA,367,1993,9999
GHA,SEN,367,1993,9999
GHA,SLE,367,1993,9999
GHA,TGO,367,1993,9999
GNB,LBR,367,1993,9999
GNB,MLI,367,1993,9999
GNB,MRT,367,1993,2000
GNB,NER,367,1993,9999
GNB,NGA,367,1993,9999
GNB,SEN,367,1993,9999
GNB,SLE,367,1993,9999
GNB,TGO,367,1993,9999
LBR,MLI,367,1993,9999
LBR,MRT,367,1993,2000
LBR,NER,367,1993,9999
LBR,NGA,367,1993,9999
LBR,SEN,367,1993,9999
LBR,SLE,367,1993,9999
LBR,TGO,367,1993,9999
MLI,MRT,367,1993,2000
MLI,NER,367,1993,9999
MLI,NGA,367,1993,9999
MLI,SEN,367,1993,9999
MLI,SLE,367,1993,9999
MLI,TGO,367,1993,9999
MRT,NER,367,1993,2000
MRT,NGA,367,1993,2000
MRT,SEN,367,1993,2000
MRT,SLE,367,1993,2000
MRT,TGO,367,1993,2000
NER,NGA,367,1993,9999
NER,SEN,367,1993,9999
NER,SLE,367,1993,9999
NER,TGO,367,1993,9999
NGA,SEN,367,1993,9999
NGA,SLE,367,1993,9999
NGA,TGO,367,1993,9999
SEN,SLE,367,1993,9999
SEN,TGO,367,1993,9999
SLE,TGO,367,1993,9999
IRN,PAK,370,1992,9999
IRN,TUR,370,1992,9999
PAK,TUR,370,1992,9999
AFG,AZE,371,2008,9999
AFG,IRN,371,2008,9999
AFG,KAZ,371,2008,9999
AFG,KGZ,371,2008,9999
AFG,PAK,371,2008,9999
AFG,TJK,371,2008,9999
AFG,TUR,371,2008,9999
AFG,TKM,371,2008,9999
AFG,UZB,371,2008,9999
AZE,IRN,371,2008,9999
AZE,KAZ,371,2008,9999
AZE,KGZ,371,2008,9999
AZE,PAK,371,2008,9999
AZE,TJK,371,2008,9999
AZE,TUR,371,2008,9999
AZE,TKM,371,2008,9999
AZE,UZB,371,2008,9999
IRN,KAZ,371,2008,9999
IRN,KGZ,371,2008,9999
IRN,PAK,371,2008,9999
IRN,TJK,371,2008,9999
IRN,TUR,371,2008,9999
IRN,TKM,371,2008,9999
IRN,UZB,371,2008,9999
KAZ,KGZ,371,2008,9999
KAZ,PAK,371,2008,9999
KAZ,TJK,371,2008,9999
KAZ,TUR,371,2008,9999
KAZ,TKM,371,2008,9999
KAZ,UZB,371,2008,9999
KGZ,PAK,371,2008,9999
KGZ,TJK,371,2008,9999
KGZ,TUR,371,2008,9999
KGZ,TKM,371,2008,9999
KGZ,UZB,371,2008,9999
PAK,TJK,371,2008,9999
PAK,TUR,371,2008,9999
PAK,TKM,371,2008,9999
PAK,UZB,371,2008,9999
TJK,TUR,371,2008,9999
TJK,TKM,371,2008,9999
TJK,UZB,371,2008,9999
TUR,TKM,371,2008,9999
TUR,UZB,371,2008,9999
TKM,UZB,371,2008,9999
ECU,MEX,372,1987,9999
ECU,PRY,373,1995,9999
ECU,URY,374,1994,9999
AUT,DNK,375,1960,1973
AUT,NOR,375,1960,1995
AUT,PRT,375,1960,1986
AUT,SWE,375,1960,1995
AUT,CHE,375,1960,1995
AUT,GBR,375,1960,1973
DNK,NOR,375,1960,1973
DNK,PRT,375,1960,1973
DNK,SWE,375,1960,1973
DNK,CHE,375,1960,1973
DNK,GBR,375,1960,1973
NOR,PRT,375,1960,1986
NOR,SWE,375,1960,1995
NOR,CHE,375,1960,9999
NOR,GBR,375,1960,1973
PRT,SWE,375,1960,1986
PRT,CHE,375,1960,1986
PRT,GBR,375,1960,1973
SWE,CHE,375,1960,1995
SWE,GBR,375,1960,1973
CHE,GBR,375,1960,1973
AUT,ISL,375+1,1970,1995
DNK,ISL,375+1,1970,1973
ISL,NOR,375+1,1970,9999
ISL,PRT,375+1,1970,1986
ISL,SWE,375+1,1970,1995
ISL,CHE,375+1,1970,9999
ISL,GBR,375+1,1970,1973
AUT,FIN,375+2,1986,1995
FIN,ISL,375+2,1986,1995
FIN,NOR,375+2,1986,1995
FIN,PRT,375+2,1986,1986
FIN,SWE,375+2,1986,1995
FIN,CHE,375+2,1986,1995
AUT,LIE,375+3,1991,1995
FIN,LIE,375+3,1991,1995
ISL,LIE,375+3,1991,9999
LIE,NOR,375+3,1991,9999
LIE,SWE,375+3,1991,1995
LIE,CHE,375+3,1991,9999
ISL,LIE,395a,2002,9999
ISL,NOR,395a,2002,9999
ISL,CHE,395a,2002,9999
LIE,NOR,395a,2002,9999
LIE,CHE,395a,2002,9999
NOR,CHE,395a,2002,9999
EGY,ISL,376,2007,9999
EGY,LIE,376,2007,9999
EGY,NOR,376,2007,9999
EGY,CHE,376,2007,9999
EST,ISL,377,1996,9999
EST,LIE,377,1996,9999
EST,NOR,377,1996,9999
EST,CHE,377,1996,9999
BHR,ISL,379,2014,9999
BHR,LIE,379,2014,9999
BHR,NOR,379,2014,9999
BHR,CHE,379,2014,9999
ISL,KWT,379,2014,9999
ISL,OMN,379,2014,9999
ISL,QAT,379,2014,9999
ISL,SAU,379,2014,9999
ISL,ARE,379,2014,9999
KWT,LIE,379,2014,9999
KWT,NOR,379,2014,9999
KWT,CHE,379,2014,9999
LIE,OMN,379,2014,9999
LIE,QAT,379,2014,9999
LIE,SAU,379,2014,9999
LIE,ARE,379,2014,9999
NOR,OMN,379,2014,9999
NOR,QAT,379,2014,9999
NOR,SAU,379,2014,9999
NOR,ARE,379,2014,9999
OMN,CHE,379,2014,9999
QAT,CHE,379,2014,9999
SAU,CHE,379,2014,9999
CHE,ARE,379,2014,9999
AUT,HUN,380,1993,1994
FIN,HUN,380,1993,1994
HUN,ISL,380,1993,9999
HUN,LIE,380,1993,9999
HUN,NOR,380,1993,9999
HUN,SWE,380,1993,1994
HUN,CHE,380,1993,9999
AUT,ISR,382,1993,1994
FIN,ISR,382,1993,1994
ISL,ISR,382,1993,9999
ISR,LIE,382,1993,9999
ISR,NOR,382,1993,9999
ISR,SWE,382,1993,1994
ISR,CHE,382,1993,9999
ISL,JOR,383,2002,9999
JOR,LIE,383,2002,9999
JOR,NOR,383,2002,9999
JOR,CHE,383,2002,9999
ISL,KOR,384,2006,9999
LIE,KOR,384,2006,9999
NOR,KOR,384,2006,9999
KOR,CHE,384,2006,9999
ISL,LVA,385,1996,9999
LVA,LIE,385,1996,9999
LVA,NOR,385,1996,9999
LVA,CHE,385,1996,9999
ISL,LBN,386,2007,9999
LBN,LIE,386,2007,9999
LBN,NOR,386,2007,9999
LBN,CHE,386,2007,9999
ISL,LTU,388,1996,9999
LIE,LTU,388,1996,9999
LTU,NOR,388,1996,9999
LTU,CHE,388,1996,9999
ISL,MKD,389,2002,9999
LIE,MKD,389,2002,9999
MKD,NOR,389,2002,9999
MKD,CHE,389,2002,9999
ISL,MEX,390,2001,9999
LIE,MEX,390,2001,9999
MEX,NOR,390,2001,9999
MEX,CHE,390,2001,9999
ISL,MAR,391,1999,9999
LIE,MAR,391,1999,9999
MAR,NOR,391,1999,9999
MAR,CHE,391,1999,9999
AUT,POL,392,1993,1994
FIN,POL,392,1993,1994
ISL,POL,392,1993,9999
LIE,POL,392,1993,9999
NOR,POL,392,1993,9999
POL,SWE,392,1993,1994
POL,CHE,392,1993,9999
AUT,ROU,393,1993,1994
FIN,ROU,393,1993,1994
ISL,ROU,393,1993,9999
LIE,ROU,393,1993,9999
NOR,ROU,393,1993,9999
ROU,SWE,393,1993,1994
ROU,CHE,393,1993,9999
ISL,SRB,394,2010,9999
LIE,SRB,394,2010,9999
NOR,SRB,394,2010,9999
SRB,CHE,394,2010,9999
ISL,SGP,396,2003,9999
LIE,SGP,396,2003,9999
NOR,SGP,396,2003,9999
SGP,CHE,396,2003,9999
ISL,SVN,398,1995,9999
LIE,SVN,398,1995,9999
NOR,SVN,398,1995,9999
SVN,CHE,398,1995,9999
BWA,ISL,399,2008,9999
BWA,LIE,399,2008,9999
BWA,NOR,399,2008,9999
BWA,CHE,399,2008,9999
SWZ,ISL,399,2008,9999
SWZ,LIE,399,2008,9999
SWZ,NOR,399,2008,9999
SWZ,CHE,399,2008,9999
ISL,LSO,399,2008,9999
ISL,NAM,399,2008,9999
ISL,ZAF,399,2008,9999
LSO,LIE,399,2008,9999
LSO,NOR,399,2008,9999
LSO,CHE,399,2008,9999
LIE,NAM,399,2008,9999
LIE,ZAF,399,2008,9999
NAM,NOR,399,2008,9999
NAM,CHE,399,2008,9999
NOR,ZAF,399,2008,9999
ZAF,CHE,399,2008,9999
AUT,ESP,400,1980,9999
ISL,ESP,400,1980,9999
NOR,ESP,400,1980,9999
PRT,ESP,400,1980,9999
ESP,SWE,400,1980,9999
ESP,CHE,400,1980,9999
ISL,TUN,401,2005,9999
LIE,TUN,401,2005,9999
NOR,TUN,401,2005,9999
CHE,TUN,401,2005,9999
AUT,TUR,402,1992,1994
FIN,TUR,402,1992,1994
ISL,TUR,402,1992,9999
LIE,TUR,402,1992,9999
NOR,TUR,402,1992,9999
SWE,TUR,402,1992,1994
CHE,TUR,402,1992,9999
EGY,IRQ,403,2001,9999
EGY,JOR,404,1999,9999
EGY,JOR,405,1998,9999
EGY,LBN,407,1999,9999
EGY,LBY,408,1991,9999
EGY,LBY,409,2007,9999
EGY,MAR,410,1999,9999
EGY,PSE,412,1999,9999
EGY,SYR,413,1991,9999
EGY,TUN,414,2007,9999
EGY,TUR,415,2007,9999
SLV,HND,416,2008,9999
SLV,TWN,416,2008,9999
HND,TWN,416,2008,9999
SLV,NIC,418,1951,9999
SLV,PAN,419,1974,9999
SLV,VEN,421,1986,9999
CAF,TCD,422,1960,9999
CAF,COG,422,1960,9999
CAF,GAB,422,1960,9999
TCD,COG,422,1960,9999
TCD,GAB,422,1960,9999
COG,GAB,422,1960,9999
EST,FRO,424,1998,9999
EST,FIN,425,1992,9999
EST,HUN,426,2001,9999
EST,NOR,427,1992,9999
EST,SVK,428,1998,9999
EST,SVN,429,1997,9999
EST,SWE,430,1992,9999
EST,CHE,431,1993,9999
EST,TUR,432,1998,9999
EST,UKR,433,1996,9999
BLR,KAZ,434,2001,9999
BLR,KGZ,434,2001,9999
BLR,RUS,434,2001,9999
BLR,TJK,434,2001,9999
KAZ,KGZ,434,2001,9999
KAZ,RUS,434,2001,9999
KAZ,TJK,434,2001,9999
KGZ,RUS,434,2001,9999
KGZ,TJK,434,2001,9999
RUS,TJK,434,2001,9999
BLR,KAZ,435,1997,9999
BLR,RUS,435,1997,9999
KAZ,RUS,435,1997,9999
BEL,FRA,436,1952,9999
BEL,DEU,436,1952,9999
BEL,ITA,436,1952,9999
BEL,LUX,436,1952,9999
BEL,NLD,436,1952,9999
FRA,DEU,436,1952,9999
FRA,ITA,436,1952,9999
FRA,LUX,436,1952,9999
FRA,NLD,436,1952,9999
DEU,ITA,436,1952,9999
DEU,LUX,436,1952,9999
DEU,NLD,436,1952,9999
ITA,LUX,436,1952,9999
ITA,NLD,436,1952,9999
LUX,NLD,436,1952,9999
AUT,BEL,437,1994,9999
AUT,DNK,437,1994,9999
AUT,FRA,437,1994,9999
AUT,DEU,437,1994,9999
AUT,GRC,437,1994,9999
AUT,IRL,437,1994,9999
AUT,ITA,437,1994,9999
AUT,LUX,437,1994,9999
AUT,NLD,437,1994,9999
AUT,PRT,437,1994,9999
AUT,ESP,437,1994,9999
AUT,GBR,437,1994,9999
BEL,FIN,437,1994,9999
BEL,ISL,437,1994,9999
BEL,LIE,437,1994,9999
BEL,NOR,437,1994,9999
BEL,SWE,437,1994,9999
DNK,FIN,437,1994,9999
DNK,ISL,437,1994,9999
DNK,LIE,437,1994,9999
DNK,NOR,437,1994,9999
DNK,SWE,437,1994,9999
FIN,FRA,437,1994,9999
FIN,DEU,437,1994,9999
FIN,GRC,437,1994,9999
FIN,IRL,437,1994,9999
FIN,ITA,437,1994,9999
FIN,LUX,437,1994,9999
FIN,NLD,437,1994,9999
FIN,PRT,437,1994,9999
FIN,ESP,437,1994,9999
FIN,GBR,437,1994,9999
FRA,ISL,437,1994,9999
FRA,LIE,437,1994,9999
FRA,NOR,437,1994,9999
FRA,SWE,437,1994,9999
DEU,ISL,437,1994,9999
DEU,LIE,437,1994,9999
DEU,NOR,437,1994,9999
DEU,SWE,437,1994,9999
GRC,ISL,437,1994,9999
GRC,LIE,437,1994,9999
GRC,NOR,437,1994,9999
GRC,SWE,437,1994,9999
ISL,IRL,437,1994,9999
ISL,ITA,437,1994,9999
ISL,LUX,437,1994,9999
ISL,NLD,437,1994,9999
ISL,PRT,437,1994,9999
ISL,ESP,437,1994,9999
ISL,GBR,437,1994,9999
IRL,LIE,437,1994,9999
IRL,NOR,437,1994,9999
IRL,SWE,437,1994,9999
ITA,LIE,437,1994,9999
ITA,NOR,437,1994,9999
ITA,SWE,437,1994,9999
LIE,LUX,437,1994,9999
LIE,NLD,437,1994,9999
LIE,PRT,437,1994,9999
LIE,ESP,437,1994,9999
LIE,GBR,437,1994,9999
LUX,NOR,437,1994,9999
LUX,SWE,437,1994,9999
NLD,NOR,437,1994,9999
NLD,SWE,437,1994,9999
NOR,PRT,437,1994,9999
NOR,ESP,437,1994,9999
NOR,GBR,437,1994,9999
PRT,SWE,437,1994,9999
ESP,SWE,437,1994,9999
SWE,GBR,437,1994,9999
AUT,LIE,437+1,1995,9999
BEL,LIE,437+1,1995,9999
DNK,LIE,437+1,1995,9999
FIN,LIE,437+1,1995,9999
FRA,LIE,437+1,1995,9999
DEU,LIE,437+1,1995,9999
GRC,LIE,437+1,1995,9999
ISL,LIE,437+1,1995,9999
IRL,LIE,437+1,1995,9999
ITA,LIE,437+1,1995,9999
LIE,LUX,437+1,1995,9999
LIE,NLD,437+1,1995,9999
LIE,NOR,437+1,1995,9999
LIE,PRT,437+1,1995,9999
LIE,ESP,437+1,1995,9999
LIE,SWE,437+1,1995,9999
LIE,GBR,437+1,1995,9999
AUT,CYP,437+2,2005,9999
AUT,CZE,437+2,2005,9999
AUT,EST,437+2,2005,9999
AUT,HUN,437+2,2005,9999
AUT,LVA,437+2,2005,9999
AUT,LTU,437+2,2005,9999
AUT,MLT,437+2,2005,9999
AUT,POL,437+2,2005,9999
AUT,SVK,437+2,2005,9999
AUT,SVN,437+2,2005,9999
BEL,CYP,437+2,2005,9999
BEL,CZE,437+2,2005,9999
BEL,EST,437+2,2005,9999
BEL,HUN,437+2,2005,9999
BEL,LVA,437+2,2005,9999
BEL,LTU,437+2,2005,9999
BEL,MLT,437+2,2005,9999
BEL,POL,437+2,2005,9999
BEL,SVK,437+2,2005,9999
BEL,SVN,437+2,2005,9999
CYP,CZE,437+2,2005,9999
CYP,DNK,437+2,2005,9999
CYP,EST,437+2,2005,9999
CYP,FIN,437+2,2005,9999
CYP,FRA,437+2,2005,9999
CYP,DEU,437+2,2005,9999
CYP,GRC,437+2,2005,9999
CYP,HUN,437+2,2005,9999
CYP,ISL,437+2,2005,9999
CYP,IRL,437+2,2005,9999
CYP,ITA,437+2,2005,9999
CYP,LVA,437+2,2005,9999
CYP,LIE,437+2,2005,9999
CYP,LTU,437+2,2005,9999
CYP,LUX,437+2,2005,9999
CYP,MLT,437+2,2005,9999
CYP,NLD,437+2,2005,9999
CYP,NOR,437+2,2005,9999
CYP,POL,437+2,2005,9999
CYP,PRT,437+2,2005,9999
CYP,SVK,437+2,2005,9999
CYP,SVN,437+2,2005,9999
CYP,ESP,437+2,2005,9999
CYP,SWE,437+2,2005,9999
CYP,GBR,437+2,2005,9999
CZE,DNK,437+2,2005,9999
CZE,EST,437+2,2005,9999
CZE,FIN,437+2,2005,9999
CZE,FRA,437+2,2005,9999
CZE,DEU,437+2,2005,9999
CZE,GRC,437+2,2005,9999
CZE,HUN,437+2,2005,9999
CZE,ISL,437+2,2005,9999
CZE,IRL,437+2,2005,9999
CZE,ITA,437+2,2005,9999
CZE,LVA,437+2,2005,9999
CZE,LIE,437+2,2005,9999
CZE,LTU,437+2,2005,9999
CZE,LUX,437+2,2005,9999
CZE,MLT,437+2,2005,9999
CZE,NLD,437+2,2005,9999
CZE,NOR,437+2,2005,9999
CZE,POL,437+2,2005,9999
CZE,PRT,437+2,2005,9999
CZE,SVK,437+2,2005,9999
CZE,SVN,437+2,2005,9999
CZE,ESP,437+2,2005,9999
CZE,SWE,437+2,2005,9999
CZE,GBR,437+2,2005,9999
DNK,EST,437+2,2005,9999
DNK,HUN,437+2,2005,9999
DNK,LVA,437+2,2005,9999
DNK,LTU,437+2,2005,9999
DNK,MLT,437+2,2005,9999
DNK,POL,437+2,2005,9999
DNK,SVK,437+2,2005,9999
DNK,SVN,437+2,2005,9999
EST,FIN,437+2,2005,9999
EST,FRA,437+2,2005,9999
EST,DEU,437+2,2005,9999
EST,GRC,437+2,2005,9999
EST,HUN,437+2,2005,9999
EST,ISL,437+2,2005,9999
EST,IRL,437+2,2005,9999
EST,ITA,437+2,2005,9999
EST,LVA,437+2,2005,9999
EST,LIE,437+2,2005,9999
EST,LTU,437+2,2005,9999
EST,LUX,437+2,2005,9999
EST,MLT,437+2,2005,9999
EST,NLD,437+2,2005,9999
EST,NOR,437+2,2005,9999
EST,POL,437+2,2005,9999
EST,PRT,437+2,2005,9999
EST,SVK,437+2,2005,9999
EST,SVN,437+2,2005,9999
EST,ESP,437+2,2005,9999
EST,SWE,437+2,2005,9999
EST,GBR,437+2,2005,9999
FIN,HUN,437+2,2005,9999
FIN,LVA,437+2,2005,9999
FIN,LTU,437+2,2005,9999
FIN,MLT,437+2,2005,9999
FIN,POL,437+2,2005,9999
FIN,SVK,437+2,2005,9999
FIN,SVN,437+2,2005,9999
FRA,HUN,437+2,2005,9999
FRA,LVA,437+2,2005,9999
FRA,LTU,437+2,2005,9999
FRA,MLT,437+2,2005,9999
FRA,POL,437+2,2005,9999
FRA,SVK,437+2,2005,9999
FRA,SVN,437+2,2005,9999
DEU,HUN,437+2,2005,9999
DEU,LVA,437+2,2005,9999
DEU,LTU,437+2,2005,9999
DEU,MLT,437+2,2005,9999
DEU,POL,437+2,2005,9999
DEU,SVK,437+2,2005,9999
DEU,SVN,437+2,2005,9999
GRC,HUN,437+2,2005,9999
GRC,LVA,437+2,2005,9999
GRC,LTU,437+2,2005,9999
GRC,MLT,437+2,2005,9999
GRC,POL,437+2,2005,9999
GRC,SVK,437+2,2005,9999
GRC,SVN,437+2,2005,9999
HUN,ISL,437+2,2005,9999
HUN,IRL,437+2,2005,9999
HUN,ITA,437+2,2005,9999
HUN,LVA,437+2,2005,9999
HUN,LIE,437+2,2005,9999
HUN,LTU,437+2,2005,9999
HUN,LUX,437+2,2005,9999
HUN,MLT,437+2,2005,9999
HUN,NLD,437+2,2005,9999
HUN,NOR,437+2,2005,9999
HUN,POL,437+2,2005,9999
HUN,PRT,437+2,2005,9999
HUN,SVK,437+2,2005,9999
HUN,SVN,437+2,2005,9999
HUN,ESP,437+2,2005,9999
HUN,SWE,437+2,2005,9999
HUN,GBR,437+2,2005,9999
ISL,LVA,437+2,2005,9999
ISL,LTU,437+2,2005,9999
ISL,MLT,437+2,2005,9999
ISL,POL,437+2,2005,9999
ISL,SVK,437+2,2005,9999
ISL,SVN,437+2,2005,9999
IRL,LVA,437+2,2005,9999
IRL,LTU,437+2,2005,9999
IRL,MLT,437+2,2005,9999
IRL,POL,437+2,2005,9999
IRL,SVK,437+2,2005,9999
IRL,SVN,437+2,2005,9999
ITA,LVA,437+2,2005,9999
ITA,LTU,437+2,2005,9999
ITA,MLT,437+2,2005,9999
ITA,POL,437+2,2005,9999
ITA,SVK,437+2,2005,9999
ITA,SVN,437+2,2005,9999
LVA,LIE,437+2,2005,9999
LVA,LTU,437+2,2005,9999
LVA,LUX,437+2,2005,9999
LVA,MLT,437+2,2005,9999
LVA,NLD,437+2,2005,9999
LVA,NOR,437+2,2005,9999
LVA,POL,437+2,2005,9999
LVA,PRT,437+2,2005,9999
LVA,SVK,437+2,2005,9999
LVA,SVN,437+2,2005,9999
LVA,ESP,437+2,2005,9999
LVA,SWE,437+2,2005,9999
LVA,GBR,437+2,2005,9999
LIE,LTU,437+2,2005,9999
LIE,MLT,437+2,2005,9999
LIE,POL,437+2,2005,9999
LIE,SVK,437+2,2005,9999
LIE,SVN,437+2,2005,9999
LTU,LUX,437+2,2005,9999
LTU,MLT,437+2,2005,9999
LTU,NLD,437+2,2005,9999
LTU,NOR,437+2,2005,9999
LTU,POL,437+2,2005,9999
LTU,PRT,437+2,2005,9999
LTU,SVK,437+2,2005,9999
LTU,SVN,437+2,2005,9999
LTU,ESP,437+2,2005,9999
LTU,SWE,437+2,2005,9999
LTU,GBR,437+2,2005,9999
LUX,MLT,437+2,2005,9999
LUX,POL,437+2,2005,9999
LUX,SVK,437+2,2005,9999
LUX,SVN,437+2,2005,9999
MLT,NLD,437+2,2005,9999
MLT,NOR,437+2,2005,9999
MLT,POL,437+2,2005,9999
MLT,PRT,437+2,2005,9999
MLT,SVK,437+2,2005,9999
MLT,SVN,437+2,2005,9999
MLT,ESP,437+2,2005,9999
MLT,SWE,437+2,2005,9999
MLT,GBR,437+2,2005,9999
NLD,POL,437+2,2005,9999
NLD,SVK,437+2,2005,9999
NLD,SVN,437+2,2005,9999
NOR,POL,437+2,2005,9999
NOR,SVK,437+2,2005,9999
NOR,SVN,437+2,2005,9999
POL,PRT,437+2,2005,9999
POL,SVK,437+2,2005,9999
POL,SVN,437+2,2005,9999
POL,ESP,437+2,2005,9999
POL,SWE,437+2,2005,9999
POL,GBR,437+2,2005,9999
PRT,SVK,437+2,2005,9999
PRT,SVN,437+2,2005,9999
SVK,SVN,437+2,2005,9999
SVK,ESP,437+2,2005,9999
SVK,SWE,437+2,2005,9999
SVK,GBR,437+2,2005,9999
SVN,ESP,437+2,2005,9999
SVN,SWE,437+2,2005,9999
SVN,GBR,437+2,2005,9999
AUT,BGR,437+31,2011,9999
BEL,BGR,437+31,2011,9999
BGR,CYP,437+31,2011,9999
BGR,CZE,437+31,2011,9999
BGR,DNK,437+31,2011,9999
BGR,EST,437+31,2011,9999
BGR,FIN,437+31,2011,9999
BGR,FRA,437+31,2011,9999
BGR,DEU,437+31,2011,9999
BGR,GRC,437+31,2011,9999
BGR,HUN,437+31,2011,9999
BGR,ISL,437+31,2011,9999
BGR,IRL,437+31,2011,9999
BGR,ITA,437+31,2011,9999
BGR,LVA,437+31,2011,9999
BGR,LIE,437+31,2011,9999
BGR,LTU,437+31,2011,9999
BGR,LUX,437+31,2011,9999
BGR,MLT,437+31,2011,9999
BGR,NLD,437+31,2011,9999
BGR,NOR,437+31,2011,9999
BGR,POL,437+31,2011,9999
BGR,PRT,437+31,2011,9999
BGR,SVK,437+31,2011,9999
BGR,SVN,437+31,2011,9999
BGR,ESP,437+31,2011,9999
BGR,SWE,437+31,2011,9999
BGR,GBR,437+31,2011,9999
AUT,ROU,437+32,2011,9999
BEL,ROU,437+32,2011,9999
CYP,ROU,437+32,2011,9999
CZE,ROU,437+32,2011,9999
DNK,ROU,437+32,2011,9999
EST,ROU,437+32,2011,9999
FIN,ROU,437+32,2011,9999
FRA,ROU,437+32,2011,9999
DEU,ROU,437+32,2011,9999
GRC,ROU,437+32,2011,9999
HUN,ROU,437+32,2011,9999
ISL,ROU,437+32,2011,9999
IRL,ROU,437+32,2011,9999
ITA,ROU,437+32,2011,9999
LVA,ROU,437+32,2011,9999
LIE,ROU,437+32,2011,9999
LTU,ROU,437+32,2011,9999
LUX,ROU,437+32,2011,9999
MLT,ROU,437+32,2011,9999
NLD,ROU,437+32,2011,9999
NOR,ROU,437+32,2011,9999
POL,ROU,437+32,2011,9999
PRT,ROU,437+32,2011,9999
ROU,SVK,437+32,2011,9999
ROU,SVN,437+32,2011,9999
ROU,ESP,437+32,2011,9999
ROU,SWE,437+32,2011,9999
ROU,GBR,437+32,2011,9999
FRO,ISL,438,1993,9999
FRO,ISL,439,2006,9999
FRO,NOR,440,1993,9999
FRO,POL,441,1998,9999
FRO,CHE,443,1995,9999
AUT,FIN,445,1961,9999
DNK,FIN,445,1961,9999
FIN,NOR,445,1961,9999
FIN,PRT,445,1961,9999
FIN,SWE,445,1961,9999
FIN,CHE,445,1961,9999
FIN,GBR,445,1961,9999
FIN,DEU,446,1975,9999
FIN,HUN,447,1975,9999
FIN,LVA,448,1993,9999
FIN,LTU,449,1993,9999
FIN,POL,450,1978,9999
FRA,MCO,452,1963,9999
FRA,TUN,453,1956,9999
GEO,KAZ,454,1999,9999
GEO,RUS,455,1994,9999
GEO,TUR,456,2008,9999
GEO,TKM,457,2000,9999
GEO,UKR,458,1996,9999
GEO,UZB,459,1999,9999
BFA,GHA,460,1962,9999
DZA,AGO,461,1989,9999
DZA,ARG,461,1989,9999
DZA,BGD,461,1989,9999
DZA,BEN,461,1989,9999
DZA,BOL,461,1989,9999
DZA,BRA,461,1989,9999
DZA,CMR,461,1989,9999
DZA,CHL,461,1989,9999
DZA,COL,461,1989,9999
DZA,COD,461,1989,9999
DZA,CUB,461,1989,9999
DZA,ECU,461,1989,9999
DZA,EGY,461,1989,9999
DZA,GHA,461,1989,9999
DZA,GIN,461,1989,9999
DZA,GUY,461,1989,9999
DZA,HTI,461,1989,9999
DZA,IND,461,1989,9999
DZA,IDN,461,1989,9999
DZA,IRN,461,1989,9999
DZA,IRQ,461,1989,9999
DZA,LBY,461,1989,9999
DZA,MYS,461,1989,9999
DZA,MEX,461,1989,9999
DZA,MAR,461,1989,9999
DZA,MOZ,461,1989,9999
DZA,NIC,461,1989,9999
DZA,NGA,461,1989,9999
DZA,PRK,461,1989,9999
DZA,PAK,461,1989,9999
DZA,PER,461,1989,9999
DZA,PHL,461,1989,9999
DZA,QAT,461,1989,9999
DZA,ROU,461,1989,2007
DZA,SRB,461,1989,9999
DZA,SGP,461,1989,9999
DZA,KOR,461,1989,9999
DZA,LKA,461,1989,9999
DZA,SDN,461,1989,9999
DZA,TZA,461,1989,9999
DZA,THA,461,1989,9999
DZA,TTO,461,1989,9999
DZA,TUN,461,1989,9999
DZA,URY,461,1989,9999
DZA,VEN,461,1989,9999
DZA,VNM,461,1989,9999
DZA,ZWE,461,1989,9999
AGO,ARG,461,1989,9999
AGO,BGD,461,1989,9999
AGO,BEN,461,1989,9999
AGO,BOL,461,1989,9999
AGO,BRA,461,1989,9999
AGO,CMR,461,1989,9999
AGO,CHL,461,1989,9999
AGO,COL,461,1989,9999
AGO,COD,461,1989,9999
AGO,CUB,461,1989,9999
AGO,ECU,461,1989,9999
AGO,EGY,461,1989,9999
AGO,GHA,461,1989,9999
AGO,GIN,461,1989,9999
AGO,GUY,461,1989,9999
AGO,HTI,461,1989,9999
AGO,IND,461,1989,9999
AGO,IDN,461,1989,9999
AGO,IRN,461,1989,9999
AGO,IRQ,461,1989,9999
AGO,LBY,461,1989,9999
AGO,MYS,461,1989,9999
AGO,MEX,461,1989,9999
AGO,MAR,461,1989,9999
AGO,MOZ,461,1989,9999
AGO,NIC,461,1989,9999
AGO,NGA,461,1989,9999
AGO,PRK,461,1989,9999
AGO,PAK,461,1989,9999
AGO,PER,461,1989,9999
AGO,PHL,461,1989,9999
AGO,QAT,461,1989,9999
AGO,ROU,461,1989,2007
AGO,SRB,461,1989,9999
AGO,SGP,461,1989,9999
AGO,KOR,461,1989,9999
AGO,LKA,461,1989,9999
AGO,SDN,461,1989,9999
AGO,TZA,461,1989,9999
AGO,THA,461,1989,9999
AGO,TTO,461,1989,9999
AGO,TUN,461,1989,9999
AGO,URY,461,1989,9999
AGO,VEN,461,1989,9999
AGO,VNM,461,1989,9999
AGO,ZWE,461,1989,9999
ARG,BGD,461,1989,9999
ARG,BEN,461,1989,9999
ARG,BOL,461,1989,9999
ARG,BRA,461,1989,9999
ARG,CMR,461,1989,9999
ARG,CHL,461,1989,9999
ARG,COL,461,1989,9999
ARG,COD,461,1989,9999
ARG,CUB,461,1989,9999
ARG,ECU,461,1989,9999
ARG,EGY,461,1989,9999
ARG,GHA,461,1989,9999
ARG,GIN,461,1989,9999
ARG,GUY,461,1989,9999
ARG,HTI,461,1989,9999
ARG,IND,461,1989,9999
ARG,IDN,461,1989,9999
ARG,IRN,461,1989,9999
ARG,IRQ,461,1989,9999
ARG,LBY,461,1989,9999
ARG,MYS,461,1989,9999
ARG,MEX,461,1989,9999
ARG,MAR,461,1989,9999
ARG,MOZ,461,1989,9999
ARG,NIC,461,1989,9999
ARG,NGA,461,1989,9999
ARG,PRK,461,1989,9999
ARG,PAK,461,1989,9999
ARG,PER,461,1989,9999
ARG,PHL,461,1989,9999
ARG,QAT,461,1989,9999
ARG,ROU,461,1989,2007
ARG,SRB,461,1989,9999
ARG,SGP,461,1989,9999
ARG,KOR,461,1989,9999
ARG,LKA,461,1989,9999
ARG,SDN,461,1989,9999
ARG,TZA,461,1989,9999
ARG,THA,461,1989,9999
ARG,TTO,461,1989,9999
ARG,TUN,461,1989,9999
ARG,URY,461,1989,9999
ARG,VEN,461,1989,9999
ARG,VNM,461,1989,9999
ARG,ZWE,461,1989,9999
BGD,BEN,461,1989,9999
BGD,BOL,461,1989,9999
BGD,BRA,461,1989,9999
BGD,CMR,461,1989,9999
BGD,CHL,461,1989,9999
BGD,COL,461,1989,9999
BGD,COD,461,1989,9999
BGD,CUB,461,1989,9999
BGD,ECU,461,1989,9999
BGD,EGY,461,1989,9999
BGD,GHA,461,1989,9999
BGD,GIN,461,1989,9999
BGD,GUY,461,1989,9999
BGD,HTI,461,1989,9999
BGD,IND,461,1989,9999
BGD,IDN,461,1989,9999
BGD,IRN,461,1989,9999
BGD,IRQ,461,1989,9999
BGD,LBY,461,1989,9999
BGD,MYS,461,1989,9999
BGD,MEX,461,1989,9999
BGD,MAR,461,1989,9999
BGD,MOZ,461,1989,9999
BGD,NIC,461,1989,9999
BGD,NGA,461,1989,9999
BGD,PRK,461,1989,9999
BGD,PAK,461,1989,9999
BGD,PER,461,1989,9999
BGD,PHL,461,1989,9999
BGD,QAT,461,1989,9999
BGD,ROU,461,1989,2007
BGD,SRB,461,1989,9999
BGD,SGP,461,1989,9999
BGD,KOR,461,1989,9999
BGD,LKA,461,1989,9999
BGD,SDN,461,1989,9999
BGD,TZA,461,1989,9999
BGD,THA,461,1989,9999
BGD,TTO,461,1989,9999
BGD,TUN,461,1989,9999
BGD,URY,461,1989,9999
BGD,VEN,461,1989,9999
BGD,VNM,461,1989,9999
BGD,ZWE,461,1989,9999
BEN,BOL,461,1989,9999
BEN,BRA,461,1989,9999
BEN,CMR,461,1989,9999
BEN,CHL,461,1989,9999
BEN,COL,461,1989,9999
BEN,COD,461,1989,9999
BEN,CUB,461,1989,9999
BEN,ECU,461,1989,9999
BEN,EGY,461,1989,9999
BEN,GHA,461,1989,9999
BEN,GIN,461,1989,9999
BEN,GUY,461,1989,9999
BEN,HTI,461,1989,9999
BEN,IND,461,1989,9999
BEN,IDN,461,1989,9999
BEN,IRN,461,1989,9999
BEN,IRQ,461,1989,9999
BEN,LBY,461,1989,9999
BEN,MYS,461,1989,9999
BEN,MEX,461,1989,9999
BEN,MAR,461,1989,9999
BEN,MOZ,461,1989,9999
BEN,NIC,461,1989,9999
BEN,NGA,461,1989,9999
BEN,PRK,461,1989,9999
BEN,PAK,461,1989,9999
BEN,PER,461,1989,9999
BEN,PHL,461,1989,9999
BEN,QAT,461,1989,9999
BEN,ROU,461,1989,2007
BEN,SRB,461,1989,9999
BEN,SGP,461,1989,9999
BEN,KOR,461,1989,9999
BEN,LKA,461,1989,9999
BEN,SDN,461,1989,9999
BEN,TZA,461,1989,9999
BEN,THA,461,1989,9999
BEN,TTO,461,1989,9999
BEN,TUN,461,1989,9999
BEN,URY,461,1989,9999
BEN,VEN,461,1989,9999
BEN,VNM,461,1989,9999
BEN,ZWE,461,1989,9999
BOL,BRA,461,1989,9999
BOL,CMR,461,1989,9999
BOL,CHL,461,1989,9999
BOL,COL,461,1989,9999
BOL,COD,461,1989,9999
BOL,CUB,461,1989,9999
BOL,ECU,461,1989,9999
BOL,EGY,461,1989,9999
BOL,GHA,461,1989,9999
BOL,GIN,461,1989,9999
BOL,GUY,461,1989,9999
BOL,HTI,461,1989,9999
BOL,IND,461,1989,9999
BOL,IDN,461,1989,9999
BOL,IRN,461,1989,9999
BOL,IRQ,461,1989,9999
BOL,LBY,461,1989,9999
BOL,MYS,461,1989,9999
BOL,MEX,461,1989,9999
BOL,MAR,461,1989,9999
BOL,MOZ,461,1989,9999
BOL,NIC,461,1989,9999
BOL,NGA,461,1989,9999
BOL,PRK,461,1989,9999
BOL,PAK,461,1989,9999
BOL,PER,461,1989,9999
BOL,PHL,461,1989,9999
BOL,QAT,461,1989,9999
BOL,ROU,461,1989,2007
BOL,SRB,461,1989,9999
BOL,SGP,461,1989,9999
BOL,KOR,461,1989,9999
BOL,LKA,461,1989,9999
BOL,SDN,461,1989,9999
BOL,TZA,461,1989,9999
BOL,THA,461,1989,9999
BOL,TTO,461,1989,9999
BOL,TUN,461,1989,9999
BOL,URY,461,1989,9999
BOL,VEN,461,1989,9999
BOL,VNM,461,1989,9999
BOL,ZWE,461,1989,9999
BRA,CMR,461,1989,9999
BRA,CHL,461,1989,9999
BRA,COL,461,1989,9999
BRA,COD,461,1989,9999
BRA,CUB,461,1989,9999
BRA,ECU,461,1989,9999
BRA,EGY,461,1989,9999
BRA,GHA,461,1989,9999
BRA,GIN,461,1989,9999
BRA,GUY,461,1989,9999
BRA,HTI,461,1989,9999
BRA,IND,461,1989,9999
BRA,IDN,461,1989,9999
BRA,IRN,461,1989,9999
BRA,IRQ,461,1989,9999
BRA,LBY,461,1989,9999
BRA,MYS,461,1989,9999
BRA,MEX,461,1989,9999
BRA,MAR,461,1989,9999
BRA,MOZ,461,1989,9999
BRA,NIC,461,1989,9999
BRA,NGA,461,1989,9999
BRA,PRK,461,1989,9999
BRA,PAK,461,1989,9999
BRA,PER,461,1989,9999
BRA,PHL,461,1989,9999
BRA,QAT,461,1989,9999
BRA,ROU,461,1989,2007
BRA,SRB,461,1989,9999
BRA,SGP,461,1989,9999
BRA,KOR,461,1989,9999
BRA,LKA,461,1989,9999
BRA,SDN,461,1989,9999
BRA,TZA,461,1989,9999
BRA,THA,461,1989,9999
BRA,TTO,461,1989,9999
BRA,TUN,461,1989,9999
BRA,URY,461,1989,9999
BRA,VEN,461,1989,9999
BRA,VNM,461,1989,9999
BRA,ZWE,461,1989,9999
CMR,CHL,461,1989,9999
CMR,COL,461,1989,9999
CMR,COD,461,1989,9999
CMR,CUB,461,1989,9999
CMR,ECU,461,1989,9999
CMR,EGY,461,1989,9999
CMR,GHA,461,1989,9999
CMR,GIN,461,1989,9999
CMR,GUY,461,1989,9999
CMR,HTI,461,1989,9999
CMR,IND,461,1989,9999
CMR,IDN,461,1989,9999
CMR,IRN,461,1989,9999
CMR,IRQ,461,1989,9999
CMR,LBY,461,1989,9999
CMR,MYS,461,1989,9999
CMR,MEX,461,1989,9999
CMR,MAR,461,1989,9999
CMR,MOZ,461,1989,9999
CMR,NIC,461,1989,9999
CMR,NGA,461,1989,9999
CMR,PRK,461,1989,9999
CMR,PAK,461,1989,9999
CMR,PER,461,1989,9999
CMR,PHL,461,1989,9999
CMR,QAT,461,1989,9999
CMR,ROU,461,1989,2007
CMR,SRB,461,1989,9999
CMR,SGP,461,1989,9999
CMR,KOR,461,1989,9999
CMR,LKA,461,1989,9999
CMR,SDN,461,1989,9999
CMR,TZA,461,1989,9999
CMR,THA,461,1989,9999
CMR,TTO,461,1989,9999
CMR,TUN,461,1989,9999
CMR,URY,461,1989,9999
CMR,VEN,461,1989,9999
CMR,VNM,461,1989,9999
CMR,ZWE,461,1989,9999
CHL,COL,461,1989,9999
CHL,COD,461,1989,9999
CHL,CUB,461,1989,9999
CHL,ECU,461,1989,9999
CHL,EGY,461,1989,9999
CHL,GHA,461,1989,9999
CHL,GIN,461,1989,9999
CHL,GUY,461,1989,9999
CHL,HTI,461,1989,9999
CHL,IND,461,1989,9999
CHL,IDN,461,1989,9999
CHL,IRN,461,1989,9999
CHL,IRQ,461,1989,9999
CHL,LBY,461,1989,9999
CHL,MYS,461,1989,9999
CHL,MEX,461,1989,9999
CHL,MAR,461,1989,9999
CHL,MOZ,461,1989,9999
CHL,NIC,461,1989,9999
CHL,NGA,461,1989,9999
CHL,PRK,461,1989,9999
CHL,PAK,461,1989,9999
CHL,PER,461,1989,9999
CHL,PHL,461,1989,9999
CHL,QAT,461,1989,9999
CHL,ROU,461,1989,2007
CHL,SRB,461,1989,9999
CHL,SGP,461,1989,9999
CHL,KOR,461,1989,9999
CHL,LKA,461,1989,9999
CHL,SDN,461,1989,9999
CHL,TZA,461,1989,9999
CHL,THA,461,1989,9999
CHL,TTO,461,1989,9999
CHL,TUN,461,1989,9999
CHL,URY,461,1989,9999
CHL,VEN,461,1989,9999
CHL,VNM,461,1989,9999
CHL,ZWE,461,1989,9999
COL,COD,461,1989,9999
COL,CUB,461,1989,9999
COL,ECU,461,1989,9999
COL,EGY,461,1989,9999
COL,GHA,461,1989,9999
COL,GIN,461,1989,9999
COL,GUY,461,1989,9999
COL,HTI,461,1989,9999
COL,IND,461,1989,9999
COL,IDN,461,1989,9999
COL,IRN,461,1989,9999
COL,IRQ,461,1989,9999
COL,LBY,461,1989,9999
COL,MYS,461,1989,9999
COL,MEX,461,1989,9999
COL,MAR,461,1989,9999
COL,MOZ,461,1989,9999
COL,NIC,461,1989,9999
COL,NGA,461,1989,9999
COL,PRK,461,1989,9999
COL,PAK,461,1989,9999
COL,PER,461,1989,9999
COL,PHL,461,1989,9999
COL,QAT,461,1989,9999
COL,ROU,461,1989,2007
COL,SRB,461,1989,9999
COL,SGP,461,1989,9999
COL,KOR,461,1989,9999
COL,LKA,461,1989,9999
COL,SDN,461,1989,9999
COL,TZA,461,1989,9999
COL,THA,461,1989,9999
COL,TTO,461,1989,9999
COL,TUN,461,1989,9999
COL,URY,461,1989,9999
COL,VEN,461,1989,9999
COL,VNM,461,1989,9999
COL,ZWE,461,1989,9999
COD,CUB,461,1989,9999
COD,ECU,461,1989,9999
COD,EGY,461,1989,9999
COD,GHA,461,1989,9999
COD,GIN,461,1989,9999
COD,GUY,461,1989,9999
COD,HTI,461,1989,9999
COD,IND,461,1989,9999
COD,IDN,461,1989,9999
COD,IRN,461,1989,9999
COD,IRQ,461,1989,9999
COD,LBY,461,1989,9999
COD,MYS,461,1989,9999
COD,MEX,461,1989,9999
COD,MAR,461,1989,9999
COD,MOZ,461,1989,9999
COD,NIC,461,1989,9999
COD,NGA,461,1989,9999
COD,PRK,461,1989,9999
COD,PAK,461,1989,9999
COD,PER,461,1989,9999
COD,PHL,461,1989,9999
COD,QAT,461,1989,9999
COD,ROU,461,1989,2007
COD,SRB,461,1989,9999
COD,SGP,461,1989,9999
COD,KOR,461,1989,9999
COD,LKA,461,1989,9999
COD,SDN,461,1989,9999
COD,TZA,461,1989,9999
COD,THA,461,1989,9999
COD,TTO,461,1989,9999
COD,TUN,461,1989,9999
COD,URY,461,1989,9999
COD,VEN,461,1989,9999
COD,VNM,461,1989,9999
COD,ZWE,461,1989,9999
CUB,ECU,461,1989,9999
CUB,EGY,461,1989,9999
CUB,GHA,461,1989,9999
CUB,GIN,461,1989,9999
CUB,GUY,461,1989,9999
CUB,HTI,461,1989,9999
CUB,IND,461,1989,9999
CUB,IDN,461,1989,9999
CUB,IRN,461,1989,9999
CUB,IRQ,461,1989,9999
CUB,LBY,461,1989,9999
CUB,MYS,461,1989,9999
CUB,MEX,461,1989,9999
CUB,MAR,461,1989,9999
CUB,MOZ,461,1989,9999
CUB,NIC,461,1989,9999
CUB,NGA,461,1989,9999
CUB,PRK,461,1989,9999
CUB,PAK,461,1989,9999
CUB,PER,461,1989,9999
CUB,PHL,461,1989,9999
CUB,QAT,461,1989,9999
CUB,ROU,461,1989,2007
CUB,SRB,461,1989,9999
CUB,SGP,461,1989,9999
CUB,KOR,461,1989,9999
CUB,LKA,461,1989,9999
CUB,SDN,461,1989,9999
CUB,TZA,461,1989,9999
CUB,THA,461,1989,9999
CUB,TTO,461,1989,9999
CUB,TUN,461,1989,9999
CUB,URY,461,1989,9999
CUB,VEN,461,1989,9999
CUB,VNM,461,1989,9999
CUB,ZWE,461,1989,9999
ECU,EGY,461,1989,9999
ECU,GHA,461,1989,9999
ECU,GIN,461,1989,9999
ECU,GUY,461,1989,9999
ECU,HTI,461,1989,9999
ECU,IND,461,1989,9999
ECU,IDN,461,1989,9999
ECU,IRN,461,1989,9999
ECU,IRQ,461,1989,9999
ECU,LBY,461,1989,9999
ECU,MYS,461,1989,9999
ECU,MEX,461,1989,9999
ECU,MAR,461,1989,9999
ECU,MOZ,461,1989,9999
ECU,NIC,461,1989,9999
ECU,NGA,461,1989,9999
ECU,PRK,461,1989,9999
ECU,PAK,461,1989,9999
ECU,PER,461,1989,9999
ECU,PHL,461,1989,9999
ECU,QAT,461,1989,9999
ECU,ROU,461,1989,2007
ECU,SRB,461,1989,9999
ECU,SGP,461,1989,9999
ECU,KOR,461,1989,9999
ECU,LKA,461,1989,9999
ECU,SDN,461,1989,9999
ECU,TZA,461,1989,9999
ECU,THA,461,1989,9999
ECU,TTO,461,1989,9999
ECU,TUN,461,1989,9999
ECU,URY,461,1989,9999
ECU,VEN,461,1989,9999
ECU,VNM,461,1989,9999
ECU,ZWE,461,1989,9999
EGY,GHA,461,1989,9999
EGY,GIN,461,1989,9999
EGY,GUY,461,1989,9999
EGY,HTI,461,1989,9999
EGY,IND,461,1989,9999
EGY,IDN,461,1989,9999
EGY,IRN,461,1989,9999
EGY,IRQ,461,1989,9999
EGY,LBY,461,1989,9999
EGY,MYS,461,1989,9999
EGY,MEX,461,1989,9999
EGY,MAR,461,1989,9999
EGY,MOZ,461,1989,9999
EGY,NIC,461,1989,9999
EGY,NGA,461,1989,9999
EGY,PRK,461,1989,9999
EGY,PAK,461,1989,9999
EGY,PER,461,1989,9999
EGY,PHL,461,1989,9999
EGY,QAT,461,1989,9999
EGY,ROU,461,1989,2007
EGY,SRB,461,1989,9999
EGY,SGP,461,1989,9999
EGY,KOR,461,1989,9999
EGY,LKA,461,1989,9999
EGY,SDN,461,1989,9999
EGY,TZA,461,1989,9999
EGY,THA,461,1989,9999
EGY,TTO,461,1989,9999
EGY,TUN,461,1989,9999
EGY,URY,461,1989,9999
EGY,VEN,461,1989,9999
EGY,VNM,461,1989,9999
EGY,ZWE,461,1989,9999
GHA,GIN,461,1989,9999
GHA,GUY,461,1989,9999
GHA,HTI,461,1989,9999
GHA,IND,461,1989,9999
GHA,IDN,461,1989,9999
GHA,IRN,461,1989,9999
GHA,IRQ,461,1989,9999
GHA,LBY,461,1989,9999
GHA,MYS,461,1989,9999
GHA,MEX,461,1989,9999
GHA,MAR,461,1989,9999
GHA,MOZ,461,1989,9999
GHA,NIC,461,1989,9999
GHA,NGA,461,1989,9999
GHA,PRK,461,1989,9999
GHA,PAK,461,1989,9999
GHA,PER,461,1989,9999
GHA,PHL,461,1989,9999
GHA,QAT,461,1989,9999
GHA,ROU,461,1989,2007
GHA,SRB,461,1989,9999
GHA,SGP,461,1989,9999
GHA,KOR,461,1989,9999
GHA,LKA,461,1989,9999
GHA,SDN,461,1989,9999
GHA,TZA,461,1989,9999
GHA,THA,461,1989,9999
GHA,TTO,461,1989,9999
GHA,TUN,461,1989,9999
GHA,URY,461,1989,9999
GHA,VEN,461,1989,9999
GHA,VNM,461,1989,9999
GHA,ZWE,461,1989,9999
GIN,GUY,461,1989,9999
GIN,HTI,461,1989,9999
GIN,IND,461,1989,9999
GIN,IDN,461,1989,9999
GIN,IRN,461,1989,9999
GIN,IRQ,461,1989,9999
GIN,LBY,461,1989,9999
GIN,MYS,461,1989,9999
GIN,MEX,461,1989,9999
GIN,MAR,461,1989,9999
GIN,MOZ,461,1989,9999
GIN,NIC,461,1989,9999
GIN,NGA,461,1989,9999
GIN,PRK,461,1989,9999
GIN,PAK,461,1989,9999
GIN,PER,461,1989,9999
GIN,PHL,461,1989,9999
GIN,QAT,461,1989,9999
GIN,ROU,461,1989,2007
GIN,SRB,461,1989,9999
GIN,SGP,461,1989,9999
GIN,KOR,461,1989,9999
GIN,LKA,461,1989,9999
GIN,SDN,461,1989,9999
GIN,TZA,461,1989,9999
GIN,THA,461,1989,9999
GIN,TTO,461,1989,9999
GIN,TUN,461,1989,9999
GIN,URY,461,1989,9999
GIN,VEN,461,1989,9999
GIN,VNM,461,1989,9999
GIN,ZWE,461,1989,9999
GUY,HTI,461,1989,9999
GUY,IND,461,1989,9999
GUY,IDN,461,1989,9999
GUY,IRN,461,1989,9999
GUY,IRQ,461,1989,9999
GUY,LBY,461,1989,9999
GUY,MYS,461,1989,9999
GUY,MEX,461,1989,9999
GUY,MAR,461,1989,9999
GUY,MOZ,461,1989,9999
GUY,NIC,461,1989,9999
GUY,NGA,461,1989,9999
GUY,PRK,461,1989,9999
GUY,PAK,461,1989,9999
GUY,PER,461,1989,9999
GUY,PHL,461,1989,9999
GUY,QAT,461,1989,9999
GUY,ROU,461,1989,2007
GUY,SRB,461,1989,9999
GUY,SGP,461,1989,9999
GUY,KOR,461,1989,9999
GUY,LKA,461,1989,9999
GUY,SDN,461,1989,9999
GUY,TZA,461,1989,9999
GUY,THA,461,1989,9999
GUY,TTO,461,1989,9999
GUY,TUN,461,1989,9999
GUY,URY,461,1989,9999
GUY,VEN,461,1989,9999
GUY,VNM,461,1989,9999
GUY,ZWE,461,1989,9999
HTI,IND,461,1989,9999
HTI,IDN,461,1989,9999
HTI,IRN,461,1989,9999
HTI,IRQ,461,1989,9999
HTI,LBY,461,1989,9999
HTI,MYS,461,1989,9999
HTI,MEX,461,1989,9999
HTI,MAR,461,1989,9999
HTI,MOZ,461,1989,9999
HTI,NIC,461,1989,9999
HTI,NGA,461,1989,9999
HTI,PRK,461,1989,9999
HTI,PAK,461,1989,9999
HTI,PER,461,1989,9999
HTI,PHL,461,1989,9999
HTI,QAT,461,1989,9999
HTI,ROU,461,1989,2007
HTI,SRB,461,1989,9999
HTI,SGP,461,1989,9999
HTI,KOR,461,1989,9999
HTI,LKA,461,1989,9999
HTI,SDN,461,1989,9999
HTI,TZA,461,1989,9999
HTI,THA,461,1989,9999
HTI,TTO,461,1989,9999
HTI,TUN,461,1989,9999
HTI,URY,461,1989,9999
HTI,VEN,461,1989,9999
HTI,VNM,461,1989,9999
HTI,ZWE,461,1989,9999
IND,IDN,461,1989,9999
IND,IRN,461,1989,9999
IND,IRQ,461,1989,9999
IND,LBY,461,1989,9999
IND,MYS,461,1989,9999
IND,MEX,461,1989,9999
IND,MAR,461,1989,9999
IND,MOZ,461,1989,9999
IND,NIC,461,1989,9999
IND,NGA,461,1989,9999
IND,PRK,461,1989,9999
IND,PAK,461,1989,9999
IND,PER,461,1989,9999
IND,PHL,461,1989,9999
IND,QAT,461,1989,9999
IND,ROU,461,1989,2007
IND,SRB,461,1989,9999
IND,SGP,461,1989,9999
IND,KOR,461,1989,9999
IND,LKA,461,1989,9999
IND,SDN,461,1989,9999
IND,TZA,461,1989,9999
IND,THA,461,1989,9999
IND,TTO,461,1989,9999
IND,TUN,461,1989,9999
IND,URY,461,1989,9999
IND,VEN,461,1989,9999
IND,VNM,461,1989,9999
IND,ZWE,461,1989,9999
IDN,IRN,461,1989,9999
IDN,IRQ,461,1989,9999
IDN,LBY,461,1989,9999
IDN,MYS,461,1989,9999
IDN,MEX,461,1989,9999
IDN,MAR,461,1989,9999
IDN,MOZ,461,1989,9999
IDN,NIC,461,1989,9999
IDN,NGA,461,1989,9999
IDN,PRK,461,1989,9999
IDN,PAK,461,1989,9999
IDN,PER,461,1989,9999
IDN,PHL,461,1989,9999
IDN,QAT,461,1989,9999
IDN,ROU,461,1989,2007
IDN,SRB,461,1989,9999
IDN,SGP,461,1989,9999
IDN,KOR,461,1989,9999
IDN,LKA,461,1989,9999
IDN,SDN,461,1989,9999
IDN,TZA,461,1989,9999
IDN,THA,461,1989,9999
IDN,TTO,461,1989,9999
IDN,TUN,461,1989,9999
IDN,URY,461,1989,9999
IDN,VEN,461,1989,9999
IDN,VNM,461,1989,9999
IDN,ZWE,461,1989,9999
IRN,IRQ,461,1989,9999
IRN,LBY,461,1989,9999
IRN,MYS,461,1989,9999
IRN,MEX,461,1989,9999
IRN,MAR,461,1989,9999
IRN,MOZ,461,1989,9999
IRN,NIC,461,1989,9999
IRN,NGA,461,1989,9999
IRN,PRK,461,1989,9999
IRN,PAK,461,1989,9999
IRN,PER,461,1989,9999
IRN,PHL,461,1989,9999
IRN,QAT,461,1989,9999
IRN,ROU,461,1989,2007
IRN,SRB,461,1989,9999
IRN,SGP,461,1989,9999
IRN,KOR,461,1989,9999
IRN,LKA,461,1989,9999
IRN,SDN,461,1989,9999
IRN,TZA,461,1989,9999
IRN,THA,461,1989,9999
IRN,TTO,461,1989,9999
IRN,TUN,461,1989,9999
IRN,URY,461,1989,9999
IRN,VEN,461,1989,9999
IRN,VNM,461,1989,9999
IRN,ZWE,461,1989,9999
IRQ,LBY,461,1989,9999
IRQ,MYS,461,1989,9999
IRQ,MEX,461,1989,9999
IRQ,MAR,461,1989,9999
IRQ,MOZ,461,1989,9999
IRQ,NIC,461,1989,9999
IRQ,NGA,461,1989,9999
IRQ,PRK,461,1989,9999
IRQ,PAK,461,1989,9999
IRQ,PER,461,1989,9999
IRQ,PHL,461,1989,9999
IRQ,QAT,461,1989,9999
IRQ,ROU,461,1989,2007
IRQ,SRB,461,1989,9999
IRQ,SGP,461,1989,9999
IRQ,KOR,461,1989,9999
IRQ,LKA,461,1989,9999
IRQ,SDN,461,1989,9999
IRQ,TZA,461,1989,9999
IRQ,THA,461,1989,9999
IRQ,TTO,461,1989,9999
IRQ,TUN,461,1989,9999
IRQ,URY,461,1989,9999
IRQ,VEN,461,1989,9999
IRQ,VNM,461,1989,9999
IRQ,ZWE,461,1989,9999
LBY,MYS,461,1989,9999
LBY,MEX,461,1989,9999
LBY,MAR,461,1989,9999
LBY,MOZ,461,1989,9999
LBY,NIC,461,1989,9999
LBY,NGA,461,1989,9999
LBY,PRK,461,1989,9999
LBY,PAK,461,1989,9999
LBY,PER,461,1989,9999
LBY,PHL,461,1989,9999
LBY,QAT,461,1989,9999
LBY,ROU,461,1989,2007
LBY,SRB,461,1989,9999
LBY,SGP,461,1989,9999
LBY,KOR,461,1989,9999
LBY,LKA,461,1989,9999
LBY,SDN,461,1989,9999
LBY,TZA,461,1989,9999
LBY,THA,461,1989,9999
LBY,TTO,461,1989,9999
LBY,TUN,461,1989,9999
LBY,URY,461,1989,9999
LBY,VEN,461,1989,9999
LBY,VNM,461,1989,9999
LBY,ZWE,461,1989,9999
MYS,MEX,461,1989,9999
MYS,MAR,461,1989,9999
MYS,MOZ,461,1989,9999
MYS,NIC,461,1989,9999
MYS,NGA,461,1989,9999
MYS,PRK,461,1989,9999
MYS,PAK,461,1989,9999
MYS,PER,461,1989,9999
MYS,PHL,461,1989,9999
MYS,QAT,461,1989,9999
MYS,ROU,461,1989,2007
MYS,SRB,461,1989,9999
MYS,SGP,461,1989,9999
MYS,KOR,461,1989,9999
MYS,LKA,461,1989,9999
MYS,SDN,461,1989,9999
MYS,TZA,461,1989,9999
MYS,THA,461,1989,9999
MYS,TTO,461,1989,9999
MYS,TUN,461,1989,9999
MYS,URY,461,1989,9999
MYS,VEN,461,1989,9999
MYS,VNM,461,1989,9999
MYS,ZWE,461,1989,9999
MEX,MAR,461,1989,9999
MEX,MOZ,461,1989,9999
MEX,NIC,461,1989,9999
MEX,NGA,461,1989,9999
MEX,PRK,461,1989,9999
MEX,PAK,461,1989,9999
MEX,PER,461,1989,9999
MEX,PHL,461,1989,9999
MEX,QAT,461,1989,9999
MEX,ROU,461,1989,2007
MEX,SRB,461,1989,9999
MEX,SGP,461,1989,9999
MEX,KOR,461,1989,9999
MEX,LKA,461,1989,9999
MEX,SDN,461,1989,9999
MEX,TZA,461,1989,9999
MEX,THA,461,1989,9999
MEX,TTO,461,1989,9999
MEX,TUN,461,1989,9999
MEX,URY,461,1989,9999
MEX,VEN,461,1989,9999
MEX,VNM,461,1989,9999
MEX,ZWE,461,1989,9999
MAR,MOZ,461,1989,9999
MAR,NIC,461,1989,9999
MAR,NGA,461,1989,9999
MAR,PRK,461,1989,9999
MAR,PAK,461,1989,9999
MAR,PER,461,1989,9999
MAR,PHL,461,1989,9999
MAR,QAT,461,1989,9999
MAR,ROU,461,1989,2007
MAR,SRB,461,1989,9999
MAR,SGP,461,1989,9999
MAR,KOR,461,1989,9999
MAR,LKA,461,1989,9999
MAR,SDN,461,1989,9999
MAR,TZA,461,1989,9999
MAR,THA,461,1989,9999
MAR,TTO,461,1989,9999
MAR,TUN,461,1989,9999
MAR,URY,461,1989,9999
MAR,VEN,461,1989,9999
MAR,VNM,461,1989,9999
MAR,ZWE,461,1989,9999
MOZ,NIC,461,1989,9999
MOZ,NGA,461,1989,9999
MOZ,PRK,461,1989,9999
MOZ,PAK,461,1989,9999
MOZ,PER,461,1989,9999
MOZ,PHL,461,1989,9999
MOZ,QAT,461,1989,9999
MOZ,ROU,461,1989,2007
MOZ,SRB,461,1989,9999
MOZ,SGP,461,1989,9999
MOZ,KOR,461,1989,9999
MOZ,LKA,461,1989,9999
MOZ,SDN,461,1989,9999
MOZ,TZA,461,1989,9999
MOZ,THA,461,1989,9999
MOZ,TTO,461,1989,9999
MOZ,TUN,461,1989,9999
MOZ,URY,461,1989,9999
MOZ,VEN,461,1989,9999
MOZ,VNM,461,1989,9999
MOZ,ZWE,461,1989,9999
NIC,NGA,461,1989,9999
NIC,PRK,461,1989,9999
NIC,PAK,461,1989,9999
NIC,PER,461,1989,9999
NIC,PHL,461,1989,9999
NIC,QAT,461,1989,9999
NIC,ROU,461,1989,2007
NIC,SRB,461,1989,9999
NIC,SGP,461,1989,9999
NIC,KOR,461,1989,9999
NIC,LKA,461,1989,9999
NIC,SDN,461,1989,9999
NIC,TZA,461,1989,9999
NIC,THA,461,1989,9999
NIC,TTO,461,1989,9999
NIC,TUN,461,1989,9999
NIC,URY,461,1989,9999
NIC,VEN,461,1989,9999
NIC,VNM,461,1989,9999
NIC,ZWE,461,1989,9999
NGA,PRK,461,1989,9999
NGA,PAK,461,1989,9999
NGA,PER,461,1989,9999
NGA,PHL,461,1989,9999
NGA,QAT,461,1989,9999
NGA,ROU,461,1989,2007
NGA,SRB,461,1989,9999
NGA,SGP,461,1989,9999
NGA,KOR,461,1989,9999
NGA,LKA,461,1989,9999
NGA,SDN,461,1989,9999
NGA,TZA,461,1989,9999
NGA,THA,461,1989,9999
NGA,TTO,461,1989,9999
NGA,TUN,461,1989,9999
NGA,URY,461,1989,9999
NGA,VEN,461,1989,9999
NGA,VNM,461,1989,9999
NGA,ZWE,461,1989,9999
PRK,PAK,461,1989,9999
PRK,PER,461,1989,9999
PRK,PHL,461,1989,9999
PRK,QAT,461,1989,9999
PRK,ROU,461,1989,2007
PRK,SRB,461,1989,9999
PRK,SGP,461,1989,9999
PRK,KOR,461,1989,9999
PRK,LKA,461,1989,9999
PRK,SDN,461,1989,9999
PRK,TZA,461,1989,9999
PRK,THA,461,1989,9999
PRK,TTO,461,1989,9999
PRK,TUN,461,1989,9999
PRK,URY,461,1989,9999
PRK,VEN,461,1989,9999
PRK,VNM,461,1989,9999
PRK,ZWE,461,1989,9999
PAK,PER,461,1989,9999
PAK,PHL,461,1989,9999
PAK,QAT,461,1989,9999
PAK,ROU,461,1989,2007
PAK,SRB,461,1989,9999
PAK,SGP,461,1989,9999
PAK,KOR,461,1989,9999
PAK,LKA,461,1989,9999
PAK,SDN,461,1989,9999
PAK,TZA,461,1989,9999
PAK,THA,461,1989,9999
PAK,TTO,461,1989,9999
PAK,TUN,461,1989,9999
PAK,URY,461,1989,9999
PAK,VEN,461,1989,9999
PAK,VNM,461,1989,9999
PAK,ZWE,461,1989,9999
PER,PHL,461,1989,9999
PER,QAT,461,1989,9999
PER,ROU,461,1989,2007
PER,SRB,461,1989,9999
PER,SGP,461,1989,9999
PER,KOR,461,1989,9999
PER,LKA,461,1989,9999
PER,SDN,461,1989,9999
PER,TZA,461,1989,9999
PER,THA,461,1989,9999
PER,TTO,461,1989,9999
PER,TUN,461,1989,9999
PER,URY,461,1989,9999
PER,VEN,461,1989,9999
PER,VNM,461,1989,9999
PER,ZWE,461,1989,9999
PHL,QAT,461,1989,9999
PHL,ROU,461,1989,2007
PHL,SRB,461,1989,9999
PHL,SGP,461,1989,9999
PHL,KOR,461,1989,9999
PHL,LKA,461,1989,9999
PHL,SDN,461,1989,9999
PHL,TZA,461,1989,9999
PHL,THA,461,1989,9999
PHL,TTO,461,1989,9999
PHL,TUN,461,1989,9999
PHL,URY,461,1989,9999
PHL,VEN,461,1989,9999
PHL,VNM,461,1989,9999
PHL,ZWE,461,1989,9999
QAT,ROU,461,1989,2007
QAT,SRB,461,1989,9999
QAT,SGP,461,1989,9999
QAT,KOR,461,1989,9999
QAT,LKA,461,1989,9999
QAT,SDN,461,1989,9999
QAT,TZA,461,1989,9999
QAT,THA,461,1989,9999
QAT,TTO,461,1989,9999
QAT,TUN,461,1989,9999
QAT,URY,461,1989,9999
QAT,VEN,461,1989,9999
QAT,VNM,461,1989,9999
QAT,ZWE,461,1989,9999
ROU,SRB,461,1989,2007
ROU,SGP,461,1989,2007
ROU,KOR,461,1989,2007
ROU,LKA,461,1989,2007
ROU,SDN,461,1989,2007
ROU,TZA,461,1989,2007
ROU,THA,461,1989,2007
ROU,TTO,461,1989,2007
ROU,TUN,461,1989,2007
ROU,URY,461,1989,2007
ROU,VEN,461,1989,2007
ROU,VNM,461,1989,2007
ROU,ZWE,461,1989,2007
SRB,SGP,461,1989,9999
SRB,KOR,461,1989,9999
SRB,LKA,461,1989,9999
SRB,SDN,461,1989,9999
SRB,TZA,461,1989,9999
SRB,THA,461,1989,9999
SRB,TTO,461,1989,9999
SRB,TUN,461,1989,9999
SRB,URY,461,1989,9999
SRB,VEN,461,1989,9999
SRB,VNM,461,1989,9999
SRB,ZWE,461,1989,9999
SGP,KOR,461,1989,9999
SGP,LKA,461,1989,9999
SGP,SDN,461,1989,9999
SGP,TZA,461,1989,9999
SGP,THA,461,1989,9999
SGP,TTO,461,1989,9999
SGP,TUN,461,1989,9999
SGP,URY,461,1989,9999
SGP,VEN,461,1989,9999
SGP,VNM,461,1989,9999
SGP,ZWE,461,1989,9999
KOR,LKA,461,1989,9999
KOR,SDN,461,1989,9999
KOR,TZA,461,1989,9999
KOR,THA,461,1989,9999
KOR,TTO,461,1989,9999
KOR,TUN,461,1989,9999
KOR,URY,461,1989,9999
KOR,VEN,461,1989,9999
KOR,VNM,461,1989,9999
KOR,ZWE,461,1989,9999
LKA,SDN,461,1989,9999
LKA,TZA,461,1989,9999
LKA,THA,461,1989,9999
LKA,TTO,461,1989,9999
LKA,TUN,461,1989,9999
LKA,URY,461,1989,9999
LKA,VEN,461,1989,9999
LKA,VNM,461,1989,9999
LKA,ZWE,461,1989,9999
SDN,TZA,461,1989,9999
SDN,THA,461,1989,9999
SDN,TTO,461,1989,9999
SDN,TUN,461,1989,9999
SDN,URY,461,1989,9999
SDN,VEN,461,1989,9999
SDN,VNM,461,1989,9999
SDN,ZWE,461,1989,9999
TZA,THA,461,1989,9999
TZA,TTO,461,1989,9999
TZA,TUN,461,1989,9999
TZA,URY,461,1989,9999
TZA,VEN,461,1989,9999
TZA,VNM,461,1989,9999
TZA,ZWE,461,1989,9999
THA,TTO,461,1989,9999
THA,TUN,461,1989,9999
THA,URY,461,1989,9999
THA,VEN,461,1989,9999
THA,VNM,461,1989,9999
THA,ZWE,461,1989,9999
TTO,TUN,461,1989,9999
TTO,URY,461,1989,9999
TTO,VEN,461,1989,9999
TTO,VNM,461,1989,9999
TTO,ZWE,461,1989,9999
TUN,URY,461,1989,9999
TUN,VEN,461,1989,9999
TUN,VNM,461,1989,9999
TUN,ZWE,461,1989,9999
URY,VEN,461,1989,9999
URY,VNM,461,1989,9999
URY,ZWE,461,1989,9999
VEN,VNM,461,1989,9999
VEN,ZWE,461,1989,9999
VNM,ZWE,461,1989,9999
BHR,EGY,462,1998,9999
BHR,IRQ,462,1998,9999
BHR,JOR,462,1998,9999
BHR,KWT,462,1998,9999
BHR,LBN,462,1998,9999
BHR,LBY,462,1998,9999
BHR,MAR,462,1998,9999
BHR,OMN,462,1998,9999
BHR,PSE,462,1998,9999
BHR,QAT,462,1998,9999
BHR,SAU,462,1998,9999
BHR,SOM,462,1998,9999
BHR,SDN,462,1998,9999
BHR,SYR,462,1998,9999
BHR,TUN,462,1998,9999
BHR,ARE,462,1998,9999
BHR,YEM,462,1998,9999
EGY,IRQ,462,1998,9999
EGY,JOR,462,1998,9999
EGY,KWT,462,1998,9999
EGY,LBN,462,1998,9999
EGY,LBY,462,1998,9999
EGY,MAR,462,1998,9999
EGY,OMN,462,1998,9999
EGY,PSE,462,1998,9999
EGY,QAT,462,1998,9999
EGY,SAU,462,1998,9999
EGY,SOM,462,1998,9999
EGY,SDN,462,1998,9999
EGY,SYR,462,1998,9999
EGY,TUN,462,1998,9999
EGY,ARE,462,1998,9999
EGY,YEM,462,1998,9999
IRQ,JOR,462,1998,9999
IRQ,KWT,462,1998,9999
IRQ,LBN,462,1998,9999
IRQ,LBY,462,1998,9999
IRQ,MAR,462,1998,9999
IRQ,OMN,462,1998,9999
IRQ,PSE,462,1998,9999
IRQ,QAT,462,1998,9999
IRQ,SAU,462,1998,9999
IRQ,SOM,462,1998,9999
IRQ,SDN,462,1998,9999
IRQ,SYR,462,1998,9999
IRQ,TUN,462,1998,9999
IRQ,ARE,462,1998,9999
IRQ,YEM,462,1998,9999
JOR,KWT,462,1998,9999
JOR,LBN,462,1998,9999
JOR,LBY,462,1998,9999
JOR,MAR,462,1998,9999
JOR,OMN,462,1998,9999
JOR,PSE,462,1998,9999
JOR,QAT,462,1998,9999
JOR,SAU,462,1998,9999
JOR,SOM,462,1998,9999
JOR,SDN,462,1998,9999
JOR,SYR,462,1998,9999
JOR,TUN,462,1998,9999
JOR,ARE,462,1998,9999
JOR,YEM,462,1998,9999
KWT,LBN,462,1998,9999
KWT,LBY,462,1998,9999
KWT,MAR,462,1998,9999
KWT,OMN,462,1998,9999
KWT,PSE,462,1998,9999
KWT,QAT,462,1998,9999
KWT,SAU,462,1998,9999
KWT,SOM,462,1998,9999
KWT,SDN,462,1998,9999
KWT,SYR,462,1998,9999
KWT,TUN,462,1998,9999
KWT,ARE,462,1998,9999
KWT,YEM,462,1998,9999
LBN,LBY,462,1998,9999
LBN,MAR,462,1998,9999
LBN,OMN,462,1998,9999
LBN,PSE,462,1998,9999
LBN,QAT,462,1998,9999
LBN,SAU,462,1998,9999
LBN,SOM,462,1998,9999
LBN,SDN,462,1998,9999
LBN,SYR,462,1998,9999
LBN,TUN,462,1998,9999
LBN,ARE,462,1998,9999
LBN,YEM,462,1998,9999
LBY,MAR,462,1998,9999
LBY,OMN,462,1998,9999
LBY,PSE,462,1998,9999
LBY,QAT,462,1998,9999
LBY,SAU,462,1998,9999
LBY,SOM,462,1998,9999
LBY,SDN,462,1998,9999
LBY,SYR,462,1998,9999
LBY,TUN,462,1998,9999
LBY,ARE,462,1998,9999
LBY,YEM,462,1998,9999
MAR,OMN,462,1998,9999
MAR,PSE,462,1998,9999
MAR,QAT,462,1998,9999
MAR,SAU,462,1998,9999
MAR,SOM,462,1998,9999
MAR,SDN,462,1998,9999
MAR,SYR,462,1998,9999
MAR,TUN,462,1998,9999
MAR,ARE,462,1998,9999
MAR,YEM,462,1998,9999
OMN,PSE,462,1998,9999
OMN,QAT,462,1998,9999
OMN,SAU,462,1998,9999
OMN,SOM,462,1998,9999
OMN,SDN,462,1998,9999
OMN,SYR,462,1998,9999
OMN,TUN,462,1998,9999
OMN,ARE,462,1998,9999
OMN,YEM,462,1998,9999
PSE,QAT,462,1998,9999
PSE,SAU,462,1998,9999
PSE,SOM,462,1998,9999
PSE,SDN,462,1998,9999
PSE,SYR,462,1998,9999
PSE,TUN,462,1998,9999
PSE,ARE,462,1998,9999
PSE,YEM,462,1998,9999
QAT,SAU,462,1998,9999
QAT,SOM,462,1998,9999
QAT,SDN,462,1998,9999
QAT,SYR,462,1998,9999
QAT,TUN,462,1998,9999
QAT,ARE,462,1998,9999
QAT,YEM,462,1998,9999
SAU,SOM,462,1998,9999
SAU,SDN,462,1998,9999
SAU,SYR,462,1998,9999
SAU,TUN,462,1998,9999
SAU,ARE,462,1998,9999
SAU,YEM,462,1998,9999
SOM,SDN,462,1998,9999
SOM,SYR,462,1998,9999
SOM,TUN,462,1998,9999
SOM,ARE,462,1998,9999
SOM,YEM,462,1998,9999
SDN,SYR,462,1998,9999
SDN,TUN,462,1998,9999
SDN,ARE,462,1998,9999
SDN,YEM,462,1998,9999
SYR,TUN,462,1998,9999
SYR,ARE,462,1998,9999
SYR,YEM,462,1998,9999
TUN,ARE,462,1998,9999
TUN,YEM,462,1998,9999
ARE,YEM,462,1998,9999
GRL,ISL,463,1985,9999
COL,MEX,1079a,2011,9999
COL,MEX,464,1995,9999
COL,VEN,464,1995,2006
MEX,VEN,464,1995,2006
COL,MEX,465a,2005,9999
COL,VEN,465a,2005,2006
MEX,VEN,465a,2005,2006
AZE,GEO,466,2003,9999
AZE,MDA,466,2003,9999
AZE,UKR,466,2003,9999
GEO,MDA,466,2003,9999
GEO,UKR,466,2003,9999
MDA,UKR,466,2003,9999
GTM,MEX,468,2001,9999
GTM,PAN,469,1975,9999
GTM,TWN,470,2006,9999
GTM,VEN,471,1986,9999
BHR,KWT,473,1982,9999
BHR,OMN,473,1982,9999
BHR,QAT,473,1982,9999
BHR,SAU,473,1982,9999
BHR,ARE,473,1982,9999
KWT,OMN,473,1982,9999
KWT,QAT,473,1982,9999
KWT,SAU,473,1982,9999
KWT,ARE,473,1982,9999
OMN,QAT,473,1982,9999
OMN,SAU,473,1982,9999
OMN,ARE,473,1982,9999
QAT,SAU,473,1982,9999
QAT,ARE,473,1982,9999
SAU,ARE,473,1982,9999
BHR,KWT,474,2003,9999
BHR,OMN,474,2003,9999
BHR,QAT,474,2003,9999
BHR,SAU,474,2003,9999
BHR,ARE,474,2003,9999
KWT,OMN,474,2003,9999
KWT,QAT,474,2003,9999
KWT,SAU,474,2003,9999
KWT,ARE,474,2003,9999
OMN,QAT,474,2003,9999
OMN,SAU,474,2003,9999
OMN,ARE,474,2003,9999
QAT,SAU,474,2003,9999
QAT,ARE,474,2003,9999
SAU,ARE,474,2003,9999
BHR,SGP,475,2009,9999
KWT,SGP,475,2009,9999
OMN,SGP,475,2009,9999
QAT,SGP,475,2009,9999
SAU,SGP,475,2009,9999
SGP,ARE,475,2009,9999
GUY,VEN,476,1991,9999
HND,PAN,478,1974,9999
HND,VEN,480,1986,9999
HUN,ISR,481,1998,9999
HUN,LVA,482,2000,9999
HUN,LTU,483,2000,9999
HUN,SVN,487,1995,9999
HUN,TUR,488,1998,9999
IND,KOR,489,2010,9999
ARG,IND,490,2009,9999
BRA,IND,490,2009,9999
IND,PRY,490,2009,9999
IND,URY,490,2009,9999
IND,NPL,491,1991,9999
IND,NPL,492,2009,9999
IND,SGP,493,2005,9999
IND,LKA,494,2001,9999
IDN,JPN,495,2008,9999
DZA,BHR,496,1998,9999
DZA,DJI,496,1998,9999
DZA,IRQ,496,1998,9999
DZA,JOR,496,1998,9999
DZA,KWT,496,1998,9999
DZA,LBN,496,1998,9999
DZA,LBY,496,1998,9999
DZA,MRT,496,1998,9999
DZA,MAR,496,1998,9999
DZA,OMN,496,1998,9999
DZA,PSE,496,1998,9999
DZA,QAT,496,1998,9999
DZA,SAU,496,1998,9999
DZA,SOM,496,1998,9999
DZA,SDN,496,1998,9999
DZA,SYR,496,1998,9999
DZA,TUN,496,1998,9999
DZA,ARE,496,1998,9999
DZA,YEM,496,1998,9999
BHR,DJI,496,1998,9999
BHR,IRQ,496,1998,9999
BHR,JOR,496,1998,9999
BHR,KWT,496,1998,9999
BHR,LBN,496,1998,9999
BHR,LBY,496,1998,9999
BHR,MRT,496,1998,9999
BHR,MAR,496,1998,9999
BHR,OMN,496,1998,9999
BHR,PSE,496,1998,9999
BHR,QAT,496,1998,9999
BHR,SAU,496,1998,9999
BHR,SOM,496,1998,9999
BHR,SDN,496,1998,9999
BHR,SYR,496,1998,9999
BHR,TUN,496,1998,9999
BHR,ARE,496,1998,9999
BHR,YEM,496,1998,9999
DJI,IRQ,496,1998,9999
DJI,JOR,496,1998,9999
DJI,KWT,496,1998,9999
DJI,LBN,496,1998,9999
DJI,LBY,496,1998,9999
DJI,MRT,496,1998,9999
DJI,MAR,496,1998,9999
DJI,OMN,496,1998,9999
DJI,PSE,496,1998,9999
DJI,QAT,496,1998,9999
DJI,SAU,496,1998,9999
DJI,SOM,496,1998,9999
DJI,SDN,496,1998,9999
DJI,SYR,496,1998,9999
DJI,TUN,496,1998,9999
DJI,ARE,496,1998,9999
DJI,YEM,496,1998,9999
IRQ,JOR,496,1998,9999
IRQ,KWT,496,1998,9999
IRQ,LBN,496,1998,9999
IRQ,LBY,496,1998,9999
IRQ,MRT,496,1998,9999
IRQ,MAR,496,1998,9999
IRQ,OMN,496,1998,9999
IRQ,PSE,496,1998,9999
IRQ,QAT,496,1998,9999
IRQ,SAU,496,1998,9999
IRQ,SOM,496,1998,9999
IRQ,SDN,496,1998,9999
IRQ,SYR,496,1998,9999
IRQ,TUN,496,1998,9999
IRQ,ARE,496,1998,9999
IRQ,YEM,496,1998,9999
JOR,KWT,496,1998,9999
JOR,LBN,496,1998,9999
JOR,LBY,496,1998,9999
JOR,MRT,496,1998,9999
JOR,MAR,496,1998,9999
JOR,OMN,496,1998,9999
JOR,PSE,496,1998,9999
JOR,QAT,496,1998,9999
JOR,SAU,496,1998,9999
JOR,SOM,496,1998,9999
JOR,SDN,496,1998,9999
JOR,SYR,496,1998,9999
JOR,TUN,496,1998,9999
JOR,ARE,496,1998,9999
JOR,YEM,496,1998,9999
KWT,LBN,496,1998,9999
KWT,LBY,496,1998,9999
KWT,MRT,496,1998,9999
KWT,MAR,496,1998,9999
KWT,OMN,496,1998,9999
KWT,PSE,496,1998,9999
KWT,QAT,496,1998,9999
KWT,SAU,496,1998,9999
KWT,SOM,496,1998,9999
KWT,SDN,496,1998,9999
KWT,SYR,496,1998,9999
KWT,TUN,496,1998,9999
KWT,ARE,496,1998,9999
KWT,YEM,496,1998,9999
LBN,LBY,496,1998,9999
LBN,MRT,496,1998,9999
LBN,MAR,496,1998,9999
LBN,OMN,496,1998,9999
LBN,PSE,496,1998,9999
LBN,QAT,496,1998,9999
LBN,SAU,496,1998,9999
LBN,SOM,496,1998,9999
LBN,SDN,496,1998,9999
LBN,SYR,496,1998,9999
LBN,TUN,496,1998,9999
LBN,ARE,496,1998,9999
LBN,YEM,496,1998,9999
LBY,MRT,496,1998,9999
LBY,MAR,496,1998,9999
LBY,OMN,496,1998,9999
LBY,PSE,496,1998,9999
LBY,QAT,496,1998,9999
LBY,SAU,496,1998,9999
LBY,SOM,496,1998,9999
LBY,SDN,496,1998,9999
LBY,SYR,496,1998,9999
LBY,TUN,496,1998,9999
LBY,ARE,496,1998,9999
LBY,YEM,496,1998,9999
MRT,MAR,496,1998,9999
MRT,OMN,496,1998,9999
MRT,PSE,496,1998,9999
MRT,QAT,496,1998,9999
MRT,SAU,496,1998,9999
MRT,SOM,496,1998,9999
MRT,SDN,496,1998,9999
MRT,SYR,496,1998,9999
MRT,TUN,496,1998,9999
MRT,ARE,496,1998,9999
MRT,YEM,496,1998,9999
MAR,OMN,496,1998,9999
MAR,PSE,496,1998,9999
MAR,QAT,496,1998,9999
MAR,SAU,496,1998,9999
MAR,SOM,496,1998,9999
MAR,SDN,496,1998,9999
MAR,SYR,496,1998,9999
MAR,TUN,496,1998,9999
MAR,ARE,496,1998,9999
MAR,YEM,496,1998,9999
OMN,PSE,496,1998,9999
OMN,QAT,496,1998,9999
OMN,SAU,496,1998,9999
OMN,SOM,496,1998,9999
OMN,SDN,496,1998,9999
OMN,SYR,496,1998,9999
OMN,TUN,496,1998,9999
OMN,ARE,496,1998,9999
OMN,YEM,496,1998,9999
PSE,QAT,496,1998,9999
PSE,SAU,496,1998,9999
PSE,SOM,496,1998,9999
PSE,SDN,496,1998,9999
PSE,SYR,496,1998,9999
PSE,TUN,496,1998,9999
PSE,ARE,496,1998,9999
PSE,YEM,496,1998,9999
QAT,SAU,496,1998,9999
QAT,SOM,496,1998,9999
QAT,SDN,496,1998,9999
QAT,SYR,496,1998,9999
QAT,TUN,496,1998,9999
QAT,ARE,496,1998,9999
QAT,YEM,496,1998,9999
SAU,SOM,496,1998,9999
SAU,SDN,496,1998,9999
SAU,SYR,496,1998,9999
SAU,TUN,496,1998,9999
SAU,ARE,496,1998,9999
SAU,YEM,496,1998,9999
SOM,SDN,496,1998,9999
SOM,SYR,496,1998,9999
SOM,TUN,496,1998,9999
SOM,ARE,496,1998,9999
SOM,YEM,496,1998,9999
SDN,SYR,496,1998,9999
SDN,TUN,496,1998,9999
SDN,ARE,496,1998,9999
SDN,YEM,496,1998,9999
SYR,TUN,496,1998,9999
SYR,ARE,496,1998,9999
SYR,YEM,496,1998,9999
TUN,ARE,496,1998,9999
TUN,YEM,496,1998,9999
ARE,YEM,496,1998,9999
IRN,PAK,497,2006,9999
IRN,SYR,498,2010,9999
IRL,GBR,505,1966,9999
ISR,JOR,506,1995,9999
ISR,JOR,507a,2006,9999
ARG,ISR,508,2009,9999
BRA,ISR,508,2009,9999
ISR,PRY,508,2009,9999
ISR,URY,508,2009,9999
ISR,MEX,509,2000,9999
ISR,PSE,510,1994,9999
ISR,POL,511,1998,9999
ISR,ROU,512,2001,9999
ISR,SVK,513,1997,9999
ISR,SVN,514,1998,9999
ISR,TUR,515,1997,9999
ISR,USA,516,1985,9999
JPN,MYS,517,2006,9999
JPN,MEX,518,2005,9999
JPN,PHL,519,2008,9999
JPN,SGP,520,2002,9999
JPN,CHE,521,2009,9999
JPN,THA,522,2007,9999
JPN,VNM,523,2009,9999
JOR,KWT,524,2005,9999
JOR,LBN,526,1993,9999
JOR,LBN,527,2003,9999
JOR,MAR,529,1999,9999
JOR,MAR,530,1999,9999
JOR,SGP,534,2005,9999
JOR,SDN,535,2003,9999
JOR,SYR,537,2002,9999
JOR,TUN,540,1999,9999
JOR,TUR,541,2011,9999
JOR,ARE,542,2001,9999
JOR,USA,543,2001,9999
KAZ,KGZ,544,1995,9999
KAZ,MDA,545,1996,9999
KAZ,RUS,546,1998,9999
KAZ,TJK,547,1997,9999
KAZ,UKR,548,1998,9999
KAZ,UZB,549,1998,9999
SGP,KOR,550,2006,9999
KOR,USA,551,2012,9999
KWT,LBN,552,1999,9999
KWT,TUN,553,1989,9999
KGZ,MDA,555,1996,9999
KGZ,RUS,556,1993,9999
KGZ,UKR,558,1998,9999
KGZ,UZB,559,1998,9999
LAO,THA,560,1991,9999
ARG,BRA,561,1961,9999
ARG,CHL,561,1961,9999
ARG,MEX,561,1961,9999
ARG,PRY,561,1961,9999
ARG,PER,561,1961,9999
ARG,URY,561,1961,9999
BRA,CHL,561,1961,9999
BRA,MEX,561,1961,9999
BRA,PRY,561,1961,9999
BRA,PER,561,1961,9999
BRA,URY,561,1961,9999
CHL,MEX,561,1961,9999
CHL,PRY,561,1961,9999
CHL,PER,561,1961,9999
CHL,URY,561,1961,9999
MEX,PRY,561,1961,9999
MEX,PER,561,1961,9999
MEX,URY,561,1961,9999
PRY,PER,561,1961,9999
PRY,URY,561,1961,9999
PER,URY,561,1961,9999
ARG,BOL,562,1981,9999
ARG,BRA,562,1981,9999
ARG,CHL,562,1981,9999
ARG,COL,562,1981,9999
ARG,ECU,562,1981,9999
ARG,MEX,562,1981,9999
ARG,PRY,562,1981,9999
ARG,PER,562,1981,9999
ARG,URY,562,1981,9999
ARG,VEN,562,1981,9999
BOL,BRA,562,1981,9999
BOL,CHL,562,1981,9999
BOL,COL,562,1981,9999
BOL,ECU,562,1981,9999
BOL,MEX,562,1981,9999
BOL,PRY,562,1981,9999
BOL,PER,562,1981,9999
BOL,URY,562,1981,9999
BOL,VEN,562,1981,9999
BRA,CHL,562,1981,9999
BRA,COL,562,1981,9999
BRA,ECU,562,1981,9999
BRA,MEX,562,1981,9999
BRA,PRY,562,1981,9999
BRA,PER,562,1981,9999
BRA,URY,562,1981,9999
BRA,VEN,562,1981,9999
CHL,COL,562,1981,9999
CHL,ECU,562,1981,9999
CHL,MEX,562,1981,9999
CHL,PRY,562,1981,9999
CHL,PER,562,1981,9999
CHL,URY,562,1981,9999
CHL,VEN,562,1981,9999
COL,ECU,562,1981,9999
COL,MEX,562,1981,9999
COL,PRY,562,1981,9999
COL,PER,562,1981,9999
COL,URY,562,1981,9999
COL,VEN,562,1981,9999
ECU,MEX,562,1981,9999
ECU,PRY,562,1981,9999
ECU,PER,562,1981,9999
ECU,URY,562,1981,9999
ECU,VEN,562,1981,9999
MEX,PRY,562,1981,9999
MEX,PER,562,1981,9999
MEX,URY,562,1981,9999
MEX,VEN,562,1981,9999
PRY,PER,562,1981,9999
PRY,URY,562,1981,9999
PRY,VEN,562,1981,9999
PER,URY,562,1981,9999
PER,VEN,562,1981,9999
URY,VEN,562,1981,9999
ARG,CUB,562+1,1999,9999
BOL,CUB,562+1,1999,9999
BRA,CUB,562+1,1999,9999
CHL,CUB,562+1,1999,9999
COL,CUB,562+1,1999,9999
CUB,ECU,562+1,1999,9999
CUB,MEX,562+1,1999,9999
CUB,PRY,562+1,1999,9999
CUB,PER,562+1,1999,9999
CUB,URY,562+1,1999,9999
CUB,VEN,562+1,1999,9999
ARG,PAN,562+2,2012,9999
BOL,PAN,562+2,2012,9999
BRA,PAN,562+2,2012,9999
CHL,PAN,562+2,2012,9999
COL,PAN,562+2,2012,9999
CUB,PAN,562+2,2012,9999
ECU,PAN,562+2,2012,9999
MEX,PAN,562+2,2012,9999
PAN,PRY,562+2,2012,9999
PAN,PER,562+2,2012,9999
PAN,URY,562+2,2012,9999
PAN,VEN,562+2,2012,9999
LVA,NOR,564,1992,9999
LVA,POL,565,1999,9999
LVA,SVK,566,1997,9999
LVA,SVN,567,1996,9999
LVA,SWE,568,1992,9999
LVA,CHE,569,1993,9999
LVA,TUR,570,2000,9999
LBY,MAR,574,1990,9999
LTU,NOR,576,1992,9999
LTU,POL,577,1997,9999
LTU,SVK,578,1997,9999
LTU,SVN,579,1997,9999
LTU,SWE,580,1992,9999
LTU,CHE,581,1993,9999
LTU,TUR,582,1998,9999
XKX,MKD,588,2006,9999
MDA,MKD,589,2004,9999
MKD,ROU,590,2004,9999
MKD,SVN,592,1996,9999
MKD,TUR,593,2000,9999
MKD,UKR,594,2001,9999
MWI,MOZ,595,2006,9999
MYS,NZL,598,2010,9999
MYS,PAK,599,2008,9999
LBR,SLE,600,1973,9999
GIN,LBR,600+1,1980,9999
GIN,SLE,600+1,1980,9999
CIV,GIN,600+2,2008,9999
CIV,LBR,600+2,2008,9999
CIV,SLE,600+2,2008,9999
MRT,MAR,601,1993,9999
MUS,PAK,602,2007,9999
PNG,SLB,603,1994,9999
PNG,VUT,603,1994,9999
SLB,VUT,603,1994,9999
ARG,BRA,604,1991,9999
ARG,PRY,604,1991,9999
ARG,URY,604,1991,9999
BRA,PRY,604,1991,9999
BRA,URY,604,1991,9999
PRY,URY,604,1991,9999
ARG,VEN,604+1,2012,2017
BRA,VEN,604+1,2012,2017
PRY,VEN,604+1,2012,2017
URY,VEN,604+1,2012,2017
ARG,BOL,604+2,2015,9999
BOL,BRA,604+2,2015,9999
BOL,PRY,604+2,2015,9999
BOL,URY,604+2,2015,9999
BOL,VEN,604+2,2015,9999
ARG,BRA,607a,2005,9999
ARG,PRY,607a,2005,9999
ARG,URY,607a,2005,9999
BRA,PRY,607a,2005,9999
BRA,URY,607a,2005,9999
PRY,URY,607a,2005,9999
ARG,MEX,605,2003,9999
BRA,MEX,605,2003,9999
MEX,PRY,605,2003,9999
MEX,URY,605,2003,9999
ARG,PER,606,2006,9999
BRA,PER,606,2006,9999
PRY,PER,606,2006,9999
PER,URY,606,2006,9999
ARG,BWA,608,2010,9999
ARG,SWZ,608,2010,9999
ARG,LSO,608,2010,9999
ARG,NAM,608,2010,9999
ARG,ZAF,608,2010,9999
BWA,BRA,608,2010,9999
BWA,PRY,608,2010,9999
BWA,URY,608,2010,9999
BRA,SWZ,608,2010,9999
BRA,LSO,608,2010,9999
BRA,NAM,608,2010,9999
BRA,ZAF,608,2010,9999
SWZ,PRY,608,2010,9999
SWZ,URY,608,2010,9999
LSO,PRY,608,2010,9999
LSO,URY,608,2010,9999
NAM,PRY,608,2010,9999
NAM,URY,608,2010,9999
PRY,ZAF,608,2010,9999
ZAF,URY,608,2010,9999
BWA,VEN,608+1,2012,9999
SWZ,VEN,608+1,2012,9999
LSO,VEN,608+1,2012,9999
NAM,VEN,608+1,2012,9999
ZAF,VEN,608+1,2012,9999
MEX,NIC,610,1986,9999
MEX,NIC,611,1998,9999
SLV,MEX,612,2001,9999
GTM,MEX,612,2001,9999
HND,MEX,612,2001,9999
MEX,PAN,613,1986,9999
MEX,URY,615,1986,9999
MEX,URY,616,2004,9999
MDA,ROU,617,1995,9999
MDA,RUS,618,1993,9999
MDA,SRB,619,2004,9999
MDA,TKM,620,1996,9999
MDA,UKR,621,2005,9999
MDA,UKR,622,1996,9999
MDA,UZB,623,1995,9999
MNE,TUR,624,2010,9999
MAR,TUN,625,1999,9999
MAR,TUR,626,2006,9999
MAR,ARE,627,2003,9999
MAR,USA,628,2006,9999
MOZ,ZWE,629,2005,9999
NAM,ZWE,630,1993,9999
NZL,SGP,631,2001,9999
NZL,THA,632,2005,9999
NIC,PAN,633,1974,9999
NIC,TWN,634,2008,9999
NIC,VEN,635,1992,9999
CAN,MEX,636,1994,9999
CAN,USA,636,1994,9999
MEX,USA,636,1994,9999
OMN,USA,637,2009,9999
ATG,DMA,638,1981,9999
ATG,GRD,638,1981,9999
ATG,MSR,638,1981,9999
ATG,KNA,638,1981,9999
ATG,LCA,638,1981,9999
ATG,VCT,638,1981,9999
DMA,GRD,638,1981,9999
DMA,MSR,638,1981,9999
DMA,KNA,638,1981,9999
DMA,LCA,638,1981,9999
DMA,VCT,638,1981,9999
GRD,MSR,638,1981,9999
GRD,KNA,638,1981,9999
GRD,LCA,638,1981,9999
GRD,VCT,638,1981,9999
MSR,KNA,638,1981,9999
MSR,LCA,638,1981,9999
MSR,VCT,638,1981,9999
KNA,LCA,638,1981,9999
KNA,VCT,638,1981,9999
LCA,VCT,638,1981,9999
COK,FJI,639,2003,9999
COK,KIR,639,2003,9999
COK,NRU,639,2003,9999
COK,NIU,639,2003,9999
COK,WSM,639,2003,9999
COK,TON,639,2003,9999
COK,TUV,639,2003,9999
COK,VUT,639,2003,9999
FJI,KIR,639,2003,9999
FJI,NRU,639,2003,9999
FJI,NIU,639,2003,9999
FJI,WSM,639,2003,9999
FJI,TON,639,2003,9999
FJI,TUV,639,2003,9999
FJI,VUT,639,2003,9999
KIR,NRU,639,2003,9999
KIR,NIU,639,2003,9999
KIR,WSM,639,2003,9999
KIR,TON,639,2003,9999
KIR,TUV,639,2003,9999
KIR,VUT,639,2003,9999
NRU,NIU,639,2003,9999
NRU,WSM,639,2003,9999
NRU,TON,639,2003,9999
NRU,TUV,639,2003,9999
NRU,VUT,639,2003,9999
NIU,WSM,639,2003,9999
NIU,TON,639,2003,9999
NIU,TUV,639,2003,9999
NIU,VUT,639,2003,9999
WSM,TON,639,2003,9999
WSM,TUV,639,2003,9999
WSM,VUT,639,2003,9999
TON,TUV,639,2003,9999
TON,VUT,639,2003,9999
TUV,VUT,639,2003,9999
PAK,LKA,640,2005,9999
PAN,SGP,641,2006,9999
PAN,TWN,642,2004,9999
PAN,USA,643,2012,9999
PER,SGP,644,2009,9999
PER,USA,645,2009,9999
POL,TUR,646,2000,9999
BRA,CHL,647,1973,9999
BRA,EGY,647,1973,9999
BRA,GRC,647,1973,1981
BRA,IND,647,1973,9999
BRA,ISR,647,1973,9999
BRA,MEX,647,1973,9999
BRA,PAK,647,1973,9999
BRA,PER,647,1973,9999
BRA,PHL,647,1973,9999
BRA,SRB,647,1973,9999
BRA,KOR,647,1973,9999
BRA,ESP,647,1973,1987
BRA,TUN,647,1973,9999
BRA,TUR,647,1973,9999
BRA,URY,647,1973,9999
CHL,EGY,647,1973,9999
CHL,GRC,647,1973,1981
CHL,IND,647,1973,9999
CHL,ISR,647,1973,9999
CHL,MEX,647,1973,9999
CHL,PAK,647,1973,9999
CHL,PER,647,1973,9999
CHL,PHL,647,1973,9999
CHL,SRB,647,1973,9999
CHL,KOR,647,1973,9999
CHL,ESP,647,1973,1987
CHL,TUN,647,1973,9999
CHL,TUR,647,1973,9999
CHL,URY,647,1973,9999
EGY,GRC,647,1973,1981
EGY,IND,647,1973,9999
EGY,ISR,647,1973,9999
EGY,MEX,647,1973,9999
EGY,PAK,647,1973,9999
EGY,PER,647,1973,9999
EGY,PHL,647,1973,9999
EGY,SRB,647,1973,9999
EGY,KOR,647,1973,9999
EGY,ESP,647,1973,1987
EGY,TUN,647,1973,9999
EGY,TUR,647,1973,9999
EGY,URY,647,1973,9999
GRC,IND,647,1973,1981
GRC,ISR,647,1973,1981
GRC,MEX,647,1973,1981
GRC,PAK,647,1973,1981
GRC,PER,647,1973,1981
GRC,PHL,647,1973,1981
GRC,SRB,647,1973,1981
GRC,KOR,647,1973,1981
GRC,ESP,647,1973,1981
GRC,TUN,647,1973,1981
GRC,TUR,647,1973,1981
GRC,URY,647,1973,1981
IND,ISR,647,1973,9999
IND,MEX,647,1973,9999
IND,PAK,647,1973,9999
IND,PER,647,1973,9999
IND,PHL,647,1973,9999
IND,SRB,647,1973,9999
IND,KOR,647,1973,9999
IND,ESP,647,1973,1987
IND,TUN,647,1973,9999
IND,TUR,647,1973,9999
IND,URY,647,1973,9999
ISR,MEX,647,1973,9999
ISR,PAK,647,1973,9999
ISR,PER,647,1973,9999
ISR,PHL,647,1973,9999
ISR,SRB,647,1973,9999
ISR,KOR,647,1973,9999
ISR,ESP,647,1973,1987
ISR,TUN,647,1973,9999
ISR,TUR,647,1973,9999
ISR,URY,647,1973,9999
MEX,PAK,647,1973,9999
MEX,PER,647,1973,9999
MEX,PHL,647,1973,9999
MEX,SRB,647,1973,9999
MEX,KOR,647,1973,9999
MEX,ESP,647,1973,1987
MEX,TUN,647,1973,9999
MEX,TUR,647,1973,9999
MEX,URY,647,1973,9999
PAK,PER,647,1973,9999
PAK,PHL,647,1973,9999
PAK,SRB,647,1973,9999
PAK,KOR,647,1973,9999
PAK,ESP,647,1973,1987
PAK,TUN,647,1973,9999
PAK,TUR,647,1973,9999
PAK,URY,647,1973,9999
PER,PHL,647,1973,9999
PER,SRB,647,1973,9999
PER,KOR,647,1973,9999
PER,ESP,647,1973,1987
PER,TUN,647,1973,9999
PER,TUR,647,1973,9999
PER,URY,647,1973,9999
PHL,SRB,647,1973,9999
PHL,KOR,647,1973,9999
PHL,ESP,647,1973,1987
PHL,TUN,647,1973,9999
PHL,TUR,647,1973,9999
PHL,URY,647,1973,9999
SRB,KOR,647,1973,9999
SRB,ESP,647,1973,1987
SRB,TUN,647,1973,9999
SRB,TUR,647,1973,9999
SRB,URY,647,1973,9999
KOR,ESP,647,1973,1987
KOR,TUN,647,1973,9999
KOR,TUR,647,1973,9999
KOR,URY,647,1973,9999
ESP,TUN,647,1973,1987
ESP,TUR,647,1973,1987
ESP,URY,647,1973,1987
TUN,TUR,647,1973,9999
TUN,URY,647,1973,9999
TUR,URY,647,1973,9999
ROU,SRB,648,2004,9999
ROU,SVK,649,1995,9999
ROU,TUR,650,1998,9999
RUS,SRB,651,2006,9999
RUS,TJK,652,1993,9999
RUS,TKM,653,1993,9999
RUS,UKR,654,1994,9999
RUS,UZB,655,1993,9999
SRB,TUR,657,2010,9999
SGP,USA,658,2004,9999
SVK,SVN,659,1994,9999
SVK,TUR,660,1998,9999
SVN,TUR,661,2000,9999
ZAF,ZWE,663,1949,9999
ZAF,ZWE,664,1964,9999
BGD,BTN,666,1995,9999
BGD,IND,666,1995,9999
BGD,MDV,666,1995,9999
BGD,NPL,666,1995,9999
BGD,PAK,666,1995,9999
BGD,LKA,666,1995,9999
BTN,IND,666,1995,9999
BTN,MDV,666,1995,9999
BTN,NPL,666,1995,9999
BTN,PAK,666,1995,9999
BTN,LKA,666,1995,9999
IND,MDV,666,1995,9999
IND,NPL,666,1995,9999
IND,PAK,666,1995,9999
IND,LKA,666,1995,9999
MDV,NPL,666,1995,9999
MDV,PAK,666,1995,9999
MDV,LKA,666,1995,9999
NPL,PAK,666,1995,9999
NPL,LKA,666,1995,9999
PAK,LKA,666,1995,9999
BGD,BTN,667,2006,9999
BGD,IND,667,2006,9999
BGD,MDV,667,2006,9999
BGD,NPL,667,2006,9999
BGD,PAK,667,2006,9999
BGD,LKA,667,2006,9999
BTN,IND,667,2006,9999
BTN,MDV,667,2006,9999
BTN,NPL,667,2006,9999
BTN,PAK,667,2006,9999
BTN,LKA,667,2006,9999
IND,MDV,667,2006,9999
IND,NPL,667,2006,9999
IND,PAK,667,2006,9999
IND,LKA,667,2006,9999
MDV,NPL,667,2006,9999
MDV,PAK,667,2006,9999
MDV,LKA,667,2006,9999
NPL,PAK,667,2006,9999
NPL,LKA,667,2006,9999
PAK,LKA,667,2006,9999
AFG,BGD,667+1,2011,9999
AFG,BTN,667+1,2011,9999
AFG,IND,667+1,2011,9999
AFG,MDV,667+1,2011,9999
AFG,NPL,667+1,2011,9999
AFG,PAK,667+1,2011,9999
AFG,LKA,667+1,2011,9999
AUS,COK,668,1981,9999
AUS,FJI,668,1981,9999
AUS,KIR,668,1981,9999
AUS,NZL,668,1981,9999
AUS,NIU,668,1981,9999
AUS,PNG,668,1981,9999
AUS,WSM,668,1981,9999
AUS,SLB,668,1981,9999
AUS,TON,668,1981,9999
AUS,TUV,668,1981,9999
COK,FJI,668,1981,9999
COK,KIR,668,1981,9999
COK,NZL,668,1981,9999
COK,NIU,668,1981,9999
COK,PNG,668,1981,9999
COK,WSM,668,1981,9999
COK,SLB,668,1981,9999
COK,TON,668,1981,9999
COK,TUV,668,1981,9999
FJI,KIR,668,1981,9999
FJI,NZL,668,1981,9999
FJI,NIU,668,1981,9999
FJI,PNG,668,1981,9999
FJI,WSM,668,1981,9999
FJI,SLB,668,1981,9999
FJI,TON,668,1981,9999
FJI,TUV,668,1981,9999
KIR,NZL,668,1981,9999
KIR,NIU,668,1981,9999
KIR,PNG,668,1981,9999
KIR,WSM,668,1981,9999
KIR,SLB,668,1981,9999
KIR,TON,668,1981,9999
KIR,TUV,668,1981,9999
NZL,NIU,668,1981,9999
NZL,PNG,668,1981,9999
NZL,WSM,668,1981,9999
NZL,SLB,668,1981,9999
NZL,TON,668,1981,9999
NZL,TUV,668,1981,9999
NIU,PNG,668,1981,9999
NIU,WSM,668,1981,9999
NIU,SLB,668,1981,9999
NIU,TON,668,1981,9999
NIU,TUV,668,1981,9999
PNG,WSM,668,1981,9999
PNG,SLB,668,1981,9999
PNG,TON,668,1981,9999
PNG,TUV,668,1981,9999
WSM,SLB,668,1981,9999
WSM,TON,668,1981,9999
WSM,TUV,668,1981,9999
SLB,TON,668,1981,9999
SLB,TUV,668,1981,9999
TON,TUV,668,1981,9999
BWA,SWZ,669,1970,9999
BWA,LSO,669,1970,9999
BWA,ZAF,669,1970,9999
SWZ,LSO,669,1970,9999
SWZ,ZAF,669,1970,9999
LSO,ZAF,669,1970,9999
BWA,SWZ,670,2004,9999
BWA,LSO,670,2004,9999
BWA,NAM,670,2004,9999
BWA,ZAF,670,2004,9999
SWZ,LSO,670,2004,9999
SWZ,NAM,670,2004,9999
SWZ,ZAF,670,2004,9999
LSO,NAM,670,2004,9999
LSO,ZAF,670,2004,9999
NAM,ZAF,670,2004,9999
AGO,BWA,671,1993,9999
AGO,SWZ,671,1993,9999
AGO,LSO,671,1993,9999
AGO,MWI,671,1993,9999
AGO,MOZ,671,1993,9999
AGO,NAM,671,1993,9999
AGO,TZA,671,1993,9999
AGO,ZMB,671,1993,9999
AGO,ZWE,671,1993,9999
BWA,SWZ,671,1993,9999
BWA,LSO,671,1993,9999
BWA,MWI,671,1993,9999
BWA,MOZ,671,1993,9999
BWA,NAM,671,1993,9999
BWA,TZA,671,1993,9999
BWA,ZMB,671,1993,9999
BWA,ZWE,671,1993,9999
SWZ,LSO,671,1993,9999
SWZ,MWI,671,1993,9999
SWZ,MOZ,671,1993,9999
SWZ,NAM,671,1993,9999
SWZ,TZA,671,1993,9999
SWZ,ZMB,671,1993,9999
SWZ,ZWE,671,1993,9999
LSO,MWI,671,1993,9999
LSO,MOZ,671,1993,9999
LSO,NAM,671,1993,9999
LSO,TZA,671,1993,9999
LSO,ZMB,671,1993,9999
LSO,ZWE,671,1993,9999
MWI,MOZ,671,1993,9999
MWI,NAM,671,1993,9999
MWI,TZA,671,1993,9999
MWI,ZMB,671,1993,9999
MWI,ZWE,671,1993,9999
MOZ,NAM,671,1993,9999
MOZ,TZA,671,1993,9999
MOZ,ZMB,671,1993,9999
MOZ,ZWE,671,1993,9999
NAM,TZA,671,1993,9999
NAM,ZMB,671,1993,9999
NAM,ZWE,671,1993,9999
TZA,ZMB,671,1993,9999
TZA,ZWE,671,1993,9999
ZMB,ZWE,671,1993,9999
BWA,SWZ,672a,2000,9999
BWA,LSO,672a,2000,9999
BWA,MWI,672a,2000,9999
BWA,MUS,672a,2000,9999
BWA,MOZ,672a,2000,9999
BWA,NAM,672a,2000,9999
BWA,ZAF,672a,2000,9999
BWA,TZA,672a,2000,9999
BWA,ZMB,672a,2000,9999
BWA,ZWE,672a,2000,9999
SWZ,LSO,672a,2000,9999
SWZ,MWI,672a,2000,9999
SWZ,MUS,672a,2000,9999
SWZ,MOZ,672a,2000,9999
SWZ,NAM,672a,2000,9999
SWZ,ZAF,672a,2000,9999
SWZ,TZA,672a,2000,9999
SWZ,ZMB,672a,2000,9999
SWZ,ZWE,672a,2000,9999
LSO,MWI,672a,2000,9999
LSO,MUS,672a,2000,9999
LSO,MOZ,672a,2000,9999
LSO,NAM,672a,2000,9999
LSO,ZAF,672a,2000,9999
LSO,TZA,672a,2000,9999
LSO,ZMB,672a,2000,9999
LSO,ZWE,672a,2000,9999
MWI,MUS,672a,2000,9999
MWI,MOZ,672a,2000,9999
MWI,NAM,672a,2000,9999
MWI,ZAF,672a,2000,9999
MWI,TZA,672a,2000,9999
MWI,ZMB,672a,2000,9999
MWI,ZWE,672a,2000,9999
MUS,MOZ,672a,2000,9999
MUS,NAM,672a,2000,9999
MUS,ZAF,672a,2000,9999
MUS,TZA,672a,2000,9999
MUS,ZMB,672a,2000,9999
MUS,ZWE,672a,2000,9999
MOZ,NAM,672a,2000,9999
MOZ,ZAF,672a,2000,9999
MOZ,TZA,672a,2000,9999
MOZ,ZMB,672a,2000,9999
MOZ,ZWE,672a,2000,9999
NAM,ZAF,672a,2000,9999
NAM,TZA,672a,2000,9999
NAM,ZMB,672a,2000,9999
NAM,ZWE,672a,2000,9999
ZAF,TZA,672a,2000,9999
ZAF,ZMB,672a,2000,9999
ZAF,ZWE,672a,2000,9999
TZA,ZMB,672a,2000,9999
TZA,ZWE,672a,2000,9999
ZMB,ZWE,672a,2000,9999
AGO,SYC,672+5,2015,2004
BWA,SYC,672+5,2015,2004
COD,SYC,672+5,2015,2004
SWZ,SYC,672+5,2015,2004
LSO,SYC,672+5,2015,2004
MDG,SYC,672+5,2015,9999
MWI,SYC,672+5,2015,2004
MUS,SYC,672+5,2015,2004
MOZ,SYC,672+5,2015,2004
NAM,SYC,672+5,2015,2004
SYC,ZAF,672+5,2015,2004
SYC,TZA,672+5,2015,2004
SYC,ZMB,672+5,2015,2004
SYC,ZWE,672+5,2015,2004
SDN,TUN,673,1984,9999
SYR,TUN,674,2005,9999
SYR,TUR,675,2007,9999
SYR,ARE,676,2001,9999
TJK,UKR,677,2002,9999
BRN,CHL,679,2006,9999
BRN,NZL,679,2006,9999
BRN,SGP,679,2006,9999
CHL,NZL,679,2006,9999
CHL,SGP,679,2006,9999
NZL,SGP,679,2006,9999
SLV,GTM,680,1961,9999
SLV,HND,680,1961,9999
GTM,HND,680,1961,9999
TTO,VEN,681,1989,9999
EGY,IND,682,1968,9999
EGY,SRB,682,1968,9999
IND,SRB,682,1968,9999
TUN,TUR,683,2005,9999
TKM,UKR,684,1995,9999
TKM,UZB,1121a,2025,9999
UKR,UZB,686,1996,9999
USA,VNM,687,2001,9999
BEN,BFA,688,1994,9999
BEN,CIV,688,1994,9999
BEN,MLI,688,1994,9999
BEN,NER,688,1994,9999
BEN,SEN,688,1994,9999
BEN,TGO,688,1994,9999
BFA,CIV,688,1994,9999
BFA,MLI,688,1994,9999
BFA,NER,688,1994,9999
BFA,SEN,688,1994,9999
BFA,TGO,688,1994,9999
CIV,MLI,688,1994,9999
CIV,NER,688,1994,9999
CIV,SEN,688,1994,9999
CIV,TGO,688,1994,9999
MLI,NER,688,1994,9999
MLI,SEN,688,1994,9999
MLI,TGO,688,1994,9999
NER,SEN,688,1994,9999
NER,TGO,688,1994,9999
SEN,TGO,688,1994,9999
EGY,IRQ,695,1953,9999
EGY,JOR,695,1953,9999
EGY,KWT,695,1953,9999
EGY,LBN,695,1953,9999
EGY,SAU,695,1953,9999
EGY,SYR,695,1953,9999
IRQ,JOR,695,1953,9999
IRQ,KWT,695,1953,9999
IRQ,LBN,695,1953,9999
IRQ,SAU,695,1953,9999
IRQ,SYR,695,1953,9999
JOR,KWT,695,1953,9999
JOR,LBN,695,1953,9999
JOR,SAU,695,1953,9999
JOR,SYR,695,1953,9999
KWT,LBN,695,1953,9999
KWT,SAU,695,1953,9999
KWT,SYR,695,1953,9999
LBN,SAU,695,1953,9999
LBN,SYR,695,1953,9999
SAU,SYR,695,1953,9999
BEL,KEN,700,1971,9999
BEL,TZA,700,1971,9999
BEL,UGA,700,1971,9999
FRA,KEN,700,1971,9999
FRA,TZA,700,1971,9999
FRA,UGA,700,1971,9999
DEU,KEN,700,1971,9999
DEU,TZA,700,1971,9999
DEU,UGA,700,1971,9999
ITA,KEN,700,1971,9999
ITA,TZA,700,1971,9999
ITA,UGA,700,1971,9999
KEN,LUX,700,1971,9999
KEN,NLD,700,1971,9999
LUX,TZA,700,1971,9999
LUX,UGA,700,1971,9999
NLD,TZA,700,1971,9999
NLD,UGA,700,1971,9999
BLR,KAZ,705,1999,9999
BEL,LUX,706,1960,9999
BEL,NLD,706,1960,9999
LUX,NLD,706,1960,9999
BTN,IND,708,1984,9999
CHL,CUB,715,2008,9999
CHL,PER,716,2009,9999
BEN,BFA,726,1966,9999
BEN,CIV,726,1966,9999
BEN,MLI,726,1966,9999
BEN,MRT,726,1966,9999
BEN,NER,726,1966,9999
BEN,SEN,726,1966,9999
BFA,CIV,726,1966,9999
BFA,MLI,726,1966,9999
BFA,MRT,726,1966,9999
BFA,NER,726,1966,9999
BFA,SEN,726,1966,9999
CIV,MLI,726,1966,9999
CIV,MRT,726,1966,9999
CIV,NER,726,1966,9999
CIV,SEN,726,1966,9999
MLI,MRT,726,1966,9999
MLI,NER,726,1966,9999
MLI,SEN,726,1966,9999
MRT,NER,726,1966,9999
MRT,SEN,726,1966,9999
NER,SEN,726,1966,9999
FRO,FIN,732,1993,9999
FRO,SWE,733,1976,9999
GEO,MDA,740,2007,9999
GRL,SWE,741,1985,9999
GIN,MAR,742,2000,9999
MKD,SRB,760,2006,9999
MEX,PRY,766,1984,9999
MEX,PER,767,1987,9999
MAR,SAU,768,1968,9999
NER,TUN,770,1983,9999
AGO,BWA,772,1982,9999
AGO,BDI,772,1982,9999
AGO,COM,772,1982,9999
AGO,COD,772,1982,9999
AGO,DJI,772,1982,9999
AGO,SWZ,772,1982,9999
AGO,ETH,772,1982,9999
AGO,KEN,772,1982,9999
AGO,LSO,772,1982,9999
AGO,MDG,772,1982,9999
AGO,MWI,772,1982,9999
AGO,MUS,772,1982,9999
AGO,MOZ,772,1982,9999
AGO,RWA,772,1982,9999
AGO,SYC,772,1982,9999
AGO,SOM,772,1982,9999
AGO,TZA,772,1982,9999
AGO,UGA,772,1982,9999
AGO,ZMB,772,1982,9999
AGO,ZWE,772,1982,9999
BWA,BDI,772,1982,9999
BWA,COM,772,1982,9999
BWA,COD,772,1982,9999
BWA,DJI,772,1982,9999
BWA,SWZ,772,1982,9999
BWA,ETH,772,1982,9999
BWA,KEN,772,1982,9999
BWA,LSO,772,1982,9999
BWA,MDG,772,1982,9999
BWA,MWI,772,1982,9999
BWA,MUS,772,1982,9999
BWA,MOZ,772,1982,9999
BWA,RWA,772,1982,9999
BWA,SYC,772,1982,9999
BWA,SOM,772,1982,9999
BWA,TZA,772,1982,9999
BWA,UGA,772,1982,9999
BWA,ZMB,772,1982,9999
BWA,ZWE,772,1982,9999
BDI,COM,772,1982,9999
BDI,COD,772,1982,9999
BDI,DJI,772,1982,9999
BDI,SWZ,772,1982,9999
BDI,ETH,772,1982,9999
BDI,KEN,772,1982,9999
BDI,LSO,772,1982,9999
BDI,MDG,772,1982,9999
BDI,MWI,772,1982,9999
BDI,MUS,772,1982,9999
BDI,MOZ,772,1982,9999
BDI,RWA,772,1982,9999
BDI,SYC,772,1982,9999
BDI,SOM,772,1982,9999
BDI,TZA,772,1982,9999
BDI,UGA,772,1982,9999
BDI,ZMB,772,1982,9999
BDI,ZWE,772,1982,9999
COM,COD,772,1982,9999
COM,DJI,772,1982,9999
COM,SWZ,772,1982,9999
COM,ETH,772,1982,9999
COM,KEN,772,1982,9999
COM,LSO,772,1982,9999
COM,MDG,772,1982,9999
COM,MWI,772,1982,9999
COM,MUS,772,1982,9999
COM,MOZ,772,1982,9999
COM,RWA,772,1982,9999
COM,SYC,772,1982,9999
COM,SOM,772,1982,9999
COM,TZA,772,1982,9999
COM,UGA,772,1982,9999
COM,ZMB,772,1982,9999
COM,ZWE,772,1982,9999
COD,DJI,772,1982,9999
COD,SWZ,772,1982,9999
COD,ETH,772,1982,9999
COD,KEN,772,1982,9999
COD,LSO,772,1982,9999
COD,MDG,772,1982,9999
COD,MWI,772,1982,9999
COD,MUS,772,1982,9999
COD,MOZ,772,1982,9999
COD,RWA,772,1982,9999
COD,SYC,772,1982,9999
COD,SOM,772,1982,9999
COD,TZA,772,1982,9999
COD,UGA,772,1982,9999
COD,ZMB,772,1982,9999
COD,ZWE,772,1982,9999
DJI,SWZ,772,1982,9999
DJI,ETH,772,1982,9999
DJI,KEN,772,1982,9999
DJI,LSO,772,1982,9999
DJI,MDG,772,1982,9999
DJI,MWI,772,1982,9999
DJI,MUS,772,1982,9999
DJI,MOZ,772,1982,9999
DJI,RWA,772,1982,9999
DJI,SYC,772,1982,9999
DJI,SOM,772,1982,9999
DJI,TZA,772,1982,9999
DJI,UGA,772,1982,9999
DJI,ZMB,772,1982,9999
DJI,ZWE,772,1982,9999
SWZ,ETH,772,1982,9999
SWZ,KEN,772,1982,9999
SWZ,LSO,772,1982,9999
SWZ,MDG,772,1982,9999
SWZ,MWI,772,1982,9999
SWZ,MUS,772,1982,9999
SWZ,MOZ,772,1982,9999
SWZ,RWA,772,1982,9999
SWZ,SYC,772,1982,9999
SWZ,SOM,772,1982,9999
SWZ,TZA,772,1982,9999
SWZ,UGA,772,1982,9999
SWZ,ZMB,772,1982,9999
SWZ,ZWE,772,1982,9999
ETH,KEN,772,1982,9999
ETH,LSO,772,1982,9999
ETH,MDG,772,1982,9999
ETH,MWI,772,1982,9999
ETH,MUS,772,1982,9999
ETH,MOZ,772,1982,9999
ETH,RWA,772,1982,9999
ETH,SYC,772,1982,9999
ETH,SOM,772,1982,9999
ETH,TZA,772,1982,9999
ETH,UGA,772,1982,9999
ETH,ZMB,772,1982,9999
ETH,ZWE,772,1982,9999
KEN,LSO,772,1982,9999
KEN,MDG,772,1982,9999
KEN,MWI,772,1982,9999
KEN,MUS,772,1982,9999
KEN,MOZ,772,1982,9999
KEN,RWA,772,1982,9999
KEN,SYC,772,1982,9999
KEN,SOM,772,1982,9999
KEN,TZA,772,1982,9999
KEN,UGA,772,1982,9999
KEN,ZMB,772,1982,9999
KEN,ZWE,772,1982,9999
LSO,MDG,772,1982,9999
LSO,MWI,772,1982,9999
LSO,MUS,772,1982,9999
LSO,MOZ,772,1982,9999
LSO,RWA,772,1982,9999
LSO,SYC,772,1982,9999
LSO,SOM,772,1982,9999
LSO,TZA,772,1982,9999
LSO,UGA,772,1982,9999
LSO,ZMB,772,1982,9999
LSO,ZWE,772,1982,9999
MDG,MWI,772,1982,9999
MDG,MUS,772,1982,9999
MDG,MOZ,772,1982,9999
MDG,RWA,772,1982,9999
MDG,SYC,772,1982,9999
MDG,SOM,772,1982,9999
MDG,TZA,772,1982,9999
MDG,UGA,772,1982,9999
MDG,ZMB,772,1982,9999
MDG,ZWE,772,1982,9999
MWI,MUS,772,1982,9999
MWI,MOZ,772,1982,9999
MWI,RWA,772,1982,9999
MWI,SYC,772,1982,9999
MWI,SOM,772,1982,9999
MWI,TZA,772,1982,9999
MWI,UGA,772,1982,9999
MWI,ZMB,772,1982,9999
MWI,ZWE,772,1982,9999
MUS,MOZ,772,1982,9999
MUS,RWA,772,1982,9999
MUS,SYC,772,1982,9999
MUS,SOM,772,1982,9999
MUS,TZA,772,1982,9999
MUS,UGA,772,1982,9999
MUS,ZMB,772,1982,9999
MUS,ZWE,772,1982,9999
MOZ,RWA,772,1982,9999
MOZ,SYC,772,1982,9999
MOZ,SOM,772,1982,9999
MOZ,TZA,772,1982,9999
MOZ,UGA,772,1982,9999
MOZ,ZMB,772,1982,9999
MOZ,ZWE,772,1982,9999
RWA,SYC,772,1982,9999
RWA,SOM,772,1982,9999
RWA,TZA,772,1982,9999
RWA,UGA,772,1982,9999
RWA,ZMB,772,1982,9999
RWA,ZWE,772,1982,9999
SYC,SOM,772,1982,9999
SYC,TZA,772,1982,9999
SYC,UGA,772,1982,9999
SYC,ZMB,772,1982,9999
SYC,ZWE,772,1982,9999
SOM,TZA,772,1982,9999
SOM,UGA,772,1982,9999
SOM,ZMB,772,1982,9999
SOM,ZWE,772,1982,9999
TZA,UGA,772,1982,9999
TZA,ZMB,772,1982,9999
TZA,ZWE,772,1982,9999
UGA,ZMB,772,1982,9999
UGA,ZWE,772,1982,9999
ZMB,ZWE,772,1982,9999
BFA,CIV,780,1974,9999
BFA,MLI,780,1974,9999
BFA,MRT,780,1974,9999
BFA,NER,780,1974,9999
BFA,SEN,780,1974,9999
CIV,MLI,780,1974,9999
CIV,MRT,780,1974,9999
CIV,NER,780,1974,9999
CIV,SEN,780,1974,9999
MLI,MRT,780,1974,9999
MLI,NER,780,1974,9999
MLI,SEN,780,1974,9999
MRT,NER,780,1974,9999
MRT,SEN,780,1974,9999
NER,SEN,780,1974,9999
URY,VEN,782,2009,9999
CAN,PRT,783,1954,9999
CAN,ESP,784,1954,9999
KEN,TZA,787,2000,9999
KEN,UGA,787,2000,9999
TZA,UGA,787,2000,9999
BDI,KEN,787+1,2007,9999
BDI,RWA,787+1,2007,9999
BDI,TZA,787+1,2007,9999
BDI,UGA,787+1,2007,9999
KEN,RWA,787+1,2007,9999
RWA,TZA,787+1,2007,9999
RWA,UGA,787+1,2007,9999
ATG,DMA,788,1968,9999
ATG,GRD,788,1968,9999
ATG,MSR,788,1968,9999
ATG,KNA,788,1968,9999
ATG,LCA,788,1968,9999
ATG,VCT,788,1968,9999
DMA,GRD,788,1968,9999
DMA,MSR,788,1968,9999
DMA,KNA,788,1968,9999
DMA,LCA,788,1968,9999
DMA,VCT,788,1968,9999
GRD,MSR,788,1968,9999
GRD,KNA,788,1968,9999
GRD,LCA,788,1968,9999
GRD,VCT,788,1968,9999
MSR,KNA,788,1968,9999
MSR,LCA,788,1968,9999
MSR,VCT,788,1968,9999
KNA,LCA,788,1968,9999
KNA,VCT,788,1968,9999
LCA,VCT,788,1968,9999
ARG,BWA,789,2016,9999
ARG,SWZ,789,2016,9999
ARG,LSO,789,2016,9999
ARG,NAM,789,2016,9999
ARG,ZAF,789,2016,9999
BWA,BRA,789,2016,9999
BWA,PRY,789,2016,9999
BWA,URY,789,2016,9999
BRA,SWZ,789,2016,9999
BRA,LSO,789,2016,9999
BRA,NAM,789,2016,9999
BRA,ZAF,789,2016,9999
SWZ,PRY,789,2016,9999
SWZ,URY,789,2016,9999
LSO,PRY,789,2016,9999
LSO,URY,789,2016,9999
NAM,PRY,789,2016,9999
NAM,URY,789,2016,9999
PRY,ZAF,789,2016,9999
ZAF,URY,789,2016,9999
EST,POL,791,2002,9999
AUT,CHE,793,2002,9999
BEL,CHE,793,2002,9999
DNK,CHE,793,2002,9999
FIN,CHE,793,2002,9999
FRA,CHE,793,2002,9999
DEU,CHE,793,2002,9999
GRC,CHE,793,2002,9999
IRL,CHE,793,2002,9999
ITA,CHE,793,2002,9999
LUX,CHE,793,2002,9999
NLD,CHE,793,2002,9999
PRT,CHE,793,2002,9999
ESP,CHE,793,2002,9999
SWE,CHE,793,2002,9999
CHE,GBR,793,2002,2020
AUS,MYS,795,2013,9999
CAN,HND,797,2014,9999
CAN,PAN,798,2013,9999
CRI,GBR,1019a,2021,2020
SLV,GBR,1019a,2021,2020
GTM,GBR,1019a,2021,2020
HND,GBR,1019a,2021,2020
NIC,GBR,1019a,2021,2020
PAN,GBR,1019a,2021,2020
AUT,CRI,799,2013,9999
AUT,SLV,799,2013,9999
AUT,GTM,799,2013,9999
AUT,HND,799,2013,9999
AUT,NIC,799,2013,9999
AUT,PAN,799,2013,9999
BEL,CRI,799,2013,9999
BEL,SLV,799,2013,9999
BEL,GTM,799,2013,9999
BEL,HND,799,2013,9999
BEL,NIC,799,2013,9999
BEL,PAN,799,2013,9999
BGR,CRI,799,2013,9999
BGR,SLV,799,2013,9999
BGR,GTM,799,2013,9999
BGR,HND,799,2013,9999
BGR,NIC,799,2013,9999
BGR,PAN,799,2013,9999
CRI,CYP,799,2013,9999
CRI,CZE,799,2013,9999
CRI,DNK,799,2013,9999
CRI,EST,799,2013,9999
CRI,FIN,799,2013,9999
CRI,FRA,799,2013,9999
CRI,DEU,799,2013,9999
CRI,GRC,799,2013,9999
CRI,HUN,799,2013,9999
CRI,IRL,799,2013,9999
CRI,ITA,799,2013,9999
CRI,LVA,799,2013,9999
CRI,LTU,799,2013,9999
CRI,LUX,799,2013,9999
CRI,MLT,799,2013,9999
CRI,NLD,799,2013,9999
CRI,POL,799,2013,9999
CRI,PRT,799,2013,9999
CRI,ROU,799,2013,9999
CRI,SVK,799,2013,9999
CRI,SVN,799,2013,9999
CRI,ESP,799,2013,9999
CRI,SWE,799,2013,9999
CRI,GBR,799,2013,2020
CYP,SLV,799,2013,9999
CYP,GTM,799,2013,9999
CYP,HND,799,2013,9999
CYP,NIC,799,2013,9999
CYP,PAN,799,2013,9999
CZE,SLV,799,2013,9999
CZE,GTM,799,2013,9999
CZE,HND,799,2013,9999
CZE,NIC,799,2013,9999
CZE,PAN,799,2013,9999
DNK,SLV,799,2013,9999
DNK,GTM,799,2013,9999
DNK,HND,799,2013,9999
DNK,NIC,799,2013,9999
DNK,PAN,799,2013,9999
SLV,EST,799,2013,9999
SLV,FIN,799,2013,9999
SLV,FRA,799,2013,9999
SLV,DEU,799,2013,9999
SLV,GRC,799,2013,9999
SLV,HUN,799,2013,9999
SLV,IRL,799,2013,9999
SLV,ITA,799,2013,9999
SLV,LVA,799,2013,9999
SLV,LTU,799,2013,9999
SLV,LUX,799,2013,9999
SLV,MLT,799,2013,9999
SLV,NLD,799,2013,9999
SLV,POL,799,2013,9999
SLV,PRT,799,2013,9999
SLV,ROU,799,2013,9999
SLV,SVK,799,2013,9999
SLV,SVN,799,2013,9999
SLV,ESP,799,2013,9999
SLV,SWE,799,2013,9999
SLV,GBR,799,2013,2020
EST,GTM,799,2013,9999
EST,HND,799,2013,9999
EST,NIC,799,2013,9999
EST,PAN,799,2013,9999
FIN,GTM,799,2013,9999
FIN,HND,799,2013,9999
FIN,NIC,799,2013,9999
FIN,PAN,799,2013,9999
FRA,GTM,799,2013,9999
FRA,HND,799,2013,9999
FRA,NIC,799,2013,9999
FRA,PAN,799,2013,9999
DEU,GTM,799,2013,9999
DEU,HND,799,2013,9999
DEU,NIC,799,2013,9999
DEU,PAN,799,2013,9999
GRC,GTM,799,2013,9999
GRC,HND,799,2013,9999
GRC,NIC,799,2013,9999
GRC,PAN,799,2013,9999
GTM,HUN,799,2013,9999
GTM,IRL,799,2013,9999
GTM,ITA,799,2013,9999
GTM,LVA,799,2013,9999
GTM,LTU,799,2013,9999
GTM,LUX,799,2013,9999
GTM,MLT,799,2013,9999
GTM,NLD,799,2013,9999
GTM,POL,799,2013,9999
GTM,PRT,799,2013,9999
GTM,ROU,799,2013,9999
GTM,SVK,799,2013,9999
GTM,SVN,799,2013,9999
GTM,ESP,799,2013,9999
GTM,SWE,799,2013,9999
GTM,GBR,799,2013,2020
HND,HUN,799,2013,9999
HND,IRL,799,2013,9999
HND,ITA,799,2013,9999
HND,LVA,799,2013,9999
HND,LTU,799,2013,9999
HND,LUX,799,2013,9999
HND,MLT,799,2013,9999
HND,NLD,799,2013,9999
HND,POL,799,2013,9999
HND,PRT,799,2013,9999
HND,ROU,799,2013,9999
HND,SVK,799,2013,9999
HND,SVN,799,2013,9999
HND,ESP,799,2013,9999
HND,SWE,799,2013,9999
HND,GBR,799,2013,2020
HUN,NIC,799,2013,9999
HUN,PAN,799,2013,9999
IRL,NIC,799,2013,9999
IRL,PAN,799,2013,9999
ITA,NIC,799,2013,9999
ITA,PAN,799,2013,9999
LVA,NIC,799,2013,9999
LVA,PAN,799,2013,9999
LTU,NIC,799,2013,9999
LTU,PAN,799,2013,9999
LUX,NIC,799,2013,9999
LUX,PAN,799,2013,9999
MLT,NIC,799,2013,9999
MLT,PAN,799,2013,9999
NLD,NIC,799,2013,9999
NLD,PAN,799,2013,9999
NIC,POL,799,2013,9999
NIC,PRT,799,2013,9999
NIC,ROU,799,2013,9999
NIC,SVK,799,2013,9999
NIC,SVN,799,2013,9999
NIC,ESP,799,2013,9999
NIC,SWE,799,2013,9999
NIC,GBR,799,2013,2020
PAN,POL,799,2013,9999
PAN,PRT,799,2013,9999
PAN,ROU,799,2013,9999
PAN,SVK,799,2013,9999
PAN,SVN,799,2013,9999
PAN,ESP,799,2013,9999
PAN,SWE,799,2013,9999
PAN,GBR,799,2013,2020
CHL,MYS,800,2012,9999
CHL,THA,801,2015,9999
CHL,VNM,803,2014,9999
CHN,CRI,804,2011,9999
COL,CRI,805,2016,9999
COL,ISR,806,2020,9999
COL,KOR,808,2016,9999
COL,ECU,1016a,2021,9999
COL,PER,1016a,2021,9999
COL,GBR,1016a,2021,2020
ECU,PER,1016a,2021,9999
ECU,GBR,1016a,2021,2020
PER,GBR,1016a,2021,2020
AUT,COL,810,2013,9999
AUT,PER,810,2013,9999
BEL,COL,810,2013,9999
BEL,PER,810,2013,9999
BGR,COL,810,2013,9999
BGR,PER,810,2013,9999
COL,CYP,810,2013,9999
COL,CZE,810,2013,9999
COL,DNK,810,2013,9999
COL,EST,810,2013,9999
COL,FIN,810,2013,9999
COL,FRA,810,2013,9999
COL,DEU,810,2013,9999
COL,GRC,810,2013,9999
COL,HUN,810,2013,9999
COL,IRL,810,2013,9999
COL,ITA,810,2013,9999
COL,LVA,810,2013,9999
COL,LTU,810,2013,9999
COL,LUX,810,2013,9999
COL,MLT,810,2013,9999
COL,NLD,810,2013,9999
COL,POL,810,2013,9999
COL,PRT,810,2013,9999
COL,ROU,810,2013,9999
COL,SVK,810,2013,9999
COL,SVN,810,2013,9999
COL,ESP,810,2013,9999
COL,SWE,810,2013,9999
COL,GBR,810,2013,2020
CYP,PER,810,2013,9999
CZE,PER,810,2013,9999
DNK,PER,810,2013,9999
EST,PER,810,2013,9999
FIN,PER,810,2013,9999
FRA,PER,810,2013,9999
DEU,PER,810,2013,9999
GRC,PER,810,2013,9999
HUN,PER,810,2013,9999
IRL,PER,810,2013,9999
ITA,PER,810,2013,9999
LVA,PER,810,2013,9999
LTU,PER,810,2013,9999
LUX,PER,810,2013,9999
MLT,PER,810,2013,9999
NLD,PER,810,2013,9999
PER,POL,810,2013,9999
PER,PRT,810,2013,9999
PER,ROU,810,2013,9999
PER,SVK,810,2013,9999
PER,SVN,810,2013,9999
PER,ESP,810,2013,9999
PER,SWE,810,2013,9999
PER,GBR,810,2013,2020
AUT,ECU,810+2,2017,9999
BEL,ECU,810+2,2017,9999
BGR,ECU,810+2,2017,9999
COL,ECU,810+2,2017,9999
HRV,ECU,810+2,2017,9999
CYP,ECU,810+2,2017,9999
CZE,ECU,810+2,2017,9999
DNK,ECU,810+2,2017,9999
ECU,EST,810+2,2017,9999
ECU,FIN,810+2,2017,9999
ECU,FRA,810+2,2017,9999
ECU,DEU,810+2,2017,9999
ECU,GRC,810+2,2017,9999
ECU,HUN,810+2,2017,9999
ECU,IRL,810+2,2017,9999
ECU,ITA,810+2,2017,9999
ECU,LVA,810+2,2017,9999
ECU,LTU,810+2,2017,9999
ECU,LUX,810+2,2017,9999
ECU,MLT,810+2,2017,9999
ECU,NLD,810+2,2017,9999
ECU,PER,810+2,2017,9999
ECU,POL,810+2,2017,9999
ECU,PRT,810+2,2017,9999
ECU,ROU,810+2,2017,9999
ECU,SVK,810+2,2017,9999
ECU,SVN,810+2,2017,9999
ECU,ESP,810+2,2017,9999
ECU,SWE,810+2,2017,9999
ECU,GBR,810+2,2017,2020
ARM,BLR,811,2012,9999
ARM,KAZ,811,2012,9999
ARM,KGZ,811,2012,9999
ARM,MDA,811,2012,9999
ARM,RUS,811,2012,9999
ARM,TJK,811,2012,9999
ARM,UKR,811,2012,9999
ARM,UZB,811,2012,9999
BLR,KAZ,811,2012,9999
BLR,KGZ,811,2012,9999
BLR,MDA,811,2012,9999
BLR,RUS,811,2012,9999
BLR,TJK,811,2012,9999
BLR,UKR,811,2012,9999
BLR,UZB,811,2012,9999
KAZ,KGZ,811,2012,9999
KAZ,MDA,811,2012,9999
KAZ,RUS,811,2012,9999
KAZ,TJK,811,2012,9999
KAZ,UKR,811,2012,9999
KAZ,UZB,811,2012,9999
KGZ,MDA,811,2012,9999
KGZ,RUS,811,2012,9999
KGZ,TJK,811,2012,9999
KGZ,UKR,811,2012,9999
KGZ,UZB,811,2012,9999
MDA,RUS,811,2012,9999
MDA,TJK,811,2012,9999
MDA,UKR,811,2012,9999
MDA,UZB,811,2012,9999
RUS,TJK,811,2012,9999
RUS,UKR,811,2012,9999
RUS,UZB,811,2012,9999
TJK,UKR,811,2012,9999
TJK,UZB,811,2012,9999
UKR,UZB,811,2012,9999
CRI,PER,813,2013,9999
CRI,SGP,814,2013,9999
KOR,GBR,1017a,2021,2020
AUT,KOR,815,2011,9999
BEL,KOR,815,2011,9999
BGR,KOR,815,2011,9999
CYP,KOR,815,2011,9999
CZE,KOR,815,2011,9999
DNK,KOR,815,2011,9999
EST,KOR,815,2011,9999
FIN,KOR,815,2011,9999
FRA,KOR,815,2011,9999
DEU,KOR,815,2011,9999
GRC,KOR,815,2011,9999
HUN,KOR,815,2011,9999
IRL,KOR,815,2011,9999
ITA,KOR,815,2011,9999
LVA,KOR,815,2011,9999
LTU,KOR,815,2011,9999
LUX,KOR,815,2011,9999
MLT,KOR,815,2011,9999
NLD,KOR,815,2011,9999
POL,KOR,815,2011,9999
PRT,KOR,815,2011,9999
ROU,KOR,815,2011,9999
SVK,KOR,815,2011,9999
SVN,KOR,815,2011,9999
KOR,ESP,815,2011,9999
KOR,SWE,815,2011,9999
KOR,GBR,815,2011,2020
HKG,ISL,817,2012,9999
HKG,LIE,817,2012,9999
HKG,NOR,817,2012,9999
HKG,CHE,817,2012,9999
ISL,MNE,818,2012,9999
LIE,MNE,818,2012,9999
MNE,NOR,818,2012,9999
MNE,CHE,818,2012,9999
ISL,PER,819,2011,9999
LIE,PER,819,2011,9999
NOR,PER,819,2011,9999
PER,CHE,819,2011,9999
ISL,UKR,820,2012,9999
LIE,UKR,820,2012,9999
NOR,UKR,820,2012,9999
CHE,UKR,820,2012,9999
ARG,EGY,821,2017,9999
BRA,EGY,821,2017,9999
EGY,PRY,821,2017,9999
EGY,URY,821,2017,9999
HKG,NZL,825,2011,9999
IND,JPN,826,2011,9999
IND,MYS,827,2011,9999
JPN,PER,829,2012,9999
PER,KOR,830,2011,9999
KOR,TUR,831,2013,9999
MUS,TUR,832,2013,9999
MNE,UKR,833,2013,9999
NZL,TWN,834,2013,9999
CHL,COL,836,2012,9999
CHL,MEX,836,2012,9999
CHL,PER,836,2012,9999
COL,MEX,836,2012,9999
COL,PER,836,2012,9999
MEX,PER,836,2012,9999
PAN,PER,837,2012,9999
AUS,CHN,840,2015,9999
AUS,JPN,842,2015,9999
BIH,ISL,844,2015,9999
BIH,LIE,844,2015,9999
BIH,NOR,844,2015,9999
BIH,CHE,844,2015,9999
CAN,GBR,1059a,2021,2020
AUT,CAN,848,2017,9999
BEL,CAN,848,2017,9999
BGR,CAN,848,2017,9999
CAN,HRV,848,2017,9999
CAN,CYP,848,2017,9999
CAN,CZE,848,2017,9999
CAN,DNK,848,2017,9999
CAN,EST,848,2017,9999
CAN,FIN,848,2017,9999
CAN,FRA,848,2017,9999
CAN,DEU,848,2017,9999
CAN,GRC,848,2017,9999
CAN,HUN,848,2017,9999
CAN,IRL,848,2017,9999
CAN,ITA,848,2017,9999
CAN,LVA,848,2017,9999
CAN,LTU,848,2017,9999
CAN,LUX,848,2017,9999
CAN,MLT,848,2017,9999
CAN,NLD,848,2017,9999
CAN,POL,848,2017,9999
CAN,PRT,848,2017,9999
CAN,ROU,848,2017,9999
CAN,SVK,848,2017,9999
CAN,SVN,848,2017,9999
CAN,ESP,848,2017,9999
CAN,SWE,848,2017,9999
CAN,GBR,848,2017,2020
CAN,KOR,852,2017,9999
CAN,UKR,1112a,2024,9999
CAN,UKR,855,2017,9999
CHL,HKG,858,2014,9999
CHN,CHE,862,2014,9999
CRI,ISL,864,2014,9999
CRI,LIE,864,2014,9999
CRI,NOR,864,2014,9999
CRI,CHE,864,2014,9999
ISL,PAN,864,2014,9999
LIE,PAN,864,2014,9999
NOR,PAN,864,2014,9999
PAN,CHE,864,2014,9999
AUT,GEO,866,2016,9999
BEL,GEO,866,2016,9999
BGR,GEO,866,2016,9999
HRV,GEO,866,2016,9999
CYP,GEO,866,2016,9999
CZE,GEO,866,2016,9999
DNK,GEO,866,2016,9999
EST,GEO,866,2016,9999
FIN,GEO,866,2016,9999
FRA,GEO,866,2016,9999
GEO,DEU,866,2016,9999
GEO,GRC,866,2016,9999
GEO,HUN,866,2016,9999
GEO,IRL,866,2016,9999
GEO,ITA,866,2016,9999
GEO,LVA,866,2016,9999
GEO,LTU,866,2016,9999
GEO,LUX,866,2016,9999
GEO,MLT,866,2016,9999
GEO,NLD,866,2016,9999
GEO,POL,866,2016,9999
GEO,PRT,866,2016,9999
GEO,ROU,866,2016,9999
GEO,SVK,866,2016,9999
GEO,SVN,866,2016,9999
GEO,ESP,866,2016,9999
GEO,SWE,866,2016,9999
GEO,GBR,866,2016,2020
ARM,AUT,867,2018,9999
ARM,BEL,867,2018,9999
ARM,BGR,867,2018,9999
ARM,HRV,867,2018,9999
ARM,CYP,867,2018,9999
ARM,CZE,867,2018,9999
ARM,DNK,867,2018,9999
ARM,EST,867,2018,9999
ARM,FIN,867,2018,9999
ARM,FRA,867,2018,9999
ARM,DEU,867,2018,9999
ARM,GRC,867,2018,9999
ARM,HUN,867,2018,9999
ARM,IRL,867,2018,9999
ARM,ITA,867,2018,9999
ARM,LVA,867,2018,9999
ARM,LTU,867,2018,9999
ARM,LUX,867,2018,9999
ARM,MLT,867,2018,9999
ARM,NLD,867,2018,9999
ARM,POL,867,2018,9999
ARM,PRT,867,2018,9999
ARM,ROU,867,2018,9999
ARM,SVK,867,2018,9999
ARM,SVN,867,2018,9999
ARM,ESP,867,2018,9999
ARM,SWE,867,2018,9999
ARM,GBR,867,2018,2020
AUT,JPN,869,2019,9999
BEL,JPN,869,2019,9999
BGR,JPN,869,2019,9999
HRV,JPN,869,2019,9999
CYP,JPN,869,2019,9999
CZE,JPN,869,2019,9999
DNK,JPN,869,2019,9999
EST,JPN,869,2019,9999
FIN,JPN,869,2019,9999
FRA,JPN,869,2019,9999
DEU,JPN,869,2019,9999
GRC,JPN,869,2019,9999
HUN,JPN,869,2019,9999
IRL,JPN,869,2019,9999
ITA,JPN,869,2019,9999
JPN,LVA,869,2019,9999
JPN,LTU,869,2019,9999
JPN,LUX,869,2019,9999
JPN,MLT,869,2019,9999
JPN,NLD,869,2019,9999
JPN,POL,869,2019,9999
JPN,PRT,869,2019,9999
JPN,ROU,869,2019,9999
JPN,SVK,869,2019,9999
JPN,SVN,869,2019,9999
JPN,ESP,869,2019,9999
JPN,SWE,869,2019,9999
JPN,GBR,869,2019,2020
AUT,MDA,872,2016,9999
BEL,MDA,872,2016,9999
BGR,MDA,872,2016,9999
HRV,MDA,872,2016,9999
CYP,MDA,872,2016,9999
CZE,MDA,872,2016,9999
DNK,MDA,872,2016,9999
EST,MDA,872,2016,9999
FIN,MDA,872,2016,9999
FRA,MDA,872,2016,9999
DEU,MDA,872,2016,9999
GRC,MDA,872,2016,9999
HUN,MDA,872,2016,9999
IRL,MDA,872,2016,9999
ITA,MDA,872,2016,9999
LVA,MDA,872,2016,9999
LTU,MDA,872,2016,9999
LUX,MDA,872,2016,9999
MLT,MDA,872,2016,9999
MDA,NLD,872,2016,9999
MDA,POL,872,2016,9999
MDA,PRT,872,2016,9999
MDA,ROU,872,2016,9999
MDA,SVK,872,2016,9999
MDA,SVN,872,2016,9999
MDA,ESP,872,2016,9999
MDA,SWE,872,2016,9999
MDA,GBR,872,2016,2020
AUT,SGP,1008a,2019,9999
BEL,SGP,1008a,2019,9999
BGR,SGP,1008a,2019,9999
HRV,SGP,1008a,2019,9999
CYP,SGP,1008a,2019,9999
CZE,SGP,1008a,2019,9999
DNK,SGP,1008a,2019,9999
EST,SGP,1008a,2019,9999
FIN,SGP,1008a,2019,9999
FRA,SGP,1008a,2019,9999
DEU,SGP,1008a,2019,9999
GRC,SGP,1008a,2019,9999
HUN,SGP,1008a,2019,9999
IRL,SGP,1008a,2019,9999
ITA,SGP,1008a,2019,9999
LVA,SGP,1008a,2019,9999
LTU,SGP,1008a,2019,9999
LUX,SGP,1008a,2019,9999
MLT,SGP,1008a,2019,9999
NLD,SGP,1008a,2019,9999
POL,SGP,1008a,2019,9999
PRT,SGP,1008a,2019,9999
ROU,SGP,1008a,2019,9999
SGP,SVK,1008a,2019,9999
SGP,SVN,1008a,2019,9999
SGP,ESP,1008a,2019,9999
SGP,SWE,1008a,2019,9999
SGP,GBR,1008a,2019,2020
SGP,GBR,1055a,2021,2020
SGP,GBR,1093a,2022,2020
AUT,SGP,874,2019,9999
BEL,SGP,874,2019,9999
BGR,SGP,874,2019,9999
HRV,SGP,874,2019,9999
CYP,SGP,874,2019,9999
CZE,SGP,874,2019,9999
DNK,SGP,874,2019,9999
EST,SGP,874,2019,9999
FIN,SGP,874,2019,9999
FRA,SGP,874,2019,9999
DEU,SGP,874,2019,9999
GRC,SGP,874,2019,9999
HUN,SGP,874,2019,9999
IRL,SGP,874,2019,9999
ITA,SGP,874,2019,9999
LVA,SGP,874,2019,9999
LTU,SGP,874,2019,9999
LUX,SGP,874,2019,9999
MLT,SGP,874,2019,9999
NLD,SGP,874,2019,9999
POL,SGP,874,2019,9999
PRT,SGP,874,2019,9999
ROU,SGP,874,2019,9999
SGP,SVK,874,2019,9999
SGP,SVN,874,2019,9999
SGP,ESP,874,2019,9999
SGP,SWE,874,2019,9999
SGP,GBR,874,2019,2020
AUT,UKR,876,2017,9999
BEL,UKR,876,2017,9999
BGR,UKR,876,2017,9999
HRV,UKR,876,2017,9999
CYP,UKR,876,2017,9999
CZE,UKR,876,2017,9999
DNK,UKR,876,2017,9999
EST,UKR,876,2017,9999
FIN,UKR,876,2017,9999
FRA,UKR,876,2017,9999
DEU,UKR,876,2017,9999
GRC,UKR,876,2017,9999
HUN,UKR,876,2017,9999
IRL,UKR,876,2017,9999
ITA,UKR,876,2017,9999
LVA,UKR,876,2017,9999
LTU,UKR,876,2017,9999
LUX,UKR,876,2017,9999
MLT,UKR,876,2017,9999
NLD,UKR,876,2017,9999
POL,UKR,876,2017,9999
PRT,UKR,876,2017,9999
ROU,UKR,876,2017,9999
SVK,UKR,876,2017,9999
SVN,UKR,876,2017,9999
ESP,UKR,876,2017,9999
SWE,UKR,876,2017,9999
UKR,GBR,876,2017,2020
GBR,VNM,1057a,2021,2020
AUT,VNM,877,2020,9999
BEL,VNM,877,2020,9999
BGR,VNM,877,2020,9999
HRV,VNM,877,2020,9999
CYP,VNM,877,2020,9999
CZE,VNM,877,2020,9999
DNK,VNM,877,2020,9999
EST,VNM,877,2020,9999
FIN,VNM,877,2020,9999
FRA,VNM,877,2020,9999
DEU,VNM,877,2020,9999
GRC,VNM,877,2020,9999
HUN,VNM,877,2020,9999
IRL,VNM,877,2020,9999
ITA,VNM,877,2020,9999
LVA,VNM,877,2020,9999
LTU,VNM,877,2020,9999
LUX,VNM,877,2020,9999
MLT,VNM,877,2020,9999
NLD,VNM,877,2020,9999
POL,VNM,877,2020,9999
PRT,VNM,877,2020,9999
ROU,VNM,877,2020,9999
SVK,VNM,877,2020,9999
SVN,VNM,877,2020,9999
ESP,VNM,877,2020,9999
SWE,VNM,877,2020,9999
GBR,VNM,877,2020,2020
MEX,PAN,891,2015,9999
AUS,COK,895,2020,9999
AUS,KIR,895,2020,9999
AUS,MHL,895,2020,9999
AUS,FSM,895,2020,9999
AUS,NRU,895,2020,9999
AUS,NZL,895,2020,9999
AUS,NIU,895,2020,9999
AUS,PLW,895,2020,9999
AUS,PNG,895,2020,9999
AUS,WSM,895,2020,9999
AUS,SLB,895,2020,9999
AUS,TON,895,2020,9999
AUS,TUV,895,2020,9999
AUS,VUT,895,2020,9999
KEN,TZA,901,1966,9999
KEN,UGA,901,1966,9999
TZA,UGA,901,1966,9999
COL,MEX,1045a,2011,9999
COL,MEX,908,1995,9999
COL,VEN,908,1995,2006
MEX,VEN,908,1995,2006
CHN,KOR,909,2015,9999
AUS,KOR,911,2014,9999
NZL,KOR,912,2015,9999
KOR,VNM,913,2015,9999
IDN,KOR,914,2023,9999
ARM,BLR,915,2016,9999
ARM,KAZ,915,2016,9999
ARM,RUS,915,2016,9999
BLR,KGZ,915,2016,9999
BLR,VNM,915,2016,9999
KAZ,KGZ,915,2016,9999
KAZ,VNM,915,2016,9999
KGZ,RUS,915,2016,9999
RUS,VNM,915,2016,9999
CUB,SLV,916,2012,9999
HND,PER,919,2017,9999
CHL,IDN,920,2019,9999
ISR,PAN,928,2020,9999
JPN,MNG,930,2016,9999
CRI,KOR,931,2019,9999
SLV,KOR,931,2019,9999
HND,KOR,931,2019,9999
NIC,KOR,931,2019,9999
PAN,KOR,931,2019,9999
IND,MUS,933,2021,9999
AUS,IND,936,2022,9999
AUS,IDN,941,2020,9999
MYS,TUR,943,2015,9999
BHR,PAK,948,2023,9999
KWT,PAK,948,2023,9999
OMN,PAK,948,2023,9999
PAK,QAT,948,2023,9999
PAK,SAU,948,2023,9999
PAK,ARE,948,2023,9999
CRI,MEX,949,2012,9999
SLV,MEX,949,2012,9999
GTM,MEX,949,2012,9999
HND,MEX,949,2012,9999
MEX,NIC,949,2012,9999
CHN,ISL,955,2014,9999
CHN,THA,959,2003,9999
SGP,TWN,961,2014,9999
SGP,TUR,962,2017,9999
IRN,LKA,963,2004,9999
ISL,PHL,965,2018,9999
LIE,PHL,965,2018,9999
NOR,PHL,965,2018,9999
PHL,CHE,965,2018,9999
AUT,NZL,966,2024,9999
BEL,NZL,966,2024,9999
BGR,NZL,966,2024,9999
HRV,NZL,966,2024,9999
CYP,NZL,966,2024,9999
CZE,NZL,966,2024,9999
DNK,NZL,966,2024,9999
EST,NZL,966,2024,9999
FIN,NZL,966,2024,9999
FRA,NZL,966,2024,9999
DEU,NZL,966,2024,9999
GRC,NZL,966,2024,9999
HUN,NZL,966,2024,9999
IRL,NZL,966,2024,9999
ITA,NZL,966,2024,9999
LVA,NZL,966,2024,9999
LTU,NZL,966,2024,9999
LUX,NZL,966,2024,9999
MLT,NZL,966,2024,9999
NLD,NZL,966,2024,9999
NZL,POL,966,2024,9999
NZL,PRT,966,2024,9999
NZL,ROU,966,2024,9999
NZL,SVK,966,2024,9999
NZL,SVN,966,2024,9999
NZL,ESP,966,2024,9999
NZL,SWE,966,2024,9999
NZL,GBR,966,2024,9999
IDN,PAK,971,2013,9999
ECU,ISL,972,2020,9999
ECU,LIE,972,2020,9999
ECU,NOR,972,2020,9999
ECU,CHE,972,2020,9999
CHL,URY,974,2018,9999
AUT,XKX,975,2016,9999
BEL,XKX,975,2016,9999
BGR,XKX,975,2016,9999
HRV,XKX,975,2016,9999
CYP,XKX,975,2016,9999
CZE,XKX,975,2016,9999
DNK,XKX,975,2016,9999
EST,XKX,975,2016,9999
FIN,XKX,975,2016,9999
FRA,XKX,975,2016,9999
DEU,XKX,975,2016,9999
GRC,XKX,975,2016,9999
HUN,XKX,975,2016,9999
IRL,XKX,975,2016,9999
ITA,XKX,975,2016,9999
XKX,LVA,975,2016,9999
XKX,LTU,975,2016,9999
XKX,LUX,975,2016,9999
XKX,MLT,975,2016,9999
XKX,NLD,975,2016,9999
XKX,POL,975,2016,9999
XKX,PRT,975,2016,9999
XKX,ROU,975,2016,9999
XKX,SVK,975,2016,9999
XKX,SVN,975,2016,9999
XKX,ESP,975,2016,9999
XKX,SWE,975,2016,9999
XKX,GBR,975,2016,2020
LAO,USA,976,2005,9999
AUT,BWA,978,2016,9999
AUT,SWZ,978,2016,9999
AUT,LSO,978,2016,9999
AUT,MOZ,978,2016,9999
AUT,NAM,978,2016,9999
AUT,ZAF,978,2016,9999
BEL,BWA,978,2016,9999
BEL,SWZ,978,2016,9999
BEL,LSO,978,2016,9999
BEL,MOZ,978,2016,9999
BEL,NAM,978,2016,9999
BEL,ZAF,978,2016,9999
BWA,BGR,978,2016,9999
BWA,HRV,978,2016,9999
BWA,CYP,978,2016,9999
BWA,CZE,978,2016,9999
BWA,DNK,978,2016,9999
BWA,EST,978,2016,9999
BWA,FIN,978,2016,9999
BWA,FRA,978,2016,9999
BWA,DEU,978,2016,9999
BWA,GRC,978,2016,9999
BWA,HUN,978,2016,9999
BWA,IRL,978,2016,9999
BWA,ITA,978,2016,9999
BWA,LVA,978,2016,9999
BWA,LTU,978,2016,9999
BWA,LUX,978,2016,9999
BWA,MLT,978,2016,9999
BWA,NLD,978,2016,9999
BWA,POL,978,2016,9999
BWA,PRT,978,2016,9999
BWA,ROU,978,2016,9999
BWA,SVK,978,2016,9999
BWA,SVN,978,2016,9999
BWA,ESP,978,2016,9999
BWA,SWE,978,2016,9999
BWA,GBR,978,2016,2020
BGR,SWZ,978,2016,9999
BGR,LSO,978,2016,9999
BGR,MOZ,978,2016,9999
BGR,NAM,978,2016,9999
BGR,ZAF,978,2016,9999
HRV,SWZ,978,2016,9999
HRV,LSO,978,2016,9999
HRV,MOZ,978,2016,9999
HRV,NAM,978,2016,9999
HRV,ZAF,978,2016,9999
CYP,SWZ,978,2016,9999
CYP,LSO,978,2016,9999
CYP,MOZ,978,2016,9999
CYP,NAM,978,2016,9999
CYP,ZAF,978,2016,9999
CZE,SWZ,978,2016,9999
CZE,LSO,978,2016,9999
CZE,MOZ,978,2016,9999
CZE,NAM,978,2016,9999
CZE,ZAF,978,2016,9999
DNK,SWZ,978,2016,9999
DNK,LSO,978,2016,9999
DNK,MOZ,978,2016,9999
DNK,NAM,978,2016,9999
DNK,ZAF,978,2016,9999
EST,SWZ,978,2016,9999
EST,LSO,978,2016,9999
EST,MOZ,978,2016,9999
EST,NAM,978,2016,9999
EST,ZAF,978,2016,9999
SWZ,FIN,978,2016,9999
SWZ,FRA,978,2016,9999
SWZ,DEU,978,2016,9999
SWZ,GRC,978,2016,9999
SWZ,HUN,978,2016,9999
SWZ,IRL,978,2016,9999
SWZ,ITA,978,2016,9999
SWZ,LVA,978,2016,9999
SWZ,LTU,978,2016,9999
SWZ,LUX,978,2016,9999
SWZ,MLT,978,2016,9999
SWZ,NLD,978,2016,9999
SWZ,POL,978,2016,9999
SWZ,PRT,978,2016,9999
SWZ,ROU,978,2016,9999
SWZ,SVK,978,2016,9999
SWZ,SVN,978,2016,9999
SWZ,ESP,978,2016,9999
SWZ,SWE,978,2016,9999
SWZ,GBR,978,2016,2020
FIN,LSO,978,2016,9999
FIN,MOZ,978,2016,9999
FIN,NAM,978,2016,9999
FIN,ZAF,978,2016,9999
FRA,LSO,978,2016,9999
FRA,MOZ,978,2016,9999
FRA,NAM,978,2016,9999
FRA,ZAF,978,2016,9999
DEU,LSO,978,2016,9999
DEU,MOZ,978,2016,9999
DEU,NAM,978,2016,9999
DEU,ZAF,978,2016,9999
GRC,LSO,978,2016,9999
GRC,MOZ,978,2016,9999
GRC,NAM,978,2016,9999
GRC,ZAF,978,2016,9999
HUN,LSO,978,2016,9999
HUN,MOZ,978,2016,9999
HUN,NAM,978,2016,9999
HUN,ZAF,978,2016,9999
IRL,LSO,978,2016,9999
IRL,MOZ,978,2016,9999
IRL,NAM,978,2016,9999
IRL,ZAF,978,2016,9999
ITA,LSO,978,2016,9999
ITA,MOZ,978,2016,9999
ITA,NAM,978,2016,9999
ITA,ZAF,978,2016,9999
LVA,LSO,978,2016,9999
LVA,MOZ,978,2016,9999
LVA,NAM,978,2016,9999
LVA,ZAF,978,2016,9999
LSO,LTU,978,2016,9999
LSO,LUX,978,2016,9999
LSO,MLT,978,2016,9999
LSO,NLD,978,2016,9999
LSO,POL,978,2016,9999
LSO,PRT,978,2016,9999
LSO,ROU,978,2016,9999
LSO,SVK,978,2016,9999
LSO,SVN,978,2016,9999
LSO,ESP,978,2016,9999
LSO,SWE,978,2016,9999
LSO,GBR,978,2016,2020
LTU,MOZ,978,2016,9999
LTU,NAM,978,2016,9999
LTU,ZAF,978,2016,9999
LUX,MOZ,978,2016,9999
LUX,NAM,978,2016,9999
LUX,ZAF,978,2016,9999
MLT,MOZ,978,2016,9999
MLT,NAM,978,2016,9999
MLT,ZAF,978,2016,9999
MOZ,NLD,978,2016,9999
MOZ,POL,978,2016,9999
MOZ,PRT,978,2016,9999
MOZ,ROU,978,2016,9999
MOZ,SVK,978,2016,9999
MOZ,SVN,978,2016,9999
MOZ,ESP,978,2016,9999
MOZ,SWE,978,2016,9999
MOZ,GBR,978,2016,2020
NAM,NLD,978,2016,9999
NAM,POL,978,2016,9999
NAM,PRT,978,2016,9999
NAM,ROU,978,2016,9999
NAM,SVK,978,2016,9999
NAM,SVN,978,2016,9999
NAM,ESP,978,2016,9999
NAM,SWE,978,2016,9999
NAM,GBR,978,2016,2020
NLD,ZAF,978,2016,9999
POL,ZAF,978,2016,9999
PRT,ZAF,978,2016,9999
ROU,ZAF,978,2016,9999
SVK,ZAF,978,2016,9999
SVN,ZAF,978,2016,9999
ZAF,ESP,978,2016,9999
ZAF,SWE,978,2016,9999
ZAF,GBR,978,2016,2020
AUT,FJI,979,2009,9999
AUT,PNG,979,2009,9999
BEL,FJI,979,2009,9999
BEL,PNG,979,2009,9999
BGR,FJI,979,2009,9999
BGR,PNG,979,2009,9999
HRV,FJI,979,2009,9999
HRV,PNG,979,2009,9999
CYP,FJI,979,2009,9999
CYP,PNG,979,2009,9999
CZE,FJI,979,2009,9999
CZE,PNG,979,2009,9999
DNK,FJI,979,2009,9999
DNK,PNG,979,2009,9999
EST,FJI,979,2009,9999
EST,PNG,979,2009,9999
FJI,FIN,979,2009,9999
FJI,FRA,979,2009,9999
FJI,DEU,979,2009,9999
FJI,GRC,979,2009,9999
FJI,HUN,979,2009,9999
FJI,IRL,979,2009,9999
FJI,ITA,979,2009,9999
FJI,LVA,979,2009,9999
FJI,LTU,979,2009,9999
FJI,LUX,979,2009,9999
FJI,MLT,979,2009,9999
FJI,NLD,979,2009,9999
FJI,POL,979,2009,9999
FJI,PRT,979,2009,9999
FJI,ROU,979,2009,9999
FJI,SVK,979,2009,9999
FJI,SVN,979,2009,9999
FJI,ESP,979,2009,9999
FJI,SWE,979,2009,9999
FJI,GBR,979,2009,2020
FIN,PNG,979,2009,9999
FRA,PNG,979,2009,9999
DEU,PNG,979,2009,9999
GRC,PNG,979,2009,9999
HUN,PNG,979,2009,9999
IRL,PNG,979,2009,9999
ITA,PNG,979,2009,9999
LVA,PNG,979,2009,9999
LTU,PNG,979,2009,9999
LUX,PNG,979,2009,9999
MLT,PNG,979,2009,9999
NLD,PNG,979,2009,9999
PNG,POL,979,2009,9999
PNG,PRT,979,2009,9999
PNG,ROU,979,2009,9999
PNG,SVK,979,2009,9999
PNG,SVN,979,2009,9999
PNG,ESP,979,2009,9999
PNG,SWE,979,2009,9999
PNG,GBR,979,2009,2020
AUT,WSM,979+1,2018,9999
BEL,WSM,979+1,2018,9999
BGR,WSM,979+1,2018,9999
HRV,WSM,979+1,2018,9999
CYP,WSM,979+1,2018,9999
CZE,WSM,979+1,2018,9999
DNK,WSM,979+1,2018,9999
EST,WSM,979+1,2018,9999
FJI,WSM,979+1,2018,9999
FIN,WSM,979+1,2018,9999
FRA,WSM,979+1,2018,9999
DEU,WSM,979+1,2018,9999
GRC,WSM,979+1,2018,9999
HUN,WSM,979+1,2018,9999
IRL,WSM,979+1,2018,9999
ITA,WSM,979+1,2018,9999
LVA,WSM,979+1,2018,9999
LTU,WSM,979+1,2018,9999
LUX,WSM,979+1,2018,9999
MLT,WSM,979+1,2018,9999
NLD,WSM,979+1,2018,9999
PNG,WSM,979+1,2018,9999
POL,WSM,979+1,2018,9999
PRT,WSM,979+1,2018,9999
ROU,WSM,979+1,2018,9999
WSM,SVK,979+1,2018,9999
WSM,SVN,979+1,2018,9999
WSM,ESP,979+1,2018,9999
WSM,SWE,979+1,2018,9999
WSM,GBR,979+1,2018,2020
AUT,SLB,979+2,2020,9999
BEL,SLB,979+2,2020,9999
BGR,SLB,979+2,2020,9999
HRV,SLB,979+2,2020,9999
CYP,SLB,979+2,2020,9999
CZE,SLB,979+2,2020,9999
DNK,SLB,979+2,2020,9999
EST,SLB,979+2,2020,9999
FJI,SLB,979+2,2020,9999
FIN,SLB,979+2,2020,9999
FRA,SLB,979+2,2020,9999
DEU,SLB,979+2,2020,9999
GRC,SLB,979+2,2020,9999
HUN,SLB,979+2,2020,9999
IRL,SLB,979+2,2020,9999
ITA,SLB,979+2,2020,9999
LVA,SLB,979+2,2020,9999
LTU,SLB,979+2,2020,9999
LUX,SLB,979+2,2020,9999
MLT,SLB,979+2,2020,9999
NLD,SLB,979+2,2020,9999
PNG,SLB,979+2,2020,9999
POL,SLB,979+2,2020,9999
PRT,SLB,979+2,2020,9999
ROU,SLB,979+2,2020,9999
WSM,SLB,979+2,2020,9999
SVK,SLB,979+2,2020,9999
SVN,SLB,979+2,2020,9999
SLB,ESP,979+2,2020,9999
SLB,SWE,979+2,2020,9999
SLB,GBR,979+2,2020,2020
GEO,ISL,981,2017,9999
GEO,LIE,981,2017,9999
GEO,NOR,981,2017,9999
GEO,CHE,981,2017,9999
MDA,TUR,983,2016,9999
HKG,MAC,984,2017,9999
SGP,LKA,987,2018,9999
DZA,AGO,1110a,2023,9999
DZA,BEN,1110a,2023,9999
DZA,BWA,1110a,2023,9999
DZA,BFA,1110a,2023,9999
DZA,BDI,1110a,2023,9999
DZA,CMR,1110a,2023,9999
DZA,CPV,1110a,2023,9999
DZA,CAF,1110a,2023,9999
DZA,TCD,1110a,2023,9999
DZA,COM,1110a,2023,9999
DZA,COG,1110a,2023,9999
DZA,COD,1110a,2023,9999
DZA,CIV,1110a,2023,9999
DZA,DJI,1110a,2023,9999
DZA,EGY,1110a,2023,9999
DZA,GNQ,1110a,2023,9999
DZA,SWZ,1110a,2023,9999
DZA,ETH,1110a,2023,9999
DZA,GAB,1110a,2023,9999
DZA,GMB,1110a,2023,9999
DZA,GHA,1110a,2023,9999
DZA,GIN,1110a,2023,9999
DZA,GNB,1110a,2023,9999
DZA,KEN,1110a,2023,9999
DZA,LSO,1110a,2023,9999
DZA,LBR,1110a,2023,9999
DZA,LBY,1110a,2023,9999
DZA,MDG,1110a,2023,9999
DZA,MWI,1110a,2023,9999
DZA,MLI,1110a,2023,9999
DZA,MRT,1110a,2023,9999
DZA,MUS,1110a,2023,9999
DZA,MAR,1110a,2023,9999
DZA,MOZ,1110a,2023,9999
DZA,NAM,1110a,2023,9999
DZA,NER,1110a,2023,9999
DZA,NGA,1110a,2023,9999
DZA,RWA,1110a,2023,9999
DZA,STP,1110a,2023,9999
DZA,SEN,1110a,2023,9999
DZA,SYC,1110a,2023,9999
DZA,SLE,1110a,2023,9999
DZA,SOM,1110a,2023,9999
DZA,ZAF,1110a,2023,9999
DZA,SSD,1110a,2023,9999
DZA,SDN,1110a,2023,9999
DZA,TZA,1110a,2023,9999
DZA,TGO,1110a,2023,9999
DZA,TUN,1110a,2023,9999
DZA,UGA,1110a,2023,9999
DZA,ESH,1110a,2023,9999
DZA,ZMB,1110a,2023,9999
DZA,ZWE,1110a,2023,9999
AGO,BEN,1110a,2023,9999
AGO,BWA,1110a,2023,9999
AGO,BFA,1110a,2023,9999
AGO,BDI,1110a,2023,9999
AGO,CMR,1110a,2023,9999
AGO,CPV,1110a,2023,9999
AGO,CAF,1110a,2023,9999
AGO,TCD,1110a,2023,9999
AGO,COM,1110a,2023,9999
AGO,COG,1110a,2023,9999
AGO,COD,1110a,2023,9999
AGO,CIV,1110a,2023,9999
AGO,DJI,1110a,2023,9999
AGO,EGY,1110a,2023,9999
AGO,GNQ,1110a,2023,9999
AGO,SWZ,1110a,2023,9999
AGO,ETH,1110a,2023,9999
AGO,GAB,1110a,2023,9999
AGO,GMB,1110a,2023,9999
AGO,GHA,1110a,2023,9999
AGO,GIN,1110a,2023,9999
AGO,GNB,1110a,2023,9999
AGO,KEN,1110a,2023,9999
AGO,LSO,1110a,2023,9999
AGO,LBR,1110a,2023,9999
AGO,LBY,1110a,2023,9999
AGO,MDG,1110a,2023,9999
AGO,MWI,1110a,2023,9999
AGO,MLI,1110a,2023,9999
AGO,MRT,1110a,2023,9999
AGO,MUS,1110a,2023,9999
AGO,MAR,1110a,2023,9999
AGO,MOZ,1110a,2023,9999
AGO,NAM,1110a,2023,9999
AGO,NER,1110a,2023,9999
AGO,NGA,1110a,2023,9999
AGO,RWA,1110a,2023,9999
AGO,STP,1110a,2023,9999
AGO,SEN,1110a,2023,9999
AGO,SYC,1110a,2023,9999
AGO,SLE,1110a,2023,9999
AGO,SOM,1110a,2023,9999
AGO,ZAF,1110a,2023,9999
AGO,SSD,1110a,2023,9999
AGO,SDN,1110a,2023,9999
AGO,TZA,1110a,2023,9999
AGO,TGO,1110a,2023,9999
AGO,TUN,1110a,2023,9999
AGO,UGA,1110a,2023,9999
AGO,ESH,1110a,2023,9999
AGO,ZMB,1110a,2023,9999
AGO,ZWE,1110a,2023,9999
BEN,BWA,1110a,2023,9999
BEN,BFA,1110a,2023,9999
BEN,BDI,1110a,2023,9999
BEN,CMR,1110a,2023,9999
BEN,CPV,1110a,2023,9999
BEN,CAF,1110a,2023,9999
BEN,TCD,1110a,2023,9999
BEN,COM,1110a,2023,9999
BEN,COG,1110a,2023,9999
BEN,COD,1110a,2023,9999
BEN,CIV,1110a,2023,9999
BEN,DJI,1110a,2023,9999
BEN,EGY,1110a,2023,9999
BEN,GNQ,1110a,2023,9999
BEN,SWZ,1110a,2023,9999
BEN,ETH,1110a,2023,9999
BEN,GAB,1110a,2023,9999
BEN,GMB,1110a,2023,9999
BEN,GHA,1110a,2023,9999
BEN,GIN,1110a,2023,9999
BEN,GNB,1110a,2023,9999
BEN,KEN,1110a,2023,9999
BEN,LSO,1110a,2023,9999
BEN,LBR,1110a,2023,9999
BEN,LBY,1110a,2023,9999
BEN,MDG,1110a,2023,9999
BEN,MWI,1110a,2023,9999
BEN,MLI,1110a,2023,9999
BEN,MRT,1110a,2023,9999
BEN,MUS,1110a,2023,9999
BEN,MAR,1110a,2023,9999
BEN,MOZ,1110a,2023,9999
BEN,NAM,1110a,2023,9999
BEN,NER,1110a,2023,9999
BEN,NGA,1110a,2023,9999
BEN,RWA,1110a,2023,9999
BEN,STP,1110a,2023,9999
BEN,SEN,1110a,2023,9999
BEN,SYC,1110a,2023,9999
BEN,SLE,1110a,2023,9999
BEN,SOM,1110a,2023,9999
BEN,ZAF,1110a,2023,9999
BEN,SSD,1110a,2023,9999
BEN,SDN,1110a,2023,9999
BEN,TZA,1110a,2023,9999
BEN,TGO,1110a,2023,9999
BEN,TUN,1110a,2023,9999
BEN,UGA,1110a,2023,9999
BEN,ESH,1110a,2023,9999
BEN,ZMB,1110a,2023,9999
BEN,ZWE,1110a,2023,9999
BWA,BFA,1110a,2023,9999
BWA,BDI,1110a,2023,9999
BWA,CMR,1110a,2023,9999
BWA,CPV,1110a,2023,9999
BWA,CAF,1110a,2023,9999
BWA,TCD,1110a,2023,9999
BWA,COM,1110a,2023,9999
BWA,COG,1110a,2023,9999
BWA,COD,1110a,2023,9999
BWA,CIV,1110a,2023,9999
BWA,DJI,1110a,2023,9999
BWA,EGY,1110a,2023,9999
BWA,GNQ,1110a,2023,9999
BWA,SWZ,1110a,2023,9999
BWA,ETH,1110a,2023,9999
BWA,GAB,1110a,2023,9999
BWA,GMB,1110a,2023,9999
BWA,GHA,1110a,2023,9999
BWA,GIN,1110a,2023,9999
BWA,GNB,1110a,2023,9999
BWA,KEN,1110a,2023,9999
BWA,LSO,1110a,2023,9999
BWA,LBR,1110a,2023,9999
BWA,LBY,1110a,2023,9999
BWA,MDG,1110a,2023,9999
BWA,MWI,1110a,2023,9999
BWA,MLI,1110a,2023,9999
BWA,MRT,1110a,2023,9999
BWA,MUS,1110a,2023,9999
BWA,MAR,1110a,2023,9999
BWA,MOZ,1110a,2023,9999
BWA,NAM,1110a,2023,9999
BWA,NER,1110a,2023,9999
BWA,NGA,1110a,2023,9999
BWA,RWA,1110a,2023,9999
BWA,STP,1110a,2023,9999
BWA,SEN,1110a,2023,9999
BWA,SYC,1110a,2023,9999
BWA,SLE,1110a,2023,9999
BWA,SOM,1110a,2023,9999
BWA,ZAF,1110a,2023,9999
BWA,SSD,1110a,2023,9999
BWA,SDN,1110a,2023,9999
BWA,TZA,1110a,2023,9999
BWA,TGO,1110a,2023,9999
BWA,TUN,1110a,2023,9999
BWA,UGA,1110a,2023,9999
BWA,ESH,1110a,2023,9999
BWA,ZMB,1110a,2023,9999
BWA,ZWE,1110a,2023,9999
BFA,BDI,1110a,2023,9999
BFA,CMR,1110a,2023,9999
BFA,CPV,1110a,2023,9999
BFA,CAF,1110a,2023,9999
BFA,TCD,1110a,2023,9999
BFA,COM,1110a,2023,9999
BFA,COG,1110a,2023,9999
BFA,COD,1110a,2023,9999
BFA,CIV,1110a,2023,9999
BFA,DJI,1110a,2023,9999
BFA,EGY,1110a,2023,9999
BFA,GNQ,1110a,2023,9999
BFA,SWZ,1110a,2023,9999
BFA,ETH,1110a,2023,9999
BFA,GAB,1110a,2023,9999
BFA,GMB,1110a,2023,9999
BFA,GHA,1110a,2023,9999
BFA,GIN,1110a,2023,9999
BFA,GNB,1110a,2023,9999
BFA,KEN,1110a,2023,9999
BFA,LSO,1110a,2023,9999
BFA,LBR,1110a,2023,9999
BFA,LBY,1110a,2023,9999
BFA,MDG,1110a,2023,9999
BFA,MWI,1110a,2023,9999
BFA,MLI,1110a,2023,9999
BFA,MRT,1110a,2023,9999
BFA,MUS,1110a,2023,9999
BFA,MAR,1110a,2023,9999
BFA,MOZ,1110a,2023,9999
BFA,NAM,1110a,2023,9999
BFA,NER,1110a,2023,9999
BFA,NGA,1110a,2023,9999
BFA,RWA,1110a,2023,9999
BFA,STP,1110a,2023,9999
BFA,SEN,1110a,2023,9999
BFA,SYC,1110a,2023,9999
BFA,SLE,1110a,2023,9999
BFA,SOM,1110a,2023,9999
BFA,ZAF,1110a,2023,9999
BFA,SSD,1110a,2023,9999
BFA,SDN,1110a,2023,9999
BFA,TZA,1110a,2023,9999
BFA,TGO,1110a,2023,9999
BFA,TUN,1110a,2023,9999
BFA,UGA,1110a,2023,9999
BFA,ESH,1110a,2023,9999
BFA,ZMB,1110a,2023,9999
BFA,ZWE,1110a,2023,9999
BDI,CMR,1110a,2023,9999
BDI,CPV,1110a,2023,9999
BDI,CAF,1110a,2023,9999
BDI,TCD,1110a,2023,9999
BDI,COM,1110a,2023,9999
BDI,COG,1110a,2023,9999
BDI,COD,1110a,2023,9999
BDI,CIV,1110a,2023,9999
BDI,DJI,1110a,2023,9999
BDI,EGY,1110a,2023,9999
BDI,GNQ,1110a,2023,9999
BDI,SWZ,1110a,2023,9999
BDI,ETH,1110a,2023,9999
BDI,GAB,1110a,2023,9999
BDI,GMB,1110a,2023,9999
BDI,GHA,1110a,2023,9999
BDI,GIN,1110a,2023,9999
BDI,GNB,1110a,2023,9999
BDI,KEN,1110a,2023,9999
BDI,LSO,1110a,2023,9999
BDI,LBR,1110a,2023,9999
BDI,LBY,1110a,2023,9999
BDI,MDG,1110a,2023,9999
BDI,MWI,1110a,2023,9999
BDI,MLI,1110a,2023,9999
BDI,MRT,1110a,2023,9999
BDI,MUS,1110a,2023,9999
BDI,MAR,1110a,2023,9999
BDI,MOZ,1110a,2023,9999
BDI,NAM,1110a,2023,9999
BDI,NER,1110a,2023,9999
BDI,NGA,1110a,2023,9999
BDI,RWA,1110a,2023,9999
BDI,STP,1110a,2023,9999
BDI,SEN,1110a,2023,9999
BDI,SYC,1110a,2023,9999
BDI,SLE,1110a,2023,9999
BDI,SOM,1110a,2023,9999
BDI,ZAF,1110a,2023,9999
BDI,SSD,1110a,2023,9999
BDI,SDN,1110a,2023,9999
BDI,TZA,1110a,2023,9999
BDI,TGO,1110a,2023,9999
BDI,TUN,1110a,2023,9999
BDI,UGA,1110a,2023,9999
BDI,ESH,1110a,2023,9999
BDI,ZMB,1110a,2023,9999
BDI,ZWE,1110a,2023,9999
CMR,CPV,1110a,2023,9999
CMR,CAF,1110a,2023,9999
CMR,TCD,1110a,2023,9999
CMR,COM,1110a,2023,9999
CMR,COG,1110a,2023,9999
CMR,COD,1110a,2023,9999
CMR,CIV,1110a,2023,9999
CMR,DJI,1110a,2023,9999
CMR,EGY,1110a,2023,9999
CMR,GNQ,1110a,2023,9999
CMR,SWZ,1110a,2023,9999
CMR,ETH,1110a,2023,9999
CMR,GAB,1110a,2023,9999
CMR,GMB,1110a,2023,9999
CMR,GHA,1110a,2023,9999
CMR,GIN,1110a,2023,9999
CMR,GNB,1110a,2023,9999
CMR,KEN,1110a,2023,9999
CMR,LSO,1110a,2023,9999
CMR,LBR,1110a,2023,9999
CMR,LBY,1110a,2023,9999
CMR,MDG,1110a,2023,9999
CMR,MWI,1110a,2023,9999
CMR,MLI,1110a,2023,9999
CMR,MRT,1110a,2023,9999
CMR,MUS,1110a,2023,9999
CMR,MAR,1110a,2023,9999
CMR,MOZ,1110a,2023,9999
CMR,NAM,1110a,2023,9999
CMR,NER,1110a,2023,9999
CMR,NGA,1110a,2023,9999
CMR,RWA,1110a,2023,9999
CMR,STP,1110a,2023,9999
CMR,SEN,1110a,2023,9999
CMR,SYC,1110a,2023,9999
CMR,SLE,1110a,2023,9999
CMR,SOM,1110a,2023,9999
CMR,ZAF,1110a,2023,9999
CMR,SSD,1110a,2023,9999
CMR,SDN,1110a,2023,9999
CMR,TZA,1110a,2023,9999
CMR,TGO,1110a,2023,9999
CMR,TUN,1110a,2023,9999
CMR,UGA,1110a,2023,9999
CMR,ESH,1110a,2023,9999
CMR,ZMB,1110a,2023,9999
CMR,ZWE,1110a,2023,9999
CPV,CAF,1110a,2023,9999
CPV,TCD,1110a,2023,9999
CPV,COM,1110a,2023,9999
CPV,COG,1110a,2023,9999
CPV,COD,1110a,2023,9999
CPV,CIV,1110a,2023,9999
CPV,DJI,1110a,2023,9999
CPV,EGY,1110a,2023,9999
CPV,GNQ,1110a,2023,9999
CPV,SWZ,1110a,2023,9999
CPV,ETH,1110a,2023,9999
CPV,GAB,1110a,2023,9999
CPV,GMB,1110a,2023,9999
CPV,GHA,1110a,2023,9999
CPV,GIN,1110a,2023,9999
CPV,GNB,1110a,2023,9999
CPV,KEN,1110a,2023,9999
CPV,LSO,1110a,2023,9999
CPV,LBR,1110a,2023,9999
CPV,LBY,1110a,2023,9999
CPV,MDG,1110a,2023,9999
CPV,MWI,1110a,2023,9999
CPV,MLI,1110a,2023,9999
CPV,MRT,1110a,2023,9999
CPV,MUS,1110a,2023,9999
CPV,MAR,1110a,2023,9999
CPV,MOZ,1110a,2023,9999
CPV,NAM,1110a,2023,9999
CPV,NER,1110a,2023,9999
CPV,NGA,1110a,2023,9999
CPV,RWA,1110a,2023,9999
CPV,STP,1110a,2023,9999
CPV,SEN,1110a,2023,9999
CPV,SYC,1110a,2023,9999
CPV,SLE,1110a,2023,9999
CPV,SOM,1110a,2023,9999
CPV,ZAF,1110a,2023,9999
CPV,SSD,1110a,2023,9999
CPV,SDN,1110a,2023,9999
CPV,TZA,1110a,2023,9999
CPV,TGO,1110a,2023,9999
CPV,TUN,1110a,2023,9999
CPV,UGA,1110a,2023,9999
CPV,ESH,1110a,2023,9999
CPV,ZMB,1110a,2023,9999
CPV,ZWE,1110a,2023,9999
CAF,TCD,1110a,2023,9999
CAF,COM,1110a,2023,9999
CAF,COG,1110a,2023,9999
CAF,COD,1110a,2023,9999
CAF,CIV,1110a,2023,9999
CAF,DJI,1110a,2023,9999
CAF,EGY,1110a,2023,9999
CAF,GNQ,1110a,2023,9999
CAF,SWZ,1110a,2023,9999
CAF,ETH,1110a,2023,9999
CAF,GAB,1110a,2023,9999
CAF,GMB,1110a,2023,9999
CAF,GHA,1110a,2023,9999
CAF,GIN,1110a,2023,9999
CAF,GNB,1110a,2023,9999
CAF,KEN,1110a,2023,9999
CAF,LSO,1110a,2023,9999
CAF,LBR,1110a,2023,9999
CAF,LBY,1110a,2023,9999
CAF,MDG,1110a,2023,9999
CAF,MWI,1110a,2023,9999
CAF,MLI,1110a,2023,9999
CAF,MRT,1110a,2023,9999
CAF,MUS,1110a,2023,9999
CAF,MAR,1110a,2023,9999
CAF,MOZ,1110a,2023,9999
CAF,NAM,1110a,2023,9999
CAF,NER,1110a,2023,9999
CAF,NGA,1110a,2023,9999
CAF,RWA,1110a,2023,9999
CAF,STP,1110a,2023,9999
CAF,SEN,1110a,2023,9999
CAF,SYC,1110a,2023,9999
CAF,SLE,1110a,2023,9999
CAF,SOM,1110a,2023,9999
CAF,ZAF,1110a,2023,9999
CAF,SSD,1110a,2023,9999
CAF,SDN,1110a,2023,9999
CAF,TZA,1110a,2023,9999
CAF,TGO,1110a,2023,9999
CAF,TUN,1110a,2023,9999
CAF,UGA,1110a,2023,9999
CAF,ESH,1110a,2023,9999
CAF,ZMB,1110a,2023,9999
CAF,ZWE,1110a,2023,9999
TCD,COM,1110a,2023,9999
TCD,COG,1110a,2023,9999
TCD,COD,1110a,2023,9999
TCD,CIV,1110a,2023,9999
TCD,DJI,1110a,2023,9999
TCD,EGY,1110a,2023,9999
TCD,GNQ,1110a,2023,9999
TCD,SWZ,1110a,2023,9999
TCD,ETH,1110a,2023,9999
TCD,GAB,1110a,2023,9999
TCD,GMB,1110a,2023,9999
TCD,GHA,1110a,2023,9999
TCD,GIN,1110a,2023,9999
TCD,GNB,1110a,2023,9999
TCD,KEN,1110a,2023,9999
TCD,LSO,1110a,2023,9999
TCD,LBR,1110a,2023,9999
TCD,LBY,1110a,2023,9999
TCD,MDG,1110a,2023,9999
TCD,MWI,1110a,2023,9999
TCD,MLI,1110a,2023,9999
TCD,MRT,1110a,2023,9999
TCD,MUS,1110a,2023,9999
TCD,MAR,1110a,2023,9999
TCD,MOZ,1110a,2023,9999
TCD,NAM,1110a,2023,9999
TCD,NER,1110a,2023,9999
TCD,NGA,1110a,2023,9999
TCD,RWA,1110a,2023,9999
TCD,STP,1110a,2023,9999
TCD,SEN,1110a,2023,9999
TCD,SYC,1110a,2023,9999
TCD,SLE,1110a,2023,9999
TCD,SOM,1110a,2023,9999
TCD,ZAF,1110a,2023,9999
TCD,SSD,1110a,2023,9999
TCD,SDN,1110a,2023,9999
TCD,TZA,1110a,2023,9999
TCD,TGO,1110a,2023,9999
TCD,TUN,1110a,2023,9999
TCD,UGA,1110a,2023,9999
TCD,ESH,1110a,2023,9999
TCD,ZMB,1110a,2023,9999
TCD,ZWE,1110a,2023,9999
COM,COG,1110a,2023,9999
COM,COD,1110a,2023,9999
COM,CIV,1110a,2023,9999
COM,DJI,1110a,2023,9999
COM,EGY,1110a,2023,9999
COM,GNQ,1110a,2023,9999
COM,SWZ,1110a,2023,9999
COM,ETH,1110a,2023,9999
COM,GAB,1110a,2023,9999
COM,GMB,1110a,2023,9999
COM,GHA,1110a,2023,9999
COM,GIN,1110a,2023,9999
COM,GNB,1110a,2023,9999
COM,KEN,1110a,2023,9999
COM,LSO,1110a,2023,9999
COM,LBR,1110a,2023,9999
COM,LBY,1110a,2023,9999
COM,MDG,1110a,2023,9999
COM,MWI,1110a,2023,9999
COM,MLI,1110a,2023,9999
COM,MRT,1110a,2023,9999
COM,MUS,1110a,2023,9999
COM,MAR,1110a,2023,9999
COM,MOZ,1110a,2023,9999
COM,NAM,1110a,2023,9999
COM,NER,1110a,2023,9999
COM,NGA,1110a,2023,9999
COM,RWA,1110a,2023,9999
COM,STP,1110a,2023,9999
COM,SEN,1110a,2023,9999
COM,SYC,1110a,2023,9999
COM,SLE,1110a,2023,9999
COM,SOM,1110a,2023,9999
COM,ZAF,1110a,2023,9999
COM,SSD,1110a,2023,9999
COM,SDN,1110a,2023,9999
COM,TZA,1110a,2023,9999
COM,TGO,1110a,2023,9999
COM,TUN,1110a,2023,9999
COM,UGA,1110a,2023,9999
COM,ESH,1110a,2023,9999
COM,ZMB,1110a,2023,9999
COM,ZWE,1110a,2023,9999
COG,COD,1110a,2023,9999
COG,CIV,1110a,2023,9999
COG,DJI,1110a,2023,9999
COG,EGY,1110a,2023,9999
COG,GNQ,1110a,2023,9999
COG,SWZ,1110a,2023,9999
COG,ETH,1110a,2023,9999
COG,GAB,1110a,2023,9999
COG,GMB,1110a,2023,9999
COG,GHA,1110a,2023,9999
COG,GIN,1110a,2023,9999
COG,GNB,1110a,2023,9999
COG,KEN,1110a,2023,9999
COG,LSO,1110a,2023,9999
COG,LBR,1110a,2023,9999
COG,LBY,1110a,2023,9999
COG,MDG,1110a,2023,9999
COG,MWI,1110a,2023,9999
COG,MLI,1110a,2023,9999
COG,MRT,1110a,2023,9999
COG,MUS,1110a,2023,9999
COG,MAR,1110a,2023,9999
COG,MOZ,1110a,2023,9999
COG,NAM,1110a,2023,9999
COG,NER,1110a,2023,9999
COG,NGA,1110a,2023,9999
COG,RWA,1110a,2023,9999
COG,STP,1110a,2023,9999
COG,SEN,1110a,2023,9999
COG,SYC,1110a,2023,9999
COG,SLE,1110a,2023,9999
COG,SOM,1110a,2023,9999
COG,ZAF,1110a,2023,9999
COG,SSD,1110a,2023,9999
COG,SDN,1110a,2023,9999
COG,TZA,1110a,2023,9999
COG,TGO,1110a,2023,9999
COG,TUN,1110a,2023,9999
COG,UGA,1110a,2023,9999
COG,ESH,1110a,2023,9999
COG,ZMB,1110a,2023,9999
COG,ZWE,1110a,2023,9999
COD,CIV,1110a,2023,9999
COD,DJI,1110a,2023,9999
COD,EGY,1110a,2023,9999
COD,GNQ,1110a,2023,9999
COD,SWZ,1110a,2023,9999
COD,ETH,1110a,2023,9999
COD,GAB,1110a,2023,9999
COD,GMB,1110a,2023,9999
COD,GHA,1110a,2023,9999
COD,GIN,1110a,2023,9999
COD,GNB,1110a,2023,9999
COD,KEN,1110a,2023,9999
COD,LSO,1110a,2023,9999
COD,LBR,1110a,2023,9999
COD,LBY,1110a,2023,9999
COD,MDG,1110a,2023,9999
COD,MWI,1110a,2023,9999
COD,MLI,1110a,2023,9999
COD,MRT,1110a,2023,9999
COD,MUS,1110a,2023,9999
COD,MAR,1110a,2023,9999
COD,MOZ,1110a,2023,9999
COD,NAM,1110a,2023,9999
COD,NER,1110a,2023,9999
COD,NGA,1110a,2023,9999
COD,RWA,1110a,2023,9999
COD,STP,1110a,2023,9999
COD,SEN,1110a,2023,9999
COD,SYC,1110a,2023,9999
COD,SLE,1110a,2023,9999
COD,SOM,1110a,2023,9999
COD,ZAF,1110a,2023,9999
COD,SSD,1110a,2023,9999
COD,SDN,1110a,2023,9999
COD,TZA,1110a,2023,9999
COD,TGO,1110a,2023,9999
COD,TUN,1110a,2023,9999
COD,UGA,1110a,2023,9999
COD,ESH,1110a,2023,9999
COD,ZMB,1110a,2023,9999
COD,ZWE,1110a,2023,9999
CIV,DJI,1110a,2023,9999
CIV,EGY,1110a,2023,9999
CIV,GNQ,1110a,2023,9999
CIV,SWZ,1110a,2023,9999
CIV,ETH,1110a,2023,9999
CIV,GAB,1110a,2023,9999
CIV,GMB,1110a,2023,9999
CIV,GHA,1110a,2023,9999
CIV,GIN,1110a,2023,9999
CIV,GNB,1110a,2023,9999
CIV,KEN,1110a,2023,9999
CIV,LSO,1110a,2023,9999
CIV,LBR,1110a,2023,9999
CIV,LBY,1110a,2023,9999
CIV,MDG,1110a,2023,9999
CIV,MWI,1110a,2023,9999
CIV,MLI,1110a,2023,9999
CIV,MRT,1110a,2023,9999
CIV,MUS,1110a,2023,9999
CIV,MAR,1110a,2023,9999
CIV,MOZ,1110a,2023,9999
CIV,NAM,1110a,2023,9999
CIV,NER,1110a,2023,9999
CIV,NGA,1110a,2023,9999
CIV,RWA,1110a,2023,9999
CIV,STP,1110a,2023,9999
CIV,SEN,1110a,2023,9999
CIV,SYC,1110a,2023,9999
CIV,SLE,1110a,2023,9999
CIV,SOM,1110a,2023,9999
CIV,ZAF,1110a,2023,9999
CIV,SSD,1110a,2023,9999
CIV,SDN,1110a,2023,9999
CIV,TZA,1110a,2023,9999
CIV,TGO,1110a,2023,9999
CIV,TUN,1110a,2023,9999
CIV,UGA,1110a,2023,9999
CIV,ESH,1110a,2023,9999
CIV,ZMB,1110a,2023,9999
CIV,ZWE,1110a,2023,9999
DJI,EGY,1110a,2023,9999
DJI,GNQ,1110a,2023,9999
DJI,SWZ,1110a,2023,9999
DJI,ETH,1110a,2023,9999
DJI,GAB,1110a,2023,9999
DJI,GMB,1110a,2023,9999
DJI,GHA,1110a,2023,9999
DJI,GIN,1110a,2023,9999
DJI,GNB,1110a,2023,9999
DJI,KEN,1110a,2023,9999
DJI,LSO,1110a,2023,9999
DJI,LBR,1110a,2023,9999
DJI,LBY,1110a,2023,9999
DJI,MDG,1110a,2023,9999
DJI,MWI,1110a,2023,9999
DJI,MLI,1110a,2023,9999
DJI,MRT,1110a,2023,9999
DJI,MUS,1110a,2023,9999
DJI,MAR,1110a,2023,9999
DJI,MOZ,1110a,2023,9999
DJI,NAM,1110a,2023,9999
DJI,NER,1110a,2023,9999
DJI,NGA,1110a,2023,9999
DJI,RWA,1110a,2023,9999
DJI,STP,1110a,2023,9999
DJI,SEN,1110a,2023,9999
DJI,SYC,1110a,2023,9999
DJI,SLE,1110a,2023,9999
DJI,SOM,1110a,2023,9999
DJI,ZAF,1110a,2023,9999
DJI,SSD,1110a,2023,9999
DJI,SDN,1110a,2023,9999
DJI,TZA,1110a,2023,9999
DJI,TGO,1110a,2023,9999
DJI,TUN,1110a,2023,9999
DJI,UGA,1110a,2023,9999
DJI,ESH,1110a,2023,9999
DJI,ZMB,1110a,2023,9999
DJI,ZWE,1110a,2023,9999
EGY,GNQ,1110a,2023,9999
EGY,SWZ,1110a,2023,9999
EGY,ETH,1110a,2023,9999
EGY,GAB,1110a,2023,9999
EGY,GMB,1110a,2023,9999
EGY,GHA,1110a,2023,9999
EGY,GIN,1110a,2023,9999
EGY,GNB,1110a,2023,9999
EGY,KEN,1110a,2023,9999
EGY,LSO,1110a,2023,9999
EGY,LBR,1110a,2023,9999
EGY,LBY,1110a,2023,9999
EGY,MDG,1110a,2023,9999
EGY,MWI,1110a,2023,9999
EGY,MLI,1110a,2023,9999
EGY,MRT,1110a,2023,9999
EGY,MUS,1110a,2023,9999
EGY,MAR,1110a,2023,9999
EGY,MOZ,1110a,2023,9999
EGY,NAM,1110a,2023,9999
EGY,NER,1110a,2023,9999
EGY,NGA,1110a,2023,9999
EGY,RWA,1110a,2023,9999
EGY,STP,1110a,2023,9999
EGY,SEN,1110a,2023,9999
EGY,SYC,1110a,2023,9999
EGY,SLE,1110a,2023,9999
EGY,SOM,1110a,2023,9999
EGY,ZAF,1110a,2023,9999
EGY,SSD,1110a,2023,9999
EGY,SDN,1110a,2023,9999
EGY,TZA,1110a,2023,9999
EGY,TGO,1110a,2023,9999
EGY,TUN,1110a,2023,9999
EGY,UGA,1110a,2023,9999
EGY,ESH,1110a,2023,9999
EGY,ZMB,1110a,2023,9999
EGY,ZWE,1110a,2023,9999
GNQ,SWZ,1110a,2023,9999
GNQ,ETH,1110a,2023,9999
GNQ,GAB,1110a,2023,9999
GNQ,GMB,1110a,2023,9999
GNQ,GHA,1110a,2023,9999
GNQ,GIN,1110a,2023,9999
GNQ,GNB,1110a,2023,9999
GNQ,KEN,1110a,2023,9999
GNQ,LSO,1110a,2023,9999
GNQ,LBR,1110a,2023,9999
GNQ,LBY,1110a,2023,9999
GNQ,MDG,1110a,2023,9999
GNQ,MWI,1110a,2023,9999
GNQ,MLI,1110a,2023,9999
GNQ,MRT,1110a,2023,9999
GNQ,MUS,1110a,2023,9999
GNQ,MAR,1110a,2023,9999
GNQ,MOZ,1110a,2023,9999
GNQ,NAM,1110a,2023,9999
GNQ,NER,1110a,2023,9999
GNQ,NGA,1110a,2023,9999
GNQ,RWA,1110a,2023,9999
GNQ,STP,1110a,2023,9999
GNQ,SEN,1110a,2023,9999
GNQ,SYC,1110a,2023,9999
GNQ,SLE,1110a,2023,9999
GNQ,SOM,1110a,2023,9999
GNQ,ZAF,1110a,2023,9999
GNQ,SSD,1110a,2023,9999
GNQ,SDN,1110a,2023,9999
GNQ,TZA,1110a,2023,9999
GNQ,TGO,1110a,2023,9999
GNQ,TUN,1110a,2023,9999
GNQ,UGA,1110a,2023,9999
GNQ,ESH,1110a,2023,9999
GNQ,ZMB,1110a,2023,9999
GNQ,ZWE,1110a,2023,9999
SWZ,ETH,1110a,2023,9999
SWZ,GAB,1110a,2023,9999
SWZ,GMB,1110a,2023,9999
SWZ,GHA,1110a,2023,9999
SWZ,GIN,1110a,2023,9999
SWZ,GNB,1110a,2023,9999
SWZ,KEN,1110a,2023,9999
SWZ,LSO,1110a,2023,9999
SWZ,LBR,1110a,2023,9999
SWZ,LBY,1110a,2023,9999
SWZ,MDG,1110a,2023,9999
SWZ,MWI,1110a,2023,9999
SWZ,MLI,1110a,2023,9999
SWZ,MRT,1110a,2023,9999
SWZ,MUS,1110a,2023,9999
SWZ,MAR,1110a,2023,9999
SWZ,MOZ,1110a,2023,9999
SWZ,NAM,1110a,2023,9999
SWZ,NER,1110a,2023,9999
SWZ,NGA,1110a,2023,9999
SWZ,RWA,1110a,2023,9999
SWZ,STP,1110a,2023,9999
SWZ,SEN,1110a,2023,9999
SWZ,SYC,1110a,2023,9999
SWZ,SLE,1110a,2023,9999
SWZ,SOM,1110a,2023,9999
SWZ,ZAF,1110a,2023,9999
SWZ,SSD,1110a,2023,9999
SWZ,SDN,1110a,2023,9999
SWZ,TZA,1110a,2023,9999
SWZ,TGO,1110a,2023,9999
SWZ,TUN,1110a,2023,9999
SWZ,UGA,1110a,2023,9999
SWZ,ESH,1110a,2023,9999
SWZ,ZMB,1110a,2023,9999
SWZ,ZWE,1110a,2023,9999
ETH,GAB,1110a,2023,9999
ETH,GMB,1110a,2023,9999
ETH,GHA,1110a,2023,9999
ETH,GIN,1110a,2023,9999
ETH,GNB,1110a,2023,9999
ETH,KEN,1110a,2023,9999
ETH,LSO,1110a,2023,9999
ETH,LBR,1110a,2023,9999
ETH,LBY,1110a,2023,9999
ETH,MDG,1110a,2023,9999
ETH,MWI,1110a,2023,9999
ETH,MLI,1110a,2023,9999
ETH,MRT,1110a,2023,9999
ETH,MUS,1110a,2023,9999
ETH,MAR,1110a,2023,9999
ETH,MOZ,1110a,2023,9999
ETH,NAM,1110a,2023,9999
ETH,NER,1110a,2023,9999
ETH,NGA,1110a,2023,9999
ETH,RWA,1110a,2023,9999
ETH,STP,1110a,2023,9999
ETH,SEN,1110a,2023,9999
ETH,SYC,1110a,2023,9999
ETH,SLE,1110a,2023,9999
ETH,SOM,1110a,2023,9999
ETH,ZAF,1110a,2023,9999
ETH,SSD,1110a,2023,9999
ETH,SDN,1110a,2023,9999
ETH,TZA,1110a,2023,9999
ETH,TGO,1110a,2023,9999
ETH,TUN,1110a,2023,9999
ETH,UGA,1110a,2023,9999
ETH,ESH,1110a,2023,9999
ETH,ZMB,1110a,2023,9999
ETH,ZWE,1110a,2023,9999
GAB,GMB,1110a,2023,9999
GAB,GHA,1110a,2023,9999
GAB,GIN,1110a,2023,9999
GAB,GNB,1110a,2023,9999
GAB,KEN,1110a,2023,9999
GAB,LSO,1110a,2023,9999
GAB,LBR,1110a,2023,9999
GAB,LBY,1110a,2023,9999
GAB,MDG,1110a,2023,9999
GAB,MWI,1110a,2023,9999
GAB,MLI,1110a,2023,9999
GAB,MRT,1110a,2023,9999
GAB,MUS,1110a,2023,9999
GAB,MAR,1110a,2023,9999
GAB,MOZ,1110a,2023,9999
GAB,NAM,1110a,2023,9999
GAB,NER,1110a,2023,9999
GAB,NGA,1110a,2023,9999
GAB,RWA,1110a,2023,9999
GAB,STP,1110a,2023,9999
GAB,SEN,1110a,2023,9999
GAB,SYC,1110a,2023,9999
GAB,SLE,1110a,2023,9999
GAB,SOM,1110a,2023,9999
GAB,ZAF,1110a,2023,9999
GAB,SSD,1110a,2023,9999
GAB,SDN,1110a,2023,9999
GAB,TZA,1110a,2023,9999
GAB,TGO,1110a,2023,9999
GAB,TUN,1110a,2023,9999
GAB,UGA,1110a,2023,9999
GAB,ESH,1110a,2023,9999
GAB,ZMB,1110a,2023,9999
GAB,ZWE,1110a,2023,9999
GMB,GHA,1110a,2023,9999
GMB,GIN,1110a,2023,9999
GMB,GNB,1110a,2023,9999
GMB,KEN,1110a,2023,9999
GMB,LSO,1110a,2023,9999
GMB,LBR,1110a,2023,9999
GMB,LBY,1110a,2023,9999
GMB,MDG,1110a,2023,9999
GMB,MWI,1110a,2023,9999
GMB,MLI,1110a,2023,9999
GMB,MRT,1110a,2023,9999
GMB,MUS,1110a,2023,9999
GMB,MAR,1110a,2023,9999
GMB,MOZ,1110a,2023,9999
GMB,NAM,1110a,2023,9999
GMB,NER,1110a,2023,9999
GMB,NGA,1110a,2023,9999
GMB,RWA,1110a,2023,9999
GMB,STP,1110a,2023,9999
GMB,SEN,1110a,2023,9999
GMB,SYC,1110a,2023,9999
GMB,SLE,1110a,2023,9999
GMB,SOM,1110a,2023,9999
GMB,ZAF,1110a,2023,9999
GMB,SSD,1110a,2023,9999
GMB,SDN,1110a,2023,9999
GMB,TZA,1110a,2023,9999
GMB,TGO,1110a,2023,9999
GMB,TUN,1110a,2023,9999
GMB,UGA,1110a,2023,9999
GMB,ESH,1110a,2023,9999
GMB,ZMB,1110a,2023,9999
GMB,ZWE,1110a,2023,9999
GHA,GIN,1110a,2023,9999
GHA,GNB,1110a,2023,9999
GHA,KEN,1110a,2023,9999
GHA,LSO,1110a,2023,9999
GHA,LBR,1110a,2023,9999
GHA,LBY,1110a,2023,9999
GHA,MDG,1110a,2023,9999
GHA,MWI,1110a,2023,9999
GHA,MLI,1110a,2023,9999
GHA,MRT,1110a,2023,9999
GHA,MUS,1110a,2023,9999
GHA,MAR,1110a,2023,9999
GHA,MOZ,1110a,2023,9999
GHA,NAM,1110a,2023,9999
GHA,NER,1110a,2023,9999
GHA,NGA,1110a,2023,9999
GHA,RWA,1110a,2023,9999
GHA,STP,1110a,2023,9999
GHA,SEN,1110a,2023,9999
GHA,SYC,1110a,2023,9999
GHA,SLE,1110a,2023,9999
GHA,SOM,1110a,2023,9999
GHA,ZAF,1110a,2023,9999
GHA,SSD,1110a,2023,9999
GHA,SDN,1110a,2023,9999
GHA,TZA,1110a,2023,9999
GHA,TGO,1110a,2023,9999
GHA,TUN,1110a,2023,9999
GHA,UGA,1110a,2023,9999
GHA,ESH,1110a,2023,9999
GHA,ZMB,1110a,2023,9999
GHA,ZWE,1110a,2023,9999
GIN,GNB,1110a,2023,9999
GIN,KEN,1110a,2023,9999
GIN,LSO,1110a,2023,9999
GIN,LBR,1110a,2023,9999
GIN,LBY,1110a,2023,9999
GIN,MDG,1110a,2023,9999
GIN,MWI,1110a,2023,9999
GIN,MLI,1110a,2023,9999
GIN,MRT,1110a,2023,9999
GIN,MUS,1110a,2023,9999
GIN,MAR,1110a,2023,9999
GIN,MOZ,1110a,2023,9999
GIN,NAM,1110a,2023,9999
GIN,NER,1110a,2023,9999
GIN,NGA,1110a,2023,9999
GIN,RWA,1110a,2023,9999
GIN,STP,1110a,2023,9999
GIN,SEN,1110a,2023,9999
GIN,SYC,1110a,2023,9999
GIN,SLE,1110a,2023,9999
GIN,SOM,1110a,2023,9999
GIN,ZAF,1110a,2023,9999
GIN,SSD,1110a,2023,9999
GIN,SDN,1110a,2023,9999
GIN,TZA,1110a,2023,9999
GIN,TGO,1110a,2023,9999
GIN,TUN,1110a,2023,9999
GIN,UGA,1110a,2023,9999
GIN,ESH,1110a,2023,9999
GIN,ZMB,1110a,2023,9999
GIN,ZWE,1110a,2023,9999
GNB,KEN,1110a,2023,9999
GNB,LSO,1110a,2023,9999
GNB,LBR,1110a,2023,9999
GNB,LBY,1110a,2023,9999
GNB,MDG,1110a,2023,9999
GNB,MWI,1110a,2023,9999
GNB,MLI,1110a,2023,9999
GNB,MRT,1110a,2023,9999
GNB,MUS,1110a,2023,9999
GNB,MAR,1110a,2023,9999
GNB,MOZ,1110a,2023,9999
GNB,NAM,1110a,2023,9999
GNB,NER,1110a,2023,9999
GNB,NGA,1110a,2023,9999
GNB,RWA,1110a,2023,9999
GNB,STP,1110a,2023,9999
GNB,SEN,1110a,2023,9999
GNB,SYC,1110a,2023,9999
GNB,SLE,1110a,2023,9999
GNB,SOM,1110a,2023,9999
GNB,ZAF,1110a,2023,9999
GNB,SSD,1110a,2023,9999
GNB,SDN,1110a,2023,9999
GNB,TZA,1110a,2023,9999
GNB,TGO,1110a,2023,9999
GNB,TUN,1110a,2023,9999
GNB,UGA,1110a,2023,9999
GNB,ESH,1110a,2023,9999
GNB,ZMB,1110a,2023,9999
GNB,ZWE,1110a,2023,9999
KEN,LSO,1110a,2023,9999
KEN,LBR,1110a,2023,9999
KEN,LBY,1110a,2023,9999
KEN,MDG,1110a,2023,9999
KEN,MWI,1110a,2023,9999
KEN,MLI,1110a,2023,9999
KEN,MRT,1110a,2023,9999
KEN,MUS,1110a,2023,9999
KEN,MAR,1110a,2023,9999
KEN,MOZ,1110a,2023,9999
KEN,NAM,1110a,2023,9999
KEN,NER,1110a,2023,9999
KEN,NGA,1110a,2023,9999
KEN,RWA,1110a,2023,9999
KEN,STP,1110a,2023,9999
KEN,SEN,1110a,2023,9999
KEN,SYC,1110a,2023,9999
KEN,SLE,1110a,2023,9999
KEN,SOM,1110a,2023,9999
KEN,ZAF,1110a,2023,9999
KEN,SSD,1110a,2023,9999
KEN,SDN,1110a,2023,9999
KEN,TZA,1110a,2023,9999
KEN,TGO,1110a,2023,9999
KEN,TUN,1110a,2023,9999
KEN,UGA,1110a,2023,9999
KEN,ESH,1110a,2023,9999
KEN,ZMB,1110a,2023,9999
KEN,ZWE,1110a,2023,9999
LSO,LBR,1110a,2023,9999
LSO,LBY,1110a,2023,9999
LSO,MDG,1110a,2023,9999
LSO,MWI,1110a,2023,9999
LSO,MLI,1110a,2023,9999
LSO,MRT,1110a,2023,9999
LSO,MUS,1110a,2023,9999
LSO,MAR,1110a,2023,9999
LSO,MOZ,1110a,2023,9999
LSO,NAM,1110a,2023,9999
LSO,NER,1110a,2023,9999
LSO,NGA,1110a,2023,9999
LSO,RWA,1110a,2023,9999
LSO,STP,1110a,2023,9999
LSO,SEN,1110a,2023,9999
LSO,SYC,1110a,2023,9999
LSO,SLE,1110a,2023,9999
LSO,SOM,1110a,2023,9999
LSO,ZAF,1110a,2023,9999
LSO,SSD,1110a,2023,9999
LSO,SDN,1110a,2023,9999
LSO,TZA,1110a,2023,9999
LSO,TGO,1110a,2023,9999
LSO,TUN,1110a,2023,9999
LSO,UGA,1110a,2023,9999
LSO,ESH,1110a,2023,9999
LSO,ZMB,1110a,2023,9999
LSO,ZWE,1110a,2023,9999
LBR,LBY,1110a,2023,9999
LBR,MDG,1110a,2023,9999
LBR,MWI,1110a,2023,9999
LBR,MLI,1110a,2023,9999
LBR,MRT,1110a,2023,9999
LBR,MUS,1110a,2023,9999
LBR,MAR,1110a,2023,9999
LBR,MOZ,1110a,2023,9999
LBR,NAM,1110a,2023,9999
LBR,NER,1110a,2023,9999
LBR,NGA,1110a,2023,9999
LBR,RWA,1110a,2023,9999
LBR,STP,1110a,2023,9999
LBR,SEN,1110a,2023,9999
LBR,SYC,1110a,2023,9999
LBR,SLE,1110a,2023,9999
LBR,SOM,1110a,2023,9999
LBR,ZAF,1110a,2023,9999
LBR,SSD,1110a,2023,9999
LBR,SDN,1110a,2023,9999
LBR,TZA,1110a,2023,9999
LBR,TGO,1110a,2023,9999
LBR,TUN,1110a,2023,9999
LBR,UGA,1110a,2023,9999
LBR,ESH,1110a,2023,9999
LBR,ZMB,1110a,2023,9999
LBR,ZWE,1110a,2023,9999
LBY,MDG,1110a,2023,9999
LBY,MWI,1110a,2023,9999
LBY,MLI,1110a,2023,9999
LBY,MRT,1110a,2023,9999
LBY,MUS,1110a,2023,9999
LBY,MAR,1110a,2023,9999
LBY,MOZ,1110a,2023,9999
LBY,NAM,1110a,2023,9999
LBY,NER,1110a,2023,9999
LBY,NGA,1110a,2023,9999
LBY,RWA,1110a,2023,9999
LBY,STP,1110a,2023,9999
LBY,SEN,1110a,2023,9999
LBY,SYC,1110a,2023,9999
LBY,SLE,1110a,2023,9999
LBY,SOM,1110a,2023,9999
LBY,ZAF,1110a,2023,9999
LBY,SSD,1110a,2023,9999
LBY,SDN,1110a,2023,9999
LBY,TZA,1110a,2023,9999
LBY,TGO,1110a,2023,9999
LBY,TUN,1110a,2023,9999
LBY,UGA,1110a,2023,9999
LBY,ESH,1110a,2023,9999
LBY,ZMB,1110a,2023,9999
LBY,ZWE,1110a,2023,9999
MDG,MWI,1110a,2023,9999
MDG,MLI,1110a,2023,9999
MDG,MRT,1110a,2023,9999
MDG,MUS,1110a,2023,9999
MDG,MAR,1110a,2023,9999
MDG,MOZ,1110a,2023,9999
MDG,NAM,1110a,2023,9999
MDG,NER,1110a,2023,9999
MDG,NGA,1110a,2023,9999
MDG,RWA,1110a,2023,9999
MDG,STP,1110a,2023,9999
MDG,SEN,1110a,2023,9999
MDG,SYC,1110a,2023,9999
MDG,SLE,1110a,2023,9999
MDG,SOM,1110a,2023,9999
MDG,ZAF,1110a,2023,9999
MDG,SSD,1110a,2023,9999
MDG,SDN,1110a,2023,9999
MDG,TZA,1110a,2023,9999
MDG,TGO,1110a,2023,9999
MDG,TUN,1110a,2023,9999
MDG,UGA,1110a,2023,9999
MDG,ESH,1110a,2023,9999
MDG,ZMB,1110a,2023,9999
MDG,ZWE,1110a,2023,9999
MWI,MLI,1110a,2023,9999
MWI,MRT,1110a,2023,9999
MWI,MUS,1110a,2023,9999
MWI,MAR,1110a,2023,9999
MWI,MOZ,1110a,2023,9999
MWI,NAM,1110a,2023,9999
MWI,NER,1110a,2023,9999
MWI,NGA,1110a,2023,9999
MWI,RWA,1110a,2023,9999
MWI,STP,1110a,2023,9999
MWI,SEN,1110a,2023,9999
MWI,SYC,1110a,2023,9999
MWI,SLE,1110a,2023,9999
MWI,SOM,1110a,2023,9999
MWI,ZAF,1110a,2023,9999
MWI,SSD,1110a,2023,9999
MWI,SDN,1110a,2023,9999
MWI,TZA,1110a,2023,9999
MWI,TGO,1110a,2023,9999
MWI,TUN,1110a,2023,9999
MWI,UGA,1110a,2023,9999
MWI,ESH,1110a,2023,9999
MWI,ZMB,1110a,2023,9999
MWI,ZWE,1110a,2023,9999
MLI,MRT,1110a,2023,9999
MLI,MUS,1110a,2023,9999
MLI,MAR,1110a,2023,9999
MLI,MOZ,1110a,2023,9999
MLI,NAM,1110a,2023,9999
MLI,NER,1110a,2023,9999
MLI,NGA,1110a,2023,9999
MLI,RWA,1110a,2023,9999
MLI,STP,1110a,2023,9999
MLI,SEN,1110a,2023,9999
MLI,SYC,1110a,2023,9999
MLI,SLE,1110a,2023,9999
MLI,SOM,1110a,2023,9999
MLI,ZAF,1110a,2023,9999
MLI,SSD,1110a,2023,9999
MLI,SDN,1110a,2023,9999
MLI,TZA,1110a,2023,9999
MLI,TGO,1110a,2023,9999
MLI,TUN,1110a,2023,9999
MLI,UGA,1110a,2023,9999
MLI,ESH,1110a,2023,9999
MLI,ZMB,1110a,2023,9999
MLI,ZWE,1110a,2023,9999
MRT,MUS,1110a,2023,9999
MRT,MAR,1110a,2023,9999
MRT,MOZ,1110a,2023,9999
MRT,NAM,1110a,2023,9999
MRT,NER,1110a,2023,9999
MRT,NGA,1110a,2023,9999
MRT,RWA,1110a,2023,9999
MRT,STP,1110a,2023,9999
MRT,SEN,1110a,2023,9999
MRT,SYC,1110a,2023,9999
MRT,SLE,1110a,2023,9999
MRT,SOM,1110a,2023,9999
MRT,ZAF,1110a,2023,9999
MRT,SSD,1110a,2023,9999
MRT,SDN,1110a,2023,9999
MRT,TZA,1110a,2023,9999
MRT,TGO,1110a,2023,9999
MRT,TUN,1110a,2023,9999
MRT,UGA,1110a,2023,9999
MRT,ESH,1110a,2023,9999
MRT,ZMB,1110a,2023,9999
MRT,ZWE,1110a,2023,9999
MUS,MAR,1110a,2023,9999
MUS,MOZ,1110a,2023,9999
MUS,NAM,1110a,2023,9999
MUS,NER,1110a,2023,9999
MUS,NGA,1110a,2023,9999
MUS,RWA,1110a,2023,9999
MUS,STP,1110a,2023,9999
MUS,SEN,1110a,2023,9999
MUS,SYC,1110a,2023,9999
MUS,SLE,1110a,2023,9999
MUS,SOM,1110a,2023,9999
MUS,ZAF,1110a,2023,9999
MUS,SSD,1110a,2023,9999
MUS,SDN,1110a,2023,9999
MUS,TZA,1110a,2023,9999
MUS,TGO,1110a,2023,9999
MUS,TUN,1110a,2023,9999
MUS,UGA,1110a,2023,9999
MUS,ESH,1110a,2023,9999
MUS,ZMB,1110a,2023,9999
MUS,ZWE,1110a,2023,9999
MAR,MOZ,1110a,2023,9999
MAR,NAM,1110a,2023,9999
MAR,NER,1110a,2023,9999
MAR,NGA,1110a,2023,9999
MAR,RWA,1110a,2023,9999
MAR,STP,1110a,2023,9999
MAR,SEN,1110a,2023,9999
MAR,SYC,1110a,2023,9999
MAR,SLE,1110a,2023,9999
MAR,SOM,1110a,2023,9999
MAR,ZAF,1110a,2023,9999
MAR,SSD,1110a,2023,9999
MAR,SDN,1110a,2023,9999
MAR,TZA,1110a,2023,9999
MAR,TGO,1110a,2023,9999
MAR,TUN,1110a,2023,9999
MAR,UGA,1110a,2023,9999
MAR,ESH,1110a,2023,9999
MAR,ZMB,1110a,2023,9999
MAR,ZWE,1110a,2023,9999
MOZ,NAM,1110a,2023,9999
MOZ,NER,1110a,2023,9999
MOZ,NGA,1110a,2023,9999
MOZ,RWA,1110a,2023,9999
MOZ,STP,1110a,2023,9999
MOZ,SEN,1110a,2023,9999
MOZ,SYC,1110a,2023,9999
MOZ,SLE,1110a,2023,9999
MOZ,SOM,1110a,2023,9999
MOZ,ZAF,1110a,2023,9999
MOZ,SSD,1110a,2023,9999
MOZ,SDN,1110a,2023,9999
MOZ,TZA,1110a,2023,9999
MOZ,TGO,1110a,2023,9999
MOZ,TUN,1110a,2023,9999
MOZ,UGA,1110a,2023,9999
MOZ,ESH,1110a,2023,9999
MOZ,ZMB,1110a,2023,9999
MOZ,ZWE,1110a,2023,9999
NAM,NER,1110a,2023,9999
NAM,NGA,1110a,2023,9999
NAM,RWA,1110a,2023,9999
NAM,STP,1110a,2023,9999
NAM,SEN,1110a,2023,9999
NAM,SYC,1110a,2023,9999
NAM,SLE,1110a,2023,9999
NAM,SOM,1110a,2023,9999
NAM,ZAF,1110a,2023,9999
NAM,SSD,1110a,2023,9999
NAM,SDN,1110a,2023,9999
NAM,TZA,1110a,2023,9999
NAM,TGO,1110a,2023,9999
NAM,TUN,1110a,2023,9999
NAM,UGA,1110a,2023,9999
NAM,ESH,1110a,2023,9999
NAM,ZMB,1110a,2023,9999
NAM,ZWE,1110a,2023,9999
NER,NGA,1110a,2023,9999
NER,RWA,1110a,2023,9999
NER,STP,1110a,2023,9999
NER,SEN,1110a,2023,9999
NER,SYC,1110a,2023,9999
NER,SLE,1110a,2023,9999
NER,SOM,1110a,2023,9999
NER,ZAF,1110a,2023,9999
NER,SSD,1110a,2023,9999
NER,SDN,1110a,2023,9999
NER,TZA,1110a,2023,9999
NER,TGO,1110a,2023,9999
NER,TUN,1110a,2023,9999
NER,UGA,1110a,2023,9999
NER,ESH,1110a,2023,9999
NER,ZMB,1110a,2023,9999
NER,ZWE,1110a,2023,9999
NGA,RWA,1110a,2023,9999
NGA,STP,1110a,2023,9999
NGA,SEN,1110a,2023,9999
NGA,SYC,1110a,2023,9999
NGA,SLE,1110a,2023,9999
NGA,SOM,1110a,2023,9999
NGA,ZAF,1110a,2023,9999
NGA,SSD,1110a,2023,9999
NGA,SDN,1110a,2023,9999
NGA,TZA,1110a,2023,9999
NGA,TGO,1110a,2023,9999
NGA,TUN,1110a,2023,9999
NGA,UGA,1110a,2023,9999
NGA,ESH,1110a,2023,9999
NGA,ZMB,1110a,2023,9999
NGA,ZWE,1110a,2023,9999
RWA,STP,1110a,2023,9999
RWA,SEN,1110a,2023,9999
RWA,SYC,1110a,2023,9999
RWA,SLE,1110a,2023,9999
RWA,SOM,1110a,2023,9999
RWA,ZAF,1110a,2023,9999
RWA,SSD,1110a,2023,9999
RWA,SDN,1110a,2023,9999
RWA,TZA,1110a,2023,9999
RWA,TGO,1110a,2023,9999
RWA,TUN,1110a,2023,9999
RWA,UGA,1110a,2023,9999
RWA,ESH,1110a,2023,9999
RWA,ZMB,1110a,2023,9999
RWA,ZWE,1110a,2023,9999
STP,SEN,1110a,2023,9999
STP,SYC,1110a,2023,9999
STP,SLE,1110a,2023,9999
STP,SOM,1110a,2023,9999
STP,ZAF,1110a,2023,9999
STP,SSD,1110a,2023,9999
STP,SDN,1110a,2023,9999
STP,TZA,1110a,2023,9999
STP,TGO,1110a,2023,9999
STP,TUN,1110a,2023,9999
STP,UGA,1110a,2023,9999
STP,ESH,1110a,2023,9999
STP,ZMB,1110a,2023,9999
STP,ZWE,1110a,2023,9999
SEN,SYC,1110a,2023,9999
SEN,SLE,1110a,2023,9999
SEN,SOM,1110a,2023,9999
SEN,ZAF,1110a,2023,9999
SEN,SSD,1110a,2023,9999
SEN,SDN,1110a,2023,9999
SEN,TZA,1110a,2023,9999
SEN,TGO,1110a,2023,9999
SEN,TUN,1110a,2023,9999
SEN,UGA,1110a,2023,9999
SEN,ESH,1110a,2023,9999
SEN,ZMB,1110a,2023,9999
SEN,ZWE,1110a,2023,9999
SYC,SLE,1110a,2023,9999
SYC,SOM,1110a,2023,9999
SYC,ZAF,1110a,2023,9999
SYC,SSD,1110a,2023,9999
SYC,SDN,1110a,2023,9999
SYC,TZA,1110a,2023,9999
SYC,TGO,1110a,2023,9999
SYC,TUN,1110a,2023,9999
SYC,UGA,1110a,2023,9999
SYC,ESH,1110a,2023,9999
SYC,ZMB,1110a,2023,9999
SYC,ZWE,1110a,2023,9999
SLE,SOM,1110a,2023,9999
SLE,ZAF,1110a,2023,9999
SLE,SSD,1110a,2023,9999
SLE,SDN,1110a,2023,9999
SLE,TZA,1110a,2023,9999
SLE,TGO,1110a,2023,9999
SLE,TUN,1110a,2023,9999
SLE,UGA,1110a,2023,9999
SLE,ESH,1110a,2023,9999
SLE,ZMB,1110a,2023,9999
SLE,ZWE,1110a,2023,9999
SOM,ZAF,1110a,2023,9999
SOM,SSD,1110a,2023,9999
SOM,SDN,1110a,2023,9999
SOM,TZA,1110a,2023,9999
SOM,TGO,1110a,2023,9999
SOM,TUN,1110a,2023,9999
SOM,UGA,1110a,2023,9999
SOM,ESH,1110a,2023,9999
SOM,ZMB,1110a,2023,9999
SOM,ZWE,1110a,2023,9999
ZAF,SSD,1110a,2023,9999
ZAF,SDN,1110a,2023,9999
ZAF,TZA,1110a,2023,9999
ZAF,TGO,1110a,2023,9999
ZAF,TUN,1110a,2023,9999
ZAF,UGA,1110a,2023,9999
ZAF,ESH,1110a,2023,9999
ZAF,ZMB,1110a,2023,9999
ZAF,ZWE,1110a,2023,9999
SSD,SDN,1110a,2023,9999
SSD,TZA,1110a,2023,9999
SSD,TGO,1110a,2023,9999
SSD,TUN,1110a,2023,9999
SSD,UGA,1110a,2023,9999
SSD,ESH,1110a,2023,9999
SSD,ZMB,1110a,2023,9999
SSD,ZWE,1110a,2023,9999
SDN,TZA,1110a,2023,9999
SDN,TGO,1110a,2023,9999
SDN,TUN,1110a,2023,9999
SDN,UGA,1110a,2023,9999
SDN,ESH,1110a,2023,9999
SDN,ZMB,1110a,2023,9999
SDN,ZWE,1110a,2023,9999
TZA,TGO,1110a,2023,9999
TZA,TUN,1110a,2023,9999
TZA,UGA,1110a,2023,9999
TZA,ESH,1110a,2023,9999
TZA,ZMB,1110a,2023,9999
TZA,ZWE,1110a,2023,9999
TGO,TUN,1110a,2023,9999
TGO,UGA,1110a,2023,9999
TGO,ESH,1110a,2023,9999
TGO,ZMB,1110a,2023,9999
TGO,ZWE,1110a,2023,9999
TUN,UGA,1110a,2023,9999
TUN,ESH,1110a,2023,9999
TUN,ZMB,1110a,2023,9999
TUN,ZWE,1110a,2023,9999
UGA,ESH,1110a,2023,9999
UGA,ZMB,1110a,2023,9999
UGA,ZWE,1110a,2023,9999
ESH,ZMB,1110a,2023,9999
ESH,ZWE,1110a,2023,9999
ZMB,ZWE,1110a,2023,9999
DZA,AGO,988,2019,9999
DZA,BFA,988,2019,9999
DZA,CMR,988,2019,9999
DZA,CPV,988,2019,9999
DZA,CAF,988,2019,9999
DZA,TCD,988,2019,9999
DZA,COM,988,2019,9999
DZA,COG,988,2019,9999
DZA,COD,988,2019,9999
DZA,CIV,988,2019,9999
DZA,DJI,988,2019,9999
DZA,EGY,988,2019,9999
DZA,GNQ,988,2019,9999
DZA,SWZ,988,2019,9999
DZA,ETH,988,2019,9999
DZA,GAB,988,2019,9999
DZA,GMB,988,2019,9999
DZA,GHA,988,2019,9999
DZA,GIN,988,2019,9999
DZA,KEN,988,2019,9999
DZA,LBR,988,2019,9999
DZA,LBY,988,2019,9999
DZA,MDG,988,2019,9999
DZA,MWI,988,2019,9999
DZA,MLI,988,2019,9999
DZA,MRT,988,2019,9999
DZA,MUS,988,2019,9999
DZA,MAR,988,2019,9999
DZA,MOZ,988,2019,9999
DZA,NER,988,2019,9999
DZA,RWA,988,2019,9999
DZA,STP,988,2019,9999
DZA,SEN,988,2019,9999
DZA,SYC,988,2019,9999
DZA,SOM,988,2019,9999
DZA,SSD,988,2019,9999
DZA,SDN,988,2019,9999
DZA,TZA,988,2019,9999
DZA,TGO,988,2019,9999
DZA,TUN,988,2019,9999
DZA,UGA,988,2019,9999
DZA,ESH,988,2019,9999
DZA,ZWE,988,2019,9999
AGO,BFA,988,2019,9999
AGO,CMR,988,2019,9999
AGO,CPV,988,2019,9999
AGO,CAF,988,2019,9999
AGO,TCD,988,2019,9999
AGO,COM,988,2019,9999
AGO,COG,988,2019,9999
AGO,COD,988,2019,9999
AGO,CIV,988,2019,9999
AGO,DJI,988,2019,9999
AGO,EGY,988,2019,9999
AGO,GNQ,988,2019,9999
AGO,SWZ,988,2019,9999
AGO,ETH,988,2019,9999
AGO,GAB,988,2019,9999
AGO,GMB,988,2019,9999
AGO,GHA,988,2019,9999
AGO,GIN,988,2019,9999
AGO,KEN,988,2019,9999
AGO,LBR,988,2019,9999
AGO,LBY,988,2019,9999
AGO,MDG,988,2019,9999
AGO,MWI,988,2019,9999
AGO,MLI,988,2019,9999
AGO,MRT,988,2019,9999
AGO,MUS,988,2019,9999
AGO,MAR,988,2019,9999
AGO,MOZ,988,2019,9999
AGO,NER,988,2019,9999
AGO,RWA,988,2019,9999
AGO,STP,988,2019,9999
AGO,SEN,988,2019,9999
AGO,SYC,988,2019,9999
AGO,SOM,988,2019,9999
AGO,SSD,988,2019,9999
AGO,SDN,988,2019,9999
AGO,TZA,988,2019,9999
AGO,TGO,988,2019,9999
AGO,TUN,988,2019,9999
AGO,UGA,988,2019,9999
AGO,ESH,988,2019,9999
AGO,ZWE,988,2019,9999
BFA,CMR,988,2019,9999
BFA,CPV,988,2019,9999
BFA,CAF,988,2019,9999
BFA,TCD,988,2019,9999
BFA,COM,988,2019,9999
BFA,COG,988,2019,9999
BFA,COD,988,2019,9999
BFA,CIV,988,2019,9999
BFA,DJI,988,2019,9999
BFA,EGY,988,2019,9999
BFA,GNQ,988,2019,9999
BFA,SWZ,988,2019,9999
BFA,ETH,988,2019,9999
BFA,GAB,988,2019,9999
BFA,GMB,988,2019,9999
BFA,GHA,988,2019,9999
BFA,GIN,988,2019,9999
BFA,KEN,988,2019,9999
BFA,LBR,988,2019,9999
BFA,LBY,988,2019,9999
BFA,MDG,988,2019,9999
BFA,MWI,988,2019,9999
BFA,MLI,988,2019,9999
BFA,MRT,988,2019,9999
BFA,MUS,988,2019,9999
BFA,MAR,988,2019,9999
BFA,MOZ,988,2019,9999
BFA,NER,988,2019,9999
BFA,RWA,988,2019,9999
BFA,STP,988,2019,9999
BFA,SEN,988,2019,9999
BFA,SYC,988,2019,9999
BFA,SOM,988,2019,9999
BFA,SSD,988,2019,9999
BFA,SDN,988,2019,9999
BFA,TZA,988,2019,9999
BFA,TGO,988,2019,9999
BFA,TUN,988,2019,9999
BFA,UGA,988,2019,9999
BFA,ESH,988,2019,9999
BFA,ZWE,988,2019,9999
CMR,CPV,988,2019,9999
CMR,CAF,988,2019,9999
CMR,TCD,988,2019,9999
CMR,COM,988,2019,9999
CMR,COG,988,2019,9999
CMR,COD,988,2019,9999
CMR,CIV,988,2019,9999
CMR,DJI,988,2019,9999
CMR,EGY,988,2019,9999
CMR,GNQ,988,2019,9999
CMR,SWZ,988,2019,9999
CMR,ETH,988,2019,9999
CMR,GAB,988,2019,9999
CMR,GMB,988,2019,9999
CMR,GHA,988,2019,9999
CMR,GIN,988,2019,9999
CMR,KEN,988,2019,9999
CMR,LBR,988,2019,9999
CMR,LBY,988,2019,9999
CMR,MDG,988,2019,9999
CMR,MWI,988,2019,9999
CMR,MLI,988,2019,9999
CMR,MRT,988,2019,9999
CMR,MUS,988,2019,9999
CMR,MAR,988,2019,9999
CMR,MOZ,988,2019,9999
CMR,NER,988,2019,9999
CMR,RWA,988,2019,9999
CMR,STP,988,2019,9999
CMR,SEN,988,2019,9999
CMR,SYC,988,2019,9999
CMR,SOM,988,2019,9999
CMR,SSD,988,2019,9999
CMR,SDN,988,2019,9999
CMR,TZA,988,2019,9999
CMR,TGO,988,2019,9999
CMR,TUN,988,2019,9999
CMR,UGA,988,2019,9999
CMR,ESH,988,2019,9999
CMR,ZWE,988,2019,9999
CPV,CAF,988,2019,9999
CPV,TCD,988,2019,9999
CPV,COM,988,2019,9999
CPV,COG,988,2019,9999
CPV,COD,988,2019,9999
CPV,CIV,988,2019,9999
CPV,DJI,988,2019,9999
CPV,EGY,988,2019,9999
CPV,GNQ,988,2019,9999
CPV,SWZ,988,2019,9999
CPV,ETH,988,2019,9999
CPV,GAB,988,2019,9999
CPV,GMB,988,2019,9999
CPV,GHA,988,2019,9999
CPV,GIN,988,2019,9999
CPV,KEN,988,2019,9999
CPV,LBR,988,2019,9999
CPV,LBY,988,2019,9999
CPV,MDG,988,2019,9999
CPV,MWI,988,2019,9999
CPV,MLI,988,2019,9999
CPV,MRT,988,2019,9999
CPV,MUS,988,2019,9999
CPV,MAR,988,2019,9999
CPV,MOZ,988,2019,9999
CPV,NER,988,2019,9999
CPV,RWA,988,2019,9999
CPV,STP,988,2019,9999
CPV,SEN,988,2019,9999
CPV,SYC,988,2019,9999
CPV,SOM,988,2019,9999
CPV,SSD,988,2019,9999
CPV,SDN,988,2019,9999
CPV,TZA,988,2019,9999
CPV,TGO,988,2019,9999
CPV,TUN,988,2019,9999
CPV,UGA,988,2019,9999
CPV,ESH,988,2019,9999
CPV,ZWE,988,2019,9999
CAF,TCD,988,2019,9999
CAF,COM,988,2019,9999
CAF,COG,988,2019,9999
CAF,COD,988,2019,9999
CAF,CIV,988,2019,9999
CAF,DJI,988,2019,9999
CAF,EGY,988,2019,9999
CAF,GNQ,988,2019,9999
CAF,SWZ,988,2019,9999
CAF,ETH,988,2019,9999
CAF,GAB,988,2019,9999
CAF,GMB,988,2019,9999
CAF,GHA,988,2019,9999
CAF,GIN,988,2019,9999
CAF,KEN,988,2019,9999
CAF,LBR,988,2019,9999
CAF,LBY,988,2019,9999
CAF,MDG,988,2019,9999
CAF,MWI,988,2019,9999
CAF,MLI,988,2019,9999
CAF,MRT,988,2019,9999
CAF,MUS,988,2019,9999
CAF,MAR,988,2019,9999
CAF,MOZ,988,2019,9999
CAF,NER,988,2019,9999
CAF,RWA,988,2019,9999
CAF,STP,988,2019,9999
CAF,SEN,988,2019,9999
CAF,SYC,988,2019,9999
CAF,SOM,988,2019,9999
CAF,SSD,988,2019,9999
CAF,SDN,988,2019,9999
CAF,TZA,988,2019,9999
CAF,TGO,988,2019,9999
CAF,TUN,988,2019,9999
CAF,UGA,988,2019,9999
CAF,ESH,988,2019,9999
CAF,ZWE,988,2019,9999
TCD,COM,988,2019,9999
TCD,COG,988,2019,9999
TCD,COD,988,2019,9999
TCD,CIV,988,2019,9999
TCD,DJI,988,2019,9999
TCD,EGY,988,2019,9999
TCD,GNQ,988,2019,9999
TCD,SWZ,988,2019,9999
TCD,ETH,988,2019,9999
TCD,GAB,988,2019,9999
TCD,GMB,988,2019,9999
TCD,GHA,988,2019,9999
TCD,GIN,988,2019,9999
TCD,KEN,988,2019,9999
TCD,LBR,988,2019,9999
TCD,LBY,988,2019,9999
TCD,MDG,988,2019,9999
TCD,MWI,988,2019,9999
TCD,MLI,988,2019,9999
TCD,MRT,988,2019,9999
TCD,MUS,988,2019,9999
TCD,MAR,988,2019,9999
TCD,MOZ,988,2019,9999
TCD,NER,988,2019,9999
TCD,RWA,988,2019,9999
TCD,STP,988,2019,9999
TCD,SEN,988,2019,9999
TCD,SYC,988,2019,9999
TCD,SOM,988,2019,9999
TCD,SSD,988,2019,9999
TCD,SDN,988,2019,9999
TCD,TZA,988,2019,9999
TCD,TGO,988,2019,9999
TCD,TUN,988,2019,9999
TCD,UGA,988,2019,9999
TCD,ESH,988,2019,9999
TCD,ZWE,988,2019,9999
COM,COG,988,2019,9999
COM,COD,988,2019,9999
COM,CIV,988,2019,9999
COM,DJI,988,2019,9999
COM,EGY,988,2019,9999
COM,GNQ,988,2019,9999
COM,SWZ,988,2019,9999
COM,ETH,988,2019,9999
COM,GAB,988,2019,9999
COM,GMB,988,2019,9999
COM,GHA,988,2019,9999
COM,GIN,988,2019,9999
COM,KEN,988,2019,9999
COM,LBR,988,2019,9999
COM,LBY,988,2019,9999
COM,MDG,988,2019,9999
COM,MWI,988,2019,9999
COM,MLI,988,2019,9999
COM,MRT,988,2019,9999
COM,MUS,988,2019,9999
COM,MAR,988,2019,9999
COM,MOZ,988,2019,9999
COM,NER,988,2019,9999
COM,RWA,988,2019,9999
COM,STP,988,2019,9999
COM,SEN,988,2019,9999
COM,SYC,988,2019,9999
COM,SOM,988,2019,9999
COM,SSD,988,2019,9999
COM,SDN,988,2019,9999
COM,TZA,988,2019,9999
COM,TGO,988,2019,9999
COM,TUN,988,2019,9999
COM,UGA,988,2019,9999
COM,ESH,988,2019,9999
COM,ZWE,988,2019,9999
COG,COD,988,2019,9999
COG,CIV,988,2019,9999
COG,DJI,988,2019,9999
COG,EGY,988,2019,9999
COG,GNQ,988,2019,9999
COG,SWZ,988,2019,9999
COG,ETH,988,2019,9999
COG,GAB,988,2019,9999
COG,GMB,988,2019,9999
COG,GHA,988,2019,9999
COG,GIN,988,2019,9999
COG,KEN,988,2019,9999
COG,LBR,988,2019,9999
COG,LBY,988,2019,9999
COG,MDG,988,2019,9999
COG,MWI,988,2019,9999
COG,MLI,988,2019,9999
COG,MRT,988,2019,9999
COG,MUS,988,2019,9999
COG,MAR,988,2019,9999
COG,MOZ,988,2019,9999
COG,NER,988,2019,9999
COG,RWA,988,2019,9999
COG,STP,988,2019,9999
COG,SEN,988,2019,9999
COG,SYC,988,2019,9999
COG,SOM,988,2019,9999
COG,SSD,988,2019,9999
COG,SDN,988,2019,9999
COG,TZA,988,2019,9999
COG,TGO,988,2019,9999
COG,TUN,988,2019,9999
COG,UGA,988,2019,9999
COG,ESH,988,2019,9999
COG,ZWE,988,2019,9999
COD,CIV,988,2019,9999
COD,DJI,988,2019,9999
COD,EGY,988,2019,9999
COD,GNQ,988,2019,9999
COD,SWZ,988,2019,9999
COD,ETH,988,2019,9999
COD,GAB,988,2019,9999
COD,GMB,988,2019,9999
COD,GHA,988,2019,9999
COD,GIN,988,2019,9999
COD,KEN,988,2019,9999
COD,LBR,988,2019,9999
COD,LBY,988,2019,9999
COD,MDG,988,2019,9999
COD,MWI,988,2019,9999
COD,MLI,988,2019,9999
COD,MRT,988,2019,9999
COD,MUS,988,2019,9999
COD,MAR,988,2019,9999
COD,MOZ,988,2019,9999
COD,NER,988,2019,9999
COD,RWA,988,2019,9999
COD,STP,988,2019,9999
COD,SEN,988,2019,9999
COD,SYC,988,2019,9999
COD,SOM,988,2019,9999
COD,SSD,988,2019,9999
COD,SDN,988,2019,9999
COD,TZA,988,2019,9999
COD,TGO,988,2019,9999
COD,TUN,988,2019,9999
COD,UGA,988,2019,9999
COD,ESH,988,2019,9999
COD,ZWE,988,2019,9999
CIV,DJI,988,2019,9999
CIV,EGY,988,2019,9999
CIV,GNQ,988,2019,9999
CIV,SWZ,988,2019,9999
CIV,ETH,988,2019,9999
CIV,GAB,988,2019,9999
CIV,GMB,988,2019,9999
CIV,GHA,988,2019,9999
CIV,GIN,988,2019,9999
CIV,KEN,988,2019,9999
CIV,LBR,988,2019,9999
CIV,LBY,988,2019,9999
CIV,MDG,988,2019,9999
CIV,MWI,988,2019,9999
CIV,MLI,988,2019,9999
CIV,MRT,988,2019,9999
CIV,MUS,988,2019,9999
CIV,MAR,988,2019,9999
CIV,MOZ,988,2019,9999
CIV,NER,988,2019,9999
CIV,RWA,988,2019,9999
CIV,STP,988,2019,9999
CIV,SEN,988,2019,9999
CIV,SYC,988,2019,9999
CIV,SOM,988,2019,9999
CIV,SSD,988,2019,9999
CIV,SDN,988,2019,9999
CIV,TZA,988,2019,9999
CIV,TGO,988,2019,9999
CIV,TUN,988,2019,9999
CIV,UGA,988,2019,9999
CIV,ESH,988,2019,9999
CIV,ZWE,988,2019,9999
DJI,EGY,988,2019,9999
DJI,GNQ,988,2019,9999
DJI,SWZ,988,2019,9999
DJI,ETH,988,2019,9999
DJI,GAB,988,2019,9999
DJI,GMB,988,2019,9999
DJI,GHA,988,2019,9999
DJI,GIN,988,2019,9999
DJI,KEN,988,2019,9999
DJI,LBR,988,2019,9999
DJI,LBY,988,2019,9999
DJI,MDG,988,2019,9999
DJI,MWI,988,2019,9999
DJI,MLI,988,2019,9999
DJI,MRT,988,2019,9999
DJI,MUS,988,2019,9999
DJI,MAR,988,2019,9999
DJI,MOZ,988,2019,9999
DJI,NER,988,2019,9999
DJI,RWA,988,2019,9999
DJI,STP,988,2019,9999
DJI,SEN,988,2019,9999
DJI,SYC,988,2019,9999
DJI,SOM,988,2019,9999
DJI,SSD,988,2019,9999
DJI,SDN,988,2019,9999
DJI,TZA,988,2019,9999
DJI,TGO,988,2019,9999
DJI,TUN,988,2019,9999
DJI,UGA,988,2019,9999
DJI,ESH,988,2019,9999
DJI,ZWE,988,2019,9999
EGY,GNQ,988,2019,9999
EGY,SWZ,988,2019,9999
EGY,ETH,988,2019,9999
EGY,GAB,988,2019,9999
EGY,GMB,988,2019,9999
EGY,GHA,988,2019,9999
EGY,GIN,988,2019,9999
EGY,KEN,988,2019,9999
EGY,LBR,988,2019,9999
EGY,LBY,988,2019,9999
EGY,MDG,988,2019,9999
EGY,MWI,988,2019,9999
EGY,MLI,988,2019,9999
EGY,MRT,988,2019,9999
EGY,MUS,988,2019,9999
EGY,MAR,988,2019,9999
EGY,MOZ,988,2019,9999
EGY,NER,988,2019,9999
EGY,RWA,988,2019,9999
EGY,STP,988,2019,9999
EGY,SEN,988,2019,9999
EGY,SYC,988,2019,9999
EGY,SOM,988,2019,9999
EGY,SSD,988,2019,9999
EGY,SDN,988,2019,9999
EGY,TZA,988,2019,9999
EGY,TGO,988,2019,9999
EGY,TUN,988,2019,9999
EGY,UGA,988,2019,9999
EGY,ESH,988,2019,9999
EGY,ZWE,988,2019,9999
GNQ,SWZ,988,2019,9999
GNQ,ETH,988,2019,9999
GNQ,GAB,988,2019,9999
GNQ,GMB,988,2019,9999
GNQ,GHA,988,2019,9999
GNQ,GIN,988,2019,9999
GNQ,KEN,988,2019,9999
GNQ,LBR,988,2019,9999
GNQ,LBY,988,2019,9999
GNQ,MDG,988,2019,9999
GNQ,MWI,988,2019,9999
GNQ,MLI,988,2019,9999
GNQ,MRT,988,2019,9999
GNQ,MUS,988,2019,9999
GNQ,MAR,988,2019,9999
GNQ,MOZ,988,2019,9999
GNQ,NER,988,2019,9999
GNQ,RWA,988,2019,9999
GNQ,STP,988,2019,9999
GNQ,SEN,988,2019,9999
GNQ,SYC,988,2019,9999
GNQ,SOM,988,2019,9999
GNQ,SSD,988,2019,9999
GNQ,SDN,988,2019,9999
GNQ,TZA,988,2019,9999
GNQ,TGO,988,2019,9999
GNQ,TUN,988,2019,9999
GNQ,UGA,988,2019,9999
GNQ,ESH,988,2019,9999
GNQ,ZWE,988,2019,9999
SWZ,ETH,988,2019,9999
SWZ,GAB,988,2019,9999
SWZ,GMB,988,2019,9999
SWZ,GHA,988,2019,9999
SWZ,GIN,988,2019,9999
SWZ,KEN,988,2019,9999
SWZ,LBR,988,2019,9999
SWZ,LBY,988,2019,9999
SWZ,MDG,988,2019,9999
SWZ,MWI,988,2019,9999
SWZ,MLI,988,2019,9999
SWZ,MRT,988,2019,9999
SWZ,MUS,988,2019,9999
SWZ,MAR,988,2019,9999
SWZ,MOZ,988,2019,9999
SWZ,NER,988,2019,9999
SWZ,RWA,988,2019,9999
SWZ,STP,988,2019,9999
SWZ,SEN,988,2019,9999
SWZ,SYC,988,2019,9999
SWZ,SOM,988,2019,9999
SWZ,SSD,988,2019,9999
SWZ,SDN,988,2019,9999
SWZ,TZA,988,2019,9999
SWZ,TGO,988,2019,9999
SWZ,TUN,988,2019,9999
SWZ,UGA,988,2019,9999
SWZ,ESH,988,2019,9999
SWZ,ZWE,988,2019,9999
ETH,GAB,988,2019,9999
ETH,GMB,988,2019,9999
ETH,GHA,988,2019,9999
ETH,GIN,988,2019,9999
ETH,KEN,988,2019,9999
ETH,LBR,988,2019,9999
ETH,LBY,988,2019,9999
ETH,MDG,988,2019,9999
ETH,MWI,988,2019,9999
ETH,MLI,988,2019,9999
ETH,MRT,988,2019,9999
ETH,MUS,988,2019,9999
ETH,MAR,988,2019,9999
ETH,MOZ,988,2019,9999
ETH,NER,988,2019,9999
ETH,RWA,988,2019,9999
ETH,STP,988,2019,9999
ETH,SEN,988,2019,9999
ETH,SYC,988,2019,9999
ETH,SOM,988,2019,9999
ETH,SSD,988,2019,9999
ETH,SDN,988,2019,9999
ETH,TZA,988,2019,9999
ETH,TGO,988,2019,9999
ETH,TUN,988,2019,9999
ETH,UGA,988,2019,9999
ETH,ESH,988,2019,9999
ETH,ZWE,988,2019,9999
GAB,GMB,988,2019,9999
GAB,GHA,988,2019,9999
GAB,GIN,988,2019,9999
GAB,KEN,988,2019,9999
GAB,LBR,988,2019,9999
GAB,LBY,988,2019,9999
GAB,MDG,988,2019,9999
GAB,MWI,988,2019,9999
GAB,MLI,988,2019,9999
GAB,MRT,988,2019,9999
GAB,MUS,988,2019,9999
GAB,MAR,988,2019,9999
GAB,MOZ,988,2019,9999
GAB,NER,988,2019,9999
GAB,RWA,988,2019,9999
GAB,STP,988,2019,9999
GAB,SEN,988,2019,9999
GAB,SYC,988,2019,9999
GAB,SOM,988,2019,9999
GAB,SSD,988,2019,9999
GAB,SDN,988,2019,9999
GAB,TZA,988,2019,9999
GAB,TGO,988,2019,9999
GAB,TUN,988,2019,9999
GAB,UGA,988,2019,9999
GAB,ESH,988,2019,9999
GAB,ZWE,988,2019,9999
GMB,GHA,988,2019,9999
GMB,GIN,988,2019,9999
GMB,KEN,988,2019,9999
GMB,LBR,988,2019,9999
GMB,LBY,988,2019,9999
GMB,MDG,988,2019,9999
GMB,MWI,988,2019,9999
GMB,MLI,988,2019,9999
GMB,MRT,988,2019,9999
GMB,MUS,988,2019,9999
GMB,MAR,988,2019,9999
GMB,MOZ,988,2019,9999
GMB,NER,988,2019,9999
GMB,RWA,988,2019,9999
GMB,STP,988,2019,9999
GMB,SEN,988,2019,9999
GMB,SYC,988,2019,9999
GMB,SOM,988,2019,9999
GMB,SSD,988,2019,9999
GMB,SDN,988,2019,9999
GMB,TZA,988,2019,9999
GMB,TGO,988,2019,9999
GMB,TUN,988,2019,9999
GMB,UGA,988,2019,9999
GMB,ESH,988,2019,9999
GMB,ZWE,988,2019,9999
GHA,GIN,988,2019,9999
GHA,KEN,988,2019,9999
GHA,LBR,988,2019,9999
GHA,LBY,988,2019,9999
GHA,MDG,988,2019,9999
GHA,MWI,988,2019,9999
GHA,MLI,988,2019,9999
GHA,MRT,988,2019,9999
GHA,MUS,988,2019,9999
GHA,MAR,988,2019,9999
GHA,MOZ,988,2019,9999
GHA,NER,988,2019,9999
GHA,RWA,988,2019,9999
GHA,STP,988,2019,9999
GHA,SEN,988,2019,9999
GHA,SYC,988,2019,9999
GHA,SOM,988,2019,9999
GHA,SSD,988,2019,9999
GHA,SDN,988,2019,9999
GHA,TZA,988,2019,9999
GHA,TGO,988,2019,9999
GHA,TUN,988,2019,9999
GHA,UGA,988,2019,9999
GHA,ESH,988,2019,9999
GHA,ZWE,988,2019,9999
GIN,KEN,988,2019,9999
GIN,LBR,988,2019,9999
GIN,LBY,988,2019,9999
GIN,MDG,988,2019,9999
GIN,MWI,988,2019,9999
GIN,MLI,988,2019,9999
GIN,MRT,988,2019,9999
GIN,MUS,988,2019,9999
GIN,MAR,988,2019,9999
GIN,MOZ,988,2019,9999
GIN,NER,988,2019,9999
GIN,RWA,988,2019,9999
GIN,STP,988,2019,9999
GIN,SEN,988,2019,9999
GIN,SYC,988,2019,9999
GIN,SOM,988,2019,9999
GIN,SSD,988,2019,9999
GIN,SDN,988,2019,9999
GIN,TZA,988,2019,9999
GIN,TGO,988,2019,9999
GIN,TUN,988,2019,9999
GIN,UGA,988,2019,9999
GIN,ESH,988,2019,9999
GIN,ZWE,988,2019,9999
KEN,LBR,988,2019,9999
KEN,LBY,988,2019,9999
KEN,MDG,988,2019,9999
KEN,MWI,988,2019,9999
KEN,MLI,988,2019,9999
KEN,MRT,988,2019,9999
KEN,MUS,988,2019,9999
KEN,MAR,988,2019,9999
KEN,MOZ,988,2019,9999
KEN,NER,988,2019,9999
KEN,RWA,988,2019,9999
KEN,STP,988,2019,9999
KEN,SEN,988,2019,9999
KEN,SYC,988,2019,9999
KEN,SOM,988,2019,9999
KEN,SSD,988,2019,9999
KEN,SDN,988,2019,9999
KEN,TZA,988,2019,9999
KEN,TGO,988,2019,9999
KEN,TUN,988,2019,9999
KEN,UGA,988,2019,9999
KEN,ESH,988,2019,9999
KEN,ZWE,988,2019,9999
LBR,LBY,988,2019,9999
LBR,MDG,988,2019,9999
LBR,MWI,988,2019,9999
LBR,MLI,988,2019,9999
LBR,MRT,988,2019,9999
LBR,MUS,988,2019,9999
LBR,MAR,988,2019,9999
LBR,MOZ,988,2019,9999
LBR,NER,988,2019,9999
LBR,RWA,988,2019,9999
LBR,STP,988,2019,9999
LBR,SEN,988,2019,9999
LBR,SYC,988,2019,9999
LBR,SOM,988,2019,9999
LBR,SSD,988,2019,9999
LBR,SDN,988,2019,9999
LBR,TZA,988,2019,9999
LBR,TGO,988,2019,9999
LBR,TUN,988,2019,9999
LBR,UGA,988,2019,9999
LBR,ESH,988,2019,9999
LBR,ZWE,988,2019,9999
LBY,MDG,988,2019,9999
LBY,MWI,988,2019,9999
LBY,MLI,988,2019,9999
LBY,MRT,988,2019,9999
LBY,MUS,988,2019,9999
LBY,MAR,988,2019,9999
LBY,MOZ,988,2019,9999
LBY,NER,988,2019,9999
LBY,RWA,988,2019,9999
LBY,STP,988,2019,9999
LBY,SEN,988,2019,9999
LBY,SYC,988,2019,9999
LBY,SOM,988,2019,9999
LBY,SSD,988,2019,9999
LBY,SDN,988,2019,9999
LBY,TZA,988,2019,9999
LBY,TGO,988,2019,9999
LBY,TUN,988,2019,9999
LBY,UGA,988,2019,9999
LBY,ESH,988,2019,9999
LBY,ZWE,988,2019,9999
MDG,MWI,988,2019,9999
MDG,MLI,988,2019,9999
MDG,MRT,988,2019,9999
MDG,MUS,988,2019,9999
MDG,MAR,988,2019,9999
MDG,MOZ,988,2019,9999
MDG,NER,988,2019,9999
MDG,RWA,988,2019,9999
MDG,STP,988,2019,9999
MDG,SEN,988,2019,9999
MDG,SYC,988,2019,9999
MDG,SOM,988,2019,9999
MDG,SSD,988,2019,9999
MDG,SDN,988,2019,9999
MDG,TZA,988,2019,9999
MDG,TGO,988,2019,9999
MDG,TUN,988,2019,9999
MDG,UGA,988,2019,9999
MDG,ESH,988,2019,9999
MDG,ZWE,988,2019,9999
MWI,MLI,988,2019,9999
MWI,MRT,988,2019,9999
MWI,MUS,988,2019,9999
MWI,MAR,988,2019,9999
MWI,MOZ,988,2019,9999
MWI,NER,988,2019,9999
MWI,RWA,988,2019,9999
MWI,STP,988,2019,9999
MWI,SEN,988,2019,9999
MWI,SYC,988,2019,9999
MWI,SOM,988,2019,9999
MWI,SSD,988,2019,9999
MWI,SDN,988,2019,9999
MWI,TZA,988,2019,9999
MWI,TGO,988,2019,9999
MWI,TUN,988,2019,9999
MWI,UGA,988,2019,9999
MWI,ESH,988,2019,9999
MWI,ZWE,988,2019,9999
MLI,MRT,988,2019,9999
MLI,MUS,988,2019,9999
MLI,MAR,988,2019,9999
MLI,MOZ,988,2019,9999
MLI,NER,988,2019,9999
MLI,RWA,988,2019,9999
MLI,STP,988,2019,9999
MLI,SEN,988,2019,9999
MLI,SYC,988,2019,9999
MLI,SOM,988,2019,9999
MLI,SSD,988,2019,9999
MLI,SDN,988,2019,9999
MLI,TZA,988,2019,9999
MLI,TGO,988,2019,9999
MLI,TUN,988,2019,9999
MLI,UGA,988,2019,9999
MLI,ESH,988,2019,9999
MLI,ZWE,988,2019,9999
MRT,MUS,988,2019,9999
MRT,MAR,988,2019,9999
MRT,MOZ,988,2019,9999
MRT,NER,988,2019,9999
MRT,RWA,988,2019,9999
MRT,STP,988,2019,9999
MRT,SEN,988,2019,9999
MRT,SYC,988,2019,9999
MRT,SOM,988,2019,9999
MRT,SSD,988,2019,9999
MRT,SDN,988,2019,9999
MRT,TZA,988,2019,9999
MRT,TGO,988,2019,9999
MRT,TUN,988,2019,9999
MRT,UGA,988,2019,9999
MRT,ESH,988,2019,9999
MRT,ZWE,988,2019,9999
MUS,MAR,988,2019,9999
MUS,MOZ,988,2019,9999
MUS,NER,988,2019,9999
MUS,RWA,988,2019,9999
MUS,STP,988,2019,9999
MUS,SEN,988,2019,9999
MUS,SYC,988,2019,9999
MUS,SOM,988,2019,9999
MUS,SSD,988,2019,9999
MUS,SDN,988,2019,9999
MUS,TZA,988,2019,9999
MUS,TGO,988,2019,9999
MUS,TUN,988,2019,9999
MUS,UGA,988,2019,9999
MUS,ESH,988,2019,9999
MUS,ZWE,988,2019,9999
MAR,MOZ,988,2019,9999
MAR,NER,988,2019,9999
MAR,RWA,988,2019,9999
MAR,STP,988,2019,9999
MAR,SEN,988,2019,9999
MAR,SYC,988,2019,9999
MAR,SOM,988,2019,9999
MAR,SSD,988,2019,9999
MAR,SDN,988,2019,9999
MAR,TZA,988,2019,9999
MAR,TGO,988,2019,9999
MAR,TUN,988,2019,9999
MAR,UGA,988,2019,9999
MAR,ESH,988,2019,9999
MAR,ZWE,988,2019,9999
MOZ,NER,988,2019,9999
MOZ,RWA,988,2019,9999
MOZ,STP,988,2019,9999
MOZ,SEN,988,2019,9999
MOZ,SYC,988,2019,9999
MOZ,SOM,988,2019,9999
MOZ,SSD,988,2019,9999
MOZ,SDN,988,2019,9999
MOZ,TZA,988,2019,9999
MOZ,TGO,988,2019,9999
MOZ,TUN,988,2019,9999
MOZ,UGA,988,2019,9999
MOZ,ESH,988,2019,9999
MOZ,ZWE,988,2019,9999
NER,RWA,988,2019,9999
NER,STP,988,2019,9999
NER,SEN,988,2019,9999
NER,SYC,988,2019,9999
NER,SOM,988,2019,9999
NER,SSD,988,2019,9999
NER,SDN,988,2019,9999
NER,TZA,988,2019,9999
NER,TGO,988,2019,9999
NER,TUN,988,2019,9999
NER,UGA,988,2019,9999
NER,ESH,988,2019,9999
NER,ZWE,988,2019,9999
RWA,STP,988,2019,9999
RWA,SEN,988,2019,9999
RWA,SYC,988,2019,9999
RWA,SOM,988,2019,9999
RWA,SSD,988,2019,9999
RWA,SDN,988,2019,9999
RWA,TZA,988,2019,9999
RWA,TGO,988,2019,9999
RWA,TUN,988,2019,9999
RWA,UGA,988,2019,9999
RWA,ESH,988,2019,9999
RWA,ZWE,988,2019,9999
STP,SEN,988,2019,9999
STP,SYC,988,2019,9999
STP,SOM,988,2019,9999
STP,SSD,988,2019,9999
STP,SDN,988,2019,9999
STP,TZA,988,2019,9999
STP,TGO,988,2019,9999
STP,TUN,988,2019,9999
STP,UGA,988,2019,9999
STP,ESH,988,2019,9999
STP,ZWE,988,2019,9999
SEN,SYC,988,2019,9999
SEN,SOM,988,2019,9999
SEN,SSD,988,2019,9999
SEN,SDN,988,2019,9999
SEN,TZA,988,2019,9999
SEN,TGO,988,2019,9999
SEN,TUN,988,2019,9999
SEN,UGA,988,2019,9999
SEN,ESH,988,2019,9999
SEN,ZWE,988,2019,9999
SYC,SOM,988,2019,9999
SYC,SSD,988,2019,9999
SYC,SDN,988,2019,9999
SYC,TZA,988,2019,9999
SYC,TGO,988,2019,9999
SYC,TUN,988,2019,9999
SYC,UGA,988,2019,9999
SYC,ESH,988,2019,9999
SYC,ZWE,988,2019,9999
SOM,SSD,988,2019,9999
SOM,SDN,988,2019,9999
SOM,TZA,988,2019,9999
SOM,TGO,988,2019,9999
SOM,TUN,988,2019,9999
SOM,UGA,988,2019,9999
SOM,ESH,988,2019,9999
SOM,ZWE,988,2019,9999
SSD,SDN,988,2019,9999
SSD,TZA,988,2019,9999
SSD,TGO,988,2019,9999
SSD,TUN,988,2019,9999
SSD,UGA,988,2019,9999
SSD,ESH,988,2019,9999
SSD,ZWE,988,2019,9999
SDN,TZA,988,2019,9999
SDN,TGO,988,2019,9999
SDN,TUN,988,2019,9999
SDN,UGA,988,2019,9999
SDN,ESH,988,2019,9999
SDN,ZWE,988,2019,9999
TZA,TGO,988,2019,9999
TZA,TUN,988,2019,9999
TZA,UGA,988,2019,9999
TZA,ESH,988,2019,9999
TZA,ZWE,988,2019,9999
TGO,TUN,988,2019,9999
TGO,UGA,988,2019,9999
TGO,ESH,988,2019,9999
TGO,ZWE,988,2019,9999
TUN,UGA,988,2019,9999
TUN,ESH,988,2019,9999
TUN,ZWE,988,2019,9999
UGA,ESH,988,2019,9999
UGA,ZWE,988,2019,9999
ESH,ZWE,988,2019,9999
DZA,BDI,988+1,2019,9999
DZA,LSO,988+1,2019,9999
DZA,NAM,988+1,2019,9999
DZA,SLE,988+1,2019,9999
DZA,ZAF,988+1,2019,9999
AGO,BDI,988+1,2019,9999
AGO,LSO,988+1,2019,9999
AGO,NAM,988+1,2019,9999
AGO,SLE,988+1,2019,9999
AGO,ZAF,988+1,2019,9999
BFA,BDI,988+1,2019,9999
BFA,LSO,988+1,2019,9999
BFA,NAM,988+1,2019,9999
BFA,SLE,988+1,2019,9999
BFA,ZAF,988+1,2019,9999
BDI,CMR,988+1,2019,9999
BDI,CPV,988+1,2019,9999
BDI,CAF,988+1,2019,9999
BDI,TCD,988+1,2019,9999
BDI,COM,988+1,2019,9999
BDI,COG,988+1,2019,9999
BDI,COD,988+1,2019,9999
BDI,CIV,988+1,2019,9999
BDI,DJI,988+1,2019,9999
BDI,EGY,988+1,2019,9999
BDI,GNQ,988+1,2019,9999
BDI,SWZ,988+1,2019,9999
BDI,ETH,988+1,2019,9999
BDI,GAB,988+1,2019,9999
BDI,GMB,988+1,2019,9999
BDI,GHA,988+1,2019,9999
BDI,GIN,988+1,2019,9999
BDI,KEN,988+1,2019,9999
BDI,LSO,988+1,2019,9999
BDI,LBR,988+1,2019,9999
BDI,LBY,988+1,2019,9999
BDI,MDG,988+1,2019,9999
BDI,MWI,988+1,2019,9999
BDI,MLI,988+1,2019,9999
BDI,MRT,988+1,2019,9999
BDI,MUS,988+1,2019,9999
BDI,MAR,988+1,2019,9999
BDI,MOZ,988+1,2019,9999
BDI,NAM,988+1,2019,9999
BDI,NER,988+1,2019,9999
BDI,RWA,988+1,2019,9999
BDI,STP,988+1,2019,9999
BDI,SEN,988+1,2019,9999
BDI,SYC,988+1,2019,9999
BDI,SLE,988+1,2019,9999
BDI,SOM,988+1,2019,9999
BDI,ZAF,988+1,2019,9999
BDI,SSD,988+1,2019,9999
BDI,SDN,988+1,2019,9999
BDI,TZA,988+1,2019,9999
BDI,TGO,988+1,2019,9999
BDI,TUN,988+1,2019,9999
BDI,UGA,988+1,2019,9999
BDI,ESH,988+1,2019,9999
BDI,ZWE,988+1,2019,9999
CMR,LSO,988+1,2019,9999
CMR,NAM,988+1,2019,9999
CMR,SLE,988+1,2019,9999
CMR,ZAF,988+1,2019,9999
CPV,LSO,988+1,2019,9999
CPV,NAM,988+1,2019,9999
CPV,SLE,988+1,2019,9999
CPV,ZAF,988+1,2019,9999
CAF,LSO,988+1,2019,9999
CAF,NAM,988+1,2019,9999
CAF,SLE,988+1,2019,9999
CAF,ZAF,988+1,2019,9999
TCD,LSO,988+1,2019,9999
TCD,NAM,988+1,2019,9999
TCD,SLE,988+1,2019,9999
TCD,ZAF,988+1,2019,9999
COM,LSO,988+1,2019,9999
COM,NAM,988+1,2019,9999
COM,SLE,988+1,2019,9999
COM,ZAF,988+1,2019,9999
COG,LSO,988+1,2019,9999
COG,NAM,988+1,2019,9999
COG,SLE,988+1,2019,9999
COG,ZAF,988+1,2019,9999
COD,LSO,988+1,2019,9999
COD,NAM,988+1,2019,9999
COD,SLE,988+1,2019,9999
COD,ZAF,988+1,2019,9999
CIV,LSO,988+1,2019,9999
CIV,NAM,988+1,2019,9999
CIV,SLE,988+1,2019,9999
CIV,ZAF,988+1,2019,9999
DJI,LSO,988+1,2019,9999
DJI,NAM,988+1,2019,9999
DJI,SLE,988+1,2019,9999
DJI,ZAF,988+1,2019,9999
EGY,LSO,988+1,2019,9999
EGY,NAM,988+1,2019,9999
EGY,SLE,988+1,2019,9999
EGY,ZAF,988+1,2019,9999
GNQ,LSO,988+1,2019,9999
GNQ,NAM,988+1,2019,9999
GNQ,SLE,988+1,2019,9999
GNQ,ZAF,988+1,2019,9999
SWZ,LSO,988+1,2019,9999
SWZ,NAM,988+1,2019,9999
SWZ,SLE,988+1,2019,9999
SWZ,ZAF,988+1,2019,9999
ETH,LSO,988+1,2019,9999
ETH,NAM,988+1,2019,9999
ETH,SLE,988+1,2019,9999
ETH,ZAF,988+1,2019,9999
GAB,LSO,988+1,2019,9999
GAB,NAM,988+1,2019,9999
GAB,SLE,988+1,2019,9999
GAB,ZAF,988+1,2019,9999
GMB,LSO,988+1,2019,9999
GMB,NAM,988+1,2019,9999
GMB,SLE,988+1,2019,9999
GMB,ZAF,988+1,2019,9999
GHA,LSO,988+1,2019,9999
GHA,NAM,988+1,2019,9999
GHA,SLE,988+1,2019,9999
GHA,ZAF,988+1,2019,9999
GIN,LSO,988+1,2019,9999
GIN,NAM,988+1,2019,9999
GIN,SLE,988+1,2019,9999
GIN,ZAF,988+1,2019,9999
KEN,LSO,988+1,2019,9999
KEN,NAM,988+1,2019,9999
KEN,SLE,988+1,2019,9999
KEN,ZAF,988+1,2019,9999
LSO,LBR,988+1,2019,9999
LSO,LBY,988+1,2019,9999
LSO,MDG,988+1,2019,9999
LSO,MWI,988+1,2019,9999
LSO,MLI,988+1,2019,9999
LSO,MRT,988+1,2019,9999
LSO,MUS,988+1,2019,9999
LSO,MAR,988+1,2019,9999
LSO,MOZ,988+1,2019,9999
LSO,NAM,988+1,2019,9999
LSO,NER,988+1,2019,9999
LSO,RWA,988+1,2019,9999
LSO,STP,988+1,2019,9999
LSO,SEN,988+1,2019,9999
LSO,SYC,988+1,2019,9999
LSO,SLE,988+1,2019,9999
LSO,SOM,988+1,2019,9999
LSO,ZAF,988+1,2019,9999
LSO,SSD,988+1,2019,9999
LSO,SDN,988+1,2019,9999
LSO,TZA,988+1,2019,9999
LSO,TGO,988+1,2019,9999
LSO,TUN,988+1,2019,9999
LSO,UGA,988+1,2019,9999
LSO,ESH,988+1,2019,9999
LSO,ZWE,988+1,2019,9999
LBR,NAM,988+1,2019,9999
LBR,SLE,988+1,2019,9999
LBR,ZAF,988+1,2019,9999
LBY,NAM,988+1,2019,9999
LBY,SLE,988+1,2019,9999
LBY,ZAF,988+1,2019,9999
MDG,NAM,988+1,2019,9999
MDG,SLE,988+1,2019,9999
MDG,ZAF,988+1,2019,9999
MWI,NAM,988+1,2019,9999
MWI,SLE,988+1,2019,9999
MWI,ZAF,988+1,2019,9999
MLI,NAM,988+1,2019,9999
MLI,SLE,988+1,2019,9999
MLI,ZAF,988+1,2019,9999
MRT,NAM,988+1,2019,9999
MRT,SLE,988+1,2019,9999
MRT,ZAF,988+1,2019,9999
MUS,NAM,988+1,2019,9999
MUS,SLE,988+1,2019,9999
MUS,ZAF,988+1,2019,9999
MAR,NAM,988+1,2019,9999
MAR,SLE,988+1,2019,9999
MAR,ZAF,988+1,2019,9999
MOZ,NAM,988+1,2019,9999
MOZ,SLE,988+1,2019,9999
MOZ,ZAF,988+1,2019,9999
NAM,NER,988+1,2019,9999
NAM,RWA,988+1,2019,9999
NAM,STP,988+1,2019,9999
NAM,SEN,988+1,2019,9999
NAM,SYC,988+1,2019,9999
NAM,SLE,988+1,2019,9999
NAM,SOM,988+1,2019,9999
NAM,ZAF,988+1,2019,9999
NAM,SSD,988+1,2019,9999
NAM,SDN,988+1,2019,9999
NAM,TZA,988+1,2019,9999
NAM,TGO,988+1,2019,9999
NAM,TUN,988+1,2019,9999
NAM,UGA,988+1,2019,9999
NAM,ESH,988+1,2019,9999
NAM,ZWE,988+1,2019,9999
NER,SLE,988+1,2019,9999
NER,ZAF,988+1,2019,9999
RWA,SLE,988+1,2019,9999
RWA,ZAF,988+1,2019,9999
STP,SLE,988+1,2019,9999
STP,ZAF,988+1,2019,9999
SEN,SLE,988+1,2019,9999
SEN,ZAF,988+1,2019,9999
SYC,SLE,988+1,2019,9999
SYC,ZAF,988+1,2019,9999
SLE,SOM,988+1,2019,9999
SLE,ZAF,988+1,2019,9999
SLE,SSD,988+1,2019,9999
SLE,SDN,988+1,2019,9999
SLE,TZA,988+1,2019,9999
SLE,TGO,988+1,2019,9999
SLE,TUN,988+1,2019,9999
SLE,UGA,988+1,2019,9999
SLE,ESH,988+1,2019,9999
SLE,ZWE,988+1,2019,9999
SOM,ZAF,988+1,2019,9999
ZAF,SSD,988+1,2019,9999
ZAF,SDN,988+1,2019,9999
ZAF,TZA,988+1,2019,9999
ZAF,TGO,988+1,2019,9999
ZAF,TUN,988+1,2019,9999
ZAF,UGA,988+1,2019,9999
ZAF,ESH,988+1,2019,9999
ZAF,ZWE,988+1,2019,9999
DZA,BWA,988+2,2021,9999
DZA,GNB,988+2,2021,9999
DZA,ZMB,988+2,2021,9999
AGO,BWA,988+2,2021,9999
AGO,GNB,988+2,2021,9999
AGO,ZMB,988+2,2021,9999
BWA,BFA,988+2,2021,9999
BWA,BDI,988+2,2021,9999
BWA,CMR,988+2,2021,9999
BWA,CPV,988+2,2021,9999
BWA,CAF,988+2,2021,9999
BWA,TCD,988+2,2021,9999
BWA,COM,988+2,2021,9999
BWA,COG,988+2,2021,9999
BWA,COD,988+2,2021,9999
BWA,CIV,988+2,2021,9999
BWA,DJI,988+2,2021,9999
BWA,EGY,988+2,2021,9999
BWA,GNQ,988+2,2021,9999
BWA,SWZ,988+2,2021,9999
BWA,ETH,988+2,2021,9999
BWA,GAB,988+2,2021,9999
BWA,GMB,988+2,2021,9999
BWA,GHA,988+2,2021,9999
BWA,GIN,988+2,2021,9999
BWA,GNB,988+2,2021,9999
BWA,KEN,988+2,2021,9999
BWA,LSO,988+2,2021,9999
BWA,LBR,988+2,2021,9999
BWA,LBY,988+2,2021,9999
BWA,MDG,988+2,2021,9999
BWA,MWI,988+2,2021,9999
BWA,MLI,988+2,2021,9999
BWA,MRT,988+2,2021,9999
BWA,MUS,988+2,2021,9999
BWA,MAR,988+2,2021,9999
BWA,MOZ,988+2,2021,9999
BWA,NAM,988+2,2021,9999
BWA,NER,988+2,2021,9999
BWA,RWA,988+2,2021,9999
BWA,STP,988+2,2021,9999
BWA,SEN,988+2,2021,9999
BWA,SYC,988+2,2021,9999
BWA,SLE,988+2,2021,9999
BWA,SOM,988+2,2021,9999
BWA,ZAF,988+2,2021,9999
BWA,SSD,988+2,2021,9999
BWA,SDN,988+2,2021,9999
BWA,TZA,988+2,2021,9999
BWA,TGO,988+2,2021,9999
BWA,TUN,988+2,2021,9999
BWA,UGA,988+2,2021,9999
BWA,ESH,988+2,2021,9999
BWA,ZMB,988+2,2021,9999
BWA,ZWE,988+2,2021,9999
BFA,GNB,988+2,2021,9999
BFA,ZMB,988+2,2021,9999
BDI,GNB,988+2,2021,9999
BDI,ZMB,988+2,2021,9999
CMR,GNB,988+2,2021,9999
CMR,ZMB,988+2,2021,9999
CPV,GNB,988+2,2021,9999
CPV,ZMB,988+2,2021,9999
CAF,GNB,988+2,2021,9999
CAF,ZMB,988+2,2021,9999
TCD,GNB,988+2,2021,9999
TCD,ZMB,988+2,2021,9999
COM,GNB,988+2,2021,9999
COM,ZMB,988+2,2021,9999
COG,GNB,988+2,2021,9999
COG,ZMB,988+2,2021,9999
COD,GNB,988+2,2021,9999
COD,ZMB,988+2,2021,9999
CIV,GNB,988+2,2021,9999
CIV,ZMB,988+2,2021,9999
DJI,GNB,988+2,2021,9999
DJI,ZMB,988+2,2021,9999
EGY,GNB,988+2,2021,9999
EGY,ZMB,988+2,2021,9999
GNQ,GNB,988+2,2021,9999
GNQ,ZMB,988+2,2021,9999
SWZ,GNB,988+2,2021,9999
SWZ,ZMB,988+2,2021,9999
ETH,GNB,988+2,2021,9999
ETH,ZMB,988+2,2021,9999
GAB,GNB,988+2,2021,9999
GAB,ZMB,988+2,2021,9999
GMB,GNB,988+2,2021,9999
GMB,ZMB,988+2,2021,9999
GHA,GNB,988+2,2021,9999
GHA,ZMB,988+2,2021,9999
GIN,GNB,988+2,2021,9999
GIN,ZMB,988+2,2021,9999
GNB,KEN,988+2,2021,9999
GNB,LSO,988+2,2021,9999
GNB,LBR,988+2,2021,9999
GNB,LBY,988+2,2021,9999
GNB,MDG,988+2,2021,9999
GNB,MWI,988+2,2021,9999
GNB,MLI,988+2,2021,9999
GNB,MRT,988+2,2021,9999
GNB,MUS,988+2,2021,9999
GNB,MAR,988+2,2021,9999
GNB,MOZ,988+2,2021,9999
GNB,NAM,988+2,2021,9999
GNB,NER,988+2,2021,9999
GNB,RWA,988+2,2021,9999
GNB,STP,988+2,2021,9999
GNB,SEN,988+2,2021,9999
GNB,SYC,988+2,2021,9999
GNB,SLE,988+2,2021,9999
GNB,SOM,988+2,2021,9999
GNB,ZAF,988+2,2021,9999
GNB,SSD,988+2,2021,9999
GNB,SDN,988+2,2021,9999
GNB,TZA,988+2,2021,9999
GNB,TGO,988+2,2021,9999
GNB,TUN,988+2,2021,9999
GNB,UGA,988+2,2021,9999
GNB,ESH,988+2,2021,9999
GNB,ZMB,988+2,2021,9999
GNB,ZWE,988+2,2021,9999
KEN,ZMB,988+2,2021,9999
LSO,ZMB,988+2,2021,9999
LBR,ZMB,988+2,2021,9999
LBY,ZMB,988+2,2021,9999
MDG,ZMB,988+2,2021,9999
MWI,ZMB,988+2,2021,9999
MLI,ZMB,988+2,2021,9999
MRT,ZMB,988+2,2021,9999
MUS,ZMB,988+2,2021,9999
MAR,ZMB,988+2,2021,9999
MOZ,ZMB,988+2,2021,9999
NAM,ZMB,988+2,2021,9999
NER,ZMB,988+2,2021,9999
RWA,ZMB,988+2,2021,9999
STP,ZMB,988+2,2021,9999
SEN,ZMB,988+2,2021,9999
SYC,ZMB,988+2,2021,9999
SLE,ZMB,988+2,2021,9999
SOM,ZMB,988+2,2021,9999
ZAF,ZMB,988+2,2021,9999
SSD,ZMB,988+2,2021,9999
SDN,ZMB,988+2,2021,9999
TZA,ZMB,988+2,2021,9999
TGO,ZMB,988+2,2021,9999
TUN,ZMB,988+2,2021,9999
UGA,ZMB,988+2,2021,9999
ESH,ZMB,988+2,2021,9999
ZMB,ZWE,988+2,2021,9999
DZA,BEN,988+3,2020,9999
DZA,NGA,988+3,2020,9999
AGO,BEN,988+3,2020,9999
AGO,NGA,988+3,2020,9999
BEN,BWA,988+3,2020,9999
BEN,BFA,988+3,2020,9999
BEN,BDI,988+3,2020,9999
BEN,CMR,988+3,2020,9999
BEN,CPV,988+3,2020,9999
BEN,CAF,988+3,2020,9999
BEN,TCD,988+3,2020,9999
BEN,COM,988+3,2020,9999
BEN,COG,988+3,2020,9999
BEN,COD,988+3,2020,9999
BEN,CIV,988+3,2020,9999
BEN,DJI,988+3,2020,9999
BEN,EGY,988+3,2020,9999
BEN,GNQ,988+3,2020,9999
BEN,SWZ,988+3,2020,9999
BEN,ETH,988+3,2020,9999
BEN,GAB,988+3,2020,9999
BEN,GMB,988+3,2020,9999
BEN,GHA,988+3,2020,9999
BEN,GIN,988+3,2020,9999
BEN,GNB,988+3,2020,9999
BEN,KEN,988+3,2020,9999
BEN,LSO,988+3,2020,9999
BEN,LBR,988+3,2020,9999
BEN,LBY,988+3,2020,9999
BEN,MDG,988+3,2020,9999
BEN,MWI,988+3,2020,9999
BEN,MLI,988+3,2020,9999
BEN,MRT,988+3,2020,9999
BEN,MUS,988+3,2020,9999
BEN,MAR,988+3,2020,9999
BEN,MOZ,988+3,2020,9999
BEN,NAM,988+3,2020,9999
BEN,NER,988+3,2020,9999
BEN,NGA,988+3,2020,9999
BEN,RWA,988+3,2020,9999
BEN,STP,988+3,2020,9999
BEN,SEN,988+3,2020,9999
BEN,SYC,988+3,2020,9999
BEN,SLE,988+3,2020,9999
BEN,SOM,988+3,2020,9999
BEN,ZAF,988+3,2020,9999
BEN,SSD,988+3,2020,9999
BEN,SDN,988+3,2020,9999
BEN,TZA,988+3,2020,9999
BEN,TGO,988+3,2020,9999
BEN,TUN,988+3,2020,9999
BEN,UGA,988+3,2020,9999
BEN,ESH,988+3,2020,9999
BEN,ZMB,988+3,2020,9999
BEN,ZWE,988+3,2020,9999
BWA,NGA,988+3,2020,9999
BFA,NGA,988+3,2020,9999
BDI,NGA,988+3,2020,9999
CMR,NGA,988+3,2020,9999
CPV,NGA,988+3,2020,9999
CAF,NGA,988+3,2020,9999
TCD,NGA,988+3,2020,9999
COM,NGA,988+3,2020,9999
COG,NGA,988+3,2020,9999
COD,NGA,988+3,2020,9999
CIV,NGA,988+3,2020,9999
DJI,NGA,988+3,2020,9999
EGY,NGA,988+3,2020,9999
GNQ,NGA,988+3,2020,9999
SWZ,NGA,988+3,2020,9999
ETH,NGA,988+3,2020,9999
GAB,NGA,988+3,2020,9999
GMB,NGA,988+3,2020,9999
GHA,NGA,988+3,2020,9999
GIN,NGA,988+3,2020,9999
GNB,NGA,988+3,2020,9999
KEN,NGA,988+3,2020,9999
LSO,NGA,988+3,2020,9999
LBR,NGA,988+3,2020,9999
LBY,NGA,988+3,2020,9999
MDG,NGA,988+3,2020,9999
MWI,NGA,988+3,2020,9999
MLI,NGA,988+3,2020,9999
MRT,NGA,988+3,2020,9999
MUS,NGA,988+3,2020,9999
MAR,NGA,988+3,2020,9999
MOZ,NGA,988+3,2020,9999
NAM,NGA,988+3,2020,9999
NER,NGA,988+3,2020,9999
NGA,RWA,988+3,2020,9999
NGA,STP,988+3,2020,9999
NGA,SEN,988+3,2020,9999
NGA,SYC,988+3,2020,9999
NGA,SLE,988+3,2020,9999
NGA,SOM,988+3,2020,9999
NGA,ZAF,988+3,2020,9999
NGA,SSD,988+3,2020,9999
NGA,SDN,988+3,2020,9999
NGA,TZA,988+3,2020,9999
NGA,TGO,988+3,2020,9999
NGA,TUN,988+3,2020,9999
NGA,UGA,988+3,2020,9999
NGA,ESH,988+3,2020,9999
NGA,ZMB,988+3,2020,9999
NGA,ZWE,988+3,2020,9999
AUS,BRN,989,2018,9999
AUS,CAN,989,2018,9999
AUS,CHL,989,2018,9999
AUS,JPN,989,2018,9999
AUS,MYS,989,2018,9999
AUS,MEX,989,2018,9999
AUS,NZL,989,2018,9999
AUS,PER,989,2018,9999
AUS,SGP,989,2018,9999
AUS,VNM,989,2018,9999
BRN,CAN,989,2018,9999
BRN,CHL,989,2018,9999
BRN,JPN,989,2018,9999
BRN,MYS,989,2018,9999
BRN,MEX,989,2018,9999
BRN,NZL,989,2018,9999
BRN,PER,989,2018,9999
BRN,SGP,989,2018,9999
BRN,VNM,989,2018,9999
CAN,CHL,989,2018,9999
CAN,JPN,989,2018,9999
CAN,MYS,989,2018,9999
CAN,MEX,989,2018,9999
CAN,NZL,989,2018,9999
CAN,PER,989,2018,9999
CAN,SGP,989,2018,9999
CAN,VNM,989,2018,9999
CHL,JPN,989,2018,9999
CHL,MYS,989,2018,9999
CHL,MEX,989,2018,9999
CHL,NZL,989,2018,9999
CHL,PER,989,2018,9999
CHL,SGP,989,2018,9999
CHL,VNM,989,2018,9999
JPN,MYS,989,2018,9999
JPN,MEX,989,2018,9999
JPN,NZL,989,2018,9999
JPN,PER,989,2018,9999
JPN,SGP,989,2018,9999
JPN,VNM,989,2018,9999
MYS,MEX,989,2018,9999
MYS,NZL,989,2018,9999
MYS,PER,989,2018,9999
MYS,SGP,989,2018,9999
MYS,VNM,989,2018,9999
MEX,NZL,989,2018,9999
MEX,PER,989,2018,9999
MEX,SGP,989,2018,9999
MEX,VNM,989,2018,9999
NZL,PER,989,2018,9999
NZL,SGP,989,2018,9999
NZL,VNM,989,2018,9999
PER,SGP,989,2018,9999
PER,VNM,989,2018,9999
SGP,VNM,989,2018,9999
CHN,GEO,990,2018,9999
AUS,PER,992,2020,9999
ARG,CHL,993,2019,9999
ARM,IRN,995,2025,9999
BLR,IRN,995,2025,9999
IRN,KAZ,995,2025,9999
IRN,KGZ,995,2025,9999
IRN,RUS,995,2025,9999
ARG,COL,996,2017,9999
BRA,COL,996,2017,9999
COL,PRY,996,2017,9999
COL,URY,996,2017,9999
AUT,KAZ,997,2020,9999
BEL,KAZ,997,2020,9999
BGR,KAZ,997,2020,9999
HRV,KAZ,997,2020,9999
CYP,KAZ,997,2020,9999
CZE,KAZ,997,2020,9999
DNK,KAZ,997,2020,9999
EST,KAZ,997,2020,9999
FIN,KAZ,997,2020,9999
FRA,KAZ,997,2020,9999
DEU,KAZ,997,2020,9999
GRC,KAZ,997,2020,9999
HUN,KAZ,997,2020,9999
IRL,KAZ,997,2020,9999
ITA,KAZ,997,2020,9999
KAZ,LVA,997,2020,9999
KAZ,LTU,997,2020,9999
KAZ,LUX,997,2020,9999
KAZ,MLT,997,2020,9999
KAZ,NLD,997,2020,9999
KAZ,POL,997,2020,9999
KAZ,PRT,997,2020,9999
KAZ,ROU,997,2020,9999
KAZ,SVK,997,2020,9999
KAZ,SVN,997,2020,9999
KAZ,ESP,997,2020,9999
KAZ,SWE,997,2020,9999
KAZ,GBR,997,2020,2020
BRA,VEN,1003,2014,9999
CAN,MEX,1007,2020,9999
CAN,USA,1007,2020,9999
MEX,USA,1007,2020,9999
ECU,SLV,1012,2017,9999
GEO,HKG,1013,2019,9999
MEX,PER,1014,2012,9999
AUS,HKG,1015,2020,9999
AUS,GBR,1018,2023,9999
GEO,GBR,1022,2021,9999
ISL,NOR,1023,2021,9999
ISL,GBR,1023,2021,9999
NOR,GBR,1023,2021,9999
FJI,GBR,1031,2021,9999
PNG,GBR,1031,2021,9999
FJI,WSM,1031+1,2021,9999
PNG,WSM,1031+1,2021,9999
WSM,GBR,1031+1,2021,9999
FJI,SLB,1031+2,2021,9999
PNG,SLB,1031+2,2021,9999
WSM,SLB,1031+2,2021,9999
SLB,GBR,1031+2,2021,9999
COM,GBR,1035,2021,9999
MDG,GBR,1035,2021,9999
MUS,GBR,1035,2021,9999
SYC,GBR,1035,2021,9999
GBR,ZMB,1035,2021,9999
GBR,ZWE,1035,2021,9999
ATG,GBR,1036,2021,9999
BHS,GBR,1036,2021,9999
BRB,GBR,1036,2021,9999
BLZ,GBR,1036,2021,9999
DMA,GBR,1036,2021,9999
DOM,GBR,1036,2021,9999
GRD,GBR,1036,2021,9999
GUY,GBR,1036,2021,9999
HTI,GBR,1036,2021,9999
JAM,GBR,1036,2021,9999
KNA,GBR,1036,2021,9999
LCA,GBR,1036,2021,9999
VCT,GBR,1036,2021,9999
SUR,GBR,1036,2021,9999
TTO,GBR,1036,2021,9999
BWA,GBR,1037,2021,9999
SWZ,GBR,1037,2021,9999
LSO,GBR,1037,2021,9999
MOZ,GBR,1037,2021,9999
NAM,GBR,1037,2021,9999
ZAF,GBR,1037,2021,9999
BLR,KAZ,1040,2015,9999
BLR,RUS,1040,2015,9999
KAZ,RUS,1040,2015,9999
ARM,BLR,1040+1,2015,9999
ARM,KAZ,1040+1,2015,9999
ARM,RUS,1040+1,2015,9999
ARM,KGZ,1040+2,2015,9999
BLR,KGZ,1040+2,2015,9999
KAZ,KGZ,1040+2,2015,9999
KGZ,RUS,1040+2,2015,9999
PRY,TWN,1043,2018,9999
AUS,BRN,1044,2022,9999
AUS,KHM,1044,2022,9999
AUS,IDN,1044,2022,9999
AUS,LAO,1044,2022,9999
AUS,MYS,1044,2022,9999
AUS,MMR,1044,2022,9999
AUS,PHL,1044,2022,9999
AUS,SGP,1044,2022,9999
AUS,THA,1044,2022,9999
AUS,VNM,1044,2022,9999
BRN,CHN,1044,2022,9999
BRN,JPN,1044,2022,9999
BRN,NZL,1044,2022,9999
BRN,KOR,1044,2022,9999
KHM,CHN,1044,2022,9999
KHM,JPN,1044,2022,9999
KHM,NZL,1044,2022,9999
KHM,KOR,1044,2022,9999
CHN,IDN,1044,2022,9999
CHN,LAO,1044,2022,9999
CHN,MYS,1044,2022,9999
CHN,MMR,1044,2022,9999
CHN,PHL,1044,2022,9999
CHN,SGP,1044,2022,9999
CHN,THA,1044,2022,9999
CHN,VNM,1044,2022,9999
IDN,JPN,1044,2022,9999
IDN,NZL,1044,2022,9999
IDN,KOR,1044,2022,9999
JPN,LAO,1044,2022,9999
JPN,MYS,1044,2022,9999
JPN,MMR,1044,2022,9999
JPN,PHL,1044,2022,9999
JPN,SGP,1044,2022,9999
JPN,THA,1044,2022,9999
JPN,VNM,1044,2022,9999
LAO,NZL,1044,2022,9999
LAO,KOR,1044,2022,9999
MYS,NZL,1044,2022,9999
MYS,KOR,1044,2022,9999
MMR,NZL,1044,2022,9999
MMR,KOR,1044,2022,9999
NZL,PHL,1044,2022,9999
NZL,SGP,1044,2022,9999
NZL,THA,1044,2022,9999
NZL,VNM,1044,2022,9999
PHL,KOR,1044,2022,9999
SGP,KOR,1044,2022,9999
KOR,THA,1044,2022,9999
KOR,VNM,1044,2022,9999
AUT,GBR,1046,2021,9999
BEL,GBR,1046,2021,9999
BGR,GBR,1046,2021,9999
HRV,GBR,1046,2021,9999
CYP,GBR,1046,2021,9999
CZE,GBR,1046,2021,9999
DNK,GBR,1046,2021,9999
EST,GBR,1046,2021,9999
FIN,GBR,1046,2021,9999
FRA,GBR,1046,2021,9999
DEU,GBR,1046,2021,9999
GRC,GBR,1046,2021,9999
HUN,GBR,1046,2021,9999
IRL,GBR,1046,2021,9999
ITA,GBR,1046,2021,9999
LVA,GBR,1046,2021,9999
LTU,GBR,1046,2021,9999
LUX,GBR,1046,2021,9999
MLT,GBR,1046,2021,9999
NLD,GBR,1046,2021,9999
POL,GBR,1046,2021,9999
PRT,GBR,1046,2021,9999
ROU,GBR,1046,2021,9999
SVK,GBR,1046,2021,9999
SVN,GBR,1046,2021,9999
ESP,GBR,1046,2021,9999
SWE,GBR,1046,2021,9999
CHN,MUS,1047,2021,9999
TUR,GBR,1048,2021,9999
JPN,GBR,1049,2021,9999
CIV,GBR,1051,2021,9999
KEN,GBR,1052,2021,9999
MDA,GBR,1053,2021,9999
UKR,GBR,1056,2021,9999
CMR,GBR,1058,2021,9999
ISR,UKR,1061,2021,9999
AUT,MDG,1062,2012,9999
AUT,MUS,1062,2012,9999
AUT,SYC,1062,2012,9999
AUT,ZWE,1062,2012,9999
BEL,MDG,1062,2012,9999
BEL,MUS,1062,2012,9999
BEL,SYC,1062,2012,9999
BEL,ZWE,1062,2012,9999
BGR,MDG,1062,2012,9999
BGR,MUS,1062,2012,9999
BGR,SYC,1062,2012,9999
BGR,ZWE,1062,2012,9999
CYP,MDG,1062,2012,9999
CYP,MUS,1062,2012,9999
CYP,SYC,1062,2012,9999
CYP,ZWE,1062,2012,9999
CZE,MDG,1062,2012,9999
CZE,MUS,1062,2012,9999
CZE,SYC,1062,2012,9999
CZE,ZWE,1062,2012,9999
DNK,MDG,1062,2012,9999
DNK,MUS,1062,2012,9999
DNK,SYC,1062,2012,9999
DNK,ZWE,1062,2012,9999
EST,MDG,1062,2012,9999
EST,MUS,1062,2012,9999
EST,SYC,1062,2012,9999
EST,ZWE,1062,2012,9999
FIN,MDG,1062,2012,9999
FIN,MUS,1062,2012,9999
FIN,SYC,1062,2012,9999
FIN,ZWE,1062,2012,9999
FRA,MDG,1062,2012,9999
FRA,MUS,1062,2012,9999
FRA,SYC,1062,2012,9999
FRA,ZWE,1062,2012,9999
DEU,MDG,1062,2012,9999
DEU,MUS,1062,2012,9999
DEU,SYC,1062,2012,9999
DEU,ZWE,1062,2012,9999
GRC,MDG,1062,2012,9999
GRC,MUS,1062,2012,9999
GRC,SYC,1062,2012,9999
GRC,ZWE,1062,2012,9999
HUN,MDG,1062,2012,9999
HUN,MUS,1062,2012,9999
HUN,SYC,1062,2012,9999
HUN,ZWE,1062,2012,9999
IRL,MDG,1062,2012,9999
IRL,MUS,1062,2012,9999
IRL,SYC,1062,2012,9999
IRL,ZWE,1062,2012,9999
ITA,MDG,1062,2012,9999
ITA,MUS,1062,2012,9999
ITA,SYC,1062,2012,9999
ITA,ZWE,1062,2012,9999
LVA,MDG,1062,2012,9999
LVA,MUS,1062,2012,9999
LVA,SYC,1062,2012,9999
LVA,ZWE,1062,2012,9999
LTU,MDG,1062,2012,9999
LTU,MUS,1062,2012,9999
LTU,SYC,1062,2012,9999
LTU,ZWE,1062,2012,9999
LUX,MDG,1062,2012,9999
LUX,MUS,1062,2012,9999
LUX,SYC,1062,2012,9999
LUX,ZWE,1062,2012,9999
MDG,MLT,1062,2012,9999
MDG,NLD,1062,2012,9999
MDG,POL,1062,2012,9999
MDG,PRT,1062,2012,9999
MDG,ROU,1062,2012,9999
MDG,SVK,1062,2012,9999
MDG,SVN,1062,2012,9999
MDG,ESP,1062,2012,9999
MDG,SWE,1062,2012,9999
MDG,GBR,1062,2012,9999
MLT,MUS,1062,2012,9999
MLT,SYC,1062,2012,9999
MLT,ZWE,1062,2012,9999
MUS,NLD,1062,2012,9999
MUS,POL,1062,2012,9999
MUS,PRT,1062,2012,9999
MUS,ROU,1062,2012,9999
MUS,SVK,1062,2012,9999
MUS,SVN,1062,2012,9999
MUS,ESP,1062,2012,9999
MUS,SWE,1062,2012,9999
MUS,GBR,1062,2012,9999
NLD,SYC,1062,2012,9999
NLD,ZWE,1062,2012,9999
POL,SYC,1062,2012,9999
POL,ZWE,1062,2012,9999
PRT,SYC,1062,2012,9999
PRT,ZWE,1062,2012,9999
ROU,SYC,1062,2012,9999
ROU,ZWE,1062,2012,9999
SYC,SVK,1062,2012,9999
SYC,SVN,1062,2012,9999
SYC,ESP,1062,2012,9999
SYC,SWE,1062,2012,9999
SYC,GBR,1062,2012,9999
SVK,ZWE,1062,2012,9999
SVN,ZWE,1062,2012,9999
ESP,ZWE,1062,2012,9999
SWE,ZWE,1062,2012,9999
GBR,ZWE,1062,2012,9999
HRV,MDG,1062+1,2013,9999
HRV,MUS,1062+1,2013,9999
HRV,SYC,1062+1,2013,9999
HRV,ZWE,1062+1,2013,9999
AUT,COM,1062+2,2019,9999
BEL,COM,1062+2,2019,9999
BGR,COM,1062+2,2019,9999
COM,HRV,1062+2,2019,9999
COM,CYP,1062+2,2019,9999
COM,CZE,1062+2,2019,9999
COM,DNK,1062+2,2019,9999
COM,EST,1062+2,2019,9999
COM,FIN,1062+2,2019,9999
COM,FRA,1062+2,2019,9999
COM,DEU,1062+2,2019,9999
COM,GRC,1062+2,2019,9999
COM,HUN,1062+2,2019,9999
COM,IRL,1062+2,2019,9999
COM,ITA,1062+2,2019,9999
COM,LVA,1062+2,2019,9999
COM,LTU,1062+2,2019,9999
COM,LUX,1062+2,2019,9999
COM,MLT,1062+2,2019,9999
COM,NLD,1062+2,2019,9999
COM,POL,1062+2,2019,9999
COM,PRT,1062+2,2019,9999
COM,ROU,1062+2,2019,9999
COM,SVK,1062+2,2019,9999
COM,SVN,1062+2,2019,9999
COM,ESP,1062+2,2019,9999
COM,SWE,1062+2,2019,9999
BRN,HKG,1063,2019,9999
KHM,HKG,1063,2019,9999
HKG,IDN,1063,2019,9999
HKG,LAO,1063,2019,9999
HKG,MYS,1063,2019,9999
HKG,MMR,1063,2019,9999
HKG,PHL,1063,2019,9999
HKG,SGP,1063,2019,9999
HKG,THA,1063,2019,9999
HKG,VNM,1063,2019,9999
ECU,GTM,1064,2013,9999
GHA,GBR,1066,2021,9999
ALB,GBR,1067,2021,9999
KHM,KOR,1072,2022,9999
BRA,CHL,1073,2022,9999
ISR,KOR,1076,2022,9999
SRB,GBR,1078,2021,9999
AUS,GBR,1081,1956,9999
KAZ,SRB,1083,2011,9999
ARM,SRB,1084,2021,9999
BLR,SRB,1084,2021,9999
KAZ,SRB,1084,2021,9999
KGZ,SRB,1084,2021,9999
RUS,SRB,1084,2021,9999
IDN,ARE,1085,2023,9999
XKX,TUR,1089,2019,9999
IND,ARE,1092,2022,9999
JPN,USA,1095,2020,9999
JPN,USA,1142a,2020,9999
FRO,TUR,1097,2017,9999
PAK,UZB,1098,2022,9999
CHN,ECU,1099,2024,9999
TUR,VEN,1100,2020,9999
ISL,MDA,1102,2025,9999
LIE,MDA,1102,2025,9999
MDA,NOR,1102,2025,9999
MDA,CHE,1102,2025,9999
TUR,ARE,1106,2023,9999
CHN,SRB,1107,2024,9999
ISR,VNM,1117,2024,9999
CAN,IDN,1119,2026,9999
CRI,ARE,1126,2025,9999
MUS,ARE,1132,2025,9999
LKA,THA,1133,2025,9999
KHM,ARE,1135,2024,9999
AUT,CHL,1139,2025,9999
BEL,CHL,1139,2025,9999
BGR,CHL,1139,2025,9999
CHL,HRV,1139,2025,9999
CHL,CYP,1139,2025,9999
CHL,CZE,1139,2025,9999
CHL,DNK,1139,2025,9999
CHL,EST,1139,2025,9999
CHL,FIN,1139,2025,9999
CHL,FRA,1139,2025,9999
CHL,DEU,1139,2025,9999
CHL,GRC,1139,2025,9999
CHL,HUN,1139,2025,9999
CHL,IRL,1139,2025,9999
CHL,ITA,1139,2025,9999
CHL,LVA,1139,2025,9999
CHL,LTU,1139,2025,9999
CHL,LUX,1139,2025,9999
CHL,MLT,1139,2025,9999
CHL,NLD,1139,2025,9999
CHL,POL,1139,2025,9999
CHL,PRT,1139,2025,9999
CHL,ROU,1139,2025,9999
CHL,SVK,1139,2025,9999
CHL,SVN,1139,2025,9999
CHL,ESP,1139,2025,9999
CHL,SWE,1139,2025,9999
