ISO3,year,D_pend
ABW,1989,0.0
AGO,1989,0.0
AIA,1989,0.0
ARE,1989,0.5079365079365079
ARG,1989,0.0
ATG,1989,0.0
AUS,1989,0.0
AUT,1989,0.0
BDI,1989,0.0
BEL,1989,0.0
BEN,1989,0.0
BFA,1989,0.0
BGD,1989,0.0
BGR,1989,0.0
BHR,1989,0.5079365079365079
BHS,1989,0.0
BLZ,1989,0.0
BMU,1989,0.0
BOL,1989,0.0
BRA,1989,0.0
BRB,1989,0.0
BTN,1989,0.0
BWA,1989,0.0
CAF,1989,0.0
CAN,1989,0.0
CHE,1989,0.0
CHL,1989,0.0
CIV,1989,0.0
CMR,1989,0.0
COD,1989,0.0
COG,1989,0.0
COK,1989,0.0
COL,1989,0.0
COM,1989,0.0
CRI,1989,0.0
CUB,1989,0.0
CYM,1989,0.0
CYP,1989,0.0
CZE,1989,0.0
DEU,1989,0.0
DJI,1989,0.5079365079365079
DMA,1989,0.0
DNK,1989,0.0
DOM,1989,0.0
DZA,1989,0.5079365079365079
ECU,1989,0.0
EGY,1989,0.0
ESP,1989,0.0
ETH,1989,0.0
FIN,1989,0.0
FJI,1989,0.0
FRA,1989,0.0
FRO,1989,0.0
FSM,1989,0.0
GAB,1989,0.0
GBR,1989,0.0
GHA,1989,0.0
GIN,1989,0.0
GMB,1989,0.0
GNB,1989,0.0
GNQ,1989,0.0
GRC,1989,0.0
GRD,1989,0.0
GRL,1989,0.0
GTM,1989,0.0
GUY,1989,0.0
HND,1989,0.0
HTI,1989,0.0
HUN,1989,0.0
IDN,1989,0.0
IND,1989,0.0
IRL,1989,0.0
IRN,1989,0.0
IRQ,1989,0.5079365079365079
ISL,1989,0.0
ISR,1989,0.0
ITA,1989,0.0
JAM,1989,0.0
JOR,1989,0.5079365079365079
KEN,1989,0.0
KIR,1989,0.0
KNA,1989,0.0
KOR,1989,0.0
KWT,1989,0.5079365079365079
LAO,1989,0.0
LBN,1989,0.5079365079365079
LBR,1989,0.0
LBY,1989,0.5079365079365079
LCA,1989,0.0
LIE,1989,0.0
LKA,1989,0.0
LSO,1989,0.0
LUX,1989,0.0
MAR,1989,0.5079365079365079
MCO,1989,0.0
MDG,1989,0.0
MEX,1989,0.0
MHL,1989,0.0
MLI,1989,0.0
MLT,1989,0.0
MOZ,1989,0.0
MRT,1989,0.5079365079365079
MSR,1989,0.0
MUS,1989,0.0
MWI,1989,0.0
MYS,1989,0.0
NCL,1989,0.0
NER,1989,0.0
NGA,1989,0.0
NIC,1989,0.0
NIU,1989,0.0
NLD,1989,0.0
NOR,1989,0.0
NRU,1989,0.0
NZL,1989,0.0
OMN,1989,0.5079365079365079
PAK,1989,0.0
PAN,1989,0.0
PCN,1989,0.0
PER,1989,0.0
PHL,1989,0.0
PNG,1989,0.0
POL,1989,0.0
PRK,1989,0.0
PRT,1989,0.0
PRY,1989,0.0
PSE,1989,0.5079365079365079
PYF,1989,0.0
QAT,1989,0.5079365079365079
ROU,1989,0.0
RWA,1989,0.0
SAU,1989,0.5079365079365079
SDN,1989,0.5079365079365079
SEN,1989,0.0
SGP,1989,0.0
SLB,1989,0.0
SLE,1989,0.0
SLV,1989,0.0
SOM,1989,0.5079365079365079
SPM,1989,0.0
SRB,1989,0.0
STP,1989,0.0
SWE,1989,0.0
SWZ,1989,0.0
SYC,1989,0.0
SYR,1989,0.5079365079365079
TCA,1989,0.0
TCD,1989,0.0
TGO,1989,0.0
THA,1989,0.0
TON,1989,0.0
TTO,1989,0.0
TUN,1989,0.5079365079365079
TUR,1989,0.0
TUV,1989,0.0
TZA,1989,0.0
UGA,1989,0.0
URY,1989,0.0
USA,1989,0.0
VCT,1989,0.0
VEN,1989,0.0
VNM,1989,0.0
VUT,1989,0.0
WLF,1989,0.0
WSM,1989,0.0
YEM,1989,0.5079365079365079
YUG,1989,0.0
ZAF,1989,0.0
ZMB,1989,0.0
ZWE,1989,0.0
ABW,1990,0.0
AGO,1990,0.0
AIA,1990,0.0
AND,1990,0.0
ARE,1990,0.5079365079365079
ARG,1990,0.0
ATG,1990,0.0
AUS,1990,0.0
AUT,1990,0.0
BDI,1990,0.0
BEL,1990,0.0
BEN,1990,0.0
BFA,1990,0.0
BGD,1990,0.0
BGR,1990,0.0
BHR,1990,0.5079365079365079
BHS,1990,0.0
BLZ,1990,0.0
BMU,1990,0.0
BOL,1990,0.0
BRA,1990,0.0
BRB,1990,0.0
BTN,1990,0.0
BWA,1990,0.0
CAF,1990,0.0
CAN,1990,0.0
CHE,1990,0.0
CHL,1990,0.0
CIV,1990,0.0
CMR,1990,0.0
COD,1990,0.0
COG,1990,0.0
COK,1990,0.0
COL,1990,0.0
COM,1990,0.0
CRI,1990,0.0
CUB,1990,0.0
CYM,1990,0.0
CYP,1990,0.0
CZE,1990,0.0
DEU,1990,0.0
DJI,1990,0.5079365079365079
DMA,1990,0.0
DNK,1990,0.0
DOM,1990,0.0
DZA,1990,0.5079365079365079
ECU,1990,0.0
EGY,1990,0.0
ESP,1990,0.0
ETH,1990,0.0
FIN,1990,0.0
FJI,1990,0.0
FRA,1990,0.0
FRO,1990,0.0
FSM,1990,0.0
GAB,1990,0.0
GBR,1990,0.0
GHA,1990,0.0
GIN,1990,0.0
GMB,1990,0.0
GNB,1990,0.0
GNQ,1990,0.0
GRC,1990,0.0
GRD,1990,0.0
GRL,1990,0.0
GTM,1990,0.0
GUY,1990,0.0
HND,1990,0.0
HTI,1990,0.0
HUN,1990,0.0
IDN,1990,0.0
IND,1990,0.0
IRL,1990,0.0
IRN,1990,0.0
IRQ,1990,0.5079365079365079
ISL,1990,0.0
ISR,1990,0.0
ITA,1990,0.0
JAM,1990,0.0
JOR,1990,0.5079365079365079
KEN,1990,0.0
KIR,1990,0.0
KNA,1990,0.0
KOR,1990,0.0
KWT,1990,0.5079365079365079
LAO,1990,0.0
LBN,1990,0.5079365079365079
LBR,1990,0.0
LBY,1990,0.5079365079365079
LCA,1990,0.0
LIE,1990,0.0
LKA,1990,0.0
LSO,1990,0.0
LUX,1990,0.0
MAR,1990,0.5079365079365079
MCO,1990,0.0
MDG,1990,0.0
MEX,1990,0.0
MHL,1990,0.0
MLI,1990,0.0
MLT,1990,0.0
MOZ,1990,0.0
MRT,1990,0.5079365079365079
MSR,1990,0.0
MUS,1990,0.0
MWI,1990,0.0
MYS,1990,0.0
NCL,1990,0.0
NER,1990,0.0
NGA,1990,0.0
NIC,1990,0.0
NIU,1990,0.0
NLD,1990,0.0
NOR,1990,0.0
NRU,1990,0.0
NZL,1990,0.0
OMN,1990,0.5079365079365079
PAK,1990,0.0
PAN,1990,0.0
PCN,1990,0.0
PER,1990,0.0
PHL,1990,0.0
PNG,1990,0.0
POL,1990,0.0
PRK,1990,0.0
PRT,1990,0.0
PRY,1990,0.0
PSE,1990,0.5079365079365079
PYF,1990,0.0
QAT,1990,0.5079365079365079
ROU,1990,0.0
RWA,1990,0.0
SAU,1990,0.5079365079365079
SDN,1990,0.5079365079365079
SEN,1990,0.0
SGP,1990,0.0
SLB,1990,0.0
SLE,1990,0.0
SLV,1990,0.0
SOM,1990,0.5079365079365079
SPM,1990,0.0
SRB,1990,0.0
STP,1990,0.0
SWE,1990,0.0
SWZ,1990,0.0
SYC,1990,0.0
SYR,1990,0.5079365079365079
TCA,1990,0.0
TCD,1990,0.0
TGO,1990,0.0
THA,1990,0.0
TON,1990,0.0
TTO,1990,0.0
TUN,1990,0.5079365079365079
TUR,1990,0.0
TUV,1990,0.0
TZA,1990,0.0
UGA,1990,0.0
URY,1990,0.0
USA,1990,0.0
VCT,1990,0.0
VEN,1990,0.0
VNM,1990,0.0
VUT,1990,0.0
WLF,1990,0.0
WSM,1990,0.0
YEM,1990,0.5079365079365079
YUG,1990,0.0
ZAF,1990,0.0
ZMB,1990,0.0
ZWE,1990,0.0
ABW,1991,0.0
AGO,1991,0.18311533888228304
AIA,1991,0.0
AND,1991,0.0
ARE,1991,0.5079365079365079
ARG,1991,0.0
ATG,1991,0.0
AUS,1991,0.0
AUT,1991,0.0
BDI,1991,0.18311533888228304
BEL,1991,0.0
BEN,1991,0.7586206896551724
BFA,1991,0.7586206896551724
BGD,1991,0.0
BGR,1991,0.0
BHR,1991,0.5079365079365079
BHS,1991,0.0
BLZ,1991,0.0
BMU,1991,0.0
BOL,1991,0.0
BRA,1991,0.0
BRB,1991,0.0
BTN,1991,0.0
BWA,1991,0.09010437310080588
CAF,1991,0.7586206896551722
CAN,1991,0.0
CHE,1991,0.0
CHL,1991,0.8804788837629558
CIV,1991,0.7586206896551724
CMR,1991,0.7586206896551722
COD,1991,0.18311533888228304
COG,1991,0.7586206896551722
COK,1991,0.0
COL,1991,0.0
COM,1991,0.18311533888228304
CPV,1991,0.7586206896551724
CRI,1991,0.0
CUB,1991,0.0
CYM,1991,0.0
CYP,1991,0.0
CZE,1991,3.0344827586206895
DEU,1991,0.0
DJI,1991,0.691051846818791
DMA,1991,0.0
DNK,1991,0.0
DOM,1991,0.0
DZA,1991,1.2665571975916803
ECU,1991,0.0
EGY,1991,0.09038328380471372
ESH,1991,0.7586206896551724
ESP,1991,9.57456336436735e-13
EST,1991,0.0
ETH,1991,0.18311533888228304
FIN,1991,0.0
FJI,1991,0.0
FRA,1991,0.0
FRO,1991,0.5079365079365079
FSM,1991,0.0
GAB,1991,0.7586206896551722
GBR,1991,0.0
GHA,1991,0.7586206896551724
GIN,1991,0.7586206896551724
GMB,1991,0.7586206896551724
GNB,1991,0.7586206896551724
GNQ,1991,0.7586206896551722
GRC,1991,0.0
GRD,1991,0.0
GRL,1991,0.0
GTM,1991,0.0
GUY,1991,0.0
HND,1991,0.0
HTI,1991,0.0
HUN,1991,4.11504424778761
IDN,1991,0.0
IND,1991,0.0
IRL,1991,0.0
IRN,1991,0.0
IRQ,1991,0.5079365079365079
ISL,1991,0.0
ISR,1991,0.0
ITA,1991,0.0
JAM,1991,0.0
JOR,1991,0.5079365079365079
KEN,1991,0.04420025421296536
KIR,1991,0.0
KNA,1991,0.0
KOR,1991,0.0
KWT,1991,0.5079365079365079
LAO,1991,0.0
LBN,1991,0.5079365079365079
LBR,1991,0.7586206896551724
LBY,1991,1.2665571975916803
LCA,1991,0.0
LIE,1991,2.999378523327323e-12
LKA,1991,0.0
LSO,1991,0.09010437310080588
LTU,1991,0.0
LUX,1991,0.0
MAR,1991,0.5079365079365079
MCO,1991,0.0
MDG,1991,0.18311533888228304
MEX,1991,1.0158730158735239
MHL,1991,0.0
MLI,1991,0.7586206896551724
MLT,1991,0.0
MOZ,1991,0.18311533888228304
MRT,1991,1.2665571975916803
MSR,1991,0.0
MUS,1991,0.18311533888228304
MWI,1991,0.18311533888228304
MYS,1991,0.0
NAM,1991,0.7586206896551724
NCL,1991,0.0
NER,1991,0.7586206896551724
NGA,1991,0.7586206896551724
NIC,1991,0.0
NIU,1991,0.0
NLD,1991,0.0
NOR,1991,0.0
NPL,1991,0.0
NRU,1991,0.0
NZL,1991,0.0
OMN,1991,0.5079365079365079
PAK,1991,0.0
PAN,1991,0.0
PCN,1991,0.0
PER,1991,0.0
PHL,1991,0.0
PNG,1991,0.0
POL,1991,3.793103448275862
PRK,1991,0.0
PRT,1991,9.57456336436735e-13
PRY,1991,0.0
PSE,1991,0.5079365079365079
PYF,1991,0.0
QAT,1991,0.5079365079365079
ROU,1991,0.0
RWA,1991,0.18311533888228304
SAU,1991,0.5079365079365079
SDN,1991,1.2665571975916803
SEN,1991,0.7586206896551724
SGP,1991,0.0
SLB,1991,0.0
SLE,1991,0.7586206896551724
SLV,1991,0.0
SMR,1991,0.0
SOM,1991,0.691051846818791
SPM,1991,0.0
SRB,1991,0.0
STP,1991,0.7586206896551722
SWE,1991,0.0
SWZ,1991,0.09010437310080588
SYC,1991,0.18311533888228304
SYR,1991,0.5079365079365079
TCA,1991,0.0
TCD,1991,0.7586206896551722
TGO,1991,0.7586206896551724
THA,1991,0.0
TON,1991,0.0
TTO,1991,0.0
TUN,1991,1.2665571975916803
TUR,1991,2.0582639714604865
TUV,1991,0.0
TZA,1991,0.04420025421296536
UGA,1991,0.04420025421296536
URY,1991,0.0
USA,1991,0.0
VCT,1991,0.0
VEN,1991,0.0
VNM,1991,0.0
VUT,1991,0.0
WLF,1991,0.0
WSM,1991,0.0
YEM,1991,0.5079365079365079
YUG,1991,0.0
ZAF,1991,0.0
ZMB,1991,0.18311533888228304
ZWE,1991,0.18311533888228304
ABW,1992,0.0
AGO,1992,0.18311533888228304
AIA,1992,0.0
AND,1992,0.0
ARE,1992,0.5079365079365079
ARG,1992,0.0
ARM,1992,0.999999999999
ATG,1992,0.24993701184177342
AUS,1992,0.0
AUT,1992,0.0
AZE,1992,0.999999999999
BDI,1992,0.18311533888228304
BEL,1992,0.0
BEN,1992,0.7586206896551724
BFA,1992,0.7586206896551724
BGD,1992,0.0
BGR,1992,0.0
BHR,1992,0.5079365079365079
BHS,1992,0.5079365079365075
BLR,1992,0.999999999999
BLZ,1992,0.5079365079365079
BMU,1992,0.0
BOL,1992,0.0
BRA,1992,0.0
BRB,1992,0.5079365079365079
BRN,1992,0.0
BTN,1992,0.0
BWA,1992,0.09010437310080588
CAF,1992,0.7586206896551722
CAN,1992,4.3539823008806025
CHE,1992,0.0
CHL,1992,0.0
CIV,1992,0.7586206896551724
CMR,1992,0.7586206896551722
COD,1992,0.18311533888228304
COG,1992,0.7586206896551722
COK,1992,0.0
COL,1992,0.0
COM,1992,0.18311533888228304
CPV,1992,0.7586206896551724
CRI,1992,0.0
CUB,1992,0.0
CYM,1992,0.0
CYP,1992,0.0
CZE,1992,4.002816231421032
DEU,1992,0.0
DJI,1992,0.691051846818791
DMA,1992,0.24993701184177342
DNK,1992,0.0
DOM,1992,0.0
DZA,1992,1.2665571975916803
ECU,1992,0.0
EGY,1992,0.09038328380471372
ESH,1992,0.7586206896551724
ESP,1992,1.000088900582341e-12
EST,1992,0.7578735197782818
ETH,1992,0.18311533888228304
FIN,1992,0.0
FJI,1992,0.0
FRA,1992,0.0
FRO,1992,3.372921890682309
FSM,1992,0.0
GAB,1992,0.7586206896551722
GBR,1992,0.0
GHA,1992,0.7586206896551724
GIN,1992,0.7586206896551724
GMB,1992,0.7586206896551724
GNB,1992,0.7586206896551724
GNQ,1992,0.7586206896551722
GRC,1992,0.0
GRD,1992,0.24993701184177342
GRL,1992,0.0
GTM,1992,0.0
GUY,1992,0.5079365079365079
HND,1992,0.0
HTI,1992,0.0
HUN,1992,4.2493133963991445
IDN,1992,0.0
IND,1992,0.0
IRL,1992,0.0
IRN,1992,0.0
IRQ,1992,0.5079365079365079
ISL,1992,0.0
ISR,1992,2.999378523327323e-12
ITA,1992,0.0
JAM,1992,0.5079365079365079
JOR,1992,0.5079365079365079
KAZ,1992,0.0
KEN,1992,0.04420025421296536
KGZ,1992,0.999999999999
KIR,1992,0.0
KNA,1992,0.24993701184177342
KOR,1992,0.0
KWT,1992,0.5079365079365079
LAO,1992,0.0
LBN,1992,0.5079365079365079
LBR,1992,0.7586206896551724
LBY,1992,1.2665571975916803
LCA,1992,0.24993701184177342
LIE,1992,1.9841905896100798e-12
LKA,1992,0.0
LSO,1992,0.09010437310080588
LTU,1992,0.7578735197782818
LUX,1992,0.0
LVA,1992,0.8808583986210592
MAR,1992,0.5079365079365079
MCO,1992,0.0
MDG,1992,0.18311533888228304
MEX,1992,3.984126984123492
MHL,1992,0.0
MLI,1992,0.7586206896551724
MLT,1992,0.0
MOZ,1992,0.18311533888228304
MRT,1992,1.2665571975916803
MSR,1992,0.24993701184177386
MUS,1992,0.18311533888228304
MWI,1992,0.18311533888228304
MYS,1992,0.0
NAM,1992,1.7586206896541725
NCL,1992,0.0
NER,1992,0.7586206896551724
NGA,1992,0.7586206896551724
NIC,1992,0.0
NIU,1992,0.0
NLD,1992,0.0
NOR,1992,0.0
NPL,1992,0.0
NRU,1992,0.0
NZL,1992,0.0
OMN,1992,0.5079365079365079
PAK,1992,0.0
PAN,1992,0.0
PCN,1992,0.0
PER,1992,0.0
PHL,1992,0.0
PNG,1992,0.0
POL,1992,4.51374969329785
PRK,1992,0.0
PRT,1992,1.000088900582341e-12
PRY,1992,0.0
PSE,1992,0.5079365079365079
PYF,1992,0.0
QAT,1992,0.5079365079365079
ROU,1992,1.0158730158730158
RUS,1992,1.0
RWA,1992,0.18311533888228304
SAU,1992,0.5079365079365079
SDN,1992,1.2665571975916803
SEN,1992,0.7586206896551724
SGP,1992,0.0
SLB,1992,0.0
SLE,1992,0.7586206896551724
SLV,1992,0.0
SMR,1992,0.0
SOM,1992,0.691051846818791
SPM,1992,0.0
SRB,1992,0.0
STP,1992,0.7586206896551722
SVK,1992,3.345040711839613
SWE,1992,0.0
SWZ,1992,0.09010437310080588
SYC,1992,0.18311533888228304
SYR,1992,0.5079365079365079
TCA,1992,0.0
TCD,1992,0.7586206896551722
TGO,1992,0.7586206896551724
THA,1992,0.0
TJK,1992,0.999999999999
TKM,1992,0.999999999999
TON,1992,0.0
TTO,1992,0.5079365079365079
TUN,1992,1.2665571975916803
TUR,1992,0.0
TUV,1992,0.0
TZA,1992,0.04420025421296536
UGA,1992,0.04420025421296536
UKR,1992,0.999999999999
URY,1992,0.0
USA,1992,0.1769911504464785
UZB,1992,0.999999999999
VCT,1992,0.24993701184177342
VEN,1992,0.7578735197782817
VNM,1992,0.0
VUT,1992,0.0
WLF,1992,0.0
WSM,1992,0.0
YEM,1992,0.5079365079365079
YUG,1992,0.0
ZAF,1992,0.0
ZMB,1992,0.18311533888228304
ZWE,1992,1.1831153388812832
ABW,1993,0.0
AGO,1993,2.2413793103427695
AIA,1993,0.0
AND,1993,0.0
ARE,1993,0.5079365079365079
ARG,1993,0.0
ARM,1993,9.999778782798785e-13
ATG,1993,0.0
AUS,1993,0.0
AUT,1993,0.0
AZE,1993,0.0
BDI,1993,1.4827586206883554
BEL,1993,0.0
BEN,1993,0.7586206896551724
BFA,1993,0.7586206896551724
BGD,1993,0.0
BGR,1993,0.0
BHR,1993,0.5079365079365079
BHS,1993,0.0
BLR,1993,9.999778782798785e-13
BLZ,1993,0.0
BMU,1993,0.0
BOL,1993,0.0
BRA,1993,0.0
BRB,1993,0.0
BRN,1993,0.0
BTN,1993,0.0
BWA,1993,0.09010437310080588
CAF,1993,0.7586206896551722
CAN,1993,4.3539823008806025
CHE,1993,0.0
CHL,1993,0.0173058121277192
CIV,1993,0.7586206896551724
CMR,1993,0.7586206896551722
COD,1993,1.4827586206883554
COG,1993,0.7586206896551722
COK,1993,0.0
COL,1993,0.12260536398467448
COM,1993,2.2413793103427695
CPV,1993,0.7586206896551724
CRI,1993,0.0
CUB,1993,0.0
CYM,1993,0.0
CYP,1993,0.0
CZE,1993,0.6603529218690971
DEU,1993,0.0
DJI,1993,2.2413793103432775
DMA,1993,0.0
DNK,1993,0.0
DOM,1993,0.0
DZA,1993,1.2665571975916803
ECU,1993,0.0
EGY,1993,0.09038328380471372
ERI,1993,2.999999999997
ESH,1993,0.7586206896551724
ESP,1993,5.861977570020827e-14
EST,1993,1.2219258641444375
ETH,1993,2.2413793103427695
FIN,1993,0.0
FJI,1993,0.0
FRA,1993,0.0
FRO,1993,0.0
FSM,1993,0.0
GAB,1993,0.7586206896551722
GBR,1993,0.0
GHA,1993,0.7586206896551724
GIN,1993,0.7586206896551724
GMB,1993,0.7586206896551724
GNB,1993,0.7586206896551724
GNQ,1993,0.7586206896551722
GRC,1993,0.0
GRD,1993,0.0
GRL,1993,0.0
GTM,1993,0.0
GUY,1993,0.0
HND,1993,0.0
HTI,1993,0.0
HUN,1993,3.339987162354129
IDN,1993,0.0
IND,1993,0.0
IRL,1993,0.0
IRN,1993,0.0
IRQ,1993,0.5079365079365079
ISL,1993,0.0
ISR,1993,0.0
ITA,1993,0.0
JAM,1993,0.0
JOR,1993,0.5079365079365079
KAZ,1993,0.0
KEN,1993,1.2996432818061168
KGZ,1993,0.0
KHM,1993,0.0
KIR,1993,0.0
KNA,1993,0.0
KOR,1993,0.0
KWT,1993,0.5079365079365079
LAO,1993,0.0
LBN,1993,0.5079365079365079
LBR,1993,0.7586206896551724
LBY,1993,1.2665571975916803
LCA,1993,0.0
LIE,1993,1.4974688156144111e-12
LKA,1993,0.0
LSO,1993,2.1187739463581248
LTU,1993,0.3729218906845513
LUX,1993,0.0
LVA,1993,0.31045338079615625
MAR,1993,0.5079365079365079
MCO,1993,0.0
MDA,1993,9.999778782798785e-13
MDG,1993,2.2413793103427695
MDV,1993,0.0
MEX,1993,3.984126984123492
MHL,1993,0.0
MLI,1993,0.7586206896551724
MLT,1993,0.0
MMR,1993,0.0
MOZ,1993,2.2413793103427695
MRT,1993,0.7586206896556802
MSR,1993,0.0
MUS,1993,2.2413793103427695
MWI,1993,2.2413793103427695
MYS,1993,0.0
NAM,1993,2.9999999999977587
NCL,1993,0.0
NER,1993,0.7586206896551724
NGA,1993,0.7586206896551724
NIC,1993,0.0
NIU,1993,0.0
NLD,1993,0.0
NOR,1993,0.0
NPL,1993,0.0
NRU,1993,0.0
NZL,1993,0.0
OMN,1993,0.5079365079365079
PAK,1993,0.0
PAN,1993,0.5079365079365079
PCN,1993,0.0
PER,1993,0.0
PHL,1993,0.0
PNG,1993,0.0
POL,1993,3.1245871317214955
PRK,1993,0.0
PRT,1993,5.861977570020827e-14
PRY,1993,0.0
PSE,1993,0.5079365079365079
PYF,1993,0.0
QAT,1993,0.5079365079365079
ROU,1993,0.0
RUS,1993,0.0
RWA,1993,1.4827586206883554
SAU,1993,0.5079365079365079
SDN,1993,2.9999999999982667
SEN,1993,0.7586206896551724
SGP,1993,0.0
SLB,1993,0.0
SLE,1993,0.7586206896551724
SLV,1993,0.0
SMR,1993,0.0
SOM,1993,0.691051846818791
SPM,1993,0.0
SRB,1993,0.0
STP,1993,0.7586206896551722
SVK,1993,0.7946220704806315
SVN,1993,0.7578735197782817
SWE,1993,0.0
SWZ,1993,2.1187739463581248
SYC,1993,0.18311533888228304
SYR,1993,0.5079365079365079
TCA,1993,0.0
TCD,1993,0.7586206896551722
TGO,1993,0.7586206896551724
THA,1993,0.0
TJK,1993,0.0
TKM,1993,0.0
TON,1993,0.0
TTO,1993,0.0
TUN,1993,1.2665571975916803
TUR,1993,0.0
TUV,1993,0.0
TZA,1993,1.2996432818061168
UGA,1993,1.2996432818061168
UKR,1993,0.999999999999
URY,1993,0.0
USA,1993,0.1769911504464785
UZB,1993,0.0
VCT,1993,0.0
VEN,1993,1.2722180973339845
VNM,1993,0.0
VUT,1993,0.0
WLF,1993,0.0
WSM,1993,0.0
YEM,1993,0.5079365079365079
YUG,1993,0.0
ZAF,1993,0.0
ZMB,1993,2.2413793103427695
ZWE,1993,2.241379310342769
ABW,1994,0.0
AGO,1994,0.0
AIA,1994,0.0
AND,1994,0.0
ARE,1994,0.5079365079365079
ARG,1994,0.0
ARM,1994,0.0
ATG,1994,0.12298487884277787
AUS,1994,0.0
AUT,1994,0.0
AZE,1994,0.0
BDI,1994,0.0
BEL,1994,0.0
BEN,1994,0.0
BFA,1994,0.0
BGD,1994,0.0
BGR,1994,0.7648711500215724
BHR,1994,0.5079365079365079
BHS,1994,0.24993701184177386
BLR,1994,0.0
BLZ,1994,0.24993701184177342
BMU,1994,0.0
BOL,1994,2.761374563990498
BRA,1994,0.0
BRB,1994,0.24993701184177342
BRN,1994,0.0
BTN,1994,0.0
BWA,1994,0.0
CAF,1994,0.2413793103445867
CAN,1994,0.0
CHE,1994,0.0
CHL,1994,0.003062975597826867
CIV,1994,0.0
CMR,1994,0.2413793103445867
COD,1994,0.0
COG,1994,0.2413793103445867
COK,1994,0.0
COL,1994,2.917344343424406
COM,1994,0.0
CPV,1994,0.0
CRI,1994,3.911494252873564
CUB,1994,0.0
CYM,1994,0.0
CYP,1994,0.12298487884277753
CZE,1994,0.8064932429688483
DEU,1994,0.0
DJI,1994,5.080380560684716e-13
DMA,1994,0.12298487884277787
DNK,1994,0.0
DOM,1994,0.0
DZA,1994,0.5079365079365079
ECU,1994,0.0
EGY,1994,0.014607399402781995
ERI,1994,0.0
ESH,1994,0.0
ESP,1994,0.0
EST,1994,0.8490039734598862
ETH,1994,0.0
FIN,1994,0.0
FJI,1994,0.0
FRA,1994,0.0
FRO,1994,0.06051636895438284
FSM,1994,0.0
GAB,1994,0.2413793103445867
GBR,1994,0.0
GEO,1994,0.0
GHA,1994,0.0
GIN,1994,0.0
GMB,1994,0.0
GNB,1994,0.0
GNQ,1994,0.2413793103445867
GRC,1994,0.0
GRD,1994,0.12298487884277787
GRL,1994,0.0
GTM,1994,0.0
GUY,1994,0.24993701184177342
HND,1994,0.0
HTI,1994,0.0
HUN,1994,0.5920752405201357
IDN,1994,0.0
IND,1994,0.0
IRL,1994,0.0
IRN,1994,0.0
IRQ,1994,0.5079365079365079
ISL,1994,0.0
ISR,1994,0.0
ITA,1994,0.0
JAM,1994,0.24993701184177342
JOR,1994,0.5079365079365079
KAZ,1994,0.0
KEN,1994,0.0
KGZ,1994,9.99866855977416e-13
KHM,1994,0.0
KIR,1994,0.0
KNA,1994,0.12298487884277787
KOR,1994,0.0
KWT,1994,0.5079365079365079
LAO,1994,0.0
LBN,1994,0.5079365079365079
LBR,1994,0.0
LBY,1994,0.5079365079365079
LCA,1994,0.12298487884277787
LIE,1994,0.0
LKA,1994,0.0
LSO,1994,0.0
LTU,1994,0.9210634418428447
LUX,1994,0.0
LVA,1994,0.8712579346503002
MAR,1994,0.5079365079365079
MCO,1994,0.0
MDA,1994,1.2256862191861728e-13
MDG,1994,0.0
MDV,1994,0.0
MEX,1994,2.9816149549333204e-12
MHL,1994,0.0
MLI,1994,0.0
MLT,1994,0.0
MMR,1994,0.0
MOZ,1994,0.0
MRT,1994,5.080380560684716e-13
MSR,1994,0.12298487884277787
MUS,1994,0.0
MWI,1994,0.0
MYS,1994,0.0
NAM,1994,0.0
NCL,1994,0.0
NER,1994,0.0
NGA,1994,0.0
NIC,1994,0.0
NIU,1994,0.0
NLD,1994,0.0
NOR,1994,0.0
NPL,1994,0.0
NRU,1994,0.0
NZL,1994,0.0
OMN,1994,0.5079365079365079
PAK,1994,0.0
PAN,1994,0.5079365079365079
PCN,1994,0.0
PER,1994,0.0
PHL,1994,0.0
PNG,1994,0.0
POL,1994,0.7542106869672578
PRK,1994,0.0
PRT,1994,0.0
PRY,1994,0.0
PSE,1994,0.5079365079365077
PYF,1994,0.0
QAT,1994,0.5079365079365079
ROU,1994,0.963992410330544
RUS,1994,0.0
RWA,1994,0.0
SAU,1994,0.5079365079365079
SDN,1994,5.080380560684716e-13
SEN,1994,0.0
SGP,1994,0.0
SLB,1994,0.0
SLE,1994,0.0
SLV,1994,0.0
SMR,1994,0.0
SOM,1994,0.5079365079365079
SPM,1994,0.0
SRB,1994,0.0
STP,1994,0.0
SUR,1994,0.0
SVK,1994,0.9787162608985254
SVN,1994,0.12298487884277753
SWE,1994,0.0
SWZ,1994,0.0
SYC,1994,0.0
SYR,1994,0.5079365079365079
TCA,1994,0.0
TCD,1994,0.2413793103445867
TGO,1994,0.0
THA,1994,0.0
TJK,1994,0.0
TKM,1994,0.0
TON,1994,0.0
TTO,1994,0.24993701184177342
TUN,1994,0.5079365079365079
TUR,1994,0.0
TUV,1994,0.0
TZA,1994,0.0
UGA,1994,0.0
UKR,1994,1.000088900582341e-12
URY,1994,0.0
USA,1994,0.0
UZB,1994,0.0
VCT,1994,0.12298487884277787
VEN,1994,4.097113641150726
VNM,1994,0.0
VUT,1994,0.0
WLF,1994,0.0
WSM,1994,0.0
YEM,1994,0.5079365079365079
YUG,1994,0.0
ZAF,1994,0.0
ZMB,1994,0.0
ZWE,1994,0.0
ABW,1995,0.0
AGO,1995,0.0
AIA,1995,0.0
AND,1995,0.0
ARE,1995,0.5079365079365079
ARG,1995,0.0
ARM,1995,0.0
ATG,1995,0.0
AUS,1995,0.0
AUT,1995,0.0
AZE,1995,9.99866855977416e-13
BDI,1995,0.0
BEL,1995,0.0
BEN,1995,0.0
BFA,1995,0.0
BGD,1995,0.0
BGR,1995,0.00523794658463661
BHR,1995,0.5079365079365079
BHS,1995,0.0
BLR,1995,0.0
BLZ,1995,0.0
BMU,1995,0.0
BOL,1995,0.0
BRA,1995,0.0
BRB,1995,0.0
BRN,1995,0.0
BTN,1995,0.0
BWA,1995,0.0
CAF,1995,0.2413793103445867
CAN,1995,0.0
CHE,1995,0.0
CHL,1995,0.0
CIV,1995,0.0
CMR,1995,0.2413793103445867
COD,1995,0.0
COG,1995,0.2413793103445867
COK,1995,0.0
COL,1995,0.0
COM,1995,0.0
CPV,1995,0.0
CRI,1995,0.0
CUB,1995,0.0
CYM,1995,0.0
CYP,1995,0.0
CZE,1995,0.0005311061078829837
DEU,1995,0.0
DJI,1995,5.080380560684716e-13
DMA,1995,0.0
DNK,1995,0.0
DOM,1995,0.0
DZA,1995,0.5079365079365079
ECU,1995,0.0
EGY,1995,0.0
ERI,1995,0.0
ESH,1995,0.0
ESP,1995,0.0
EST,1995,2.1635802438941445
ETH,1995,0.0
FIN,1995,0.0
FJI,1995,0.0
FRA,1995,0.0
FRO,1995,0.0
FSM,1995,0.0
GAB,1995,0.2413793103445867
GBR,1995,0.0
GEO,1995,0.0
GHA,1995,0.0
GIN,1995,0.0
GMB,1995,0.0
GNB,1995,0.0
GNQ,1995,0.2413793103445867
GRC,1995,0.0
GRD,1995,0.0
GRL,1995,0.0
GTM,1995,0.0
GUY,1995,0.0
HND,1995,0.0
HTI,1995,0.0
HUN,1995,0.0006813166712538177
IDN,1995,0.0
IND,1995,0.0
IRL,1995,0.0
IRN,1995,0.0
IRQ,1995,0.5079365079365079
ISL,1995,0.0
ISR,1995,1.000088900582341e-12
ITA,1995,0.0
JAM,1995,0.0
JOR,1995,0.5079365079365079
KAZ,1995,0.0
KEN,1995,0.0
KGZ,1995,0.0
KHM,1995,0.0
KIR,1995,0.0
KNA,1995,0.0
KOR,1995,0.0
KWT,1995,0.5079365079365079
LAO,1995,0.0
LBN,1995,0.5079365079365079
LBR,1995,0.0
LBY,1995,0.5079365079365079
LCA,1995,0.0
LIE,1995,0.0
LKA,1995,0.0
LSO,1995,0.0
LTU,1995,2.2733017570545613
LUX,1995,0.0
LVA,1995,2.072983506998964
MAR,1995,0.5079365079365079
MCO,1995,0.0
MDA,1995,0.0
MDG,1995,0.0
MDV,1995,0.0
MEX,1995,0.0
MHL,1995,0.0
MLI,1995,0.0
MLT,1995,0.0
MMR,1995,0.0
MOZ,1995,0.0
MRT,1995,5.080380560684716e-13
MSR,1995,0.0
MUS,1995,0.0
MWI,1995,0.0
MYS,1995,0.0
NAM,1995,0.0
NCL,1995,0.0
NER,1995,0.0
NGA,1995,0.0
NIC,1995,0.0
NIU,1995,0.0
NLD,1995,0.0
NOR,1995,0.0
NPL,1995,0.0
NRU,1995,0.0
NZL,1995,0.0
OMN,1995,0.5079365079365079
PAK,1995,0.0
PAN,1995,0.0
PCN,1995,0.0
PER,1995,0.0
PHL,1995,0.0
PNG,1995,0.0
POL,1995,0.005249838622995995
PRK,1995,0.0
PRT,1995,0.0
PRY,1995,0.0
PSE,1995,0.5079365079365077
PYF,1995,0.0
QAT,1995,0.5079365079365079
ROU,1995,0.0
RUS,1995,0.0
RWA,1995,0.0
SAU,1995,0.5079365079365079
SDN,1995,5.080380560684716e-13
SEN,1995,0.0
SGP,1995,0.0
SLB,1995,0.0
SLE,1995,0.0
SLV,1995,0.0
SMR,1995,0.0
SOM,1995,0.5079365079365079
SPM,1995,0.0
SRB,1995,0.0
STP,1995,0.0
SUR,1995,0.0
SVK,1995,0.0002613379261005022
SVN,1995,0.02181665471148264
SWE,1995,0.0
SWZ,1995,0.0
SYC,1995,0.0
SYR,1995,0.5079365079365079
TCA,1995,0.0
TCD,1995,0.2413793103445867
TGO,1995,0.0
THA,1995,0.0
TJK,1995,0.0
TKM,1995,0.0
TON,1995,0.0
TTO,1995,0.0
TUN,1995,2.999999999997508
TUR,1995,1.0000000000000582
TUV,1995,0.0
TZA,1995,0.0
UGA,1995,0.0
UKR,1995,0.5079365079365075
URY,1995,0.0
USA,1995,0.0
UZB,1995,0.0
VCT,1995,0.0
VEN,1995,0.0
VNM,1995,0.0
VUT,1995,0.0
WLF,1995,0.0
WSM,1995,0.0
YEM,1995,0.5079365079365079
YUG,1995,0.0
ZAF,1995,0.0
ZMB,1995,0.0
ZWE,1995,0.0
ABW,1996,0.0
AGO,1996,0.0
AIA,1996,0.0
AND,1996,0.0
ARE,1996,0.5079365079365079
ARG,1996,2.7355895326763857e-13
ARM,1996,0.0
ATG,1996,0.0
AUS,1996,0.0
AUT,1996,0.0
AZE,1996,0.0
BDI,1996,0.0
BEL,1996,0.0
BEN,1996,0.0
BFA,1996,0.0
BGD,1996,0.0
BGR,1996,0.002577402287678332
BHR,1996,0.5079365079365079
BHS,1996,0.0
BLR,1996,0.0
BLZ,1996,0.0
BMU,1996,0.0
BOL,1996,0.016387898383901423
BRA,1996,5.488942633746774e-13
BRB,1996,0.0
BRN,1996,0.0
BTN,1996,0.0
BWA,1996,2.028669573257319
CAF,1996,0.2413793103445867
CAN,1996,2.353672812205332e-12
CHE,1996,0.0
CHL,1996,1.1257465150092325
CIV,1996,0.0
CMR,1996,0.2413793103445867
COD,1996,0.0
COG,1996,0.2413793103445867
COK,1996,0.0
COL,1996,5.329070518200751e-15
COM,1996,0.0
CPV,1996,0.0
CRI,1996,0.0
CUB,1996,0.0
CYM,1996,0.0
CYP,1996,0.0
CZE,1996,0.0005996223020865443
DEU,1996,0.0
DJI,1996,5.080380560684716e-13
DMA,1996,0.0
DNK,1996,0.0
DOM,1996,0.0
DZA,1996,0.5079365079365079
ECU,1996,0.03251011635567824
EGY,1996,0.0
ERI,1996,0.0
ESH,1996,0.0
ESP,1996,0.0
EST,1996,1.0970201585260169
ETH,1996,0.0
FIN,1996,0.0
FJI,1996,0.0
FRA,1996,0.0
FRO,1996,1.000088900582341e-12
FSM,1996,0.0
GAB,1996,0.2413793103445867
GBR,1996,0.0
GEO,1996,0.0
GHA,1996,0.0
GIN,1996,0.0
GMB,1996,0.0
GNB,1996,0.0
GNQ,1996,0.2413793103445867
GRC,1996,0.0
GRD,1996,0.0
GRL,1996,0.0
GTM,1996,0.0
GUY,1996,0.0
HND,1996,0.0
HTI,1996,0.0
HUN,1996,0.0006813166712538177
IDN,1996,0.0
IND,1996,0.0
IRL,1996,0.0
IRN,1996,0.0
IRQ,1996,0.5079365079365079
ISL,1996,0.0
ISR,1996,0.3333333333343189
ITA,1996,0.0
JAM,1996,0.0
JOR,1996,0.5079365079365079
KAZ,1996,0.0
KEN,1996,0.0
KGZ,1996,0.0
KHM,1996,0.0
KIR,1996,0.0
KNA,1996,0.0
KOR,1996,0.0
KWT,1996,0.5079365079365079
LAO,1996,0.0
LBN,1996,0.5079365079365079
LBR,1996,0.0
LBY,1996,0.5079365079365079
LCA,1996,0.0
LIE,1996,0.0
LKA,1996,0.0
LSO,1996,1.9999999999980282
LTU,1996,2.1797876907015703
LUX,1996,0.0
LVA,1996,1.6745241563902216
MAR,1996,2.9999999999975078
MCO,1996,0.0
MDA,1996,0.0
MDG,1996,0.0
MDV,1996,0.0
MEX,1996,0.0
MHL,1996,0.0
MKD,1996,0.0
MLI,1996,0.0
MLT,1996,0.0
MMR,1996,0.0
MOZ,1996,1.999999999998058
MRT,1996,5.080380560684716e-13
MSR,1996,0.0
MUS,1996,1.999999999998058
MWI,1996,1.999999999998058
MYS,1996,0.0
NAM,1996,1.0000000000002411
NCL,1996,0.0
NER,1996,0.0
NGA,1996,0.0
NIC,1996,0.0
NIU,1996,0.0
NLD,1996,0.0
NOR,1996,0.0
NPL,1996,0.0
NRU,1996,0.0
NZL,1996,0.0
OMN,1996,0.5079365079365079
PAK,1996,0.0
PAN,1996,0.0
PCN,1996,0.0
PER,1996,0.7586206896551726
PHL,1996,0.0
PNG,1996,0.0
POL,1996,0.045206088396843036
PRK,1996,0.0
PRT,1996,0.0
PRY,1996,2.708944180085382e-13
PSE,1996,0.5079365079365077
PYF,1996,0.0
QAT,1996,0.5079365079365079
ROU,1996,0.0
RUS,1996,0.0
RWA,1996,0.0
SAU,1996,0.5079365079365079
SDN,1996,5.080380560684716e-13
SEN,1996,0.0
SGP,1996,0.0
SLB,1996,0.0
SLE,1996,0.0
SLV,1996,0.0
SMR,1996,0.0
SOM,1996,0.5079365079365079
SPM,1996,0.0
SRB,1996,0.0
STP,1996,0.0
SUR,1996,0.0
SVK,1996,0.00014491422477380667
SVN,1996,1.7234935809284866
SWE,1996,0.0
SWZ,1996,1.9999999999980282
SYC,1996,0.0
SYR,1996,0.5079365079365079
TCA,1996,0.0
TCD,1996,0.2413793103445867
TGO,1996,0.0
THA,1996,0.0
TJK,1996,0.0
TKM,1996,0.0
TON,1996,0.0
TTO,1996,0.0
TUN,1996,2.999999999997508
TUR,1996,1.9999999999979998
TUV,1996,0.0
TZA,1996,1.0582639714615008
UGA,1996,0.0
UKR,1996,0.0
URY,1996,4.556355293061642e-13
USA,1996,0.0
UZB,1996,0.0
VCT,1996,0.0
VEN,1996,0.003987727370030392
VNM,1996,0.0
VUT,1996,0.0
WLF,1996,0.0
WSM,1996,0.0
YEM,1996,0.5079365079365079
YUG,1996,0.0
ZAF,1996,2.492063492061
ZMB,1996,1.999999999998058
ZWE,1996,1.0000000000000582
ABW,1997,0.0
AGO,1997,0.0
AIA,1997,0.0
AND,1997,0.0
ARE,1997,0.5079365079365079
ARG,1997,1.8198775819655566e-12
ARM,1997,0.0
ATG,1997,0.0
AUS,1997,0.0
AUT,1997,0.0
AZE,1997,0.0
BDI,1997,0.0
BEL,1997,0.0
BEN,1997,0.0
BFA,1997,0.0
BGD,1997,0.0
BGR,1997,0.0
BHR,1997,0.5079365079365079
BHS,1997,0.0
BLR,1997,0.0
BLZ,1997,0.0
BMU,1997,0.0
BOL,1997,0.093697216566345
BRA,1997,1.908695423935569e-12
BRB,1997,0.0
BRN,1997,0.0
BTN,1997,0.0
BWA,1997,2.028669573257319
CAF,1997,0.2413793103445867
CAN,1997,0.0
CHE,1997,0.0
CHL,1997,0.0
CIV,1997,0.0
CMR,1997,0.2413793103445867
COD,1997,0.0
COG,1997,0.2413793103445867
COK,1997,0.0
COL,1997,9.414691248821327e-14
COM,1997,0.0
CPV,1997,0.0
CRI,1997,0.0
CUB,1997,0.0
CYM,1997,0.0
CYP,1997,0.0
CZE,1997,5.8699426297437185e-06
DEU,1997,0.0
DJI,1997,5.080380560684716e-13
DMA,1997,0.0
DNK,1997,0.0
DOM,1997,0.0
DZA,1997,0.5079365079365079
ECU,1997,0.7664679591203356
EGY,1997,0.0
ERI,1997,0.0
ESH,1997,0.0
ESP,1997,0.0
EST,1997,1.1175114978468046
ETH,1997,0.0
FIN,1997,0.0
FJI,1997,0.0
FRA,1997,0.0
FRO,1997,0.029777895834695922
FSM,1997,0.0
GAB,1997,0.2413793103445867
GBR,1997,0.0
GEO,1997,0.0
GHA,1997,0.0
GIN,1997,0.0
GMB,1997,0.0
GNB,1997,0.0
GNQ,1997,0.2413793103445867
GRC,1997,0.0
GRD,1997,0.0
GRL,1997,0.0
GTM,1997,0.0
GUY,1997,0.0
HND,1997,0.0
HRV,1997,0.3732895457033387
HTI,1997,0.0
HUN,1997,0.5240521724650016
IDN,1997,0.0
IND,1997,0.0
IRL,1997,0.0
IRN,1997,0.0
IRQ,1997,0.5079365079365079
ISL,1997,0.0
ISR,1997,1.2434497875801753e-14
ITA,1997,0.0
JAM,1997,0.0
JOR,1997,2.9999999999975078
KAZ,1997,0.0
KEN,1997,0.0
KGZ,1997,0.0
KHM,1997,0.0
KIR,1997,0.0
KNA,1997,0.0
KOR,1997,0.0
KWT,1997,0.5079365079365079
LAO,1997,0.0
LBN,1997,0.5079365079365079
LBR,1997,0.0
LBY,1997,0.5079365079365079
LCA,1997,0.0
LIE,1997,0.0
LKA,1997,0.0
LSO,1997,2.028669573257319
LTU,1997,1.7440909508384776
LUX,1997,0.0
LVA,1997,1.6915987565442476
MAR,1997,3.0
MCO,1997,0.0
MDA,1997,0.0
MDG,1997,0.0
MDV,1997,0.0
MEX,1997,0.0
MHL,1997,0.0
MKD,1997,0.0
MLI,1997,0.0
MLT,1997,0.0
MMR,1997,0.0
MOZ,1997,2.0582639714604865
MRT,1997,5.080380560684716e-13
MSR,1997,0.0
MUS,1997,1.999999999998058
MWI,1997,1.999999999998058
MYS,1997,0.0
NAM,1997,1.0000000000002411
NCL,1997,0.0
NER,1997,0.0
NGA,1997,0.0
NIC,1997,3.763090676883782
NIU,1997,0.0
NLD,1997,0.0
NOR,1997,0.0
NPL,1997,0.0
NRU,1997,0.0
NZL,1997,0.0
OMN,1997,0.5079365079365079
PAK,1997,0.0
PAN,1997,0.0
PCN,1997,0.0
PER,1997,0.9417360285374548
PHL,1997,0.0
PNG,1997,0.0
POL,1997,0.2603426490599601
PRK,1997,0.0
PRT,1997,0.0
PRY,1997,2.327027459614328e-12
PSE,1997,0.5079365079365077
PYF,1997,0.0
QAT,1997,0.5079365079365079
ROU,1997,0.044156721128580045
RUS,1997,0.0
RWA,1997,0.0
SAU,1997,0.5079365079365079
SDN,1997,5.080380560684716e-13
SEN,1997,0.0
SGP,1997,0.0
SLB,1997,0.0
SLE,1997,0.0
SLV,1997,0.0
SMR,1997,0.0
SOM,1997,0.5079365079365079
SPM,1997,0.0
SRB,1997,0.0
STP,1997,0.0
SUR,1997,0.0
SVK,1997,1.9383162443986635e-06
SVN,1997,1.6375142878701543
SWE,1997,0.0
SWZ,1997,1.9999999999980282
SYC,1997,0.0
SYR,1997,0.5079365079365079
TCA,1997,0.0
TCD,1997,0.2413793103445867
TGO,1997,0.0
THA,1997,0.0
TJK,1997,0.0
TKM,1997,0.0
TON,1997,0.0
TTO,1997,0.0
TUN,1997,2.999999999997508
TUR,1997,1.8527401834944612e-12
TUV,1997,0.0
TZA,1997,1.0582639714615008
UGA,1997,0.0
UKR,1997,0.0
URY,1997,2.3874235921539366e-12
USA,1997,0.0
UZB,1997,0.0
VCT,1997,0.0
VEN,1997,0.09401582034948053
VNM,1997,0.0
VUT,1997,0.0
WLF,1997,0.0
WSM,1997,0.0
YEM,1997,0.5079365079365079
YUG,1997,0.0
ZAF,1997,2.492063492061
ZMB,1997,1.999999999998058
ZWE,1997,1.0000000000000582
ABW,1998,0.0
AGO,1998,2.0583534876550402e-12
AIA,1998,0.0
AND,1998,0.0
ARE,1998,0.0
ARG,1998,1.8198775819655566e-12
ARM,1998,0.0
ATG,1998,0.5684528768910431
AUS,1998,0.0
AUT,1998,0.0
AZE,1998,0.0
BDI,1998,1.3002932064409833e-12
BEL,1998,0.0
BEN,1998,0.0
BFA,1998,0.0
BGD,1998,0.0
BGR,1998,0.12169496182727091
BHR,1998,0.0
BHS,1998,0.6309213867795309
BLR,1998,0.0
BLZ,1998,0.6309213867794381
BMU,1998,0.0
BOL,1998,0.093697216566345
BRA,1998,1.908695423935569e-12
BRB,1998,0.6309213867794381
BRN,1998,0.0
BTN,1998,0.0
BWA,1998,2.028669573257319
CAF,1998,0.2413793103445867
CAN,1998,0.0
CHE,1998,0.0
CHL,1998,1.0000188797863139
CIV,1998,0.0
CMR,1998,0.2413793103445867
COD,1998,1.3002932064409833e-12
COG,1998,0.2413793103445867
COK,1998,0.0
COL,1998,9.414691248821327e-14
COM,1998,2.0583534876550402e-12
CPV,1998,0.0
CRI,1998,0.3042273307799759
CUB,1998,0.0
CYM,1998,0.0
CYP,1998,0.0
CZE,1998,1.421540786417097e-06
DEU,1998,0.0
DJI,1998,1.5503154315865686e-12
DMA,1998,0.5684528768910431
DNK,1998,0.0
DOM,1998,5.691358024691358
DZA,1998,0.0
ECU,1998,0.7664679591203356
EGY,1998,2.014150918169438
ERI,1998,2.999822612537173e-12
ESH,1998,0.0
ESP,1998,0.0
EST,1998,4.35885587179996e-06
ETH,1998,2.0583534876550402e-12
FIN,1998,0.0
FJI,1998,0.0
FRA,1998,0.0
FRO,1998,0.0
FSM,1998,0.0
GAB,1998,0.2413793103445867
GBR,1998,0.0
GEO,1998,0.0
GHA,1998,0.0
GIN,1998,0.0
GMB,1998,0.0
GNB,1998,0.0
GNQ,1998,0.2413793103445867
GRC,1998,0.0
GRD,1998,0.5684528768910431
GRL,1998,0.0
GTM,1998,3.911494252873564
GUY,1998,0.6309213867794381
HND,1998,3.911494252873564
HRV,1998,0.0
HTI,1998,0.0
HUN,1998,5.174832971999166e-05
IDN,1998,0.0
IND,1998,0.9999999999990001
IRL,1998,0.0
IRN,1998,0.0
IRQ,1998,0.0
ISL,1998,0.0
ISR,1998,0.0
ITA,1998,0.0
JAM,1998,0.6309213867794381
JOR,1998,2.9999999999975078
KAZ,1998,0.0
KEN,1998,1.255884285455977e-12
KGZ,1998,0.0
KHM,1998,0.0
KIR,1998,0.0
KNA,1998,0.5684528768910431
KOR,1998,0.0
KWT,1998,0.0
LAO,1998,0.0
LBN,1998,0.0
LBR,1998,0.0
LBY,1998,0.0
LCA,1998,0.5684528768910431
LIE,1998,0.0
LKA,1998,0.9999999999990001
LSO,1998,2.028669573257319
LTU,1998,2.0002658054352196e-06
LUX,1998,0.0
LVA,1998,0.018146540572427483
MAR,1998,3.249937011841774
MCO,1998,0.0
MDA,1998,0.0
MDG,1998,2.0583534876550402e-12
MDV,1998,0.0
MEX,1998,0.0
MHL,1998,0.0
MKD,1998,0.0
MLI,1998,0.0
MLT,1998,0.0
MMR,1998,0.0
MOZ,1998,2.0582639714604865
MRT,1998,0.0
MSR,1998,0.06051636895489043
MUS,1998,2.000000000000058
MWI,1998,2.000000000000058
MYS,1998,0.0
NAM,1998,1.0000000000022413
NCL,1998,0.0
NER,1998,0.0
NGA,1998,0.0
NIC,1998,0.2926848304242933
NIU,1998,0.0
NLD,1998,0.0
NOR,1998,0.0
NPL,1998,0.0
NRU,1998,0.0
NZL,1998,0.0
OMN,1998,0.0
PAK,1998,0.0
PAN,1998,0.0
PCN,1998,0.0
PER,1998,0.7910304841476119
PHL,1998,0.0
PNG,1998,0.0
POL,1998,0.25986604868471996
PRK,1998,0.0
PRT,1998,0.0
PRY,1998,2.327027459614328e-12
PSE,1998,0.0
PYF,1998,0.0
QAT,1998,0.0
ROU,1998,0.0012711249475181319
RUS,1998,0.0
RWA,1998,1.3002932064409833e-12
SAU,1998,0.0
SDN,1998,1.7332801860447944e-12
SEN,1998,0.0
SGP,1998,0.0
SLB,1998,0.0
SLE,1998,0.0
SLV,1998,3.763090676883782
SMR,1998,0.0
SOM,1998,0.0
SPM,1998,0.0
SRB,1998,0.0
STP,1998,0.0
SUR,1998,1.0158730158732605
SVK,1998,4.6940758569036234e-07
SVN,1998,1.659137751688367
SWE,1998,0.0
SWZ,1998,2.0000000000000284
SYC,1998,0.0
SYR,1998,0.0
TCA,1998,0.0
TCD,1998,0.2413793103445867
TGO,1998,0.0
THA,1998,0.0
TJK,1998,0.0
TKM,1998,0.0
TON,1998,0.0
TTO,1998,0.6309213867794381
TUN,1998,0.0
TUR,1998,8.704148513061227e-14
TUV,1998,0.0
TZA,1998,1.0582639714627424
UGA,1998,1.255884285455977e-12
UKR,1998,0.0
URY,1998,2.3874235921539366e-12
USA,1998,0.0
UZB,1998,0.0
VCT,1998,0.5684528768910431
VEN,1998,0.09401582034948053
VNM,1998,0.0
VUT,1998,0.0
WLF,1998,0.0
WSM,1998,0.0
YEM,1998,0.0
YUG,1998,0.0
ZAF,1998,2.492063492061
ZMB,1998,2.000000000000058
ZWE,1998,1.0000000000020584
ABW,1999,0.0
AGO,1999,0.0
AIA,1999,0.0
AND,1999,0.0
ARE,1999,0.0
ARG,1999,1.8198775819655566e-12
ARM,1999,0.0
ATG,1999,0.5684528768910431
AUS,1999,0.0
AUT,1999,0.0
AZE,1999,0.0
BDI,1999,0.0
BEL,1999,0.0
BEN,1999,0.0
BFA,1999,0.0
BGD,1999,0.0
BGR,1999,0.04438727379534857
BHR,1999,0.0
BHS,1999,0.6309213867795309
BLR,1999,7.585043704239069e-13
BLZ,1999,0.6309213867794381
BMU,1999,0.0
BOL,1999,0.093697216566345
BRA,1999,1.864286502950563e-12
BRB,1999,0.6309213867794381
BRN,1999,0.0
BTN,1999,0.0
BWA,1999,2.028669573257319
CAF,1999,0.0
CAN,1999,0.0
CHE,1999,0.0
CHL,1999,8.775202786637237e-13
CIV,1999,0.0
CMR,1999,0.0
COD,1999,0.0
COG,1999,0.0
COK,1999,0.0
COL,1999,9.237055564881302e-14
COM,1999,0.0
CPV,1999,0.0
CRI,1999,0.32673785191125493
CUB,1999,2.5874840357598976
CYM,1999,0.0
CYP,1999,0.0
CZE,1999,2.7641070854400596e-07
DEU,1999,0.0
DJI,1999,0.0
DMA,1999,0.5684528768910431
DNK,1999,0.0
DOM,1999,5.691358024691358
DZA,1999,0.0
ECU,1999,0.760514858146764
EGY,1999,0.0
ERI,1999,0.0
ESH,1999,0.0
ESP,1999,0.0
EST,1999,4.35885587179996e-06
ETH,1999,0.0
FIN,1999,0.0
FJI,1999,0.0
FRA,1999,0.0
FRO,1999,0.0
FSM,1999,0.0
GAB,1999,0.0
GBR,1999,0.0
GEO,1999,0.0
GHA,1999,0.0
GIN,1999,0.0
GMB,1999,0.0
GNB,1999,0.0
GNQ,1999,0.0
GRC,1999,0.0
GRD,1999,0.5684528768910431
GRL,1999,0.0
GTM,1999,4.209899692063783
GUY,1999,0.6309213867794381
HND,1999,4.200915238846274
HRV,1999,0.0
HTI,1999,0.0
HUN,1999,1.230535135210431e-05
IDN,1999,0.0
IND,1999,0.9999999999990001
IRL,1999,0.0
IRN,1999,0.0
IRQ,1999,0.0
ISL,1999,0.0
ISR,1999,0.0
ITA,1999,0.0
JAM,1999,0.6309213867794381
JOR,1999,2.492063492061
KAZ,1999,7.585043704239069e-13
KEN,1999,0.044200254212964474
KGZ,1999,7.585043704239069e-13
KHM,1999,0.0
KIR,1999,0.0
KNA,1999,0.5684528768910431
KOR,1999,0.0
KWT,1999,0.0
LAO,1999,0.0
LBN,1999,0.0
LBR,1999,0.0
LBY,1999,0.0
LCA,1999,0.5684528768910431
LIE,1999,0.0
LKA,1999,0.9999999999990001
LSO,1999,2.028669573257319
LTU,1999,2.0002658054352196e-06
LUX,1999,0.0
LVA,1999,6.50368971388815e-06
MAR,1999,2.4922286456785514e-12
MCO,1999,0.0
MDA,1999,0.0
MDG,1999,0.0
MDV,1999,0.0
MEX,1999,0.0
MHL,1999,0.0
MKD,1999,2.492063492061373
MLI,1999,0.0
MLT,1999,0.0
MMR,1999,0.0
MOZ,1999,2.0582639714604865
MRT,1999,0.0
MSR,1999,0.06051636895489043
MUS,1999,1.9999999999979998
MWI,1999,1.9999999999979998
MYS,1999,0.0
NAM,1999,1.0
NCL,1999,0.0
NER,1999,0.0
NGA,1999,0.0
NIC,1999,0.3143412938432082
NIU,1999,0.0
NLD,1999,0.0
NOR,1999,0.0
NPL,1999,0.0
NRU,1999,0.0
NZL,1999,0.0
OMN,1999,0.0
PAK,1999,0.0
PAN,1999,0.0
PCN,1999,0.0
PER,1999,0.7664437434981748
PHL,1999,0.0
PNG,1999,0.0
POL,1999,0.0072571744185312426
PRK,1999,0.0
PRT,1999,0.0
PRY,1999,2.327027459614328e-12
PSE,1999,0.0
PYF,1999,0.0
QAT,1999,0.0
ROU,1999,0.0
RUS,1999,7.585043704239069e-13
RWA,1999,0.0
SAU,1999,0.0
SDN,1999,0.0
SEN,1999,0.0
SGP,1999,0.0
SLB,1999,0.0
SLE,1999,0.0
SLV,1999,4.041530920841266
SMR,1999,0.0
SOM,1999,0.0
SPM,1999,0.0
SRB,1999,0.0
STP,1999,0.0
SUR,1999,1.0158730158732605
SVK,1999,9.12736970448691e-08
SVN,1999,0.02174976510494453
SWE,1999,0.0
SWZ,1999,1.9999999999979998
SYC,1999,0.0
SYR,1999,0.0
TCA,1999,0.0
TCD,1999,0.0
TGO,1999,0.0
THA,1999,0.0
TJK,1999,7.585043704239069e-13
TKM,1999,0.0
TON,1999,0.0
TTO,1999,0.6309213867794381
TUN,1999,0.0
TUR,1999,1.0587086762825493e-12
TUV,1999,0.0
TZA,1999,1.05826397146153
UGA,1999,0.044200254212964474
UKR,1999,0.0
URY,1999,2.3874235921539366e-12
USA,1999,0.0
UZB,1999,0.0
VCT,1999,0.5684528768910431
VEN,1999,0.1895822613036673
VNM,1999,0.0
VUT,1999,0.0
WLF,1999,0.0
WSM,1999,0.0
YEM,1999,0.0
YUG,1999,0.0
ZAF,1999,4.49206349206
ZMB,1999,1.9999999999979998
ZWE,1999,1.0
ABW,2000,0.0
AGO,2000,0.0
AIA,2000,0.0
AND,2000,0.0
ARE,2000,0.0
ARG,2000,1.8198775819655566e-12
ARM,2000,0.0
ATG,2000,0.5982307727257998
AUS,2000,0.0
AUT,2000,0.0
AZE,2000,0.0
BDI,2000,0.0
BEL,2000,0.0
BEN,2000,0.0
BFA,2000,0.0
BGD,2000,0.0
BGR,2000,0.0
BHR,2000,0.0
BHS,2000,0.6914377557339737
BIH,2000,1.0158730158730158
BLR,2000,7.585043704239069e-13
BLZ,2000,0.6914377557338809
BMU,2000,0.0
BOL,2000,0.09449660413787342
BRA,2000,1.864286502950563e-12
BRB,2000,0.6914377557338809
BRN,2000,0.0
BTN,2000,0.0
BWA,2000,0.0
CAF,2000,0.0
CAN,2000,0.0
CHE,2000,0.0
CHL,2000,8.775202786637237e-13
CIV,2000,0.0
CMR,2000,0.0
COD,2000,0.0
COG,2000,0.0
COK,2000,0.0
COL,2000,9.592326932761353e-14
COM,2000,0.0
CPV,2000,0.0
CRI,2000,0.32673785191125493
CUB,2000,3.1734645949801843
CYM,2000,0.0
CYP,2000,0.0
CZE,2000,2.7641070854400596e-07
DEU,2000,0.0
DJI,2000,0.0
DMA,2000,0.5982307727257998
DNK,2000,0.0
DOM,2000,5.691358024691358
DZA,2000,0.0
ECU,2000,0.782746028676713
EGY,2000,0.0
ERI,2000,0.0
ESH,2000,0.0
ESP,2000,0.0
EST,2000,4.35885587179996e-06
ETH,2000,0.0
FIN,2000,0.0
FJI,2000,0.0
FRA,2000,0.0
FRO,2000,0.0
FSM,2000,0.0
GAB,2000,0.0
GBR,2000,0.0
GEO,2000,0.0
GHA,2000,0.0
GIN,2000,0.0
GMB,2000,0.0
GNB,2000,0.0
GNQ,2000,0.0
GRC,2000,0.0
GRD,2000,0.5982307727257998
GRL,2000,0.0
GTM,2000,4.22914790056397
GUY,2000,0.6914377557338809
HND,2000,4.228045857445815
HRV,2000,0.31026663538978827
HTI,2000,0.0
HUN,2000,2.703312940610658e-06
IDN,2000,0.0
IND,2000,0.9999999999990001
IRL,2000,0.0
IRN,2000,0.0
IRQ,2000,0.0
ISL,2000,0.0
ISR,2000,0.0
ITA,2000,0.0
JAM,2000,0.6914377557338809
JOR,2000,3.492063492061
KAZ,2000,7.585043704239069e-13
KEN,2000,0.0
KGZ,2000,7.585043704239069e-13
KHM,2000,0.0
KIR,2000,0.0
KNA,2000,0.5982307727257998
KOR,2000,0.0
KWT,2000,0.0
LAO,2000,0.0
LBN,2000,0.0
LBR,2000,0.0
LBY,2000,0.0
LCA,2000,0.5982307727257998
LIE,2000,0.0
LKA,2000,0.9999999999990001
LSO,2000,0.0
LTU,2000,0.0
LUX,2000,0.0
LVA,2000,0.0
MAR,2000,0.0
MCO,2000,0.0
MDA,2000,0.0
MDG,2000,0.0
MDV,2000,0.0
MEX,2000,0.0
MHL,2000,0.0
MKD,2000,1.2421264802214758
MLI,2000,0.0
MLT,2000,0.0
MMR,2000,0.0
MOZ,2000,0.0
MRT,2000,0.0
MSR,2000,0.09029426478958591
MUS,2000,0.0
MWI,2000,0.0
MYS,2000,0.0
NAM,2000,0.0
NCL,2000,0.0
NER,2000,0.0
NGA,2000,0.0
NIC,2000,0.3143412938432082
NIU,2000,0.0
NLD,2000,0.0
NOR,2000,0.0
NPL,2000,0.0
NRU,2000,0.0
NZL,2000,2.2421264802210876
OMN,2000,0.0
PAK,2000,0.0
PAN,2000,0.0
PCN,2000,0.0
PER,2000,0.7903373148319854
PHL,2000,0.0
PNG,2000,0.0
POL,2000,1.4383585389410314e-06
PRK,2000,0.0
PRT,2000,0.0
PRY,2000,2.327027459614328e-12
PSE,2000,0.0
PYF,2000,0.0
QAT,2000,0.0
ROU,2000,0.0
RUS,2000,1.2413793103443451
RWA,2000,0.0
SAU,2000,0.0
SDN,2000,0.0
SEN,2000,0.0
SGP,2000,2.492063492063492
SLB,2000,0.0
SLE,2000,0.0
SLV,2000,4.0673146292975675
SMR,2000,0.0
SOM,2000,0.0
SPM,2000,0.0
SRB,2000,1.999999999998
STP,2000,0.0
SUR,2000,1.2658100277150948
SVK,2000,9.12736970448691e-08
SVN,2000,8.432410325553974e-08
SWE,2000,0.0
SWZ,2000,0.0
SYC,2000,0.0
SYR,2000,0.0
TCA,2000,0.0
TCD,2000,0.0
TGO,2000,0.0
THA,2000,0.0
TJK,2000,7.585043704239069e-13
TKM,2000,0.0
TON,2000,0.0
TTO,2000,0.6914377557338809
TUN,2000,0.0
TUR,2000,0.0
TUV,2000,0.0
TZA,2000,0.0
UGA,2000,0.0
UKR,2000,0.0
URY,2000,2.3874235921539366e-12
USA,2000,1.7674750552032492e-13
UZB,2000,0.0
VCT,2000,0.5982307727257998
VEN,2000,0.18960095539373434
VNM,2000,1.0158730158740314
VUT,2000,0.0
WLF,2000,0.0
WSM,2000,0.0
YEM,2000,0.0
YUG,2000,0.0
ZAF,2000,0.0
ZMB,2000,0.0
ZWE,2000,0.0
ABW,2001,0.0
AGO,2001,0.0
AIA,2001,0.0
AND,2001,0.0
ARE,2001,2.492063492061
ARG,2001,1.8198775819655566e-12
ARM,2001,0.0
ATG,2001,0.023741613300515496
AUS,2001,0.0
AUT,2001,0.0
AZE,2001,0.0
BDI,2001,0.0
BEL,2001,0.0
BEN,2001,0.0
BFA,2001,0.0
BGD,2001,0.0
BGR,2001,0.03646923172103733
BHR,2001,2.492063492061
BHS,2001,0.04824908509374737
BIH,2001,0.4998740236835475
BLR,2001,0.0
BLZ,2001,0.04824908509367276
BMU,2001,0.0
BOL,2001,0.09449660413787342
BRA,2001,1.864286502950563e-12
BRB,2001,0.04824908509367276
BRN,2001,0.0
BTN,2001,0.0
BWA,2001,0.0
CAF,2001,0.0
CAN,2001,1.000088900582341e-12
CHE,2001,0.0
CHL,2001,8.775202786637237e-13
CHN,2001,0.0
CIV,2001,0.0
CMR,2001,0.0
COD,2001,0.0
COG,2001,0.0
COK,2001,0.0
COL,2001,9.237055564881302e-14
COM,2001,0.0
CPV,2001,0.0
CRI,2001,0.023252545206635666
CUB,2001,0.01834286131439411
CYM,2001,0.0
CYP,2001,0.0
CZE,2001,2.7641070854400596e-07
DEU,2001,0.0
DJI,2001,0.0
DMA,2001,0.023741613300515496
DNK,2001,0.0
DOM,2001,0.0
DZA,2001,0.0
ECU,2001,0.7588456675219897
EGY,2001,0.8230088495591743
ERI,2001,0.0
ESH,2001,0.0
ESP,2001,0.0
EST,2001,0.011952125631738753
ETH,2001,0.0
FIN,2001,0.0
FJI,2001,0.0
FRA,2001,0.0
FRO,2001,0.0
FSM,2001,0.0
GAB,2001,0.0
GBR,2001,0.0
GEO,2001,0.0
GHA,2001,0.0
GIN,2001,0.0
GMB,2001,0.0
GNB,2001,0.0
GNQ,2001,0.0
GRC,2001,0.0
GRD,2001,0.023741613300515496
GRL,2001,0.0
GTM,2001,8.79296635503124e-14
GUY,2001,0.04824908509367276
HND,2001,9.592326932761353e-14
HRV,2001,3.1160850749988813
HTI,2001,0.0
HUN,2001,1.145130077873091e-06
IDN,2001,0.0
IND,2001,0.0
IRL,2001,0.0
IRN,2001,0.0
IRQ,2001,0.0
ISL,2001,0.0
ISR,2001,8.881784197001252e-16
ITA,2001,0.0
JAM,2001,0.04824908509367276
JOR,2001,1.864985382749044
KAZ,2001,0.0
KEN,2001,0.0
KGZ,2001,0.0
KHM,2001,0.0
KIR,2001,0.0
KNA,2001,0.023741613300515496
KOR,2001,0.0
KWT,2001,2.492063492061508
LAO,2001,0.0
LBN,2001,0.0
LBR,2001,0.0
LBY,2001,0.0
LCA,2001,0.023741613300515496
LIE,2001,0.0
LKA,2001,0.0
LSO,2001,0.0
LTU,2001,9.842577775032169e-07
LUX,2001,0.0
LVA,2001,0.0
MAR,2001,0.0
MCO,2001,0.0
MDA,2001,0.0
MDG,2001,0.0
MDV,2001,0.0
MEX,2001,0.0
MHL,2001,0.0
MKD,2001,1.5079365079363183
MLI,2001,0.0
MLT,2001,0.0
MMR,2001,0.0
MOZ,2001,0.0
MRT,2001,0.0
MSR,2001,0.02374161329962199
MUS,2001,0.0
MWI,2001,0.0
MYS,2001,0.0
NAM,2001,0.0
NCL,2001,0.0
NER,2001,0.0
NGA,2001,0.0
NIC,2001,0.021656463418914917
NIU,2001,0.0
NLD,2001,0.0
NOR,2001,0.0
NPL,2001,0.0
NRU,2001,0.0
NZL,2001,0.0
OMN,2001,2.492063492061
PAK,2001,0.0
PAN,2001,0.0
PCN,2001,0.0
PER,2001,0.7825142609889824
PHL,2001,0.0
PNG,2001,0.0
POL,2001,1.4383585389410314e-06
PRK,2001,0.0
PRT,2001,0.0
PRY,2001,2.312816604899126e-12
PSE,2001,0.0
PYF,2001,0.0
QAT,2001,2.492063492061
ROU,2001,0.0
RUS,2001,1.2413793103435866
RWA,2001,0.0
SAU,2001,2.492063492061
SDN,2001,0.0
SEN,2001,0.0
SGP,2001,0.0
SLB,2001,0.0
SLE,2001,0.0
SLV,2001,9.414691248821327e-14
SMR,2001,0.0
SOM,2001,0.0
SPM,2001,0.0
SRB,2001,1.999999999998
STP,2001,0.0
SUR,2001,0.19927223593565824
SVK,2001,9.12736970448691e-08
SVN,2001,0.003515141416989387
SWE,2001,0.0
SWZ,2001,0.0
SYC,2001,0.0
SYR,2001,0.5079365079365079
TCA,2001,0.0
TCD,2001,0.0
TGO,2001,0.0
THA,2001,0.0
TJK,2001,0.0
TKM,2001,0.0
TON,2001,0.0
TTO,2001,0.04824908509367276
TUN,2001,0.0
TUR,2001,0.0
TUV,2001,0.0
TZA,2001,0.0
UGA,2001,0.0
UKR,2001,0.0
URY,2001,2.3874235921539366e-12
USA,2001,0.0
UZB,2001,0.0
VCT,2001,0.023741613300515496
VEN,2001,0.09307195955712544
VNM,2001,0.0
VUT,2001,0.0
WLF,2001,0.0
WSM,2001,0.0
YEM,2001,0.0
YUG,2001,0.0
ZAF,2001,0.0
ZMB,2001,0.0
ZWE,2001,0.0
ABW,2002,0.0
AGO,2002,0.0
AIA,2002,0.0
ALB,2002,0.7498110355253211
AND,2002,0.0
ARE,2002,2.492063492061
ARG,2002,1.8198775819655566e-12
ARM,2002,0.0
ATG,2002,0.023741613300515496
AUS,2002,0.0
AUT,2002,0.0
AZE,2002,0.999999999999241
BDI,2002,0.0
BEL,2002,0.0
BEN,2002,0.0
BFA,2002,0.0
BGD,2002,0.0
BGR,2002,0.010716372597061152
BHR,2002,2.492063492061
BHS,2002,0.04824908509374737
BIH,2002,2.1172504648470287
BLR,2002,0.0
BLZ,2002,0.04824908509367276
BMU,2002,0.0
BOL,2002,0.09449660413787342
BRA,2002,1.864286502950563e-12
BRB,2002,0.04824908509367276
BRN,2002,0.0
BTN,2002,0.0
BWA,2002,2.842170943040401e-14
CAF,2002,0.0
CAN,2002,0.0
CHE,2002,0.0
CHL,2002,1.2256862191861728e-13
CHN,2002,0.0
CIV,2002,0.0
CMR,2002,0.0
COD,2002,0.0
COG,2002,0.0
COK,2002,0.0
COL,2002,9.237055564881302e-14
COM,2002,0.0
CPV,2002,0.0
CRI,2002,0.0
CUB,2002,0.01834286131439411
CYM,2002,0.0
CYP,2002,0.0
CZE,2002,3.4313053465240273e-07
DEU,2002,0.0
DJI,2002,0.0
DMA,2002,0.023741613300515496
DNK,2002,0.0
DOM,2002,0.0
DZA,2002,1.4981409131230774
ECU,2002,0.7588456675219897
EGY,2002,0.8230088495591743
ERI,2002,0.0
ESH,2002,0.0
ESP,2002,0.0
EST,2002,0.0
ETH,2002,0.0
FIN,2002,0.0
FJI,2002,0.0
FRA,2002,0.0
FRO,2002,0.0
FSM,2002,0.0
GAB,2002,0.0
GBR,2002,0.0
GEO,2002,0.999999999999241
GHA,2002,0.0
GIN,2002,0.0
GMB,2002,0.0
GNB,2002,0.0
GNQ,2002,0.0
GRC,2002,0.0
GRD,2002,0.023741613300515496
GRL,2002,0.0
GTM,2002,1.0658141036401503e-14
GUY,2002,0.04824908509367276
HND,2002,1.1546319456101628e-14
HRV,2002,1.5703459189284539
HTI,2002,0.0
HUN,2002,1.421540786417097e-06
IDN,2002,0.0
IND,2002,0.0
IRL,2002,0.0
IRN,2002,0.0
IRQ,2002,0.0
ISL,2002,0.0
ISR,2002,0.0
ITA,2002,0.0
JAM,2002,0.04824908509367276
JOR,2002,0.12298487884277787
JPN,2002,0.0
KAZ,2002,0.0
KEN,2002,0.0
KGZ,2002,0.0
KHM,2002,0.0
KIR,2002,0.0
KNA,2002,0.023741613300515496
KOR,2002,0.0
KWT,2002,2.492063492061508
LAO,2002,0.0
LBN,2002,2.4690265486725664
LBR,2002,0.0
LBY,2002,0.0
LCA,2002,0.023741613300515496
LIE,2002,0.0
LKA,2002,9.99644811372491e-13
LSO,2002,2.842170943040401e-14
LTU,2002,0.0032989293437539757
LUX,2002,0.0
LVA,2002,0.007188823354529639
MAR,2002,0.0
MCO,2002,0.0
MDA,2002,0.9999999999991185
MDG,2002,0.0
MDV,2002,0.0
MEX,2002,0.0
MHL,2002,0.0
MKD,2002,0.5079365079367797
MLI,2002,0.0
MLT,2002,0.0
MMR,2002,0.0
MOZ,2002,0.0
MRT,2002,0.0
MSR,2002,0.02374161329962199
MUS,2002,0.0
MWI,2002,0.0
MYS,2002,0.0
NAM,2002,0.0
NCL,2002,0.0
NER,2002,0.0
NGA,2002,0.0
NIC,2002,3.552713678800501e-15
NIU,2002,0.0
NLD,2002,0.0
NOR,2002,0.0
NPL,2002,0.0
NRU,2002,0.0
NZL,2002,0.0
OMN,2002,2.492063492061
PAK,2002,0.999999999999
PAN,2002,3.941061941062153
PCN,2002,0.0
PER,2002,0.7825142609889824
PHL,2002,0.0
PNG,2002,0.0
POL,2002,1.7855485312523456e-06
PRK,2002,0.0
PRT,2002,0.0
PRY,2002,2.312816604899126e-12
PSE,2002,0.0
PYF,2002,0.0
QAT,2002,2.492063492061
ROU,2002,0.0001509765263341123
RUS,2002,1.2413793103435866
RWA,2002,0.0
SAU,2002,2.492063492061
SDN,2002,0.0
SEN,2002,0.0
SGP,2002,0.0
SLB,2002,0.0
SLE,2002,0.0
SLV,2002,8.881784197001252e-16
SMR,2002,0.0
SOM,2002,0.0
SPM,2002,0.0
SRB,2002,0.9841269841260001
STP,2002,0.0
SUR,2002,0.19927223593565824
SVK,2002,1.1330527893704812e-07
SVN,2002,5.150831938749434e-08
SWE,2002,0.0
SWZ,2002,0.0
SYC,2002,0.0
SYR,2002,0.0
TCA,2002,0.0
TCD,2002,0.0
TGO,2002,0.0
THA,2002,0.0
TJK,2002,0.0
TKM,2002,0.0
TON,2002,0.0
TTO,2002,0.04824908509367276
TUN,2002,0.0
TUR,2002,7.105427357601002e-15
TUV,2002,0.0
TZA,2002,0.0
UGA,2002,0.0
UKR,2002,7.336353746723034e-13
URY,2002,2.3874235921539366e-12
USA,2002,0.0
UZB,2002,0.0
VCT,2002,0.023741613300515496
VEN,2002,0.09307195955712544
VNM,2002,0.0
VUT,2002,0.0
WLF,2002,0.0
WSM,2002,0.0
YEM,2002,0.0
YUG,2002,0.0
ZAF,2002,4.920508445138694e-13
ZMB,2002,0.0
ZWE,2002,0.0
ABW,2003,0.0
AFG,2003,0.0
AGO,2003,0.0
AIA,2003,0.0
ALB,2003,0.1620171574477336
AND,2003,0.0
ARE,2003,0.0
ARG,2003,1.8198775819655566e-12
ARM,2003,0.0
ATG,2003,0.023741613300515496
AUS,2003,0.0
AUT,2003,0.0
AZE,2003,0.0
BDI,2003,0.0
BEL,2003,0.0
BEN,2003,0.0
BFA,2003,0.0
BGD,2003,0.0
BGR,2003,0.1417304521017213
BHR,2003,0.0
BHS,2003,0.04824908509374737
BIH,2003,0.372921890684621
BLR,2003,0.9999999999994831
BLZ,2003,0.04824908509367276
BMU,2003,0.0
BOL,2003,0.0007993875715284204
BRA,2003,1.850075648235361e-12
BRB,2003,0.04824908509367276
BRN,2003,0.0
BTN,2003,0.0
BWA,2003,2.842170943040401e-14
CAF,2003,0.0
CAN,2003,0.0
CHE,2003,0.0
CHL,2003,0.0
CHN,2003,3.9999999999969997
CIV,2003,0.0
CMR,2003,0.0
COD,2003,0.0
COG,2003,0.0
COK,2003,0.0
COL,2003,0.0
COM,2003,0.0
CPV,2003,0.0
CRI,2003,0.0
CUB,2003,0.01834286131439411
CYM,2003,0.0
CYP,2003,5.11914160137894
CZE,2003,0.31337610987875486
DEU,2003,0.0
DJI,2003,0.0
DMA,2003,0.023741613300515496
DNK,2003,0.0
DOM,2003,0.0
DZA,2003,1.8597611335320958
ECU,2003,0.0
EGY,2003,0.9686741326669925
ERI,2003,0.0
ESH,2003,0.0
ESP,2003,0.0
EST,2003,1.3112208481186887
ETH,2003,0.0
FIN,2003,0.0
FJI,2003,0.0
FRA,2003,0.0
FRO,2003,0.0
FSM,2003,0.0
GAB,2003,0.0
GBR,2003,0.0
GEO,2003,0.0
GHA,2003,0.0
GIN,2003,0.0
GMB,2003,0.0
GNB,2003,0.0
GNQ,2003,0.0
GRC,2003,0.0
GRD,2003,0.023741613300515496
GRL,2003,0.0
GTM,2003,0.0
GUY,2003,0.04824908509367276
HKG,2003,0.999999999999
HND,2003,0.0
HRV,2003,1.288888346419892
HTI,2003,0.0
HUN,2003,0.6014557741006721
IDN,2003,0.0
IND,2003,0.0
IRL,2003,0.0
IRN,2003,0.0
IRQ,2003,0.0
ISL,2003,0.0
ISR,2003,0.0
ITA,2003,0.0
JAM,2003,0.04824908509367276
JOR,2003,0.060516368954382393
JPN,2003,0.0
KAZ,2003,0.9999999999994831
KEN,2003,0.0
KGZ,2003,0.0
KHM,2003,0.0
KIR,2003,0.0
KNA,2003,0.023741613300515496
KOR,2003,3.999999999998
KWT,2003,5.080380560684716e-13
LAO,2003,0.507936507937016
LBN,2003,2.9060223979951445
LBR,2003,0.0
LBY,2003,0.0
LCA,2003,0.023741613300515496
LIE,2003,0.0
LKA,2003,9.99644811372491e-13
LSO,2003,2.842170943040401e-14
LTU,2003,0.542783710656324
LUX,2003,0.0
LVA,2003,0.5358605340142679
MAC,2003,3.999999999996
MAR,2003,0.0
MCO,2003,0.0
MDA,2003,2.5082158572331537e-12
MDG,2003,0.0
MDV,2003,0.0
MEX,2003,0.0
MHL,2003,0.0
MKD,2003,0.7578735197787276
MLI,2003,0.0
MLT,2003,6.0
MMR,2003,0.0
MOZ,2003,0.0
MRT,2003,0.0
MSR,2003,0.02374161329962199
MUS,2003,0.0
MWI,2003,0.0
MYS,2003,0.0
NAM,2003,0.0
NCL,2003,0.0
NER,2003,0.0
NGA,2003,0.0
NIC,2003,0.0
NIU,2003,0.0
NLD,2003,0.0
NOR,2003,0.0
NPL,2003,0.0
NRU,2003,0.0
NZL,2003,0.0
OMN,2003,0.0
PAK,2003,0.999999999999
PAN,2003,4.2810199829546036e-13
PCN,2003,0.0
PER,2003,0.02200524799239556
PHL,2003,0.0
PNG,2003,0.0
POL,2003,0.41922559954262795
PRK,2003,0.0
PRT,2003,0.0
PRY,2003,2.312816604899126e-12
PSE,2003,0.0
PYF,2003,0.0
QAT,2003,0.0
ROU,2003,0.012447311439019337
RUS,2003,1.241379310346069
RWA,2003,0.0
SAU,2003,0.0
SDN,2003,0.0
SEN,2003,0.0
SGP,2003,4.920508445138694e-13
SLB,2003,0.0
SLE,2003,0.0
SLV,2003,0.0
SMR,2003,0.0
SOM,2003,0.0
SPM,2003,0.0
SRB,2003,1.8649853827477725
STP,2003,0.0
SUR,2003,0.19927223593565824
SVK,2003,0.14145916128291258
SVN,2003,1.49572035666817
SWE,2003,0.0
SWZ,2003,0.0
SYC,2003,0.0
SYR,2003,0.0
TCA,2003,0.0
TCD,2003,0.0
TGO,2003,0.0
THA,2003,0.0
TJK,2003,0.0
TKM,2003,0.0
TON,2003,0.0
TTO,2003,0.04824908509367276
TUN,2003,2.4922286456785514e-12
TUR,2003,0.0
TUV,2003,0.0
TWN,2003,4.999999999995
TZA,2003,0.0
UGA,2003,0.0
UKR,2003,1.0
URY,2003,2.3874235921539366e-12
USA,2003,0.0
UZB,2003,0.0
VCT,2003,0.023741613300515496
VEN,2003,0.0
VNM,2003,0.0
VUT,2003,0.0
WLF,2003,0.0
WSM,2003,0.0
XKX,2003,0.0
YEM,2003,0.0
YUG,2003,0.0
ZAF,2003,2.4922286456785514e-12
ZMB,2003,0.0
ZWE,2003,0.0
ABW,2004,0.0
AFG,2004,0.0
AGO,2004,0.0
AIA,2004,0.0
ALB,2004,0.0
AND,2004,0.0
ARE,2004,0.0
ARG,2004,1.8198775819655566e-12
ARM,2004,0.0
ATG,2004,0.02845022477946113
AUS,2004,0.24212648022508798
AUT,2004,0.0
AZE,2004,0.0
BDI,2004,0.0
BEL,2004,0.0
BEN,2004,0.0
BFA,2004,0.0
BGD,2004,0.0
BGR,2004,0.0
BHR,2004,2.999999999999
BHS,2004,0.057818198744349125
BIH,2004,0.0
BLR,2004,0.0
BLZ,2004,0.05781819874426031
BMU,2004,0.0
BOL,2004,0.0
BRA,2004,1.850075648235361e-12
BRB,2004,0.05781819874426031
BRN,2004,0.0
BTN,2004,0.0
BWA,2004,0.0
CAF,2004,0.0
CAN,2004,0.0
CHE,2004,0.0
CHL,2004,0.0
CHN,2004,0.0
CIV,2004,0.0
CMR,2004,0.0
COD,2004,0.0
COG,2004,0.0
COK,2004,0.0
COL,2004,3.552713678800501e-15
COM,2004,0.0
CPV,2004,0.0
CRI,2004,0.0
CUB,2004,0.0035638371549993053
CYM,2004,0.0
CYP,2004,0.0
CZE,2004,0.0
DEU,2004,0.0
DJI,2004,0.0
DMA,2004,0.02845022477946113
DNK,2004,0.0
DOM,2004,2.1316282072803006e-13
DZA,2004,0.3616202204090184
ECU,2004,0.015947676655193366
EGY,2004,0.0
ERI,2004,0.0
ESH,2004,0.0
ESP,2004,0.0
EST,2004,0.0
ETH,2004,0.0
FIN,2004,0.0
FJI,2004,0.0
FRA,2004,0.0
FRO,2004,0.0
FSM,2004,0.0
GAB,2004,0.0
GBR,2004,0.0
GEO,2004,0.0
GHA,2004,0.0
GIN,2004,0.0
GMB,2004,0.0
GNB,2004,0.0
GNQ,2004,0.0
GRC,2004,0.0
GRD,2004,0.02845022477946113
GRL,2004,0.0
GTM,2004,0.0
GUY,2004,0.05781819874426031
HKG,2004,0.0
HND,2004,0.0
HRV,2004,0.4223541547856513
HTI,2004,0.0
HUN,2004,0.0
IDN,2004,0.0
IND,2004,0.9999999999990004
IRL,2004,0.0
IRN,2004,0.7586206896551724
IRQ,2004,0.0
ISL,2004,0.0
ISR,2004,0.0
ITA,2004,0.0
JAM,2004,0.05781819874426031
JOR,2004,0.06051636895538248
JPN,2004,1.0000000000019993
KAZ,2004,0.0
KEN,2004,0.0
KGZ,2004,0.0
KHM,2004,0.0
KIR,2004,0.0
KNA,2004,0.02845022477946113
KOR,2004,0.0
KWT,2004,5.080380560684716e-13
LAO,2004,0.507936507937016
LBN,2004,1.9917110760544192
LBR,2004,0.0
LBY,2004,0.0
LCA,2004,0.02845022477946113
LIE,2004,0.0
LKA,2004,9.99644811372491e-13
LSO,2004,0.0
LTU,2004,0.0
LUX,2004,0.0
LVA,2004,0.0
MAC,2004,0.0
MAR,2004,1.360520911723527
MCO,2004,0.0
MDA,2004,1.4921397450962104e-12
MDG,2004,0.0
MDV,2004,0.0
MEX,2004,0.0
MHL,2004,0.0
MKD,2004,0.0
MLI,2004,0.0
MLT,2004,0.0
MMR,2004,0.0
MOZ,2004,0.0
MRT,2004,0.0
MSR,2004,0.028450224778399757
MUS,2004,0.0
MWI,2004,0.0
MYS,2004,0.0
NAM,2004,0.0
NCL,2004,0.0
NER,2004,0.0
NGA,2004,0.0
NIC,2004,0.0
NIU,2004,0.0
NLD,2004,0.0
NOR,2004,0.0
NPL,2004,0.0
NRU,2004,0.0
NZL,2004,0.0
OMN,2004,0.0
PAK,2004,1.7586206896541725
PAN,2004,0.0
PCN,2004,0.0
PER,2004,0.02200524799239556
PHL,2004,0.0
PNG,2004,0.0
POL,2004,0.0
PRK,2004,0.0
PRT,2004,0.0
PRY,2004,2.312816604899126e-12
PSE,2004,0.0
PYF,2004,0.0
QAT,2004,0.0
ROU,2004,0.0
RUS,2004,1.241673430740775e-12
RWA,2004,0.0
SAU,2004,0.0
SDN,2004,0.0
SEN,2004,0.0
SGP,2004,0.0
SLB,2004,0.0
SLE,2004,0.0
SLV,2004,0.0
SMR,2004,0.0
SOM,2004,0.0
SPM,2004,0.0
SRB,2004,0.25632120140060044
STP,2004,0.0
SUR,2004,0.23879337233387954
SVK,2004,0.0
SVN,2004,0.0
SWE,2004,0.0
SWZ,2004,0.0
SYC,2004,0.0
SYR,2004,2.492063492061
TCA,2004,0.0
TCD,2004,0.0
TGO,2004,0.0
THA,2004,1.999999999999
TJK,2004,0.0
TKM,2004,0.0
TON,2004,0.0
TTO,2004,0.05781819874426031
TUN,2004,0.1187739463600348
TUR,2004,7.105427357601002e-15
TUV,2004,0.0
TWN,2004,0.0
TZA,2004,0.0
UGA,2004,0.0
UKR,2004,0.0
URY,2004,1.000088900582341e-12
USA,2004,0.0
UZB,2004,0.0
VCT,2004,0.02845022477946113
VEN,2004,0.005489868169906487
VNM,2004,0.0
VUT,2004,0.0
WLF,2004,0.0
WSM,2004,0.0
XKX,2004,0.0
YEM,2004,0.0
YUG,2004,0.0
ZAF,2004,0.0
ZMB,2004,0.0
ZWE,2004,0.0
ABW,2005,0.0
AFG,2005,0.0
AGO,2005,0.0
AIA,2005,0.0
ALB,2005,0.0
AND,2005,0.0
ARE,2005,0.0
ARG,2005,0.0
ARM,2005,0.0
ATG,2005,0.0018465699234173627
AUS,2005,0.0
AUT,2005,0.0
AZE,2005,0.0
BDI,2005,0.0
BEL,2005,0.0
BEN,2005,0.0
BFA,2005,0.0
BGD,2005,0.5079365079365077
BGR,2005,0.04510920307645172
BHR,2005,2.999999999999
BHS,2005,0.0037527066184459557
BIH,2005,0.0
BLR,2005,0.0
BLZ,2005,0.0037527066184406266
BMU,2005,0.0
BOL,2005,0.0
BRA,2005,0.0
BRB,2005,0.0037527066184406266
BRN,2005,2.999999999999492
BTN,2005,0.0
BWA,2005,0.0
CAF,2005,0.0
CAN,2005,0.0
CHE,2005,0.0
CHL,2005,0.0
CHN,2005,1.000000000000508
CIV,2005,0.0
CMR,2005,0.0
COD,2005,0.0
COG,2005,0.0
COK,2005,0.0
COL,2005,0.0
COM,2005,0.0
CPV,2005,0.0
CRI,2005,0.0
CUB,2005,0.0035638371549993053
CYM,2005,0.0
CYP,2005,0.0
CZE,2005,0.0
DEU,2005,0.0
DJI,2005,0.0
DMA,2005,0.0018465699234173627
DNK,2005,0.0
DOM,2005,2.1316282072803006e-13
DZA,2005,0.08728763940907314
ECU,2005,0.0
EGY,2005,1.0257814660357871
ERI,2005,0.0
ESH,2005,0.0
ESP,2005,0.0
EST,2005,0.0
ETH,2005,0.0
FIN,2005,0.0
FJI,2005,0.0
FRA,2005,0.0
FRO,2005,1.0141947211791247
FSM,2005,0.0
GAB,2005,0.0
GBR,2005,0.0
GEO,2005,0.0
GHA,2005,0.0
GIN,2005,0.0
GMB,2005,0.0
GNB,2005,0.0
GNQ,2005,0.0
GRC,2005,0.0
GRD,2005,0.0018465699234173627
GRL,2005,0.0
GTM,2005,0.0
GUY,2005,0.0037527066184406266
HKG,2005,0.0
HND,2005,0.0
HRV,2005,0.20782506029135206
HTI,2005,0.0
HUN,2005,0.0
IDN,2005,0.0
IND,2005,1.000088900582341e-12
IRL,2005,0.0
IRN,2005,0.7586206896551724
IRQ,2005,0.0
ISL,2005,0.0
ISR,2005,0.0
ITA,2005,0.0
JAM,2005,0.0037527066184406266
JOR,2005,0.0
JPN,2005,1.000088900582341e-12
KAZ,2005,0.0
KEN,2005,0.0
KGZ,2005,0.0
KHM,2005,0.0
KIR,2005,0.0
KNA,2005,0.0018465699234173627
KOR,2005,4.000355602329364e-12
KWT,2005,0.0
LAO,2005,2.504663143554353e-13
LBN,2005,2.017492542091201
LBR,2005,0.0
LBY,2005,0.0
LCA,2005,0.0018465699234173627
LIE,2005,0.0
LKA,2005,0.5079365079365079
LSO,2005,0.0
LTU,2005,0.0
LUX,2005,0.0
LVA,2005,0.0
MAC,2005,0.0
MAR,2005,1.360520911723527
MCO,2005,0.0
MDA,2005,0.0
MDG,2005,0.0
MDV,2005,0.0
MEX,2005,0.0
MHL,2005,0.0
MKD,2005,0.12298487884280718
MLI,2005,0.0
MLT,2005,0.0
MMR,2005,0.0
MOZ,2005,2.9753977059954195e-14
MRT,2005,0.0
MSR,2005,0.001846569923304564
MUS,2005,0.0
MWI,2005,0.0
MYS,2005,1.999999999999492
NAM,2005,0.0
NCL,2005,0.0
NER,2005,0.0
NGA,2005,0.0
NIC,2005,0.0
NIU,2005,0.0
NLD,2005,0.0
NOR,2005,0.0
NPL,2005,0.0
NRU,2005,0.0
NZL,2005,2.4158453015843406e-13
OMN,2005,0.0
PAK,2005,0.7586206896551725
PAN,2005,0.0
PCN,2005,0.0
PER,2005,0.04166479767471376
PHL,2005,0.0
PNG,2005,0.0
POL,2005,0.0
PRK,2005,0.0
PRT,2005,0.0
PRY,2005,0.0
PSE,2005,0.0
PYF,2005,0.0
QAT,2005,0.0
ROU,2005,0.16099719418626357
RUS,2005,1.241673430740775e-12
RWA,2005,0.0
SAU,2005,0.0
SDN,2005,0.0
SEN,2005,0.0
SGP,2005,0.0
SLB,2005,0.0
SLE,2005,0.0
SLV,2005,0.0
SMR,2005,0.0
SOM,2005,0.0
SPM,2005,0.0
SRB,2005,0.25632120140060044
STP,2005,0.0
SUR,2005,0.015498951683929008
SVK,2005,0.0
SVN,2005,0.0
SWE,2005,0.0
SWZ,2005,0.0
SYC,2005,0.0
SYR,2005,2.492063492061
TCA,2005,0.0
TCD,2005,0.0
TGO,2005,0.0
THA,2005,0.0
TJK,2005,0.0
TKM,2005,0.0
TON,2005,0.0
TTO,2005,0.0037527066184406266
TUN,2005,0.0
TUR,2005,7.105427357601002e-15
TUV,2005,0.0
TWN,2005,4.999556324492005e-12
TZA,2005,0.0
UGA,2005,0.0
UKR,2005,0.0
URY,2005,0.0
USA,2005,0.0
UZB,2005,0.0
VCT,2005,0.0018465699234173627
VEN,2005,0.0
VNM,2005,0.0
VUT,2005,0.0
WLF,2005,0.0
WSM,2005,0.0
XKX,2005,0.0
YEM,2005,0.0
YUG,2005,0.0
ZAF,2005,0.0
ZMB,2005,0.0
ZWE,2005,0.0
ABW,2006,0.0
AFG,2006,0.0
AGO,2006,0.0
AIA,2006,0.0
ALB,2006,3.0138585398254474
AND,2006,0.0
ARE,2006,0.0
ARG,2006,0.0
ARM,2006,0.0
ATG,2006,0.0
AUS,2006,0.0
AUT,2006,0.0
AZE,2006,0.0
BDI,2006,0.0
BEL,2006,0.0
BEN,2006,0.0
BFA,2006,0.0
BGD,2006,0.37328954570333917
BGR,2006,0.04510920307645172
BHR,2006,0.0
BHS,2006,0.0
BIH,2006,1.1191416013798392
BLR,2006,0.0
BLZ,2006,0.0007080420239802265
BMU,2006,0.0
BOL,2006,0.0
BRA,2006,0.0
BRB,2006,0.0
BRN,2006,0.0
BTN,2006,0.0
BWA,2006,1.0
CAF,2006,0.0
CAN,2006,0.0
CHE,2006,0.0
CHL,2006,0.0
CHN,2006,1.4921397450962104e-12
CIV,2006,0.0
CMR,2006,0.0
COD,2006,0.0
COG,2006,0.0
COK,2006,0.0
COL,2006,2.753353101070388e-13
COM,2006,0.0
CPV,2006,0.0
CRI,2006,0.0
CUB,2006,0.0011753079979257564
CYM,2006,0.0
CYP,2006,0.0
CZE,2006,0.0
DEU,2006,0.0
DJI,2006,0.0
DMA,2006,0.0
DNK,2006,0.0
DOM,2006,0.0
DZA,2006,0.08728763940907314
ECU,2006,0.0
EGY,2006,1.0257814660357871
ERI,2006,0.0
ESH,2006,0.0
ESP,2006,0.0
EST,2006,0.0
ETH,2006,0.0
FIN,2006,0.0
FJI,2006,0.0
FRA,2006,0.0
FRO,2006,0.0
FSM,2006,0.0
GAB,2006,0.0
GBR,2006,0.0
GEO,2006,0.0
GHA,2006,0.0
GIN,2006,0.0
GMB,2006,0.0
GNB,2006,0.0
GNQ,2006,0.0
GRC,2006,0.0
GRD,2006,0.0
GRL,2006,0.0
GTM,2006,0.0
GUY,2006,0.0
HKG,2006,0.0
HND,2006,0.0
HRV,2006,0.40915558744839853
HTI,2006,0.0
HUN,2006,0.0
IDN,2006,4.711786516509164e-13
IND,2006,4.920508445138694e-13
IRL,2006,0.0
IRN,2006,0.21270973708548024
IRQ,2006,0.0
ISL,2006,0.0
ISR,2006,0.0
ITA,2006,0.0
JAM,2006,0.0
JOR,2006,0.0
JPN,2006,1.000088900582341e-12
KAZ,2006,0.0
KEN,2006,0.0
KGZ,2006,0.0
KHM,2006,8.22897305852166e-13
KIR,2006,0.0
KNA,2006,0.0
KOR,2006,0.0
KWT,2006,0.0
LAO,2006,1.9895196601282805e-13
LBN,2006,1.580496692768623
LBR,2006,0.0
LBY,2006,0.0
LCA,2006,0.0
LIE,2006,0.0
LKA,2006,0.0
LSO,2006,1.0
LTU,2006,0.0
LUX,2006,0.0
LVA,2006,0.0
MAC,2006,0.0
MAR,2006,0.0
MCO,2006,0.0
MDA,2006,0.999999999999492
MDG,2006,0.0
MDV,2006,0.0
MEX,2006,0.0
MHL,2006,0.0
MKD,2006,0.24212648022165872
MLI,2006,0.0
MLT,2006,0.0
MMR,2006,8.22897305852166e-13
MNE,2006,5.999999999994
MOZ,2006,0.0
MRT,2006,0.0
MSR,2006,0.0
MUS,2006,0.0
MWI,2006,0.0
MYS,2006,0.0
NAM,2006,2.000177801164682e-12
NCL,2006,0.0
NER,2006,0.0
NGA,2006,0.18311533888228304
NIC,2006,0.0
NIU,2006,0.0
NLD,2006,0.0
NOR,2006,0.0
NPL,2006,0.0
NRU,2006,0.0
NZL,2006,0.0
OMN,2006,2.999999999999492
PAK,2006,2.241379310342769
PAN,2006,0.0
PCN,2006,0.0
PER,2006,2.2430373446533842
PHL,2006,2.000000000000405
PNG,2006,0.0
POL,2006,0.0
PRK,2006,0.0
PRT,2006,0.0
PRY,2006,0.0
PSE,2006,0.0
PYF,2006,0.0
QAT,2006,0.0
ROU,2006,0.16099719418626357
RUS,2006,0.0
RWA,2006,0.0
SAU,2006,0.0
SDN,2006,0.0
SEN,2006,0.0
SGP,2006,0.0
SLB,2006,0.0
SLE,2006,0.0
SLV,2006,0.0
SMR,2006,0.0
SOM,2006,0.0
SPM,2006,0.0
SRB,2006,3.0586252324217558
STP,2006,0.0
SUR,2006,0.0
SVK,2006,0.0
SVN,2006,0.0
SWE,2006,0.0
SWZ,2006,1.000088900582341e-12
SYC,2006,0.0
SYR,2006,2.7420005039027737
TCA,2006,0.0
TCD,2006,0.0
TGO,2006,0.0
THA,2006,0.0
TJK,2006,0.0
TKM,2006,0.0
TON,2006,0.0
TTO,2006,0.0
TUN,2006,0.0
TUR,2006,7.105427357601002e-15
TUV,2006,0.0
TWN,2006,0.0
TZA,2006,0.0
UGA,2006,0.0
UKR,2006,0.0
URY,2006,0.0
USA,2006,0.0
UZB,2006,0.0
VCT,2006,0.0
VEN,2006,1.8305335179563373
VNM,2006,4.050093593832571e-13
VUT,2006,0.0
WLF,2006,0.0
WSM,2006,0.0
XKX,2006,4.476190476186
YEM,2006,0.0
YUG,2006,0.0
ZAF,2006,0.0
ZMB,2006,0.0
ZWE,2006,0.0
ABW,2007,0.0
AFG,2007,0.0
AGO,2007,0.0
AIA,2007,0.0
ALB,2007,2.5197621766892553e-12
AND,2007,0.0
ARE,2007,0.0
ARG,2007,0.0
ARM,2007,0.0
ATG,2007,0.0
AUS,2007,0.0
AUT,2007,0.0
AZE,2007,0.0
BDI,2007,0.0
BEL,2007,0.0
BEN,2007,0.0
BFA,2007,0.0
BGD,2007,0.37328954570333917
BGR,2007,0.0
BHR,2007,0.0
BHS,2007,0.0
BIH,2007,0.0
BLR,2007,0.0
BLZ,2007,0.0007080420239802265
BMU,2007,0.0
BOL,2007,0.0
BRA,2007,0.0
BRB,2007,0.0
BRN,2007,2.000177801164682e-12
BTN,2007,0.0
BWA,2007,1.0
CAF,2007,0.0
CAN,2007,0.0
CHE,2007,0.0
CHL,2007,0.0
CHN,2007,0.0
CIV,2007,0.0
CMR,2007,0.0
COD,2007,0.0
COG,2007,0.0
COK,2007,0.0
COL,2007,2.753353101070388e-13
COM,2007,0.0
CPV,2007,0.0
CRI,2007,0.0
CUB,2007,0.0011753079979253123
CYM,2007,0.0
CYP,2007,0.0
CZE,2007,0.0
DEU,2007,0.0
DJI,2007,0.0
DMA,2007,0.0
DNK,2007,0.0
DOM,2007,0.0
DZA,2007,0.0
ECU,2007,0.0
EGY,2007,0.0
ERI,2007,0.0
ESH,2007,0.0
ESP,2007,0.0
EST,2007,0.0
ETH,2007,0.0
FIN,2007,0.0
FJI,2007,0.0
FRA,2007,0.0
FRO,2007,0.0
FSM,2007,0.0
GAB,2007,0.0
GBR,2007,0.0
GEO,2007,1.000088900582341e-12
GHA,2007,0.0
GIN,2007,0.0
GMB,2007,0.0
GNB,2007,0.0
GNQ,2007,0.0
GRC,2007,0.0
GRD,2007,0.0
GRL,2007,0.0
GTM,2007,0.0
GUY,2007,0.0
HKG,2007,0.0
HND,2007,0.0
HRV,2007,0.0
HTI,2007,0.0
HUN,2007,0.0
IDN,2007,2.4920634920630835
IND,2007,0.0
IRL,2007,0.0
IRN,2007,0.21270973708548024
IRQ,2007,0.0
ISL,2007,0.0
ISR,2007,0.0
ITA,2007,0.0
JAM,2007,0.0
JOR,2007,0.0
JPN,2007,0.0
KAZ,2007,0.0
KEN,2007,0.0
KGZ,2007,0.0
KHM,2007,9.685585666829866e-13
KIR,2007,0.0
KNA,2007,0.0
KOR,2007,0.0
KWT,2007,0.0
LAO,2007,3.552713678800501e-14
LBN,2007,0.0
LBR,2007,0.0
LBY,2007,0.0
LCA,2007,0.0
LIE,2007,0.0
LKA,2007,0.0
LSO,2007,1.0
LTU,2007,0.0
LUX,2007,0.0
LVA,2007,0.0
MAC,2007,0.0
MAR,2007,0.0
MCO,2007,0.0
MDA,2007,0.0
MDG,2007,0.0
MDV,2007,0.0
MEX,2007,0.0
MHL,2007,0.0
MKD,2007,0.0
MLI,2007,0.0
MLT,2007,0.0
MMR,2007,9.685585666829866e-13
MNE,2007,2.999378523327323e-12
MOZ,2007,0.0
MRT,2007,0.0
MSR,2007,0.0
MUS,2007,0.0
MWI,2007,0.0
MYS,2007,3.000266701747023e-12
NAM,2007,2.000177801164682e-12
NCL,2007,0.0
NER,2007,0.0
NGA,2007,0.18311533888228304
NIC,2007,0.0
NIU,2007,0.0
NLD,2007,0.0
NOR,2007,0.0
NPL,2007,0.0
NRU,2007,0.0
NZL,2007,0.0
OMN,2007,2.999999999999492
PAK,2007,1.0000000000012412
PAN,2007,1.2256862191861728e-13
PCN,2007,0.0
PER,2007,2.2430373446533842
PHL,2007,2.000000000000072
PNG,2007,0.0
POL,2007,0.0
PRK,2007,0.0
PRT,2007,0.0
PRY,2007,0.0
PSE,2007,0.0
PYF,2007,0.0
QAT,2007,0.0
ROU,2007,0.0
RUS,2007,0.0
RWA,2007,0.0
SAU,2007,0.0
SDN,2007,0.0
SEN,2007,0.0
SGP,2007,0.0
SLB,2007,0.0
SLE,2007,0.0
SLV,2007,0.0
SMR,2007,0.0
SOM,2007,0.0
SPM,2007,0.0
SRB,2007,0.0
STP,2007,0.0
SUR,2007,0.0
SVK,2007,0.0
SVN,2007,0.0
SWE,2007,0.0
SWZ,2007,1.000088900582341e-12
SYC,2007,0.0
SYR,2007,0.24993701184177386
TCA,2007,0.0
TCD,2007,0.0
TGO,2007,0.0
THA,2007,0.0
TJK,2007,0.0
TKM,2007,0.0
TON,2007,0.0
TTO,2007,0.0
TUN,2007,0.0
TUR,2007,0.0
TUV,2007,0.0
TWN,2007,0.0
TZA,2007,0.0
UGA,2007,0.0
UKR,2007,0.0
URY,2007,0.0
USA,2007,0.0
UZB,2007,0.0
VCT,2007,0.0
VEN,2007,1.8305335179563373
VNM,2007,4.760636329592671e-13
VUT,2007,0.0
WLF,2007,0.0
WSM,2007,0.0
XKX,2007,0.0
YEM,2007,0.0
YUG,2007,0.0
ZAF,2007,0.0
ZMB,2007,0.0
ZWE,2007,0.0
ABW,2008,0.0
AFG,2008,0.0
AGO,2008,0.0
AIA,2008,0.0
ALB,2008,5.098144129078719e-13
AND,2008,0.0
ARE,2008,1.7546777546786325
ARG,2008,0.0
ARM,2008,0.0
ATG,2008,0.0
AUS,2008,2.4158453015843406e-13
AUT,2008,0.0
AZE,2008,0.0
BDI,2008,0.0
BEL,2008,0.0
BEN,2008,0.0
BFA,2008,0.0
BGD,2008,0.37328954570333917
BGR,2008,0.0
BHR,2008,1.7550405573274475e-12
BHS,2008,0.0
BIH,2008,0.0
BLR,2008,0.0
BLZ,2008,8.881784197001252e-16
BMU,2008,0.0
BOL,2008,0.0
BRA,2008,0.0
BRB,2008,0.0
BRN,2008,0.0
BTN,2008,0.0
BWA,2008,0.0
CAF,2008,0.0
CAN,2008,1.000088900582341e-12
CHE,2008,0.0
CHL,2008,0.0
CHN,2008,0.0
CIV,2008,0.09775200895127689
CMR,2008,0.0
COD,2008,0.0
COG,2008,0.0
COK,2008,0.0
COL,2008,2.753353101070388e-13
COM,2008,0.0
CPV,2008,0.0
CRI,2008,0.0
CUB,2008,0.0
CYM,2008,0.0
CYP,2008,0.0
CZE,2008,0.0
DEU,2008,0.0
DJI,2008,0.0
DMA,2008,0.0
DNK,2008,0.0
DOM,2008,0.0
DZA,2008,0.008867762600720752
ECU,2008,0.004745612261202403
EGY,2008,0.0
ERI,2008,0.0
ESH,2008,0.0
ESP,2008,0.0
EST,2008,0.0
ETH,2008,0.0
FIN,2008,0.0
FJI,2008,0.0
FRA,2008,0.0
FRO,2008,0.0
FSM,2008,0.0
GAB,2008,0.0
GBR,2008,0.0
GEO,2008,0.0
GHA,2008,0.0
GIN,2008,0.0
GMB,2008,0.0
GNB,2008,0.0
GNQ,2008,0.0
GRC,2008,0.0
GRD,2008,0.0
GRL,2008,0.0
GTM,2008,0.0
GUY,2008,0.0
HKG,2008,0.0
HND,2008,0.0
HRV,2008,0.0
HTI,2008,0.0
HUN,2008,0.0
IDN,2008,1.0658141036401503e-14
IND,2008,0.0
IRL,2008,0.0
IRN,2008,0.21270973708548024
IRQ,2008,0.0
ISL,2008,0.0
ISR,2008,0.0
ITA,2008,0.0
JAM,2008,0.0
JOR,2008,0.0
JPN,2008,0.0
KAZ,2008,0.0
KEN,2008,0.0
KGZ,2008,0.0
KHM,2008,8.411049634560186e-13
KIR,2008,0.0
KNA,2008,0.0
KOR,2008,0.0
KWT,2008,1.7546777546781867
LAO,2008,0.0
LBN,2008,0.0
LBR,2008,0.0
LBY,2008,0.0
LCA,2008,0.0
LIE,2008,0.0
LKA,2008,0.0
LSO,2008,0.0
LTU,2008,0.0
LUX,2008,0.0
LVA,2008,0.0
MAC,2008,0.0
MAR,2008,0.0
MCO,2008,0.0
MDA,2008,0.0
MDG,2008,0.0
MDV,2008,0.0
MEX,2008,0.0
MHL,2008,0.0
MKD,2008,0.0
MLI,2008,0.0
MLT,2008,0.0
MMR,2008,0.0
MNE,2008,4.999556324492005e-12
MOZ,2008,0.0
MRT,2008,0.0
MSR,2008,0.0
MUS,2008,0.0
MWI,2008,0.0
MYS,2008,0.0
NAM,2008,0.0
NCL,2008,0.0
NER,2008,0.0
NGA,2008,0.18311533888228304
NIC,2008,0.0
NIU,2008,0.0
NLD,2008,0.0
NOR,2008,0.0
NPL,2008,0.0
NRU,2008,0.0
NZL,2008,0.0
OMN,2008,3.000000000001247
PAK,2008,0.0
PAN,2008,1.2256862191861728e-13
PCN,2008,0.0
PER,2008,2.2430373446553844
PHL,2008,8.881784197001252e-15
PNG,2008,0.0
POL,2008,0.0
PRK,2008,0.0
PRT,2008,0.0
PRY,2008,0.0
PSE,2008,0.0
PYF,2008,0.0
QAT,2008,1.7546777546786325
ROU,2008,0.0
RUS,2008,0.0
RWA,2008,0.0
SAU,2008,1.7546777546786325
SDN,2008,0.0
SEN,2008,0.0
SGP,2008,0.0
SLB,2008,0.0
SLE,2008,0.0
SLV,2008,0.0
SMR,2008,0.0
SOM,2008,0.0
SPM,2008,0.0
SRB,2008,2.6840751843337785e-12
STP,2008,0.0
SUR,2008,0.0
SVK,2008,0.0
SVN,2008,0.0
SWE,2008,0.0
SWZ,2008,0.0
SYC,2008,1.0582639714614863
SYR,2008,0.24993701184177386
TCA,2008,0.0
TCD,2008,0.0
TGO,2008,0.0
THA,2008,0.0
TJK,2008,0.0
TKM,2008,0.0
TON,2008,0.0
TTO,2008,0.0
TUN,2008,6.039613253960852e-14
TUR,2008,0.0
TUV,2008,0.0
TWN,2008,0.0
TZA,2008,0.0
UGA,2008,0.0
UKR,2008,0.0
URY,2008,0.0
USA,2008,0.0
UZB,2008,0.0
VCT,2008,0.0
VEN,2008,1.8305335179563373
VNM,2008,0.4920634920640605
VUT,2008,0.0
WLF,2008,0.0
WSM,2008,0.0
XKX,2008,0.0
YEM,2008,0.0
YUG,2008,0.0
ZAF,2008,0.0
ZMB,2008,0.0
ZWE,2008,0.0
ABW,2009,0.0
AFG,2009,0.0
AGO,2009,0.0
AIA,2009,0.0
ALB,2009,4.0678571622265736e-13
AND,2009,0.0
ARE,2009,1.2453222453226145
ARG,2009,0.0
ARM,2009,0.0
ATG,2009,0.0
AUS,2009,0.0
AUT,2009,0.0
AZE,2009,0.0
BDI,2009,0.0
BEL,2009,0.0
BEN,2009,0.0
BFA,2009,0.0
BGD,2009,0.37328954570333917
BGR,2009,0.0
BHR,2009,1.737276988933445e-12
BHS,2009,0.0
BIH,2009,0.0
BLR,2009,0.0
BLZ,2009,8.881784197001252e-16
BMU,2009,0.0
BOL,2009,0.0
BRA,2009,0.0
BRB,2009,0.0
BRN,2009,0.0
BTN,2009,0.0
BWA,2009,0.0
CAF,2009,0.0
CAN,2009,0.0
CHE,2009,0.0
CHL,2009,0.0
CHN,2009,0.0
CIV,2009,0.0
CMR,2009,0.0
COD,2009,0.0
COG,2009,0.0
COK,2009,0.0
COL,2009,1.2256862191861728e-13
COM,2009,0.0
CPV,2009,0.0
CRI,2009,0.0
CUB,2009,0.0
CYM,2009,0.0
CYP,2009,0.0
CZE,2009,0.0
DEU,2009,0.0
DJI,2009,0.0
DMA,2009,0.0
DNK,2009,0.0
DOM,2009,0.0
DZA,2009,0.008867762600720752
ECU,2009,0.004745612261202403
EGY,2009,0.0
ERI,2009,0.0
ESH,2009,0.0
ESP,2009,0.0
EST,2009,0.0
ETH,2009,0.0
FIN,2009,0.0
FJI,2009,0.0
FRA,2009,0.0
FRO,2009,0.0
FSM,2009,0.0
GAB,2009,0.0
GBR,2009,0.0
GEO,2009,0.0
GHA,2009,0.0
GIN,2009,0.0
GMB,2009,0.0
GNB,2009,0.0
GNQ,2009,0.0
GRC,2009,0.0
GRD,2009,0.0
GRL,2009,0.0
GTM,2009,0.0
GUY,2009,0.0
HKG,2009,0.0
HND,2009,0.0
HRV,2009,0.0
HTI,2009,0.0
HUN,2009,0.0
IDN,2009,1.1244338793403585e-12
IND,2009,0.9999999999989999
IRL,2009,0.0
IRN,2009,0.21270973708548024
IRQ,2009,0.0
ISL,2009,0.0
ISR,2009,0.0
ITA,2009,0.0
JAM,2009,0.0
JOR,2009,0.05862523242455797
JPN,2009,0.0
KAZ,2009,0.0
KEN,2009,0.0
KGZ,2009,0.0
KHM,2009,1.0000000000011227
KIR,2009,0.0
KNA,2009,0.0
KOR,2009,0.0
KWT,2009,1.2453222453225523
LAO,2009,0.4920634920644922
LBN,2009,0.0
LBR,2009,0.0
LBY,2009,0.0
LCA,2009,0.0
LIE,2009,0.0
LKA,2009,0.0
LSO,2009,0.0
LTU,2009,0.0
LUX,2009,0.0
LVA,2009,0.0
MAC,2009,0.0
MAR,2009,0.0
MCO,2009,0.0
MDA,2009,0.0
MDG,2009,0.0
MDV,2009,0.0
MEX,2009,0.0
MHL,2009,0.0
MKD,2009,0.0
MLI,2009,0.0
MLT,2009,0.0
MMR,2009,1.0000000000011227
MNE,2009,4.999556324492005e-12
MOZ,2009,0.0
MRT,2009,0.0
MSR,2009,0.0
MUS,2009,0.0
MWI,2009,0.0
MYS,2009,0.0
NAM,2009,0.0
NCL,2009,0.0
NER,2009,0.0
NGA,2009,0.18311533888228304
NIC,2009,0.0
NIU,2009,0.0
NLD,2009,0.0
NOR,2009,0.0
NPL,2009,0.0
NRU,2009,0.0
NZL,2009,0.0
OMN,2009,1.2452261444195756e-12
PAK,2009,0.0
PAN,2009,1.2256862191861728e-13
PCN,2009,0.0
PER,2009,0.0
PHL,2009,1.1244338793403585e-12
PNG,2009,0.0
POL,2009,0.0
PRK,2009,0.0
PRT,2009,0.0
PRY,2009,0.0
PSE,2009,0.0
PYF,2009,0.0
QAT,2009,1.2453222453226145
ROU,2009,0.0
RUS,2009,0.0
RWA,2009,0.0
SAU,2009,1.2453222453226145
SDN,2009,0.0
SEN,2009,0.0
SGP,2009,0.0
SLB,2009,0.0
SLE,2009,0.0
SLV,2009,0.0
SMR,2009,0.0
SOM,2009,0.0
SPM,2009,0.0
SRB,2009,2.936317855528614e-12
STP,2009,0.0
SUR,2009,0.0
SVK,2009,0.0
SVN,2009,0.0
SWE,2009,0.0
SWZ,2009,0.0
SYC,2009,1.0582645870726992e-12
SYR,2009,0.24993701184177386
TCA,2009,0.0
TCD,2009,0.0
TGO,2009,0.0
THA,2009,0.0
TJK,2009,0.0
TKM,2009,0.0
TON,2009,0.0
TTO,2009,0.0
TUN,2009,6.039613253960852e-14
TUR,2009,0.0
TUV,2009,0.0
TWN,2009,0.0
TZA,2009,0.0
UGA,2009,0.0
UKR,2009,0.0
URY,2009,0.0
USA,2009,0.0
UZB,2009,0.0
VCT,2009,0.0
VEN,2009,1.8305335179563373
VNM,2009,4.920508445138694e-13
VUT,2009,0.0
WLF,2009,0.0
WSM,2009,0.0
XKX,2009,0.0
YEM,2009,0.0
YUG,2009,0.0
ZAF,2009,0.0
ZMB,2009,0.0
ZWE,2009,0.0
ABW,2010,0.0
AFG,2010,0.0
AGO,2010,0.0
AIA,2010,0.0
ALB,2010,0.0
AND,2010,0.0
ARE,2010,1.2453222453226145
ARG,2010,0.0
ARM,2010,0.0
ATG,2010,0.0
AUS,2010,0.0
AUT,2010,0.0
AZE,2010,0.0
BDI,2010,0.0
BEL,2010,0.0
BEN,2010,0.0
BFA,2010,0.0
BGD,2010,0.37328954570333917
BGR,2010,0.0
BHR,2010,1.737276988933445e-12
BHS,2010,0.0
BIH,2010,0.0
BLR,2010,0.0
BLZ,2010,0.0
BMU,2010,0.0
BOL,2010,0.0
BRA,2010,0.0
BRB,2010,0.0
BRN,2010,0.0
BTN,2010,0.0
BWA,2010,0.0
CAF,2010,0.0
CAN,2010,0.0
CHE,2010,0.0
CHL,2010,0.0
CHN,2010,0.0
CIV,2010,0.0
CMR,2010,0.0
COD,2010,0.0
COG,2010,0.0
COK,2010,0.0
COL,2010,1.2256862191861728e-13
COM,2010,0.0
CPV,2010,0.0
CRI,2010,0.0
CUB,2010,0.0
CYM,2010,0.0
CYP,2010,0.0
CZE,2010,0.0
DEU,2010,0.0
DJI,2010,0.0
DMA,2010,0.0
DNK,2010,0.0
DOM,2010,0.0
DZA,2010,0.0
ECU,2010,0.0
EGY,2010,0.0
ERI,2010,0.0
ESH,2010,0.0
ESP,2010,0.0
EST,2010,0.0
ETH,2010,0.0
FIN,2010,0.0
FJI,2010,0.0
FRA,2010,0.0
FRO,2010,0.0
FSM,2010,0.0
GAB,2010,0.0
GBR,2010,0.0
GEO,2010,0.0
GHA,2010,0.0
GIN,2010,0.0
GMB,2010,0.0
GNB,2010,0.0
GNQ,2010,0.0
GRC,2010,0.0
GRD,2010,0.0
GRL,2010,0.0
GTM,2010,0.0
GUY,2010,0.0
HKG,2010,2.999999999998
HND,2010,0.0
HRV,2010,0.0
HTI,2010,0.0
HUN,2010,0.0
IDN,2010,0.0
IND,2010,0.0
IRL,2010,0.0
IRN,2010,0.09010437310080588
IRQ,2010,0.0
ISL,2010,0.0
ISR,2010,0.0
ITA,2010,0.0
JAM,2010,0.0
JOR,2010,0.05862523242455797
JPN,2010,0.0
KAZ,2010,0.0
KEN,2010,0.0
KGZ,2010,0.0
KHM,2010,0.0
KIR,2010,0.0
KNA,2010,0.0
KOR,2010,0.0
KWT,2010,1.2453222453225523
LAO,2010,0.0
LBN,2010,0.0
LBR,2010,0.0
LBY,2010,0.0
LCA,2010,0.0
LIE,2010,0.0
LKA,2010,0.0
LSO,2010,0.0
LTU,2010,0.0
LUX,2010,0.0
LVA,2010,0.0
MAC,2010,0.0
MAR,2010,0.0
MCO,2010,0.0
MDA,2010,0.0
MDG,2010,0.0
MDV,2010,0.0
MEX,2010,0.0
MHL,2010,0.0
MKD,2010,0.0
MLI,2010,0.0
MLT,2010,0.0
MMR,2010,0.0
MNE,2010,0.0
MOZ,2010,0.0
MRT,2010,0.0
MSR,2010,0.0
MUS,2010,0.0
MWI,2010,0.0
MYS,2010,0.0
NAM,2010,0.0
NCL,2010,0.0
NER,2010,0.0
NGA,2010,0.18311533888228304
NIC,2010,0.0
NIU,2010,0.0
NLD,2010,0.0
NOR,2010,0.0
NPL,2010,0.0
NRU,2010,0.0
NZL,2010,0.0
OMN,2010,1.2452261444195756e-12
PAK,2010,0.0
PAN,2010,1.2256862191861728e-13
PCN,2010,0.0
PER,2010,0.0
PHL,2010,0.0
PNG,2010,0.0
POL,2010,0.0
PRK,2010,0.0
PRT,2010,0.0
PRY,2010,0.0
PSE,2010,0.0
PYF,2010,0.0
QAT,2010,1.2453222453226145
ROU,2010,0.0
RUS,2010,0.0
RWA,2010,0.0
SAU,2010,1.2453222453226145
SDN,2010,0.0
SEN,2010,0.0
SGP,2010,0.0
SLB,2010,0.0
SLE,2010,0.0
SLV,2010,0.0
SMR,2010,0.0
SOM,2010,0.0
SPM,2010,0.0
SRB,2010,8.775202786637237e-13
STP,2010,0.0
SUR,2010,0.0
SVK,2010,0.0
SVN,2010,0.0
SWE,2010,0.0
SWZ,2010,0.0
SYC,2010,1.0582645870726992e-12
SYR,2010,0.0
TCA,2010,0.0
TCD,2010,0.0
TGO,2010,0.0
THA,2010,0.0
TJK,2010,0.0
TKM,2010,0.0
TON,2010,0.0
TTO,2010,0.0
TUN,2010,0.0
TUR,2010,0.0
TUV,2010,0.0
TWN,2010,0.0
TZA,2010,0.0
UGA,2010,0.0
UKR,2010,1.000088900582341e-12
URY,2010,0.0
USA,2010,0.0
UZB,2010,0.0
VCT,2010,0.0
VEN,2010,1.8305335179563373
VNM,2010,0.0
VUT,2010,0.0
WLF,2010,0.0
WSM,2010,0.0
XKX,2010,0.0
YEM,2010,0.0
YUG,2010,0.0
ZAF,2010,0.0
ZMB,2010,0.0
ZWE,2010,0.0
ABW,2011,0.0
AFG,2011,0.0
AGO,2011,0.0
AIA,2011,0.0
ALB,2011,0.0
AND,2011,0.0
ARE,2011,1.2453222453226145
ARG,2011,0.0
ARM,2011,6.039613253960852e-14
ATG,2011,0.0
AUS,2011,0.0
AUT,2011,0.0
AZE,2011,0.0
BDI,2011,0.0
BEL,2011,0.0
BEN,2011,0.0
BFA,2011,0.0
BGD,2011,0.0
BGR,2011,0.0
BHR,2011,1.737276988933445e-12
BHS,2011,0.0
BIH,2011,0.0
BLR,2011,0.0
BLZ,2011,0.0
BMU,2011,0.0
BOL,2011,0.0
BRA,2011,0.0
BRB,2011,0.0
BRN,2011,0.0
BTN,2011,0.0
BWA,2011,0.0
CAF,2011,0.0
CAN,2011,0.0
CHE,2011,0.0
CHL,2011,0.0
CHN,2011,0.0
CIV,2011,0.0
CMR,2011,0.0
COD,2011,0.0
COG,2011,0.0
COK,2011,0.0
COL,2011,0.0
COM,2011,0.0
CPV,2011,0.0
CRI,2011,0.0
CUB,2011,0.0
CYM,2011,0.0
CYP,2011,0.0
CZE,2011,0.0
DEU,2011,0.0
DJI,2011,0.0
DMA,2011,0.0
DNK,2011,0.0
DOM,2011,0.0
DZA,2011,0.014342162022333405
ECU,2011,0.0
EGY,2011,4.440892098500626e-15
ERI,2011,0.0
ESH,2011,0.0
ESP,2011,0.0
EST,2011,0.0
ETH,2011,0.0
FIN,2011,0.0
FJI,2011,0.0
FRA,2011,0.0
FRO,2011,0.0
FSM,2011,0.0
GAB,2011,0.0
GBR,2011,0.0
GEO,2011,0.0
GHA,2011,0.0
GIN,2011,0.0
GMB,2011,0.0
GNB,2011,0.0
GNQ,2011,0.0
GRC,2011,0.0
GRD,2011,0.0
GRL,2011,0.0
GTM,2011,0.0
GUY,2011,0.0
HKG,2011,2.000000000001
HND,2011,0.0
HRV,2011,2.007283228522283e-13
HTI,2011,0.0
HUN,2011,0.0
IDN,2011,0.0
IND,2011,0.0
IRL,2011,0.0
IRN,2011,0.0
IRQ,2011,0.0
ISL,2011,0.0
ISR,2011,0.0
ITA,2011,0.0
JAM,2011,0.0
JOR,2011,5.861977570020827e-14
JPN,2011,0.0
KAZ,2011,0.0
KEN,2011,0.0
KGZ,2011,1.2256862191861728e-13
KHM,2011,0.0
KIR,2011,0.0
KNA,2011,0.0
KOR,2011,0.0
KWT,2011,1.2453222453225523
LAO,2011,0.0
LBN,2011,0.004563091333944058
LBR,2011,0.0
LBY,2011,0.0
LCA,2011,0.0
LIE,2011,0.0
LKA,2011,0.0
LSO,2011,0.0
LTU,2011,0.0
LUX,2011,0.0
LVA,2011,0.0
MAC,2011,0.0
MAR,2011,0.0
MCO,2011,0.0
MDA,2011,0.0
MDG,2011,0.0
MDV,2011,0.0
MEX,2011,0.0
MHL,2011,0.0
MKD,2011,6.039613253960852e-14
MLI,2011,0.0
MLT,2011,0.0
MMR,2011,0.0
MNE,2011,1.000088900582341e-12
MOZ,2011,0.0
MRT,2011,0.0
MSR,2011,0.0
MUS,2011,1.000088900582341e-12
MWI,2011,0.0
MYS,2011,0.0
NAM,2011,0.0
NCL,2011,0.0
NER,2011,0.0
NGA,2011,0.0
NIC,2011,0.0
NIU,2011,0.0
NLD,2011,0.0
NOR,2011,0.0
NPL,2011,0.0
NRU,2011,0.0
NZL,2011,0.0
OMN,2011,1.2452261444195756e-12
PAK,2011,0.0
PAN,2011,1.2256862191861728e-13
PCN,2011,0.0
PER,2011,0.0
PHL,2011,0.0
PNG,2011,0.0
POL,2011,0.0
PRK,2011,0.0
PRT,2011,0.0
PRY,2011,0.0
PSE,2011,0.0
PYF,2011,0.0
QAT,2011,1.2453222453226145
ROU,2011,0.0
RUS,2011,0.0
RWA,2011,0.0
SAU,2011,1.2453222453226145
SDN,2011,0.0
SEN,2011,0.0
SGP,2011,0.0
SLB,2011,0.0
SLE,2011,0.0
SLV,2011,0.0
SMR,2011,0.0
SOM,2011,0.0
SPM,2011,0.0
SRB,2011,8.775202786637237e-13
STP,2011,0.0
SUR,2011,0.0
SVK,2011,0.0
SVN,2011,0.0
SWE,2011,0.0
SWZ,2011,0.0
SYC,2011,1.0582645870726992e-12
SYR,2011,0.0
TCA,2011,0.0
TCD,2011,0.0
TGO,2011,0.0
THA,2011,0.0
TJK,2011,1.2256862191861728e-13
TKM,2011,0.0
TON,2011,0.0
TTO,2011,0.0
TUN,2011,0.0
TUR,2011,0.0
TUV,2011,0.0
TWN,2011,0.0
TZA,2011,0.0
UGA,2011,0.0
UKR,2011,1.000088900582341e-12
URY,2011,0.0
USA,2011,0.0
UZB,2011,1.2256862191861728e-13
VCT,2011,0.0
VEN,2011,1.8305335179563373
VNM,2011,0.0
VUT,2011,0.0
WLF,2011,0.0
WSM,2011,0.0
XKX,2011,0.0
YEM,2011,0.0
YUG,2011,0.0
ZAF,2011,0.0
ZMB,2011,0.0
ZWE,2011,0.0
ABW,2012,0.0
AFG,2012,0.0
AGO,2012,0.0
AIA,2012,0.0
ALB,2012,0.0
AND,2012,0.0
ARE,2012,1.2453222453226145
ARG,2012,0.0
ARM,2012,0.0
ATG,2012,0.0
AUS,2012,0.0
AUT,2012,0.0
AZE,2012,0.0
BDI,2012,0.0
BEL,2012,0.0
BEN,2012,0.0
BFA,2012,0.0
BGD,2012,0.0
BGR,2012,0.0
BHR,2012,1.737276988933445e-12
BHS,2012,0.0
BIH,2012,0.0
BLR,2012,0.0
BLZ,2012,0.0
BMU,2012,0.0
BOL,2012,0.0
BRA,2012,0.0
BRB,2012,0.0
BRN,2012,0.0
BTN,2012,0.0
BWA,2012,0.0
CAF,2012,0.0
CAN,2012,0.0
CHE,2012,0.0
CHL,2012,0.0
CHN,2012,0.0
CIV,2012,0.0
CMR,2012,0.0
COD,2012,0.0
COG,2012,0.0
COK,2012,0.0
COL,2012,0.0
COM,2012,0.0
CPV,2012,0.0
CRI,2012,0.0
CUB,2012,0.0
CYM,2012,0.0
CYP,2012,0.0
CZE,2012,0.0
DEU,2012,0.0
DJI,2012,0.0
DMA,2012,0.0
DNK,2012,0.0
DOM,2012,0.0
DZA,2012,0.014342162022333405
ECU,2012,0.0
EGY,2012,4.440892098500626e-15
ERI,2012,0.0
ESH,2012,0.0
ESP,2012,0.0
EST,2012,0.0
ETH,2012,0.0
FIN,2012,0.0
FJI,2012,0.0
FRA,2012,0.0
FRO,2012,0.0
FSM,2012,0.0
GAB,2012,0.0
GBR,2012,0.0
GEO,2012,0.0
GHA,2012,0.0
GIN,2012,0.0
GMB,2012,0.0
GNB,2012,0.0
GNQ,2012,0.0
GRC,2012,0.0
GRD,2012,0.0
GRL,2012,0.0
GTM,2012,0.0
GUY,2012,0.0
HKG,2012,1.000088900582341e-12
HND,2012,0.0
HRV,2012,2.007283228522283e-13
HTI,2012,0.0
HUN,2012,0.0
IDN,2012,0.0
IND,2012,0.0
IRL,2012,0.0
IRN,2012,0.0
IRQ,2012,0.0
ISL,2012,0.0
ISR,2012,0.0
ITA,2012,0.0
JAM,2012,0.0
JOR,2012,0.0
JPN,2012,0.0
KAZ,2012,0.0
KEN,2012,0.0
KGZ,2012,0.0
KHM,2012,0.0
KIR,2012,0.0
KNA,2012,0.0
KOR,2012,0.0
KWT,2012,1.2453222453225523
LAO,2012,0.0
LBN,2012,0.004563091333944058
LBR,2012,0.0
LBY,2012,0.0
LCA,2012,0.0
LIE,2012,0.0
LKA,2012,0.0
LSO,2012,0.0
LTU,2012,0.0
LUX,2012,0.0
LVA,2012,0.0
MAC,2012,0.0
MAR,2012,0.0
MCO,2012,0.0
MDA,2012,0.0
MDG,2012,0.0
MDV,2012,0.0
MEX,2012,0.0
MHL,2012,0.0
MKD,2012,6.039613253960852e-14
MLI,2012,0.0
MLT,2012,0.0
MMR,2012,0.0
MNE,2012,1.000088900582341e-12
MOZ,2012,0.0
MRT,2012,0.0
MSR,2012,0.0
MUS,2012,1.000088900582341e-12
MWI,2012,0.0
MYS,2012,0.0
NAM,2012,0.0
NCL,2012,0.0
NER,2012,0.0
NGA,2012,0.0
NIC,2012,0.0
NIU,2012,0.0
NLD,2012,0.0
NOR,2012,0.0
NPL,2012,0.0
NRU,2012,0.0
NZL,2012,0.0
OMN,2012,1.2452261444195756e-12
PAK,2012,0.0
PAN,2012,0.0
PCN,2012,0.0
PER,2012,0.0
PHL,2012,0.0
PNG,2012,0.0
POL,2012,0.0
PRK,2012,0.0
PRT,2012,0.0
PRY,2012,0.0
PSE,2012,0.0
PYF,2012,0.0
QAT,2012,1.2453222453226145
ROU,2012,0.0
RUS,2012,0.0
RWA,2012,0.0
SAU,2012,1.2453222453226145
SDN,2012,0.0
SEN,2012,0.0
SGP,2012,0.0
SLB,2012,0.0
SLE,2012,0.0
SLV,2012,0.0
SMR,2012,0.0
SOM,2012,0.0
SPM,2012,0.0
SRB,2012,8.775202786637237e-13
STP,2012,0.0
SUR,2012,0.0
SVK,2012,0.0
SVN,2012,0.0
SWE,2012,0.0
SWZ,2012,0.0
SYC,2012,1.0582645870726992e-12
SYR,2012,0.0
TCA,2012,0.0
TCD,2012,0.0
TGO,2012,0.0
THA,2012,0.0
TJK,2012,0.0
TKM,2012,0.0
TON,2012,0.0
TTO,2012,0.0
TUN,2012,0.0
TUR,2012,0.0
TUV,2012,0.0
TWN,2012,0.0
TZA,2012,0.0
UGA,2012,0.0
UKR,2012,0.0
URY,2012,0.0
USA,2012,0.0
UZB,2012,0.0
VCT,2012,0.0
VEN,2012,0.0
VNM,2012,0.0
VUT,2012,0.0
WLF,2012,0.0
WSM,2012,0.0
XKX,2012,0.0
YEM,2012,0.0
YUG,2012,0.0
ZAF,2012,0.0
ZMB,2012,0.0
ZWE,2012,0.0
ABW,2013,0.0
AFG,2013,0.0
AGO,2013,0.0
AIA,2013,0.0
ALB,2013,0.0
AND,2013,0.0
ARE,2013,2.2453150450019166e-12
ARG,2013,0.0
ARM,2013,0.0
ATG,2013,0.0
AUS,2013,0.0
AUT,2013,0.0
AZE,2013,0.0
BDI,2013,0.0
BEL,2013,0.0
BEN,2013,0.0
BFA,2013,0.0
BGD,2013,0.0
BGR,2013,0.0
BHR,2013,0.0
BHS,2013,0.0
BIH,2013,0.0
BLR,2013,0.0
BLZ,2013,0.0
BMU,2013,0.0
BOL,2013,0.0
BRA,2013,0.0
BRB,2013,0.0
BRN,2013,0.0
BTN,2013,0.0
BWA,2013,0.0
CAF,2013,0.0
CAN,2013,0.0
CHE,2013,0.0
CHL,2013,0.0
CHN,2013,0.9999999999989999
CIV,2013,0.0
CMR,2013,0.0
COD,2013,0.0
COG,2013,0.0
COK,2013,0.0
COL,2013,0.0
COM,2013,0.0
CPV,2013,0.0
CRI,2013,0.0
CUB,2013,0.0
CYM,2013,0.0
CYP,2013,0.0
CZE,2013,0.0
DEU,2013,0.0
DJI,2013,0.0
DMA,2013,0.0
DNK,2013,0.0
DOM,2013,0.0
DZA,2013,0.0
ECU,2013,0.0
EGY,2013,0.0
ERI,2013,0.0
ESH,2013,0.0
ESP,2013,0.0
EST,2013,0.0
ETH,2013,0.0
FIN,2013,0.0
FJI,2013,0.0
FRA,2013,0.0
FRO,2013,0.0
FSM,2013,0.0
GAB,2013,0.0
GBR,2013,0.0
GEO,2013,0.0
GHA,2013,0.0
GIN,2013,0.0
GMB,2013,0.0
GNB,2013,0.0
GNQ,2013,0.0
GRC,2013,0.0
GRD,2013,0.0
GRL,2013,0.0
GTM,2013,0.0
GUY,2013,0.0
HKG,2013,1.000088900582341e-12
HND,2013,0.0
HRV,2013,0.0
HTI,2013,0.0
HUN,2013,0.0
IDN,2013,0.0
IND,2013,0.0
IRL,2013,0.0
IRN,2013,0.0
IRQ,2013,0.0
ISL,2013,0.0
ISR,2013,3.0730973321624333e-13
ITA,2013,0.0
JAM,2013,0.0
JOR,2013,0.0
JPN,2013,0.0
KAZ,2013,0.0
KEN,2013,0.0
KGZ,2013,0.0
KHM,2013,0.0
KIR,2013,0.0
KNA,2013,0.0
KOR,2013,0.0
KWT,2013,2.2453150450019166e-12
LAO,2013,0.0
LBN,2013,0.0
LBR,2013,0.0
LBY,2013,0.0
LCA,2013,0.0
LIE,2013,0.0
LKA,2013,0.0
LSO,2013,0.0
LTU,2013,0.0
LUX,2013,0.0
LVA,2013,0.0
MAC,2013,0.0
MAR,2013,0.0
MCO,2013,0.0
MDA,2013,0.0
MDG,2013,0.0
MDV,2013,0.0
MEX,2013,0.0
MHL,2013,0.0
MKD,2013,0.0
MLI,2013,0.0
MLT,2013,0.0
MMR,2013,0.0
MNE,2013,0.0
MNG,2013,0.0
MOZ,2013,0.0
MRT,2013,0.0
MSR,2013,0.0
MUS,2013,0.0
MWI,2013,0.0
MYS,2013,0.0
NAM,2013,0.0
NCL,2013,0.0
NER,2013,0.0
NGA,2013,0.0
NIC,2013,0.0
NIU,2013,0.0
NLD,2013,0.0
NOR,2013,0.0
NPL,2013,0.0
NRU,2013,0.0
NZL,2013,0.0
OMN,2013,0.0
PAK,2013,0.0
PAN,2013,0.0
PCN,2013,0.0
PER,2013,0.0
PHL,2013,0.0
PNG,2013,0.0
POL,2013,0.0
PRK,2013,0.0
PRT,2013,0.0
PRY,2013,0.0
PSE,2013,0.0
PYF,2013,0.0
QAT,2013,2.2453150450019166e-12
ROU,2013,0.0
RUS,2013,0.0
RWA,2013,0.0
SAU,2013,2.2453150450019166e-12
SDN,2013,0.0
SEN,2013,0.0
SGP,2013,0.0
SLB,2013,0.0
SLE,2013,0.0
SLV,2013,0.0
SMR,2013,0.0
SOM,2013,0.0
SPM,2013,0.0
SRB,2013,0.0
STP,2013,0.0
SUR,2013,0.0
SVK,2013,0.0
SVN,2013,0.0
SWE,2013,0.0
SWZ,2013,0.0
SYC,2013,1.0582645870726992e-12
SYR,2013,0.0
TCA,2013,0.0
TCD,2013,0.0
TGO,2013,0.0
THA,2013,0.0
TJK,2013,0.0
TKM,2013,0.0
TON,2013,0.0
TTO,2013,0.0
TUN,2013,0.0
TUR,2013,0.0
TUV,2013,0.0
TWN,2013,1.000088900582341e-12
TZA,2013,0.0
UGA,2013,0.0
UKR,2013,0.0
URY,2013,0.0
USA,2013,0.0
UZB,2013,0.0
VCT,2013,0.0
VEN,2013,0.0
VNM,2013,0.0
VUT,2013,0.0
WLF,2013,0.0
WSM,2013,0.0
XKX,2013,2.476241434123949e-12
YEM,2013,0.0
YUG,2013,0.0
ZAF,2013,0.0
ZMB,2013,0.0
ZWE,2013,0.0
ABW,2014,0.0
AFG,2014,0.0
AGO,2014,0.0
AIA,2014,0.0
ALB,2014,0.0
AND,2014,0.0
ARE,2014,0.0
ARG,2014,0.0
ARM,2014,3.0000000000010583
ATG,2014,0.0
AUS,2014,0.0
AUT,2014,0.0
AZE,2014,0.0
BDI,2014,0.0
BEL,2014,0.0
BEN,2014,0.0
BFA,2014,0.0
BGD,2014,0.0
BGR,2014,0.0
BHR,2014,0.0
BHS,2014,0.0
BIH,2014,0.0
BLR,2014,2.000177801164682e-12
BLZ,2014,0.0
BMU,2014,0.0
BOL,2014,0.0
BRA,2014,0.0
BRB,2014,0.0
BRN,2014,0.0
BTN,2014,0.0
BWA,2014,0.0
CAF,2014,0.0
CAN,2014,0.0
CHE,2014,0.0
CHL,2014,0.0
CHN,2014,0.0
CIV,2014,0.0
CMR,2014,0.0
COD,2014,0.0
COG,2014,0.0
COK,2014,0.0
COL,2014,0.0
COM,2014,0.0
CPV,2014,0.0
CRI,2014,0.0
CUB,2014,0.0
CYM,2014,0.0
CYP,2014,0.0
CZE,2014,0.0
DEU,2014,0.0
DJI,2014,0.0
DMA,2014,0.0
DNK,2014,0.0
DOM,2014,0.0
DZA,2014,0.0
ECU,2014,0.0
EGY,2014,0.0
ERI,2014,0.0
ESH,2014,0.0
ESP,2014,0.0
EST,2014,0.0
ETH,2014,0.0
FIN,2014,0.0
FJI,2014,0.0
FRA,2014,0.0
FRO,2014,0.9999999999990141
FSM,2014,0.0
GAB,2014,0.0
GBR,2014,0.0
GEO,2014,1.000000000001
GHA,2014,0.0
GIN,2014,0.0
GMB,2014,0.0
GNB,2014,0.0
GNQ,2014,0.0
GRC,2014,0.0
GRD,2014,0.0
GRL,2014,0.0
GTM,2014,0.0
GUY,2014,0.0
HKG,2014,0.0
HND,2014,0.0
HRV,2014,0.0
HTI,2014,0.0
HUN,2014,0.0
IDN,2014,0.0
IND,2014,0.0
IRL,2014,0.0
IRN,2014,0.0
IRQ,2014,0.0
ISL,2014,0.0
ISR,2014,3.0730973321624333e-13
ITA,2014,0.0
JAM,2014,0.0
JOR,2014,0.0
JPN,2014,0.0
KAZ,2014,2.000177801164682e-12
KEN,2014,0.0
KGZ,2014,1.0000000000013598
KHM,2014,0.0
KIR,2014,0.0
KNA,2014,0.0
KOR,2014,0.0
KWT,2014,0.0
LAO,2014,0.0
LBN,2014,0.0
LBR,2014,0.0
LBY,2014,0.0
LCA,2014,0.0
LIE,2014,0.0
LKA,2014,0.0
LSO,2014,0.0
LTU,2014,0.0
LUX,2014,0.0
LVA,2014,0.0
MAC,2014,0.0
MAR,2014,0.0
MCO,2014,0.0
MDA,2014,1.4921397450962104e-12
MDG,2014,0.0
MDV,2014,0.0
MEX,2014,0.0
MHL,2014,0.0
MKD,2014,0.0
MLI,2014,0.0
MLT,2014,0.0
MMR,2014,0.0
MNE,2014,0.0
MNG,2014,0.0
MOZ,2014,0.0
MRT,2014,0.0
MSR,2014,0.0
MUS,2014,0.0
MWI,2014,0.0
MYS,2014,0.0
NAM,2014,0.0
NCL,2014,0.0
NER,2014,0.0
NGA,2014,0.0
NIC,2014,0.0
NIU,2014,0.0
NLD,2014,0.0
NOR,2014,0.0
NPL,2014,0.0
NRU,2014,0.0
NZL,2014,0.0
OMN,2014,0.0
PAK,2014,0.0
PAN,2014,0.0
PCN,2014,0.0
PER,2014,0.0
PHL,2014,0.0
PNG,2014,0.0
POL,2014,0.0
PRK,2014,0.0
PRT,2014,0.0
PRY,2014,0.0
PSE,2014,0.0
PYF,2014,0.0
QAT,2014,0.0
ROU,2014,0.0
RUS,2014,1.000088900582341e-12
RWA,2014,0.0
SAU,2014,0.0
SDN,2014,0.0
SEN,2014,0.0
SGP,2014,0.0
SLB,2014,0.0
SLE,2014,0.0
SLV,2014,0.0
SMR,2014,0.0
SOM,2014,0.0
SPM,2014,0.0
SRB,2014,0.0
STP,2014,0.0
SUR,2014,0.0
SVK,2014,0.0
SVN,2014,0.0
SWE,2014,0.0
SWZ,2014,0.0
SYC,2014,1.0582645870726992e-12
SYR,2014,0.0
TCA,2014,0.0
TCD,2014,0.0
TGO,2014,0.0
THA,2014,0.0
TJK,2014,0.0
TKM,2014,0.0
TON,2014,0.0
TTO,2014,0.0
TUN,2014,0.0
TUR,2014,0.0
TUV,2014,0.0
TWN,2014,0.0
TZA,2014,0.0
UGA,2014,0.0
UKR,2014,0.0
URY,2014,0.0
USA,2014,0.0
UZB,2014,0.0
VCT,2014,0.0
VEN,2014,0.0
VNM,2014,0.0
VUT,2014,0.0
WLF,2014,0.0
WSM,2014,0.0
XKX,2014,2.476241434123949e-12
YEM,2014,0.0
YUG,2014,0.0
ZAF,2014,0.0
ZMB,2014,0.0
ZWE,2014,0.0
ABW,2015,0.0
AFG,2015,0.0
AGO,2015,0.0
AIA,2015,0.0
ALB,2015,0.0
AND,2015,0.0
ARE,2015,0.0
ARG,2015,0.0
ARM,2015,0.0
ATG,2015,0.0
AUS,2015,0.0
AUT,2015,0.0
AZE,2015,0.0
BDI,2015,0.0
BEL,2015,0.0
BEN,2015,0.0
BFA,2015,0.0
BGD,2015,0.0
BGR,2015,0.0
BHR,2015,0.0
BHS,2015,0.0
BIH,2015,0.0
BLR,2015,0.0
BLZ,2015,0.0
BMU,2015,0.0
BOL,2015,0.0
BRA,2015,0.0
BRB,2015,0.0
BRN,2015,0.0
BTN,2015,0.0
BWA,2015,0.0
CAF,2015,0.0
CAN,2015,0.0
CHE,2015,0.0
CHL,2015,0.0
CHN,2015,0.0
CIV,2015,0.0
CMR,2015,0.0
COD,2015,0.0
COG,2015,0.0
COK,2015,0.0
COL,2015,0.0
COM,2015,0.0
CPV,2015,0.0
CRI,2015,0.0
CUB,2015,0.0
CYM,2015,0.0
CYP,2015,0.0
CZE,2015,0.0
DEU,2015,0.0
DJI,2015,0.0
DMA,2015,0.0
DNK,2015,0.0
DOM,2015,0.0
DZA,2015,0.0
ECU,2015,0.0
EGY,2015,0.0
ERI,2015,0.0
ESH,2015,0.0
ESP,2015,0.0
EST,2015,0.0
ETH,2015,0.0
FIN,2015,0.0
FJI,2015,0.0
FRA,2015,0.0
FRO,2015,0.9999999999990141
FSM,2015,0.0
GAB,2015,0.0
GBR,2015,0.0
GEO,2015,1.000000000001
GHA,2015,0.0
GIN,2015,0.0
GMB,2015,0.0
GNB,2015,0.0
GNQ,2015,0.0
GRC,2015,0.0
GRD,2015,0.0
GRL,2015,0.0
GTM,2015,0.0
GUY,2015,0.0
HKG,2015,0.0
HND,2015,0.0
HRV,2015,0.0
HTI,2015,0.0
HUN,2015,0.0
IDN,2015,0.0
IND,2015,0.0
IRL,2015,0.0
IRN,2015,0.0
IRQ,2015,0.0
ISL,2015,0.0
ISR,2015,3.0730973321624333e-13
ITA,2015,0.0
JAM,2015,0.0
JOR,2015,0.0
JPN,2015,0.0
KAZ,2015,0.0
KEN,2015,0.0
KGZ,2015,1.000088900582341e-12
KHM,2015,0.0
KIR,2015,0.0
KNA,2015,0.0
KOR,2015,0.0
KWT,2015,0.0
LAO,2015,0.0
LBN,2015,0.0
LBR,2015,0.0
LBY,2015,0.0
LCA,2015,0.0
LIE,2015,0.0
LKA,2015,0.0
LSO,2015,0.0
LTU,2015,0.0
LUX,2015,0.0
LVA,2015,0.0
MAC,2015,0.0
MAR,2015,0.0
MCO,2015,0.0
MDA,2015,1.4921397450962104e-12
MDG,2015,0.0
MDV,2015,0.0
MEX,2015,0.0
MHL,2015,0.0
MKD,2015,0.0
MLI,2015,0.0
MLT,2015,0.0
MMR,2015,0.0
MNE,2015,0.0
MNG,2015,3.9999999999959996
MOZ,2015,0.0
MRT,2015,0.0
MSR,2015,0.0
MUS,2015,0.0
MWI,2015,0.0
MYS,2015,0.0
NAM,2015,0.0
NCL,2015,0.0
NER,2015,0.0
NGA,2015,0.0
NIC,2015,0.0
NIU,2015,0.0
NLD,2015,0.0
NOR,2015,0.0
NPL,2015,0.0
NRU,2015,0.0
NZL,2015,0.0
OMN,2015,0.0
PAK,2015,0.0
PAN,2015,0.0
PCN,2015,0.0
PER,2015,0.0
PHL,2015,0.0
PNG,2015,0.0
POL,2015,0.0
PRK,2015,0.0
PRT,2015,0.0
PRY,2015,0.0
PSE,2015,0.0
PYF,2015,0.0
QAT,2015,0.0
ROU,2015,0.0
RUS,2015,0.0
RWA,2015,0.0
SAU,2015,0.0
SDN,2015,0.0
SEN,2015,0.0
SGP,2015,0.0
SLB,2015,0.0
SLE,2015,0.0
SLV,2015,0.0
SMR,2015,0.0
SOM,2015,0.0
SPM,2015,0.0
SRB,2015,0.0
STP,2015,0.0
SUR,2015,0.0
SVK,2015,0.0
SVN,2015,0.0
SWE,2015,0.0
SWZ,2015,0.0
SYC,2015,0.0
SYR,2015,0.0
TCA,2015,0.0
TCD,2015,0.0
TGO,2015,0.0
THA,2015,0.0
TJK,2015,0.0
TKM,2015,0.0
TON,2015,0.0
TTO,2015,0.0
TUN,2015,0.0
TUR,2015,1.000088900582341e-12
TUV,2015,0.0
TWN,2015,0.0
TZA,2015,0.0
UGA,2015,0.0
UKR,2015,0.0
URY,2015,0.0
USA,2015,0.0
UZB,2015,0.0
VCT,2015,0.0
VEN,2015,0.0
VNM,2015,0.0
VUT,2015,0.0
WLF,2015,0.0
WSM,2015,0.0
XKX,2015,2.476241434123949e-12
YEM,2015,0.0
YUG,2015,0.0
ZAF,2015,0.0
ZMB,2015,0.0
ZWE,2015,0.0
ABW,2016,0.0
AFG,2016,0.0
AGO,2016,0.0
AIA,2016,0.0
ALB,2016,0.0
AND,2016,0.0
ARE,2016,0.0
ARG,2016,0.0
ARM,2016,0.0
ATG,2016,0.0
AUS,2016,0.0
AUT,2016,0.0
AZE,2016,0.0
BDI,2016,0.0
BEL,2016,0.0
BEN,2016,0.0
BFA,2016,0.0
BGD,2016,0.0
BGR,2016,0.0
BHR,2016,0.0
BHS,2016,0.0
BIH,2016,0.0
BLR,2016,0.0
BLZ,2016,0.0
BMU,2016,0.0
BOL,2016,0.0
BRA,2016,0.0
BRB,2016,0.0
BRN,2016,0.0
BTN,2016,0.0
BWA,2016,0.0
CAF,2016,0.0
CAN,2016,0.0
CHE,2016,0.0
CHL,2016,0.0
CHN,2016,0.0
CIV,2016,0.0
CMR,2016,0.0
COD,2016,0.0
COG,2016,0.0
COK,2016,0.0
COL,2016,0.0
COM,2016,0.0
CPV,2016,0.0
CRI,2016,0.0
CUB,2016,0.0
CYM,2016,0.0
CYP,2016,0.0
CZE,2016,0.0
DEU,2016,0.0
DJI,2016,0.0
DMA,2016,0.0
DNK,2016,0.0
DOM,2016,0.0
DZA,2016,0.0
ECU,2016,2.2417795427020226
EGY,2016,0.0
ERI,2016,0.0
ESH,2016,0.0
ESP,2016,0.0
EST,2016,0.0
ETH,2016,0.0
FIN,2016,0.0
FJI,2016,0.0
FRA,2016,0.0
FRO,2016,0.9999999999990141
FSM,2016,0.0
GAB,2016,0.0
GBR,2016,0.0
GEO,2016,8.775202786637237e-13
GHA,2016,0.0
GIN,2016,0.0
GMB,2016,0.0
GNB,2016,0.0
GNQ,2016,0.0
GRC,2016,0.0
GRD,2016,0.0
GRL,2016,0.0
GTM,2016,0.0
GUY,2016,0.0
HKG,2016,0.0
HND,2016,0.0
HRV,2016,0.0
HTI,2016,0.0
HUN,2016,0.0
IDN,2016,0.0
IND,2016,0.0
IRL,2016,0.0
IRN,2016,0.0
IRQ,2016,0.0
ISL,2016,0.0
ISR,2016,3.0730973321624333e-13
ITA,2016,0.0
JAM,2016,0.0
JOR,2016,0.0
JPN,2016,0.0
KAZ,2016,0.0
KEN,2016,0.0
KGZ,2016,0.0
KHM,2016,0.0
KIR,2016,0.0
KNA,2016,0.0
KOR,2016,0.0
KWT,2016,0.0
LAO,2016,0.0
LBN,2016,0.0
LBR,2016,0.0
LBY,2016,0.0
LCA,2016,0.0
LIE,2016,0.0
LKA,2016,0.0
LSO,2016,0.0
LTU,2016,0.0
LUX,2016,0.0
LVA,2016,0.0
MAC,2016,0.0
MAR,2016,0.0
MCO,2016,0.0
MDA,2016,0.0
MDG,2016,0.0
MDV,2016,0.0
MEX,2016,0.0
MHL,2016,0.0
MKD,2016,0.0
MLI,2016,0.0
MLT,2016,0.0
MMR,2016,0.0
MNE,2016,0.0
MNG,2016,0.0
MOZ,2016,0.0
MRT,2016,0.0
MSR,2016,0.0
MUS,2016,0.0
MWI,2016,0.0
MYS,2016,0.0
NAM,2016,0.0
NCL,2016,0.0
NER,2016,0.0
NGA,2016,0.0
NIC,2016,0.0
NIU,2016,0.0
NLD,2016,0.0
NOR,2016,0.0
NPL,2016,0.0
NRU,2016,0.0
NZL,2016,0.0
OMN,2016,0.0
PAK,2016,0.0
PAN,2016,0.0
PCN,2016,0.0
PER,2016,0.0
PHL,2016,0.49206349206300004
PNG,2016,0.0
POL,2016,0.0
PRK,2016,0.0
PRT,2016,0.0
PRY,2016,0.0
PSE,2016,0.0
PYF,2016,0.0
QAT,2016,0.0
ROU,2016,0.0
RUS,2016,0.0
RWA,2016,0.0
SAU,2016,0.0
SDN,2016,0.0
SEN,2016,0.0
SGP,2016,0.0
SLB,2016,0.0
SLE,2016,0.0
SLV,2016,0.0
SMR,2016,0.0
SOM,2016,0.0
SPM,2016,0.0
SRB,2016,0.0
STP,2016,0.0
SUR,2016,0.0
SVK,2016,0.0
SVN,2016,0.0
SWE,2016,0.0
SWZ,2016,0.0
SYC,2016,0.0
SYR,2016,0.0
TCA,2016,0.0
TCD,2016,0.0
TGO,2016,0.0
THA,2016,0.0
TJK,2016,0.0
TKM,2016,0.0
TON,2016,0.0
TTO,2016,0.0
TUN,2016,0.0
TUR,2016,1.000088900582341e-12
TUV,2016,0.0
TWN,2016,0.0
TZA,2016,0.0
UGA,2016,0.0
UKR,2016,0.0
URY,2016,0.0
USA,2016,0.0
UZB,2016,0.0
VCT,2016,0.0
VEN,2016,0.0
VNM,2016,0.0
VUT,2016,0.0
WLF,2016,0.0
WSM,2016,0.0
XKX,2016,5.977440764581843e-13
YEM,2016,0.0
YUG,2016,0.0
ZAF,2016,0.0
ZMB,2016,0.0
ZWE,2016,0.0
ABW,2017,0.0
AFG,2017,0.0
AGO,2017,0.0
AIA,2017,0.0
ALB,2017,0.0
AND,2017,0.0
ARE,2017,0.0
ARG,2017,0.0
ARM,2017,0.0
ATG,2017,0.0
AUS,2017,0.0
AUT,2017,0.0
AZE,2017,0.0
BDI,2017,0.0
BEL,2017,0.0
BEN,2017,0.0
BFA,2017,0.0
BGD,2017,0.0
BGR,2017,0.0
BHR,2017,0.0
BHS,2017,0.0
BIH,2017,0.0
BLR,2017,0.0
BLZ,2017,0.0
BMU,2017,0.0
BOL,2017,0.0
BRA,2017,0.0
BRB,2017,0.0
BRN,2017,0.0
BTN,2017,0.0
BWA,2017,0.0
CAF,2017,0.0
CAN,2017,0.0
CHE,2017,0.0
CHL,2017,0.0
CHN,2017,0.0
CIV,2017,0.0
CMR,2017,0.0
COD,2017,0.0
COG,2017,0.0
COK,2017,2.1863841863841866
COL,2017,0.0
COM,2017,0.0
CPV,2017,0.0
CRI,2017,0.0
CUB,2017,0.0
CYM,2017,0.0
CYP,2017,0.0
CZE,2017,0.0
DEU,2017,0.0
DJI,2017,0.0
DMA,2017,0.0
DNK,2017,0.0
DOM,2017,0.0
DZA,2017,0.0
ECU,2017,0.0
EGY,2017,0.0
ERI,2017,0.0
ESH,2017,0.0
ESP,2017,0.0
EST,2017,0.0
ETH,2017,0.0
FIN,2017,0.0
FJI,2017,0.0
FRA,2017,0.0
FRO,2017,0.0
FSM,2017,2.632016632016632
GAB,2017,0.0
GBR,2017,0.0
GEO,2017,0.0
GHA,2017,0.0
GIN,2017,0.0
GMB,2017,0.0
GNB,2017,0.0
GNQ,2017,0.0
GRC,2017,0.0
GRD,2017,0.0
GRL,2017,0.0
GTM,2017,0.0
GUY,2017,0.0
HKG,2017,0.0
HND,2017,0.0
HRV,2017,0.0
HTI,2017,0.0
HUN,2017,0.0
IDN,2017,0.0
IND,2017,0.0
IRL,2017,0.0
IRN,2017,0.0
IRQ,2017,0.0
ISL,2017,0.0
ISR,2017,3.0730973321624333e-13
ITA,2017,0.0
JAM,2017,0.0
JOR,2017,0.0
JPN,2017,0.0
KAZ,2017,0.0
KEN,2017,0.0
KGZ,2017,0.0
KHM,2017,0.0
KIR,2017,2.1863841863841866
KNA,2017,0.0
KOR,2017,0.0
KWT,2017,0.0
LAO,2017,0.0
LBN,2017,0.0
LBR,2017,0.0
LBY,2017,0.0
LCA,2017,0.0
LIE,2017,0.0
LKA,2017,0.0
LSO,2017,0.0
LTU,2017,0.0
LUX,2017,0.0
LVA,2017,0.0
MAC,2017,0.0
MAR,2017,0.0
MCO,2017,0.0
MDA,2017,0.0
MDG,2017,0.0
MDV,2017,0.0
MEX,2017,0.0
MHL,2017,2.632016632016632
MKD,2017,0.0
MLI,2017,0.0
MLT,2017,0.0
MMR,2017,0.0
MNE,2017,0.0
MNG,2017,0.0
MOZ,2017,0.0
MRT,2017,0.0
MSR,2017,0.0
MUS,2017,0.0
MWI,2017,0.0
MYS,2017,0.0
NAM,2017,0.0
NCL,2017,0.0
NER,2017,0.0
NGA,2017,0.0
NIC,2017,0.0
NIU,2017,2.1863841863841866
NLD,2017,0.0
NOR,2017,0.0
NPL,2017,0.0
NRU,2017,2.632016632016632
NZL,2017,0.0
OMN,2017,0.0
PAK,2017,0.0
PAN,2017,0.0
PCN,2017,0.0
PER,2017,0.0
PHL,2017,0.49206349206300004
PLW,2017,2.632016632016632
PNG,2017,2.1863841863841866
POL,2017,0.0
PRK,2017,0.0
PRT,2017,0.0
PRY,2017,0.0
PSE,2017,0.0
PYF,2017,0.0
QAT,2017,0.0
ROU,2017,0.0
RUS,2017,0.0
RWA,2017,0.0
SAU,2017,0.0
SDN,2017,0.0
SEN,2017,0.0
SGP,2017,0.0
SLB,2017,2.1863841863841866
SLE,2017,0.0
SLV,2017,0.0
SMR,2017,0.0
SOM,2017,0.0
SPM,2017,0.0
SRB,2017,0.0
STP,2017,0.0
SUR,2017,0.0
SVK,2017,0.0
SVN,2017,0.0
SWE,2017,0.0
SWZ,2017,0.0
SYC,2017,0.0
SYR,2017,0.0
TCA,2017,0.0
TCD,2017,0.0
TGO,2017,0.0
THA,2017,0.0
TJK,2017,0.0
TKM,2017,0.0
TON,2017,2.1863841863841866
TTO,2017,0.0
TUN,2017,0.0
TUR,2017,0.0
TUV,2017,2.1863841863841866
TWN,2017,0.0
TZA,2017,0.0
UGA,2017,0.0
UKR,2017,0.0
URY,2017,0.0
USA,2017,0.0
UZB,2017,0.0
VCT,2017,0.0
VEN,2017,0.0
VNM,2017,0.0
VUT,2017,2.632016632016632
WLF,2017,0.0
WSM,2017,2.1863841863841866
XKX,2017,5.977440764581843e-13
YEM,2017,0.0
YUG,2017,0.0
ZAF,2017,0.0
ZMB,2017,0.0
ZWE,2017,0.0
ABW,2018,0.0
AFG,2018,0.0
AGO,2018,0.0
AIA,2018,0.0
ALB,2018,0.0
AND,2018,0.0
ARE,2018,0.0
ARG,2018,0.0
ARM,2018,0.0
ATG,2018,0.0
AUS,2018,0.0
AUT,2018,0.0
AZE,2018,0.0
BDI,2018,0.0
BEL,2018,0.0
BEN,2018,0.0
BFA,2018,0.0
BGD,2018,0.0
BGR,2018,0.0
BHR,2018,0.0
BHS,2018,0.0
BIH,2018,0.0
BLR,2018,0.0
BLZ,2018,0.0
BMU,2018,0.0
BOL,2018,0.0
BRA,2018,0.0
BRB,2018,0.0
BRN,2018,0.0
BTN,2018,0.0
BWA,2018,0.0
CAF,2018,0.0
CAN,2018,0.0
CHE,2018,0.0
CHL,2018,0.0
CHN,2018,0.0
CIV,2018,0.0
CMR,2018,0.0
COD,2018,0.0
COG,2018,0.0
COK,2018,2.1863841863841866
COL,2018,0.0
COM,2018,0.0
CPV,2018,0.0
CRI,2018,0.0
CUB,2018,0.0
CYM,2018,0.0
CYP,2018,0.0
CZE,2018,0.0
DEU,2018,0.0
DJI,2018,0.0
DMA,2018,0.0
DNK,2018,0.0
DOM,2018,0.0
DZA,2018,0.0
ECU,2018,2.241762331323116e-12
EGY,2018,0.0
ERI,2018,0.0
ESH,2018,0.0
ESP,2018,0.0
EST,2018,0.0
ETH,2018,0.0
FIN,2018,0.0
FJI,2018,0.0
FRA,2018,0.0
FRO,2018,0.0
FSM,2018,2.632016632016632
GAB,2018,0.0
GBR,2018,0.0
GEO,2018,0.0
GHA,2018,0.0
GIN,2018,0.0
GMB,2018,0.0
GNB,2018,0.0
GNQ,2018,0.0
GRC,2018,0.0
GRD,2018,0.0
GRL,2018,0.0
GTM,2018,0.0
GUY,2018,0.0
HKG,2018,1.000088900582341e-12
HND,2018,0.0
HRV,2018,0.0
HTI,2018,0.0
HUN,2018,0.0
IDN,2018,0.0
IND,2018,0.0
IRL,2018,0.0
IRN,2018,0.0
IRQ,2018,0.0
ISL,2018,0.0
ISR,2018,3.0730973321624333e-13
ITA,2018,0.0
JAM,2018,0.0
JOR,2018,0.0
JPN,2018,0.0
KAZ,2018,0.0
KEN,2018,0.0
KGZ,2018,0.0
KHM,2018,0.0
KIR,2018,2.1863841863841866
KNA,2018,0.0
KOR,2018,0.0
KWT,2018,0.0
LAO,2018,0.0
LBN,2018,0.0
LBR,2018,0.0
LBY,2018,0.0
LCA,2018,0.0
LIE,2018,0.0
LKA,2018,0.0
LSO,2018,0.0
LTU,2018,0.0
LUX,2018,0.0
LVA,2018,0.0
MAC,2018,0.0
MAR,2018,0.0
MCO,2018,0.0
MDA,2018,0.0
MDG,2018,0.0
MDV,2018,0.0
MEX,2018,0.0
MHL,2018,2.632016632016632
MKD,2018,0.0
MLI,2018,0.0
MLT,2018,0.0
MMR,2018,0.0
MNE,2018,0.0
MNG,2018,0.0
MOZ,2018,0.0
MRT,2018,0.0
MSR,2018,0.0
MUS,2018,0.0
MWI,2018,0.0
MYS,2018,0.0
NAM,2018,0.0
NCL,2018,0.0
NER,2018,0.0
NGA,2018,0.0
NIC,2018,0.0
NIU,2018,2.1863841863841866
NLD,2018,0.0
NOR,2018,0.0
NPL,2018,0.0
NRU,2018,2.632016632016632
NZL,2018,0.0
OMN,2018,0.0
PAK,2018,0.0
PAN,2018,0.0
PCN,2018,0.0
PER,2018,0.0
PHL,2018,0.0
PLW,2018,2.632016632016632
PNG,2018,2.1863841863841866
POL,2018,0.0
PRK,2018,0.0
PRT,2018,0.0
PRY,2018,0.0
PSE,2018,0.0
PYF,2018,0.0
QAT,2018,0.0
ROU,2018,0.0
RUS,2018,0.0
RWA,2018,0.0
SAU,2018,0.0
SDN,2018,0.0
SEN,2018,0.0
SGP,2018,0.0
SLB,2018,2.1863841863841866
SLE,2018,0.0
SLV,2018,0.0
SMR,2018,0.0
SOM,2018,0.0
SPM,2018,0.0
SRB,2018,0.0
SSD,2018,0.0
STP,2018,0.0
SUR,2018,0.0
SVK,2018,0.0
SVN,2018,0.0
SWE,2018,0.0
SWZ,2018,0.0
SYC,2018,0.0
SYR,2018,0.0
TCA,2018,0.0
TCD,2018,0.0
TGO,2018,0.0
THA,2018,0.0
TJK,2018,0.0
TKM,2018,0.0
TON,2018,2.1863841863841866
TTO,2018,0.0
TUN,2018,0.0
TUR,2018,0.0
TUV,2018,2.1863841863841866
TWN,2018,0.0
TZA,2018,0.0
UGA,2018,0.0
UKR,2018,0.0
URY,2018,0.0
USA,2018,0.0
UZB,2018,0.0
VCT,2018,0.0
VEN,2018,0.0
VNM,2018,0.0
VUT,2018,2.632016632016632
WLF,2018,0.0
WSM,2018,2.1863841863841866
XKX,2018,5.977440764581843e-13
YEM,2018,0.0
YUG,2018,0.0
ZAF,2018,0.0
ZMB,2018,0.0
ZWE,2018,0.0
ABW,2019,0.0
AFG,2019,0.0
AGO,2019,2.0582639714604865
AIA,2019,0.0
ALB,2019,0.0
AND,2019,0.0
ARE,2019,0.0
ARG,2019,0.0
ARM,2019,0.0
ATG,2019,1.4921397450962104e-12
AUS,2019,0.0
AUT,2019,0.0
AZE,2019,0.0
BDI,2019,0.24137931034458582
BEL,2019,0.0
BEN,2019,0.11877394636103444
BFA,2019,0.11877394636103444
BGD,2019,0.0
BGR,2019,0.0
BHR,2019,0.0
BHS,2019,1.4930279235159105e-12
BIH,2019,0.0
BLR,2019,0.0
BLZ,2019,1.4921397450962104e-12
BMU,2019,0.0
BOL,2019,0.0
BRA,2019,0.0
BRB,2019,1.4930279235159105e-12
BRN,2019,0.0
BTN,2019,0.0
BWA,2019,2.000177801164682e-12
CAF,2019,0.48275862068941366
CAN,2019,0.0
CHE,2019,0.0
CHL,2019,0.0
CHN,2019,0.0
CIV,2019,0.021021937409855695
CMR,2019,0.48275862068941366
COD,2019,0.24137931034458582
COG,2019,0.48275862068941366
COK,2019,2.1863841863841866
COL,2019,0.0
COM,2019,0.9999999999989999
CPV,2019,0.241379310346586
CRI,2019,0.0
CUB,2019,0.0
CYM,2019,0.0
CYP,2019,0.0
CZE,2019,0.0
DEU,2019,0.0
DJI,2019,0.9999999999989999
DMA,2019,1.4921397450962104e-12
DNK,2019,0.0
DOM,2019,0.0
DZA,2019,0.002893011990694916
ECU,2019,2.241762331323116e-12
EGY,2019,8.881784197001252e-16
ERI,2019,0.0
ESH,2019,2.2413793103425865
ESP,2019,0.0
EST,2019,0.0
ETH,2019,0.9999999999989999
FIN,2019,0.0
FJI,2019,0.0
FRA,2019,0.0
FRO,2019,0.0
FSM,2019,2.632016632016632
GAB,2019,0.48275862068941366
GBR,2019,0.0
GEO,2019,0.0
GHA,2019,0.241379310346586
GIN,2019,2.2413793103425865
GMB,2019,0.241379310346586
GNB,2019,0.241379310346586
GNQ,2019,0.48275862068941366
GRC,2019,0.0
GRD,2019,1.4921397450962104e-12
GRL,2019,0.0
GTM,2019,0.0
GUY,2019,1.4930279235159105e-12
HKG,2019,0.0
HND,2019,0.0
HRV,2019,0.0
HTI,2019,3.000266701747023e-12
HUN,2019,0.0
IDN,2019,0.0
IND,2019,0.0
IRL,2019,0.0
IRN,2019,0.0
IRQ,2019,0.0
ISL,2019,0.0
ISR,2019,3.3306690738754696e-13
ITA,2019,0.0
JAM,2019,1.4930279235159105e-12
JOR,2019,0.0
JPN,2019,0.0
KAZ,2019,0.0
KEN,2019,0.014063717249565677
KGZ,2019,0.0
KHM,2019,0.0
KIR,2019,2.1863841863841866
KNA,2019,1.4921397450962104e-12
KOR,2019,0.0
KWT,2019,0.0
LAO,2019,0.0
LBN,2019,0.0009813099657787205
LBR,2019,0.241379310346586
LBY,2019,0.24137931034531945
LCA,2019,1.4921397450962104e-12
LIE,2019,0.0
LKA,2019,0.0
LSO,2019,2.000177801164682e-12
LTU,2019,0.0
LUX,2019,0.0
LVA,2019,0.0
MAC,2019,0.0
MAR,2019,2.4158453015843406e-13
MCO,2019,0.0
MDA,2019,0.0
MDG,2019,0.9999999999989999
MDV,2019,0.0
MEX,2019,0.0
MHL,2019,2.632016632016632
MKD,2019,0.0
MLI,2019,0.11877394636103444
MLT,2019,0.0
MMR,2019,0.0
MNE,2019,0.0
MNG,2019,0.0
MOZ,2019,3.000266701747023e-12
MRT,2019,0.9748221127521726
MSR,2019,0.0
MUS,2019,1.000088900582341e-12
MWI,2019,1.000088900582341e-12
MYS,2019,0.0
NAM,2019,0.0
NCL,2019,0.0
NER,2019,0.11877394636103444
NGA,2019,0.058263971464486364
NIC,2019,0.0
NIU,2019,2.1863841863841866
NLD,2019,0.0
NOR,2019,0.0
NPL,2019,0.0
NRU,2019,2.632016632016632
NZL,2019,0.0
OMN,2019,0.0
PAK,2019,0.0
PAN,2019,0.0
PCN,2019,0.0
PER,2019,0.0
PHL,2019,0.0
PLW,2019,2.632016632016632
PNG,2019,2.1863841863841866
POL,2019,0.0
PRK,2019,0.0
PRT,2019,0.0
PRY,2019,0.0
PSE,2019,0.0
PYF,2019,0.0
QAT,2019,0.0
ROU,2019,0.0
RUS,2019,0.0
RWA,2019,0.24137931034458582
SAU,2019,0.0
SDN,2019,0.9999999999989999
SEN,2019,0.11877394636103444
SGP,2019,0.0
SLB,2019,2.1863841863841866
SLE,2019,0.241379310346586
SLV,2019,0.0
SMR,2019,0.0
SOM,2019,1.5503274635244864
SPM,2019,0.0
SRB,2019,0.0
SSD,2019,2.999999999997
STP,2019,0.7241379310337592
SUR,2019,1.4956924587750109e-12
SVK,2019,0.0
SVN,2019,0.0
SWE,2019,0.0
SWZ,2019,1.000088900582341e-12
SYC,2019,1.0
SYR,2019,0.0
TCA,2019,0.0
TCD,2019,0.48275862068941366
TGO,2019,0.11877394636103444
THA,2019,0.0
TJK,2019,0.0
TKM,2019,0.0
TON,2019,2.1863841863841866
TTO,2019,1.4930279235159105e-12
TUN,2019,0.24137931034464444
TUR,2019,0.0
TUV,2019,2.1863841863841866
TWN,2019,0.0
TZA,2019,1.4210854715202004e-14
UGA,2019,0.014063717249565677
UKR,2019,0.0
URY,2019,0.0
USA,2019,0.0
UZB,2019,0.0
VCT,2019,1.4921397450962104e-12
VEN,2019,0.0
VNM,2019,1.000088900582341e-12
VUT,2019,2.632016632016632
WLF,2019,0.0
WSM,2019,2.1863841863841866
XKX,2019,0.0
YEM,2019,0.0
YUG,2019,0.0
ZAF,2019,1.000088900582341e-12
ZMB,2019,1.000088900582341e-12
ZWE,2019,0.0
ABW,2020,0.0
AFG,2020,0.0
AGO,2020,0.0
AIA,2020,0.0
ALB,2020,0.0
AND,2020,0.0
ARE,2020,0.0
ARG,2020,0.0
ARM,2020,0.0
ATG,2020,1.4921397450962104e-12
AUS,2020,0.0
AUT,2020,0.0
AZE,2020,0.0
BDI,2020,0.0
BEL,2020,0.0
BEN,2020,0.0
BFA,2020,0.0
BGD,2020,0.0
BGR,2020,0.0
BHR,2020,0.0
BHS,2020,1.4930279235159105e-12
BIH,2020,0.0
BLR,2020,0.0
BLZ,2020,1.4921397450962104e-12
BMU,2020,0.0
BOL,2020,0.0
BRA,2020,0.0
BRB,2020,1.4930279235159105e-12
BRN,2020,0.0
BTN,2020,0.0
BWA,2020,0.0
CAF,2020,0.0
CAN,2020,0.0
CHE,2020,0.0
CHL,2020,0.0
CHN,2020,0.0
CIV,2020,2.0872192862952943e-14
CMR,2020,0.999999999999241
COD,2020,0.0
COG,2020,0.0
COK,2020,0.0
COL,2020,0.0
COM,2020,0.0
CPV,2020,0.0
CRI,2020,0.0
CUB,2020,0.0
CYM,2020,0.0
CYP,2020,0.0
CZE,2020,0.0
DEU,2020,0.0
DJI,2020,0.0
DMA,2020,1.4921397450962104e-12
DNK,2020,0.0
DOM,2020,0.0
DZA,2020,0.0
ECU,2020,0.0
EGY,2020,0.0
ERI,2020,0.0
ESH,2020,0.0
ESP,2020,0.0
EST,2020,0.0
ETH,2020,0.0
FIN,2020,0.0
FJI,2020,0.49206349206300004
FRA,2020,0.0
FRO,2020,0.0
FSM,2020,0.0
GAB,2020,0.0
GBR,2020,0.0
GEO,2020,0.0
GHA,2020,0.0
GIN,2020,0.0
GMB,2020,0.0
GNB,2020,0.0
GNQ,2020,0.0
GRC,2020,0.0
GRD,2020,1.4921397450962104e-12
GRL,2020,0.0
GTM,2020,0.0
GUY,2020,1.4930279235159105e-12
HKG,2020,0.0
HND,2020,0.0
HRV,2020,0.0
HTI,2020,3.000266701747023e-12
HUN,2020,0.0
IDN,2020,0.0
IND,2020,0.0
IRL,2020,0.0
IRN,2020,0.0
IRQ,2020,0.0
ISL,2020,0.0
ISR,2020,0.0
ITA,2020,0.0
JAM,2020,1.4930279235159105e-12
JOR,2020,0.0
JPN,2020,0.0
KAZ,2020,0.0
KEN,2020,0.0
KGZ,2020,0.0
KHM,2020,0.0
KIR,2020,0.0
KNA,2020,1.4921397450962104e-12
KOR,2020,0.0
KWT,2020,0.0
LAO,2020,0.0
LBN,2020,0.0
LBR,2020,0.0
LBY,2020,0.0
LCA,2020,1.4921397450962104e-12
LIE,2020,0.0
LKA,2020,0.0
LSO,2020,0.0
LTU,2020,0.0
LUX,2020,0.0
LVA,2020,0.0
MAC,2020,0.0
MAR,2020,0.0
MCO,2020,0.0
MDA,2020,0.0
MDG,2020,0.0
MDV,2020,0.0
MEX,2020,0.0
MHL,2020,0.0
MKD,2020,0.0
MLI,2020,0.0
MLT,2020,0.0
MMR,2020,0.0
MNE,2020,0.0
MNG,2020,0.0
MOZ,2020,1.000088900582341e-12
MRT,2020,0.0
MSR,2020,0.0
MUS,2020,0.0
MWI,2020,0.0
MYS,2020,0.0
NAM,2020,0.0
NCL,2020,0.0
NER,2020,0.0
NGA,2020,0.0
NIC,2020,0.0
NIU,2020,0.0
NLD,2020,0.0
NOR,2020,0.0
NPL,2020,0.0
NRU,2020,0.0
NZL,2020,0.0
OMN,2020,0.0
PAK,2020,0.0
PAN,2020,0.0
PCN,2020,0.0
PER,2020,0.0
PHL,2020,0.0
PLW,2020,0.0
PNG,2020,0.06035706035700006
POL,2020,0.0
PRK,2020,0.0
PRT,2020,0.0
PRY,2020,0.0
PSE,2020,0.0
PYF,2020,0.0
QAT,2020,0.0
ROU,2020,0.0
RUS,2020,0.0
RWA,2020,0.0
SAU,2020,0.0
SDN,2020,0.0
SEN,2020,0.0
SGP,2020,0.0
SLB,2020,6.039613253960852e-14
SLE,2020,0.0
SLV,2020,0.0
SMR,2020,0.0
SOM,2020,0.0
SPM,2020,0.0
SRB,2020,0.0
SSD,2020,0.0
STP,2020,0.0
SUR,2020,1.4956924587750109e-12
SVK,2020,0.0
SVN,2020,0.0
SWE,2020,0.0
SWZ,2020,0.0
SYC,2020,0.0
SYR,2020,0.0
TCA,2020,0.0
TCD,2020,0.0
TGO,2020,0.0
THA,2020,0.0
TJK,2020,0.0
TKM,2020,0.0
TON,2020,0.0
TTO,2020,1.4930279235159105e-12
TUN,2020,0.0
TUR,2020,0.0
TUV,2020,0.0
TWN,2020,0.0
TZA,2020,0.0
UGA,2020,0.0
UKR,2020,0.0
URY,2020,0.0
USA,2020,0.0
UZB,2020,0.0
VCT,2020,1.4921397450962104e-12
VEN,2020,0.0
VNM,2020,0.0
VUT,2020,0.0
WLF,2020,0.0
WSM,2020,6.039613253960852e-14
XKX,2020,0.0
YEM,2020,0.0
YUG,2020,0.0
ZAF,2020,0.0
ZMB,2020,0.0
ZWE,2020,0.0
ABW,2021,0.0
AFG,2021,0.0
AGO,2021,0.0
AIA,2021,0.0
ALB,2021,0.0
AND,2021,0.0
ARE,2021,0.0
ARG,2021,0.0
ARM,2021,0.0
ATG,2021,0.0
AUS,2021,0.0
AUT,2021,0.0
AZE,2021,0.0
BDI,2021,0.0
BEL,2021,0.0
BEN,2021,0.0
BFA,2021,0.0
BGD,2021,0.0
BGR,2021,0.0
BHR,2021,0.0
BHS,2021,0.0
BIH,2021,0.0
BLR,2021,0.0
BLZ,2021,0.0
BMU,2021,0.0
BOL,2021,0.0
BRA,2021,0.0
BRB,2021,0.0
BRN,2021,0.0
BTN,2021,0.0
BWA,2021,0.0
CAF,2021,0.0
CAN,2021,0.0
CHE,2021,0.0
CHL,2021,0.0
CHN,2021,0.0
CIV,2021,0.0
CMR,2021,0.0
COD,2021,0.0
COG,2021,0.0
COK,2021,0.0
COL,2021,0.0
COM,2021,0.0
CPV,2021,0.0
CRI,2021,0.0
CUB,2021,0.0
CYM,2021,0.0
CYP,2021,0.0
CZE,2021,0.0
DEU,2021,0.0
DJI,2021,0.0
DMA,2021,0.0
DNK,2021,0.0
DOM,2021,0.0
DZA,2021,0.0
ECU,2021,0.0
EGY,2021,0.0
ERI,2021,0.0
ESH,2021,0.0
ESP,2021,0.0
EST,2021,0.0
ETH,2021,0.0
FIN,2021,0.0
FJI,2021,0.0
FRA,2021,0.0
FRO,2021,0.0
FSM,2021,0.0
GAB,2021,0.0
GBR,2021,0.0
GEO,2021,0.0
GHA,2021,0.0
GIN,2021,0.0
GMB,2021,0.0
GNB,2021,0.0
GNQ,2021,0.0
GRC,2021,0.0
GRD,2021,0.0
GRL,2021,0.0
GTM,2021,0.0
GUY,2021,0.0
HKG,2021,0.0
HND,2021,0.0
HRV,2021,0.0
HTI,2021,0.0
HUN,2021,0.0
IDN,2021,0.0
IND,2021,0.0
IRL,2021,0.0
IRN,2021,0.0
IRQ,2021,0.0
ISL,2021,0.0
ISR,2021,0.0
ITA,2021,0.0
JAM,2021,0.0
JOR,2021,0.0
JPN,2021,0.0
KAZ,2021,0.0
KEN,2021,0.0
KGZ,2021,0.0
KHM,2021,0.0
KIR,2021,0.0
KNA,2021,0.0
KOR,2021,0.0
KWT,2021,0.0
LAO,2021,0.0
LBN,2021,0.0
LBR,2021,0.0
LBY,2021,0.0
LCA,2021,0.0
LIE,2021,0.0
LKA,2021,0.0
LSO,2021,0.0
LTU,2021,0.0
LUX,2021,0.0
LVA,2021,0.0
MAC,2021,0.0
MAR,2021,0.0
MCO,2021,0.0
MDA,2021,0.0
MDG,2021,0.0
MDV,2021,0.0
MEX,2021,0.0
MHL,2021,0.0
MKD,2021,0.0
MLI,2021,0.0
MLT,2021,0.0
MMR,2021,0.0
MNE,2021,0.0
MNG,2021,0.0
MOZ,2021,0.0
MRT,2021,0.0
MSR,2021,0.0
MUS,2021,0.0
MWI,2021,0.0
MYS,2021,0.0
NAM,2021,0.0
NCL,2021,0.0
NER,2021,0.0
NGA,2021,0.0
NIC,2021,0.0
NIU,2021,0.0
NLD,2021,0.0
NOR,2021,0.0
NPL,2021,0.0
NRU,2021,0.0
NZL,2021,0.0
OMN,2021,0.0
PAK,2021,0.0
PAN,2021,0.0
PCN,2021,0.0
PER,2021,0.0
PHL,2021,0.0
PLW,2021,0.0
PNG,2021,0.0
POL,2021,0.0
PRK,2021,0.0
PRT,2021,0.0
PRY,2021,0.0
PSE,2021,0.0
PYF,2021,0.0
QAT,2021,0.0
ROU,2021,0.0
RUS,2021,0.0
RWA,2021,0.0
SAU,2021,0.0
SDN,2021,0.0
SEN,2021,0.0
SGP,2021,0.0
SLB,2021,0.0
SLE,2021,0.0
SLV,2021,0.0
SMR,2021,0.0
SOM,2021,0.0
SPM,2021,0.0
SRB,2021,0.0
SSD,2021,0.0
STP,2021,0.0
SUR,2021,0.0
SVK,2021,0.0
SVN,2021,0.0
SWE,2021,0.0
SWZ,2021,0.0
SYC,2021,0.0
SYR,2021,0.0
TCA,2021,0.0
TCD,2021,0.0
TGO,2021,0.0
THA,2021,0.0
TJK,2021,0.0
TKM,2021,0.0
TON,2021,0.0
TTO,2021,0.0
TUN,2021,0.0
TUR,2021,0.0
TUV,2021,0.0
TWN,2021,0.0
TZA,2021,0.0
UGA,2021,0.0
UKR,2021,0.0
URY,2021,0.0
USA,2021,0.0
UZB,2021,0.0
VCT,2021,0.0
VEN,2021,0.0
VNM,2021,0.0
VUT,2021,0.0
WLF,2021,0.0
WSM,2021,0.0
XKX,2021,0.0
YEM,2021,0.0
YUG,2021,0.0
ZAF,2021,0.0
ZMB,2021,0.0
ZWE,2021,0.0
ABW,2022,0.0
AFG,2022,0.0
AGO,2022,0.0
AIA,2022,0.0
ALB,2022,0.0
AND,2022,0.0
ARE,2022,0.0
ARG,2022,0.0
ARM,2022,0.0
ATG,2022,0.0
AUS,2022,0.0
AUT,2022,0.0
AZE,2022,0.0
BDI,2022,0.0
BEL,2022,0.0
BEN,2022,0.0
BFA,2022,0.0
BGD,2022,0.0
BGR,2022,0.0
BHR,2022,0.0
BHS,2022,0.0
BIH,2022,0.0
BLR,2022,0.0
BLZ,2022,0.0
BMU,2022,0.0
BOL,2022,0.0
BRA,2022,0.0
BRB,2022,0.0
BRN,2022,0.0
BTN,2022,0.0
BWA,2022,0.0
CAF,2022,0.0
CAN,2022,0.0
CHE,2022,0.0
CHL,2022,0.0
CHN,2022,0.0
CIV,2022,0.0
CMR,2022,0.0
COD,2022,0.0
COG,2022,0.0
COK,2022,0.0
COL,2022,0.0
COM,2022,0.0
CPV,2022,0.0
CRI,2022,0.0
CUB,2022,0.0
CYM,2022,0.0
CYP,2022,0.0
CZE,2022,0.0
DEU,2022,0.0
DJI,2022,0.0
DMA,2022,0.0
DNK,2022,0.0
DOM,2022,0.0
DZA,2022,0.0
ECU,2022,0.0
EGY,2022,0.0
ERI,2022,0.0
ESH,2022,0.0
ESP,2022,0.0
EST,2022,0.0
ETH,2022,0.0
FIN,2022,0.0
FJI,2022,0.0
FRA,2022,0.0
FRO,2022,0.0
FSM,2022,0.0
GAB,2022,0.0
GBR,2022,0.0
GEO,2022,0.0
GHA,2022,0.0
GIN,2022,0.0
GMB,2022,0.0
GNB,2022,0.0
GNQ,2022,0.0
GRC,2022,0.0
GRD,2022,0.0
GRL,2022,0.0
GTM,2022,0.0
GUY,2022,0.0
HKG,2022,0.0
HND,2022,0.0
HRV,2022,0.0
HTI,2022,0.0
HUN,2022,0.0
IDN,2022,0.0
IND,2022,0.0
IRL,2022,0.0
IRN,2022,0.0
IRQ,2022,0.0
ISL,2022,0.0
ISR,2022,0.0
ITA,2022,0.0
JAM,2022,0.0
JOR,2022,0.0
JPN,2022,0.0
KAZ,2022,0.0
KEN,2022,0.0
KGZ,2022,0.0
KHM,2022,0.0
KIR,2022,0.0
KNA,2022,0.0
KOR,2022,0.0
KWT,2022,0.0
LAO,2022,0.0
LBN,2022,0.0
LBR,2022,0.0
LBY,2022,0.0
LCA,2022,0.0
LIE,2022,0.0
LKA,2022,0.0
LSO,2022,0.0
LTU,2022,0.0
LUX,2022,0.0
LVA,2022,0.0
MAC,2022,0.0
MAR,2022,0.0
MCO,2022,0.0
MDA,2022,0.0
MDG,2022,0.0
MDV,2022,0.0
MEX,2022,0.0
MHL,2022,0.0
MKD,2022,0.0
MLI,2022,0.0
MLT,2022,0.0
MMR,2022,0.0
MNE,2022,0.0
MNG,2022,0.0
MOZ,2022,0.0
MRT,2022,0.0
MSR,2022,0.0
MUS,2022,0.0
MWI,2022,0.0
MYS,2022,0.0
NAM,2022,0.0
NCL,2022,0.0
NER,2022,0.0
NGA,2022,0.0
NIC,2022,0.0
NIU,2022,0.0
NLD,2022,0.0
NOR,2022,0.0
NPL,2022,0.0
NRU,2022,0.0
NZL,2022,0.0
OMN,2022,0.0
PAK,2022,0.0
PAN,2022,0.0
PCN,2022,0.0
PER,2022,0.0
PHL,2022,0.0
PLW,2022,0.0
PNG,2022,0.0
POL,2022,0.0
PRK,2022,0.0
PRT,2022,0.0
PRY,2022,0.0
PSE,2022,0.0
PYF,2022,0.0
QAT,2022,0.0
ROU,2022,0.0
RUS,2022,0.0
RWA,2022,0.0
SAU,2022,0.0
SDN,2022,0.0
SEN,2022,0.0
SGP,2022,0.0
SLB,2022,0.0
SLE,2022,0.0
SLV,2022,0.0
SMR,2022,0.0
SOM,2022,0.0
SPM,2022,0.0
SRB,2022,0.0
SSD,2022,0.0
STP,2022,0.0
SUR,2022,0.0
SVK,2022,0.0
SVN,2022,0.0
SWE,2022,0.0
SWZ,2022,0.0
SYC,2022,0.0
SYR,2022,0.0
TCA,2022,0.0
TCD,2022,0.0
TGO,2022,0.0
THA,2022,0.0
TJK,2022,0.0
TKM,2022,0.0
TON,2022,0.0
TTO,2022,0.0
TUN,2022,0.0
TUR,2022,0.0
TUV,2022,0.0
TWN,2022,0.0
TZA,2022,0.0
UGA,2022,0.0
UKR,2022,0.0
URY,2022,0.0
USA,2022,0.0
UZB,2022,0.0
VCT,2022,0.0
VEN,2022,0.0
VNM,2022,0.0
VUT,2022,0.0
WLF,2022,0.0
WSM,2022,0.0
XKX,2022,0.0
YEM,2022,0.0
YUG,2022,0.0
ZAF,2022,0.0
ZMB,2022,0.0
ZWE,2022,0.0
