ISO3,year,s_US,s_CN,s_MID,BAL,p_own
AFG,1990,0.21705983946143786,0.2716173340468435,0.5113228264917187,0.8883567771464956,-0.27775262862816413
AFG,1991,0.19014086366296246,0.2855437895722915,0.5243153467647461,0.7994408159681647,-0.18265496851689075
AFG,1992,0.18503224229508963,0.3613880850369449,0.45357967266796545,0.6772524118878691,0.07005516552614478
AFG,1993,0.03984899298312032,0.026558644057774222,0.9335923629591054,0.7998671611043507,0.14948955870203767
AFG,1994,0.36148777749546,0.39375001164679,0.24476221085774977,0.9572820181734135,0.10898120459090127
AFG,1995,0.057052180351858425,0.31875827564519527,0.6241895440029464,0.3036221022669242,0.16422189635851828
AFG,1996,0.18736657146152613,0.5685626042734424,0.2440708242650314,0.4957252014498711,0.031222244995559156
AFG,1997,0.17502582967316951,0.4529057688192072,0.3720684015076235,0.5574678200408938,0.08567384446564952
AFG,1998,0.1318736924248799,0.5082708712871663,0.3598554362879539,0.4120122231771389,-0.15715280000103332
AFG,1999,0.08968250732892509,0.6797278042213979,0.23058968844967703,0.23312010765288382,-0.09407409963547791
AFG,2000,0.00911328579841598,0.9487920480474904,0.042094666154093616,0.019027529081244245,0.027073961613738155
AFG,2001,0.013274003025993159,0.9402217999194782,0.046504197054528615,0.02784281374912832,-0.10419736633884989
AFG,2002,0.014399076730464084,0.9382866843284855,0.047314238941050454,0.030228386565700142,-0.04496942663888363
AFG,2003,0.00721140802625528,0.952842860938021,0.0399457310357238,0.015022917473269665,0.015048355169492704
AFG,2004,0.002339486330216287,0.9479516459826481,0.04970886768713559,0.00492372547878529,0.022093472127269222
AFG,2005,0.002465842685319386,0.9485133669195385,0.04902079039514213,0.005185902405466825,-0.023197565491414576
AFG,2006,0.002682975587004573,0.9464449703750097,0.05087205403798571,0.005653559350810539,0.13569164507995923
AFG,2007,0.01289593334620684,0.9373767706911892,0.04972729596260395,0.027141542193974976,0.00832577591288394
AFG,2008,0.003947345335689081,0.9688988468072227,0.02715380785708816,0.008115045045289572,-0.0033241925316654145
AFG,2009,0.04445491876375177,0.9254807531629679,0.03006432807328038,0.0916657053667172,-0.03329531694307269
AFG,2010,0.016622420868397624,0.8455070878138395,0.13787049131776288,0.03856130825125091,-0.0021957262391813694
AFG,2011,0.016379268039113333,0.9118450257369756,0.0717757062239111,0.03529161679766254,0.02685685923629363
AFG,2012,0.0,0.9948318667490634,0.005168133250936556,0.0,0.01568089030153228
AFG,2013,0.0,0.9754506519056158,0.024549348094384207,0.0,-0.09116652085911664
AFG,2014,0.0,0.9589034278599452,0.041096572140054806,0.0,-0.005307674460954313
AFG,2015,0.006998811923689269,0.9691775886385026,0.02382359943780815,0.014339236063601964,-0.20327569246831267
AFG,2016,0.006053918481229321,0.9591056573642306,0.03484042415454009,0.012544906837661976,-0.08012564070414334
AFG,2017,0.004038378730028302,0.9534813899642404,0.042480231305731316,0.008435081680945923,-0.1953156357878169
AFG,2018,0.003766139265080315,0.9593373650531972,0.036896495681722444,0.007820840124024129,-0.13289545414842274
AFG,2019,0.005436798808902879,0.9736483413224042,0.02091485986869293,0.011105875446488217,-0.06918330204298397
AFG,2020,0.0047327013418104755,0.9541057345017037,0.0411615641564859,0.009871738897590186,0.0003308547995547809
AFG,2021,0.012550451383879632,0.8937526667845916,0.09369688183152877,0.02769592453624693,-0.16843862789235098
AFG,2022,0.03671132128131439,0.8790777385123886,0.08421094020629699,0.08017418615938529,0.22162113692126348
AFG,2023,0.016557933231303407,0.8916285925888772,0.09181347417981939,0.036463728013031216,0.08716359842833728
AGO,1990,0.6932312175043811,0.10920162702032743,0.19756715547529147,0.2721763640794364,-0.3039805698835703
AGO,1991,0.7288484959005526,0.08151612502876655,0.18963537907068093,0.2011838200322333,-0.2081566152007323
AGO,1992,0.8225882344042806,0.052115026078503955,0.1252967395172154,0.11916047060288659,-0.0377819388893148
AGO,1993,0.8519033744789738,0.08123208559414125,0.06686453992688507,0.17410566647585418,0.16604922849544343
AGO,1994,0.8598260090749396,0.03246212476635189,0.10771186615870867,0.07276152967899005,0.3063305970001378
AGO,1995,0.7183046288806879,0.08911656763277145,0.1925788034865406,0.2207436911926201,0.19335842173330614
AGO,1996,0.6829388726588806,0.13614621228151605,0.18091491505960333,0.3324348465981972,0.13700063654793354
AGO,1997,0.6807539093103329,0.1791197619389709,0.14012632875069633,0.4166187846610751,0.11837020242423063
AGO,1998,0.7019585083275941,0.07633845357346991,0.22170303809893593,0.1961679341186326,0.0229454912499026
AGO,1999,0.5718550529847188,0.10581634320538323,0.322328603809898,0.3122939637124639,-0.021612411079163885
AGO,2000,0.037887303719218265,0.8488631977670176,0.11324949851376415,0.08545200404334105,0.11560130365110387
AGO,2001,0.06473464271396208,0.8277170170840422,0.10754834020199568,0.1450714825912565,0.09508284763564241
AGO,2002,0.1166084625198962,0.7864624476814209,0.09692908979868284,0.25824874038717793,-0.05300548798510656
AGO,2003,0.20468654437597691,0.6701788517003807,0.12513460392364237,0.46792694120482053,0.16429615542525972
AGO,2004,0.34463672549296936,0.501196290809614,0.15416698369741658,0.8149048780325242,0.08581379133948772
AGO,2005,0.3671929105251512,0.4326609610644356,0.20014612841041324,0.9181499860603579,0.06676033485526899
AGO,2006,0.3433789969772598,0.4783751409118996,0.17824586211084065,0.8357219784966285,0.11716504815964982
AGO,2007,0.27116682598558045,0.49935830593535613,0.22947486807906348,0.7038494002383944,0.09659046391738052
AGO,2008,0.32944941651755605,0.5048097647367418,0.16574081874570215,0.7898011167758037,0.021868524677307048
AGO,2009,0.266887295542768,0.5610197881151254,0.17209291634210652,0.6447276531651245,-0.0006873538387771113
AGO,2010,0.3450159689506155,0.5788925689500488,0.07609146209933573,0.7468617396578502,0.05240123423369531
AGO,2011,0.2831226652355955,0.5735915713843157,0.14328576338008878,0.6609500651060275,0.010936963661391732
AGO,2012,0.19353104743626015,0.7070004296894119,0.09946852287432799,0.4298151754872024,0.0396308457439643
AGO,2013,0.15030076106191237,0.685564978673478,0.1641342602646097,0.3596289545483537,-0.07592738310027403
AGO,2014,0.10339993983465452,0.6746126680142167,0.22198739215112873,0.26580530647323375,0.037996909159813165
AGO,2015,0.1048136033942473,0.6602998617244497,0.2348865348813031,0.27398185543104225,-0.3140133577753636
AGO,2016,0.09613436041235579,0.6892382856197672,0.21462735396787705,0.24481209244566368,-0.1570681780112847
AGO,2017,0.040427707430850154,0.8087639841134344,0.15080830845571547,0.09521456187902867,-0.07295744568111787
AGO,2018,0.050131741054910854,0.8297202422742984,0.12014801667079074,0.11395494243297817,-0.025215489792499945
AGO,2019,0.03458576078496223,0.8313721882037566,0.13404205101128117,0.07987861494972613,-0.07688226128720585
AGO,2020,0.02278847331740104,0.8698826857657511,0.10732884091684788,0.05105681545891256,0.03791638478525445
AGO,2021,0.020077675989606664,0.8755400756228537,0.10438224838753955,0.04483536855641603,-0.11037863792066703
AGO,2022,0.139067058397104,0.6646018648790224,0.19633107672387357,0.346080467638844,0.14175398113441165
AGO,2023,0.09442703654753305,0.7115105576598515,0.19406240579261544,0.23432840762416404,0.0737749275903025
ALB,1990,0.04485813268069845,0.283949420582527,0.6711924467367747,0.2728534197922605,-0.19893863622106975
ALB,1991,0.04415653488193498,0.42722708186702857,0.5286163832510363,0.18734861931126742,0.40779908984030083
ALB,1992,0.09106557492598374,0.29193821064456077,0.6169962144294554,0.4755335500944317,0.4657247356082104
ALB,1993,0.5611725787923545,0.03445357102756112,0.4043738501800844,0.11568857760183289,0.5419050559691753
ALB,1994,0.7520448348985154,0.004225194917010794,0.24372997018447382,0.011173773256733256,0.5847992060403666
ALB,1995,0.061210395036501386,0.013190714558873055,0.9255988904046255,0.3545838128116608,0.5286989869606086
ALB,1996,0.03589008924377636,0.018144668858619022,0.9459652418976047,0.6715924895688452,0.5704880105013826
ALB,1997,0.09100664184600689,0.0007783293479956953,0.9082150288059975,0.016959842943145204,0.5598951368491647
ALB,1998,0.02869931372612429,0.01407475922200733,0.9572259270518683,0.6580976863753218,0.5001137550489375
ALB,1999,0.008679194267946467,0.004515344058402052,0.9868054616736516,0.6844262295081963,0.5125779190212141
ALB,2000,0.009991918310187245,0.001989709056927514,0.9880183726328853,0.33212667961758635,0.6145147367626561
ALB,2001,0.007852330223072988,0.0025257221892233672,0.9896219475877036,0.48674300126501285,0.6071125421105256
ALB,2002,0.020678669913579008,0.0049370704989353,0.9743842595874856,0.3854716217004873,0.5163137170707414
ALB,2003,0.006265914672308025,0.01389329385576965,0.9798407914719224,0.6216429244809766,0.5782955714066328
ALB,2004,0.006057900446484165,0.0026386061279020713,0.9913034934256137,0.6068197856995913,0.5654843076331417
ALB,2005,0.010531443192518003,0.010618962840846716,0.9788495939666353,0.9958620346015746,0.6253428768776853
ALB,2006,0.005569915750370121,0.014645007180463004,0.9797850770691668,0.5510696992937352,0.527728872244223
ALB,2007,0.009353223256594705,0.04208740104835918,0.9485593756950461,0.36365123413535094,0.4346481281948947
ALB,2008,0.004161372976897467,0.0649823645820512,0.9308562624410514,0.12036876002977649,0.4858638292033359
ALB,2009,0.010397227875538241,0.06615931229711672,0.923443459827345,0.27162219849773206,0.4290067151332722
ALB,2010,0.02911455924087195,0.1424800449393752,0.8284053958197528,0.3393411975855524,0.5285723397277597
ALB,2011,0.012814178818296794,0.036619239126190695,0.9505665820555125,0.5184419508554639,0.5472887812337526
ALB,2012,0.014712679251811116,0.0489350813016912,0.9363522394464977,0.46231569261399663,0.5357951243724643
ALB,2013,0.011824157950764932,0.10689445691232581,0.8812813851369092,0.1991963596340952,0.46922049280402933
ALB,2014,0.008603205981821634,0.058936982615169844,0.9324598114030085,0.2547581272879317,0.5084064695208752
ALB,2015,0.012380408851446045,0.1612098761470297,0.8264097150015243,0.14263942076660285,0.4328681982414891
ALB,2016,0.010503812263784735,0.05012879108358212,0.9393673966526331,0.3464740645757179,0.49826882288790025
ALB,2017,0.016831636129108065,0.04821837863911156,0.9349499852317804,0.5174983030851273,0.4718427531765283
ALB,2018,0.0242705112798017,0.034654846470807264,0.9410746422493911,0.8237713679235449,0.49383071976988907
ALB,2019,0.017550115391244514,0.04417106105409108,0.9382788235546644,0.5686902422149412,0.5036361118764545
ALB,2020,0.017479446412449345,0.040825763729503264,0.9416947898580474,0.599584372301997,0.504715674519945
ALB,2021,0.018847749732594444,0.05233441483131019,0.9288178354360954,0.5295638267834255,0.4837000540049933
ALB,2022,0.17634149725782852,0.03483170279407505,0.7888267999480965,0.3298875310457376,0.6523016761823751
ALB,2023,0.08215339296719075,0.03722859193218383,0.8806180151006254,0.623688607013249,0.6043874346358672
ARG,1990,0.19484655936392697,0.4612721888111813,0.3438812518248917,0.5939368747070929,-0.09891605550970732
ARG,1991,0.15832315368485925,0.47276486012566254,0.3689119861894781,0.5017466667728355,0.3569376922614586
ARG,1992,0.16104476616243843,0.48459799982790325,0.35435723400965835,0.4988664773945521,0.42224858202961574
ARG,1993,0.3286199592323248,0.45626403193891907,0.21511600882875617,0.8373720522492537,0.5280539146828869
ARG,1994,0.31076525658508497,0.4323112267545258,0.25692351666038926,0.8364287218145076,0.5554382777754121
ARG,1995,0.11804375834064039,0.6021778466497862,0.2797783950095734,0.3277984373773665,0.648385879724592
ARG,1996,0.11764623897137023,0.6599992078296743,0.22235455319895553,0.3025703794841848,0.4504771898498131
ARG,1997,0.1504074202620843,0.6810160806040312,0.1685764991338845,0.3618069975299014,0.4198334880999024
ARG,1998,0.09792352353140178,0.6733645126705128,0.22871196379808548,0.25392206007397866,0.24165905480656139
ARG,1999,0.13060927736260347,0.6173801927022314,0.25201052993516515,0.3492275829799647,0.314524909943192
ARG,2000,0.135549136379767,0.6477475699670564,0.21670329365317656,0.3460990842459878,0.3105253835228412
ARG,2001,0.1258540440723742,0.6613635154034709,0.21278244052415485,0.31974399594483605,0.28113463607101347
ARG,2002,0.13497465438524384,0.6223388075298999,0.2426865380848563,0.3564565036092482,0.2723217765072475
ARG,2003,0.13666718356565677,0.6191491850758334,0.2441836313585098,0.361641237834802,0.3218918248111263
ARG,2004,0.12010991502122301,0.6508902864920041,0.2289997984867729,0.311569088530679,0.27622502891662004
ARG,2005,0.12146021946740813,0.6611439068069379,0.21739587372565397,0.31040015095660156,0.24786335018569966
ARG,2006,0.09683463074454111,0.6759343068887558,0.22723106236670307,0.25061729587917825,0.260491243329783
ARG,2007,0.09615467911602202,0.6811065278134905,0.22273879307048758,0.24741921572509923,0.19739982411623722
ARG,2008,0.08945803934852478,0.6807611191232549,0.2297808415282204,0.23229242836810704,0.21372053975911692
ARG,2009,0.0950316178657849,0.6810518003669771,0.22391658176723805,0.24490052392095596,0.18219541890144855
ARG,2010,0.09948949951218065,0.7042721668804872,0.19623833360733217,0.24755970251404422,0.26250766029234734
ARG,2011,0.0958058217366355,0.694317768258354,0.20987641000501053,0.24250844538698824,0.21332602974080814
ARG,2012,0.09871415367409825,0.7112873240923032,0.18999852223359856,0.24373820637044982,0.2211192074286116
ARG,2013,0.08920009949236958,0.730723279971519,0.1800766205361114,0.21758154902399188,0.11673392689003209
ARG,2014,0.10421553523372021,0.7152616225396412,0.18052284222663856,0.2543464067183739,0.1989504603696807
ARG,2015,0.10186957692102157,0.7456057126945166,0.15252471038446183,0.24040719102791838,0.025188874064127946
ARG,2016,0.11395324055890108,0.6790409277208383,0.2070058317202606,0.2873999459695964,0.10695027901067283
ARG,2017,0.09503975050123893,0.6768052709090128,0.22815497858974834,0.24626640806101235,0.08665076244564168
ARG,2018,0.08738130315153807,0.6938827562969705,0.21873594055149145,0.2236921104836698,0.1521165890453861
ARG,2019,0.07918524729944199,0.7293380177928354,0.19147673490772266,0.19587623688331224,0.0948624624551114
ARG,2020,0.07830044334216098,0.725796492470034,0.19590306418780498,0.19475374138336188,0.16242321695962006
ARG,2021,0.07938288302829186,0.7211027609995809,0.19951435597212727,0.1983368062139232,0.0686718745472563
ARG,2022,0.12694821392908207,0.5575388280129397,0.31551295805797813,0.3709294877779,0.29504857703004406
ARG,2023,0.11938592465615157,0.7142171074112342,0.16639696793261421,0.2864335182660439,0.2394571010884971
ARM,1992,0.23038194566373132,0.0004321489536823828,0.7691859053825862,0.003744562951397678,0.3020095296564201
ARM,1993,0.020932503602970363,0.07240099759580265,0.906666498801227,0.4485528418866504,0.47001474152586337
ARM,1994,0.04870103106027597,0.09685714499827104,0.854441823941453,0.6691624253478862,0.5065915260661349
ARM,1995,0.020403553268414983,0.4840625212431457,0.4955339254884393,0.08089167656386138,0.4812503767118359
ARM,1996,0.033404725252660465,0.41927581821832544,0.5473194565290141,0.14758630886375396,0.4537129936037877
ARM,1997,0.0636688986086344,0.49784590233091525,0.4384851990604503,0.22677549550644427,0.4852843215730517
ARM,1998,0.09380787053600817,0.8045427267618641,0.10164940270212768,0.20884467783106211,0.2913401193545405
ARM,1999,0.18837620324140616,0.5983923229386696,0.2132314738199242,0.47886054658544025,0.3088634677082304
ARM,2000,0.18428916431750356,0.6314423634205312,0.18426847226196524,0.4518377874360802,0.28740761419749394
ARM,2001,0.34154412374426196,0.5240070120870504,0.13444886416868768,0.7891945596402652,0.2544720046049779
ARM,2002,0.37300766752267217,0.448676343159516,0.17831598931781178,0.9079102493743049,0.2490227467571331
ARM,2003,0.35538861768609076,0.4054668156119093,0.23914456670199993,0.9341817174009657,0.32036816480257135
ARM,2004,0.27402002945721265,0.37399929285742695,0.3519806776853604,0.8457156137827782,0.29194180150891774
ARM,2005,0.22846866798691137,0.31718560267266727,0.4543457293404214,0.8374118201649624,0.244338145562958
ARM,2006,0.15680928623685353,0.30318915479719283,0.5400015589659537,0.6817818159746651,0.2548906134402531
ARM,2007,0.09173932279534183,0.3308785507557836,0.5773821264488745,0.4341478604512633,0.1944251765534953
ARM,2008,0.07028686112192781,0.35375846774717196,0.5759546711309003,0.3315063571594014,0.20970372554512687
ARM,2009,0.1508343808693662,0.32146991654511214,0.5276957025855217,0.6387169530113297,0.22483412214516701
ARM,2010,0.12107635160027495,0.3860893264767373,0.49283432192298776,0.47746271813720687,0.27610545577220347
ARM,2011,0.13351714085346172,0.36081600933684177,0.5056668498096965,0.5401909250960071,0.2568358576785217
ARM,2012,0.12975413901113977,0.444788988474802,0.4254568725140582,0.4516776297678877,0.2861161443146901
ARM,2013,0.12770154503625636,0.527327948211325,0.3449705067524187,0.3899108249404857,0.17486189887880388
ARM,2014,0.12488497498827354,0.5478564166026633,0.32725860840906323,0.3712718633022966,0.2632838568841644
ARM,2015,0.11787289074842097,0.5332632757586795,0.34886383349289957,0.36205296775551044,0.1420063886197471
ARM,2016,0.10860456280283691,0.500327534255984,0.39106790294117916,0.35670500316013415,0.21158859360127327
ARM,2017,0.03375724569224824,0.5035394230294417,0.46270333127831004,0.1256558905252915,0.17527207297753633
ARM,2018,0.026339024649650062,0.5175662345858898,0.4560947407644601,0.096851516702264,0.21077177292707036
ARM,2019,0.024970229136015838,0.5371489458801115,0.43788082498387265,0.08884318573654575,0.16753670358988415
ARM,2020,0.030624199066602457,0.5982631101111712,0.3711126908222264,0.09739169043382818,0.23874400418591243
ARM,2021,0.03322287860505613,0.6074807238596939,0.35929639753524995,0.10370748182856977,0.14857747757219825
ARM,2022,0.04926850330988089,0.7561389325185754,0.19459256417154364,0.12234429710523453,0.31447296504219474
ARM,2023,0.01454501152109516,0.8757449912470454,0.1097099972318594,0.032674772211012094,0.27043127717209775
AZE,1992,0.1256509669288628,0.39016941865144145,0.48417961441969576,0.48718883720543116,0.2691408314859645
AZE,1993,0.03958810665326326,0.2442662785660643,0.7161456147806724,0.27893250000470815,0.38996148919212453
AZE,1994,0.12022828075726635,0.3881793378678016,0.49159238137493205,0.4729601853033218,0.4187354363088972
AZE,1995,0.17813983056437138,0.3483336304999141,0.4735265389357145,0.6767286244752211,0.39688648840749485
AZE,1996,0.029258159539016497,0.42020027771469937,0.5505415627462842,0.13019294828589673,0.361544987400596
AZE,1997,0.015832705621700065,0.2850160773112598,0.6991512170670402,0.10525357933874822,0.33434396338000694
AZE,1998,0.09267483713572043,0.712517708727061,0.1948074541372186,0.23019298331038898,0.15024444265530795
AZE,1999,0.11230744637780324,0.22151870440456983,0.6661738492176269,0.6728499017503177,0.2662403713801121
AZE,2000,0.09628974135629402,0.10874369822746882,0.7949665604162371,0.9392588989559093,0.22528679287179681
AZE,2001,0.09328105568687228,0.08249097969766711,0.8242279646154607,0.9386132386440224,0.17866649607985888
AZE,2002,0.09943794831062706,0.10447430461955204,0.7960877470698209,0.9753013551831559,0.15637407522598232
AZE,2003,0.08122868849045792,0.11364256194593023,0.8051287495636119,0.8336651846648196,0.22488701087499158
AZE,2004,0.09731894195307114,0.21392960671193584,0.688751451334993,0.6253455148336409,0.20155057855003988
AZE,2005,0.05503473550863797,0.26338920931373205,0.68157605517763,0.3456695792104367,0.14362367621388894
AZE,2006,0.12454108087292431,0.170307102017978,0.7051518171090977,0.8447810642876246,0.18569563746416284
AZE,2007,0.11068038492173378,0.3403383740425885,0.5489812410356778,0.49080169160098785,0.13617991538912913
AZE,2008,0.20327419672772343,0.18080258943934818,0.6159232138329284,0.9414918888677635,0.08566370827618315
AZE,2009,0.2293500283834585,0.24640169714000562,0.5242482744765359,0.9641584720732534,0.12347440077235369
AZE,2010,0.2522830790812539,0.2448891427709772,0.5028277781477689,0.9851280180482925,0.188333267935936
AZE,2011,0.116973247152724,0.18173817355570693,0.7012885792915691,0.7831856369957837,0.07178654531226204
AZE,2012,0.23089765369094642,0.30460338511744917,0.4644989611916044,0.862361179372287,0.09549870506392033
AZE,2013,0.11637654219841928,0.3749433317243836,0.5086801260771971,0.4737302453053409,-0.013739393930584544
AZE,2014,0.12373300334494107,0.28177926192419367,0.5944877347308652,0.6102552940677176,0.0653585249856841
AZE,2015,0.09173442264099738,0.37675397745656386,0.5315115999024388,0.39161875778309124,-0.20765165639003433
AZE,2016,0.06578763029114176,0.19156040424067855,0.7426519654681797,0.511273617541519,-0.08806336394064362
AZE,2017,0.04925524088437657,0.2066151966912077,0.7441295624244157,0.38500141986763553,-0.14662777726386927
AZE,2018,0.10227440220642124,0.19196096880450525,0.7057646289890736,0.6951876781845052,-0.06589114788521791
AZE,2019,0.09458818143485931,0.32199754005047354,0.5834142785146672,0.45411149041597465,-0.11158536253215984
AZE,2020,0.045317649477054536,0.19728056808890154,0.7574017824340439,0.37360249330549067,-0.07003172140551367
AZE,2021,0.06186648573978607,0.1565262922220894,0.7816072220381245,0.5665616447315489,-0.1961709645755393
AZE,2022,0.13761203244574144,0.13554580707068312,0.7268421604835754,0.992435782261581,0.12686200381220586
AZE,2023,0.08287367275671248,0.11014467055098373,0.8069816566923038,0.8587129216480852,0.05684448679735779
BDI,1990,0.4300196719728696,0.15811197335232147,0.4118683546748089,0.5376754493967004,-0.20394419545579925
BDI,1991,0.36365420469041326,0.1808213129231675,0.45552448238641924,0.6642036494706014,-0.11096395880236809
BDI,1992,0.2658222463282605,0.3551032128385926,0.37907454083314684,0.8562130684251089,0.10828162918181677
BDI,1993,0.6338009787928219,0.1848706595199255,0.18132836168725255,0.45163567630347434,0.2125627198260863
BDI,1994,0.7799358204658284,0.21540168383504302,0.0046624956991285875,0.43282139556540056,0.18657016352650965
BDI,1995,0.6135796615965738,0.2615437227485759,0.12487661565485024,0.5977299371203243,0.1489317651553909
BDI,1996,0.3064726805055964,0.6047665936539197,0.0887607258404839,0.6726502888898687,0.16697569863844183
BDI,1997,0.540543587174349,0.03433116232464927,0.42512525050100175,0.11943875550132887,0.1840388877405655
BDI,1998,0.6596237115377244,0.07444533854466043,0.2659309499176152,0.20282925301456425,0.01931295640792125
BDI,1999,0.7039569589602941,0.04489412694883015,0.2511489140908758,0.1199013469929807,
BDI,2000,0.4897345055319624,0.3190522230955942,0.19121327137244343,0.7889650307121115,0.009830443151884527
BDI,2001,0.4594996946867677,0.25573427343596755,0.28476603187726474,0.7151066219832645,-0.019185634784715962
BDI,2002,0.24492498453587835,0.3851262078776014,0.36994880758652027,0.777476457421393,-0.07749704915413172
BDI,2003,0.2746721866774376,0.1352197580627127,0.5901080552598498,0.6597824611968641,0.12811817140139528
BDI,2004,0.005835959703702683,0.3317521987633798,0.6624118415329175,0.03457443371356721,0.1902586709411971
BDI,2005,0.006873353616326195,0.25837839581116767,0.7347482505725061,0.05182513315113886,0.07762751820033496
BDI,2006,0.0059418361788780745,0.32606232777875926,0.6679958360423627,0.03579374492204401,0.23518355173668168
BDI,2007,0.15324849399928359,0.30564112766205787,0.5411103783386586,0.667910045315343,0.15901369277314015
BDI,2008,0.010318865978199242,0.350072474189885,0.6396086598319157,0.05726478318478234,0.12601841971815375
BDI,2009,0.12470676231949047,0.38208092746961086,0.4932123102108986,0.4921459807809733,0.11452209358802849
BDI,2010,0.21380869435843486,0.24864180439580347,0.5375495012457617,0.9246771056984413,0.15935016651498118
BDI,2011,0.1997953390794488,0.24527944864805326,0.5549252122724979,0.8978056928345889,0.15159197103977523
BDI,2012,0.17935450862634428,0.3011984603019107,0.519447031071745,0.7464505277174609,0.2157627854071572
BDI,2013,0.01603035244134741,0.837267470902548,0.14670217665610452,0.03757270205736098,-0.03604671672638106
BDI,2014,0.020772433485796892,0.5609245724581771,0.41830299405602606,0.07142011484858006,0.055073074379894754
BDI,2015,0.0933410539760609,0.8513414967214032,0.0553174493025359,0.1976135875636672,-0.36824021290570325
BDI,2016,0.08025859529643231,0.5693065989801701,0.3504348057233975,0.24711482697533832,-0.3443804566473167
BDI,2017,0.056906385419102506,0.7854050352878374,0.15768857929306,0.13511958646207547,-0.41379357715481413
BDI,2018,0.048918166259323374,0.7922106690632237,0.1588711646774529,0.11631551364081999,-0.1977977427460258
BDI,2019,0.043597837066600025,0.8125010478747501,0.14390111505864986,0.1018523393348114,-0.24272765855942088
BDI,2020,0.03723223781180781,0.8252154748927241,0.1375522872954681,0.08634085814907436,-0.21370010107378992
BDI,2021,0.04040213570343425,0.8486675174826388,0.11093034681392697,0.09088632270519867,-0.07777833199355695
BDI,2022,0.09138064116137108,0.7461743131113211,0.16244504572730778,0.21820810848339692,0.1583448219573284
BDI,2023,0.055946973550619304,0.6644122519355391,0.2796407745138416,0.1553307615734681,-0.13852023222605309
BEN,1990,0.2539567747164616,0.520750926967148,0.22529229831639047,0.6556195947569848,-0.1382200117341402
BEN,1991,0.15172274833769908,0.6179730002014908,0.23030425146081,0.39424083769633544,0.02766750093082246
BEN,1992,0.032910930733021586,0.658696017442816,0.30839305182416243,0.09517235423914264,0.15457751483438728
BEN,1993,0.1283293653213282,0.7917659625163508,0.07990467216232103,0.27894797732081894,0.23880588486910875
BEN,1994,0.13566083078582042,0.6560758677692491,0.20826330144493052,0.3426917838554239,0.2527438868860483
BEN,1995,0.09245739885913266,0.6359952271693772,0.27154737397149026,0.2538460170380774,0.2631155262839017
BEN,1996,0.05291691280995707,0.7121532413828395,0.2349298458072034,0.13833218436232997,0.1410507529241075
BEN,1997,0.030025437315814602,0.7375605374517431,0.2324140252324422,0.07823341828231549,0.1116494018685423
BEN,1998,0.024978996925134604,0.7705953905200916,0.20442561255477373,0.0627948745442848,-0.1220487115172574
BEN,1999,0.05298284098009314,0.7583158092755453,0.18870134974436148,0.13061242235124726,-0.0633681871028218
BEN,2000,0.010820414478143475,0.7508418218220697,0.23833776369978676,0.028412632168042923,0.01636027430250137
BEN,2001,0.014978240792826513,0.7780905722761768,0.20693118693099663,0.03777286547144374,0.023137366635119234
BEN,2002,0.007518215698859087,0.8167039697459141,0.17577781455522687,0.01824317721999208,-0.08982084395172181
BEN,2003,0.010070544383203638,0.8428477944921153,0.14708166112468102,0.023614322553980792,0.07972054103971458
BEN,2004,0.000461981740694418,0.8703594151350509,0.12917860312425464,0.001061025239737734,0.11752999407226743
BEN,2005,0.001003532070157964,0.9098920536343387,0.08910441429550332,0.0022033964944112036,0.03785515203541422
BEN,2006,0.0009617323965972251,0.8659235741711566,0.1331146934322462,0.002218822696176494,0.09811640375729257
BEN,2007,0.0014151620643002819,0.8752777147443127,0.123307123191387,0.0032284100891793142,0.05263845076089768
BEN,2008,0.0014535629617254827,0.927640800586516,0.07090563645175847,0.0031289888707844026,0.06600464946174932
BEN,2009,0.003453451582536612,0.9469314379190006,0.04961511049846285,0.0072674799877087614,0.10720113297971266
BEN,2010,0.012746219526087498,0.907819010233643,0.07943477024026953,0.027692159369117796,0.2045187245857558
BEN,2011,0.006105720738121493,0.8987689530056409,0.0951253262562377,0.013495174338033199,0.10017071481404233
BEN,2012,0.014775728292646036,0.9234245029369553,0.06179976877039859,0.031498027395028515,0.0945760353827013
BEN,2013,0.012938486532812248,0.9067934514857213,0.08026806198146641,0.0281353424796509,-0.02534864730766247
BEN,2014,0.041996908562076954,0.794016971593719,0.16398611984420403,0.10046940501574111,0.09676736849249891
BEN,2015,0.007755556520349245,0.8948423431765408,0.09740210030310996,0.017184964695693868,-0.10740914013027886
BEN,2016,0.018200390155418553,0.8370803002931925,0.14471930955138895,0.042560039899584554,-0.046758525656396446
BEN,2017,0.03284998791364526,0.8519795340264831,0.1151704780598717,0.07425156394333787,-0.06579376063179414
BEN,2018,0.025081231387323467,0.8773314580782622,0.09758731053441434,0.05558705386152477,0.014969099358677964
BEN,2019,0.019074313854488937,0.889788189902183,0.09113749624332806,0.04197403628304082,-0.05090069063832245
BEN,2020,0.013217615755917282,0.8505530965812682,0.13622928766281453,0.030604454555198193,0.06253616875542589
BEN,2021,0.010452842366782672,0.9029606218227942,0.08658653581042305,0.022887427822310288,-0.0886676027164208
BEN,2022,0.014622175311165022,0.9277161168037003,0.05766170788513471,0.03103381329935952,0.2155516732674202
BEN,2023,0.01796886419786027,0.9303824629690982,0.05164867283304149,0.037894952393938766,0.11586705850685378
BFA,1990,0.38086426472188956,0.37531294220093614,0.24382279307717433,0.9926587015978122,-0.212480089718491
BFA,1991,0.31206687591286236,0.6317007986575095,0.056232325429628076,0.661321391527684,-0.14537527564338368
BFA,1992,0.1313144252927538,0.6574747534266473,0.2112108212805989,0.3329518934474804,0.031908821394547496
BFA,1993,0.34603394692744094,0.5911379247846729,0.06282812828788621,0.7384642185115384,0.13917391885954056
BFA,1994,0.34060519391601835,0.3161648947537713,0.3432299113302103,0.9627871311683089,0.17568060157451235
BFA,1995,0.19171728816698766,0.5982907914273906,0.20999192040562178,0.4853552593168996,0.16403154347676918
BFA,1996,0.20751957606210242,0.7172181225291464,0.07526230140875113,0.4488182462513187,0.2110844464078156
BFA,1997,0.25817284575048527,0.4818610091902019,0.2599661450593128,0.6977325267671098,0.09537743543766032
BFA,1998,0.009521935731808387,0.5761708472823577,0.4143072169858341,0.032515120581836095,-0.10386011259627892
BFA,1999,0.022859328517121177,0.544605173031847,0.43253549845103173,0.08056654981844211,-0.09960929129104532
BFA,2000,0.031206569441214162,0.44737422478606503,0.5214192057727208,0.13041296189748094,-0.00843002682285269
BFA,2001,0.06467235534240433,0.39919405759397414,0.5361335870636215,0.27884043137770553,-0.0920318302118205
BFA,2002,0.02036271629712756,0.2863209798646556,0.6933163038382169,0.1327929495566385,-0.08747450483875001
BFA,2003,0.0006602993433690581,0.9015384344133427,0.09780126624328826,0.0014637558636767392,0.037940058178138544
BFA,2004,0.00150077786208259,0.8041542022984501,0.1943450198394673,0.003725609346530816,0.07739943886248639
BFA,2005,0.0010823887418243156,0.3494834115929425,0.6494341996652332,0.0061750960349851985,0.07598493658846608
BFA,2006,0.0032033356368236367,0.31525643771790707,0.6815402266452693,0.0201176783056707,0.06750872419719091
BFA,2007,0.06956919407741043,0.3947913776478726,0.535639428274717,0.29963437170788804,-0.007848878924205818
BFA,2008,0.032271476496714184,0.3824667421685099,0.5852617813347759,0.15562335489878573,0.06391478606851911
BFA,2009,0.08094785927182299,0.338302268300107,0.58074987242807,0.386155442530831,0.07629291580541997
BFA,2010,0.06626803512828919,0.29279064239691927,0.6409413224747915,0.3691209224355075,0.06428214252755096
BFA,2011,0.015596989232372445,0.23840836178699884,0.7459946489806287,0.12280835163337143,0.08068112846707948
BFA,2012,0.06069428481785499,0.2776498923817419,0.661655822800403,0.3587724507051295,0.13726059791890358
BFA,2013,0.0075932748371785605,0.36459671036959307,0.6278100147932284,0.04080321953294947,-0.03380032406499524
BFA,2014,0.021800173533016633,0.3560002569675866,0.6221995694993968,0.11540576332393473,0.08618893247091067
BFA,2015,0.02048357615413089,0.9229167554174944,0.05659966842837469,0.04342499248438249,-0.11943161127891908
BFA,2016,0.02286593087801118,0.30843318770476036,0.6687008814172285,0.13803798196522138,-0.03807202461249747
BFA,2017,0.006306171517267579,0.33768744516901006,0.6560063833137223,0.03666446824226282,-0.07840464304530274
BFA,2018,0.011931760027280958,0.3860567181113383,0.6020115218613807,0.05996032891748756,-0.014157091166192452
BFA,2019,0.008519676507286154,0.38058797701017844,0.6108923464825354,0.04379084518266234,-0.04173231677189848
BFA,2020,0.003346843293850999,0.18830844778254738,0.8083447089236017,0.03492565506596807,0.03095359786466526
BFA,2021,0.012378488763605115,0.23020608473994256,0.7574154264964523,0.1020550365988057,-0.11547813598054386
BFA,2022,0.03585566606789884,0.23957300251664995,0.7245713314154512,0.26036262856850845,0.1676382812981488
BFA,2023,0.017850128210489945,0.27818907836401685,0.7039607934254932,0.12059300129219504,0.07090110973418699
BGD,1990,0.45637032678584344,0.20700056459809896,0.33662910861605744,0.6240869694063564,-0.1853108725956994
BGD,1991,0.4452666280833955,0.2086175811168369,0.3461157907997676,0.6380872276209197,-0.2066896831658508
BGD,1992,0.5238719764838045,0.17248262259722283,0.3036454009189727,0.4953873294578554,-0.057544402847408305
BGD,1993,0.7181888727756514,0.1501739442022202,0.1316371830221284,0.3458783385609821,0.18465610836713237
BGD,1994,0.7356479249214114,0.14193507148799597,0.12241700359059271,0.3234681439105296,0.17554872467704286
BGD,1995,0.5263944619632677,0.11459936761817378,0.3590061704185586,0.3575677715743545,0.15186103467959627
BGD,1996,0.5408969109778776,0.10360185036307058,0.35550123865905175,0.32149588665621615,0.10022638465758074
BGD,1997,0.5983150801086631,0.12186040986413915,0.2798245100271978,0.33841865367770646,0.07186305804659987
BGD,1998,0.46200426569816594,0.10688428005439253,0.4311114542474415,0.37576527371631246,-0.0998664769744589
BGD,1999,0.47299158319947254,0.08166355618334427,0.44534486061718326,0.29446605786151736,-0.0472362680424172
BGD,2000,0.4762262559055086,0.08473754301397578,0.4390362010805156,0.30211412279079436,-0.039944800104568516
BGD,2001,0.46575460059829954,0.08048993912498602,0.45375546027671443,0.2947029517796564,-0.023668331990998222
BGD,2002,0.45841472816889106,0.07927640780581631,0.46230886402529264,0.2948771236933518,-0.12790826202530967
BGD,2003,0.40641355397326656,0.07723465484479414,0.5163517911819393,0.3193836074924795,-0.0007322423571928274
BGD,2004,0.2621512985858225,0.06857823656080321,0.6692704648533744,0.4147088740072744,-0.08408108003709232
BGD,2005,0.28255235790021044,0.08463744572027745,0.6328101963795121,0.46100106749018116,-0.07300461104576622
BGD,2006,0.29000528746530646,0.07445581167347708,0.6355389008612164,0.40858029484855923,-0.027342478649189688
BGD,2007,0.36167490437448835,0.08559469136875583,0.5527304042567558,0.3827431695933635,-0.10796642253595336
BGD,2008,0.2817768074151821,0.12812465549934027,0.5900985370854777,0.6251485641858194,-0.04976898787384528
BGD,2009,0.3805252502604972,0.09915182781540842,0.5203229219240944,0.41341073962979036,-0.06558659543503087
BGD,2010,0.43575775859584776,0.11393512831269499,0.45030711309145727,0.4145410320059367,-0.04902590059238805
BGD,2011,0.3386469382273056,0.11093384329085712,0.5504192184818373,0.4934990455608498,-0.09002800680933415
BGD,2012,0.41059566210430803,0.12521749213812006,0.4641868457575719,0.4673923779089065,0.003141471970990057
BGD,2013,0.33016897064133166,0.15173058184886754,0.5181004475098008,0.6297187082445087,-0.15677735885448918
BGD,2014,0.3051069440536508,0.12294668196290016,0.571946373983449,0.5744452306456872,-0.06484102901491315
BGD,2015,0.31363362597050193,0.21589830539130356,0.47046806863819457,0.8154307327079391,-0.26013356914779234
BGD,2016,0.2994100280757555,0.13410043516257764,0.5664895367616668,0.6186721961026929,-0.16247232304880369
BGD,2017,0.25841298284301983,0.1353945187719287,0.6061924983850515,0.6876177737432377,-0.1202929098886874
BGD,2018,0.2567936531347993,0.13640682083971056,0.6067995260254901,0.693828364248378,-0.018185901044293698
BGD,2019,0.2585238095894979,0.15067060193902873,0.5908055884714734,0.7364255116593881,-0.0720857153597944
BGD,2020,0.26746588455041176,0.1405940960873605,0.5919400193622277,0.689085442133388,-0.026210708603298827
BGD,2021,0.29556268821409876,0.15479937955795287,0.5496379322279483,0.6874441283376634,-0.1533065709202567
BGD,2022,0.559933237377418,0.12748012798893088,0.3125866346336511,0.3708980197700749,0.1244314866214673
BGD,2023,0.38074989434618345,0.1407863708434468,0.47846373481036975,0.5398910113844412,0.06823545129710339
BGR,1990,0.09442086853820486,0.33634973650991923,0.569229394951876,0.43838120536407776,0.3455005738155441
BGR,1991,0.10831418930318466,0.382082523871081,0.5096032868257343,0.44174108999256084,0.5192225236016315
BGR,1992,0.11890103105766527,0.32469334654211923,0.5564056224002156,0.5360799733351852,0.583504923747332
BGR,1993,0.4206904189201171,0.24928893410812844,0.3300206469717544,0.7441690045562306,0.6737827373796831
BGR,1994,0.4078898254355999,0.1448216266676757,0.4472885478967244,0.5240406223412769,0.6273006257828609
BGR,1995,0.1189378798384794,0.13231635191907654,0.7487457682424441,0.9467532467532468,0.5670636748847027
BGR,1996,0.09441808402503714,0.13097241826783923,0.7746094977071236,0.8378177701769227,0.597697062880721
BGR,1997,0.11175196245367024,0.09668219667596016,0.7915658408703696,0.9277001147957815,0.628924507216995
BGR,1998,0.06563309787175811,0.3042135549044456,0.6301533472237962,0.3549205995462831,0.5057830557441564
BGR,1999,0.08062890834237886,0.14579106946672432,0.7735800221908968,0.7122066623498908,0.5444954851772783
BGR,2000,0.07345885857399975,0.09157102786457809,0.8349701135614221,0.8902491561895397,0.5251652604967983
BGR,2001,0.09448939928772178,0.09864873365254613,0.8068618670597321,0.978464458046145,0.5309737986270978
BGR,2002,0.0883660566988217,0.08638444707127342,0.8252494962299048,0.9886603495566725,0.5309751197616971
BGR,2003,0.07960208013905622,0.08191961751844637,0.8384783023424974,0.9856518510330151,0.5602629386715815
BGR,2004,0.05685972265739587,0.08722619924887853,0.8559140780937255,0.7892474421530539,0.5074134436200578
BGR,2005,0.04123150168079406,0.10251324024599907,0.8562552580732069,0.5736766594466821,0.45345301566144613
BGR,2006,0.03680601905717733,0.10744329924502598,0.8557506816977967,0.5103111680579102,0.508787999059263
BGR,2007,0.057898955318366765,0.11853180927059738,0.8235692354110359,0.65633627392882,0.46509901701666356
BGR,2008,0.022600046811834484,0.2504557196951342,0.7269442334930313,0.16553429433805938,0.48098292890886063
BGR,2009,0.04429431759794308,0.12840281527481412,0.8273028671272428,0.5129710825086947,0.4974798072733574
BGR,2010,0.08831856072603574,0.21958482674883337,0.6920966125251309,0.5736770968993918,0.5637773800840649
BGR,2011,0.042014600027872245,0.12200483607107501,0.8359805639010528,0.5123124554888274,0.5493010395906893
BGR,2012,0.09427303190638313,0.14672156854861484,0.759005399545002,0.7823663412242065,0.5252550182421042
BGR,2013,0.044855741286094625,0.26967410228267763,0.6854701564312278,0.2852240714403743,0.46360427415931466
BGR,2014,0.04463264974205519,0.16719663840687216,0.7881707118510727,0.4214020651447976,0.5280922337203523
BGR,2015,0.05046820617783217,0.28316063368552075,0.6663711601366471,0.3025410285184149,0.4386047819015666
BGR,2016,0.048348652212319015,0.1379048205445693,0.8137465272431117,0.5191704777008611,0.5119549348145472
BGR,2017,0.045578110025636595,0.14956605306921508,0.8048558369051483,0.4671224524761514,0.4625614657029934
BGR,2018,0.049385021751411094,0.1210751839840552,0.8295397942645337,0.5794316807061783,0.46962409716687487
BGR,2019,0.05031875746397122,0.21419912756421858,0.7354821149718102,0.38045637223062423,0.5006293600339532
BGR,2020,0.0506657421258529,0.13029396287519582,0.8190402949989513,0.5599671167187112,0.5339246466589065
BGR,2021,0.0516656035315726,0.13083726667583476,0.8174971297925926,0.5661894903116501,0.4814427170389479
BGR,2022,0.30297370300443466,0.12705108177023092,0.5699752152253345,0.5909012050866144,0.6509285935980927
BGR,2023,0.15163825563002145,0.14916550941996246,0.6991962349500161,0.9917795370358875,0.61729446983953
BIH,1993,0.4366872830745308,0.02877278493459394,0.5345399319908751,0.12363159339387148,0.325936077929545
BIH,1994,0.4777187329664548,0.039438705642007924,0.48284256139153725,0.15252108042041243,0.3838490852726643
BIH,1995,0.09156398845902537,0.025447279405845596,0.8829887321351291,0.4349543402133387,0.46164138117731807
BIH,1996,0.06184572355378419,0.03898408970027741,0.8991701867459384,0.7732651374063131,0.42353230817940873
BIH,1997,0.05875197501287008,0.053483477956486815,0.8877645470306431,0.953058530820723,
BIH,1998,0.02207724840187469,0.07295278975719141,0.9049699618409339,0.4646372626920484,
BIH,1999,0.039472934834273145,0.03840188979431656,0.9221251753714103,0.9862465816768802,0.42790929368601854
BIH,2000,0.017018541967737166,0.020679042041999718,0.9623024159902631,0.9028982845872275,0.4123252737071202
BIH,2001,0.01734984150422321,0.020770357287914213,0.9618798012078625,0.9102702532496628,0.5302832251285376
BIH,2002,0.016562270963731623,0.01978915180434214,0.9636485772319262,0.9112309616820671,0.4934293436622742
BIH,2003,0.015648822806907384,0.025886569342381042,0.9584646078507115,0.7535175182967654,0.4829490412732883
BIH,2004,0.010312331569137278,0.02785217900018795,0.9618354894306748,0.5404147159390444,0.4858681218160133
BIH,2005,0.04157371722289683,0.026136390116131607,0.9322898926609716,0.7720085270361539,0.47543313376777274
BIH,2006,0.04200359258759223,0.022483731626404883,0.935512675786003,0.69730701034498,0.47421054654690914
BIH,2007,0.03436016693004475,0.02405623799800129,0.941583595071954,0.823612409138576,0.46301933080805874
BIH,2008,0.02693832971001694,0.0301324131951319,0.9429292570948512,0.9440329085881447,0.47986178397472856
BIH,2009,0.010442120258275622,0.04407349716663499,0.9454843825750894,0.38308729687079185,0.41947307624932606
BIH,2010,0.02393801586047419,0.06191384827922865,0.9141481358602972,0.5576586158110893,0.4413025340077062
BIH,2011,0.008143488066975069,0.03889321773728435,0.9529632941957406,0.34626098608451583,0.4941729689137564
BIH,2012,0.02466500524161285,0.044470294737382544,0.9308647000210046,0.7135285519584509,0.4967642357168889
BIH,2013,0.012381859541193458,0.06754903104400871,0.9200691094147978,0.30981412694245014,0.428014413365447
BIH,2014,0.013373817209468472,0.053088716762072725,0.9335374660284588,0.402446804546906,0.48661392299659967
BIH,2015,0.01820956334651406,0.2223811441177296,0.7594092925357563,0.15137378777790364,0.36807863819122083
BIH,2016,0.016605354315739444,0.05406250309612056,0.92933214258814,0.46995493917302805,0.42018046374782486
BIH,2017,0.016722780731059532,0.053078580498316985,0.9301986387706235,0.47915342728363874,0.38855232039338317
BIH,2018,0.01574964086371006,0.053563839838342446,0.9306865192979475,0.45444668783582476,0.3907234988618318
BIH,2019,0.013660211130025158,0.0897906759476429,0.896549112922332,0.26409074906761215,0.37551922959364736
BIH,2020,0.019970540012026767,0.04800122577092592,0.9320282342170473,0.587612806052344,0.3687807413562553
BIH,2021,0.020518092509119627,0.04063438985322354,0.9388475176376568,0.6710469212858766,0.33295737496547073
BIH,2022,0.4422670597525443,0.038881119385712,0.5188518208617436,0.16161806724634675,0.5406284198667782
BIH,2023,0.08758703649615018,0.03822402460473872,0.8741889388991111,0.6076417171950654,0.5131544119663036
BLR,1992,0.03045476608558269,0.2716554291731752,0.6978898047412421,0.20161362683902895,0.32192106608649046
BLR,1993,0.12754523282854063,0.0685805814060025,0.8038741857654568,0.6993529298900785,0.43326169087699196
BLR,1994,0.20232726760522746,0.0804700695329215,0.717202662861851,0.5691006170515047,0.4821538473862193
BLR,1995,0.07365237580534795,0.048657949661639964,0.877689674533012,0.7956474561875474,0.44075155497260665
BLR,1996,0.024997218403742423,0.06978033349832524,0.9052224480979323,0.5274923840525382,0.4207029974354569
BLR,1997,0.03300658398690488,0.07201836476294426,0.8949750512501509,0.6285474904733489,0.37727174027314064
BLR,1998,0.02128239957325347,0.7959013957573303,0.18281620466941625,0.05208717964027634,0.16173959793264117
BLR,1999,0.023249316443341345,0.7276582158019406,0.24909246775471805,0.06192324739059088,0.18745557183056985
BLR,2000,0.027790016785666196,0.5997088799025849,0.3725011033117489,0.08857391441589293,0.03769210589845683
BLR,2001,0.042201087003567915,0.6789693122294129,0.2788296007670192,0.11703499491507681,0.14761390156306192
BLR,2002,0.07543094393673862,0.6227607953095472,0.3018082607537142,0.21607515442152916,0.13297870182878915
BLR,2003,0.10598340363955511,0.5688341811538267,0.3251824152066182,0.31410978619356966,0.22383294056596964
BLR,2004,0.01547728794766956,0.5578590845506848,0.42666362750164566,0.05399025315706439,0.1532126008269588
BLR,2005,0.01597783424714966,0.4597620717682939,0.5242600939845564,0.06717046035079086,0.14194967571515893
BLR,2006,0.024443613021989354,0.4348688282932903,0.5406875586847203,0.10643566698081602,0.10912821938928971
BLR,2007,0.07802777937433732,0.46579306923157593,0.45617915139408677,0.2869613387363203,0.024347497376621563
BLR,2008,0.005090673311384245,0.4542199580940014,0.5406893685946144,0.022166581669611902,0.018857303175614085
BLR,2009,0.04048723489041713,0.45934312409516065,0.5001696410144223,0.1620039045750935,0.06292853624189078
BLR,2010,0.0450082767143915,0.5602700283533292,0.3947216949322794,0.14871927950351968,0.15892629084482662
BLR,2011,0.012773875821029195,0.4959664878408986,0.49125963633807224,0.05021766202737471,0.054305822407830086
BLR,2012,0.017128123401958153,0.46922526731153724,0.5136466092865046,0.07043488841243882,0.15321616455645667
BLR,2013,0.031816673597039484,0.5787102216660857,0.3894731047368749,0.1042269352714662,0.05823115165929584
BLR,2014,0.08800576392738838,0.5589341729184648,0.35306006315414684,0.27206780387205426,0.14876871727270785
BLR,2015,0.11867947924495463,0.5607533347308916,0.32056718602415374,0.3493486826180099,0.020580373075513726
BLR,2016,0.05622043932382686,0.6055596501459979,0.3382199105301752,0.16990671136348942,0.044562775797558546
BLR,2017,0.09371415610427991,0.5767518266280545,0.32953401726766557,0.27954932395635884,0.03997320091856905
BLR,2018,0.10425510008900567,0.5343068427941765,0.3614380571168178,0.32653089101515087,0.07600842482728022
BLR,2019,0.08136372836761227,0.5805039967751264,0.3381322748572613,0.24586099390196228,0.05216573221535875
BLR,2020,0.03936455099311998,0.632492824500853,0.32814262450602705,0.11718127218348326,0.09693274997710868
BLR,2021,0.02117930130203214,0.5685443862368885,0.4102763124610794,0.07182788058054508,-0.00565658840220006
BLR,2022,0.05265430231481633,0.7994370077982281,0.14790868988695557,0.1235884034724655,0.07977062913611287
BLR,2023,0.02669612293500384,0.9173116290656191,0.05599224799937706,0.05655911803356933,0.018633555049926
BOL,1990,0.3868050843999462,0.5057541355339601,0.10744078006609377,0.8667325949052187,-0.12553792817829015
BOL,1991,0.36880439053111835,0.231105427766913,0.40009018170196864,0.7704672292997922,0.019741028539686636
BOL,1992,0.44722999124021173,0.23073034684212806,0.32203966191766015,0.6806603097012007,0.236105980997708
BOL,1993,0.5744263469420906,0.23127393534497379,0.1942997177129356,0.5740942145098388,0.29953035053641097
BOL,1994,0.5672099687269051,0.24942357222111466,0.18336645905198018,0.6108580157791754,0.32127025109310686
BOL,1995,0.5000529167442473,0.2682587522735185,0.23168833098223418,0.6983071143940037,0.2947179213056535
BOL,1996,0.43797314722991487,0.3468174659909492,0.21520938677913598,0.883847131064867,0.26154489896045235
BOL,1997,0.3761648707877362,0.32170825544189824,0.30212687377036557,0.92196774270411,0.2779272367724419
BOL,1998,0.4101083699238117,0.4843181912903629,0.10557343878582537,0.9170308389927373,0.05343762591398446
BOL,1999,0.4865547966023067,0.4185803638557466,0.0948648395419467,0.9249013454386625,0.14790426871611154
BOL,2000,0.403898941335266,0.519733253242231,0.076367805422503,0.8745882694572467,0.17506302916462632
BOL,2001,0.22349125043162205,0.6951456090433792,0.0813631405249988,0.4865714849703435,0.12835772808184506
BOL,2002,0.16484734111876903,0.6155519154427497,0.21960074343848132,0.42246924182141155,0.10996125544276655
BOL,2003,0.1631456755717308,0.6653988698736777,0.17145545455459155,0.3938126838648779,0.19639615710448846
BOL,2004,0.16051322215133884,0.6838688114691376,0.15561796637952355,0.3801909935556127,0.18328506436694114
BOL,2005,0.13989442765628127,0.6927431999979984,0.16736237234572035,0.3360271575772864,0.15761523200875646
BOL,2006,0.09049734650837997,0.6801524187392405,0.22935023475237956,0.23485985616125354,0.16096380486228537
BOL,2007,0.10918175901971006,0.6473323402573221,0.24348590072296786,0.28864434681138224,0.04933396255057742
BOL,2008,0.08414863025863636,0.6776787833451182,0.23817258639624542,0.22091258139577571,0.04822379782006987
BOL,2009,0.114871012865843,0.6209093917229518,0.26421959541120515,0.3122426532411961,-0.06871051138535195
BOL,2010,0.12975730553551354,0.6347910976160441,0.2354515968484423,0.3394351619874917,-0.018090043729716773
BOL,2011,0.13482485966408395,0.6404812154747037,0.22469392486121237,0.34779776397327705,-0.1958774258129416
BOL,2012,0.17202176256032972,0.6806069700646757,0.14737126737499456,0.40350918513084305,-0.22484458549087918
BOL,2013,0.12181552060626451,0.7222866651156877,0.1558978142780478,0.28862742607893355,-0.3940586862380571
BOL,2014,0.18261119314425167,0.6756017077901001,0.14178709906564818,0.4255615196309438,-0.06980481259520809
BOL,2015,0.14179884993884428,0.7303462827821949,0.12785486727896084,0.32517259941918286,-0.43809635583040696
BOL,2016,0.16218939521277553,0.6058787590691295,0.23193184571809503,0.4223307379913761,-0.3826778568973527
BOL,2017,0.08150537242953292,0.6300625031684134,0.2884321244020537,0.22908671182223378,-0.46254669707009277
BOL,2018,0.06124755207797069,0.6630364769163091,0.27571597100572026,0.16912578388071678,-0.23461478317593054
BOL,2019,0.053692660696371484,0.7014186550785299,0.24488868422509869,0.1422112464074827,-0.1561888213257052
BOL,2020,0.05175557076199252,0.6892283624477612,0.2590160667902463,0.1396941780850782,-0.08441387790405105
BOL,2021,0.05871689962852313,0.6762395840091646,0.26504351636231227,0.15978333666206246,-0.3309878277657414
BOL,2022,0.07153174241934782,0.5973182956561631,0.33114996192448903,0.21389470986700349,0.0014086172730790928
BOL,2023,0.05036326639173353,0.7728348178141226,0.17680191579414392,0.12236001846461843,-0.03925696993988342
BRA,1990,0.342688106655576,0.2676838610508903,0.3896280322935337,0.877117152207167,-0.10793323119458446
BRA,1991,0.28990117201804955,0.2858851763022223,0.42421365167972813,0.9930251981007486,-0.0506787570388675
BRA,1992,0.28107308315012386,0.2759404904134018,0.44298642643647435,0.9907855158647463,0.09499086927809326
BRA,1993,0.43940198747471587,0.2365033067341099,0.3240947057911742,0.699811967032886,0.2818424689042088
BRA,1994,0.4555956832788502,0.20675986855907977,0.33764444816207007,0.6243168581749016,0.30306527358343005
BRA,1995,0.26021035817449834,0.260776493349402,0.47901314847609966,0.9989133407623481,0.29415530934793865
BRA,1996,0.26193706926813287,0.27425239858110095,0.46381053215076623,0.9770317582656605,0.2621327605949633
BRA,1997,0.3164645709154656,0.2756217553273175,0.4079136737572169,0.9310188163821896,0.24287927044787538
BRA,1998,0.24030469901081514,0.43306953482762833,0.32662576616155653,0.7137329791815862,0.10347589177161973
BRA,1999,0.2782885668888004,0.38284177443408657,0.33886965867711305,0.8418568911296965,0.1982480961976326
BRA,2000,0.29160876091734994,0.37998147749877054,0.32840976158387947,0.8684127440716842,0.22556618571290357
BRA,2001,0.301665705468628,0.4012489954371765,0.29708529909419557,0.8583280590941952,0.1785769256354397
BRA,2002,0.3097842689564553,0.39062108254274974,0.299594648500795,0.8845856711213518,0.1695655663736898
BRA,2003,0.27696074051040376,0.4142307360619442,0.308808523427652,0.8014009139229132,0.23193040736246548
BRA,2004,0.22552694316124836,0.4441753668298585,0.3302976900088932,0.6735140070346874,0.20941076618920768
BRA,2005,0.20569039795058508,0.4840105166897451,0.3102990853596698,0.5964625929424783,0.16166752362898898
BRA,2006,0.19191878284214886,0.4928545619158345,0.31522665524201665,0.5605322821377574,0.20599550134170536
BRA,2007,0.18826197044824866,0.4901516187516875,0.32158641080006384,0.5550064840837549,0.12446014593374194
BRA,2008,0.15887897510246463,0.5210191250070608,0.3201018998904745,0.4673611386084787,0.13413585486561222
BRA,2009,0.14859106397107316,0.5613438739676275,0.2900650620612993,0.4186047369425373,0.08329100508297017
BRA,2010,0.15713505425073496,0.5813287424563698,0.2615362032928953,0.4255728038433795,0.11163619586562878
BRA,2011,0.14203757389074126,0.5798462722533435,0.27811615385591526,0.39351919190166007,0.06616771506767329
BRA,2012,0.16871458640647352,0.577953831183721,0.25333158240980547,0.45191301100154935,0.08014878632282281
BRA,2013,0.13916179290953037,0.5958107703671449,0.2650274367233247,0.37868568124261776,-0.03202775590962959
BRA,2014,0.1571239551324378,0.5892804709513382,0.253595573916224,0.421015603985184,0.04574366789240389
BRA,2015,0.16211668515650965,0.6487344763040161,0.18914883853947423,0.39986792363841706,-0.12155610721403846
BRA,2016,0.1621483742630102,0.5979049523225217,0.23994667341446813,0.42667630965170966,-0.024378657672779233
BRA,2017,0.14453590621990703,0.6286785419424933,0.22678555183759963,0.37385723084561334,0.026057789194862364
BRA,2018,0.13732606197507705,0.627708058586343,0.23496587943857994,0.3590063718316259,0.14547162094829827
BRA,2019,0.15050993095940632,0.6295626225427478,0.21992744649784599,0.385887005724502,0.22118227419249947
BRA,2020,0.11886885849956526,0.6542380542133833,0.22689308728705138,0.3075094958921956,0.27778496155257887
BRA,2021,0.12669627188605784,0.654848775125704,0.21845495298823805,0.32422001104218146,0.14195565685056238
BRA,2022,0.18184938023250097,0.6296840459721917,0.18846657379530732,0.4481623907543968,0.3607469669199809
BRA,2023,0.15084886356969332,0.6581245550151148,0.19102658141519183,0.37293898687940435,0.14408812556699657
BWA,2000,0.8212583505547549,0.13166772752901018,0.04707392191623484,0.2763440534522473,0.045328320595389326
BWA,2001,0.8690225559109055,0.09747504257900586,0.033502401510088604,0.20170778019791083,0.02834876887259593
BWA,2002,0.8293913983775673,0.12651680210962582,0.04409179951280694,0.2647049205041752,0.0075135361476167915
BWA,2003,0.8010117002705766,0.10434438747192704,0.09464391225749641,0.23050463543490105,0.1258187700036177
BWA,2004,0.01978134503464372,0.1492817981630415,0.8309368568023148,0.23401132453231907,0.09429718617353708
BWA,2005,0.0247343454734723,0.1409658894813334,0.8342997650451943,0.29854327581633816,0.06544752742463326
BWA,2006,0.027790688204735774,0.13336241440906146,0.8388468973862028,0.3448979604362449,0.11627762464935874
BWA,2007,0.6695975516236873,0.20050811727981857,0.12989433109649412,0.46088222257532446,0.05408329288485418
BWA,2008,0.040836800494267134,0.3153435292151159,0.643819670290617,0.2293040748633534,0.14502706500433787
BWA,2009,0.5812727434465584,0.2540168648241088,0.16471039172933286,0.6082126781153422,0.11513740513201169
BWA,2010,0.6233343515098722,0.21312318253692283,0.163542465953205,0.5095851824200314,0.13591571145808823
BWA,2011,0.6853286450618276,0.222895929101208,0.09177542583696444,0.4908387978966883,0.1331455184383048
BWA,2012,0.6666925650150451,0.21537506222090114,0.11793237276405369,0.4883413823853893,0.11656759407576958
BWA,2013,0.45124801951638877,0.357394698042935,0.19135728244067624,0.883937220436826,0.028198767278953058
BWA,2014,0.1819338093043069,0.49950802148755846,0.3185581692081347,0.5339672473375807,0.10381913457161522
BWA,2015,0.16113045146570323,0.5789582280011836,0.2599113205331132,0.4354355253258878,-0.0932799584567241
BWA,2016,0.14959148467841873,0.598874571318348,0.2515339440032333,0.3997281733216368,0.008538344272336807
BWA,2017,0.10830551075483838,0.6078613808639048,0.28383310838125675,0.3024588598616637,-0.01867190939829562
BWA,2018,0.10251216824500428,0.5755240198971285,0.32196381185786715,0.3023796370689148,0.056212512929325026
BWA,2019,0.09605756624534968,0.642400852297886,0.2615415814567643,0.2601570077157314,0.00223250147429026
BWA,2020,0.07115749791172629,0.6791228020324296,0.2497197000558441,0.18968243712922386,0.09080112007016489
BWA,2021,0.07966019443459048,0.6564492848341708,0.26389052073123875,0.21643572506014613,-0.012968787211220245
BWA,2022,0.09102057401171794,0.6971251911272527,0.2118542348610294,0.2309739594824027,0.22777016496424046
BWA,2023,0.06455145511187084,0.7203605333561196,0.2150880115320096,0.16448074703984042,0.13495695256549436
CAF,1990,0.05998828814691086,0.8349159208199461,0.10509579103314287,0.13406638955506922,0.04518486439660427
CAF,1991,0.47659405952720724,0.3650730816691645,0.15833285880362827,0.8674999029907199,0.06790356881974495
CAF,1992,0.5123113916452229,0.4215282787870669,0.06616032956771031,0.9027851185459588,0.12231975773334237
CAF,1993,0.7404635258293406,0.2558291835460524,0.0037072906246069497,0.5135622917615038,0.32204488199721126
CAF,1994,0.6789306452512018,0.2374052041963217,0.08366415055247646,0.5181619912381641,0.3496061020890768
CAF,1995,0.784133966757175,0.20289451234553577,0.012971520897289307,0.41112190102150525,
CAF,1996,0.767170607766617,0.2176785862340827,0.015150805999300292,0.4420546568146514,
CAF,1997,0.7979166285322329,0.17169761862371305,0.030385752844054117,0.3541565506640053,
CAF,1998,0.018778732743434928,0.1270894336869192,0.8541318335696458,0.2574754067728819,-0.04315055909730094
CAF,1999,0.012344014446897195,0.12489452895998579,0.862761456593117,0.1798913649250827,
CAF,2000,0.06632172361961314,0.09346136278637243,0.8402169135940144,0.830146983781491,
CAF,2001,0.03746197564954121,0.07210075170794449,0.8904372726425143,0.6838452556462703,
CAF,2002,0.005747534566987865,0.045688066915786606,0.9485643985172255,0.22348468381040265,
CAF,2003,0.034834011951753105,0.05326079431967909,0.9119051937285678,0.7908300937611402,0.11879025039273057
CAF,2004,0.0,0.49343545222192975,0.5065645477780703,0.0,0.09930888929107325
CAF,2005,0.05689369268306866,0.1664859589345691,0.7766203483823623,0.5093901102545763,0.13815701057704824
CAF,2006,0.12567275850680845,0.10474825351091316,0.7695789879822784,0.9091901176343848,0.13017294692357445
CAF,2007,0.17635406730127182,0.184136311558676,0.6395096211400522,0.9784120611428921,0.012837799932234646
CAF,2008,0.05839549158716967,0.30440831145755964,0.6371961969552706,0.3219122351921444,0.03314280854323282
CAF,2009,0.016489513119801333,0.18955167157835992,0.7939588153018388,0.16006036020378686,0.0130901854589757
CAF,2010,0.24181837565458317,0.21950239050056083,0.5386792338448559,0.9516258820516279,0.07649271875628993
CAF,2011,0.03591626943006785,0.38157969097162425,0.5825040395983079,0.17205565004993653,0.17443489952257007
CAF,2012,0.1011130471718343,0.34514147464874306,0.5537454781794227,0.45316312654637103,0.1013489724910424
CAF,2013,0.00048285170534480515,0.39870813672636557,0.6008090115682896,0.0024191513302530706,0.03567508284740122
CAF,2014,0.0009506556162023908,0.4480463838252118,0.5510029605585858,0.004234574096012202,0.2490210183771304
CAF,2015,0.0011537231173717084,0.3150993004008675,0.6837469764817609,0.007296202923449173,0.014043732817671175
CAF,2016,0.0,0.5637578572367345,0.4362421427632655,0.0,0.05922529156671571
CAF,2017,0.004322581994143817,0.3563878416851352,0.639289576320721,0.02396704786101321,0.0933017597258516
CAF,2018,0.008991877378511315,0.5764688724724735,0.41453925014901516,0.030717268000630224,0.11603654593335955
CAF,2019,0.010079203442962033,0.8889064206187914,0.10101437593824657,0.02242350305319158,0.1241912114277821
CAF,2020,0.0021991097833965823,0.6048061041028788,0.39299478611372457,0.00724576900852978,0.15980165459559895
CAF,2021,0.0016235817094391659,0.6855841065502076,0.31279231174035316,0.004725155836224376,-0.10020002820291418
CAF,2022,0.10729912323318963,0.734751885994977,0.15794899077183333,0.25485183690128516,0.14896738415275032
CAF,2023,0.06087373283735865,0.8279430799514559,0.11118318721118542,0.13697700574847796,0.13720998819844246
CHL,1990,0.3270334481193775,0.1921064573823443,0.4808600944982782,0.7400951279084714,-0.03269792828472505
CHL,1991,0.3017111032710045,0.20383297212842094,0.4944559246005746,0.8063905089477096,0.004499436515518553
CHL,1992,0.2932803633085317,0.207276168828011,0.49944346786345734,0.8281828545650457,0.15229090097744236
CHL,1993,0.4269064948254085,0.19962380581702116,0.37346969935757035,0.637235918557591,0.29732958569791906
CHL,1994,0.4042270710349414,0.23041784597747733,0.3653550829875813,0.7261315415938911,0.3547025752252721
CHL,1995,0.26891640365784575,0.23469153785978258,0.49639205848237167,0.932040655087912,0.30016889203861113
CHL,1996,0.2722272616313261,0.260322004371803,0.4674507339968709,0.9776447776393083,0.2897590888277325
CHL,1997,0.27796119569766925,0.2708875148439926,0.45115128945833816,0.9871117837797312,0.27873393312992584
CHL,1998,0.25035304943118036,0.3374087556258933,0.41223819494292635,0.8518860779218896,0.0882287419368152
CHL,1999,0.27474723275306673,0.30003658366814406,0.42521618357878926,0.9560019781479984,0.18126472420123987
CHL,2000,0.24676316044705868,0.3361823150520028,0.4170545245009385,0.8466080304879421,0.20819386338187468
CHL,2001,0.27585907219493505,0.34007103854858123,0.38406988925648367,0.8957479668007575,0.22619380844728182
CHL,2002,0.2578619753175433,0.34054339858442384,0.40159462609803287,0.8618304131733521,0.134752370970343
CHL,2003,0.21818860327291428,0.3591060269652411,0.42270536976184464,0.7559003387331125,0.23890406005586404
CHL,2004,0.15925326302019238,0.3566523786877797,0.4840943582920279,0.6173736053475357,0.2586614690894055
CHL,2005,0.16772649350740196,0.3607870857656598,0.47148642072693825,0.6347102518656172,0.18969063016522084
CHL,2006,0.16756840314542967,0.33981553665015074,0.49261606020441956,0.6605191453751619,0.23191261083701703
CHL,2007,0.14200142970213273,0.41093791202955215,0.4470606582683151,0.5136238968181043,0.1842680895037895
CHL,2008,0.15070384326118674,0.42778045693404654,0.4215156998047667,0.52103002003797,0.19363560500752475
CHL,2009,0.15323412169823244,0.4910313505943173,0.35573452770745023,0.4756862761959452,0.1701384342627878
CHL,2010,0.14815848357673833,0.5034071365672877,0.3484343798559739,0.45477686052247035,0.2098809661905115
CHL,2011,0.14367237505583494,0.4803146607730082,0.3760129641711568,0.4604979488556029,0.19796174894385754
CHL,2012,0.17055524429772703,0.48796919161572677,0.34147556408654617,0.5179921503175386,0.17363002696800983
CHL,2013,0.16142298788485146,0.5136361190807817,0.3249408930343669,0.4782484562290911,0.09792803921844964
CHL,2014,0.15507301146556457,0.5096121317468615,0.3353148567875739,0.4666059202590148,0.15376655228818206
CHL,2015,0.16922212985499446,0.6355039701541885,0.19527389999081712,0.42057075035360086,-0.034820390843712246
CHL,2016,0.17195306209867606,0.5280263974279714,0.3000205404733525,0.49130887987758154,0.06381569955942927
CHL,2017,0.16084172978675823,0.5213194978009861,0.31783877241225567,0.4715651470123158,0.004184312937751517
CHL,2018,0.1549453745490418,0.5512149787929733,0.29383964665798484,0.438839064854713,0.12122074961980296
CHL,2019,0.15650610024963124,0.5519684433314453,0.2915254564189234,0.44181149955946425,0.04402120745262887
CHL,2020,0.14620340067651635,0.5770772277408811,0.2767193715826025,0.4042784914519899,0.12957208414373292
CHL,2021,0.17165780138201606,0.573873283791497,0.254468914826487,0.46049803903767433,0.04399144088467741
CHL,2022,0.18907618122495484,0.5452126281597756,0.26571119061526954,0.5149913189699407,0.3136972538903544
CHL,2023,0.191835464010822,0.5846755766932182,0.22348895929595983,0.4940959083772725,0.2469385766118911
CHN,1990,0.21626705444319072,0.2806202889795205,0.5031126565772888,0.8704872736482979,0.0
CHN,1991,0.2112322806085629,0.31887955859922046,0.4698881607922166,0.7969347786091153,0.0
CHN,1992,0.22699212512703407,0.2319312341679154,0.5410766407050506,0.9892376168245841,0.0
CHN,1993,0.4107457157415929,0.1784258557675165,0.41082842849089063,0.6056838598321874,0.0
CHN,1994,0.41477190037632367,0.17913683528922902,0.4060912643344473,0.6032470126524834,0.0
CHN,1995,0.27533249145154615,0.19944046805689625,0.5252270404915576,0.8401509145061148,0.0
CHN,1996,0.2826402609075819,0.18792700466704068,0.5294327344253774,0.798725361559342,0.0
CHN,1997,0.3245018776032685,0.19769046755962688,0.47780765483710463,0.7571557468846399,0.0
CHN,1998,0.3083651975808125,0.2147184827317904,0.47691631968739706,0.8209718284595356,0.0
CHN,1999,0.31096149391888017,0.20235174591825122,0.4866867601628686,0.788414286693463,0.0
CHN,2000,0.3000049248632515,0.2119263108222002,0.4880687643145483,0.8279483495022174,0.0
CHN,2001,0.29118561411835925,0.21983220095706832,0.4889821849245724,0.8603700085274738,0.0
CHN,2002,0.30502720450923054,0.2286786008913675,0.4662941945994019,0.8569462748104153,0.0
CHN,2003,0.2978536973482934,0.23055767738211602,0.47158862526959056,0.8726446416856352,0.0
CHN,2004,0.26566955770490436,0.24034217280948236,0.4939882694856133,0.9499470400228164,0.0
CHN,2005,0.2670995679403469,0.24841273757424423,0.48448769448540885,0.9637509518857184,0.0
CHN,2006,0.27869755722266226,0.2655806149271579,0.45572182785017984,0.9759002970049407,0.0
CHN,2007,0.26677486956298757,0.3001984344188219,0.43302669601819055,0.9410491382555347,0.0
CHN,2008,0.23075582672044803,0.3351136321654209,0.4341305411141311,0.8155797175369012,0.0
CHN,2009,0.27093411483799246,0.33476735485080006,0.3942985303112075,0.8946127041005778,0.0
CHN,2010,0.2852853850457287,0.3478722498968242,0.3668423650574472,0.901151211961972,0.0
CHN,2011,0.25247785140073237,0.3613871513154283,0.3861349972838394,0.8225842824842492,0.0
CHN,2012,0.2740735087576327,0.3847499262638164,0.34117656497855087,0.8320089850741567,0.0
CHN,2013,0.2568615086298445,0.4131033495088469,0.3300351418613085,0.76679099063035,0.0
CHN,2014,0.2553040605149383,0.41249473882986465,0.33220120065519704,0.764613715284977,0.0
CHN,2015,0.2687155939620978,0.5032760976113736,0.22800830842652856,0.696161880743567,0.0
CHN,2016,0.26917628738940924,0.4044602489743192,0.3263634636362716,0.7991736577781706,0.0
CHN,2017,0.2565585781784126,0.39951373876347007,0.34392768305811733,0.7821045685155452,0.0
CHN,2018,0.25524689014438884,0.40095769029881473,0.3437954195567964,0.7779491266945865,0.0
CHN,2019,0.22711847150949704,0.4343233646061883,0.33855816388431464,0.6867375454907704,0.0
CHN,2020,0.2377224672028462,0.41158933464052166,0.35068819815663216,0.7322290047030178,0.0
CHN,2021,0.23218319697056516,0.423835045062821,0.3439817579666139,0.7078559164784592,0.0
CHN,2022,0.3157595565552461,0.4224046978566944,0.26183574558805944,0.8555265434975483,0.0
CHN,2023,0.23492694179201587,0.47361571223130955,0.29145734597667444,0.663127168020239,0.0
CIV,1990,0.1865298059575632,0.37692478515123257,0.4365454088912043,0.6620934815368172,0.07262814370189766
CIV,1991,0.24558515610206663,0.3702128537436918,0.3842019901542415,0.7976159460586091,0.19576488711722656
CIV,1992,0.27750507281431985,0.3682197642041346,0.3542751629815456,0.8595149416759662,0.1911277302146749
CIV,1993,0.5956346002854734,0.3064540439783407,0.09791135573618588,0.6794322175032697,0.2519431634521297
CIV,1994,0.5833445535880882,0.3137105428541134,0.1029449035577984,0.6994231326443975,0.3575629988334291
CIV,1995,0.30107560596994437,0.27497906366038893,0.4239453303696667,0.9546978026819883,0.28284659209527696
CIV,1996,0.25304585399671414,0.23532071579565414,0.5116334302076317,0.9637052589234437,0.1930688796159398
CIV,1997,0.46703505227594394,0.32800158654065664,0.2049633611833994,0.8251231969104764,0.11151987731951103
CIV,1998,0.12211084298431651,0.36144552814101877,0.5164436288746648,0.5050531862506099,-0.08726205466774269
CIV,1999,0.12422563094728266,0.40805977557151507,0.46771459348120237,0.466763241771858,-0.031455094744751784
CIV,2000,0.12139075267556489,0.43082460729301425,0.4477846400314209,0.43965004045694045,0.056587267140681886
CIV,2001,0.10468471546636039,0.41989474229479035,0.4754205422388492,0.3991186231849169,-0.05193208579205178
CIV,2002,0.11100210574117485,0.3862647622030751,0.5027331320557501,0.44644883018274856,-0.021803203334357823
CIV,2003,0.10753375712354353,0.3457790205196393,0.5466872223568172,0.47443514688741834,0.047862690893205107
CIV,2004,0.10709229579807442,0.36386774977674124,0.5290399544251844,0.45478293457937075,0.16039908343944057
CIV,2005,0.14657984695571427,0.43045900371421236,0.4229611493300734,0.5080415184715518,0.10270572060968637
CIV,2006,0.09780714679292232,0.3778437318408794,0.5243491213661983,0.41125603330682775,0.1808716495744222
CIV,2007,0.11008581150489763,0.4001854407649382,0.48972874773016417,0.43147957489356387,0.17759797533420543
CIV,2008,0.10154746132033894,0.4012817263772238,0.49717081230243726,0.4039044025479953,0.14672852076949197
CIV,2009,0.12279698765696556,0.37000584359687466,0.5071971687461597,0.49836153475227685,0.16785394922732913
CIV,2010,0.22756414436083788,0.41489452273605126,0.35754133290311085,0.7084164507863008,0.28247497499843205
CIV,2011,0.19002350743706617,0.4152730242853816,0.39470346827755226,0.6278691433976344,0.19993745641778632
CIV,2012,0.19608667980669872,0.4693340212622227,0.33457929893107863,0.5893615256985788,0.12827408239076044
CIV,2013,0.11869545069156566,0.5471680518491305,0.3341364974593038,0.3565158632021921,0.07180765360398284
CIV,2014,0.1337376208933061,0.47651245122925834,0.3897499278774355,0.43830431818923515,0.22225096182427792
CIV,2015,0.11154587572428304,0.48198699881198687,0.4064671254637301,0.37587092648047293,0.0291295615856941
CIV,2016,0.1431011744163995,0.41660147483219623,0.4402973507514043,0.5113471398018705,0.08630469503132705
CIV,2017,0.12584705049944417,0.41663985772648965,0.4575130917740662,0.46396345641222975,-0.0199000675798006
CIV,2018,0.11823875668326864,0.4621775183131188,0.4195837250036125,0.40742743364322287,0.1433366308856604
CIV,2019,0.08907762226167408,0.4615041903541954,0.44941818738413053,0.3235763340545426,0.06362467801494123
CIV,2020,0.1001616559241084,0.4528585713732984,0.4469797727025932,0.3622350539096749,0.1151089508950798
CIV,2021,0.09047780339481204,0.5168236382543044,0.3926985583508835,0.2979667005206546,0.0540559419428386
CIV,2022,0.186296113881215,0.551782457587704,0.261921428531081,0.5048137720905506,0.28889535700424807
CIV,2023,0.12403862153591494,0.48490901019271615,0.3910523682713689,0.4073868262983606,0.21326424779423267
CMR,1990,0.5246780417040848,0.10850562008427657,0.36681633821163856,0.34273032180841095,-0.007793235677695225
CMR,1991,0.47977446074336616,0.1289024380723381,0.39132310118429575,0.4235496314157547,0.008154425208169527
CMR,1992,0.40348433039717063,0.07603116741306232,0.520484502189767,0.3171166219247056,0.1124238217757422
CMR,1993,0.6009706032726748,0.1406211536328642,0.2584082430944609,0.3792414150330853,0.20119153385139674
CMR,1994,0.643025858423327,0.08718100601629392,0.2697931355603791,0.23878440552102673,0.27483027384271486
CMR,1995,0.34562283393940324,0.11272379616606455,0.5416533698945323,0.49187138624811644,0.2437054137427397
CMR,1996,0.23000042008569746,0.15599415614118609,0.6140054237731164,0.8082712335807245,0.17221674998833691
CMR,1997,0.26226804535890785,0.16774999625174308,0.5699819583893491,0.780199805679912,0.15532713017217178
CMR,1998,0.03916436858804135,0.16647703748484646,0.7943585939271123,0.3808996382193563,0.017307127991620954
CMR,1999,0.049577669580054745,0.16720408776399948,0.7832182426559458,0.4573970631797218,0.028282694761799936
CMR,2000,0.03762722870425855,0.195776525591026,0.7665962457047154,0.3224217949524108,-0.0177921563699714
CMR,2001,0.04200508738700116,0.19882116422889953,0.7591737483840993,0.3488414332337492,-0.011841990227256197
CMR,2002,0.08579364555961395,0.18275143627399934,0.7314549181663867,0.6389515307732984,0.03645452682794362
CMR,2003,0.10027993646778433,0.22703400856282416,0.6726860549693915,0.6127446629773549,0.22322075657534196
CMR,2004,0.07098579403067823,0.22621918393441673,0.7027950220349051,0.47768913237392086,0.24975889516460129
CMR,2005,0.04041381833451222,0.20416175549097684,0.7554244261745109,0.33048123083091296,0.1945512919534548
CMR,2006,0.06607054097484558,0.15466557888354038,0.7792638801416141,0.5986382384290652,0.23555742142270047
CMR,2007,0.06804437072883618,0.27403707408540456,0.6579185551857593,0.39782555739488334,0.20306173503460911
CMR,2008,0.022446693348794025,0.3950200105409703,0.5825332961102356,0.1075376461866107,0.23124010645645546
CMR,2009,0.027927304294023073,0.34181491938822184,0.630257776317755,0.15106364653674878,0.24945825387692122
CMR,2010,0.13980822014733865,0.30841391540210855,0.5517778644505528,0.6238345189086058,0.3152996585132228
CMR,2011,0.063272669870718,0.41849300491231844,0.5182343252169636,0.2626698961033822,0.26088062659996913
CMR,2012,0.15057591310192342,0.39597927265016647,0.4534448142479101,0.550999851532733,0.32018642853757556
CMR,2013,0.04943992575945726,0.29574639515310835,0.6548136790874344,0.2864535629844973,0.21019588179988724
CMR,2014,0.07507204607818102,0.43814312490020835,0.4867848290216107,0.29255583358950304,0.25240217423278116
CMR,2015,0.04580163337451889,0.49511687826715434,0.45908148835832674,0.16934762774345494,0.07281484631379624
CMR,2016,0.05725013783393912,0.40278276065598145,0.5399671015100794,0.24889584210983765,0.15217819507836708
CMR,2017,0.02996021252068584,0.4130275622468887,0.5570122252324254,0.13526428595644777,0.1527598167585199
CMR,2018,0.03525023337539422,0.5186579335507803,0.4460918330738255,0.12727825831133632,0.14918154863786517
CMR,2019,0.06913653186335235,0.5095026152915515,0.42136085284509617,0.23896251127594118,0.13169026663116756
CMR,2020,0.0340494835712973,0.5139493868354648,0.45200112959323796,0.1242684443711479,0.18948207889556573
CMR,2021,0.03201792038655884,0.5764591329289389,0.3915229466845023,0.10523953273865669,0.08569814906647526
CMR,2022,0.14726319263184065,0.38830727472480886,0.4644295326433505,0.5499302206063371,0.24906479917070923
CMR,2023,0.17254101287619117,0.42073712227754156,0.40672186484626727,0.5816530313610213,0.18350166192771494
COD,1990,0.37093586299851133,0.22502914740184254,0.4040349895996461,0.7551757015086298,0.004494304770237209
COD,1991,0.3939782155008563,0.13338085735667474,0.47264092714246897,0.5058445534422741,0.002162889892406936
COD,1992,0.3044880977487581,0.3392690124363244,0.35624288981491753,0.9459719913966206,0.19165802114965366
COD,1993,0.6694752804930806,0.08059188237736162,0.24993283712955774,0.21489244261525448,0.28105786749118233
COD,1994,0.5251126416061002,0.23586857527793986,0.23901878311595992,0.6199064314458159,0.3087086182480019
COD,1995,0.33880850492170816,0.1814834797227649,0.4797080153555268,0.6976216627545263,0.15407571443855908
COD,1996,0.3482391351392846,0.2316557264140098,0.42010513844670566,0.7989576793058712,0.2635487315140753
COD,1997,0.241859059267616,0.12549928984898007,0.6326416508834041,0.6832526885575032,0.148177199455228
COD,1998,0.16640952007730817,0.03285453917690358,0.8007359407457882,0.32975880647888733,-0.03664081186723177
COD,1999,0.20300115861553764,0.014019363993308522,0.7829794773911538,0.12919850919884446,-0.2566898565488603
COD,2000,0.002221959301004495,0.9792381744627018,0.018539866236293685,0.004527864606142929,-0.2002672031726866
COD,2001,0.0020745905472779693,0.9798322281843387,0.018093181268383315,0.004225636298071201,-0.22236983114782127
COD,2002,0.0021416597940089313,0.9265683006872208,0.07129003951877026,0.004612117636596009,-0.19959022701416065
COD,2003,0.0019445157251401285,0.9325444774268113,0.06551100684804856,0.004161666406752301,-0.009094256458924978
COD,2004,0.0007432625846040936,0.9368151315272614,0.06244160588813454,0.0015855280892838142,0.028398555958022816
COD,2005,0.0004975876948976894,0.9568620309099267,0.04264038139517556,0.0010395000692066622,0.08138186829555709
COD,2006,0.0007568985392788847,0.9631139327820225,0.036129168678698566,0.001570539360012185,-0.09161128294905421
COD,2007,0.001089495643612367,0.9623289038889733,0.03658160046741428,0.0022617289521166487,0.04729441578991543
COD,2008,0.0004129500742456428,0.9754617489304132,0.024125300995341253,0.0008463178206522421,0.006866694006327826
COD,2009,0.0007966388046542924,0.9764998651824061,0.02270349601293968,0.0016302909125414003,0.052020943392280104
COD,2010,0.0007494326227576515,0.9819191096234731,0.0173314577537693,0.0015253009342184958,0.1609264458470075
COD,2011,0.0005922030415741932,0.9826763606329512,0.016731436325474625,0.0012045601038257543,-1.4073463355256555e-05
COD,2012,0.0009893386879451422,0.9762742068521587,0.0227364544598962,0.002024712151517664,0.06917498225051556
COD,2013,0.001298943321410404,0.9623733788816667,0.0363276777969228,0.0026958195052045383,-0.050241418246645166
COD,2014,0.002004176403041575,0.9418876727154326,0.056108150881525806,0.0042466229683269935,0.006303464330062928
COD,2015,0.0019327094141734409,0.9765766433347599,0.02149064725106664,0.003950313624992682,-0.2278117057187301
COD,2016,0.07562348213698669,0.8060877734974023,0.11828874436561095,0.17153797607489038,-0.017139733264742094
COD,2017,0.05053527430923379,0.8648061103316412,0.08465861535912493,0.11041841908865685,-0.044916801205918726
COD,2018,0.03563496777993132,0.9236023011377095,0.040762731082359234,0.07429854726170132,0.08466512493277814
COD,2019,0.0219456347127564,0.9242851532519799,0.05376921203526368,0.04638537446019831,-0.05048538766352111
COD,2020,0.001859415866157771,0.9619201366374546,0.036220447496387705,0.003858591648531165,0.13777418851982084
COD,2021,0.0005910961194373872,0.9730349457911748,0.026373958089387847,0.0012142159186240321,
COD,2022,0.0008326595385081941,0.9709815619773153,0.028185778484176457,0.001713618755670034,0.20660592640877
COD,2023,0.0004581565362490303,0.9691109341707025,0.030430909293048505,0.0009450724876449394,0.24483847862154898
COG,1990,0.6833662010305614,0.020483997111135247,0.29614980185830325,0.05820555898177492,-0.11873184547355219
COG,1991,0.5841607565011823,0.057493314730845214,0.3583459287679725,0.17920345964751203,0.06704511895879284
COG,1992,0.5192345409206802,0.056782522204477257,0.42398293687484256,0.19715569499419328,0.1945640011653365
COG,1993,0.9281173841670222,0.020494500329040113,0.05138811550393761,0.04320945302077372,0.26122275120028376
COG,1994,0.877082121704865,0.04155579029826837,0.0813620879968666,0.09047262203157717,0.24558492758364675
COG,1995,0.4322319644020105,0.03565894457223703,0.5321090910257524,0.15242418216849637,0.2743721452021042
COG,1996,0.47446773752347193,0.11268754194081428,0.4128447205357137,0.3838423867826892,0.18289631741875056
COG,1997,0.2824096552542626,0.14110002073542022,0.5764903240103173,0.6663367036688794,0.11133064522827336
COG,1998,0.24881590464016634,0.08796157033658199,0.6632225250232516,0.522372052006477,-0.04180388875586542
COG,1999,0.35554553919422016,0.1393440574738424,0.5051104033319376,0.5631318920906906,-0.042620113796122266
COG,2000,0.32815134606985447,0.3246028152503163,0.34724583867982917,0.9945637561124675,-0.049698327006937555
COG,2001,0.34759009373757127,0.45748196151212683,0.1949279447503019,0.8635005810250463,-0.10947943406867812
COG,2002,0.17475209858917376,0.38479687867194484,0.4404510227388814,0.6246177035102474,-0.10047881395603046
COG,2003,0.13400623710561266,0.48338211586489616,0.3826116470294912,0.43410678695460847,0.058063447490867594
COG,2004,0.029709394783622754,0.6644847271019975,0.30580587811437976,0.08559391054169098,0.0039340729260854655
COG,2005,0.04034946995074947,0.7448165548260837,0.21483397522316683,0.1027794598275389,-0.02819438222579231
COG,2006,0.06965015734760689,0.7398853108596462,0.190464531792747,0.1720743811308226,0.05563659131408119
COG,2007,0.12539470464799388,0.7164316155592637,0.15817367979274238,0.2979111050296496,0.01096584204180858
COG,2008,0.18503294927324762,0.5952805889140879,0.21968646181266455,0.4742528233024849,-0.003626964674248559
COG,2009,0.14066679123058712,0.5560618293537976,0.30327137941561527,0.4037921999317385,-0.009139102114331433
COG,2010,0.2783830015840746,0.5720571939806613,0.14955980443526407,0.6546797835660013,0.10640621766321703
COG,2011,0.20964717564388619,0.5259660941250479,0.26438673023106585,0.5699929141021046,0.037202212768174314
COG,2012,0.21518462418408418,0.4608786907510174,0.3239366850648984,0.636581277020602,0.08530932781225728
COG,2013,0.10951571167269565,0.6339608119883332,0.2565234763389712,0.2946043571985787,-0.05104946361296382
COG,2014,0.05899786527119106,0.6955965765906055,0.24540555813820342,0.15636973186716494,0.03704003521662381
COG,2015,0.041034870850529606,0.7175192392277687,0.24144588992170163,0.10819233672412365,-0.1943404242974951
COG,2016,0.02475903918364897,0.534422443813239,0.440818517003112,0.08855457462917013,-0.09309958576898283
COG,2017,0.05839907956679019,0.7021264297944736,0.2394744906387362,0.15357559699959925,-0.12389875144181273
COG,2018,0.030434248338040846,0.8111044941440075,0.15846125751795168,0.07232999932546794,-0.037659935820903274
COG,2019,0.057251838457650674,0.8146256639382722,0.12812249760407718,0.1313300051906888,-0.12672894115327327
COG,2020,0.04742410416877527,0.8117669603618475,0.14080893546937726,0.11039245198548038,0.0033885842139087107
COG,2021,0.020748615701821765,0.8717544775061717,0.10749690679200652,0.046495336228456974,-0.12237191337455597
COG,2022,0.016791739369071804,0.7900088931518734,0.1931993674790548,0.04162549877186884,0.1709396482176855
COG,2023,0.0767350889417562,0.7402247386776647,0.18304017238057907,0.18785523191601308,0.07311245895168056
COL,1990,0.5334266922199468,0.18303697610955286,0.28353633167050046,0.5109455906852061,-0.13960546973767196
COL,1991,0.47624079706400985,0.24242795561876757,0.2813312473172226,0.6746584005879994,-0.08751912046510844
COL,1992,0.4707207589303475,0.25230143243779257,0.27697780863185995,0.6979078524834065,0.06106683726449612
COL,1993,0.6047451197462647,0.2342513168790351,0.16100356337470023,0.5584083713663088,0.21209414589561998
COL,1994,0.6304766609328912,0.20721828957788907,0.16230504948921967,0.49473448407809734,0.22203332842870446
COL,1995,0.421898894266836,0.2559999487449078,0.3221011569882562,0.7552747770082058,0.20608653704373026
COL,1996,0.47818535645703797,0.2941026936969913,0.22771194984597062,0.7616398923648603,0.14405513093231606
COL,1997,0.46762277217640497,0.2922159350927189,0.24016129273087616,0.7691525380246791,0.09560691553827083
COL,1998,0.42426769452631924,0.312962380670182,0.26276992480349876,0.8490222827297571,-0.0691518756912872
COL,1999,0.5363780765916377,0.26655055249384646,0.1970713709145159,0.6639458174444245,0.07075111698060153
COL,2000,0.5339662797279942,0.3075512327747168,0.158482487497289,0.7309443432972549,0.13801760148163375
COL,2001,0.4751123391499533,0.37172424417388794,0.15316341667615876,0.8779125783982239,0.08184601027423685
COL,2002,0.4778647603650835,0.342608288204219,0.17952695143069747,0.8351481838474553,0.09365100022400938
COL,2003,0.5026224209545679,0.31025644668033825,0.18712113236509384,0.7633522263484056,0.15976903778869397
COL,2004,0.44048643867687776,0.3639723575948486,0.19554120372827366,0.9048875076801515,0.10398301853677784
COL,2005,0.4407318207258054,0.3689108836143195,0.1903572956598751,0.9112930472583937,0.06575835096910299
COL,2006,0.43135765768881884,0.35431517722319394,0.2143271650879872,0.9019407607821227,0.15738343579817132
COL,2007,0.3827056514929258,0.41184104975852637,0.20545329874854787,0.963330791985278,0.12411233005223261
COL,2008,0.41188964913344533,0.41168515372744013,0.17642519713911453,0.9997516978357098,0.13768641580588398
COL,2009,0.4465965495432088,0.3716061144885807,0.18179733596821043,0.9083473589720377,0.1538787301436958
COL,2010,0.4868418676505814,0.35834711503589084,0.15481101731352773,0.847969205412186,0.2171781329594041
COL,2011,0.4504236322219096,0.36054535899556484,0.18903100878252554,0.8891717510784053,0.2109500186504252
COL,2012,0.42694256638564876,0.3994592139390495,0.17359821967530173,0.9667433528086049,0.2394066074775934
COL,2013,0.3701768044519132,0.46113361546573767,0.16868958008234908,0.8905862252721016,0.12460317395113518
COL,2014,0.3222971918939899,0.47035323036053006,0.20734957774548005,0.81321395370556,0.20077876490694574
COL,2015,0.33491878397621133,0.5013337561472956,0.16374745987649308,0.8009991429783804,0.017832455483494762
COL,2016,0.38338534421221465,0.38606855392286404,0.23054610186492128,0.9965128388885252,0.09134709705598623
COL,2017,0.3193665966308956,0.4448421368188373,0.23579126655026708,0.8358098583596009,0.040976636388640825
COL,2018,0.29646590639400605,0.4904854327070537,0.21304866089894028,0.7534542268716671,0.13576294287725257
COL,2019,0.3379955087303877,0.5063755166522113,0.1556289746174011,0.800585284359411,0.1449700962355615
COL,2020,0.33699702702066736,0.45098810974309345,0.21201486323623922,0.8553385369797898,0.19941997710078235
COL,2021,0.3083794442219081,0.4902331496972097,0.20138740608088218,0.7722879568141153,0.0834476282646184
COL,2022,0.3553500404854578,0.3932504702186464,0.2513994892958958,0.9493716218580441,0.2960880555140676
COL,2023,0.33475252070516043,0.4678171312128003,0.19743034808203933,0.834201791471126,0.1795529041056423
CRI,1990,0.5229251391469353,0.18689000527043373,0.29018485558263096,0.5265878214639585,0.13803812430291648
CRI,1991,0.5350003315694644,0.20240894790086295,0.26259072052967264,0.5489731511007049,0.11055304783594098
CRI,1992,0.5427033633748312,0.2321281718987314,0.22516846472643742,0.5991706876431561,0.2473018859317613
CRI,1993,0.7386641921036933,0.12428776733478757,0.13704804056151929,0.2880525757555753,0.3386018562357282
CRI,1994,0.7143493643515532,0.14733196142786428,0.1383186742205825,0.34196391872505294,0.3591122846618483
CRI,1995,0.5062971754350626,0.1973329996002907,0.29636982496464676,0.5608997641136577,0.32305679990673186
CRI,1996,0.4609550918897885,0.2600601569381511,0.2789847511720604,0.7213721411881288,0.251558879136152
CRI,1997,0.49012556058133666,0.2819333323994392,0.22794110701922418,0.7303415191837166,0.25161071536802365
CRI,1998,0.41888746553322637,0.30553922748264173,0.2755733069841319,0.8435338742437783,0.08887710573696328
CRI,1999,0.41282325910975026,0.33542687529780624,0.25174986559244344,0.8965634882602135,0.13206401145960375
CRI,2000,0.6061349793234153,0.2155595328155404,0.17830548786104428,0.5246707374360251,0.1945815205155586
CRI,2001,0.5582758214441587,0.2807376949403543,0.16098648361548715,0.6692089923654925,0.08748316823740437
CRI,2002,0.5616527069579995,0.27212008528894693,0.16622720775305358,0.6527439797012482,0.10950594531719875
CRI,2003,0.5359438165115207,0.29089857407648406,0.1731576094119952,0.7036373011055058,0.2594222420153776
CRI,2004,0.48454526960340194,0.32188742670537945,0.1935673036912186,0.7982995436041433,0.2322111833233087
CRI,2005,0.465075015767957,0.33464892400891316,0.20027606022312985,0.8369111073560785,0.19332772905720166
CRI,2006,0.44800045600809135,0.3592103115261357,0.19278923246577295,0.8900037659889233,0.1653294381684298
CRI,2007,0.42680010014849806,0.4011166832639216,0.17208321658758038,0.9689782627926476,0.1424891957985954
CRI,2008,0.39881389427858055,0.40481031401619855,0.19637579170522088,0.9925382788675047,0.16342612454969202
CRI,2009,0.3995468808424656,0.41587479094827257,0.18457832820926187,0.9799761146034427,0.14438777019550594
CRI,2010,0.4410675018780969,0.37887456997604596,0.18005792814585714,0.9241496027135022,0.17505127831114686
CRI,2011,0.4427521376807787,0.37076572757116777,0.1864821347480535,0.9115121951411396,0.1851620266108205
CRI,2012,0.45105908895120117,0.3722997985984861,0.17664111245031272,0.904343911818208,0.1879312611087492
CRI,2013,0.4391626200349873,0.37764156913135105,0.18319581083366168,0.9246807843059338,0.09616431873642081
CRI,2014,0.43154325767768126,0.3815507960176741,0.18690594630464458,0.938515770183288,0.18356748130290065
CRI,2015,0.4434916070689461,0.3820746466111514,0.1744337463199025,0.9256062609342153,-0.003481601620652469
CRI,2016,0.4408874945043057,0.33821055298202496,0.22090195251366937,0.8682105007790021,0.09714123263411019
CRI,2017,0.4324904496869919,0.3365278316495108,0.2309817186634973,0.8752141264175092,0.050378866991064336
CRI,2018,0.4378546477606483,0.32653781242945584,0.23560753980989585,0.8543721437237777,0.11996412833293349
CRI,2019,0.44897819685663604,0.31720044769019956,0.23382135545316438,0.8280064967819903,0.07210205713339601
CRI,2020,0.4603131741268935,0.2992821429646889,0.24040468290841763,0.788004181254333,0.1308703517024444
CRI,2021,0.45716600310684263,0.3181020437066455,0.22473195318651187,0.8206246730124133,0.04444311524643469
CRI,2022,0.48935165568689787,0.25656809650765855,0.2540802478054436,0.6879241252234289,0.28891085623608803
CRI,2023,0.4921661720752895,0.29698038574091024,0.2108534421838003,0.7526621837209609,0.2195750954568926
CUB,1990,0.07084575305279911,0.5089363240384621,0.4202179229087388,0.2443875236993487,-0.4765745229079221
CUB,1991,0.07958989644175099,0.39361012567612796,0.526799977882121,0.33639007912778307,-0.49760342519676587
CUB,1992,0.05312886895325115,0.39552480519695676,0.5513463258497923,0.2368368833884274,-0.2651353304556829
CUB,1993,0.17840929078503184,0.1916211343837637,0.6299695748312045,0.9642952506062032,-0.07669088931576598
CUB,1994,0.1724981518855736,0.2756192850238223,0.5518825630906041,0.7698792221756401,0.014714097378946663
CUB,1995,0.046867742087773945,0.29993714448219,0.653195113430036,0.2702830548399376,-0.07858068119510829
CUB,1996,0.039095803975518824,0.21029167702824011,0.750612518996241,0.31353461543588507,-0.1724545213144063
CUB,1997,0.18098067076355043,0.23523945960013312,0.5837798696363165,0.8696392008018147,-0.21030961303295098
CUB,1998,0.016329798347825636,0.47605373218540553,0.5076164694667689,0.06632958795409398,-0.35130173110028595
CUB,1999,0.017777763418629983,0.4456448835425589,0.5365773530388113,0.07672375761178048,-0.23299811363798842
CUB,2000,0.023562638922590737,0.38261502019177973,0.5938223408856295,0.11602134383248305,-0.13593989321215863
CUB,2001,0.012714172389694996,0.40890136521134113,0.5783844623989639,0.06031168804659229,-0.21339546824826244
CUB,2002,0.00732725111230383,0.4106150493048751,0.582057699582821,0.03506345782654669,-0.14607024042531397
CUB,2003,0.006407779670875771,0.3505265167156478,0.6430657036134765,0.03590453333146108,-0.13317703615504065
CUB,2004,0.0006082426338767833,0.3272356865327996,0.6721560708333236,0.0037105621288936646,-0.11222528526579977
CUB,2005,0.001327697008897311,0.3560556803788413,0.6426166226122614,0.00743009939970903,-0.18239367230790618
CUB,2006,0.0007784798672207006,0.36257257193365255,0.6366489481991268,0.004285001314086356,-0.08052604885626705
CUB,2007,0.003254433307449977,0.33634642531292996,0.6603991413796201,0.019166225436949905,-0.21325916623454214
CUB,2008,0.2530528321450028,0.32099235825008765,0.42595480960490956,0.8816477740048216,-0.21127496379175173
CUB,2009,0.19495209165598446,0.2907913779308159,0.5142565304131996,0.8026956772957595,-0.3182518305934545
CUB,2010,0.24749629844191448,0.32044700385294317,0.4320566977051423,0.8715528379043106,-0.18698050281323636
CUB,2011,0.2393416903627945,0.31403026699699454,0.44662804264021094,0.865030065870072,-0.33817433724943907
CUB,2012,0.20979076032082175,0.29116416227581243,0.49904507740336584,0.8375634248023708,-0.23432284520325
CUB,2013,0.21869042466577254,0.27643075641031556,0.5048788189239118,0.8833814145881396,-0.4048105052722969
CUB,2014,0.21987588395401025,0.31271467195557434,0.4674094440904154,0.8256845019660377,-0.2383076242136265
CUB,2015,0.16497173796476697,0.35814337626302556,0.47688488577220745,0.630728241176107,-0.5639127142267898
CUB,2016,0.16998683151491314,0.49162944859012836,0.33838371989495847,0.5138532307213637,-0.47807758410214357
CUB,2017,0.008971896624955355,0.46928171062476426,0.5217463927502803,0.03751941015792773,-0.5164369063213308
CUB,2018,0.008478108355261114,0.48347192997253624,0.5080499616722026,0.03446735519761037,-0.38472969418359665
CUB,2019,0.007574239651772015,0.44823364811799166,0.5441921122302363,0.03323435094040274,-0.42300902893079
CUB,2020,0.01001064766539178,0.3681076427394707,0.6218817095951374,0.052949819775568556,-0.32250293825154175
CUB,2021,0.00785072146834518,0.4218216597032023,0.5703276188284525,0.03654282570799339,-0.4780372565463462
CUB,2022,0.13754003388163413,0.29508124322939716,0.5673787228889687,0.6358449810887817,-0.09464442269178597
CUB,2023,0.07255957623541064,0.3412816773037684,0.5861587464608209,0.35066381427602794,-0.1347042286718014
CZE,1993,0.47462975941678737,0.044718141158543,0.4806520994246696,0.1722088068864995,0.6708454116076464
CZE,1994,0.7205576710789982,0.05246674427455706,0.22697558464644488,0.13574408060723553,0.6722846449842721
CZE,1995,0.07194346096157267,0.048229184924128844,0.8798273541142985,0.8026649420701037,0.5826141309119773
CZE,1996,0.07901473642230551,0.0639620465451597,0.8570232170325349,0.8947193413872581,0.6093886287643164
CZE,1997,0.11454999276085531,0.05168447675002719,0.8337655304891174,0.6218262301687518,0.629394858364265
CZE,1998,0.05949383840213433,0.08251613158891018,0.8579900300089555,0.8378825572019508,0.5032917617418798
CZE,1999,0.06037591786450354,0.056802660282851934,0.8828214218526445,0.9695058803567481,0.5326151654772875
CZE,2000,0.07439198417979082,0.05588205836449659,0.8697259574557126,0.8579154722323009,0.5636780316350246
CZE,2001,0.08715572000825204,0.05689305267286404,0.855951227318884,0.7899137439901613,0.5408549064875963
CZE,2002,0.08896189102628534,0.05849857766935384,0.8525395313043608,0.7934136950303049,0.5018787133723805
CZE,2003,0.08005567838229559,0.0460927102360734,0.873851611381631,0.7307697029014867,0.5585050690776826
CZE,2004,0.024651845544863736,0.0496024502565606,0.9257457041985757,0.6639843601988847,0.5073712845281252
CZE,2005,0.02933276020635151,0.05904450208284463,0.9116227377108038,0.663807849362117,0.4815503000103718
CZE,2006,0.027838448859562746,0.058958594426845666,0.9132029567135916,0.641460764226792,0.5394981647972837
CZE,2007,0.07369581714588946,0.06517924733590164,0.8611249355182089,0.9386745932988964,0.5153192811247376
CZE,2008,0.021651468015890962,0.0779769001375617,0.9003716318465473,0.4346446382127282,0.5037851500037996
CZE,2009,0.0706499701454893,0.07610033590158861,0.853249693952922,0.9628595953023034,0.5607254049835304
CZE,2010,0.1264481098110294,0.08230430870461614,0.7912475814843545,0.7885351392798124,0.5805325185379444
CZE,2011,0.07063842819507757,0.08335418934907765,0.8460073824558448,0.9174261639500088,0.5507161016407744
CZE,2012,0.12861160118957812,0.09326332804815615,0.7781250707622657,0.8406837885521214,0.5957185745407139
CZE,2013,0.0763007989292968,0.10804570482902062,0.8156534962416826,0.8277976242970025,0.5357679518186046
CZE,2014,0.07888589341592649,0.09009092806915477,0.8310231785149188,0.933688925174761,0.5629721489019471
CZE,2015,0.08350384120200721,0.1744276659177968,0.7420684928801959,0.6474884913010752,0.535153562494758
CZE,2016,0.08223681004625501,0.07519941115059153,0.8425637788031535,0.9553000012184971,0.5848711749832908
CZE,2017,0.07640750320513272,0.07597707548500993,0.8476154213098573,0.9971753853058974,0.5339747909415192
CZE,2018,0.07251962112479354,0.07359600851335345,0.853884370361853,0.9926333179330262,0.5576721831578358
CZE,2019,0.07353770424056925,0.08404943762495053,0.8424128581344802,0.9332957418990968,0.5428607397766234
CZE,2020,0.06825707518299419,0.07503762707909833,0.8567052977379075,0.9526810706253314,0.5941996860565683
CZE,2021,0.06641991997171481,0.07186602063830029,0.8617140593899849,0.9606171050899224,0.5555764363824217
CZE,2022,0.5765256080345029,0.05689912832189618,0.36657526364360093,0.17965552987144995,0.7145956513314127
CZE,2023,0.16359105226683854,0.057211914949661755,0.7791970327834997,0.5182169032498979,0.6983139571784173
DOM,1990,0.7282558599866462,0.04291808722472687,0.22882605278862686,0.11130585357537587,0.035467146838882385
DOM,1991,0.6691263962226633,0.08505793199657868,0.24581567178075792,0.22556271408453948,0.08973014107030683
DOM,1992,0.6543138881556619,0.059557298540668956,0.28612881330366907,0.16685726963232558,0.3021614003720714
DOM,1993,0.778067032598528,0.04059813974831889,0.18133482765315306,0.09918130420019511,0.4143482616583869
DOM,1994,0.8069253416369057,0.03396446385879992,0.15911019450429445,0.08078219913435108,
DOM,1995,0.5715569462213111,0.05384650954883857,0.37459654422985034,0.17219767192533203,
DOM,1996,0.6466465042884137,0.07062077229271659,0.2827327234188696,0.19691619734649543,0.2748448815156341
DOM,1997,0.8935322064947279,0.0336099642493134,0.0728578292559587,0.07250228780412621,0.25334422750756846
DOM,1998,0.89693327251778,0.032802742990884086,0.07026398449133588,0.07056356308395241,0.01922558736384684
DOM,1999,0.8980425698934336,0.03491423549882904,0.06704319460773742,0.07484641367538837,0.1002330580327058
DOM,2000,0.8853878518628598,0.04774438688315704,0.06686776125398307,0.10233144864294474,0.12557206460577144
DOM,2001,0.8792110007678676,0.03177290411578665,0.08901609511634576,0.06975513825317145,0.07399709971500931
DOM,2002,0.8801545388415825,0.04650761617437344,0.07333784498404414,0.1003766387191514,0.05247888821735087
DOM,2003,0.8744275558812474,0.045912674952447156,0.07965976916630539,0.09977326517793739,0.24153287785832564
DOM,2004,0.8427272383101153,0.02704189362401789,0.1302308680658668,0.06218177360211433,0.23712551262649748
DOM,2005,0.8255799389703586,0.0629041545286855,0.11151590650095582,0.14159883106281673,0.2046363574172847
DOM,2006,0.7580731460872104,0.10475214373880674,0.13717471017398278,0.2428119457646618,0.25229368670160657
DOM,2007,0.6659131779220748,0.16476396756033374,0.16932285451759146,0.3966979673303723,0.02716888819573598
DOM,2008,0.6425984142467523,0.21147728158451776,0.14592430416872992,0.49521905989535825,0.07288148374117111
DOM,2009,0.666509094288907,0.2368736430037523,0.09661726270734072,0.5244148094165206,0.026795211392003485
DOM,2010,0.6071606898638279,0.28803550325783395,0.10480380687833823,0.64351369112377,0.08687135963318002
DOM,2011,0.5700887276617786,0.3337564146564646,0.09615485768175676,0.7385256589429104,0.07126906776823201
DOM,2012,0.5793694767454319,0.3492842453940274,0.07134627786054065,0.7522378623311524,0.11544977345330841
DOM,2013,0.6393181768979511,0.2788851502153608,0.0817966728866881,0.6074583743714635,0.03363076472526174
DOM,2014,0.6390249814314913,0.2572933652035743,0.1036816533649344,0.5741115668768763,0.07120710220226373
DOM,2015,0.61884377716834,0.31324037800558463,0.06791584482607525,0.6721289623191474,-0.1665819528932613
DOM,2016,0.6127604854860543,0.2623359105797622,0.12490360393418351,0.5995588869046874,-0.007565903816597024
DOM,2017,0.5443789801263123,0.2724070022428254,0.1832140176308623,0.6670217367166176,-0.0912395829165103
DOM,2018,0.5654665668785117,0.27195267673859164,0.1625807563828967,0.6495018565943959,0.06793836265710189
DOM,2019,0.563723109816503,0.2449962870456,0.19128060313789705,0.6058870060399331,0.01543315753933779
DOM,2020,0.5543944268542744,0.1866741547739276,0.25893141837179795,0.5037972446862765,0.07239879711449713
DOM,2021,0.5749890961764562,0.23941640483198073,0.18559449899156302,0.5879538007430538,0.04395125449156244
DOM,2022,0.5517960728023775,0.24881765686287874,0.1993862703347438,0.6215672992940344,0.30145204788077223
DOM,2023,0.6253857706556039,0.20794128161579115,0.16667294772860497,0.4990628374514105,0.21831073375210605
DZA,1990,0.4229940563125938,0.10828389348853473,0.4687220501988715,0.40763556450655736,-0.22553029116944928
DZA,1991,0.41909179949027997,0.06775246837355471,0.5131557321361653,0.2783332282860702,-0.26424822319460445
DZA,1992,0.383912973533574,0.07515148208522465,0.5409355443812014,0.3274114611375161,-0.02769244894472423
DZA,1993,0.7448867666762998,0.0924514578123027,0.1626617755113975,0.22082225583041232,0.15619086948562405
DZA,1994,0.7293483598690786,0.07075658657333662,0.1998950535575847,0.1768682643144466,0.1579555750241683
DZA,1995,0.34754429019340294,0.06042096722665579,0.5920347425799413,0.2962064348751332,0.14037852422395275
DZA,1996,0.320415468474559,0.08333735686500912,0.5962471746604319,0.4128137396681741,0.0728198012175112
DZA,1997,0.4218099336494852,0.09044969654913852,0.4877403698013763,0.35314005327363984,0.053962399910960766
DZA,1998,0.1817201575237955,0.14967532157361643,0.6686045209025882,0.9033033400532309,-0.1202045819512715
DZA,1999,0.15972880857324387,0.11731413477603202,0.7229570566507241,0.8469021687235742,-0.07501545175263868
DZA,2000,0.18690534809034187,0.10107316483418727,0.7120214870754709,0.7019493489826835,-0.14481963624254893
DZA,2001,0.15855391119538612,0.11461973105649802,0.7268263577481159,0.8391712327122034,-0.2182959732452096
DZA,2002,0.15771159451032207,0.10465464731912517,0.7376337581705528,0.7977752517959728,-0.19348327502716786
DZA,2003,0.21525881591297405,0.09337859530761128,0.6913625887794147,0.6051022456307019,-0.026572743708971946
DZA,2004,0.13655880488460304,0.07357695931440833,0.7898642358009886,0.7002802173620143,-0.07153929770782382
DZA,2005,0.22817889793767723,0.11873970289363125,0.6530813991686916,0.6845392700714208,-0.04097511094535818
DZA,2006,0.26968980176140844,0.09569303637635211,0.6346171618622394,0.5237960100374112,-0.12217624631378711
DZA,2007,0.3307841501597313,0.11684526183018638,0.5523705880100823,0.5220624860674623,-0.1910365082370864
DZA,2008,0.30779297505514264,0.13804489951373283,0.5541621254311245,0.6192605311839962,-0.18631670376414264
DZA,2009,0.309494201775391,0.11301664818532345,0.5774891500392856,0.5349763121862167,-0.19077685272903058
DZA,2010,0.3833768333408455,0.13797989535474992,0.4786432713044046,0.5293108835478836,-0.08414947757434538
DZA,2011,0.30578531702987216,0.15988545965023684,0.534329223319891,0.6866888267720077,-0.16099961834989504
DZA,2012,0.3573528926873615,0.16152132279329123,0.4811257845193473,0.6225837321427428,-0.03285639108680544
DZA,2013,0.23635207076454826,0.1971707683078904,0.5664771609275614,0.9096211342855897,-0.15138334320586216
DZA,2014,0.16803798524024363,0.17576003721745387,0.6562019775423025,0.9775389866352113,-0.03694841110280522
DZA,2015,0.15591075644647273,0.24325400901869754,0.6008352345348297,0.781184963882174,-0.38092056494351495
DZA,2016,0.18276262151278796,0.19479629039877364,0.6224410880884385,0.9681277053558084,-0.3160828827471993
DZA,2017,0.14817501077769693,0.21569840574234025,0.6361265834799628,0.8144316350163353,-0.20703494514666962
DZA,2018,0.1668733353505194,0.22985694606025264,0.603269718589228,0.8412432484715721,-0.1516196615400795
DZA,2019,0.1138195824116863,0.30954517635470036,0.5766352412336133,0.5376903960704585,-0.20460462087522366
DZA,2020,0.0335529181731211,0.281288313818058,0.6851587680088209,0.2131418300005963,-0.1523131104240712
DZA,2021,0.07162759513979945,0.2121521463650043,0.7162202584951962,0.5048111944846984,-0.2137794002272239
DZA,2022,0.22842249284905836,0.14057453954237614,0.6310029676085654,0.7619277511871897,0.013140339256336715
DZA,2023,0.2365490231996557,0.1453735405743105,0.6180774362260338,0.7612723329975715,-0.06272942108142016
ECU,1990,0.6250565272292062,0.2254664645713521,0.14947700819944162,0.5301831149656268,-0.11938427908425747
ECU,1991,0.5943784050102485,0.20293029060993165,0.20269130437981986,0.5090381974376536,-0.03866682932302037
ECU,1992,0.5852097330797859,0.20743887003825615,0.207351396881958,0.5234068898178936,0.11170514832486574
ECU,1993,0.5945769613447965,0.1765024791662086,0.22892055948899492,0.4578062126756692,0.2753715686852258
ECU,1994,0.6078911736105216,0.17296541891554773,0.2191434074739307,0.44301455752843166,0.25088715460837663
ECU,1995,0.49453796429725877,0.2134390253875652,0.292023010315176,0.6029546962609156,0.3487812889812022
ECU,1996,0.44257355915019436,0.2679455604350928,0.28948088041471276,0.7542247718583173,0.22847578055612486
ECU,1997,0.45304341711128965,0.28932613918428934,0.257630443704421,0.7794666058991577,0.2632896008019226
ECU,1998,0.41177757033498175,0.315664777859153,0.2725576518058653,0.8678757255273528,0.10749162644133554
ECU,1999,0.38367873363931615,0.27276605219969735,0.34355521416098644,0.8310403497258961,0.09133595631115551
ECU,2000,0.4047523677532053,0.3628629831395266,0.23238464910726817,0.9454291989276118,0.10627290208505613
ECU,2001,0.3993981345918722,0.3679373578891656,0.23266450751896223,0.9589999719666504,0.07026982744600097
ECU,2002,0.429928602996307,0.32738836080034583,0.24268303620334716,0.8646006268209063,0.07763000877901152
ECU,2003,0.4199198563283993,0.3507135267503006,0.2293666169213001,0.9101955208563407,0.130522115818872
ECU,2004,0.42811429891350394,0.39958224284003396,0.17230345824646212,0.9655283613810652,0.12428311407092271
ECU,2005,0.5038258350186352,0.34970707695354375,0.146467088027821,0.8194343113155607,0.13715646109133597
ECU,2006,0.5392325251456488,0.3239486583167574,0.1368188165375938,0.7505924932638809,0.17044165140702325
ECU,2007,0.45400833942521374,0.39606222203804803,0.14992943853673826,0.9318337559091322,0.07035997252717342
ECU,2008,0.4584262657277316,0.41803050242962775,0.12354323184264067,0.9539101473504153,0.053526633119556244
ECU,2009,0.34900171902074484,0.4875043526010403,0.16349392837821483,0.8344272226120583,-0.025722616563585033
ECU,2010,0.3725509396646913,0.47732534985922964,0.15012371047607903,0.8767180453366569,0.0630622026235701
ECU,2011,0.4736981949021406,0.38109303189511656,0.14520877320274284,0.8916634142888922,-0.2679459033351824
ECU,2012,0.4724040458828636,0.3975030152925263,0.13009293882461012,0.9138976634019577,-0.09961149582919215
ECU,2013,0.4627395826025015,0.3849967098520499,0.1522637075454486,0.908293565531619,-0.2594802029833217
ECU,2014,0.4528128813216443,0.4041815117546053,0.14300560692375036,0.9432535732322906,-0.10917370844623243
ECU,2015,0.4110621444157951,0.4282838386477997,0.16065401693640527,0.9794820079210413,-0.31592528937238906
ECU,2016,0.33800476030542403,0.4583878644466295,0.2036073752479465,0.8488395040339742,-0.1733691511537301
ECU,2017,0.32423392898985365,0.47186179077293516,0.20390428023721116,0.8145601613998503,-0.1821840592765026
ECU,2018,0.3167997132243003,0.4985440562410639,0.18465623053463578,0.777094828190155,-0.021997062464857234
ECU,2019,0.3072502364144285,0.522951018735484,0.16979874485008745,0.7401825388928066,-0.023890697879140395
ECU,2020,0.24718428309636226,0.5284881209806096,0.22432759592302814,0.6373419546632049,0.04618654118476298
ECU,2021,0.2531603020714441,0.5525485164548832,0.1942911814736727,0.6284163614703488,0.022806209277213392
ECU,2022,0.3206674240123913,0.5386094724692783,0.1407231035183304,0.7463657531707695,0.27256130705469067
ECU,2023,0.27354691267590875,0.5681591684423595,0.1582939188817318,0.6499820277227453,0.20115285963205373
EGY,1990,0.2855860004605112,0.24364194255623742,0.4707720569832514,0.9207448161841554,-0.11223815527302121
EGY,1991,0.2872366022913895,0.26704775271316694,0.4457156449954435,0.9635767284500452,-0.11474965133291751
EGY,1992,0.28087127928078265,0.2738536256370678,0.4452750950821496,0.9873493084923705,0.03541127212803581
EGY,1993,0.552460900945058,0.2673765004206502,0.18016259863429185,0.6522671446197671,0.17966951107832727
EGY,1994,0.5216485643395214,0.26046949898565036,0.21788193667482816,0.666061842065801,0.16039053353227295
EGY,1995,0.3049382645171402,0.23119247221136682,0.46386926327149297,0.862448117122004,0.16909090074850164
EGY,1996,0.3274378679850849,0.203503392474956,0.46905873953995914,0.7665759195231046,0.09452767767459021
EGY,1997,0.3475099480402017,0.23403699944335066,0.4184530525164477,0.8048774065655974,0.0578675247213193
EGY,1998,0.22775940946753903,0.3135813135179568,0.45865927701450415,0.8414641640534455,-0.1687015053369539
EGY,1999,0.24581699068445054,0.2697016669120144,0.4844813424035351,0.9536686483105715,-0.10421268030039701
EGY,2000,0.20353644881365068,0.2614330030886788,0.5350305480976706,0.875483101012,-0.16366382357609968
EGY,2001,0.19716183022781583,0.3392418752785534,0.46359629449363077,0.7351247883035915,-0.20887504154496966
EGY,2002,0.13865506622505216,0.43872734513032474,0.4226175886446231,0.4802885003010957,-0.21929122839007828
EGY,2003,0.13422689852855899,0.38659391889486167,0.4791791825765793,0.515443676743183,-0.06475196870104492
EGY,2004,0.0936709340631398,0.38181112143024026,0.5245179445066199,0.39400407641437873,-0.14713602474968654
EGY,2005,0.11354568889393517,0.38397519659693197,0.5024791145091329,0.4564459189764788,-0.27213004053836354
EGY,2006,0.11021060237913337,0.3659766113885729,0.5238127862322938,0.4628877012766509,-0.18201733171487627
EGY,2007,0.10831190933020941,0.4208974673342657,0.47079062333552485,0.40933480813542134,-0.24614888993956208
EGY,2008,0.057031985471682214,0.487128408286879,0.4558396062414388,0.2096146140947802,-0.25327210640346814
EGY,2009,0.11615601476002281,0.536785150202053,0.3470588350379242,0.3557932046351202,-0.24553904626428033
EGY,2010,0.14185946397216717,0.53188388462248,0.32625665140535276,0.4211083174863842,-0.18429856885557913
EGY,2011,0.09688245407773717,0.5177340691112161,0.3853834768110467,0.31526146929815724,-0.07473080026218616
EGY,2012,0.15062832682777497,0.5185270708205569,0.3308446023516681,0.45020432430834617,-0.1463770973400171
EGY,2013,0.1004890624303885,0.5929253582556411,0.3065855793139704,0.28983839802745853,-0.24778705470371068
EGY,2014,0.10533842124576787,0.540360907223736,0.35430067153049616,0.326277004176079,-0.1964564073526835
EGY,2015,0.12514854378927523,0.6514038086365533,0.2234476475741714,0.32231836887321424,-0.4053959428538992
EGY,2016,0.17220714737355675,0.46131367625928593,0.3664791763671573,0.5436511033246146,-0.2719710597528586
EGY,2017,0.09751671915282116,0.5444034038602319,0.358079876986947,0.3038282043413623,-0.21941408642184865
EGY,2018,0.11014673560416907,0.5209717097136913,0.3688815546821396,0.34905250011729283,-0.22865961875818336
EGY,2019,0.12878388996637458,0.5695671924353044,0.30164891759832096,0.3688227689816922,-0.2344569053643856
EGY,2020,0.08745464978014032,0.5453888851912386,0.36715646502862104,0.2763863259947676,-0.13528796867531687
EGY,2021,0.08992925463837394,0.46175099522764756,0.4483197501339785,0.32601948197425495,-0.2182788274762614
EGY,2022,0.17751563486385127,0.4058400742728739,0.4166442908632748,0.6086016887588073,0.04862339170831352
EGY,2023,0.13100445237228098,0.48238488740497865,0.3866106602227404,0.4271494265611225,-0.054505382046454616
ERI,2000,0.053424269622426364,0.34619926615424,0.6003764642233337,0.2673729890237649,0.07699722017388065
ERI,2001,0.031528391782553226,0.5058225218550765,0.46264908636237023,0.11734749483952624,0.010063044443213612
ERI,2002,0.030479706762359556,0.5338018273209125,0.43571846591672797,0.10803014070583287,-0.039417412588543775
ERI,2003,0.025712440361334438,0.7717397566709906,0.202547802967675,0.06448647444203398,0.06874188886448915
ERI,2004,0.01723941571244268,0.5967602994738674,0.3860002848136899,0.05615447462288026,0.07381350695724942
ERI,2005,0.062215547938811164,0.40098136861338207,0.5368030834478068,0.26863541494150117,0.03509911707135148
ERI,2006,0.01871300379250006,0.5527833933898642,0.4285036028176358,0.06548774020189929,0.07530301324346442
ERI,2007,0.024739796469961595,0.5910483438109569,0.3842118597190815,0.08035164970431376,0.02314622130411436
ERI,2008,0.011942785162565901,0.7041725036661604,0.28388471117127373,0.033354364440673925,-0.005045665078678398
ERI,2009,0.03468584232702958,0.4664675370155171,0.49884662065745333,0.1384240584091571,-0.029174334376617136
ERI,2010,0.08997124123695936,0.5673811030372771,0.34264765572576356,0.2737382532233729,0.03147159312997926
ERI,2011,0.8918992322606998,0.0954236654535048,0.012677102285795374,0.19329778672088815,0.07446229339553968
ERI,2012,0.6104754592582978,0.08396646063930867,0.30555808010239355,0.24182428575650872,0.036713766712590024
ERI,2013,0.6064873481253292,0.34309444375738923,0.050418208117281565,0.7226222041961065,-0.08796824494202213
ERI,2014,0.0004875026102123153,0.9819506866852713,0.017561810704516352,0.0009924341613021137,0.04791076990237711
ERI,2015,0.03674391822446513,0.8699484692802256,0.09330761249530921,0.0810504615034612,-0.16495437271342286
ERI,2016,0.04156536458738188,0.898209648601435,0.0602249868111831,0.08845811817520771,-0.08154275300271051
ERI,2017,0.001582445688880416,0.9817769653046701,0.01664058900644953,0.003218448252366997,-0.13702972922476617
ERI,2018,0.00040920667316924746,0.9914133598425208,0.008177433484309994,0.0008251610459052285,-0.07053541958227129
ERI,2019,0.0007361162938836577,0.986113195405555,0.013150688300561353,0.0014918514613259499,-0.11916017809708719
ERI,2020,0.00106088860031354,0.987379937205022,0.011559174194664405,0.0021465900084593884,-0.03519758053970623
ERI,2021,0.00046202786221087285,0.9865354729062039,0.01300249923158521,0.0009362290418185795,-0.264976244150034
ERI,2022,0.013156331414312786,0.9462221133154023,0.04062155527028497,0.02742678134282933,0.03880554585446215
ERI,2023,0.0019336299342464184,0.9793097064439744,0.018756663621779125,0.0039411833182653065,-0.08537580863996402
ETH,1990,0.1830573100205282,0.28695165932981315,0.5299910306496587,0.7789524113701694,-0.15828317105122827
ETH,1991,0.26911222847309213,0.12883130977800158,0.6020564617489064,0.6474853711368059,-0.04823745980463754
ETH,1992,0.262700753851196,0.31889134709931194,0.41840789904949194,0.9033848754887103,0.1037509558905986
ETH,1993,0.4369975895509841,0.26567632714838263,0.2973260833006333,0.7561866773035495,0.27357401673305476
ETH,1994,0.5959176574136966,0.23591199957216316,0.1681703430141402,0.5672122834066576,0.2582259057999274
ETH,1995,0.1592621645297446,0.2606374930317753,0.5801003424384802,0.7585724906499164,0.28969458237804074
ETH,1996,0.14195824320979403,0.25771575269324426,0.6003260040969617,0.7103701750175079,0.22423905547695436
ETH,1997,0.20399844648210658,0.2530063497383756,0.5429952037795178,0.8927628251134915,0.2513090926091033
ETH,1998,0.1276628769059274,0.22220934956179753,0.650127773532275,0.7297685683416433,0.022722378819504917
ETH,1999,0.1503662335374197,0.3130068305845288,0.5366269358780515,0.6490072262717757,0.062367189714297
ETH,2000,0.11033200067226187,0.29948592155947545,0.5901820777682627,0.5384440000643657,0.09904591826646636
ETH,2001,0.0671367882894165,0.7291213131626825,0.2037418985479011,0.16863071952921357,0.0004587226468491448
ETH,2002,0.1180790057713703,0.3302328829037641,0.5516881113248656,0.5267716906652694,0.061450231680614545
ETH,2003,0.08666463206812772,0.4365919478946914,0.4767434200371809,0.33125099764358745,0.13772190637985715
ETH,2004,0.09867589646861351,0.26061886790766225,0.6407052356237243,0.5492754487525678,0.09321668149854548
ETH,2005,0.08388661560255857,0.3622647682988814,0.5538486160985601,0.3760455245885334,0.10174897550706054
ETH,2006,0.06236017830604549,0.35705118254948265,0.5805886391444719,0.29737000055907536,0.1272874243384622
ETH,2007,0.10983630794752948,0.3130164171931618,0.5771472748593087,0.519501478492233,-0.0015078251601595095
ETH,2008,0.12364339115963131,0.3482656076673699,0.5280910011729988,0.5240137037732487,0.05929389878817581
ETH,2009,0.15628394310162957,0.5343408301735727,0.30937522672479767,0.45258713312721865,0.06783812127764466
ETH,2010,0.10574594611777878,0.4694316539860313,0.4248223998961899,0.3676984155804863,0.087628481121447
ETH,2011,0.07939179351673165,0.4131443741763949,0.5074638323068734,0.322379547835344,0.0875370346583108
ETH,2012,0.08681927039202253,0.44478643952088254,0.46839429008709493,0.3266303155631886,0.11452593642684493
ETH,2013,0.1342943483170287,0.5553188844421977,0.3103867672407737,0.38947729520705593,-0.02830683528899566
ETH,2014,0.13230875170234502,0.5306616296459008,0.3370296186517541,0.3991392539536264,0.07279530119953763
ETH,2015,0.16187022942856663,0.6255553100007937,0.21257446057063967,0.4111378697365402,-0.11410602836837472
ETH,2016,0.14687826470231613,0.548372648039234,0.30474908725844985,0.42251872528476947,-0.040269554636579774
ETH,2017,0.1513970984704826,0.5378130341835492,0.3107898673459682,0.4393350918608174,-0.056593368012345255
ETH,2018,0.15352623427613327,0.6095528909169821,0.2369208748068847,0.40238614635744313,0.03052155410627485
ETH,2019,0.16618514527743183,0.5424205282750685,0.2913943264474997,0.4690483056515331,-0.02814211451924889
ETH,2020,0.15541028277006927,0.532470845283497,0.3121188719464338,0.4518521483786578,0.033767062080374936
ETH,2021,0.1577171353695196,0.4891504297935824,0.353132434836898,0.48763346274674507,-0.148174992735404
ETH,2022,0.2743454906739455,0.4645077083732262,0.2611468009528284,0.7426251683764586,0.05892156661338316
ETH,2023,0.1720878737726371,0.5179332254703659,0.30997890075699697,0.498790178913162,0.09402501275813349
GAB,1990,0.6555443183490383,0.1648929965957068,0.17956268505525494,0.40196366886801593,-0.08231050071588164
GAB,1991,0.62996794116107,0.12881564360894554,0.24121641522998447,0.3395319724740463,-0.09521854749469238
GAB,1992,0.7029056276227766,0.12697971250381415,0.1701146598734092,0.30601748546237645,0.03684128023977464
GAB,1993,0.6430318340864499,0.11672027684347487,0.24024788907007527,0.307258841836217,0.2947528548122153
GAB,1994,0.7818373606323649,0.09805447637226988,0.12010816299536528,0.22287847721390647,0.3099413805504343
GAB,1995,0.7038044874718162,0.10055454245192873,0.19564097007625506,0.2500240283532629,0.2758668960550632
GAB,1996,0.8152056829212458,0.10008748689027583,0.08470683018847835,0.2187003906319676,0.15201549559756017
GAB,1997,0.7752803460716049,0.1210180984249065,0.10370155550348854,0.2700397376967166,0.09684489779355002
GAB,1998,0.5983771826863559,0.11428233458752111,0.2873404827261231,0.3207207139383563,0.08305862262963419
GAB,1999,0.4938904588155116,0.13078087701753432,0.37532866416695404,0.41871899514367267,-0.03342830808803922
GAB,2000,0.6880392869222745,0.16797641328938412,0.14398429978834149,0.3924610570760565,-0.007403438743948839
GAB,2001,0.5927946598391262,0.14618256768051355,0.26102277248036027,0.39563483754748985,0.003357585049940419
GAB,2002,0.5981129177329694,0.2243890963280717,0.17749798593895888,0.5456256458757289,-0.03270160355434779
GAB,2003,0.6341807326560791,0.18080036506427816,0.1850189022796427,0.44369216800244315,0.035074494557988174
GAB,2004,0.5674558762695362,0.17383736783682277,0.25870675589364106,0.4690110673985341,0.04082434603240924
GAB,2005,0.6667864249921018,0.15029199924670925,0.18292157576118895,0.3678765582060768,-0.02543641633804185
GAB,2006,0.5855695103263043,0.2583555129363549,0.15607497673734075,0.6122712464136653,0.010402592241033551
GAB,2007,0.550828829750021,0.21546933610477645,0.23370183414520257,0.5623642224549048,-0.03443949799998451
GAB,2008,0.5319666181603971,0.286282981827848,0.18175040001175488,0.6997448745027451,-0.01123621388110189
GAB,2009,0.6153749427246672,0.19103017159918229,0.19359488567615057,0.473782143009736,-0.02944934500238456
GAB,2010,0.6304971441667955,0.215784219605439,0.15371863622776558,0.5099585760546524,0.08716241008461575
GAB,2011,0.5306649954967587,0.24523376565055385,0.22410123885268746,0.6321282567533153,0.08177867343164058
GAB,2012,0.19514242950604752,0.5584604087323864,0.24639716176156604,0.5178919706889585,0.17023337332658142
GAB,2013,0.09293339483279736,0.5779926548177621,0.32907395034944054,0.2770302178047794,-0.022990521171565904
GAB,2014,0.10931993015284423,0.5960291114696769,0.29465095837747884,0.30997399500642847,0.1529147799596259
GAB,2015,0.059341892959568536,0.7010807381426755,0.23957736889775597,0.156076083305284,-0.08438918966910065
GAB,2016,0.03331085103122677,0.5875208377906361,0.3791683111781371,0.10731040837957209,0.022423398062044936
GAB,2017,0.10107461267149602,0.6579343225977126,0.24099106473079146,0.2663331298877172,-0.00889623861214499
GAB,2018,0.07443651125507796,0.6076169601672559,0.3179465285776662,0.21827177596457442,0.05988862101226102
GAB,2019,0.029346443910899928,0.809087153671479,0.16156640241762113,0.07000302467725607,-0.11137460072776709
GAB,2020,0.03181483644122039,0.7275160602147209,0.24066910334405872,0.08379702862436253,0.01606768042235822
GAB,2021,0.015532940516850382,0.7188203095649197,0.2656467499182299,0.04230372920694718,0.021837182534393342
GAB,2022,0.09198264206175696,0.6770876853816222,0.23092967255662086,0.23920476133186647,0.1337693643232835
GAB,2023,0.1811433477884961,0.579069618271628,0.23978703393987597,0.47655947971339857,0.10188384122747103
GEO,1992,0.10001830438595753,0.3370895711019487,0.5628921245120937,0.45763670706832094,
GEO,1993,0.07915157318494295,0.018306398431783485,0.9025420283832736,0.37567780507021364,0.6204268835777969
GEO,1994,0.040060119458144104,0.1328418806199331,0.8270979999219228,0.4633852637916761,0.6183843899576248
GEO,1995,0.007517756983491365,0.05756236556908798,0.9349198774474207,0.2310308182784272,0.7445442219547553
GEO,1996,0.0514980587502747,0.08714170599746748,0.8613602352522578,0.7429045893719806,0.4874910703092509
GEO,1997,0.04306206781406091,0.08670849971477468,0.8702294324711645,0.6636646295700653,0.4734042055847436
GEO,1998,0.058703045341276745,0.7022891320869691,0.23900782257175412,0.1542802858753745,0.28357399235445524
GEO,1999,0.061005512444753655,0.4644895452208037,0.47450494233444257,0.2321830112570901,0.45515397783722233
GEO,2000,0.05746950446282665,0.44717033587202476,0.4953601596651486,0.22776443661163584,0.47948256106196835
GEO,2001,0.10861634784312504,0.5252998886171729,0.366083763539702,0.34268359633639917,0.455801827115837
GEO,2002,0.13796250878684432,0.5413216168635419,0.32071587434961385,0.4061997140143706,0.4138522116393713
GEO,2003,0.09566511928409042,0.47602421519513954,0.42831066552077,0.3346751933766084,0.4681492223393068
GEO,2004,0.035205041219053455,0.5359401507498814,0.42885480803106507,0.12327877994626729,0.44709396694907877
GEO,2005,0.03273550063245958,0.48019432754678093,0.4870701718207595,0.1276412438272954,0.48405801818819777
GEO,2006,0.06638980809050353,0.4474587101470977,0.4861514817623988,0.258402255661678,0.47065150833800795
GEO,2007,0.15209342871291073,0.3764498089527741,0.47145676233431516,0.5755193440167072,0.38793554156466536
GEO,2008,0.15842225484118833,0.5493482763171035,0.2922294688417082,0.44766558613827745,0.4194624781907197
GEO,2009,0.14540881486394414,0.36648832627205696,0.4881028588639989,0.5681173156828075,0.49063374796489934
GEO,2010,0.1961781067922892,0.43034576062236474,0.37347613258534607,0.6262430435469815,0.5153713107995094
GEO,2011,0.1259897700704749,0.5181884703137626,0.3558217596157625,0.3911643150048809,0.4915276516086987
GEO,2012,0.16344940629405239,0.5588844601570078,0.2776661335489398,0.4525591665723913,0.4934788008936261
GEO,2013,0.08636407981120878,0.6527766761566359,0.26085924403215527,0.23368777628321155,0.4126730849795641
GEO,2014,0.09986489819166831,0.5574337113697163,0.3427013904386154,0.30386462633264405,0.4884228840295107
GEO,2015,0.09181150207635026,0.6041127410994648,0.3040757568241849,0.26385487494263204,0.3885711240884842
GEO,2016,0.061799366524401676,0.522634679150245,0.41556595432535337,0.2114844847995227,0.4633806741969448
GEO,2017,0.05199343346507407,0.5587743350669143,0.38923223146801156,0.17025598318667978,0.4239382641873591
GEO,2018,0.05504609009622191,0.58644971553121,0.35850419437256814,0.17161792676846152,0.4395955502676338
GEO,2019,0.04643369635091988,0.6515440634493268,0.3020222401997534,0.13305207995225715,0.4308596371440309
GEO,2020,0.03637092499254818,0.5951563478137196,0.36847272719373214,0.11518401994241541,0.46512778276798983
GEO,2021,0.056577598146154304,0.5987902804233742,0.34463212143047145,0.17265905149225877,0.37474739488688347
GEO,2022,0.07888872958601106,0.6517814341882333,0.2693298362257557,0.2159352701046799,0.5703673731592059
GEO,2023,0.04909538471672024,0.7651250969401564,0.1857795183431233,0.12059481632497102,0.5310040442790923
GHA,1990,0.34086547990618016,0.08858200127518448,0.5705525188186353,0.4125393914594853,-0.21756018395740623
GHA,1991,0.2047712956084626,0.07639136416481507,0.7188373402267223,0.5433962264150943,-0.21632943150666678
GHA,1992,0.2635614349433876,0.34185810682017426,0.3945804582364381,0.8706736957173339,-0.03717537997509247
GHA,1993,0.5899214969583965,0.24953994066403842,0.16053856237756506,0.5945238922964659,0.22198642901268525
GHA,1994,0.6083933985159936,0.23511405325602672,0.1564925482279797,0.5574676376885699,0.17878841473260568
GHA,1995,0.41088222453149337,0.1689623582351608,0.4201554172333458,0.5827849850005618,0.14217816921280416
GHA,1996,0.3990326648499726,0.17617014489749921,0.4247971902525283,0.6125496673941571,0.02222854569248963
GHA,1997,0.4107656286319485,0.17790609982407563,0.4113282715439758,0.6044322878922351,0.0339300686090919
GHA,1998,0.2306194841559252,0.17789253871929575,0.5914879771247791,0.8709292689465477,-0.12968106331786236
GHA,1999,0.25565108056760755,0.20451376395709156,0.539835155475301,0.8888717440739409,-0.02231306749568329
GHA,2000,0.3367192851716609,0.2390059293495204,0.4242747854788187,0.8302777898942524,0.0011481028260375387
GHA,2001,0.21644747128312808,0.2814031961297064,0.5021493325871655,0.8695276935468788,-0.025646532815400126
GHA,2002,0.20347846780329346,0.19602496866244792,0.6004965635342586,0.9813430912965759,-0.04805899167341883
GHA,2003,0.230733541064941,0.1365077076238299,0.632758751311229,0.7434225219047615,0.09204602810104946
GHA,2004,0.04129365621171118,0.15414435276844723,0.8045619910198416,0.42257549007167244,0.07855008093587491
GHA,2005,0.029315511398527852,0.47013449449494377,0.5005499941065283,0.11739117450238092,0.0629934889253251
GHA,2006,0.04411602134146152,0.4898041871135771,0.4660797915449614,0.1652532368801565,0.12284450414056963
GHA,2007,0.08496876014436709,0.5610080735840218,0.35402316627161107,0.26307061091944217,0.08097954137135521
GHA,2008,0.030319972041440407,0.6578388572587437,0.3118411706998159,0.088119110735741,0.07554119531370501
GHA,2009,0.05625743422581699,0.6516129688470751,0.2921295969271079,0.15894840067221727,0.06166116969929973
GHA,2010,0.06636272983860604,0.7353630538478038,0.19827421631359016,0.16554969589094173,0.09196730027627467
GHA,2011,0.05211896011134443,0.6410189418404819,0.3068620980481736,0.15038554366910595,0.0681124146279331
GHA,2012,0.1311363660195737,0.5962994780264765,0.2725641559539497,0.36054414170790333,0.08839441700794005
GHA,2013,0.04910710670850722,0.5699262340060857,0.3809666592854071,0.1586573887985403,-0.05688339821943102
GHA,2014,0.05827298585048437,0.5547743456104122,0.38695266853910343,0.19010925538691897,0.12664916251210545
GHA,2015,0.05190975615052571,0.6620581914841063,0.28603205236536805,0.1454120071426236,-0.02773415989592953
GHA,2016,0.05277831928768809,0.592876303948108,0.3543453767642039,0.1634877762453912,-0.0005529932185444692
GHA,2017,0.0515601559443614,0.6330947069787372,0.3153451370769014,0.15061648937751784,-0.01336431553024531
GHA,2018,0.06500450627401316,0.6249075747558063,0.31008791897018056,0.18844286992911358,0.10246009033192546
GHA,2019,0.06790990252782518,0.5887461034674041,0.3433439940047708,0.20683554831696327,0.07709261959101585
GHA,2020,0.05291605168745051,0.5705746021262748,0.37650934618627474,0.16974128277233091,0.03508007474982311
GHA,2021,0.06093152393655889,0.5342636238685594,0.40480485219488177,0.20474469310193164,-0.05631645242662344
GHA,2022,0.20491814623391993,0.4798843987978846,0.31519745496819546,0.598473670171313,0.17834557706946533
GHA,2023,0.1270520678320132,0.5190535578383809,0.35389437432960585,0.3932857501439799,0.08889334230681896
GIN,1990,0.3868331984533822,0.16413421936710812,0.44903258217950964,0.5958037229003055,-0.1265375903087
GIN,1991,0.3609799024083988,0.14396333088887933,0.4950567667027218,0.5702159030780515,-0.11908707679641474
GIN,1992,0.335815503351243,0.16986462900314744,0.49431986764560965,0.6718263903795335,0.017168544868939765
GIN,1993,0.46564061689938685,0.18083511458020335,0.3535242685204098,0.5594490427856454,0.13115962860944996
GIN,1994,0.3882782163731157,0.17585602506245776,0.43586575856442655,0.6234545331442757,0.21887351074598566
GIN,1995,0.36831810037733287,0.15236921267278292,0.4793126869498842,0.5852618600604064,0.22627339028555848
GIN,1996,0.4768143692678955,0.06801927213528525,0.45516635859681925,0.24968822395073256,0.11231217248127442
GIN,1997,0.4375266607716369,0.062293200146209794,0.5001801390821533,0.24926260445840373,0.08878423720885749
GIN,1998,0.243501213458761,0.06515430356265615,0.6913444829785829,0.42218136381560417,-0.13228672742746478
GIN,1999,0.26826050215849595,0.06608959416194413,0.66564990367956,0.39533168908439054,-0.02808960564037361
GIN,2000,0.1297058013748,0.07207781057171739,0.7982163880534826,0.714406981582048,0.06074221360324099
GIN,2001,0.2659481699627246,0.15222038315027978,0.5818314468869956,0.7280336219311273,0.04247475440494197
GIN,2002,0.1436952378973974,0.1367882406305571,0.7195165214720455,0.9753746733922087,-0.0829147249659697
GIN,2003,0.36637564403077,0.14611966218119665,0.4875046937880334,0.570228294425635,0.061076689805677396
GIN,2004,0.014333691804015914,0.054282934867604306,0.9313833733283798,0.4177906288693821,0.027342826593550053
GIN,2005,0.1132571537304699,0.09430592718776142,0.7924369190817687,0.9086965444005224,0.010579586054096752
GIN,2006,0.15969288475040144,0.13189137076450635,0.7084157444850921,0.9046535831065348,-0.04002221460098945
GIN,2007,0.14363753419129904,0.1355595593725324,0.7208029064361686,0.9710671242466934,-0.07762645861873602
GIN,2008,0.09107185079128864,0.3740006419131741,0.5349275072955373,0.3916458282092448,-0.09589665057108347
GIN,2009,0.08370261875103177,0.3137707384241962,0.602526642824772,0.4211734811404281,-0.05423462661709671
GIN,2010,0.25911099440196084,0.5460829887429004,0.1948060168551387,0.6435989334891604,-0.05731298781370012
GIN,2011,0.07549290264719101,0.5620590282457688,0.36244806910704025,0.2368211873861165,0.03197395199455232
GIN,2012,0.28848119108155645,0.3001151392631612,0.41140366965528236,0.9802344194453417,0.06349065294989312
GIN,2013,0.06204773260584592,0.19716020190375835,0.7407920654903958,0.4787487136397586,-0.03499460197129953
GIN,2014,0.08571356546001255,0.5988268381258565,0.315459596414131,0.2504266074318303,0.09359921151755744
GIN,2015,0.08393332513462921,0.6464893147768224,0.26957736008854843,0.22982125840131232,-0.2086994895694844
GIN,2016,0.026128222490037985,0.6278837340764841,0.3459880434334779,0.0799013602968599,-0.1004893539904604
GIN,2017,0.008258882681077594,0.8098721229834802,0.18186899433544215,0.0201896337478837,-0.14728414986077734
GIN,2018,0.015322244944093424,0.7725471732030295,0.21213058185287711,0.03889539203115058,-0.051391327612448946
GIN,2019,0.020190854027895267,0.7106875732311625,0.2691215727409422,0.055250923477424455,-0.14420862002329946
GIN,2020,0.018909382470885076,0.7275978575383829,0.25349275999073206,0.05066094863500672,0.025451396079827226
GIN,2021,0.010034693422988959,0.851632332962069,0.13833297361494207,0.023291348318357722,-0.09050186147512282
GIN,2022,0.04735503861482284,0.8254714606493437,0.12717350073583342,0.10850962626534677,0.2052655746042463
GIN,2023,0.027856770401633296,0.8385112167704958,0.13363201282787088,0.06430701691219978,0.09953331512582192
GMB,1990,0.11382939260179452,0.1562478277619032,0.7299227796363021,0.8429396040769888,-0.121423118825343
GMB,1991,0.16555735716919093,0.16997215156613196,0.6644704912646772,0.9868423066168419,-0.09760237254840691
GMB,1992,0.06706697360676292,0.12098819942927072,0.8119448269639664,0.7132691169725183,0.10853154402017438
GMB,1993,0.19987319737613637,0.20643515696366965,0.5936916456601941,0.9838498039298366,0.2834628491813513
GMB,1994,0.5030058039646471,0.4280901171844909,0.06890407885086196,0.9195403125730623,0.2851548900063198
GMB,1995,0.5466676487558165,0.35806970377735947,0.09526264746682389,0.7915439829577045,0.10572312091965029
GMB,1996,0.6290672563262691,0.1809173477717275,0.19001539590200336,0.4467179915677485,0.09856693802313725
GMB,1997,0.43097084672951863,0.1766665080648998,0.3923626452055815,0.5814866603277583,0.07322610339704115
GMB,1998,0.11663338033213194,0.171037985138915,0.712328634528953,0.810879318079857,0.02387641287368873
GMB,1999,0.2030125997296947,0.2227187513624272,0.574268648907878,0.9537122375832069,0.08111914383197918
GMB,2000,0.09496067460064984,0.6292758845450075,0.2757634408543427,0.26223662255512153,-0.05039771253776883
GMB,2001,0.21462621618328354,0.11961176776401665,0.6657620160526998,0.7157281548399719,-0.04092206189969317
GMB,2002,0.20329521913858725,0.08356405926993561,0.7131407215914771,0.5826136057619871,-0.13050449783416737
GMB,2003,0.3609246342092641,0.2944601850960845,0.34461518069465136,0.8985871397149141,0.030676394635157447
GMB,2004,0.003392509749448593,0.13121645121865863,0.8653910390318927,0.05040540726337494,-0.021292367252448995
GMB,2005,0.025590309544786367,0.20661091059053024,0.7677987798646834,0.2204149446749114,-0.16341076153423473
GMB,2006,0.01982596429397462,0.39806796686485457,0.5821060688411708,0.0948851505883169,-0.05778021967184863
GMB,2007,0.2024669953259382,0.24267504964474418,0.5548579550293176,0.9096736541221261,-0.17182267715046945
GMB,2008,0.060749178463712465,0.5224266978253509,0.41682412371093663,0.20833913381424188,-0.1033223784192246
GMB,2009,0.14876387268242777,0.6278787969876068,0.22335733032996538,0.3830947705864057,-0.03197314926516544
GMB,2010,0.307060885200892,0.6513497926190379,0.04158932218007008,0.6407710020496742,0.06815885292945398
GMB,2011,0.024023064692068344,0.9437265404912696,0.03225039481666213,0.04964727355795145,0.0767521940251605
GMB,2012,0.03763810893501647,0.951789188964767,0.010572702100216469,0.0760805953401717,0.13579569637163416
GMB,2013,0.011102143682578622,0.9769818674865184,0.011915988830902965,0.0224720642315477,-0.06791872198644926
GMB,2014,0.007916479554964256,0.9779735218078437,0.014109998637192075,0.01605955947219509,-0.0022595273340313094
GMB,2015,0.042222594801714294,0.885793567830284,0.07198383736800175,0.0909953867224994,-0.22880736597106704
GMB,2016,0.011246680375164545,0.953088879671262,0.035664439953573455,0.023325242459425827,-0.0978024464643013
GMB,2017,0.017505234037539348,0.8486929100986156,0.1338018558638451,0.04041854431585519,-0.08688882349444679
GMB,2018,0.021585663555778085,0.8105463073199073,0.16786802912431467,0.051880385110219085,0.015536792311913676
GMB,2019,0.011800172191753593,0.9298659712353,0.05833385657294637,0.025062326545602726,-0.06304077904664512
GMB,2020,0.004714518338735818,0.9391745364779723,0.05611094518329181,0.009989560350715838,0.031097317184746957
GMB,2021,0.026101858029860824,0.9557007315474535,0.018197410422685634,0.0531712959549194,-0.08581716288066002
GMB,2022,0.016300186905490097,0.7825891251200319,0.20111068797447804,0.04080712223865465,0.1981445895382545
GMB,2023,0.0007221166086990695,0.998198866287682,0.0010790171036189407,0.0014457932530464732,0.09070155116787852
GNB,1990,0.04633834662361647,0.4411352883291848,0.5125263650471987,0.1901163193291596,-0.1201712549532364
GNB,1991,0.02884548576791393,0.7596548871269513,0.2114996271051348,0.07316543342145013,-0.11311868159543863
GNB,1992,0.03290760692045215,0.4632057372094929,0.5038866558700551,0.1326616480278861,-0.004493873747046802
GNB,1993,0.03926424337350824,0.4150397508491393,0.5456960057773524,0.1728544933473133,0.1884502307130583
GNB,1994,0.04611496616348903,0.4425921080504462,0.5112929257860648,0.18872231893783412,
GNB,1995,0.0012210012358478779,0.43101570842864134,0.5677632903355108,0.0056496878147885374,0.2462663659784945
GNB,1996,0.002441054859678426,0.23068330083286376,0.7668756443074579,0.020942083485243637,0.14548361613174748
GNB,1997,0.0068073625605903154,0.7718097632752978,0.2213828741641118,0.017485776602414797,0.09746793508015072
GNB,1998,0.001550520517425907,0.8288391667910636,0.16961031269151058,0.003734440687604274,-0.1173501882293939
GNB,1999,0.0015883806175203674,0.8315864581905457,0.16682516119193397,0.0038128386589126803,-0.03645527981086213
GNB,2000,6.246312946097312e-06,0.9802695281520947,0.019724225534959183,1.2743991249821654e-05,
GNB,2001,0.0,0.9698397269757592,0.030160273024240805,0.0,
GNB,2002,0.0,0.8833255226216226,0.11667447737837743,0.0,-0.08980754798923382
GNB,2003,0.0,0.9620362390625026,0.03796376093749742,0.0,0.05743494357700585
GNB,2004,0.00025856264139654747,0.9599007300537944,0.039840707304809014,0.0005385828025905071,0.12872744888956103
GNB,2005,0.00030918866149482697,0.7422503898529382,0.25744042148556695,0.0008327645900505135,0.07469416927249414
GNB,2006,0.0,0.9097704833546882,0.09022951664531179,0.0,0.1256995696425044
GNB,2007,0.0,0.9872964778300707,0.012703522169929322,0.0,-0.0009456652199752872
GNB,2008,1.6086744037614582e-05,0.9740480976271843,0.0259358156287781,3.3030152007896485e-05,0.09142098020744711
GNB,2009,0.00044576315723954285,0.9664726016330706,0.03308163520968987,0.0009220285258233002,0.022883289660963445
GNB,2010,0.00017723941479144312,0.9838555329318421,0.01596722765336642,0.00036023071542379303,0.09738276659022317
GNB,2011,2.0590772910540672e-05,0.988587392702004,0.011392016525085407,4.165609271769178e-05,0.06560020883044394
GNB,2012,0.0007118124716723642,0.9493592175763376,0.04992896995199012,0.0014984405358331875,0.10901256483727324
GNB,2013,1.9021197551733503e-05,0.9846255941174976,0.015355384684950632,3.8635660533516317e-05,-0.03726197625802696
GNB,2014,8.668425993703583e-06,0.9735206805213942,0.02647065105261215,1.780824790351965e-05,0.10086178173361983
GNB,2015,1.495664511898044e-05,0.9987227571741885,0.0012622861806925708,2.9951097093919115e-05,-0.12605018633982246
GNB,2016,0.00015270817054068052,0.9629967242912718,0.03685056753818752,0.00031710171940891463,-0.07827957575773657
GNB,2017,0.0014519253212961142,0.9827525236643649,0.015795551014338924,0.0029504547003267353,-0.09669469680013285
GNB,2018,0.0006732634232798562,0.9786361006844612,0.02069063589225898,0.00137497597379409,0.01411132309066311
GNB,2019,0.001115184933731686,0.8247380773370059,0.17414673772926245,0.002700685423619717,-0.033432377034710525
GNB,2020,0.0,0.9798394455005535,0.02016055449944657,0.0,0.013240138570060423
GNB,2021,0.0,0.9640472906209678,0.0359527093790322,0.0,-0.07946029639551855
GNB,2022,0.002667499204473043,0.9654924071463368,0.03184009364919023,0.0055104517073576945,0.15257257266149823
GNB,2023,0.0019907610087342535,0.930609429831471,0.0673998091597948,0.004269270000772189,0.038421423909189054
GRC,1990,0.2469517087494382,0.18408336447023974,0.5689649267803221,0.8541456410737196,0.35632463459573566
GRC,1991,0.21900205969626654,0.17418925695581158,0.6068086833479218,0.8860279949160008,0.3755055926027617
GRC,1992,0.2034337959901395,0.14615441974192936,0.6504117842679311,0.836151867624422,0.4456290430661317
GRC,1993,0.6559190102065089,0.13592335087492763,0.20815763891856345,0.3433091169542739,0.5513549140548203
GRC,1994,0.5686074340835825,0.16124989338641268,0.27014267253000473,0.4418668890956411,0.6181076086814461
GRC,1995,0.1695254240798717,0.12633689574807866,0.7041376801720497,0.8540249114625073,0.6614886734091394
GRC,1996,0.16709987537831583,0.11106462524479259,0.7218354993768916,0.7985535537137187,0.6121081631800245
GRC,1997,0.20121233317895462,0.09894853603791104,0.6998391307831342,0.6593033681976773,0.614523503674648
GRC,1998,0.1311003213527344,0.2219684151237522,0.6469312635235136,0.7426334184163332,0.4949687916298427
GRC,1999,0.13753804495095986,0.12600803117340903,0.7364539238756311,0.9562504820898576,0.5319166564838053
GRC,2000,0.14279797683259288,0.12714955347579757,0.7300524696916095,0.9420316113323266,0.5453626802416109
GRC,2001,0.1354808914167786,0.12884591368854817,0.7356731948946732,0.974898581603986,0.5277534932798045
GRC,2002,0.1418898159284181,0.1371380817257912,0.7209721023457907,0.9829703974313149,0.4852973614438165
GRC,2003,0.14492538482453202,0.10669810023190929,0.7483765149435587,0.8480774376682367,0.5156977131837338
GRC,2004,0.062233927608768023,0.11486962937001824,0.8228964430212138,0.7027970377378981,0.4782755157432589
GRC,2005,0.06267899295818426,0.14188819598337546,0.7954328110584402,0.612796150570268,0.47124065708781393
GRC,2006,0.05710204295286222,0.13109334948930784,0.8118046075578299,0.606837842434521,0.5129228613890244
GRC,2007,0.11304033901526575,0.1348911015080775,0.7520685594766567,0.9118677225982783,0.48787256149516217
GRC,2008,0.06470290441927015,0.19050147737790368,0.7447956182028261,0.5070673470700312,0.4763272247370848
GRC,2009,0.13046536812248663,0.15976207749788612,0.7097725543796273,0.8990560340949955,0.4949045935787641
GRC,2010,0.14966952092822222,0.20112734579369074,0.6492031332780871,0.8533116177851706,0.14473318290650614
GRC,2011,0.12088842729277965,0.19104163633255405,0.6880699363746663,0.7750995584573181,0.49917432595363304
GRC,2012,0.13029409012137202,0.2341548424112162,0.6355510674674117,0.7150197379695791,0.5100948514704932
GRC,2013,0.09772470520121594,0.34283388687379174,0.5594414079249923,0.44363999231492796,0.4510475297643631
GRC,2014,0.08565011350204149,0.21461047706492203,0.6997394094330365,0.5705051957722036,0.49269556654892316
GRC,2015,0.10759751875982047,0.37945153720497055,0.512950944035209,0.4418344207512384,0.3798816244691673
GRC,2016,0.10431882469977156,0.22032977697769895,0.6753513983225294,0.6426568552013013,0.4079194916573563
GRC,2017,0.09699506904791576,0.22429917438406982,0.6787057565680145,0.6037771981958869,0.4283894769232959
GRC,2018,0.09188639656220793,0.24943375917845614,0.6586798442593359,0.5384176411311815,0.4341010990528072
GRC,2019,0.09203855333118714,0.27795058610925033,0.6300108605595626,0.49752029732755937,0.4698742093658268
GRC,2020,0.09072360389085617,0.17722073088722623,0.7320556652219176,0.6771824749793313,0.4668701330136416
GRC,2021,0.0896615734824333,0.26460344159653687,0.6457349849210299,0.5061836177215895,0.41601102480062724
GRC,2022,0.23365526345177645,0.16322787551903475,0.6031168610291888,0.8225488033697465,0.5935281337570105
GRC,2023,0.17407217297645247,0.15630497503723198,0.6696228519863155,0.94622146826425,0.5539196061118464
GTM,1990,0.4377189840880029,0.40657289720846995,0.1557081187035271,0.9631098112281907,-0.114128322607317
GTM,1991,0.4105517379728502,0.4510237850601729,0.1384244769669769,0.9530255375119664,-0.04867267545371943
GTM,1992,0.388805477538229,0.48712872282973263,0.12406579963203833,0.8877504209217998,0.11646467043130755
GTM,1993,0.4939147096570545,0.34626992732783035,0.1598153630151152,0.824271028259851,0.24766697819782327
GTM,1994,0.43793920386389035,0.22796066143801702,0.33410013469809263,0.6846694925660141,0.2795466647329219
GTM,1995,0.3565909457250417,0.31352422235994515,0.3298848319150131,0.935732355546928,0.2674018343702598
GTM,1996,0.4040361392496298,0.43909528201129616,0.15686857873907403,0.9584179383218401,0.30790010155139486
GTM,1997,0.49980351996002464,0.3439086793898518,0.1562878006501236,0.8152274665575563,0.2734784555680724
GTM,1998,0.545452034757993,0.27487465119213,0.1796733140498771,0.6701589888515287,0.12295296420932186
GTM,1999,0.5867865148145068,0.259071525270325,0.15414195991516808,0.612565023900092,0.22979105663324212
GTM,2000,0.37254011330631215,0.45460830629294163,0.17285158040074622,0.9007817810660984,0.22780924629097238
GTM,2001,0.27641132208788005,0.5856573318331435,0.13793134607897647,0.6412744990335836,0.17125491368712653
GTM,2002,0.5419129804016535,0.3764178771247662,0.0816691424735803,0.8197870604907489,0.1719753309040323
GTM,2003,0.5439306623853041,0.38191885499422734,0.07415048262046854,0.8250128078592889,0.27831293208833013
GTM,2004,0.5375217863626921,0.3864276148927399,0.07605059874456796,0.8364692143696933,0.23609239586587946
GTM,2005,0.5080149376979897,0.40490006087156283,0.08708500143044756,0.887048764684557,0.20242882615287175
GTM,2006,0.4710565443153064,0.42367696184726794,0.10526649383742563,0.9470461515728354,0.22606802951852556
GTM,2007,0.43420365884795836,0.47024266816979915,0.0955536729822425,0.9601535124359755,0.1438980518542927
GTM,2008,0.41550822431530204,0.5013277284957588,0.08316404718893917,0.9063960091035587,0.14348530388683992
GTM,2009,0.4360843663349555,0.4823371911420024,0.08157844252304204,0.9496387857727226,0.1334827839328473
GTM,2010,0.41778009219439705,0.5000080225905573,0.08221188521504565,0.9104064118160574,0.1974254675916372
GTM,2011,0.4420943873599093,0.45632330482611017,0.10158230781398056,0.984162247037256,0.1633836506971333
GTM,2012,0.42996158593104183,0.480834208512561,0.0892042055563972,0.9441448644230985,0.21405688543416956
GTM,2013,0.4088916246644735,0.4893729473819358,0.10173542795359071,0.9104035434302933,0.10905550518350424
GTM,2014,0.3890582332935133,0.4891681772828576,0.12177358942362908,0.8860089576176112,0.19084704862190124
GTM,2015,0.3828729761275264,0.528703671469399,0.08842335240307458,0.8400236604060585,-0.00530754649656644
GTM,2016,0.3811034753248602,0.5003284971339097,0.11856802754123003,0.864737126024066,0.14352630649266235
GTM,2017,0.3526072807227858,0.5115420462640613,0.1358506730131529,0.8160795124432301,0.13232881682594336
GTM,2018,0.37907649221844436,0.49253150370622306,0.1283920040753326,0.8698325256098447,0.2216236212289091
GTM,2019,0.3385743182517088,0.5339005056356577,0.1275251761126335,0.7761239842845427,0.15952472876858953
GTM,2020,0.3171151818597124,0.5396974185229018,0.14318739961738583,0.740220631018038,0.21425389223896862
GTM,2021,0.32714668758107596,0.5338421233076054,0.13901118911131868,0.7599324949261699,0.08719959205119354
GTM,2022,0.3523696838455722,0.532993183278223,0.11463713287620476,0.7959892986935093,0.36043179088724014
GTM,2023,0.33850374216196744,0.5420928084023119,0.11940344943572062,0.7688055147276172,0.28306712043056975
HND,1990,0.6945291192042355,0.05053746189635809,0.2549334188994064,0.13565891472868216,0.07082829921305164
HND,1991,0.684329563812601,0.05767366720516963,0.2579967689822294,0.15545395166557804,0.005805446444956942
HND,1992,0.6362446609295769,0.09845210792461828,0.26530323114580484,0.26800746130450637,0.16919765167167078
HND,1993,0.79478070774696,0.13949993168465638,0.06571936056838366,0.29862532904358,0.3230695043114314
HND,1994,0.7211857050640936,0.07083032499342318,0.20798396994248325,0.17886083691583723,0.2970817809620858
HND,1995,0.6019325502084123,0.12931034482758622,0.2687571049640015,0.3536727555382822,0.3034889616393164
HND,1996,0.5793371597852249,0.2035734123310498,0.21708942788372523,0.5200425682866264,0.26433242173655314
HND,1997,0.5575214154191017,0.18012969337923304,0.2623488912016652,0.4883872368135446,0.2401620789235936
HND,1998,0.50514378290806,0.19230457675172136,0.3025516403402187,0.551451800232288,0.15021439090244998
HND,1999,0.7745715421828733,0.08959652183723159,0.1358319359798951,0.2073590209303248,0.03928468861426463
HND,2000,0.5949396392427609,0.2786970379966073,0.12636332276063184,0.6380158829349306,0.13566962866697407
HND,2001,0.4642687183487541,0.29894424961171506,0.23678703203953086,0.7833835696229915,0.11107378364972453
HND,2002,0.49501255294980734,0.2764358044041109,0.22855164264608174,0.716667037447045,0.10492076831791489
HND,2003,0.47720652678368264,0.3049379555947735,0.21785551762154387,0.7797484031785913,0.31157964736352134
HND,2004,0.4206896068995161,0.31323237905747836,0.2660780140430055,0.8535849451329361,0.2490558923066255
HND,2005,0.48665695288940064,0.28951060653900756,0.22383244057159177,0.7460002753843806,0.2123473163470896
HND,2006,0.4233421484839896,0.323418785377312,0.2532390661386984,0.8661909607536638,0.2291140211579745
HND,2007,0.4341663413638117,0.3348011786732828,0.23103247996290546,0.8707810666883101,0.14539932060795155
HND,2008,0.41817955298912396,0.36885864539517516,0.21296180161570089,0.9373335275273816,0.1524653070045343
HND,2009,0.44194468280665794,0.33738900559830165,0.22066631159504038,0.8658396540994558,0.13278974585023504
HND,2010,0.4333053710697202,0.33395012517967976,0.23274450375060002,0.8705056576645954,0.19901555577877078
HND,2011,0.37938042426858165,0.3339352558388349,0.2866843198925835,0.9362902433002689,0.2048242567004654
HND,2012,0.3933385602898152,0.3198772957630829,0.28678414394710194,0.8969999560395586,0.279945531087221
HND,2013,0.4048821500962813,0.3953465065157118,0.19977134338800687,0.9880838514069946,0.1420728543965574
HND,2014,0.3876011369512894,0.3814905655329517,0.23090829751575892,0.9920548207728676,0.23609625533792017
HND,2015,0.40071213105095665,0.3741834634266731,0.22510440552237027,0.9657648490798726,0.07194253648707383
HND,2016,0.4097260397343144,0.3408033784930048,0.24947058177268086,0.9081679417655626,0.16226376493462075
HND,2017,0.36918124523066215,0.2870937354759148,0.34372501929342303,0.8749190321618416,0.1516112927752746
HND,2018,0.3839140993711255,0.31134880856438946,0.304737092064485,0.8956289915965625,0.21600840356888448
HND,2019,0.42516290374885984,0.2988974181486973,0.2759396781024429,0.8256146873657481,0.15613705892594737
HND,2020,0.39914908437234137,0.33281409484487445,0.26803682078278424,0.9093738709665592,0.20419302102379733
HND,2021,0.34770498925870214,0.35444152233563514,0.2978534884056627,0.9904058014022791,0.09920857986736904
HND,2022,0.4516068414264593,0.2774938768781533,0.2708992816953874,0.7611949074015822,0.2939699881791637
HND,2023,0.40874919343090127,0.36875167792930524,0.22249912863979346,0.9485563078127205,0.18824942957623908
HRV,1993,0.6269353817268792,0.05629217919966622,0.3167724390734546,0.16478310425102494,0.5894416705897485
HRV,1994,0.5833624035100011,0.034480931957722,0.3821566645322769,0.11161707176664472,0.5523523457265856
HRV,1995,0.05961302843433179,0.0591362372763675,0.8812507342893007,0.995984891737134,0.5358163952916287
HRV,1996,0.0563419259420566,0.08873433686292657,0.8549237371950168,0.7767214960285196,0.5312380536712277
HRV,1997,0.08687679469908118,0.06094031685139821,0.8521828884495206,0.8245367023098291,0.5622706237231165
HRV,1998,0.048722908731567385,0.16740461091230055,0.7838724803561321,0.4508718631653419,0.42838352384049355
HRV,1999,0.044827316564577085,0.050689430470480905,0.904483252964942,0.9386273707190612,0.46977184435513614
HRV,2000,0.04219966555025609,0.04739766288695619,0.9104026715627878,0.9419849070573267,0.5330763523635044
HRV,2001,0.05007591648447116,0.05142838154910076,0.898495701966428,0.9866757852541154,0.4480548171243548
HRV,2002,0.03683921554919528,0.057857549421389314,0.9053032350294155,0.7780459144647348,0.457011089690519
HRV,2003,0.04093474246815829,0.037577299518506774,0.9214879580133349,0.9572365860739966,0.5134005178824494
HRV,2004,0.028393676162716475,0.0789497290729538,0.8926565947643297,0.5290250686640456,0.4879844261029277
HRV,2005,0.03739590914228384,0.09778540527144526,0.864818685586271,0.5532703880631284,0.4716389790599601
HRV,2006,0.05135869247180027,0.0854870777184882,0.8631542298097116,0.7506069409435798,0.5007501350749844
HRV,2007,0.06931084453146939,0.08171776451248577,0.8489713909560448,0.9178505313691562,0.4734252082675159
HRV,2008,0.029623557649568092,0.08973433283756138,0.8806421095128705,0.49638205783743206,0.48173260574627
HRV,2009,0.04921881527251844,0.11202394508415107,0.8387572396433305,0.6104933351878404,0.492260006985653
HRV,2010,0.06223722739191315,0.1145826849417706,0.8231800876663162,0.7039617492227103,0.5420429813773543
HRV,2011,0.046383054096176976,0.11770879128091588,0.8359081546229071,0.5653303976146523,0.531682514024237
HRV,2012,0.07080474264509645,0.12176213413069965,0.8074331232242039,0.7353782107349001,0.5397447202725612
HRV,2013,0.05557943648319537,0.1183352761111267,0.826085287405678,0.6391573852965665,0.4679183680795158
HRV,2014,0.042998655019029455,0.10241081617650671,0.8545905288044638,0.591414777393805,0.5077711384155931
HRV,2015,0.05180990940527165,0.20126539247318212,0.7469246981215463,0.40944263640673045,0.45697807880062646
HRV,2016,0.0617464225276874,0.08968359240381488,0.8485699850684977,0.8155110141885376,0.5355296967334001
HRV,2017,0.06189783400378375,0.08235695009317646,0.8557452159030398,0.8581737429544021,0.4756772757008057
HRV,2018,0.04396289956976331,0.0681477576397006,0.8878893427905361,0.7842769039811167,0.499193775341649
HRV,2019,0.04887398619848718,0.07118593441335283,0.87994007938816,0.8141598953159286,0.47606222705287143
HRV,2020,0.05482528178092822,0.061374943564467044,0.8837997746546047,0.9436346894847191,0.533182840161968
HRV,2021,0.05011636324468162,0.14776641850690905,0.8021172182484093,0.5065257603624602,0.5040091877477931
HRV,2022,0.34286291096844584,0.043159602290528856,0.6139774867410253,0.2236118402844238,0.6783041847093125
HRV,2023,0.17061529054792984,0.050490941572810144,0.77889376787926,0.4567120617861051,0.6471499412800182
HTI,1990,0.8890150717178288,0.005948617038142192,0.10503631124402904,0.013293538303014206,-0.016978138060542915
HTI,1991,0.8936632929370449,0.005239915547676565,0.10109679151527855,0.01165846444470807,-0.08976474004894151
HTI,1992,0.8505985649788192,0.013573195277121029,0.1358282397440598,0.031413188676984956,0.07678546953367321
HTI,1993,0.9873270404027222,0.000574205602154118,0.0120987539951237,0.0011624757119726998,0.2662783618644636
HTI,1994,0.9884220077464229,0.0002792176472416837,0.011298774606335408,0.0005648170348540015,0.3101718700000717
HTI,1995,0.8096384751671591,0.00311500703651308,0.18724651779632778,0.0076653182169509875,0.28390766289749747
HTI,1996,0.9141330041386554,0.013253485948391387,0.07261350991295319,0.028582443436602968,0.2477578544244282
HTI,1997,0.9330553595196319,0.004654341584592194,0.062290298895775836,0.009927041554782584,0.21668643074909946
HTI,1998,0.8734246716400959,0.013990383965959132,0.11258494439394502,0.031530643699535794,-0.002512575022515738
HTI,1999,0.8871012519712892,0.031238978689016445,0.08165976933969443,0.06803356239017204,0.08254873106834087
HTI,2000,0.0025926195838861248,0.7575402429128946,0.23986713750321934,0.006821490588816912,0.09617184183069369
HTI,2001,0.0024280857214661234,0.766287236882175,0.23128467739635877,0.00631725594656339,0.035816889844372944
HTI,2002,0.002710171253070056,0.7640833832595172,0.2332064454874127,0.0070688420295676015,-0.089639969844512
HTI,2003,0.002325383777821326,0.7234172862473761,0.27425732997480257,0.00640828732790533,0.038621664132294356
HTI,2004,0.002087906288746572,0.6966457810390473,0.30126631267220616,0.0059762576976400495,0.3488569315063408
HTI,2005,0.001977210844712978,0.6752556219083243,0.32276716724696264,0.005839087383508461,0.16000232262535002
HTI,2006,0.001908854988392638,0.6621824905577984,0.3359086544538089,0.005748772367520236,0.21253222069267855
HTI,2007,0.0007431270135874364,0.9109458161185585,0.08831105686785402,0.001630220524632869,0.052514858048310874
HTI,2008,0.014487479753225297,0.8975866713613538,0.08792584888542083,0.03176820598527259,0.11928211321181162
HTI,2009,0.016019818167196644,0.9339071240654666,0.05007305776733673,0.033728526805533954,0.05481423106030368
HTI,2010,0.058727584111370766,0.8916916525052997,0.049580763383329486,0.12358248202220926,0.06511091038824793
HTI,2011,0.0173696525302596,0.8932305500509636,0.08939979741877677,0.038149898234203984,0.18262729092681962
HTI,2012,0.047738764244735,0.8956400456862045,0.05662119006906051,0.10120804864851637,0.14205473891973405
HTI,2013,0.4652860212208893,0.4074460825937601,0.12726789618535062,0.9337254371939396,0.05940116166159055
HTI,2014,0.7676961452031583,0.14876200829668723,0.0835418465001545,0.32464550122355873,0.15325686811724637
HTI,2015,0.48948119634228665,0.43793145038042125,0.0725873532772921,0.9444155240452758,-0.03167699887840757
HTI,2016,0.7821575025325871,0.08118083148984588,0.136661665977567,0.1880626129772583,0.06610499206365388
HTI,2017,0.6004583146866499,0.1675677180594331,0.231973967253917,0.43635947458784285,0.03513434483167867
HTI,2018,0.5957452787479496,0.16654421630673172,0.2377105049453187,0.4369579205464061,0.18841930134782606
HTI,2019,0.6982686133066633,0.14349675405478712,0.15823463263854948,0.3409424041870096,0.1981565134375445
HTI,2020,0.7248755167958247,0.12485919537000499,0.15026528783417023,0.2938780623702192,0.22739597278865667
HTI,2021,0.7382100266970949,0.13981710112665158,0.12197287217625358,0.31848013961299426,0.07170593687900811
HTI,2022,0.7947305670396922,0.16161183139143723,0.04365760156887058,0.3379790160021346,0.26150760359055825
HTI,2023,0.8038339925652161,0.14633186617858038,0.04983414125620348,0.30801331121714703,0.1785456136787186
HUN,1990,0.11879687793748842,0.3008309397631014,0.5803721822994102,0.5662011569607219,0.382204521543537
HUN,1991,0.10416817775198858,0.15252290805348034,0.743308914194531,0.8116228689837053,0.4756607281670823
HUN,1992,0.10835399250504468,0.10001729605073509,0.7916287114442202,0.9599911460350838,0.5627424836535052
HUN,1993,0.642637768335959,0.06500533091453033,0.29235690074951065,0.18372349277024447,0.6395364183357783
HUN,1994,0.6219072662111537,0.03511782084733545,0.3429749129415109,0.10689948234566947,0.6911249546251563
HUN,1995,0.11747324573286372,0.038412693037117314,0.844114061230019,0.4928307625461656,0.600472513957369
HUN,1996,0.11271852973086409,0.03672910285432526,0.8505523674148107,0.49153141095612396,0.6304137252027655
HUN,1997,0.13802129141848526,0.024861233282117142,0.8371174752993976,0.30526581446125134,0.6132263596933273
HUN,1998,0.08499392699347126,0.0797376436144557,0.835268429392073,0.9680918274522744,0.5399357104068926
HUN,1999,0.10052462245422242,0.05393352590394774,0.8455418516418298,0.6983577943571132,0.6005196644448692
HUN,2000,0.09718726820683102,0.04739011927581452,0.8554226125173545,0.6555675144081993,0.5856015131288956
HUN,2001,0.09761717790645057,0.055266820227606955,0.8471160018659425,0.7229902527685836,0.5621225909909445
HUN,2002,0.08465578949735895,0.05775786222840346,0.8575863482742376,0.8111281682408422,0.5304350095804455
HUN,2003,0.07981152779852561,0.05306632675381869,0.8671221454476556,0.7987234130562273,0.5418944601880429
HUN,2004,0.03329343356211191,0.05911293788562241,0.9075936285522657,0.7205874019399822,0.5076056233767895
HUN,2005,0.0332348593132938,0.07047205014171265,0.8962930905449935,0.6409381879750807,0.48669041886700015
HUN,2006,0.03442487124652593,0.08477928474094173,0.8807958440125323,0.577578373192712,0.5121352815369135
HUN,2007,0.0719597177987284,0.08905772900130238,0.8389825531999692,0.8938126796668924,0.5056617833502817
HUN,2008,0.02860212960184698,0.10415912336871304,0.8672387470294399,0.4308806818536059,0.4848964002587352
HUN,2009,0.0832711052175922,0.09279076947152874,0.8239381253108791,0.94593000744343,0.5275846931918399
HUN,2010,0.13360274163730318,0.10763108965636682,0.75876616870633,0.8923382684689888,0.5624044782797206
HUN,2011,0.07392793882404852,0.11487235538821036,0.8111997057877411,0.7831337247910745,0.5132392094343066
HUN,2012,0.11988651138612794,0.11028645148811897,0.7698270371257531,0.9582919740957851,0.5534490032389161
HUN,2013,0.07274597411739085,0.1188337701452072,0.808420255737402,0.7594328345869181,0.5071153936939725
HUN,2014,0.07171286578980222,0.08314521331035253,0.8451419208998453,0.9261753239677187,0.5601189820097399
HUN,2015,0.07443158677036298,0.17138114985131234,0.7541872633783246,0.6055958514868894,0.5032495486324651
HUN,2016,0.07513738445598596,0.06961845938114365,0.8552441561628704,0.9618742502647986,0.5647697505723147
HUN,2017,0.06228505219499245,0.07237322672756846,0.8653417210774391,0.9250831466635817,0.4916363801588472
HUN,2018,0.06426177685901865,0.06501790308853134,0.87072032005245,0.9941512368392353,0.5836971488927408
HUN,2019,0.06164809659407201,0.07918781958253707,0.8591640838233909,0.8754598722781046,0.5336202401810318
HUN,2020,0.06274169507602068,0.06491820757989662,0.8723400973440827,0.9829506958834026,0.5641663833441171
HUN,2021,0.05820601664747885,0.06986569117178199,0.8719282921807392,0.9089597950801307,0.5101182093964274
HUN,2022,0.5072722079178467,0.06228349087343437,0.430444301208719,0.21870904287539658,0.7201765407757779
HUN,2023,0.1904011173305461,0.060361182701486105,0.7492376999679677,0.4814215110786239,0.6935518295292207
IDN,1990,0.18580727933336233,0.20387692911233832,0.6103157915542994,0.9536300178776841,-0.20327338041812823
IDN,1991,0.16853311447955327,0.3043779679354033,0.5270889175850434,0.712747578758045,-0.27711926926360864
IDN,1992,0.18481967450775721,0.2612754125818643,0.5539049129103785,0.8286111183763228,-0.09730063464166537
IDN,1993,0.2847107878352507,0.2551862000761423,0.460103012088607,0.9453144054881187,0.012059191069131473
IDN,1994,0.29300209081828704,0.2728797374045678,0.4341181717771452,0.9644407146331005,0.05495994998121767
IDN,1995,0.1932902251103099,0.27956389732359793,0.5271458775660922,0.8175469597912901,0.03678125728005399
IDN,1996,0.1877072553928907,0.29435979518199407,0.5179329494251153,0.7787599470614808,-0.04347828009568343
IDN,1997,0.22018824861000783,0.32415262322544763,0.4556591281645445,0.8090086929080234,-0.034263965715150904
IDN,1998,0.18579968244247289,0.364792514171927,0.44940780338560016,0.6749085206254578,-0.16979661679752753
IDN,1999,0.17843286598391336,0.33571605013725736,0.4858510838788293,0.6940902154575841,-0.0753809312234385
IDN,2000,0.1726884695582824,0.3353612052662098,0.4919503251755078,0.6798093891820256,-0.062265731187227
IDN,2001,0.17411652653041118,0.32986022978016594,0.4960232436894229,0.6909704638168327,-0.12235895453790442
IDN,2002,0.1643668562126039,0.35194563240295124,0.4836875113844448,0.6366952566006632,-0.12852575838454428
IDN,2003,0.1480618092281004,0.3653398501708175,0.4865983406010821,0.5767874198203748,0.01899602209657391
IDN,2004,0.1306001658401992,0.3778222018592383,0.4915776323005625,0.513746735538613,-0.07880352825607741
IDN,2005,0.1211262798072645,0.396288431582503,0.48258528861023253,0.46819805135389864,-0.1280434115780391
IDN,2006,0.14577174494334022,0.40118034895423843,0.45304790610242135,0.533032953232051,-0.10339555886145978
IDN,2007,0.1193755956138766,0.4316301457829955,0.44899425860312786,0.43330073226185906,-0.13467840929948835
IDN,2008,0.10474772303909734,0.45524806103548576,0.4400042159254169,0.3741018272564227,-0.11335245663795025
IDN,2009,0.11665707492710371,0.48854463749485627,0.39479828757804,0.38551468884730394,-0.11966727639864896
IDN,2010,0.11966324189296074,0.48751293554760916,0.3928238225594301,0.39416316495609977,-0.09823184854826206
IDN,2011,0.09992815394748963,0.5011964678369698,0.39887537821554053,0.3324706735546763,-0.01184436255636561
IDN,2012,0.10348527971904833,0.5215633249696098,0.3749513953113419,0.3311271441701569,-0.02308463159634697
IDN,2013,0.10526175888136362,0.5532074281380156,0.34153081298062077,0.3197165819036744,-0.13480710081399225
IDN,2014,0.11443351521661072,0.5461389274693091,0.3394275573140801,0.3464677235136193,-0.0881210509634954
IDN,2015,0.13018982994988282,0.6959664202017629,0.17384374984835424,0.31516999339044094,-0.2958722393663776
IDN,2016,0.13347206598031242,0.5557860132267408,0.3107419207929468,0.3872919883184057,-0.18268065813851078
IDN,2017,0.11933302486755638,0.5871431482049638,0.2935238269274798,0.33782604259268284,-0.21749050524923444
IDN,2018,0.11602854903095809,0.5884590389978434,0.29551241197119854,0.3293984195111597,-0.17191845954661725
IDN,2019,0.12009605312314198,0.6233316826140833,0.25657226426277463,0.3230873623622554,-0.16067847143488234
IDN,2020,0.12808444051573725,0.6117561050078261,0.2601594544764367,0.3462487729030738,-0.1010187839968097
IDN,2021,0.12347233352449648,0.639025745465357,0.23750192101014655,0.3238626743507888,-0.19963216859713132
IDN,2022,0.14191460844657533,0.6400586461885741,0.21802674536485056,0.3629653766426817,0.0566321332417575
IDN,2023,0.11011380117740288,0.6696728876059471,0.22021331121664994,0.2824203150972126,-0.008438287821371295
IND,1990,0.3472038323212275,0.249794614218106,0.4030015534606666,0.8368350559908809,-0.22454870461863474
IND,1991,0.32229964353665597,0.30629804863251936,0.3714023078308247,0.9745439808267222,-0.13202669625132862
IND,1992,0.32900836240649106,0.29052247257145686,0.380469165022052,0.9378789760538648,4.353116810518127e-05
IND,1993,0.4636813607775884,0.31325099174424853,0.2230676474781631,0.8063790643483187,0.06430657354641138
IND,1994,0.47235730356531025,0.3060976088885171,0.22154508754617266,0.7864234755064835,0.05977400482058967
IND,1995,0.31185508576416265,0.3261785172901821,0.36196639694565524,0.9775506627590593,-0.019417370435634265
IND,1996,0.32124761824320763,0.34645249724471644,0.3322998845120759,0.9622511986790803,-0.07352780878710313
IND,1997,0.3419415638121898,0.3301986575900242,0.327859778597786,0.9825290826999347,0.00142719061537924
IND,1998,0.3046983613236343,0.3600275290487464,0.3352741096276193,0.9167639345383154,-0.0784177303127652
IND,1999,0.3229457205411881,0.34324256922057717,0.33381171023823475,0.9695328648201735,0.010486880751421495
IND,2000,0.3135426239784613,0.3693581260000195,0.31709925002151923,0.9182670365740307,0.034919125266573696
IND,2001,0.28840697949991856,0.4111546219369508,0.30043839856313065,0.8245363350633971,-0.014903151319126803
IND,2002,0.2873436738846816,0.4226793307493177,0.2899769953660007,0.8093925746329889,0.12368722283739024
IND,2003,0.2625014675315974,0.45571569503405895,0.2817828374343436,0.7309807707570637,0.21446302326629815
IND,2004,0.19428564941540136,0.48823300089003774,0.31748134969456093,0.5693196788936247,0.11341918147246981
IND,2005,0.18950736621559627,0.48953351022469804,0.3209591235597057,0.5581618803540732,0.13467337598284013
IND,2006,0.18043568329252085,0.5158544671278281,0.30370984957965097,0.5182772819164315,0.08416714138943525
IND,2007,0.19356951151053142,0.5450645213796588,0.26136596710980975,0.5241283311929621,0.03830662082245285
IND,2008,0.1395079253096323,0.5770394283227686,0.2834526463675992,0.3893892695365445,-0.004911965871005956
IND,2009,0.17900867528678516,0.5593743137398732,0.2616170109733416,0.4848667370377956,0.045894302082575056
IND,2010,0.1878793730160732,0.5983889805990965,0.21373164638483028,0.4779013988092637,0.0862517057410448
IND,2011,0.17351316908667733,0.5909476080541555,0.23553922285916723,0.45394917378399874,0.0640100617855904
IND,2012,0.1998239672395887,0.5982782654078863,0.20189776735252496,0.5007477966243248,0.055859892188662594
IND,2013,0.18842949804411072,0.6096861679793966,0.20188433397649272,0.4721859401230218,-0.030002207494497505
IND,2014,0.19411238086476632,0.5955019424093131,0.2103856767259206,0.49166377848844783,-0.0057200402024406485
IND,2015,0.21798378626998613,0.61402649461645,0.16798971911356386,0.5239930113309248,0.02572950033360194
IND,2016,0.22912303393296904,0.5486302168709967,0.22224674919603427,0.5891920958121972,0.048461304094645406
IND,2017,0.21091790742065514,0.5562511183980899,0.2328309741812549,0.5498603314844663,0.05589827764810319
IND,2018,0.2142943324738033,0.550075848039336,0.23562981948686076,0.5607082482729574,0.06903038768873783
IND,2019,0.21666623473510788,0.5708624910168262,0.21247127424806594,0.5502433819877097,0.05744802559431097
IND,2020,0.2267593463844042,0.5462909103400867,0.22694974327550912,0.5866613312961345,0.1390661150741209
IND,2021,0.22760398868023785,0.5289353208842106,0.2434606904355516,0.6016977196102951,0.06495476426420335
IND,2022,0.30410225257407497,0.4917103693421833,0.2041873780837417,0.764255917031874,0.22140171021794425
IND,2023,0.2581757916511131,0.5091081919028837,0.23271601644600318,0.6729602003557116,0.16632858559598016
IRN,1990,0.16142446391143117,0.21696135862847316,0.6216141774600956,0.8532268086995117,-0.2720449050002895
IRN,1991,0.23427723271125395,0.2719696608634671,0.493753106425279,0.9255453640691824,-0.1991821527221562
IRN,1992,0.28489106673708275,0.21112128727763776,0.5039876459852795,0.8512743102820869,-0.10593004855427948
IRN,1993,0.3944808253140519,0.17937317729331353,0.4261459973926346,0.6251526572205224,0.004127806497250767
IRN,1994,0.4066985921329819,0.19098873015690293,0.40231267771011525,0.6390924586627632,-0.05409882925525388
IRN,1995,0.1765759829845277,0.23595674463498229,0.58746727238049,0.8560580587312262,-0.007655618746974583
IRN,1996,0.25080953463941863,0.13502171393915766,0.6141687514214237,0.6999003550727688,-0.13988599623289208
IRN,1997,0.21754269226577333,0.21684860235531667,0.56560870537891,0.9984021551098023,-0.16992799735540207
IRN,1998,0.186477819800154,0.27791456202248904,0.535607618177357,0.8031045602783901,-0.31839610732006207
IRN,1999,0.18228700435196288,0.2589446067750998,0.5587683888729373,0.8262644822130353,-0.27767942547128255
IRN,2000,0.00867903081905091,0.3378292293413718,0.6534917398395773,0.05009422179449797,-0.19042997329290365
IRN,2001,0.008517880880934619,0.3487226390207089,0.6427594800983565,0.047687092624766,-0.29647210956720155
IRN,2002,0.01085949258645704,0.3615234001943817,0.6276171072191612,0.058324336573905164,-0.25011549718566756
IRN,2003,0.007587030387268412,0.3196853960117967,0.6727275736009349,0.04636522832520598,-0.0728524954831472
IRN,2004,0.004211668819867348,0.37066006101490007,0.6251282701652325,0.02246991962676796,-0.13600876208285734
IRN,2005,0.003661893821013202,0.34765988805351794,0.6486782181254689,0.020846380782168456,-0.22554154134052445
IRN,2006,0.002798571458890544,0.4188087992456169,0.5783926292954925,0.013275723591900782,-0.175316500991122
IRN,2007,0.0038184806976861935,0.432671674119763,0.5635098451825509,0.017496297020871753,-0.2731615813921945
IRN,2008,0.001365130157131797,0.5254071910702542,0.4732276787726139,0.005182998810381786,-0.35816883548840023
IRN,2009,0.006406725317073962,0.5174575610342652,0.47613571364866086,0.02445948496201619,-0.32884619334355575
IRN,2010,0.017310784458454177,0.5039980934503729,0.47869112209117287,0.0664127744299866,-0.3516852524887061
IRN,2011,0.005107597236908182,0.49354318515901413,0.5013492176040777,0.020485668195955282,-0.25924813262733104
IRN,2012,0.0044377133784536905,0.585895953071187,0.40966633355035925,0.01503459358888608,-0.3189174367059572
IRN,2013,0.0010579936028789366,0.7863072183528687,0.2126347880442524,0.002687427858924504,-0.30958836894974767
IRN,2014,0.001110539803374673,0.661044478406641,0.33784498178998434,0.0033543196769142145,-0.2565025364599304
IRN,2015,0.001716863938876553,0.9041253899893045,0.09415774607181895,0.003790646619610379,-0.4382279535228505
IRN,2016,0.003898579620164898,0.6028251869905864,0.39327623338924866,0.012851250716427148,-0.520619502879115
IRN,2017,0.001430423614266487,0.5486550792452516,0.44991449714048193,0.0052007319110599845,-0.4125758301942504
IRN,2018,0.0015119073566698497,0.6465035617079923,0.35198453093533794,0.004666269337218505,-0.44104318449267554
IRN,2019,0.0009189978697762963,0.8581088769133085,0.14097212521691524,0.0021396229313474947,-0.43888408685834246
IRN,2020,0.0012099332172433614,0.8384702874890014,0.16031977929375527,0.002881890480225201,-0.36467668553454274
IRN,2021,0.001265955895198762,0.7482215770007378,0.25051246710406344,0.0033781906693157366,-0.5738209208775797
IRN,2022,0.023205143262938748,0.7256528184017021,0.2511420383353591,0.06197475209145375,-0.23154097843655141
IRN,2023,0.006499008803795741,0.7793820335108514,0.21411895768535277,0.01653942124536884,-0.28586383659531045
IRQ,1990,0.34361581167282446,0.3609129325426533,0.2954712557845224,0.9754486654918674,-0.2981425552758717
IRQ,1991,0.009681963053519668,0.5892065114791025,0.4011115254673778,0.03233310863454354,-0.38813465054328
IRQ,1992,0.0008667143682970194,0.676621767618027,0.3225115180136763,0.0025586098991850176,-0.24152871325351688
IRQ,1993,0.009302551277157624,0.8633470642240505,0.12735038449879185,0.021320243799831815,-0.07376835212416671
IRQ,1994,0.0009988313957705766,0.99808252894015,0.0009186396640795265,0.0019994996111923056,-0.00599770058632096
IRQ,1995,0.0008155672364040014,0.9783436060410582,0.0208408267225378,0.0016658522100632886,
IRQ,1996,0.0002423966363132299,0.9397943047712223,0.05996329859246456,0.0005157173883749105,
IRQ,1997,0.2866315046350669,0.3243629207251679,0.38900557463976515,0.9382458914124217,
IRQ,1998,0.2543869537618126,0.21466714421666425,0.5309459020215231,0.9153193422329486,
IRQ,1999,0.41399341851681676,0.10241755484226035,0.48358902664092285,0.3966513498970369,
IRQ,2000,0.36728893798303947,0.1716932661345639,0.4610177958823966,0.6371017997362349,
IRQ,2001,0.5154505977128987,0.1280997904571665,0.35644961182993484,0.39810337406964547,
IRQ,2002,0.4122680598453089,0.19550773797518198,0.3922242021795091,0.6433547985170874,
IRQ,2003,0.5511327587854339,0.12543097506043732,0.32343626615412885,0.37078834937674005,
IRQ,2004,0.5383371924519922,0.10443267309713622,0.3572301344508716,0.32494576580038564,-0.13727435612184646
IRQ,2005,0.5317092472138504,0.079626291622677,0.38866446116347264,0.2604994689960901,0.09581080589031027
IRQ,2006,0.4308731324202988,0.21280473171861689,0.35632213586108435,0.6612150069920388,0.03620361012329151
IRQ,2007,0.31503426718686495,0.2678216297781378,0.41714410303499727,0.9189977528672717,-0.001994185921116802
IRQ,2008,0.4094590053108726,0.2741402989288045,0.3164006957603229,0.8020496721649325,-0.0042611127355411905
IRQ,2009,0.28132454931111844,0.3288201858904279,0.38985526479845367,0.9221567706166957,-0.07356093003776157
IRQ,2010,0.30955201420692363,0.36955460443117566,0.32089338136190076,0.9116448160311219,0.011648050191137321
IRQ,2011,0.25399830232501197,0.4091362189347048,0.3368654787402832,0.7660536261707704,0.051567546173767895
IRQ,2012,0.2696109796091328,0.42708536832169947,0.30330365206916776,0.7739698375335812,0.017444457129596105
IRQ,2013,0.1926805424217226,0.5119917122237932,0.29532774535448414,0.5468656986321967,-0.11499975131718157
IRQ,2014,0.1907225242155524,0.5223642189542697,0.28691325683017793,0.5349209645035617,-0.028347733942802527
IRQ,2015,0.08702900820040971,0.5502384444569657,0.36273254734262467,0.27313181565291883,-0.26707411033415884
IRQ,2016,0.13058715997148254,0.4866801553153128,0.38273268471320465,0.4231138009010213,-0.19943839481223574
IRQ,2017,0.16384371243028215,0.48645711075784287,0.34969917681187496,0.5039012917961013,-0.14827201839346743
IRQ,2018,0.12664039899835897,0.5422667649106497,0.3310928360909913,0.3786486550937458,-0.12721333506651786
IRQ,2019,0.0799532320446959,0.6074013468774013,0.3126454210779028,0.23264042896194215,-0.18507778179858636
IRQ,2020,0.052756192499279195,0.6141265643037802,0.3331172431969405,0.15821729370297363,-0.07553052514014075
IRQ,2021,0.04488194686398093,0.6955848195314598,0.25953323360455927,0.12122609386634392,-0.1767942586372805
IRQ,2022,0.10454077172519051,0.6519675854737607,0.2434916428010488,0.2763770439027622,0.059424604551660494
IRQ,2023,0.09712161861018323,0.6535736160042037,0.24930476538561308,0.2587511259747696,-0.003172469515672632
JAM,1990,0.48502186642021433,0.13195762743616493,0.38302050614362076,0.4277536895476856,0.007132421849038818
JAM,1991,0.47964456344209183,0.11772981357763193,0.40262562298027627,0.39415756050663286,0.08816266248406318
JAM,1992,0.6081132438940339,0.10845629255171839,0.28343046355424767,0.30270974981624565,0.1659147310739997
JAM,1993,0.702091201581158,0.09683828121730909,0.20107051720153285,0.24242009664759587,0.32389271064148156
JAM,1994,0.6821217193270994,0.0964600330935986,0.221418247579302,0.24778395536163939,0.32866526498276283
JAM,1995,0.62099939106171,0.08161383228258648,0.29738677665570357,0.23231510472894656,0.3132655790809128
JAM,1996,0.5915433697949627,0.09464856570479512,0.31380806450024223,0.2758661558325135,0.25651303066020786
JAM,1997,0.5858374891821166,0.11106103260781194,0.30310147821007144,0.3187294251179081,0.21903683381060607
JAM,1998,0.5210702770678494,0.132255206080485,0.34667451685166567,0.4048677404810707,0.05927711326527796
JAM,1999,0.4982440435449986,0.12229656049434257,0.3794593959606588,0.39416134801902236,0.0919476736235518
JAM,2000,0.5075813515710899,0.09020095156731682,0.4022176968615933,0.3017852856926488,0.11531849394222836
JAM,2001,0.4437001889339922,0.12771406660182907,0.42858574446417874,0.4470104319748559,0.03505129031323306
JAM,2002,0.4069881814386529,0.1345459197426861,0.458465898818661,0.49690654549428576,0.021325774119121028
JAM,2003,0.4143119563626868,0.1716006514027894,0.4140873922345238,0.5857551079408626,0.10453803651650302
JAM,2004,0.2199701222162839,0.18660818529638382,0.5934216924873322,0.9179446214826387,0.07594481331064373
JAM,2005,0.2592646486891354,0.1644775068041586,0.5762578445067059,0.7763093884897254,0.0255534578981399
JAM,2006,0.30761555542076047,0.22110724495782852,0.471277199621411,0.8363824854895833,0.1098364419218158
JAM,2007,0.48290121825752585,0.12193238589506401,0.39516639584741015,0.40319315943398676,0.024901439558431684
JAM,2008,0.5147160308624379,0.10683202432331895,0.3784519448142432,0.3437611088378065,0.032118875417923576
JAM,2009,0.6744950307178451,0.14048741850312815,0.1850175507790267,0.34476182557653234,0.057618164908769774
JAM,2010,0.6981912825335337,0.13074929125834947,0.17105942620811687,0.31546119321980703,0.08209059797635516
JAM,2011,0.7626034263731147,0.09709089880633509,0.14030567482055017,0.22587307130605674,0.10285303668612403
JAM,2012,0.5958675042588649,0.18535434649019233,0.21877814925094272,0.4745242246167831,0.09212761628334551
JAM,2013,0.6937324422522319,0.1043283481728521,0.201939209574916,0.2614546396077973,0.0100006515679436
JAM,2014,0.6031772447838789,0.18640608985743284,0.21041666535868828,0.4721631819701781,0.07391450606018259
JAM,2015,0.5814470314299556,0.2049226621210099,0.21363030644903452,0.5211865711549797,-0.08452978763969211
JAM,2016,0.5842680212099426,0.21201170192238342,0.20372027686767397,0.5325055900918659,0.028282694405716527
JAM,2017,0.4245717547312822,0.21706567044166084,0.3583625748270569,0.6765991568623175,-0.044392980415562056
JAM,2018,0.35218355855510985,0.15867467360386392,0.48914176784102625,0.621208247670896,0.003900477945008408
JAM,2019,0.43739825441450586,0.14892808241696273,0.41367366316853144,0.5080040689346351,-0.03810955403972341
JAM,2020,0.5199230390148598,0.1868363719046652,0.293240589080475,0.5287127953813389,0.043396317205317295
JAM,2021,0.5828054039641917,0.16598960146839067,0.2512049945674176,0.4433512517154083,-0.029669113862780955
JAM,2022,0.7335040583816772,0.193631108418772,0.0728648331995508,0.4176976892959297,0.20519370014386
JAM,2023,0.5951167880273711,0.2319262640697321,0.1729569479028968,0.5608565684256582,0.17187472686839436
JOR,1990,0.02013467366046227,0.9224676042046241,0.05739772213491361,0.04272146192149161,-0.18790347958577372
JOR,1991,0.040790225176855835,0.8926603751482428,0.06654939967490137,0.0873966445844045,-0.2493090860825277
JOR,1992,0.012823100192225073,0.8568132996913979,0.13036360011637707,0.02949071633602525,-0.013677366305724912
JOR,1993,0.058451390591777994,0.8049246987657223,0.13662391064249976,0.1354019211610918,0.12248312365292278
JOR,1994,0.06232922946826591,0.8146379975272718,0.12303277300446232,0.14214722637196808,0.14317918604803137
JOR,1995,0.034848589959906966,0.7731896333318157,0.1919617767082774,0.08625480566486947,0.16703714602904532
JOR,1996,0.03430796421196453,0.7818259281462033,0.183866107641832,0.08407435234146156,0.1516893725680342
JOR,1997,0.06067374724858874,0.7697028488621659,0.16962340388924546,0.1461354945039808,0.13658214189179407
JOR,1998,0.0535125587025106,0.7967933251119358,0.1496941161855535,0.12586660805510339,-0.16962110988639317
JOR,1999,0.07189643508904402,0.8054262895139808,0.1226772753969752,0.1638996302565309,-0.048518935752651926
JOR,2000,0.13821364332601768,0.7859598688650812,0.07582648780890117,0.29910756260116256,-0.1429972088332877
JOR,2001,0.2611142172670885,0.662459375443442,0.07642640728946944,0.5654432290571733,-0.20157129129172588
JOR,2002,0.36513234817443435,0.548666855536121,0.08620079628944459,0.7991522572831865,-0.22582003614541102
JOR,2003,0.35299079333799416,0.4900561742756424,0.1569530323863634,0.8374166728508246,-0.09148025518982253
JOR,2004,0.3377168605862069,0.5992318658209843,0.06305127359280875,0.7208865353416097,0.03708483457798928
JOR,2005,0.31776697982361907,0.6207528911205592,0.06148012905582173,0.677166226654181,-0.05758775772314307
JOR,2006,0.30131446529545514,0.5877027373148714,0.11098279738967345,0.6778596958770596,0.10124934246889639
JOR,2007,0.28875445358987845,0.6503751961154841,0.060870350294637436,0.6149405541193822,-0.03043908135666823
JOR,2008,0.19533803669744176,0.7247947933734704,0.0798671699290878,0.4245866038328131,0.018477541156100723
JOR,2009,0.20011244835912895,0.7304283969098899,0.06945915473098112,0.43009922536237843,-0.019540231978701597
JOR,2010,0.17978581692712925,0.7485111951794972,0.0717029878933736,0.38734546073596243,0.05726227649355261
JOR,2011,0.17446690732316883,0.7491392923478614,0.0763938003289698,0.3777950113052736,0.036691710230105444
JOR,2012,0.18658106245736725,0.7350088549253657,0.07841008261726706,0.40491124943564416,0.042452027363506395
JOR,2013,0.2021065686652276,0.7500776440869791,0.047815787247793326,0.42451148834122326,-0.038881606059998956
JOR,2014,0.20473450702799806,0.7171214286735715,0.07814406429843039,0.4441789635431198,0.04001312611289534
JOR,2015,0.23730071582122528,0.7346775313824372,0.02802175279633754,0.48828400533433486,-0.1472108801386344
JOR,2016,0.2872237375572347,0.6619622442624139,0.05081401818035142,0.6052001252833694,-0.14605708345048554
JOR,2017,0.28304127922825667,0.6632512720204389,0.05370744875130444,0.5982109419645437,-0.12742000598262682
JOR,2018,0.2974289144405279,0.6481454804219734,0.05442560513749873,0.6290968030786788,-0.04008508110171762
JOR,2019,0.31118620858863427,0.6442044366186667,0.04460935479269902,0.6514323960564069,-0.1306106503844318
JOR,2020,0.27581283425608716,0.6363438132342085,0.08784335250970433,0.6047488334705613,0.010038416778018555
JOR,2021,0.2952237390750384,0.6376462324900949,0.06713002843486673,0.6329365250758868,-0.10751267544378887
JOR,2022,0.2611869987246075,0.6441670491131998,0.09464595216219271,0.576983113619212,0.14221548790515795
JOR,2023,0.27374936103775155,0.6369561883602198,0.08929445060202858,0.6011808343953006,0.019868605993846086
KAZ,1992,0.10956111646158405,0.5490468560492623,0.3413920274891536,0.33270510238100626,0.355639163204764
KAZ,1993,0.29218468308909396,0.24692862820797234,0.46088668870293364,0.9160546513454862,0.45234462859712615
KAZ,1994,0.23492737065448016,0.07559980414558512,0.6894728251999347,0.4869126458530432,0.4775602478847207
KAZ,1995,0.0412261945204932,0.09746008273215963,0.8613137227473472,0.5945244956772335,0.4451350938176712
KAZ,1996,0.05828172136753701,0.12871998283918323,0.8129982957932798,0.6233282377267506,0.4179619499548181
KAZ,1997,0.1457937859982153,0.13737324572077553,0.7168329682810092,0.9702629920357532,0.3804435254693248
KAZ,1998,0.11242326017655971,0.554009048052745,0.33356769177069534,0.3373883852518067,0.23592477319260635
KAZ,1999,0.06776949019028629,0.5390049971690914,0.39322551264062233,0.22337620187431534,0.33163614338450986
KAZ,2000,0.07262106957869645,0.5075153152064158,0.4198636152148877,0.25035861043466856,0.33183935221592975
KAZ,2001,0.07296977548406841,0.5875450260609247,0.3394851984550069,0.22094819166318966,0.24080851466918202
KAZ,2002,0.03407424094644217,0.5664452223447312,0.39948053670882666,0.11348255312058263,0.22147198068911564
KAZ,2003,0.03004682618158235,0.4872530017361096,0.48270017208230803,0.11616793418444024,0.2843107374635387
KAZ,2004,0.030994905024314526,0.35299729450064427,0.6160078004750412,0.1614350763513357,0.20102631655384137
KAZ,2005,0.04886159052260534,0.2766051572464809,0.6745332522309138,0.30025549987842015,0.1524869193712471
KAZ,2006,0.028686749599559257,0.2935099958933443,0.6778032545070964,0.17806976638248562,0.1695726165650191
KAZ,2007,0.05498140926410663,0.32997055577319206,0.6150480349627013,0.2856533503279007,0.13447133365525984
KAZ,2008,0.0451778651473551,0.315914139620952,0.638907995231693,0.25022910809860355,0.1340346865918539
KAZ,2009,0.10151289292772914,0.31007269078124944,0.5884144162910214,0.49327720379781936,0.1312501008874769
KAZ,2010,0.1847287367760035,0.3186862896774822,0.4965849735465143,0.7339023551895186,0.1643251687910767
KAZ,2011,0.07635566252595559,0.32098413468734793,0.6026602027866965,0.38433433077414925,0.1099911837159165
KAZ,2012,0.13434831958761576,0.30650620784444904,0.5591454725679352,0.6094904837211577,0.15256869651661842
KAZ,2013,0.06504885045185178,0.3298073700017204,0.6051437795464278,0.3294811988886995,-0.0032631799207867543
KAZ,2014,0.0407155887173312,0.2763905794594159,0.6828938318232529,0.2567946814244076,0.12901450682705523
KAZ,2015,0.03789436159083083,0.4301319620388898,0.5319736763702794,0.16193260796506387,-0.12394232836908826
KAZ,2016,0.05484166312065754,0.32328248488329137,0.6218758519960511,0.2900722601831016,0.014513955941313265
KAZ,2017,0.03138196112929444,0.3259601764559865,0.6426578624147191,0.17564097725141653,-0.059239946943353675
KAZ,2018,0.03541866192343829,0.3028923156771903,0.6616890223993713,0.2093852358834748,0.031232647443699788
KAZ,2019,0.03224264519317843,0.4092623524624705,0.558495002344351,0.14605789453973986,-0.08779856605307902
KAZ,2020,0.0313346141151634,0.43624330848367365,0.532422077401163,0.13402948514336607,0.0173434055586883
KAZ,2021,0.032737497613711274,0.4193549754598356,0.5479075269264532,0.14482655458139204,-0.08163246580396658
KAZ,2022,0.10777109311209386,0.4021184407308475,0.4901104661570586,0.42272329969137995,0.0871893560281546
KAZ,2023,0.07724859209886463,0.456309978567713,0.46644142933342236,0.28955993341970887,0.08850289570625373
KEN,1990,0.20920362422508346,0.5432471920372569,0.2475491837376597,0.5560592658115878,-0.030091527578242103
KEN,1991,0.3140252907196384,0.37720973255395973,0.30876497672640185,0.9085919554031158,-0.05823138802000867
KEN,1992,0.24355007077140836,0.5540127388535032,0.20243719037508848,0.6107357761226312,0.11699916137165048
KEN,1993,0.40735231471951533,0.49724753057139154,0.09540015470909319,0.9006243298405969,0.3505571933783907
KEN,1994,0.40167447695044917,0.5278009558485761,0.0705245672009747,0.864303590555041,0.26814500471982694
KEN,1995,0.17855497086860064,0.582986862267558,0.2384581668638413,0.46893017060738723,0.25831999764744107
KEN,1996,0.17630632669380428,0.5813026122414015,0.24239106106479413,0.46542831699318904,0.22756168534190843
KEN,1997,0.2476845784126501,0.5329869770499556,0.2193284445373944,0.6345423416019779,0.1302643672459991
KEN,1998,0.19043671812081414,0.603559911789126,0.20600337009005984,0.4796915023239195,-0.025113848845341662
KEN,1999,0.21410440638041844,0.4948638020229772,0.2910317915966045,0.6039887369917022,0.02835027893683113
KEN,2000,0.17780299494547575,0.6231870084730925,0.19900999658143173,0.4439580873334879,0.07888604587340352
KEN,2001,0.10883692182756881,0.6805907624910149,0.2105723156814163,0.27573626815865826,0.013749278152768763
KEN,2002,0.1557237197662468,0.6374371724354102,0.20683910779834302,0.3926661571373967,-0.009192963261968943
KEN,2003,0.14816335104681508,0.6372343716140842,0.2146022773391007,0.3772950869906853,0.05766196388318972
KEN,2004,0.02685750148355629,0.6625670142901958,0.3105754842262479,0.07791281240822627,0.18950985429078676
KEN,2005,0.07639033258400035,0.6410271412154728,0.2825825262005268,0.2129592193494645,0.06504603322071449
KEN,2006,0.0932857716893593,0.5998727730426945,0.30684145526794626,0.26916142749252175,0.14249381779782813
KEN,2007,0.1821762332303305,0.6242735267933931,0.19355023997627643,0.45179809644923535,0.0566639063503069
KEN,2008,0.0675133440798313,0.6463468307833015,0.28613982513686725,0.18915005054813575,0.03263216080222336
KEN,2009,0.17237760711587163,0.6541485526171849,0.17347384026694349,0.41711349383435004,0.06434592285520134
KEN,2010,0.17520065421153175,0.6788387884579968,0.14596055733047145,0.4102870323269737,0.07911977212491282
KEN,2011,0.14917769686494026,0.6868831565489425,0.1639391465861173,0.3568584661171583,-0.005521365338281947
KEN,2012,0.15484589565549678,0.6929715919648061,0.15218251237969713,0.36528120242040796,0.06938945275555347
KEN,2013,0.14578079557174803,0.6874396174463856,0.16677958698186635,0.3499213252438052,0.002016416352295151
KEN,2014,0.15342079020777274,0.6445013433462391,0.20207786644598813,0.38455078197774445,0.09714176259156262
KEN,2015,0.15030729819310534,0.6946526937440213,0.15504000806287335,0.3557737635565819,-0.11204213191560666
KEN,2016,0.15458845731563792,0.6654601193314229,0.17995142335293918,0.377022683089592,-0.12158740223408049
KEN,2017,0.14924404268223576,0.6326815159283073,0.2180744413894569,0.3817346575738941,-0.12704772999293468
KEN,2018,0.14838266053677082,0.6588564768625901,0.19276086260063907,0.36762999627299364,-0.07380771193323166
KEN,2019,0.1576652331034792,0.6489812844686875,0.1933534824278333,0.3909153009871481,-0.029251774746875663
KEN,2020,0.16387499139006584,0.6431517481860212,0.19297326042391297,0.40612035104597816,-0.007299315250406883
KEN,2021,0.1557729256263876,0.6418341771010143,0.20239289727259813,0.3906006480978545,-0.012668613826768425
KEN,2022,0.1842674239566143,0.6292119230549825,0.1865206529884032,0.4530352851207356,0.1758840503104566
KEN,2023,0.1405191717012533,0.6610348095331271,0.19844601876561957,0.3506168642188166,0.10897737860611348
KGZ,1992,0.0652713728272437,0.33628946434905993,0.5984391628236964,0.3250883392226148,0.39346043589667234
KGZ,1993,0.10794133428724736,0.18965003279079473,0.7024086329219579,0.7254332365020534,0.4186131090010247
KGZ,1994,0.12689606327096736,0.18450097385350883,0.6886029628755238,0.8150113722517058,0.3738883995971177
KGZ,1995,0.1358148581123721,0.05200442784577027,0.8121807140418577,0.5537709035626942,0.34769176848401145
KGZ,1996,0.0486914836764483,0.1108071244546187,0.840501391868933,0.6105568474483034,0.37029010357004116
KGZ,1997,0.04694698142068682,0.10946319471155996,0.8435898238677532,0.6003059721765488,0.3680186137550895
KGZ,1998,0.019096630921186037,0.4470974105362216,0.5338059585425924,0.08192567567567567,0.2575752282527809
KGZ,1999,0.054829089240651524,0.4138563890800642,0.5313145216792843,0.23396965247185514,
KGZ,2000,0.04545416006986018,0.38678120612233585,0.567764633807804,0.21032133705435255,0.24024823735308679
KGZ,2001,0.07201341348978794,0.4913337820550398,0.43665280445517224,0.2556626324202853,
KGZ,2002,0.07623887419663375,0.6089239472742538,0.3148371785291124,0.22254235579498127,0.19144240605697876
KGZ,2003,0.011349985387599284,0.6156679383578187,0.37298207625458196,0.0362030652004379,0.26407322029069963
KGZ,2004,0.004495039850746276,0.7163768685871288,0.2791280915621249,0.012471119482203153,0.17356520359378336
KGZ,2005,0.005159846594798163,0.8284087047011018,0.16643144870410004,0.012380137390683593,0.14566284196658508
KGZ,2006,0.012118366503522791,0.6381841766429879,0.34969745685348935,0.03726993422134771,0.1458215946658587
KGZ,2007,0.009711927538974369,0.6274270968340698,0.3628609756269558,0.0304860545892039,0.04592759787001637
KGZ,2008,0.0032486741895486454,0.5989685804434369,0.3977827453670144,0.010789043869320924,0.09772037575631856
KGZ,2009,0.007422261503580604,0.5506095031240035,0.4419682353724159,0.026601573509113872,0.09567304681687684
KGZ,2010,0.10422713104926636,0.5817263490694811,0.3140465198812526,0.3038897944835072,0.19973494686207666
KGZ,2011,0.0021123702658706897,0.5052533172793534,0.49263431245477596,0.008326815619286053,0.14430049733027014
KGZ,2012,0.006588468100657203,0.5975891643879514,0.3958223675113914,0.021809705445464088,0.20630416627852438
KGZ,2013,0.003373988475546189,0.6558811898193943,0.34074482170505954,0.010235758736920286,-0.052049851077858325
KGZ,2014,0.002827140818682315,0.59225313894715,0.4049197202341676,0.00950171233970251,0.0850599413994831
KGZ,2015,0.002248001650529148,0.9545537799326957,0.04319821841677507,0.00469899135599302,-0.20331427533399907
KGZ,2016,0.02324142411172333,0.42037811993554536,0.5563804559527313,0.10478088453761587,-0.042601369578527754
KGZ,2017,0.10984113933117713,0.49693864405457316,0.3932202166142497,0.3620461404243833,-0.08466168704288961
KGZ,2018,0.39368651865583104,0.48746694986155864,0.11884653148261032,0.8935708312383761,-0.08120638394625979
KGZ,2019,0.42665406072226725,0.5325500397131135,0.04079589956461923,0.8896001602341146,-0.13013357819542032
KGZ,2020,0.5071200211410718,0.4181239543243741,0.07475602453455414,0.9038134057863733,-0.04552941288549134
KGZ,2021,0.14678063403559286,0.7224956618359464,0.13072370412846074,0.3377076649454248,-0.17629480903563974
KGZ,2022,0.014718979223354784,0.8915090316812045,0.09377198909544066,0.03248405268043505,0.08910040048704736
KGZ,2023,0.004533234701902192,0.597920653886556,0.3975461114115417,0.015049233767993444,0.08990481349343217
KHM,1990,0.023800289005133923,0.8497909007989557,0.12640881019591044,0.054488390640641295,
KHM,1991,0.04644362131646793,0.512498395824863,0.44105798285866904,0.1661840401764767,-0.0744330376954285
KHM,1992,0.019799045134782447,0.7182496372633776,0.26195131760183993,0.053652409676957655,0.05338505121208299
KHM,1993,0.13464623778870582,0.5461128202628657,0.3192409419484285,0.3955767791737722,0.19244301298952723
KHM,1994,0.09853866614328816,0.8419848725776833,0.05947646127902853,0.20954003187903622,0.33844567392762537
KHM,1995,0.06763907550092924,0.8082024183997538,0.12415850609931701,0.15445506058336905,0.31509171747018994
KHM,1996,0.17505411183246136,0.47950073642690316,0.34544515174063545,0.5348798875998759,0.2620236696778324
KHM,1997,0.21765729833871322,0.7150293217961501,0.06731337986513664,0.46673189823874756,
KHM,1998,0.36033237731400136,0.5055263963361409,0.13414122634985773,0.8323121235925636,
KHM,1999,0.3993105350248207,0.4509238830667402,0.14976558190843905,0.9392951556139413,-0.07993484002697519
KHM,2000,0.7501025282324078,0.09361890515705318,0.1562785666105391,0.22191899234077841,-0.02419803425217501
KHM,2001,0.751020618456287,0.07245575036347154,0.1765236311802415,0.1759752996125881,-0.0677896387564568
KHM,2002,0.7420236418090331,0.07420813206024429,0.18376822613072258,0.18183102994990488,-0.06993550661661015
KHM,2003,0.7208585984027878,0.06439242590871314,0.21474897568849913,0.16400469127734452,0.07310297827438768
KHM,2004,0.6024912499586969,0.0497703148864168,0.3477384351548864,0.15260845516241717,0.06980272638467365
KHM,2005,0.6461734206385649,0.0706852257500061,0.283141353611429,0.19720826722564602,-0.0014725224042317214
KHM,2006,0.6324494059764472,0.09534683888269231,0.27220375514086054,0.26201519877626217,-0.013676401772950956
KHM,2007,0.662985008399244,0.09771104019530365,0.2393039514054523,0.25689903444571144,-0.004016436822096108
KHM,2008,0.6460440531563748,0.11729603323528165,0.23665991360834354,0.3073231324447937,-0.016219835728162022
KHM,2009,0.580143290210134,0.21997000126523633,0.19988670852462972,0.5498471369213783,-0.008790887221273407
KHM,2010,0.5921428127331562,0.2152323963368731,0.19262479092997073,0.5331657299331432,0.026879365220828268
KHM,2011,0.5259822510560767,0.21675337299695605,0.25726437594696727,0.5836622506785253,-0.030302882535406018
KHM,2012,0.34673664737883386,0.3910917476693987,0.26217160495176745,0.939884259553788,0.06305400746120385
KHM,2013,0.4316089909803001,0.2612861882161278,0.3071048208035721,0.7541867689688634,-0.09275907046091131
KHM,2014,0.49090774160205347,0.14354087165222956,0.36555138674571697,0.4524901423173236,0.026344880031929384
KHM,2015,0.46978902378353327,0.20946961013888254,0.32074136607758413,0.616759507138802,-0.2582066131820655
KHM,2016,0.4122304503782761,0.15770473699928236,0.4300648126224415,0.553412880945038,-0.14040435345120467
KHM,2017,0.3357009090137899,0.17595293842126422,0.4883461525649459,0.6877811602642097,-0.21503937786535177
KHM,2018,0.352903182182481,0.14868214479490025,0.49841467302261877,0.5928488605951785,-0.2512454137355872
KHM,2019,0.39605111048399694,0.16745752486853743,0.4364913646474657,0.5943388064098609,-0.278851384481112
KHM,2020,0.3602084718271431,0.34874026709968253,0.29105126107317436,0.9838236474687568,-0.1556052749632449
KHM,2021,0.4547157869480526,0.24888035561999586,0.2964038574319515,0.7074523027133434,-0.3145020930039388
KHM,2022,0.6095181715703055,0.2235969319369165,0.16688489649277802,0.5367732045563095,0.14490593579214875
KHM,2023,0.5014793356492785,0.29063457217034944,0.20788609218037213,0.7338201470804872,0.07958694094267948
LAO,1990,0.04195530239699961,0.8078537750914224,0.15019092251157798,0.09874053715923319,-0.18480276835912307
LAO,1991,0.12786951562214405,0.6403749339872374,0.2317555503906186,0.33288757422760445,-0.176380972558153
LAO,1992,0.184368465653786,0.4950322423283445,0.3205992920178695,0.5427385149520193,-0.07858777604673849
LAO,1993,0.20814977973568283,0.6806167400881057,0.11123348017621146,0.4684014869888476,0.06437782761579179
LAO,1994,0.16938579654510558,0.7994241842610365,0.031190019193857964,0.3496780584447747,0.051766952273464124
LAO,1995,0.07692307692307693,0.7999110715873722,0.1231658514895509,0.17545638945233266,0.08017992070124606
LAO,1996,0.061511423550087874,0.8994727592267135,0.03901581722319859,0.12801755669348938,0.027966100008556555
LAO,1997,0.31718927087268606,0.2647525500566679,0.418058179070646,0.9098935341469748,-0.036516762607700815
LAO,1998,0.09343853260595127,0.5316979639090914,0.3748635034849574,0.29893801794278335,-0.2231484728192475
LAO,1999,0.06559449641736692,0.6515027676523166,0.28290273593031645,0.18294448941306465,-0.15364606036304748
LAO,2000,0.019178999884953557,0.9211315018097721,0.05968949830527436,0.04079290798175106,-0.13457314610464882
LAO,2001,0.019178997250614453,0.9211314978672243,0.05968950488216129,0.04079290266394604,-0.23444110538395901
LAO,2002,0.019067829174098765,0.9157920970807837,0.06514007374511752,0.04079291161936075,-0.15465814548650478
LAO,2003,0.019067825603367,0.9157920969438758,0.06514007745275727,0.040792904142071436,0.05875123051520422
LAO,2004,0.007503608372904009,0.9157920976821375,0.07670429394495848,0.016253965709349217,-0.007938228498500365
LAO,2005,0.007503608098549968,0.9157920956248787,0.07670429627657127,0.016253965156102702,0.009210588744149296
LAO,2006,0.0075266382151921,0.9157920977274134,0.07668126405739446,0.01630344521820678,-0.011498693083291756
LAO,2007,0.019067825535568687,0.9157921054077602,0.06514006905667107,0.04079290363066074,-0.03920950623168638
LAO,2008,0.011274320911846655,0.9157920922917737,0.07293358679637962,0.024322574415972006,-0.038808261180845356
LAO,2009,0.02283853666458464,0.9157921003658999,0.06136936296951551,0.048663522718240225,-0.09100273390145204
LAO,2010,0.024752255514564083,0.9157920938092473,0.0594556506761886,0.05263389340940553,-0.0020190793432271984
LAO,2011,0.022858639364858206,0.9165408988235803,0.06060046181156153,0.04866649053061997,-0.06721927437346392
LAO,2012,0.024763084178728034,0.9158274286220907,0.05940948719918128,0.05265433542379756,0.034448153878516234
LAO,2013,0.022848542006174904,0.9157552121984976,0.06139624579532741,0.048686236132809105,-0.12041187309731571
LAO,2014,0.022839844645403857,0.9157872825039318,0.06137287285066436,0.048666491697868935,-0.07938671476675113
LAO,2015,0.022839844748248992,0.944122212823257,0.03303794242849394,0.047240415628324706,-0.34424532793230583
LAO,2016,0.015411307984648166,0.9215797000350562,0.06300899198029568,0.03289531671647392,-0.16903364267119234
LAO,2017,0.008939098992889269,0.9340042473398693,0.05705665366724141,0.01895999166366612,-0.27360864925651074
LAO,2018,0.008162983445799252,0.9387119331576784,0.053125083396522374,0.017241946750644912,-0.1611385771668198
LAO,2019,0.00910369590813705,0.9229682930310513,0.06792801106081163,0.01953431927183686,-0.1690135829728672
LAO,2020,0.010913718933405795,0.8965503577178838,0.09253592334871036,0.024053225277367314,-0.07959313688517364
LAO,2021,0.01133330411889611,0.8817974875685695,0.10686920831253445,0.02537882295488473,-0.16551298948406606
LAO,2022,0.07487860460512943,0.883585053578289,0.04153634181658158,0.15624714399093081,0.09175500830900966
LAO,2023,0.010655873446852069,0.885949871989099,0.10339425456404895,0.023769362400574246,-0.011758174559138152
LBN,1990,0.1482104475836649,0.6234681518702859,0.22832140054604916,0.38412480970326357,-0.12559793543237807
LBN,1991,0.14206962578768384,0.6738875090881196,0.18404286512419657,0.34822815982682276,-0.07020151228665987
LBN,1992,0.13708168769592774,0.6944776894398537,0.16844062286421868,0.32969789401712035,-0.03305797559635855
LBN,1993,0.16577673938115206,0.6542125061085011,0.1800107545103467,0.40433881369299957,0.14337952225266828
LBN,1994,0.18935098733888028,0.6996082159575354,0.1110407967035842,0.4260060228562431,0.13742158742177712
LBN,1995,0.146251792806739,0.6138675237991341,0.23988068339412696,0.38481272508582104,0.0907347345936069
LBN,1996,0.10308575656026746,0.6818155555325784,0.21509868790715408,0.26267189256035656,-0.01166459163979748
LBN,1997,0.1997369760606418,0.571135137878582,0.22912788606077614,0.518210407274868,0.020662701509988553
LBN,1998,0.1019482902864853,0.617636700552345,0.28041500916116974,0.28335302037815646,-0.2861627423583762
LBN,1999,0.11124161073825503,0.549496644295302,0.33926174496644296,0.33671914677501275,-0.13567362080786108
LBN,2000,0.0230571245995203,0.6263589908786918,0.35058388452178785,0.07100878481446883,-0.09035100339715392
LBN,2001,0.0211821672606343,0.6059500044938527,0.37286782824551296,0.0675524816447363,-0.19977140872942423
LBN,2002,0.023195514992820115,0.5838758636892705,0.3929286213179094,0.07641775187351428,-0.17527607810036108
LBN,2003,0.012377915386409363,0.49374066753807444,0.4938814170755162,0.048913103782463684,-0.08645450783765093
LBN,2004,6.316590165701287e-05,0.6790046339630711,0.32093220013527185,0.00018603709870971844,-0.09531127659071793
LBN,2005,1.8828578824882945e-05,0.7121494882369573,0.28783168318421776,5.287676629330694e-05,0.00018652722823074002
LBN,2006,0.004835839210714429,0.5974330436402757,0.3977311171490099,0.016058738375533455,0.05127711480650395
LBN,2007,0.027270267915453436,0.6494662541575651,0.3232634779269814,0.08059345705746034,-0.0528916585866126
LBN,2008,0.00410498888067328,0.7259682774900262,0.2699267336293005,0.011245416233578248,-0.044938349337624764
LBN,2009,0.015068941479973693,0.5933404078968122,0.39159065062321413,0.04953553555812157,-0.07443052513054445
LBN,2010,0.030496854300021626,0.6835889747158681,0.2859141709841102,0.08541509454696941,-0.06947660802121795
LBN,2011,0.03015040403739758,0.6733537490688484,0.2964958468937541,0.08571492834625569,-0.08943081050248253
LBN,2012,0.04160120847232,0.7134494811299298,0.24494931039775017,0.11019447845080427,-0.08301213828932093
LBN,2013,0.025184276349471468,0.8186384690378029,0.15617725461272566,0.05969091610090004,-0.1647165657326199
LBN,2014,0.028326619046825888,0.7871992656302527,0.1844741153229215,0.06946835061658968,-0.07067870404930512
LBN,2015,0.03555674599043824,0.8371381980950009,0.12730505591456084,0.08148722811199681,-0.2218146159999056
LBN,2016,0.03152255459849409,0.7966469875431456,0.17183045785836037,0.07612584862026445,-0.27612253945475956
LBN,2017,0.030818977618682644,0.7700298554391117,0.19915116694220558,0.0769657801735438,-0.23372569000699414
LBN,2018,0.03158602904017227,0.7149191002569965,0.2534948707028312,0.08462374282655064,-0.1431933649295619
LBN,2019,0.027487162149459905,0.6198897250586072,0.35262311279193287,0.08491857739315777,-0.25402903738143723
LBN,2020,0.04925608031563448,0.5206938916688586,0.43005002801550696,0.1728435221924166,-0.1347354821187013
LBN,2021,0.04700202924709701,0.6414025710780737,0.3115953996748292,0.1365535013127321,-0.15380829717592795
LBN,2022,0.09345100930728685,0.6695965441131027,0.2369524465796105,0.24494150826744457,0.06064697008478912
LBN,2023,0.09648735181067179,0.6153636632937682,0.28814898489556,0.2710886119801783,-0.01792618868768225
LBR,1990,0.0952782815246974,0.035605860992739026,0.8691158574825636,0.5440821219116838,
LBR,1991,0.1498924381517074,0.10641854747003901,0.7436890143782534,0.8303861593126349,0.012878003227698154
LBR,1992,0.149680929286715,0.1171506689906195,0.7331684017226654,0.8780869263381439,0.08048245099958543
LBR,1993,0.08863151029406403,0.4513360600335849,0.4600324296723511,0.3282845680539036,
LBR,1994,0.03718304892054496,0.321383894369818,0.641433056709637,0.20739808627832487,
LBR,1995,0.14078198488988608,0.3520775314480651,0.5071404836620488,0.5712864628684683,0.23490519583905745
LBR,1996,0.08897091327332998,0.4425274099618722,0.4685016767647978,0.33479282768671303,0.1510050669569272
LBR,1997,0.1424486437722511,0.13017460965637867,0.7273767465713703,0.954978036680625,0.1703117535815626
LBR,1998,0.030548826022707795,0.41793189505275447,0.5515192789245378,0.13623250493109865,
LBR,1999,0.05952366578759854,0.1550975540029009,0.7853787802095006,0.5546857467840508,
LBR,2000,0.11228581269212985,0.6980436908523293,0.18967049645554085,0.2771361827527713,
LBR,2001,0.11448378626391341,0.7117070212469884,0.1738091924890982,0.2771364319794923,
LBR,2002,0.11174162983409204,0.6946604793169023,0.19359789084900567,0.2771362539012631,
LBR,2003,0.1139180882362816,0.7081902410760793,0.17789167068763903,0.2771364409640918,
LBR,2004,0.11416805704568422,0.7097444873732592,0.17608745558105657,0.2771363485579654,0.11626464641758182
LBR,2005,0.11397270951172134,0.7085297442669115,0.17749754622136715,0.277136460780446,0.08376040767867662
LBR,2006,0.11414840863639668,0.7096220568864782,0.1762295344771252,0.2771364437396838,0.1291517628780407
LBR,2007,0.11452343938585223,0.7119535476180532,0.17352301299609466,0.27713642651083537,0.11514616232612286
LBR,2008,0.1106058961288994,0.6875998080067772,0.20179429586432338,0.2771363210155635,0.1535464476820962
LBR,2009,0.11362741923307129,0.7063831313330974,0.17998944943383136,0.2771364811211717,0.1525096124959904
LBR,2010,0.11425636291160082,0.6956937386853422,0.1900498984030569,0.2821318564843108,0.15462534994137445
LBR,2011,0.11112430006036787,0.6908227360325585,0.19805296390707358,0.2771362572814378,0.1390483178415159
LBR,2012,0.1135874077437747,0.6916207880079117,0.19479180424831363,0.2821317724858411,0.2019143061194806
LBR,2013,0.11293945810041736,0.7021071606665876,0.184953381232995,0.27713619196720585,0.06245860157846285
LBR,2014,0.1130136014695902,0.7025675646091609,0.18441883392124891,0.2771363689354195,0.20974771263061018
LBR,2015,0.1125650913316479,0.8042943891419969,0.08314051952635525,0.24554491441479637,0.05788371117110579
LBR,2016,0.11213437147822646,0.6971013232197746,0.19076430530199892,0.27713649363940607,0.054690471752858516
LBR,2017,0.09563047267584932,0.6952908513831941,0.20907867594095658,0.24182044349258272,0.041436958710062366
LBR,2018,0.18635100222602205,0.07614656504131655,0.7375024327326614,0.5801696818299704,0.21252668475756145
LBR,2019,0.2335910000521997,0.29490349721334436,0.47150550273445596,0.8839864984812926,0.24445383405244983
LBR,2020,0.16404021714058212,0.0877856197776468,0.7481741630817711,0.6971931145107396,0.2526991896075003
LBR,2021,0.4330144908694411,0.3156138828453105,0.25137162628524834,0.8431790563299387,0.20622970500910803
LBR,2022,0.3698642969057419,0.44073257152360323,0.18940313157065486,0.91257272587892,0.6281069949479667
LBR,2023,0.4157231680059475,0.3075762544776375,0.276700577516415,0.8504811283313802,0.42890359122713023
LBY,1990,0.1074651095596179,0.10911876335507383,0.7834161270853083,0.992364834125451,-0.18258231644944722
LBY,1991,0.0945374191588534,0.1067302471339096,0.798732333707237,0.9394198372761944,-0.1904525217325757
LBY,1992,0.09344493856775786,0.09606450469729069,0.8104905567349515,0.9861771208632116,-0.15528156350228603
LBY,1993,0.7097134073670308,0.07079154160310344,0.21949505102986572,0.18139934076398087,-0.048414899449976824
LBY,1994,0.6685075247827176,0.07880329896047099,0.2526891762568115,0.21089832090415844,-0.0325779783288482
LBY,1995,0.05762553013861286,0.09269755762645365,0.8496769122349335,0.7666890162431113,-0.12153657134145285
LBY,1996,0.06320406832341725,0.09024124217843034,0.8465546894981524,0.82379928218994,-0.12053750381674495
LBY,1997,0.08484658536954665,0.07857005295113884,0.8365833616793146,0.9615918398340145,-0.20312429918984276
LBY,1998,0.026146431680128035,0.16444985105830776,0.8094037172615642,0.27436455007897514,-0.38391550967520677
LBY,1999,0.022347723118562327,0.06105150811833488,0.9166007687631028,0.5359215615569205,-0.2360408927803906
LBY,2000,0.06733405392964027,0.12593747225971869,0.8067284738106411,0.6967819342790239,-0.30822935414941277
LBY,2001,0.06755828941923851,0.125874266675987,0.8065674439047745,0.6985203606158213,-0.36219596558488465
LBY,2002,0.06802682685424116,0.1256080839830408,0.806365089162718,0.7026297743531014,-0.3511798236649015
LBY,2003,0.06918039834268735,0.12549658143339104,0.8053230202239215,0.710719864487934,-0.16855088503011179
LBY,2004,0.043757027224708214,0.12514688674921748,0.8310960860260743,0.5181292273838385,-0.13626691808086008
LBY,2005,0.04864272485791264,0.12436955654144169,0.8269877186006457,0.5623037216142296,-0.1433548088826903
LBY,2006,0.0585694870236651,0.12273376069531822,0.8186967522810167,0.6460941848592445,-0.173313634483782
LBY,2007,0.09815026188479267,0.1419991842183527,0.7598505538968546,0.8174098543840626,-0.27559575855680024
LBY,2008,0.0671911337657815,0.12842399382683353,0.804384872407385,0.6869727775421611,-0.2771984617616016
LBY,2009,0.07680822131731024,0.20359555002263058,0.7195962286600592,0.547840144590592,-0.2175885829732841
LBY,2010,0.15736292249215067,0.35294114587944453,0.4896959316284048,0.6167417908083834,-0.14810547091167625
LBY,2011,0.08135888199101407,0.32509853081301954,0.5935425871959664,0.4003316432574935,0.05660791386645381
LBY,2012,0.15661275322830198,0.28164902014719617,0.5617382266245018,0.7146995824986898,0.04354072272211838
LBY,2013,0.09209079164511831,0.2894467115571877,0.6184624967976939,0.48273520098121625,-0.08357300521778893
LBY,2014,0.09842257743509042,0.24255337727698226,0.6590240452879274,0.5772992263821097,0.07035507234184485
LBY,2015,0.10567483110449562,0.25235904256599717,0.6419661263295072,0.5903063306336803,-0.20095509087107521
LBY,2016,0.11335220680068628,0.2169141864195857,0.669733606779728,0.6864289502509918,-0.13963891598416084
LBY,2017,0.09944346022193509,0.21691418627916315,0.6836423534989018,0.6286774561751577,-0.15427436999889266
LBY,2018,0.0592396509027826,0.27925274845960557,0.6615076006376118,0.3500205677549701,-0.02606476270221971
LBY,2019,0.06231762303916408,0.2878655323137409,0.649816844647095,0.35591445268897687,-0.149241213791623
LBY,2020,0.037380645302894255,0.17830873858717156,0.7843106161099342,0.34661553228736286,0.01321328790544733
LBY,2021,0.12166971213040091,0.16673269260709386,0.7115975952625052,0.8437496368391606,-0.14067593582208876
LBY,2022,0.26505494643383426,0.1544486598576198,0.580496393708546,0.7363400816645908,0.07724616711186821
LBY,2023,0.17559251822686828,0.13069700334142062,0.6937104784317111,0.8534213163559433,0.003292681504425169
LKA,1990,0.4021528899415023,0.3295962405735726,0.26825086948492505,0.9008449120850237,-0.12934496332232456
LKA,1991,0.4238301051171229,0.30798646598230384,0.26818342890057323,0.8417039956326978,-0.19906536320164575
LKA,1992,0.5005403712883763,0.18284130479483063,0.31661832391679307,0.5351074258905599,-0.07255729694307188
LKA,1993,0.6799373775723978,0.17786635002508416,0.14219627240251803,0.4147017419083696,0.12011374659050399
LKA,1994,0.664928745220716,0.18700034758428918,0.1480709071949948,0.4390044879640963,0.10779060242193102
LKA,1995,0.5277453271028038,0.1673481308411215,0.30490654205607476,0.4815126050420168,0.09376511409597811
LKA,1996,0.5195971692977681,0.16766467065868262,0.31273816004354926,0.4879207920792079,0.08292158918978433
LKA,1997,0.5783502718033562,0.16237296147482866,0.25927676672181516,0.43841735800893433,0.07242698106943421
LKA,1998,0.5379810854887763,0.2103535776647716,0.2516653368464521,0.5621911907122494,-0.10385617622259308
LKA,1999,0.5635447983574562,0.17831919095000204,0.2581360106925418,0.4807328392269473,-0.05281953811376146
LKA,2000,0.5998684920245066,0.18062391245942505,0.21950759551606835,0.46284604801210116,-0.037263131811682365
LKA,2001,0.5848156033553088,0.19477479954227925,0.22040959710241195,0.49968495973870036,-0.048752571597673794
LKA,2002,0.5629479304970482,0.21943200634968524,0.21762006315326662,0.5609346457274287,-0.07202404498226306
LKA,2003,0.5306484723225231,0.24237118720077058,0.2269803404767063,0.6270763860009362,0.08833716463083321
LKA,2004,0.36470418411586436,0.2514876683211698,0.38380814756296583,0.8162641791725675,0.03248744035480874
LKA,2005,0.3551829584673058,0.281975652806261,0.3628413887264332,0.8851034822950657,0.06250970978768665
LKA,2006,0.34606254707219003,0.2690805718346484,0.3848568810931616,0.8748551794347548,0.046308224210662316
LKA,2007,0.41192254032878955,0.2624853081805905,0.32559215149061993,0.7784171218076793,-0.01977142230914916
LKA,2008,0.2622372741304286,0.2906470723130052,0.44711565355656624,0.9486152965528329,-0.10894319627093509
LKA,2009,0.39564127641621516,0.28391044726707154,0.3204482763167133,0.8355815675905531,-0.1136123319324551
LKA,2010,0.3595217231364234,0.3566266371415494,0.2838516397220272,0.9959574214569866,-0.025033118336063132
LKA,2011,0.3470079518593134,0.3297082013904984,0.32328384675018823,0.9744357358905414,-0.0675746910489008
LKA,2012,0.3964484341917959,0.3096584628732261,0.293893102934978,0.8770866398850972,0.001632182120800141
LKA,2013,0.38830467728987367,0.3170440069512445,0.29465131575888187,0.8989710026675697,-0.18218819266617617
LKA,2014,0.3883368678359294,0.29987054716244665,0.31179258500162393,0.871453985026169,-0.08723943355351735
LKA,2015,0.4302998464530283,0.3461558277511828,0.22354432579578887,0.8916306216860548,-0.164059651835535
LKA,2016,0.41886269450174707,0.2944229965979132,0.2867143089003397,0.8255401735145039,-0.06606451849536268
LKA,2017,0.3685093353297659,0.32239055637523956,0.30910010829499457,0.9332482469483181,-0.11211291670953394
LKA,2018,0.36701614421526074,0.31161809639668636,0.32136575938805295,0.9183683278806856,-0.020625489529270957
LKA,2019,0.37116367868261135,0.3188348989773166,0.310001422340072,0.9241610325013082,-0.10012325597801244
LKA,2020,0.3609870185284202,0.2991792212116944,0.3398337602598854,0.9063754042602096,-0.052242139718237324
LKA,2021,0.34356876399067915,0.3081927813606928,0.34823845464862807,0.9457225071311706,-0.240994039581769
LKA,2022,0.4939979733854229,0.2934815731341452,0.2125204534804319,0.7453693862431066,0.06476310855236675
LKA,2023,0.39294352482385003,0.31842266016340737,0.2886338150127426,0.8952426102995357,0.0042507116758772005
LSO,2000,0.2618861147540748,0.6180242902295915,0.12008959501633368,0.5952563198952879,0.012106611797783344
LSO,2001,0.258980502252191,0.6213537008595134,0.11966579688829568,0.5883686021439959,0.004925338428176184
LSO,2002,0.4546420641757085,0.43041077370250785,0.11494716212178364,0.9726216453570258,-0.0014885044456306629
LSO,2003,0.7581166715658352,0.21067042652033033,0.03121290191383445,0.4349158384468761,0.06517294382009173
LSO,2004,0.004028187560280216,0.863141418443608,0.13283039399611177,0.009290426076723346,0.07089199139045642
LSO,2005,0.5654079482746323,0.43459205172536775,0.0,0.8691841034507355,0.05163154776222493
LSO,2006,0.7885560489879947,0.2107429859555319,0.0007009650564734712,0.42178162609241715,0.07478205546027804
LSO,2007,0.5330908252488941,0.466909174751106,0.0,0.933818349502212,0.02656647013961795
LSO,2008,0.5328505125999348,0.41049630263617803,0.05665318476388719,0.8702977441725582,0.03004984940668706
LSO,2009,0.46100206539231997,0.5174171409061064,0.021580793701573692,0.9423405886243619,0.04471731815742819
LSO,2010,0.21351330020132578,0.783173383330773,0.0033133164679012145,0.42844617818042613,0.06822168765558434
LSO,2011,0.45172749382439004,0.5049625952787647,0.04330991089684522,0.9443549148666527,-0.004960926695588451
LSO,2012,0.43077901706439475,0.5289950176073192,0.040225965328286095,0.8976675790395615,0.09819938747060335
LSO,2013,0.14403228435587553,0.8084363938506401,0.04753132179348434,0.30243993876436165,-0.06558075590602733
LSO,2014,0.30440846356963447,0.2323655923201487,0.46322594411021684,0.865785481882011,0.014837555196231852
LSO,2015,0.33202490317153827,0.3211927137209482,0.3467823831075135,0.9834171810887138,-0.10487640448712993
LSO,2016,0.4223549402248213,0.5708723875635445,0.006772672211634211,0.8504698338602611,-0.10142276516291854
LSO,2017,0.29824870960994176,0.34541783696528194,0.3563334534247763,0.9267180691519321,-0.1255488468042724
LSO,2018,0.24517858832700207,0.4111099432118613,0.34371146846113665,0.7471670661442401,0.03498575468649148
LSO,2019,0.2443647613086244,0.45785870749388596,0.29777653119748965,0.6959743505164685,0.01622943231435763
LSO,2020,0.2950792693875448,0.4527059592571904,0.2522147713552648,0.7892086071888263,0.08900725295613683
LSO,2021,0.2753367002699016,0.42739332071955777,0.2972699790105407,0.7836201444253696,-0.02181441599408788
LSO,2022,0.24309217232122723,0.44733386158947624,0.30957396608929655,0.7041802028938777,0.19872941278371534
LSO,2023,0.1851847527814635,0.41375201964360586,0.4010632275749306,0.618378304045879,0.06801562816444501
LTU,1992,0.17993345899495583,0.011757157617421353,0.8083093833876228,0.12266805569513943,0.5011008712991644
LTU,1993,0.5395970043616003,0.013318224559775929,0.44708477107862366,0.048174562258873004,0.578619566681149
LTU,1994,0.30731986838981407,0.023620543385982504,0.6690595882242034,0.1427480147210598,0.6317767671525342
LTU,1995,0.1346465632135475,0.00863292270943027,0.8567205140770222,0.12050465778570753,0.5821869996510788
LTU,1996,0.05874199721553743,0.009685622202017859,0.9315723805824447,0.2830910174710239,0.6152455772742438
LTU,1997,0.0989068560358441,0.01175044290469248,0.8893427010594634,0.21237537907023674,0.6144214597829599
LTU,1998,0.06478295301978437,0.376878483623958,0.5583385633562576,0.29336024223477897,0.5058759295608072
LTU,1999,0.09739819894012339,0.19023608907287362,0.7123657119870029,0.6772363588010228,0.5485755889479175
LTU,2000,0.13629841180441396,0.1047050232275178,0.7589965649680682,0.8689089698131888,0.5667587947840675
LTU,2001,0.1898603671433755,0.17394712133487936,0.6361925115217452,0.9562591581744,0.5315128356212717
LTU,2002,0.17777266241022532,0.18912476491791097,0.6331025726718637,0.9690591929456817,0.5127081829112692
LTU,2003,0.0958319098938777,0.13541045108444158,0.7687576390216807,0.8288438977049076,0.5615634974394875
LTU,2004,0.04814471989185682,0.1526336000151326,0.7992216800930106,0.4795808622580353,0.49802039793747865
LTU,2005,0.04802613480911489,0.19452630917282673,0.7574475560180584,0.39600619165635376,0.4827298185373087
LTU,2006,0.044700376976141036,0.2252116672478787,0.7300879557759803,0.33122180304811394,0.509716422489216
LTU,2007,0.072656875134746,0.24557912360486286,0.6817640012603912,0.4566226034924242,0.48630940738421663
LTU,2008,0.04563666560560731,0.2769949812733492,0.6773683531210435,0.28290259834757664,0.4802907526951805
LTU,2009,0.07959599720563056,0.24796258062829438,0.672441422166075,0.4859954987714376,0.5345511893793453
LTU,2010,0.1283091728007077,0.26373578081878846,0.6079550463805038,0.6545635729582158,0.5760891423988358
LTU,2011,0.07887582986287153,0.27662800505531626,0.6444961650818122,0.4437410914626181,0.5524845434176529
LTU,2012,0.11410571041087714,0.2997124306289314,0.5861818589601915,0.5514775651167036,0.557614966580073
LTU,2013,0.08101791472469276,0.3450188653949778,0.5739632198803295,0.3803329595249285,0.48327091405123646
LTU,2014,0.08230628025293525,0.32661565898720535,0.5910780607598594,0.4025525282692189,0.5431779637882732
LTU,2015,0.09755454939186695,0.31576572339592085,0.5866797272122122,0.472053058195646,0.5037099612676078
LTU,2016,0.09929117990382455,0.2466210805700766,0.6540877395260989,0.5740830334709458,0.5616836829751412
LTU,2017,0.08949425409230014,0.2671574417317491,0.6433483041759508,0.5018580039863391,0.49123356902275245
LTU,2018,0.09090234390664328,0.26051331949476625,0.6485843365985905,0.5173494148028843,0.5372947603494156
LTU,2019,0.07806652331590758,0.278767283189999,0.6431661934940934,0.43755116187185233,0.5344571676397644
LTU,2020,0.09045399601089171,0.2521805195009588,0.6573654844881495,0.5279911504289954,0.5535678040567744
LTU,2021,0.1046762870245405,0.21507210956224276,0.6802516034132168,0.6547415914633379,0.5205963370982293
LTU,2022,0.2850462880980844,0.187096095330331,0.5278576165715846,0.7925409871986121,0.6829281360889745
LTU,2023,0.16819059386218982,0.1999174111631632,0.631891994974647,0.9138111182917953,0.6681367490139996
LVA,1992,0.13193064336666588,0.1569028215318512,0.711166535101483,0.913541257506434,0.5307250323276341
LVA,1993,0.2386414161731224,0.0519077416411794,0.7094508421856982,0.3573078100219799,0.5745242502469806
LVA,1994,0.3138901997147964,0.025772615705197375,0.6603371845800062,0.15175411929227212,0.640284260483855
LVA,1995,0.11634426710429485,0.011603744534284654,0.8720519883614205,0.18138217836572987,0.7112905516604623
LVA,1996,0.1316396607650299,0.03254801005842249,0.8358123291765477,0.39647325399263017,0.5983599217570049
LVA,1997,0.19840549597592239,0.03552400255250304,0.7660705014715744,0.30371545936680083,0.622856929954937
LVA,1998,0.16639939245735053,0.22549742153976463,0.6081031860028848,0.849200026712008,0.5079305321073088
LVA,1999,0.22454749860869988,0.13563772257287163,0.6398147788184285,0.7531554022561956,0.5404326800922162
LVA,2000,0.21447926522201366,0.08997027043895117,0.6955504643390352,0.5910356883522536,0.5697787417999948
LVA,2001,0.1885555821049999,0.1413816106249066,0.6700628072700935,0.8570213588538624,0.5450833934763163
LVA,2002,0.19146256673337134,0.12881396398264675,0.6797234692839819,0.8043921525855615,0.5107716903101966
LVA,2003,0.18632171050418367,0.10197331605562095,0.7117049734401953,0.7074233452616802,0.538261668115726
LVA,2004,0.031391358880304546,0.11881115528572643,0.8497974858339691,0.4179871296375924,0.5488580210724829
LVA,2005,0.02888249344975349,0.12590625480570844,0.845211251744538,0.3731859553781789,0.5189318792190682
LVA,2006,0.020461618518729605,0.171477871368446,0.8080605101128244,0.21320905386126843,0.5129667217681977
LVA,2007,0.08044257572240313,0.1893594077951137,0.7301980164824832,0.5963082604037299,0.4916785406352874
LVA,2008,0.017237171590530256,0.2298284877706295,0.7529343406388402,0.13953514733776107,0.486122318245789
LVA,2009,0.04887966757828597,0.2448169596253159,0.7063033727963981,0.3328582152521669,0.5007265468570433
LVA,2010,0.06420482673961812,0.24879837457871604,0.6869967986816659,0.4102502879791302,0.578729975053283
LVA,2011,0.04241233322616488,0.2649933381985204,0.6925943285753147,0.2759372202185017,0.5522123330080182
LVA,2012,0.05622288693198474,0.2867578481200824,0.6570192649479328,0.3278486584586138,0.5566837169113072
LVA,2013,0.04872328143978466,0.2676831620707691,0.6835935564894462,0.3079790721023006,0.48585348670058826
LVA,2014,0.06109613062238525,0.233019130709388,0.7058847386682268,0.41545705820050244,0.5418974581376235
LVA,2015,0.06767811341584261,0.3019974894798852,0.6303243971042722,0.3661486605321486,0.49531854655763197
LVA,2016,0.07224341458411282,0.20751541510022284,0.7202411703156644,0.5164692364893597,0.5492238697856819
LVA,2017,0.06824208901342356,0.23597276063087827,0.6957851503556982,0.44864403623435534,0.48361840952667284
LVA,2018,0.07148197781067009,0.22725827726997833,0.7012597449193516,0.47855604723489775,0.5311651520372327
LVA,2019,0.07073867639219067,0.24510261856500648,0.6841587050428029,0.4479381101940909,0.5171648139152825
LVA,2020,0.07650494038402288,0.23150496120370168,0.6919900984122754,0.4967693570216829,0.5373412041075873
LVA,2021,0.09957849208621308,0.1917092869522167,0.7087122209615702,0.6837121173770605,0.5110171427909129
LVA,2022,0.4724154840623636,0.18098057270617393,0.3466039432314625,0.5539689774108492,0.6533602212478561
LVA,2023,0.30447165801454956,0.2080987706685767,0.4874295713168737,0.8119811796525798,0.628610695685986
MAR,1990,0.3966840661095565,0.23568280351856516,0.36763313037187834,0.7453989601231451,-0.17573708528128795
MAR,1991,0.3682294860806686,0.26003414171745537,0.37173637220187605,0.8277867131312288,-0.17216218177464596
MAR,1992,0.39888774465364196,0.21684932249970137,0.38426293284665664,0.7043568888981542,0.012534653344070123
MAR,1993,0.555857384832977,0.21540266473456418,0.22873995043245887,0.5585733757513933,0.11953123336984918
MAR,1994,0.5518723629207403,0.21560896276461547,0.23251867431464418,0.561861130815341,0.32299546483444347
MAR,1995,0.396720200894534,0.21857685855549341,0.38470294054997256,0.7104758756717107,0.2779176683638599
MAR,1996,0.37216965757889475,0.22079312150732283,0.4070372209137823,0.7447115714331177,0.1364182582023258
MAR,1997,0.3861708582728968,0.23683742797512122,0.376991713751982,0.7603026579355537,0.09241930167330623
MAR,1998,0.08798033722712598,0.21457265183149216,0.6974470109413818,0.5815863032844155,-0.11258511562390387
MAR,1999,0.12657522259479453,0.14427824337594083,0.7291465340292647,0.9346398587970847,-0.044012508858492845
MAR,2000,0.13525936434767025,0.14152635809790443,0.7232142775544254,0.9773579587311754,0.06436932303799439
MAR,2001,0.1267413515759265,0.14900769567477246,0.7242509527493011,0.9192514196482342,-0.12483620527481253
MAR,2002,0.1137070459856262,0.14960629011862372,0.7366866638957501,0.863663403213332,-0.16825280759259506
MAR,2003,0.10434610722255404,0.1475811018902152,0.7480727908872308,0.8283829888009118,-0.052706422307653225
MAR,2004,0.04040136367372307,0.16216487378596695,0.79743376254031,0.39889533596893517,-0.055061389249940744
MAR,2005,0.027213613750284558,0.18238680275403424,0.7903995834956812,0.2596713709271071,-0.07679101447420397
MAR,2006,0.021498266710711922,0.18706229397254212,0.791439439316746,0.2061585051390599,0.05304313526630838
MAR,2007,0.0788647478981843,0.18498406802918946,0.7361511840726263,0.5978025531097504,-0.028845607574031998
MAR,2008,0.039445994109297354,0.2888853186434481,0.6716686872472546,0.24028164586910858,-0.0010199473532260808
MAR,2009,0.07072073063242457,0.24560101332064468,0.6836782560469308,0.44714428890425556,-0.034361976290359454
MAR,2010,0.29600949089999207,0.2835802845917847,0.42041022450822324,0.9785551663714888,0.05641257358057314
MAR,2011,0.07580603836107574,0.29845056418346094,0.6257433974554634,0.4051019426012921,0.0459570180380444
MAR,2012,0.2994392333510827,0.30735316788985884,0.3932075987590585,0.9869577560256333,0.04909749037115274
MAR,2013,0.07413090810787094,0.2984271643315942,0.6274419275605349,0.3979562575169596,-0.06271218221606283
MAR,2014,0.07334714833435786,0.25597140248068057,0.6706814491849616,0.4454480207861309,0.03637837863204341
MAR,2015,0.08011490141365624,0.33413949324534864,0.5857456053409951,0.38679083406998316,-0.11107038873707342
MAR,2016,0.07230987339292676,0.239353028910587,0.6883370976964862,0.46402618250989397,-0.0681521485066244
MAR,2017,0.06372295425190191,0.24207931464243188,0.6941977311056662,0.41675919856513943,-0.0030028888310783307
MAR,2018,0.08304661838591273,0.24445856651139106,0.6724948151026962,0.5071468924191461,0.018184994436240155
MAR,2019,0.06531850427873266,0.24373079078604684,0.6909507049352205,0.42270605577690323,-0.0919177353771893
MAR,2020,0.05625787911206678,0.24562833197446002,0.6981137889134732,0.37270916687176625,-0.015138586747276516
MAR,2021,0.06457051774330641,0.27485843777842994,0.6605710444782636,0.3804655831088721,-0.052848418442939735
MAR,2022,0.32854179023688834,0.23779331058308864,0.43366489918002304,0.8397618662124101,0.1727865636678906
MAR,2023,0.3073076872192719,0.2086428384957074,0.48404947428502076,0.8087707177217438,0.1119056675196325
MDA,1992,0.0017586282699494395,0.26797098263354585,0.7302703890965048,0.013039934800325998,0.5062757742001089
MDA,1993,0.08737648566028641,0.007627552206874099,0.9049959621328395,0.1605732214780035,0.598319748379026
MDA,1994,0.07197577053269197,0.004810261892036344,0.9232139675752717,0.12529002320185614,0.6191498071806296
MDA,1995,0.032017365350698684,0.008411341744675078,0.9595712929046263,0.4161073825503356,0.5624667998253934
MDA,1996,0.025539782354270325,0.01758912106567342,0.9568710965800562,0.8156535256372797,0.5337751802907602
MDA,1997,0.08444274229355198,0.004835874917602247,0.9107213827888457,0.10833220918206754,0.547467140087041
MDA,1998,0.033597550701297475,0.6963723850712386,0.27003006422746395,0.09205187516590195,0.4377966541930776
MDA,1999,0.041906885090825144,0.5602786270229837,0.3978144878861912,0.13918264138810776,0.4919058108044547
MDA,2000,0.04593279959554203,0.5244381679085329,0.4296290324959251,0.16106289489643028,0.48445173859369184
MDA,2001,0.05896707315756908,0.6150867382172217,0.3259461886252092,0.17496250940945102,0.46176593281867206
MDA,2002,0.06724871191282455,0.5583734519036297,0.3743778361835457,0.21498187181410042,0.43255616900798144
MDA,2003,0.05072706477241595,0.47264730747343986,0.47662562775414413,0.19384619294498756,0.4350650420833669
MDA,2004,0.047149404225800676,0.46081520755481253,0.4920353882193868,0.18564050775318267,0.4177349775999711
MDA,2005,0.035711733067095686,0.42894172602672404,0.5353465409061803,0.15371340670417785,0.42071809396867704
MDA,2006,0.01696886821584711,0.30024129031792046,0.6827898414662324,0.1069881765091123,0.522311979203969
MDA,2007,0.038072564687743275,0.30486683440743934,0.6570606009048173,0.2220366909616953,0.4476193702829659
MDA,2008,0.011348591335406173,0.34385240330138106,0.6447990053632128,0.0638995470551018,0.4474651354111847
MDA,2009,0.06059889151730258,0.34451578740586336,0.594885321076834,0.29916907320356945,0.49032058067471407
MDA,2010,0.0852832194997015,0.39040196875664396,0.5243148117436546,0.358570002199617,0.5175997702348443
MDA,2011,0.059940210421023675,0.37268686368022713,0.5673729258987492,0.2770987485956343,0.5215634778317952
MDA,2012,0.06860342293003548,0.4031624349120465,0.528234142157918,0.29083674365006573,0.5264769368767398
MDA,2013,0.057403217736757425,0.4026953317880899,0.5399014504751527,0.24952574962924284,0.4590485439605181
MDA,2014,0.0633362134327172,0.30492862097851053,0.6317351655887723,0.343971009526215,0.508318908687557
MDA,2015,0.08532205609918975,0.33850210401569125,0.576175839885119,0.4026295059538961,0.40760556492576544
MDA,2016,0.0705581799489427,0.23172715325220608,0.6977146667988512,0.4668316467871194,0.439095962225834
MDA,2017,0.06715311196230417,0.20629742277664775,0.7265494652610481,0.49115363424987646,0.38076293094430064
MDA,2018,0.03954922885589826,0.1827382647265172,0.7777125064175845,0.3558385424075598,0.3939726883386008
MDA,2019,0.029821079574781795,0.2391176636317712,0.731061256793447,0.22176856498417052,0.3550963838479524
MDA,2020,0.03000777800760576,0.15469665880515251,0.8152955631872417,0.3249275277347642,0.36977806909316174
MDA,2021,0.035828285476592565,0.16303305687193595,0.8011386576514715,0.36033434204420856,0.33666190501026705
MDA,2022,0.1415630472897412,0.1116002768630822,0.7468366758471766,0.8816464804808306,0.5472800971873739
MDA,2023,0.24524564154783163,0.10885654740647595,0.6458978110456924,0.614831259461785,0.51112389575306
MDG,1990,0.6600950766422058,0.12612078606174845,0.21378413729604573,0.3208299197322062,-0.21500155661019202
MDG,1991,0.5049480209476798,0.17132381192459847,0.3237281671277218,0.506671440674818,-0.14025586554268424
MDG,1992,0.5335417959507323,0.1312948238119127,0.33516338023735515,0.3949686882734787,-0.0168238593250045
MDG,1993,0.7230002540803858,0.13163482917353567,0.1453649167460785,0.30804920545117737,0.14578439190813694
MDG,1994,0.7548287166505991,0.0950882121057803,0.15008307124362055,0.2237588378076334,0.24470628932222946
MDG,1995,0.47149260294752543,0.16361626504322835,0.3648911320092463,0.5152384836346211,0.19535999469422885
MDG,1996,0.497267255654958,0.1105797895878582,0.39215295475718387,0.363840839412767,0.17140511268048142
MDG,1997,0.5505273248140291,0.17434896773398376,0.27512370745198705,0.48104475074258435,0.20831175975165842
MDG,1998,0.09808044602061933,0.20686487369755457,0.6950546802818262,0.6432657901506006,-0.06373647109880609
MDG,1999,0.08865518669446541,0.24914184556997493,0.6622029677355596,0.524902105268129,0.0638099299167614
MDG,2000,0.22951627337335767,0.11979720080478667,0.6506865258218557,0.6859008292574021,-0.0077352245368359435
MDG,2001,0.23270634900094672,0.18598911969659154,0.5813045313024617,0.8884219371905759,0.030051389739735434
MDG,2002,0.22670341396308735,0.1351882125809832,0.6381083734559294,0.7471198705091907,0.10140646774436263
MDG,2003,0.28024608400920914,0.12967412677241602,0.5900797892183749,0.6326798404262955,0.10111638085561919
MDG,2004,0.35817867032909156,0.10736639416260876,0.5344549355082997,0.4612502735039644,0.07580845328667217
MDG,2005,0.23741127411792198,0.18541316272037817,0.5771755631616998,0.8770219815430644,0.08522115144841343
MDG,2006,0.16924074875466805,0.13798055710509283,0.6927786941402392,0.898248620608869,0.15308253060439683
MDG,2007,0.24587378956285805,0.13055026783670873,0.6235759426004333,0.6936340293369304,0.1048270015010611
MDG,2008,0.23347648789145944,0.14103190115285213,0.6254916109556884,0.7531575007584961,0.07708735250335354
MDG,2009,0.24043696699291767,0.19766737968498244,0.5618956533220999,0.9023757978384542,0.06927736553575757
MDG,2010,0.47564931288723755,0.33353190507413055,0.1908187820386319,0.8243688747853611,0.12635214786391943
MDG,2011,0.11137925196225794,0.3185208743340644,0.5700998737036777,0.518163383303992,0.1088846885224672
MDG,2012,0.4376358317457732,0.3546790263336428,0.20768514192058402,0.8952981828294638,0.12210367053034596
MDG,2013,0.14886683619057908,0.25414926539396376,0.5969838984154572,0.7387637149249259,0.0005061817113662852
MDG,2014,0.14153539308168644,0.21432104246124142,0.6441435644570721,0.7954634450589424,0.24892268412755592
MDG,2015,0.15947262892039296,0.34920057961738005,0.491326791462227,0.627014068143323,-0.07700627226156945
MDG,2016,0.16988396804688088,0.26971556769485944,0.5604004642582597,0.7729033096462857,-0.051409895911722875
MDG,2017,0.2072910754510463,0.2742215369005895,0.5184873876483642,0.8609995673370532,-0.06212422103361337
MDG,2018,0.21156358980258871,0.28137229145890125,0.5070641187385101,0.8583817808562392,-0.05394683687888987
MDG,2019,0.21931899058396379,0.24771765044412009,0.5329633589719162,0.9391939360525492,-0.07255572628860768
MDG,2020,0.24182799509916333,0.24402783686340815,0.5141441680374286,0.9954722334908305,0.14394237780626612
MDG,2021,0.20059529359173264,0.2930473770774474,0.50635732933082,0.8127145626199878,0.033316831041087666
MDG,2022,0.41142806423411105,0.32352694996188003,0.2650449858040089,0.8803993270684859,0.1740504603685503
MDG,2023,0.35699816490599223,0.2873218003875303,0.35568003470647747,0.8918606154215312,0.08950470267300505
MEX,1990,0.7604676051307631,0.07724011560210622,0.16229227926713072,0.18440826959200673,-0.20957897448581475
MEX,1991,0.8376413167246108,0.04584140609432185,0.11651727718106727,0.10377431252544576,-0.14903449912828312
MEX,1992,0.8484781201802388,0.05422738780214244,0.09729449201761878,0.12014413853161253,0.07536398814558384
MEX,1993,0.8742311811826435,0.03966464818435527,0.08610417063300115,0.08680343406715973,0.2513601124649136
MEX,1994,0.8915016738974011,0.03332040375376077,0.07517792234883816,0.07205797646696979,0.21100217166847465
MEX,1995,0.8735797662352025,0.05195303387993319,0.07446719988486429,0.11226621870877027,0.23590365687344503
MEX,1996,0.875401190840831,0.05410711633597568,0.07049169282319331,0.11642094195008347,0.19382641366594783
MEX,1997,0.8867606804658282,0.05484052131452919,0.05839879821964257,0.11648354146285714,0.1704940324494829
MEX,1998,0.898167682577441,0.05236238935497265,0.04946992806758638,0.11017513469830721,-0.07821669847851159
MEX,1999,0.9021613813477776,0.039547693055193574,0.05829092559702882,0.08399131776502461,0.050257602779767555
MEX,2000,0.9055583621767618,0.0365350079698959,0.05790662985334235,0.07756133123876759,0.07829789216864776
MEX,2001,0.9019051160927176,0.041521983615130195,0.056572900292152166,0.08802372462692318,-0.004100299476336214
MEX,2002,0.8944098440512954,0.04472042603956265,0.06086972990914189,0.0952379610450339,0.058896855437472695
MEX,2003,0.8908508840119133,0.04615099056901072,0.06299812541907603,0.09850778706211628,0.16263823497953894
MEX,2004,0.8859753128634117,0.04939236587275026,0.06463232126383807,0.1056105892807577,0.18828992347604673
MEX,2005,0.8663822221958878,0.05948015229651548,0.07413762550759675,0.12848594766392793,0.1744120971817341
MEX,2006,0.858576093883019,0.06658615686309649,0.07483774925388449,0.14394482007755238,0.2191025953929875
MEX,2007,0.8357752528279684,0.07931361388356825,0.08491113328846339,0.1733462547054903,0.16035088226239574
MEX,2008,0.8350734428839595,0.09159401777857293,0.07333253933746765,0.1976847610751038,0.16720764046718053
MEX,2009,0.8520508005972673,0.08818180944810541,0.05976738995462721,0.18757445446154017,0.16844819138352798
MEX,2010,0.8475820572383289,0.09590542624804077,0.05651251651363038,0.2032998379451767,0.2388430941191161
MEX,2011,0.8261871052593436,0.1069500630634087,0.06686283167724773,0.22922688473687924,0.22102796711969844
MEX,2012,0.8208574602478317,0.11144450062181128,0.067698039130357,0.23907383079588687,0.23095803382172725
MEX,2013,0.8239042909331636,0.11194834791605082,0.06414736115078559,0.23924353743065752,0.12767214744217872
MEX,2014,0.8380019558939319,0.09605178990714064,0.0659462541989275,0.20566651616982434,0.20828564701675667
MEX,2015,0.8483167901367373,0.1006282337701505,0.0510549760931122,0.21208443320742745,-0.002164082815898026
MEX,2016,0.8491650596381373,0.08543462653292959,0.06540031382893316,0.1828261399978511,0.11285085503519907
MEX,2017,0.8079646389323466,0.08873838941402197,0.10329697165363147,0.1979214669937416,0.13195841019924448
MEX,2018,0.8044027105077163,0.08885143129049872,0.10674585820178503,0.19893875020076907,0.15453517548586845
MEX,2019,0.8160456211575968,0.08186282832499421,0.10209155051740895,0.18234114707833896,0.11255227434112222
MEX,2020,0.8233522688032349,0.07773727087225786,0.0989104603245073,0.1725406132230837,0.17804824673048408
MEX,2021,0.8171818491897982,0.08372484473046822,0.09909330607973353,0.18586796012391085,0.07619356347132065
MEX,2022,0.8753534324965273,0.0651725756884259,0.05947399181504678,0.13858750342097886,0.31358508642424976
MEX,2023,0.8702023587487191,0.06999086001575779,0.05980678123552316,0.14888611961642076,0.24857885829208998
MKD,1993,0.46586837340280335,0.0430282837532605,0.49110334284393614,0.16910421064159192,0.4677961183561462
MKD,1994,0.38818342554277674,0.023837144149715484,0.5879794303075078,0.11570851507489598,0.5865062698442478
MKD,1995,0.07489361011869594,0.020719880685506065,0.904386509195798,0.43340914574359357,0.5319654774495342
MKD,1996,0.12525265616875023,0.0142461168709816,0.8605012269602682,0.2042471996068961,0.5492984153958369
MKD,1997,0.2310592821221177,0.017463914166902607,0.7514768037109797,0.14054152230194988,0.5576705800103611
MKD,1998,0.1969760906553069,0.07647358698457983,0.7265503223601133,0.5593247550672922,0.41627127125618735
MKD,1999,0.18182077875104274,0.04593762395588064,0.7722415972930766,0.4033890597221354,0.46518086267888814
MKD,2000,0.2054593496660491,0.025092624517984004,0.7694480258159669,0.21767434095319751,0.5123503904762993
MKD,2001,0.14958094781929485,0.03568356362206748,0.8147354885586376,0.3852174746738974,0.49301545056920976
MKD,2002,0.12251549883959977,0.03858166709057359,0.8389028340698267,0.4789862921275299,0.46749057518456266
MKD,2003,0.09910444264016964,0.0393271540598629,0.8615684032999674,0.5681817590398949,0.5075868047710755
MKD,2004,0.05489464859329279,0.025362959211869623,0.9197423921948376,0.6320387538447962,0.4884656146476673
MKD,2005,0.0299373927425567,0.040645963620933555,0.9294166436365098,0.8482847596077773,0.46521509938188366
MKD,2006,0.013860432261740864,0.024417529655883667,0.9617220380823754,0.7241990726449326,0.5005484318157306
MKD,2007,0.047194422577413866,0.015208180647054263,0.9375973967755319,0.48742135299545064,0.47009399009223146
MKD,2008,0.004449700662342656,0.028585232136177963,0.9669650672014793,0.26939365607197024,0.4816530075331972
MKD,2009,0.02713250144608058,0.03634301619297934,0.9365244823609401,0.8548965791933765,0.5230310171913517
MKD,2010,0.03485404309274264,0.14927658335722352,0.8158693735500339,0.37857953089855517,0.507190081610925
MKD,2011,0.026825032308114616,0.0620263968394751,0.9111485708524103,0.6038176890448431,0.520274737460467
MKD,2012,0.04412873984498667,0.07548709482564145,0.8803841653293719,0.7378411055108002,0.5239649850124545
MKD,2013,0.03622262968163261,0.08957013993154649,0.8742072303868209,0.5759095660747361,0.4283049014403949
MKD,2014,0.029879945803500448,0.05962541543776254,0.910494638758737,0.6676682913542715,0.4989424597131462
MKD,2015,0.023842536042688163,0.113967194420019,0.8621902695372928,0.34602108229418843,0.38274260133210564
MKD,2016,0.02741068779746044,0.049471404494152424,0.9231179077083871,0.713057800078906,0.4301044147527063
MKD,2017,0.026998553940074964,0.04813738269251154,0.9248640633674134,0.7186588774981925,0.4169399944790592
MKD,2018,0.030730937384918666,0.04799487546929912,0.9212741871457822,0.7807080364308296,0.4397278525187542
MKD,2019,0.032935963263735525,0.07482381780093925,0.8922402189353252,0.6112848956879037,0.4700917634300293
MKD,2020,0.03578346764660743,0.06832955317004352,0.895886979183349,0.6873965881678563,0.4884241475399422
MKD,2021,0.04014359405972259,0.07258110991540227,0.8872752960248751,0.7122412859665818,0.4647089649668478
MKD,2022,0.6289559694658023,0.041453135064194485,0.3295908954700032,0.1236651912514106,0.6064924652579015
MKD,2023,0.1066386503561351,0.02917677707323868,0.8641845725706262,0.42965335566772894,0.5479084007670179
MLI,1990,0.16700225990983714,0.4257380122744941,0.40725972781566877,0.5634921996928278,-0.16064256942131258
MLI,1991,0.07178211801618407,0.6432876867723608,0.2849301952114552,0.2007695403595204,-0.1556642478844112
MLI,1992,0.07849946185198615,0.5425424250465594,0.37895811310145455,0.25279925076876486,0.09489398669049715
MLI,1993,0.12914262770144364,0.6390799253137327,0.23177744698482375,0.33621149807324757,0.12047019619292644
MLI,1994,0.1759001056985071,0.4777677739053404,0.3463321203961524,0.5381941233065041,0.17539720115737997
MLI,1995,0.05990196050533945,0.6184891476895154,0.3216088918051451,0.17660007562520633,0.2074457863438544
MLI,1996,0.04765961866273247,0.5673604401660363,0.38497994117123124,0.15498557479082695,0.15333694611319937
MLI,1997,0.049073695443359204,0.5312524869358964,0.4196738176207443,0.16912452663143326,0.10799207759702296
MLI,1998,0.016178178001415085,0.47975282527788166,0.5040689967207033,0.06524366451961429,-0.10214514529186028
MLI,1999,0.05750986436940213,0.42697521185781206,0.5155149237727858,0.23740613360990753,-0.04942780272781778
MLI,2000,0.05881490840045241,0.9094352163483149,0.03174987525123264,0.12148701435120014,0.011640883613169317
MLI,2001,0.03693429116048731,0.770580228175868,0.1924854806636447,0.09147647571920131,-0.0441737260256493
MLI,2002,0.007879031217759123,0.17006024057602898,0.8220607282062119,0.08855865417826422,-0.11648390539058759
MLI,2003,0.027738211094248004,0.25922379732491285,0.7130379915808391,0.19332322942019028,0.05807071463225682
MLI,2004,0.003585997478547511,0.6935300009608985,0.302884001560554,0.01028809405199443,0.06353900774087468
MLI,2005,0.0018109271154744416,0.6278079272316366,0.37038114565288893,0.00575245516544227,0.03630448239107935
MLI,2006,0.002357393631950418,0.9399666867296255,0.05767591963842406,0.005003360693161679,0.07657730709204078
MLI,2007,0.021957009164854102,0.8901202293490346,0.08792276148611136,0.04814725823139759,-0.006661754009620815
MLI,2008,0.013801456374779504,0.8968596382214792,0.08933890540374136,0.030310850999730864,0.017896907946454325
MLI,2009,0.04885336995709696,0.8754512581678756,0.07569537187502738,0.10570837464310875,-0.042161638162643844
MLI,2010,0.05173855679231239,0.755388782172524,0.1928726610351635,0.1282041985064427,0.04674052028749976
MLI,2011,0.007477584787413868,0.8370385165157729,0.15548389869681323,0.017708566540945953,-0.030612437003505362
MLI,2012,0.013086062644481438,0.7836804373519001,0.20323350000361845,0.03284792381341552,0.08112941469542911
MLI,2013,0.0038972013463038323,0.8120972000534454,0.18400559860025073,0.009552029620837127,-0.010103600566984176
MLI,2014,0.004953104236342589,0.8080949691695746,0.1869519265940828,0.012184037816100288,0.03418480806951484
MLI,2015,0.005236442481437339,0.9589388080995442,0.03582474941901844,0.010862013888620401,-0.2632982247184428
MLI,2016,0.004395774763902914,0.8133495406841416,0.18225468455195556,0.010750962875267488,-0.10171592143183594
MLI,2017,0.006834847667939901,0.7403866279496223,0.25277852438243775,0.018294034341802205,0.07206547347422143
MLI,2018,0.006189608870288466,0.6249564212499407,0.36885396987977087,0.019613872463427794,0.07362460836876764
MLI,2019,0.003517338186116284,0.6110622383450334,0.38542042346885036,0.011446323048901412,0.06906897687786985
MLI,2020,0.0039396635267178294,0.5130471277070104,0.48301320876627174,0.015240867246593614,0.1398131400053119
MLI,2021,0.004401953576203915,0.24919474831157226,0.7464032981122238,0.03471617369970297,-0.18190634728384142
MLI,2022,0.1811453089303518,0.2912597922984511,0.5275948987711971,0.7669066589635177,0.04011019640133545
MLI,2023,0.020528617558906705,0.40641494744249945,0.5730564349985938,0.09616548528534019,0.07674884131608495
MMR,1990,0.05914654398656772,0.7648875679206351,0.17596588809279728,0.14355362995756274,-0.05188844388436314
MMR,1991,0.08453197703841989,0.7224379536492181,0.19303006931236188,0.20950465147168051,-0.03941148729140359
MMR,1992,0.09327591905351883,0.7479228811772335,0.15880119976924761,0.22176902541452026,-0.045312461392156875
MMR,1993,0.13567789780781705,0.7090612892687113,0.15526081292347158,0.3212302681905189,0.05694141234976428
MMR,1994,0.15738838304158187,0.6716817082451122,0.17092990871330593,0.3796744924119007,0.1019168526279887
MMR,1995,0.10321610022843064,0.7294700341283077,0.16731386564326162,0.24791117798104448,-0.0023223176709500307
MMR,1996,0.15056562260688894,0.6537308596587362,0.19570351773437483,0.37440328517354743,-0.09888492455945201
MMR,1997,0.20705715680052408,0.573446231470904,0.21949661172857196,0.5305733707552281,-0.09324604704508183
MMR,1998,0.2055981968522106,0.51458820798148,0.27981359516630955,0.5709582837784573,-0.18800219133002624
MMR,1999,0.2246909449883193,0.499805317872846,0.2755037371388348,0.6202680579772063,-0.1969956716600913
MMR,2000,0.03434053668418708,0.7565077645855302,0.20915169873028275,0.08684481367426067,-0.19761979169681157
MMR,2001,0.031274043429439145,0.8128939813520685,0.15583197521849237,0.07409435683739306,-0.263236443057236
MMR,2002,0.030680968490282373,0.8223433109302064,0.14697572057951122,0.07193457262699679,-0.2264456203712282
MMR,2003,0.031008325283875912,0.8200239026997125,0.14896777201641165,0.07287227031894235,-0.13399199415368857
MMR,2004,0.0012185951288631739,0.830845095118283,0.16793630975285384,0.0029290909894198534,-0.13021845719022077
MMR,2005,0.0009872746631159229,0.8781351514651757,0.12087757387170836,0.0022460459061747298,-0.09924230554495084
MMR,2006,0.0042906359769269466,0.8794042442582032,0.11630511976486982,0.009710672932234961,-0.09488936954900279
MMR,2007,0.010485441498439996,0.8785117809799853,0.11100277752157475,0.023589368410415843,-0.16203286456609092
MMR,2008,0.0007738509138961601,0.9165592964684375,0.08266685261766632,0.0016871752996267303,-0.19428092114358012
MMR,2009,0.006692741220188772,0.9158298867251443,0.07747737205466688,0.014509652159091257,-0.22873849419544487
MMR,2010,0.006712707083217745,0.9189262674353406,0.0743610254814417,0.01450394218050109,-0.06043166007956679
MMR,2011,0.014474167332201797,0.8981597448629652,0.08736608780483292,0.0317195474303315,-0.17918833522224312
MMR,2012,0.005217760417803949,0.8672106767955068,0.12757156278668924,0.011961463416920223,-0.019796511879021948
MMR,2013,0.006353164546488709,0.8758314532468354,0.11781538220667584,0.014403253963734633,-0.23384470146654604
MMR,2014,0.007455151735832265,0.8902079111693696,0.10233693709479812,0.01661013367689291,-0.03811660424666607
MMR,2015,0.009898217575627402,0.9390001495384116,0.051101632885961035,0.02086254528128581,-0.25463138715406436
MMR,2016,0.022080238743847923,0.8408920676499639,0.1370276936061881,0.05117253144800628,-0.08665847768262251
MMR,2017,0.041390900758250686,0.7729081063788763,0.18570099286287298,0.1016602019539992,-0.1183204658292918
MMR,2018,0.057260002574074015,0.6785482644718934,0.2641917329540326,0.1556383779267782,-0.10189949393138455
MMR,2019,0.07790711733414998,0.6443913874628118,0.2777014952030383,0.21572000168005245,-0.12315042898500704
MMR,2020,0.04527480135442284,0.6790657722042857,0.2756594264412915,0.12500970677919168,-0.08331818874943198
MMR,2021,0.06626639975971758,0.6919535091873578,0.24178009105292467,0.17479467098599505,-0.054059874345255
MMR,2022,0.14140030267161335,0.5965192081015576,0.262080489226829,0.38324044996034373,0.25910809596808987
MMR,2023,0.0816282887645534,0.6192913358260346,0.299080375409412,0.2329176867097509,0.192738626326577
MNG,1990,0.07365630919607198,0.38489397502621847,0.5414497157777095,0.32125728292152045,-0.1451245467074353
MNG,1991,0.0919699383082056,0.32111520323668535,0.586914858455109,0.4452832070611332,0.025022661432019797
MNG,1992,0.024759284731774415,0.19779917469050895,0.7774415405777166,0.22249690976514214,0.10291781843432248
MNG,1993,0.06116099451434186,0.3344341038727109,0.6044049016129472,0.30921007243877197,0.7889981028043854
MNG,1994,0.11512758201701094,0.2290400972053463,0.6558323207776428,0.6690203000882613,0.3102812755464059
MNG,1995,0.11437482424521307,0.20415676048776746,0.6814684152670194,0.7181380417335473,0.3102955881803937
MNG,1996,0.11804411205475979,0.2583977690455064,0.6235581188997338,0.6271571681117939,0.2877753722058718
MNG,1997,0.1717118827109991,0.33619138004385246,0.4920967372451484,0.676159793814433,0.2549966503499275
MNG,1998,0.1639376067049511,0.561656060841223,0.27440633245382584,0.4518716577540108,0.05808805163587389
MNG,1999,0.1691620995536471,0.7269337250692129,0.10390417537713995,0.3775535939470366,0.12746861563600154
MNG,2000,0.28204786778506546,0.6022495324292784,0.11570259978565622,0.6379027411291727,0.14695883637995225
MNG,2001,0.34564908354072776,0.4852967965964889,0.16905411986278335,0.8319412654976992,0.08684550881211059
MNG,2002,0.2282460732699093,0.6684379047914489,0.10331602193864174,0.5090892195116057,0.027650730873543493
MNG,2003,0.2758760983912424,0.6007581090124844,0.12336579259627321,0.6293984333745942,0.1482335149504434
MNG,2004,0.1796299862099011,0.5325505015834747,0.2878195122066242,0.5044507376675474,0.10953019687392525
MNG,2005,0.14240431916838325,0.5242899048363383,0.3333057759952785,0.4271952989572465,0.07663863701062117
MNG,2006,0.0774630180540947,0.7155023035479239,0.20703467839798137,0.19537555033957113,0.16023073719571826
MNG,2007,0.06265855005353797,0.7618637362330429,0.17547771371341905,0.1519875231892995,0.10338981346252164
MNG,2008,0.114048976168109,0.6884432743997616,0.19750774943212934,0.2842369532849796,0.10251634393684497
MNG,2009,0.15299967586398402,0.7816662359653707,0.06533408817064536,0.3273890144651338,0.07052174386571167
MNG,2010,0.07528885020203846,0.8913403705530947,0.03337077924486688,0.1557760692217076,0.16927276034193797
MNG,2011,0.02404167098732147,0.9457712723091084,0.03018705670357013,0.049580016751690166,0.15922685577286366
MNG,2012,0.03111194548392033,0.9505629758253171,0.018325078690762497,0.0633854340343686,0.1858108368394548
MNG,2013,0.0796862886094501,0.8906134102518498,0.029700301138700053,0.16425087775038236,0.022898062985196154
MNG,2014,0.07193391919208614,0.8981814803467246,0.029884600461189254,0.14829971614981735,0.11088309049223269
MNG,2015,0.07668293010151311,0.8945935115725032,0.028723558325983688,0.15790134880518342,-0.08979297818379191
MNG,2016,0.16294175069961436,0.813601994716669,0.023456254583716547,0.33371111425255234,-0.02172107249111657
MNG,2017,0.1085617823792828,0.8747493906275687,0.016688826993148508,0.2208086013043327,-0.0632542210266282
MNG,2018,0.025882788331199145,0.9544446920194929,0.01967251964930799,0.05280437170228077,0.0013622880186243435
MNG,2019,0.041710210723593016,0.9277945031742212,0.030495286102185812,0.08604436910038432,-0.07779733335879868
MNG,2020,0.01253322893365239,0.7550292705630502,0.2324375005032974,0.03265722059603104,0.011037655918168632
MNG,2021,0.004457861164241733,0.8676608386965532,0.12788130013920512,0.010223060610793654,-0.11210934341573718
MNG,2022,0.004663290255369749,0.8931902932623643,0.10214641648226598,0.010387640793500585,0.15467544891694157
MNG,2023,0.003845735800765249,0.9342167497100178,0.06193751448921695,0.008199316911540733,0.06841464835190969
MOZ,1990,0.18644957515311028,0.5553571555079986,0.25819326933889114,0.5026904379445134,-0.18271071117557422
MOZ,1991,0.16122307157748436,0.23835997220291869,0.6004169562195969,0.8069565217391305,-0.1101777393729174
MOZ,1992,0.1840929401251117,0.11885612153708669,0.6970509383378016,0.784660766961652,0.038676532112327605
MOZ,1993,0.1,0.11666666666666667,0.7833333333333333,0.9230769230769231,0.1728399877837363
MOZ,1994,0.13604537703898356,0.3904120605753238,0.47354256238569276,0.5168333366339596,0.1857301439473437
MOZ,1995,0.10759279409986701,0.35802200459436584,0.5343852013057672,0.4621536703798915,0.19875374860864284
MOZ,1996,0.14156510463160465,0.43695793123537646,0.4214769641330189,0.48940178991992467,0.17571214767381416
MOZ,1997,0.16103576968795888,0.39944210107823885,0.4395221292338023,0.5746373874415985,0.10844489143360514
MOZ,1998,0.06930693069306931,0.5701320132013201,0.36056105610561057,0.2167741935483871,-0.03645251174161839
MOZ,1999,0.059322033898305086,0.6174884437596302,0.3231895223420647,0.1752988047808765,-0.0047109987637703
MOZ,2000,0.07119742765066417,0.5579850354502689,0.370817536899067,0.22631726669483704,0.0015161138808240456
MOZ,2001,0.039693447079225265,0.2568883793412755,0.7034181735794992,0.2676728210780316,-0.0201487884362679
MOZ,2002,0.046918149872772937,0.3148270971774217,0.6382547529498054,0.2593988463171859,-0.026148685378558727
MOZ,2003,0.048293808620885864,0.28927666657789425,0.6624295248012199,0.28612578509686193,0.06543245862991594
MOZ,2004,0.006360589715515689,0.26116813818037077,0.7324712721041136,0.04755070429663184,0.05696068371753728
MOZ,2005,0.023264035196082434,0.2882388311060999,0.6884971336978177,0.14936642781010231,0.02805256967324355
MOZ,2006,0.0029292998094672578,0.26277808465837693,0.7342926155321557,0.022049065857420762,0.0942687860474086
MOZ,2007,0.016112536206388046,0.27828486884936726,0.7056025949442447,0.10946112927412881,0.03343052340683105
MOZ,2008,0.007514843780340055,0.215479585843853,0.777005570375807,0.0673993856528581,0.03953147366390838
MOZ,2009,0.035520987780908723,0.4226812063525505,0.5417978058665407,0.1550450357318133,-0.0026069952126104904
MOZ,2010,0.010192236489376411,0.35537177382012,0.6344359896905036,0.055761706305538054,0.056013003860949984
MOZ,2011,0.06735731897355858,0.4283413497450465,0.5043013312813949,0.27176719738900706,0.017373968277796345
MOZ,2012,0.071898691101329,0.5122727703424139,0.415828538556257,0.24615612314793991,0.15320775967069658
MOZ,2013,0.04911552577301008,0.5480988536961985,0.4027856205307914,0.16448206024999906,-0.05561947648443259
MOZ,2014,0.057565212438440996,0.5581233970120323,0.38431139054952673,0.1869945669120637,0.02578806753011949
MOZ,2015,0.04442744175688611,0.5067190819751948,0.44885347626791916,0.16121825991406538,-0.2227287000260004
MOZ,2016,0.049457877486972175,0.6037102794741992,0.34683184303882864,0.151439952973434,-0.10080118520043164
MOZ,2017,0.06070247316230262,0.6870801665192906,0.2522173603184068,0.1623532559893335,-0.12923305524729362
MOZ,2018,0.068957028818484,0.6486621919760531,0.28238077920546284,0.19218278111931236,-0.03799297360001118
MOZ,2019,0.06510596544668844,0.5921237573749089,0.34277027717840275,0.1981224013033909,-0.08776457112898182
MOZ,2020,0.1194418130394817,0.5833774496101197,0.29718073735039857,0.33989339617468844,0.03278287144830179
MOZ,2021,0.12090636531247809,0.60873638159612,0.27035725309140196,0.3314125051602108,-0.1066999789443997
MOZ,2022,0.14972014074277482,0.616690954739499,0.23358890451772624,0.390704523004228,0.1470837125088212
MOZ,2023,0.06536131290292432,0.7125086648071598,0.22213002228991588,0.16805202611196493,0.09244032306366068
MRT,1990,0.21960055205534398,0.10536379693562446,0.6750356510090315,0.6484637300232142,-0.18903343269600756
MRT,1991,0.19355702292149665,0.11517949018900912,0.6912634868894942,0.7461345535620728,-0.17807156212078762
MRT,1992,0.21526345148601836,0.13611495110436972,0.648621597409612,0.7747485337796519,-0.045985914169313385
MRT,1993,0.4399179441684307,0.13133875748409538,0.42874329834747393,0.45982395341414756,0.1226849205550737
MRT,1994,0.42021644658046076,0.052627724045986084,0.5271558293735531,0.22260070998131298,0.2108785792372304
MRT,1995,0.1884422742140067,0.1308736450457502,0.6806840807402431,0.8197126240943045,0.17561845916151714
MRT,1996,0.1677603999956942,0.13717042041757066,0.6950691795867352,0.8996822310822312,0.17574427355597694
MRT,1997,0.1957519088754279,0.12144267965528097,0.6828054114692911,0.7657298330202983,0.15309543026094996
MRT,1998,0.027159099786054006,0.12877437162579178,0.8440665285881543,0.3483421428401653,-0.07921484598415153
MRT,1999,0.06142688934808528,0.17798201630176524,0.7605910943501495,0.513154589478185,
MRT,2000,0.01316732671724319,0.19312439377553636,0.7937082795072204,0.12765734548909405,-0.16552708887184928
MRT,2001,0.021582335426283905,0.14269342010105168,0.8357242444726645,0.2627574027220662,-0.21920426449701028
MRT,2002,0.00026918518183915714,0.10832261005847328,0.8914082047596875,0.00495774439023599,-0.143526024303794
MRT,2003,0.001465782740892875,0.12443258324322393,0.8741016340158833,0.023285174981187547,-0.08582927413741431
MRT,2004,0.0004996430239954195,0.09880041316984108,0.9006999438061635,0.010063297910327508,-0.0687023193331658
MRT,2005,3.72705569574787e-06,0.49518326631971943,0.5048130066245848,1.5053124357498157e-05,0.11561485575448358
MRT,2006,7.745027667429218e-07,0.4413674116454686,0.5586318138517646,3.5095541140013286e-06,0.02059124935309345
MRT,2007,0.03867924494812905,0.33128038722998493,0.630040367821886,0.20909981297368815,0.02078704230979652
MRT,2008,5.8718036846101686e-05,0.15593621393574358,0.8440050680274104,0.0007528198013050732,-0.06952048143203164
MRT,2009,0.0048252844925343345,0.28479499121660895,0.7103797242908567,0.033321455003241685,-0.1411986267620606
MRT,2010,0.08379468364929217,0.4593192324758356,0.45688608387487223,0.3085713002794307,-0.03426015392171927
MRT,2011,0.000629625110228789,0.4245043254851077,0.5748660494046635,0.0029620081357750573,0.0027977798247397026
MRT,2012,0.04932601959364566,0.5527005904378083,0.39797338996854603,0.16386657590124973,0.03273533738495521
MRT,2013,0.013945162695624586,0.6019694559175546,0.38408538138682086,0.04528277873002637,-0.053377855246882
MRT,2014,0.003174273699776339,0.51943101523616,0.4773947110640637,0.012147882032496836,0.030574955335390636
MRT,2015,0.0003037273460882648,0.6906262403537843,0.3090700323001275,0.0008791841728891356,-0.20395394052078333
MRT,2016,0.0013816282293183776,0.5459842131813367,0.4526341585893449,0.005048280783315547,-0.13470214829334046
MRT,2017,0.0006388966318462557,0.4886150165549479,0.5107460868132059,0.002611718024633679,-0.0932997074180814
MRT,2018,0.0006484121063367739,0.5222387391367602,0.477112848756903,0.0024801225457357573,-0.06510968300543195
MRT,2019,0.00036790694754841976,0.5828850222686598,0.41674707078379175,0.0012615691379135414,-0.1808415973054769
MRT,2020,0.0015140632950363217,0.45860014423985174,0.5398857924651119,0.006581249916832956,-0.03581499412713767
MRT,2021,0.0006069928014410554,0.5042224646702936,0.4951705425282653,0.002404743988122131,-0.12447167828588097
MRT,2022,0.24497156602006137,0.4359624562489383,0.3190659777310003,0.7195163055703113,0.10017728478332447
MRT,2023,0.27093514352999,0.444320852557545,0.284744003912465,0.7575892967329482,0.005494699751017554
MWI,1990,0.36489846991557257,0.12050153316593233,0.5145999969184951,0.4965040477995159,0.1574926167680148
MWI,1991,0.31500459403879083,0.1131021560206318,0.5718932499405774,0.5283829605813637,0.12656487294882166
MWI,1992,0.2909409714011471,0.0861616865731132,0.6228973420257397,0.45696674235053675,0.2424004981507305
MWI,1993,0.569467837393645,0.09750139118359555,0.3330307714227594,0.29237148283911896,0.3002311499936252
MWI,1994,0.5373275018658119,0.24794434627439849,0.21472815185978952,0.631486654874015,0.2815897658805629
MWI,1995,0.3272757560613633,0.2143902796076709,0.45833396433096585,0.7915958006961562,0.2673428952617003
MWI,1996,0.23732563542581805,0.32252420610858146,0.44015015846560046,0.8478188893485139,0.22147910391562098
MWI,1997,0.3276338659454259,0.2953613978861077,0.3770047361684664,0.9481978918092625,0.21530404452151264
MWI,1998,0.16144669313084203,0.3207818905140466,0.5177714163551115,0.6695857467036039,-0.021213609839802496
MWI,1999,0.18261568092765193,0.26592330110060713,0.551461017971741,0.8142689409151364,0.14230981414978197
MWI,2000,0.2342934483453905,0.3566239443829936,0.4090826072716159,0.7929820689948239,0.05137808623145955
MWI,2001,0.25933646510453456,0.4421377920354758,0.2985257428599896,0.7394040835137089,0.10679550609527755
MWI,2002,0.24435022868192507,0.40619045033395945,0.3494593209841154,0.7512219806194739,0.007355669569965676
MWI,2003,0.19922965466056775,0.42395936796072203,0.3768109773787102,0.6393875611690262,0.1245827330696174
MWI,2004,0.1139368113096879,0.4511409089366889,0.43492227975362324,0.4032606745139796,0.23803085996252607
MWI,2005,0.11008734772748471,0.42622268004688857,0.4636899722256267,0.41053622728008615,0.0920557385948613
MWI,2006,0.097456891196568,0.4462254262839106,0.45631768251952143,0.35850675316497593,0.22078237163640269
MWI,2007,0.10798377185782232,0.4919698179443717,0.40004641019780596,0.3599737502810002,0.10206936506009097
MWI,2008,0.06689014592330413,0.38592455739277415,0.5471852966839217,0.29544158099748274,0.018507053453804857
MWI,2009,0.09366945266992574,0.49163429804233655,0.41469624928773774,0.32007125379237156,0.08564591507312608
MWI,2010,0.2309991829229795,0.4264065499118204,0.3425942671652001,0.7027598677209207,0.11678305481385115
MWI,2011,0.21925698219976592,0.5107038704669867,0.27003914733324735,0.6007362761955203,0.11575420523418027
MWI,2012,0.18641238700812182,0.45485941363146754,0.35872819936041067,0.5813833910120436,0.18222413939222873
MWI,2013,0.23918042810653498,0.45304031486894,0.3077792570245251,0.6910524728814982,0.13196408110055452
MWI,2014,0.11118569677201151,0.5309060120606238,0.35790829116736467,0.3463234153082412,0.14851527730515915
MWI,2015,0.10779173866597162,0.6180591394383461,0.27414912189568225,0.29700794451744134,-0.09567263399450954
MWI,2016,0.11629931784266412,0.5419817652451386,0.34171891691219725,0.353342427210997,0.04632786001935946
MWI,2017,0.09197183309716045,0.42901355078250974,0.4790146161203298,0.3530687652396897,-0.03622745650512875
MWI,2018,0.10013618109687547,0.5022699181883616,0.39759390071476286,0.33245407447131886,0.06077637787073531
MWI,2019,0.08906364926861726,0.5558396495256286,0.3550967012057542,0.2762077645908669,-0.01481116139101983
MWI,2020,0.11117466429643204,0.4864846814762594,0.4023406542273085,0.37203355082718054,0.1472571151075553
MWI,2021,0.07095291899913057,0.6031515587729626,0.3258955222279069,0.21051015484611252,0.02543519276636645
MWI,2022,0.14525579774713546,0.5961689138778741,0.25857528837499044,0.3918288545542882,0.34791516870371125
MWI,2023,0.12604329162071756,0.543906343812942,0.3300503645663404,0.3762769168136931,0.23143502304189348
MYS,1990,0.2536931107933282,0.4402886542399249,0.3060182349667468,0.7311232760738954,-0.18256680998776395
MYS,1991,0.2456597856278459,0.46034316318814383,0.29399705118401026,0.6959171658980531,-0.3133542691379261
MYS,1992,0.2634870674937022,0.41946701676155124,0.3170459157447465,0.7716099034125525,-0.10412359747275304
MYS,1993,0.3596617052131061,0.4057145854143615,0.23462370937253232,0.9398297533315273,0.0706549078032841
MYS,1994,0.3615497970833501,0.41726091666967374,0.22118928624697612,0.9284664186014386,0.18285716273263433
MYS,1995,0.28757923338629665,0.4149440841178852,0.2974766824958181,0.8187037389960649,0.17742338072307398
MYS,1996,0.25354981187391445,0.4282340886362026,0.31821609948988294,0.74378351170864,0.12972740757839166
MYS,1997,0.296021488105207,0.41793654348859266,0.2860419684062004,0.8292405855968461,0.1039367821479195
MYS,1998,0.27719629574180754,0.4034247667040692,0.3193789375541232,0.8145392819483905,-0.08403515083292129
MYS,1999,0.28305308809131996,0.3774609673372839,0.339485944571396,0.8570690835871718,-0.00828317733547689
MYS,2000,0.25861724564697497,0.400600609482138,0.340782144870887,0.7846184493783857,0.0050960687775818865
MYS,2001,0.24966927294358654,0.4002113801979008,0.35011934685851265,0.7683542254618567,-0.1298034791111413
MYS,2002,0.24893323543711185,0.43302959624847936,0.31803716831440876,0.7300492750369679,-0.07760562263583083
MYS,2003,0.2424452338701829,0.44569803140623704,0.31185673472358005,0.7046359271504175,-0.02155296579437009
MYS,2004,0.20698357835214726,0.45015431093826136,0.3428621107095914,0.6299547833884681,-0.00036549742622848035
MYS,2005,0.21565252567997048,0.46170930931486337,0.3226381650051661,0.6367424751104119,-0.12249035089848641
MYS,2006,0.23439523732767886,0.4710141829798315,0.29459057969248964,0.6645650896623937,0.015649655713731093
MYS,2007,0.1864115664340059,0.4953205713770058,0.31826786218898834,0.5468762761648842,-0.16186287266903804
MYS,2008,0.13935717496775132,0.5289043517178489,0.3317384733143998,0.41707376349773095,-0.07276733240099481
MYS,2009,0.1390393546667564,0.5566456065378766,0.3043150387953669,0.3997193052038924,-0.14793649700967945
MYS,2010,0.13418650113168087,0.5639754596706261,0.301838039197693,0.38439934761692757,-0.10417083901568705
MYS,2011,0.10535116400027512,0.5727350312441122,0.3219138047556127,0.31073089155665756,0.01044241722103047
MYS,2012,0.11719283175470852,0.5802996144427393,0.3025075538025523,0.336040432820783,0.016409459652229178
MYS,2013,0.10139060861271573,0.5980674506409676,0.3005419407463167,0.28991190328380456,-0.03413125864662572
MYS,2014,0.10666159739632998,0.5810941450995513,0.3122442575041187,0.3101729024006477,0.00231071894540588
MYS,2015,0.1197304959122213,0.7108634626077975,0.1694060414799811,0.28830090728220864,-0.18517473466301504
MYS,2016,0.1267620250903494,0.6011384888150123,0.27209948609463835,0.34829491851912725,-0.09599749325863179
MYS,2017,0.11462116555774811,0.5989748916940756,0.2864039427481763,0.3212494362683929,-0.11838103718179625
MYS,2018,0.11182157650304876,0.6107170861831462,0.27746133731380496,0.30952413283277513,-0.05924214694540925
MYS,2019,0.11903514222218504,0.6250594572786184,0.2559054004991965,0.31994626033314333,-0.10793415300890047
MYS,2020,0.13541667102437646,0.6094567105400975,0.25512661843552603,0.3635964833109161,-0.027417077107645203
MYS,2021,0.13569920510225417,0.6174943521514771,0.24680644274626873,0.360330233298957,-0.13914129853170995
MYS,2022,0.19894116883724527,0.6087206525015769,0.19233817866117783,0.49263482210282034,0.1308436379303931
MYS,2023,0.14442196066690374,0.6050983970913463,0.25047964224174996,0.38537168249534204,0.02867625484517479
NAM,2000,0.36986704569094464,0.37115716625311884,0.2589757880559365,0.9982590034962695,0.01652815033372043
NAM,2001,0.38467320785240705,0.4004183784076715,0.2149084137399214,0.9799447977397524,-0.025083868496868902
NAM,2002,0.27933805370976683,0.4411457989319901,0.27951614735824315,0.7754179436097949,-0.02761559154411099
NAM,2003,0.13237270649485436,0.6390382698392205,0.22858902366592507,0.34319632609823725,0.07745576237984136
NAM,2004,0.09197233973967643,0.40587498730188265,0.5021526729584409,0.36948009859255027,0.07048589530621752
NAM,2005,0.11203019402866099,0.441558600637472,0.446411205333867,0.4047415522426747,0.07620575150446537
NAM,2006,0.04522481771649343,0.4078161351001144,0.5469590471833922,0.19965002031417037,0.06044586826919234
NAM,2007,0.21544566932969794,0.42384701634335986,0.3607073143269422,0.6740126210043313,0.03355298877350373
NAM,2008,0.13867867361284233,0.5236766838617771,0.3376446425253805,0.41874402327350785,-0.00042867564897529136
NAM,2009,0.2012465073212505,0.6323547449203402,0.16639874775840938,0.4828363843746389,-0.1102727287630212
NAM,2010,0.2771644682119543,0.5015086083422904,0.22132692344575536,0.7118891780320754,0.03562042964227169
NAM,2011,0.27953851760368487,0.47351768421835655,0.24694379817795856,0.7424107707428297,-0.00608214347241599
NAM,2012,0.2525395990450044,0.4858609769898545,0.2615994239651412,0.6840178820041504,0.028639298023941308
NAM,2013,0.0968654678206919,0.6297219884457552,0.27341254373355295,0.26663126918934954,-0.10805865678794442
NAM,2014,0.07780351205685775,0.5718217987248406,0.3503746892183016,0.23953349958989828,0.011314776846351805
NAM,2015,0.055100554566566304,0.789388615333297,0.15551083010013678,0.13049440189529002,-0.29653237928950654
NAM,2016,0.05526215994347815,0.5213377961650012,0.42340004389152064,0.19168284478010378,-0.10672560872162738
NAM,2017,0.04893745304934729,0.5811311893005836,0.3699313576500691,0.15534006855769897,-0.1398387298549943
NAM,2018,0.13790947619891192,0.5438111215789163,0.3182794022221717,0.40459237009545784,-0.041787878600304716
NAM,2019,0.05274762836382939,0.6588186699484413,0.2884337016877293,0.1482578039149378,-0.037002550190933105
NAM,2020,0.03331799532536668,0.7073636079233082,0.25931839675132506,0.08996576985099106,-0.0031009635353411572
NAM,2021,0.02799792960755094,0.7037455118208235,0.26825655857162556,0.07652389627954452,-0.0838040143067699
NAM,2022,0.10281594399169645,0.695420330303533,0.20176372570477052,0.25760779684554835,0.14338485678132343
NAM,2023,0.07717297998332491,0.7457839286604997,0.17704309135617538,0.18755047602796257,0.045604605258274755
NER,1990,0.5946794122667646,0.14308599340835385,0.26223459432488155,0.3878902217634288,-0.1792482130943841
NER,1991,0.504106289477393,0.2694135885510758,0.2264801219715312,0.6965912478881641,-0.13032337206343247
NER,1992,0.4893411800886256,0.2863133762947845,0.22434544361658995,0.7382497116493655,-0.005817311012429908
NER,1993,0.44512754486199413,0.2583407097449103,0.2965317453930956,0.7344772363303591,0.15273961813644618
NER,1994,0.46450689890251273,0.21388038061586048,0.3216127204816268,0.6305553982902117,0.2060332204987628
NER,1995,0.5294671239752375,0.19824953990296162,0.27228333612180083,0.5448536490739023,0.16607614240406074
NER,1996,0.4106442980835939,0.3634684518285598,0.22588725008784638,0.9390581717451527,0.13918006700667476
NER,1997,0.4900418350198448,0.28911753137626484,0.22084063360389042,0.7421268198662276,0.03516147733925537
NER,1998,0.011361486125165556,0.32004672935640194,0.6685917845184325,0.0685649033090881,-0.1109207983777712
NER,1999,0.0016770265589966969,0.3948850689950603,0.603437904445943,0.008457825787175337,
NER,2000,0.028571179912523906,0.48885631957817405,0.48257250050930206,0.11043549073308401,-0.010691035505134266
NER,2001,0.0052522453520410075,0.4564899378444533,0.5382578168035057,0.022749688216404156,
NER,2002,0.0004303872077833809,0.44324141693822217,0.5563281958539944,0.0019401152102140216,
NER,2003,0.0020833584245266265,0.42042555995931985,0.5774910816161535,0.00986184354401679,-0.0005670187068936958
NER,2004,0.0013528597051101928,0.31716853592259747,0.6814786043722924,0.008494623743840647,-0.03268378126866615
NER,2005,0.030926661885444656,0.3107744176270661,0.6582989204874893,0.18101588633882168,0.06326883864318955
NER,2006,0.03420651646581336,0.3111790294840944,0.6546144540500922,0.19807728995569737,0.0560489878481959
NER,2007,0.05743907040733234,0.21544590222337706,0.7271150273692906,0.42097642720006906,-0.05632368522021915
NER,2008,0.1396003066542893,0.3252178272552074,0.5351818660905033,0.6006663530105322,-0.024108176902280797
NER,2009,0.08083920355688441,0.3350841849395622,0.5840766115035534,0.3887216049528556,-0.0413642109833032
NER,2010,0.2635575493019757,0.31412393250767784,0.42231851819034644,0.9124666709978357,0.06423911922095348
NER,2011,0.1152611947394781,0.20557155801747118,0.6791672472430507,0.7185126440428955,0.00195827921788332
NER,2012,0.39997704848507964,0.4012529289790484,0.19877002253587195,0.9984075976562848,0.06583336893736329
NER,2013,0.09250622306924217,0.44825976048583716,0.4592340164449207,0.34213033320288355,-0.044297488101301276
NER,2014,0.08040898205118309,0.46621493008683673,0.45337608786198014,0.29420221203524743,0.03758972267023229
NER,2015,0.18111977775273125,0.3996569640722785,0.41922325817499023,0.6237156714767456,-0.2389570262535962
NER,2016,0.050353072634164234,0.4575181054739247,0.4921288218919111,0.1982907272735517,-0.05139780422327073
NER,2017,0.06109922980886559,0.5871837832219844,0.35171698696915005,0.18849554463324505,-0.08353574509765374
NER,2018,0.03285176683175925,0.5146352634777549,0.4525129696904858,0.12000929707206748,-0.06736626171298528
NER,2019,0.005596702817020378,0.6673725383717681,0.32703075881121146,0.01663286365698943,-0.08465627163982033
NER,2020,0.046441885808838415,0.5962878357939707,0.3572702783971909,0.14451451130351908,0.08289937906093547
NER,2021,0.00036083613006942914,0.7151550105505171,0.28448415331941346,0.0010086041608817365,-0.1020726451325551
NER,2022,0.3487528041247195,0.6463169918424893,0.004930204032791245,0.7009614914212755,0.1465140747905258
NER,2023,0.44540043504675825,0.538905312114599,0.01569425283864273,0.9050042353836704,0.03786874565545602
NGA,1990,0.6033182538735458,0.07942035473277341,0.31726139139368087,0.23265230274554102,-0.19155361502875257
NGA,1991,0.517757051133578,0.1248016335464935,0.35744131531992857,0.38845209479545656,-0.1411931763098583
NGA,1992,0.4700424005166726,0.15175894894268604,0.37819865054064133,0.488126791859287,-0.00449144508272558
NGA,1993,0.6484908927190227,0.1798028639857844,0.1717062432951929,0.43415240675262934,0.24335444888674482
NGA,1994,0.6432443914556562,0.11869908255097492,0.23805652599336896,0.31156926097628573,0.22668502459411388
NGA,1995,0.46722489979872245,0.20299439843947012,0.32978070176180735,0.6057551579701811,0.03010983405074559
NGA,1996,0.4680212892129402,0.21836009065658465,0.31361862013047526,0.6362646104942212,-0.05708170078355759
NGA,1997,0.4635585307181243,0.2225886206771167,0.3138528486047589,0.6488072426577752,-0.10146508924212953
NGA,1998,0.4004768460283697,0.29411831159879004,0.30540484237284027,0.8468769422566719,-0.2363267138494358
NGA,1999,0.3461839754012871,0.39809883867405643,0.2557171859246566,0.9302484723669651,0.05856556495613188
NGA,2000,0.4315896513307355,0.29973445948904015,0.26867588918022434,0.8197034804528834,0.009724911002052729
NGA,2001,0.4192714482568347,0.3014350496887456,0.27929350205441966,0.8364987704370791,-0.024029947571771317
NGA,2002,0.3217406889840379,0.39000870030788615,0.28825061070807595,0.9040842010531771,-0.0674092431080348
NGA,2003,0.08929365487181655,0.5219930248293978,0.38871332029878564,0.2921498466659265,0.09272688138698996
NGA,2004,0.028304897994415237,0.5463462668248289,0.4253488351807559,0.09851158312127849,-0.014786042197801637
NGA,2005,0.028304897920473856,0.5463462662001446,0.42534883587938155,0.0985115829836993,0.07011879042526661
NGA,2006,0.029181625293899775,0.5317319739372335,0.43908640076886674,0.10405033978102937,0.15228190160842003
NGA,2007,0.048112035554904585,0.5445505709736055,0.40733739347148995,0.1623589375301347,0.06169513249711363
NGA,2008,0.02863386279118661,0.5548830967908917,0.4164830404179218,0.09814234983570835,0.05623997677232703
NGA,2009,0.04809603817691409,0.5464883818338567,0.4054155799892292,0.16178035131173749,-0.018009191893351272
NGA,2010,0.08229074083053334,0.5345030072905482,0.38320625187891844,0.26683390057442347,0.1078049038822369
NGA,2011,0.04936419478706973,0.534055243226589,0.41658056198634125,0.1692236890671237,0.07593547020768171
NGA,2012,0.08012631690109864,0.5463107417187213,0.3735629413801801,0.25581601790173375,0.07032653915054153
NGA,2013,0.048061112011520274,0.5566155718969079,0.3953233160915718,0.15896466091885433,-0.04644557679214836
NGA,2014,0.048060879754823704,0.5463396057553132,0.40559951448986314,0.1617121147321273,0.03438184855913214
NGA,2015,0.048062614524351024,0.5639673204876817,0.3879700649879672,0.15705968540053877,-0.24873867914714798
NGA,2016,0.04917817569083457,0.5358406964391095,0.4149811278700559,0.16812509145828422,-0.11488652437414008
NGA,2017,0.050292257768917915,0.5478653017598518,0.4018424404712303,0.1681572253589449,-0.040456241655015567
NGA,2018,0.0501795205174897,0.548866001604361,0.4009544778781492,0.16753157703191301,0.025515733369947786
NGA,2019,0.048988704571318764,0.5463152963919048,0.40469599903677644,0.16458382437226443,-0.009172072621765868
NGA,2020,0.057234340935606476,0.5062615213951456,0.43650413766924795,0.2031402349570828,0.09247729935590565
NGA,2021,0.06953413160522942,0.4746860530056643,0.4557798153891063,0.2555367609341609,-0.11635485475085267
NGA,2022,0.16559372144588166,0.4494109647252134,0.38499531382890495,0.5385120639546258,0.10607112934238062
NGA,2023,0.2530174272449398,0.3598272212856456,0.3871553514694146,0.8257147316260277,0.01122025014575854
NIC,1990,0.1510079878280715,0.29593001141118297,0.5530620007607455,0.6757446808510638,-0.12708704510976507
NIC,1991,0.23475208424747696,0.3203159280386134,0.4449319877139096,0.8458498023715415,-0.10242882577105812
NIC,1992,0.2926587301587302,0.37103174603174605,0.33630952380952384,0.881913303437967,0.10274036754772273
NIC,1993,0.5697352824970368,0.19004346108257605,0.2402212564203872,0.500260010400416,0.3220549718423188
NIC,1994,0.6209234743299967,0.121730707135938,0.25734581853406524,0.32782608695652177,0.35864338176548927
NIC,1995,0.4622025198320112,0.1420905272981801,0.39570695286980867,0.4702702702702703,0.3232775003811437
NIC,1996,0.4795774647887324,0.29859154929577464,0.22183098591549297,0.7674208144796381,0.27060838859184055
NIC,1997,0.4950789229340761,0.2891364902506964,0.2157845868152275,0.7373904807009235,0.27690363710534227
NIC,1998,0.4237034263246583,0.2797228983336454,0.2965736753416963,0.7953154112323663,0.18918279590658962
NIC,1999,0.4241001564945227,0.34135367762128327,0.23454616588419405,0.8918987988755431,0.1797416137090771
NIC,2000,0.4449958832503977,0.3248809851114856,0.23012313163811673,0.8439816767134616,0.1791164685064536
NIC,2001,0.412816945265545,0.41135271810109875,0.17583033663335623,0.998223391093449,0.26726533482160736
NIC,2002,0.4129625713066184,0.4246820080817994,0.16235542061158223,0.9860090579422868,0.0843694993316481
NIC,2003,0.38502663486531996,0.4597605459379399,0.15521281919674013,0.9115352212120931,0.23774557130670962
NIC,2004,0.39188881058885067,0.4105665870777051,0.19754460233344429,0.9767242185133688,0.23218453549208326
NIC,2005,0.36209725716343716,0.4528707269418151,0.18503201589474771,0.8886171339871253,0.1857349785170947
NIC,2006,0.35657593858561343,0.43814864783033725,0.20527541358404935,0.8973572598117286,0.22493820249650553
NIC,2007,0.34554362060526006,0.45970656660006876,0.19474981279467118,0.8582267377161149,-0.053069808908044136
NIC,2008,0.3826284374477741,0.4538235491508333,0.16354801340139266,0.9148844012044604,-0.1096245874542724
NIC,2009,0.37571340865942376,0.4949028771276383,0.12938371421293796,0.8630975891285289,-0.18751265215323237
NIC,2010,0.45001659136575944,0.4189564080209693,0.13102700061327127,0.9642564459808179,-0.0700671066004287
NIC,2011,0.4542139004564965,0.4213631672442273,0.12442293229927619,0.9624810488715339,-0.254800794755635
NIC,2012,0.4580910382456072,0.43321739520743047,0.10869156654696231,0.9720931137812606,-0.23499786259085742
NIC,2013,0.42717823377881486,0.4599417389192082,0.11288002730197697,0.9630675600271419,-0.3454423011938861
NIC,2014,0.5536523166796796,0.3784684053182568,0.06787927800206357,0.8120587739043843,-0.12465709632481432
NIC,2015,0.5772256030091145,0.3664585221898409,0.05631587480104459,0.7766550531144751,-0.4727499367380847
NIC,2016,0.5151173907374281,0.39607169728545355,0.08881091197711828,0.8693512740475388,-0.34875865550769525
NIC,2017,0.503834204560187,0.3632637886378978,0.13290200680191522,0.8378840488330175,-0.3106586254786791
NIC,2018,0.504388092990746,0.38333541192717996,0.11227649508207406,0.8636369540820507,-0.31227951839229506
NIC,2019,0.553491739257519,0.3373153565690262,0.10919290417345479,0.7573252573971572,-0.3865197987312193
NIC,2020,0.5706997097126382,0.31755447204166903,0.11174581824569274,0.7150081104363553,-0.29343899004122503
NIC,2021,0.5447812216693324,0.34558795850972196,0.10963081982094566,0.7762801458159723,-0.4588536867583455
NIC,2022,0.5336530945815587,0.3631194376282734,0.10322746779016784,0.8098362172924105,-0.17375602215809938
NIC,2023,0.5898202460058845,0.3076236502686089,0.10255610372550665,0.6855551673940379,-0.28259102884709036
NPL,1990,0.3548237842415743,0.1677069811278119,0.4774692346306139,0.6419028016819521,-0.027968763318697208
NPL,1991,0.3077900044114244,0.12022412652196589,0.5719858690666096,0.5617764360246124,-0.07438088925373976
NPL,1992,0.2966278288612262,0.15198142490851188,0.551390746230262,0.6775670525357501,0.10349953633630285
NPL,1993,0.8712982469892435,0.06947280973930091,0.05922894327145565,0.14769333993094347,0.280620103103294
NPL,1994,0.8772510189762077,0.060120657288955756,0.0626283237348365,0.1282749603198995,0.24871508561247502
NPL,1995,0.36861644770690133,0.10869338608356478,0.5226901662095339,0.45544163722920494,0.23802711240705773
NPL,1996,0.34114818154493537,0.22813345356176737,0.4307183648932973,0.801478352692714,0.15038450457932004
NPL,1997,0.3049163179916318,0.26647489539748953,0.42860878661087864,0.9327231121281464,0.11947733118677283
NPL,1998,0.2780612244897959,0.37708719851576994,0.34485157699443414,0.8488495575221239,-0.04344606390001514
NPL,1999,0.34268689030055455,0.3968738933916543,0.2604392163077912,0.9267308322913301,-0.06330859611354007
NPL,2000,0.30890949397484424,0.44941988323022947,0.2416706227949263,0.8147106079771624,0.024368583842869208
NPL,2001,0.2945847483430732,0.5049385498430208,0.20047670181390603,0.7369009733960417,-0.05243917641703562
NPL,2002,0.21945095431271427,0.620153110009806,0.16039593567747973,0.5227486708030412,-0.07692461814240822
NPL,2003,0.28573317685185146,0.5657593418753113,0.1485074812728373,0.671134908569659,0.11116053055634403
NPL,2004,0.18911493685671021,0.6259199139174138,0.184965149225876,0.4640658903777868,0.033603533873639534
NPL,2005,0.13420657335529057,0.7101602895376806,0.15563313710702883,0.3178868789224432,0.07777512352394675
NPL,2006,0.12183006610962319,0.7208479462281355,0.1573219876622413,0.2891497448038119,0.13850789005995495
NPL,2007,0.10500400684237057,0.7672279844239116,0.12776800873371788,0.24077082219818302,0.06025687644665553
NPL,2008,0.08915719492881939,0.7763692265814013,0.13447357848977937,0.20601842465595158,0.0657280192948882
NPL,2009,0.10436409864364919,0.7770879874479977,0.11854791390835318,0.23680038947187468,0.028396754943706217
NPL,2010,0.11572264831248176,0.7805102837017477,0.10376706798577051,0.25824234789588035,0.08972707226635157
NPL,2011,0.11311698231145098,0.757503914468264,0.12937910322028504,0.2598535889268275,-0.00958726914504884
NPL,2012,0.10148844376287502,0.8073738618551058,0.09113769438201914,0.2233307358783418,0.08601787719201172
NPL,2013,0.11213093460293644,0.7735403328340965,0.11432873256296702,0.2532111828069627,-0.07231582604184986
NPL,2014,0.11674526088517498,0.7507498769474292,0.13250486216739576,0.26915484777668613,0.04363837352947878
NPL,2015,0.15251471421400997,0.7456274174890652,0.10185786829692481,0.33962266957638093,-0.1794252063797844
NPL,2016,0.1675516268466856,0.6579932949552454,0.174455078198069,0.4059176488687443,-0.08947466551114908
NPL,2017,0.14642318803871854,0.6472937346904795,0.20628307727080195,0.36895569149575885,-0.13940974098445644
NPL,2018,0.153078130301323,0.6644943159385865,0.1824275537600905,0.37446988583175306,-0.027012668315692927
NPL,2019,0.1262816490704009,0.7680902177737459,0.10562813315585325,0.2823918187766672,-0.08758602212111244
NPL,2020,0.12221087048659132,0.7649509049453135,0.11283822456809516,0.27550977481439465,0.007022101100610267
NPL,2021,0.09407792257071396,0.8275918962017771,0.078330181227509,0.20414669256721438,-0.11108105467860684
NPL,2022,0.18565365466882514,0.7479239819716939,0.06642236335948103,0.39772515403625175,0.1610367412025272
NPL,2023,0.15429668875015212,0.7410839319393814,0.10461937931046647,0.34465049875957354,0.09658975735082828
OMN,1990,0.12167749964559156,0.8129162730537961,0.06540622730061227,0.2603858557588082,-0.12832462590967034
OMN,1991,0.05515803343881682,0.49331378637258994,0.45152818018859325,0.20113351842865154,-0.11170072190805944
OMN,1992,0.01908823131509664,0.3498609021548035,0.6310508665300999,0.1034735121103295,0.025775520035107916
OMN,1993,0.054008685446154524,0.41888363853175176,0.5271076760220937,0.22841853296260242,0.1608852578691493
OMN,1994,0.07089718033357313,0.4129373347644147,0.5161654849020122,0.2930637568062493,0.17658192198773226
OMN,1995,0.04144148633027344,0.4784104196895655,0.480148093980161,0.15943573871860317,0.16781868361398927
OMN,1996,0.05871058482664549,0.4913438514622885,0.44994556371106603,0.21347190733611626,0.11690042502122008
OMN,1997,0.027708107453950095,0.5998501344751764,0.37244175807087354,0.08830449702572568,0.08126317523095736
OMN,1998,0.026467814153264067,0.6207807030856949,0.352751482761041,0.08178563086145275,-0.15702416053909624
OMN,1999,0.024936492553390054,0.5576894421173015,0.41737406532930843,0.08560035202512745,-0.05420581898554005
OMN,2000,0.019480233532698624,0.6258031054103296,0.3547166610569718,0.060377302053411686,-0.161728284035198
OMN,2001,0.03098665066359337,0.5314390460089005,0.4375743033275062,0.11018931335079879,-0.19258981545420606
OMN,2002,0.029323191882088304,0.5542399231299694,0.41643688498794235,0.10049707093458922,-0.21657505319610434
OMN,2003,0.03639680962051894,0.5724785221105441,0.39112466826893705,0.11955422637025215,-0.09344679555789752
OMN,2004,0.02087703600144679,0.6097797543833448,0.36934320961520845,0.06620728205815017,-0.07814978857078515
OMN,2005,0.02144464444782422,0.5900900034380276,0.3884653521141481,0.07013386574893479,-0.12425024991669442
OMN,2006,0.0354046173374801,0.6394581699289196,0.32513721273360036,0.10492389862208909,-0.05551882210963033
OMN,2007,0.025783303960268816,0.6870076500894958,0.2872090459502354,0.0723446441450454,-0.23848026769362735
OMN,2008,0.020711646149559868,0.6720412371126787,0.30724711673776134,0.059795192917932796,-0.21691864121864515
OMN,2009,0.03977759925858402,0.6727697779827108,0.28745262275870526,0.1116489949414658,-0.2226535268723098
OMN,2010,0.03031080575372591,0.7258856710966283,0.24380352314964585,0.08016648234060525,-0.12812225384525608
OMN,2011,0.04444381516635625,0.7210510100081747,0.23450517482546898,0.11611787226967386,-0.13011268708524562
OMN,2012,0.022439435761349668,0.7386537646127915,0.23890679962585878,0.05896632830333736,-0.1317841144390568
OMN,2013,0.014605893988183825,0.7942216445531767,0.19117246145863948,0.03611621338839203,-0.2267750944820916
OMN,2014,0.018083473503162896,0.8314112886251115,0.15050523787172557,0.042574655687947084,-0.14396168475284327
OMN,2015,0.017033537149667367,0.8860361910829456,0.09693027176738703,0.037723636652074476,-0.38439051281756137
OMN,2016,0.03370635062170166,0.9042891668360551,0.06200448254224322,0.07186889488140788,-0.20322141389658116
OMN,2017,0.01753811056510914,0.9576850871028404,0.024776802332050436,0.03596737773885611,-0.22232956091224512
OMN,2018,0.039334774243559655,0.9223452898306872,0.03831993592575309,0.08180428338488006,-0.14581189908689562
OMN,2019,0.06695626452107464,0.8724018496186792,0.06064188586024616,0.1425574836970284,-0.1938574501036223
OMN,2020,0.08283387937552703,0.8497451027541124,0.06742101787036058,0.17764474851527834,-0.08480428960149912
OMN,2021,0.11071368945928457,0.7982909432171985,0.09099536732351693,0.2435932347963904,-0.1955424010945601
OMN,2022,0.13445481695758854,0.7842746403466055,0.08127054269580596,0.29269730253804227,0.04875950622328999
OMN,2023,0.07999617762168977,0.8381128366314886,0.08189098574682159,0.17426291732199456,-0.04412376805811743
PAK,1990,0.28599350185539973,0.28217166106574626,0.4318348370788539,0.9932733630305598,-0.11877258434329994
PAK,1991,0.2591867636617112,0.35271501700433255,0.38809821933395616,0.8471515261145055,-0.194391543991037
PAK,1992,0.2767922142051857,0.3368961938742299,0.3863115919205844,0.9020610803825606,-0.07278933997984842
PAK,1993,0.45582670381522866,0.290697841687421,0.25347545449735026,0.7788031711447303,0.10452120514382682
PAK,1994,0.484939204407028,0.25908324940602284,0.25597754618694923,0.696439329426803,0.1404533226190381
PAK,1995,0.29365224773176934,0.29202290378366486,0.41432484848456574,0.9972180073819275,0.08415778912855004
PAK,1996,0.31424308921017685,0.2785550205943627,0.4072018901954604,0.9397972631397535,0.05198600080966949
PAK,1997,0.36144464767954004,0.2680088412614044,0.3705465110590556,0.8515604281178243,0.06466355298320571
PAK,1998,0.3134405978852883,0.3127563479970527,0.373803054117659,0.9989072928369661,-0.08804151816338153
PAK,1999,0.3263969519672559,0.2958849345735693,0.37771811345917483,0.9509675308672434,0.014959276955505318
PAK,2000,0.3418155042664687,0.31222136871809597,0.3459631270154354,0.9547515793515954,-0.050754764936684675
PAK,2001,0.3365956620572929,0.3339715188921602,0.3294328190505469,0.9960866811861905,-0.05242754830976028
PAK,2002,0.33762680516982585,0.3467579480167711,0.315615246813403,0.9866578809588769,0.06183915390131722
PAK,2003,0.3177400417913701,0.36770547193790404,0.3145544862707258,0.9271051759100601,0.1330521970476044
PAK,2004,0.2470407519326884,0.3552174307086764,0.39774181735863523,0.8203815541342251,0.04780356469357828
PAK,2005,0.25858635740621283,0.3888627575935399,0.35255088500024734,0.7987851135028938,0.02954619431491928
PAK,2006,0.2762860689894861,0.3800640819366262,0.3436498490738877,0.8418862054031542,0.055464037499371024
PAK,2007,0.2810384163692256,0.42456912799968516,0.2943924556310892,0.7965856335070338,0.0015476086041294906
PAK,2008,0.1946678749638685,0.5063313347717707,0.29900079026436077,0.5554011253087764,-0.03143968227066153
PAK,2009,0.25435690268797206,0.4888510207141617,0.25679207659786624,0.6844838292993952,0.024394293571911637
PAK,2010,0.25891413780074457,0.49789071833131254,0.24319514386794291,0.6842295889168182,-0.009994062783689552
PAK,2011,0.21463604792162372,0.5096425060689402,0.2757214460094361,0.5926892263730345,-0.015175267394260622
PAK,2012,0.22692189128559148,0.5644086525951711,0.20866945611923735,0.5735198597863903,-0.012773208399375903
PAK,2013,0.22061540939738752,0.539780464049015,0.23960412655359747,0.580264615054984,-0.017701097661313437
PAK,2014,0.2280335294654529,0.4857434960979455,0.2862229744366016,0.638948919056232,-0.04307798419624247
PAK,2015,0.25022970661046995,0.5001800175457303,0.24959027584379978,0.6669148827777819,0.01306073032703245
PAK,2016,0.2561729259520665,0.42844339717638047,0.31538367687155305,0.7483693195670521,0.03670304395157453
PAK,2017,0.24303778622442723,0.4127159542408617,0.34424625953471105,0.7412471213720572,0.04647193159781273
PAK,2018,0.23933703150168323,0.42411883244338394,0.3365441360549329,0.7214859179283699,0.04594264447315161
PAK,2019,0.2447059549540111,0.43111732407271897,0.32417672097326994,0.7241714292719194,0.0824829502510009
PAK,2020,0.2651002737536915,0.3891652156131099,0.3457345106331986,0.810375231651774,0.13093527873326027
PAK,2021,0.2855744050866501,0.3962558751674731,0.31816971974587677,0.8376700576577926,0.07105298560409566
PAK,2022,0.37345035964053913,0.3721313185022208,0.25441832185724006,0.9982308562871286,0.1616691476172048
PAK,2023,0.279293703045594,0.4134320985922297,0.30727419836217634,0.806361484977909,0.11500221686297302
PAN,1990,0.49701019869907276,0.20571859975847098,0.29727120154245623,0.5854850411994315,0.18677823652504535
PAN,1991,0.44788167815340146,0.24263208134576325,0.3094862405008353,0.7027581362658039,0.24868040092472132
PAN,1992,0.34683993476852815,0.1829904291282519,0.47016963610322,0.6907510086149066,0.28254734892282407
PAN,1993,0.6285572092049764,0.14098710652852794,0.23045568426649565,0.36641712152507727,0.4193068278651811
PAN,1994,0.6200801077247852,0.10278195188841525,0.27713794038679956,0.2843750077114666,0.33049412941221606
PAN,1995,0.2183362358831821,0.36805307113527036,0.4136106929815476,0.7446801408891022,0.31694476846586667
PAN,1996,0.18120625928227585,0.40894073700649225,0.40985300371123196,0.6141055039568779,0.23223285051647935
PAN,1997,0.5357550208593553,0.24349106388303485,0.2207539152576098,0.6249401021078731,0.2019676435431253
PAN,1998,0.46096036375634764,0.25434230973666977,0.28469732650698265,0.7111459782322554,0.028299666779816914
PAN,1999,0.5053903802901107,0.2772099626510038,0.2173996570588855,0.7084330211489875,0.11278871245256916
PAN,2000,0.518506819858395,0.260358309946211,0.22113487019539396,0.6685581366610344,0.09282254754315894
PAN,2001,0.5359827235408312,0.2766866938720906,0.1873305825870782,0.6809329548856508,0.10428599973100723
PAN,2002,0.5233377256775498,0.2719328295742635,0.2047294447481867,0.6838750102803921,0.08725205787187153
PAN,2003,0.5593182254231471,0.20935509992087237,0.23132667465598053,0.5447180044323134,0.15207362818496417
PAN,2004,0.5355393840029634,0.21790481133329273,0.24655580466374385,0.5784232267820274,0.1609274682663177
PAN,2005,0.48276341139949824,0.23270764443963396,0.2845289441608678,0.6505019107075001,0.13798435841474474
PAN,2006,0.4366669645143401,0.22911021129215237,0.3342228241935075,0.6882489205630054,0.19999314034566718
PAN,2007,0.47349030890616817,0.2353273731633355,0.29118231793049637,0.6639997255041961,0.15867626627423956
PAN,2008,0.42641414617683576,0.23395463780762157,0.3396312160155427,0.7085575317355643,0.18718193575410175
PAN,2009,0.49378576156917936,0.25295642123413875,0.2532578171966819,0.6774933224865485,0.26634510595713146
PAN,2010,0.4548727566515328,0.3055751450499075,0.23955209829855967,0.8036714793116215,0.3211662929454285
PAN,2011,0.4184612627206776,0.3270668379812062,0.25447189929811614,0.8774098190887408,0.3069349521437434
PAN,2012,0.40842293350405284,0.3295356590483448,0.2620414074476023,0.8931006763091429,0.31096594783881204
PAN,2013,0.3288831924848114,0.38224058363036606,0.2888762238848225,0.924967505042452,0.21898667723668708
PAN,2014,0.2343251552825751,0.4328282835084205,0.3328465612090044,0.7024625570609822,0.26786985839066857
PAN,2015,0.23485117424549654,0.45412053536837843,0.311028290386125,0.6817440280011373,0.0926556654581552
PAN,2016,0.2608589819976437,0.397352303859011,0.3417887141433453,0.7926299278145577,0.13188906063938094
PAN,2017,0.22611008580902744,0.44371064426792645,0.3301792699230461,0.675136124207593,0.0837953603674489
PAN,2018,0.21375922302108946,0.4471781159560807,0.33906266102282984,0.6468365771311735,0.15810093405014145
PAN,2019,0.1788361726176585,0.43720091642765646,0.38396291095468504,0.5806019663355156,0.09724500225859452
PAN,2020,0.07571296576455461,0.4698925123754564,0.454394521859989,0.2775374104477941,0.1672376837215009
PAN,2021,0.048715207998492036,0.47610588932214415,0.4751789026793638,0.18564500644961604,0.059557338428623034
PAN,2022,0.13377665211898349,0.4888247326503421,0.3773986152306744,0.42973451518598166,0.3249563922740924
PAN,2023,0.06147621183435479,0.540171643514004,0.39835214465164115,0.204359448098621,0.23285204609560212
PER,1990,0.33543908838707004,0.24244397520984173,0.4221169364030882,0.8390762439058176,-0.0965625294091362
PER,1991,0.3304235009672892,0.303983319793055,0.36559317923965584,0.9583229872236473,-0.03141568530145657
PER,1992,0.32191364833302344,0.29981507430597176,0.37827127736100485,0.964456243981697,0.14665434066726601
PER,1993,0.5037506825256635,0.2648947460655941,0.23135457140874247,0.6892508202412198,0.2543248867385198
PER,1994,0.4741726504171891,0.2724697312308469,0.2533576183519641,0.7298533753989014,0.328400478264554
PER,1995,0.2957222187822834,0.29626910116570476,0.40800868005201185,0.9990761986451602,0.3022456300905631
PER,1996,0.3249589754479889,0.3297982949040508,0.34524272964796027,0.9926089870625493,0.2545572653246317
PER,1997,0.37344764218307486,0.33201987278255085,0.29453248503437435,0.9412761487642097,0.23263850144510764
PER,1998,0.43832764139639024,0.29779819880523173,0.263874159798378,0.8090958978526442,0.08907933693507426
PER,1999,0.45118746007513993,0.2830326498351964,0.2657798900896637,0.7709749324892794,0.14497873290647534
PER,2000,0.41568692858657785,0.33524422932584563,0.24906884208757651,0.8928760667164729,0.21752152163962876
PER,2001,0.4245817982682532,0.331815866344324,0.24360233538742282,0.877358251798089,0.17932157601799362
PER,2002,0.39469257747943126,0.28320757200968705,0.3220998505108817,0.8355436186969983,0.17473876497296933
PER,2003,0.40830475279300216,0.28649430778051066,0.3052009394264872,0.8246824845849033,0.2547976668219672
PER,2004,0.3067095982039483,0.32465329067759485,0.3686371111184569,0.9715794311169702,0.25755906358743597
PER,2005,0.3233116974864348,0.3426133718694448,0.3340749306441204,0.9710152459019455,0.1826163795291194
PER,2006,0.2533187920473897,0.33162006545653355,0.41506114249607673,0.8661376784861337,0.23211244444544937
PER,2007,0.20388093166896532,0.34664634750897344,0.44947272082206124,0.7406751286635804,0.1869375526607752
PER,2008,0.2555765890671875,0.36658786990618747,0.3778355410266251,0.8215724488310081,0.19453805619581088
PER,2009,0.2751393884611685,0.33401858020508374,0.3908420313337478,0.9033433119608844,0.18128230636843207
PER,2010,0.2770861000585459,0.3596535267109049,0.36326037323054927,0.870327802478273,0.2295189884916055
PER,2011,0.23650794265283243,0.36243936396659354,0.40105269338057403,0.78974540844913,0.21827730253434063
PER,2012,0.23554121335830241,0.395335404232403,0.3691233824092946,0.7467108679913534,0.22803095939669732
PER,2013,0.2614206937996363,0.417568256512888,0.32101104968747574,0.7700293021832236,0.12812470593335717
PER,2014,0.24643938043600974,0.44577733739577385,0.30778328216821643,0.712029554004205,0.19482431348014484
PER,2015,0.24087156326035464,0.5782653202347783,0.18086311650486714,0.5881106518671023,0.02104265031011336
PER,2016,0.23573548457219357,0.4751863696801707,0.28907814574763574,0.6631825513933681,0.09943411905684695
PER,2017,0.17000237898345213,0.5184387707220227,0.31155885029452524,0.49387628573969355,0.0656792704641279
PER,2018,0.18457484747317832,0.5066716294871622,0.3087535230396595,0.5340348301949266,0.11618219720650924
PER,2019,0.1402111317988426,0.525847682685272,0.3339411855158853,0.4210172697960342,0.06453090669876199
PER,2020,0.1746642163315681,0.4880199664915271,0.3373158171769048,0.527141648643197,0.13412610856078677
PER,2021,0.1534297439976336,0.5359835818726335,0.31058667412973295,0.445102344965423,-0.0004014844888111408
PER,2022,0.25314041234246515,0.49679681561441086,0.250062772043124,0.6750976025876705,0.2602268834356714
PER,2023,0.21810418319106475,0.5762420199612727,0.20565379684766252,0.549141375197679,0.196202809864351
PHL,1990,0.4962887608897452,0.11697463094820242,0.38673660816205235,0.38148251633814295,-0.1632884550233244
PHL,1991,0.45695398795841385,0.1574429363519248,0.3856030756896613,0.5125121240756688,-0.14277190686010027
PHL,1992,0.5046706832280154,0.1116133552985367,0.3837159614734479,0.36221400627343336,0.08321182092169711
PHL,1993,0.6000288840796721,0.14904538312906807,0.25092573279125974,0.39794554332897525,0.16695402073493418
PHL,1994,0.6020747092344692,0.1630789262262824,0.23484636453924845,0.42626452693538175,0.2475080620715213
PHL,1995,0.4661576158648136,0.19081181141245365,0.34303057272273274,0.5808849041979041,0.2197831641458344
PHL,1996,0.4496625732935059,0.18873769222259099,0.3615997344839031,0.5912832510181094,0.15027806686649714
PHL,1997,0.5198325735315955,0.1843912672671761,0.29577615920122835,0.5236723228740134,0.07038707621231109
PHL,1998,0.4535781860606754,0.18633317542119746,0.36008863851812717,0.5823718303413052,-0.14748337481799653
PHL,1999,0.41025166205692803,0.20968583156730902,0.38006250637576294,0.6764741081926108,-0.04935938344382769
PHL,2000,0.39045711384518794,0.22147110897088398,0.3880717771839281,0.723846688919435,0.07443465748662315
PHL,2001,0.3536230663039839,0.2257577486137669,0.4206191850822492,0.7793069525293673,0.06084023651693901
PHL,2002,0.31843638806356483,0.2527390506752705,0.42882456126116464,0.8849787071843371,0.027285091905123914
PHL,2003,0.261051067817249,0.3067251599048224,0.4322237722779285,0.9195561739687153,0.11219713636736313
PHL,2004,0.21119685816746314,0.29887490136230516,0.4899282404702317,0.8281064545199055,0.10561454801853502
PHL,2005,0.20763046060935972,0.33515743208810345,0.45721210730253686,0.7650519232384128,0.07526561234555368
PHL,2006,0.2211942275873862,0.33444364885589295,0.44436212355672083,0.7961812430904942,0.10410064850975916
PHL,2007,0.21443165606297532,0.35682807983447135,0.42874026410255334,0.7507326093133592,0.051486807575610284
PHL,2008,0.20260930292338117,0.3379501020412291,0.4594405950353897,0.7496282594015573,0.04338509981824
PHL,2009,0.21943033295902348,0.3008001587193581,0.4797695083216184,0.8435888955723894,0.03695644104280313
PHL,2010,0.19430985005348067,0.42440414698641316,0.3812860029601062,0.6281087901134127,0.10553859576480935
PHL,2011,0.18936423271607786,0.3976360995323208,0.4129996677516013,0.6451929319724655,0.12090753098800712
PHL,2012,0.19908983123026658,0.39092290406284685,0.40998726470688657,0.674866216680426,0.11468361558573999
PHL,2013,0.18904765638104218,0.3636090790588372,0.4473432645601206,0.6841413277287659,-0.007753184546223991
PHL,2014,0.1845908515614708,0.3667084424892949,0.4487007059492343,0.6696574929568946,0.10413855992531808
PHL,2015,0.19815029256824507,0.6211346363867367,0.1807150710450182,0.4837152144882994,-0.09745407948722941
PHL,2016,0.204457389148981,0.3526248490535407,0.44291776179747827,0.7340294668474157,-0.09858185654911204
PHL,2017,0.1871842668835163,0.37253506062359953,0.44028067249288416,0.6688504673126071,-0.14495699251027408
PHL,2018,0.2012061558590821,0.40213601635756674,0.3966578277833511,0.666971960935072,0.05246853429176184
PHL,2019,0.20587147307349904,0.40022500412480655,0.3939035228016944,0.6793356530470016,-0.023182554356404112
PHL,2020,0.19545978652891383,0.41918146738976025,0.3853587460813259,0.636012585496827,0.052735524472969995
PHL,2021,0.20015124917842117,0.42975814935218165,0.37009060146939715,0.6354921823529428,-0.03530293572467554
PHL,2022,0.27614256287633693,0.4163160082948943,0.3075414288287687,0.79757136202175,0.20887900827125405
PHL,2023,0.22286934646708764,0.41133443297375927,0.3657962205591531,0.7028319719683253,0.09897251771559049
PNG,1990,0.07778312562794523,0.08068314619840763,0.8415337281736472,0.9816994459638689,0.005793360891608705
PNG,1991,0.06575811258225203,0.1859502746906099,0.748291612727138,0.5224944094609578,0.10079281965565512
PNG,1992,0.02648425943157853,0.09540703623306207,0.8781087043353594,0.4345553845689629,0.17514515493083269
PNG,1993,0.04852146578891274,0.162086850230804,0.7893916839802833,0.46077445284136126,0.34035282415952134
PNG,1994,0.1712553964549775,0.10912375619950766,0.7196208473455148,0.7784013552104729,0.361981897281894
PNG,1995,0.07517054118234559,0.09020660362461035,0.8346228551930441,0.909080166671058,0.31758910890366376
PNG,1996,0.09685128214647191,0.1273668105387062,0.7757819073148219,0.8639024709077302,0.09216617107021194
PNG,1997,0.1054805165324377,0.13034999216273557,0.7641694913048267,0.8945451300262286,0.0970330145213204
PNG,1998,0.12873418400771702,0.15032486395928252,0.7209409520330003,0.9226304249625379,-0.08960505809257231
PNG,1999,0.11308036769868424,0.11941622739985722,0.7675034049014586,0.9727485914428657,-0.028307211174807702
PNG,2000,0.11403333865932426,0.4813436510386513,0.40462301030202447,0.3830626330291044,0.10136709672682574
PNG,2001,0.08256742191113546,0.4690107494428293,0.44842182864603525,0.29938611134105014,0.171133022671129
PNG,2002,0.12349268813199853,0.19503264677969348,0.681474665088308,0.775402610698051,0.18122764501422237
PNG,2003,0.13768672669659884,0.19651131300700725,0.6658019602963939,0.8239828505200725,0.2832101808082945
PNG,2004,0.021642058491860138,0.248005195006125,0.7303527465020149,0.16052126035855843,0.27674405113996403
PNG,2005,0.01407985171052986,0.2574280293018994,0.7284921189875707,0.10371597066005833,0.30129791173361636
PNG,2006,0.3347594526116403,0.2517359829994646,0.4135045643888951,0.8584414053867808,0.29432491098726743
PNG,2007,0.04377895982506368,0.2479321589962413,0.708288881178695,0.30015283614802213,0.15820270978950704
PNG,2008,0.01832595670813148,0.24127902866203826,0.7403950146298303,0.14118339585813863,0.1569707534302038
PNG,2009,0.046195472866523576,0.2413153678477772,0.7124891592856992,0.3213476942417484,0.2029916803397331
PNG,2010,0.0506193896944183,0.23381810754197127,0.7155625027636104,0.3559262768533621,0.22064051856952444
PNG,2011,0.053587734718877386,0.2299069511272278,0.7165053141538948,0.3780510704032557,0.2239090581439583
PNG,2012,0.03261308064683792,0.3427346785194796,0.6246522408336825,0.1737752782607501,0.315260786094957
PNG,2013,0.03485639494764416,0.39575882058932926,0.5693847844630265,0.16189114406549032,0.19953405624301626
PNG,2014,0.034515554088660805,0.3713665125871832,0.594117933324156,0.17007676328910834,0.2229612633162573
PNG,2015,0.03300126167191436,0.5701956217164987,0.3968031166115869,0.1094211942426899,-0.01152458723594896
PNG,2016,0.029797804998055826,0.3139161287355864,0.6562860662663578,0.1733872390587886,0.0835458755469012
PNG,2017,0.048508009769418645,0.2730457148791323,0.6784462753514491,0.301710140801115,0.08389474927534742
PNG,2018,0.018614431229440554,0.35292833160003023,0.6284572371705291,0.10020074721780615,0.18603379047012378
PNG,2019,0.014838689597687547,0.3858711339574723,0.5992901764448402,0.07406202057157664,0.15305574017575274
PNG,2020,0.016373865159717747,0.358310413872193,0.6253157209680893,0.0874008656142375,0.2699406536598609
PNG,2021,0.022906502997477273,0.4064199057707791,0.5706735912317437,0.10670903317220276,0.08475373088403994
PNG,2022,0.2381248375383173,0.43053435582841354,0.33134080663326915,0.7122457595755094,0.3350279308206237
PNG,2023,0.04236747579737669,0.40148033001165706,0.5561521941909663,0.19090992562259218,0.32924709516726897
POL,1990,0.17560752585403314,0.2015855565081242,0.6228069176378427,0.9311280299961903,0.45092322628481657
POL,1991,0.1708700202490813,0.10196305572880396,0.7271669240221148,0.7474391098905374,0.49526569888152777
POL,1992,0.11116819662027384,0.17582371843907474,0.7130080849406514,0.7747130897209058,0.5579440237223484
POL,1993,0.6656798470214509,0.0882554516396661,0.24606470133888295,0.2341194311936193,0.6445049332239576
POL,1994,0.6796589435053975,0.08180962309248883,0.23853143340211372,0.2148732769311818,0.6713493224234149
POL,1995,0.11175689576328644,0.05476659704017543,0.8334765071965381,0.6577642123422586,0.5950028145197099
POL,1996,0.1123090790106238,0.053710787775112914,0.8339801332142633,0.6470404875632315,0.6006569333866627
POL,1997,0.15836278700977233,0.045316254642013,0.7963209583482147,0.4449770999952639,0.6226388408003753
POL,1998,0.0679312900191993,0.1558462448937396,0.776222465087061,0.6071323472718395,0.503767201876125
POL,1999,0.0704016576621743,0.10755719518898288,0.8220411471488428,0.7912127610876146,0.5434656168790314
POL,2000,0.08234995792501505,0.07878341908378,0.838866622991205,0.9778659213414216,0.5635387715041219
POL,2001,0.07754832702970758,0.10963860108299651,0.8128130718872959,0.8285656248711578,0.5418562844492342
POL,2002,0.08117990701737172,0.10471096666827744,0.8141091263143508,0.8734146589105933,0.5119383037930133
POL,2003,0.0741950306137693,0.07074914763961893,0.8550558217466118,0.976226137429774,0.5712350244654802
POL,2004,0.02547195886731755,0.08535563171576911,0.8891724094169133,0.45966818791790665,0.5310096683664538
POL,2005,0.022482757436186922,0.09547373300247165,0.8820435095613415,0.3812042449309515,0.487334519839965
POL,2006,0.02230415447753408,0.09384813427630921,0.8838477112461567,0.38405019335955315,0.5138978694453044
POL,2007,0.07769752659945157,0.09607958322546865,0.8262228901750798,0.8942204951818055,0.49152189888721765
POL,2008,0.020414734190707228,0.1200282186684477,0.859557047140845,0.29071923902341207,0.5018801854052222
POL,2009,0.09036382144634024,0.0963755835644677,0.8132605949891921,0.9678066762728547,0.5717842426856814
POL,2010,0.15776549924872182,0.10570599269392758,0.7365285080573506,0.8024093378340675,0.5683340065766225
POL,2011,0.09082940045275006,0.10449764596574071,0.8046729535815093,0.930023794637706,0.5516814918463723
POL,2012,0.154462494436368,0.11925269614225016,0.7262848094213818,0.8713633751211018,0.5491280748165576
POL,2013,0.09677936122750738,0.1408212307551054,0.7623994080173873,0.8146390580928312,0.4828967838644223
POL,2014,0.09451315572749197,0.11527685666434784,0.7902099876081602,0.9010262657400772,0.5324543370254247
POL,2015,0.09960621331802309,0.17886243962268966,0.7215313470592872,0.7153854645120843,0.49978426225706113
POL,2016,0.10049761786820759,0.09115618464959388,0.8083461974821985,0.9512588161784787,0.5326632948097737
POL,2017,0.09426456000076103,0.0887389990601821,0.8169964409390569,0.9698062651407843,0.4903980103325214
POL,2018,0.09323607840160153,0.08780263212660885,0.8189612894717896,0.969987378615658,0.5391157920431201
POL,2019,0.09167917423996151,0.10151087983911423,0.8068099459209243,0.9491086347792602,0.5212381522982014
POL,2020,0.08885840588835855,0.09310652929854309,0.8180350648130984,0.9766541646838652,0.540467106904298
POL,2021,0.08049791239438427,0.09163527720563186,0.8278668103999839,0.9352979815390202,0.5091040635100927
POL,2022,0.579028642761708,0.07223633390816825,0.34873502333012385,0.2218339278047331,0.6576626947398111
POL,2023,0.2880874402162753,0.07672047424995942,0.6351920855337653,0.42060750991223567,0.6305326333287434
PRK,1990,0.015444671748500713,0.5401716223655791,0.4443837058859201,0.05559474015472121,
PRK,1991,0.01848005520354183,0.4226489740996314,0.5588709706968267,0.08378525998496963,-0.3403380628602277
PRK,1992,0.02083352271520601,0.4432588723249253,0.5359076049598687,0.0897817888759176,-0.17623988065332338
PRK,1993,0.10573611029241844,0.5169078244498655,0.37735606525771587,0.3396358798104514,-0.06817177070619729
PRK,1994,0.12270556260698051,0.4361595096266776,0.4411349277663418,0.43912410599057106,-0.06467174752488397
PRK,1995,0.02556577734744746,0.4714827159284378,0.5029515067241148,0.10287035447568393,-0.04367437998706509
PRK,1996,0.02852473757999695,0.2901175518226818,0.6813577105973212,0.179039245754033,-0.14943377303561728
PRK,1997,0.03297006804455146,0.5172579943192718,0.44977193763617673,0.11984146320312868,-0.2170623082375763
PRK,1998,0.0013964408097215512,0.5767886129002614,0.4218149462900172,0.004830428599844106,-0.45152365031741015
PRK,1999,0.0031404832639434126,0.6074489631622776,0.3894105535737789,0.010286726317739869,-0.28561683787245373
PRK,2000,0.0040168780464558,0.6416856373248324,0.35429748462871186,0.01244188446175105,-0.20142623527482034
PRK,2001,0.0019953396057661005,0.6888818490189217,0.30912281137531217,0.005776249783954146,-0.3100256582227743
PRK,2002,0.0015989442674426853,0.6656282057594342,0.3327728499731231,0.004792803372519472,-0.30083377326425803
PRK,2003,0.00024034033210199995,0.7200912811935368,0.2796683784743612,0.0006673046827875388,-0.07610765574398881
PRK,2004,0.0011399492300188695,0.7454173617957552,0.2534426889742259,0.0030538827044706658,-0.16847673807768943
PRK,2005,1.7697142926392193e-06,0.8791915929131863,0.1208066373725211,4.025768091220363e-06,-0.16494308740353658
PRK,2006,0.009337829713559878,0.8206897527575937,0.16997241752884637,0.022500046771359916,-0.038140141212440914
PRK,2007,0.005258971898483012,0.9614951167470075,0.03324591135450946,0.010879647596528513,-0.19871106388256926
PRK,2008,5.147951893028987e-05,0.9176413233945993,0.08230719708647043,0.00011219335875109959,-0.22118546884798204
PRK,2009,0.0008290254559441108,0.9462087444983208,0.05296223004573504,0.0017507759083022563,-0.31907683106609463
PRK,2010,0.001509941318976301,0.9334686686693366,0.06502139001168705,0.0032298948935209864,-0.3852481627200003
PRK,2011,0.001359747060024223,0.954414801937659,0.04422545100231678,0.00284533012821943,-0.31634688939115785
PRK,2012,0.0014160367944731137,0.9839778931558109,0.014606070049716055,0.0028740521966571417,-0.3612909017345116
PRK,2013,0.0002349183903587418,0.9544925706570802,0.04527251095256115,0.0004921161128252987,-0.5224943562903701
PRK,2014,0.0005737045236545229,0.9924325724513878,0.006993723024957619,0.0011554902259070857,-0.3598981455760089
PRK,2015,0.00020675906223106589,0.9951614646490076,0.0046317762887613315,0.00041544236053701417,-0.08634045714313171
PRK,2016,0.00017828181148273135,0.9955396293192017,0.004282088869315596,0.00035809702625572734,-0.0695802776768924
PRK,2017,4.348160227797629e-05,0.9953419304657624,0.004614587931959631,8.736636432643252e-05,0.05212279639274145
PRK,2018,0.00046156144270593195,0.6073693710274951,0.39216906752979896,0.001518716531355732,-0.047247065888084194
PRK,2019,0.00030706305071801973,0.8394618627347498,0.16023107421453223,0.0007313036748312924,0.06129910240622865
PRK,2020,0.0,0.9887327717481482,0.011267228251851736,0.0,0.10280027249935514
PRK,2021,0.0,0.9933805228231983,0.006619477176801696,0.0,0.014581348160008207
PRK,2022,0.0005919149268528465,0.883947157864228,0.11546092720891919,0.0013383578974869113,0.09784121213265323
PRK,2023,7.932566839715147e-05,0.9796816399944336,0.02023903433716929,0.00016192861560571735,0.01824071511591534
PRY,1990,0.07258538917959868,0.6085608740784052,0.3188537367419961,0.21312717427946856,-0.026322845694465757
PRY,1991,0.08245491596023058,0.5041047074559006,0.41344037658386884,0.2811476026256701,0.07029163774026283
PRY,1992,0.0998432319058663,0.45159474702728297,0.4485620210668507,0.36211953372899724,0.2215557052175946
PRY,1993,0.4428857294260876,0.4202375751898605,0.13687669538405187,0.9737602331959921,0.3985347429688703
PRY,1994,0.36120281326252335,0.44610305726998706,0.1926941294674896,0.8948350964530181,0.35909481350254163
PRY,1995,0.08841428310992987,0.6347808982834553,0.27680481860661477,0.24451015544539847,0.369683044828552
PRY,1996,0.05553081541831919,0.638354319279275,0.30611486530240584,0.16005765980999254,0.31833885973680653
PRY,1997,0.21966353727715635,0.48020067509157544,0.30013578763126825,0.6277318753982065,0.2670726621329119
PRY,1998,0.03339370781563495,0.667418248188345,0.29918804399601995,0.09530005168874517,0.12287443970487287
PRY,1999,0.05462790020718766,0.7207467053714669,0.22462539442134544,0.14090711718994045,0.20891493726288685
PRY,2000,0.0454710964834657,0.8085330902485941,0.14599581326794023,0.10648916525214194,0.24857098980548264
PRY,2001,0.014954545264764012,0.9285519265608587,0.05649352817437722,0.031699931503019696,0.2326764164016556
PRY,2002,0.017750140204900722,0.9249452612341741,0.05730459856092515,0.03765827260386374,0.15344922081983514
PRY,2003,0.02110244037601777,0.8961370828685744,0.08276047675540783,0.04601293302619837,0.22491802080546242
PRY,2004,0.024350241839855836,0.9016542377406972,0.07399552041944694,0.052592060571641355,0.2251755355388689
PRY,2005,0.02220035067961822,0.9276765894227994,0.050123059897582416,0.046743635396022,0.17123987920141406
PRY,2006,0.02467933451280427,0.9179122172155658,0.05740844827162996,0.052364854040016263,0.19854937108166423
PRY,2007,0.021948216410370498,0.8576688480366522,0.12038293555297731,0.049904025961952876,0.15289589503388995
PRY,2008,0.02648318096090042,0.8591842479678915,0.11433257107120809,0.05980389499686497,0.12454374266167338
PRY,2009,0.024238866595097934,0.8523238169214288,0.1234373164834733,0.05530435427129596,0.09204609098948115
PRY,2010,0.0364569064378277,0.7623908773806154,0.20115221618155688,0.09127372492307843,0.14748445683252837
PRY,2011,0.03450390066650225,0.7161923497899632,0.2493037495435346,0.09192506461973654,0.12099570617398515
PRY,2012,0.04483129243406861,0.7839559656417634,0.17121274192416797,0.10818528397299915,0.19599741246253116
PRY,2013,0.05059542664194055,0.7778133978906212,0.17159117546743827,0.12215086354370873,0.2050806942567035
PRY,2014,0.04142609312781305,0.7641988646806948,0.19437504219149215,0.10284212952017253,0.2596165716831928
PRY,2015,0.04900179128041518,0.7870560463436205,0.16394216237596435,0.11722105594912359,0.09065129992881892
PRY,2016,0.05342455228540688,0.7656748525801536,0.18090059513443957,0.13044705433322956,0.13340749121076997
PRY,2017,0.03901622356079688,0.7805488798843832,0.18043489655481992,0.09521201768300189,0.10582000223059576
PRY,2018,0.03511016049607294,0.8761742732086713,0.08871556629525577,0.07705642540899282,0.11157031330060915
PRY,2019,0.05183387359312748,0.8633620243665107,0.08480410204036187,0.11327383286723046,0.05938940139814297
PRY,2020,0.05129150585371134,0.8870526176403933,0.0616558765058953,0.10932344450076067,0.11254290721035308
PRY,2021,0.04652588800506171,0.8939972631052079,0.05947684888973039,0.09893618875864732,-0.000487721383907624
PRY,2022,0.060182821892360815,0.5060005537669621,0.4338166243406771,0.21259127159033123,0.25421946667984413
PRY,2023,0.043661736614096426,0.8941453595028306,0.062192903883073004,0.09311453665659324,0.225021622555865
ROU,1990,0.16633952508617392,0.3134814247414783,0.5201790501723479,0.6933399850336744,0.3822540688175546
ROU,1991,0.15265860915891083,0.33318574637566895,0.5141556444654203,0.6284259863055892,0.5483101016159574
ROU,1992,0.10664579821815552,0.3480134842282686,0.5453407175535758,0.46912403347103065,0.5913972908355091
ROU,1993,0.426202105720178,0.29738413111907086,0.2764137631607511,0.8219728789151565,0.6624661123040317
ROU,1994,0.5200013531570846,0.24779689112159808,0.2322017557213173,0.64547397175776,0.6621459760893018
ROU,1995,0.140937565803327,0.2280348494419878,0.6310275847546852,0.7639463546868313,0.5801301790968885
ROU,1996,0.12821638229000934,0.2030229878751303,0.6687606298348604,0.7741614906832299,0.6107223061298085
ROU,1997,0.18228878725435996,0.1686309493893552,0.6490802633562849,0.9610798811271439,0.5994594521477036
ROU,1998,0.08899416502861679,0.18831145477432115,0.722694380197062,0.6418489830235595,0.503074338601575
ROU,1999,0.0960704023683523,0.10979871907742615,0.7941308785542215,0.9333153189139655,0.5425977000681718
ROU,2000,0.09514652056991031,0.09740475461788281,0.8074487248122069,0.9882720379505663,0.5434753235308106
ROU,2001,0.09348533183442975,0.09945651033743506,0.8070581578281352,0.9690519255139772,0.532899858523664
ROU,2002,0.11542079867708756,0.09597328653049385,0.7886059147924186,0.9080035180383739,0.5207455003276811
ROU,2003,0.10950687856629193,0.08510805746652969,0.8053850639671783,0.8746302745455908,0.5037128993290949
ROU,2004,0.03236013825339968,0.07915809941892817,0.8884817623276722,0.5803559835384581,0.5050451429427282
ROU,2005,0.04405976495841514,0.09478566700658575,0.8611545680349991,0.6346591938223995,0.46928554168478054
ROU,2006,0.03025848775988636,0.09989842962253496,0.8698430826175787,0.46495397045985964,0.5056457434223938
ROU,2007,0.06743709860180955,0.09794916496082516,0.8346137364373653,0.8155102745430841,0.4773493213926437
ROU,2008,0.02285237308881866,0.17495436344120133,0.80219326346998,0.23105758165471263,0.4961207447450306
ROU,2009,0.050412379425393505,0.10301691902552275,0.8465707015490838,0.6571414968898003,0.5165691939233485
ROU,2010,0.1433041327660162,0.1206255122961264,0.7360703549378574,0.9140732354467036,0.5451301032183828
ROU,2011,0.057249153798073917,0.11604616702241236,0.8267046791795137,0.6607120553171468,0.5386632604770298
ROU,2012,0.13537086129761985,0.12332128997269455,0.7413078487296856,0.9534211947840103,0.5446192038098413
ROU,2013,0.06688557970000877,0.18637465530572228,0.746739764994269,0.5281964592546099,0.4583176313463966
ROU,2014,0.06957642428012069,0.13735200557841842,0.7930715701414609,0.6724684890102794,0.5178159684176659
ROU,2015,0.07138354435234523,0.21202957719141716,0.7165868784562376,0.5037419859992103,0.43727058927474505
ROU,2016,0.06958667023324432,0.12043925474527346,0.8099740750214822,0.7323913328258869,0.5448560832125816
ROU,2017,0.06554647747805407,0.11136938661183307,0.8230841359101129,0.7409903890218836,0.4912615096795915
ROU,2018,0.06818176542322375,0.1009574968250182,0.8308607377517581,0.8062204424559318,0.5003736163050895
ROU,2019,0.06377386671749,0.1301814538954993,0.8060446793870107,0.6576139960062434,0.5175293094417052
ROU,2020,0.058420248053190876,0.08893761112198506,0.852642140824824,0.7929030508476933,0.5257945081319286
ROU,2021,0.05722979044391027,0.10024700815154287,0.8425232014045468,0.7268345680677645,0.4822933577721796
ROU,2022,0.4648748766621256,0.08584640534567253,0.4492787179922018,0.31175989797487785,0.6524338208063376
ROU,2023,0.24541512585744066,0.08210599876136176,0.6724788753811975,0.5013783392257453,0.6400402261790992
RUS,1992,0.1313160043190856,0.1964630902530879,0.6722209054278265,0.8012469769646716,0.4994142695221846
RUS,1993,0.4515932872069827,0.1827503269137121,0.3656563858793052,0.576187173152312,0.6366981312387924
RUS,1994,0.458109465732667,0.11381393861399224,0.4280765956533408,0.39800413044473465,0.5974449272716619
RUS,1995,0.1591910454766172,0.1305487046959059,0.7102602498274769,0.9011445935062192,0.5739843275362639
RUS,1996,0.152550599036126,0.1348648750776045,0.7125845258862695,0.9384663473215669,0.46630167419402835
RUS,1997,0.182660354646214,0.11783753584156867,0.6995021095122174,0.7842819505340893,0.4172463194785415
RUS,1998,0.1429195203156947,0.33998859821295047,0.5170918814713549,0.5919118558252898,0.28716088986401617
RUS,1999,0.14799633691136768,0.2853387928863691,0.5666648702022632,0.6830571847726555,0.31991449438671077
RUS,2000,0.14060962436105834,0.1984284769652279,0.6609618986737138,0.8294620799904571,0.2776591993758795
RUS,2001,0.12027440959451224,0.22059248724882785,0.65913310315666,0.705697213242678,0.24088882901650674
RUS,2002,0.10940502011212297,0.2829718856496766,0.6076230942382004,0.5576526982377475,0.24964422577794243
RUS,2003,0.09479043778801842,0.22569899869984592,0.6795105635121357,0.5915354891368332,0.31601750893138164
RUS,2004,0.05925718162036544,0.1777367674795867,0.7630060509000479,0.5000733718764586,0.25999232759278895
RUS,2005,0.038352100806214255,0.1904211249007564,0.7712267742930293,0.3352848716251298,0.22421332513886097
RUS,2006,0.03651546667303002,0.1663527515552388,0.7971317817717312,0.35999198880864175,0.1822871411529706
RUS,2007,0.06142731483327735,0.21362550979321068,0.7249471753735119,0.44665830948432145,0.16093381800109766
RUS,2008,0.036495852247144606,0.2696759625330803,0.6938281852197751,0.2384011230644592,0.13630643014352675
RUS,2009,0.06864922894196301,0.22423985303346503,0.7071109180245719,0.46877287797106987,0.18510632330986546
RUS,2010,0.102471658894993,0.2073145638035924,0.6902137773014146,0.6615636938424824,0.2621813277725734
RUS,2011,0.06639185393788832,0.2361944592022902,0.6974136868598215,0.43882919388446434,0.17410114857361433
RUS,2012,0.07831660372266923,0.24481791751437632,0.6768654787629544,0.48473065287393174,0.28561371892147575
RUS,2013,0.0582542098023504,0.2885954536316656,0.653150336565984,0.33590466385695406,0.15554289039205244
RUS,2014,0.05117707261204276,0.2639474238980881,0.6848755034898691,0.32480542248417354,0.25813109356155467
RUS,2015,0.056408562801693846,0.41903858111147774,0.5245528560868284,0.23728636726018676,0.15464392658541243
RUS,2016,0.06519245006098556,0.33353039370517923,0.6012771562338352,0.3270063457874932,0.22019774142710205
RUS,2017,0.06124403005310449,0.3489952200964323,0.5897607498504632,0.29857713532179264,0.1564387730233091
RUS,2018,0.05536725928555911,0.34273149691710336,0.6019012437973376,0.27815841382520157,0.18886156663997486
RUS,2019,0.06718179423402058,0.3978893984757356,0.5349288072902437,0.28890972086481265,0.15416485231508795
RUS,2020,0.10693140081276517,0.39532124650802997,0.4977473526792049,0.42580721628119855,0.19413101813654687
RUS,2021,0.08634306733454902,0.37922523689462123,0.5344316957708297,0.3709147145551717,0.13164037890146063
RUS,2022,0.15160305105316108,0.4422095286208913,0.4061874203259477,0.5106090919676273,0.16288376769863477
RUS,2023,0.03259243208480588,0.734142411333701,0.23326515658149313,0.08501617570812797,0.08151521031569126
RWA,1990,0.22034339229968783,0.1496126719852006,0.6300439357151115,0.8088131885303539,-0.12078166513523791
RWA,1991,0.18214733721062834,0.14370224655034783,0.6741504162390238,0.8820158362133077,-0.07952694829708871
RWA,1992,0.058074014775782466,0.08389855949950425,0.8580274257247132,0.8181018773833906,0.08578279969242551
RWA,1993,0.725832651873631,0.21485994238520212,0.05930740574116698,0.45681223323436315,0.251310906824549
RWA,1994,0.6852126864080665,0.2139860550772856,0.10080125851464788,0.4759482975338915,0.2970139031472118
RWA,1995,0.16081358813320185,0.09514454563998379,0.7440418662268145,0.7434383446809706,0.24134361562858267
RWA,1996,0.11177798776499001,0.6016133032255429,0.2866087090094672,0.31337076630074356,0.1904613325320656
RWA,1997,0.09389056772868515,0.14920376367012597,0.7569056686011888,0.7724620083769204,0.35398112377852875
RWA,1998,0.060068332202513515,0.14153397565645742,0.7983976921410291,0.5959091722752874,0.10395209765355842
RWA,1999,0.09174480530782653,0.27585980453094383,0.6323953901612297,0.4991493732794339,0.04125065440480159
RWA,2000,0.07747478250400322,0.8352552303875042,0.08726998710849257,0.16976495000655215,0.022108603452693436
RWA,2001,0.018575984585939197,0.25342661493226265,0.7279974004817982,0.1365868165880976,-0.09234912909651491
RWA,2002,0.04899018343898172,0.5829774986793026,0.3680323178817157,0.15504015418880962,0.05757678694059534
RWA,2003,0.06295815589032533,0.8875773392935392,0.04946450481613542,0.13246881617639575,0.28053836436839596
RWA,2004,0.005267156782624845,0.8347929910936224,0.15993985212375275,0.012539951564041514,0.058894389859522916
RWA,2005,0.02247756918927113,0.3613436383445868,0.616178792466142,0.11712520698736179,0.01638176347398547
RWA,2006,0.04759579189474771,0.4009628876604688,0.5514413204447836,0.21221656859674604,0.10418697990205732
RWA,2007,0.2764875853563837,0.4448711701140275,0.2786412445295888,0.7665744215611027,0.1087427781998238
RWA,2008,0.015400257234843347,0.6821795673138656,0.302420175451291,0.04415339060244857,0.07589546011474509
RWA,2009,0.03654991710910715,0.7620647947079563,0.20138528818293652,0.09153329275877287,0.058319996296762246
RWA,2010,0.08500187768856084,0.4975995548501322,0.417398567461307,0.29180112832254496,0.13580822711480176
RWA,2011,0.07158605780009904,0.4439914019004438,0.48442254029945714,0.277692736380204,0.16420744210914795
RWA,2012,0.1544439040435224,0.49265856929567986,0.35289752666079777,0.47733986627050035,0.20177092693983012
RWA,2013,0.04105845184466459,0.6826130066836854,0.27632854147165004,0.11347263004723328,-0.038833702228646724
RWA,2014,0.06822091602243627,0.6417796637092709,0.28999942026829284,0.19217143751689716,0.13134193672888525
RWA,2015,0.0797615422751445,0.8129461658887733,0.10729229183608222,0.17869576244433813,-0.07434835745103086
RWA,2016,0.060771216876565524,0.719003451341852,0.22022533178158255,0.15586866143115927,0.026578202978270207
RWA,2017,0.06388246164542946,0.7550693795362721,0.1810481588182985,0.1560103010532357,0.0652499489667229
RWA,2018,0.05130298488782752,0.7774840795069454,0.17121293560522702,0.12380257147302813,0.15250454226265986
RWA,2019,0.0443684670537261,0.8667034465591417,0.08892808638713219,0.09739838621033187,0.07901492999231265
RWA,2020,0.024866499349363743,0.9035692635355618,0.07156423711507444,0.05356644012095387,0.12835518775167948
RWA,2021,0.13216252471848686,0.7032714794444982,0.16456599583701495,0.3163924955410439,0.052570321703632635
RWA,2022,0.05937115534762529,0.8800169617255915,0.060611882926783246,0.1264038883791796,0.2798411710456693
RWA,2023,0.05348018321218772,0.8044861823531769,0.14203363443463538,0.1246673188102111,0.10884238248164742
SAU,1990,0.33161480701023854,0.30644943102434785,0.3619357619654136,0.9605598081105329,-0.1262101806986025
SAU,1991,0.30458426414830264,0.3507873691456804,0.3446283667060169,0.9295009081104793,-0.16683435939828806
SAU,1992,0.28528423503700084,0.263085904049888,0.45162986091311114,0.9595194387789311,0.07215086524862235
SAU,1993,0.36979619424683,0.2708799441224498,0.3593238616307201,0.8456064707261413,0.23790059967693675
SAU,1994,0.3826663482883301,0.2755055959034721,0.3418280558081978,0.837184259629229,0.2172235106827454
SAU,1995,0.2344929235649622,0.2948475262176259,0.470659550217412,0.8859815026842316,0.17669946831751784
SAU,1996,0.23239696556747608,0.3129689494388112,0.4546340849937126,0.8522606902002553,0.10429449860297735
SAU,1997,0.2552540828524805,0.32431748066502303,0.4204284364824965,0.8808371525452581,0.1041350795337211
SAU,1998,0.17747268114260922,0.3668432095699512,0.4556841092874396,0.6520944332904955,-0.12511739158165894
SAU,1999,0.19510578291013492,0.3593612285762922,0.44553298851357287,0.7037597507815337,0.003205148184268833
SAU,2000,0.1038620653206972,0.5445851502427475,0.3515527844365553,0.3203408475752341,-0.0976465889890893
SAU,2001,0.10386821866934766,0.544779795439474,0.3513519858911784,0.32026065419178795,-0.03126494973333131
SAU,2002,0.10371209694332745,0.5453027318090505,0.35098517124762196,0.31959854335746546,-0.18633562293483677
SAU,2003,0.10387528341720226,0.5444808627768712,0.3516438538059265,0.320426617460056,-0.10863122794990332
SAU,2004,0.09594920393040401,0.545756358305693,0.358294437763903,0.2990443267970374,-0.12286142188764816
SAU,2005,0.09597477368367477,0.5457181040417115,0.3583071222746137,0.2991299327612215,-0.06758792874781255
SAU,2006,0.09669866454279612,0.5457529764976282,0.3575483589595757,0.3010301736834124,0.06564138898574343
SAU,2007,0.10343534303576257,0.5458372513235409,0.35072740564069654,0.3186191560659716,-0.06413435305133526
SAU,2008,0.10966022123598079,0.5554496162828078,0.33489016248121145,0.32975071198787687,-0.08477256583696863
SAU,2009,0.11716041322304493,0.5458881999376116,0.33695138683934345,0.35339916530270155,-0.05632501513861734
SAU,2010,0.12518686704642107,0.5510924549912243,0.3237206779623546,0.3702223710440536,-0.02770594495459177
SAU,2011,0.11715653450290373,0.5458617301107401,0.3369817353863562,0.35340364136476254,-0.015445070500952946
SAU,2012,0.12491770889695183,0.5468225007994764,0.3282597903035718,0.3719226781240457,-0.1005725128016916
SAU,2013,0.11690854485367023,0.5563822779175165,0.3267091772288133,0.3472750285604318,-0.11661773797981956
SAU,2014,0.11690820757574348,0.546824329080836,0.3362674633434205,0.35227505393857983,-0.06379716653143384
SAU,2015,0.1169079811078361,0.7018463327095614,0.18124568618260242,0.28557524310988724,-0.2497935045745617
SAU,2016,0.11690854656953746,0.5468230150767961,0.33626843835366643,0.35227659290317637,-0.10774896862096005
SAU,2017,0.09327670944599724,0.5502777454086708,0.35644554514533194,0.2898797723871297,-0.08527711327245395
SAU,2018,0.09718004516541692,0.5375424463741215,0.36527750846046153,0.30621270385331334,-0.05840118981990451
SAU,2019,0.06235607574080874,0.6078582634175818,0.3297856608416095,0.18607801145857683,-0.024108823569168422
SAU,2020,0.05503367403023056,0.6205952148761984,0.324371111093571,0.16291095580388196,0.006640457586295757
SAU,2021,0.06148483907920675,0.6247645663055045,0.31375059461528876,0.17919094310832479,-0.0012471924716432382
SAU,2022,0.09897658794594937,0.5812366878048049,0.3197867242492458,0.2910163370060912,0.10731756407487382
SAU,2023,0.08243729314489302,0.598406043563661,0.31915666329144593,0.2421622969637188,0.012445515688376445
SDN,1990,0.12497836854800079,0.4746649291626897,0.40035670228930953,0.41684237620979475,-0.24145759883450127
SDN,1991,0.13411377002632377,0.49727221546279027,0.3686140145108859,0.42482339839212685,-0.3140965677220565
SDN,1992,0.15489481312915415,0.5337546914500108,0.3113504954208351,0.44985093897311573,-0.33588443401456314
SDN,1993,0.3744448577462775,0.4655131398342197,0.16004200241950278,0.8915799571523043,-0.08735323174176089
SDN,1994,0.38150402620727053,0.4312718821456381,0.18722409164709136,0.9387680473462577,-0.08027162930786975
SDN,1995,0.11803299467087679,0.5122454925428841,0.36972151278623916,0.37454235568997146,-0.08297003886936187
SDN,1996,0.10278402744330659,0.578353988919159,0.3188619836375344,0.3018008831520288,-0.09741460717209767
SDN,1997,0.10988633058876386,0.4764143192029949,0.4136993502082413,0.37484635443536723,-0.12039043416828182
SDN,1998,0.03762346484230848,0.5129224371879965,0.449454097969695,0.13667694084566082,-0.3124395743574531
SDN,1999,0.012891794521632713,0.5492926844871509,0.43781552099121634,0.04586321751309428,-0.25643544656959455
SDN,2000,0.039482026631584156,0.8029112601147909,0.15760671325362502,0.09373775231300312,-0.22879290758142437
SDN,2001,0.0370249235618729,0.8167380372965227,0.14623703914160435,0.08673349690562136,-0.30147528827732467
SDN,2002,0.06294919900089857,0.8432440998801313,0.0938067011189701,0.13893106267421845,-0.3434577492300596
SDN,2003,0.04117804963340671,0.8060565437554739,0.15276540661111943,0.09720577973261768,0.0027826403460841104
SDN,2004,0.0007617815126618388,0.8379434239741482,0.1612947945131899,0.001816565600590681,-0.05965426642755709
SDN,2005,0.002572864595826839,0.833677487037767,0.16374964836640618,0.00615333575836665,-0.1336395042712032
SDN,2006,0.003558819601307683,0.4929026844663295,0.5035384959323629,0.014336739393283691,-0.15407445623550073
SDN,2007,0.02427329937069224,0.33531612095171304,0.6404105796775947,0.13500563697857948,-0.2785942020184298
SDN,2008,0.02831727796034112,0.46239543508877085,0.5092872869508881,0.1154128564731399,-0.24509629141785017
SDN,2009,0.22306287503261152,0.6357565619516786,0.1411805630157098,0.5194639651284275,-0.31660905272045076
SDN,2010,0.04294732782535877,0.777865671195942,0.17918700097869922,0.10464582767711321,-0.16850975456637693
SDN,2011,0.0138326224376548,0.8034779886097527,0.18268938895259249,0.033849119907859486,-0.13099104403062015
SDN,2012,0.04591533753008667,0.9350045120039067,0.019080150466006647,0.09361689959052152,-0.08504507003254327
SDN,2013,0.0652634606161516,0.8636420228823241,0.07109451650152429,0.14051690247398285,-0.30133980949316164
SDN,2014,0.030704095435890325,0.9172518503778341,0.05204405418627556,0.06477958299957486,-0.15707205958989712
SDN,2015,0.01760742782692679,0.9327593821211736,0.04963319005189958,0.03705396199155636,-0.5386674718867706
SDN,2016,0.008187730665554742,0.9185569566825268,0.07325531265191848,0.017669873434039904,-0.25436220256419706
SDN,2017,0.010435086280883037,0.9250932476972231,0.0644716660218938,0.022308434500343515,-0.3135192165359992
SDN,2018,0.009934083169819025,0.9190104585724799,0.07105545825770114,0.021387892868581743,-0.1893272099149658
SDN,2019,0.0039172294783788855,0.9018559245306547,0.09422684599096641,0.008649471362759814,-0.234258517577864
SDN,2020,0.0043615331988993335,0.9241393689866673,0.07149909781443341,0.00939478505326784,-0.1563595207511341
SDN,2021,0.0037189151314090322,0.9578643052375335,0.03841677963105741,0.00773498341616683,-0.22633104232948345
SDN,2022,0.02432072793103475,0.9224675200923206,0.053211751976644725,0.051375221401004985,0.10383841266545145
SDN,2023,0.01946321579173272,0.9422818289017698,0.03825495530649751,0.04047479297995329,-0.10319675124676767
SEN,1990,0.3853001434076664,0.39712158060355557,0.2175782759887779,0.9848912206382966,-0.12376441103109498
SEN,1991,0.39673046524756644,0.3654882909778597,0.23778124377457396,0.9590115383352402,-0.11948605472325588
SEN,1992,0.33594557844854644,0.470759046824304,0.19329537472714955,0.8328837294937291,0.007226041912832894
SEN,1993,0.5052437588780221,0.42754187640228203,0.06721436471969591,0.91669910048262,0.22452179668704428
SEN,1994,0.4020330760275704,0.5162442865449568,0.08172263742747278,0.875624495198894,0.25203291947540984
SEN,1995,0.19980523886761564,0.6072184590345718,0.19297630209781258,0.49516572905355344,0.19735383007225146
SEN,1996,0.2252893583876685,0.5220024904174391,0.2527081511948925,0.6029487910189252,0.2038307405999735
SEN,1997,0.31782240887235774,0.4954910499943884,0.1866865411332539,0.7815496114258451,0.19216499880276408
SEN,1998,0.008604939868004789,0.5302389422031129,0.4611561179288824,0.031938526739621,0.014306504137897576
SEN,1999,0.017187261927985406,0.45808035831154376,0.5247323797604708,0.07232666900102823,0.08925543146664908
SEN,2000,0.02077755167876623,0.4600540669800333,0.5191683813412005,0.08642340009470167,0.09831450878148236
SEN,2001,0.019236781731095255,0.5074823631582054,0.4732808551106994,0.07304379162119959,0.022795388948281918
SEN,2002,0.016419745603257856,0.6136446299133372,0.3699356244834049,0.05212085063465195,0.008275695029589324
SEN,2003,0.011103618640558168,0.6270793427713904,0.3618170385880514,0.03479760291936329,0.03132184656090189
SEN,2004,0.0034279493512033073,0.6459239268599023,0.35064812378889443,0.010558064053668412,-0.000783638965305282
SEN,2005,0.013182684757383838,0.6741533097435547,0.3126640054990615,0.038358779004307876,2.1378083685116167e-05
SEN,2006,0.006149153797508683,0.650526433206602,0.34332441299588934,0.018728132792517505,0.028715798881800054
SEN,2007,0.01708046935008261,0.6600882208557827,0.3228313097941347,0.05044671910300518,-0.05670962319382497
SEN,2008,0.007630528497551745,0.7611445745706282,0.23122489693182,0.019851133230247234,-0.04078455937685266
SEN,2009,0.05438500738134812,0.6465289670376706,0.29908602558098124,0.1551831162345632,-0.04426320674386223
SEN,2010,0.06851656468050614,0.7430000027664007,0.18848343255309324,0.16886054439052178,0.025668148255298454
SEN,2011,0.01990275330717,0.697489690039851,0.2826075566529791,0.0554863756699554,0.10137958210825788
SEN,2012,0.06776601849224827,0.6703199511719434,0.2619140303358083,0.18362635594625892,0.10281296934574735
SEN,2013,0.02547613513757356,0.6953401641550212,0.2791837007074053,0.07068690084443346,-0.04624429222373566
SEN,2014,0.026030580925982427,0.6494245551262032,0.32454486394781434,0.07707567693725051,0.04629573036207952
SEN,2015,0.03641681720125151,0.7801164115891701,0.18346677120957838,0.08919861658342519,-0.1693436756927982
SEN,2016,0.04794736755833701,0.6797788917301113,0.2722737407115517,0.13177308622948056,-0.0493460126330602
SEN,2017,0.04256616212011463,0.658535891217877,0.2988979466620083,0.1214264369001757,-0.06535555799703677
SEN,2018,0.037295585770871796,0.6005495337441202,0.362154880485008,0.11694245085462379,0.05617165304222335
SEN,2019,0.04953265651614914,0.6515039916400129,0.2989633518438379,0.14131260226245776,-0.05518092394504938
SEN,2020,0.04812060356905858,0.630003983443814,0.32187541298712735,0.14192260387144798,0.02199451712462574
SEN,2021,0.03969700786699867,0.6240848845418833,0.3362181075911181,0.11960858927000007,-0.08161659821526883
SEN,2022,0.10062911523294261,0.6435087954042032,0.2558620893628541,0.2704582411257127,0.16064594291019108
SEN,2023,0.06998678136660377,0.6575425713536525,0.2724706472797438,0.19239575999214573,0.06517655908632829
SLE,1990,0.6516819491518002,0.0,0.34831805084819983,0.0,-0.16661417816043633
SLE,1991,0.7587993842996409,0.0,0.24120061570035917,0.0,-0.09277065608396118
SLE,1992,0.7080928709281236,0.0,0.2919071290718765,0.0,0.03431494137521109
SLE,1993,1.0,0.0,0.0,0.0,0.13433740325523544
SLE,1994,1.0,0.0,0.0,0.0,0.20776988071633437
SLE,1995,0.604789443675165,0.0,0.39521055632483504,0.0,0.223011571544799
SLE,1996,0.8149477297550319,0.0,0.185052270244968,0.0,0.20405940259125194
SLE,1997,0.6861617130073506,0.0,0.31383828699264943,0.0,0.16027371968732804
SLE,1998,0.6730979250091008,0.0,0.3269020749908992,0.0,-0.031400883432965605
SLE,1999,0.6741545893719807,0.0,0.3258454106280193,0.0,0.1112321588291343
SLE,2000,0.08020833333333334,0.8401761612212604,0.07961550544540631,0.1742930999117906,0.05055868432199161
SLE,2001,0.1276580543277641,0.6862876405896046,0.18605430508263138,0.3136770797484809,0.01962753378699651
SLE,2002,0.38016478371549167,0.42746446925521825,0.1923707470292901,0.9414339124471487,-0.1088945148579011
SLE,2003,0.15206721632146106,0.5861542509040428,0.26177853277449614,0.4119826449723365,0.13191911993464345
SLE,2004,0.024276863758401542,0.76418075848711,0.2115423777544885,0.061580643203781885,0.0825751517980538
SLE,2005,0.02271294895973296,0.787328970655174,0.189958080385093,0.056078453249754454,0.006647949579720641
SLE,2006,0.020174131980689743,0.5064306095739378,0.4733952584453724,0.07661963666005833,0.09720222813995297
SLE,2007,0.0838798471607952,0.5777342574043167,0.3383858954348881,0.25356124236780164,0.03211520739500948
SLE,2008,0.018995452217754377,0.4968344111159501,0.48417013666629555,0.07365006785373222,0.053652214247324005
SLE,2009,0.11784833898203989,0.6293972644859536,0.25275439653200654,0.31542062859949005,0.05334031605526291
SLE,2010,0.10257734177345192,0.5989683294854293,0.29845432874111877,0.29243239884691496,0.09865811933033024
SLE,2011,0.12327989533415665,0.35496916559785974,0.5217509390679836,0.5155468370137836,0.07552212394733732
SLE,2012,0.03777235732054402,0.801462681907912,0.16076496077154392,0.09001615889458031,0.08193286924355796
SLE,2013,0.011305738969853468,0.5700651955517799,0.4186290654783666,0.03889337529113358,-0.0022489521668868162
SLE,2014,0.009972361620969865,0.6309375020890925,0.35909013628993763,0.031119388811532495,0.11771852980668059
SLE,2015,0.011681120592640362,0.14838131455206605,0.8399375648552936,0.14595705209757556,-0.13563709616316708
SLE,2016,0.23637723894400742,0.36341106518208577,0.4002116958739068,0.7882022284126232,0.01135369240027641
SLE,2017,0.03596759462899523,0.23322061483114695,0.7308117905398578,0.26723008932024445,-0.07907455355570303
SLE,2018,0.007626108371932091,0.32345958674965436,0.6689143048784135,0.0460672779543164,-0.022181322736148115
SLE,2019,0.007432256957528093,0.3596166361824047,0.6329511068600672,0.04049736749754828,-0.07952105422328254
SLE,2020,0.008571483663049023,0.2944665121331978,0.6969620042037532,0.05657035607384507,-0.003768801760724002
SLE,2021,0.010062493925061365,0.4167902644150237,0.5731472416599149,0.04714737683407123,-0.12537757962149043
SLE,2022,0.018669747389344533,0.518913613758678,0.4624166388519775,0.06945805521017179,0.18312460405195397
SLE,2023,0.027049937951829833,0.8183591252683299,0.15459093677984034,0.06399254308629418,0.1512750635407308
SLV,1990,0.35978178813664635,0.3611435484764058,0.279074663386948,0.9981110937976503,0.08019862462272578
SLV,1991,0.3571195777056799,0.3986495606331516,0.24423086166116853,0.9450493797368414,-0.017730439925645516
SLV,1992,0.3649444646277243,0.5256020006137285,0.10945353475854723,0.8195966833213523,0.1543322989335207
SLV,1993,0.44417303226260324,0.4019585233817593,0.15386844435563757,0.9501088115680831,0.299004257990819
SLV,1994,0.6504071201825515,0.22879649043036013,0.12079638938708835,0.5204630364765249,0.35186419040528116
SLV,1995,0.2035604020078764,0.49859341797286344,0.29784618001926016,0.5798171176038325,0.3351502665712017
SLV,1996,0.2213026529832416,0.5384347530535908,0.2402625939631676,0.5825766935385376,0.27008356709168785
SLV,1997,0.24867488159660017,0.48918220290067016,0.2621429155027297,0.6740461989764094,0.22731593951692422
SLV,1998,0.2309091511110568,0.5816993346847209,0.1873915142042223,0.568315874488882,0.04513101635507913
SLV,1999,0.22410034347311297,0.6284200014468867,0.14747965508000035,0.5257360596928452,0.09630127557823168
SLV,2000,0.6630434475330764,0.28903518196034816,0.04792137050657538,0.6071666205009475,0.12894233605226496
SLV,2001,0.6603324846925545,0.31183765558864934,0.027829859718796215,0.6415289724871599,0.07888974955438217
SLV,2002,0.676957195961517,0.2958149826876927,0.027227821350790233,0.6081896443594039,0.06413025656183319
SLV,2003,0.6798828949012348,0.29190578681420415,0.028211318284561086,0.6007597995459688,0.24610016513800181
SLV,2004,0.6584305921060242,0.30030552128601434,0.04126388660796149,0.6264612693549719,0.19711417730597436
SLV,2005,0.5308351024268698,0.40484491028073555,0.06431998729239465,0.865349061180058,0.17593634351463416
SLV,2006,0.5318997111264807,0.39636694261796773,0.07173334625555157,0.8539937118695368,0.1937958049808446
SLV,2007,0.509263785668891,0.42144299279587494,0.06929322153523407,0.9056407507659077,0.1324571225106682
SLV,2008,0.4928877477604208,0.4329406800841781,0.07417157215540114,0.9352503489055696,0.17878782061763113
SLV,2009,0.4795157131636666,0.4575603663001163,0.06292392053621707,0.9765703688903108,0.12578892436708458
SLV,2010,0.5055370666808285,0.4467244907136836,0.0477384426054879,0.9382390525896452,0.2030896115746474
SLV,2011,0.4809332144925963,0.44525770030700174,0.07380908520040196,0.9614814682204977,0.21026076461002954
SLV,2012,0.48244151696122733,0.46287989083525244,0.054678592203520206,0.9793069045462828,0.24538459414791153
SLV,2013,0.47748121535231225,0.47179360104130336,0.05072518360638438,0.9940084639213156,0.0406729755212054
SLV,2014,0.4787930620843102,0.4703153924510223,0.050891545464667474,0.9910677545935058,0.10330000756571385
SLV,2015,0.4822086979564676,0.4867586073803931,0.031032694663139255,0.9953043726048695,-0.09872440958264994
SLV,2016,0.48751930093858187,0.4806142996257688,0.03186639943564934,0.9928677185578644,-0.027011219776950677
SLV,2017,0.4563077315883831,0.5014134752802591,0.04227879313135779,0.9529030542830378,-0.041328954766305166
SLV,2018,0.4511594754387465,0.5146019308557449,0.034238593705508615,0.9343083550414182,0.006740849714334048
SLV,2019,0.4276656566460592,0.5246468637388252,0.04768747961511559,0.8981624151559299,-0.005039554153376081
SLV,2020,0.41540090367849614,0.5338672813792914,0.05073181494221242,0.8752024142749675,0.0573018971617725
SLV,2021,0.41441451657138595,0.5370310071006784,0.04855447632793568,0.8711261049859594,-0.060128640611258166
SLV,2022,0.4229760368832313,0.3716078000804953,0.20541616303627336,0.935352024024268,0.19611217190794072
SLV,2023,0.3828029410312161,0.5730917919522761,0.04410526701650782,0.8009311649545974,0.17607884428048592
SOM,1990,0.029571068651624437,0.5120538868255456,0.45837504452282984,0.10919389275766443,-0.19222280907536005
SOM,1991,0.0362133315715688,0.7943741513978344,0.16941251703059682,0.08719931931096248,-0.20830265503627357
SOM,1992,0.025395010268738066,0.8663295058346602,0.10827548389660181,0.05695707544232963,
SOM,1993,0.0690911370096996,0.92546093960906,0.005447923381240467,0.13893920415830416,
SOM,1994,0.12637959459160178,0.7678546432438663,0.1057657621645318,0.28265434098678427,
SOM,1995,0.0041598868666462225,0.8601769351034746,0.1356631780298791,0.00962561529465888,
SOM,1996,0.0039581606375751095,0.8788540375355036,0.11718780182692132,0.008967163448276451,
SOM,1997,0.005228019251676674,0.8296375335243336,0.16513444722398993,0.012524218382931227,
SOM,1998,0.015280324737506682,0.8956782874060063,0.08904138785648712,0.033547791378911535,
SOM,1999,0.002706308990739207,0.9755248013813341,0.021768889627926634,0.005533066699769656,
SOM,2000,0.003633329323246251,0.9797166930848752,0.01664997759187861,0.007389696934868842,
SOM,2001,0.00654728636605708,0.9528055438632484,0.040647169770694505,0.013649381457481374,
SOM,2002,0.0030332097643018894,0.9720384962669217,0.02492829396877635,0.006221511188439223,-0.17282949845913892
SOM,2003,0.0019396317744351929,0.9676924620204389,0.030367906205125958,0.004000758198594698,-0.03087826544131939
SOM,2004,0.0038742891535221077,0.9751883354447555,0.02093737540172243,0.007914282613151085,-0.01948105935723644
SOM,2005,0.0017568194664509546,0.9843742072576138,0.013868973275935188,0.0035630548453325175,-0.0029486583942217987
SOM,2006,0.0011138756368981465,0.9827892908567564,0.016096833506345533,0.0022641976869892107,0.07622961142782453
SOM,2007,0.0030445483433163803,0.9704747188266364,0.026480732830047257,0.0062547264260459185,-0.2023992650416648
SOM,2008,0.0012941622373147442,0.9917390009873823,0.006966836775302942,0.002606483419168368,-0.18710916903715089
SOM,2009,0.0011161305861865966,0.9949265472746731,0.003957322139140321,0.002241130045920607,-0.1959253330291687
SOM,2010,0.00179405566454817,0.9906118530333989,0.00759409130205284,0.0036155682847596117,-0.0371761287534102
SOM,2011,0.0006027514720934983,0.9878864061150605,0.011510842412845943,0.0012195408871550609,-0.01594233287283892
SOM,2012,0.0018647310244117193,0.9920010608803946,0.00613420809519367,0.0037524805453618536,0.05208008665437219
SOM,2013,0.0009307897367301077,0.995048228109448,0.0040209821538218764,0.0018690950713860551,-0.05730536903993074
SOM,2014,0.00047682337396466086,0.9911886521406024,0.008334524485432935,0.0009616617412585452,0.10466020502054361
SOM,2015,0.0019437308545602286,0.9755733913934873,0.022482877751952516,0.003976873264562627,-0.1938622621098294
SOM,2016,0.0023158736122407637,0.9556391849473083,0.04204494144045093,0.0048350360312791295,-0.011777002260171691
SOM,2017,0.0026859709861702134,0.9223765086510163,0.07493752036281348,0.005807112590327224,-0.07962395335214205
SOM,2018,0.004137337652383647,0.8950440022033181,0.10081866014429826,0.00920245443048806,-0.0018723332045949802
SOM,2019,0.0036196884686779496,0.9056800286444741,0.090700282886848,0.007961485966738777,-0.0799497735924605
SOM,2020,0.0035882340078786856,0.9013829748832227,0.09502879110889859,0.007930051194171131,-0.007271220656698702
SOM,2021,0.0022572104407448694,0.8893956451924168,0.10834714436683834,0.005062980343716899,-0.12074451967981141
SOM,2022,0.020251548574198013,0.9337893154030372,0.045959136022764815,0.042454258174587464,0.1217705769445387
SOM,2023,0.006794991899290039,0.9747615912812561,0.01844341681945389,0.013845339159709306,0.0237377476096582
SVK,1993,0.6746252753618438,0.0634782320453868,0.26189649259276937,0.17200360493711686,0.6379408201343386
SVK,1994,0.7570612045985751,0.054855138424841035,0.1880836569765839,0.13512509976230147,0.6681116349741917
SVK,1995,0.04896778025854895,0.04437483321292962,0.9066573865285215,0.9507947455636355,0.5861798844117737
SVK,1996,0.05240541073729271,0.04030555690789037,0.907289032354817,0.8694884312316743,0.598066079379893
SVK,1997,0.07905633070709187,0.024574573796487403,0.8963690954964207,0.47427114361698214,0.6114474736186877
SVK,1998,0.02828076908858149,0.062142860250686445,0.909576370660732,0.6255172302910452,0.5055437980310629
SVK,1999,0.033616271923946145,0.050123839811129764,0.9162598882649241,0.8028714370550671,0.5321313987875232
SVK,2000,0.03524119623418614,0.033873066661652115,0.9308857371041618,0.9802048156891159,0.5450944429008636
SVK,2001,0.03876000457268886,0.04306985383346237,0.9181701415938488,0.9473315811035361,0.4976011307468402
SVK,2002,0.03908447260719481,0.039398912610152395,0.9215166147826528,0.9959935468878311,0.482679833713463
SVK,2003,0.07552796791596267,0.033358722801079585,0.8911133092829577,0.6127236043524737,0.5190520180163855
SVK,2004,0.0481505666227725,0.03393834154319154,0.917911091834036,0.8268678997307741,0.49607212774555265
SVK,2005,0.032380779059848756,0.04246283810007554,0.9251563828400757,0.8652916651705429,0.4698108908509525
SVK,2006,0.03497300947515823,0.04475660596988573,0.920270384554956,0.8772903087501891,0.5097433925360368
SVK,2007,0.07388187712381675,0.05145856754866869,0.8746595553275146,0.8211007657285709,0.490172643829981
SVK,2008,0.01976410896188718,0.08362680069663647,0.8966090903414763,0.38231811727285264,0.47517773979115546
SVK,2009,0.05933255234520464,0.07043143306793449,0.8702360145868608,0.914468712660192,0.5354656931388915
SVK,2010,0.12254132496124266,0.08391119407890724,0.7935474809598501,0.8128861248003333,0.5544189977438341
SVK,2011,0.054088338287838614,0.08091445325073421,0.8649972084614271,0.8012921462055037,0.5492957929047894
SVK,2012,0.11295761738069135,0.08635539997934438,0.8006869826399643,0.8665304566972003,0.5513191818404038
SVK,2013,0.06509498007299101,0.10587549131113205,0.829029528615877,0.7614762893966726,0.4800162342166197
SVK,2014,0.07291685749290716,0.08012006470240719,0.8469630778046856,0.9529315729422023,0.5322434470445243
SVK,2015,0.0803967732550815,0.1739415839094543,0.7456616428354642,0.6322032913271628,0.4736942129323096
SVK,2016,0.08721814920688357,0.06171300922473725,0.8510688415683791,0.8287454401702208,0.5390917066232592
SVK,2017,0.07919400258765422,0.06018782278737964,0.8606181746249661,0.86363946842327,0.47250102174657904
SVK,2018,0.08119184893148003,0.0613102243127201,0.8574979267557998,0.8604818570976888,0.502335015935356
SVK,2019,0.08378709578868204,0.07269682309408025,0.8435160811172377,0.9291283553365594,0.501092713203151
SVK,2020,0.08463293080588234,0.06825892322115441,0.8471081459729632,0.8929046436847289,0.5388506058753866
SVK,2021,0.07102278544632286,0.07066833037549751,0.8583088841781796,0.9974983959384505,0.5133562323335097
SVK,2022,0.574331703430286,0.0584963718384915,0.36717192473122257,0.18487287187328616,0.6776628946224356
SVK,2023,0.36415348527189934,0.06720652653781103,0.5686399881902896,0.31160295204859384,0.6324167017714151
SVN,1993,0.6116355841905778,0.04034052626725567,0.34802388954216645,0.12374847979913732,0.5855415186034741
SVN,1994,0.6695749626270145,0.02753864449940298,0.3028863928735825,0.07900762291219773,0.6051330384091463
SVN,1995,0.14557159351075535,0.025872501619161423,0.8285559048700832,0.3018185210701574,0.569396837685324
SVN,1996,0.12593077341981535,0.02541968300154168,0.848649543578643,0.3359049401314486,0.601406021402957
SVN,1997,0.12537943078622668,0.029860169925585676,0.8447603992881877,0.3846978449914756,0.6006208540219414
SVN,1998,0.04981670004419777,0.07481886527935445,0.8753644346764478,0.7993978270146936,0.4935175613623765
SVN,1999,0.05247096767390624,0.04881505271099386,0.8987139796150999,0.9639050389281816,0.5347998701644172
SVN,2000,0.05531500115241801,0.05289804479241589,0.8917869540551661,0.9776648338571463,0.5458489155087926
SVN,2001,0.05734500531760998,0.06764556091739263,0.8750094337649974,0.9175893356590135,0.5391846030994534
SVN,2002,0.0536105170174925,0.07064619038063243,0.8757432926018751,0.862899365999159,0.5134305764492109
SVN,2003,0.06038859195516781,0.06292965214041549,0.8766817559044167,0.9793942882994822,0.5132152057770244
SVN,2004,0.033205586625126064,0.07571214745343458,0.8910822659214394,0.6097370075873116,0.5058124931679686
SVN,2005,0.021383725841342013,0.08064599309397814,0.8979702810646798,0.4191666127179636,0.4867020044091263
SVN,2006,0.025764661305373734,0.08655512810669744,0.8876802105879288,0.45877331929193893,0.5127833799347592
SVN,2007,0.042429887674032066,0.08837772968065823,0.8691923826453097,0.6487372605982366,0.48491001510079856
SVN,2008,0.015261888648205591,0.10593010508936891,0.8788080062624255,0.2518629849633999,0.47937546116628554
SVN,2009,0.037047782339253384,0.09289970350066794,0.8700525141600787,0.5701962157989191,0.4777200881114323
SVN,2010,0.11110771721146845,0.09436290278990864,0.7945293799986229,0.9185050669460793,0.5146894135669015
SVN,2011,0.038427263310494855,0.09541642212868648,0.8661563145608187,0.5742110759189492,0.512079136318961
SVN,2012,0.08796968970067408,0.11464544709134042,0.7973848632079855,0.8683427220047772,0.512054824135937
SVN,2013,0.037693248262577445,0.12442548422205298,0.8378812675153696,0.46500793196308676,0.44817943005689875
SVN,2014,0.040670508234194436,0.10989350604810726,0.8494359857176983,0.5402420814569783,0.49669412070781666
SVN,2015,0.04349948862250979,0.22239410870576642,0.7341064026717238,0.32719470539792406,0.45170986818106557
SVN,2016,0.04424498480555558,0.09732375667160369,0.8584312585228407,0.6250671489185214,0.5248812856501182
SVN,2017,0.03808795730598483,0.09448443831419971,0.8674276043798155,0.5745986127474916,0.4723273905219371
SVN,2018,0.03604850679719684,0.08924577386854421,0.874705719334259,0.5754214255536008,0.48333188588668236
SVN,2019,0.03507433390391849,0.09187964308597012,0.8730460230101114,0.5525519520623134,0.4668526625019578
SVN,2020,0.03494460468210167,0.082204110889781,0.8828512844281173,0.5965853660710364,0.5215205497996698
SVN,2021,0.03646835736976526,0.09674613042843344,0.8667855122018013,0.5475133819530158,0.49906194954989863
SVN,2022,0.38974855713849854,0.06573905438320031,0.5445123884783012,0.28865353401634103,0.6010337263062746
SVN,2023,0.13354838488334678,0.06696759805618316,0.7994840170604701,0.6679527195233981,0.5709371157696286
SYR,1990,0.23781023286620695,0.33721148789781785,0.4249782792359753,0.8271347821443378,-0.26336526247347275
SYR,1991,0.25177426229836825,0.3295650123022429,0.4186607253993889,0.8661870040393914,-0.19644587195930197
SYR,1992,0.2241371887392135,0.26776357511451443,0.5080992361462722,0.9113105943696528,-0.12819192488120137
SYR,1993,0.5874088617768827,0.2703382195799935,0.14225291864312395,0.6303448311414679,-0.02108403431578055
SYR,1994,0.5554255139123401,0.3111862613118593,0.13338822477580065,0.7181676275546867,0.01196314867054343
SYR,1995,0.20331255310385812,0.2633423336949054,0.5333451132012363,0.8713615087096815,-0.01216760981058772
SYR,1996,0.2057040327235325,0.18019021807322655,0.614105749203241,0.9338839213136051,-0.14884852038534258
SYR,1997,0.25393397347377833,0.20641317961398914,0.5396528469122326,0.8967718306911543,-0.13288084382229842
SYR,1998,0.016531134796161154,0.4372345053620209,0.5462343598418178,0.07286199453267737,-0.358202993747501
SYR,1999,0.03826266757523493,0.23778773431750036,0.7239495981072647,0.2772150832810787,-0.25866190670466926
SYR,2000,0.023129256744708993,0.21087392574900696,0.765996817506284,0.197683266511387,-0.2958425474426801
SYR,2001,0.026928882466180252,0.1826427585564673,0.7904283589773524,0.2569897561976924,-0.2200451374672677
SYR,2002,0.0441195877359347,0.22982308926875597,0.7260573229953093,0.3221081740044414,-0.2842882652898667
SYR,2003,0.05925840431445774,0.22384862230718747,0.7168929733783548,0.4186289900437751,-0.042912392041099416
SYR,2004,0.033773802732998785,0.33025035392182656,0.6359758433451747,0.185558030232723,0.011794690368982673
SYR,2005,0.04769404236485193,0.2510163326110519,0.7012896250240962,0.3193330152573327,-0.10951068186984028
SYR,2006,0.023891058814299426,0.46116423206238033,0.5149447091233202,0.09850860000359621,-0.15626992701660147
SYR,2007,0.03614830782975422,0.4593686195602321,0.5044830726100137,0.14590140449956596,-0.2661038026297361
SYR,2008,0.02516654489099015,0.603304886743819,0.3715285683651908,0.08008811100776932,-0.306376657982275
SYR,2009,0.04077983527153992,0.6059196834433027,0.35330048128515734,0.12611679486813254,-0.3536304386044195
SYR,2010,0.09352087755285161,0.47742100810695726,0.42905811434019114,0.3276020901664072,-0.3554727819334283
SYR,2011,0.035908668910681944,0.4650649732096596,0.49902635787965843,0.14335552169451712,-0.27990742130140894
SYR,2012,0.010297531705424473,0.8812146322469534,0.10848783604762213,0.023101270227816068,-0.312075334391882
SYR,2013,0.0020823604272427612,0.8508634227849762,0.14705421678778105,0.004882749802456448,-0.40039172441722115
SYR,2014,0.0020113437997163787,0.7440438077755313,0.2539448484247524,0.005391944001645335,-0.23938095978805934
SYR,2015,0.004631947390804177,0.8976831324729178,0.09768492013627803,0.010266807003832291,-0.4809129380145824
SYR,2016,0.004139850040912445,0.8514847670388881,0.14437538292019952,0.009676790401476582,-0.5313602810269619
SYR,2017,0.0062925844444894595,0.8260500804628162,0.16765733509269432,0.015120177565787131,-0.5045478242094947
SYR,2018,0.004938527574049634,0.8620028500734119,0.1330586223525384,0.011392990809715089,-0.41941401732346667
SYR,2019,0.006063150078195802,0.8994994855553382,0.09443736436646596,0.013390901611027725,-0.5427306780887818
SYR,2020,0.0048098307451234544,0.8650784794572366,0.13011168979763998,0.011058501852966744,-0.39708043166645424
SYR,2021,0.004332903121925004,0.8739065589193747,0.12176053795870027,0.009867247622542487,-0.6245868562829718
SYR,2022,0.012283304077048241,0.9285799566976733,0.05913673922527843,0.02611071042764275,-0.2741090370821135
SYR,2023,0.016710088118746844,0.9495369491329839,0.03375296274826928,0.03458761056856614,-0.41333368475951004
TCD,1990,0.19916450869820387,0.10806186841983395,0.6927736228819622,0.7034673873611841,-0.11740905559623153
TCD,1991,0.08945175946525726,0.2680179721239021,0.6425302684108405,0.500471796969173,-0.11911451220048183
TCD,1992,0.10970128799931328,0.14031076276272145,0.7499879492379653,0.8775680025418346,0.03683288550875132
TCD,1993,0.42228185533047957,0.08311066954870537,0.494607475120815,0.3288955236074104,0.14868826411866895
TCD,1994,0.3680690691070187,0.32358920002730196,0.30834173086567923,0.9356909747708391,
TCD,1995,0.16044996805912798,0.10808331366241772,0.7314667182784543,0.8049900777252199,0.15166271479874255
TCD,1996,0.13925112925005795,0.15026450299058547,0.7104843677593565,0.9619593123338733,0.08804945926590699
TCD,1997,0.10577744733222028,0.38081718933799374,0.5134053633297858,0.4347661867219066,0.05033129854649154
TCD,1998,0.06660470266970325,0.15538062410568704,0.7780146732246097,0.6000820291793014,-0.06508498661540689
TCD,1999,0.0852082359374799,0.18487875990780284,0.7299130041547173,0.6309688155907425,-0.15439378113446509
TCD,2000,0.0514784969162724,0.1671989980862065,0.7813225049975211,0.4708165960625152,-0.10471536272225472
TCD,2001,0.07245639334489479,0.0989227481221601,0.8286208585329451,0.8455684014361042,-0.19034336409122335
TCD,2002,0.10010858479614358,0.11554434701422966,0.7843470681896267,0.9284231283641486,-0.16292002374401562
TCD,2003,0.27807838402948976,0.15563906560766785,0.5662825503628424,0.7176979655205179,-0.02820966730689318
TCD,2004,0.7046223506342681,0.19792434373678572,0.09745330562894608,0.43859081191297417,-0.09196893663354339
TCD,2005,0.7571590853328568,0.10061658466587704,0.1422243300012661,0.23459883087153907,-0.11886242113555968
TCD,2006,0.8261638864924303,0.12476255966465741,0.0490735538429123,0.2624021240945639,0.16124750796086312
TCD,2007,0.8979995607530484,0.04817010789416938,0.05383033135278216,0.10182128954321774,0.02369746378913007
TCD,2008,0.9090845534422799,0.016082076674828538,0.07483336988289158,0.03476579494181033,0.03985124395214037
TCD,2009,0.8944249940703292,0.03681864099638096,0.06875636493328989,0.07907413185968983,-0.0024233407488115106
TCD,2010,0.7410896320759307,0.1759699756363547,0.08294039228771458,0.38376998432050186,0.0688597632109568
TCD,2011,0.8286808737186167,0.09605785563339334,0.07526127064798999,0.2077513411830469,0.07636745763440017
TCD,2012,0.8716959873288517,0.110250693895206,0.01805331877594235,0.22455535723746559,0.1821763074208371
TCD,2013,0.7917049874598544,0.13007281843681442,0.07822219410333119,0.2822216321649983,-0.03380038726266193
TCD,2014,0.7769332031210874,0.11077183800175856,0.11229495887715409,0.24956901869486914,0.1586270655915341
TCD,2015,0.5806558191635239,0.36700648214806997,0.05233769868840606,0.7745511911576975,-0.1610002744188393
TCD,2016,0.5657869994529834,0.29529060508791427,0.13892239545910232,0.6858629315887386,-0.08780829649035048
TCD,2017,0.4161744570166008,0.38717721123691223,0.19664833174648697,0.9639046672514808,-0.0830397984387626
TCD,2018,0.2807155319298597,0.44749006937598973,0.2717943986941506,0.7709787769456006,-0.06273049337422701
TCD,2019,0.10201704216364989,0.7823217327183919,0.11566122511795826,0.23071936923099975,-0.0672954573164642
TCD,2020,0.0023436441465750383,0.55294472630382,0.44471162954960497,0.008441178570601456,0.024646543615582484
TCD,2021,0.0016267107280299364,0.4058845630834586,0.5924887261885114,0.00798363546026675,-0.11244953071951377
TCD,2022,0.3822112436363879,0.48809509324865585,0.12969366311495623,0.8783372645645187,0.2040168079078008
TCD,2023,0.12881054062517952,0.5047998593189691,0.3663896000558514,0.40659225491416773,0.09991824797085463
TGO,1990,0.13955895968352833,0.3910739836714081,0.46936705664506356,0.5260094060544537,-0.022452867161586842
TGO,1991,0.14183678524302976,0.47894852984224345,0.3792146849147268,0.4569592153562671,-0.0013836881186823618
TGO,1992,0.13893808114275383,0.4578349748541724,0.4032269440030737,0.46563121356293086,0.1892343540692693
TGO,1993,0.20093644227042842,0.5507964260908508,0.24826713163872086,0.5345953349318214,0.2118059478326103
TGO,1994,0.2818593715884409,0.4832757880170289,0.23486484039453012,0.7367570763151894,0.24440237800016779
TGO,1995,0.08986649981820063,0.5540334367648274,0.35610006341697203,0.27913187969886605,0.15316307592070458
TGO,1996,0.04093267119213899,0.5996006113936485,0.35946671741421254,0.1278081008590114,0.13391823222303365
TGO,1997,0.08620187135676471,0.5659414807170221,0.3478566479262132,0.26436479366889687,0.087358731504248
TGO,1998,0.00926530099454436,0.5666196375675855,0.4241150614378703,0.03217761179057044,-0.05035378466030849
TGO,1999,0.017995464675306497,0.6328727258717141,0.3491318094529794,0.05529680183074319,0.07276089616616092
TGO,2000,0.008049869600583895,0.7576286162729271,0.234321514126489,0.021026761882698954,-0.03906446454288701
TGO,2001,0.02932774787614956,0.799170922768418,0.17150132935543244,0.07079733236827702,-0.08274338471255828
TGO,2002,0.006205135801723254,0.774691660023268,0.21910320417500875,0.01589233259733826,-0.13381359942904564
TGO,2003,0.014467350215213226,0.7545148926023977,0.2310177571823891,0.03762726734028012,0.022268727313055174
TGO,2004,0.0037946160532302113,0.8235355092678421,0.17266987467892767,0.00917316059718625,0.026956331749456407
TGO,2005,0.011459899034114982,0.8705062526260701,0.11803384833981498,0.025987162914457053,0.008247388839481744
TGO,2006,0.018058773574520414,0.8935965048947829,0.08834472153069668,0.03961754843309115,0.019730795889623207
TGO,2007,0.007455801481801874,0.9283516460982542,0.06419255241994393,0.01593447776266826,-0.04718476656626662
TGO,2008,0.0029315599860514595,0.9500351856104085,0.0470332544035401,0.00615249167843019,0.011725731168640972
TGO,2009,0.0013378075835170603,0.9172608383600888,0.08140135405639419,0.002912714033325911,0.033803978254658286
TGO,2010,0.10131376308168273,0.6357558052606593,0.26293043165765795,0.2749096352181133,0.1155773968735037
TGO,2011,0.006086609160727043,0.8766289243549925,0.11728446648428047,0.013790646996966327,0.08945195156037362
TGO,2012,0.06310820521641994,0.7372077857551927,0.19968400902838732,0.15770822007393426,0.2555149650158304
TGO,2013,0.007395624477706662,0.8172321119740199,0.17537226354827337,0.0179368802449676,0.13680434615409653
TGO,2014,0.006798125506762906,0.851846510183104,0.14135536431013307,0.015834549531194685,0.18961321346770318
TGO,2015,0.03027420431778001,0.8484523227337761,0.1212734729484438,0.06890472379242006,0.025443965612913382
TGO,2016,0.029654086952160787,0.8776250286785012,0.09272088436933794,0.06536927047317259,0.16180418672697372
TGO,2017,0.007935245393711697,0.8650928099208308,0.12697194468545753,0.018178672140960497,0.13090045053311272
TGO,2018,0.00683839679572203,0.8796372042378405,0.11352439896643748,0.015428279780625623,0.15146233378044743
TGO,2019,0.005571931159640818,0.90476537333671,0.08966269550364912,0.01224146507480218,0.11573051393129476
TGO,2020,0.013145274272006603,0.8687184655516988,0.11813626017629451,0.029812483898327632,0.16640808617018443
TGO,2021,0.011131169230972056,0.856521894525141,0.13234693624388688,0.025658110818590724,0.07637965924146303
TGO,2022,0.1481208109079273,0.761722362350322,0.0901568267417507,0.3255963560785762,0.23502015760744943
TGO,2023,0.1163238857916462,0.7880430656021346,0.09563304860621927,0.25724930707025867,0.1401652399824226
THA,1990,0.33444476694058933,0.26289596564240136,0.4026592674170093,0.8802211244011433,-0.07540767848786123
THA,1991,0.3081971364161222,0.2770386478648166,0.41476421571906136,0.9467590851615659,-0.09174021013583611
THA,1992,0.3211161362809306,0.26303991997113174,0.4158439437479376,0.900580990835882,0.05499871386385078
THA,1993,0.40480338817447625,0.29618735768273635,0.2990092541427874,0.8450535458083431,0.17746106065939593
THA,1994,0.3887003401159232,0.3307815461392532,0.2805181137448236,0.9194993020906601,0.20879704912793873
THA,1995,0.2598047127366846,0.3709337809209806,0.3692615063423349,0.8238111843470084,0.17188888163562907
THA,1996,0.27185057242895905,0.35714296185219985,0.3710064657188412,0.8643986229195239,0.16996225595771497
THA,1997,0.32417324730887176,0.3451882257340273,0.33063852695710083,0.9686044397960014,0.12073800040959944
THA,1998,0.3084597218541039,0.3177929300455429,0.3737473481003532,0.9850967366555208,-0.029777805851776206
THA,1999,0.29194396273648693,0.33071776030502603,0.377338276958487,0.9377289527624391,0.049976320187217114
THA,2000,0.2824177780839918,0.34410298208713025,0.3734792398288779,0.901543240185225,0.12763367275884688
THA,2001,0.2715929844837935,0.3521283313196237,0.37627868419658284,0.8708792776592982,0.04688347705643
THA,2002,0.2635207642371048,0.3668374462542797,0.3696417895086155,0.8360984591021092,0.04908801951675731
THA,2003,0.22982283147688193,0.39760814774076253,0.37256902078235554,0.7325836278070055,0.18194202051394623
THA,2004,0.1816447680974036,0.4256251028878845,0.3927301290147119,0.5982340859515626,0.1962928962943007
THA,2005,0.1736980173485906,0.44695635325406635,0.379345629397343,0.5597254303709467,0.11289081895438825
THA,2006,0.20568899289096118,0.4514613537903912,0.3428496533186476,0.6260028437318875,0.15164317462078275
THA,2007,0.1686415064762888,0.478895492711696,0.3524630008120152,0.5208706427208523,0.10778331782589919
THA,2008,0.13718831392714795,0.507707379664018,0.35510430640883406,0.42545892394846413,0.10636932533392782
THA,2009,0.15507063228734072,0.5119883301629232,0.33294103754973603,0.4649383068559035,0.03767447723642493
THA,2010,0.15620453212206445,0.5309556816378708,0.31283978624006475,0.4546378820955304,0.08916451665946705
THA,2011,0.1370374952659485,0.5518155549447861,0.3111469497892654,0.3978714915293642,0.09575192508621383
THA,2012,0.1446311844640569,0.5611002210136584,0.29426859452228477,0.4098760047844403,0.1172387592240703
THA,2013,0.13748235425678818,0.5834737222836172,0.2790439234595947,0.38138898812397515,0.02677596660989201
THA,2014,0.14403403085779012,0.5718689578380596,0.2840970113041503,0.40238421443155276,0.1188510690948831
THA,2015,0.15163678268156044,0.6923765828853307,0.15598663443310895,0.3593231786790767,-0.08055844180013165
THA,2016,0.15221230289631962,0.543504059956706,0.3042836371469744,0.4375699955427825,-0.00792865447016119
THA,2017,0.14306562915958082,0.5561180184200122,0.30081635242040694,0.40923619897244423,-0.06403536196139685
THA,2018,0.13971900574518797,0.568194839954055,0.292086154300757,0.39473449091020485,0.04860432066889416
THA,2019,0.15692524675817174,0.5465529926548148,0.29652176058701346,0.4461410118076065,-0.03959073742892253
THA,2020,0.17686130433782124,0.5165876428008941,0.3065510528612847,0.5100917812842031,0.08105951691012382
THA,2021,0.18181550562076731,0.5492625671994334,0.2689219271797992,0.49739012119293174,-0.016185802840657137
THA,2022,0.2730053123022101,0.5262060633797627,0.20078862431802716,0.6831867528643538,0.20966304786578105
THA,2023,0.2206683474932927,0.5235002950351545,0.2558313574715528,0.5930600535478953,0.1375241813777148
TJK,1992,0.09197095655894039,0.027406111461937232,0.8806229319791224,0.459152028380262,0.16370171630539757
TJK,1993,0.4593621212396287,0.007545381217790936,0.5330924975425803,0.032320668132673876,0.4557617317696576
TJK,1994,0.5881849580246558,0.01459635121232093,0.3972186907630233,0.048430006002666344,0.5367365906533513
TJK,1995,0.08339162320405924,0.019883489022667847,0.8967248877732729,0.3850586766541823,0.4719410216821255
TJK,1996,0.04467180290361441,0.04035128846478356,0.9149769086316021,0.9491842231410944,0.46963677411923005
TJK,1997,0.36649414742132,0.050175978082393574,0.5833298744962864,0.24084269550995863,0.34939126072380444
TJK,1998,0.013730762561018635,0.20974085642357546,0.7765283810154059,0.12288596308925671,0.19148874206351724
TJK,1999,0.010477374429156328,0.2531333858940956,0.7363892396767481,0.07949125002567026,0.20793062415834812
TJK,2000,0.010763294469507351,0.457158146330443,0.5320785592000497,0.046004707333378914,0.2571641037563187
TJK,2001,0.007084633006960296,0.32819251705458846,0.6647228499384512,0.042261353066618046,
TJK,2002,0.006380586786293052,0.32193193132502296,0.671687481888684,0.03886898265712599,0.17906195943028086
TJK,2003,0.00382891499479968,0.17326038436254534,0.8229107006426549,0.043242759542160565,0.2680080555224136
TJK,2004,0.0005322763467857383,0.22234821216720266,0.7771195114860115,0.004776338658754615,0.19899535431445337
TJK,2005,0.00031991119219663196,0.2770916280445488,0.7225884607632546,0.002306401479021512,0.12225502647020527
TJK,2006,0.0003449563306466065,0.2133411377635496,0.7863139059058037,0.0032286268520079204,0.1474376998047995
TJK,2007,0.0005965195641201534,0.22828606596331386,0.771117414472566,0.005212450416404914,0.08479697197260823
TJK,2008,0.00019781857834427527,0.56757152028718,0.4322306611344756,0.0006968272670008637,0.06215735365131451
TJK,2009,0.001107006523396415,0.7145433146046846,0.284349678871919,0.0030937078925680865,0.05975204888726059
TJK,2010,0.001329455017233908,0.570612328803693,0.42805821617907314,0.004648917266901962,0.15903915679759817
TJK,2011,0.0010285959743290263,0.5798752358615329,0.4190961681641381,0.003541364053593169,0.12899338380562866
TJK,2012,0.0008983765830594419,0.5558389959673082,0.44326262744963235,0.003227290379102999,0.1370689198297637
TJK,2013,0.00034780064391478965,0.9311517044997721,0.06850049485631308,0.0007467543288949794,-0.013046968695478162
TJK,2014,0.0003426818986457513,0.5198813732090466,0.4797759448923076,0.0013174396504014496,-0.01968421900830088
TJK,2015,0.0006411901904983,0.9818894824275245,0.017469327381977165,0.0013051810154482062,-0.15929011399766646
TJK,2016,0.0008655443961406891,0.6228693245831156,0.37626513102074366,0.0027753599780533504,-0.05717467555732692
TJK,2017,0.015196485107386151,0.7144716501648352,0.2703318647277787,0.04165314167574747,-0.10800963167661536
TJK,2018,0.0032258573524691996,0.7082896390205919,0.2884845036269389,0.009067567379524286,-0.023386111052233705
TJK,2019,0.003298585277272377,0.9230106616224326,0.073690753100295,0.007121995787718888,-0.08883408304862443
TJK,2020,0.0020821196500719823,0.6082433164141205,0.38967456393580746,0.0068229817308580595,0.021972793875063058
TJK,2021,0.0007698045389840672,0.5112361458058323,0.4879940496551836,0.0030070140335893883,-0.1040751693209693
TJK,2022,0.0045002269071357645,0.7715838942385609,0.22391587885430334,0.011597265771891557,0.11604302362446055
TJK,2023,0.0008962158519203983,0.8429914688049306,0.15611231534314898,0.0021240168999144132,0.04172077039282932
TKM,1992,0.29353997835788437,0.006685691346819637,0.699774330295296,0.04453777289194192,0.21231367656907027
TKM,1993,0.23101413262006615,0.049853684446389754,0.7191321829335441,0.3549974857717067,0.4109583605110844
TKM,1994,0.1779488521080538,0.04037451927098939,0.7816766286209568,0.36985980031329735,0.4111857579696354
TKM,1995,0.07546241178782397,0.2527135508082533,0.6718240374039227,0.4598899394755731,0.2888805302601017
TKM,1996,0.19060554561516546,0.17079785287574115,0.6385966015090934,0.9451922897733273,0.04303895368234909
TKM,1997,0.0429986253901758,0.3634902367513914,0.5935111378584328,0.21156114912295304,0.3147025551078545
TKM,1998,0.05630422743215802,0.8355178142883515,0.10817795827949049,0.1262678534464914,0.1456625559649316
TKM,1999,0.04726218272200045,0.6312608269940498,0.3214769902839497,0.1393090051338976,0.19630297741098865
TKM,2000,0.024539870861101643,0.5190815911307335,0.45637853800816486,0.09028293611215157,0.24221867125210514
TKM,2001,0.02106429143359428,0.7114538745260838,0.26748183404032194,0.05751199741510241,0.18213802730335255
TKM,2002,0.019851066926829468,0.685860535047702,0.29428839802546863,0.056258298351019254,0.18728375679442064
TKM,2003,0.013015077899246224,0.736571678775278,0.25041324332547577,0.03472600811942429,0.012085126359886537
TKM,2004,0.02422311882931192,0.15997117741460465,0.8158057037560834,0.26301703498174356,-0.11999049723117423
TKM,2005,0.02946686817654239,0.15598064544607254,0.8145524863773851,0.31779200056041046,-0.15538556684195776
TKM,2006,0.014750171618056198,0.1802005078630622,0.8050493205188817,0.15132208471717382,0.045064196747962665
TKM,2007,0.04285593124912051,0.10048653955740869,0.8566575291934708,0.5979516190559265,-0.10494213911929186
TKM,2008,0.014377635787246575,0.1490852677097308,0.8365370965030227,0.1759131335570879,-0.058849397279458524
TKM,2009,0.06800371770530093,0.2668347315784366,0.6651615507162625,0.40618822510240155,-0.08002507725075798
TKM,2010,0.053973372320477275,0.631780250778297,0.31424637690122564,0.15741330560262481,0.018374204538240315
TKM,2011,0.01047492888602585,0.7410759966830209,0.24844907443095315,0.027875499928616595,-0.06598861790133428
TKM,2012,0.023380144901453855,0.8504605949648086,0.1261592601337375,0.0535112265537816,0.0010166117897667168
TKM,2013,0.0413261625705401,0.8857038430675899,0.07296999436187003,0.08915819837372543,-0.1403747520518544
TKM,2014,0.01890819728074278,0.8347184257950867,0.14637337692417055,0.0443008612187184,0.006987182810881322
TKM,2015,0.01195953367735262,0.936163603885372,0.051876862437275406,0.025227806818629437,-0.2507776186533382
TKM,2016,0.004458918433788749,0.838207703328673,0.15733337823753826,0.010582876593504537,-0.1262273861494478
TKM,2017,0.004683062664191925,0.8845180656254439,0.11079887171036422,0.01053319100752767,-0.1739528415598111
TKM,2018,0.0015812592521645952,0.9050615556589979,0.09335718508883743,0.003488163643186286,-0.11554619602579293
TKM,2019,0.0017270589377101852,0.9317235594483241,0.06654938161396576,0.0037003755821520047,-0.14362993293753065
TKM,2020,0.0025136637708847976,0.8914997116043486,0.10598662462476663,0.0056233247513322,-0.031488214317939425
TKM,2021,0.00252932413381077,0.843623352314264,0.1538473235519252,0.0059784107625309515,-0.21398226389924885
TKM,2022,0.010631512049327635,0.8707588336668735,0.11860965428379887,0.024124412301540856,0.0971368202116868
TKM,2023,0.016768931050338748,0.8027738079839174,0.18045726096574385,0.04092265174626316,-0.010925688359810731
TUN,1990,0.3164249189012316,0.2127801258093166,0.47079495528945176,0.8041500281831135,-0.1855991949118497
TUN,1991,0.2944999444108141,0.20336976636700382,0.5021302892221818,0.8169597867252492,-0.13858454428478034
TUN,1992,0.3283157511069058,0.17745411232226185,0.4942301365708325,0.7017188059371753,0.01042031626277977
TUN,1993,0.7730317031120698,0.15327647554932303,0.07369182133860715,0.33094056401579597,0.12718011124149461
TUN,1994,0.7619625353693333,0.13671295025012242,0.10132451438054428,0.30425432191662904,0.1992538288779207
TUN,1995,0.3275393690654892,0.16302895638332,0.5094316745511908,0.6646534149312177,0.18435575445708757
TUN,1996,0.32459981903773155,0.14266352275996647,0.532736658202302,0.6106343468379025,0.11980490988723216
TUN,1997,0.3672095500549668,0.14701064286465418,0.48577980708037916,0.5717809019904972,0.08764065741895875
TUN,1998,0.027941312609685985,0.1431718346500474,0.8288868527402665,0.32658288456671003,-0.15860150852910695
TUN,1999,0.022822317044665745,0.11283436186990714,0.8643433210854271,0.3364717052971295,-0.05128756055397429
TUN,2000,0.030012660736960826,0.1372826340496609,0.8327047052133782,0.3587986234190357,-0.10815514671510175
TUN,2001,0.035477463740174624,0.12082502813361966,0.8436975081262057,0.4539590292497798,-0.21086697343221802
TUN,2002,0.03452387510507723,0.12915417907316862,0.8363219458217541,0.4218509961937919,-0.2038127673591351
TUN,2003,0.040077344179206435,0.11442902263723717,0.8454936331835564,0.5187791934402166,-0.09312807949982761
TUN,2004,0.012291686828771228,0.10875556109367564,0.8789527520775531,0.20308907537734894,-0.07758255715205586
TUN,2005,0.00946456431123873,0.13715987048567896,0.8533755652030823,0.12909941408262043,-0.020322530458941942
TUN,2006,0.023420111860270487,0.14394821351855538,0.8326316746211742,0.2798631318950081,-0.06008438791437879
TUN,2007,0.055403041044251186,0.14069156427638488,0.803905394679364,0.5650644081071091,-0.0034388797100845824
TUN,2008,0.01799417827393178,0.2069790722782172,0.775026749447851,0.15996726926218025,-0.09652136173082622
TUN,2009,0.06659544135713259,0.19232978369422232,0.741074774948645,0.5143990226825071,-0.16638359551096735
TUN,2010,0.3757316418330358,0.17931491422608212,0.4449534439408821,0.6461256709679802,-0.03988361057147991
TUN,2011,0.04665827528473928,0.1579488709274605,0.7953928537878002,0.45607669280866264,0.07165824841057823
TUN,2012,0.33510897245462606,0.1715079905621516,0.49338303698322233,0.6770716461638565,0.03899070279553505
TUN,2013,0.06498110485994629,0.18105356007973597,0.7539653350603177,0.5282272307105751,-0.08230428046012198
TUN,2014,0.061052180871535376,0.17163843827916633,0.7673093808492983,0.5247498252776149,0.04692797108500922
TUN,2015,0.06089212149026303,0.19540004482247955,0.7437078336872575,0.47517739122747066,-0.14875440991218203
TUN,2016,0.040112000731026866,0.17054067751349977,0.7893473217554734,0.3808354212754387,-0.08893137923138981
TUN,2017,0.047639404997804044,0.15209502894444948,0.8002655660577465,0.4770274614899639,-0.11646760112862956
TUN,2018,0.04844137920000983,0.1599706632463582,0.791587957553632,0.46486161386260155,-0.015204786190246032
TUN,2019,0.042988859142984434,0.17081689724308557,0.78619424361393,0.402130044294591,-0.12128770216976383
TUN,2020,0.0439283522185922,0.14914569986152718,0.8069259479198806,0.4550414905091791,-0.01690499640201093
TUN,2021,0.04202694987272055,0.1601216186768366,0.7978514314504428,0.41580259681549564,-0.11013786450955769
TUN,2022,0.4496953985954988,0.1741410401956385,0.3761635612088627,0.5582906972638114,0.10996437092218626
TUN,2023,0.30943738565424944,0.15728912353200694,0.5332734908137436,0.6740098127541225,0.055392006054224736
TUR,1990,0.21469328351134234,0.2785299748337924,0.5067767416548653,0.8705724228483563,0.2904389022929897
TUR,1991,0.190957285799902,0.28304816273141364,0.5259945514686843,0.8057176827463671,0.30748893063116883
TUR,1992,0.1945543261771472,0.23427004956153363,0.5711756242613192,0.9073846412859036,0.3938266362386706
TUR,1993,0.5519549710770728,0.26025071743022943,0.18779431149269776,0.6408492851325053,0.5159268529923237
TUR,1994,0.5690894884043732,0.23873242364733066,0.19217808794829608,0.591052112070094,0.5487347743948018
TUR,1995,0.19502901528775488,0.2096584142577702,0.5953125704544749,0.963850127525719,0.49820085555559496
TUR,1996,0.19778338306740328,0.19048905309734782,0.611727563835249,0.9812133716157992,0.4671157878259046
TUR,1997,0.24147397227195155,0.18008326779639505,0.5784427599316534,0.8543716045166173,0.436078234915955
TUR,1998,0.1829437371745689,0.27406664111252127,0.5429896217129099,0.8006108651635265,0.32421791174268866
TUR,1999,0.19536258199220935,0.21675919590007314,0.5878782221077175,0.9480818169394186,0.3945278710009577
TUR,2000,0.22703279484190564,0.18767395691311609,0.5852932482449783,0.9050923628269264,0.41638629303075614
TUR,2001,0.2134872316294003,0.21746456764908295,0.5690482007215167,0.9907708100387522,0.38454190963148394
TUR,2002,0.21832649339819127,0.21690515143056535,0.5647683551712434,0.9967342862484524,0.39855211257526
TUR,2003,0.19574638943981632,0.20570625198790965,0.598547358572274,0.9751904421087576,0.4083182762921995
TUR,2004,0.10373841979253874,0.2311188455382458,0.6651427346692155,0.6195978438160036,0.3830014705584035
TUR,2005,0.09287029877318392,0.25545898913192544,0.6516707120948907,0.5332327886162895,0.3849590147654976
TUR,2006,0.08594988646482855,0.26370831516299587,0.6503417983721755,0.49162231038592064,0.38470720431791
TUR,2007,0.14309178883658427,0.2860837200248063,0.5708244911386093,0.6668217821478633,0.3422044875546797
TUR,2008,0.0545085380900103,0.36629553818523897,0.5791959237247507,0.25906848893904766,0.3281523376157621
TUR,2009,0.1147618231089643,0.3817730045291716,0.503465172361864,0.46225085017641615,0.3504639693369904
TUR,2010,0.1798645680932575,0.41354258328877946,0.4065928486179631,0.6062096409669329,0.3876956418336634
TUR,2011,0.12352396109292206,0.40207936912773146,0.47439666977934647,0.4700273152419543,0.39622715754989146
TUR,2012,0.16190332213581762,0.48229836857568975,0.35579830928849265,0.5026479267913712,0.3744597818044963
TUR,2013,0.12342072686764223,0.4552658673233455,0.4213134058090122,0.4265546432441076,0.3024436831372636
TUR,2014,0.12962639512549234,0.42657026870345977,0.4438033361710479,0.4661171256696229,0.37803096402875064
TUR,2015,0.14417211472310737,0.46088099181382963,0.394946893463063,0.47656019997413573,0.29987714799616333
TUR,2016,0.15745711720820352,0.3704055261715768,0.47213735662021966,0.5965836726010488,0.3706766881684877
TUR,2017,0.14095219203627296,0.381144247128057,0.47790356083567004,0.5399469579293884,0.3455828831810784
TUR,2018,0.14194533339391552,0.34777766269578986,0.5102770039102946,0.5796964182907783,0.3457983187235009
TUR,2019,0.13973706990690812,0.3657205044414629,0.4945424256516289,0.5529131503749063,0.3250493430775137
TUR,2020,0.1573707435362231,0.3552064565283762,0.4874227999354007,0.6140372358208283,0.36292948093144684
TUR,2021,0.15809559073524942,0.3594676647125538,0.48243674455219676,0.6109227773461732,0.3352571749786616
TUR,2022,0.3092669468983886,0.3617048303834421,0.32902822271816934,0.92184785521459,0.4636497900954828
TUR,2023,0.21161078631082372,0.37353889058949963,0.4148503230996766,0.7232706251562037,0.3966407595895039
TZA,1990,0.20987795466887693,0.41529711035527483,0.37482493497584823,0.6714213870982488,-0.2056073628717257
TZA,1991,0.16910498033573163,0.36838112029430714,0.46251389936996135,0.6292441056150384,-0.17639455414186428
TZA,1992,0.14814177134228454,0.4461904676042646,0.40566776105345087,0.49851501108156293,-0.11294862445732555
TZA,1993,0.34853106302902076,0.42802136403495517,0.22344757293602413,0.8976369164069516,0.15700766967151203
TZA,1994,0.3114566708822165,0.48258593992249965,0.20595738919528384,0.7844835192574192,0.09803748794747183
TZA,1995,0.12171862187197587,0.4817297045096288,0.3965516736183952,0.40341025586009904,0.049325735346717726
TZA,1996,0.10690474868164729,0.5112697161250046,0.3818255351933482,0.3458724187680065,0.04712931032386116
TZA,1997,0.18927896906997752,0.45237191401193855,0.3583491169180838,0.5899749351574205,0.04262005523184964
TZA,1998,0.13745630525729927,0.44554524025347825,0.41699845448922257,0.4715469669531372,-0.1494983060984454
TZA,1999,0.20215735911471674,0.48054406802578453,0.3172985728594988,0.5922277325871544,-0.1430753704625361
TZA,2000,0.23208725904194566,0.3895013133574344,0.37841142760061997,0.7467552311847396,-0.079946596971574
TZA,2001,0.21080240461406174,0.2903388188627799,0.4988587765231583,0.8412894199824421,-0.10068926533649158
TZA,2002,0.20785541390976972,0.2971694203264221,0.4949751657638082,0.8231492782889926,-0.05353570278413781
TZA,2003,0.3657669344111705,0.3000169030951462,0.3342161624936833,0.9012441762445149,0.08443875854074036
TZA,2004,0.012664809110300528,0.4516158925237916,0.5357192983659078,0.05455668980306612,0.05155205548705921
TZA,2005,0.01504397823904396,0.5643317013366209,0.4206243204243351,0.05193168705342337,0.07232903601669198
TZA,2006,0.01784820227107473,0.5198688854044738,0.46228291232445146,0.06638510354294004,0.20509429314081695
TZA,2007,0.048221365302923515,0.5208438235767903,0.4309348111202862,0.16947571647407977,0.0586898062920083
TZA,2008,0.024791760854442384,0.5472397309125946,0.42796850823296306,0.08667970631427743,0.06816531892375127
TZA,2009,0.03552327935117118,0.5347167821147913,0.42975993853403743,0.12459061280208408,0.07404063625091646
TZA,2010,0.027853432167321324,0.6230233221692766,0.34912324566340214,0.08558742336930059,0.09340983774181279
TZA,2011,0.02034136145993719,0.5897647091781606,0.38989392936190226,0.06668139341299315,0.06817194908146887
TZA,2012,0.03207642181166093,0.632216034778998,0.335707543409341,0.09657319300684641,0.06550797145047083
TZA,2013,0.03228674395772708,0.715343656370116,0.2523695996721569,0.08637086973341114,-0.0698103229470285
TZA,2014,0.036633015500706835,0.7736380590155388,0.18972892548375428,0.09042162963197906,0.010784461511748682
TZA,2015,0.01664356198720072,0.8771865826610915,0.1061698553517078,0.03724099502987717,-0.23150727012706923
TZA,2016,0.02073430317614767,0.6450572604984541,0.33420843632539815,0.06228466777714032,-0.1341858667844576
TZA,2017,0.022133074268922314,0.7783431903031838,0.19952373542789392,0.05529976402424257,-0.1368664094330052
TZA,2018,0.024310223402800413,0.7386449245172972,0.2370448520799024,0.06372648108888929,-0.09205557494863129
TZA,2019,0.016058768595249535,0.8116706493458243,0.1722705820589261,0.038801976218737606,-0.09565294027175897
TZA,2020,0.012199543837608044,0.7211389132981836,0.26666154286420835,0.033271250727136124,0.003966768525244385
TZA,2021,0.011699429542219086,0.8270381543918913,0.16126241606588962,0.027897711432800582,-0.07317935287282004
TZA,2022,0.029924733097094758,0.8101858533006101,0.15988941360229514,0.07123998573904058,0.15510397505464849
TZA,2023,0.023052954935012963,0.8107990393791783,0.16614800568580873,0.05529267805846783,0.128453174961309
UGA,1990,0.32595936740476733,0.10610707090236515,0.5679335616928675,0.49116090255980227,-0.2105732537025041
UGA,1991,0.32227617467392633,0.10208446004704817,0.5756393652790254,0.48112125251283366,-0.21912378942035768
UGA,1992,0.2800808971817728,0.12682919423525524,0.5930899085829718,0.6233769911853693,-0.09263865508595044
UGA,1993,0.5363797431692593,0.11899922430437042,0.3446210325263702,0.3631463022473591,0.044662409198676305
UGA,1994,0.626687815049722,0.06985789644081108,0.3034542885094669,0.2005838103326275,0.10971985012915758
UGA,1995,0.2050396362272405,0.04910975241307855,0.7458506113596809,0.3864636674973896,0.1535575258004592
UGA,1996,0.19685626478299076,0.060881674959448476,0.7422620602575607,0.472430834360578,0.06542448062972918
UGA,1997,0.2350930616667188,0.05187313396765784,0.7130338043656235,0.3615278367752371,0.04800182634834983
UGA,1998,0.09867970497595516,0.049174293115633594,0.8521460019084112,0.6651736679473812,-0.12235590242935147
UGA,1999,0.10001924960484558,0.07905122844632596,0.8209295219488284,0.8829063205352713,-0.023707967884930552
UGA,2000,0.175785977945167,0.5390402514514371,0.2851737706033959,0.4918285611694766,0.014493072116975198
UGA,2001,0.12167029201734954,0.5026938661210668,0.3756358418615837,0.38974143672858375,-0.052955080899927655
UGA,2002,0.0931920291660532,0.4144092220947747,0.4923987487391721,0.3671859710139565,-0.06800290476953748
UGA,2003,0.10665073874080554,0.4659343126925719,0.4274149485666226,0.3725236573110738,0.15843401200734197
UGA,2004,0.026886069347483204,0.46596925970010855,0.5071446709524082,0.10910329162693093,0.1613272678628004
UGA,2005,0.024659131629888576,0.5294426677542117,0.44589820061589974,0.08900578073306348,0.186846729897981
UGA,2006,0.03449256081280002,0.6152320315545349,0.3502754076326651,0.1061759435243878,0.23581607724809847
UGA,2007,0.06387739084250238,0.645797845706157,0.2903247634513406,0.18001865516163484,-0.0142422949392641
UGA,2008,0.01377923693100729,0.6057399859736661,0.3804807770953266,0.04448364609705591,0.02626998934304188
UGA,2009,0.06735855585645042,0.6556409898150124,0.2770004543285372,0.18633083868370431,0.1032421042555641
UGA,2010,0.05247598923410961,0.6935157584128852,0.2540082523530053,0.14068785452286633,0.000860525270515316
UGA,2011,0.05482258774676605,0.6717118801115161,0.2734655321417179,0.1509153114466133,-0.011772112605236942
UGA,2012,0.05121377624208647,0.7342700057188752,0.21451621803903828,0.13040059494094502,0.054126209398856893
UGA,2013,0.04765014706956338,0.6791548561423879,0.2731949967880487,0.1311222318475637,-0.1884226424853013
UGA,2014,0.0521300152383839,0.6522840815126402,0.29558590324897593,0.14800957413777965,-0.028255795067818428
UGA,2015,0.03827594205028936,0.7608380938103326,0.20088596413937798,0.09579594484050656,-0.28598699362991864
UGA,2016,0.03200545518542309,0.7609558634149388,0.20703868139963807,0.0807238750104865,-0.23178332554147169
UGA,2017,0.036404042023386304,0.6372097796673076,0.3263861783093061,0.10808579293107824,-0.2354666590295538
UGA,2018,0.023313565035427756,0.7782961956510009,0.19839023931357133,0.05816686916452726,-0.14424206034870896
UGA,2019,0.021628808314566487,0.8227497580753813,0.15562143361005218,0.05123012159590501,-0.15312302389792723
UGA,2020,0.017357104169917096,0.8515654545118773,0.13107744131820567,0.03995086557828312,-0.04870085562297515
UGA,2021,0.02955134773937446,0.7521262371153582,0.21832241514526737,0.07561006817117903,-0.16552975393647282
UGA,2022,0.08693485361851395,0.5435386094877473,0.3695265368937387,0.2757764083842551,0.10916525684639632
UGA,2023,0.027863917435855926,0.7417007040113514,0.23043537855279272,0.07241475675806495,0.03359497921056651
UKR,1992,0.17250884935179306,0.09412880288570707,0.7333623477624999,0.7060428420054077,0.32139958961908616
UKR,1993,0.4064051922282741,0.17563367292855653,0.41796113484316927,0.6035118389602108,0.40152837738126956
UKR,1994,0.17017278111259657,0.12455444082412175,0.7052727780632817,0.8452184362587666,0.5162463863495607
UKR,1995,0.04704961089059062,0.15607888960660046,0.7968714995028089,0.46324972394744024,0.44450255162959534
UKR,1996,0.04971147039264339,0.18173432393973413,0.7685542056676224,0.42957333086168015,0.43341573743713285
UKR,1997,0.05020027289933536,0.24897662749240723,0.7008230996082574,0.3355892305428866,0.40839014369915755
UKR,1998,0.060938970979493266,0.5925668208423724,0.3464942081781343,0.18649864084480575,0.25279115034308886
UKR,1999,0.062487692225066685,0.5046814300291806,0.4328308777457527,0.220349415273898,0.32339800228217386
UKR,2000,0.06957232010432265,0.5006985900678527,0.42972908982782465,0.24399743652825456,0.34173172793235923
UKR,2001,0.06974009518248861,0.48618890840290196,0.44407099641460945,0.25089568895563674,0.3178727441587858
UKR,2002,0.06969404461064822,0.47049240082270005,0.45981355456665174,0.258036998891145,0.29001756905199905
UKR,2003,0.0537995150792534,0.46669928270642363,0.47950120221432296,0.20672291774017176,0.35380583957894385
UKR,2004,0.05596944678542036,0.4787640373874338,0.46526651582714584,0.2093358596086273,0.3418897583000096
UKR,2005,0.03714431223952137,0.5417263366776073,0.4211293510828713,0.12833372121735942,0.37196290530088205
UKR,2006,0.03977971812274581,0.5255144123889257,0.43470586948832846,0.14073989442182785,0.46380708254678643
UKR,2007,0.03550792689640946,0.5554867930047267,0.40900528009886383,0.12016326271865631,0.4724823317453282
UKR,2008,0.03911227534943425,0.6206366993622379,0.34025102528832796,0.11856714250000117,0.4837611585865737
UKR,2009,0.02699015901398255,0.6183466579627558,0.3546631830232616,0.08364673548434919,0.4996732030864752
UKR,2010,0.04617624059971052,0.6066982007764928,0.3471255586237967,0.14145519466920764,0.5047589543106973
UKR,2011,0.03301844175365561,0.6152098311801307,0.3517717270662137,0.10187288377354778,0.4328076380389172
UKR,2012,0.04451501434015908,0.6284293638836583,0.32705562177618264,0.13229923833423762,0.48798539090773474
UKR,2013,0.03510072958017368,0.6628828939337642,0.3020163764860621,0.10057751614131606,0.42550097896345584
UKR,2014,0.03593463024423719,0.5483786096532569,0.41568676010250594,0.12299782989870704,0.5392051055863469
UKR,2015,0.039076278637873364,0.6042339067487711,0.3566898146133556,0.1214850301628214,0.43543578755141044
UKR,2016,0.03513325709199543,0.49435129373027276,0.4705154491777318,0.13270739264227785,0.5310030388092482
UKR,2017,0.043477096524272035,0.44783148041812476,0.5086914230576032,0.17698488715522456,0.5184401183659358
UKR,2018,0.04869646626599302,0.4407064052627214,0.5105971284712856,0.19900359846227786,0.49823214555798634
UKR,2019,0.045209551816494394,0.5059538445460162,0.4488366036374894,0.16405135796339862,0.5359992123668624
UKR,2020,0.045422382234751986,0.49562308937994337,0.45895452838530465,0.1679059695267146,0.5109699072920884
UKR,2021,0.05072426321250496,0.45747510738635233,0.4918006294011427,0.19962347907960595,0.5054462393676808
UKR,2022,0.2391072324926067,0.21662867441583736,0.5442640930915559,0.9506763506319785,0.6660522126728915
UKR,2023,0.1271904544907255,0.20645477273717724,0.6663547727720973,0.762429335779742,0.6873224975918976
URY,1990,0.20168127074400272,0.5581986971499112,0.2401200321060861,0.5308240229124167,0.051070415331859534
URY,1991,0.2045951312184299,0.44620507316203323,0.34919979561953685,0.6287494375119216,0.2205086572311664
URY,1992,0.20686846829318323,0.3743056235699181,0.4188259081368987,0.7118984524241738,0.29588433264422626
URY,1993,0.31412614624666857,0.41469466410097633,0.2711791896523551,0.8620120111466947,0.3906824324884498
URY,1994,0.28179973862853375,0.4001459123189652,0.3180543490525011,0.8264580564066937,0.3777145750532588
URY,1995,0.14221448380573304,0.5133621909951644,0.34442332519910257,0.4338607191871932,0.30921244128248665
URY,1996,0.14872990599686142,0.5378726515199284,0.3133974424832103,0.4332343489507741,0.30967913252600743
URY,1997,0.16382468695189845,0.5386191966168193,0.2975561164312822,0.4664420625875434,0.2840842782874567
URY,1998,0.12320129321056987,0.7182087600686906,0.1585899467207395,0.2928448328621999,0.10240660353748374
URY,1999,0.14116036796078646,0.6527199840495143,0.20611964798969926,0.35562126610976985,0.20699293697650412
URY,2000,0.14639629623699002,0.6587050202210981,0.1948986835419118,0.36367173483465814,0.23076490742242098
URY,2001,0.14360116293770228,0.6439613057824433,0.21243753127985449,0.36467243841892594,0.19176186019780214
URY,2002,0.14932638567377488,0.6031412653286738,0.2475323489975513,0.39689782138764373,0.18106711924407365
URY,2003,0.17386334770019707,0.5603464590889953,0.26579019321080766,0.4736067159345831,0.2565879426756467
URY,2004,0.22435428079578956,0.5081171824951548,0.26752853670905563,0.6125952806073319,0.23790570221155372
URY,2005,0.2500296055992536,0.5071585963876609,0.24281179801308547,0.660416010030686,0.17913636955451934
URY,2006,0.15867758995886685,0.6035742978372622,0.23774811220387085,0.4163389884612698,0.21690673504454375
URY,2007,0.16133281471931255,0.6028762939759276,0.23579089130475983,0.42222164819459296,0.1395083745336237
URY,2008,0.06451764138287518,0.6747260271816118,0.2607563314355131,0.17455040638538,0.15515033995265548
URY,2009,0.09645998839694822,0.7095193488472076,0.19402066275584418,0.23936094621673293,0.14112262747984558
URY,2010,0.0815868856617579,0.7188920357691704,0.19952107856907175,0.20384518187165748,0.21108029630432162
URY,2011,0.08020350399030061,0.7144388189063855,0.20535767710331393,0.2018606401379105,0.12619665331806895
URY,2012,0.100751651127113,0.7495373149971787,0.14971103387570833,0.23698214405003942,0.13651656124371764
URY,2013,0.08595301417207445,0.7605542547410922,0.15349273108683337,0.2030768484302085,0.02621609848067124
URY,2014,0.10385388016105879,0.7499802339282964,0.14616588591064483,0.24326477110093614,0.11381168560555986
URY,2015,0.1386594774772512,0.7264067879510182,0.13493373457173055,0.3205753894670829,-0.08188754263612841
URY,2016,0.1263073314276528,0.6646807745644345,0.20901189400791262,0.3193659436110821,0.010927527558385476
URY,2017,0.09731309753688724,0.7174243796250903,0.18526252283802241,0.2388820945756997,-0.036501042103343366
URY,2018,0.09546329040281913,0.7214112954498552,0.18312541414732567,0.23372814396758873,0.04495616112388385
URY,2019,0.08437421476647824,0.7887757785695705,0.12685000666395127,0.19326396474930785,-0.01371360618087572
URY,2020,0.10947183298535355,0.7380415766867581,0.15248659032788842,0.25833652125387924,0.1613645301446192
URY,2021,0.08555891801350689,0.7892473363559889,0.12519374563050423,0.19560655307653754,0.06405680362189439
URY,2022,0.12144583481249659,0.584964412929541,0.2935897522579624,0.3438393913471238,0.321328966823371
URY,2023,0.13401161840351983,0.7171143222007471,0.14887405939573306,0.3149043214647569,0.25268183464459226
UZB,1992,0.11571934809816092,0.3658751850163474,0.5184054668854917,0.48056753198502955,
UZB,1993,0.6398761046322334,0.027422335987988558,0.3327015593797781,0.08218912054552624,
UZB,1994,0.2800157034940573,0.07642751042609863,0.6435567860798442,0.42883414491497973,0.4446405405940953
UZB,1995,0.05211268566566517,0.13483192196536645,0.8130553923689684,0.5575200732028475,0.5386769650905704
UZB,1996,0.1020661028456078,0.19219405747710816,0.7057398396772839,0.6937133639407497,0.4728065794160429
UZB,1997,0.054504312100385546,0.18208172434530087,0.7634139635543136,0.4607567962946809,0.43944584945963017
UZB,1998,0.019009403384966053,0.6360353012336121,0.3449552953814217,0.05804001849319557,0.3512060280150486
UZB,1999,0.032221722717221006,0.5966576836098892,0.3711205936728898,0.10247345482469479,0.42113214588196285
UZB,2000,0.010110085908798746,0.8239946250881421,0.16589528900305914,0.024241766712275112,0.35956019770355335
UZB,2001,0.010280885582297523,0.8268403697109445,0.16287874470675798,0.024562476504544486,
UZB,2002,0.010102898388624803,0.8291272595463489,0.1607698420650263,0.024076585649601044,0.3229092681068951
UZB,2003,0.010102899002011405,0.8234088215821619,0.1664882794158267,0.024241768297944766,0.3594479443372267
UZB,2004,7.325880582480242e-05,0.8216755995863771,0.1782511416077981,0.0001782997446887542,0.2570465021080504
UZB,2005,7.32581106406166e-05,0.8216755990291423,0.178251142860217,0.00017829805299785184,0.10833745263720038
UZB,2006,7.325807340221348e-05,0.8216755997899781,0.17825114213661966,0.00017829796220877252,0.10094120287335065
UZB,2007,0.010202057048321814,0.8216755994809135,0.16812234347076463,0.024527782344550268,0.03410788029924153
UZB,2008,0.00013529570926837915,0.9033536258398469,0.09651107845088466,0.00029949611122270797,0.05670153504098852
UZB,2009,0.010264094862030695,0.8216755993037032,0.16806030583426618,0.024675093480960763,0.11961282071461558
UZB,2010,0.010289199239451584,0.8216755996595912,0.16803520110095715,0.024734698518657294,0.14422955888041114
UZB,2011,0.010264095017908445,0.8216755991090001,0.16806030587309143,0.0246750938568456,0.06564937336361265
UZB,2012,0.010289199733366502,0.8216755993136611,0.16803520095297242,0.02473469970160335,0.18036038515855934
UZB,2013,0.010264094949688723,0.9033536254156743,0.08638227963463693,0.022469124056797036,0.056430239350419006
UZB,2014,0.010264094550149197,0.8216755989449338,0.16806030650491705,0.024675092751082588,0.13306362307499228
UZB,2015,0.010264095225297868,0.904076458026414,0.08565944674828815,0.022451361669993064,-0.042480954281921765
UZB,2016,0.011253032365992547,0.8093924361967494,0.1793545314372581,0.027424832761706045,0.07331704605290847
UZB,2017,0.0051325661590079005,0.7838823536774966,0.2109850801634955,0.013010061102701184,0.03792272259614471
UZB,2018,0.006382270893351818,0.8244566261928323,0.1691611029138159,0.015363437883649722,0.01867193674801941
UZB,2019,0.009114598491794669,0.9295756242647116,0.061309777243493735,0.019419821940893853,0.015422565649040446
UZB,2020,0.0020869443584772985,0.7892777747306963,0.20863528091082648,0.005274292138975518,-0.024633497529951216
UZB,2021,0.0036615854305533167,0.7320918641106225,0.2642465504588241,0.009953294633784518,-0.15709554413273144
UZB,2022,0.035685905431879314,0.7478129527909222,0.21650114177719854,0.0910937011773702,0.10045070755672922
UZB,2023,0.05286711142836532,0.7814590388248711,0.16567384974676364,0.12673008370244412,0.012911337144792564
VEN,1990,0.6249788369068782,0.1833707206539793,0.19165044243914253,0.4536916459935689,-0.05527074878501366
VEN,1991,0.6490568239924324,0.19749043353441775,0.15345274247314994,0.46657863876702454,-0.03299217746151005
VEN,1992,0.6613699304634684,0.1967129377500857,0.14191713178644588,0.4584940337047472,0.1233967647656983
VEN,1993,0.7426649099768892,0.18997050014770095,0.0673645898754099,0.4073842748954233,0.2675128722268891
VEN,1994,0.6558653866233018,0.2644427151165142,0.07969189826018391,0.5746830102149331,0.2344409081461388
VEN,1995,0.5907576799133601,0.2918080482035331,0.11743427188310668,0.6612721045177136,0.2666769208758109
VEN,1996,0.646761774688732,0.243402374930374,0.10983585038089401,0.5468707654302275,0.22356189140744304
VEN,1997,0.6549189266255867,0.2470581487280822,0.0980229246463311,0.547814696135619,0.22233890295222472
VEN,1998,0.5824454174860236,0.31920071243756,0.09835387007641638,0.7080398880314895,-0.004446103325257808
VEN,1999,0.6837617962902701,0.20670354702245364,0.10953465668727627,0.4642596111679579,0.045641448533472635
VEN,2000,0.6408284982069314,0.27541714757821417,0.08375435421485433,0.6011862623198713,0.0588061452263992
VEN,2001,0.6645211204628839,0.21835741258351146,0.11712146695360463,0.49464882067086513,0.005778334318784497
VEN,2002,0.6209513713536648,0.27122511541617644,0.10782351323015868,0.608007764020227,0.019891495142623384
VEN,2003,0.6357617788932193,0.19312903934515205,0.17110918176162862,0.46599391643788785,0.10699897608573232
VEN,2004,0.6397062045618382,0.2598571184455902,0.10043667699257157,0.577740581011759,-0.05819238622677794
VEN,2005,0.6714289353182783,0.1913902492260488,0.13718081545567284,0.44363929929797746,-0.11651469377757087
VEN,2006,0.6428805702679299,0.2109052575029986,0.14621417222907152,0.494047220375236,-0.10174520993579794
VEN,2007,0.625581995784077,0.26372886142566754,0.1106891427902554,0.5931083811416167,-0.17245844091204776
VEN,2008,0.602730909966646,0.2970614682218371,0.10020762181151684,0.6602889186945534,-0.19879480802777874
VEN,2009,0.5457254344252356,0.35214127238425474,0.10213329319050966,0.7843954335617708,-0.24597776939343086
VEN,2010,0.5399711708232954,0.38394952727336534,0.07607930190333928,0.8311309142967083,-0.1212216702984153
VEN,2011,0.5300840948133003,0.4066273722190937,0.06328853296760598,0.8682019736714325,-0.34111957981082675
VEN,2012,0.45451253536810193,0.47765891410675815,0.06782855052513992,0.9751693974840189,-0.17326164199249025
VEN,2013,0.38660814738142596,0.5578884696109053,0.05550338300766872,0.8186543825059883,-0.30833484323092003
VEN,2014,0.3982216510600297,0.5333805183968389,0.06839783054313141,0.8549178267633191,-0.1381809528747595
VEN,2015,0.3957532576117578,0.5557406498512867,0.048506092536955564,0.8318566298904624,-0.49475579609844755
VEN,2016,0.37632574780610223,0.5513316333770907,0.07234261881680702,0.8113464204340455,-0.36693985261642476
VEN,2017,0.3838631574463112,0.5674301337403289,0.048706708813359915,0.8070342995218259,-0.404590789621922
VEN,2018,0.40859968354384196,0.5482312168019267,0.04316909965423144,0.8540687458905996,-0.30746793061584765
VEN,2019,0.46195417439032305,0.4752036809628661,0.06284214464681089,0.9858620332776812,-0.46615601874583
VEN,2020,0.5105864428751536,0.43919429553909,0.05021926158575632,0.9248330225613334,-0.31952418316485776
VEN,2021,0.5914405862920061,0.3518259752424919,0.05673343846550204,0.7459735976862031,-0.5133778260520419
VEN,2022,0.6014235409871044,0.29769250120349283,0.10088395780940275,0.6621892775446377,
VEN,2023,0.5970289382062478,0.3224651008979269,0.08050596089582532,0.7013968273510319,
VNM,1990,0.11187286025447345,0.39490920015706127,0.4932179395884653,0.4415028431102181,-0.22245784023983078
VNM,1991,0.05742949977290501,0.42087419475343396,0.521696305473661,0.24013822360196097,-0.2390403198502287
VNM,1992,0.07740087943663386,0.36507705235765286,0.5575220682057133,0.3498519310229395,-0.16153379021788924
VNM,1993,0.08973379534118464,0.36707079592564196,0.5431954087331735,0.39287606585709534,-0.042905705098228664
VNM,1994,0.15145997888858853,0.376590980801249,0.4719490403101625,0.5736566750207288,-0.0099350354503482
VNM,1995,0.09650361500881553,0.368636650118914,0.5348597348722705,0.4149441458580896,-0.002457881791840699
VNM,1996,0.0839282495707433,0.40597582951859656,0.5100959209106601,0.34263135643513587,-0.033429047678744724
VNM,1997,0.14828976409778868,0.3593771764031354,0.4923330594990759,0.5842009879606047,-0.09894745285394221
VNM,1998,0.10480434650995507,0.3588981189887628,0.5362975345012821,0.4520327335212103,-0.2828005256781034
VNM,1999,0.09382518403524565,0.37738011031833163,0.5287947056464227,0.3982348465076551,-0.23588281858459823
VNM,2000,0.09570065123444284,0.3670780495130844,0.5372212992524728,0.41359142536100907,-0.1590982066262497
VNM,2001,0.12290501721534265,0.35518658874118336,0.521908394043474,0.5141484003654258,-0.2591257834321305
VNM,2002,0.20447646617484305,0.3081176035705517,0.4874059302546052,0.797810502475795,-0.2652970967500011
VNM,2003,0.25208635241289007,0.2962660099431865,0.4516476376439234,0.9194319919759767,-0.13846647692333525
VNM,2004,0.20277726691243655,0.333434622977393,0.4637881101101704,0.75633260185297,-0.17217031254752305
VNM,2005,0.19461013375663502,0.3514697339685576,0.45392013227480743,0.7127533727523169,-0.18500152267125086
VNM,2006,0.3084649669158515,0.31783167927705147,0.373703353807097,0.9850442878496353,-0.15240422030561748
VNM,2007,0.2521915589326207,0.31287783542645625,0.43493060564092306,0.8926038516691064,-0.17555982885583674
VNM,2008,0.21405260366971868,0.33775655302256585,0.44819084330771547,0.7758211369771988,-0.18825625079697123
VNM,2009,0.254990935037626,0.333508687242485,0.41150037771988895,0.8665797746808297,-0.2117325556366563
VNM,2010,0.2660262729997378,0.35463787401917934,0.37933585298108285,0.8572309977222822,-0.13675323182651913
VNM,2011,0.2290885132668405,0.3841213534161844,0.3867901333169751,0.747178170847205,-0.14424540712832032
VNM,2012,0.2492935356554658,0.3831516810018758,0.3675547833426584,0.7883482366205733,-0.08152727513837128
VNM,2013,0.24109887023809998,0.3880554483469689,0.3708456814149311,0.7664220465984154,-0.19423967171592846
VNM,2014,0.25214500824417185,0.36745422836780556,0.3804007633880226,0.81389709136158,-0.07564305992262825
VNM,2015,0.27243485042213256,0.49607742674439503,0.23148772283347244,0.7089928385440721,-0.3086339883420222
VNM,2016,0.27879895864532533,0.3579836220531234,0.36321741930155127,0.875648822992386,-0.21421611750192296
VNM,2017,0.23535587991686863,0.40203214143954735,0.362611978643584,0.738501107742851,-0.198758190811868
VNM,2018,0.23717818871613344,0.40016838514572417,0.3626534261381424,0.7442675569086559,-0.11839241385394646
VNM,2019,0.27381874962378483,0.3802117759367571,0.3459694744394581,0.8373271244155045,-0.14519975195474172
VNM,2020,0.31540455572649423,0.36780500741130473,0.316790436862201,0.9233025201752896,-0.059802771097811125
VNM,2021,0.3278882749365261,0.37269812411679776,0.29941360094667613,0.9360395102719358,-0.15983432443672133
VNM,2022,0.4121984567223988,0.34482497183690547,0.24297657144069576,0.911002113879471,0.09815577741293031
VNM,2023,0.3457572626945593,0.3787044768368972,0.2755382604685435,0.9545218024023651,0.05382752336491774
YEM,1990,0.3283620767601759,0.12031070970013251,0.5513272135396915,0.536295997130977,
YEM,1991,0.3338566968354489,0.11170083339077427,0.5544424697737769,0.50139802747385,-0.28859495128673107
YEM,1992,0.3922439276681427,0.20247835041592643,0.4052777219159309,0.6809173218404453,-0.1512452289945351
YEM,1993,0.07943138434262122,0.5203362430385641,0.40023237261881467,0.2648738635309445,0.08737563868181766
YEM,1994,0.1980019498830857,0.4324837900307236,0.36951426008619076,0.6280933488207159,0.13114352194793305
YEM,1995,0.008321458499461728,0.665850696820074,0.32582784468046416,0.024686449696272685,0.20911239079006558
YEM,1996,0.023959052817991384,0.623292044016237,0.3527489031657717,0.07403325520861247,0.11123012943436113
YEM,1997,0.035453591131054146,0.6523101447438151,0.3122362641251307,0.10309816956532446,0.06209558285216473
YEM,1998,0.033012551814953356,0.7230019514078866,0.2439854967771602,0.08733311774899298,-0.13096644309089228
YEM,1999,0.008499936675120444,0.8074174953302852,0.18408256799459444,0.020835286370163325,0.00674690492961538
YEM,2000,0.06387346129974115,0.6952603303593673,0.2408662083408916,0.1682798526466432,0.0018121151084285558
YEM,2001,0.050065109097680104,0.7669844510610142,0.18295043984130568,0.12255097252106967,-0.15045462652235814
YEM,2002,0.06439197238981341,0.7395532500301599,0.1960547775800267,0.1601899497480331,-0.21318733998891232
YEM,2003,0.018289601051363104,0.8708901151024118,0.11082028384622511,0.04113814276033282,-0.091246668502312
YEM,2004,0.011743358273089978,0.8867129465873596,0.10154369513955043,0.026141189525992554,-0.09403664846060042
YEM,2005,0.03274771664832335,0.7573091628363035,0.20994312051537317,0.08289964304768911,-0.11253340497979702
YEM,2006,0.07047210737953204,0.7631951835557779,0.16633270906469008,0.16906530493829933,0.004002000796079486
YEM,2007,0.03697734168138671,0.7701607387324033,0.19286191958621002,0.09162581367101348,-0.09337681605414155
YEM,2008,0.009692974825714892,0.863589125418492,0.12671789975579317,0.02219895454860308,-0.15738117072618038
YEM,2009,0.008759919321152516,0.9108858369900423,0.08035424368880513,0.019050638272479097,-0.1897395567407814
YEM,2010,0.03910651425275579,0.8912160009598492,0.06967748478739498,0.08407087566577671,-0.04323437213870984
YEM,2011,0.06509153981636266,0.7970370209502796,0.1378714392333577,0.15100193353641,-0.07238803155640841
YEM,2012,0.009994290339002374,0.8821355830943327,0.1078701265666649,0.022405460542509685,-0.08650746178753707
YEM,2013,0.009060554665336585,0.8138465393612373,0.1770929059734261,0.02202084471286377,-0.16919001256938393
YEM,2014,0.003170237787296244,0.94137209447513,0.055457667737573726,0.0067127489769626195,-0.07406238657867549
YEM,2015,0.05626833800856523,0.9034665394181891,0.04026512257324569,0.11725808727391916,-0.2561938856413184
YEM,2016,0.0023612146138186326,0.9941440043616734,0.0034947810245079466,0.00473899096333123,-0.09261417165367646
YEM,2017,0.0,0.9958131578815319,0.004186842118468051,0.0,-0.0818670558933215
YEM,2018,0.0,0.9930508528140889,0.006949147185911057,0.0,-0.09874537325084827
YEM,2019,0.0,0.9997811871182014,0.00021881288179862954,0.0,-0.11618076341906756
YEM,2020,0.04076599884649911,0.8964621504768024,0.06277185067669849,0.08699268982890243,0.008460871967596695
YEM,2021,0.0,0.5480462031066149,0.45195379689338505,0.0,-0.08910727290238066
YEM,2022,2.6679259277045434e-07,0.14959476559210458,0.8504049676153027,3.5668643338954292e-06,0.14080886945832366
YEM,2023,0.0,0.7395963578395287,0.26040364216047124,0.0,0.11408663049097718
YUG,1990,0.18181998518712747,0.2058890094941965,0.6122910053186761,0.9379198712507238,-0.19711593881670159
YUG,1991,0.12858193199425202,0.1280304335726674,0.7433876344330806,0.9978508501709719,-0.13287132556529258
YUG,1992,0.13818760731901836,0.1093077546442265,0.7525046380367552,0.8833115398781463,-0.002077775123846059
ZAF,1998,0.24056053637071223,0.31924026740171385,0.440199196227574,0.8594504857785324,0.10919563955585651
ZAF,1999,0.24218028556426366,0.3183192889848833,0.43950042545085305,0.8641586775835394,0.20820144402865629
ZAF,2000,0.24688644873025534,0.3137165843460901,0.43939696692365454,0.8807888440255129,0.2320936429777447
ZAF,2001,0.28329892687270286,0.29387388417602345,0.4228271889512737,0.9816780050950324,0.2017922562557748
ZAF,2002,0.2524612728458415,0.3039464253822747,0.4435923017718838,0.9074686552677327,0.06807018111429233
ZAF,2003,0.252047895798073,0.2839370332630898,0.4640150709388372,0.9405036676667866,0.157766499116666
ZAF,2004,0.14022358909587343,0.2728980048680014,0.5868784060361252,0.6788489933456986,0.09197983229496494
ZAF,2005,0.12524137409313235,0.28412987212596547,0.5906287537809022,0.6118718656957282,0.08196106264799148
ZAF,2006,0.15553348978380432,0.28735198284843905,0.5571145273677567,0.7023643781287624,0.09180020948915762
ZAF,2007,0.2152004487407705,0.322956469098924,0.46184308216030556,0.7997684006540045,0.008923417582365768
ZAF,2008,0.1297614893655197,0.3545909497562264,0.5156475608782539,0.5358143322280372,0.01735369996438301
ZAF,2009,0.17030531940128313,0.4381836422118837,0.39151103838683315,0.5597646963053733,0.03190550362306164
ZAF,2010,0.16256281317225013,0.5095240291147668,0.32791315771298307,0.48375538083463065,0.11257688346204497
ZAF,2011,0.14075177443051104,0.5239000228664857,0.3353482027030032,0.42353537597557034,0.024452858619777175
ZAF,2012,0.15352208517094088,0.5674577496509885,0.2790201651780706,0.4258706769763079,0.13564289087913473
ZAF,2013,0.1296800907246355,0.585533017899928,0.28478689137543656,0.36263342816527827,0.010906874509467632
ZAF,2014,0.13595870180514974,0.5703420316894467,0.29369926650540357,0.384988137085631,0.09872609861089603
ZAF,2015,0.14308215504419675,0.6449704726701214,0.21194737228568178,0.36312842572251747,-0.2258487127827293
ZAF,2016,0.1378805168429663,0.5531163283183007,0.30900315483873303,0.39907712403748324,-0.03426156411297035
ZAF,2017,0.13117003830264815,0.5514849993928687,0.31734496230448317,0.38429376789028735,-0.03453095969470441
ZAF,2018,0.13412856326542216,0.550280107059111,0.3155913296754668,0.3919545998791074,0.019000847897366457
ZAF,2019,0.13602023535701074,0.5555310189402378,0.3084487457027515,0.3933771633318312,0.002474971699477874
ZAF,2020,0.15199286826318797,0.5239129348469395,0.3240941968898725,0.4497457117953559,0.07554420836018653
ZAF,2021,0.1831151057478764,0.4740608799739125,0.3428240142782111,0.5572787494563046,-0.038105289867730555
ZAF,2022,0.26587245566361517,0.480663531769843,0.25346401256654183,0.7122830249019,0.17911462546715626
ZAF,2023,0.15437963017209094,0.5484827829095885,0.2971375869183206,0.4392883366609918,0.07764797730756347
ZMB,1990,0.18733581908196487,0.37795782082411045,0.4347063600939247,0.6627911791581137,-0.23146128337777344
ZMB,1991,0.19721440121312828,0.49135157653826544,0.3114340222486062,0.572826446805167,-0.11658461706270998
ZMB,1992,0.10675593752351704,0.5649259180906631,0.3283181443858199,0.31787649653242556,-0.03206063931314839
ZMB,1993,0.33464935673457613,0.49440943430610196,0.17094120895932194,0.8072994589792762,0.2538956145809129
ZMB,1994,0.1857381043887544,0.6426918584633345,0.171570037147911,0.4484099144586754,0.23384316177391287
ZMB,1995,0.16541919997226368,0.6088994733812445,0.22568132664649188,0.4272638789811105,0.251690953847925
ZMB,1996,0.09218575493214434,0.7294965144379457,0.17831773062990994,0.2243829722717879,0.1913794738828517
ZMB,1997,0.1949303304814749,0.5618714495306656,0.24319821998785943,0.5151423678690287,0.21214561995579836
ZMB,1998,0.28738827250456933,0.49559491897423463,0.21701680852119612,0.7340854200504231,0.1552557323595565
ZMB,1999,0.06721828817153548,0.6852927184617149,0.24748899336674965,0.1786506445195306,0.07514408835762969
ZMB,2000,0.3290073633437924,0.5317584227414469,0.13923421391476073,0.7644526970341539,0.021063447356335904
ZMB,2001,0.5372773257659361,0.38715868417098104,0.07556399006308291,0.8376105647321127,0.006995388929726438
ZMB,2002,0.4438112052728499,0.41536152852005287,0.14082726620709723,0.966887128008354,-0.03366727644278964
ZMB,2003,0.277532371663382,0.5333422206380314,0.18912540769858663,0.6845260026601484,0.06074725471405833
ZMB,2004,0.012614015490790898,0.5464739926256565,0.44091199188355257,0.045123541580822595,0.04085049014461419
ZMB,2005,0.007235483383285974,0.4980770876500605,0.4946874289666536,0.028637654386827006,0.0715035661402049
ZMB,2006,0.0011814517938638852,0.519345640022217,0.4794729081839192,0.004539444007580419,0.05282089118351621
ZMB,2007,0.018337491906815055,0.4878907378854053,0.4937717702077796,0.07244752792368618,-0.003045346985057246
ZMB,2008,0.005305410614729119,0.4083373246643668,0.5863572647209041,0.025652139695621225,0.03200932529993154
ZMB,2009,0.022080449178284632,0.46730103526125144,0.5106185155604639,0.09023818791825464,0.03178362212955892
ZMB,2010,0.020165995780803882,0.4397191886148196,0.5401148156043765,0.08770013240285543,0.08995655947082101
ZMB,2011,0.03985318668416175,0.41919506818675495,0.5409517451290833,0.17363397534478534,-0.01962593845464609
ZMB,2012,0.034882232173959304,0.5213214802146883,0.4437962876113525,0.12542969921633795,0.1540328976567412
ZMB,2013,0.01530187486797933,0.5953324102790709,0.3893657148529498,0.05011796828373108,-0.02993085732880272
ZMB,2014,0.013960982703879446,0.41886729930777566,0.5671717179883449,0.06451049196227666,0.022543566665213045
ZMB,2015,0.010262446447920806,0.9513845930760201,0.03835296047605906,0.021343478482502655,-0.11764901834037954
ZMB,2016,0.038111287061918055,0.5385082263447357,0.4233804865933462,0.13218868309453324,-0.0640220307876556
ZMB,2017,0.024222936631713925,0.4936173424796113,0.48215972088867476,0.09355369834607431,-0.11584582172590302
ZMB,2018,0.04275543722598584,0.4952216333528794,0.46202292942113476,0.15894892018346002,-0.051926413938104696
ZMB,2019,0.005413442659277956,0.5586464513170407,0.4359401060236814,0.019194566807847653,-0.049664499352953174
ZMB,2020,0.004133019593557192,0.5270342857055826,0.46883269470086014,0.015562025570190475,0.005966521074373674
ZMB,2021,0.0055010520015252124,0.4785177455268564,0.5159812024716184,0.02273073702763639,0.00643858456693487
ZMB,2022,0.0093769360068109,0.5694804293870055,0.4211426346061836,0.03239808825938131,0.16128057024291848
ZMB,2023,0.011114597276476044,0.5549146576884825,0.4339707450350415,0.03927216545428954,0.18370636767569906
ZWE,1990,0.23987829227434349,0.35084856918180146,0.40927313854385505,0.8121462148616102,-0.20240192950542307
ZWE,1991,0.2626716016312294,0.3393559130599122,0.3979724853088584,0.8726232446900302,-0.2171416041628976
ZWE,1992,0.2543251362061926,0.3698561443763741,0.3758187194174334,0.8149079253668854,-0.10843975634794781
ZWE,1993,0.42371274483852484,0.37725372508854405,0.19903353007293106,0.941996298853545,0.09410937230766613
ZWE,1994,0.40254600320739076,0.44387847024805027,0.153575526544559,0.9511681569509398,0.11180530113086125
ZWE,1995,0.20444533942764834,0.42888834718852864,0.36666631338382305,0.6456165012158893,0.14281569598932503
ZWE,1996,0.19374744363503157,0.44946113195421444,0.356791424410754,0.6024404866105485,0.12223957860040376
ZWE,1997,0.22161605559922215,0.4396063527277322,0.3387775916730457,0.6703222782783845,0.05617720325221001
ZWE,1998,0.1845518450655235,0.463135733638432,0.3523124212960444,0.569879216874339,-0.20959535370131988
ZWE,1999,0.1636559672603355,0.4580147203008078,0.37832931243885676,0.5265037278896615,-0.014883580293444748
ZWE,2000,0.15620629013175097,0.5051969611169552,0.33859674875129375,0.47234811693725104,0.003383286686575745
ZWE,2001,0.17952739643908205,0.33906199973349344,0.48141060382742457,0.6923681732178695,-0.029980786099018355
ZWE,2002,0.12484751396908486,0.4228714495327939,0.45228103649812124,0.45588165569752676,-0.13306253072776583
ZWE,2003,0.04914228044381505,0.720628344776235,0.23022937477994995,0.12768032147178132,-0.000602679607853658
ZWE,2004,0.02477221968201548,0.6099781467102194,0.365249633607765,0.07805342381388353,-0.10580889048193066
ZWE,2005,0.07109428602360314,0.6838024119134807,0.24510330206291622,0.1883550059707068,-0.10142949039062034
ZWE,2006,0.105791117515938,0.731069429856341,0.16313945262772095,0.2528285455638205,-0.10475768243826876
ZWE,2007,0.0740855382732891,0.7548933425332067,0.17102111919350418,0.1787392658331968,-0.24024931076889178
ZWE,2008,0.016331965711939973,0.6987300887321153,0.28493794555594476,0.04567985564452224,-0.2224430385545199
ZWE,2009,0.03783102645696518,0.6654809352606751,0.2966880382823597,0.10757964748551585,-0.229975523834474
ZWE,2010,0.05401223125779751,0.8335189823306272,0.1124687864115753,0.12171342355254816,-0.1853825787661383
ZWE,2011,0.0236546529703756,0.9058559475921771,0.07048939943744724,0.050897005275807455,-0.19664220744001049
ZWE,2012,0.012461410573941316,0.9556516914753748,0.03188689795068389,0.025743708142287956,-0.13064828751619986
ZWE,2013,0.012095134647586292,0.9787339346197051,0.00917093073270861,0.024414169956742445,-0.37639715031609255
ZWE,2014,0.006223236115611922,0.9446159278860903,0.04916083599829782,0.013089986932008158,-0.2299375525293463
ZWE,2015,0.006443145380531749,0.9843412603183409,0.009215594301127323,0.013006150164398133,-0.5056464912343924
ZWE,2016,0.0018180166557601129,0.9762552519530737,0.02192673139116612,0.003717546965261561,-0.3985048694404978
ZWE,2017,0.0010320186065184307,0.9778863061702255,0.02108167522325601,0.0021084876652069967,-0.5278107494159819
ZWE,2018,0.0015544517356626526,0.981839620265539,0.01660592799879836,0.003161401476621375,-0.2871655374394425
ZWE,2019,0.0011109992726011475,0.9791951204022089,0.019693880325189924,0.0022666374315192307,-0.017207282351617535
ZWE,2020,0.0003255346997736744,0.978623526478903,0.021050938821323327,0.0006650697419980633,0.04024790232595931
ZWE,2021,0.001969071689916354,0.9631322804938124,0.03489864781627127,0.0040805490230864305,-0.15124323247342042
ZWE,2022,0.009795369767563074,0.9272567675370098,0.06294786269542707,0.02090677642706076,-0.03553357833760953
ZWE,2023,0.010991490789507377,0.9296836898366293,0.059324819373863316,0.0233693649325183,0.08434313070130273
