ISO3,year,GeoV,GeoC,n_partners
AFG,1990,2.319443417045742,1.1181962784983903,42.0
AFG,1991,2.014954066711942,1.1356939504889125,38.0
AFG,1992,1.505907838691697,1.1281475197321753,42.0
AFG,1993,2.1334519535009244,0.36180461618909726,56.0
AFG,1994,1.8807518568541022,1.3335231809658432,62.0
AFG,1995,1.1707438870453375,0.8834887767005449,68.0
AFG,1996,1.5330379387603714,1.5036422136140313,72.0
AFG,1997,1.4354875870157786,1.2807667167233796,77.0
AFG,1998,1.5339907857558115,1.3907239339078088,78.0
AFG,1999,1.1388558126258403,1.2196087824417032,82.0
AFG,2000,0.28237616001737237,0.5255261105119456,20.0
AFG,2001,0.5047776858592917,0.5363489651341038,18.0
AFG,2002,0.6598757326585089,0.48201238047954387,20.0
AFG,2003,0.7316544539354488,0.40478089741330764,20.0
AFG,2004,0.415906657573784,0.46401916974946783,21.0
AFG,2005,0.5562015325616427,0.4177032267060195,21.0
AFG,2006,0.309390991630281,0.3912898870861441,21.0
AFG,2007,0.25289703116807877,0.4570584154625527,21.0
AFG,2008,0.23904807744276554,0.5184396231353144,33.0
AFG,2009,0.4876874268099209,0.8028702417504997,35.0
AFG,2010,0.5094439792998849,0.7711798423684483,39.0
AFG,2011,0.34418549005531857,0.5945899895208767,35.0
AFG,2012,0.2075575203926757,0.490406697380438,6.0
AFG,2013,0.3192633466760158,0.46412082880898714,6.0
AFG,2014,0.21907833298403853,0.5995967884358073,6.0
AFG,2015,0.650468739112028,0.42250183702247157,52.0
AFG,2016,0.44546340655824246,0.40506626374222965,47.0
AFG,2017,0.7669045991409054,0.33513883955702756,52.0
AFG,2018,0.6405507630740942,0.32514528735406145,57.0
AFG,2019,0.4609547473259552,0.4067598429235054,62.0
AFG,2020,0.4522571086197893,0.4145834679810233,64.0
AFG,2021,0.7676016855773238,0.5456340132823083,62.0
AFG,2022,0.33605907024259596,0.7635261023887193,43.0
AFG,2023,0.3712023919346934,0.5614151699399446,42.0
AGO,1990,3.4581188983438893,1.050794019581675,39.0
AGO,1991,3.2887066589765834,0.975890811820211,37.0
AGO,1992,3.383524931392041,0.9385601359675118,42.0
AGO,1993,3.1876935475499795,0.9674461797231051,37.0
AGO,1994,2.7832510962537165,1.115673868789866,40.0
AGO,1995,3.132981917485389,1.253989875270113,50.0
AGO,1996,3.0723129207881827,1.2579474438885139,50.0
AGO,1997,2.8466247755738934,1.3277291400445252,53.0
AGO,1998,2.5898368833291374,1.4008455171106111,55.0
AGO,1999,2.5282299917068416,1.3136828989600762,53.0
AGO,2000,0.5940109801815837,0.9804512821406515,57.0
AGO,2001,0.6211494920096634,1.2169111178479635,56.0
AGO,2002,0.7968680942630613,1.3623500338779473,57.0
AGO,2003,1.214141116839522,1.7460360512812738,57.0
AGO,2004,1.578487225307242,2.0567468933032025,101.0
AGO,2005,1.7141248737519175,2.0512283679865075,109.0
AGO,2006,1.5994162586827416,2.0213144319496252,113.0
AGO,2007,1.337902589023441,2.008777372068314,114.0
AGO,2008,1.3706536000070602,1.9888975059914826,115.0
AGO,2009,1.1257202192947882,1.8251561847702307,126.0
AGO,2010,1.209982903087206,1.7534831957605244,120.0
AGO,2011,1.2012316983486613,1.5124891281338404,30.0
AGO,2012,0.8407332133246447,1.1790567285737403,27.0
AGO,2013,0.9096630726693764,1.4381827235129452,130.0
AGO,2014,0.7960468471904432,1.3146693600466086,126.0
AGO,2015,1.3901718541592598,1.0587135514920285,126.0
AGO,2016,1.0367097868697455,1.2092310562444304,134.0
AGO,2017,0.5580998166742386,1.0495951240472035,137.0
AGO,2018,0.46074302582333354,1.1222675263927175,126.0
AGO,2019,0.539505196402457,0.9762453240869539,130.0
AGO,2020,0.372453364056551,0.9079594997602707,118.0
AGO,2021,0.5221166944569405,0.7987714178322124,126.0
AGO,2022,0.9316120570880193,0.9823064861963986,127.0
AGO,2023,0.7140370043917443,1.0499239381153385,134.0
ALB,1990,1.8146532639539525,0.8974438374991859,47.0
ALB,1991,0.7054727792779525,0.702022508308038,43.0
ALB,1992,0.8665720354972484,0.9367676491188346,44.0
ALB,1993,0.5911289837929159,0.8205939350612155,37.0
ALB,1994,0.6171067608810729,0.7587290568578683,32.0
ALB,1995,0.4412093377194333,0.6080914725185695,37.0
ALB,1996,0.2786767726209487,0.4233840541587943,32.0
ALB,1997,0.32685447851441995,0.3117867805760648,34.0
ALB,1998,0.09880442901560761,0.32718940941472824,34.0
ALB,1999,0.11084017460862508,0.23390048476191347,33.0
ALB,2000,0.24766024022925584,0.19106956124247668,28.0
ALB,2001,0.25636274594287795,0.1683888523505749,38.0
ALB,2002,0.12315443805042746,0.28346217570975096,39.0
ALB,2003,0.2071645514675242,0.25909845917596586,49.0
ALB,2004,0.2811271480765333,0.18363816521247864,51.0
ALB,2005,0.5632719891524038,0.23395212196483164,69.0
ALB,2006,0.21785574439789984,0.2937865588265368,73.0
ALB,2007,0.17025524305758027,0.42465746036060464,80.0
ALB,2008,0.17496215821856434,0.38696793645040684,72.0
ALB,2009,0.3916016224859653,0.48362244041424257,74.0
ALB,2010,0.34413279689983994,0.7265895085305751,90.0
ALB,2011,0.19261865202819253,0.45833705934102836,89.0
ALB,2012,0.21371972576359194,0.48504406892565366,89.0
ALB,2013,0.19950492550796856,0.5244961393536905,97.0
ALB,2014,0.1861796668402377,0.5597924237720381,98.0
ALB,2015,0.1810526460798527,0.491056732308557,98.0
ALB,2016,0.21428578374295762,0.43726354835265063,107.0
ALB,2017,0.16867852709089093,0.4803427627604649,107.0
ALB,2018,0.16052143894819984,0.47322680725633764,111.0
ALB,2019,0.16005624788434572,0.41673123620555014,103.0
ALB,2020,0.21990630036978773,0.4995415672580622,107.0
ALB,2021,0.1742998274455287,0.4513339378124552,104.0
ALB,2022,0.20620971449731065,0.5383045811231225,123.0
ALB,2023,0.2391380801133923,0.5367142865044605,132.0
ARG,1990,1.5369549830115412,1.7387561170110564,127.0
ARG,1991,1.1710871454115614,0.9730440148248368,113.0
ARG,1992,1.1115310320205865,0.9995166525750147,105.0
ARG,1993,1.0952287780602203,0.9551118126848227,115.0
ARG,1994,1.1861998213526888,0.899405599486088,132.0
ARG,1995,1.4369916190401648,0.7951123532781205,60.0
ARG,1996,1.1299204820812954,1.0778792449336434,141.0
ARG,1997,1.0598871578424578,1.0298888666290211,67.0
ARG,1998,0.8443440154439997,1.2583137781059361,64.0
ARG,1999,0.8597396094533967,1.4483204772068297,140.0
ARG,2000,0.8236954196302038,1.5958790063862656,145.0
ARG,2001,0.8178828658005499,1.5687861823041525,148.0
ARG,2002,0.8885647565175849,1.4875918234249672,156.0
ARG,2003,0.9361144409757889,1.6475184454482539,155.0
ARG,2004,0.8412647270441812,1.8672133667718076,162.0
ARG,2005,0.8770083169738887,1.9142556599076406,168.0
ARG,2006,0.7785181882460729,1.774471110119464,167.0
ARG,2007,0.7602479363548815,1.7042194689441876,170.0
ARG,2008,0.8063801574125862,1.6815084878574025,170.0
ARG,2009,0.7800942646223867,1.5692063879115246,172.0
ARG,2010,0.8441336698375588,1.4379863233856884,171.0
ARG,2011,0.8275453946812472,1.4080340626541208,170.0
ARG,2012,0.8230928665241783,1.391915765491353,171.0
ARG,2013,0.8048356428756124,1.4422434440834193,170.0
ARG,2014,0.9034504605997933,1.4100360632679176,171.0
ARG,2015,0.8164051805527668,1.5024518946075052,169.0
ARG,2016,0.8755874048605589,1.4713222507936583,174.0
ARG,2017,0.791070848221574,1.5786399695981548,171.0
ARG,2018,0.7369193474873772,1.583776432927051,161.0
ARG,2019,0.7265160876568886,1.3779147187963106,147.0
ARG,2020,0.7463046366421031,1.3718192854801858,146.0
ARG,2021,0.6854641092705781,1.4116284079476873,144.0
ARG,2022,0.8012748351543678,1.3936574728137063,145.0
ARG,2023,0.7349748671400423,1.4346000236892829,147.0
ARM,1992,1.2764748025307175,1.4990532609183165,15.0
ARM,1993,0.5905888037407324,0.6935731790300327,28.0
ARM,1994,0.6435452893768462,0.8851860526354034,30.0
ARM,1995,0.9170977151849234,0.9079539251256281,37.0
ARM,1996,0.9220800221922061,1.3210136505458752,37.0
ARM,1997,1.13972457731533,1.4557099681922774,45.0
ARM,1998,0.8697459503576822,1.358137683571198,45.0
ARM,1999,1.0809787583974595,1.8436381334493757,47.0
ARM,2000,1.0500428910360244,1.5648330515106716,48.0
ARM,2001,1.207401198876818,1.9053898743461417,65.0
ARM,2002,1.2428762159718696,1.5488514730017062,65.0
ARM,2003,1.187895707530105,1.7004782990999923,67.0
ARM,2004,1.1186327843238586,1.8561434284264293,72.0
ARM,2005,1.1351417616757353,1.738138767707192,69.0
ARM,2006,0.9879482528692756,1.7600857236426177,95.0
ARM,2007,0.8563854890572323,1.5328418990262944,95.0
ARM,2008,0.8434028301931459,1.3027406856598231,92.0
ARM,2009,0.956232236498026,1.5219575753536534,93.0
ARM,2010,0.9840103079939791,1.4791822612154357,89.0
ARM,2011,0.9762961201864772,1.4768743712453452,93.0
ARM,2012,0.8412992105053541,1.5661977531511262,86.0
ARM,2013,0.878413765966613,1.601760075480941,83.0
ARM,2014,0.9561542331537553,1.6396832502915215,92.0
ARM,2015,0.8949219124678685,1.3982952074202823,91.0
ARM,2016,0.8747981268879723,1.4829343061700768,95.0
ARM,2017,0.7315136784018971,1.4974691187307148,100.0
ARM,2018,0.7329957706431991,1.4175694897898437,101.0
ARM,2019,0.7081683578394095,1.3500729969421061,94.0
ARM,2020,0.7215810784393096,1.338423242703225,96.0
ARM,2021,0.6178715099980849,1.3212851736634759,102.0
ARM,2022,0.8130316737582565,0.8349194394482701,104.0
ARM,2023,0.7719944705106913,0.5804733587170179,102.0
AZE,1992,0.9515275048417786,1.176611401552144,49.0
AZE,1993,1.0093856510607744,0.951903091723417,45.0
AZE,1994,1.4339584262137306,1.284244849843012,37.0
AZE,1995,1.3226970667176843,1.0732781209125994,43.0
AZE,1996,1.2706610176508173,1.3922130923582554,40.0
AZE,1997,1.0026061592583506,1.2098336177617215,53.0
AZE,1998,0.8262570158256826,1.1431018516318254,63.0
AZE,1999,0.9136315418668495,1.285872249310801,82.0
AZE,2000,1.106460824623036,1.0799246977019206,78.0
AZE,2001,1.1834438311474476,0.9162385123230852,75.0
AZE,2002,1.2553225343535628,1.0465838681787285,86.0
AZE,2003,1.223009164762599,1.0066365585864572,76.0
AZE,2004,1.133300280728905,1.125577715067521,89.0
AZE,2005,1.1757070176985718,0.9776351695274974,78.0
AZE,2006,1.1726133237055238,1.255031339904102,88.0
AZE,2007,1.022860836719201,1.3245454708487696,85.0
AZE,2008,1.500261345902764,1.376346375645218,85.0
AZE,2009,1.4108715899300117,1.4821392969821405,89.0
AZE,2010,1.293641021792922,1.367032873873079,102.0
AZE,2011,1.4560903672538763,1.1047862040236864,98.0
AZE,2012,1.3592720458724032,1.3348236710451356,101.0
AZE,2013,1.2699013743185903,1.2288365620107642,98.0
AZE,2014,1.4695755734454445,1.1594472937339335,101.0
AZE,2015,1.656364317718616,0.974263155271593,103.0
AZE,2016,1.5378556227429343,0.8568570247495937,108.0
AZE,2017,1.6151680429435145,0.8107991115202106,105.0
AZE,2018,1.6400242677448216,0.9396953038053413,104.0
AZE,2019,1.6026612575806263,0.8522080589534351,111.0
AZE,2020,1.5556237271803943,0.7746329654607603,102.0
AZE,2021,1.7390263219236584,0.7354237365401303,110.0
AZE,2022,1.6373887099512863,0.7911631857495214,111.0
AZE,2023,1.612865039375834,0.7697907521695316,113.0
BDI,1990,2.5517959282371256,0.9089460671560297,24.0
BDI,1991,2.295312075282439,1.0603094649945186,25.0
BDI,1992,1.572175627953291,1.3381092959599592,27.0
BDI,1993,1.8166941479002559,0.9977842861446007,18.0
BDI,1994,2.436122250342315,0.9063835951502367,18.0
BDI,1995,2.4754932594141277,1.042386721837422,19.0
BDI,1996,1.2160987541225403,1.025331964826514,18.0
BDI,1997,2.254095694060622,0.4993730444441397,15.0
BDI,1998,1.9009038983568232,0.6419277330429372,20.0
BDI,2000,1.642417582419978,1.044639791906967,17.0
BDI,2001,1.6560700653805684,0.9131564037732779,17.0
BDI,2002,1.4616195284583722,0.93377445925636,19.0
BDI,2003,1.5946957608062495,0.7123146125897777,22.0
BDI,2004,0.967828316946498,0.7503709423504715,27.0
BDI,2005,1.2662257430032315,0.7831767381662227,23.0
BDI,2006,0.925292952276311,0.6967178533184244,23.0
BDI,2007,0.9113936159253905,0.7342705469718244,22.0
BDI,2008,0.9461645190259225,0.7467160545091335,23.0
BDI,2009,0.9838941053989326,0.7633978626031009,23.0
BDI,2010,1.1870294745004297,0.7916418064487349,27.0
BDI,2011,1.1051163356961822,0.767693012249917,25.0
BDI,2012,0.9863063428628589,0.7122390290370356,21.0
BDI,2013,0.4591689894894804,0.678991064720323,58.0
BDI,2014,0.8668976992209122,0.9066562062356179,60.0
BDI,2015,1.3771468610423645,0.8372895676524147,25.0
BDI,2016,1.5295966302199502,0.92027518637579,27.0
BDI,2017,1.4869673877152698,0.7720786670362733,28.0
BDI,2018,0.9172564272806303,0.8027772074667338,29.0
BDI,2019,0.8236508894928297,0.8397011246817929,27.0
BDI,2020,1.0213951077817622,0.7603784208019194,27.0
BDI,2021,0.4232922300909477,0.773844179010521,29.0
BDI,2022,0.5732798416996862,0.813170716389521,31.0
BDI,2023,1.253689705159492,0.8643572661071699,28.0
BEN,1990,1.5538410165824885,1.302298141404634,32.0
BEN,1991,1.1077827226637116,1.112980014981294,39.0
BEN,1992,0.8710648400630382,0.8862400157967982,42.0
BEN,1993,0.9605161931298636,0.7450832294385712,38.0
BEN,1994,0.9339751643182217,1.0297141801753915,59.0
BEN,1995,0.9365183801544041,1.0422941375807946,50.0
BEN,1996,0.9311195774266373,0.9099051838052936,57.0
BEN,1997,0.8448246793011538,0.8836617512682737,57.0
BEN,1998,0.8149604127360971,0.8904718567150484,66.0
BEN,1999,0.8572007840820177,1.0391255819389178,55.0
BEN,2000,0.6058169539480625,0.9324001250592803,66.0
BEN,2001,0.5604048084298607,0.9058769815072251,64.0
BEN,2002,0.6581436302941639,0.8289444327185785,79.0
BEN,2003,0.5642332454518818,0.7818885774689253,78.0
BEN,2004,0.5321405349151103,0.6260025119003183,62.0
BEN,2005,0.3772881278518342,0.6003985550316027,62.0
BEN,2006,0.4269716199597815,0.7081501676227088,75.0
BEN,2007,0.36425615406856365,0.7443761817632653,71.0
BEN,2008,0.32203973784726864,0.6102638381497562,82.0
BEN,2009,0.4342949632701512,0.46798371243012155,68.0
BEN,2010,0.5271140957063924,0.6382075775370063,70.0
BEN,2011,0.3469744458425628,0.6397486013413529,75.0
BEN,2012,0.33720178765043163,0.5966563708370861,81.0
BEN,2013,0.29859794234934217,0.6871754966924973,91.0
BEN,2014,0.6154637037307491,0.8888942607880862,94.0
BEN,2015,0.5252534749106005,0.7572127371817157,92.0
BEN,2016,0.5207310751665234,0.8847958759377248,92.0
BEN,2017,0.48536842756788817,0.9226673064969103,102.0
BEN,2018,0.39194129855570076,0.8873546840671456,102.0
BEN,2019,0.3953131123560067,0.8668576100870549,93.0
BEN,2020,0.47302246305738854,0.8147267251457506,91.0
BEN,2021,0.37688148913664177,0.6540849923741691,89.0
BEN,2022,0.3988895206561264,0.5995868867395088,100.0
BEN,2023,0.2847259864830901,0.6193513420363155,98.0
BFA,1990,2.0443052767541086,0.8802412086986111,21.0
BFA,1991,1.3562550642989213,1.0233990063381273,10.0
BFA,1992,0.9608134399966507,0.8972888420081248,40.0
BFA,1993,1.342778907936073,1.124318384642679,51.0
BFA,1994,1.417575440090367,1.062192280677069,48.0
BFA,1995,1.1735671652857846,1.0809225853253333,57.0
BFA,1996,1.0929481060695707,1.0528390558033076,57.0
BFA,1997,1.428184999084049,1.1343072434186683,54.0
BFA,1998,1.0187547603481981,1.0223976274590156,70.0
BFA,1999,1.2710627528754181,0.9969354580416635,58.0
BFA,2000,1.3095249426720508,1.0187297259525232,26.0
BFA,2001,1.5270201304727729,1.0200414972175689,23.0
BFA,2002,1.7335921179990572,0.951877640326048,25.0
BFA,2003,0.30718056981826075,0.5822576396540127,24.0
BFA,2004,0.4672160086748903,0.7292903094606611,25.0
BFA,2005,1.1523748001346095,0.8954236288989399,28.0
BFA,2006,1.2849749872481508,0.8866529283604238,28.0
BFA,2007,1.1769011494248425,0.8688882146345586,25.0
BFA,2008,0.942538443034958,0.9130707380546955,27.0
BFA,2009,1.075246873433357,1.0584986516583665,90.0
BFA,2010,1.1097882608906169,0.8604925863612909,84.0
BFA,2011,0.9932195797158319,0.6881315803310355,79.0
BFA,2012,0.9026065414162306,0.8607806148140159,91.0
BFA,2013,0.9115852235909127,0.8378969538649872,92.0
BFA,2014,1.0031160216335158,0.8580835766284894,97.0
BFA,2015,0.9064805828836715,0.7724210371651595,93.0
BFA,2016,0.9721272078708075,0.7760641328684561,85.0
BFA,2017,0.9745693817480814,0.6984168784191512,88.0
BFA,2018,0.9317101620853907,0.7215065812541842,72.0
BFA,2019,0.9265886986541476,0.761139648852082,90.0
BFA,2020,1.0814316818386656,0.567916749811235,85.0
BFA,2021,1.1811780486413654,0.6163394705693367,87.0
BFA,2022,1.1057718764000362,0.6411547580236413,81.0
BFA,2023,1.014163882441984,0.6931415177574469,88.0
BGD,1990,2.5277321908648682,1.4353761713387891,97.0
BGD,1991,2.5945180356591835,1.4158551004504059,108.0
BGD,1992,2.7549599563608367,1.4864144136091249,116.0
BGD,1993,2.5229735115388725,1.424961419098119,113.0
BGD,1994,2.794053564532901,1.3503874836367382,120.0
BGD,1995,2.79635830568835,1.4317071428736972,132.0
BGD,1996,2.83343760326535,1.3184519645865589,132.0
BGD,1997,2.7902676452223534,1.2827790294623853,127.0
BGD,1998,2.4773832917232297,1.327281354000764,121.0
BGD,1999,2.5362940882272684,1.1847854843098307,124.0
BGD,2000,2.5462448902072485,1.2215993444281088,126.0
BGD,2001,2.320873841851168,1.235697056891809,115.0
BGD,2002,2.628610257827383,1.1259112332678882,117.0
BGD,2003,2.5808047391708713,1.1760012456948623,110.0
BGD,2004,2.625407288158459,1.0945700353985917,113.0
BGD,2005,2.5318799844018476,1.2302413074667928,116.0
BGD,2006,2.454947369872523,1.192414215688322,96.0
BGD,2007,2.4077196960034075,1.206969010330711,101.0
BGD,2008,2.1718324738237214,1.3095241770633737,101.0
BGD,2009,2.1792828988023536,1.1459553001500093,101.0
BGD,2010,2.286426900609892,1.1328688640696234,102.0
BGD,2011,2.2491369193287722,1.0635096930399845,102.0
BGD,2012,2.0614413984823385,1.1966958736488742,101.0
BGD,2013,2.254845620274825,1.107178399453487,101.0
BGD,2014,2.294570027793398,1.0937157151736525,101.0
BGD,2015,2.202381870230579,1.0209941761593277,101.0
BGD,2016,2.1562476086509257,1.0077997493985094,101.0
BGD,2017,1.9424007131551175,1.072370094141304,102.0
BGD,2018,1.801830586790761,1.1723402511018994,100.0
BGD,2019,1.8132015405434339,1.1075628945558247,100.0
BGD,2020,1.925746386085864,1.2370183972428361,147.0
BGD,2021,2.0184625344289873,1.230057571861481,143.0
BGD,2022,2.014602949396564,1.1032298990644114,141.0
BGD,2023,1.9070440281478405,1.1560123825349016,142.0
BGR,1990,0.8874409796145645,1.072012499241715,81.0
BGR,1991,0.9569296138431335,0.9892347069524823,87.0
BGR,1992,1.0090071756512717,1.077136335499786,86.0
BGR,1993,0.9647052727746953,1.1451732473358947,102.0
BGR,1994,0.7077807824653658,0.9278587224486856,114.0
BGR,1995,0.6043251600597748,0.8265642752587057,105.0
BGR,1996,0.6601477173526411,0.8923359501084521,139.0
BGR,1997,0.6281589501865155,0.7728866139894941,134.0
BGR,1998,0.45289444548260116,0.7625430705098144,136.0
BGR,1999,0.43058905038370904,0.7272891347558699,143.0
BGR,2000,0.40003854116547055,0.7147364127072701,151.0
BGR,2001,0.3797677505078899,0.7237691221857077,155.0
BGR,2002,0.37009430496658235,0.6823859967676865,165.0
BGR,2003,0.40804053654628664,0.6930092632002455,158.0
BGR,2004,0.36574579388160955,0.7668605479838371,155.0
BGR,2005,0.3780199327342252,0.8077044595119242,162.0
BGR,2006,0.35985423176212583,0.7727771848916856,166.0
BGR,2007,0.3654051892229059,0.7958341219470906,173.0
BGR,2008,0.425376620038197,0.879658166850137,175.0
BGR,2009,0.37453520347002484,0.7698834818392777,173.0
BGR,2010,0.5354468114879045,0.8686974992663927,172.0
BGR,2011,0.3617742696673427,0.7351222193614945,169.0
BGR,2012,0.410817822940047,0.8321526245534316,175.0
BGR,2013,0.456618221313951,0.8285370406037172,174.0
BGR,2014,0.4751933503617355,0.8454716616696806,175.0
BGR,2015,0.44035237931443494,0.8164494049839676,178.0
BGR,2016,0.45234013474792634,0.8040541124542213,173.0
BGR,2017,0.4042020412257531,0.7616526977099892,177.0
BGR,2018,0.39616201735313217,0.7410158750753224,176.0
BGR,2019,0.39016597134510644,0.802474322781586,174.0
BGR,2020,0.4237497798510804,0.8121292366244394,179.0
BGR,2021,0.3646011697251357,0.7531665233116129,175.0
BGR,2022,0.4424436643960899,0.8753758193181904,176.0
BGR,2023,0.4970871955844303,0.9093166518636615,174.0
BIH,1993,1.605159101891514,0.9054870567780543,30.0
BIH,1994,1.4283870271001256,1.088140859715904,28.0
BIH,1995,0.7613496301369478,0.8721234910931825,33.0
BIH,1996,0.8296387026227956,0.9705728421986553,48.0
BIH,1999,0.45183541004987793,0.6762768687210742,58.0
BIH,2000,0.5019279744355853,0.4204519506165303,60.0
BIH,2001,0.18228703547955385,0.37132836299682914,61.0
BIH,2002,0.1861725417949884,0.3684804636641655,62.0
BIH,2003,0.26324639294590785,0.44702680537091133,94.0
BIH,2004,0.13501632875566943,0.48367144941279433,108.0
BIH,2005,0.17937372653937708,0.5911474516726279,99.0
BIH,2006,0.21198488261580023,0.5754657025609375,104.0
BIH,2007,0.16301428095653706,0.5155170329499119,112.0
BIH,2008,0.17004977969896795,0.5158418286461195,115.0
BIH,2009,0.3570581830387684,0.47170197816398596,117.0
BIH,2010,0.38466455940032596,0.5758830514555643,123.0
BIH,2011,0.18151337524003375,0.4235108490011043,123.0
BIH,2012,0.20074440146037542,0.4799588423233482,119.0
BIH,2013,0.24177615407985664,0.4797711539884856,122.0
BIH,2014,0.25023700008263766,0.5210096190701576,122.0
BIH,2015,0.3387832712326205,0.5235085559413535,127.0
BIH,2016,0.37229175714043156,0.5177178826162672,127.0
BIH,2017,0.33596556332498273,0.5052434342389296,128.0
BIH,2018,0.39735760970938727,0.539572724637687,137.0
BIH,2019,0.38491182927430956,0.5592163186331034,133.0
BIH,2020,0.5178609667770413,0.6175162497423429,138.0
BIH,2021,0.4616624066670757,0.5517799968072584,132.0
BIH,2022,0.4564924077088716,0.48988314398058386,130.0
BIH,2023,0.41936169527403677,0.5202178448969268,130.0
BLR,1992,0.6239259248024195,0.9113427909551073,93.0
BLR,1993,0.8397733827228484,0.8693195452306458,99.0
BLR,1994,0.7099172634105655,0.7922567764651873,88.0
BLR,1995,0.6766310235328378,0.7232394313373304,99.0
BLR,1996,0.47047710505776086,0.7952416157782319,102.0
BLR,1997,0.4239625800928059,0.8862063907394353,109.0
BLR,1998,0.5925906492798053,0.8758868683231312,111.0
BLR,1999,0.7059564108398795,0.9342586455489099,109.0
BLR,2000,1.1386382713557879,0.788215739210191,114.0
BLR,2001,0.6874833536550192,1.0548222676109125,114.0
BLR,2002,0.7907482765006905,1.0967902008297254,118.0
BLR,2003,0.8058718702554037,1.150872527278921,127.0
BLR,2004,0.8509560949853452,1.1051053528505665,129.0
BLR,2005,0.8843208646477845,1.1111321032032244,126.0
BLR,2006,1.0264091276184666,1.117157589443925,128.0
BLR,2007,1.0976874186063859,1.0107997431909719,133.0
BLR,2008,1.0802248909344383,0.9640727796051112,129.0
BLR,2009,0.999971177856606,0.986886999967774,132.0
BLR,2010,0.815957749578746,0.9956799986576086,147.0
BLR,2011,0.9590156426912053,0.9487353293268685,145.0
BLR,2012,0.9022549318486535,0.818820354958442,148.0
BLR,2013,0.7583320493501483,0.9684469577060018,149.0
BLR,2014,0.8892103925299606,1.068903351343842,148.0
BLR,2015,0.8558084362528868,1.1661570794137575,150.0
BLR,2016,0.9034087177358682,0.9801613678558885,152.0
BLR,2017,0.8403410015100152,1.1714638201122627,158.0
BLR,2018,0.8997986479634537,1.1421124404591048,159.0
BLR,2019,0.8192313942721456,1.1544376753601258,157.0
BLR,2020,0.7620378846837323,1.0493751285468818,161.0
BLR,2021,0.8659490821889985,1.021851426316859,156.0
BLR,2022,0.6376867399585545,0.8955562633032097,139.0
BLR,2023,0.33485287471868797,0.5998620260076447,107.0
BOL,1990,1.5954212127332283,1.553182685466631,48.0
BOL,1991,1.6095837189568778,1.3370901105779236,38.0
BOL,1992,1.4329315667721731,1.7246651068740928,68.0
BOL,1993,1.7889935591367325,1.5347269462155095,59.0
BOL,1994,1.8240480490880984,1.6213643381199188,63.0
BOL,1995,1.9285748187352532,1.730747709258461,64.0
BOL,1996,1.6376304886789257,1.7781411222144499,70.0
BOL,1997,1.4266865652500598,1.5974229769947084,59.0
BOL,1998,1.392181084828137,1.6928426088901223,63.0
BOL,1999,1.4960091478961848,1.8911408341616491,67.0
BOL,2000,1.2256339952502557,1.9424338122205311,67.0
BOL,2001,0.8418405810449079,1.6959940507567204,77.0
BOL,2002,0.8576915540509505,1.5379078500426935,69.0
BOL,2003,0.8373494821286738,1.718195932691333,79.0
BOL,2004,0.8666774764335814,1.8194812943156782,81.0
BOL,2005,0.7490463823540913,1.7622591317911809,85.0
BOL,2006,0.7357246802748161,1.3818258229418892,80.0
BOL,2007,0.8598028344134592,1.3150078393628246,88.0
BOL,2008,0.8016138321373407,1.1933180160406802,82.0
BOL,2009,1.1608442890972726,1.121420923386188,94.0
BOL,2010,1.1752472087307393,1.2245372048382621,98.0
BOL,2011,1.6211114852008068,1.1431714707378788,93.0
BOL,2012,1.8770271736261817,1.222711053559695,83.0
BOL,2013,1.9017563238359376,1.0989629387405868,78.0
BOL,2014,1.3812444253264162,1.328044416460518,83.0
BOL,2015,1.7046923753879557,1.110177516362897,84.0
BOL,2016,1.9859029880626886,1.1379460956245049,89.0
BOL,2017,2.0813591759957375,0.9639373827823139,85.0
BOL,2018,1.5741030012988566,0.9225337700844,89.0
BOL,2019,1.1268588491040423,0.9471842421209087,96.0
BOL,2020,1.1921370481626397,0.9193573269694515,94.0
BOL,2021,1.566662094037225,0.9115552665500314,92.0
BOL,2022,1.2790287154631472,0.8602653182034627,101.0
BOL,2023,0.9469169352209837,0.843399127182681,94.0
BRA,1990,2.1023424055376805,1.7465821168005657,140.0
BRA,1991,1.8693726896875125,1.64036450075388,144.0
BRA,1992,1.7095751234663183,1.680374656868767,147.0
BRA,1993,1.6227090860877225,1.6669797985434631,151.0
BRA,1994,1.7037459290940016,1.5967668566305577,155.0
BRA,1995,1.6125212639338558,1.7001091415176577,158.0
BRA,1996,1.5611114022787378,1.7064204594854415,160.0
BRA,1997,1.4474749153112407,1.6884841252439144,166.0
BRA,1998,1.2837031157781458,1.9498267148271387,164.0
BRA,1999,1.285227036332963,2.0809828613090486,161.0
BRA,2000,1.2538760897053784,2.1108387997078037,162.0
BRA,2001,1.2997650478476142,2.0296474258452384,163.0
BRA,2002,1.3425219836967814,2.1360280159654126,168.0
BRA,2003,1.3491195229862347,2.1651366715249405,174.0
BRA,2004,1.2265567976351837,2.057008302279409,175.0
BRA,2005,1.195943559385533,2.0931417137584702,178.0
BRA,2006,1.1226698865810467,2.0273140874685756,181.0
BRA,2007,1.0994037583855745,1.7625788107371898,113.0
BRA,2008,1.040159558875596,1.7999511351413942,181.0
BRA,2009,0.9976286692468915,1.552857929243856,180.0
BRA,2010,1.0329901925069116,1.3970287152104486,181.0
BRA,2011,1.0247969083637218,1.4721917587079303,179.0
BRA,2012,1.0845909859030738,1.451897996136717,181.0
BRA,2013,1.0459853257395912,1.4796004349705574,181.0
BRA,2014,1.1319576365137467,1.544200070641972,182.0
BRA,2015,1.0993140623359188,1.5314345465053376,182.0
BRA,2016,1.023779436797922,1.553702454741484,187.0
BRA,2017,0.8669467320238634,1.7692421750983152,187.0
BRA,2018,0.8973197446794157,1.7709158297477348,187.0
BRA,2019,0.9334593427632547,1.5810289909884852,186.0
BRA,2020,0.9704032397688234,1.4117037667735126,186.0
BRA,2021,0.8154981150597658,1.674836750285722,185.0
BRA,2022,1.088164856325491,1.5378456920687449,186.0
BRA,2023,0.920214741397404,1.3812042338173913,187.0
BWA,2000,2.058663011940887,0.7803404701490642,50.0
BWA,2001,2.007728700802406,0.6657536980359499,51.0
BWA,2002,2.0403625362057167,0.9471293603882174,83.0
BWA,2003,1.9425498674991746,0.8908227062335686,94.0
BWA,2004,1.7624165810534893,1.014678289690488,97.0
BWA,2005,1.8733314344824643,1.036810968800732,99.0
BWA,2006,1.7204359333652046,0.8871265388927608,104.0
BWA,2007,1.7025634579197306,1.0457750567518704,96.0
BWA,2008,1.3501877649713314,1.2241848932404875,111.0
BWA,2009,1.370616525384392,1.1540189553770905,109.0
BWA,2010,1.622189352083018,1.301743150557772,106.0
BWA,2011,1.532335976017835,1.1297528233900298,103.0
BWA,2012,1.610149495566354,1.2195332229887987,99.0
BWA,2013,1.385594317849935,1.406367847579578,94.0
BWA,2014,1.0831726178487269,1.352555846412042,89.0
BWA,2015,1.091344484917953,1.2438506138853878,94.0
BWA,2016,0.8869515938465132,1.339369485361251,105.0
BWA,2017,0.8324476064038433,1.1358092749709445,36.0
BWA,2018,0.8066251829138209,1.1307966433790138,39.0
BWA,2019,0.7547701467520812,1.1237940428063258,48.0
BWA,2020,0.6687818237382199,0.9404904117494872,26.0
BWA,2021,0.7129868385994174,0.8439161069937064,16.0
BWA,2022,0.7422484078377698,0.8554075014184174,16.0
BWA,2023,0.6797735017953486,0.7721807607319631,17.0
CAF,1990,0.8932024943753945,0.6818085484979733,35.0
CAF,1991,1.5734033691106641,0.8749089429132305,30.0
CAF,1992,1.5979724962878192,0.923902470958152,30.0
CAF,1993,1.7341744377046378,0.8309628259496473,27.0
CAF,1994,1.6976662966589782,0.9182399599119427,27.0
CAF,1998,1.7050473418067669,0.6346526871442554,63.0
CAF,2003,1.6686315850009268,0.4791910815521157,44.0
CAF,2004,1.1671275812474333,1.1707223703716538,21.0
CAF,2005,1.2765502013728238,0.8952694029171202,45.0
CAF,2006,1.4767495347183435,0.8920492572998192,54.0
CAF,2007,1.554901973401717,1.095011360500383,50.0
CAF,2008,1.2135445997236205,1.0165272404001864,58.0
CAF,2009,1.4114206475386037,0.830635901798253,64.0
CAF,2010,1.5389667770050075,0.9494702226614515,56.0
CAF,2011,0.9627940383537344,0.9243903127575699,76.0
CAF,2012,1.175776768157307,0.8360183700599764,68.0
CAF,2013,1.0221809446408034,0.9857308862039668,50.0
CAF,2014,1.0716065363541671,0.6449961841332241,41.0
CAF,2015,1.26770343433226,1.1953582359005068,56.0
CAF,2016,0.9278773642675143,1.5296394575346044,54.0
CAF,2017,1.189394690891407,1.2884717014819371,63.0
CAF,2018,0.8818280276092655,1.2646675959355704,68.0
CAF,2019,0.6103779433743894,0.7243534550023044,60.0
CAF,2020,0.730031341926331,0.6818591548969617,60.0
CAF,2021,0.6319990038820267,1.0677252359999079,66.0
CAF,2022,0.6211746836747796,0.9302661499176025,59.0
CAF,2023,0.5462150401385444,0.7910971231478661,72.0
CHL,1990,1.9732519313341876,1.210763866973686,42.0
CHL,1991,1.8050722164116022,1.278837561435461,43.0
CHL,1992,1.563672780829399,1.5712879362191263,97.0
CHL,1993,1.5961648223011624,1.5331653680933641,117.0
CHL,1994,1.5000474994726398,1.4705611962606233,91.0
CHL,1995,1.4973564047681207,1.574183651530953,105.0
CHL,1996,1.4074027255605617,1.5822228471782505,124.0
CHL,1997,1.3136622685006183,1.580099414780778,124.0
CHL,1998,1.255081693534584,1.7315092420528195,125.0
CHL,1999,1.2487896711885944,1.904379808697046,130.0
CHL,2000,1.1618108832977585,1.832160642794461,133.0
CHL,2001,1.1290565529196572,1.769728264630032,136.0
CHL,2002,1.2581986338379778,1.7780542140434774,95.0
CHL,2003,1.1981948963572315,1.9153181382029707,143.0
CHL,2004,1.0517005459231341,1.7841372558191206,147.0
CHL,2005,1.1068001619259524,1.894795366871541,149.0
CHL,2006,1.1102141641993968,1.8670713222897288,150.0
CHL,2007,0.9614774187425497,1.7349796620060813,151.0
CHL,2008,0.9524968478402925,1.759034038901765,148.0
CHL,2009,0.9365921438196951,1.5961085774438655,152.0
CHL,2010,0.95127571919927,1.4112413397244146,160.0
CHL,2011,0.9877308742495184,1.465971610788944,157.0
CHL,2012,1.0634301287101722,1.4879218629980946,159.0
CHL,2013,0.9876866762903832,1.6962452727923512,158.0
CHL,2014,1.1029516507733383,1.5334589943499906,158.0
CHL,2015,0.9551938371927873,1.6738740354804582,157.0
CHL,2016,0.9652584724593222,1.646266631975061,156.0
CHL,2017,0.9667892798198772,1.763950007826424,159.0
CHL,2018,0.926906336955435,1.7181240547158947,155.0
CHL,2019,0.8858728865315106,1.7177135207583512,157.0
CHL,2020,0.9305428002765469,1.6186461727545647,159.0
CHL,2021,0.8525612231362204,1.7780414493423229,155.0
CHL,2022,1.139403607034046,1.4258355167977588,155.0
CHL,2023,1.0483200272642414,1.5118283225974658,158.0
CHN,1990,1.6477045612836454,1.8097039044865895,142.0
CHN,1991,1.6490820331342004,1.6084361590606995,147.0
CHN,1992,1.935923532127405,1.4758625679743411,162.0
CHN,1993,2.860174348116133,1.391599952874911,160.0
CHN,1994,3.0817236227794966,1.3590805558329409,166.0
CHN,1995,2.8207807553642397,1.4776410327177465,169.0
CHN,1996,2.6412977399337056,1.4522553594257015,169.0
CHN,1997,2.416701157021711,1.4181035688708101,169.0
CHN,1998,1.7406737095613651,1.6697454968605965,170.0
CHN,1999,1.8740402812138122,1.5174422047630804,165.0
CHN,2000,1.8893587468391244,1.4854130442505002,175.0
CHN,2001,1.744455343129036,1.5294868876604268,170.0
CHN,2002,1.7743580216765664,1.6111478441687515,178.0
CHN,2003,2.1411473949785647,1.5283768158859097,181.0
CHN,2004,1.9802770311033169,1.5847483940238063,184.0
CHN,2005,1.900581152542836,1.6756516378913233,183.0
CHN,2006,1.9665705887357507,1.639528928525731,182.0
CHN,2007,1.6332135769667668,1.68172288755384,183.0
CHN,2008,1.5691173719950595,1.6672585950029937,184.0
CHN,2009,1.545831277154807,1.5617846252981828,184.0
CHN,2010,1.6869737825726379,1.4813696579914062,184.0
CHN,2011,1.5383527302767135,1.516167328000821,185.0
CHN,2012,1.6233305688531852,1.6136914665000182,185.0
CHN,2013,1.3865006576581638,1.7296054542926316,185.0
CHN,2014,1.6089225114010883,1.6666018825813365,185.0
CHN,2015,1.2921919453649107,1.8411376289676564,185.0
CHN,2016,1.3907451710659728,1.6514747640479308,188.0
CHN,2017,1.3558185059948378,1.7934616225226723,188.0
CHN,2018,1.4508170249381445,1.762124866184086,188.0
CHN,2019,1.2631040213164026,1.7310393913098148,188.0
CHN,2020,1.4514009934939978,1.6762704186596173,188.0
CHN,2021,1.2454408870353055,1.7405278730015759,187.0
CHN,2022,1.8053733051324785,1.4782484095845654,187.0
CHN,2023,1.4332406233529857,1.5025169539177234,187.0
CIV,1990,1.4539758770434257,1.4342837513440612,85.0
CIV,1991,1.3173828867976982,1.0768468523304167,93.0
CIV,1992,1.3347667495824527,1.2598811836082293,108.0
CIV,1993,1.6295969828102876,1.2856632916833037,103.0
CIV,1994,1.452178002821675,1.148804898906841,108.0
CIV,1995,1.5220268070944596,1.1772336279234432,112.0
CIV,1996,1.7562108256625764,1.202767754274881,116.0
CIV,1997,1.8057825412353612,1.1916624266894167,45.0
CIV,1998,1.5800265932862967,1.3839951021294352,111.0
CIV,1999,1.5394198130181163,1.36171831840612,112.0
CIV,2000,1.3011268860926894,1.4774166196011707,119.0
CIV,2001,1.4100138313380743,1.4204128551548318,119.0
CIV,2002,1.4349527113259102,1.447684472536222,125.0
CIV,2003,1.5726701593559518,1.381769042743169,123.0
CIV,2004,1.2706203283883677,1.543888362334291,120.0
CIV,2005,1.2772804574653756,1.813549225153754,123.0
CIV,2006,1.175581991202178,1.529118679098918,121.0
CIV,2007,1.0960590297548376,1.4080807705551273,127.0
CIV,2008,1.0986293472723991,1.5081509858527729,134.0
CIV,2009,1.085686394389334,1.3193631350950774,133.0
CIV,2010,1.0470889161335162,1.3016843041559092,137.0
CIV,2011,1.1052219433640236,1.514652048169728,126.0
CIV,2012,1.0434609234441579,1.4633946484832927,135.0
CIV,2013,0.9654684389196957,1.4398479523544494,140.0
CIV,2014,1.0434481872600216,1.4635797953916663,138.0
CIV,2015,1.0866295513418303,1.3504008715710833,144.0
CIV,2016,1.1035029819017148,1.3904817058097245,147.0
CIV,2017,1.1420516990586749,1.4072533501614555,148.0
CIV,2018,1.0037291995433897,1.471651583269778,145.0
CIV,2019,0.9560724226953459,1.3706212135285536,141.0
CIV,2020,0.992660739223671,1.3387876951033342,132.0
CIV,2021,0.9129368979959676,1.3809544803661207,170.0
CIV,2022,0.9554621059110778,1.159451000982121,170.0
CIV,2023,0.9352190956824181,1.1064946799239972,142.0
CMR,1990,2.130186066086813,1.1098867996734343,59.0
CMR,1991,1.8445347492524184,0.8667471882584843,62.0
CMR,1992,1.8530400533025364,0.7368615713558965,21.0
CMR,1993,1.9667252518594032,0.9018036728752492,58.0
CMR,1994,1.9142923428592646,0.8302462261597536,55.0
CMR,1995,1.7618656673056745,0.846959793130388,68.0
CMR,1996,1.8871278355064924,0.8541832493147165,67.0
CMR,1997,1.8306151501954089,0.8259396288916984,69.0
CMR,1998,1.4849232482488375,0.8578383319482888,67.0
CMR,1999,1.605039383455775,0.9017283156331514,77.0
CMR,2000,1.6851154959096455,0.8845514119281571,71.0
CMR,2001,1.5485301407481924,0.8882192643961672,69.0
CMR,2002,1.5569896509322578,1.090027677122515,89.0
CMR,2003,1.2825712590791942,1.2336112295729569,90.0
CMR,2004,1.1148595927535543,1.1927283994576314,96.0
CMR,2005,1.111301670608113,1.0245521441599499,102.0
CMR,2006,1.1256592392057754,1.0811252830728886,103.0
CMR,2007,1.0152755982222295,1.2372402235191415,111.0
CMR,2008,0.9216692004335282,0.8193577654156624,105.0
CMR,2009,0.9784818129067622,0.7536748838585661,106.0
CMR,2010,0.909341617879978,1.0495526292476547,112.0
CMR,2011,0.9399119297862549,1.053219332047465,113.0
CMR,2012,0.9125501586239896,0.9117996280245099,110.0
CMR,2013,0.8682686483495313,0.8782131797302566,114.0
CMR,2014,0.9651242190905819,0.9041619459743832,111.0
CMR,2015,0.8193955854595035,1.191783134067661,119.0
CMR,2016,0.9976789081616521,1.1475319173314302,115.0
CMR,2017,0.8745377579445703,1.0063622221702364,123.0
CMR,2018,0.859140030206773,1.0330409450317324,122.0
CMR,2019,0.8421941473208592,1.3212426472542664,118.0
CMR,2020,0.8604825874156308,0.961806071642783,122.0
CMR,2021,0.723786270194319,1.2028357752816863,127.0
CMR,2022,1.060040167509749,1.1206375478214978,114.0
CMR,2023,1.0208642246622248,1.0968227951321476,128.0
COD,1990,2.053582674523307,1.3934083098911656,56.0
COD,1991,2.156362848472311,1.2813803049966686,53.0
COD,1992,1.4904604706281814,1.9366301791975022,55.0
COD,1993,2.291033988931528,1.2679277411650671,57.0
COD,1994,1.8238850465850809,1.5532307047019052,65.0
COD,1995,2.396570121429413,1.2722482211364046,64.0
COD,1996,1.8044792441885404,1.8798973843545215,70.0
COD,1997,2.2065162722225953,1.0136898376887482,73.0
COD,1998,2.014322533920489,0.8603023077424311,71.0
COD,1999,3.0225646088411002,0.6743107202012788,64.0
COD,2000,1.0545530408493045,0.5744227907615834,63.0
COD,2001,0.9537608391918876,0.5465070846241623,64.0
COD,2002,0.7867307910033822,0.5160693822989314,67.0
COD,2003,0.5767477378950049,0.5216764169434772,67.0
COD,2004,0.2885432503170717,0.501400364736435,65.0
COD,2005,0.24743285926882377,0.521549956127132,65.0
COD,2006,0.6118707232296109,0.4563424753451825,65.0
COD,2007,0.19700167125169166,0.37481329273128466,65.0
COD,2008,0.0898236502930553,0.315604491952252,68.0
COD,2009,0.1811511118633647,0.30978917549561474,65.0
COD,2010,0.4864104060031258,0.3201499057168306,67.0
COD,2011,0.05362944864125634,0.26212992429494564,66.0
COD,2012,0.2504826501659013,0.27207616762651576,67.0
COD,2013,0.2026682234608758,0.32422496128340417,68.0
COD,2014,0.2367016513284055,0.4657164451819294,68.0
COD,2015,0.3031385065649907,0.5640898569445301,96.0
COD,2016,0.44548350468801823,1.1083278861791614,83.0
COD,2017,0.3783108890051542,0.9599933405620077,76.0
COD,2018,0.4206891806569675,0.8497278012276125,87.0
COD,2019,0.2725419117801993,0.701209239380483,87.0
COD,2020,0.42187836977313037,0.31498454108433727,79.0
COD,2022,0.6118605097571604,0.40834181807728187,98.0
COD,2023,0.6909949243823733,0.37546246215221,102.0
COG,1990,2.8878264098351623,0.6917785823598794,34.0
COG,1991,2.2157832700596063,1.0682331830553997,31.0
COG,1992,2.178013736820872,1.270501322783138,34.0
COG,1993,2.653992872611205,0.8411161430599663,36.0
COG,1994,2.806503578199447,0.9088383089037995,36.0
COG,1995,2.1738896371825094,1.044968235483531,34.0
COG,1996,2.4247964366436863,1.2615856053754932,52.0
COG,1997,2.173759125499084,1.1082330360063015,61.0
COG,1998,1.9512874498526773,1.1562005605196173,67.0
COG,1999,2.1704992129525538,1.2969481299878287,72.0
COG,2000,1.9673948043934084,1.4286810030844772,62.0
COG,2001,1.9107640352475939,1.4886946702250765,63.0
COG,2002,1.6956259515470884,1.2626995213800962,76.0
COG,2003,1.3036197337552535,1.3953547626977976,82.0
COG,2004,0.7636085658107422,1.1399313730421532,69.0
COG,2005,0.7207156033673986,1.156801324689283,82.0
COG,2006,0.7541946924314009,1.2219553060566692,86.0
COG,2007,0.7774505330446907,1.573609553239476,99.0
COG,2008,1.0737987308554573,1.7776586066006383,94.0
COG,2009,1.0313317620441083,1.5663501241981355,97.0
COG,2010,1.0127686664964446,1.4941240301601886,97.0
COG,2011,1.145623051932998,1.5607115960692723,100.0
COG,2012,1.1485404457005914,1.3021716246829884,94.0
COG,2013,0.9094871158791493,1.332667609158499,104.0
COG,2014,0.7727590241276148,1.1891462642365997,98.0
COG,2015,0.9175713821818845,0.9985909161260574,107.0
COG,2016,1.050384308819419,1.104897886322884,108.0
COG,2017,0.8687674676911601,1.138427541186849,124.0
COG,2018,0.5012969150786395,1.0691314991845315,116.0
COG,2019,0.7419958260920734,1.0382705604188578,123.0
COG,2020,0.41349823640727884,1.0624868087331423,119.0
COG,2021,0.5916995656218332,0.7590582352870904,111.0
COG,2022,0.6734565554507551,0.7568123130007708,110.0
COG,2023,0.6846075166118195,1.0187647977297323,104.0
COL,1990,2.66845950096397,1.446995621242508,100.0
COL,1991,2.348622455167399,1.5875164963962323,111.0
COL,1992,2.234101375256504,1.7207861583522421,115.0
COL,1993,2.225696459271695,1.738846585791447,117.0
COL,1994,2.3322762071291634,1.637755994913862,122.0
COL,1995,2.1824534087834393,1.8155592654985266,128.0
COL,1996,2.388696500954113,1.7623312070385995,120.0
COL,1997,2.3761680649034913,1.5338767943662552,123.0
COL,1998,2.070545243827747,1.6794990487969026,112.0
COL,1999,2.022546817757037,1.9059978431543139,131.0
COL,2000,1.8414845128850894,2.097307681053166,128.0
COL,2001,1.6890814027357537,2.001973142155245,138.0
COL,2002,1.7096711583102984,2.1430437972813356,145.0
COL,2003,1.9550063304632488,2.1573104942131884,140.0
COL,2004,1.8815641895701694,2.1093845700670997,154.0
COL,2005,1.9466261754760388,2.0064360771655885,147.0
COL,2006,1.7775386825229023,2.111342356440205,157.0
COL,2007,1.5837020902895689,2.119836534481608,154.0
COL,2008,1.6512751798566359,2.1479471104058327,160.0
COL,2009,1.604865754743057,2.043821821267068,153.0
COL,2010,1.569360562118516,2.1331889739939043,155.0
COL,2011,1.5193088630561344,2.1432261036144524,157.0
COL,2012,1.4719772557384905,2.1598082319923155,154.0
COL,2013,1.4057189908986887,2.278378697986608,156.0
COL,2014,1.3518433104717595,2.049768164124362,164.0
COL,2015,1.3058796790198537,2.141339378358892,157.0
COL,2016,1.4124372965333936,2.077777548112416,164.0
COL,2017,1.3172057594322317,2.1187230468397025,163.0
COL,2018,1.1667038098749716,2.2536313445286185,165.0
COL,2019,1.188112976006953,2.362169326710107,166.0
COL,2020,1.2432916851077713,2.354741444874811,167.0
COL,2021,1.1291356774287076,2.2767189001710526,158.0
COL,2022,1.1714564860775434,2.067076003800497,159.0
COL,2023,1.2382062552873212,1.8938448638225078,158.0
CRI,1990,1.9592287772137806,1.923153934774781,77.0
CRI,1991,2.0557555272616708,1.749357651474807,80.0
CRI,1992,1.9145983145460899,1.9280591041046993,65.0
CRI,1993,2.1481751222978462,1.7161884773118565,81.0
CRI,1994,1.9902832140242286,1.7611238680065269,92.0
CRI,1995,1.9663468331182044,1.981146769330477,96.0
CRI,1996,1.9751231394772846,1.7987444479352652,100.0
CRI,1997,1.8297206856857418,1.7931200394997657,97.0
CRI,1998,1.6584206298849113,1.956479234402314,99.0
CRI,1999,1.615972722856002,1.9575797614809993,93.0
CRI,2000,1.8879222392644093,2.013283579884133,105.0
CRI,2001,1.9360466362761488,1.932784524692202,107.0
CRI,2002,1.895055891262149,2.154391525338455,107.0
CRI,2003,1.7937551311875868,2.363159298384509,111.0
CRI,2004,1.6544040019778112,2.4331367488759,111.0
CRI,2005,1.6681308564439,2.437157702606565,115.0
CRI,2006,1.7326111965394948,2.2058129703747116,114.0
CRI,2007,1.5253118054360804,2.3360039232682053,126.0
CRI,2008,1.4874609407540704,2.2756787130118146,125.0
CRI,2009,1.4654864875665667,2.097000077268125,122.0
CRI,2010,1.568025306765998,1.9932911504883744,130.0
CRI,2011,1.5303788724542606,1.9965126540117442,130.0
CRI,2012,1.6089404494956423,2.0028105095832647,125.0
CRI,2013,1.614578492349499,2.1306948518265867,136.0
CRI,2014,1.5987332874588747,2.126454106338239,135.0
CRI,2015,1.6209837035882209,1.9994105026066065,132.0
CRI,2016,1.5693308739562026,1.9737980818517682,129.0
CRI,2017,1.6325761779086594,2.0240730605989476,133.0
CRI,2018,1.6234849641481706,2.055735898336314,136.0
CRI,2019,1.6206443659991978,2.023023623111406,134.0
CRI,2020,1.7073172924762674,2.0199031849638347,128.0
CRI,2021,1.627794490109749,2.0022531041545713,131.0
CRI,2022,1.5917843815184767,1.9454416268684112,137.0
CRI,2023,1.6155505129381924,1.8849837463960992,147.0
CUB,1990,2.2488952036410166,1.160013354342124,74.0
CUB,1991,2.61502272166799,1.0914202525290693,72.0
CUB,1992,2.2921626361960485,1.1241233561949042,72.0
CUB,1993,2.7405882653747313,1.028863167823654,79.0
CUB,1994,2.295518684033905,1.13798898967799,87.0
CUB,1995,2.4874984768825317,1.200142947353136,94.0
CUB,1996,2.8169146165523435,1.030886274103244,98.0
CUB,1997,2.6813228417668764,1.0494920207218303,100.0
CUB,1998,2.310297365419503,0.7599344598702371,100.0
CUB,1999,2.146410364231809,0.7652904765941432,101.0
CUB,2000,1.8611276902307128,0.831597945498191,101.0
CUB,2001,1.9520310284291238,0.8036959511047698,105.0
CUB,2002,1.6936798846799883,0.8778992139391043,101.0
CUB,2003,2.080777016759456,0.8344469372000378,111.0
CUB,2004,1.7849191728384717,1.0340490999245608,114.0
CUB,2005,1.852752501351425,1.1243869453196307,115.0
CUB,2006,1.623771510223334,1.157525456811679,109.0
CUB,2007,1.968545202616397,1.107944821455922,109.0
CUB,2008,2.011860026422246,1.1270673377928253,109.0
CUB,2009,2.2833555545091127,1.0231657179991909,110.0
CUB,2010,2.066138934922577,1.1400919891758008,112.0
CUB,2011,2.5018694348007062,1.2339955421785003,112.0
CUB,2012,2.3210084140962053,1.17415367707181,115.0
CUB,2013,2.5038282428760854,1.104788563535203,114.0
CUB,2014,2.3045950993493602,1.1851936349839107,112.0
CUB,2015,2.37126124687282,1.2279753795086927,117.0
CUB,2016,2.099674706497833,1.255836922452937,116.0
CUB,2017,2.1921381135738667,1.2967596050051222,122.0
CUB,2018,1.9619496676493982,1.3139398706901693,118.0
CUB,2019,1.9792625162202753,1.225574134803929,114.0
CUB,2020,2.1467477083918367,1.1890541141146995,113.0
CUB,2021,2.109330970243884,1.1935959692144975,117.0
CUB,2022,1.9888119231198338,1.0953957169547217,91.0
CUB,2023,1.8182644078814034,1.0198299637117914,91.0
CZE,1993,0.3672271937228879,0.627315244107668,40.0
CZE,1994,0.34720453809425983,0.6445503933024377,136.0
CZE,1995,0.2797962487360126,0.6710241564987356,146.0
CZE,1996,0.3220452376875631,0.7047707581512263,151.0
CZE,1997,0.317583753445584,0.6316405945413296,154.0
CZE,1998,0.23675738890991485,0.5697353579096089,151.0
CZE,1999,0.31448869975542326,0.510623075042448,152.0
CZE,2000,0.24419131893844537,0.5531810487839856,159.0
CZE,2001,0.23950925136392315,0.5261391821035784,157.0
CZE,2002,0.28731985270046906,0.552877723237477,162.0
CZE,2003,0.2592438825461797,0.5352448700719378,166.0
CZE,2004,0.20137833263628524,0.585311047195332,171.0
CZE,2005,0.22773347191909427,0.6610091128277705,169.0
CZE,2006,0.29364649547206245,0.5898533647499428,173.0
CZE,2007,0.3225247280473392,0.5720975952778209,172.0
CZE,2008,0.30638400365505225,0.5988856931185075,176.0
CZE,2009,0.26114573375976846,0.6048221778504328,172.0
CZE,2010,0.31014610615418314,0.6109933443654612,174.0
CZE,2011,0.2611140233031175,0.6153763471761512,176.0
CZE,2012,0.4052312258921011,0.5944098137402145,177.0
CZE,2013,0.34743426944333367,0.6323977129492386,178.0
CZE,2014,0.34715368112695977,0.6347493167852758,178.0
CZE,2015,0.3445613298321316,0.6089743871179242,178.0
CZE,2016,0.33302500460476103,0.6007565320269334,182.0
CZE,2017,0.32227379869808165,0.5781564006925529,180.0
CZE,2018,0.32463283432180046,0.6053744021831602,180.0
CZE,2019,0.2908983229546495,0.5934043878984326,176.0
CZE,2020,0.3529803946454236,0.6241432000413829,175.0
CZE,2021,0.35812882021158293,0.5600372671592772,178.0
CZE,2022,0.3308500062796337,0.6211996446491808,177.0
CZE,2023,0.37932700351085114,0.588783119735468,178.0
DOM,1990,2.718444508871373,0.9895134763724415,38.0
DOM,1991,2.4476910541606323,1.2471659919130929,40.0
DOM,1992,2.04270853643746,1.8797551174465839,38.0
DOM,1993,1.9964114895904446,1.8829060793712247,46.0
DOM,1996,2.512016054829243,1.2216654756146255,21.0
DOM,1997,2.8941187132629795,1.0163290376998477,88.0
DOM,1998,2.957901140665714,0.9494561787259109,85.0
DOM,1999,2.809701778378631,1.0056245635840402,98.0
DOM,2000,2.7374288831039437,1.0508425684828173,91.0
DOM,2001,2.7659610572224786,0.9033372646830166,68.0
DOM,2002,2.841301539521234,1.0167105101706835,84.0
DOM,2003,2.658252768019126,1.3235597037629605,101.0
DOM,2004,2.4868176816149092,1.4861359676787915,103.0
DOM,2005,2.522526009588323,1.657550714439041,99.0
DOM,2006,2.251716105291769,1.9855554380519367,105.0
DOM,2007,2.446942626538769,1.7382271810950816,109.0
DOM,2008,2.2829216777821064,1.9363594088262555,114.0
DOM,2009,2.239517806850343,1.7492364915834526,115.0
DOM,2010,2.052372095566833,1.8489096750237513,111.0
DOM,2011,1.9638609213529492,1.802181416560695,111.0
DOM,2012,1.902317801753536,2.0119137420287454,116.0
DOM,2013,2.0200343194605694,1.9320293850256056,118.0
DOM,2014,2.230846029523965,1.7806424015526812,137.0
DOM,2015,2.213327021395981,1.663395187585884,128.0
DOM,2016,1.9882027311814683,1.6879692764902108,118.0
DOM,2017,2.2156519950544644,1.687319898347441,129.0
DOM,2018,1.9870277951422808,1.9849666677527822,128.0
DOM,2019,1.9924794079474906,1.7566053904750836,119.0
DOM,2020,2.1029417487867015,1.7340689147545865,123.0
DOM,2021,1.8325439139254311,2.060049967070264,120.0
DOM,2022,1.640041142396011,1.9449238178762367,115.0
DOM,2023,1.832653077319182,1.8453901031706814,127.0
DZA,1990,2.7942955932365363,0.8699501422981661,40.0
DZA,1991,2.9282754843462104,0.7949572243223786,41.0
DZA,1992,2.495498454178799,0.8423091776879078,47.0
DZA,1993,2.460246889053234,0.9208660302223276,63.0
DZA,1994,2.689923772590217,0.8317981001450505,51.0
DZA,1995,2.5128026392091116,0.9692040627185209,66.0
DZA,1996,2.591621180247939,0.9644560676537219,73.0
DZA,1997,2.5633620166470026,0.8966984906502777,79.0
DZA,1998,2.2120571195663135,0.9113940964762602,70.0
DZA,1999,2.1761173106858687,0.8949817664112069,75.0
DZA,2000,2.514853151661239,0.8366746266703156,78.0
DZA,2001,2.504898451598558,0.8666462454766475,81.0
DZA,2002,2.4564981927516434,0.8666638886986132,89.0
DZA,2003,2.4196152516239104,1.059878562973199,99.0
DZA,2004,2.269200330651994,0.9318529349729404,95.0
DZA,2005,2.2224236302422313,1.2207106007717483,99.0
DZA,2006,2.699462644868714,1.1833891327966897,106.0
DZA,2007,2.6860989051841964,1.2173096599546247,92.0
DZA,2008,2.5911578655786127,1.1467270651360073,98.0
DZA,2009,2.4589413048772797,1.1534712842203592,114.0
DZA,2010,2.291268997776789,1.2213418703325134,111.0
DZA,2011,2.39830605297745,1.2159862013061695,105.0
DZA,2012,2.019505445770713,1.2782228868862926,110.0
DZA,2013,1.9788018500770246,1.099174810575727,114.0
DZA,2014,1.8574385558877506,1.0851067835554367,114.0
DZA,2015,2.247979302904269,0.9890868093663101,124.0
DZA,2016,2.347530229263781,1.0689993927801824,119.0
DZA,2017,1.9414088410721344,1.1526700462992943,121.0
DZA,2018,1.9567291601605954,1.1139783128074547,117.0
DZA,2019,1.8004251240216829,1.1206921436482091,117.0
DZA,2020,1.7259364923565714,1.045363240650709,123.0
DZA,2021,1.7568140312634632,0.9882273164115798,120.0
DZA,2022,2.0427824167878375,0.9487599822261068,136.0
DZA,2023,2.0659143481430666,0.9582934556310198,136.0
ECU,1990,2.674942461845223,1.4517677313370734,45.0
ECU,1991,2.4520793006394914,1.46726272386101,44.0
ECU,1992,2.3410004394634236,1.6195472515937832,45.0
ECU,1993,2.0584162378861537,1.6562301832243371,59.0
ECU,1994,2.2641252103263976,1.5569383681639049,48.0
ECU,1995,1.8704807307871487,1.8789902353524124,49.0
ECU,1996,1.9877887510902745,1.8698092392285053,112.0
ECU,1997,1.7780014870795189,1.874070536070829,111.0
ECU,1998,1.6277351722030138,2.0126331918019087,102.0
ECU,1999,1.7234692244082583,1.8418054973218883,112.0
ECU,2000,1.6324352167485985,1.8805892151431827,97.0
ECU,2001,1.6052003853356196,1.9146825253988256,102.0
ECU,2002,1.6891851295337312,2.0449598866780168,106.0
ECU,2003,1.877247000534148,2.0235288483843705,119.0
ECU,2004,1.7345433900376126,2.2358109864038735,123.0
ECU,2005,1.838851393316027,2.427469648353278,126.0
ECU,2006,1.8935290258698003,2.310622234669929,126.0
ECU,2007,1.7678986153963214,2.122715626112748,134.0
ECU,2008,1.8476024923910201,2.0553861777715143,128.0
ECU,2009,1.7569152568559236,1.593249978277429,133.0
ECU,2010,1.6865005554744297,1.649648319173422,132.0
ECU,2011,2.803016571986949,1.549326317677547,133.0
ECU,2012,2.404132855705355,1.617708278418508,136.0
ECU,2013,2.6030501489486766,1.615032536126174,143.0
ECU,2014,2.4216864325639333,1.6432667655250095,140.0
ECU,2015,2.2232839323745606,1.5875263111160622,146.0
ECU,2016,1.889363196479115,1.5638672130966664,148.0
ECU,2017,1.816513691804725,1.6719897412118594,147.0
ECU,2018,1.5335137622101143,1.7997848947444417,149.0
ECU,2019,1.3422906097448197,1.8428002143147233,140.0
ECU,2020,1.261938939077179,1.7386494296283468,143.0
ECU,2021,1.0393626171856583,1.9824203949040986,140.0
ECU,2022,1.2231264921443392,1.8263350128478117,135.0
ECU,2023,1.0967810489302354,1.8281035764263596,146.0
EGY,1990,1.9908753431323871,1.2908188337485782,92.0
EGY,1991,1.9428539570204346,1.2641535672816735,104.0
EGY,1992,1.8716466379076486,1.3554393033551975,119.0
EGY,1993,2.006156245402917,1.3725116980112568,129.0
EGY,1994,2.148551502057697,1.3028050814204215,124.0
EGY,1995,2.1417882951747425,1.4123983454539224,129.0
EGY,1996,2.3364205689705044,1.3485531053762465,135.0
EGY,1997,2.210985615961542,1.3106785093412714,141.0
EGY,1998,1.9964271167198884,1.3563890726323773,139.0
EGY,1999,2.0252742997338435,1.3424082758189406,137.0
EGY,2000,2.212126569265668,1.2492487819158835,141.0
EGY,2001,2.0235862527328874,1.3332340699485945,139.0
EGY,2002,1.8148969088368723,1.3510743489580554,145.0
EGY,2003,1.800056212406735,1.3661830417651428,152.0
EGY,2004,1.84474148684555,1.3720344764639847,159.0
EGY,2005,2.2683770960886243,1.427454495319574,154.0
EGY,2006,2.109036506420052,1.3930663893095905,154.0
EGY,2007,1.853837084644022,1.3115712765813898,161.0
EGY,2008,1.7523860761514751,1.3378991888983467,158.0
EGY,2009,1.5430121239888286,1.4056351345575768,163.0
EGY,2010,1.5751275992956342,1.3797416714891986,164.0
EGY,2011,1.2180650199555205,1.3295898594206232,161.0
EGY,2012,1.494247596689368,1.4099389870172594,159.0
EGY,2013,1.4387295625820364,1.309660695495997,163.0
EGY,2014,1.6141745613743805,1.3245567043241533,163.0
EGY,2015,1.5222037348580517,1.3067639786315655,159.0
EGY,2016,1.6272020833821323,1.202102112814639,71.0
EGY,2017,1.2827654727254016,1.2845286050758038,160.0
EGY,2018,1.5287193692812435,1.3413938922628093,163.0
EGY,2019,1.4261362275779015,1.3759204046935622,164.0
EGY,2020,1.3177398177248152,1.327078618659087,169.0
EGY,2021,1.3892207052700702,1.2362817188479989,168.0
EGY,2022,1.414655011645006,1.251926380210459,168.0
EGY,2023,1.3317671120011039,1.3037455704008172,171.0
ERI,2000,1.3386542252044902,0.9776044391764173,40.0
ERI,2001,1.1768712999212418,0.8907115585948664,43.0
ERI,2002,1.1432308695793691,1.0319038994303524,45.0
ERI,2003,0.7267122985073666,0.8740633935943284,68.0
ERI,2004,0.8852066654812284,0.9251711176065817,61.0
ERI,2005,1.2543917486001241,1.0936807915011673,63.0
ERI,2006,1.0196041732283743,0.9259472519496189,70.0
ERI,2007,0.938088755971436,0.9711783507407558,71.0
ERI,2008,0.5934698978620152,1.0166296831702106,74.0
ERI,2009,1.2061878692348877,0.9261894061541651,75.0
ERI,2010,1.0372256909777644,1.0164762849163078,78.0
ERI,2011,2.188332406083531,0.9176118076091277,74.0
ERI,2012,2.107472699240332,1.0449813874661817,82.0
ERI,2013,1.8404810528645448,1.3550978733996968,73.0
ERI,2014,0.21622449710471975,0.2790268537702372,71.0
ERI,2015,0.6797254064347489,0.6503405726246431,76.0
ERI,2016,0.45042638802085183,0.6518297621194316,75.0
ERI,2017,0.42475988548645965,0.2860559174774562,75.0
ERI,2018,0.21787821618638323,0.2144230550302699,77.0
ERI,2019,0.375998768652136,0.2266503293579989,73.0
ERI,2020,0.1377354201979038,0.25954493397937234,78.0
ERI,2021,0.7827757574106404,0.21209108562191287,88.0
ERI,2022,0.24532730418297846,0.4821152585563134,85.0
ERI,2023,0.34335929340007104,0.33837191467076816,83.0
ETH,1990,1.9445497879597544,1.191371982425057,32.0
ETH,1991,1.9712320869686035,0.8309910112970024,20.0
ETH,1992,1.4258142136819891,1.1986614194395715,15.0
ETH,1993,1.558979097159034,1.270410584818143,23.0
ETH,1994,1.7393283219677191,1.0888306310603704,42.0
ETH,1995,1.4265459501935975,1.0366962143971512,43.0
ETH,1996,1.5623251242684353,1.0481554251022385,44.0
ETH,1997,1.537384641751698,1.2408548289937074,52.0
ETH,1998,1.483899466063295,1.0685251152956945,48.0
ETH,1999,1.4006296080675527,1.2268995101118407,80.0
ETH,2000,1.3115112819686283,1.0557436415032793,44.0
ETH,2001,0.9187228318621595,0.8651137489614297,29.0
ETH,2002,1.2980395815692356,1.0041967608415465,49.0
ETH,2003,1.2603465870983217,0.9693132173153322,49.0
ETH,2004,1.4056569495182052,1.0741506872002256,55.0
ETH,2005,1.2186504836325551,1.1169989273110617,55.0
ETH,2006,1.1419266851615704,1.0357045919811745,24.0
ETH,2007,1.30163073374694,1.0713347628311225,54.0
ETH,2008,1.2984186301244296,1.1073836140202562,54.0
ETH,2009,1.0381273228333856,1.3575229107574343,136.0
ETH,2010,1.0946841834325067,1.0027228745559746,62.0
ETH,2011,1.045251163846988,0.9515057748761901,62.0
ETH,2012,1.025352397341698,0.9769222300619155,60.0
ETH,2013,1.051608616474288,1.3718625770635797,138.0
ETH,2014,1.108357860878949,1.3787008403680148,138.0
ETH,2015,1.1839061885975721,1.4560853859483665,147.0
ETH,2016,1.03539055319498,1.4252504799520567,141.0
ETH,2017,1.056479548354537,1.5064745004569144,139.0
ETH,2018,0.9457045337612953,1.5694689830439492,144.0
ETH,2019,1.0406450665661255,1.5848982591685294,142.0
ETH,2020,1.0497037269811607,1.568988009630399,138.0
ETH,2021,1.2611197069014795,1.467101191180675,134.0
ETH,2022,1.4123584471966635,1.3962351676785236,130.0
ETH,2023,1.0911948587157025,1.355022443685748,137.0
GAB,1990,2.4143805070479516,1.2118385151204083,50.0
GAB,1991,2.463645015611028,1.0560742912553995,53.0
GAB,1992,2.583323744815635,1.1302880425968864,51.0
GAB,1993,2.1740808369350573,1.3816818531869663,53.0
GAB,1994,2.5222354737592227,1.2795078090859915,60.0
GAB,1995,2.618643762218092,1.490599735240461,67.0
GAB,1996,3.210089738049748,1.2049553723876285,71.0
GAB,1997,3.084959817532893,1.2249437131792582,77.0
GAB,1998,2.2484590803691984,1.628138104244851,79.0
GAB,1999,2.5489969343726946,1.2764608625833436,81.0
GAB,2000,2.6547795654610598,1.4593825816374804,78.0
GAB,2001,2.4379399785905473,1.425257657317861,81.0
GAB,2002,2.434522461601356,1.6401591528586685,89.0
GAB,2003,2.7473417801373383,1.575609959503874,90.0
GAB,2004,2.5059573254535827,1.6458888590289944,97.0
GAB,2005,2.8922087508189036,1.5839735541839342,92.0
GAB,2006,2.51551527607136,1.8699010713289639,95.0
GAB,2007,2.4099466953232818,1.7106964924066306,92.0
GAB,2008,2.188313254376258,1.992957260497736,114.0
GAB,2009,2.3729749289433704,1.622495236935653,110.0
GAB,2010,2.205047325213008,1.6985356160311058,121.0
GAB,2011,1.9852892350690172,1.7762242751791024,123.0
GAB,2012,1.0398951357102506,1.600440255937367,133.0
GAB,2013,0.9114048360734484,1.4089234628635965,130.0
GAB,2014,0.936415034586973,1.382458051850638,126.0
GAB,2015,0.7298130825776811,1.1958621907401252,131.0
GAB,2016,0.8471166920401015,1.0681689456163224,136.0
GAB,2017,0.7735803576724825,1.4964382258604005,134.0
GAB,2018,0.7932498629193885,1.3290438511340734,141.0
GAB,2019,0.6383822333049118,0.9040571115229135,136.0
GAB,2020,0.5976385244115495,1.1109602203194546,130.0
GAB,2021,0.5502919379819099,1.0359127305613867,124.0
GAB,2022,0.8838405166440476,1.0532148172108995,131.0
GAB,2023,0.9639616894337115,1.1862238959738138,128.0
GEO,1993,0.43375418981291614,0.5566222006979172,39.0
GEO,1994,0.7158973877580775,1.0086060764680516,37.0
GEO,1995,1.1778800018983202,0.4962227640264799,42.0
GEO,1996,0.46905438757757134,0.7617995988510777,46.0
GEO,1997,0.47824958664125145,0.7696342855914547,55.0
GEO,1998,0.4295780847730176,1.1479263929353634,64.0
GEO,1999,0.6184521046105396,0.8598250956687754,70.0
GEO,2000,0.6123391611756972,0.6940852361145863,77.0
GEO,2001,0.6404598790883572,0.6044413329786024,71.0
GEO,2002,0.6161038692188417,0.6812297919601518,80.0
GEO,2003,0.7195988408727436,0.7904843939820132,76.0
GEO,2004,0.8452962965975683,1.0067677453700548,71.0
GEO,2005,0.8201623644513673,0.8514904220926245,81.0
GEO,2006,0.768237641878557,0.8806661866482868,93.0
GEO,2007,0.7839749278012086,0.9589114145511396,90.0
GEO,2008,0.7276170385536983,0.7641448827503498,87.0
GEO,2009,0.6945232341791343,0.7109117851456949,96.0
GEO,2010,0.8431271447410149,0.7426629828565611,102.0
GEO,2011,0.8833857186172039,0.7792199003643641,101.0
GEO,2012,0.9919257693816163,0.8402018751085828,106.0
GEO,2013,0.911408441630764,0.8224754578964514,103.0
GEO,2014,0.9253024156169307,0.8176394753542344,114.0
GEO,2015,0.8224882534894966,0.8632155606937545,108.0
GEO,2016,0.8463047619118367,0.8819498514766871,111.0
GEO,2017,0.8613181262280506,0.8660788097884156,113.0
GEO,2018,0.9118826964020285,0.9592359388785567,116.0
GEO,2019,0.9020652542267226,0.8504087353694211,119.0
GEO,2020,0.9498591748876123,0.9487972269774341,122.0
GEO,2021,0.8648457106230873,0.8777411593393754,125.0
GEO,2022,1.1889353017826398,0.9464959459393544,119.0
GEO,2023,1.1881609070391428,0.7810680214482549,128.0
GHA,1990,2.7421695023064423,0.8958737330067585,70.0
GHA,1991,2.682606586369178,0.5846368644823989,46.0
GHA,1992,1.979259646432283,1.1362339637673255,91.0
GHA,1993,1.9144185899480748,1.4491935763456678,81.0
GHA,1994,2.2129411401682444,1.2912031555252301,89.0
GHA,1995,2.401084434944697,1.2796254894873793,94.0
GHA,1996,2.6328008372161715,1.1409205533145501,98.0
GHA,1997,2.38477258187295,1.0593099164684818,101.0
GHA,1998,2.0171140407540897,1.0161498204491552,105.0
GHA,1999,1.8734163964184478,1.1045516279367447,105.0
GHA,2000,1.7687490079968045,1.2671521640032335,114.0
GHA,2001,1.5712233670854763,1.2724303238077692,102.0
GHA,2002,1.726548925451839,1.1525926314467645,121.0
GHA,2003,1.6929148295439322,0.9994702078733397,123.0
GHA,2004,1.5031306824607098,1.0626083779895703,129.0
GHA,2005,0.9795177451323884,1.3274514313242511,135.0
GHA,2006,0.8898822036608343,1.2572498204849205,120.0
GHA,2007,0.8316216865625841,1.2109221182473395,126.0
GHA,2008,0.708792597339146,1.1996444858772781,134.0
GHA,2009,0.625095705651687,1.1383675502729167,120.0
GHA,2010,0.5476679428105795,1.0917915200546688,110.0
GHA,2011,0.690287083254407,1.18286105112136,144.0
GHA,2012,0.8303712536269718,1.1298700034816622,133.0
GHA,2013,0.8925464840558323,1.1830919229970833,138.0
GHA,2014,0.852989810704625,1.1765676202045474,140.0
GHA,2015,0.8622764365906881,1.1909475129500784,139.0
GHA,2016,0.7549211357229214,1.0834290706563263,124.0
GHA,2017,0.6627000387026781,1.1902698528510087,140.0
GHA,2018,0.6848628460697396,1.2120579944547565,144.0
GHA,2019,0.688210697194809,1.2869199652109495,144.0
GHA,2020,0.8030389620900862,1.1693267193151813,141.0
GHA,2021,0.866705970800587,1.2215768643937774,145.0
GHA,2022,1.023883662057893,1.203887021347173,150.0
GHA,2023,0.898581677783165,1.1841051856433038,147.0
GIN,1990,2.2299197338806067,1.0633648958254396,41.0
GIN,1991,2.2505847599336373,1.073945789765428,43.0
GIN,1992,2.138083218265096,1.1385930991930178,47.0
GIN,1993,2.382213175230707,1.0818859268858023,50.0
GIN,1994,2.057831602683705,1.0981349510874512,60.0
GIN,1995,2.0636234100414903,1.365919819247621,55.0
GIN,1996,2.7654741375433707,1.0452358045864147,60.0
GIN,1997,2.6088210829594254,0.7608730093112227,33.0
GIN,1998,2.3837208132178294,0.7886468823844364,28.0
GIN,1999,2.2140003395294667,0.8401580881454377,28.0
GIN,2000,1.6981420960453015,0.9705874533424034,54.0
GIN,2001,1.7635526807012982,1.1570437550326726,56.0
GIN,2002,2.06079998241384,0.7717581776520567,63.0
GIN,2003,1.996572095511834,1.1135569164642898,76.0
GIN,2004,1.8697564139136131,0.5829482005127937,65.0
GIN,2005,1.8593686383117871,1.0472638288356684,78.0
GIN,2006,2.138749710700875,1.1572548600362491,82.0
GIN,2007,2.0230550144536465,1.0559391902997846,77.0
GIN,2008,1.5695216203969677,1.2409879071632546,80.0
GIN,2009,1.4875471244453466,1.2128586957896712,114.0
GIN,2010,1.3151458256751294,1.3202297140278019,116.0
GIN,2011,1.0172993744192815,1.2787568749596923,118.0
GIN,2012,1.365591333456632,1.1059792134139212,117.0
GIN,2013,1.4552644863916986,1.027221122515082,113.0
GIN,2014,0.8935071941264073,1.2456186546114036,108.0
GIN,2015,1.170272791460182,1.1336006106789902,92.0
GIN,2016,0.8201195825892872,1.0393568377471554,99.0
GIN,2017,0.7194939371911366,0.8581621435284027,103.0
GIN,2018,0.6771481480417422,0.9037459832571857,105.0
GIN,2019,0.9389499684122717,0.9128602835605225,105.0
GIN,2020,0.5364082234725986,1.0489326099517187,98.0
GIN,2021,0.5050732403312942,0.7622813085149133,101.0
GIN,2022,0.43605836746104765,0.8952372009364138,104.0
GIN,2023,0.41396966217214526,0.7403677369941414,104.0
GMB,1990,1.8645652575051286,0.8293627008945935,35.0
GMB,1991,1.780814017304354,0.8394683161714198,37.0
GMB,1992,1.5906370495903583,0.7301129624440909,41.0
GMB,1993,1.5664822681451838,1.0265039256084876,42.0
GMB,1994,1.7165766736453791,1.267667910446184,36.0
GMB,1995,2.244438085806679,1.334452428392223,39.0
GMB,1996,2.3304456849187325,0.9010833259617228,37.0
GMB,1997,2.1877634318586314,0.9830960029004295,47.0
GMB,1998,1.635486470462901,0.8645646572140844,43.0
GMB,1999,1.461907510538432,0.9836155049058551,41.0
GMB,2000,1.2007583407229985,1.0018513277695809,54.0
GMB,2001,1.9810740586396105,0.7724088874413283,50.0
GMB,2002,2.3416390051557054,0.7331269198917344,38.0
GMB,2003,1.7177179857118625,1.0314011041310114,49.0
GMB,2004,1.9524047780621772,0.7791003289467402,49.0
GMB,2005,2.4025660270712863,0.9412433071248253,39.0
GMB,2006,1.6462080164842772,1.2233870634901522,48.0
GMB,2007,2.0430140651403574,0.9972458341185908,49.0
GMB,2008,1.2868783824217656,1.228094909538212,59.0
GMB,2009,0.8859564143711645,1.1955402039074583,64.0
GMB,2010,0.9326109330616624,1.3123617080279186,75.0
GMB,2011,0.24367057294204858,0.5666496653628285,76.0
GMB,2012,0.2920429958102137,0.5718076071568243,63.0
GMB,2013,0.18905148694288795,0.386079688705787,70.0
GMB,2014,0.2310204500002877,0.3501144335174953,61.0
GMB,2015,0.3946786556856183,0.7999664144968316,60.0
GMB,2016,0.2983198758650103,0.46136072452511295,55.0
GMB,2017,0.5868021966156469,0.7443259354767726,62.0
GMB,2018,0.4590246036095096,0.8280224036337609,56.0
GMB,2019,0.3999049129210732,0.5551258398158627,57.0
GMB,2020,0.24616238928333403,0.5226916087003225,58.0
GMB,2021,0.3130407820210655,0.5245549850393934,55.0
GMB,2022,0.6808461074629305,0.7071685882308103,65.0
GMB,2023,0.015137602092307752,0.11243977159392979,68.0
GNB,1990,1.2092462694575241,0.7618634700471848,23.0
GNB,1991,0.6370824071326621,0.853392063543049,29.0
GNB,1992,1.2682490414479208,0.9255638199314146,21.0
GNB,1993,1.2283310921321082,0.7519738897222881,32.0
GNB,1995,1.306502944478237,0.5274705525541626,33.0
GNB,1996,1.7162517374865824,0.7174198606900112,30.0
GNB,1997,0.7394183992517804,0.7515896136290553,37.0
GNB,1998,0.6604843052895658,0.6529929826425671,34.0
GNB,1999,0.6517099312624963,0.6773335149716506,31.0
GNB,2002,0.7109983152277044,0.559248176890475,28.0
GNB,2003,0.598272413311903,0.3459623166087652,37.0
GNB,2004,0.12739942878320704,0.36839873486901065,42.0
GNB,2005,0.47138636911610104,0.6359164429236287,42.0
GNB,2006,0.677860075703839,0.7442354062301575,30.0
GNB,2007,0.43291110907689195,0.23840237173363335,36.0
GNB,2008,0.480210387811008,0.5324185290178824,38.0
GNB,2009,0.261691168928872,0.4739909426826792,43.0
GNB,2010,0.21494929731439277,0.5209266798105443,39.0
GNB,2011,0.0919586508604936,0.3447694699651305,47.0
GNB,2012,0.3185826658581645,0.4671503097884059,43.0
GNB,2013,0.20455568312489747,0.42231275591802436,50.0
GNB,2014,0.37475514089905926,0.31837644072592886,46.0
GNB,2015,0.35678278593801327,0.22487230234374303,48.0
GNB,2016,0.40927351453919564,0.41876379930847785,43.0
GNB,2017,0.38980803530697256,0.31731219812243083,46.0
GNB,2018,0.17027294727247128,0.34882523265874305,41.0
GNB,2019,0.3998872422874492,0.8631833583160446,47.0
GNB,2020,0.29774875679051865,0.39377438937415343,41.0
GNB,2021,0.3367624545884234,0.36391938470615526,60.0
GNB,2022,0.3736074022190752,0.3997301044489679,49.0
GNB,2023,0.34653989825457265,0.5030876460434776,51.0
GRC,1990,1.0045020878790587,0.8888429473133789,130.0
GRC,1991,0.9475880356970329,0.8202497170128622,139.0
GRC,1992,0.8638180049661128,0.8034080888684346,133.0
GRC,1993,0.8393965899993375,0.7439727243220869,156.0
GRC,1994,0.7356710450330317,0.8573961115878982,156.0
GRC,1995,0.7174926349789773,0.8089441586990445,162.0
GRC,1996,0.5723861364339593,0.8350597604036305,138.0
GRC,1997,0.5954217851911104,0.8116196013856611,163.0
GRC,1998,0.4868422250150906,0.8450848767887776,162.0
GRC,1999,0.48614776725664655,0.775305552633049,159.0
GRC,2000,0.4964203676718971,0.8271243316049056,167.0
GRC,2001,0.4584965663208552,0.8036662628739087,167.0
GRC,2002,0.5222252052582297,0.8236386897688769,171.0
GRC,2003,0.49320550118204404,0.8298483677650609,168.0
GRC,2004,0.476180310113949,0.9007562127626447,170.0
GRC,2005,0.5054849994460435,0.9732214976914081,172.0
GRC,2006,0.45903205269200636,0.9434019176017208,171.0
GRC,2007,0.4775626769824966,0.8891591023892045,169.0
GRC,2008,0.4879348356099219,0.9189403279668742,169.0
GRC,2009,0.5586492934975785,0.9321777448976646,170.0
GRC,2010,1.2721929425048442,0.9925977458762266,174.0
GRC,2011,0.570208829498327,0.9301379906398742,170.0
GRC,2012,0.6450444278812091,0.9999883378269361,166.0
GRC,2013,0.6161561419810593,0.9478617409211662,171.0
GRC,2014,0.6218262676002075,1.0127510461086502,175.0
GRC,2015,0.642466416692073,1.028679219164243,179.0
GRC,2016,0.6897756602804379,1.0629062345998548,180.0
GRC,2017,0.6172937257391915,0.9711962147337564,177.0
GRC,2018,0.664401854198444,1.0421305222052963,180.0
GRC,2019,0.5837147324480263,1.0077852408805514,178.0
GRC,2020,0.5550026456697339,0.9539963235705722,180.0
GRC,2021,0.5666917583942208,0.9186425216006338,181.0
GRC,2022,0.5657845814689488,0.9071393533089415,175.0
GRC,2023,0.5751251829986297,0.9039371419440327,178.0
GTM,1990,2.140057732616287,1.4897095319451013,54.0
GTM,1991,1.8178491123916791,1.704765495376182,57.0
GTM,1992,1.6207605925978692,1.8784754691286532,64.0
GTM,1993,1.75808040282034,1.7594034430598364,59.0
GTM,1994,1.6102427221618796,1.713756476201217,60.0
GTM,1995,1.6425211676349876,1.7839712857885122,62.0
GTM,1996,1.5611684840916866,1.9754784296847487,62.0
GTM,1997,1.7860033063227614,2.0232307824144224,90.0
GTM,1998,1.848245626188509,2.17936750577858,92.0
GTM,1999,1.7752602496812164,2.373660016206456,99.0
GTM,2000,1.320151432434454,2.2111523803978765,95.0
GTM,2001,1.0635123373524338,2.0328418629963685,95.0
GTM,2002,1.683695088188976,2.3008497569248245,99.0
GTM,2003,1.687768662181365,2.579883126872827,107.0
GTM,2004,1.6485163876379476,2.6299951396871286,104.0
GTM,2005,1.6344813748084333,2.6906996177928693,115.0
GTM,2006,1.5103384397859136,2.6147436327471847,108.0
GTM,2007,1.4395702123328713,2.539869576894917,119.0
GTM,2008,1.3963041709202235,2.438010499048351,109.0
GTM,2009,1.3983328768937662,2.2701815323654797,114.0
GTM,2010,1.333721567850142,2.289014784969619,122.0
GTM,2011,1.465529601326016,2.1732608219711995,126.0
GTM,2012,1.4182072138680017,2.291267799887403,130.0
GTM,2013,1.4321672369284584,2.2777181481883217,127.0
GTM,2014,1.4008338830420084,2.257297659127603,126.0
GTM,2015,1.3644742377498824,2.1597178814547267,127.0
GTM,2016,1.2825205297143036,2.139994286583686,131.0
GTM,2017,1.2879715923577224,2.400183108428797,133.0
GTM,2018,1.3394136967008066,2.260069094583987,124.0
GTM,2019,1.216240391965997,2.312201580913759,135.0
GTM,2020,1.2357617582941827,2.326465606690693,139.0
GTM,2021,1.2210664060186553,2.1295950920512587,127.0
GTM,2022,1.223676598756495,2.131659040976497,122.0
GTM,2023,1.1888785506938742,2.1325853847205587,127.0
HND,1990,2.5401957549366276,0.9706581804027347,17.0
HND,1991,2.7292049823318902,0.9212350473552147,19.0
HND,1992,2.403249222142333,1.425029087898825,55.0
HND,1993,2.2419311015685204,1.2400478664257877,19.0
HND,1994,2.3897583127226145,1.36854231566658,42.0
HND,1995,2.2952416978097765,1.3585989736375246,18.0
HND,1996,2.2388819031392333,1.3616520716444127,18.0
HND,1997,2.1612849732319273,1.2384282087010987,21.0
HND,1998,1.750611033944917,1.584645134483971,21.0
HND,1999,2.734899717267337,1.2576361534489617,87.0
HND,2000,1.935600402512956,1.774554808191453,55.0
HND,2001,1.6988386876870194,1.7945610013688713,63.0
HND,2002,1.783390461298605,1.9619157828740361,81.0
HND,2003,1.5350083401103383,2.2797599528887025,86.0
HND,2004,1.4839886802707218,2.292255014026404,82.0
HND,2005,1.6736692681202734,2.3551778959608187,79.0
HND,2006,1.5159342058190246,2.2319221590815714,84.0
HND,2007,1.5522164504116012,2.23407139697745,95.0
HND,2008,1.5104742651856409,2.35304344479082,121.0
HND,2009,1.5434735807836688,2.031853088039294,111.0
HND,2010,1.4713418389169206,1.9906519962423843,109.0
HND,2011,1.3877885339793918,1.8836815841234327,105.0
HND,2012,1.3790756606656598,1.9305841762695564,108.0
HND,2013,1.4963394700092612,2.001082574954327,107.0
HND,2014,1.483589487387555,2.0454700339403624,106.0
HND,2015,1.5002120933508474,1.9603224062629856,108.0
HND,2016,1.4662049196666571,1.8525206030769765,102.0
HND,2017,1.4319245979314348,2.0195918991530317,108.0
HND,2018,1.4224949962256652,1.9922411999916574,111.0
HND,2019,1.4977658720705773,2.0006715800451103,106.0
HND,2020,1.4708775121061313,2.1053619506486445,104.0
HND,2021,1.3693495535014168,1.9500694860448682,109.0
HND,2022,1.4083493026078067,1.8303470997759532,107.0
HND,2023,1.506793219640916,1.7035638428031563,107.0
HRV,1993,0.46607094807158445,0.8240012685152338,19.0
HRV,1994,0.6512452998777527,0.5672970598634456,138.0
HRV,1995,0.4318156002194944,0.6450262631531367,138.0
HRV,1996,0.5483961018339595,0.5566171877704634,76.0
HRV,1997,0.4581131940740408,0.5133606793801901,75.0
HRV,1998,0.44468584821400303,0.5529028680398225,73.0
HRV,1999,0.35961061468175165,0.48715186630530943,73.0
HRV,2000,0.2612547321587485,0.532134252016229,132.0
HRV,2001,0.39351793455175066,0.5558080601013736,137.0
HRV,2002,0.31171498302598255,0.5225492965819355,137.0
HRV,2003,0.23491717833099626,0.5404762571828995,146.0
HRV,2004,0.23654971546256756,0.6696246412231934,142.0
HRV,2005,0.28677626240090914,0.7798124111114435,142.0
HRV,2006,0.30869530351726004,0.7313312110945325,149.0
HRV,2007,0.2879378068537945,0.7022336101898846,151.0
HRV,2008,0.2865517129790161,0.7008687882502365,149.0
HRV,2009,0.37710688959606264,0.7439912749448718,154.0
HRV,2010,0.37683691148692733,0.7306473888085813,146.0
HRV,2011,0.30660360138129694,0.6864795642668341,157.0
HRV,2012,0.3602635119225527,0.7399509316852761,169.0
HRV,2013,0.32460254585078296,0.6987667085615454,164.0
HRV,2014,0.3165343891518958,0.7101163292851851,158.0
HRV,2015,0.3441211529541768,0.6836946105193958,162.0
HRV,2016,0.382646784157274,0.6923359811184912,158.0
HRV,2017,0.33969303640231346,0.6604660643229939,160.0
HRV,2018,0.3041363170749213,0.6505307528736385,165.0
HRV,2019,0.2771123561042854,0.6058436396016874,158.0
HRV,2020,0.3467235524744993,0.6299715797875024,161.0
HRV,2021,0.2857711417112006,0.5808682687560636,161.0
HRV,2022,0.33020569849653864,0.5451594432653076,157.0
HRV,2023,0.3269368191189844,0.589928302404018,161.0
HTI,1990,3.130453791707863,0.5417435686845623,28.0
HTI,1991,3.417829679209141,0.5264764912118824,37.0
HTI,1992,3.164396310780999,0.7264901704804042,40.0
HTI,1993,3.1647788454155052,0.41075909020968493,20.0
HTI,1994,3.037456053555408,0.5963532134440335,13.0
HTI,1995,2.9852474992035853,0.8077532700302822,18.0
HTI,1996,3.158347287861898,0.6648342828126176,31.0
HTI,1997,3.1241463110850742,0.5101117545113839,31.0
HTI,1998,3.050417117094186,0.757097002001756,60.0
HTI,1999,2.869593232731648,0.8797132795556976,61.0
HTI,2000,0.748299515596374,0.8374554772173561,55.0
HTI,2001,0.7870744200505381,0.8079389359467388,56.0
HTI,2002,1.1707411658543,0.7662568044290043,57.0
HTI,2003,1.1562021757376981,0.7708162263197181,57.0
HTI,2004,0.5504907513558919,0.6604807358333906,61.0
HTI,2005,0.5472573048353564,1.2376598508635686,63.0
HTI,2006,0.5143305600227497,1.2788708157157096,62.0
HTI,2007,0.4826179410820027,0.6383718912826934,64.0
HTI,2008,0.5856439445146567,0.6636166903883864,68.0
HTI,2009,0.4044888795604079,0.5414287689028454,66.0
HTI,2010,0.36894266481854965,0.7451584239052196,72.0
HTI,2011,0.3945068664237422,0.7430722150505055,76.0
HTI,2012,0.2945348894789351,0.7887889844685896,70.0
HTI,2013,1.7031819998134814,2.0607097390283,120.0
HTI,2014,2.4366834368464314,1.6336966276910745,111.0
HTI,2015,1.6284780093307905,2.177005508275521,119.0
HTI,2016,2.392628274436783,1.3578873053372247,129.0
HTI,2017,2.158620083683763,1.7225435050588338,111.0
HTI,2018,1.9058697193187062,1.9451779771174504,116.0
HTI,2019,1.9201917873161523,1.8033251671002617,116.0
HTI,2020,2.0546251699678373,1.839607811465023,115.0
HTI,2021,2.1714494083541886,1.6909353377841327,112.0
HTI,2022,2.107872379212057,1.603954350820619,118.0
HTI,2023,2.1821040926067776,1.4495622373405812,112.0
HUN,1990,0.8664229018677345,0.8767673621427726,62.0
HUN,1991,0.6631667451246345,0.7063152146646652,63.0
HUN,1992,0.505844563861401,0.6848800259207858,62.0
HUN,1993,0.5251230028405023,0.6073968390406427,58.0
HUN,1994,0.3855874168326142,0.5186121981885355,77.0
HUN,1995,0.3182084675361013,0.5810272056647309,77.0
HUN,1996,0.39858060245411864,0.5963940984220292,154.0
HUN,1997,0.33102780556756917,0.5296026593340355,151.0
HUN,1998,0.268037440908228,0.5704058341320951,154.0
HUN,1999,0.30660283546385836,0.5338546692579617,158.0
HUN,2000,0.2530923674194692,0.5619010215769275,166.0
HUN,2001,0.25428168834582293,0.5558438565050081,162.0
HUN,2002,0.26629881178446224,0.5619576860948602,165.0
HUN,2003,0.3020551948707369,0.5949567060798978,167.0
HUN,2004,0.24614828734618727,0.6579113965022996,169.0
HUN,2005,0.27431430713078553,0.6971363885908156,164.0
HUN,2006,0.27963299893037075,0.7192078984175759,173.0
HUN,2007,0.3428061239588008,0.6526442028509728,172.0
HUN,2008,0.30637123813257516,0.6682236687851572,171.0
HUN,2009,0.29662261203034834,0.6293463289221581,169.0
HUN,2010,0.3317514595702799,0.6767543294046597,169.0
HUN,2011,0.33300209383351886,0.6898659888480978,170.0
HUN,2012,0.3429623407328709,0.6938135652717015,168.0
HUN,2013,0.34826157341259495,0.6527126108377003,170.0
HUN,2014,0.34434659681234264,0.6341966167174977,175.0
HUN,2015,0.3028450815332116,0.5923324178438092,176.0
HUN,2016,0.29189947718727455,0.5849753090050207,174.0
HUN,2017,0.27771210667228036,0.5596208190609054,175.0
HUN,2018,0.37933319331464244,0.556670508880355,174.0
HUN,2019,0.2571589638530356,0.568937613230441,174.0
HUN,2020,0.29469731759236484,0.6119628834918737,176.0
HUN,2021,0.259832970810394,0.590460339020726,176.0
HUN,2022,0.3808489567958038,0.6418511732488292,173.0
HUN,2023,0.387925505478356,0.6105428659922797,173.0
IDN,1990,2.2380479292612727,1.146689866812368,100.0
IDN,1991,2.3161282406168775,1.1697441626392773,117.0
IDN,1992,2.116471058543871,1.2345222615189269,115.0
IDN,1993,2.4778882467011405,1.2844605208452682,109.0
IDN,1994,2.48145456743733,1.2685325953389914,108.0
IDN,1995,2.3430347653490733,1.3949183029428818,111.0
IDN,1996,2.43005485630131,1.3618615044048905,136.0
IDN,1997,2.0915426928131335,1.416483506048492,160.0
IDN,1998,1.728867609883403,1.4592244455790642,162.0
IDN,1999,1.6306689631854487,1.4029680955743231,167.0
IDN,2000,1.6560487611833525,1.3637289839694382,173.0
IDN,2001,1.6961226773787912,1.374838810240924,169.0
IDN,2002,1.6921622542170616,1.36039790158544,176.0
IDN,2003,1.568445863029741,1.4953142967441915,177.0
IDN,2004,1.735176459759546,1.414451711488048,180.0
IDN,2005,1.7257368784450156,1.449589675551727,181.0
IDN,2006,1.7943140934428348,1.4569629429841515,180.0
IDN,2007,1.4993325838768055,1.4437976699314057,178.0
IDN,2008,1.3988082892001992,1.4102519929367379,182.0
IDN,2009,1.3212115222004406,1.348940621538495,181.0
IDN,2010,1.4215990861680998,1.3276574825437626,182.0
IDN,2011,1.0422918503244911,1.3573452011354497,184.0
IDN,2012,1.1443202348543857,1.3664515480189743,185.0
IDN,2013,1.1822564969495133,1.3617446443841992,186.0
IDN,2014,1.3834627875469647,1.4413609862719967,186.0
IDN,2015,1.3856949409443748,1.3403328863490147,187.0
IDN,2016,1.3094887327721887,1.4134871882957964,187.0
IDN,2017,1.2858213151347293,1.4185679319137332,187.0
IDN,2018,1.364184816723681,1.4243509714435023,187.0
IDN,2019,1.1277949632568336,1.4230673702288843,187.0
IDN,2020,1.2080522693583902,1.5185677333032825,186.0
IDN,2021,1.1828565431025706,1.3959163430374688,184.0
IDN,2022,1.0698789226852845,1.3459304801053757,185.0
IDN,2023,0.9180945647746679,1.366116021336815,184.0
IND,1990,2.3868782941312214,1.5624638405488547,140.0
IND,1991,2.0213893599646626,1.6046575765414004,143.0
IND,1992,2.001552619144258,1.659362778842012,150.0
IND,1993,2.359412216722838,1.5552124225958839,162.0
IND,1994,2.6025850241891084,1.5694047586109399,162.0
IND,1995,2.749574861628853,1.6345559708858044,165.0
IND,1996,2.7118511204095714,1.642957234853566,168.0
IND,1997,2.239948380742506,1.623772360776859,160.0
IND,1998,1.739094530842106,1.7437998204582028,163.0
IND,1999,1.693663485226943,1.7536084567281478,159.0
IND,2000,1.630047141820861,1.7730650096863836,163.0
IND,2001,1.5370811419064583,1.7074258163895903,169.0
IND,2002,1.4130776721564007,1.90275040436283,175.0
IND,2003,1.4003920142781365,1.9291894653928645,178.0
IND,2004,1.3483225185367194,1.8886027121448306,179.0
IND,2005,1.2790690298430714,1.8880801492651849,183.0
IND,2006,1.2428689061661236,1.776717817865763,183.0
IND,2007,1.1202590814806856,1.7223868847857178,183.0
IND,2008,1.1173163543800997,1.64951253253215,183.0
IND,2009,1.089706710615232,1.506775171403059,183.0
IND,2010,1.0520568699202995,1.4632885259026533,183.0
IND,2011,0.9879990605742743,1.5258716960733434,183.0
IND,2012,1.0961792796912921,1.574549134322699,183.0
IND,2013,1.067964091651989,1.6512397893408801,184.0
IND,2014,1.1806849663739878,1.6899910888698209,184.0
IND,2015,1.1440987746790974,1.7540546431725341,184.0
IND,2016,1.171179724973163,1.6712572949481441,188.0
IND,2017,1.1008443728098012,1.8337550793638615,187.0
IND,2018,1.1194577359462854,1.8384388896060393,187.0
IND,2019,1.0964533892981374,1.8186248600212818,187.0
IND,2020,1.1377185709677708,1.876399672189371,188.0
IND,2021,1.1092593770852837,1.8353117606566234,187.0
IND,2022,1.1903332852338593,1.6208287148489766,187.0
IND,2023,1.1653690362263562,1.650610860540633,187.0
IRN,1990,2.3830294880952057,0.8569930938997437,38.0
IRN,1991,2.1707212207029203,1.0235132017849031,43.0
IRN,1992,2.341809358769813,1.0381342087307581,45.0
IRN,1993,2.6548790852188002,1.0629244655214425,69.0
IRN,1994,3.203602429165392,1.0615429406116006,74.0
IRN,1995,2.5145697399754536,1.0602064454218736,80.0
IRN,1996,3.043341036910112,0.846379349958139,82.0
IRN,1997,2.7989966160612973,0.926582227257502,86.0
IRN,1998,2.264208296588573,0.9679520601273175,24.0
IRN,1999,2.2916539174431176,0.9955287058899054,24.0
IRN,2000,1.857013264427057,0.8662409519834857,140.0
IRN,2001,1.9820945064854738,0.8539516879095644,137.0
IRN,2002,1.8010789679223578,0.9312232891709491,140.0
IRN,2003,1.6405791845858428,0.9642270843930837,144.0
IRN,2004,1.6383612356665818,0.982299714293234,142.0
IRN,2005,1.8986976424376862,0.958001033897555,148.0
IRN,2006,1.7536509363505006,0.9921985857267022,151.0
IRN,2007,1.7346956275199648,0.9138817342308599,148.0
IRN,2008,1.9839661959188648,0.9058092860417267,148.0
IRN,2009,1.7487670510711797,0.8975824237807198,148.0
IRN,2010,2.036528574116216,0.9571266073838239,149.0
IRN,2011,1.6448724221804718,0.9388638142596343,146.0
IRN,2012,1.7619190102538127,0.8778714093467506,145.0
IRN,2013,1.3696825303806626,0.7127568875105509,147.0
IRN,2014,1.4215394106614523,0.9060660639745142,145.0
IRN,2015,1.4796467787364294,0.6408919098391849,150.0
IRN,2016,2.0953700953477368,0.841769527126568,143.0
IRN,2017,1.8176401628460972,0.8338624411642996,147.0
IRN,2018,1.92982856609924,0.8571590299461921,148.0
IRN,2019,1.5803855623459533,0.6611274557214947,146.0
IRN,2020,1.4956526073022611,0.7268857259340294,148.0
IRN,2021,1.8845277071390902,0.7339189753860716,148.0
IRN,2022,1.56493226349228,0.9166330059446898,147.0
IRN,2023,1.414705406715702,0.7665959581302648,143.0
IRQ,1990,2.515866963501162,1.338376362862898,52.0
IRQ,1991,1.5124959418907618,1.0916192553936013,40.0
IRQ,1992,1.5055607171074064,0.8542024841963316,35.0
IRQ,1993,1.1380080681685658,0.552036011933741,33.0
IRQ,1994,0.7104867458593441,0.10877568767330575,32.0
IRQ,2004,3.140732763057865,1.2824382326029855,81.0
IRQ,2005,2.303389904536233,1.7930841038388308,72.0
IRQ,2006,2.1952104340080805,1.7129809294361744,84.0
IRQ,2007,1.780792594887591,1.6772418074127105,83.0
IRQ,2008,1.9229868075147725,1.8066795662592146,90.0
IRQ,2009,1.7249779319584204,1.4999746450514355,89.0
IRQ,2010,1.5423225690558875,1.6383789578797519,94.0
IRQ,2011,1.2835040129405035,1.6804401253483283,95.0
IRQ,2012,1.4158319751484245,1.675869055343478,104.0
IRQ,2013,1.3193774532186204,1.5004308071466839,103.0
IRQ,2014,1.2715455082949776,1.549617547320236,97.0
IRQ,2015,1.4307442344210821,1.0301569496386753,102.0
IRQ,2016,1.5405963957004003,1.190086798626637,102.0
IRQ,2017,1.4257208169668674,1.3559411201822225,107.0
IRQ,2018,1.355045559187263,1.3326402853624308,97.0
IRQ,2019,1.2755455332834837,1.1295807138799656,114.0
IRQ,2020,1.0227883319771371,1.0663697307585416,107.0
IRQ,2021,1.0251091377825876,0.9570416197027563,107.0
IRQ,2022,1.055795573397632,1.1633596628458847,109.0
IRQ,2023,0.9423453975822035,1.2114193156552164,105.0
JAM,1990,2.1529089439070885,1.2994575744187387,56.0
JAM,1991,1.9712771001831648,1.3832370646700745,69.0
JAM,1992,2.250609700666518,1.5268575535807885,73.0
JAM,1993,2.197727927908538,1.503817688557022,71.0
JAM,1994,2.3135124249356336,1.456249575793807,82.0
JAM,1995,2.3304960338385943,1.70594598173095,89.0
JAM,1996,2.336408403387993,1.483450699337076,89.0
JAM,1997,2.2489760104800522,1.4306326730449672,96.0
JAM,1998,2.056597222980747,1.414901342930523,75.0
JAM,1999,2.0534976547476353,1.2915679018310062,70.0
JAM,2000,2.0413155011467135,1.316639786900697,67.0
JAM,2001,2.0157889734924943,1.2282299959869998,72.0
JAM,2002,1.9830988785221442,1.288198039889569,70.0
JAM,2003,2.0575040800219497,1.3658396376076933,67.0
JAM,2004,1.8538787166506134,1.3790618806148809,83.0
JAM,2005,2.0520940078475296,1.4440106734606168,90.0
JAM,2006,1.900643235224629,1.5592635060820417,91.0
JAM,2007,2.2149162165606113,1.4542047731093743,94.0
JAM,2008,2.2562835116369415,1.4506780896205733,106.0
JAM,2009,2.111581782328756,1.5556825151650189,103.0
JAM,2010,2.2766274034306972,1.423001037698883,108.0
JAM,2011,2.289049520696794,1.3174925520026568,102.0
JAM,2012,2.1621787887189075,1.5634819442336436,100.0
JAM,2013,2.3315284619527463,1.4130756176812869,111.0
JAM,2014,2.198720597488786,1.4326127189851492,102.0
JAM,2015,2.012955370499142,1.3989967857247523,90.0
JAM,2016,1.887791353012815,1.6127009767064926,114.0
JAM,2017,1.9997732133290935,1.6392875369217341,114.0
JAM,2018,1.9381826421790123,1.4319245646431298,113.0
JAM,2019,2.0235958554386455,1.441440169243302,110.0
JAM,2020,2.118213475483562,1.6100231981198794,115.0
JAM,2021,2.129799565850222,1.586786827364552,106.0
JAM,2022,2.1609378719597925,1.5386208449485363,98.0
JAM,2023,1.8635368263471632,1.6568147606264556,102.0
JOR,1990,0.4241384898777028,0.6664120958875323,64.0
JOR,1991,0.7171203508609939,0.8082161548282758,73.0
JOR,1992,0.5645789473968857,0.7303751794298563,77.0
JOR,1993,0.8312607382465724,0.8299003124253168,83.0
JOR,1994,0.798659785916251,0.8587966290297164,95.0
JOR,1995,0.8636274997013482,0.9985105471834657,99.0
JOR,1996,0.8446086292428473,0.9459645467190989,95.0
JOR,1997,0.755622791911782,0.9124198282776546,96.0
JOR,1998,0.7101673079093108,0.9911613420460429,99.0
JOR,1999,0.6255736145320583,1.0171322785499581,105.0
JOR,2000,1.0025262409388744,1.2944003115337748,100.0
JOR,2001,1.4439162395382048,1.5726241021398162,109.0
JOR,2002,1.8304181922609484,1.7167898694852453,119.0
JOR,2003,2.0114393845079195,1.8498540457523742,123.0
JOR,2004,1.5505253647161623,2.0119502845417565,126.0
JOR,2005,1.5577203932231998,1.977344502918595,133.0
JOR,2006,1.3464566249220895,2.0302840330724656,132.0
JOR,2007,1.2422649738029443,2.016733594084011,136.0
JOR,2008,0.9773656591598984,1.8013572364313395,132.0
JOR,2009,0.969868492840011,1.702729942799014,134.0
JOR,2010,0.9299868366619592,1.6313505011610807,137.0
JOR,2011,0.8125616039413801,1.6512640880515628,139.0
JOR,2012,0.9385969330681873,1.6703112121263157,133.0
JOR,2013,0.950927273999759,1.7188572381906695,139.0
JOR,2014,1.0241067762142604,1.6968994049640627,140.0
JOR,2015,1.093435147070464,1.6979862306478892,135.0
JOR,2016,1.2250435699949678,1.7845824442796538,138.0
JOR,2017,1.203198134140323,1.8525331017296882,135.0
JOR,2018,1.2234737776902285,1.9445657517899935,138.0
JOR,2019,1.3181352325312587,1.8450837426585283,135.0
JOR,2020,1.1726588352980871,1.8779434410841578,137.0
JOR,2021,1.2523040835413977,1.8321313853337013,139.0
JOR,2022,1.0841316966900312,1.614352907875312,138.0
JOR,2023,1.1705574434190045,1.6706337225101227,145.0
KAZ,1992,1.2796851796639275,0.8907255114319126,17.0
KAZ,1993,1.06486803588615,1.3098950705133647,40.0
KAZ,1994,0.782512079838714,0.8648620808148164,66.0
KAZ,1995,0.7646495419523792,0.809844262170312,74.0
KAZ,1996,0.6445056460568144,1.0444852552579544,90.0
KAZ,1997,0.746824303982234,1.1999575373326745,84.0
KAZ,1998,0.6472302657898903,1.152699633375678,109.0
KAZ,1999,0.6609844504397262,1.1151888206937943,84.0
KAZ,2000,0.6949328279092039,1.0737597988755148,102.0
KAZ,2001,0.6858840290503296,1.311976895400171,94.0
KAZ,2002,0.7643205829099532,1.1397676908253873,103.0
KAZ,2003,0.8117270869503359,1.0619803999339097,97.0
KAZ,2004,0.9342510092120161,1.0554184708421217,113.0
KAZ,2005,1.1238000775348964,1.0844664309277143,99.0
KAZ,2006,1.0619609866984017,0.976309879249521,106.0
KAZ,2007,0.9857174827706827,1.067273814631644,114.0
KAZ,2008,1.00138057491926,1.0685982138594687,111.0
KAZ,2009,1.0744855503676378,1.1201131541926888,105.0
KAZ,2010,1.1285874045024753,1.071002361054339,119.0
KAZ,2011,1.090905654460696,1.0268056575624425,112.0
KAZ,2012,1.0928251778836884,0.9315409066159095,110.0
KAZ,2013,1.1521190493679472,1.0519401747725283,113.0
KAZ,2014,1.1604800891258815,0.8971698866066937,112.0
KAZ,2015,1.2815479892306552,0.8557879526107425,113.0
KAZ,2016,1.1176430044514645,1.0099504131729815,117.0
KAZ,2017,1.204402543807851,0.9197549992356719,115.0
KAZ,2018,1.1446712323920718,1.0016373796753604,118.0
KAZ,2019,1.2337648411990871,0.9655627178093438,126.0
KAZ,2020,1.0299504541519,0.986265774793204,102.0
KAZ,2021,1.1206890111203018,0.9481274452053022,106.0
KAZ,2022,1.3132425749589252,1.0276152324667966,111.0
KAZ,2023,1.0268554947904454,1.109119364670296,129.0
KEN,1990,1.3006345965999049,1.2020500103329865,44.0
KEN,1991,1.6650989302451225,1.3416089761672516,90.0
KEN,1992,1.2386217115838287,1.343359070324878,90.0
KEN,1993,1.4092969567610047,1.2514906607458824,96.0
KEN,1994,1.4594923621641156,1.2670442149473689,96.0
KEN,1995,1.2662312843008627,1.2610625958118098,96.0
KEN,1996,1.263915431171158,1.1954570629469374,107.0
KEN,1997,1.3045536598664604,1.265052012841555,105.0
KEN,1998,1.0581994106149626,1.292221127837829,106.0
KEN,1999,1.226183031529048,1.3713952848999187,112.0
KEN,2000,0.9990379191555158,1.272851305101218,110.0
KEN,2001,0.8543876944147762,1.2190087934935063,123.0
KEN,2002,0.9547712263897986,1.356030043074881,127.0
KEN,2003,1.0101223276793334,1.2731867904188712,141.0
KEN,2004,0.8085812359265272,1.3216766226004442,151.0
KEN,2005,0.9693169528329199,1.5292311040320383,166.0
KEN,2006,1.0220498584104187,1.54613514096131,144.0
KEN,2007,0.9490205010317113,1.5333822317257952,145.0
KEN,2008,0.9148633760619227,1.4699574629458718,140.0
KEN,2009,0.8488042462706679,1.4152648185882137,138.0
KEN,2010,0.8981391638321903,1.369136592781961,140.0
KEN,2011,0.8061081689071689,1.3828012039972135,146.0
KEN,2012,0.7980815956546878,1.3614295161936925,141.0
KEN,2013,0.8756082778177865,1.3429491744772561,145.0
KEN,2014,0.9733090668507189,1.4050209737925308,149.0
KEN,2015,0.9543262577258731,1.3452188960879092,164.0
KEN,2016,1.017536478884194,1.3735900045018645,163.0
KEN,2017,1.0424041119483172,1.3595375132347365,162.0
KEN,2018,1.0107333972824435,1.4390858818118362,161.0
KEN,2019,0.9067957328961801,1.453271697104283,166.0
KEN,2020,0.9599783555651584,1.475943693819553,165.0
KEN,2021,0.8832965436688959,1.4943201180311898,162.0
KEN,2022,0.8954556719006216,1.3985544327363049,159.0
KEN,2023,0.8055598111966513,1.360294352915746,166.0
KGZ,1992,0.5546378466477475,0.9861882484718282,32.0
KGZ,1993,0.9318598893835333,1.196082045881473,37.0
KGZ,1994,1.0149397511143246,1.0894207870271582,40.0
KGZ,1995,0.9651804324711518,0.6760111538785731,22.0
KGZ,1996,0.6543506787081942,0.9743168884694334,48.0
KGZ,1997,0.5475750448627348,1.0951709345692775,55.0
KGZ,1998,0.5687405112500812,0.9043244687055266,40.0
KGZ,2000,0.7532590634830527,0.976182350077674,40.0
KGZ,2002,0.8252961670111492,1.258011047647943,50.0
KGZ,2003,0.7883523599649003,1.0298123274882358,59.0
KGZ,2004,0.7030079134842132,0.8834176182810765,60.0
KGZ,2005,0.5444722201931377,0.8008955459358907,47.0
KGZ,2006,0.5357122717017646,0.9046710438067759,47.0
KGZ,2007,0.61644927248745,0.8169763702010694,67.0
KGZ,2008,0.620032918816059,0.8848487833009907,60.0
KGZ,2009,0.6621470896541569,0.7582021125044882,76.0
KGZ,2010,0.7805931206663805,1.1763302842673924,75.0
KGZ,2011,0.5855820506901814,0.7081799484491098,72.0
KGZ,2012,0.5122208906083457,0.7502574970146741,79.0
KGZ,2013,0.7063977492513309,0.710422724327464,81.0
KGZ,2014,0.7056616166824985,0.7855235274069751,81.0
KGZ,2015,0.9659743961221515,0.7181481952241591,83.0
KGZ,2016,0.9214749812077926,0.6906129778585337,80.0
KGZ,2017,0.9587582447825248,0.8769730516227676,84.0
KGZ,2018,1.3980330412499633,1.0723894904390365,47.0
KGZ,2019,1.3795063941814723,1.1646807309462042,84.0
KGZ,2020,1.491853818208802,1.1862528475236933,86.0
KGZ,2021,0.9565243294605005,1.038290136496002,84.0
KGZ,2022,0.3307967848629897,0.5546885953366225,95.0
KGZ,2023,0.5611085101033961,0.7561008725990338,102.0
KHM,1991,1.2568657156413794,1.0417603809879419,30.0
KHM,1992,0.6901956870532503,0.9855457856292006,33.0
KHM,1993,1.04833313634307,1.0442810183873974,46.0
KHM,1994,0.8526379103214842,0.8519809304717391,52.0
KHM,1995,1.0075487566491397,0.9312247287626745,47.0
KHM,1996,1.193841413781576,1.2050276589651514,54.0
KHM,1999,1.9482271818135686,1.4915927408789973,61.0
KHM,2000,2.8953658358588497,1.1524180982588659,80.0
KHM,2001,2.8863284255531316,1.0620189305125138,78.0
KHM,2002,2.902072625556842,1.1651686438195126,89.0
KHM,2003,2.9172959321078342,1.253006136240068,92.0
KHM,2004,2.694983400723711,1.3241908544770324,100.0
KHM,2005,2.922866008956404,1.334680434018961,97.0
KHM,2006,2.9743252394042146,1.308350526905433,100.0
KHM,2007,2.6451490201672274,1.4213819460768957,100.0
KHM,2008,2.6231924542707663,1.4445735748038784,103.0
KHM,2009,2.1532001776988148,1.6139792746778805,105.0
KHM,2010,2.219471910476647,1.545677902263865,105.0
KHM,2011,2.176185419075303,1.5005115973512395,106.0
KHM,2012,1.5364166402317279,1.4697276480967907,108.0
KHM,2013,1.9856303069121441,1.514440523359698,113.0
KHM,2014,2.2025430432106745,1.3694351555166013,130.0
KHM,2015,2.361964521616633,1.0592066093652566,24.0
KHM,2016,2.151545559731456,1.110615668471147,26.0
KHM,2017,2.245866523547937,1.2199747076370782,24.0
KHM,2018,2.643845610400386,1.2131777750731856,25.0
KHM,2019,2.560975606737756,1.272912336943626,25.0
KHM,2020,2.173861405842503,1.4937514476004756,23.0
KHM,2021,2.55961113300539,1.4355912476241697,22.0
KHM,2022,2.037243830802472,1.3011833495728153,22.0
KHM,2023,1.8412623767656073,1.3580974277230953,21.0
LAO,1990,0.77802937357257,0.752339325085849,34.0
LAO,1991,1.1298951807859392,1.076983192078758,30.0
LAO,1992,1.5964848884884697,1.146498344534906,34.0
LAO,1993,1.2753563132709251,1.1114373167029532,14.0
LAO,1994,1.065511990547025,0.910501620382118,14.0
LAO,1995,0.9076993909737663,0.8574075885327034,14.0
LAO,1996,0.6828527952196837,0.6894245587234477,14.0
LAO,1997,2.470367428318852,0.9726602535935143,16.0
LAO,1998,1.4108838716824512,1.293308953632898,55.0
LAO,1999,1.162566650924858,1.244887688520937,59.0
LAO,2000,0.6985339309231284,0.6474708159990532,37.0
LAO,2001,0.8073983602536752,0.6306618359483848,37.0
LAO,2002,0.6961636997405399,0.5601162455933809,38.0
LAO,2003,0.5991801329717018,0.6017646184708519,38.0
LAO,2004,0.6035507461251158,0.6318138321740775,38.0
LAO,2005,0.4809229918473563,0.6453203486454916,38.0
LAO,2006,0.5340229799709043,0.6141623378144029,38.0
LAO,2007,0.49053904928149106,0.5795519469712931,38.0
LAO,2008,0.49608509524103284,0.5747707073533395,38.0
LAO,2009,0.5095196854670024,0.5681123283031646,38.0
LAO,2010,0.39780442274913996,0.621995564725961,37.0
LAO,2011,0.5036073973206964,0.5619198100411641,34.0
LAO,2012,0.3879574307196992,0.578969394960586,33.0
LAO,2013,0.5187301893693119,0.5595693448690874,37.0
LAO,2014,0.5495127692497483,0.6347723839222392,37.0
LAO,2015,0.8049719140146943,0.626765969336857,37.0
LAO,2016,0.5629826008950838,0.5366829155903701,70.0
LAO,2017,0.7396179800579414,0.5388885278522505,79.0
LAO,2018,0.6388016479165812,0.539086033931556,66.0
LAO,2019,0.48965993511064654,0.5845625897596929,79.0
LAO,2020,0.5113109971908428,0.6812231082261408,81.0
LAO,2021,0.5483817954428839,0.7270490276735783,39.0
LAO,2022,0.4846642950953305,0.6873041450709101,37.0
LAO,2023,0.4375918810914191,0.7081123284468275,37.0
LBN,1990,1.0461425618222282,1.4154307178228687,74.0
LBN,1991,1.031232067142956,1.2671118085670476,78.0
LBN,1992,1.0436133881861276,1.2402265211578474,81.0
LBN,1993,1.140657354407311,1.1723597935868624,86.0
LBN,1994,1.162350089945391,1.2071918363675453,94.0
LBN,1995,1.3574045636799867,1.3051233532252753,118.0
LBN,1996,1.4312538859312762,1.1970352377296873,122.0
LBN,1997,1.4446151900426556,1.355381977794485,130.0
LBN,1998,1.5451969084261215,1.4544191376103017,130.0
LBN,1999,1.4213458673490604,1.3616153832616178,113.0
LBN,2000,1.005622256367257,1.1464378393857888,119.0
LBN,2001,1.1801367544545842,1.1393372735372616,132.0
LBN,2002,1.0508259459803342,1.1937071067920317,140.0
LBN,2003,1.2931989895518192,1.3094705095560673,142.0
LBN,2004,0.8464297571965249,1.068068491920032,142.0
LBN,2005,0.7400545174727734,0.9537549547253427,154.0
LBN,2006,0.7999572857658153,1.0051260455508007,152.0
LBN,2007,0.8135927484409988,1.06283468261933,160.0
LBN,2008,0.7936630531948952,1.0142149076421254,159.0
LBN,2009,0.891262538798514,1.1011619804919095,163.0
LBN,2010,0.8829855774389245,1.0591321776362974,157.0
LBN,2011,0.8879371762462758,1.0659235769941202,154.0
LBN,2012,0.892139361965957,1.0624734855705666,159.0
LBN,2013,0.7191230443161072,1.0114254577588615,161.0
LBN,2014,0.7140657100715699,1.0508423715068875,160.0
LBN,2015,0.6298461290210197,1.052813913406558,156.0
LBN,2016,0.9363452942930119,0.9979171893264753,154.0
LBN,2017,0.9021584708939596,1.0016405704814213,156.0
LBN,2018,0.8674132680680419,1.1125687853667785,160.0
LBN,2019,1.166037934625689,1.1001642051373797,153.0
LBN,2020,1.2147433644994328,1.2100189513337247,153.0
LBN,2021,0.845929670423714,1.2135173418554805,159.0
LBN,2022,0.906745439236848,1.1837651507334768,159.0
LBN,2023,0.935625417132415,1.2045317545359597,161.0
LBR,1991,1.6225679353654445,0.5920942168580202,42.0
LBR,1992,1.4880295868863456,0.7647997789402713,46.0
LBR,1995,1.1026007270764417,1.0734261523257387,57.0
LBR,1996,1.335829722239614,1.1915244061310215,67.0
LBR,1997,1.784809399784144,0.7865442644611598,65.0
LBR,2004,0.791058764008491,1.2043330720321637,14.0
LBR,2005,0.7469491492029061,1.1978739049917235,14.0
LBR,2006,0.7688779540824044,1.1528654094373627,14.0
LBR,2007,0.7332754802395203,1.1701053344312624,14.0
LBR,2008,0.6461288400580117,1.2687635373838282,14.0
LBR,2009,0.6636906119880905,1.2747122066837435,14.0
LBR,2010,0.8883566644812952,1.0789706408263224,14.0
LBR,2011,0.7386291811118637,1.1745326594254117,14.0
LBR,2012,0.7652014038840416,1.1317731075940638,14.0
LBR,2013,0.6628064988593105,1.1900606571663832,14.0
LBR,2014,0.6587420746331851,1.1842749946217668,14.0
LBR,2015,0.6112374967227161,1.1936367168354924,14.0
LBR,2016,0.6627345770580708,1.155309016638013,14.0
LBR,2017,0.7222361331029117,1.2012461412737085,43.0
LBR,2018,1.008466233942424,1.4446041384570563,35.0
LBR,2019,1.048567190943561,1.6538773947401126,58.0
LBR,2020,1.0418324922200708,1.3089324616895766,50.0
LBR,2021,1.4031764618031772,2.229219534401858,57.0
LBR,2022,1.2368601389309049,0.8850513154276716,50.0
LBR,2023,1.2155364659048464,1.6630704747804277,50.0
LBY,1990,2.2405265712543665,0.6948457182232932,51.0
LBY,1991,2.293884620161543,0.6703700076150005,49.0
LBY,1992,2.5955232709754137,0.7183471543723214,61.0
LBY,1993,3.0376233501129595,0.706612100968792,60.0
LBY,1994,3.1794741096941035,0.6985390173158643,71.0
LBY,1995,3.206955588887277,0.7268435036156013,69.0
LBY,1996,3.062558210358236,0.6990011345325085,62.0
LBY,1997,3.315593498749521,0.6917624427078496,63.0
LBY,1998,2.704823346723843,0.6174733352173505,42.0
LBY,1999,2.5328581680970275,0.55994311857221,66.0
LBY,2000,2.790063091712363,0.7177772635446152,23.0
LBY,2001,2.784763221787923,0.6902711658757514,23.0
LBY,2002,2.7833558422701685,0.691296479351018,24.0
LBY,2003,2.601615699210818,0.7465466025292711,24.0
LBY,2004,2.2316628795331543,0.7391341015020816,24.0
LBY,2005,2.2050003486705414,0.7595412812639717,24.0
LBY,2006,2.374482407127171,0.7874764508540382,24.0
LBY,2007,2.4513588437443232,0.7758911888977539,47.0
LBY,2008,2.5021635944823672,0.7478211446888893,47.0
LBY,2009,2.0964518474369678,0.7816911988246598,42.0
LBY,2010,1.8129144972155642,1.0459871005226618,47.0
LBY,2011,1.2058490892475373,1.1749224398683755,77.0
LBY,2012,1.3776842149133879,1.1407550828823054,77.0
LBY,2013,1.4811409481566031,1.1053231837322393,77.0
LBY,2014,1.3787059763153462,1.0599144871165151,77.0
LBY,2015,1.6121873863496816,0.9773945648116806,77.0
LBY,2016,1.6536348078506666,0.9782812972618125,77.0
LBY,2017,1.6573637751088544,0.9330457398502192,77.0
LBY,2018,1.3261865090205762,1.0888051484886019,73.0
LBY,2019,1.58676610752552,1.0347227479126533,43.0
LBY,2020,1.318614775278765,0.8876486323284951,40.0
LBY,2021,1.7021189721238716,0.8829906583473532,43.0
LBY,2022,1.8526081331067576,0.8607802062173837,42.0
LBY,2023,1.9263752312067246,0.8105143299330928,34.0
LKA,1990,2.0829419786167698,1.7535334659998785,116.0
LKA,1991,2.321212261034425,1.4119311020820935,59.0
LKA,1992,2.7399543433182942,1.3527066232338834,83.0
LKA,1993,2.7356932631338617,1.2955786047743076,57.0
LKA,1994,2.950154154254084,1.2935470782443328,73.0
LKA,1995,2.986178807830024,1.3828016251427773,74.0
LKA,1996,2.7624606075767555,1.336141886728428,74.0
LKA,1997,2.648750166751359,1.2823366967846916,72.0
LKA,1998,2.405818511568059,1.4282634009729973,92.0
LKA,1999,2.44798085986687,1.3345604835344542,90.0
LKA,2000,2.4931188826447106,1.3894416351899461,90.0
LKA,2001,2.338292838197463,1.4605156099501966,91.0
LKA,2002,2.375528815293337,1.4593914077639325,85.0
LKA,2003,2.2119597601042256,1.6345840522683095,88.0
LKA,2004,2.1319228237795063,1.6579259896440885,96.0
LKA,2005,1.964221643620657,1.795204021707112,98.0
LKA,2006,2.007580524674834,1.6867999888142096,98.0
LKA,2007,1.9003238698419764,1.7052387701182612,160.0
LKA,2008,2.10827080271635,1.631122930374537,163.0
LKA,2009,2.0160568123407687,1.4870981091514792,168.0
LKA,2010,1.8142883800268987,1.510943632781253,165.0
LKA,2011,1.8543002046258699,1.5531874875501752,168.0
LKA,2012,1.8480048921284824,1.6173601654642902,167.0
LKA,2013,2.130362427717277,1.6136277600811053,166.0
LKA,2014,2.17641222816024,1.625943837686764,171.0
LKA,2015,1.89735249654257,1.5622142830855843,158.0
LKA,2016,1.8337386977862804,1.5713653174592244,172.0
LKA,2017,1.8024068694927096,1.6369305131001097,172.0
LKA,2018,1.7397447463025957,1.7438667442722227,177.0
LKA,2019,1.812613901907007,1.6112332311463078,178.0
LKA,2020,1.9104522693482267,1.6347556316682728,175.0
LKA,2021,2.108400014881989,1.5404668907125312,172.0
LKA,2022,1.9951675105424906,1.4821143049018501,173.0
LKA,2023,1.857746385604305,1.5096103787397666,175.0
LSO,2000,1.569403124705346,1.0829406847274587,14.0
LSO,2001,1.4373370759089552,1.2671850630839663,34.0
LSO,2002,1.780998269448784,1.4840316020676416,14.0
LSO,2003,2.8638845382744313,1.3003997108747567,16.0
LSO,2004,0.29401885849468756,0.6519909773396091,27.0
LSO,2005,1.9916745052865807,1.048641601104054,3.0
LSO,2006,2.6928046172115607,1.2663222370769298,10.0
LSO,2007,1.7303875603265073,1.3529460106605764,7.0
LSO,2008,1.8627164480298068,1.9218485572919075,28.0
LSO,2009,1.3154177459492011,1.7057977030386198,26.0
LSO,2010,0.7869545679811815,1.5206469552880508,28.0
LSO,2011,1.5703348694676638,1.7729778198099562,59.0
LSO,2012,1.4620734167769287,1.9989402304419863,44.0
LSO,2013,0.7576491618256049,1.176565061564198,31.0
LSO,2014,1.9307086652570604,1.1128518809662216,19.0
LSO,2015,1.6938825011108036,1.2760193959962598,37.0
LSO,2016,1.5044361130406338,1.8078112929942316,74.0
LSO,2017,1.738438841592816,1.484524520541062,73.0
LSO,2018,1.2782772609376876,1.7628859908851935,70.0
LSO,2019,1.153658143607409,1.8755653695708259,64.0
LSO,2020,1.2555770137881446,1.7912767460059338,62.0
LSO,2021,1.2615785360601885,1.7052250822381372,70.0
LSO,2022,1.196487607921113,1.49930012327362,60.0
LSO,2023,1.2641453367720408,1.3403339413264048,61.0
LTU,1992,0.39810115270407187,0.513671298935164,24.0
LTU,1993,0.5585696949076899,0.5917209966068981,46.0
LTU,1994,0.3578985781125499,0.4411284806177709,112.0
LTU,1995,0.3317668651406424,0.42379781843999337,92.0
LTU,1996,0.4656621668056057,0.40207194321646106,106.0
LTU,1997,0.5548107401315421,0.45480863465690624,102.0
LTU,1998,0.4397330959039215,0.5268690268258511,105.0
LTU,1999,0.38514875013186206,0.5380917650803652,109.0
LTU,2000,0.34524966831017817,0.5635516418771636,119.0
LTU,2001,0.382429149532642,0.5437258900556605,132.0
LTU,2002,0.40510422814249103,0.5205775746370679,137.0
LTU,2003,0.3544934202087103,0.5126907169692758,136.0
LTU,2004,0.3748953348291162,0.6517398861550374,148.0
LTU,2005,0.4326060002753062,0.7198558788529532,148.0
LTU,2006,0.44836468459340534,0.7991095462883681,154.0
LTU,2007,0.4441870008991103,0.7646812686135125,150.0
LTU,2008,0.5164813790457672,0.8128763763535433,153.0
LTU,2009,0.46781808648208095,0.7439966993217647,153.0
LTU,2010,0.4728398153930161,0.7205608361855971,160.0
LTU,2011,0.5028224903955307,0.8032864442980219,157.0
LTU,2012,0.4768349748546205,0.7455409203423823,161.0
LTU,2013,0.5579069492314042,0.8251684522510275,164.0
LTU,2014,0.5501431989298311,0.8193135996136569,167.0
LTU,2015,0.49358117464723616,0.7458414460456392,168.0
LTU,2016,0.5218238717068463,0.7502254334143368,174.0
LTU,2017,0.5113149872210886,0.773558280489948,172.0
LTU,2018,0.5362998979405865,0.826509125954206,175.0
LTU,2019,0.5286903692285453,0.8107889493307788,172.0
LTU,2020,0.5402035579357952,0.8436787651091168,172.0
LTU,2021,0.5031644249664424,0.7926488113771243,171.0
LTU,2022,0.5546623911386183,0.9409898208389379,173.0
LTU,2023,0.6099015932287664,0.9502456342682002,171.0
LVA,1992,0.40093999678114906,0.5211962266604682,51.0
LVA,1993,0.5214224689862477,0.532593583301499,71.0
LVA,1994,0.4412329360020084,0.46969190556356494,88.0
LVA,1995,0.7482777862908849,0.3056037180239471,80.0
LVA,1996,0.4770560673061861,0.4875779293375893,91.0
LVA,1997,0.5342083030431412,0.5188326639554334,97.0
LVA,1998,0.37569202693659287,0.5312269055386009,106.0
LVA,1999,0.41029738352514344,0.5484961455893094,104.0
LVA,2000,0.36774573179057735,0.6266818106916049,120.0
LVA,2001,0.3697352578922558,0.6444562941535045,123.0
LVA,2002,0.39496702662399086,0.5962189795530708,126.0
LVA,2003,0.3594245064771021,0.5677756645467781,135.0
LVA,2004,0.392678345273231,0.5600224007346631,140.0
LVA,2005,0.38726166913633736,0.5868710219389865,143.0
LVA,2006,0.3538791093434106,0.7490595839983676,152.0
LVA,2007,0.3698320050673657,0.70311656191515,158.0
LVA,2008,0.4142660180050908,0.7716922813977266,159.0
LVA,2009,0.45181129040268153,0.789525953352749,156.0
LVA,2010,0.4500047409792883,0.7735296180011532,157.0
LVA,2011,0.4438799406430938,0.8082065852669249,159.0
LVA,2012,0.4584522660903408,0.8086163111824696,163.0
LVA,2013,0.4211180053233532,0.7611363065118695,165.0
LVA,2014,0.408300592670678,0.7690270393983826,169.0
LVA,2015,0.4256978223822558,0.762392725242604,166.0
LVA,2016,0.41850288541924185,0.7222827363370942,171.0
LVA,2017,0.4157361715653846,0.7027023172463738,172.0
LVA,2018,0.43963068922128273,0.7640470848672906,174.0
LVA,2019,0.42715692808589084,0.7444965573312508,174.0
LVA,2020,0.4655087495809692,0.8077110610212705,172.0
LVA,2021,0.41786120892223366,0.741147503790801,167.0
LVA,2022,0.4888642280983389,0.8983256954857566,169.0
LVA,2023,0.5340006366813652,0.9433128595430119,170.0
MAR,1990,2.0879316135092063,1.0613422511375328,46.0
MAR,1991,1.9619051963477547,1.1751689608122675,99.0
MAR,1992,1.8866054406858122,1.158239293123307,106.0
MAR,1993,2.191098718514877,1.0964743326819746,90.0
MAR,1994,1.7670132134727738,0.9837175883241873,109.0
MAR,1995,1.7117881073412686,1.0322253926527003,111.0
MAR,1996,2.000697449488816,1.058118216755031,122.0
MAR,1997,2.0026625252427883,1.1114155055778354,118.0
MAR,1998,1.837589353844812,0.9112858896533441,28.0
MAR,1999,1.9928297376534774,0.9190352098627113,96.0
MAR,2000,1.688482654028556,0.9925050204120526,129.0
MAR,2001,2.1144203659199814,0.9772059322502893,130.0
MAR,2002,2.2511323765941587,0.913813221971697,137.0
MAR,2003,2.2570849015444425,0.9132376048013705,147.0
MAR,2004,2.0583196164158926,0.9751945105027306,140.0
MAR,2005,2.0076951019006484,1.008666299476225,143.0
MAR,2006,1.6253366427144336,1.0643286846345958,141.0
MAR,2007,1.6688792252179634,1.0699544893021193,149.0
MAR,2008,1.4323865868781174,1.2257165846690101,146.0
MAR,2009,1.5288833391713221,1.1073389541287462,148.0
MAR,2010,1.4000167913484054,1.2053035354975583,150.0
MAR,2011,1.3084397989589465,1.2555713644434763,150.0
MAR,2012,1.3973595961141692,1.3162451281879681,153.0
MAR,2013,1.436478360799406,1.2375062593452004,156.0
MAR,2014,1.4757229152134284,1.1875150043867266,158.0
MAR,2015,1.4262345418976463,1.220351488248424,157.0
MAR,2016,1.5493748443896074,1.119210225668212,166.0
MAR,2017,1.3188956398441443,1.2451076547274607,159.0
MAR,2018,1.3930868402477767,1.2452558016764432,163.0
MAR,2019,1.583747275540223,1.0381828580210875,167.0
MAR,2020,1.5270829910284367,1.0606713182923238,162.0
MAR,2021,1.3275420300119338,1.087927878746476,159.0
MAR,2022,1.3645912357630205,1.08369966353686,161.0
MAR,2023,1.4677408141970207,1.0784848366845976,169.0
MDA,1992,0.3364679544295449,0.48361763095201915,34.0
MDA,1993,0.42017265178617497,0.5073600949195317,39.0
MDA,1994,0.25797751924461065,0.34153761445845876,46.0
MDA,1995,0.216340563335911,0.3870588675041082,54.0
MDA,1996,0.406684933972669,0.38697634120908947,64.0
MDA,1997,0.6063478827896062,0.47318168510960207,69.0
MDA,1998,0.5059931451207872,0.41132769784543033,52.0
MDA,1999,0.5262974589391711,0.4760133518235183,67.0
MDA,2000,0.6253288291942165,0.5292186572141334,67.0
MDA,2001,0.6203055583204058,0.508475891065144,62.0
MDA,2002,0.5989349847997604,0.5816016353951898,70.0
MDA,2003,0.5336842575325516,0.656821438156418,71.0
MDA,2004,0.5708741684003108,0.6554837073072473,78.0
MDA,2005,0.5446432908170349,0.6456947282188492,82.0
MDA,2006,0.5454491900999787,0.7328534496714169,84.0
MDA,2007,0.46801960188780933,0.7400106482824228,81.0
MDA,2008,0.512680767957487,0.7123777974548272,89.0
MDA,2009,0.5109536796780766,0.6590433070734093,87.0
MDA,2010,0.5462288390720669,0.686792724540679,90.0
MDA,2011,0.5663211910628766,0.7085865749344432,84.0
MDA,2012,0.500873003194841,0.6110075346834302,96.0
MDA,2013,0.5034587785865314,0.6233217625482175,97.0
MDA,2014,0.4780817597293094,0.644865132340583,92.0
MDA,2015,0.47181638110414614,0.6703396702699405,109.0
MDA,2016,0.5016787266162895,0.6259152727557332,119.0
MDA,2017,0.48529734400721874,0.600577259110476,123.0
MDA,2018,0.49173419729801415,0.6091034839290169,129.0
MDA,2019,0.5294578041104878,0.646602808136608,130.0
MDA,2020,0.5472588976317271,0.6446207944889251,125.0
MDA,2021,0.48055754865374045,0.6818843851176171,130.0
MDA,2022,0.5578223142849674,0.7481916646545782,130.0
MDA,2023,0.585356024164294,0.643362720119226,134.0
MDG,1990,2.9176792029527303,1.1024443250525324,67.0
MDG,1991,2.34783712650225,1.1052619468289802,75.0
MDG,1992,2.4334125438443728,1.111573221943996,95.0
MDG,1993,2.4089793545789067,0.9595037478660896,91.0
MDG,1994,2.3008491952273857,0.9846074484127809,88.0
MDG,1995,2.0696693202023244,1.149477017200309,90.0
MDG,1996,2.058472696847607,0.9085427476301514,97.0
MDG,1997,1.8521563707902795,1.132046954371712,98.0
MDG,1998,1.8380737797666946,1.1273642378135769,97.0
MDG,1999,1.5455702440453376,1.2449405089702708,84.0
MDG,2000,2.2082000175757863,1.0441883932993004,95.0
MDG,2001,1.865789205855819,1.3235063032694165,100.0
MDG,2002,1.7094000476328355,1.4568732114567784,88.0
MDG,2003,2.1490503900846996,1.376465699755577,106.0
MDG,2004,2.2255660027800364,1.4626360016246365,108.0
MDG,2005,1.8832769146126196,1.5588555648738551,112.0
MDG,2006,1.6893881935073964,1.428814405337165,117.0
MDG,2007,1.7393978932252492,1.4740644401593432,105.0
MDG,2008,1.8190949758571329,1.4915177586239097,117.0
MDG,2009,1.6144242670147486,1.3812159843742295,110.0
MDG,2010,1.3299660987845399,1.2682694573977598,128.0
MDG,2011,1.2707289525714462,1.2197698764533713,125.0
MDG,2012,1.3140618726056517,1.3010875100180195,116.0
MDG,2013,1.4349249178755838,1.3278404620659872,126.0
MDG,2014,1.202259750137818,1.2388325388819126,132.0
MDG,2015,1.4570989496064475,1.3582546559152486,127.0
MDG,2016,1.5821384253099389,1.3395951916949165,130.0
MDG,2017,1.646373079366299,1.5123439855966598,138.0
MDG,2018,1.6180994848544006,1.468617567932591,131.0
MDG,2019,1.6679430479689343,1.393583032507236,128.0
MDG,2020,1.4645401224600234,1.7263451205846139,131.0
MDG,2021,1.3288961633789205,1.6999177359557052,131.0
MDG,2022,1.4922713708214013,1.2862964189607449,126.0
MDG,2023,1.4895614089906295,1.2641735155253297,128.0
MEX,1990,3.3914473766284567,1.1911688149463708,124.0
MEX,1991,3.4329948442162497,0.8877231712756712,75.0
MEX,1992,3.1336769245381344,1.0654149074638166,74.0
MEX,1993,3.0246269888026434,1.031731102069333,71.0
MEX,1994,3.458881376068577,0.8779078590924367,71.0
MEX,1995,3.3257404301319147,1.0980197483219907,70.0
MEX,1996,3.3162211255017007,1.0666312614464681,71.0
MEX,1997,3.2003989223548617,0.9971970019275969,73.0
MEX,1998,3.2600143507361894,0.9023581666104099,72.0
MEX,1999,2.979104809715669,0.867638618213449,72.0
MEX,2000,2.9396081054645524,0.9647572552432866,151.0
MEX,2001,3.0391992968521206,0.8938854913169119,146.0
MEX,2002,2.8439143279015986,1.1004716004861996,155.0
MEX,2003,2.9761999324093713,1.2723344134839858,155.0
MEX,2004,2.727515913387236,1.407875743740586,160.0
MEX,2005,2.7039595042626323,1.5156256817279552,162.0
MEX,2006,2.5742710633578114,1.5671794756442825,170.0
MEX,2007,2.489749682907661,1.6294412623841632,171.0
MEX,2008,2.455347693207203,1.7545103892996703,170.0
MEX,2009,2.3153028979980874,1.5488881253643807,176.0
MEX,2010,2.2350465060346605,1.4805990656325223,170.0
MEX,2011,2.1764150198092382,1.5669505325533732,176.0
MEX,2012,2.2533510271341015,1.6644916820444982,173.0
MEX,2013,2.3671280127028878,1.7215261012988272,173.0
MEX,2014,2.414274341429374,1.6314539482607056,173.0
MEX,2015,2.453197179726004,1.5050073942450084,173.0
MEX,2016,2.318190525479445,1.5106736808969987,176.0
MEX,2017,2.2585722608063685,1.7376651576124578,177.0
MEX,2018,2.3244906187665952,1.7290530088680518,175.0
MEX,2019,2.293734157966824,1.6558160301798615,177.0
MEX,2020,2.3636682805528393,1.669120659026175,180.0
MEX,2021,2.318723514262616,1.6225286874228675,179.0
MEX,2022,2.196602049041137,1.391436227053157,177.0
MEX,2023,2.2175483073278146,1.341220571997359,175.0
MKD,1993,0.8968157451350808,0.9032846367233109,45.0
MKD,1994,0.41969571448686793,0.49324578398901636,45.0
MKD,1995,0.37793488973012884,0.5363545310100027,59.0
MKD,1996,0.4767038469998207,0.5772247259296981,68.0
MKD,1997,0.5799507877729962,0.659447121989476,84.0
MKD,1998,0.6398624057923784,0.8491865646952054,85.0
MKD,1999,0.6129379359468542,0.8421253095909175,86.0
MKD,2000,0.5004975259998131,0.7469288389351418,83.0
MKD,2001,0.40683066449739075,0.6433742026620173,78.0
MKD,2002,0.3862001000242624,0.6511679690211117,86.0
MKD,2003,0.361793865531222,0.6342786519279352,87.0
MKD,2004,0.244400920305405,0.577735540907893,84.0
MKD,2005,0.19987106608502922,0.5286545616035141,93.0
MKD,2006,0.13185338840165223,0.3809969930333302,88.0
MKD,2007,0.12860994309876775,0.3979420084306319,104.0
MKD,2008,0.09937464166772116,0.2992379466423239,97.0
MKD,2009,0.18159343945520628,0.34560259427702233,99.0
MKD,2010,0.3520789466676676,0.5804809923733922,104.0
MKD,2011,0.19625840683901194,0.5351091546772015,110.0
MKD,2012,0.22172997113259896,0.5921499694708922,115.0
MKD,2013,0.3270696802492269,0.48811922593630486,110.0
MKD,2014,0.330754716731219,0.4858470446495823,112.0
MKD,2015,0.3686216468021552,0.43104135614023587,121.0
MKD,2016,0.40073334095376684,0.3961614800931966,119.0
MKD,2017,0.32502427524858707,0.42074499599971954,121.0
MKD,2018,0.3300636724458528,0.44818011051772016,121.0
MKD,2019,0.24759209785788713,0.4619054016631722,127.0
MKD,2020,0.33829087813481834,0.5339827648150249,125.0
MKD,2021,0.24194803937956838,0.5019580554865474,132.0
MKD,2022,0.34217194145980145,0.4479207451895838,132.0
MKD,2023,0.351817584433336,0.4296667050765157,130.0
MLI,1990,1.5743068519597,1.0467845238677778,43.0
MLI,1991,1.1175621797334068,0.9510166143135832,40.0
MLI,1992,0.9869815147960157,1.0274479227051325,44.0
MLI,1993,1.1311509844860514,0.9628173077117455,51.0
MLI,1994,1.380053681381018,1.0447643689897432,55.0
MLI,1995,1.0239765950915278,1.0066762340282405,65.0
MLI,1996,1.07020606998875,1.0985004546553367,63.0
MLI,1997,1.1541266758563355,1.054476622594281,71.0
MLI,1998,1.210357404045696,0.9509284147899654,68.0
MLI,1999,1.3149201276491589,1.0107037165535206,71.0
MLI,2000,0.6298084036430684,0.7164687854920896,63.0
MLI,2001,0.9477189378144668,0.9799834536376393,79.0
MLI,2002,1.773057947914826,0.7721678508207684,87.0
MLI,2003,1.442957699357209,0.896213477117652,90.0
MLI,2004,0.641554061721195,0.9637865447536437,97.0
MLI,2005,0.7358622428762658,0.9710317316362403,86.0
MLI,2006,0.22425845901869115,0.6165470559089261,97.0
MLI,2007,0.28844957007052774,0.6965330789887757,86.0
MLI,2008,0.2721445451047506,0.8027463457280699,95.0
MLI,2009,0.5244532895656159,0.9642110337667122,101.0
MLI,2010,0.6150614060203435,0.9755145259838618,103.0
MLI,2011,0.46755840269269316,0.703440314708438,100.0
MLI,2012,0.5047373621381601,0.6589116898300873,108.0
MLI,2013,0.40131897576090675,0.6803034158407738,98.0
MLI,2014,0.5069546695150847,0.7635956726908867,101.0
MLI,2015,0.6621101273547563,0.7801400384948655,104.0
MLI,2016,0.462522925687786,0.667280169764199,99.0
MLI,2017,0.5001974876724555,0.6496469337102309,103.0
MLI,2018,0.510964176236619,0.7292407623369093,108.0
MLI,2019,0.5376416969838843,0.7683212427984266,110.0
MLI,2020,0.6362825274595237,0.83268682303644,109.0
MLI,2021,1.3753275035737471,0.8412933400586219,103.0
MLI,2022,1.48580003355332,0.8670279231884632,112.0
MLI,2023,0.9298516386041819,0.9003571378879144,109.0
MMR,1990,0.7126586947416157,1.0549644919433472,50.0
MMR,1991,0.7766125849321445,1.2917650442106823,61.0
MMR,1992,0.9336447367118712,1.142653998273306,59.0
MMR,1993,1.1199131783939196,1.2048596230898716,59.0
MMR,1994,1.3219212854559677,1.1855268825931857,63.0
MMR,1995,1.3099755151844408,1.2492976698450242,62.0
MMR,1996,1.7720081941073142,1.3119149219010269,69.0
MMR,1997,1.823721325181587,1.3068124384122382,64.0
MMR,1998,1.6154439106667398,1.4007546038109093,75.0
MMR,1999,1.9181964035577312,1.4064192350810536,77.0
MMR,2000,1.3193135890889163,0.7685214708669843,64.0
MMR,2001,1.249188032621371,0.7082691535851556,64.0
MMR,2002,1.2060620237296409,0.6769207379837898,65.0
MMR,2003,1.4114410948732405,0.6326696240043141,66.0
MMR,2004,1.2429870229557254,0.6210849239669238,67.0
MMR,2005,0.8778580623202199,0.5586883332065193,66.0
MMR,2006,0.9878898750424174,0.5409562650413643,69.0
MMR,2007,0.9391839113525223,0.5095069390501632,69.0
MMR,2008,0.9992415960014915,0.4310535541923614,71.0
MMR,2009,0.9284383034320065,0.4400615605377187,71.0
MMR,2010,0.5703770197074622,0.4748163407452969,74.0
MMR,2011,0.9084216198223842,0.5213323339510098,76.0
MMR,2012,0.48817359644428354,0.6255394092692236,90.0
MMR,2013,0.9120663536294746,0.4944792490458425,94.0
MMR,2014,0.495785745205494,0.66220461737642,109.0
MMR,2015,0.7233834349431586,0.5495840442752976,111.0
MMR,2016,0.5025886687386119,0.8320087874261585,142.0
MMR,2017,0.6440099470630083,0.9372364414959203,126.0
MMR,2018,0.9133183149853773,1.0746326759458,126.0
MMR,2019,0.913379155326765,1.169868043548565,141.0
MMR,2020,0.9027387546168194,1.0220439030500537,133.0
MMR,2021,0.6479298587745999,1.1559679510251846,120.0
MMR,2022,0.9025856831775333,1.1600644156027895,123.0
MMR,2023,0.79302005795684,1.1192912961785892,113.0
MNG,1990,1.443445775731861,0.9689336368667928,30.0
MNG,1991,1.2416026724840221,1.0906292543714704,29.0
MNG,1992,1.3491756760385145,0.727142777363885,21.0
MNG,1993,1.7473723233181409,1.2860324941314398,31.0
MNG,1994,1.3923376086269745,0.8400109156864504,20.0
MNG,1995,1.3326481257864866,1.1424989885824761,33.0
MNG,1996,1.213448045227532,1.0698678951244258,31.0
MNG,1997,1.2582535308276335,1.1483059563129223,35.0
MNG,1998,0.9614608709762533,1.485248883241027,38.0
MNG,1999,0.9292111686168709,1.4553525244246481,33.0
MNG,2000,1.2183528221098259,1.7881273161551086,37.0
MNG,2001,1.3577938093146076,1.81396206246658,41.0
MNG,2002,0.9791817183262465,1.8558794172545516,50.0
MNG,2003,1.3626316171457904,1.7441578718954784,57.0
MNG,2004,1.2987896028935244,1.6798900966727575,59.0
MNG,2005,1.1774899262624154,1.6700883353794649,64.0
MNG,2006,0.9596788377450498,1.1524514150846836,60.0
MNG,2007,0.702895354482199,1.2084832726706396,62.0
MNG,2008,0.7960190208224099,1.235989085500014,65.0
MNG,2009,0.5793663779072225,0.9997681872275288,62.0
MNG,2010,0.6889275301747546,0.6196719934853943,65.0
MNG,2011,0.562157771564752,0.49710023488996186,64.0
MNG,2012,0.6855495653053755,0.4566018991760038,56.0
MNG,2013,0.29112390039417535,0.8333623085224405,56.0
MNG,2014,0.5483970309961427,0.6675560421298009,63.0
MNG,2015,0.4676427621277419,0.7846884031289989,65.0
MNG,2016,0.4673496940987028,1.0903461718650505,69.0
MNG,2017,0.44242632328511583,0.8535847498467573,67.0
MNG,2018,0.10147395844057636,0.5499422450896596,74.0
MNG,2019,0.3658491872109538,0.6231841445481212,76.0
MNG,2020,0.37204586438154796,0.7457910295944203,72.0
MNG,2021,0.4792333127984138,0.4898701407144952,62.0
MNG,2022,0.6466693988891905,0.35307873994037514,66.0
MNG,2023,0.31020114001397714,0.39440350851563105,74.0
MOZ,1990,1.4661379267371901,1.1731764927679345,49.0
MOZ,1991,1.7932797567963865,0.8981646977760555,17.0
MOZ,1992,1.9195713493297586,0.9076256197598511,13.0
MOZ,1993,1.8243638592941174,0.7034585006622354,19.0
MOZ,1994,1.667981281718219,0.9762683328558639,30.0
MOZ,1995,1.4245562119122233,0.9368038483651148,44.0
MOZ,1996,1.5733858868985913,1.1658327067521324,38.0
MOZ,1997,1.6637168443944867,1.0738364357901777,34.0
MOZ,1998,1.0579036504455444,0.9540539609233079,31.0
MOZ,1999,0.9943341221494607,0.9945009916315528,37.0
MOZ,2000,1.0578225188644266,1.0633747032984422,41.0
MOZ,2001,1.4982059515071726,0.7220773153444933,38.0
MOZ,2002,1.385862311270773,0.8687889021492773,32.0
MOZ,2003,1.470674970377118,0.8814455960130181,33.0
MOZ,2004,1.27755364131202,0.7579770184652397,36.0
MOZ,2005,1.3155726887997712,0.8695620176576433,33.0
MOZ,2006,1.1743257069426911,0.7905819457236607,31.0
MOZ,2007,1.1959381200007329,0.8423513692441349,41.0
MOZ,2008,1.2569574931322292,0.7600942245610633,45.0
MOZ,2009,1.1351101549375906,1.0467020810106522,58.0
MOZ,2010,1.214212653300456,0.8898247056244805,59.0
MOZ,2011,1.1326378650248206,1.099648282233689,98.0
MOZ,2012,0.8588935066275496,1.0201427849298164,97.0
MOZ,2013,0.9430677246954027,1.1436999181806364,109.0
MOZ,2014,0.9766601386256729,1.094292339045441,109.0
MOZ,2015,1.183976421252914,1.1526079897627326,114.0
MOZ,2016,0.9641806251177095,1.0589474592175814,108.0
MOZ,2017,0.9075884271764865,0.9753436168030182,124.0
MOZ,2018,0.8090620629026397,1.1076151321449554,119.0
MOZ,2019,0.9250607517299035,1.063950963369518,128.0
MOZ,2020,0.8454515927131573,1.1777435991015155,118.0
MOZ,2021,0.9363786489840072,1.1779731813510907,114.0
MOZ,2022,0.898577533893324,1.127142870015564,111.0
MOZ,2023,0.6561379898712472,1.0633694834423169,121.0
MRT,1990,2.267250183526235,0.7357586794636225,48.0
MRT,1991,2.260039364624113,0.6672115419739378,51.0
MRT,1992,2.131879706278463,0.7776068359527636,52.0
MRT,1993,2.1994714566975047,0.7707346163972036,54.0
MRT,1994,2.1043250016005715,0.677786633834556,63.0
MRT,1995,1.8557841894014513,0.8117889124556664,67.0
MRT,1996,1.7112504315218342,0.8564166542565548,69.0
MRT,1997,1.7561972692099102,0.8130373628422582,77.0
MRT,1998,1.69405886028999,0.7504657695277193,73.0
MRT,2000,2.161479035365677,0.7017218116427618,47.0
MRT,2001,2.2625198775015942,0.6325827474932781,38.0
MRT,2002,2.054597113137289,0.598971287302735,47.0
MRT,2003,2.2383235816044205,0.6026955156648749,44.0
MRT,2004,1.951329127109944,0.6149460133582011,47.0
MRT,2005,0.843146409973122,0.8561990257297889,43.0
MRT,2006,1.1673906442511808,0.9216606356283523,31.0
MRT,2007,1.2640714237776396,0.8368306897062447,31.0
MRT,2008,1.673226979500984,0.7723539483526045,42.0
MRT,2009,1.5907301172353319,0.8080385951667592,42.0
MRT,2010,1.1056425917567738,1.0851185342312566,67.0
MRT,2011,0.9855136287231114,1.0871519380319574,77.0
MRT,2012,0.8075240223652047,0.973643784736629,73.0
MRT,2013,0.7635166913624287,0.9560259309940832,71.0
MRT,2014,0.9178021621892937,0.9647441411151236,65.0
MRT,2015,1.1606529790894944,0.7483807075423284,75.0
MRT,2016,1.0486666430831104,0.8481198653149467,85.0
MRT,2017,0.9428481093346321,0.8140195642264015,85.0
MRT,2018,0.9647931681938612,0.8665843701343785,79.0
MRT,2019,1.1842679770337843,0.8622751916669823,88.0
MRT,2020,1.0289082363254451,1.043805130791062,94.0
MRT,2021,1.0467761162828197,0.9187686963534624,87.0
MRT,2022,1.2526634460307657,1.0251970083400304,96.0
MRT,2023,1.1930617215394907,1.1337383051454604,93.0
MWI,1990,1.6418386878125766,1.2576209482883958,44.0
MWI,1991,1.6750295295703532,1.3561990781707942,61.0
MWI,1992,1.524628472347793,1.3551215729584076,59.0
MWI,1993,1.8905673896972879,1.2455661615628342,61.0
MWI,1994,1.7937842055234876,1.3365748970038211,62.0
MWI,1995,1.736209739057989,1.3761119882688164,76.0
MWI,1996,1.594405393304687,1.5113147388231252,74.0
MWI,1997,1.571390333071095,1.4503149759923823,83.0
MWI,1998,1.5145290915672263,1.2463272419220397,82.0
MWI,1999,1.3620319231347515,1.5269135942753365,85.0
MWI,2000,1.4737846994409691,1.3829896592679367,97.0
MWI,2001,1.2955099746588101,1.607165469360556,106.0
MWI,2002,1.4176529716653536,1.4661546213149221,92.0
MWI,2003,1.303127826939672,1.5569457000733506,103.0
MWI,2004,1.0744608382586742,1.5863070273381121,101.0
MWI,2005,1.202302071246427,1.543449954534505,106.0
MWI,2006,1.0717941857058415,1.4069790181618664,106.0
MWI,2007,1.035816689469624,1.1219225146469456,110.0
MWI,2008,1.214303535701687,1.2466905673597857,109.0
MWI,2009,0.9640613502917781,1.192889513357773,115.0
MWI,2010,1.2427812176209216,1.2455431679779219,118.0
MWI,2011,1.0984630383386036,1.2946576330077286,120.0
MWI,2012,1.0597299523013988,1.25060003853305,115.0
MWI,2013,1.1093177469038078,1.4309762751899033,108.0
MWI,2014,1.0383841656270434,1.1391251717328332,113.0
MWI,2015,0.9529886137995873,1.1655497120942098,105.0
MWI,2016,0.9827524732713351,1.236962945712676,108.0
MWI,2017,1.0973258470020946,1.1924269613704475,109.0
MWI,2018,0.9972352070271423,1.2504308508390154,106.0
MWI,2019,0.9177639917032048,1.2436641731635745,109.0
MWI,2020,0.9374330041269816,1.208316802323471,106.0
MWI,2021,0.7528569238211631,1.23546722923466,112.0
MWI,2022,0.925394292682285,1.2464522681178425,108.0
MWI,2023,0.8755008014168069,1.2190736269734688,104.0
MYS,1990,1.834301685983883,1.6990521583580596,145.0
MYS,1991,2.2424322378709034,1.579982566219998,144.0
MYS,1992,2.099327113644876,1.608720124328321,145.0
MYS,1993,2.1653650005528107,1.6252550508821246,143.0
MYS,1994,1.8841571595149151,1.7611331174480283,157.0
MYS,1995,1.7940170591016074,1.8588197536574016,159.0
MYS,1996,1.6945747147781791,1.7918911276666278,166.0
MYS,1997,1.6069432893225986,1.7231604015460729,166.0
MYS,1998,1.6252569574071734,1.770070680464485,166.0
MYS,1999,1.5826202724698053,1.747858826730507,166.0
MYS,2000,1.5619855756712981,1.6665193470451494,173.0
MYS,2001,1.7951122180325123,1.5406080617540667,167.0
MYS,2002,1.62968767138601,1.644736431269713,178.0
MYS,2003,1.8194755367184787,1.6625126441997247,179.0
MYS,2004,1.5920910442858691,1.752990730443244,182.0
MYS,2005,1.8853759728238255,1.6711156783381302,182.0
MYS,2006,1.5203070124982476,1.820112114237974,182.0
MYS,2007,1.6970793926883543,1.5962413654276104,183.0
MYS,2008,1.302583427837911,1.636304078291316,184.0
MYS,2009,1.3795476216665736,1.4594957797455437,184.0
MYS,2010,1.385047568504596,1.4175216917472357,183.0
MYS,2011,0.9193071380390869,1.4515503547881003,183.0
MYS,2012,1.0226921826794315,1.4812684460279142,182.0
MYS,2013,0.8816793962766691,1.521214359501798,182.0
MYS,2014,1.0854120353593069,1.5321671663519623,182.0
MYS,2015,1.0520958893018701,1.4754640197401916,183.0
MYS,2016,1.0171364809490462,1.4977715707677133,186.0
MYS,2017,0.9951286323519429,1.504607697322436,184.0
MYS,2018,1.0206545339012612,1.549693970604583,184.0
MYS,2019,0.9909605692939187,1.513635542380592,185.0
MYS,2020,1.0245385143140346,1.6243901932339484,183.0
MYS,2021,1.0743283385027793,1.5216890317398795,183.0
MYS,2022,1.0403309624689911,1.3998865647100387,184.0
MYS,2023,1.0430002190004735,1.460265529110757,185.0
NAM,2000,1.6323213093507716,1.1073376149802812,121.0
NAM,2001,1.5829377342407005,1.067565824377331,116.0
NAM,2002,1.3349242236610632,1.366195401015385,111.0
NAM,2003,0.9577392359411592,1.1727881276986647,114.0
NAM,2004,1.3070127824576458,1.6221484074884438,135.0
NAM,2005,1.1889816426510058,1.7069780075968397,133.0
NAM,2006,1.2620853078984207,1.3527668263659378,136.0
NAM,2007,1.1154193013719436,1.4265675534097646,132.0
NAM,2008,1.0715223800432268,1.5914316359320622,139.0
NAM,2009,1.1543341564558374,1.2845352853481298,136.0
NAM,2010,1.179335252866038,1.413069293755956,134.0
NAM,2011,1.2289014076398426,1.5228843113573216,137.0
NAM,2012,1.203813560981889,1.334302293464417,124.0
NAM,2013,0.9967622957405176,1.2216503816011341,140.0
NAM,2014,0.979623574263026,1.206235640999509,140.0
NAM,2015,1.04398431674211,1.1364480255795997,145.0
NAM,2016,1.0009883070902967,1.1365309529937804,150.0
NAM,2017,1.0018523986177146,1.1512470309603242,147.0
NAM,2018,1.0035089538246706,1.3205437774516806,145.0
NAM,2019,0.6964220692353829,1.2733787966573724,147.0
NAM,2020,0.6479218064486539,1.1214860805761182,130.0
NAM,2021,0.6591843508872673,1.0626624369223638,144.0
NAM,2022,0.7653017079839726,1.1065756207917605,133.0
NAM,2023,0.6792302546079817,1.0219930927376717,145.0
NER,1990,2.3596543555407243,0.7995679587088999,26.0
NER,1991,1.8152861009997305,1.0053787753162156,39.0
NER,1992,1.709515357326908,1.048241440867261,40.0
NER,1993,1.9277594348016418,0.9180614404888898,42.0
NER,1994,1.9151238886143618,1.0637330966451215,45.0
NER,1995,2.0384638624832685,0.8490110155304262,38.0
NER,1996,1.733144417458036,0.8701858464364112,33.0
NER,1997,2.0622837698340906,0.9587437850101388,34.0
NER,1998,1.586815240128506,0.9866356284593161,38.0
NER,2000,1.1131582525986217,1.1550317900841285,48.0
NER,2003,1.4318327665394024,1.0091362727673892,40.0
NER,2004,1.5275083637809057,0.9972464256026593,40.0
NER,2005,1.2640177930281022,1.2614372887787888,67.0
NER,2006,1.4410274498373012,1.1759083942602364,88.0
NER,2007,1.7615243108532552,1.0502334128169446,81.0
NER,2008,1.6129598483532712,1.3393954520802567,86.0
NER,2009,1.5110648020136437,1.2445344657886406,84.0
NER,2010,1.3958698457805823,1.2882899497105662,78.0
NER,2011,1.669212146349904,1.1507706128409894,97.0
NER,2012,1.2249670252071023,1.3748458806112653,100.0
NER,2013,1.2417782672074629,1.4390445031193861,86.0
NER,2014,1.2659011862436524,1.4807625351783624,90.0
NER,2015,1.810538633889112,1.4455773223441182,79.0
NER,2016,1.202808612173126,1.37698601207621,75.0
NER,2017,1.03554588486949,1.4681891424972346,76.0
NER,2018,1.072336689936422,1.0934784930087988,77.0
NER,2019,0.8069654769483172,1.0142824551821845,85.0
NER,2020,0.8055041219321321,1.2448067075681648,84.0
NER,2021,0.6650971036392275,1.1632727626186392,88.0
NER,2022,0.8761282500632365,1.0691337200627584,71.0
NER,2023,1.0830866551057838,1.2508255215258361,69.0
NGA,1990,3.0989531620255044,1.0880719545551238,81.0
NGA,1991,2.735649256767505,1.160493457553787,77.0
NGA,1992,2.5595297630972387,1.3362890240230234,83.0
NGA,1993,2.294682756046327,1.4834749999523942,82.0
NGA,1994,2.4998957059067126,1.2924844768890331,96.0
NGA,1995,3.0781135123249985,1.498228094790612,106.0
NGA,1996,3.1585316679040707,1.5070039373090298,102.0
NGA,1997,3.1640194768378667,1.38690896275397,105.0
NGA,1998,2.5339288077004345,1.507847745593073,109.0
NGA,1999,1.6100272442155776,1.7764493233454197,106.0
NGA,2000,2.0298937938419863,1.6225498792902058,58.0
NGA,2001,1.985466919352754,1.5862939843620536,43.0
NGA,2002,1.8913831016173355,1.4619687439895641,45.0
NGA,2003,1.1588654989915208,1.1952471958084416,65.0
NGA,2004,1.1803094260031846,1.0446532553182664,73.0
NGA,2005,0.8960844367662434,1.1081271769983356,73.0
NGA,2006,0.8597268768031073,1.0785822435733345,53.0
NGA,2007,0.8451838509382655,1.0668565494277218,62.0
NGA,2008,0.8697299945956177,1.033423263090738,66.0
NGA,2009,1.0022696262081272,1.0395327124212177,63.0
NGA,2010,0.8978005179623489,1.0458407928287423,64.0
NGA,2011,0.8834603378429793,1.040712339888325,64.0
NGA,2012,0.9365956639874814,1.0307126890567717,68.0
NGA,2013,0.9533020261218657,1.0266145453752147,72.0
NGA,2014,1.0229183873703904,1.0080629474717477,72.0
NGA,2015,1.2634528544638353,0.9472957888771856,70.0
NGA,2016,1.168765845061798,0.9547494731481403,66.0
NGA,2017,0.9119363875688653,1.0283420927395392,65.0
NGA,2018,0.8574532633810578,1.0533818211675408,67.0
NGA,2019,0.8605693054506837,1.0629953626864947,69.0
NGA,2020,0.8416132039295491,1.186532830119572,109.0
NGA,2021,1.1872669565408558,1.1311258680212948,130.0
NGA,2022,1.316962193226042,0.9415167246962688,63.0
NGA,2023,1.5343048835695727,1.185654809098226,119.0
NIC,1990,1.9299928461848612,0.9720250164121449,18.0
NIC,1991,1.9375498282372972,1.1365858517680372,18.0
NIC,1992,1.6876494230654762,1.3223253330750242,20.0
NIC,1993,1.8284356097826944,1.5261008218309737,22.0
NIC,1994,1.7581371114594768,1.5862892660448586,21.0
NIC,1995,1.8522071446336912,1.5285082006681143,24.0
NIC,1996,1.9094175160680753,1.585182002297536,24.0
NIC,1997,1.8535056413927573,1.5031867408366648,26.0
NIC,1998,1.548736848161393,1.7990318516427608,26.0
NIC,1999,1.5884115825156495,1.69981333322453,25.0
NIC,2000,1.5913863427990294,1.666260737016152,26.0
NIC,2001,1.3682508044953825,1.811482698994889,26.0
NIC,2002,1.5065019169219085,1.6899214931236857,27.0
NIC,2003,1.3885576263372785,1.9167198543370645,26.0
NIC,2004,1.3741340763353276,2.292795744545038,44.0
NIC,2005,1.3310799385720196,2.1870108504719656,46.0
NIC,2006,1.3225353625228335,2.055483382449265,43.0
NIC,2007,1.8795318696447159,1.6844358269972644,45.0
NIC,2008,2.1176989863987017,1.6516403123873251,46.0
NIC,2009,2.0912611380894375,1.6370678853528673,45.0
NIC,2010,2.043596671571845,1.566735707630195,81.0
NIC,2011,2.5098247033712475,1.5334694784082437,79.0
NIC,2012,2.548548256231288,1.628518334875381,82.0
NIC,2013,2.417043803648972,1.6732556138377472,78.0
NIC,2014,2.6002931735390957,1.6230139732027455,96.0
NIC,2015,2.89343119085425,1.609946354344465,102.0
NIC,2016,2.6667459433176908,1.5152836350186585,34.0
NIC,2017,2.6015600931278327,1.6062341305590242,35.0
NIC,2018,2.8430410172310125,1.5488066277626833,34.0
NIC,2019,2.9629438847682414,1.529157466618363,34.0
NIC,2020,3.1010418102200465,1.52418462070627,34.0
NIC,2021,3.036995490246719,1.5658369455623244,109.0
NIC,2022,3.0513651138445947,1.4061964242966452,104.0
NIC,2023,3.1255647079764755,1.345791267787859,104.0
NPL,1990,2.193903533754416,1.1940918709908617,42.0
NPL,1991,2.3574042773095067,1.0693596535224872,40.0
NPL,1992,2.105314217025512,1.2057803147577772,45.0
NPL,1993,2.2149424588857167,1.0353788597869193,45.0
NPL,1994,2.559845123862929,0.9433390876706494,52.0
NPL,1995,2.3166493148051086,1.2445244595040768,48.0
NPL,1996,2.3647130779380823,1.1495388953101051,31.0
NPL,1997,2.160844901987448,1.2641692311516857,33.0
NPL,1998,1.6190971845640076,1.5887754470332098,33.0
NPL,1999,1.938261275140788,1.4827366145427288,71.0
NPL,2000,1.4721659936902802,1.7415648358411464,50.0
NPL,2001,1.4343025279668222,1.6831656447365408,75.0
NPL,2002,1.4724777593932004,1.3948552889248194,77.0
NPL,2003,1.4317551489788072,1.8328428031040724,47.0
NPL,2004,1.1920018051160002,1.7197755236162207,79.0
NPL,2005,0.8421823229901085,1.6120804784014806,88.0
NPL,2006,0.7632538230565172,1.6475963368399464,97.0
NPL,2007,0.585588970979966,1.493733349971585,104.0
NPL,2008,0.6764292001479495,1.3527995326710816,106.0
NPL,2009,0.5524334373180513,1.3415665737485178,131.0
NPL,2010,0.510301500496894,1.3522438214634567,133.0
NPL,2011,0.7469652161191115,1.2685050546149956,127.0
NPL,2012,0.5177091740672166,1.2384842486924001,122.0
NPL,2013,0.6820991736131856,1.332220690134586,127.0
NPL,2014,0.7268170898455012,1.3492972771798153,122.0
NPL,2015,1.1005341238542459,1.227597149276345,118.0
NPL,2016,1.0501485298526527,1.3229155265598818,121.0
NPL,2017,1.1904814303512823,1.2287505088397155,119.0
NPL,2018,0.9530571438723712,1.4053786765564498,107.0
NPL,2019,0.911478978973732,1.2315385869740403,117.0
NPL,2020,0.8896224137159716,1.2559520150703802,116.0
NPL,2021,0.8426558242682335,1.0798846364133017,124.0
NPL,2022,0.7511941397828618,1.2996779609467115,127.0
NPL,2023,0.7643828430987126,1.2908656760146504,124.0
OMN,1990,0.6248681841314105,1.1811018943388465,61.0
OMN,1991,1.4179073918139184,0.8930135757286364,53.0
OMN,1992,1.091398434292596,0.817107848513057,70.0
OMN,1993,1.2513269189559384,1.0260332285131621,82.0
OMN,1994,1.431882352231551,1.1130993321033307,86.0
OMN,1995,1.088738751707925,1.0837794278658712,98.0
OMN,1996,1.1536110583211145,1.0724614883362018,99.0
OMN,1997,0.8440373199054052,0.8792052407590001,113.0
OMN,1998,0.8978049999824099,0.9395774560221974,119.0
OMN,1999,0.8728888550757783,0.8933563999107419,114.0
OMN,2000,1.1736453152388455,0.8535941804770751,115.0
OMN,2001,1.277400937865452,0.9325394916446342,114.0
OMN,2002,1.2781709832795338,0.9843506122572522,114.0
OMN,2003,1.2510929540211284,1.0191950577326727,105.0
OMN,2004,1.0317302923145468,1.0461770814848708,122.0
OMN,2005,1.0966786773229775,0.9564070566607722,123.0
OMN,2006,0.9807719068327843,1.1212523543559683,129.0
OMN,2007,1.2424199487053633,0.9105547834172258,134.0
OMN,2008,1.1834372914687912,0.9420109808837119,146.0
OMN,2009,1.1447397087669362,1.041138143428705,137.0
OMN,2010,0.9528548883687337,1.0007948701360974,145.0
OMN,2011,0.9529640606077312,1.1164095189561165,149.0
OMN,2012,0.9215462391905846,0.9855618538171236,137.0
OMN,2013,0.9121415284625063,0.8423224167612489,143.0
OMN,2014,0.8195445258019309,0.909978528264037,147.0
OMN,2015,1.0556031559133805,0.7802915782687291,147.0
OMN,2016,0.5872376898851506,0.9397902566731569,146.0
OMN,2017,0.6838865102628707,0.5958168955278709,151.0
OMN,2018,0.5966886762666477,0.9163010284804838,154.0
OMN,2019,0.7065788022871948,1.131257676644517,158.0
OMN,2020,0.6972311448137656,1.2890186462396296,154.0
OMN,2021,0.8942853829812026,1.3624735673949961,155.0
OMN,2022,0.8624832838603196,1.3271777171226884,156.0
OMN,2023,0.7294534031471998,1.1351228388149162,155.0
PAK,1990,1.918925981732892,1.6056053309601495,129.0
PAK,1991,2.000509794149411,1.5217432407693905,134.0
PAK,1992,2.0171334024814986,1.58922578929528,136.0
PAK,1993,2.168985504911422,1.5017864211709955,135.0
PAK,1994,2.292636671849105,1.521669528655163,138.0
PAK,1995,2.27262082902484,1.6355982797182,152.0
PAK,1996,2.288004462011231,1.5974258581090117,153.0
PAK,1997,2.1367043312959026,1.5308244697356088,151.0
PAK,1998,1.8258490461354042,1.6932072093180024,152.0
PAK,1999,1.7295922918069784,1.7320842192577286,151.0
PAK,2000,1.9435660403513633,1.6783405182653388,154.0
PAK,2001,1.7577825519582813,1.7473935340366902,151.0
PAK,2002,1.627143585524483,1.773322901294757,164.0
PAK,2003,1.6749454657803255,1.8292944310428823,172.0
PAK,2004,1.6975344630764724,1.8299426752250998,178.0
PAK,2005,1.652965581570149,1.9642906469423014,179.0
PAK,2006,1.6414498116094403,1.8992341443866094,179.0
PAK,2007,1.4360141034773286,1.8923843601503187,179.0
PAK,2008,1.374473654793651,1.8238671745722974,175.0
PAK,2009,1.2842935501188082,1.7793473981779977,172.0
PAK,2010,1.3461554756291323,1.7687560124330823,175.0
PAK,2011,1.227383907837678,1.6837816525146478,175.0
PAK,2012,1.2053889355857597,1.775794603674215,174.0
PAK,2013,1.1746199548740703,1.714432532036009,179.0
PAK,2014,1.4515893713480312,1.750873025145115,179.0
PAK,2015,1.1977025317432288,1.7988268616106629,179.0
PAK,2016,1.276648572856629,1.672659926469,177.0
PAK,2017,1.2426108279274637,1.807884713200999,178.0
PAK,2018,1.2719463407024112,1.789973262012843,180.0
PAK,2019,1.1885534745427773,1.8207532602391092,179.0
PAK,2020,1.2863332806168737,1.8209961251175175,180.0
PAK,2021,1.2635792500340464,1.8847907012841756,181.0
PAK,2022,1.4972370754605677,1.5535448737891853,179.0
PAK,2023,1.3457589446121072,1.6167715156285278,181.0
PAN,1990,1.8123617524222773,1.8671052631116558,47.0
PAN,1991,1.6559338719789582,1.659203975043522,51.0
PAN,1992,1.5842854195247886,1.741992939790634,45.0
PAN,1993,1.5830848563831732,1.689944979584597,44.0
PAN,1994,1.9833721032452276,1.5894612779637858,50.0
PAN,1995,1.1458682715282402,1.6321604968175443,91.0
PAN,1996,1.152690226918364,1.5019509007367298,94.0
PAN,1997,2.227658378081137,1.5551500119978636,54.0
PAN,1998,1.9641855978919174,1.60326336139455,50.0
PAN,1999,1.8910783506342903,1.7542067232486587,58.0
PAN,2000,1.9837106860028166,1.7593837912512555,56.0
PAN,2001,1.865249035047232,1.821831159394476,51.0
PAN,2002,1.8486910905395704,1.736216570215092,49.0
PAN,2003,2.2258136470933785,1.7046974819602452,56.0
PAN,2004,2.0063470587422367,1.9099214219125698,60.0
PAN,2005,1.9206508545450058,1.9402685640726514,67.0
PAN,2006,1.7158829541808582,1.8420557440165755,60.0
PAN,2007,1.650472718015693,1.9146269463646215,72.0
PAN,2008,1.6269172935297884,2.154494241784348,73.0
PAN,2009,1.4805818280880494,1.9769016014706275,68.0
PAN,2010,1.314472925488314,1.7250861254264753,68.0
PAN,2011,1.2589382964411877,1.4554880255186904,72.0
PAN,2012,1.2689097155973288,1.4626821970813142,70.0
PAN,2013,1.2208705345221205,1.631435261487174,76.0
PAN,2014,1.2263517190985818,1.6315913819406707,69.0
PAN,2015,1.1651540707017989,1.6409556681452298,72.0
PAN,2016,1.2264162511042525,1.6453786939172754,80.0
PAN,2017,1.151727903527163,1.6930265015976103,85.0
PAN,2018,1.1098883185139767,1.7694980801045912,85.0
PAN,2019,1.0374146997024005,1.5789064878258523,82.0
PAN,2020,0.8563554999947495,1.159726511124747,84.0
PAN,2021,0.7128016278920597,1.0824683923233636,89.0
PAN,2022,1.0206270897782337,0.8784168957836661,87.0
PAN,2023,0.9183870259269313,0.9045437529171895,85.0
PER,1990,2.0948530285022473,1.5129979034870062,91.0
PER,1991,1.8362682199938143,1.6124915322717996,97.0
PER,1992,1.6109497485993045,1.6602498446391385,88.0
PER,1993,1.8061314377676665,1.5169612801914758,88.0
PER,1994,1.671237156629751,1.4865715123727914,115.0
PER,1995,1.5972715414918865,1.714183607495118,116.0
PER,1996,1.6604815499294268,1.6455086234116876,116.0
PER,1997,1.672099248412752,1.710233864354019,122.0
PER,1998,1.674062176268445,2.0030717836367584,111.0
PER,1999,1.6232948487910346,1.970286812508701,119.0
PER,2000,1.4100126879291703,2.0513900293267953,127.0
PER,2001,1.3750384125737665,1.970498093230825,126.0
PER,2002,1.3957898584142305,1.9601468468087164,122.0
PER,2003,1.4748083523380968,2.0713127072574586,137.0
PER,2004,1.3830779908319988,2.190194893589117,142.0
PER,2005,1.459461844944005,2.317532396141918,148.0
PER,2006,1.28586829205615,2.134487450625289,151.0
PER,2007,1.1156480835315359,1.996494909434598,148.0
PER,2008,1.123858185495215,1.941201654601798,147.0
PER,2009,1.162433132493124,1.6625375367185184,149.0
PER,2010,1.1486553891319167,1.6564759876334227,150.0
PER,2011,1.1194929233713857,1.6157119183103525,152.0
PER,2012,1.148188450945948,1.595904043651199,151.0
PER,2013,1.1723689942368671,1.8758733876216374,153.0
PER,2014,1.2128545650715388,1.7239274109689053,153.0
PER,2015,1.0258975353925446,1.9120700049221944,150.0
PER,2016,1.0843597519773276,1.730936934385895,150.0
PER,2017,0.9720754241778308,1.845253392078636,153.0
PER,2018,1.0107935084252109,1.804517796102828,154.0
PER,2019,0.8981775903521008,1.665139545345535,153.0
PER,2020,1.0590068466870495,1.7080070436189854,144.0
PER,2021,0.8880777674225748,1.664295837390007,144.0
PER,2022,1.1838246927155733,1.3384256369257266,141.0
PER,2023,1.0368709020500004,1.4623106659529221,151.0
PHL,1990,2.760464488367749,1.3142719360668036,105.0
PHL,1991,2.602722300285149,1.3390058485154908,115.0
PHL,1992,2.354159250657643,1.5530411609507577,120.0
PHL,1993,2.5777498994843175,1.4276667454948078,114.0
PHL,1994,2.4370367564470947,1.4880560503020228,118.0
PHL,1995,2.311580755027257,1.780619329746013,126.0
PHL,1996,2.372016348086072,1.345100362910641,25.0
PHL,1997,2.4989375592230343,1.5172226002046258,136.0
PHL,1998,2.40036214067283,1.4967178624636994,142.0
PHL,1999,2.1551158829688806,1.4980287086465787,138.0
PHL,2000,1.8039109039674872,1.7373492664144485,145.0
PHL,2001,1.6682413809313923,1.7869610900422406,159.0
PHL,2002,1.6708680102199547,1.809486891112294,161.0
PHL,2003,1.6282749747185907,1.7770331470977447,162.0
PHL,2004,1.479434782972619,1.769244236183839,165.0
PHL,2005,1.4374435849377944,1.734372740821619,167.0
PHL,2006,1.4594141426382412,1.7194835510294377,169.0
PHL,2007,1.3295186684857143,1.7392255561885237,163.0
PHL,2008,1.3309710443367213,1.6925749661308813,165.0
PHL,2009,1.3878103878231682,1.591194389386832,158.0
PHL,2010,1.161568179280218,1.5900300677623056,169.0
PHL,2011,1.1533206898611472,1.454466846933034,174.0
PHL,2012,1.1730756850581971,1.5731798499589384,173.0
PHL,2013,1.24121701039302,1.6359101326445544,176.0
PHL,2014,1.313460485940789,1.6017327935658827,180.0
PHL,2015,1.283215533620965,1.5794726538715025,179.0
PHL,2016,1.4713850306586496,1.4793747660482852,178.0
PHL,2017,1.4888571579953696,1.5296947406220152,182.0
PHL,2018,1.2009643368907605,1.8003268423554522,177.0
PHL,2019,1.2020611485038102,1.7330777049119803,181.0
PHL,2020,1.1755618817528783,1.7312381721273113,173.0
PHL,2021,1.1442149087250115,1.7199802185883448,175.0
PHL,2022,1.2626226199656552,1.4746307452483607,175.0
PHL,2023,1.2719647963293519,1.454914943192286,171.0
PNG,1990,1.5497976320316749,0.7158610800372034,40.0
PNG,1991,1.2077253552024962,0.7811156865738291,40.0
PNG,1992,1.111878306493646,0.7711346483744604,21.0
PNG,1993,1.0143087230506636,0.8615798522471336,20.0
PNG,1994,1.2110665324655578,0.8589876256743463,40.0
PNG,1995,1.2742257234365586,0.8261508112401528,41.0
PNG,1996,1.8406193420589447,0.782962763903654,48.0
PNG,1997,1.7294701966131307,0.7642389179838446,53.0
PNG,1998,1.6741134905042023,0.9284574400586303,60.0
PNG,1999,1.667879721505194,0.8532736776817822,57.0
PNG,2000,0.9593945512949781,1.232012500865249,59.0
PNG,2001,0.814594311892582,1.0299580525858132,62.0
PNG,2002,1.1103182275572323,1.022258721376966,68.0
PNG,2003,1.1128200394202985,1.0239524453660156,75.0
PNG,2004,1.0084001013203823,0.8446227468019808,74.0
PNG,2005,0.8357428731778659,0.7744596198542055,70.0
PNG,2006,0.9928380115525413,0.9008754543000279,70.0
PNG,2007,1.0517253338106236,0.956460793536627,70.0
PNG,2008,1.1117694379893914,0.9956702726118941,70.0
PNG,2009,1.0063484955880877,0.8137397890964151,70.0
PNG,2010,1.1204092552312737,0.8330933144276266,70.0
PNG,2011,1.0665527958937602,0.7733741701868455,70.0
PNG,2012,0.8631846004587497,0.6418255803468405,75.0
PNG,2013,0.997092006852474,0.8942401367369905,31.0
PNG,2014,1.1229863514660434,0.7902697788040978,31.0
PNG,2015,0.9222687908972552,0.9304168929454756,31.0
PNG,2016,0.9944138353101588,0.8499409256466234,31.0
PNG,2017,0.9447172051214706,0.697553789045256,9.0
PNG,2018,0.9013258992281712,0.6417814377214802,9.0
PNG,2019,0.8245572419141786,0.9221633038066637,92.0
PNG,2020,0.7582435466464112,0.787322617846529,80.0
PNG,2021,0.7889606245184455,0.9366057822197011,83.0
PNG,2022,0.9684758115461146,0.7198979826103413,75.0
PNG,2023,0.908322902619761,0.770616838939068,91.0
POL,1990,0.7768383226946937,0.7539388585532163,86.0
POL,1991,0.579146789023291,0.602663705873854,53.0
POL,1992,0.5598256037129753,0.819375086670041,150.0
POL,1993,0.5417481064171187,0.775732598137187,160.0
POL,1994,0.4708638942674049,0.7336843930080545,144.0
POL,1995,0.3348718594545606,0.6916347958749194,146.0
POL,1996,0.368903511068045,0.6192068868908144,145.0
POL,1997,0.41027253637296424,0.6287343817090698,164.0
POL,1998,0.2973648406774212,0.5832479515604726,166.0
POL,1999,0.34954918962357073,0.5468523364243234,161.0
POL,2000,0.28986711388193165,0.6068163654154632,169.0
POL,2001,0.2761793591923212,0.5908005726612985,168.0
POL,2002,0.2990182994610412,0.573473340582946,176.0
POL,2003,0.2838327741392498,0.5749785181612675,177.0
POL,2004,0.3007853348899133,0.6129626785661076,178.0
POL,2005,0.2838562359764694,0.6593059948324309,173.0
POL,2006,0.2809790666493568,0.6706851708218101,175.0
POL,2007,0.30665349009788234,0.6233087298265991,173.0
POL,2008,0.34852798158735676,0.6535467294315054,177.0
POL,2009,0.3236431729189686,0.630644922573797,177.0
POL,2010,0.32214882617716223,0.6330058173436853,176.0
POL,2011,0.30678124495614645,0.6468145805103024,177.0
POL,2012,0.3351705539905218,0.6386819337033327,177.0
POL,2013,0.3671788741138942,0.6547975178750037,180.0
POL,2014,0.3836535204351558,0.6526335526520127,180.0
POL,2015,0.3348317363511461,0.6412940974526453,182.0
POL,2016,0.33344791620023273,0.6050438448619605,183.0
POL,2017,0.3189571328667073,0.5995366465252594,184.0
POL,2018,0.3111770544133562,0.6376357509798908,183.0
POL,2019,0.2909761414853498,0.644418132374007,183.0
POL,2020,0.33634656026227605,0.663873235476099,185.0
POL,2021,0.3013948703462954,0.6397725132684217,182.0
POL,2022,0.3228642021611914,0.6608046479479315,183.0
POL,2023,0.33343524717369416,0.6864221520608662,183.0
PRK,1991,2.0788038539110367,1.0579195588481713,78.0
PRK,1992,1.7355062379525519,1.0698625537951547,84.0
PRK,1993,1.8299337514132124,1.3861086659616706,87.0
PRK,1994,2.1918492121731936,1.3742004377251313,97.0
PRK,1995,1.9220148935846586,1.1881796650351235,100.0
PRK,1996,2.4209504043568533,0.9979893971446933,101.0
PRK,1997,2.1506334319982625,1.03682667052246,105.0
PRK,1998,2.004997936761702,0.9564836382434064,108.0
PRK,1999,1.652424321506238,0.8875124517048538,109.0
PRK,2000,1.4600847747584742,0.8216113212952225,116.0
PRK,2001,1.5738269768848305,0.7814743476428356,116.0
PRK,2002,1.492384527870486,0.8362839122211775,116.0
PRK,2003,0.9789350233217773,0.9485158310933992,120.0
PRK,2004,1.2010236761153676,0.9385168915278943,122.0
PRK,2005,0.9611079410367278,0.6511449215365347,131.0
PRK,2006,0.7117231619888869,0.9359014638342499,129.0
PRK,2007,0.8531484579582405,0.5802891110374967,129.0
PRK,2008,0.9062022362883855,0.7579699465506329,134.0
PRK,2009,1.0913808078990472,0.6087461540470296,130.0
PRK,2010,1.5010007037581379,0.6559372621664359,130.0
PRK,2011,1.1047560986058587,0.5291607867638024,131.0
PRK,2012,1.3023571466625032,0.38557068765005764,133.0
PRK,2013,1.6968105849783115,0.47116061761143735,133.0
PRK,2014,1.3678806926229137,0.37655614582203323,127.0
PRK,2015,0.27924301535300244,0.3110818617899526,123.0
PRK,2016,0.2308124734076402,0.20945018566820314,123.0
PRK,2017,0.18660373290237459,0.3624625227038934,121.0
PRK,2018,0.8118303435868752,1.174883398769671,111.0
PRK,2019,0.4449107193187347,1.040622800683819,112.0
PRK,2020,0.3768400403104913,0.641729491831254,112.0
PRK,2021,0.28095694336823457,0.6702853360916958,113.0
PRK,2022,0.35398021393371143,0.3591229786529683,98.0
PRK,2023,0.13321646063137632,0.3351936444914188,95.0
PRY,1990,1.0459121870611352,1.3013287874863426,59.0
PRY,1991,1.074032570550565,1.279680229152807,63.0
PRY,1992,1.0265527866743478,1.263296813766889,61.0
PRY,1993,1.0315943454131897,1.2764857944046883,60.0
PRY,1994,0.9649538744888918,1.3482214361896834,64.0
PRY,1995,0.8039825544560958,1.1545301732138988,59.0
PRY,1996,0.6768523740913718,1.053492816725949,48.0
PRY,1997,0.745785279793777,1.1927333639122961,70.0
PRY,1998,0.6073374251306208,1.2002178048601362,74.0
PRY,1999,0.5495514394868791,1.382654682469105,75.0
PRY,2000,0.37663508689956016,1.1714643110993601,67.0
PRY,2001,0.2645949169389469,0.7307176359856025,77.0
PRY,2002,0.2191365387155082,0.8272586034766046,78.0
PRY,2003,0.2570796007252226,0.959559858337611,98.0
PRY,2004,0.24280939339370552,0.9901202368276889,98.0
PRY,2005,0.2175710759667704,0.9040401005713087,101.0
PRY,2006,0.2219406417839735,0.958247953582287,103.0
PRY,2007,0.3313282989188495,0.9708366428786389,114.0
PRY,2008,0.39751302930656923,0.9891551511123943,111.0
PRY,2009,0.3996388647319057,0.9979965574998271,112.0
PRY,2010,0.5488209327164607,1.0188530515738488,118.0
PRY,2011,0.6211207736143104,1.040960077429872,116.0
PRY,2012,0.5946665061774212,1.032985267749716,114.0
PRY,2013,0.7234229242041919,1.1098718703481676,105.0
PRY,2014,0.6994281958129408,1.1277593817173446,118.0
PRY,2015,0.6947894428952363,1.146815961233494,126.0
PRY,2016,0.5967757075289353,0.9939981709280885,66.0
PRY,2017,0.4618476424682403,0.9945209197592079,67.0
PRY,2018,0.32593326470193096,0.8721643180700325,66.0
PRY,2019,0.49355443482221634,0.9375423680035918,67.0
PRY,2020,0.5036493945158957,0.8919348390278627,68.0
PRY,2021,0.4741874818919855,0.9371359230989114,129.0
PRY,2022,0.47510279974475145,0.9493152256360821,130.0
PRY,2023,0.32104370374529845,0.9926863640857705,126.0
ROU,1990,1.005842156943939,1.0468202977409473,94.0
ROU,1991,0.9130140043956447,0.9666603230321382,94.0
ROU,1992,1.0019882858208522,1.0841090843138472,114.0
ROU,1993,1.0277406162405296,1.1463253886613525,119.0
ROU,1994,0.9085205023319294,1.0993836048260301,126.0
ROU,1995,0.769400382759752,1.043926982991335,130.0
ROU,1996,0.7398710942666374,1.0439545514484665,132.0
ROU,1997,0.7269866231433382,0.911871173244763,132.0
ROU,1998,0.45312983137778123,0.853362218536848,144.0
ROU,1999,0.4400589035446957,0.7772997229912408,136.0
ROU,2000,0.4030853738135483,0.7991875868960221,154.0
ROU,2001,0.3659564382341129,0.757668549139898,152.0
ROU,2002,0.41462043078380406,0.7728317604210303,158.0
ROU,2003,0.4563881461043142,0.7775728783472557,157.0
ROU,2004,0.34180105820923284,0.7666914575585971,164.0
ROU,2005,0.38772743695148437,0.835675768463071,158.0
ROU,2006,0.3650298637852405,0.7897720278338825,159.0
ROU,2007,0.3558979691285068,0.7416011026043247,158.0
ROU,2008,0.3910244822025556,0.7509474157683951,166.0
ROU,2009,0.33837826443650865,0.7268360334964736,163.0
ROU,2010,0.38943810685227276,0.7728799348495307,165.0
ROU,2011,0.3421401145061613,0.7609269053095579,167.0
ROU,2012,0.39415938905193665,0.8089719326480619,168.0
ROU,2013,0.41687472815888693,0.747238117065694,170.0
ROU,2014,0.4440955423569466,0.7852894614820255,171.0
ROU,2015,0.42432052968868617,0.7608453806900908,171.0
ROU,2016,0.4167172128939917,0.7810019615588205,171.0
ROU,2017,0.3673860207605145,0.7174790744067249,169.0
ROU,2018,0.3606240145363909,0.7303056283863077,170.0
ROU,2019,0.3242900056991996,0.7102245033639842,168.0
ROU,2020,0.35762533852698586,0.6743839478318846,170.0
ROU,2021,0.33672224148590546,0.7183016257510658,171.0
ROU,2022,0.3684970691113526,0.7357225180638537,170.0
ROU,2023,0.3507652870760639,0.7260710847224681,172.0
RUS,1992,0.7278368997615549,0.8824822883892388,111.0
RUS,1993,0.7761354819169874,1.0307021304888653,121.0
RUS,1994,0.7789659222162276,0.8472969254946789,97.0
RUS,1995,0.7444406447403411,0.9241870367315829,88.0
RUS,1996,0.8836582726491491,1.0645198800689377,103.0
RUS,1997,0.9018264271153269,1.141399404651103,117.0
RUS,1998,0.8227904970121775,1.1663158343782138,119.0
RUS,1999,0.8953576881013587,1.3221218127017953,149.0
RUS,2000,1.0164133128609862,1.300646368667511,155.0
RUS,2001,0.9842383500690095,1.2683163930840013,146.0
RUS,2002,0.8981691353672703,1.2393432868988654,152.0
RUS,2003,0.8843008953967229,1.2229912703376917,162.0
RUS,2004,0.9253140943475995,1.2185759159185303,159.0
RUS,2005,0.9318776669061021,1.098929524424461,160.0
RUS,2006,1.1130245025657153,0.9714809802271532,163.0
RUS,2007,0.9802427775689941,0.9951191279561065,159.0
RUS,2008,1.0497750941927493,1.043296879480346,165.0
RUS,2009,1.0078088975876487,1.0142182954140015,166.0
RUS,2010,0.9664879773945994,1.025268375674308,162.0
RUS,2011,1.0525126813129733,0.9685935345074823,168.0
RUS,2012,0.8425967030978629,0.8936596149054137,170.0
RUS,2013,0.928329429004032,0.9526738619522681,168.0
RUS,2014,0.9405094077552232,0.9194204884630366,170.0
RUS,2015,0.8307422238003456,1.0302983513507835,170.0
RUS,2016,0.8920334708308497,1.0304800417353046,174.0
RUS,2017,0.8712330179811432,1.0742929817872986,172.0
RUS,2018,0.8944332385654132,1.0161034054922145,173.0
RUS,2019,0.8694307702316042,1.084932314886468,174.0
RUS,2020,0.9402370754222066,1.1259525571032407,168.0
RUS,2021,0.8908976541365922,1.2314864035678361,172.0
RUS,2022,1.1028551674680072,1.0123471594248317,166.0
RUS,2023,0.5812181878068201,0.8309676515288408,160.0
RWA,1990,2.1843329788964043,0.9387060571106639,20.0
RWA,1991,2.108994699828943,0.8196780697513595,22.0
RWA,1992,1.5937782141091825,0.6124822102533625,32.0
RWA,1993,1.8016318848453068,0.8752500910028559,36.0
RWA,1994,1.719787297897207,0.8389416974385668,34.0
RWA,1995,1.8013089798993376,0.7360768947430852,35.0
RWA,1996,1.0904904354155198,1.1675068998385787,38.0
RWA,1997,1.2318451919194517,0.8499029411021396,47.0
RWA,1998,1.3436119169965381,0.8465299742560274,43.0
RWA,1999,1.4826103089336253,1.1445907724170379,50.0
RWA,2000,0.645359611071311,0.9312835867720481,25.0
RWA,2001,1.6868955338330922,0.8902651439523614,53.0
RWA,2002,0.8512144142209612,1.2001918530369913,63.0
RWA,2003,0.8105027629726921,0.6943472441195645,58.0
RWA,2004,0.6046357932182437,0.8134371171596402,71.0
RWA,2005,1.3473200120458826,1.1798224789438514,83.0
RWA,2006,1.1659083351176762,1.227464001379912,75.0
RWA,2007,1.046117904130921,1.418807421562453,79.0
RWA,2008,0.5982720128663215,0.8823932541878345,46.0
RWA,2009,0.5683568136367274,1.013872681422253,75.0
RWA,2010,0.8680429518437017,1.0650336454377654,74.0
RWA,2011,0.9636707591409686,0.9535986637741963,92.0
RWA,2012,0.8832294128897615,1.0559099934012106,88.0
RWA,2013,0.5743158594651016,1.0216355795139247,96.0
RWA,2014,0.7794006556809001,1.0856770612857765,80.0
RWA,2015,0.7677381246645766,1.1603295634794344,99.0
RWA,2016,0.7120643082988432,1.0263913699296892,107.0
RWA,2017,0.6545327694702828,1.1202901624675872,95.0
RWA,2018,0.669288099921327,1.132174911834907,103.0
RWA,2019,0.5883637700969105,0.7794340315366831,108.0
RWA,2020,0.3808181171333923,0.7901649588265178,96.0
RWA,2021,0.7577042703762218,1.3790764729662095,105.0
RWA,2022,0.5822861278330143,0.9154697695094866,106.0
RWA,2023,0.6313797107918906,0.7826162447450299,82.0
SAU,1990,2.0031140409257957,1.6615273872886664,105.0
SAU,1991,2.0779269397156748,1.52155701065893,105.0
SAU,1992,1.7136274228932389,1.51845954821926,78.0
SAU,1993,1.6656515054672414,1.4140332988463393,83.0
SAU,1994,1.8783212618265985,1.4157859146423069,88.0
SAU,1995,1.7863296189630065,1.495586515080025,98.0
SAU,1996,1.879085838440466,1.4676535899200382,103.0
SAU,1997,1.6337722663591612,1.4409882074991847,107.0
SAU,1998,1.5943693723098624,1.4768677839059854,104.0
SAU,1999,1.3903735113195002,1.5457402026800797,132.0
SAU,2000,1.2931159632230922,1.2513921255409208,102.0
SAU,2001,0.9909283916752525,1.3667202780920196,101.0
SAU,2002,1.439645160137591,1.222248653809507,102.0
SAU,2003,1.5897324705947333,1.278158012943447,101.0
SAU,2004,1.4847679643435603,1.3486424723316122,124.0
SAU,2005,1.2241396898502916,1.3972555797193869,117.0
SAU,2006,0.9960569689021812,1.4804067737550493,124.0
SAU,2007,1.0742770054317168,1.4191265529201629,130.0
SAU,2008,1.121852841269121,1.427551631085918,131.0
SAU,2009,1.0391180682972425,1.3913801119387903,133.0
SAU,2010,1.0765933326923087,1.4028801605539234,132.0
SAU,2011,0.9789293235339159,1.4312887567471417,136.0
SAU,2012,1.3164947628228023,1.4096096960007973,137.0
SAU,2013,1.1013900359488946,1.4026221622286739,138.0
SAU,2014,1.2371607947820293,1.429728512799813,137.0
SAU,2015,1.2359656235491387,1.2686689878033974,140.0
SAU,2016,1.0808611286787286,1.3262858863461744,137.0
SAU,2017,0.9718197769803963,1.397166268386499,170.0
SAU,2018,1.052275740265296,1.4577795105760898,172.0
SAU,2019,0.757379476198871,1.3296517569696182,166.0
SAU,2020,0.7651469010937646,1.2833151977449595,161.0
SAU,2021,0.6797275918319292,1.3442996924022985,163.0
SAU,2022,0.9780626561276393,1.1946578207371745,162.0
SAU,2023,0.9207316197197325,1.232751578845087,164.0
SDN,1990,1.6972006876900634,1.1031850156420895,58.0
SDN,1991,1.9046129366566829,1.1195418947361448,60.0
SDN,1992,2.449308811945898,1.100207652686792,66.0
SDN,1993,2.431165508970702,1.1208198705767687,65.0
SDN,1994,2.566417794112365,1.34824932398783,76.0
SDN,1995,2.1668534829735666,1.2888870347502124,79.0
SDN,1996,1.8962924614775811,1.1381054433524844,77.0
SDN,1997,2.05054060508141,1.1065375335781595,84.0
SDN,1998,1.6546677954044584,1.1045508934930948,84.0
SDN,1999,1.6340206824729022,0.9788992862054059,83.0
SDN,2000,1.1122822085024822,0.7730327262547028,72.0
SDN,2001,1.23874376047771,0.69266239072327,74.0
SDN,2002,1.264276803976637,0.8293746337599432,77.0
SDN,2003,0.5763963489756163,0.9022297228850163,52.0
SDN,2004,0.5158344059115739,0.6684855512864497,46.0
SDN,2005,0.7450552045036172,0.6286466549030194,47.0
SDN,2006,1.5296251845785453,0.9418496624091813,53.0
SDN,2007,1.8056888655762962,0.8019473060110163,49.0
SDN,2008,1.4437256801047127,0.816120206944489,55.0
SDN,2009,1.578324179704056,1.0662414260861777,56.0
SDN,2010,0.9339253779237053,0.7568022688383522,53.0
SDN,2011,0.8025187130907897,0.6899413442045649,53.0
SDN,2012,0.3187252621020583,0.6904748873635628,53.0
SDN,2013,0.9196830540502012,0.8734533443930946,58.0
SDN,2014,0.6578407546584695,0.6845167856443725,59.0
SDN,2015,1.0089638909520366,0.6536628710946266,60.0
SDN,2016,0.5397710251509998,0.5930713739657737,50.0
SDN,2017,0.8663778514226705,0.5821899372746193,60.0
SDN,2018,0.578174197588329,0.6262840693107742,58.0
SDN,2019,0.6898430036566853,0.6146727134575971,57.0
SDN,2020,0.6136547079867022,0.5440390183711683,56.0
SDN,2021,0.46672126452131146,0.4561502172810977,59.0
SDN,2022,0.24996192260857425,0.5207654544009022,53.0
SDN,2023,0.5577851017114226,0.44332407572399596,22.0
SEN,1990,1.661101252777087,1.2613700045615364,58.0
SEN,1991,1.62333186180042,1.2047130924283571,68.0
SEN,1992,1.3665747938573531,1.2291308009162676,63.0
SEN,1993,1.5311559514152846,1.2533243198676025,81.0
SEN,1994,1.385127340143068,1.197343100613723,83.0
SEN,1995,1.2710125877523457,1.05218258106393,71.0
SEN,1996,1.3164027872113007,1.0632834974600713,69.0
SEN,1997,1.3247761900068016,1.1203407969702,71.0
SEN,1998,1.002173406144757,1.0980943787886241,68.0
SEN,1999,1.0525662004822514,1.0826709131828307,77.0
SEN,2000,1.070276279812102,1.0806915826861614,74.0
SEN,2001,1.0303066335967739,1.1193580361941986,68.0
SEN,2002,0.9355931684079852,1.057429095022963,71.0
SEN,2003,0.9612682037477378,1.0833038841510945,77.0
SEN,2004,0.9040603039209271,1.0989202149443993,114.0
SEN,2005,0.8567337649895419,1.1376468743252222,112.0
SEN,2006,0.8088313709777986,1.1258749210878334,115.0
SEN,2007,0.8603854806055703,1.1573947920213095,127.0
SEN,2008,0.6516464976221763,1.090359609318305,130.0
SEN,2009,0.7840695456960567,1.1713932629221793,122.0
SEN,2010,0.6187330411987602,1.0121730343057307,126.0
SEN,2011,0.6053372184945727,0.8762688719076797,128.0
SEN,2012,0.5936412325516645,1.009679183681601,129.0
SEN,2013,0.6056586413810997,1.0244933095947757,125.0
SEN,2014,0.7317211797823235,1.091885473664516,135.0
SEN,2015,0.7954592599593586,1.0294639617520667,124.0
SEN,2016,0.7038176834938015,1.0815248563076538,133.0
SEN,2017,0.7218524831935915,1.0489576379153247,123.0
SEN,2018,0.6423558520154132,1.0801890744045526,128.0
SEN,2019,0.7716679635810779,1.063561712881656,138.0
SEN,2020,0.7928505742276767,1.1066450692722318,128.0
SEN,2021,0.7830292380606975,1.046899447892271,118.0
SEN,2022,0.8093353684611582,1.0007245237266724,130.0
SEN,2023,0.7101853013049608,1.091930812418957,133.0
SLE,1990,3.140477504625032,1.1037114324573452,5.0
SLE,1991,3.0791165155977422,1.1486239053103495,5.0
SLE,1992,3.0835995695081575,1.2524526819763133,6.0
SLE,1993,3.361443089666205,1.1024305695849927,6.0
SLE,1994,2.8562191186642236,0.9962648779653449,6.0
SLE,1995,2.6811363090820235,0.996498687551456,7.0
SLE,1996,2.656741149570916,0.9188447083284588,7.0
SLE,1997,2.518613379066794,0.7243185675455921,4.0
SLE,1998,2.2353167017109574,0.6918080989681812,5.0
SLE,1999,2.2687110654589375,1.2513664846857993,6.0
SLE,2000,0.523354104714428,1.0316951211678491,37.0
SLE,2001,0.9602295708913984,1.288489008780403,46.0
SLE,2002,1.710250201974839,1.4428549811090052,51.0
SLE,2003,0.9239637219943552,1.176192276161438,69.0
SLE,2004,0.594034570804445,1.0312863380308084,80.0
SLE,2005,0.6321456358248656,0.9557088604719295,80.0
SLE,2006,0.9397233758668359,1.0762532110354412,83.0
SLE,2007,0.8631779291302933,1.080661819362194,81.0
SLE,2008,0.9553236068429928,1.063945483341255,85.0
SLE,2009,0.8308552105520722,1.036890326121164,87.0
SLE,2010,0.9784281701383112,1.0578027985972582,89.0
SLE,2011,1.073729925796726,1.0355064746865488,83.0
SLE,2012,0.553061656637029,0.8458102311903651,89.0
SLE,2013,0.6189546105838613,0.9640258219862208,88.0
SLE,2014,0.7441638777864805,0.7324610841388978,96.0
SLE,2015,1.3761797672688667,0.6632694600221962,89.0
SLE,2016,1.312813355734518,1.6309928278337549,100.0
SLE,2017,1.257162482333844,0.8499511969075574,93.0
SLE,2018,1.100654896711701,0.9301546589996027,97.0
SLE,2019,1.1188136508628046,0.9829334258097979,107.0
SLE,2020,1.1982272562872271,1.0031173126013944,99.0
SLE,2021,1.125144188103018,0.9636043814039614,97.0
SLE,2022,1.011187378736304,0.8293685108357202,106.0
SLE,2023,0.6450129904161956,0.7463528753437847,100.0
SLV,1990,1.7220170098538476,1.6797611578799534,49.0
SLV,1991,1.7844370143301376,1.6203105845444497,41.0
SLV,1992,1.46308974911609,1.8801099965397945,38.0
SLV,1993,1.3900240271317494,1.7487864305710956,52.0
SLV,1994,1.933270132698198,1.7597792168667372,39.0
SLV,1995,1.1143491165520172,1.585594146343727,61.0
SLV,1996,1.1406521908351184,1.550579255129767,52.0
SLV,1997,1.2734953098112942,1.5674834873554582,64.0
SLV,1998,1.16057939168947,1.617746025912213,64.0
SLV,1999,1.0992765880514088,1.5396994327837201,54.0
SLV,2000,2.0926499426166463,1.9043500096156214,69.0
SLV,2001,2.090554700739444,1.7616215756702303,62.0
SLV,2002,2.1711103886388834,1.8871871253122916,70.0
SLV,2003,2.055128660226787,2.282345547557461,76.0
SLV,2004,2.0285925808065155,2.3258869498741612,80.0
SLV,2005,1.7060627270269557,2.5244548629894514,95.0
SLV,2006,1.7190425227295048,2.4221780009982123,94.0
SLV,2007,1.6294370106469251,2.4180885082760923,95.0
SLV,2008,1.5478136956397994,2.5326020962217037,98.0
SLV,2009,1.4996380020710465,2.2945432652780315,101.0
SLV,2010,1.485744568512101,2.358984289409364,104.0
SLV,2011,1.4327966999422512,2.2571517234616727,105.0
SLV,2012,1.4525767332011748,2.3856532003355193,103.0
SLV,2013,1.6938856065224417,2.019284482901554,107.0
SLV,2014,1.7673832612278748,1.9507006609405686,111.0
SLV,2015,1.7494825147408994,1.8996651310927202,113.0
SLV,2016,1.8004740007327071,1.7673372519121096,120.0
SLV,2017,1.7603088898770922,1.833217563274198,113.0
SLV,2018,1.8081217973187667,1.8283351145568425,114.0
SLV,2019,1.6130837082976877,1.8796634752813144,114.0
SLV,2020,1.6448686304625766,1.8778188278030532,103.0
SLV,2021,1.618634423696212,1.7645305102535727,105.0
SLV,2022,1.5502043264131764,1.6189543573116598,105.0
SLV,2023,1.299405717560392,1.8766484405807364,111.0
SOM,1990,1.269800779694874,1.1154841433062126,42.0
SOM,1991,0.7178626451932687,0.9589068274323409,46.0
SOM,2002,0.3583588705805983,0.5229949087567461,70.0
SOM,2003,0.2828908773550267,0.44002894787940716,69.0
SOM,2004,0.286653326897522,0.4030345806776846,64.0
SOM,2005,0.33448189360837927,0.30636407528240533,58.0
SOM,2006,0.21382267020099502,0.2816154791065235,66.0
SOM,2007,0.5332835726073887,0.42385466459974214,67.0
SOM,2008,0.35614488368984987,0.34788939403895747,72.0
SOM,2009,0.24080129277896345,0.28348461771461936,64.0
SOM,2010,0.13414618317599433,0.26351845304841665,71.0
SOM,2011,0.1252397747401631,0.2715843766132193,62.0
SOM,2012,0.4855554020820631,0.23988030327822268,66.0
SOM,2013,0.2601225904647585,0.25868072142748677,65.0
SOM,2014,0.5386669287290462,0.37861601787819854,73.0
SOM,2015,0.28611264293608885,0.45955854928673806,78.0
SOM,2016,0.4056046078678633,0.4550774537714888,73.0
SOM,2017,0.34961662351112716,0.5986690686690467,78.0
SOM,2018,0.3991009059087105,0.6403599502451542,88.0
SOM,2019,0.34233607090362517,0.6350833471134836,85.0
SOM,2020,0.27892985095921247,0.6010466366288065,84.0
SOM,2021,0.3535615009763506,0.6798825992448005,99.0
SOM,2022,0.2532290820095244,0.5636201145168055,96.0
SOM,2023,0.14966324408790302,0.3971980396025895,93.0
SVK,1993,0.38220279457924566,0.7005050401199547,145.0
SVK,1994,0.3085342430243425,0.6298290028931107,139.0
SVK,1995,0.2318791840424428,0.6328986266472852,143.0
SVK,1996,0.26843557163197307,0.5965465365242546,144.0
SVK,1997,0.2641703634427133,0.48916762376550277,146.0
SVK,1998,0.16040915560000996,0.4325320215114572,147.0
SVK,1999,0.24059871207899752,0.45101083049695,146.0
SVK,2000,0.1954570259002239,0.4510888719723626,159.0
SVK,2001,0.24308461940698187,0.41427337732625247,154.0
SVK,2002,0.23675088272643258,0.40966078345399526,156.0
SVK,2003,0.31895927018894943,0.5963010824856693,165.0
SVK,2004,0.22186939612540652,0.6228678280781127,160.0
SVK,2005,0.21081951978426802,0.6186871280574372,158.0
SVK,2006,0.21885247991850654,0.6108978637527854,165.0
SVK,2007,0.26109861205672064,0.5593420322645136,164.0
SVK,2008,0.2601109551212871,0.571815575914283,162.0
SVK,2009,0.23578299937279396,0.5058341691885592,159.0
SVK,2010,0.27012724470846655,0.5725915814091771,166.0
SVK,2011,0.2479269132076083,0.5910515134007599,164.0
SVK,2012,0.28500132755297786,0.5888226923561108,165.0
SVK,2013,0.3083295142688524,0.576366430640512,166.0
SVK,2014,0.32004441015575047,0.6023613958191883,168.0
SVK,2015,0.30290515380691957,0.5233395810098371,170.0
SVK,2016,0.29335335231641774,0.5356796290109963,170.0
SVK,2017,0.2988655817264688,0.537839140175799,170.0
SVK,2018,0.3084306441302831,0.5809691222903508,170.0
SVK,2019,0.27900804293114834,0.5685727328562135,169.0
SVK,2020,0.3265325122910957,0.6334198034272818,167.0
SVK,2021,0.2855954731684518,0.589385248436436,169.0
SVK,2022,0.30747306845232447,0.6564762766185837,173.0
SVK,2023,0.3430712946585576,0.6685502545413171,168.0
SVN,1993,0.5495042082709849,0.6004571176728117,135.0
SVN,1994,0.526935192665303,0.5799629073168479,140.0
SVN,1995,0.34704287031819314,0.622109278606746,133.0
SVN,1996,0.32050691493116024,0.5427010641328212,138.0
SVN,1997,0.34970797901846773,0.5386536773037441,135.0
SVN,1998,0.2768666676072603,0.5303194644137774,136.0
SVN,1999,0.31175814238120575,0.5010178149011189,136.0
SVN,2000,0.26308090357453207,0.5395911354800149,148.0
SVN,2001,0.25712928816484604,0.5235888429349136,144.0
SVN,2002,0.2768753024456264,0.5445603675174957,148.0
SVN,2003,0.30800334627143766,0.5985135309970113,146.0
SVN,2004,0.2515040106137604,0.6537194400293156,154.0
SVN,2005,0.25138491110858985,0.6417458853188946,152.0
SVN,2006,0.27883348919716633,0.6715455171673077,158.0
SVN,2007,0.28155662217765,0.6358954981082521,156.0
SVN,2008,0.27702476779273755,0.6694315861598774,158.0
SVN,2009,0.32978257941701167,0.5981233377982726,158.0
SVN,2010,0.31554438026272025,0.6313897673867216,159.0
SVN,2011,0.27195130106389814,0.6266765993734255,162.0
SVN,2012,0.3001083776399366,0.6568467402731862,162.0
SVN,2013,0.3395134951047355,0.6336662691272802,165.0
SVN,2014,0.35420063470211227,0.6529683949827305,166.0
SVN,2015,0.33460306187280325,0.6266178586062544,168.0
SVN,2016,0.33982321653497505,0.640240810174993,172.0
SVN,2017,0.3081646435365577,0.6112775895455377,168.0
SVN,2018,0.32721475525626664,0.641385068538514,172.0
SVN,2019,0.2981349098574448,0.6122775288176318,171.0
SVN,2020,0.3435991080829285,0.6263082016290858,168.0
SVN,2021,0.2898225227750274,0.578440374380449,166.0
SVN,2022,0.37277940511030866,0.6056103040323894,170.0
SVN,2023,0.39030272215764517,0.6000770071643168,171.0
SYR,1990,2.1422947372733216,1.0422348335692904,45.0
SYR,1991,1.9266595854773134,0.992946731093951,47.0
SYR,1992,2.2356568101159535,0.957202102718934,47.0
SYR,1993,2.5873755460497248,0.9201024134902845,45.0
SYR,1994,2.548441119013419,0.9764424372865883,46.0
SYR,1995,2.4937162516922813,0.915720201042572,48.0
SYR,1996,3.046571446951994,0.7886072101110309,27.0
SYR,1997,2.748206384049744,0.884745958272781,28.0
SYR,1998,2.146630153996558,0.9872662778362525,50.0
SYR,1999,2.299037807622055,0.8648988223093572,49.0
SYR,2000,2.4165779213325487,0.8607766243925637,40.0
SYR,2001,2.0694880924349537,0.8510078800483556,45.0
SYR,2002,2.19720517286506,0.940411168769826,47.0
SYR,2003,1.8555360051991507,1.1384819652709923,130.0
SYR,2004,1.4534192291682615,1.1171986743585804,99.0
SYR,2005,1.8856845409245022,1.2074642592420837,124.0
SYR,2006,1.6768866644426825,1.2448221887627096,134.0
SYR,2007,1.7099674725191418,0.9906263606379304,32.0
SYR,2008,1.6664764871669746,0.9640511484114864,38.0
SYR,2009,1.6470834260712925,0.9828196182603955,38.0
SYR,2010,2.1671113160190107,0.9741200674422174,38.0
SYR,2011,1.8870529823292752,0.9659667697464484,39.0
SYR,2012,1.1506223935530178,0.615888448304531,38.0
SYR,2013,1.2126896024353735,0.7021076344396925,38.0
SYR,2014,1.1642251017005107,0.7745067696121402,38.0
SYR,2015,0.9881939252283021,0.7271517015894342,40.0
SYR,2016,1.2770150577698822,0.672558929844797,40.0
SYR,2017,1.3591573218096102,0.6868259039457594,39.0
SYR,2018,1.260118800082168,0.6435447286192494,40.0
SYR,2019,1.4509295410585819,0.6849260807441095,39.0
SYR,2020,1.3633767604342903,0.666303861154852,40.0
SYR,2021,1.707397951649942,0.6399654351207368,35.0
SYR,2022,1.4351271239841243,0.5001481776491717,35.0
SYR,2023,1.4679953630072617,0.4236257474282852,35.0
TCD,1990,2.1668574999820214,0.6482486714315239,28.0
TCD,1991,1.6836214247662384,0.8833481714802363,37.0
TCD,1992,1.7979248294122228,0.7579909412421023,32.0
TCD,1993,2.1225243073442397,0.6928918938543062,36.0
TCD,1995,2.0633809924618602,0.7248009502588338,45.0
TCD,1996,2.2320638607141343,0.8062134994071077,46.0
TCD,1997,1.7391917253043074,1.0556966034962747,48.0
TCD,1998,1.724866427698395,0.8694380946402143,54.0
TCD,1999,2.2144396213844675,0.8564269790590843,54.0
TCD,2000,2.040708447195853,0.8312775752849537,66.0
TCD,2001,2.2673922545938967,0.7657775209099644,61.0
TCD,2002,2.2083071434970734,0.7996759418606552,57.0
TCD,2003,2.4175025576518756,1.2601287393807359,68.0
TCD,2004,3.087547743093392,1.6119653416187503,67.0
TCD,2005,3.462854872804733,1.309826896025259,65.0
TCD,2006,2.6666768411161987,1.5588565262024658,71.0
TCD,2007,3.031139836280419,1.1096292701023258,71.0
TCD,2008,3.0780360174920283,0.909904975437778,70.0
TCD,2009,2.98755712694876,0.9126116972678013,73.0
TCD,2010,2.494962038241782,1.5734763022413836,78.0
TCD,2011,2.6340806721676597,1.18940026752637,72.0
TCD,2012,2.4959743858063494,1.313518571254873,78.0
TCD,2013,2.7284810780622033,1.3926482106520357,77.0
TCD,2014,2.4800426415142374,1.4965826980422428,88.0
TCD,2015,2.247912272676026,1.5471258720923122,78.0
TCD,2016,2.156515806892898,1.6987942292112852,82.0
TCD,2017,1.7687843756994033,1.8675954120622609,92.0
TCD,2018,1.5952504572489423,1.7112335961980119,87.0
TCD,2019,0.7326052110364721,1.3702126863084692,91.0
TCD,2020,0.8884302040301276,1.201947923145924,90.0
TCD,2021,1.1105343529736187,1.1840085044612667,99.0
TCD,2022,1.144610648609226,0.9304212492709225,88.0
TCD,2023,1.0092606324763542,1.132597143537574,89.0
TGO,1990,1.3819098754212609,0.9857414514773164,45.0
TGO,1991,1.2147082115904002,1.1001037531488427,61.0
TGO,1992,1.1518991972766175,1.0501220454030473,59.0
TGO,1993,1.0767905012823782,1.1786259027990469,58.0
TGO,1994,1.2466154939486624,1.186238180503797,61.0
TGO,1995,1.2695586394351752,1.0238998484092388,62.0
TGO,1996,1.093881345967837,0.9314625431340234,54.0
TGO,1997,1.196464042048283,0.9711643971573403,66.0
TGO,1998,1.0068559656921439,0.9819260395210063,64.0
TGO,1999,0.8557101783178447,1.0121083393038064,73.0
TGO,2000,0.7683583875751723,0.9518512878711503,73.0
TGO,2001,0.6686185915140175,0.9651220798607997,81.0
TGO,2002,0.6832338002603289,0.9109196831083142,79.0
TGO,2003,0.6683963425020713,1.0074341064741157,86.0
TGO,2004,0.5206429985395633,0.8820160944970785,72.0
TGO,2005,0.4433480342687187,0.829589440219548,72.0
TGO,2006,0.4795855915374559,0.7991440509638674,77.0
TGO,2007,0.3688715950442979,0.6461616259273325,75.0
TGO,2008,0.26567770536334195,0.5442822187431794,81.0
TGO,2009,0.28631828214934335,0.5824412321057815,87.0
TGO,2010,0.7636025092355818,1.1194808334108397,75.0
TGO,2011,0.3150115654518484,0.709700746000831,80.0
TGO,2012,0.6859317111531845,0.7331037851195044,75.0
TGO,2013,0.7052385341096429,0.825536847010907,80.0
TGO,2014,0.5853179266701503,0.7314317204654286,77.0
TGO,2015,0.5973243118973597,0.9379696641686864,87.0
TGO,2016,0.686279439831063,0.8162009252452057,84.0
TGO,2017,0.637169974056542,0.9513281638727705,88.0
TGO,2018,0.5431234508368684,0.9135263334736775,81.0
TGO,2019,0.47552525224695896,0.7899131069769794,90.0
TGO,2020,0.4576149311182554,0.9214437242494319,95.0
TGO,2021,0.5902724578441002,0.9245417439435617,93.0
TGO,2022,0.5926350829562136,1.1200322056109948,98.0
TGO,2023,0.5419868286218099,1.0969426750631417,96.0
THA,1990,1.993743737769923,1.7671610501321724,133.0
THA,1991,1.998201060855562,1.5695479324241646,136.0
THA,1992,1.9136871979244658,1.610778904757182,135.0
THA,1993,1.991956228629662,1.5518879687127698,132.0
THA,1994,1.9418220082702082,1.6143127219373423,129.0
THA,1995,1.824898149380282,1.667266903410259,142.0
THA,1996,1.7197195504619243,1.697308185486445,144.0
THA,1997,1.754611239976291,1.622962106051974,144.0
THA,1998,1.6635841928927464,1.733708602452067,145.0
THA,1999,1.5410983679154755,1.7434944966948571,152.0
THA,2000,1.402881994201908,1.844646977947945,160.0
THA,2001,1.4495504132491026,1.729108762316171,156.0
THA,2002,1.4205671889677176,1.849078522305371,163.0
THA,2003,1.349549678907086,1.9159593543503621,165.0
THA,2004,1.2349757968396113,1.9105943573887745,167.0
THA,2005,1.2580114855046691,1.8430548736179662,168.0
THA,2006,1.2498046648411285,1.784816928219354,168.0
THA,2007,1.1024257470936036,1.733633318895534,168.0
THA,2008,1.073663755959049,1.6663789054672835,167.0
THA,2009,1.0797640503954513,1.5565674312868358,167.0
THA,2010,1.090021008194808,1.4261280042380637,168.0
THA,2011,0.979960996424251,1.4052286885503138,168.0
THA,2012,0.9913577985521297,1.4505791349116244,167.0
THA,2013,0.9626898501289651,1.533437937358267,168.0
THA,2014,1.073416944885857,1.5221524804379527,167.0
THA,2015,1.037821439766458,1.4961197247477742,167.0
THA,2016,1.0225656264020515,1.518456875369135,167.0
THA,2017,1.0451355827965694,1.5090126244058728,168.0
THA,2018,0.9951627133138317,1.6098650724595054,169.0
THA,2019,1.0387025523113262,1.5982339144791713,168.0
THA,2020,1.079303375018387,1.7001781188615075,168.0
THA,2021,1.027966825425571,1.712298466719173,168.0
THA,2022,1.134587951594831,1.54008387398671,166.0
THA,2023,1.1116793709889636,1.579222286405641,167.0
TJK,1992,1.4949599574199284,0.6994232781047052,16.0
TJK,1993,1.1096694588611706,0.976939676079981,39.0
TJK,1994,0.7702207069955546,0.7063104058800667,43.0
TJK,1995,0.6541137952271847,0.6267575907147593,41.0
TJK,1996,0.5141628455425324,0.682861009950325,52.0
TJK,1997,0.9042516067870985,0.8671270086601225,49.0
TJK,1998,0.8511599600748587,0.833407592169749,51.0
TJK,1999,0.9053844302641249,0.8404919739304227,47.0
TJK,2000,0.524792638912332,1.015211318226408,37.0
TJK,2002,0.8958430545019551,0.7421549609759077,47.0
TJK,2003,0.8057646211162597,0.6965274738055368,52.0
TJK,2004,0.8993739262914981,0.672769540968088,45.0
TJK,2005,1.0317137965835923,0.6851730547860126,46.0
TJK,2006,0.9979849205254456,0.5902855687207328,64.0
TJK,2007,1.0123632555670934,0.6615420642438546,54.0
TJK,2008,1.011211682173853,0.7285192521485608,60.0
TJK,2009,0.5755336948063217,0.7226180086511867,62.0
TJK,2010,0.6260718318789307,0.6847149442849637,62.0
TJK,2011,0.6275384309097901,0.733303310115826,63.0
TJK,2012,0.671678882938061,0.7801267416625202,64.0
TJK,2013,0.6257229545410206,0.6582479460971988,66.0
TJK,2014,0.9572720718456771,0.725986187820411,65.0
TJK,2015,0.8638258399711567,0.6873777707360232,65.0
TJK,2016,0.7434570954330028,0.6860540377699437,77.0
TJK,2017,0.6374903887026148,0.7738693930547361,76.0
TJK,2018,0.5828461232947464,0.6666105321921381,70.0
TJK,2019,0.6057458639775762,0.7879125181035157,80.0
TJK,2020,0.5884362269723661,0.7513333375555087,77.0
TJK,2021,0.795591645247833,0.8303479717213724,68.0
TJK,2022,0.5721271608612688,0.6889594119832969,75.0
TJK,2023,0.3926324318488598,0.5450307414757453,77.0
TKM,1992,1.4961148681643461,0.7193671247114222,17.0
TKM,1993,0.822624254710532,0.9456955899402878,38.0
TKM,1994,0.7465535891265342,1.013059615600392,43.0
TKM,1995,0.8942662430405088,0.955606295896804,51.0
TKM,1996,2.068631226386572,1.1750787227026989,42.0
TKM,1997,1.0027050001452882,1.2832240955282157,48.0
TKM,1998,0.8733207647184789,1.0416801984758537,42.0
TKM,1999,0.8726009129737892,1.0562314098376817,49.0
TKM,2000,0.6461724432457592,1.0494485304091417,51.0
TKM,2001,0.7597436051929046,0.9610740159683291,46.0
TKM,2002,0.7242431570125738,1.0280870326815692,70.0
TKM,2003,1.193670079474902,0.729248291568777,57.0
TKM,2004,1.7616195012959617,0.6700351029587169,72.0
TKM,2005,1.9305145528180752,0.6685237141137084,71.0
TKM,2006,1.407968473313698,0.6242658393063686,75.0
TKM,2007,1.8444151696385742,0.6847651043084622,75.0
TKM,2008,1.7286882277756608,0.5674825613278373,77.0
TKM,2009,1.5629944419627095,0.8456902525202439,72.0
TKM,2010,0.817305416036308,1.0596017554882398,77.0
TKM,2011,0.637504458044811,0.8664612618921165,84.0
TKM,2012,0.3061291134463594,0.8718407974759523,81.0
TKM,2013,0.708244541230759,0.7188325827897427,80.0
TKM,2014,0.3278871766288965,0.7999157414878494,81.0
TKM,2015,0.7916020900578294,0.554591396298063,84.0
TKM,2016,0.6132028084629206,0.6328686990313619,95.0
TKM,2017,0.6407950902334577,0.5327885900825143,90.0
TKM,2018,0.4933298928213885,0.5284569891141726,98.0
TKM,2019,0.5478314992020664,0.487479416549237,96.0
TKM,2020,0.3005916491230617,0.6091477110341831,93.0
TKM,2021,0.7750507039577665,0.5981136939658837,98.0
TKM,2022,0.4913630318086925,0.5668311309984179,92.0
TKM,2023,0.38628608392858066,0.7570306262039411,96.0
TUN,1990,2.1895900195633384,1.171409972548943,99.0
TUN,1991,2.034012977850164,1.0320876676143775,102.0
TUN,1992,2.0043407564596483,0.9159473976214633,76.0
TUN,1993,2.3322845339931972,0.8474554577908717,66.0
TUN,1994,2.2615927137077083,0.8536499998858895,95.0
TUN,1995,2.013256972809968,0.8569796898810697,95.0
TUN,1996,2.1818777352221703,0.8417965762676756,108.0
TUN,1997,2.22846485849952,0.8782861404710567,135.0
TUN,1998,2.0853015697869886,0.8108642070188117,127.0
TUN,1999,1.9763170801853296,0.7688944421936504,122.0
TUN,2000,2.1368653811233855,0.8197209485108314,124.0
TUN,2001,2.3282371289681763,0.8376433075541226,124.0
TUN,2002,2.3142391728295193,0.8624609726465826,130.0
TUN,2003,2.3648157255811224,0.821779145938162,131.0
TUN,2004,2.1004484924798628,0.8281991879183892,128.0
TUN,2005,1.8350230474102178,0.9109961760637428,133.0
TUN,2006,2.0349374886723886,0.9707613944449944,132.0
TUN,2007,1.6670058392492528,0.8562340129546326,141.0
TUN,2008,1.8360793657301797,1.0079263848735067,144.0
TUN,2009,1.979004863754738,1.0736944522108653,140.0
TUN,2010,1.8622929556344097,1.0430943685783327,144.0
TUN,2011,1.4384779982978873,0.917516414503386,142.0
TUN,2012,1.5944137378539325,1.0505306194079715,144.0
TUN,2013,1.6637126351333142,1.0377533971687336,146.0
TUN,2014,1.6159838980805659,1.0120063848646998,153.0
TUN,2015,1.6804839615683433,1.0053401800279935,147.0
TUN,2016,1.7141548277529899,0.934511322570636,150.0
TUN,2017,1.7456194697979064,0.9752928842978771,144.0
TUN,2018,1.6014978736083947,1.0341572409317028,148.0
TUN,2019,1.7166498630261666,0.9689452006300323,150.0
TUN,2020,1.6494149389896133,0.966237379641985,148.0
TUN,2021,1.6159191433819458,0.9873826071690738,146.0
TUN,2022,1.731527810334337,0.971423493505878,147.0
TUN,2023,1.7297263457796803,0.9531366062552,148.0
TUR,1990,1.2692578881851364,1.0100688550020962,113.0
TUR,1991,1.212919203317256,1.0191191783977984,124.0
TUR,1992,1.115331701638686,0.8316307246025635,54.0
TUR,1993,1.1680813277443334,0.9344764222483654,128.0
TUR,1994,1.1435563502766095,1.0463883131593252,145.0
TUR,1995,0.9724763753702532,1.1127404435438089,154.0
TUR,1996,1.0187318178690363,1.1455911112207988,160.0
TUR,1997,1.08337697081731,1.1634685562911502,157.0
TUR,1998,0.9405828034070477,1.14745226068446,149.0
TUR,1999,0.9443929293335487,1.033477159488198,155.0
TUR,2000,0.9272629808391017,1.1199386551824393,163.0
TUR,2001,0.9388899786948919,1.0903917958392673,161.0
TUR,2002,0.8914052149434142,1.053610707004593,170.0
TUR,2003,0.9561269302187523,1.1652751439427176,172.0
TUR,2004,0.9153296858159005,1.2460390244831847,175.0
TUR,2005,0.8445704656656841,1.205584470985767,174.0
TUR,2006,0.8646544186534455,1.2366199600539034,177.0
TUR,2007,0.8339173239874912,1.1614519712238047,178.0
TUR,2008,0.9082343820212088,1.1915709728525576,181.0
TUR,2009,0.9691299799857067,1.1514205818481635,181.0
TUR,2010,1.0013124805112033,1.2432220303342345,182.0
TUR,2011,0.8976336092360024,1.0634465084827374,181.0
TUR,2012,1.057507689125186,1.2974817954376867,182.0
TUR,2013,1.0114474244541831,1.0861524807501997,185.0
TUR,2014,1.038120168581175,1.186689724442333,184.0
TUR,2015,0.9923762341880888,1.141332134677514,184.0
TUR,2016,1.0309442918194534,1.2350602669152966,185.0
TUR,2017,0.9447440901144399,1.091104416651086,185.0
TUR,2018,0.9441003959649243,1.172324250258097,185.0
TUR,2019,0.9507827121287835,1.1834113621793294,183.0
TUR,2020,0.9662240311879703,1.2245197430388064,185.0
TUR,2021,0.9332220169902897,1.1811105956242833,184.0
TUR,2022,1.0568434841843957,1.1828781483253668,184.0
TUR,2023,1.0571253678732744,1.1428518433303954,184.0
TZA,1990,1.7851888069431503,1.3367754329586896,62.0
TZA,1991,1.778562285089415,1.232209276928611,66.0
TZA,1992,1.7954994406931966,1.1748358018331546,64.0
TZA,1993,1.5534305341017534,1.1601294366192678,69.0
TZA,1994,1.756497365452185,1.1987024432895657,77.0
TZA,1995,1.7793238252047652,1.2361647320700684,83.0
TZA,1996,1.5719256995603434,1.1297165753055565,82.0
TZA,1997,1.5546585548244753,1.230952430844091,97.0
TZA,1998,1.4043199663512729,1.1759569258771947,104.0
TZA,1999,1.611988693573401,1.258421083843874,112.0
TZA,2000,1.6506850101018449,1.2233201989689027,109.0
TZA,2001,1.7340937585810507,1.1386303602284935,107.0
TZA,2002,1.6168808367715537,1.1885923319876177,117.0
TZA,2003,1.556790633870522,1.2388343586007036,119.0
TZA,2004,1.2331478325883327,1.293971940159019,117.0
TZA,2005,0.8244370707010765,1.2306072334952647,126.0
TZA,2006,0.792138420543465,0.9506286132769329,134.0
TZA,2007,0.7891572467663517,1.1897796869512154,132.0
TZA,2008,0.751183645977453,1.0899403663979796,138.0
TZA,2009,0.7538645037753251,1.0723591640703038,137.0
TZA,2010,0.6714515097198858,0.9813945818790432,144.0
TZA,2011,0.6792014747895339,0.9713035558939225,138.0
TZA,2012,0.6929970458595851,1.018815942807248,134.0
TZA,2013,0.6279849913999795,1.0090276410616195,146.0
TZA,2014,0.5747909419533183,1.0906898648095318,138.0
TZA,2015,0.6878933143543549,0.8763797418399272,141.0
TZA,2016,0.8531945100545764,0.9756493842040552,145.0
TZA,2017,0.6804945127757034,0.8808516463705318,141.0
TZA,2018,0.7663506776533557,0.9627572111757857,137.0
TZA,2019,0.5494953522937034,0.8399148954479221,143.0
TZA,2020,0.5951277886337747,0.8748137471436561,137.0
TZA,2021,0.429128603728451,0.7520946900748073,133.0
TZA,2022,0.4725655159110562,0.8253219755495824,137.0
TZA,2023,0.46964120759347383,0.8351092433043577,141.0
UGA,1990,2.5652651049634594,0.7950437548796147,39.0
UGA,1991,2.607160553529548,0.8138665572943101,48.0
UGA,1992,2.4423974242140303,0.8924196674375822,50.0
UGA,1993,2.6239934494608086,0.939755157324687,53.0
UGA,1994,2.7126602739011356,0.8297415034454106,62.0
UGA,1995,2.171515825802768,0.6656536653388552,65.0
UGA,1996,2.4763446081174703,0.6621772690366142,69.0
UGA,1997,2.522544309899318,0.6392512420392534,69.0
UGA,1998,2.0950599372064547,0.5751732896005982,74.0
UGA,1999,1.9443467251739504,0.735943671092263,80.0
UGA,2000,1.1839464803386766,1.120727484425714,70.0
UGA,2001,1.2447221367379346,1.1219043885032587,90.0
UGA,2002,1.3478621813436817,1.124510451350923,105.0
UGA,2003,1.0564927661977808,1.233181661089406,113.0
UGA,2004,0.9174795073755705,1.1876223666928776,115.0
UGA,2005,0.9355163061892076,1.074421515525337,119.0
UGA,2006,0.9233424457858681,1.031101360479339,120.0
UGA,2007,0.8674932290160071,1.1300856354461504,127.0
UGA,2008,0.8563611651836514,1.0942784897336812,124.0
UGA,2009,0.8068468739628616,1.1056431090457295,61.0
UGA,2010,0.8888598502152891,0.889879836145718,63.0
UGA,2011,0.7824571817249724,0.9582756684168154,64.0
UGA,2012,0.6761536000912128,0.8548199911706935,64.0
UGA,2013,1.0306116585760599,0.9096970432223235,63.0
UGA,2014,0.9708423949212088,0.9658362583643033,63.0
UGA,2015,1.006710137597631,0.8708914677963712,64.0
UGA,2016,0.9994869640939598,0.8812283721350181,62.0
UGA,2017,1.1097410973097146,0.9271663013161975,64.0
UGA,2018,0.88461731964857,0.8681579895035416,63.0
UGA,2019,0.6774987227980999,0.8339612702178877,64.0
UGA,2020,0.5025958006642133,0.7767205747416095,63.0
UGA,2021,0.74361022310188,0.8869968297734985,63.0
UGA,2022,0.867989522802368,0.904750792436012,65.0
UGA,2023,0.6364048543438291,0.8152847994708912,64.0
UKR,1992,1.166689277666731,0.8783425722105225,30.0
UKR,1993,1.185428741120298,1.0504571736272166,57.0
UKR,1994,0.7144232282421091,0.9744783467114636,39.0
UKR,1995,0.8239378532733037,0.9880473102510637,80.0
UKR,1996,0.6876481861218976,1.1200379775606932,115.0
UKR,1997,0.7648337410925143,1.2331107982598557,116.0
UKR,1998,0.7150372455897833,1.2373974391297045,122.0
UKR,1999,0.7119007395515315,1.2364185371596887,132.0
UKR,2000,0.7455940213772763,1.221880261675196,135.0
UKR,2001,0.7508342232996223,1.1368521190304912,144.0
UKR,2002,0.769182563699234,1.192835441460489,155.0
UKR,2003,0.7740114185358851,1.193996410597577,154.0
UKR,2004,0.7676283768055934,1.2454681384232575,160.0
UKR,2005,0.7772195907038554,1.156196533424569,158.0
UKR,2006,0.8529847645707701,1.063414529919137,161.0
UKR,2007,0.8836108713358,0.992710194535727,161.0
UKR,2008,0.9764202438227364,1.0225980390486882,159.0
UKR,2009,1.0049631383130768,1.0078915655359935,160.0
UKR,2010,0.9142203295375977,1.034373072481758,167.0
UKR,2011,0.8502649745086719,0.9249118779547298,169.0
UKR,2012,0.9084397349366855,1.0152872410355376,165.0
UKR,2013,0.9118363072374,0.9479210816775865,173.0
UKR,2014,1.0038727931712481,1.0986627943186984,172.0
UKR,2015,0.8699802245842423,1.0276022389737942,170.0
UKR,2016,0.9587482149340881,1.0683466364295138,149.0
UKR,2017,0.8923023121259064,0.9783596623948021,154.0
UKR,2018,0.8442792083241231,1.0372092163504536,158.0
UKR,2019,0.9121341682048206,1.0549403169046792,163.0
UKR,2020,0.9464191871021048,1.0908362005764103,179.0
UKR,2021,0.8595573719252592,1.0280154065452543,175.0
UKR,2022,0.6153616623709476,1.0682871390057305,171.0
UKR,2023,0.6922139214818168,1.0230857660493131,172.0
URY,1990,1.2633174800832294,1.597281569235199,89.0
URY,1991,1.1772673304021446,1.3658082003374623,84.0
URY,1992,1.1274979937718634,1.4066833084861643,77.0
URY,1993,1.0869988609893724,1.432174868409931,92.0
URY,1994,1.0948695050586932,1.3225277850988582,85.0
URY,1995,1.0582362277093906,1.5177840372644156,96.0
URY,1996,0.9350266226934564,1.4328363520279042,105.0
URY,1997,0.879995459547062,1.4627608288674308,104.0
URY,1998,0.6613639620202124,1.552500483634057,109.0
URY,1999,0.7573964651852887,1.6970002300515747,104.0
URY,2000,0.7221864350100019,1.759530972706414,105.0
URY,2001,0.7679229959990514,1.6343671137030076,93.0
URY,2002,0.8226992055917826,1.8077178041477584,125.0
URY,2003,0.9156525524692575,1.9055545192052725,122.0
URY,2004,1.083956989196672,2.21688339563813,122.0
URY,2005,1.1985662864353348,2.273739865987262,129.0
URY,2006,0.9029892008368687,1.936244809731737,140.0
URY,2007,0.8610768915327384,1.8411239887442015,149.0
URY,2008,0.6997013924117967,1.4791751678705782,140.0
URY,2009,0.701995541000314,1.3771143112506972,141.0
URY,2010,0.6941425888329533,1.2711796859431312,143.0
URY,2011,0.7207576691838875,1.2734035036174653,143.0
URY,2012,0.7384775273151541,1.2621006023108308,144.0
URY,2013,0.7081289804729567,1.312494834689867,140.0
URY,2014,0.8105683777927322,1.3130053119038747,143.0
URY,2015,0.8638208659542902,1.509968648269346,143.0
URY,2016,0.792130372174757,1.4529189399230076,146.0
URY,2017,0.7544672593224478,1.3684620434215666,145.0
URY,2018,0.7435333941320589,1.370898581400582,141.0
URY,2019,0.7055376106292335,1.3069251850665868,146.0
URY,2020,0.7785740355400519,1.55020461357073,142.0
URY,2021,0.5621110190381664,1.3977803314392938,142.0
URY,2022,0.8364184377088737,1.507881713777327,142.0
URY,2023,0.7873727934310902,1.5048097345850986,139.0
UZB,1994,0.9020720340239456,0.7524298092053175,52.0
UZB,1995,0.47363014059082165,0.6691900416354349,53.0
UZB,1996,0.6957610015149808,1.0235654089381294,59.0
UZB,1997,0.582293835177608,0.9614832544645814,66.0
UZB,1998,0.5481889764407357,0.7896685396974518,64.0
UZB,1999,0.5706760701220045,0.7714461312032133,66.0
UZB,2000,0.8499602819057814,1.020732197257211,50.0
UZB,2002,0.8155384886658249,0.959231092292176,51.0
UZB,2003,0.9106728123757367,1.0742875348008813,51.0
UZB,2004,0.6973514863786654,0.8176556874712136,51.0
UZB,2005,0.58717318716049,0.5074968388336664,51.0
UZB,2006,0.530974748034139,0.5322249904920477,51.0
UZB,2007,0.4582826150018335,0.5750530845037272,51.0
UZB,2008,0.48403999947894366,0.6228972197976759,51.0
UZB,2009,0.5283369577341962,0.6289097282557293,51.0
UZB,2010,0.6423555780148906,0.6185976901667676,51.0
UZB,2011,0.49041562190691024,0.558943726511867,51.0
UZB,2012,0.668484067123721,0.630920672967017,51.0
UZB,2013,0.4809769002956908,0.5669553702492105,51.0
UZB,2014,0.6278835690958884,0.5524473781182078,51.0
UZB,2015,0.5229550248206863,0.6119569114260006,51.0
UZB,2016,0.5730694892020172,0.8512353618008701,81.0
UZB,2017,0.5527025124616399,0.7648115560683684,93.0
UZB,2018,0.4626058979509388,0.7097766815936836,88.0
UZB,2019,0.4753377713625416,0.7074450170197835,87.0
UZB,2020,0.554298527295522,0.727430800834723,92.0
UZB,2021,0.7413248239120935,0.7599811454385187,103.0
UZB,2022,0.5652173960190459,0.7543706588007372,107.0
UZB,2023,0.5384663538115441,0.8017761160717114,117.0
VEN,1990,2.600797268708234,1.4901279822753468,69.0
VEN,1991,2.5845042533327436,1.4729163363192221,68.0
VEN,1992,2.476783049290138,1.6713165425401886,68.0
VEN,1993,2.460241419642641,1.6156953280778499,68.0
VEN,1994,2.457726120895745,1.7538923497905048,69.0
VEN,1995,2.2705215678962287,1.9396231707618699,77.0
VEN,1996,2.4977458911515042,1.8336401570432639,85.0
VEN,1997,2.320425820613593,1.790641057380666,90.0
VEN,1998,2.14860324030641,1.8771122245703187,87.0
VEN,1999,2.4287714873178654,1.4873460920503558,33.0
VEN,2000,2.2971651134234836,1.7469518779114883,95.0
VEN,2001,2.4191347963774046,1.6261387099311717,101.0
VEN,2002,2.225058508101942,1.9003979822183406,103.0
VEN,2003,2.511695255632808,1.8189750150409087,111.0
VEN,2004,2.8882331379504858,1.6459657383300264,103.0
VEN,2005,3.1744689162026267,1.570478150351249,108.0
VEN,2006,3.127057105794383,1.6164460823706588,96.0
VEN,2007,2.9008797879590236,1.8014880808248925,130.0
VEN,2008,2.906510230146986,1.8561523059800435,125.0
VEN,2009,2.6909896884134477,1.7324548952995444,77.0
VEN,2010,2.442384482631989,1.8979291858120237,78.0
VEN,2011,2.9003493477981768,1.8369494966679873,71.0
VEN,2012,2.3123712423801592,1.7805005254951745,58.0
VEN,2013,2.2132949195791753,1.879203946231407,92.0
VEN,2014,2.0266509546677214,1.8851556442099526,110.0
VEN,2015,2.4558850125712812,1.6650988193438312,104.0
VEN,2016,2.282651355130701,1.664022875363399,106.0
VEN,2017,2.376711674969503,1.7853851435984298,108.0
VEN,2018,2.360171123453146,1.8790237746612433,109.0
VEN,2019,2.8010595732015093,1.8174688811895114,108.0
VEN,2020,2.874492422414182,1.9118320241083442,110.0
VEN,2021,3.1769786695121893,1.8741567893798419,110.0
VNM,1990,1.684714055693137,0.914314136757777,42.0
VNM,1991,1.7212932598544843,0.8251479980500588,45.0
VNM,1992,1.9207654662418514,0.7835305796307559,58.0
VNM,1993,2.2244136897138462,0.8775295316529044,65.0
VNM,1994,2.280840756826968,1.0034882331398174,67.0
VNM,1995,2.1132304836414804,1.000295229141077,83.0
VNM,1996,1.9654187093094728,1.0641137798566018,120.0
VNM,1997,2.1470483000209906,1.155297605944879,148.0
VNM,1998,1.9700968123883869,1.1859216154444796,152.0
VNM,1999,1.9706696618285997,1.163588047398839,149.0
VNM,2000,1.809163699639707,1.123461687066691,158.0
VNM,2001,2.0479822037030804,1.0093829227564304,70.0
VNM,2002,2.289987447795397,1.1352985336381487,72.0
VNM,2003,2.4378311459364963,1.2949989973580804,73.0
VNM,2004,2.32147125495506,1.2915860960972017,73.0
VNM,2005,2.2246431357343184,1.3700637945736274,73.0
VNM,2006,2.336332432064066,1.3513548199775514,73.0
VNM,2007,2.098376858506762,1.3662135860849884,73.0
VNM,2008,2.091342218006564,1.3274015150267142,73.0
VNM,2009,2.0737909870901743,1.275158045568118,69.0
VNM,2010,1.9971884839243867,1.3333234624080395,74.0
VNM,2011,1.8402986117069249,1.3177789279047487,72.0
VNM,2012,1.7569686830215154,1.3622364984624382,72.0
VNM,2013,1.844553005838345,1.322081080968367,71.0
VNM,2014,1.8542667949219587,1.3569917475590525,72.0
VNM,2015,1.9020135463324381,1.4444493816675437,136.0
VNM,2016,1.9262516571164672,1.4525724851543482,138.0
VNM,2017,1.726429784919919,1.4981000269736529,137.0
VNM,2018,1.679779777911915,1.4058255834440863,78.0
VNM,2019,1.6865829630866893,1.4041027072242152,78.0
VNM,2020,1.7575013967495454,1.5446784737390247,78.0
VNM,2021,1.7835747605994645,1.4675270381774197,78.0
VNM,2022,1.7835163215142935,1.3629696438328927,78.0
VNM,2023,1.581456064450546,1.415877227322162,83.0
YEM,1991,3.0366144200632834,0.9405183640088258,31.0
YEM,1992,2.9010832998114138,1.1640522022401825,31.0
YEM,1993,1.414070147806335,0.865643564316461,37.0
YEM,1994,1.6653361185326312,1.1518032749680016,39.0
YEM,1995,0.7963734522490485,0.6506853969822172,55.0
YEM,1996,0.9615798949871321,0.7338367981718853,55.0
YEM,1997,0.8519522861047737,0.7812893555925406,63.0
YEM,1998,0.8172461205826484,0.8833361799599367,61.0
YEM,1999,0.3517419001290808,0.6671300082221131,57.0
YEM,2000,0.7318839393371649,1.0748859623348672,61.0
YEM,2001,0.9255481013228054,0.9016583555242303,67.0
YEM,2002,1.1962035073506825,0.9227820986386923,73.0
YEM,2003,0.8939380342800247,0.7575558237458004,88.0
YEM,2004,0.8443300031788337,0.7113926930364125,89.0
YEM,2005,0.9506504034883834,0.9708985698209109,87.0
YEM,2006,0.7563010193640065,1.2941319615977271,88.0
YEM,2007,0.7849353121975474,0.977541157295901,98.0
YEM,2008,0.7997585780376687,0.6951415066347455,112.0
YEM,2009,0.7652391150067364,0.5456053036724922,104.0
YEM,2010,0.5324468183198141,0.8156880724070013,115.0
YEM,2011,0.7303902843677671,1.0652698635099114,93.0
YEM,2012,0.6197633544682747,0.7086137857043311,102.0
YEM,2013,0.7402075515184158,0.7020484105274354,94.0
YEM,2014,0.39497811556737966,0.5578438408475874,99.0
YEM,2015,0.6738461833508939,0.8586640351083056,72.0
YEM,2016,0.4249289951457448,0.17372171225696265,33.0
YEM,2017,0.24518177776810268,0.23025023809968528,30.0
YEM,2018,0.5197284361858168,0.23844315642098002,23.0
YEM,2019,0.36036584925864523,0.5447762725094154,19.0
YEM,2020,0.5639582223439998,0.6847601498453182,30.0
YEM,2021,0.7675332713081241,0.8165834513676994,35.0
YEM,2022,0.7921919013787967,0.43763362348796625,34.0
YEM,2023,0.5392645037856223,0.4587009593358418,30.0
YUG,1990,2.245147150403312,1.1396171354363325,134.0
YUG,1991,2.189851822232907,0.9843108154371886,140.0
YUG,1992,2.163909034756116,0.9239624354611171,129.0
ZAF,1998,1.2919697150650433,1.4911163710549942,143.0
ZAF,1999,1.2102939347475816,1.514778042311437,146.0
ZAF,2000,1.2050033068626111,1.5087426238071504,150.0
ZAF,2001,1.2239315418244339,1.4643702476298248,156.0
ZAF,2002,1.4120134226953418,1.5876475170339135,166.0
ZAF,2003,1.4564276065001969,1.6612188767804315,168.0
ZAF,2004,1.4870313465979776,1.5770288294222155,168.0
ZAF,2005,1.402693134502394,1.5815294387543728,169.0
ZAF,2006,1.4525341149261286,1.493044421830671,159.0
ZAF,2007,1.3924074244078122,1.549130879644295,160.0
ZAF,2008,1.3074264360936252,1.5473840177706264,162.0
ZAF,2009,1.128671888848087,1.496284299917934,159.0
ZAF,2010,1.0255030133363656,1.5005738950544874,181.0
ZAF,2011,1.0211531750652825,1.4650716402977513,182.0
ZAF,2012,0.931346201396628,1.5014132731874306,182.0
ZAF,2013,0.9043659854335921,1.5335504250462364,181.0
ZAF,2014,1.0050807921647242,1.49969572488122,184.0
ZAF,2015,1.215432037159951,1.4089518243580597,184.0
ZAF,2016,1.0104879402563571,1.4655740292577657,182.0
ZAF,2017,0.9806323297727882,1.4893911400260345,186.0
ZAF,2018,0.954686314494502,1.5099976906563533,186.0
ZAF,2019,0.8641923112172167,1.5601364773287845,187.0
ZAF,2020,0.9706441477293574,1.595581277198841,183.0
ZAF,2021,1.0723793811654556,1.580709464823599,184.0
ZAF,2022,1.1405644964568098,1.3939171586556964,186.0
ZAF,2023,1.0304953895071298,1.4242844058031858,186.0
ZMB,1990,1.787328303392121,1.0926677241960019,49.0
ZMB,1991,1.336810951785183,1.1216510816074226,43.0
ZMB,1992,1.2250705687365047,0.9238943691348032,40.0
ZMB,1993,1.2268197937300582,0.9699272594944667,45.0
ZMB,1994,1.0111807668267128,1.027794745148174,50.0
ZMB,1995,1.1632759350316717,1.2888287523737478,59.0
ZMB,1996,0.836221120033113,1.0298589862111298,69.0
ZMB,1997,1.1627092089989461,1.2356781146666154,69.0
ZMB,1998,1.0739242477700104,1.2785166285061869,89.0
ZMB,1999,0.7873162032572262,1.0929354413069508,108.0
ZMB,2000,1.3152002808741494,1.204378547627211,93.0
ZMB,2001,1.5430672051736292,1.1653613886498972,93.0
ZMB,2002,1.4724984775996994,1.277433072863974,87.0
ZMB,2003,1.1834374054174337,1.230006182786898,89.0
ZMB,2004,0.9940160155924128,1.138929473273369,84.0
ZMB,2005,0.9001311168586238,0.9718282033791512,88.0
ZMB,2006,0.8920760435480992,0.8431715193919134,83.0
ZMB,2007,0.8752476283581432,0.8967935305259497,101.0
ZMB,2008,0.9146336052505151,0.8543537887298551,112.0
ZMB,2009,0.8278721340812515,0.9148821351685062,114.0
ZMB,2010,0.8762018745824921,0.8292651307749753,118.0
ZMB,2011,0.9716366376166815,0.9321408663686612,113.0
ZMB,2012,0.7479383717564743,0.7304004082287239,118.0
ZMB,2013,0.6423638304790358,0.8337304449922734,116.0
ZMB,2014,1.0433178232381886,0.9170728585492524,100.0
ZMB,2015,0.8222346408791271,0.7516052617352728,100.0
ZMB,2016,0.7704773712000063,0.8626096550113403,105.0
ZMB,2017,0.8783168553829849,0.7925752069877275,103.0
ZMB,2018,0.8677036310686569,0.8297425681113343,108.0
ZMB,2019,0.6403854103706547,0.8591087045911616,114.0
ZMB,2020,0.74707972768752,0.8200617972925976,110.0
ZMB,2021,0.6050564620630104,0.8349243914721755,116.0
ZMB,2022,0.7745033569144189,0.7151627799777407,108.0
ZMB,2023,0.6280834147766103,0.638399289522969,110.0
ZWE,1990,2.032697961594638,1.3554542503045202,109.0
ZWE,1991,2.0935491573153686,1.324429488263936,125.0
ZWE,1992,2.082056844845996,1.3989615433043325,128.0
ZWE,1993,2.0179187433340195,1.369027167030633,123.0
ZWE,1994,2.0063905116914897,1.387572489834427,131.0
ZWE,1995,1.7360873877342118,1.3535416207392772,115.0
ZWE,1996,1.613679112784777,1.3390343737669885,123.0
ZWE,1997,1.739702994921151,1.2530542879852797,134.0
ZWE,1998,1.7879256555899308,1.2053476724717003,134.0
ZWE,1999,1.3341584600145313,1.279467656062895,131.0
ZWE,2000,1.253744441713998,1.254164040545663,111.0
ZWE,2001,1.4765722504353962,1.0404789653957822,64.0
ZWE,2002,1.5413402939619385,1.1452153226922177,132.0
ZWE,2003,0.7791753673434382,1.0925195007814419,125.0
ZWE,2004,1.348026554530092,1.0399312981746385,127.0
ZWE,2005,1.2560610302540172,1.2445972637025826,122.0
ZWE,2006,1.220197769781644,1.4173236556608713,120.0
ZWE,2007,1.3332316004322196,0.9900053783643511,125.0
ZWE,2008,1.4109153933992618,0.9427687010557787,107.0
ZWE,2009,1.3570464388001013,0.9234870474738269,112.0
ZWE,2010,1.1729903261214554,0.8515506795775002,114.0
ZWE,2011,0.8893755009829867,0.6951880729505263,111.0
ZWE,2012,0.9043579018697464,0.5039463994535031,85.0
ZWE,2013,1.2233935140528005,0.39381125425798114,75.0
ZWE,2014,1.1695258660685983,0.4466262698085017,81.0
ZWE,2015,0.8390766820218005,0.3379682094556263,88.0
ZWE,2016,1.0956999325367243,0.31667772253840504,85.0
ZWE,2017,1.4763645007400052,0.29445519851529184,86.0
ZWE,2018,0.9430723943115066,0.2822955574144132,87.0
ZWE,2019,0.1521804232364114,0.31445340968066043,79.0
ZWE,2020,0.14915912339448806,0.28700067554378456,82.0
ZWE,2021,0.31847853562980455,0.40604411353555153,93.0
ZWE,2022,0.7278306624527732,0.5787948178920586,98.0
ZWE,2023,0.245544460119745,0.5631426190284579,95.0
