ISO3,year,gN,gS,gCN,gS_noCN,gTOP,gS_noTOP,top,wTOP
AFG,1991,0.012391923977700607,-0.0027482271625239507,0.00038717340353833343,-0.0031354005660622843,0.003977112040983163,-0.006725339203507113,IND,0.11369765585608177
AFG,1992,0.006179734130376961,0.025746979123544192,0.0008297749734363721,0.02491720415010782,0.019781743908737208,0.005965235214806984,TWN,0.2477856293605481
AFG,1993,0.001222714291947321,0.032247847037193564,0.001046318762997395,0.03120152827419617,0.025385282534958996,0.006862564502234568,TWN,0.38506236248327863
AFG,1994,0.006050993461951783,-0.009411806216602273,0.0009369956749677859,-0.010348801891570059,0.027082462470447974,-0.036494268687050246,TWN,0.3742810702776409
AFG,1995,0.005569365223673887,0.008780666400652386,0.0053581403735152066,0.003422526027137179,-0.014276832155960152,0.023057498556612536,RUS,0.3339518701739175
AFG,1996,0.004566202731228171,0.013401528331315565,0.00764726857901463,0.0057542597523009345,-0.012637219653778509,0.026038747985094073,RUS,0.36012380616474937
AFG,1997,0.010220207891382416,0.027224729811703235,0.008340696229306402,0.018884033582396834,0.002027123245921073,0.02519760656578216,PAK,0.15000483737390558
AFG,1998,0.009418608599665533,0.010254270722463583,0.0034246786115020894,0.006829592110961494,0.00459448735742778,0.0056597833650358035,PAK,0.1734317549121896
AFG,1999,0.013524638157122126,0.024626264699543432,0.0007752607929772839,0.023851003906566148,0.00638604392965326,0.018240220769890174,PAK,0.19858885344651075
AFG,2000,0.016138603804745674,0.030631554879220445,0.000747650834629951,0.029883904044590494,0.00964688998277973,0.020984664896440713,PAK,0.22253268452113048
AFG,2001,0.004159107243630765,0.029703826034352405,0.0012884356640010678,0.02841539037035134,0.01342939708476325,0.016274428949589158,IND,0.27679789203884536
AFG,2002,0.0017664950823384482,0.032096103874272475,0.002115545579893584,0.02998055829437889,0.014520280060819131,0.017575823813453344,IND,0.386816326642934
AFG,2003,0.0006527581758957653,0.06593484923411878,0.002339973472458363,0.06359487576166042,0.037421625426545556,0.028513223807573228,IND,0.4821715606155242
AFG,2004,0.0009195311014727687,0.07413576388412202,0.002472676081636799,0.07166308780248522,0.03666265911718956,0.03747310476693246,IND,0.4886062272849291
AFG,2005,0.0008163608301138094,0.06984625707829187,0.002758709560345159,0.06708754751794671,0.03753641702822819,0.032309840050063675,IND,0.49784355452168905
AFG,2006,0.0009094656613257044,0.07114283828856761,0.003143927216788075,0.06799891107177954,0.03991079229219285,0.031232045996374767,IND,0.5123882120370921
AFG,2007,0.0009535592029411401,0.06439920950667292,0.0032873716285573497,0.061111837878115575,0.036186049917132736,0.02821315958954019,IND,0.49258342969439256
AFG,2008,0.00011039626405144171,0.03153404365198471,0.0020737916863812077,0.0294602519656035,0.014169546419007114,0.017364497232977595,IND,0.46101894966255463
AFG,2009,-0.0013876700012933794,0.032733265081605206,0.0013079049868071275,0.03142536009479808,0.02865940487085259,0.004073860210752615,IND,0.37618348690120645
AFG,2010,0.0009863748448788513,0.04419665229950774,0.0010030183634799578,0.043193633936027785,0.006613821188459584,0.037582831111048154,PAK,0.4166619862853594
AFG,2011,0.0009034551406805523,0.04034007098413009,0.001298119726222307,0.039041951257907784,0.012258620485073653,0.028081450499056436,PAK,0.4509143389949308
AFG,2012,0.00036451735115114697,0.03423957759432704,0.0013946191893444545,0.03284495840498258,0.01352524680591568,0.02071433078841136,PAK,0.4479897726003062
AFG,2013,0.0001568373279210551,0.04076500692097243,0.0015247486766334069,0.03924025824433902,0.020423898767425296,0.020341108153547133,PAK,0.509600899178369
AFG,2014,0.0004283406442171431,0.048528194341242614,0.002065213903939806,0.046462980437302806,0.02335504500972934,0.025173149331513274,PAK,0.5565469021489986
AFG,2015,0.0003298689654128131,0.045347299047888825,0.0024127301734733677,0.042934568874415456,0.02206065297334764,0.023286646074541187,PAK,0.5477655117968292
AFG,2016,0.0006876173220672762,0.06700718590698625,0.0024029765814077403,0.0646042093255785,0.02933519709395064,0.03767198881303561,PAK,0.4604068452485634
AFG,2017,0.0008597036027821335,0.048624927119105946,0.0014067968175874438,0.0472181303015185,0.020000547265155443,0.028624379853950502,PAK,0.44193666741808396
AFG,2018,0.0004047907949705226,0.05098230552518553,0.0008649468223691915,0.05011735870281634,0.024857112963557318,0.026125192561628215,PAK,0.43363788884811366
AFG,2019,0.0002880437783633077,0.030361040678174495,0.0010505518483904057,0.029310488829784088,0.011031582634564923,0.01932945804360957,PAK,0.4455306031911698
AFG,2020,-0.0009544666066102023,-0.03279966057862167,0.0006105925271000363,-0.03341025310572171,-0.025613715552001183,-0.00718594502662049,IND,0.4378696842927936
AFG,2021,0.001103861992581768,0.07470864251648547,0.0037789901335126288,0.07092965238297284,0.04318985078475125,0.03151879173173422,IND,0.46935848380508866
AFG,2022,0.0012986659793166994,0.057539411996261045,0.0017439428053332012,0.05579546919092784,0.03374161354992284,0.023797798446338204,IND,0.4890594176284467
AFG,2023,0.0005116530171408059,0.045767605829378485,0.0024171276504793763,0.04335047817889911,0.03802733198836041,0.0077402738410180735,IND,0.48222190206507376
AGO,1991,0.007376504072771176,-0.012468338188824025,1.4405882604478039e-05,-0.012482744071428502,-0.013572932585085686,0.001104594396261661,YUG,0.060826013143321846
AGO,1992,0.022868856527808786,-0.007290283960637734,1.1933680189710261e-05,-0.007302217640827445,-0.008018862824431726,0.0007285788637939918,YUG,0.04130533617184513
AGO,1993,0.01726215638384156,-0.0031903224214278355,0.0003639282358757397,-0.0035542506573035754,-0.005421048925330628,0.002230726503902792,YUG,0.03489334553843947
AGO,1994,0.03125951483112842,0.005911233834991695,0.002714138150185275,0.00319709568480642,0.0013155458300655389,0.0045956880049261555,BRA,0.023128440114031243
AGO,1995,0.024661825568958375,0.006739719768105409,0.0027350501806852824,0.004004669587420127,0.0027350501806852824,0.004004669587420127,CHN,0.026954417380772092
AGO,1996,0.027767578399482677,0.007977803683250115,0.00340046280307929,0.004577340880170824,0.00340046280307929,0.004577340880170824,CHN,0.03691529216700025
AGO,1997,0.03315434359902172,0.00909904797811985,0.00320399419894235,0.005895053779177499,0.00320399419894235,0.005895053779177499,CHN,0.03495246500376403
AGO,1998,0.03559591673255163,0.006409676502676177,0.005576781526747735,0.000832894975928442,0.005576781526747735,0.000832894975928442,CHN,0.07220878148300494
AGO,1999,0.034352624805954586,0.011921428618659245,0.005226517077610574,0.006694911541048671,0.005226517077610574,0.006694911541048671,CHN,0.07290244787891142
AGO,2000,0.028590034000123506,0.017257207321705624,0.006780750268201881,0.010476457053503743,0.006780750268201881,0.010476457053503743,CHN,0.0803526461144825
AGO,2001,0.005454707825589497,0.023208708736310424,0.017892357261562852,0.0053163514747475715,0.017892357261562852,0.0053163514747475715,CHN,0.2299285775742305
AGO,2002,0.006736554911780261,0.04774002183090398,0.03536597637248038,0.012374045458423598,0.03536597637248038,0.012374045458423598,CHN,0.40645232377710333
AGO,2003,0.0036914125244833116,0.07000776717543551,0.053077238362273724,0.016930528813161788,0.053077238362273724,0.016930528813161788,CHN,0.5675128353654257
AGO,2004,0.007112998680270622,0.06888205979600777,0.05172038625384664,0.01716167354216113,0.05172038625384664,0.01716167354216113,CHN,0.5291505756592112
AGO,2005,0.011053260603260921,0.06274912830337619,0.04848365691290723,0.014265471390468958,0.04848365691290723,0.014265471390468958,CHN,0.45150316907461724
AGO,2006,0.011367874245401727,0.05709365441433463,0.04335521572891476,0.013738438685419872,0.04335521572891476,0.013738438685419872,CHN,0.3618930010444477
AGO,2007,0.010062917177065433,0.05419767662413942,0.04306522714992279,0.011132449474216634,0.04306522714992279,0.011132449474216634,CHN,0.32447053575954493
AGO,2008,0.0012026135290613435,0.03558103922369352,0.029857533590664835,0.005723505633028682,0.029857533590664835,0.005723505633028682,CHN,0.3166818402662948
AGO,2009,-0.013389687950414243,0.030310626767742127,0.028857055325718507,0.0014535714420236198,0.028857055325718507,0.0014535714420236198,CHN,0.3260322255293419
AGO,2010,0.010254650602654064,0.04799331266403721,0.033510706892572545,0.014482605771464666,0.033510706892572545,0.014482605771464666,CHN,0.3329643574483725
AGO,2011,0.007975744490310323,0.041349024340815194,0.03175768917385815,0.009591335166957045,0.03175768917385815,0.009591335166957045,CHN,0.3473283202992847
AGO,2012,0.004312268698738265,0.03822914760871967,0.027920218465901276,0.010308929142818394,0.027920218465901276,0.010308929142818394,CHN,0.36448708252608203
AGO,2013,0.0038769005020054745,0.04022733728532184,0.029831860966267318,0.01039547631905452,0.029831860966267318,0.01039547631905452,CHN,0.40046365805419964
AGO,2014,0.006702674720642648,0.0436808066483318,0.031287555479752566,0.012393251168579235,0.031287555479752566,0.012393251168579235,CHN,0.43192705658546476
AGO,2015,0.006106803217097282,0.04104341779610826,0.030817198538731924,0.010226219257376337,0.030817198538731924,0.010226219257376337,CHN,0.4562635088759662
AGO,2016,0.0055560530611830595,0.03803572658868304,0.028961166544063718,0.009074560044619321,0.028961166544063718,0.009074560044619321,CHN,0.4388797129637538
AGO,2017,0.007962181968971634,0.03755825227641229,0.028735355686000816,0.008822896590411473,0.028735355686000816,0.008822896590411473,CHN,0.42889787848693556
AGO,2018,0.005420342132339868,0.03940046436886,0.028661935521785285,0.010738528847074717,0.028661935521785285,0.010738528847074717,CHN,0.4397780148195402
AGO,2019,0.003697759726817029,0.03744330542800595,0.02883642692544364,0.008606878502562313,0.02883642692544364,0.008606878502562313,CHN,0.49873125106529353
AGO,2020,-0.010999178573068365,-0.0025831762421073498,0.012546301296475335,-0.015129477538582684,0.012546301296475335,-0.015129477538582684,CHN,0.5645603236851515
AGO,2021,0.008831176562698008,0.06582264294830151,0.05001857522245272,0.01580406772584879,0.05001857522245272,0.01580406772584879,CHN,0.6157993760344752
AGO,2022,0.00574864850628566,0.03413663965543592,0.02011484013774467,0.014021799517691245,0.02011484013774467,0.014021799517691245,CHN,0.6116188755156029
AGO,2023,0.002495096807566986,0.03820504674026801,0.026516265799744785,0.011688780940523228,0.026516265799744785,0.011688780940523228,CHN,0.5540842123359775
ALB,1991,0.012514144220774504,-0.0434174379435715,0.004963451834463258,-0.04838088977803476,-0.016730471879371527,-0.026686966064199975,CSK,0.10833751182732054
ALB,1992,0.005341050502369123,-0.00900990013229264,0.004858504508316379,-0.013868404640609018,0.00782836746087427,-0.01683826759316691,KOR,0.13255444896083418
ALB,1993,-0.0037339419617361063,-0.0016882840713524708,0.0033676454541477687,-0.0050559295255002395,-0.016866946242385657,0.015178662171033187,YUG,0.10856647699005056
ALB,1994,0.015365300659245188,0.017809965325574155,0.0008169107228887314,0.016993054602685423,0.00784496159974935,0.009965003725824805,KOR,0.08901836749214452
ALB,1995,0.02045650089192882,0.00804150692579351,0.00010518477856817104,0.007936322147225339,-0.0006299766403501701,0.00867148356614368,MKD,0.056199621476098784
ALB,1996,0.01142097333712411,0.005701836703117784,0.0003125972779773054,0.005389239425140478,0.000825923945269236,0.004875912757848547,MKD,0.07010468817311989
ALB,1997,0.020965523044336812,0.005015869723600366,0.00029103564828096557,0.004724834075319401,0.0005857180258637967,0.004430151697736569,MKD,0.04096777965650372
ALB,1998,0.019517442435709048,0.003708193516316473,0.00022439387941567876,0.0034837996369007944,0.0010846447580819566,0.0026235487582345163,TUR,0.03562088495215266
ALB,1999,0.019192860249737476,0.0009255536374726625,0.0,0.0009255536374726625,0.0010350351392189859,-0.00010948150174632334,MKD,0.0243679298650453
ALB,2000,0.037660669053865205,0.0026717621271832217,0.0,0.0026717621271832217,0.0008430047013624711,0.0018287574258207505,MKD,0.018949474378086546
ALB,2001,0.02162385780444758,-0.00011919887453736553,0.0,-0.00011919887453736553,-0.00040838850172597325,0.0002891896271886077,MKD,0.013109566361426583
ALB,2002,0.008481932361060847,0.001076221365730558,0.0,0.001076221365730558,0.0002381705190197163,0.0008380508467108418,MKD,0.016064044360265876
ALB,2003,0.008756615171371938,0.0013002025319768307,6.177351642565626e-07,0.0012995847968125742,0.0003503649860480743,0.0009498375459287564,MKD,0.015938658027635513
ALB,2004,0.01752273049731224,0.002380475108912415,0.00011908022323396863,0.0022613948856784463,0.0006984336064673385,0.0016820415024450764,MKD,0.015288948580480029
ALB,2005,0.011488419792724852,0.002555988852386164,0.0001687764518626828,0.0023872124005234812,0.00111139116140824,0.0014445976909779241,TUR,0.012907148811558628
ALB,2006,0.024320613781869747,0.0030454412594659924,0.000393864893088158,0.0026515763663778344,0.0010427974997730006,0.002002643759692992,TUR,0.015524073298574172
ALB,2007,0.015392408532250136,0.003953149511359623,0.0008082027302452694,0.0031449467811143533,0.0008512718624562672,0.0031018776489033554,TUR,0.017300759246276807
ALB,2008,-0.007772587010412621,0.003924847395704745,0.0013886678184880886,0.002536179577216657,0.0010240693830060907,0.0029007780126986548,MKD,0.019222501668801396
ALB,2009,-0.0466246396812814,-0.0007287458323546013,0.0020267883293085915,-0.002755534161663193,-8.600958820029227e-05,-0.0006427362441543091,MKD,0.023937125733033443
ALB,2010,0.007430645465411427,0.007380854159213178,0.0036149473122754974,0.003765906846937681,0.0036149473122754974,0.003765906846937681,CHN,0.035918329413346814
ALB,2011,-0.0001057424243407173,0.0062080692731023394,0.004266295689297574,0.0019417735838047658,0.004266295689297574,0.0019417735838047658,CHN,0.04665973357040024
ALB,2012,-0.02479068578376975,0.00957231849697021,0.0035049718717436577,0.006067346625226552,0.0023304644916316277,0.007241854005338582,TUR,0.0498243523470786
ALB,2013,-0.011323027053241822,0.00988102147762341,0.0028704762867441036,0.007010545190879306,0.005771489214365684,0.0041095322632577255,TUR,0.07085952216175888
ALB,2014,0.0038993107892598138,0.008071633283466646,0.0024878252795398795,0.005583808003926766,0.0029928443825160654,0.0050787889009505805,TUR,0.0620719378317472
ALB,2015,0.008643164730045236,0.012994273989046243,0.0024825129455380702,0.010511761043508172,0.0007024597820201914,0.012291814207026052,SRB,0.05456345549772024
ALB,2016,0.010491686458842645,0.010880528040909013,0.002375351318869861,0.008505176722039152,0.0024916896588074605,0.008388838382101553,SRB,0.0849880754790573
ALB,2017,0.013253178923595479,0.015898843832256686,0.002105704510932767,0.01379313932132392,0.0015592809534587674,0.01433956287879792,SRB,0.06675290173535943
ALB,2018,0.007594749671939075,0.011676637520896444,0.0020230859695861444,0.0096535515513103,0.0021106729112686374,0.009565964609627806,SRB,0.046444536939935666
ALB,2019,0.006331299088122343,0.008473547040403743,0.0016589109097498247,0.006814636130653918,0.001179932277766275,0.007293614762637467,MKD,0.03076078474756236
ALB,2020,-0.07020045139351043,-0.008884983875585433,0.0005648498330147004,-0.009449833708600133,-0.0015330245010354538,-0.0073519593745499795,MKD,0.031926321302999106
ALB,2021,0.059783999694840086,0.01565663523603447,0.0017201938633091291,0.01393644137272534,0.0014432368275294819,0.014213398408504987,MKD,0.03271151048344215
ALB,2022,0.03441867641030288,0.008432838100094733,0.0007766399492648408,0.0076561981508298915,0.0009603207336321521,0.0074725173664625805,MKD,0.035290281585580986
ALB,2023,0.007805133824465427,0.007317704598091203,0.001113428270774177,0.006204276327317026,0.0009861441103698183,0.006331560487721384,MKD,0.039087338040555565
ARG,1991,0.008040640552596276,0.009999275431919877,0.0017942186875947092,0.008205056744325168,0.0012155521348712036,0.008783723297048674,BRA,0.11836853893694275
ARG,1992,0.008517419295621699,0.01074097758287032,0.0027629946704048475,0.007977982912465473,-0.0006722448754837748,0.011413222458354095,BRA,0.12322192262710781
ARG,1993,0.0041107004831667515,0.019218867808378975,0.0023235090352620997,0.016895358773116875,0.006381668280320071,0.012837199528058904,BRA,0.1327510345214844
ARG,1994,0.013080969152720211,0.02625917841286736,0.0018838934782594594,0.0243752849346079,0.009365481378848118,0.01689369703401924,BRA,0.16465330987288543
ARG,1995,0.011626508157463628,0.025105046463338977,0.001286613707044378,0.0238184327562946,0.008218088256591911,0.016886958206747064,BRA,0.19864714333199954
ARG,1996,0.010031814341829518,0.02442595659425126,0.0012888158690712373,0.023137140725180024,0.005318179208833308,0.019107777385417954,BRA,0.24438353413147798
ARG,1997,0.011633905263079903,0.031213658677700398,0.0016853716942769228,0.029528286983423475,0.009710387453784695,0.021503271223915703,BRA,0.2654041493856681
ARG,1998,0.01031531195417024,0.008996555816569024,0.0019570658188736933,0.00703948999769533,0.001043697091030181,0.007952858725538843,BRA,0.2934863593356188
ARG,1999,0.010382824611766919,0.008491024558379166,0.0020991034598369035,0.006391921098542262,0.0014217924126485213,0.0070692321457306445,BRA,0.30447600931553453
ARG,2000,0.01252219891661119,0.028930641608521844,0.0023670264158099207,0.02656361519271192,0.012366625024226809,0.016564016584295037,BRA,0.29269952286165335
ARG,2001,0.005628833982929194,0.012603203497143821,0.0020669704499414756,0.010536233047202345,0.004060924492485605,0.008542279004658216,BRA,0.27664299752029436
ARG,2002,0.005089372698312312,0.01809144180625706,0.002783419411263089,0.015308022394993973,0.007478336579182227,0.010613105227074834,BRA,0.25101582200219064
ARG,2003,0.00583017625216668,0.02168211166870469,0.003640491126465937,0.01804162054223875,0.0026995264760223407,0.01898258519268235,BRA,0.23225476823957733
ARG,2004,0.00889439401016093,0.04052290046848621,0.005571367486858663,0.034951532981627544,0.010331092779231941,0.030191807689254266,BRA,0.195485174122039
ARG,2005,0.009392867789784974,0.03622506402425963,0.007394435561999021,0.02883062846226061,0.006173921910881333,0.030051142113378296,BRA,0.17243972917164774
ARG,2006,0.009433523301657708,0.042554906867523584,0.009752563098964316,0.03280234376855927,0.006287688582963914,0.03626721828455967,BRA,0.162451438028511
ARG,2007,0.007577194170221296,0.045040233117170494,0.010416532618781778,0.03462370049838871,0.009717397127794514,0.03532283598937598,BRA,0.1687201344859445
ARG,2008,0.0010661990974942493,0.03528185473548234,0.007887915833156872,0.02739393890232547,0.008250044006222769,0.027031810729259573,BRA,0.17655833296385418
ARG,2009,-0.010444520212688262,0.00833219438163772,0.0077677959265493495,0.0005643984550883713,0.0003212084683749795,0.008010985913262741,BRA,0.1879205671948115
ARG,2010,0.005687051199774752,0.045811404481251594,0.008523742695636268,0.03728766178561532,0.014390248825622112,0.03142115565562948,BRA,0.19767653546023248
ARG,2011,0.004072064736614764,0.034503164463297965,0.007543535356786529,0.026959629106511437,0.008309673113500863,0.0261934913497971,BRA,0.2060919622024178
ARG,2012,0.0002176302252074728,0.026312353070632753,0.005857542377944433,0.02045481069268832,0.003404299637431676,0.022908053433201077,BRA,0.21281938842722523
ARG,2013,0.0017721360905841683,0.02770848666908709,0.005648084117450153,0.022060402551636937,0.00673472667611759,0.0209737599929695,BRA,0.21439093714082177
ARG,2014,0.005041043578171656,0.019755200476685986,0.005206717836864077,0.014548482639821909,0.0011051686898543246,0.018650031786831663,BRA,0.214959725270958
ARG,2015,0.00554318027375667,0.008194068117114147,0.004689461154532806,0.0035046069625813414,-0.00770394456915732,0.015898012686271466,BRA,0.21362294086849531
ARG,2016,0.004503566087593041,0.008085112794087551,0.005196977521757016,0.002888135272330535,-0.007187367746761581,0.01527248054084913,BRA,0.20332969454594943
ARG,2017,0.0067937747320549625,0.021484406367879696,0.005318557800268926,0.01616584856761077,0.0029616667648259955,0.0185227396030537,BRA,0.18339023111708497
ARG,2018,0.006320656323647577,0.02264687748583283,0.005345889110137162,0.01730098837569567,0.0027531866952241212,0.01989369079060871,BRA,0.1673301563526771
ARG,2019,0.0050506693976353715,0.016238534546914884,0.004296899565065403,0.01194163498184948,0.0020412651497855355,0.014197269397129349,BRA,0.16907738392299632
ARG,2020,-0.012632499542400465,-0.026775007574509138,0.0018718309492446418,-0.02864683852375378,-0.006204594274589761,-0.020570413299919377,BRA,0.17079020700973094
ARG,2021,0.015022606630138267,0.047273798197635705,0.0074442350902241055,0.0398295631074116,0.008266827087478073,0.039006971110157634,BRA,0.16606703764710112
ARG,2022,0.00846209813648951,0.032410143847531075,0.0031274087956162456,0.02928273505191483,0.004777393234630503,0.02763275061290057,BRA,0.1549119450097751
ARG,2023,0.0033821745304991255,0.02502851943357584,0.004300376314865076,0.020728143118710764,0.004257328909607002,0.02077119052396884,BRA,0.14863811418805173
ARM,1993,-0.004483879440728679,0.0032482180388654818,0.0,0.0032482180388654818,0.0020640044350454024,0.0011842136038200794,POL,0.0562378592595839
ARM,1994,0.01573212050451158,-0.07009520611214198,0.0,-0.07009520611214198,-0.027750546483447998,-0.042344659628693986,RUS,0.20739282538551254
ARM,1995,0.011001468383797766,-0.02945224283422643,0.0,-0.02945224283422643,-0.012228624274205404,-0.017223618560021026,RUS,0.2860418824998377
ARM,1996,0.0009968829887565987,0.014649629067183045,4.988326241872552e-07,0.014649130234558858,-0.014462460350052948,0.029112089417235993,RUS,0.41213782860936304
ARM,1997,0.0027414100152899487,-0.016690506980047183,3.7273759344304175e-06,-0.016694234355981614,0.004826421767740764,-0.021516928747787947,RUS,0.4078278795449173
ARM,1998,0.0034990596726525358,0.00020180167895930343,3.139765380654975e-06,0.00019866191357864846,-0.018664173937031736,0.01886597561599104,RUS,0.35114315173385
ARM,1999,0.0049011837293905045,0.0326298689327609,1.6486719467814194e-05,0.03261338221329309,0.016651207386977354,0.01597866154578355,RUS,0.287846863050572
ARM,2000,0.006428450040951291,0.03537231103915819,2.4864755814536054e-05,0.03534744628334365,-0.0023421459587732165,0.037714456997931405,BDI,0.2721698734928893
ARM,2001,0.003590902719021792,0.02470890278543143,7.818415938858558e-05,0.024630718626042845,0.0060460731479120775,0.018662829637519352,BDI,0.297109453161745
ARM,2002,0.0038680824248827723,0.03438999127632052,7.621706283356328e-05,0.034313774213486956,0.011531740836189264,0.022858250440131254,BDI,0.26506739660497547
ARM,2003,0.00597445264385419,0.027721005512934948,0.0003237614341208345,0.027397244078814113,-0.002468126064647891,0.03018913157758284,BDI,0.2004536885895559
ARM,2004,0.008308598270844184,0.037521939400599,0.00048805452118380805,0.037033884879415196,0.007923534748038401,0.0295984046525606,BDI,0.1678545087731208
ARM,2005,0.009069386166620796,0.02735299261545355,0.0016105987993475896,0.02574239381610596,0.007617117886924498,0.01973587472852905,ISR,0.17311634100864934
ARM,2006,0.013652369177486441,0.03766308595130696,0.0018551888267790565,0.03580789712452791,0.00808386530998123,0.029579220641325732,ISR,0.15346353439544003
ARM,2007,0.013759390042868887,0.035255575765108405,0.0017787200697507593,0.033476855695357646,0.0043926022399936706,0.030862973525114735,BDI,0.1297095474495162
ARM,2008,0.005148563593774452,0.020345906892685825,0.0005296168465349947,0.01981629004615083,0.007886870370718082,0.012459036521967743,RUS,0.14055117144724483
ARM,2009,-0.020443766773009877,-0.01625651487547465,0.000267347461215742,-0.01652386233669039,-0.012220811736800966,-0.004035703138673685,RUS,0.16577880631814998
ARM,2010,0.012415358558453871,0.02380091351042402,0.0011599356422652765,0.022640977868158742,0.007102781220344767,0.016698132290079253,RUS,0.17683547880857228
ARM,2011,0.011066226847605805,0.024887274344107056,0.0017584003560515502,0.023128873988055507,0.00721754475240767,0.017669729591699386,RUS,0.17024294355709982
ARM,2012,0.002169071754583314,0.016208424161508316,0.0017458389523040915,0.014462585209204225,0.006341829254381709,0.009866594907126608,RUS,0.16070488029480898
ARM,2013,0.003106409733426655,0.011665834429011802,0.0016037080485392017,0.0100621263804726,0.002933548114453659,0.008732286314558142,RUS,0.1747515481995047
ARM,2014,0.007966131943769997,0.01624413465940984,0.001971147175657409,0.014272987483752431,0.0016492110065808173,0.014594923652829023,RUS,0.19896438867744418
ARM,2015,0.005471324238820196,0.005414602788416263,0.004122495293266828,0.0012921074951494351,-0.004271256611198402,0.009685859399614666,RUS,0.21091749348094022
ARM,2016,0.005338035422681817,0.026994530590311056,0.006004157711302167,0.02099037287900889,0.0002353610346276647,0.02675916955568339,RUS,0.19570267670523533
ARM,2017,0.007982873402293733,0.01995298609091652,0.006265992437409378,0.013686993653507142,0.0036074863311384864,0.01634549975977803,RUS,0.1893873060774569
ARM,2018,0.0060850530035143095,0.022607258280999548,0.004781617714176366,0.017825640566823182,0.005475395724239305,0.017131862556760243,RUS,0.20460094700937112
ARM,2019,0.004237435914667091,0.021461447985778037,0.0029457294785159745,0.018515718507262063,0.005590803323801947,0.015870644661976088,RUS,0.246264309426287
ARM,2020,-0.011544843401573508,-0.02318580360725958,0.0012721230416010238,-0.024457926648860605,-0.007378447625017358,-0.015807355982242224,RUS,0.2702188551550725
ARM,2021,0.01752709941878964,0.03858100300720885,0.006302086200966266,0.03227891680624258,0.015779826324215682,0.022801176682993165,RUS,0.27607180227922207
ARM,2022,0.010036453162593002,0.012955604707510393,0.0034968098156116178,0.009458794891898775,-0.0036412709418368588,0.016596875649347254,RUS,0.27673259891185475
ARM,2023,0.0018531348683486271,0.028184410438409035,0.005018175792778353,0.02316623464563068,0.011923573005101806,0.01626083743330723,RUS,0.3332825159922833
AZE,1993,0.002800980291409629,-0.0551921589542308,2.834635793390029e-05,-0.0552205053121647,-0.02179523333661916,-0.033396925617611636,RUS,0.24158533263490445
AZE,1994,0.003763452995473669,-0.08699672007078207,1.3515648536218798e-05,-0.08701023571931829,-0.030857798539819153,-0.05613892153096292,RUS,0.23061477467361494
AZE,1995,0.0032143643142709044,-0.0127364041880319,2.1032335781498565e-05,-0.0127574365238134,0.006021580824427893,-0.018757985012459795,IRN,0.2551024629755517
AZE,1996,0.002772537528174476,0.015720459023442192,0.00011090324338562153,0.01560955578005657,0.018401981964106046,-0.0026815229406638545,IRN,0.3049203098305531
AZE,1997,0.005645665184918295,0.016403192171554837,0.00013670510665726292,0.016266487064897573,0.005030482449411835,0.011372709722143002,IRN,0.3460910993105944
AZE,1998,0.004514045614858549,0.0024980328447704774,0.00014599160413715897,0.0023520412406333184,0.006005545001040011,-0.0035075121562695337,IRN,0.30026724054342624
AZE,1999,0.004580618516686218,0.022154258074188467,9.429934878166533e-05,0.0220599587254068,0.004408984601925771,0.017745273472262697,IRN,0.22485101029033802
AZE,2000,0.012863788840856052,0.04294474034804323,9.190422700548354e-05,0.04285283612103775,0.01588026072369922,0.02706447962434401,RUS,0.16550785773702792
AZE,2001,0.009694767807185938,0.009241860812900848,0.00011645438562685332,0.009125406427273995,-0.007113192663373111,0.01635505347627396,TUR,0.12011507849571675
AZE,2002,0.003943876871283194,0.014070138331052263,0.00011780429648268222,0.01395233403456958,-3.407936876757208e-05,0.014104217699819835,ISR,0.07058065602427091
AZE,2003,0.004568674360018254,0.016735664040194276,0.00013982861102643194,0.016595835429167843,0.0009788399483395029,0.015756824091854773,ISR,0.07348466517390637
AZE,2004,0.012717928498734564,0.018144233116550397,0.00029681073864829325,0.017847422377902104,0.0030103613507243515,0.015133871765826045,ISR,0.06519539343084076
AZE,2005,0.008951747594428698,0.023296562321577428,0.0006026400036466857,0.022693922317930743,0.0031410512244018974,0.02015551109717553,ISR,0.07138753830009935
AZE,2006,0.012452517467160333,0.03187291058757619,0.0015609801796335316,0.030311930407942663,0.0032993437854732985,0.028573566802102896,ISR,0.0626345119678322
AZE,2007,0.008190903230484018,0.037018516832303755,0.001444474984312556,0.0355740418479912,0.004775664815931033,0.032242852016372725,ISR,0.08087292429140035
AZE,2008,-0.002871377090563257,0.020698010790029354,0.0008027803680569498,0.019895230421972405,0.0008118612065063821,0.019886149583522972,TUR,0.1000159809191024
AZE,2009,-0.023889249062773246,-0.004026704980261597,0.0003874623686417835,-0.00441416734890338,-0.004112766431093271,8.60614508316742e-05,TUR,0.0831974283183763
AZE,2010,0.007665218280334582,0.02981990508779578,0.0007061521319623677,0.029113752955833412,0.0039601166747129666,0.025859788413082813,ISR,0.07393674987271909
AZE,2011,0.005979213521020618,0.016268241833205143,0.0010739537324516374,0.015194288100753506,0.004452437128922267,0.011815804704282876,ISR,0.08071389215238987
AZE,2012,-0.009101263367405944,0.018227425663833702,0.0006704333943380213,0.01755699226949568,0.0015821329149189292,0.016645292748914773,ISR,0.06580186749369593
AZE,2013,-0.003629235427181501,0.012592701593140675,0.0006212501148020217,0.011971451478338653,0.0024745486906297266,0.010118152902510948,ISR,0.060723494046295935
AZE,2014,0.004830235224836551,0.013818306407222697,0.0003103180536171248,0.013507988353605572,0.003465593910984263,0.010352712496238434,IDN,0.07449683461380456
AZE,2015,0.006075885848323317,0.016194849730085472,0.000322361428162064,0.015872488301923407,0.004172360071686403,0.012022489658399069,IDN,0.09386264639197991
AZE,2016,0.007666122992738997,0.01982005293094491,0.00023839403770560782,0.0195816588932393,0.004168136723884464,0.015651916207060447,IDN,0.08195569092818507
AZE,2017,0.011279492893962887,0.02353471741488161,0.000793493579878043,0.022741223835003564,0.00549827388378532,0.018036443531096288,TUR,0.07600655021852587
AZE,2018,0.006458172205653124,0.019010355860236083,0.0013375487643551983,0.017672807095880885,0.002928254825996244,0.016082101034239838,TUR,0.0986396476715314
AZE,2019,0.0048140325848694335,0.015099623042086372,0.0012187822329196014,0.01388084080916677,0.00074333788429841,0.014356285157787961,TUR,0.0911860004118092
AZE,2020,-0.042667355442399364,-0.010009124782796646,0.0005425945338126978,-0.010551719316609344,0.002036879314652723,-0.012046004097449369,TUR,0.11053165746297045
AZE,2021,0.03569918188879553,0.04024392741966459,0.0020516964489315356,0.03819223097073305,0.015514518554804273,0.024729408864860313,TUR,0.14324073456271036
AZE,2022,0.023026284506642018,0.01447095301801388,0.000836181107782475,0.013634771910231405,0.008304059341585093,0.006166893676428788,TUR,0.15418578581324185
AZE,2023,0.005114904128349178,0.018847189601764475,0.0006346294569823577,0.018212560144782116,0.006801594865663716,0.01204559473610076,TUR,0.13644635243011308
BDI,1991,0.007308161962758562,-0.001073401094794629,0.0,-0.001073401094794629,-0.004381067326044362,0.0033076662312497332,COD,0.04943720236663623
BDI,1992,0.01005809974156741,-0.003830231850905972,0.0,-0.003830231850905972,-0.0005011689667752727,-0.003329062884130699,KEN,0.06243629987944333
BDI,1993,0.00361780478359255,-0.008566523151098513,0.0,-0.008566523151098513,0.0002366348299354747,-0.008803157981033987,KEN,0.06711554260931006
BDI,1994,0.02112249849307024,-0.03888932055591324,0.0,-0.03888932055591324,0.002788713253997909,-0.04167803380991115,KEN,0.10731146456225402
BDI,1995,0.01407154194047566,0.026241547821747604,0.0,0.026241547821747604,0.00440774393438047,0.021833803887367133,KEN,0.10222280069949984
BDI,1996,0.013439215758667744,0.01181843947476261,0.0,0.01181843947476261,0.004279019510052214,0.007539419964710395,KEN,0.10531278853679293
BDI,1997,0.025398603850749744,0.01483537497262113,0.0,0.01483537497262113,0.0034089116241368574,0.011426463348484272,TZA,0.09869367469033902
BDI,1998,0.021945599986506352,0.011787321857973545,0.0,0.011787321857973545,0.0033594769871529515,0.008427844870820593,TZA,0.09237543601582911
BDI,1999,0.01992178271995088,0.007327188704702173,6.854414723506001e-05,0.007258644557467112,0.00319367060498956,0.004133518099712612,TZA,0.06865153765326915
BDI,2000,0.03770394481964749,0.0021772539433133654,8.782334406701139e-05,0.002089430599246354,0.0011778242637795122,0.0009994296795338533,RWA,0.014651471086462258
BDI,2001,0.01885407589111243,0.005041660825269448,8.098545226086407e-05,0.004960675373008584,0.001980002346913435,0.0030616584783560133,KEN,0.05336629451428405
BDI,2002,0.0072024320807136085,0.007293838382905768,7.363204073137714e-06,0.007286475178832631,0.0004332633320796343,0.006860575050826134,KEN,0.07944189654580736
BDI,2003,0.009054244689807625,0.0075032874399995775,0.0,0.0075032874399995775,0.0045826179502770105,0.002920669489722567,KEN,0.15855226174014345
BDI,2004,0.017724500687741826,0.014077249967426337,0.0,0.014077249967426337,0.005303004218771883,0.008774245748654454,KEN,0.10652238820608562
BDI,2005,0.01895944397966744,0.020852379532902116,0.0,0.020852379532902116,0.00993435576513589,0.010918023767766226,RWA,0.11082690564358043
BDI,2006,0.026380252015923977,0.01832389761747358,0.0,0.01832389761747358,0.007805700054997463,0.010518197562476118,RWA,0.0884410831560258
BDI,2007,0.023804100555511062,0.018576927702684716,0.0,0.018576927702684716,0.0050367543697078685,0.013540173332976847,PAK,0.11683460734569566
BDI,2008,0.011453089475803455,0.015353356003444295,2.338978582013605e-06,0.015351017024862282,0.002189796808446357,0.013163559194997938,PAK,0.10488745734650264
BDI,2009,-0.020496815790258686,0.01218132873856654,0.0011525658232559549,0.011028762915310585,0.00366543248418506,0.00851589625438148,PAK,0.11270211476687009
BDI,2010,0.018834782817487798,0.0167818231595819,0.0021544642048872426,0.014627358954694658,0.0019008215335127076,0.014881001626069194,PAK,0.11974924225489249
BDI,2011,0.012171716596147474,0.017045267444198514,0.0027611545910273083,0.014284112853171205,0.0022938508124592098,0.014751416631739305,PAK,0.08437574391934648
BDI,2012,0.00667928954337112,0.014510044705584542,0.002200430142547216,0.012309614563037325,0.0011841436216630521,0.013325901083921489,EGY,0.05378058145994049
BDI,2013,0.009918436400671832,0.01178172227188733,0.0031146754437597194,0.008667046828127611,0.0011662235228304242,0.010615498749056906,EGY,0.05394366987504109
BDI,2014,0.0122111724355587,0.022091806861464353,0.002533389295277559,0.019558417566186793,0.009317795086086891,0.012774011775377462,ARE,0.20574808615995654
BDI,2015,0.006909344375684273,0.03455131619493259,0.0018179744522023175,0.03273334174273027,0.01908147203299125,0.015469844161941339,ARE,0.2786525295060359
BDI,2016,0.006616603203617318,0.03421474147005938,0.000930277770164568,0.03328446369989481,0.015517544401083981,0.0186971970689754,ARE,0.28195021810005577
BDI,2017,0.008296429741811582,0.016397377865230767,0.0010887364258726354,0.015308641439358131,-0.0014489583527344148,0.01784633621796518,ARE,0.13579418391947629
BDI,2018,0.008099855516205916,0.02785322382651639,0.0012210288067122967,0.026632195019804093,0.003421038321555967,0.024432185504960423,ARE,0.2242662568754712
BDI,2019,0.003709612535172214,0.02034283832106229,0.0013792294946695684,0.01896360882639272,0.0047047895542268025,0.015638048766835486,ARE,0.3724115741120926
BDI,2020,-0.009794658416284177,-0.0428477263447607,0.0007433449332126581,-0.04359107127797336,-0.04424418106803814,0.0013964547232774363,ARE,0.48648335860218744
BDI,2021,0.010395312085355317,0.039881498531415115,0.0026894653418545814,0.03719203318956053,0.021402613357071096,0.01847888517434402,ARE,0.4807251512191238
BDI,2022,0.004870796762230108,0.05317397043751592,0.0007610138592423882,0.05241295657827353,0.03439674641243583,0.018777224025080093,ARE,0.4747299930026582
BDI,2023,0.0012967281370362019,0.02990260590814399,0.000453205380376901,0.029449400527767088,0.018838404958581596,0.011064200949562394,ARE,0.447329523643671
BEN,1991,0.007565518210250922,0.01525264298580002,0.0009521353105934402,0.01430050767520658,0.0006791317388183575,0.014573511246981662,NGA,0.20136236968500204
BEN,1992,0.007372192308282528,0.011315818166522686,0.002045173882397797,0.009270644284124888,-0.002361528446632985,0.013677346613155672,MAR,0.1113893796006076
BEN,1993,0.00010176603025862166,0.0027809314819779024,0.0018545192156628437,0.0009264122663150587,-0.0010368362369731585,0.0038177677189510607,MAR,0.13948427661697327
BEN,1994,0.006425068934095643,0.0484661156437801,0.005283415367687351,0.04318270027609275,0.02633770189292594,0.022128413750854163,MAR,0.2616986453485343
BEN,1995,0.009141577110307691,0.007076968442439846,0.0037236693740881977,0.0033532990683516487,-0.01418621762461007,0.021263186067049918,MAR,0.25528465767248115
BEN,1996,0.0070385386493208016,0.04894106964872002,0.0037674723265751263,0.04517359732214489,0.026159164021954166,0.022781905626765853,MAR,0.22424894248341184
BEN,1997,0.01092506729432636,0.020250865811469947,0.0019257681368421247,0.01832509767462782,0.008059552871612361,0.012191312939857585,BRA,0.22028356587206946
BEN,1998,0.01038728379391765,-0.0008074243770487852,0.0018144775881797474,-0.002621901965228533,0.000808005412138009,-0.0016154297891867943,BRA,0.22721014437032966
BEN,1999,0.007697148081349119,0.017826255805931352,0.0013865611030560402,0.01643969470287531,0.0011486572849224279,0.016677598521008925,BRA,0.24598428228555755
BEN,2000,0.009146648161902629,0.033028675009593056,0.0010366194045858864,0.03199205560500717,0.009863247940859432,0.023165427068733625,BRA,0.23344833052672276
BEN,2001,0.004265880320576293,0.025597265338426316,0.0007779863752661436,0.024819278963160173,0.0026672542222064086,0.02293001111621991,BRA,0.1817017786332204
BEN,2002,0.0023066908317839825,0.033491389498676,0.0006262145506862504,0.032865174947989746,0.009589405168251356,0.023901984330424644,IND,0.25545915549403675
BEN,2003,0.0015752277400928481,0.048588477472333545,0.0023422737207551615,0.04624620375157838,0.020349859943489347,0.028238617528844198,IND,0.26220463743670613
BEN,2004,0.0038634156945092043,0.055416331933939585,0.009821108192583054,0.04559522374135653,0.014445519780372748,0.040970812153566835,IND,0.1925166120246982
BEN,2005,0.0029800128209029504,0.059385400467733135,0.024006201528964963,0.035379198938768175,0.024006201528964963,0.035379198938768175,CHN,0.22355731308060833
BEN,2006,0.003632969595782231,0.06964806341740994,0.036766008671861125,0.03288205474554881,0.036766008671861125,0.03288205474554881,CHN,0.30689182353237165
BEN,2007,0.002699988225652276,0.06897736111647329,0.04119320190737817,0.02778415920909512,0.04119320190737817,0.02778415920909512,CHN,0.31036595362674335
BEN,2008,0.00012042500465277468,0.055562416832528036,0.025067516916235006,0.03049489991629303,0.025067516916235006,0.03049489991629303,CHN,0.2658768636677271
BEN,2009,-0.0038247320869735967,0.049759509885762075,0.019647930664309855,0.03011157922145222,0.019647930664309855,0.03011157922145222,CHN,0.22198587101927889
BEN,2010,0.001499732161587849,0.07329553004679151,0.02050374544151841,0.052791784605273104,0.01976590401766889,0.05352962602912262,NGA,0.25772888987901355
BEN,2011,0.0004553919062965033,0.050203902739649,0.014372630988889815,0.03583127175075919,0.017990365839263184,0.03221353690038582,NGA,0.35258080667401637
BEN,2012,-0.0010296825275220574,0.05444225876087253,0.011582373553672936,0.0428598852071996,0.013294598508383791,0.04114766025248874,NGA,0.3131580682498617
BEN,2013,0.00015742892507047146,0.053659669281452826,0.012978433385755293,0.04068123589569753,0.013395438720461854,0.040264230560990974,NGA,0.20954245351886266
BEN,2014,0.0012250346231500705,0.05101114166683174,0.015048785457555502,0.035962356209276236,0.015048785457555502,0.035962356209276236,CHN,0.2077496150849654
BEN,2015,0.0020173481805911943,0.044869728691152355,0.012497100154700475,0.03237262853645188,0.012497100154700475,0.03237262853645188,CHN,0.18502560380988625
BEN,2016,0.0023138301980599497,0.03800165076742879,0.007769782786578768,0.030231867980850025,0.007769782786578768,0.030231867980850025,CHN,0.11774387727014282
BEN,2017,0.003060510952034096,0.04248282790177939,0.004884255037688367,0.03759857286409102,0.008054077449905488,0.0344287504518739,IND,0.12398919780031942
BEN,2018,0.0023331825900130823,0.04749331440389845,0.004247482518095098,0.04324583188580335,0.00788547158995679,0.03960784281394166,IND,0.12928165568555305
BEN,2019,0.0020596319108002015,0.04352635390553264,0.004216449677478248,0.03930990422805439,0.011026821117439314,0.032499532788093324,BGD,0.15194592591992545
BEN,2020,-0.0031728179443318094,-0.005476369613012451,0.0016774598376332309,-0.007153829450645682,0.007145713125985178,-0.012622082738997628,BGD,0.20771560391082797
BEN,2021,0.005622443677412225,0.054582920338659434,0.005871463399472916,0.04871145693918652,0.020651681876598344,0.033931238462061086,BGD,0.29519866377862997
BEN,2022,0.002193209730073077,0.04505055911467088,0.0026220305994795003,0.04242852851519138,0.023411826305172634,0.021638732809498247,BGD,0.35807339073978106
BEN,2023,0.001006564829270324,0.048670324797892,0.0036254395533984814,0.04504488524449352,0.02404419415507465,0.024626130642817354,BGD,0.4189409646220293
BFA,1991,0.006613342405650958,0.01739326039351473,0.008180349706397375,0.009212910687117354,0.0009875570789582104,0.016405703314556517,CIV,0.13282581524826723
BFA,1992,0.004007247845484267,0.01792243421366877,0.008705953397078213,0.009216480816590558,-0.0010931214359793174,0.01901555564964809,CIV,0.1470241558619352
BFA,1993,-0.0018843248782867011,0.017957575700297046,0.011028592278772833,0.006928983421524213,0.0,0.017957575700297046,CIV,0.17612977689631518
BFA,1994,0.008052049907613948,0.02706098929843488,0.0067906545142657,0.020270334784169182,0.0018548211567317918,0.02520616814170309,CIV,0.249472296368461
BFA,1995,0.00874820138627024,0.03830261793684431,0.004217906092838878,0.03408471184400543,0.018452580973823775,0.019850036963020533,CIV,0.2582262594575858
BFA,1996,0.006011932767496797,0.03530002006737519,1.7938690094163376e-05,0.035282081377281026,0.01820847773069726,0.01709154233667793,CIV,0.24901413780451936
BFA,1997,0.010645499834309189,0.03460997441009726,6.416277040872585e-05,0.03454581163968854,0.015823861939194144,0.01878611247090312,CIV,0.17235904964161744
BFA,1998,0.014289961054726555,-0.010126397947541797,5.621303501510189e-05,-0.010182610982556899,0.005833329040220467,-0.015959726987762265,CIV,0.14539705740827094
BFA,1999,0.011898732930393957,0.008857234706127237,0.00043920495193728297,0.008418029754189954,0.0009493392354654608,0.007907895470661777,IDN,0.11890410760977498
BFA,2000,0.01877616908863772,0.02464951921470571,0.0007525313197702096,0.0238969878949355,0.00660556249655341,0.0180439567181523,SGP,0.07633914932918276
BFA,2001,0.009212347812648182,0.01241063641528898,0.0006905882066411299,0.01172004820864785,-0.0008877271925742148,0.013298363607863194,SGP,0.08245365643489844
BFA,2002,0.003716162447418686,0.011496808893769375,0.00030090922915079543,0.01119589966461858,0.0030914685375635436,0.008405340356205831,SGP,0.08033225837920192
BFA,2003,0.004462549280973282,0.007481743974259688,0.0,0.007481743974259688,-0.004082117626213595,0.011563861600473284,CIV,0.08519790707464804
BFA,2004,0.011996427664310567,0.012520180199625863,0.0,0.012520180199625863,-0.0018152307106739497,0.014335410910299813,TGO,0.18457319226957333
BFA,2005,0.007253868739428109,-0.0008272765233190114,0.0,-0.0008272765233190114,-0.01616569355783906,0.01533841703452005,TGO,0.33828567332950904
BFA,2006,0.010736951184336594,0.027899568671454752,0.0,0.027899568671454752,0.00915689767655037,0.018742670994904384,TGO,0.35008326809003965
BFA,2007,0.015968743941141183,0.009442584082809617,0.0,0.009442584082809617,-0.002467656607250827,0.011910240690060444,TGO,0.20875258224032797
BFA,2008,0.00878018510472561,0.016773137778981838,0.0,0.016773137778981838,0.0014421161800870078,0.01533102159889483,SGP,0.07810703265999909
BFA,2009,-0.018336117669039184,0.011223567333123144,0.0,0.011223567333123144,0.00011141542518787698,0.011112151907935268,SGP,0.08713070923097811
BFA,2010,0.01707756978224391,0.029364237971440818,0.0014398854610608491,0.02792435251037997,0.011331871728220689,0.01803236624322013,SGP,0.0835824855515706
BFA,2011,0.012397931903397134,0.01373015859333004,0.001387924389122357,0.012342234204207684,0.004324024423453928,0.009406134169876113,SGP,0.07171502943808719
BFA,2012,0.007300427532507502,0.010357158317890948,0.001211261239392558,0.00914589707849839,0.001653749421618834,0.008703408896272115,ZAF,0.06983795044270576
BFA,2013,0.012450320213951612,0.012007268008638439,0.0009127080670668442,0.011094559941571595,0.00246689194718426,0.009540376061454178,ZAF,0.10048080174226408
BFA,2014,0.015297560694706173,0.012683941336929194,0.0020844470475004017,0.010599494289428791,0.0011758220034414177,0.011508119333487776,ZAF,0.08375375991191562
BFA,2015,0.01033707532783011,0.013986707634498729,0.002163671094055492,0.011823036540443237,0.0008619356599349614,0.013124771974563767,ZAF,0.06563552076586937
BFA,2016,0.012057651100902426,0.017850415932894256,0.0020463373807353695,0.015804078552158887,0.002789415182210785,0.015061000750683472,SGP,0.07581862437948644
BFA,2017,0.009820592380747159,0.01886952021857667,0.0012836208332393385,0.017585899385337334,0.003758819907583289,0.015110700310993382,SGP,0.08582603542563981
BFA,2018,0.01714104556594849,0.016880695365115002,0.0010702037623519973,0.015810491602763006,0.0031712775080711586,0.013709417857043844,SGP,0.09344514030512803
BFA,2019,0.00802100729980112,0.013657292057697142,0.0004647693843943459,0.013192522673302795,0.004115754976570678,0.009541537081126464,IND,0.10141004238237666
BFA,2020,-0.01753702501679205,-0.010632773927584263,8.722716454479531e-05,-0.010720001092129058,-0.008399450625396317,-0.0022333233021879454,IND,0.14358966336252002
BFA,2021,0.037535424948760734,0.024326700484529673,0.00024142813344509855,0.024085272351084576,0.01226210669365434,0.012064593790875332,IND,0.1332563947644344
BFA,2022,0.022454582393969375,0.016123439449135107,9.680636295215993e-05,0.016026633086182948,0.007873305321422618,0.00825013412771249,IND,0.11411766392288318
BFA,2023,0.006178871608738922,0.0113119033724382,7.773221011344144e-05,0.011234171162324759,0.004767948355647846,0.006543955016790354,IND,0.06046201520822703
BGD,1991,0.004796635160768761,-0.005346063460541367,0.0013980334243059772,-0.0067440968848473445,-0.003970302433806089,-0.0013757610267352777,SUN,0.029815938645931753
BGD,1992,0.014159654495096954,0.0052512184662251065,0.0019252822125462765,0.00332593625367883,0.001601522155590052,0.003649696310635054,SGP,0.024912197805893228
BGD,1993,0.011207645450574366,0.010460089881573206,0.0016530836285260997,0.008807006253047107,-0.00038433835503054936,0.010844428236603755,IRN,0.024712458114738003
BGD,1994,0.025040201283806282,0.00963604623782571,0.0010287667444268897,0.008607279493398819,-0.0003539352735667284,0.009989981511392437,IRN,0.022403636859475898
BGD,1995,0.020593660143723422,0.009866877283169347,0.0005446117259930874,0.00932226555717626,0.0006502675614575696,0.009216609721711778,HKG,0.027716572705129092
BGD,1996,0.021226027526039463,0.010583470824232357,0.0004245534648538653,0.010158917359378492,0.0013986352069871413,0.009184835617245216,HKG,0.033538784341946445
BGD,1997,0.029458443686058704,0.008909269158834585,0.0005215387830040091,0.008387730375830576,0.0017388500221103957,0.00717041913672419,HKG,0.034958320553009514
BGD,1998,0.030127270685371202,0.0010337965242515083,0.0007302885444753042,0.00030350797977620413,-0.0019492342625925302,0.0029830307868440385,HKG,0.0321509101032729
BGD,1999,0.030612260853791783,0.004650113981240395,0.0007058914296775023,0.003944222551562893,0.0006271434445192325,0.004022970536721163,HKG,0.025331007347205316
BGD,2000,0.033267814435744544,0.0075309763261872786,0.0007158433058610212,0.006815133020326257,0.0014771412351941423,0.006053835090993136,HKG,0.020004573500790563
BGD,2001,0.012670969529231024,0.002407428336647862,0.0002961688728073715,0.0021112594638404906,9.874869281693163e-05,0.0023086796438309305,HKG,0.017657027553533985
BGD,2002,0.012924739297190074,0.004269189891957407,0.00015292520467494316,0.004116264687282463,0.00030388230224365735,0.00396530758971375,HKG,0.01849379684394858
BGD,2003,0.015494328391578664,0.006074077856019825,0.000181784360404274,0.005892293495615551,0.0006168853955539999,0.005457192460465825,HKG,0.02049094934977244
BGD,2004,0.022813079731595166,0.007869351728108574,0.00020647145639690842,0.007662880271711665,0.0016623840642454148,0.006206967663863159,HKG,0.019927238785584413
BGD,2005,0.023864107191048492,0.006664054207966208,0.0003524289410901799,0.006311625266876028,0.001263153905705867,0.00540090030226034,HKG,0.01772107052065305
BGD,2006,0.026420741754212045,0.0072703680997922805,0.0005425341591605105,0.00672783394063177,0.0010314997292541254,0.0062388683705381556,HKG,0.01517714579472748
BGD,2007,0.022105037867690285,0.0070144254625121895,0.0008077270418333561,0.006206698420678834,0.0010577137584555927,0.005956711704056597,IND,0.014398152657395257
BGD,2008,0.0016930151842106326,0.0040808559886563785,0.0006487531345164823,0.003432102854139896,0.0005521718877583119,0.0035286841008980666,IND,0.017965409491587987
BGD,2009,-0.03280732136040272,0.0008042581992208724,0.0006564196132664337,0.0001478385859544387,0.0016408253384406516,-0.0008365671392197792,IND,0.021537481325657894
BGD,2010,0.020903004254340673,0.009556833425720584,0.0007771643721349599,0.008779669053585624,0.0019889721173241086,0.007567861308396475,IND,0.023194457161562352
BGD,2011,0.016713867249478667,0.00927425136131075,0.0009047577913997475,0.008369493569911002,0.002902908384010124,0.006371342977300625,TUR,0.027344330993404203
BGD,2012,0.0058198165078675685,0.005731795614386822,0.00094057670219225,0.004791218912194572,0.0014161557099674955,0.004315639904419327,TUR,0.030276814482741703
BGD,2013,0.007811941156580883,0.007682049427370756,0.0011313220677615736,0.006550727359609182,0.0024795959523999625,0.005202453474970793,TUR,0.03044326651498445
BGD,2014,0.017875218980883265,0.00814753327748644,0.0012207259770460014,0.006926807300440439,0.0013859314142163754,0.006761601863270065,TUR,0.028744377450718502
BGD,2015,0.01774711335918579,0.008241238114147665,0.0014563877120051395,0.006784850402142525,0.0016368295372373345,0.00660440857691033,TUR,0.027712143286747825
BGD,2016,0.014462261457958907,0.007764398103475434,0.0016554889795590015,0.006108909123916433,0.0008962228965712734,0.006868175206904161,TUR,0.02741519474058027
BGD,2017,0.0210589283774111,0.009172835841615379,0.0019107192980854133,0.007262116543529966,0.0019107192980854133,0.007262116543529966,CHN,0.028518994589376984
BGD,2018,0.015403398362635132,0.008602163829637681,0.001808063380942353,0.006794100448695328,0.001808063380942353,0.006794100448695328,CHN,0.027742248032564348
BGD,2019,0.0134750007462619,0.006136959768555788,0.001453163847837913,0.0046837959207178745,0.0012950453115436855,0.004841914457012102,POL,0.029307545299923465
BGD,2020,-0.04639720896265816,-0.00660164387124405,0.0004928867821171045,-0.007094530653361154,-0.0006833314505676003,-0.00591831242067645,POL,0.03344813712555073
BGD,2021,0.04645413418350764,0.014487812158216842,0.0015351437152151327,0.012952668443001709,0.0023969378792596577,0.012090874278957183,POL,0.03621220913706175
BGD,2022,0.024612003711214903,0.009790885215799829,0.000621394546662786,0.009169490669137043,0.0020133961592600355,0.007777489056539793,POL,0.0374446324777482
BGD,2023,0.010924092056499298,0.006919115949827466,0.0007794891373129014,0.006139626812514565,1.537276329083287e-05,0.006903743186536633,POL,0.03763457475808269
BGR,1991,0.010759514704758222,-0.03362824335658783,0.00410288429559493,-0.03773112765218276,-0.01482829771387523,-0.0187999456427126,ROU,0.1057721547949539
BGR,1992,0.005769765279813014,-0.006209583289976497,0.005919125918993314,-0.012128709208969812,-0.01640820052588747,0.010198617235910973,YUG,0.08451899646317469
BGR,1993,-0.0014067759158696912,0.004238192750307273,0.004983739119444331,-0.0007455463691370583,-0.013905150345226816,0.018143343095534087,YUG,0.08950246021444239
BGR,1994,0.01387580267136466,0.014025550114967752,0.00501926385399698,0.009006286260970772,0.0034933338450892676,0.010532216269878485,YUG,0.06280990403417597
BGR,1995,0.012733411066339972,0.018228974736269304,0.0032798110955077433,0.014949163640761562,-0.0027438665842022445,0.020972841320471548,RUS,0.06418226167347091
BGR,1996,0.009096254353877209,0.013878702688354727,0.002409711437815903,0.011468991250538824,-0.003508713204714739,0.017387415893069465,RUS,0.09998806609684761
BGR,1997,0.013964448768336248,0.016121141858381673,0.0010300336948146354,0.015091108163567037,0.0012275341206602055,0.014893607737721467,RUS,0.10372542259857792
BGR,1998,0.013265917088390101,0.004771953053982103,0.0005213269669945357,0.004250626086987568,-0.0053175108390322015,0.010089463893014305,RUS,0.10004233360105669
BGR,1999,0.013644093803959366,0.009615858418409635,0.0004440843773295731,0.009171774041080062,-0.0031034661265377773,0.012719324544947412,TUR,0.09354741565540092
BGR,2000,0.022599013853892454,0.0243657059561877,0.00030643966690577186,0.024059266289281928,0.006193567892068045,0.018172138064119655,TUR,0.09239397281853742
BGR,2001,0.013910739654910572,0.004419303355764847,0.0001805412349528532,0.004238762120811993,-0.005642349428159541,0.010061652783924388,TUR,0.09527806662026532
BGR,2002,0.009160154231949397,0.016223062376610302,0.00019480044026861848,0.016028261936341683,0.005965821412345131,0.010257240964265172,TUR,0.09547650208926388
BGR,2003,0.010102667644316958,0.016580113389591852,0.000217642694599627,0.016362470694992224,0.005679557691386983,0.010900555698204868,TUR,0.10136230858943192
BGR,2004,0.017149098179310256,0.02374033851674154,0.00043416807777151657,0.023306170438970025,0.008984067974575932,0.01475627054216561,TUR,0.09613428525551455
BGR,2005,0.012366224754854657,0.02095028433061889,0.0005454210157300669,0.020404863314888822,0.008869344397719057,0.012080939932899833,TUR,0.103004191483104
BGR,2006,0.022275063560779202,0.02323262531800928,0.0007850699131982645,0.022447555404811016,0.007284819985053617,0.015947805332955662,TUR,0.1084487443051102
BGR,2007,0.016573521611789665,0.024055191716402975,0.0007241748413225491,0.023331016875080428,0.005699832187729844,0.01835535952867313,TUR,0.11584010792928007
BGR,2008,0.0008106362080881824,0.015622800606825702,0.0005624111429940895,0.015060389463831612,0.000957934068322471,0.01466486653850323,TUR,0.11801120035207056
BGR,2009,-0.022486873788721797,-0.015113799982833909,0.0005386389553445199,-0.01565243893817843,-0.0054229558083506305,-0.009690844174483279,TUR,0.1097013372138035
BGR,2010,0.004569099031235831,0.017691256624334514,0.0007177441390434103,0.016973512485291102,0.007619686478509144,0.01007157014582537,TUR,0.09417732205314265
BGR,2011,-0.0012176893124773438,0.022580725190738067,0.0008720852220968818,0.021708639968641186,0.003796267964195672,0.018784457226542393,ROU,0.08632824250850822
BGR,2012,-0.00979801608527452,0.01099644402825532,0.0009380651765287012,0.010058378851726618,0.001800622845202395,0.009195821183052923,ROU,0.09548767275100063
BGR,2013,-0.0018596972051993497,0.014333346959473338,0.0014556403132222023,0.012877706646251135,0.00026280803223845855,0.01407053892723488,ROU,0.09440117126737291
BGR,2014,0.007112023035128233,0.014747745179696594,0.0018424857413192025,0.012905259438377392,0.004576480770946909,0.010171264408749686,TUR,0.09491673926045774
BGR,2015,0.006834841110902186,0.015832676916331976,0.0019367979590561152,0.013895878957275861,0.005713783935388784,0.010118892980943192,TUR,0.0967365235809848
BGR,2016,0.007833564637367093,0.015299531018041306,0.0017567494393111306,0.013542781578730175,0.0030450840968804013,0.012254446921160905,TUR,0.09314822667084272
BGR,2017,0.012025799549656841,0.0252664538546309,0.0015569126455035733,0.023709541209127324,0.006434185531497674,0.018832268323133224,TUR,0.08894432253680455
BGR,2018,0.008300599650979741,0.019733453399843937,0.0015358982940052392,0.0181975551058387,0.002618470072293425,0.01711498332755051,TUR,0.08820440184252054
BGR,2019,0.008262764037279083,0.013561067901622287,0.0014350773356852382,0.012125990565937049,0.003371613429984881,0.010189454471637407,ROU,0.08761384216791009
BGR,2020,-0.03605045443388317,-0.01243907062029377,0.0006142966844445253,-0.013053367304738295,-0.003278707296713643,-0.009160363323580126,ROU,0.08758178662682874
BGR,2021,0.03287131647275141,0.03138541750582582,0.002470287503196441,0.028915130002629377,0.004923955111643707,0.02646146239418211,ROU,0.09122824512134488
BGR,2022,0.018922520351202024,0.01390014465204676,0.0010568808820821949,0.012843263769964565,0.003744632198052376,0.010155512453994384,ROU,0.09629505845512983
BGR,2023,0.004557770905106139,0.013687920173256242,0.001357945940331599,0.012329974232924644,0.002420153227107003,0.011267766946149239,ROU,0.10186635382748864
BIH,1994,0.013219339068652799,0.0038145461065318582,2.0276400959170322e-05,0.003794269705572688,0.006365412988787006,-0.002550866882255148,ROU,0.16494120154919284
BIH,1995,0.01126914028938183,0.015262572691772905,8.258138822437528e-06,0.015254314552950468,-0.005944181373594066,0.02120675406536697,RUS,0.13904138289781576
BIH,1996,0.008510138879658995,0.013402308098987152,7.165310284292107e-06,0.01339514278870286,0.008032469805207328,0.005369838293779823,HRV,0.13546224866098516
BIH,1997,0.013304395436964711,0.021377936700933537,2.1568699177279453e-06,0.02137577983101581,0.011463877991169625,0.009914058709763912,HRV,0.19153652933430196
BIH,1998,0.011405238879343145,0.01119681586149689,1.817203884482444e-06,0.011194998657612408,0.005939343632888371,0.005257472228608519,HRV,0.266728785132462
BIH,1999,0.010704094779318062,0.005054816668425908,5.312887797009906e-06,0.005049503780628898,-0.002625170309989271,0.0076799869784151785,HRV,0.3079975486003068
BIH,2000,0.019858233502891554,0.016508898324517286,1.952549292937221e-05,0.016489372831587912,0.007550076152031988,0.008958822172485299,HRV,0.2601036143778612
BIH,2001,0.010275092223440084,0.010121817482877833,2.1795430315549128e-05,0.010100022052562285,0.006413839926239873,0.00370797755663796,HRV,0.20934184535870853
BIH,2002,0.0028004025405320558,0.018256660459965764,2.2277426758468787e-05,0.018234383033207294,0.009979298710895182,0.008277361749070582,HRV,0.17690090675554027
BIH,2003,0.001397973515702595,0.018141865621810666,1.4221456542381712e-05,0.018127644165268283,0.00992030631888212,0.008221559302928545,HRV,0.1830699953164051
BIH,2004,0.009421997422530092,0.018405075118139623,1.587184583154719e-05,0.018389203272308075,0.00816034795822586,0.010244727159913763,HRV,0.1997213547779092
BIH,2005,0.009545144033354849,0.01916682077660284,1.3484345385641411e-05,0.019153336431217197,0.009354743827849074,0.009812076948753764,HRV,0.22083550628811896
BIH,2006,0.016627436014656827,0.02542540440485863,3.1704891207728844e-05,0.025393699513650902,0.011751113407937813,0.013674290996920819,HRV,0.23708086914006127
BIH,2007,0.01176849129051505,0.029476137501646807,2.891342053123368e-05,0.029447224081115574,0.011066249920139942,0.018409887581506863,HRV,0.22466982530624466
BIH,2008,0.0008363955462211951,0.01794351812026029,2.2804074423023375e-05,0.017920714045837265,0.0039908080693626955,0.013952710050897595,HRV,0.20471372408078306
BIH,2009,-0.020088116460952474,-0.03105067734171965,1.4404502414734178e-05,-0.031065081844134385,-0.012815205065407703,-0.018235472276311948,HRV,0.18159012800453378
BIH,2010,0.010633398442099491,0.005274682405088283,4.1064079239299216e-05,0.005233618325848984,-0.0023904485054498394,0.007665130910538123,HRV,0.17798544290127602
BIH,2011,0.010031192764377193,0.0037047762965200254,6.70855588686012e-05,0.003637690737651424,-0.00016527286549382206,0.0038700491620138476,HRV,0.16896481574722977
BIH,2012,-0.0026081861366803335,-0.003930900629980358,7.397156659620484e-05,-0.004004872196576563,-0.003693492551474807,-0.00023740807850555117,HRV,0.16202903867154594
BIH,2013,-0.0010268396183154874,0.004185211188668824,8.113978067516904e-05,0.004104071407993655,-0.0001950185448799527,0.004380229733548777,HRV,0.15535393459622773
BIH,2014,0.0058633805620426265,0.005655730870281975,8.402787315827106e-05,0.005571702997123704,-0.0008528152379984646,0.00650854610828044,HRV,0.15264460294231788
BIH,2015,0.006326673251667344,0.013329877374983465,9.134187859523909e-05,0.013238535496388225,0.003209285880560986,0.010120591494422479,HRV,0.13974163274009108
BIH,2016,0.009254129932567237,0.015787547498897804,0.00013571652712074582,0.015651830971777057,0.004193243973212326,0.011594303525685478,HRV,0.12323702308562134
BIH,2017,0.011414885155881236,0.019781459783823563,0.00017284680230018174,0.01960861298152338,0.003548479017865221,0.016232980765958343,HRV,0.10991807070973658
BIH,2018,0.006882946085309206,0.020337678203363418,0.0002108889331698216,0.020126789270193596,0.003202879107185573,0.017134799096177846,HRV,0.11186037315186863
BIH,2019,0.0057116058761862865,0.018588783061247994,0.00018560281281419205,0.018403180248433803,0.0036055977560795283,0.014983185305168466,HRV,0.11808653511550367
BIH,2020,-0.02882307971825248,-0.02591748899104174,6.941825100346722e-05,-0.025986907242045207,-0.010635679366802694,-0.015281809624239046,HRV,0.12256642045409542
BIH,2021,0.025882252273266557,0.045958449970493295,0.00022437705695216648,0.04573407291354113,0.014987202677626738,0.030971247292866558,HRV,0.12599258865755028
BIH,2022,0.016039892539161056,0.022892132720795974,8.417012998240451e-05,0.02280796259081357,0.009011765721583345,0.01388036699921263,HRV,0.12810627414280737
BIH,2023,0.0009569520950451558,0.01584498280270322,0.00011541544323750599,0.015729567359465714,0.004466230121961932,0.011378752680741289,HRV,0.13745688810461199
BLR,1993,0.0006531274536630163,-0.07370745082827308,0.0010871673133253535,-0.07479461814159843,-0.0386301696413214,-0.035077281186951685,RUS,0.4281891475261928
BLR,1994,0.004133437445945276,-0.1072384090730094,0.0014290557378643196,-0.10866746481087372,-0.05624413444344687,-0.050994274629562526,RUS,0.42033874758273737
BLR,1995,0.0035398774723764035,-0.029522333236029725,0.001329963930780123,-0.030852297166809848,-0.018781657669889745,-0.01074067556613998,RUS,0.4393250292017713
BLR,1996,0.0028601127832293453,-0.01807042594284278,0.001056304006474245,-0.019126729949317026,-0.015670234130139113,-0.0024001918127036677,RUS,0.4465558495496391
BLR,1997,0.0039016443022264857,0.016820123905643736,0.0010077768730372462,0.01581234703260649,0.005769732813477249,0.011050391092166488,RUS,0.48753673261394564
BLR,1998,0.0031481793194902963,-0.022171568391842308,0.0006790731023041349,-0.022850641494146444,-0.028847052734192465,0.0066754843423501575,RUS,0.5427213146154305
BLR,1999,0.0028487901411179094,0.040937942759893875,0.0008845390189806834,0.04005340374091319,0.035312031335812046,0.0056259114240818295,RUS,0.6104336587571697
BLR,2000,0.0036447640824100215,0.07370687237343013,0.0014815453283220517,0.07222532704510808,0.05896000065267084,0.014746871720759287,RUS,0.6144951628932807
BLR,2001,0.0018722652534394794,0.04518184262163634,0.0015972402907448026,0.043584602330891536,0.028371927737081012,0.016809914884555327,RUS,0.5696851367469958
BLR,2002,0.0009950594253328349,0.04427202717822404,0.0018831380627874592,0.042388889115436576,0.025190867847506765,0.019081159330717273,RUS,0.5310078801997347
BLR,2003,0.0016802548798826862,0.05778735043975813,0.0017701403516488536,0.056017210088109275,0.03560861072401463,0.022178739715743495,RUS,0.516120143379583
BLR,2004,0.003934414776570628,0.057775800988125514,0.0017340887494027334,0.05604171223872278,0.034735496112760715,0.0230403048753648,RUS,0.5114840150101837
BLR,2005,0.00524564712219359,0.04890682643237567,0.002020895423530346,0.046885931008845326,0.031202983125793105,0.017703843306582565,RUS,0.49068158533105993
BLR,2006,0.008993729205924783,0.05529051923817883,0.0025148229458584292,0.0527756962923204,0.034338228973860366,0.02095229026431846,RUS,0.4431454231663021
BLR,2007,0.010111972381879473,0.0558342653168028,0.003016015844783292,0.05281824947201951,0.03370522877936997,0.022129036537432832,RUS,0.3945532989335721
BLR,2008,0.003521362650385829,0.029893672870251464,0.002120392537151088,0.027773280333100378,0.020116922895062266,0.009776749975189198,RUS,0.35850178155742496
BLR,2009,-0.01305900879142706,-0.04609379845361986,0.0017448261361408934,-0.04783862458976076,-0.02553471557386975,-0.020559082879750112,RUS,0.34638571959686376
BLR,2010,0.005394486454318488,0.02523749750219809,0.0015770984132086456,0.023660399088989443,0.013469263132800197,0.011768234369397893,RUS,0.3353395693034959
BLR,2011,0.004848950170217209,0.03338313317872193,0.0014019386056656285,0.0319811945730563,0.014651916555070997,0.01873121662365093,RUS,0.3456002683261779
BLR,2012,-0.000930200767293177,0.026738378829131854,0.0010891949803312575,0.025649183848800595,0.014020853256678964,0.01271752557245289,RUS,0.3552948926666351
BLR,2013,0.0005177434578643994,0.016201419215378866,0.0010932838500579737,0.015108135365320892,0.006212629287679482,0.009988789927699384,RUS,0.3700865109600457
BLR,2014,0.004007776658477833,0.004585166550904331,0.0009081836332952223,0.0036769829176091086,0.003239710270739908,0.0013454562801644226,RUS,0.3908456655562685
BLR,2015,0.004247053491331969,-0.013661921358292289,0.0009025251023996862,-0.014564446460691974,-0.008407138747886327,-0.005254782610405961,RUS,0.41515010533472907
BLR,2016,0.004503181481183213,0.00948530297584676,0.0013240596334079307,0.00816124334243883,0.0005132921470984717,0.008972010828748288,RUS,0.42680236887070916
BLR,2017,0.005405323910050724,0.02157548095092739,0.0015155489454746923,0.020059932005452696,0.008188428899111786,0.013387052051815604,RUS,0.42987951938272917
BLR,2018,0.0031008594179778325,0.02689259043916792,0.0013564325284634087,0.025536157910704512,0.011695387525011581,0.01519720291415634,RUS,0.43702546514871266
BLR,2019,0.0031535029777046883,0.02304962077752539,0.0009129382831532979,0.022136682494372093,0.009907922586183298,0.013141698191342093,RUS,0.43642524557209345
BLR,2020,-0.01362863261888953,-0.02240120170534935,0.000356983135419679,-0.02275818484076903,-0.011546531607679053,-0.010854670097670297,RUS,0.42286544685360594
BLR,2021,0.010669932563279218,0.04507604837206079,0.0016836514478675848,0.04339239692419321,0.02453540085155233,0.02054064752050846,RUS,0.42925265421562764
BLR,2022,0.005235063765523884,-0.037790910520575025,0.0007666591265423021,-0.038557569647117325,-0.0057729845172818615,-0.03201792600329316,RUS,0.4387404932134505
BLR,2023,0.00048145497742537537,0.031474007700041565,0.0018693138788314421,0.029604693821210122,0.017765498295121206,0.013708509404920358,RUS,0.49657346561481147
BOL,1991,0.0009903225846553967,0.027345940394294877,0.0,0.027345940394294877,0.02424610784879551,0.003099832545499368,ARG,0.2774221927256279
BOL,1992,0.008431539363858535,0.028838937756548767,2.2673184221419267e-07,0.028838711024706552,0.023763022308365498,0.0050759154481832686,ARG,0.3111146900448801
BOL,1993,0.008759147172079198,0.03479343630826269,4.152992150790924e-07,0.03479302100904761,0.022792639517920727,0.012000796790341963,ARG,0.2889689019490171
BOL,1994,0.0170360009874614,0.03211899835294452,4.427324704081683e-07,0.03211855562047411,0.014274440015253166,0.01784455833769135,ARG,0.2519374150203345
BOL,1995,0.013856540418893094,0.009029260259636554,9.334611544012723e-06,0.009019925648092541,-0.005338608457996734,0.014367868717633289,ARG,0.18495347608128979
BOL,1996,0.016116076889479934,0.015727733802028628,1.303891744491954e-05,0.01571469488458371,0.00775276742809535,0.007974966373933278,ARG,0.1441204675488729
BOL,1997,0.022445108359105393,0.02527342237987986,2.0149035318965288e-05,0.025253273344560897,0.01002642068168728,0.01524700169819258,ARG,0.1285626326084199
BOL,1998,0.021721831090057986,0.00742527209603062,1.18992003618152e-05,0.007413372895668805,0.0048753254952118895,0.0025499466008187307,ARG,0.12904754351403866
BOL,1999,0.0194020032443682,-0.007579836935417495,1.408773349690004e-05,-0.0075939246689143945,-0.004285020964998957,-0.0032948159704185376,ARG,0.12441594374879228
BOL,2000,0.022020611274771455,0.0074431435660327295,8.129813724193472e-05,0.007361845428790795,-0.0008205479632925346,0.008263691529325264,ARG,0.10359049339714795
BOL,2001,0.007781874720983849,0.0012360581732381566,0.00017112315663492432,0.0010649350166032324,0.0016062313869849437,-0.0003701732137467871,COL,0.09969892034030399
BOL,2002,0.00783149137654018,-0.0007815628343005887,0.0002929281196875473,-0.0010744909539881359,0.0031045334423273883,-0.003886096276627977,COL,0.1251627267894201
BOL,2003,0.007345574508182794,0.008628811009968828,0.00041223036922376953,0.008216580640745059,0.0022655261444826983,0.006363284865486129,BRA,0.19491538768044953
BOL,2004,0.010360819726889271,0.0467417268459935,0.000533651609309475,0.04620807523668403,0.013619838136382999,0.033121888709610504,BRA,0.25771488907321166
BOL,2005,0.010440583828917285,0.03681984719547629,0.0008254152669694817,0.035994431928506807,0.010350665806341874,0.026469181389134417,BRA,0.28909760022167763
BOL,2006,0.008250109083217681,0.04013433575812547,0.0009745517924125605,0.03915978396571291,0.013014971632881333,0.02711936412524414,BRA,0.33626042857631533
BOL,2007,0.0067260754888324985,0.04692263553261362,0.0011586082492888545,0.045764027283324765,0.020902452191810555,0.02602018334080306,BRA,0.36292275580680355
BOL,2008,0.0004826739811277976,0.03384279788671912,0.0008720075476544052,0.03297079033906472,0.017698407306190975,0.016144390580528148,BRA,0.378761772390478
BOL,2009,-0.009799744371322215,-0.003921816190225812,0.0011685109739955233,-0.005090327164221336,0.0006772720763103974,-0.00459908826653621,BRA,0.3962328682345895
BOL,2010,0.007366310380908289,0.049996254375055935,0.0018485368042585743,0.04814771757079736,0.027061495567897838,0.022934758807158097,BRA,0.3717394155624142
BOL,2011,0.0038663287566758882,0.03528752894518838,0.002226531169757389,0.03306099777543099,0.014727698656697367,0.02055983028849101,BRA,0.3652683172281754
BOL,2012,0.003870307347860439,0.017734388829010704,0.002323903168153637,0.015410485660857067,0.005260104801631385,0.01247428402737932,BRA,0.3288348283557251
BOL,2013,0.004353290729228161,0.024286103347774358,0.002324016752305764,0.021962086595468593,0.010341899832920465,0.013944203514853893,BRA,0.3292204277359769
BOL,2014,0.006003459656585845,0.004206289151585205,0.0021722078535091624,0.0020340812980760422,0.0016637749336572596,0.002542514217927945,BRA,0.3236108712949632
BOL,2015,0.005996568121235187,-0.00018811625646916763,0.0019676454836097946,-0.0021557617400789625,-0.011268630901884069,0.011080514645414902,BRA,0.3124682493770059
BOL,2016,0.004222201507131179,-0.008357948441109837,0.002512001859989146,-0.010869950301098982,-0.010689939709850008,0.002331991268740171,BRA,0.30241699778027503
BOL,2017,0.007054632183630149,0.01726895058911949,0.0034656746269152794,0.013803275962204212,0.00414589321232308,0.01312305737679641,BRA,0.2567190621931275
BOL,2018,0.006514725823912959,0.012100156424940826,0.00385038018917574,0.008249776235765087,0.003560478324761384,0.008539678100179443,BRA,0.21639484013420365
BOL,2019,0.004484256666315507,0.009877465195709393,0.0033800529871156684,0.006497412208593725,0.002252028707439879,0.007625436488269514,BRA,0.18653486658184834
BOL,2020,-0.012075569350254188,-0.04411929779949659,0.0011373823578248543,-0.04525668015732144,-0.006548768820560548,-0.03757052897893604,BRA,0.18026409673602048
BOL,2021,0.012910082038650496,0.05812698237619686,0.004018707385944628,0.05410827499025223,0.008639664428091394,0.049487317948105465,BRA,0.17355673012823006
BOL,2022,0.007762144263723893,0.034687029227559056,0.0017117588747450152,0.03297527035281404,0.004742475059588164,0.029944554167970892,BRA,0.15377968686263538
BOL,2023,0.003812887980346844,0.02068333221318402,0.00268861388099706,0.017994718332186962,0.011556194698094878,0.009127137515089144,IND,0.14654328601478894
BRA,1991,0.008581702979937366,0.00976912274735961,0.0011402574882408503,0.008628865259118759,0.001881652487417891,0.007887470259941718,ARG,0.021529730143184017
BRA,1992,0.012313438068495443,0.015842551730886577,0.0013535593478866453,0.014488992382999931,0.0026930116409005426,0.013149540089986034,ARG,0.03525795124347782
BRA,1993,0.007582465072720245,0.015835683279608836,0.0014679133024964061,0.01436776997711243,0.00420961360907918,0.011626069670529655,ARG,0.05337018651520449
BRA,1994,0.017107727324513364,0.02057491836328601,0.0017464783795416762,0.018828439983744335,0.00447628341922996,0.01609863494405605,ARG,0.07900437931954693
BRA,1995,0.01529932965506416,0.011937944403501691,0.0018367332188751037,0.010101211184626587,-0.0027645352352924962,0.014702479638794187,ARG,0.09577596962569124
BRA,1996,0.015587586121290162,0.02296215616191956,0.002085637397365574,0.020876518764553986,0.005187885371427597,0.017774270790491962,ARG,0.09644046106820835
BRA,1997,0.018945179870097,0.02635703433391739,0.002180739782846507,0.024176294551070884,0.007924207624534763,0.01843282670938263,ARG,0.10160724608399961
BRA,1998,0.018046404498025477,0.00959230475227598,0.0018722964814225991,0.007720008270853382,0.004370431160312335,0.005221873591963646,ARG,0.1156832309738951
BRA,1999,0.01845068152255676,0.0024117709341412575,0.0015394590728774237,0.0008723118612638339,-0.004548842229789355,0.006960613163930613,ARG,0.13207601633840335
BRA,2000,0.020731916088249112,0.013128911995835768,0.0015421923815856658,0.011586719614250103,-0.0010558187121062184,0.014184730707941986,ARG,0.1332923682927135
BRA,2001,0.008055382815467098,0.0005962703527437995,0.001405791407988427,-0.0008095210552446276,-0.005651233178281608,0.006247503531025407,ARG,0.12533265769669938
BRA,2002,0.0082752189477899,-0.004110397268851157,0.002029347677010178,-0.0061397449458613345,-0.012562650426191651,0.008452253157340495,ARG,0.1089098453432472
BRA,2003,0.010373875578671189,0.02141043696840055,0.0030904652057023602,0.018319971762698187,0.007141684216051094,0.014268752752349454,ARG,0.08326720099767929
BRA,2004,0.014919776175962168,0.031071474109404452,0.004669492847266185,0.026401981262138267,0.005604511415124429,0.025466962694280025,ARG,0.06565560614765774
BRA,2005,0.015451681480432973,0.029088556200522715,0.005987726307702823,0.02310082989281989,0.005240822152795863,0.023847734047726853,ARG,0.061790533727090646
BRA,2006,0.014016927112317537,0.035368380025877395,0.00731803407126256,0.028050345954614836,0.005972948316525081,0.029395431709352313,ARG,0.0771723657748778
BRA,2007,0.011417769653081989,0.03627025774648231,0.008000236137180709,0.028270021609301598,0.007281384063116683,0.028988873683365623,ARG,0.08442387693305854
BRA,2008,0.0012051218446083962,0.024716308453186748,0.006005173456019299,0.01871113499716745,0.0035288907548007217,0.021187417698386026,ARG,0.08873056375274756
BRA,2009,-0.016147010820427597,-0.0025725551613484388,0.006385671781747388,-0.008958226943095827,-0.005506174209234341,0.002933619047885902,ARG,0.09025184260661662
BRA,2010,0.010141470519434884,0.036967122193712405,0.009460202953570298,0.027506919240142105,0.009460202953570298,0.027506919240142105,CHN,0.0939971337478676
BRA,2011,0.006557846966035199,0.03317347040853544,0.011264421268176951,0.02190904914035849,0.011264421268176951,0.02190904914035849,CHN,0.12319701527402178
BRA,2012,0.001957301859287743,0.025342727981355367,0.011790131007762621,0.013552596973592746,0.011790131007762621,0.013552596973592746,CHN,0.1539153591820211
BRA,2013,0.0032193135663591372,0.026712674166137776,0.012632236531823582,0.014080437634314194,0.012632236531823582,0.014080437634314194,CHN,0.16957546351735156
BRA,2014,0.007177549291669537,0.02173363180823366,0.013206013888542627,0.008527617919691033,0.013206013888542627,0.008527617919691033,CHN,0.18231001497692254
BRA,2015,0.007931018627236403,0.023262962223068607,0.012473095459341381,0.010789866763727226,0.012473095459341381,0.010789866763727226,CHN,0.18467020270098033
BRA,2016,0.00635026055958055,0.01868036165727189,0.012505641437434697,0.006174720219837192,0.012505641437434697,0.006174720219837192,CHN,0.189511438226716
BRA,2017,0.009060748468400777,0.024039883345301966,0.012652286517353626,0.01138759682794834,0.012652286517353626,0.01138759682794834,CHN,0.18884536891065906
BRA,2018,0.007840197614007477,0.020998936866320747,0.013094848446140079,0.007904088420180668,0.013094848446140079,0.007904088420180668,CHN,0.2009224551366767
BRA,2019,0.006435421705395528,0.017109009201301536,0.013097486744835546,0.00401152245646599,0.013097486744835546,0.00401152245646599,CHN,0.22652341661301145
BRA,2020,-0.01517939573678151,-0.018837416596720717,0.005684097226728824,-0.02452151382344954,0.005684097226728824,-0.02452151382344954,CHN,0.2557738487502619
BRA,2021,0.01844621576030142,0.050645556307356863,0.023565436861187804,0.02708011944616906,0.023565436861187804,0.02708011944616906,CHN,0.2901238440031615
BRA,2022,0.010160446129350464,0.027491377303558395,0.010070528646156476,0.01742084865740192,0.010070528646156476,0.01742084865740192,CHN,0.30620802175067596
BRA,2023,0.005473173125048702,0.02402275843484599,0.014465162039530367,0.009557596395315624,0.014465162039530367,0.009557596395315624,CHN,0.30226420173622665
BWA,2001,0.020794761020066763,0.0026131617106258855,1.8995469891099304e-07,0.0026129717559269746,0.0017338313436804631,0.0008793303669454224,ZAF,0.06507959401129902
BWA,2002,0.014383265807206199,-0.0002928313313281957,1.3650157881865588e-07,-0.00029296783290701434,0.0023476883541347533,-0.002640519685462949,ZAF,0.0646111644897868
BWA,2003,0.02497988008200951,-0.0029550263040242393,1.0096249934781598e-06,-0.0029560359290177174,0.0021302263830427918,-0.005085252687067031,ZAF,0.0732929402873192
BWA,2004,0.02205177207029795,0.0026962615058456945,1.2646046779195608e-06,0.002694996901167775,0.0034119030968708863,-0.0007156415910251918,ZAF,0.07660532070634475
BWA,2005,0.023250086054344882,0.003906491020429871,4.981790373250277e-06,0.003901509230056621,0.004434701520327634,-0.0005282104998977633,ZAF,0.08623593819188931
BWA,2006,0.020570926911899958,0.003988501764425619,7.353797117874419e-06,0.003981147967307745,0.004659499130197851,-0.0006709973657722315,ZAF,0.08545732165106905
BWA,2007,0.02229864723437227,0.003954008447128595,7.277197934847974e-05,0.003881236467780115,0.004269874923976395,-0.00031586647684780055,ZAF,0.08177128781966105
BWA,2008,-0.0011951430113047868,-0.0070362174157715595,0.0006596676918526444,-0.007695885107624204,0.0026613687037767295,-0.009697586119548289,ZAF,0.08472509192433021
BWA,2009,-0.03343781505156264,0.00829095699873399,0.0020245319582716218,0.006266425040462369,-0.0018036402492372279,0.010094597247971219,ZAF,0.11636108793387667
BWA,2010,0.014963446725265495,0.02058813671217126,0.0030334060878963666,0.017554730624274893,0.004310213702906599,0.01627792300926466,ZAF,0.14393953588667036
BWA,2011,0.00822281555658216,0.016622369699932117,0.002439635554108465,0.014182734145823652,0.004809513821739068,0.01181285587819305,ZAF,0.1541812474844474
BWA,2012,0.010920207431835095,0.013756690710216263,0.0010245313810542374,0.012732159329162026,0.003277999614125016,0.010478691096091248,ZAF,0.13843014643559243
BWA,2013,0.011795490685736956,0.008903168945192275,0.0006087264029201344,0.00829444254227214,0.0032696076446792266,0.005633561300513048,ZAF,0.13317680893765763
BWA,2014,0.01956698891104003,0.010426119420294448,0.0005524573640964456,0.009873662056198003,0.0019673127414489527,0.008458806678845495,ZAF,0.14013161731683596
BWA,2015,0.010687803948980713,0.014192361065199926,0.0005008359323379805,0.013691525132861945,0.0018265041351438313,0.012365856930056094,ZAF,0.13908642566224166
BWA,2016,0.0066830337943986845,0.01575727634716076,0.00045371072103270226,0.015303565626128057,0.0009739253617462494,0.01478335098541451,ZAF,0.14704243375742668
BWA,2017,0.007326920218490592,0.016030665100293946,0.0004318183645827056,0.015598846735711241,0.001624684796348898,0.014405980303945048,ZAF,0.14111710731493018
BWA,2018,0.00700020420863756,0.020910551416586553,0.0003252239878885911,0.020585327428697963,0.009431912930636343,0.01147863848595021,IND,0.15463543379037462
BWA,2019,0.006910241763127286,0.011523735401562008,0.00017214336264413245,0.011351592038917875,0.006920985875426514,0.004602749526135493,IND,0.17052945934590924
BWA,2020,-0.0137956821866261,-0.04221238546010809,2.090807514444074e-05,-0.04223329353525253,-0.011294999128655113,-0.030917386331452974,IND,0.19308942868951262
BWA,2021,0.01687849615656314,0.048930904223230265,1.976743010582356e-07,0.048930706548929205,0.019037160161029142,0.029893744062201123,IND,0.20688315580590025
BWA,2022,0.010410876674115653,0.03855784317429359,0.00010286726924031767,0.03845497590505327,0.016125107136523813,0.022432736037769775,ARE,0.22255221195343763
BWA,2023,0.003356099949931522,0.03181904850103804,0.0005874286333931874,0.031231619867644854,0.010716703968719763,0.021102344532318275,ARE,0.254474733497745
CAF,1991,0.003342913237689854,0.05842806992113949,0.0003600903677253408,0.05806797955341415,0.053711904980436445,0.004716164940703045,MAR,0.7708783709890683
CAF,1992,0.005314973381351045,0.0015150248854612822,0.0025398941139076385,-0.0010248692284463563,-0.00817156540646919,0.009686590291930473,MAR,0.3854391854945341
CAF,1993,-0.0013695903063251206,-0.004694723251447151,0.0025274300753529897,-0.007222153326800141,-0.0019101476727485017,-0.002784575578698649,MAR,0.2569697671280534
CAF,1994,0.01553693095526266,0.0015961700927079204,0.0022546313669441127,-0.0006584612742361923,0.0016661033450641601,-6.993325235623974e-05,SDN,0.1664106442790044
CAF,1995,0.016599237219275042,0.010248066825128677,0.0007568269347539809,0.009491239890374696,0.0006389742368562608,0.009609092588272417,COD,0.12364123964849245
CAF,1996,0.010734507532584243,0.006233715538288591,7.79458297440689e-05,0.006155769708544522,-0.0010269035866026792,0.00726061912489127,COD,0.09909530931014661
CAF,1997,0.02037239072884354,-0.001117402272365689,7.998998173542773e-05,-0.0011973922541011167,-0.0065469033768612815,0.0054295011044955925,COD,0.11096758472032993
CAF,1998,0.026813239426687962,0.0025928453987523487,1.4292207880000079e-05,0.0025785531908723487,-0.0015210848163261738,0.004113930215078523,COD,0.09100945630152732
CAF,1999,0.026383406449074248,0.0009765947805934062,2.7408474664423334e-06,0.0009738539331269639,-0.0024649943035734956,0.003441589084166902,COD,0.061440545492388476
CAF,2000,0.032086406104349464,0.007346444580869208,9.953650634423812e-07,0.007345449215805766,0.001365872235799013,0.0059805723450701955,CMR,0.03214066527958214
CAF,2001,0.011539458106144923,0.0038112962695560516,1.017947594380911e-05,0.0038011167936122425,-0.0003456405454770456,0.004156936815033097,TWN,0.024488453458808786
CAF,2002,0.013542815565836284,0.006732926888768212,0.0002225024906366896,0.0065104243981315224,0.000981716148065908,0.005751210740702304,SDN,0.01683044870005204
CAF,2003,0.008904185531617348,0.004391129544720116,0.0003272151149593287,0.004063914429760787,0.001182540763489574,0.003208588781230542,SDN,0.01938912541530946
CAF,2004,0.028926217530620718,0.005384289722049306,0.00036528493002267607,0.0050190047920266306,0.00162377721100161,0.003760512511047696,CMR,0.024550681276830903
CAF,2005,0.01698829124055646,0.006426084320006522,0.0001394985495287581,0.006286585770477763,0.004204502662028172,0.00222158165797835,CMR,0.1772815526434701
CAF,2006,0.020098310620980154,0.011858707389462554,0.00016906914426395312,0.011689638245198601,0.008167799951719599,0.003690907437742955,CMR,0.21315349764331862
CAF,2007,0.020222128155392642,0.015753391963740985,0.000500608316226297,0.015252783647514688,0.0083909599265803,0.007362432037160685,CMR,0.22736920920785117
CAF,2008,0.004773607648598592,0.012521855573084937,0.004644589477377253,0.007877266095707684,0.0036009725052002046,0.008920883067884734,ISR,0.1126194791313269
CAF,2009,-0.020298952843842054,0.00922092853320391,0.00946916083511018,-0.0002482323019062701,0.0012586596536165186,0.00796226887958739,ISR,0.11350617559716593
CAF,2010,0.01807572984083903,0.02177392408152365,0.013578784144519913,0.008195139937003736,0.013578784144519913,0.008195139937003736,CHN,0.13491959904350245
CAF,2011,0.015352814203038702,0.02017009705970729,0.010637753685840166,0.009532343373867123,0.010637753685840166,0.009532343373867123,CHN,0.11634326097321394
CAF,2012,0.0018139090848545642,0.015688955098160415,0.0065652971105674,0.009123657987593015,0.0065652971105674,0.009123657987593015,CHN,0.08570728028758574
CAF,2013,0.004018304610675639,0.01844241659809794,0.007434383372613518,0.01100803322548442,0.007434383372613518,0.01100803322548442,CHN,0.09979935090675796
CAF,2014,0.009362220076528144,0.02061691478614766,0.00970223415912299,0.010914680627024671,0.00970223415912299,0.010914680627024671,CHN,0.13394007228736318
CAF,2015,0.007921397074571457,0.02401685556630952,0.01528202744867274,0.00873482811763678,0.01528202744867274,0.00873482811763678,CHN,0.22625779749923905
CAF,2016,0.007690325334977075,0.016601009582941098,0.013476055448665937,0.0031249541342751614,0.013476055448665937,0.0031249541342751614,CHN,0.2042171657068982
CAF,2017,0.013621836765921835,0.018424347933498883,0.01124084013318338,0.0071835078003155035,0.01124084013318338,0.0071835078003155035,CHN,0.16777841688181763
CAF,2018,0.009381124333924568,0.020253489102300105,0.004576825002377475,0.015676664099922633,0.002852622157590153,0.017400866944709954,BLR,0.09200140516724559
CAF,2019,0.00977464916952543,0.019270945463918724,0.005119425076599485,0.01415152038731924,0.0013219854604146837,0.01794896000350404,BLR,0.09205489475066879
CAF,2020,-0.02824649578261865,-0.002025889995035501,0.0018629123773668264,-0.003888802372402327,0.0035334672248263596,-0.0055593572198618605,SEN,0.23673790913831735
CAF,2021,0.0179392331706589,0.03792964631060382,0.006808536290016416,0.0311211100205874,0.015268999916310533,0.022660646394293285,SEN,0.236587384513552
CAF,2022,0.007728057097558772,0.03893910989888569,0.002059589068469078,0.03687952083041661,0.018689492903879012,0.020249616995006676,ARE,0.25794482795250534
CAF,2023,0.002353993606926967,0.02533711835284417,0.002176792785708066,0.023160325567136104,0.015473499462917673,0.009863618889926496,ARE,0.36742777103825053
CHL,1991,0.013394244246014542,0.01129443788207515,0.00033515060215572853,0.01095928727991942,0.0006125810575480519,0.010681856824527098,BRA,0.05965217178454722
CHL,1992,0.011530066682816718,0.010990392912808358,0.0008745894407568643,0.010115803472051495,-0.0003063784072317969,0.011296771320040155,BRA,0.05615890543362602
CHL,1993,0.005592119041945058,0.016555568455993125,0.0015679212437696437,0.014987647212223482,0.002556445157644063,0.013999123298349063,BRA,0.0531790002970301
CHL,1994,0.016481097650968994,0.02152382954363525,0.0021830463386747286,0.01934078320496052,0.002738551002733337,0.018785278540901913,BRA,0.048146108952192686
CHL,1995,0.016417642306452287,0.015393627965054633,0.0018645658587976332,0.013529062106257001,-0.0016261546860140742,0.017019782651068707,ARG,0.056337332881879865
CHL,1996,0.016903297308225415,0.01918780298591407,0.0015442416863910337,0.017643561299523037,0.001199863229829648,0.017987939756084422,BRA,0.05513669341814202
CHL,1997,0.017158115208624626,0.022101387328825193,0.0016703525674188228,0.02043103476140637,0.0022306718941833077,0.019870715434641886,BRA,0.0609686873414603
CHL,1998,0.013503317405253549,0.0024776314078138613,0.0017809193606596481,0.0006967120471542132,0.00022314026420179142,0.00225449114361207,BRA,0.06274677233902352
CHL,1999,0.015373120309885274,0.010675536898778825,0.0019884876638732707,0.008687049234905554,0.0002759559667630921,0.010399580932015732,BRA,0.059095808051415934
CHL,2000,0.021990892975142295,0.017622036233544955,0.002293421407104675,0.01532861482644028,0.0022305373585074033,0.015391498875037551,BRA,0.05279348401695628
CHL,2001,0.007813333433037561,0.004999009065394964,0.0027155643801630085,0.0022834446852319557,0.0007403008658341452,0.004258708199560819,BRA,0.05043163224782693
CHL,2002,0.0077624996540478445,0.008855285432458114,0.00378375650876768,0.005071528923690434,0.0014192001908000474,0.007436085241658066,BRA,0.04763648957323281
CHL,2003,0.010902511338307712,0.016291296114941636,0.005591483336473609,0.010699812778468027,0.005591483336473609,0.010699812778468027,CHN,0.05978529893590216
CHL,2004,0.01537120583960538,0.02698356033914808,0.007133131312821215,0.019850429026326867,0.007133131312821215,0.019850429026326867,CHN,0.07297897045676775
CHL,2005,0.014928156209296816,0.02658634670278763,0.009516677004153819,0.017069669698633813,0.009516677004153819,0.017069669698633813,CHN,0.08862388070589401
CHL,2006,0.014120564217748838,0.03196830992439504,0.01245238960025039,0.019515920324144648,0.01245238960025039,0.019515920324144648,CHN,0.10394211092816276
CHL,2007,0.01250290230369696,0.03327601975335406,0.013807731564071309,0.01946828818928275,0.013807731564071309,0.01946828818928275,CHN,0.10403293688946047
CHL,2008,1.394057077415547e-05,0.024352934566377642,0.011357892222701239,0.012995042343676403,0.011357892222701239,0.012995042343676403,CHN,0.12046668890815021
CHL,2009,-0.020417600490936296,0.010284209181667833,0.011123776123120007,-0.0008395669414521748,0.011123776123120007,-0.0008395669414521748,CHN,0.12567843270129886
CHL,2010,0.01169669627344515,0.04031550007001123,0.017605305440120168,0.022710194629891062,0.017605305440120168,0.022710194629891062,CHN,0.17492735179666455
CHL,2011,0.005813793378873208,0.03503501047890156,0.01875941887803355,0.016275591600868014,0.01875941887803355,0.016275591600868014,CHN,0.2051684999191178
CHL,2012,0.0028013028306708163,0.029423526540782292,0.018192237898360122,0.01123128864242217,0.018192237898360122,0.01123128864242217,CHN,0.23749225760148995
CHL,2013,0.004468279978420291,0.03051736359319003,0.01760995241588865,0.012907411177301379,0.01760995241588865,0.012907411177301379,CHN,0.23639644776440352
CHL,2014,0.007131209358319245,0.026977657813396946,0.017271490236781283,0.009706167576615663,0.017271490236781283,0.009706167576615663,CHN,0.23843422173538653
CHL,2015,0.008360243439723868,0.02373019000548258,0.016404387589760348,0.007325802415722234,0.016404387589760348,0.007325802415722234,CHN,0.24287488148081982
CHL,2016,0.0060377820001669144,0.023188738352476965,0.016667332785111184,0.00652140556736578,0.016667332785111184,0.00652140556736578,CHN,0.2525780243510369
CHL,2017,0.009093007667216465,0.028194808649394505,0.017733114934178337,0.010461693715216169,0.017733114934178337,0.010461693715216169,CHN,0.26468074581514217
CHL,2018,0.008068627316724725,0.027022478615238724,0.017946280385586582,0.009076198229652142,0.017946280385586582,0.009076198229652142,CHN,0.27536101165845206
CHL,2019,0.005688277671148869,0.022814603491106783,0.017311138027967028,0.005503465463139755,0.017311138027967028,0.005503465463139755,CHN,0.2993992823165677
CHL,2020,-0.016614427362633605,-0.00844013794063505,0.006925445149965325,-0.015365583090600373,0.006925445149965325,-0.015365583090600373,CHN,0.3116322064277689
CHL,2021,0.01870659443789688,0.04778580255372053,0.028403339392480426,0.019382463161240104,0.028403339392480426,0.019382463161240104,CHN,0.3496852638724002
CHL,2022,0.009256920992733458,0.022191501350402057,0.012044086347352443,0.010147415003049614,0.012044086347352443,0.010147415003049614,CHN,0.36621670855627614
CHL,2023,0.0069793592390522945,0.024918195612577028,0.018672856454046684,0.006245339158530344,0.018672856454046684,0.006245339158530344,CHN,0.39018823534733205
CHN,1991,0.006802875103683569,0.024297860104601218,0.0,0.024297860104601218,0.024381843240369912,-8.398313576869418e-05,HKG,0.4396818334577191
CHN,1992,0.005565199302166134,0.02925152853953637,0.0,0.02925152853953637,0.026885358756911112,0.0023661697826252576,HKG,0.4445095158203411
CHN,1993,0.0034909266454308083,0.03415463652145441,0.0,0.03415463652145441,0.02733678004444652,0.006817856477007889,HKG,0.45436960190370557
CHN,1994,0.009723974589399163,0.030498524372897098,0.0,0.030498524372897098,0.022403409849350815,0.008095114523546283,HKG,0.3822536049665854
CHN,1995,0.012114650131245415,0.017399998883362616,0.0,0.017399998883362616,0.007485739658805216,0.009914259224557399,HKG,0.31906719603216926
CHN,1996,0.015254273285742019,0.022330311339187024,0.0,0.022330311339187024,0.01050784436314865,0.011822466976038374,HKG,0.2519744421088495
CHN,1997,0.014046968254574799,0.02344309899878573,0.0,0.02344309899878573,0.01214753353761722,0.01129556546116851,HKG,0.2442173654637915
CHN,1998,0.011033200193645665,-0.016707027784765585,0.0,-0.016707027784765585,-0.014196077561647216,-0.002510950223118369,HKG,0.2341518524800418
CHN,1999,0.013800877067092826,0.01782031510704392,0.0,0.01782031510704392,0.0055283482767377,0.012291966830306218,HKG,0.22329601312073985
CHN,2000,0.01908803142340156,0.03108946164785885,0.0,0.03108946164785885,0.01575252365771396,0.015336937990144888,HKG,0.21333269278903055
CHN,2001,0.005878205758039304,0.0068437627046286816,0.0,0.0068437627046286816,0.0010800696859926346,0.005763693018636047,HKG,0.19312478637731223
CHN,2002,0.007270875952004234,0.014372127348876612,0.0,0.014372127348876612,0.0029724739172543022,0.01139965343162231,HKG,0.18090006671582823
CHN,2003,0.010426626499442357,0.017196652018745675,0.0,0.017196652018745675,0.00534873138767687,0.011847920631068806,HKG,0.17766765875855586
CHN,2004,0.014804248153654243,0.03313223854303586,0.0,0.03313223854303586,0.014691777239565785,0.018440461303470074,HKG,0.17611246374064196
CHN,2005,0.014982337536873915,0.02789514021401067,0.0,0.02789514021401067,0.012458171423018818,0.01543696879099185,HKG,0.17477849163782672
CHN,2006,0.013690626771043862,0.029698634137593237,0.0,0.029698634137593237,0.011511340419177693,0.018187293718415543,HKG,0.16937405496066488
CHN,2007,0.012089424800277394,0.029024790125855716,0.0,0.029024790125855716,0.010324518417298714,0.018700271708557002,HKG,0.16481107791462785
CHN,2008,3.129849272643334e-05,0.015093696474463136,0.0,0.015093696474463136,0.0033366366031795376,0.011757059871283598,HKG,0.15846773872559433
CHN,2009,-0.018173172024273144,-0.004549218414706949,0.0,-0.004549218414706949,-0.003697733134271425,-0.0008514852804355241,HKG,0.14851006427255817
CHN,2010,0.012681760667098396,0.03278475336484827,0.0,0.03278475336484827,0.009244552933267152,0.023540200431581115,HKG,0.14116963812432354
CHN,2011,0.0074258269891098625,0.024342999443730456,0.0,0.024342999443730456,0.00643703618371557,0.017905963260014885,HKG,0.13688835132896202
CHN,2012,0.005526208391623034,0.01802914559582123,0.0,0.01802914559582123,0.0023523440048146918,0.015676801591006536,HKG,0.1395217136682916
CHN,2013,0.005687285522056669,0.019624333631939533,0.0,0.019624333631939533,0.0044616498667971695,0.015162683765142362,HKG,0.14607284926215414
CHN,2014,0.008716134486596718,0.01888191596269668,0.0,0.01888191596269668,0.004305086345964791,0.014576829616731887,HKG,0.15798790497492374
CHN,2015,0.009029589418902233,0.016487078694488698,0.0,0.016487078694488698,0.0038356453007191756,0.012651433393769522,HKG,0.16254721512794845
CHN,2016,0.006692069237070733,0.018138076354391523,0.0,0.018138076354391523,0.0034124789705761867,0.014725597383815335,HKG,0.1585643992244711
CHN,2017,0.0103068950821317,0.022239786649762443,0.0,0.022239786649762443,0.005455388130633059,0.016784398519129384,HKG,0.14642054757586603
CHN,2018,0.009461779747491697,0.020338005994025465,0.0,0.020338005994025465,0.0038156067764649982,0.016522399217560466,HKG,0.1359241009762676
CHN,2019,0.0074723574564607995,0.010941594017180534,0.0,0.010941594017180534,-0.00215321193685313,0.013094805954033664,HKG,0.127667469636736
CHN,2020,-0.017888237798588932,-0.024563860009761643,0.0,-0.024563860009761643,-0.008055598014897837,-0.016508261994863806,HKG,0.11901087290013312
CHN,2021,0.023400595696366426,0.03171812675549667,0.0,0.03171812675549667,0.00707616384964574,0.024641962905850932,HKG,0.113134103640579
CHN,2022,0.011864419848613517,0.017336227757615827,0.0,0.017336227757615827,-0.00403327534400161,0.021369503101617438,HKG,0.10745813247056925
CHN,2023,0.007718337413350927,0.018959562362921102,0.0,0.018959562362921102,0.003113148649408461,0.01584641371351264,HKG,0.09811405458312579
CIV,1991,0.011650663665601881,0.011484778675938495,5.5493288659770985e-05,0.011429285387278724,0.0056111952993658796,0.005873583376572616,MLI,0.04708191718110582
CIV,1992,0.008587319514316674,-0.006396961887033716,8.55684849736668e-05,-0.006482530372007383,-0.002585272335076689,-0.003811689551957027,MLI,0.04979683747258348
CIV,1993,0.0018615093945996964,0.0035094011024057467,8.199880806922386e-05,0.003427402294336523,0.0020532337417898026,0.0014561673606159442,MLI,0.04823947560603641
CIV,1994,0.016521121255199125,0.009995695359181985,8.005294170197909e-05,0.009915642417480006,0.00254218540852894,0.007453509950653045,MLI,0.046723049457537726
CIV,1995,0.016664145415583212,0.01164051584407159,7.910991648618751e-05,0.011561405927585401,0.00030780022731138434,0.011332715616760206,MLI,0.04239458019887841
CIV,1996,0.013834348701941128,0.01750281624999212,0.0001144999274124839,0.017388316322579637,0.002591037433646957,0.014911778816345166,MLI,0.04198535619113436
CIV,1997,0.021054427671319455,0.014856679391562565,0.0001939921587080619,0.014662687232854504,0.0016214143052560605,0.013235265086306505,MLI,0.04014694839569954
CIV,1998,0.023238187605787674,0.011499535812386887,0.0002702381321968421,0.011229297680190044,0.0029074073156435862,0.0085921284967433,MLI,0.045137101934264456
CIV,1999,0.02288198420344413,0.011836559216533468,0.0003161055631286295,0.011520453653404839,0.0021977685370752928,0.009638790679458175,MLI,0.04779312719664026
CIV,2000,0.024957308513057563,0.012032739340416765,0.0003315630825392353,0.011701176257877529,-0.0003806644108499563,0.01241340375126672,MLI,0.051528489924302034
CIV,2001,0.011196205232324325,0.021655640484098716,0.00019555680665591188,0.021460083677442805,0.00784431418686737,0.013811326297231346,MLI,0.053454850440349706
CIV,2002,0.006218864609449409,0.01859115041735565,0.00013021593147624787,0.018460934485879404,0.0016752776871338504,0.0169158727302218,MLI,0.056009020467845505
CIV,2003,0.006603523765313586,0.02330287932119509,0.00015362269544000041,0.02314925662575509,0.004856400010892397,0.018446479310302695,MLI,0.05196006037765513
CIV,2004,0.013323886596699109,0.024944316715115794,0.0005247681049177781,0.024419548610198016,0.004166325743876694,0.0207779909712391,NGA,0.04718770776586597
CIV,2005,0.014159482207725196,0.021301390514488233,0.0008423894855454408,0.020459001028942794,0.00427044392015051,0.017030946594337723,NGA,0.06843834979472797
CIV,2006,0.018008405403534936,0.02290350178388456,0.0013062246015901693,0.021597277182294393,0.003746491693037304,0.019157010090847255,NGA,0.0637891009741046
CIV,2007,0.015181332531182201,0.024916858551586152,0.0015078352768594988,0.023409023274726652,0.005029159523395575,0.019887699028190577,NGA,0.07874074617650086
CIV,2008,0.0028560192010899468,0.024639172163115064,0.0009402874952001662,0.023698884667914897,0.005190103202894172,0.019449068960220892,NGA,0.08015909257786291
CIV,2009,-0.019991811283375106,0.013596889340757555,0.0006858667301963834,0.012911022610561172,0.005819650032370939,0.007777239308386616,NGA,0.07427445907471182
CIV,2010,0.010818864796925303,0.025937485601612076,0.0005132101121109589,0.025424275489501116,0.005591559548832554,0.02034592605277952,NGA,0.07290870348883594
CIV,2011,0.010457198537255838,0.026601153743663522,0.0005563383207237903,0.02604481542293973,0.003429182983008387,0.023171970760655136,NGA,0.06720619876129354
CIV,2012,0.0010010111798188193,0.022979911917447693,0.0006162117191408772,0.022363700198306816,0.0027977208200447514,0.020182191097402942,NGA,0.06590111367072364
CIV,2013,0.00367076814611141,0.022484286302641154,0.0007127500650189987,0.021771536237622156,0.004386143631626225,0.01809814267101493,NGA,0.06861166082251355
CIV,2014,0.009522208640756797,0.022322625780886094,0.0007743289691730812,0.021548296811713014,0.0019440573170422025,0.02037856846384389,GHA,0.0690314042044548
CIV,2015,0.008534816026306383,0.018659339518881074,0.0007371721549369778,0.017922167363944096,0.001510523635797354,0.01714881588308372,GHA,0.07197836938608027
CIV,2016,0.008914652181139356,0.01588018739078006,0.0006639582017220424,0.015216229189058019,0.002335167647117857,0.013545019743662205,GHA,0.0703824486962696
CIV,2017,0.013145251360219682,0.02156721147535244,0.0005729346161621898,0.02099427685919025,0.0004919705014418464,0.021075240973910593,ZAF,0.04273164505740846
CIV,2018,0.011667746036664553,0.02193367591084851,0.0005201175559837541,0.02141355835486476,0.0035256842281708965,0.018407991682677614,VNM,0.04812365358477098
CIV,2019,0.010018987595483458,0.021263457832369215,0.0006094354199017527,0.02065402241246746,0.004301446678180559,0.016962011154188654,VNM,0.06169141761514705
CIV,2020,-0.026137469256168906,-0.00674356104643899,0.0004042947549069059,-0.007147855801345896,0.0017618073093964533,-0.008505368355835444,VNM,0.06104238588446977
CIV,2021,0.029763911729600558,0.02545456924891648,0.00221755692582295,0.023237012323093532,0.0015439843273632754,0.023910584921553207,VNM,0.061069904923349766
CIV,2022,0.01732675764095837,0.025580242186329434,0.0017645061124667923,0.023815736073862642,0.0017645061124667923,0.023815736073862642,CHN,0.05365219096731786
CIV,2023,0.0050736250393559855,0.021019754621537323,0.003644132210675481,0.01737562241086184,0.003644132210675481,0.01737562241086184,CHN,0.07614783095211401
CMR,1991,0.012859646982043409,0.006499183228196773,0.001682624911961215,0.004816558316235557,0.003387511382467292,0.0031116718457294807,KOR,0.03321532178204182
CMR,1992,0.01255316365504295,0.008304660483585503,0.0019087544376835564,0.006395906045901947,0.0013405722267867016,0.006964088256798802,KOR,0.022699344876443026
CMR,1993,0.0004983701892452414,0.004421232047746265,0.001326640201940802,0.003094591845805463,0.0012026118045963153,0.00321862024314995,KOR,0.017801135563868968
CMR,1994,0.02167037122410652,0.007314732206663175,0.000530742585594892,0.006783989621068283,0.0020539278710026017,0.005260804335660573,MAR,0.020408391881349002
CMR,1995,0.02308874871943522,0.006685887254562977,0.00036744684659007317,0.006318440407972904,0.002027922244320566,0.004657965010242411,KOR,0.021985761477535573
CMR,1996,0.016280888272479196,0.015000253161034406,0.0009086663860520786,0.014091586774982328,0.002140184023278138,0.012860069137756268,KOR,0.028382208625047523
CMR,1997,0.02412661751002826,0.02100428624642392,0.0014191593628872627,0.01958512688353666,0.0016093252199628964,0.019394961026461023,KOR,0.026646349753027026
CMR,1998,0.025563907501792032,0.006882098841593699,0.0019021964654262523,0.004979902376167447,0.0019021964654262523,0.004979902376167447,CHN,0.024629849358615882
CMR,1999,0.02522379739108577,0.008217075391323263,0.0017336932418237957,0.006483382149499467,0.0017336932418237957,0.006483382149499467,CHN,0.024182544383431467
CMR,2000,0.033301586005366694,0.011796514412727301,0.0023222181626930223,0.009474296250034278,0.0023612275918195895,0.009435286820907711,TWN,0.0385636510570343
CMR,2001,0.01668295259382896,0.011318725119830134,0.0029292419976557705,0.008389483122174364,-0.0009423358623502042,0.012261060982180338,TWN,0.06676400731829636
CMR,2002,0.007372368507558313,0.016798642683569738,0.004453659584981685,0.012344983098588053,0.004969026132043283,0.011829616551526454,TWN,0.09005985381811939
CMR,2003,0.007949752144848606,0.01492303895273769,0.005292501848084009,0.009630537104653681,0.0027061174770922005,0.01221692147564549,TWN,0.07035038009541202
CMR,2004,0.01716733242658766,0.020475957201546824,0.004857697385132165,0.015618259816414659,0.004857697385132165,0.015618259816414659,CHN,0.049699036567611786
CMR,2005,0.018363348497481682,0.017272984174214058,0.004290819135010494,0.012982165039203564,0.004290819135010494,0.012982165039203564,CHN,0.03995817478997745
CMR,2006,0.022674859265712253,0.014151780760018988,0.004006505122766086,0.010145275637252902,0.004006505122766086,0.010145275637252902,CHN,0.03344294655673406
CMR,2007,0.020723485349119764,0.013703436703570607,0.003997090163501701,0.009706346540068907,0.003997090163501701,0.009706346540068907,CHN,0.030115665762439365
CMR,2008,0.0014520827173708053,0.011983167720681918,0.002608439207727918,0.009374728512954001,0.002608439207727918,0.009374728512954001,CHN,0.02766622788910809
CMR,2009,-0.027707280552506316,0.009435744984702892,0.003946722184677307,0.0054890228000255845,5.8160241447496517e-05,0.009377584743255394,GAB,0.044655877250157246
CMR,2010,0.00805129994736826,0.02232467822007474,0.005922027328738426,0.016402650891336315,0.005922027328738426,0.016402650891336315,CHN,0.05884161234277441
CMR,2011,0.0062315207776040766,0.020911270734081375,0.007120850330984542,0.013790420403096833,0.007120850330984542,0.013790420403096833,CHN,0.07787950096190817
CMR,2012,-0.007339612235242789,0.023627560384457815,0.00641801336630759,0.017209547018150223,0.00641801336630759,0.017209547018150223,CHN,0.08378455098250032
CMR,2013,-0.000993729684723928,0.01582014453701209,0.008164897134065617,0.007655247402946472,0.008164897134065617,0.007655247402946472,CHN,0.10960578616404337
CMR,2014,0.008239647031358065,0.021314408593608055,0.0074231854213137405,0.013891223172294315,0.0074231854213137405,0.013891223172294315,CHN,0.10247763305097729
CMR,2015,0.013445642665717598,0.01867552832703547,0.008144416242397673,0.010531112084637795,0.008144416242397673,0.010531112084637795,CHN,0.12058201616971771
CMR,2016,0.0116514071619861,0.017079607013862526,0.007325512626112092,0.009754094387750434,0.007325512626112092,0.009754094387750434,CHN,0.11101137358430833
CMR,2017,0.013551205518865721,0.020756165719796073,0.007675813068149615,0.013080352651646459,0.007675813068149615,0.013080352651646459,CHN,0.11456757231634054
CMR,2018,0.01048230282715045,0.02258612357355018,0.006890576344034915,0.015695547229515265,0.006890576344034915,0.015695547229515265,CHN,0.10572642532249364
CMR,2019,0.009558167087800816,0.02148264422902118,0.008457064810944865,0.013025579418076314,0.008457064810944865,0.013025579418076314,CHN,0.14626647484474753
CMR,2020,-0.03646795511190852,-0.002924129125494077,0.004097539254109034,-0.007021668379603111,0.004097539254109034,-0.007021668379603111,CHN,0.18438167814942355
CMR,2021,0.030941710847950436,0.03347859141338096,0.017551325390067107,0.015927266023313857,0.017551325390067107,0.015927266023313857,CHN,0.21608162918902468
CMR,2022,0.01932852404359573,0.025929009896793295,0.0072232181118685726,0.018705791784924722,0.0072232181118685726,0.018705791784924722,CHN,0.21963170022390913
CMR,2023,0.004822584901090158,0.02432479857020785,0.008366011449844214,0.015958787120363638,0.008366011449844214,0.015958787120363638,CHN,0.1748162769067323
COD,1991,0.01241721765117852,0.009457915991908964,0.0007708848891033631,0.0086870311028056,0.005580952465843824,0.00387696352606514,ZWE,0.10365414897617324
COD,1992,0.015686469689325647,-0.001819006426156674,0.0009205640239843671,-0.002739570450141041,0.0014746492694525317,-0.0032936556956092056,IND,0.05972026103173719
COD,1993,0.007297146749153808,0.01023924387191185,0.0008416333763232659,0.009397610495588585,0.005203832664074559,0.005035411207837292,CHL,0.07720660558792407
COD,1994,0.022277497745032876,0.009350396186304863,0.0006383388508815855,0.008712057335423276,0.004374503946543729,0.004975892239761134,CHL,0.07717646666459821
COD,1995,0.01995966993179376,0.017244420199177688,0.0004370574909001816,0.016807362708277505,0.0028766937068605155,0.014367726492317172,ZAF,0.09422818971565129
COD,1996,0.020976831202151477,0.011395596273599838,0.0002690565225162485,0.011126539751083589,0.005474815133007011,0.005920781140592827,ZAF,0.13003852173018868
COD,1997,0.02461871309348077,0.007878285509773948,0.00018759339145971507,0.007690692118314232,0.0034001943596518,0.004478091150122147,ZAF,0.13246949129930388
COD,1998,0.024297418871506014,0.0030226177887291705,0.00012306088035167627,0.002899556908377494,0.0005475161516699216,0.002475101637059249,ZAF,0.10977800709235032
COD,1999,0.029267673223917812,0.00527807494351671,0.00011628915530820122,0.005161785788208508,0.0017543424850052507,0.003523732458511459,ZAF,0.07397135356359973
COD,2000,0.03506547752585954,0.0028866023299324492,0.0001127494564053372,0.002773852873527112,0.0011615309839956036,0.0017250713459368457,ZAF,0.028232336812614806
COD,2001,0.007931173491782014,0.011718523987696525,0.00011592016489203767,0.011602603822804487,0.004179524795247326,0.007538999192449199,ZAF,0.15687902853195984
COD,2002,0.0058004751256527185,0.026251118872195202,0.0006769235159643666,0.025574195356230834,0.0109044327279435,0.015346686144251703,ZAF,0.3001029056570138
COD,2003,0.00031043471976329687,0.04187669994449679,0.0011480287913778844,0.04072867115311891,0.013262925702770741,0.02861377424172605,ZAF,0.4563265337930048
COD,2004,0.0018896886746020821,0.05421019790593462,0.003051351576569355,0.051158846329365265,0.019802227738191614,0.03440797016774301,ZAF,0.44460700187396013
COD,2005,0.0018134830994594024,0.05815045450992307,0.007602915013835586,0.050547539496087486,0.02234725290677469,0.035803201603148385,ZAF,0.43455829250144545
COD,2006,0.002371429599636759,0.0689669267545177,0.022827233011205348,0.04613969374331235,0.020039044598208967,0.04892788215630873,ZAF,0.3675251420717716
COD,2007,0.0020046593560385795,0.08008870038541561,0.04399139191059254,0.03609730847482308,0.04399139191059254,0.03609730847482308,CHN,0.3314486291305598
COD,2008,0.0007634951515369348,0.06451943722726702,0.041957731679112154,0.02256170554815487,0.041957731679112154,0.02256170554815487,CHN,0.4450217443846401
COD,2009,-0.0008405971573379103,0.05411850790985109,0.04808437886663016,0.006034129043220926,0.04808437886663016,0.006034129043220926,CHN,0.5432660012649141
COD,2010,0.000886182508941014,0.07783841576163528,0.0612402288542749,0.016598186907360375,0.0612402288542749,0.016598186907360375,CHN,0.6084865209147358
COD,2011,0.00038576933154108874,0.07720455871732133,0.06407203695871087,0.01313252175861046,0.06407203695871087,0.01313252175861046,CHN,0.7007447189621562
COD,2012,0.00022799884968942514,0.06498759246004546,0.0562327645169192,0.008754827943126257,0.0562327645169192,0.008754827943126257,CHN,0.7340958419139806
COD,2013,0.000366319549532032,0.06473795328060772,0.054946091237951473,0.009791862042656245,0.054946091237951473,0.009791862042656245,CHN,0.7375977220399024
COD,2014,0.0005966380190279819,0.058362293071998556,0.047401093757737454,0.010961199314261101,0.047401093757737454,0.010961199314261101,CHN,0.6543756644382338
COD,2015,0.0006682488986976999,0.04771972373668694,0.03246875546936326,0.01525096826732368,0.03246875546936326,0.01525096826732368,CHN,0.48071560692541077
COD,2016,0.001293018747763478,0.0410899657273274,0.022229426507350124,0.018860539219977275,0.022229426507350124,0.018860539219977275,CHN,0.3368664142050734
COD,2017,0.0019309666486223439,0.03504466588219763,0.017196059171715423,0.017848606710482207,0.003909437678574577,0.031135228203623053,ZAF,0.33956650401864535
COD,2018,0.003087560464044277,0.03594449135268967,0.021159292249710557,0.014785199102979114,0.021159292249710557,0.014785199102979114,CHN,0.32466026355726657
COD,2019,0.00272173443752584,0.027177323394898024,0.021603155139698568,0.005574168255199456,0.021603155139698568,0.005574168255199456,CHN,0.37363049928606
COD,2020,-0.00305378477662992,-0.016130027486249088,0.008845741982253397,-0.024975769468502485,0.008845741982253397,-0.024975769468502485,CHN,0.3980420076584066
COD,2021,0.0034867186620146434,0.061334900442889126,0.033988031933677824,0.0273468685092113,0.033988031933677824,0.0273468685092113,CHN,0.41844072455713394
COD,2022,0.0012947313747045614,0.033471316895883445,0.01476986793744893,0.018701448958434515,0.01476986793744893,0.018701448958434515,CHN,0.44909777843401416
COD,2023,0.0002531384888905539,0.039708704028689576,0.026802359760905812,0.012906344267783764,0.026802359760905812,0.012906344267783764,CHN,0.5600624352245681
COG,1991,0.00863989341940914,-0.00034819612121715984,0.0,-0.00034819612121715984,-0.0005352546323436619,0.00018705851112650205,COD,0.0060399646039553095
COG,1992,0.018187010857185684,0.00020832626240848144,0.0,0.00020832626240848144,0.0010996719899986464,-0.000891345727590165,NGA,0.023874370953546734
COG,1993,0.008877351505739574,-0.002341377844194877,0.0,-0.002341377844194877,-0.0003919456890413601,-0.001949432155153517,NGA,0.017216870643077566
COG,1994,0.027992383835827764,0.0019938428685860017,2.146025686724218e-05,0.0019723826117187594,0.0012602426206752475,0.0007336002479107543,TWN,0.017416619976507935
COG,1995,0.024270347382808047,0.006500693295801031,6.292085983857535e-05,0.006437772435962456,0.003976045776384743,0.0025246475194162883,TWN,0.06314672143839659
COG,1996,0.02114438070947319,0.01096856040984957,7.399999860539829e-05,0.010894560411244172,0.008194127665664385,0.0027744327441851842,TWN,0.1367204370858351
COG,1997,0.024487828797533785,0.014129074728939782,0.0004445105567516205,0.013684564172188161,0.012501513987224386,0.0016275607417153958,TWN,0.21277726283871212
COG,1998,0.022326835189525784,0.007619467528903204,0.0019413002731592537,0.00567816725574395,0.009121205249048636,-0.0015017377201454324,TWN,0.22145315092745635
COG,1999,0.020141002042073038,0.030059313592809542,0.002383114735428777,0.027676198857380766,0.01322237105406065,0.016836942538748893,TWN,0.20295047920862264
COG,2000,0.018964575595067354,0.03338563183313743,0.003362608644296304,0.03002302318884113,0.013273931735752188,0.020111700097385245,TWN,0.21679031423564368
COG,2001,0.005846370820912259,0.008369380081448436,0.002988284879371163,0.005381095202077272,-0.003980776915951,0.012350156997399435,TWN,0.2820359807661523
COG,2002,0.005889015209146726,0.03518323702976606,0.0043371926265857366,0.03084604440318032,0.019732963525897734,0.015450273503868323,TWN,0.357645092482108
COG,2003,0.006173962875740097,0.025797668229623476,0.005829284736208725,0.019968383493414753,0.013071016955384485,0.012726651274238991,TWN,0.33980454242251046
COG,2004,0.008986268868093214,0.04226434118349595,0.011211111712079285,0.031053229471416664,0.01951482107036977,0.02274952011312618,TWN,0.3051635695997361
COG,2005,0.007197094096471223,0.050322590549707835,0.02177210375700793,0.028550486792699906,0.017350574791007843,0.03297201575869999,TWN,0.28867623968919065
COG,2006,0.005773978135484344,0.061620017446367026,0.037172776863949465,0.02444724058241756,0.037172776863949465,0.02444724058241756,CHN,0.3102871834513421
COG,2007,0.004260018898969844,0.07552644312163743,0.049226462722311175,0.02629998039932626,0.049226462722311175,0.02629998039932626,CHN,0.37089173307853346
COG,2008,0.00026736625124035193,0.049734887962458216,0.03843140419211796,0.011303483770340253,0.03843140419211796,0.011303483770340253,CHN,0.40761999870554994
COG,2009,-0.008122008285069999,0.03796703365135698,0.03604682086815063,0.0019202127832063515,0.03604682086815063,0.0019202127832063515,CHN,0.40726349581575166
COG,2010,0.006240665794095745,0.05872502452039161,0.035392777401461684,0.02333224711892993,0.035392777401461684,0.02333224711892993,CHN,0.3516647208777008
COG,2011,0.0062900170408040045,0.04033159158050158,0.025682796191096785,0.014648795389404792,0.025682796191096785,0.014648795389404792,CHN,0.28088827284654744
COG,2012,0.0021061608563762197,0.03741094344607686,0.01872302199336403,0.01868792145271283,0.01872302199336403,0.01868792145271283,CHN,0.24442142781824513
COG,2013,0.0037462199294997526,0.031793288700358205,0.017827497833274454,0.01396579086708375,0.017827497833274454,0.01396579086708375,CHN,0.23931678296366435
COG,2014,0.008634765318501648,0.034037585306858464,0.021835619781195973,0.012201965525662491,0.021835619781195973,0.012201965525662491,CHN,0.30144237337157137
COG,2015,0.008047200581652694,0.0288000800473104,0.019749671152683886,0.009050408894626515,0.019749671152683886,0.009050408894626515,CHN,0.29240342038049466
COG,2016,0.006277051094060769,0.023827338077523266,0.018421151106965454,0.0054061869705578115,0.018421151106965454,0.0054061869705578115,CHN,0.279155520133704
COG,2017,0.008966027365266627,0.0216887453969828,0.012592656263253753,0.009096089133729047,0.012592656263253753,0.009096089133729047,CHN,0.1879553402728882
COG,2018,0.007411912046641689,0.02376935881126745,0.015409320982951466,0.008360037828315984,0.015409320982951466,0.008360037828315984,CHN,0.23643485578455373
COG,2019,0.005266926265113752,0.028674397021798213,0.022412125110715556,0.006262271911082657,0.022412125110715556,0.006262271911082657,CHN,0.3876217821437697
COG,2020,-0.01556418143871844,0.0033353226104265513,0.012058360366491652,-0.0087230377560651,0.012058360366491652,-0.0087230377560651,CHN,0.5426038854599503
COG,2021,0.011547404135701204,0.061968239970431535,0.05049433873758289,0.011473901232848645,0.05049433873758289,0.011473901232848645,CHN,0.6216566975286232
COG,2022,0.00724516287612508,0.03315080749213682,0.01857185764331769,0.01457894984881913,0.01857185764331769,0.01457894984881913,CHN,0.5647024092787749
COG,2023,0.0029735702353507077,0.03901549829087024,0.024189018768800752,0.014826479522069488,0.024189018768800752,0.014826479522069488,CHN,0.5054540301002768
COL,1991,0.007237908496482853,0.009924358018777776,2.883098976667174e-05,0.009895527029011104,0.00424361932261702,0.005680738696160756,PAN,0.04714381764857084
COL,1992,0.018009492332522678,0.01087858055100242,0.00018917182730621927,0.010689408723696201,0.0027661571991328708,0.008112423351869548,VEN,0.04701110966179335
COL,1993,0.012728863972333273,0.007911302246032322,0.0001456423958552077,0.007765659850177114,0.00016462168384849223,0.00774668056218383,VEN,0.060580742377767144
COL,1994,0.02386963512270437,0.009051495729091585,0.00014859797936797586,0.00890289774972361,-0.0020680130055602763,0.011119508734651862,VEN,0.08363537592428902
COL,1995,0.019072125124009246,0.010350523433007595,4.320738313703596e-05,0.01030731604987056,0.0033589639267210254,0.00699155950628657,VEN,0.08494755412632841
COL,1996,0.020244820582238317,0.008240843271851685,0.00012286120853801196,0.008117982063313673,-0.00023775389686354884,0.008478597168715234,VEN,0.0888010274321282
COL,1997,0.02529937959006024,0.018235267837216233,0.0001269190719798048,0.01810834876523643,0.005064478242039037,0.013170789595177196,VEN,0.08121635600227475
COL,1998,0.026259207149253422,0.006739428770384167,0.00013010305285279753,0.0066093257175313695,0.00022163805502162636,0.00651779071536254,VEN,0.088101080406089
COL,1999,0.02654405515147558,-0.0027491009560183326,6.274767546683387e-05,-0.0028118486314851667,-0.005540311725719815,0.0027912107697014824,VEN,0.09103340958245681
COL,2000,0.026010129296307315,0.01131562385247303,9.212055758569285e-05,0.011223503294887338,0.003256877582628215,0.008058746269844815,VEN,0.09196702417341998
COL,2001,0.007526300822914167,0.007597062038535862,0.00011473125293523078,0.007482330785600631,0.0032971785113733317,0.00429988352716253,VEN,0.09640254464869785
COL,2002,0.01251575631836275,-0.0025111213715562526,0.00015224286832957282,-0.0026633642398858253,-0.01002603753555621,0.007514916163999958,VEN,0.10830271865305963
COL,2003,0.014979087071532046,-0.0004414372943348649,0.00019556835374550928,-0.0006370056480803741,-0.009177394248377112,0.008735956954042248,VEN,0.11320637336377495
COL,2004,0.0196670082178056,0.030448641083412806,0.00033856508439892804,0.03011007599901388,0.016337617228529774,0.014111023854883033,VEN,0.09759866631498161
COL,2005,0.021771693991064836,0.023183676601170475,0.00061396620938649,0.022569710391783983,0.008200987545426093,0.014982689055744382,VEN,0.0828809304232408
COL,2006,0.016487563082476973,0.026223387486047744,0.00104534923546665,0.025178038250581094,0.007975100694588807,0.018248286791458936,VEN,0.08468432503969905
COL,2007,0.012981018481957238,0.024492324633632847,0.0017139897511565753,0.02277833488247627,0.0086905029453795,0.015801821688253347,VEN,0.10443269307313612
COL,2008,0.0010021003794649546,0.020469405786970714,0.0017938526926453023,0.018675553094325413,0.006770782673552572,0.013698623113418143,VEN,0.1305501184186526
COL,2009,-0.016998608845114466,-0.005362054263595133,0.001707345778316095,-0.007069400041911228,-0.005045291237433457,-0.0003167630261616764,VEN,0.15274631977854783
COL,2010,0.01379700703243571,0.01363881409049615,0.002288319960444231,0.011350494130051918,-0.0023558303239764153,0.015994644414472566,VEN,0.1566597643315902
COL,2011,0.010134662181251586,0.021446738223483777,0.0027886129659263907,0.018658125257557386,0.004471764710893017,0.01697497351259076,VEN,0.10954302364315262
COL,2012,0.009111779151109651,0.01949385536409407,0.002920745984397872,0.016573109379696197,0.0035080176597700142,0.015985837704324053,VEN,0.06397700318703706
COL,2013,0.007619138491110523,0.01872496289321055,0.003497406459771622,0.015227556433438927,0.003497406459771622,0.015227556433438927,CHN,0.046949272999302884
COL,2014,0.013584632982924533,0.014235526159988023,0.004321542007882884,0.009913984152105138,0.004321542007882884,0.009913984152105138,CHN,0.05965921244896359
COL,2015,0.0137098725137841,0.014430675323499054,0.005659980185899674,0.00877069513759938,0.005659980185899674,0.00877069513759938,CHN,0.08379874038651963
COL,2016,0.008973260700066443,0.008106114625035915,0.0057245250093547065,0.002381589615681208,0.0057245250093547065,0.002381589615681208,CHN,0.08674988589071166
COL,2017,0.01335389219622304,0.015113430532754168,0.00467912865482714,0.010434301877927028,0.00467912865482714,0.010434301877927028,CHN,0.06983969069853858
COL,2018,0.013576262359912715,0.011191109838893657,0.0033860720694702216,0.0078050377694234355,0.002580098206566193,0.008611011632327465,PAN,0.06713078250804055
COL,2019,0.01075021846252302,0.006052462632535748,0.0036435494783159474,0.002408913154219801,0.002109336789983817,0.0039431258425519315,PAN,0.06902533343771315
COL,2020,-0.01771603639072483,-0.04297055341586861,0.001988999113368171,-0.044959552529236786,0.001988999113368171,-0.044959552529236786,CHN,0.08950127664860687
COL,2021,0.02710035927917579,0.04901494246459273,0.008260310690643174,0.04075463177394956,0.008260310690643174,0.04075463177394956,CHN,0.10169610282832722
COL,2022,0.013384665735605943,0.027062050621514795,0.0032578111050973685,0.023804239516417428,0.0032578111050973685,0.023804239516417428,CHN,0.09905814568235016
COL,2023,0.010770043894146954,0.020302738627743087,0.0034854373758329417,0.016817301251910145,0.0034854373758329417,0.016817301251910145,CHN,0.07283174175503096
CRI,1991,0.006243585308658901,0.01036348320139807,0.0004148802192808651,0.009948602982117204,0.0013645587895451488,0.008998924411852922,GTM,0.03797900954514386
CRI,1992,0.01920893859073273,0.010902694218605125,0.0004394098274504104,0.010463284391154714,0.001816321171635849,0.009086373046969276,GTM,0.03844130279342175
CRI,1993,0.014137983111529796,0.010159323600597625,0.0002851125796935243,0.0098742110209041,0.0015412860378321274,0.008618037562765498,GTM,0.040012590330074774
CRI,1994,0.02715148229453028,0.01201926290090402,9.998286497497689e-05,0.011919280035929044,0.0011943429139567412,0.01082491998694728,NIC,0.036376347226347486
CRI,1995,0.020609308154429833,0.01204452435141774,2.0372666270857734e-05,0.012024151685146882,0.001847545896034785,0.010196978455382954,GTM,0.03825145762430652
CRI,1996,0.022551218325595708,0.0118089610684627,0.00042090643629181417,0.011388054632170887,0.0011476647380959204,0.01066129633036678,GTM,0.039372719366216384
CRI,1997,0.02737297990629958,0.016250585981868182,0.0004100673366712466,0.015840518645196935,0.002040016354514531,0.014210569627353651,GTM,0.04775840875942411
CRI,1998,0.028351327935462276,0.011346140633971272,0.00042041774168139666,0.010925722892289876,0.00231627831515485,0.009029862318816423,GTM,0.04753405958236072
CRI,1999,0.02721949789137304,0.011734328434591886,0.0002129765509266253,0.01152135188366526,0.0018741102394362456,0.00986021819515564,GTM,0.049646525546993656
CRI,2000,0.026253067844187315,0.01418268271730806,0.0003060310330291259,0.013876651684278934,0.0019363367272579829,0.012246345990050077,GTM,0.054617484883054436
CRI,2001,0.008883199973449748,0.005759079486811548,0.00025986290297751066,0.005499216583834037,0.0011368057735528147,0.004622273713258733,GTM,0.04930261643831252
CRI,2002,0.012640044065546056,0.007231111857204776,0.00020625328245329816,0.0070248585747514775,0.0017244199569192975,0.005506691900285478,GTM,0.04577168269434293
CRI,2003,0.01695400008829507,0.008265121478343731,0.000355400210712609,0.007909721267631122,0.0010152175217743643,0.007249903956569367,GTM,0.04015659301957736
CRI,2004,0.02149777294229377,0.015330359912887934,0.000775138541696245,0.014555221371191689,0.0013343975597233622,0.013995962353164571,GTM,0.043188673117359445
CRI,2005,0.02347400568921611,0.016314779022389658,0.0016844802402107872,0.01463029878217887,0.0014159693096018242,0.014898809712787833,GTM,0.04392666190036655
CRI,2006,0.017762922854963396,0.02249200627756285,0.0030157679750170306,0.019476238302545818,0.0022441140596335435,0.020247892217929307,GTM,0.0430473055360317
CRI,2007,0.013771882111751978,0.025528411000011023,0.0057142330497942165,0.019814177950216807,0.003233903736183968,0.022294507263827056,HKG,0.05162305292028049
CRI,2008,0.0010225646706617615,0.01839198710545442,0.006100147643354886,0.012291839462099535,0.006100147643354886,0.012291839462099535,CHN,0.06470078902289904
CRI,2009,-0.01658112680839412,0.00154803699145914,0.006835772769766481,-0.0052877357783073405,0.006835772769766481,-0.0052877357783073405,CHN,0.07723179597446844
CRI,2010,0.01297166814839652,0.026380564588349385,0.008444176435161802,0.017936388153187585,0.008444176435161802,0.017936388153187585,CHN,0.08390183441751016
CRI,2011,0.00996398815130058,0.024904056240112306,0.00582392383852376,0.019080132401588547,0.00582392383852376,0.019080132401588547,CHN,0.06369524159366519
CRI,2012,0.008226477249474702,0.019959649517541242,0.003519621955478182,0.01644002756206306,0.004517829853847132,0.015441819663694109,PAN,0.0491515909680417
CRI,2013,0.007484474709663693,0.016379597027935594,0.0019494880678031328,0.014430108960132462,0.0031219053517809294,0.013257691676154666,PAN,0.05090822663461427
CRI,2014,0.014561051820993515,0.01604583077411747,0.0019566479314967055,0.014089182842620764,0.0023569194499854494,0.01368891132413202,PAN,0.052121065332498634
CRI,2015,0.015236613936992934,0.01576623590069709,0.002070447863790915,0.013695788036906175,0.002641613235408254,0.013124622665288835,PAN,0.051464373305632326
CRI,2016,0.009988798076011267,0.012681363333332623,0.0015714161284850839,0.011109947204847538,0.0024083494847006396,0.010273013848631983,PAN,0.05387154876023937
CRI,2017,0.016251057577927375,0.013698070577127602,0.0009633089311937219,0.01273476164593388,0.0031221451378705416,0.010575925439257061,PAN,0.05590089488399419
CRI,2018,0.01713780920590181,0.008101479394734223,0.000510773606747408,0.007590705787986814,0.002167082879790338,0.005934396514943884,PAN,0.056384663618567234
CRI,2019,0.01481086853318673,0.0060233016544490635,0.0006371554733737393,0.0053861461810753245,0.0016527383201489735,0.00437056333430009,PAN,0.054083735786187116
CRI,2020,-0.023492062242640718,-0.02629280195884623,0.00029024414445534525,-0.026583046103301575,-0.010295434189599134,-0.015997367769247095,PAN,0.05245459980231434
CRI,2021,0.03989573724823485,0.03256439100945263,0.00120773381033224,0.03135665719912039,0.003930551669939971,0.028633839339512662,GTM,0.05081705593285849
CRI,2022,0.020243338102307534,0.015487811876110069,0.0005270220268025614,0.014960789849307507,0.0020655386997771113,0.013422273176332957,GTM,0.05038715174863957
CRI,2023,0.015629304512836555,0.012272970949006565,0.0009514747593367786,0.011321496189669787,0.0017491161010150383,0.010523854847991527,GTM,0.05037513894177576
CUB,1991,0.004717826160346707,0.018515573457736887,0.018629421538353192,-0.00011384808061630503,0.018629421538353192,-0.00011384808061630503,CHN,0.20817162258542937
CUB,1992,0.0043034779366004465,0.029444806372777896,0.025467170351855486,0.003977636020922409,0.025467170351855486,0.003977636020922409,CHN,0.1905470902879712
CUB,1993,0.00316302954395892,0.02694594109471874,0.022749292762942314,0.0041966483317764265,0.022749292762942314,0.0041966483317764265,CHN,0.17498403407493662
CUB,1994,0.014902943152003661,0.006328652991075259,0.015358508771716867,-0.009029855780641608,0.015358508771716867,-0.009029855780641608,CHN,0.12329203034017072
CUB,1995,0.013311684174668253,0.008202485032245969,0.00935084609008811,-0.0011483610578421413,-0.007840402183546124,0.01604288721579209,RUS,0.18339621447590004
CUB,1996,0.010226796164565012,0.011278904483753653,0.008272122639998583,0.0030067818437550693,-0.00781751785466095,0.019096422338414604,RUS,0.22277639874207808
CUB,1997,0.015668007185699565,0.015741064620071948,0.008394012463964484,0.0073470521561074635,0.002007321089961788,0.01373374353011016,RUS,0.16961665247670887
CUB,1998,0.01595287226984742,0.0031682066443220053,0.006341285391601764,-0.003173078747279759,-0.00872697324391189,0.011895179888233895,RUS,0.16418711593145133
CUB,1999,0.019364269293652404,0.020426597164685735,0.004152025226501541,0.016274571938184195,0.012236748756594286,0.008189848408091449,RUS,0.2115347951451494
CUB,2000,0.022719553452687717,0.035889807797574086,0.0040872823979185725,0.031802525399655515,0.02162590242145196,0.014263905376122127,RUS,0.22539030332562138
CUB,2001,0.011809709708313309,0.021143046965512405,0.0036793233963119923,0.017463723569200413,0.01141923245190587,0.009723814513606535,RUS,0.22928886120090686
CUB,2002,0.008646171528574439,0.019272097774840957,0.003684999070735096,0.015587098704105861,0.01058571403769565,0.008686383737145307,RUS,0.2231402905840611
CUB,2003,0.007069632311036601,0.02283353347558141,0.004496523752169824,0.018337009723411585,0.014632484043971153,0.008201049431610258,RUS,0.2120868972200778
CUB,2004,0.014214685872351404,0.030532858899445642,0.004642934707244148,0.025889924192201492,0.01183011909078902,0.018702739808656624,RUS,0.17419980964033152
CUB,2005,0.015708698081101733,0.027898436402335046,0.004806407738866417,0.023092028663468628,0.007027987616605893,0.02087044878572915,RUS,0.11051841073979315
CUB,2006,0.02037811673809702,0.03083577016315403,0.0052073320201294375,0.025628438143024592,0.014473368644899716,0.016362401518254313,VEN,0.1536867685665342
CUB,2007,0.019284871495439358,0.030999135472908862,0.008631440351563087,0.022367695121345774,0.01281490989591048,0.01818422557699838,VEN,0.15399517845293967
CUB,2008,0.007480161710646576,0.02052721374499531,0.010471976809443386,0.010055236935551925,0.005819952748933021,0.01470726099606229,VEN,0.11221679341917357
CUB,2009,-0.018755389223096955,-0.0010325015023046544,0.013281634933798468,-0.014314136436103122,0.013281634933798468,-0.014314136436103122,CHN,0.1500583114686443
CUB,2010,0.011204310970117853,0.021019292818619698,0.016423352545736684,0.0045959402728830145,0.016423352545736684,0.0045959402728830145,CHN,0.16318339822163958
CUB,2011,0.009634238120267419,0.026916418938454124,0.014978236762804817,0.011938182175649308,0.014978236762804817,0.011938182175649308,CHN,0.1638143690930889
CUB,2012,-0.00014725255134484408,0.02719399024195667,0.012507737328764186,0.014686252913192486,0.012507737328764186,0.014686252913192486,CHN,0.16328341748226594
CUB,2013,0.00376611357406623,0.01793333939626092,0.011258805157310618,0.006674534238950302,0.011258805157310618,0.006674534238950302,CHN,0.15113848591995
CUB,2014,0.011471174521254169,0.012989208765987427,0.009103128052087467,0.00388608071389996,0.009103128052087467,0.00388608071389996,CHN,0.12566936742000176
CUB,2015,0.009712377076935116,0.010628080538377455,0.006617909299648014,0.0040101712387294415,0.004502149920781589,0.006125930617595866,LVA,0.12123625023429781
CUB,2016,0.008809827797522159,-0.002296405954731146,0.0059267517616297515,-0.008223157716360898,0.003217389231007233,-0.00551379518573838,LVA,0.1276904820149065
CUB,2017,0.012064827757332112,-0.003391487096193045,0.006533355778073868,-0.009924842874266912,-0.020215284388830804,0.01682379729263776,VEN,0.1186610516540861
CUB,2018,0.01015038608531781,-0.013567165077734537,0.007965328266168617,-0.021532493343903156,-0.030529278469629516,0.01696211339189498,VEN,0.13954396012775086
CUB,2019,0.00864213756132527,-0.039798190915055764,0.00889971738945509,-0.04869790830451085,-0.05209270591454346,0.012294514999487693,VEN,0.16103267586571648
CUB,2020,-0.031142194768989984,-0.05910375568697464,0.004112839408298679,-0.06321659509527332,0.004112839408298679,-0.06321659509527332,CHN,0.18507015675340585
CUB,2021,0.02951229801817177,0.028767199278600514,0.01673757928850586,0.012029619990094654,0.01673757928850586,0.012029619990094654,CHN,0.20606326422434326
CUB,2022,0.02307882262142675,0.019719135362671638,0.007121634932962733,0.012597500429708905,0.007121634932962733,0.012597500429708905,CHN,0.21654292650121346
CUB,2023,0.008798326480546542,0.017883299818704033,0.010117995449167604,0.00776530436953643,0.010117995449167604,0.00776530436953643,CHN,0.21142575584398446
CZE,1994,0.015846729050451615,0.012520398562852832,0.0030605546487633313,0.009459843914089501,0.013585441275965308,-0.0010650427131124757,SVK,0.22565004924556126
CZE,1995,0.012532591716911136,0.016222952110235223,0.0015610664741140582,0.014661885636121164,0.011336690646839313,0.00488626146339591,SVK,0.19962014799504543
CZE,1996,0.009395488662199582,0.01716931667977963,0.001103463855914525,0.016065852823865103,0.01124856330481922,0.005920753374960409,SVK,0.18938120981319045
CZE,1997,0.014812786164781848,0.017439871714287947,0.0007719670229783168,0.016667904691309632,0.008681762553033762,0.008758109161254185,SVK,0.1625602594258856
CZE,1998,0.01569354820311451,0.010229203528741893,0.0007944132324187998,0.009434790296323093,0.005549664754235832,0.004679538774506061,SVK,0.14780439756756744
CZE,1999,0.01687944039974129,0.006822377817050623,0.0006539212762921293,0.006168456540758494,-0.0006030991285462334,0.007425476945596856,SVK,0.1271340583668565
CZE,2000,0.024347486784125384,0.01142499547758785,0.00044723944109525553,0.010977756036492594,0.0008389810087255613,0.010586014468862289,SVK,0.10672482518349473
CZE,2001,0.013000174528041602,0.007914403494795219,0.0001617234706814351,0.007752680024113784,0.0025697133151310622,0.005344690179664157,SVK,0.08912699717099232
CZE,2002,0.004096465079680073,0.009673265589773512,0.00020171614068276235,0.00947154944909075,0.003475590932346952,0.00619767465742656,SVK,0.0804075567780595
CZE,2003,0.003289183306579577,0.012261965169639993,0.00027002780963876586,0.011991937360001226,0.0037263721128522145,0.008535593056787779,SVK,0.07857480226858625
CZE,2004,0.012296370686282646,0.015001216306144005,0.00037144000260742915,0.014629776303536577,0.004180261592919402,0.010820954713224603,SVK,0.07963498576781584
CZE,2005,0.012905303495798437,0.013828101689763195,0.00046415416193828184,0.013363947527824913,0.005050863240230804,0.00877723844953239,SVK,0.08038498325994403
CZE,2006,0.02565974090344832,0.018887781828235972,0.0005135882920466511,0.018374193536189323,0.007123196190543249,0.011764585637692723,SVK,0.08331656729371381
CZE,2007,0.02105647120937708,0.020381912320412927,0.0005337732018790402,0.01984813911853389,0.008713376381824027,0.0116685359385889,SVK,0.08482250060299237
CZE,2008,0.003461096496220252,0.012637769666631047,0.00043250950897791166,0.012205260157653136,0.004495520945597234,0.008142248721033814,SVK,0.08604720542017857
CZE,2009,-0.03207668477978886,-0.01156979038620488,0.00045529726121953967,-0.01202508764742442,-0.00496607102509708,-0.006603719361107801,SVK,0.08769835597246964
CZE,2010,0.019437252913732484,0.01301986301868795,0.0006262572558816693,0.01239360576280628,0.0058283624974103465,0.0071915005212776035,SVK,0.08871226697096755
CZE,2011,0.017864090499335922,0.011691758060233181,0.0006741125860321765,0.011017645474201004,0.002236684743895535,0.009455073316337647,SVK,0.08840160728348435
CZE,2012,0.001288508577527511,0.006608427104006425,0.000685853880079009,0.005922573223927416,0.0013659378600559711,0.005242489243950454,SVK,0.08772956799303681
CZE,2013,0.0029914450804731244,0.005593658292970521,0.0007465780051395548,0.004847080287830966,0.000621009707235808,0.004972648585734713,SVK,0.08860743311144464
CZE,2014,0.012465317225037364,0.00935139724725986,0.0007911087699308727,0.008560288477328986,0.0023886922720879186,0.006962704975171941,SVK,0.08939927211154823
CZE,2015,0.011259789841856355,0.010490257840099822,0.0007698239700487518,0.00972043387005107,0.004415651024276612,0.006074606815823211,SVK,0.08748503851634054
CZE,2016,0.013217962211317468,0.00834405630947088,0.0007758794673123581,0.007568176842158522,0.0016833098725110524,0.006660746436959828,SVK,0.08725945716185513
CZE,2017,0.0180895161497895,0.012427285964397836,0.0007866201403927423,0.011640665824005093,0.002427565254144426,0.00999972071025341,SVK,0.08565259490299941
CZE,2018,0.010522048658628106,0.013855867237934517,0.0007997778781995937,0.013056089359734922,0.003314838326861601,0.010541028911072916,SVK,0.08324996904198138
CZE,2019,0.009856493676931269,0.009997546088923656,0.0007231512527129462,0.00927439483621071,0.001769034349651022,0.008228511739272634,SVK,0.07861019217919575
CZE,2020,-0.03880526918299156,-0.008900930346273862,0.0002800686666797881,-0.009180999012953649,-0.001993769644939094,-0.006907160701334767,SVK,0.0761117628305773
CZE,2021,0.03508223765199843,0.02009328845341256,0.0010209589716338935,0.019072329481778665,0.0042355336481227,0.015857754805289857,SVK,0.07605561636033233
CZE,2022,0.01909539567578906,0.0071431901049975564,0.0004177862063810694,0.006725403898616487,0.0003488999903646731,0.006794290114632884,SVK,0.07776312964895155
CZE,2023,0.002365348698259325,0.005340941761427951,0.000595177144588184,0.004745764616839767,0.0011011245762247981,0.004239817185203153,SVK,0.0804374451230154
DOM,1991,0.003948992722454586,0.004665205800207985,0.0,0.004665205800207985,0.004823425439269428,-0.0001582196390614429,KOR,0.047294786634880744
DOM,1992,0.025206648463449423,0.0019328632879974696,0.0,0.0019328632879974696,0.0027804068438591133,-0.0008475435558616437,KOR,0.04707945799896275
DOM,1993,0.02164730710930074,0.004209860991720433,0.0,0.004209860991720433,0.0032039587775760793,0.001005902214144354,KOR,0.04742519932258982
DOM,1994,0.031329900870757134,0.005305656784895857,0.0,0.005305656784895857,0.003992925536072885,0.001312731248822972,KOR,0.045308534429315865
DOM,1995,0.025045535703984424,0.006415583819933226,0.0,0.006415583819933226,0.004859997955466876,0.00155558586446635,KOR,0.052689769605049376
DOM,1996,0.029230001715419375,0.006430932195832263,0.0,0.006430932195832263,0.004168833041930344,0.002262099153901919,KOR,0.05528528754168798
DOM,1997,0.035727604500978914,0.005772514135480753,0.0,0.005772514135480753,0.003453174500820426,0.0023193396346603266,KOR,0.057175823982437195
DOM,1998,0.04040382414404263,-0.0002882480188735988,1.356998536560012e-06,-0.00028960501741015883,-0.0019962973961544068,0.0017080493772808078,KOR,0.0379208932190806
DOM,1999,0.04174947439994172,0.003763214700026756,1.8676605487026377e-06,0.0037613470394780536,0.0023098769505744713,0.0014533377494522848,KOR,0.021300072488888728
DOM,2000,0.03583045937424105,0.0020407245626092277,3.268285897293082e-06,0.0020374562767119346,8.146869297419143e-05,0.0019592558696350363,HTI,0.00940421445556083
DOM,2001,0.00782946283264786,0.0006196491882361447,5.327168417860459e-05,0.00056637750405754,-4.615524778153523e-05,0.0006658044360176798,HTI,0.01344329528982942
DOM,2002,0.01985087989136233,0.0012270598176588369,8.917622844669436e-05,0.0011378835892121425,0.00015130810781610227,0.0010757517098427345,HTI,0.014461112747677092
DOM,2003,0.0252899858557275,0.0018205213914663965,0.00013302754763595866,0.0016874938438304378,0.0006193523254514918,0.0012011690660149047,HTI,0.018101343713781044
DOM,2004,0.03138590705357873,0.001544508933362436,0.0001189405337033765,0.0014255683996590594,-0.0002579953901594324,0.0018025043235218683,HTI,0.019447465720780314
DOM,2005,0.03558384859000755,0.00257449464357021,0.00021719491344136677,0.002357299730128843,0.0006399549325515379,0.0019345397110186718,HTI,0.02114900438775064
DOM,2006,0.02405584486820489,0.003295123949142813,0.0004937141128926567,0.0028014098362501563,0.0003956415587656001,0.002899482390377213,HTI,0.022565718166716483
DOM,2007,0.017949175094213902,0.005488887098779068,0.0011895856903353958,0.004299301408443672,0.0015112081337802325,0.003977678964998835,HTI,0.03285852388556257
DOM,2008,0.0009970180456553297,0.005196744140491895,0.0016446445910191358,0.003552099549472759,0.0014583489196247894,0.0037383952208671052,HTI,0.05559171819815012
DOM,2009,-0.02207031497454861,0.005730075920926307,0.001851410905241496,0.003878665015684811,0.00459298383573469,0.001137092085191617,HTI,0.08024907905753718
DOM,2010,0.018639386413009443,-0.0007834579928207768,0.0021822055689319137,-0.0029656635617526907,-0.006277326999776802,0.005493869006956025,HTI,0.10790451598626859
DOM,2011,0.013123424376701373,0.012608694261431123,0.0016435596950086823,0.010965134566422442,0.007064581707727538,0.005544112553703585,HTI,0.14207309703420676
DOM,2012,0.013618860796130788,0.006328985394522776,0.0018650413380648736,0.004463944056457903,0.0008683627974817096,0.005460622597041067,HTI,0.1732651001468525
DOM,2013,0.010199801942473817,0.01417786074342202,0.0024068887212915545,0.011770972022130465,0.008048750800001395,0.006129109943420625,HTI,0.1901033739537101
DOM,2014,0.01809994510966565,0.010725303073402288,0.002576252550571574,0.008149050522830714,0.005225350544248672,0.005499952529153616,HTI,0.18348505929646786
DOM,2015,0.01696728224477509,0.0068461210673452615,0.0020185145124796185,0.004827606554865643,0.002348905407730164,0.0044972156596150975,HTI,0.16895059464488982
DOM,2016,0.011397081728309277,0.005881632647876366,0.001413627202308179,0.004468005445568187,0.0028135560761858554,0.0030680765716905103,HTI,0.15663706985852252
DOM,2017,0.018977427352563952,0.008166777860988858,0.0011622175326792235,0.007004560328309635,0.0035217648907647425,0.004645012970224116,HTI,0.14204703194568438
DOM,2018,0.020498521594440034,0.00792338931422213,0.0011218227241227097,0.006801566590099421,0.002193930628095077,0.005729458686127053,HTI,0.132638953644375
DOM,2019,0.01659714335145255,0.0016949694551778851,0.0008495391184191771,0.000845430336758708,-0.002145292959353837,0.003840262414531722,HTI,0.1234261892797998
DOM,2020,-0.02305196202286435,-0.01360341852633072,0.00040250023311503907,-0.014005918759445759,-0.0040504126464280905,-0.00955300587990263,HTI,0.12049859953128861
DOM,2021,0.04392359283807124,0.009226927390499063,0.0014408976614325398,0.007786029729066523,-0.0018981491075200632,0.011125076498019127,HTI,0.10460382444476513
DOM,2022,0.020599769284704354,0.006721441400593515,0.000713811192041726,0.006007630208551789,-0.0015394932715119107,0.008260934672105426,HTI,0.09075658753576311
DOM,2023,0.01889178543125614,0.005829834455661377,0.0010744544961678961,0.00475537995949348,-0.0016479019082548316,0.007477736363916208,HTI,0.08758588826998398
DZA,1991,0.01243015904430132,-0.0016483770309102918,4.609033825410277e-05,-0.0016944673691643946,0.0006636369495327907,-0.0023120139804430825,TUN,0.01732617610023225
DZA,1992,0.014141105142996501,-0.0013678598145314097,5.7803732346003375e-05,-0.0014256635468774131,-0.00010190176045128739,-0.0012659580540801223,BRA,0.018678507341329184
DZA,1993,0.002781158685083753,0.001899810001993675,4.6185320990351e-05,0.001853624681003324,0.0011525420648546723,0.0007472679371390027,BRA,0.023975102546588616
DZA,1994,0.024141780821710826,0.003508396364801738,7.254846897441399e-05,0.003435847895827324,0.001939635816354346,0.0015687605484473919,BRA,0.03410048498222725
DZA,1995,0.024344117148588168,0.0030926905563964952,6.193863399050186e-05,0.0030307519224059935,0.001449360443106109,0.0016433301132903863,BRA,0.03503385491759468
DZA,1996,0.018671157100212193,0.0056875297151838655,7.770676595524871e-05,0.005609822949228617,0.0006980648329475209,0.004989464882236345,BRA,0.03207781163998042
DZA,1997,0.02680567160534988,0.005915101953695844,4.070095482060937e-05,0.005874400998875235,0.0012446296338798632,0.004670472319815981,BRA,0.03401819658095436
DZA,1998,0.027921453633849264,0.0018568845121075235,4.5348068033414724e-05,0.0018115364440741087,0.0014930780968476893,0.00036380641525983427,TUR,0.04903426925368675
DZA,1999,0.02818971475298794,0.0010723649424196017,2.0856976903179835e-05,0.001051507965516422,-0.00189205720394581,0.0029644221463654115,TUR,0.05703205850639396
DZA,2000,0.03481069575636523,0.008575945109168573,0.00014372061377124155,0.008432224495397331,0.0027500393006594163,0.0058259058085091565,BRA,0.06508931819125263
DZA,2001,0.015991052156724965,-0.0009961548920323308,0.00012291245263148582,-0.0011190673446638166,0.0010268792779253475,-0.002023034169957678,BRA,0.06995425846070459
DZA,2002,0.010642745264394774,0.006800572550776991,0.0001373667370108816,0.006663205813766109,0.0019780524404411377,0.004822520110335854,BRA,0.06639477296100348
DZA,2003,0.010998888880875676,0.005302046943748986,0.00014328473197555472,0.005158762211773431,0.0006598738333778195,0.0046421731103711665,BRA,0.056772491620215026
DZA,2004,0.020078265511718922,0.011208322784799649,0.0002515963370886352,0.010956726447711014,0.0025981111085818095,0.008610211676217838,BRA,0.0491615178861338
DZA,2005,0.019818804869219896,0.007947593348323186,0.00043799173094294467,0.007509601617380241,0.0036097104864226954,0.00433788286190049,TUR,0.041921397283622465
DZA,2006,0.022723205739552194,0.007827883368264168,0.0005599495354021719,0.007267933832861996,0.001752000610229197,0.006075882758034971,BRA,0.0452654444957258
DZA,2007,0.01902094248952785,0.00747535331270454,0.0004710472160012568,0.0070043060967032835,0.002389643141186946,0.005085710171517594,BRA,0.041490628287822524
DZA,2008,0.0016562791307918436,0.00577938800081001,0.0007815256988404667,0.004997862301969544,0.00199558543775016,0.00378380256305985,BRA,0.04270731621678062
DZA,2009,-0.029434891093971793,0.0011424325482470863,0.0007474049663413772,0.0003950275819057091,-0.0017338583089689093,0.0028762908572159953,TUR,0.035074336165576085
DZA,2010,0.015010003411677766,0.01229767272694142,0.0014905191875059455,0.010807153539435474,0.003121060329520665,0.009176612397420755,TUR,0.03857548530764033
DZA,2011,0.010366817330178836,0.010167160268666414,0.0014100070684438142,0.008757153200222599,0.004547747045189893,0.0056194132234765205,TUR,0.042838107176555895
DZA,2012,-0.002343263729683036,0.00784637437408051,0.001775515408218919,0.0060708589658615905,0.001966028538403088,0.005880345835677422,TUR,0.04203286468150622
DZA,2013,0.0026734002592685097,0.010223373317020048,0.0021434546962193083,0.008079918620800739,0.0013994759223899197,0.008823897394630128,BRA,0.04455042779555738
DZA,2014,0.013447564090786445,0.008028776266888575,0.0023857435032322255,0.005643032763656349,0.00022559967485188338,0.007803176592036692,BRA,0.043880038018241856
DZA,2015,0.01675168902455233,0.00673069388194904,0.002330836157868041,0.004399857724080999,-0.0016387441639802377,0.008369438045929278,BRA,0.04544079263525051
DZA,2016,0.013466687845524957,0.00515823340185995,0.0018989711506959932,0.0032592622511639566,0.0014709236138886431,0.003687309787971307,TUR,0.04499512060844598
DZA,2017,0.018227373986745433,0.011303735898009162,0.0014378801960845994,0.009865855701924563,0.0007815371028021822,0.01052219879520698,BRA,0.04839378677293221
DZA,2018,0.013796249970862753,0.00885381984810614,0.0006526668135858983,0.008201153034520242,0.0008699579344900163,0.007983861913616124,BRA,0.05287334761968127
DZA,2019,0.01254331979519643,0.005409343218694684,0.00021404172409047735,0.005195301494604207,0.0006845398696070771,0.004724803349087607,BRA,0.05670023336082223
DZA,2020,-0.05390885093071932,-0.010372384521096378,0.00035568179300280914,-0.010728066314099187,0.001051701364949237,-0.011424085886045616,TUR,0.05707078185126884
DZA,2021,0.044444012919802434,0.02481779897566152,0.002757255221280452,0.022060543754381066,0.006658233239315295,0.018159565736346223,TUR,0.0614734009773086
DZA,2022,0.027362851854664486,0.014912646703090848,0.0016168895476344634,0.013295757155456384,0.0032732695090703407,0.011639377194020507,TUR,0.0607764962501097
DZA,2023,0.008849183250705191,0.013161692690549665,0.0021060027152318495,0.011055689975317817,0.0029168670400673497,0.010244825650482316,TUR,0.058515080066000515
ECU,1991,0.0031995103789406124,0.01139378865765336,1.0847635054766716e-07,0.011393680181302813,0.0013633954999017343,0.010030393157751626,PER,0.06211347209964145
ECU,1992,0.020932352283048412,0.011492109787716517,1.133824600870948e-06,0.011490975963115647,-0.00034979890306477163,0.01184190869078129,PER,0.0645421797210722
ECU,1993,0.01616931591113524,0.012587458113153194,1.3917458564422177e-05,0.012573540654588771,0.0028684378972570726,0.009719020215896122,PER,0.05612617796119517
ECU,1994,0.024783502869697875,0.017336240005235985,7.119908955054602e-05,0.01726504091568544,0.0058324012684234545,0.01150383873681253,PER,0.050245370148029996
ECU,1995,0.018574684781308175,0.01724227393835625,0.00014601538252946358,0.017096258555826787,0.005410762330189247,0.011831511608167002,KOR,0.058660893106891064
ECU,1996,0.020253199210531113,0.016215043255195384,0.00017658970741212408,0.01603845354778326,0.006177213149326619,0.010037830105868766,KOR,0.08191956879344948
ECU,1997,0.024073676447359645,0.020318474779046008,0.0005684100331572956,0.019750064745888713,0.004339063393395706,0.015979411385650302,KOR,0.07184390037934281
ECU,1998,0.025086481017132775,0.0057568782908216185,0.0012120633520622368,0.004544814938759382,0.0002921960951789506,0.005464682195642668,COL,0.064575226854862
ECU,1999,0.02404972210383812,0.006618829880186511,0.0013829069565924079,0.005235922923594103,-0.0035724853469466713,0.010191315227133183,COL,0.06700706009742746
ECU,2000,0.02396474617569044,0.016568405886481147,0.001633723056723528,0.014934682829757618,0.0015841171521127147,0.014984288734368433,COL,0.06127311879633994
ECU,2001,0.007015712777368569,0.0073307013990903756,0.0006981362373942054,0.00663256516169617,0.0009154338671383503,0.0064152675319520255,COL,0.056821058868711
ECU,2002,0.010050554913239817,0.009966240592032499,0.0004173846732785687,0.00954885591875393,0.0014306627506472586,0.00853557784138524,COL,0.05767876375421557
ECU,2003,0.012638158656766043,0.014504294678878184,0.0,0.014504294678878184,0.0028706870083390337,0.01163360767053915,PER,0.07034876078940083
ECU,2004,0.017282961689974365,0.024277090006774478,7.222906509908724e-05,0.024204860941675392,0.004081168887447067,0.02019592111932741,PER,0.0843353654088158
ECU,2005,0.019591204521971294,0.023361944198789553,0.0003088667295348859,0.023053077469254668,0.005227205876547616,0.01813473832224194,PER,0.08575608032629622
ECU,2006,0.015883305812055777,0.028136498332210325,0.00037384276993774343,0.02776265556227258,0.006515144335091137,0.02162135399711919,PER,0.08975338150178463
ECU,2007,0.012669710815844401,0.03005860434519718,0.0009951752198241572,0.029063429125373023,0.006741270383175643,0.023317333962021534,PER,0.08246245674548082
ECU,2008,0.00034765647625930544,0.02121913718654083,0.0005942444249692641,0.020624892761571565,0.008082031258223554,0.013137105928317277,PER,0.0925652571744907
ECU,2009,-0.01763900420721252,-0.0013538436980280533,0.0011548360132606602,-0.0025086797112887135,0.0010659537068558188,-0.002419797404883872,PER,0.09447791900401441
ECU,2010,0.012969993081440328,0.0227465252097587,0.0011020822921500326,0.021644442917608666,0.007176043468337307,0.015570481741421394,PER,0.09007096046323483
ECU,2011,0.00885660152182442,0.03196696972663124,0.0014947173256962703,0.030472252400934968,0.011941256096827672,0.020025713629803567,PAN,0.10613073388926687
ECU,2012,0.007760333692548707,0.026823285001011055,0.0009425915386483968,0.02588069346236266,0.009717683498319404,0.01710560150269165,PAN,0.10572323879341153
ECU,2013,0.007534532360188866,0.017780740768950233,0.0011015341192879885,0.016679206649662246,0.004562612927491747,0.013218127841458486,PER,0.08045993664751576
ECU,2014,0.014825995998948582,0.00815360696374762,0.0011651061795686006,0.00698850078417902,0.001899261098287201,0.00625434586546042,PER,0.07984088081132815
ECU,2015,0.014936986366098602,0.00987810496170524,0.0013280203411542959,0.008550084620550943,0.002318900136951228,0.0075592048247540115,CHL,0.09101190680741454
ECU,2016,0.009671946775224604,0.008128337231823725,0.001803008219055975,0.00632532901276775,0.0010444694909540143,0.00708386774086971,CHL,0.08355647127592185
ECU,2017,0.014201273283147142,0.012583247987511387,0.0021922376227905475,0.01039101036472084,0.0013562599305490248,0.011226988056962362,CHL,0.07346199297025642
ECU,2018,0.013585064162397782,0.016163565279942123,0.00259157597915736,0.013571989300784763,0.002340060106240457,0.013823505173701666,CHL,0.06512466618602418
ECU,2019,0.010402124106418328,0.013850901763425275,0.002880492421384546,0.01097040934204073,0.00039166167826943467,0.01345924008515584,CHL,0.06677812471650293
ECU,2020,-0.019652355189246018,-0.03208094264573783,0.0017828589636136414,-0.03386380160935147,0.0017828589636136414,-0.03386380160935147,CHN,0.08022535166323948
ECU,2021,0.026697566247511486,0.051734863364692435,0.009844392500347392,0.04189047086434504,0.009844392500347392,0.04189047086434504,CHN,0.12119838944215185
ECU,2022,0.012744172202148721,0.026990026525225377,0.004898043886371587,0.022091982638853792,0.004898043886371587,0.022091982638853792,CHN,0.1489316382081152
ECU,2023,0.0097328377326364,0.023704539408368516,0.007896257143049265,0.015808282265319253,0.007896257143049265,0.015808282265319253,CHN,0.16500028520421978
EGY,1991,0.008772754842219519,-0.026795608803300532,0.00021617388563857038,-0.027011782688939102,-0.02190004591982363,-0.004895562883476902,SUN,0.16446364889704032
EGY,1992,0.0072531189036870395,-0.005309848416306322,0.0001652692012523331,-0.005475117617558655,-0.022119202039505844,0.016809353623199522,SUN,0.11492774215252712
EGY,1993,0.0013936315466621507,0.016187812954234996,0.00012196738715846424,0.01606584556707653,0.003985867822803237,0.01220194513143176,ISR,0.09880006608820574
EGY,1994,0.014949286892727875,0.019901082404094203,0.0004465643184488692,0.019454518085645335,0.006868528123901739,0.013032554280192465,ISR,0.09586321078255489
EGY,1995,0.014893583946439703,0.019782768473964568,0.0004632342211891611,0.019319534252775408,0.005003187128303562,0.014779581345661007,ISR,0.07824732482780729
EGY,1996,0.013087761395947958,0.02154624702224419,0.0004761422246079087,0.021070104797636283,0.003947162898030106,0.017599084124214084,ISR,0.06273416142368492
EGY,1997,0.019785287874344026,0.016937127513430555,0.0002256550063969014,0.016711472507033653,0.002583150490992442,0.014353977022438113,ISR,0.07035625340561416
EGY,1998,0.0199031445893708,0.007830436030479698,0.00022362626000772687,0.007606809770471972,0.0031537183866432285,0.00467671764383647,ISR,0.07960799947092423
EGY,1999,0.01930045775746164,0.010031115088267949,0.0002342237261578832,0.009796891362110066,0.0025709339747602526,0.007460181113507696,ISR,0.07744761397283854
EGY,2000,0.023095413768362074,0.02547189083537685,0.00035616312921270667,0.025115727706164145,0.005404190735363449,0.0200677001000134,ISR,0.06478045649970546
EGY,2001,0.011054198314593366,0.005106568995091491,0.00046945673841642196,0.004637112256675069,3.5853027335499184e-05,0.005070715967755992,ISR,0.058922422736203926
EGY,2002,0.006830228896220373,0.009884960736431391,0.000787617386093675,0.009097343350337716,-3.0118939253385424e-05,0.009915079675684777,ISR,0.06237834115290033
EGY,2003,0.007105159814077607,0.01690086081781544,0.002515992940080997,0.014384867877734443,0.005809279454454049,0.011091581363361393,IND,0.07485162145358955
EGY,2004,0.012092627586414967,0.04120664366599811,0.0029329322304702562,0.03827371143552786,0.006861655062266563,0.03434498860373155,IND,0.0914458327255561
EGY,2005,0.011586240698397908,0.03144115069605981,0.003468272711535822,0.027972877984523987,0.0064849872627641405,0.024956163433295667,IND,0.08601005011998002
EGY,2006,0.014954203714727764,0.030072750715147513,0.0020327902913649274,0.028039960423782585,0.005455595350495303,0.02461715536465221,IND,0.07004077310148964
EGY,2007,0.012955216221757281,0.02804532319853552,0.001829426088579626,0.026215897109955894,0.006017215654265173,0.022028107544270346,IND,0.0819094853120565
EGY,2008,0.00043476898179254004,0.0185859171492855,0.0010305451740008826,0.017555371975284617,0.003404668748499616,0.015181248400785885,IND,0.11077396297433517
EGY,2009,-0.020068669553465552,0.01013958679998498,0.0010062498478228365,0.009133336952162143,0.008608922978062369,0.0015306638219226114,IND,0.11300076463364038
EGY,2010,0.007307309637240628,0.033939823363034916,0.002257871133758672,0.03168195222927624,0.007936157758043374,0.02600366560499154,IND,0.09254773837352001
EGY,2011,0.003724531531399134,-0.0010200822891363419,0.002262565418420726,-0.0032826477075570677,0.0029035764481491746,-0.0039236587372855165,IND,0.06009234154134189
EGY,2012,-0.002900212840626958,0.0322871483627346,0.0020627615695276882,0.030224386793206912,0.0035431659106267225,0.02874398245210788,SAU,0.06325143758415243
EGY,2013,0.00044881234561109414,0.008419769226590872,0.001600749128125472,0.006819020098465399,0.003954598358074724,0.004465170868516148,IND,0.06523089529611725
EGY,2014,0.005531558164447992,0.011929850883659143,0.0016305096689741454,0.010299341214684997,0.005435811024803602,0.006494039858855541,IND,0.0745583841466856
EGY,2015,0.006077855459006996,0.019523190990153025,0.0013470456191440057,0.01817614537100902,0.005611615871647692,0.013911575118505333,IND,0.07459931733128404
EGY,2016,0.005307816601766524,0.02122739693706124,0.0011882347257459013,0.02003916221131534,0.0013694208560981846,0.019857976080963055,SAU,0.08104455530731225
EGY,2017,0.008996316712250225,0.021794727243230106,0.0011724871102288938,0.02062224013300121,-0.0009009436386263933,0.0226956708818565,ARE,0.0844350742958444
EGY,2018,0.006960734698878349,0.018647926689620654,0.0014447595736725193,0.017203167115948135,0.0016338271094897725,0.017014099580130882,ARE,0.10710557900453134
EGY,2019,0.006050056834994108,0.009664923506872664,0.0015776329225873225,0.008087290584285341,0.0014245394566695672,0.008240384050203097,ARE,0.11276061879674974
EGY,2020,-0.024761267243607537,-0.035674399382442865,0.0006031016913926454,-0.03627750107383551,-0.0074559594604066,-0.028218439922036265,ARE,0.0819814066469553
EGY,2021,0.022675962037037468,0.042142439257533,0.0020957267021156313,0.04004671255541737,0.003674360678899277,0.03846807857863372,ARE,0.08252999591817976
EGY,2022,0.013619750501529483,0.028171924675166306,0.0008246447899683425,0.027347279885197962,0.005062079067066753,0.023109845608099554,ARE,0.0698647695125803
EGY,2023,0.005325839528287982,0.01655402769340293,0.0015182219838424044,0.015035805709560528,0.003580774620559914,0.012973253072843017,TUR,0.07183368687779748
ERI,2001,0.012277542471486328,0.013428857909778172,0.00037855912970267687,0.013050298780075496,0.00812489584474818,0.005303962065029992,SDN,0.12901103132964803
ERI,2002,0.004562933753623958,0.023845826429581884,0.00048294730630201436,0.02336287912327987,0.009215438231837042,0.014630388197744842,MYS,0.17550870542133246
ERI,2003,0.0037739763834057022,0.029093007873314595,0.0005516854880881916,0.028541322385226404,0.011157127716454643,0.01793588015685995,MYS,0.1982724342842592
ERI,2004,0.006400904274674853,0.04198618343534484,0.0005177415479466172,0.041468441887398226,0.022539742465286502,0.019446440970058338,MYS,0.34342323467261976
ERI,2005,0.005054147145841551,0.039366660522222346,0.002150986951068386,0.03721567357115396,0.01717438217756366,0.022192278344658686,MYS,0.3306048683025453
ERI,2006,0.010599017990338681,0.04320422999130806,0.0038564762388384227,0.039347753752469634,0.01364371937260818,0.02956051061869988,MYS,0.25105887917250597
ERI,2007,0.01120934202846631,0.04239187724083578,0.007065697545838597,0.035326179694997184,0.005033906976003032,0.03735797026483275,MYS,0.08240983950883936
ERI,2008,-9.216426865323618e-05,0.02645656459092932,0.008612792532152146,0.017843772058777175,0.004653750684349634,0.021802813906579687,SDN,0.12329084054542107
ERI,2009,-0.01472871877685628,0.021039057253093886,0.010712060032906994,0.010326997220186892,0.011818054664325641,0.009221002588768245,IND,0.1551238426634792
ERI,2010,0.0055715119947320054,0.05104302084994578,0.011222797461587573,0.03982022338835821,0.013416983489741218,0.03762603736020456,IND,0.15646254971581444
ERI,2011,0.0049275602937009855,0.027618266383403558,0.008188705926117036,0.01942956045728652,0.008537315662237737,0.01908095072116582,IND,0.17668805963364811
ERI,2012,0.0012482289667691397,0.003713307813231102,0.0035510931151532706,0.00016221469807783159,0.0015178343747461992,0.0021954734384849028,EGY,0.06893590755409533
ERI,2013,0.012627548242661019,0.011573173843081645,0.0025712313963321457,0.009001942446749499,0.001278316250755196,0.01029485759232645,EGY,0.05912851908464317
ERI,2014,0.022467594422390207,0.008143508847478248,0.0048436776282227865,0.0032998312192554615,0.0048436776282227865,0.0032998312192554615,CHN,0.0668673339584176
ERI,2015,0.004544635670696803,0.027058367947919208,0.01792052101564336,0.009137846932275848,0.01792052101564336,0.009137846932275848,CHN,0.26532196913377776
ERI,2016,0.0026836349368427196,0.045815496278909504,0.027129365869604006,0.018686130409305498,0.027129365869604006,0.018686130409305498,CHN,0.4111204666989145
ERI,2017,0.001046959916693442,0.05965341423058519,0.036720379726200576,0.022933034504384615,0.036720379726200576,0.022933034504384615,CHN,0.5480806687726085
ERI,2018,0.0009277081954485428,0.058471787716356874,0.042273345987869936,0.01619844172848694,0.042273345987869936,0.01619844172848694,CHN,0.6486264043192235
ERI,2019,0.0004466379484092324,0.05371600787926972,0.04418211640565021,0.009533891473619514,0.04418211640565021,0.009533891473619514,CHN,0.7641377430939584
ERI,2020,-0.0008095793035318914,0.011538954797733562,0.01965191508815374,-0.008112960290420178,0.01965191508815374,-0.008112960290420178,CHN,0.8842997853333914
ERI,2021,0.0007138948823105813,0.06557327951421665,0.07181559418481841,-0.0062423146706017535,0.07181559418481841,-0.0062423146706017535,CHN,0.8841514955568878
ERI,2022,0.0004560080302048391,0.0342201651546552,0.031040023177619364,0.0031801419770358386,0.031040023177619364,0.0031801419770358386,CHN,0.943813818149609
ERI,2023,0.0002397584234816669,0.04618880077800744,0.04464781185034023,0.001540988927667207,0.04464781185034023,0.001540988927667207,CHN,0.9329612189156286
ETH,1991,0.016015405289401548,-0.005322228390905477,0.0,-0.005322228390905477,-0.004055466556186636,-0.0012667618347188417,DJI,0.12684242857502093
ETH,1992,0.011779919047235056,0.0025731486811529877,0.0,0.0025731486811529877,0.004222777445861102,-0.0016496287647081143,SAU,0.09428508394469247
ETH,1993,0.005278924200859067,0.0029885893058428834,0.0,0.0029885893058428834,0.0005562237157973908,0.0024323655900454926,SAU,0.14671815401629668
ETH,1994,0.020335721671572275,-6.630647350466421e-05,0.0,-6.630647350466421e-05,0.0013658500282115256,-0.0014321565017161898,SAU,0.14400888019373334
ETH,1995,0.017644505655458876,0.00859720501599789,1.1041163704243818e-05,0.008586163852293646,0.0004201671391342998,0.00817703787686359,SAU,0.13498239073055696
ETH,1996,0.015185897792170616,0.001847618106525127,5.327546940457639e-05,0.0017943426371205505,-0.0052204527227131155,0.007068070829238242,DJI,0.09991072238112408
ETH,1997,0.016528602388040728,0.01043669788933747,5.3089562364259265e-05,0.010383608326973211,0.00229614270203943,0.008140555187298039,SAU,0.08787631478827726
ETH,1998,0.01414674403647367,0.003561594688270644,6.893763315819019e-05,0.003492657055112454,0.0027343235041980677,0.0008272711840725763,SAU,0.0988837520616811
ETH,1999,0.016241232366481183,0.005948339221710741,6.264580958825651e-05,0.005885693412122485,-0.0006250877952174974,0.006573427016928239,SAU,0.09837301293855236
ETH,2000,0.024388158363313428,0.012104437820433203,0.00011955104185976517,0.011984886778573439,0.0009258321859078097,0.011178605634525393,DJI,0.08762412080464765
ETH,2001,0.009767310936573561,0.005720226470921644,0.00013972159973802702,0.005580504871183617,0.0021095654712193776,0.003610660999702266,DJI,0.09937041086137742
ETH,2002,0.003381055667793483,0.012838678082106647,0.00028798268016411724,0.01255069540194253,0.007655576316836958,0.0051831017652696895,DJI,0.21693708199005465
ETH,2003,0.0037653612247712685,0.020629906051905796,0.0008143104640775011,0.019815595587828295,0.007815301716642202,0.012814604335263593,DJI,0.22441277352546368
ETH,2004,0.010357189070227644,0.023719011298708702,0.0011336945210863756,0.022585316777622325,0.009002775216332854,0.014716236082375848,DJI,0.27266935260668623
ETH,2005,0.011911715773945512,0.021406633731277994,0.002070322781484187,0.01933631094979381,0.005111570224192746,0.016295063507085247,DJI,0.14622528870156387
ETH,2006,0.017132821232027612,0.03232179868882056,0.005831079612406676,0.026490719076413885,0.014996536413302862,0.0173252622755177,DJI,0.12543187873243847
ETH,2007,0.016262068164007194,0.02456167865487006,0.011505722024984767,0.013055956629885294,0.011505722024984767,0.013055956629885294,CHN,0.08668868218784949
ETH,2008,0.0024561124584632716,0.02166696630729235,0.009148745063162949,0.012518221244129402,0.009148745063162949,0.012518221244129402,CHN,0.09703552418125604
ETH,2009,-0.025592246389467277,0.0124253427313534,0.00723605785357736,0.005189284877776041,0.00723605785357736,0.005189284877776041,CHN,0.08175428918273242
ETH,2010,0.013621811335589488,0.03233713971304099,0.011259637003782014,0.021077502709258976,0.011259637003782014,0.021077502709258976,CHN,0.1118764164565312
ETH,2011,0.008879805519214272,0.030822262568815567,0.01140921632318275,0.019413046245632816,0.01140921632318275,0.019413046245632816,CHN,0.12478061359465163
ETH,2012,0.002233249193608085,0.01734884955290124,0.01050201318779478,0.006846836365106461,0.01050201318779478,0.006846836365106461,CHN,0.13709950558390782
ETH,2013,0.004771572496266473,0.029996084058741348,0.007238862290672574,0.022757221768068773,0.007238862290672574,0.022757221768068773,CHN,0.09717467094497739
ETH,2014,0.00919209811951965,0.02871184833360313,0.008618934807158007,0.02009291352644512,0.008618934807158007,0.02009291352644512,CHN,0.11898504325679615
ETH,2015,0.007137936550951864,0.02700149771757741,0.010203088523840002,0.01679840919373741,0.010203088523840002,0.01679840919373741,CHN,0.15106165362203292
ETH,2016,0.006615575738222601,0.02717948794751012,0.01120278407536269,0.015976703872147432,0.01120278407536269,0.015976703872147432,CHN,0.1697678390098509
ETH,2017,0.008633092905008162,0.02480298934951327,0.01163348693735132,0.01316950241216195,0.01163348693735132,0.01316950241216195,CHN,0.17363898054222668
ETH,2018,0.00786807394798299,0.025411130454309382,0.00983443542420162,0.015576695030107762,0.00983443542420162,0.015576695030107762,CHN,0.1508958976074397
ETH,2019,0.005288863923368267,0.02159210386127503,0.007522218563498942,0.014069885297776086,0.007522218563498942,0.014069885297776086,CHN,0.13009813888038368
ETH,2020,-0.015690589475711367,-0.012352198445328153,0.0019333242632844398,-0.014285522708612592,0.0019333242632844398,-0.014285522708612592,CHN,0.0869960114998077
ETH,2021,0.019043592445056153,0.03404529055299918,0.004656447972423083,0.029388842580576096,0.0024765439448183792,0.0315687466081808,SOM,0.08642546992174531
ETH,2022,0.01213937179851859,0.030616824922419534,0.0012080043020794324,0.0294088206203401,0.0031194636348665155,0.027497361287553018,SOM,0.11198150302232218
ETH,2023,0.0054057086869395855,0.01570374602878741,0.0016891089322213062,0.014014637096566106,0.004592841920919288,0.011110904107868122,SOM,0.10676711083167735
GAB,1991,0.009213424594623298,0.008999932722273759,0.00062829654321084,0.008371636179062919,0.00577967856494728,0.0032202541573264788,CHL,0.07509875749633325
GAB,1992,0.016760312791875204,0.01042874489927705,0.0016598225858723836,0.008768922313404667,0.007817822187955743,0.0026109227113213073,CHL,0.06823193604722314
GAB,1993,0.008401997411827044,0.008558759124103267,0.001922649715722926,0.006636109408380341,0.004607926006527366,0.0039508331175759,CHL,0.0683654430743623
GAB,1994,0.02397655825894695,0.011214564598077912,0.002726050697673523,0.00848851390040439,0.003217079264872165,0.007997485333205746,CHL,0.05675679201042752
GAB,1995,0.022741261941829072,0.009983269147510092,0.0024375983310174964,0.007545670816492596,0.003965000535205748,0.006018268612304344,CHL,0.03958641613288076
GAB,1996,0.02509309752781648,0.012057187692473575,0.0030115374741468194,0.009045650218326757,0.0030115374741468194,0.009045650218326757,CHN,0.032693133896165
GAB,1997,0.032973452661820855,0.00775591704250869,0.0035858940353295475,0.004170023007179143,0.0035858940353295475,0.004170023007179143,CHN,0.0391186213191135
GAB,1998,0.03691180878657961,0.00511869057908311,0.004710448941531913,0.0004082416375511969,0.004710448941531913,0.0004082416375511969,CHN,0.06099141174430945
GAB,1999,0.035800609717419316,0.008275834936162796,0.00478149310918273,0.003494341826980066,0.00478149310918273,0.003494341826980066,CHN,0.06669499917427436
GAB,2000,0.031864927017744495,0.01215361026355237,0.006642741649402214,0.005510868614150156,0.006642741649402214,0.005510868614150156,CHN,0.07871722860631068
GAB,2001,0.009137354772970192,0.008956682332603341,0.005542841582812554,0.003413840749790787,0.005542841582812554,0.003413840749790787,CHN,0.07122916573956596
GAB,2002,0.014532241600759018,0.012285472907354343,0.005870873092253215,0.006414599815101128,0.005870873092253215,0.006414599815101128,CHN,0.06747247653548749
GAB,2003,0.0184769723283635,0.012749811361683357,0.005099828661776522,0.007649982699906834,0.005099828661776522,0.007649982699906834,CHN,0.054528425235096885
GAB,2004,0.025394691533283817,0.016500426733284862,0.004940274276910007,0.011560152456374855,0.004940274276910007,0.011560152456374855,CHN,0.050543879635989754
GAB,2005,0.027874332155531905,0.015700494747216402,0.006168135381460529,0.009532359365755874,0.006168135381460529,0.009532359365755874,CHN,0.057440648031425665
GAB,2006,0.02161049608984692,0.015466238337383805,0.006691708375705943,0.008774529961677862,0.006691708375705943,0.008774529961677862,CHN,0.05585677260471813
GAB,2007,0.017398171727066435,0.017721287364726,0.009639016877142918,0.008082270487583084,0.009639016877142918,0.008082270487583084,CHN,0.07262418376278008
GAB,2008,0.0009257147510705231,0.012753076482872251,0.007579047453531622,0.005174029029340629,0.007579047453531622,0.005174029029340629,CHN,0.08038663634964115
GAB,2009,-0.02046585640921915,0.012209969302147516,0.009822230957529605,0.002387738344617911,0.009822230957529605,0.002387738344617911,CHN,0.11097334023172169
GAB,2010,0.016775629579572463,0.019013212899215377,0.010299025486413418,0.00871418741280196,0.010299025486413418,0.00871418741280196,CHN,0.10233172384042188
GAB,2011,0.012692084567843272,0.013110957766070443,0.008014032322254972,0.005096925443815471,0.008014032322254972,0.005096925443815471,CHN,0.08764807697671777
GAB,2012,0.013494371513340072,0.014924708226710857,0.004979713720803929,0.009944994505906928,0.004979713720803929,0.009944994505906928,CHN,0.06500813480838694
GAB,2013,0.009091919746150206,0.01579510787223851,0.003429872514885124,0.012365235357353385,0.0031598585091961984,0.012635249363042311,IDN,0.05560944408566778
GAB,2014,0.011455387267255004,0.023374416219643535,0.0036605223774663553,0.01971389384217718,0.002330138093409903,0.02104427812623363,TTO,0.06463496808197867
GAB,2015,0.009260182214045523,0.015365190856467998,0.003917549304847067,0.011447641551620931,0.0003392817831698121,0.015025909073298186,COG,0.08188645145752821
GAB,2016,0.007111819388613112,-0.0030055559017778057,0.005061022025180397,-0.008066577926958203,-0.008507196974321844,0.005501641072544038,COG,0.09363201151565315
GAB,2017,0.007641166997666607,0.003083375584866106,0.005938525905032254,-0.0028551503201661482,-0.008449757290656586,0.011533132875522692,COG,0.14676377796325218
GAB,2018,0.006423658777734832,0.013685858056781039,0.009852519284117452,0.0038333387726635863,0.009852519284117452,0.0038333387726635863,CHN,0.15117336958793504
GAB,2019,0.0060962252704416554,0.021303394515076096,0.011406859175778349,0.009896535339297748,0.011406859175778349,0.009896535339297748,CHN,0.19728370516119467
GAB,2020,-0.015874483961245172,-0.011672711865001378,0.006911323167372909,-0.01858403503237429,0.006911323167372909,-0.01858403503237429,CHN,0.31099674336379085
GAB,2021,0.015875287138450413,0.0463876478728954,0.027345173547530476,0.019042474325364923,0.027345173547530476,0.019042474325364923,CHN,0.3366577463119106
GAB,2022,0.00829081828446402,0.030229153002866847,0.011401192474774356,0.01882796052809249,0.011401192474774356,0.01882796052809249,CHN,0.34666865225906274
GAB,2023,0.002723962421402178,0.0319092829964747,0.014382171050044369,0.017527111946430328,0.014382171050044369,0.017527111946430328,CHN,0.3005300210115495
GEO,1993,-0.001315878016915226,0.009040567719018237,0.0022400688629455536,0.0068004988560726835,0.0067347688858735285,0.002305798833144708,FJI,0.319538386225152
GEO,1994,0.008749421450929332,-0.04765310804669232,0.001476020245542051,-0.04912912829223438,-0.030499441443188283,-0.01715366660350404,RUS,0.22793660432437318
GEO,1995,0.006792800415944589,8.38618708893027e-06,0.0010121594465722823,-0.001003773259483352,-0.01127799522244887,0.011286381409537801,RUS,0.26380555260481825
GEO,1996,0.0009915419707417668,0.004894765565536908,0.0005246480862848346,0.0043701174792520735,-0.01288606914712024,0.017780834712657147,RUS,0.36721528903516054
GEO,1997,0.0026793741314680175,0.0106802439358778,0.0003770367410829228,0.010303207194794876,0.0036738679605032567,0.007006375975374543,RUS,0.31043821948478534
GEO,1998,0.003645782284193298,0.012256318826458418,0.00025623337358771027,0.012000085452870707,-0.01585086421074122,0.028107183037199637,RUS,0.2982142384357856
GEO,1999,0.0048507943773073246,0.025750516831815885,0.00023882769866805805,0.025511689133147827,0.014632112920824163,0.011118403910991722,RUS,0.2529430873195998
GEO,2000,0.008638592247839636,0.055240815413031136,0.0003391473919742323,0.05490166802105691,0.013799467818684722,0.041441347594346416,TUR,0.2058567334319019
GEO,2001,0.005191916013386261,0.013987450257364762,0.00028548778667641765,0.013701962470688344,-0.014131116846745685,0.028118567104110447,TUR,0.23862143057349816
GEO,2002,0.0027561618607265664,0.04062640487148382,0.00028643840636603595,0.04033996646511778,0.01419434610683569,0.02643205876464813,TUR,0.2271651164281668
GEO,2003,0.003633871408124468,0.04969119712576091,0.000296336637314436,0.04939486048844647,0.014324103199734489,0.03536709392602642,RUS,0.2076171478446661
GEO,2004,0.006592697800511944,0.05746796523437274,0.0003011150128579585,0.057166850221514784,0.013422292164718788,0.04404567306965395,RUS,0.1976447339276092
GEO,2005,0.006418076278068161,0.07192271372220976,0.00039641080664301,0.07152630291556675,0.011028432753718963,0.060894280968490797,RUS,0.1734272920475536
GEO,2006,0.0075506770815018664,0.07536222173577975,0.0005695149530299011,0.07479270678274985,0.013556184520130157,0.06180603721564959,RUS,0.17494673735988528
GEO,2007,0.0059886672770182135,0.07219217398055444,0.0010179605023030638,0.07117421347825138,0.007577588097100035,0.06461458588345441,TUR,0.15400253798722904
GEO,2008,0.0008817479812165313,0.04015516234475247,0.0007744809912319656,0.039380681353520505,0.0011321331584129245,0.03902302918633955,TUR,0.1394713868112629
GEO,2009,-0.009895485608506843,-0.02786294514756623,0.0007098124067516239,-0.028572757554317853,-0.007426578898422665,-0.020436366249143564,TUR,0.15023276325177568
GEO,2010,0.006422388815279138,0.03546588615831363,0.0006054311818765029,0.034860454976437125,0.013906036090316164,0.021559850067997464,TUR,0.17187495089910457
GEO,2011,0.004760792278642396,0.035633028577230885,0.0008300718344210731,0.03480295674280981,0.01784866893453619,0.017784359642694696,TUR,0.16812790711067324
GEO,2012,0.0014971472307392262,0.02638907315006792,0.0008789329237626323,0.025510140226305288,0.003585340027314958,0.02280373312275296,AZE,0.16453999470675607
GEO,2013,0.002596975071143223,0.03220267135928851,0.000991514794960072,0.03121115656432844,0.011569178162779059,0.02063349319650945,AZE,0.2037163871790589
GEO,2014,0.004693395985258621,0.019114766734681075,0.0008603346329014685,0.018254432101779607,0.006464161666382662,0.012650605068298413,AZE,0.23427838003104848
GEO,2015,0.004213537207904935,0.010404531036257181,0.0012170621697792418,0.009187468866477939,0.0024315256206909274,0.007973005415566253,AZE,0.23288980961967337
GEO,2016,0.003704385249076773,0.009641105655915354,0.0022112473365535675,0.007429858319361786,-0.0056479920463793545,0.015289097702294708,AZE,0.1815199996965656
GEO,2017,0.005427411086264775,0.029268135571866513,0.003828002725373534,0.02544013284649298,0.00019053279057313545,0.029077602781293378,AZE,0.1241380891654688
GEO,2018,0.004307864314269149,0.02699217229361997,0.00463620419391505,0.022355968099704922,0.0028296183729812348,0.024162553920638735,RUS,0.10573529803957847
GEO,2019,0.0029443471489926324,0.027331145594532702,0.004145257821424193,0.02318588777310851,0.0028197518312517004,0.024511393763281,RUS,0.12420473360606223
GEO,2020,-0.007647971713561553,-0.02529102540463573,0.0013866955693794948,-0.026677720974015225,-0.0036921217730079415,-0.021598903631627787,RUS,0.13521555878672722
GEO,2021,0.008079220706208964,0.053197651919658195,0.0069431279464380515,0.04625452397322014,0.007566182622924444,0.04563146929673375,AZE,0.1384637474528633
GEO,2022,0.0046940715424168295,0.009675041082555846,0.003756366207018423,0.0059186748755374234,-0.0017833391161321951,0.011458380198688042,RUS,0.13553181738777162
GEO,2023,0.0022108638929411255,0.034074635002404624,0.006699507302522347,0.027375127699882276,0.006699507302522347,0.027375127699882276,CHN,0.13999298599552248
GHA,1991,0.01945740596345302,-0.004165157284758267,0.00016855657690006403,-0.004333713861658332,-0.005349222317423814,0.0011840650326655463,SUN,0.040171268330020354
GHA,1992,0.01283454393338249,-0.004789647637010386,0.0001258682623592532,-0.004915515899369639,-0.0038683834727110365,-0.0009212641642993491,SUN,0.020099485393043758
GHA,1993,0.003422905634071321,-0.006789276533395024,8.355867640537469e-05,-0.006872835209800398,-0.0059612059522729886,-0.0008280705811220352,TGO,0.0364271569309541
GHA,1994,0.021343392467497568,0.012545424995448003,0.00022744535652237732,0.012317979638925626,0.009411682006914996,0.0031337429885330073,TGO,0.06741446052982875
GHA,1995,0.01692267241466361,0.015641518766392228,0.0007364920584547932,0.014905026707937434,0.0067481892484539995,0.008893329517938229,TGO,0.0893416925678087
GHA,1996,0.018194088779080072,0.016815929850408737,0.0007685712730359191,0.016047358577372817,0.00551352733601823,0.011302402514390507,TGO,0.06511466570386264
GHA,1997,0.026626421909716952,0.010086319736092697,0.0006632555430786407,0.009423064193014056,-0.0014258340426671623,0.01151215377875986,THA,0.051064830947862246
GHA,1998,0.025162842850128486,-0.0003951065225324198,0.00018008845587499543,-0.0005751949784074152,-0.003981309419261523,0.003586202896729103,THA,0.05013513880747017
GHA,1999,0.025099819331080638,0.006587108368744513,0.00020057004202859364,0.006386538326715919,0.002031675355605028,0.0045554330131394845,THA,0.045442705882555307
GHA,2000,0.03100558336810628,0.012302962935074418,0.0002508366239346604,0.012052126311139758,0.0017431796904710706,0.010559783244603348,THA,0.03999167447369544
GHA,2001,0.014859666452305367,0.007497000811754931,0.0006260584617600074,0.006870942349994923,0.0017362324964376474,0.005760768315317284,NGA,0.030983642704154542
GHA,2002,0.007132139401657462,0.014054450890158103,0.0037340452636678567,0.010320405626490246,0.0037340452636678567,0.010320405626490246,CHN,0.042914448579671506
GHA,2003,0.00835530826669771,0.012576623927418078,0.006340878524785243,0.006235745402632835,0.006340878524785243,0.006235745402632835,CHN,0.06779798763732171
GHA,2004,0.018702722816895747,0.013169487968806109,0.006533819386041205,0.006635668582764904,0.006533819386041205,0.006635668582764904,CHN,0.0668474182000116
GHA,2005,0.01954702962591044,0.010864781992423793,0.003699988962055415,0.007164793030368378,0.002325073660155779,0.008539708332268013,ZAF,0.04521271781871137
GHA,2006,0.021824588785931083,0.017543445404673556,0.0015856926066015393,0.015957752798072017,0.006428814218221838,0.011114631186451718,ZAF,0.11790736066909009
GHA,2007,0.017635915213799345,0.02389514146883754,0.0016212688463846704,0.02227387262245287,0.010049296552312488,0.013845844916525052,ZAF,0.1924515203361059
GHA,2008,0.003965916879858904,0.020784354879449952,0.00106174811689752,0.01972260676255243,0.009261029071602861,0.01152332580784709,ZAF,0.2948263193641556
GHA,2009,-0.014227089817269334,-0.001853399856749963,0.0011485152868512245,-0.0030019151436011873,-0.0055433359203057074,0.0036899360635557444,ZAF,0.35762597266416996
GHA,2010,0.007252989469021955,0.028035182124336946,0.0012454468519066321,0.026789735272430313,0.012751764573665753,0.015283417550671193,ZAF,0.4258450278768713
GHA,2011,0.004598347089718262,0.02696944143829941,0.0011479914225713743,0.025821450015728036,0.014983990097489928,0.011985451340809482,ZAF,0.48035006679536735
GHA,2012,0.00036259053148677384,0.025658811929991115,0.0008446954103102488,0.024814116519680865,0.009270424283584952,0.016388387646406162,ZAF,0.3914906473957243
GHA,2013,0.0017312851285939128,0.02733509317170653,0.0015840253031390735,0.025751067868567457,0.008152016093503474,0.019183077078203055,ZAF,0.33204580112478105
GHA,2014,0.00555543453441134,0.023860902995485954,0.0021777703666482516,0.0216831326288377,0.0032074547030222895,0.020653448292463666,ZAF,0.2284668855821914
GHA,2015,0.006446466688420864,0.021703159636007552,0.002916365426449619,0.018786794209557933,0.002944269872649693,0.018758889763357857,ZAF,0.22420314572111377
GHA,2016,0.007882424769902524,0.022659349664478877,0.003754314380202115,0.018905035284276762,0.0009447968877351247,0.02171455277674375,ZAF,0.14264464119706446
GHA,2017,0.009285534604452068,0.02362178954102618,0.004785439011401684,0.018836350529624495,0.007700555727816491,0.015921233813209687,IND,0.11854687681452897
GHA,2018,0.009170350742057473,0.028737364499238565,0.007104060924523454,0.021633303574715112,0.009949886102349521,0.018787478396889046,IND,0.1631275611762706
GHA,2019,0.005695054456034451,0.023681945617899842,0.007025158298441067,0.016656787319458775,0.007204283661406158,0.016477661956493684,IND,0.1775097680976627
GHA,2020,-0.017215676612387203,-0.02179819351983682,0.0033468520361272193,-0.02514504555596404,-0.010607298412447846,-0.011190895107388974,IND,0.18133309857480276
GHA,2021,0.02202608009803021,0.04007023570821623,0.00976146728631012,0.03030876842190611,0.013209434404863513,0.026860801303352718,IND,0.1435513203110785
GHA,2022,0.014024631540163174,0.025099189409148348,0.003681787398540787,0.021417402010607562,0.002405652729889187,0.02269353667925916,ZAF,0.12705266411214636
GHA,2023,0.004837823740583488,0.02169121878423087,0.004647826481984572,0.0170433923022463,0.0008519324488478257,0.020839286335383043,ZAF,0.12239182578539926
GIN,1991,0.012152695163155085,-0.007085021207017123,0.0,-0.007085021207017123,-0.0033728018869196756,-0.003712219320097447,CMR,0.08686017836245377
GIN,1992,0.018541740762236435,-0.0051426015509663855,6.756053909024074e-06,-0.0051493576048754095,-0.0021734050342859697,-0.002969196516680416,CMR,0.06901720713293909
GIN,1993,0.0099434708275989,-0.005917461226712426,1.7655865054500484e-05,-0.005935117091766927,-0.005683320744073461,-0.00023414048263896512,CMR,0.06876921818018898
GIN,1994,0.02844873702351269,0.0076069432680452315,0.0016588557610372403,0.0059480875070079915,0.003152792259755395,0.004454151008289837,BRA,0.05542883060797748
GIN,1995,0.028844989845028028,0.006448606085158181,0.002093957606208734,0.004354648478949447,0.002580125067046706,0.003868481018111475,BRA,0.06236663053563541
GIN,1996,0.024752291456839284,0.007000964013734233,0.0019219497494200803,0.005079014264314152,0.0016385940405020123,0.00536236997323222,BRA,0.07529746307900535
GIN,1997,0.03672991927857649,0.006554401008931922,0.0007043753321737291,0.005850025676758193,0.0020075549004605646,0.004546846108471357,BRA,0.05487045735688927
GIN,1998,0.04026178889856474,0.004015010897610847,1.1674865621830656e-06,0.004013843411048664,0.0017626284241507204,0.002252382473460127,CMR,0.038174604635027115
GIN,1999,0.04283818244147658,0.0031996457603896524,3.656681870007077e-07,0.003199280092202652,0.0015188550058813277,0.0016807907545083247,CMR,0.03442162798215302
GIN,2000,0.04532123214473374,0.0033632739074670624,0.0,0.0033632739074670624,0.001589023082246442,0.0017742508252206204,CMR,0.037391681058760506
GIN,2001,0.022294683684781554,0.006258428139734392,1.8803957086024324e-06,0.00625654774402579,0.0016682136037647528,0.00459021453596964,CMR,0.043368206332007976
GIN,2002,0.019834180072944362,0.007033436476127915,2.637309692252317e-06,0.007030799166435663,0.0036184272444945258,0.0034150092316333897,CMR,0.07850597358775156
GIN,2003,0.016582415457930665,0.010662216936637174,0.0005867298747008609,0.010075487061936313,0.003537848573386106,0.007124368363251069,CMR,0.06720360314805243
GIN,2004,0.025167150476397986,0.009700569397209874,0.0006113025512993272,0.009089266845910547,0.0035597714367467566,0.006140797960463117,CMR,0.053821924196132465
GIN,2005,0.023215059766400068,0.0063382573605919555,0.0006810541849733946,0.005657203175618561,0.0003654977794468556,0.0059727595811451,CIV,0.030884201908438193
GIN,2006,0.026256617816545157,0.0076593233233753074,0.00010187835946306657,0.007557444963912241,0.0008970879935601788,0.0067622353298151285,CIV,0.030947368777232906
GIN,2007,0.026412457268422996,0.009818583072222064,0.0013183873963777866,0.008500195675844277,0.002837623609455891,0.006980959462766173,UKR,0.0359385637865823
GIN,2008,-0.0029689899648531214,0.009120367483833786,0.0009666778351604971,0.008153689648673289,0.0017419748251839087,0.007378392658649878,RUS,0.031043568716461106
GIN,2009,-0.028604898397328767,-0.01042520759155727,0.0010411554858775049,-0.011466363077434776,-0.0041105489254660635,-0.006314658666091207,ARE,0.07632922543351837
GIN,2010,0.012076409555531596,0.009578484872807614,0.00034323005605358124,0.009235254816754032,0.0024295295494095653,0.007148955323398049,ARE,0.1527904232907073
GIN,2011,0.010525062882864243,0.026157079064711725,0.0006518490577860108,0.025505230006925714,0.015439284985372687,0.010717794079339038,ARE,0.23682570195172845
GIN,2012,-0.0004071766712283329,0.02470267094586097,0.0004516897749145781,0.02425098117094639,0.011046837075274719,0.01365583387058625,ARE,0.24135766195475297
GIN,2013,0.004966738322735937,0.01998588860961686,0.0004480691984671977,0.019537819411149664,0.010079888900251887,0.009905999709364973,ARE,0.20993960897083086
GIN,2014,0.013066268263223527,0.010578419231222672,0.0007168429823467085,0.009861576248875964,0.006926004003223767,0.0036524152279989045,ARE,0.15293447164633203
GIN,2015,0.01773497661352242,0.015573200245921107,0.0009039603986892147,0.014669239847231893,0.009562638105893629,0.006010562140027478,ARE,0.1396461076142851
GIN,2016,0.008695129292404262,0.024179225488988734,0.0012167612189581546,0.02296246427003058,0.0048546579897472235,0.01932456749924151,GHA,0.14632042257138825
GIN,2017,0.013576587576101754,0.02640031687024038,0.0018881500046481728,0.024512166865592207,0.01540473030682193,0.01099558656341845,GHA,0.19710762928562683
GIN,2018,0.00896342948891438,0.031233900707648535,0.0033959951065706314,0.027837905601077906,0.01513793891164408,0.016095961796004456,GHA,0.25164954315080584
GIN,2019,0.005530357201911521,0.0319982158195278,0.005057228741541371,0.026940987077986433,0.01922345768613076,0.012774758133397044,GHA,0.3049044865310129
GIN,2020,-0.009906625514093067,-0.016469853938545876,0.002497405509136901,-0.018967259447682776,0.0019066082538696624,-0.018376462192415538,GHA,0.3719067381686509
GIN,2021,0.015599746555733762,0.04542402333744954,0.00900913573570561,0.03641488760174393,0.01630230034932853,0.02912172298812101,GHA,0.3292193844464737
GIN,2022,0.00880349032655397,0.03573282093333074,0.0032477446306281737,0.032485076302702566,0.010265038755609782,0.025467782177720957,GHA,0.27489019954297444
GIN,2023,0.001278975967816151,0.04473473421942011,0.004930276883372714,0.0398044573360474,0.02683187753113796,0.017902856688282152,IND,0.34025313748024366
GMB,1991,0.02126164894231509,0.0038438135498983497,0.0,0.0038438135498983497,0.001821599132881451,0.002022214417016899,GIN,0.06960713720490813
GMB,1992,0.007165694940472956,0.00603716119683993,1.694775446704976e-05,0.0060202134423728805,0.00281317881559351,0.0032239823812464197,GIN,0.08610687037308337
GMB,1993,0.0006196352262809768,0.006727154130937017,5.153171460474169e-05,0.006675622416332276,0.003981322844266261,0.0027458312866707564,GIN,0.08160093150006073
GMB,1994,0.011632242985362988,0.012581163500377149,0.00018498530626551824,0.01239617819411163,0.0037039628865395548,0.008877200613837594,GIN,0.09258672430329291
GMB,1995,0.01722763744379521,0.01872464624154238,0.0022673069529688225,0.01645733928857356,0.002952346540390713,0.015772299701151668,GIN,0.06599502741261554
GMB,1996,0.014833783325519097,0.01871662081263461,0.0027526444042595896,0.01596397640837502,0.0028096418433386635,0.015906978969295944,SEN,0.14049271299647503
GMB,1997,0.023252282238969697,0.014670986795188521,0.004132323086925864,0.010538663708262657,0.004298284936647584,0.010372701858540938,SEN,0.14326921201218903
GMB,1998,0.023854084051708233,0.006072503716780902,0.0023197471563120966,0.0037527565604688054,0.0056859094535830195,0.0003865942631978824,SEN,0.0992120289888243
GMB,1999,0.025069465649969314,0.01132419902795414,0.002120123321701907,0.009204075706252233,0.002120123321701907,0.009204075706252233,CHN,0.02957269203603169
GMB,2000,0.031630549853945866,0.010358617199054902,0.0015338054427805087,0.008824811756274392,0.001555539100774246,0.008803078098280655,SEN,0.040789756251997315
GMB,2001,0.011917470825589025,0.013853233370241531,0.000990013474133279,0.012863219896108252,0.006742416972031457,0.007110816398210074,SEN,0.1597528413179454
GMB,2002,0.008948424380761764,0.008573293045631179,0.0005169896767043304,0.008056303368926848,0.00010658761310366333,0.008466705432527515,SEN,0.15522253327213073
GMB,2003,0.009479131678915502,0.012122250288167977,0.00014326117457839687,0.01197898911358958,0.007511346902860208,0.004610903385307769,SEN,0.1379977516996441
GMB,2004,0.018272949553986974,0.010212037814562593,0.0001083927176807904,0.010103645096881803,0.0004978330266206802,0.009714204787941912,GUY,0.03209247794667906
GMB,2005,0.017760837375277918,0.010657570000480468,7.000152502268345e-05,0.010587568475457785,0.0024276351092078164,0.00822993489127265,MRT,0.0295364593146952
GMB,2006,0.02168861402239184,0.017924556198609724,0.00026699977034568494,0.01765755642826404,0.0010089004898775006,0.016915655708732224,SEN,0.043788678994555914
GMB,2007,0.01802516299283176,0.010242802114411058,0.0004358392771040899,0.009806962837306967,0.003237245303336967,0.007005556811074091,SEN,0.11611822791470998
GMB,2008,0.0011955368819560799,0.007891438772862757,0.0005166032996227289,0.0073748354732400285,0.005219025268505483,0.002672413504357274,SEN,0.14352705650644831
GMB,2009,-0.021820288538975476,0.009753254090109971,0.0005653108173680224,0.00918794327274195,0.004464752524068948,0.005288501566041023,SEN,0.16445293058753735
GMB,2010,0.007270470413642378,0.026518505615894576,0.002106438982684958,0.02441206663320962,0.005229989517470682,0.021288516098423894,SEN,0.15683776811919975
GMB,2011,0.0058285789304288495,0.02437813107002932,0.0031706133687665517,0.02120751770126277,0.0028246535643786084,0.02155347750565071,SEN,0.2131368706949492
GMB,2012,0.0018136284055740707,0.028837777002297678,0.003219295493329224,0.025618481508968453,0.011335348403636737,0.01750242859866094,SEN,0.2888026140681575
GMB,2013,0.0018383832206019242,0.030683843406703337,0.0036359645548796125,0.027047878851823724,0.006024168816907403,0.024659674589795934,SEN,0.2527175540832662
GMB,2014,0.0010031533878967014,0.04804945616364733,0.002520738680792865,0.04552871748285446,0.010267924009053372,0.037781532154593955,GIN,0.2778719778253304
GMB,2015,0.0006947739298960588,0.05205488993738339,0.0032550269928823556,0.04879986294450104,0.020956741688851997,0.031098148248531396,MLI,0.3462783084281371
GMB,2016,0.0007494896872449532,0.06843622496293222,0.0023174119750930568,0.06611881298783917,0.02306422017711552,0.045372004785816704,MLI,0.3954995957274499
GMB,2017,0.0012001677610979455,0.06075626331115627,0.003374603181796159,0.057381660129360114,0.015217414270529759,0.045538849040626515,MLI,0.28595484932433696
GMB,2018,0.0010121134134329457,0.04798181532398324,0.003349098967565012,0.04463271635641823,0.013883704414133731,0.03409811090984951,MLI,0.2928913219691826
GMB,2019,0.0006880708014059048,0.04527330023663945,0.0024330958835972094,0.042840204353042234,0.014265696875648406,0.03100760336099104,MLI,0.3152181013868688
GMB,2020,-0.00280781733466104,-0.008844641341848867,0.0015040478174461983,-0.010348689159295066,-0.004090656980464106,-0.004753984361384761,MLI,0.46019588017007385
GMB,2021,0.0015977696179779498,0.04661655599317868,0.004501877986693228,0.042114678006485454,0.010824226125360305,0.03579232986781838,MLI,0.40949271205780313
GMB,2022,0.0006860512188883585,0.047445348357204965,0.004841631066687683,0.04260371729051728,0.01598332085331669,0.031462027503888275,MLI,0.3755513547664559
GMB,2023,0.001466036912673206,0.04474588546027011,0.008222782104047881,0.036523103356222233,0.01302015099277392,0.03172573446749619,MLI,0.31894940817538797
GNB,1991,0.013644208846570624,0.009388248302241942,0.0,0.009388248302241942,0.013171265576510731,-0.0037830172742687896,IND,0.3765400635625476
GNB,1992,0.003914370099143363,0.010456640993423952,0.0004537528678622204,0.010002888125561733,0.012104064717762975,-0.001647423724339023,IND,0.49018971457410254
GNB,1993,-0.005533481279557284,0.016283643155173905,0.0002942518670056729,0.01598939128816823,0.020111830570539814,-0.0038281874153659086,IND,0.39801125509296437
GNB,1994,0.007738446376488127,0.025037457162696737,0.001547202378922906,0.023490254783773833,0.016997804595380504,0.008039652567316233,IND,0.33421812002806206
GNB,1995,0.017575061840848782,0.028503893885546437,0.0014329079570157407,0.027070985928530696,0.016894449708818076,0.011609444176728361,IND,0.25366087383500957
GNB,1996,0.01435665908094902,0.030465443749959346,0.0013017042367437998,0.029163739513215547,0.022576354631367267,0.007889089118592079,IND,0.28487739599872325
GNB,1997,0.01945558452236594,0.012585386050580115,0.0003643094252144123,0.012221076625365703,0.010354064950605719,0.0022313210999743965,IND,0.26094910778478186
GNB,1998,0.016200120946811572,0.010691900355510747,0.00047029227793830993,0.010221608077572436,0.017817627307994906,-0.00712572695248416,IND,0.2972014006148559
GNB,1999,0.01049908863050127,0.0361755817046108,0.00043586644293642504,0.035739715261674375,0.023690042731136157,0.012485538973474642,IND,0.2935364768320494
GNB,2000,0.007037305422798907,0.02690179670584566,0.0006006083202467753,0.026301188385598882,0.0165304064600879,0.010371390245757759,IND,0.42395121523403256
GNB,2001,0.002053382727503449,0.016381173274816266,0.00020792614514018623,0.01617324712967608,0.0248739497812744,-0.008492776506458133,IND,0.5126854781849077
GNB,2002,0.000520327365477164,0.012046236731634574,0.0004211530718315013,0.011625083659803073,0.022188042885772585,-0.010141806154138011,IND,0.5910834507682534
GNB,2003,1.3363692786350435e-05,0.062460812357278586,0.0008169248751176563,0.06164388748216093,0.04443959585329154,0.018021216503987046,IND,0.5725969687704922
GNB,2004,0.0010603348687901974,0.0699735716190514,0.0012100585904281022,0.0687635130286233,0.03445184657743591,0.03552172504161549,IND,0.45914254951866545
GNB,2005,0.0007707438090086947,0.06489998525907223,0.0010965791997330772,0.06380340605933915,0.04099686425898445,0.023903121000087776,IND,0.5437392868793852
GNB,2006,0.0012996800622682204,0.07036855286974328,0.000632525073624002,0.06973602779611927,0.040933962484340586,0.029434590385402692,IND,0.5255240160453423
GNB,2007,0.0019528560133629017,0.06157262174384142,0.0,0.06157262174384142,0.031402680802686773,0.030169940941154647,IND,0.42746970854262784
GNB,2008,0.00021212931592191073,0.03509499921297651,7.413870765858811e-07,0.03509425782589993,0.012818795751239842,0.02227620346173667,BRA,0.2743337134609134
GNB,2009,-0.0009945243249507194,0.024464043828210106,1.3166048039635555e-05,0.02445087778017047,0.00046891141818671586,0.02399513241002339,BRA,0.27433305266068464
GNB,2010,0.0003429705317408924,0.07209755657547602,3.078727347383618e-05,0.07206676930200219,0.03394159109586424,0.03815596547961178,IND,0.39581086824255546
GNB,2011,-0.0002937703000091814,0.051158383457420145,5.71672041203365e-05,0.05110121625329981,0.028081953552470538,0.023076429904949607,IND,0.5811833695988365
GNB,2012,-0.0006552993728863477,0.05175827766272578,5.252394546297614e-05,0.051705753717262805,0.03438511759967526,0.017373160063050522,IND,0.6245052079556171
GNB,2013,0.00010379169995725044,0.0552086021278904,8.369808322560623e-05,0.055124904044664795,0.03716232548714116,0.018046276640749245,IND,0.6129906360432797
GNB,2014,0.0003617645415979033,0.062206663290915995,0.00016960168412164558,0.06203706160679435,0.04487706982946234,0.017329593461453657,IND,0.6155404955130092
GNB,2015,0.00042178112370162683,0.06309999028714926,0.0004388685282730988,0.06266112175887616,0.0436845215128616,0.01941546877428766,IND,0.5807303203464641
GNB,2016,0.00018493981986415293,0.06361945926150159,0.003334960660996724,0.06028449860050486,0.042890321915537176,0.02072913734596441,IND,0.5592496575903435
GNB,2017,0.00041999130629178744,0.05257962591580602,0.003395501054327512,0.04918412486147851,0.036240234417616195,0.016339391498189824,IND,0.5579034497102441
GNB,2018,0.0001462831661173926,0.052980385363607115,0.003079430244570304,0.04990095511903681,0.03251708748462712,0.02046329787897999,IND,0.5331149646698056
GNB,2019,0.00022350822310492958,0.038837340506871466,0.005471824883900181,0.033365515622971284,0.02069748026260456,0.018139860244266906,IND,0.5099750501639438
GNB,2020,-0.0030787860759549867,-0.02679754878175307,0.0034955978075466663,-0.030293146589299734,-0.0232592996937999,-0.0035382490879531693,IND,0.3976206494961221
GNB,2021,0.003766228049256977,0.0762574788875193,0.019749027282733592,0.05650845160478571,0.03027012383954186,0.045987355047977435,IND,0.32895551088441816
GNB,2022,0.002538342112718823,0.04939512875024108,0.007878170013749217,0.04151695873649186,0.021325364336859384,0.028069764413381697,IND,0.3090951844335478
GNB,2023,4.7723353210885836e-05,0.055184548079395254,0.01230099995797638,0.042883548121418875,0.03012090524593164,0.025063642833463615,IND,0.3819610648483276
GRC,1991,0.015666662321293115,-0.006696654776615761,0.000260073774388504,-0.006956728551004265,0.00019202177732163727,-0.006888676553937398,CYP,0.026040338397023254
GRC,1992,0.009623871568230418,0.0014595190838092823,0.0003903202799948874,0.0010691988038143948,0.00259369435438778,-0.0011341752705784978,CYP,0.028053814434771847
GRC,1993,-0.0006855496984410024,0.0026556398424568187,0.00034696556595768997,0.002308674276499129,0.0002163833170489935,0.002439256525407825,CYP,0.030982884659706483
GRC,1994,0.02030699377298874,0.007528055282349341,0.0004140919945588581,0.0071139632877904825,0.001841301053863629,0.005686754228485712,CYP,0.0321270748649165
GRC,1995,0.016592530039412842,0.013591332294887036,0.00030488453772723595,0.0132864477571598,0.0009915826915928743,0.012599749603294162,BGR,0.03515985359723491
GRC,1996,0.011331043114025677,0.013984643170541745,0.00026141758434246364,0.013723225586199282,0.002185026585146707,0.011799616585395039,BGR,0.04305966544031626
GRC,1997,0.017709420020026057,0.0010780102455330712,0.0002411806173433821,0.0008368296281896892,-0.006279995432079297,0.007358005677612368,BGR,0.041270825195215854
GRC,1998,0.017144046309750884,0.008869079824325558,0.0002904009764069304,0.008578678847918627,0.0020374591827484172,0.00683162064157714,CYP,0.034351635673231934
GRC,1999,0.016760226484484355,0.008299230437925985,0.00027028256250445664,0.008028947875421528,0.0018233883225097151,0.006475842115416269,CYP,0.03738480483884335
GRC,2000,0.023715712968606573,0.02150321680452679,0.0002501710093929974,0.021253045795133794,0.0022211230026867416,0.01928209380184005,CYP,0.038334786602872435
GRC,2001,0.011458944181873305,0.008123376254880759,0.0001595370101950928,0.007963839244685666,0.0016096433429145618,0.0065137329119661965,CYP,0.041525285844494636
GRC,2002,0.0054133071996686506,0.01642243533131805,0.00024273076518522248,0.016179704566132828,0.0024619952002599716,0.013960440131058077,BGR,0.043147558559653014
GRC,2003,0.005777143440383617,0.017341253936484394,0.0003633024660178577,0.016977951470466535,0.0024119124258396496,0.014929341510644744,BGR,0.04724944679981448
GRC,2004,0.011803494254342005,0.02662460692921485,0.00043800480803975536,0.026186602121175094,0.003467638622787055,0.023156968306427793,BGR,0.05497860301812621
GRC,2005,0.012291926613885524,0.023626820949388245,0.0005096678826948245,0.02311715306669342,0.003923121718776308,0.019703699230611937,BGR,0.057536361378889275
GRC,2006,0.017705074453668618,0.025935138238486866,0.0005864151975400002,0.025348723040946864,0.003871001731647521,0.022064136506839346,BGR,0.05881890001875982
GRC,2007,0.014419103420190415,0.026380659273406597,0.0006898104692116012,0.025690848804194994,0.002986905929770206,0.02339375334363639,CYP,0.06007008271618109
GRC,2008,0.0005666474017513264,0.020823608259506833,0.0005687012331392733,0.02025490702636756,0.0023632595735905903,0.018460348685916242,CYP,0.065972336692608
GRC,2009,-0.022422717290583614,-0.011394687471341869,0.0005628811784163749,-0.011957568649758244,-0.001369462460732517,-0.010025225010609352,CYP,0.06726649675930253
GRC,2010,0.011480653753075647,0.016858680081094084,0.0007787554252320685,0.016079924655862016,0.0015900260330930108,0.015268654048001073,CYP,0.07044560934796343
GRC,2011,0.008753513103491652,0.008465007481190879,0.0009681323736762747,0.007496875107514604,0.00029576150502317564,0.008169245976167703,CYP,0.07110252758386391
GRC,2012,-0.0010563324569247507,0.018154685071711654,0.0009887012275893632,0.017165983844122292,-0.0025058178098223364,0.02066050288153399,CYP,0.07142629572411435
GRC,2013,0.0007830943337823348,0.007594017178150861,0.001103811805107793,0.0064902053730430675,0.007100598986845751,0.0004934181913051104,TUR,0.08717768197812654
GRC,2014,0.0062265452973087,0.009978467835719637,0.0010697894418358004,0.008908678393883837,0.005296256173827387,0.004682211661892251,TUR,0.10984496416965178
GRC,2015,0.006453596607108507,0.021445236813756822,0.0009408887700485006,0.02050434804370832,0.007416310226796598,0.014028926586960224,TUR,0.12556093776927038
GRC,2016,0.007113826124117351,0.019619355281938144,0.0007832927410243916,0.018836062540913752,0.0035672888050743436,0.016052066476863802,TUR,0.10912231506375882
GRC,2017,0.0100872128960814,0.026443210988685545,0.0007419498393890163,0.02570126114929653,0.006097925111878523,0.02034528587680702,TUR,0.08429595561102128
GRC,2018,0.006870909166507289,0.021095371473013713,0.000850386558719679,0.020244984914294033,0.0039107514881699884,0.017184619984843726,CYP,0.06428897622531841
GRC,2019,0.006067289355652697,0.012873851854798033,0.0011058237122174065,0.011768028142580626,0.0036019190125686803,0.009271932842229352,CYP,0.06309061354504854
GRC,2020,-0.028052625891305666,-0.028943517681742623,0.0005264126934339809,-0.029469930375176603,0.001175815623524139,-0.03011933330526676,TUR,0.06380586655480738
GRC,2021,0.02779722380670097,0.040297178018062436,0.0022327680552617305,0.03806440996280071,0.006675395796761565,0.03362178222130087,CYP,0.061847424330145596
GRC,2022,0.015967951885693808,0.020877664309834752,0.0008047958475162208,0.02007286846231853,0.0053866794324436825,0.015490984877391069,CYP,0.06429888022691094
GRC,2023,0.004113258819188805,0.017307626383950767,0.0008614544835279896,0.016446171900422777,0.002259937977546152,0.015047688406404615,CYP,0.06354276742154501
GTM,1991,0.0034617729961026345,0.01839508139761601,0.0,0.01839508139761601,0.0019098407151601356,0.016485240682455875,SLV,0.12877589556789404
GTM,1992,0.014727456498484013,0.024874370327516965,1.3454668630469848e-06,0.024873024860653917,0.00886756084318324,0.016006809484333723,SLV,0.13066743247994242
GTM,1993,0.011531582905023912,0.021745000722076035,8.759295469473734e-07,0.021744124792529088,0.0077254689728388296,0.014019531749237205,SLV,0.13660530742723334
GTM,1994,0.0183121712319443,0.029562028584603328,8.388944689443296e-07,0.029561189690134385,0.0065292944539950765,0.023032734130608253,SLV,0.14239512585525538
GTM,1995,0.01367436609271527,0.026512851792746536,1.1574254868682795e-08,0.02651284021849167,0.006954538445117861,0.019558313347628677,SLV,0.15035478643306033
GTM,1996,0.015604903548242028,0.025270082457343038,0.0005571750156879279,0.02471290744165511,0.0012033229601281304,0.024066759497214908,SLV,0.14888442417225645
GTM,1997,0.01939513003376943,0.03306422021202236,0.0005566074520942724,0.03250761275992809,0.004442125472445475,0.028622094739576887,SLV,0.1437715317357018
GTM,1998,0.023491700418241064,0.02134508045228921,0.0004720809067231112,0.0208729995455661,0.003270387632203469,0.01807469282008574,SLV,0.1249324117601103
GTM,1999,0.026366769452677782,0.014808259819263446,6.24195387701277e-06,0.014802017865386433,0.002245762117735856,0.01256249770152759,SLV,0.10499146601042211
GTM,2000,0.02606940795607207,0.012166350233974377,8.188824369439831e-06,0.012158161409604937,0.001027300924533421,0.011139049309440957,SLV,0.09159148416922866
GTM,2001,0.006284713782876969,0.006428586416856633,3.33569983450892e-05,0.006395229418511544,0.0008813338258455615,0.005547252591011071,SLV,0.10063602336160803
GTM,2002,0.010049410897945749,0.010902743649760873,4.0142920904719645e-05,0.010862600728856153,0.0021723282716541135,0.00873041537810676,SLV,0.13919100636887055
GTM,2003,0.011871607267714593,0.016155305188935036,4.524520794084553e-05,0.01611005998099419,0.0022788384390904884,0.013876466749844548,SLV,0.1467117165875553
GTM,2004,0.016878045510204488,0.019362350127027278,4.4568689410874184e-05,0.019317781437616404,0.0012693274145886661,0.018093022712438612,SLV,0.1433549248487734
GTM,2005,0.022474100142107524,0.017027446839343423,0.00018621686912199985,0.016841229970221423,0.0030543916225187,0.013973055216824723,SLV,0.11545548934027812
GTM,2006,0.015571560545218218,0.02253166783939501,0.0004772185633106286,0.02205444927608438,0.005027121979235342,0.01750454586015967,SLV,0.11840750235504012
GTM,2007,0.011669006034560262,0.019367822154698813,0.0008492513584805982,0.018518570796218214,0.002167274770394213,0.0172005473843046,SLV,0.11838462539281021
GTM,2008,0.0006644511950650034,0.014920432004955008,0.0007446964068864579,0.01417573559806855,0.0025765877199626836,0.012343844284992325,SLV,0.12088014785593348
GTM,2009,-0.014367618471098536,-0.00988518555715387,0.0006189952077232954,-0.010504180764877165,-0.0026087237990020063,-0.007276461758151863,SLV,0.12240202868900275
GTM,2010,0.012519598850406079,0.02012013326779942,0.0005677565373316558,0.019552376730467762,0.0025888544780972847,0.017531278789702134,SLV,0.12146975475937434
GTM,2011,0.00883732017966546,0.023576332162172656,0.00038220161719662495,0.02319413054497603,0.004439385160477757,0.0191369470016949,SLV,0.11984858377589233
GTM,2012,0.009773189567978425,0.01951202387487998,0.0002848251874322079,0.019227198687447773,0.0032433916917380193,0.01626863218314196,SLV,0.1139315537330154
GTM,2013,0.007737887668997905,0.014039763296012083,0.0002586941288661426,0.013781069167145941,0.0024426066374754227,0.01159715665853666,SLV,0.11311320267423987
GTM,2014,0.013089066853246406,0.01398165789896896,0.0005564070891012657,0.013425250809867693,0.0018998647830804024,0.012081793115888558,SLV,0.11080165504374873
GTM,2015,0.01231859953569107,0.01558713579924612,0.0005450768525499019,0.015042058946696217,0.0026886688334416603,0.012898466965804458,SLV,0.1133676718516574
GTM,2016,0.0077483346055703586,0.014454932012530815,0.0008836571743178458,0.013571274838212969,0.002880996185515359,0.011573935827015457,SLV,0.11490170302279079
GTM,2017,0.012281818221295123,0.01684743693657283,0.0006871201249601532,0.016160316811612677,0.00258972095820183,0.014257715978371,SLV,0.1165103053762353
GTM,2018,0.012919369257260411,0.012360298039085131,0.000703894142119493,0.011656403896965638,0.002732492852268489,0.009627805186816642,SLV,0.11462790634726173
GTM,2019,0.01072196226212452,0.00805514027140549,0.0003276245687033415,0.007727515702702149,0.002827586329347282,0.005227553942058209,SLV,0.11741161891482045
GTM,2020,-0.016306096582434516,-0.03852524924470238,0.00019727736118180537,-0.03872252660588418,-0.009884763324148673,-0.02864048592055371,SLV,0.12022248481193536
GTM,2021,0.027159442979538873,0.0505390943618179,0.0011327296615595138,0.04940636470025839,0.013638947205006614,0.03690014715681129,SLV,0.12125880730569877
GTM,2022,0.012670051267672513,0.023192083942866332,0.0006848028226444317,0.0225072811202219,0.003560078959419331,0.019632004983447002,SLV,0.12226390115409252
GTM,2023,0.011272536234338226,0.019797567015312198,0.0011735689799538469,0.01862399803535835,0.004325199388833296,0.0154723676264789,SLV,0.1243587803081387
HND,1991,0.008307703322712379,0.001248910113751178,0.0,0.001248910113751178,0.0003188381204371232,0.0009300719933140547,SLV,0.02149847585432376
HND,1992,0.025535833334021395,0.0031831575221820934,0.0,0.0031831575221820934,0.0014969214666295787,0.0016862360555525147,SLV,0.022057800124253964
HND,1993,0.01811951394046226,0.002691853795461878,0.0,0.002691853795461878,0.0014458560919721611,0.0012459977034897168,SLV,0.025566294633219775
HND,1994,0.02994690276700978,0.003994686159530417,0.0,0.003994686159530417,0.0015268267792783242,0.002467859380252093,SLV,0.033298037471948136
HND,1995,0.021895227786064335,0.006195986764943558,0.0,0.006195986764943558,0.0019654066507141317,0.004230580114229426,SLV,0.042491431969822344
HND,1996,0.024955816295997097,0.005422678737352435,0.0,0.005422678737352435,0.0030635913461232985,0.002359087391229137,NIC,0.04980560543633877
HND,1997,0.030328480517145803,0.007417383635132092,0.0,0.007417383635132092,0.002059069250423785,0.005358314384708307,NIC,0.052931634272033234
HND,1998,0.032250911102697614,0.007859460369221576,0.0,0.007859460369221576,0.0020085689221539336,0.005850891447067642,NIC,0.0551135887615208
HND,1999,0.031083259393218154,0.00823680516229466,0.0,0.00823680516229466,0.0038347762512767475,0.004402028911017913,NIC,0.056397841626481454
HND,2000,0.03130156236280263,0.0050409548027903935,2.296310743049898e-08,0.005040931839682963,0.001768123695288631,0.003272831107501762,NIC,0.04398645729207918
HND,2001,0.007794193683848993,0.003658681968917066,9.09884579781685e-07,0.0036577720843372842,0.0005912598778702911,0.003067422091046775,SLV,0.06751362666132689
HND,2002,0.01484849478239274,0.006126505253393033,1.4514703036614475e-05,0.006111990550356419,0.0013245139993478291,0.0048019912540452035,SLV,0.08486766890830046
HND,2003,0.016400040145502774,0.00759229600982167,2.8721165873849404e-05,0.0075635748439478205,0.0018099526899815245,0.005782343319840145,SLV,0.11652483192070143
HND,2004,0.021018197648903593,0.008454041910409504,9.326339347493635e-05,0.008360778516934567,0.0009914673944153296,0.007462574515994174,SLV,0.11197405191353049
HND,2005,0.02282389143431377,0.010192287803748389,0.0002711204991027931,0.009921167304645595,0.0030032852670467246,0.007189002536701664,SLV,0.11352367770357993
HND,2006,0.018823145272013828,0.015772854701935162,0.0006233441464479327,0.015149510555487229,0.004415549356724686,0.011357305345210476,SLV,0.10400268245225681
HND,2007,0.015472049675331135,0.013536431587171723,0.000804598427926852,0.01273183315924487,0.0017727422195692253,0.011763689367602498,SLV,0.09683378704378516
HND,2008,0.0012571671639080295,0.00949684607572525,0.0006234851576387402,0.00887336091808651,0.0019725916281021043,0.007524254447623146,SLV,0.09254378021634455
HND,2009,-0.01960613421066809,-0.00646566109695188,0.0006601586558860322,-0.007125819752837912,-0.001969629374294839,-0.004496031722657041,SLV,0.09241554482362968
HND,2010,0.016372562518746858,0.013533666919992159,0.0012204785714033304,0.012313188348588829,0.0019337548117737582,0.0115999121082184,SLV,0.09073230061334164
HND,2011,0.01237006723650048,0.01649624773311647,0.0016543783536529543,0.014841869379463515,0.0031319603112401465,0.013364287421876323,SLV,0.08455247611451651
HND,2012,0.008924963888210184,0.013755809141891912,0.0017672344464587364,0.011988574695433176,0.002269591387879527,0.011486217754012385,SLV,0.07972459010080972
HND,2013,0.007448812735715687,0.011954557578577347,0.0019012025402669757,0.01005335503831037,0.0015857603202094602,0.010368797258367887,SLV,0.07343402156558866
HND,2014,0.015069488440231845,0.012357543179724841,0.0020514277316519124,0.010306115448072929,0.0013006429686948373,0.011056900211030004,SLV,0.07585455282703861
HND,2015,0.014284476801399701,0.01223746648524146,0.0017235156659640804,0.01051395081927738,0.0018322400004846498,0.010405226484756811,SLV,0.07725636588070767
HND,2016,0.01048366611729351,0.009709651490264294,0.0012305993643944389,0.008479052125869855,0.0020857091006505264,0.007623942389613768,SLV,0.08318356299108028
HND,2017,0.01637416810285684,0.009888299551729214,0.0005798075474159597,0.009308492004313254,0.0018611512368717422,0.008027148314857471,SLV,0.08373230261450625
HND,2018,0.0160715928406789,0.0054712395140303315,0.0002665889846240456,0.005204650529406286,0.0019438265059304371,0.003527413008099894,SLV,0.08154340183987631
HND,2019,0.014286771286149616,0.0054925815713708585,0.00027897567069189194,0.005213605900678967,0.0018976165999149337,0.003594964971455925,SLV,0.07879590969980428
HND,2020,-0.026691921762460144,-0.01736280021429602,9.988503749760522e-05,-0.017462685251793626,-0.006188803757628075,-0.011173996456667945,SLV,0.07527073146382791
HND,2021,0.03822153859170362,0.029952933407090657,0.00041945775878083697,0.02953347564830982,0.00870607873285896,0.021246854674231697,SLV,0.07740250824260557
HND,2022,0.018453967019311443,0.01319457999317268,0.00011725223677727938,0.0130773277563954,0.0023123781709956997,0.01088220182217698,SLV,0.07941407461805645
HND,2023,0.012495228693532798,0.01263609273121847,0.00016607469017105222,0.012470018041047417,0.0028820871318643855,0.009754005599354083,SLV,0.08286620066251257
HRV,1994,0.017408882426527984,0.017119086210098985,0.0,0.017119086210098985,0.010869094984023121,0.0062499912260758645,SVN,0.20940705779462823
HRV,1995,0.015591847805447069,0.017923087309280376,0.00015952873111677114,0.017763558578163606,0.006823252131958632,0.011099835177321745,SVN,0.1695186945794997
HRV,1996,0.008703218833605704,0.04005902961089355,0.00028053073842065467,0.039778498872472895,0.004470462312841183,0.03558856729805236,SVN,0.15697206363604413
HRV,1997,0.013775756242362913,0.06364374794326559,0.00048305299350519026,0.0631606949497604,0.006754060880164753,0.05688968706310084,SVN,0.13395375441725832
HRV,1998,0.012975148010130071,0.03427588653296553,0.0003803054518369772,0.033895581081128556,0.0039697882828922835,0.030306098250073247,SVN,0.13154455987225697
HRV,1999,0.012376858541773828,0.03523911190163877,0.0002489900836834466,0.03499012181795532,0.012932292655914395,0.02230681924572437,BIH,0.1421891457417264
HRV,2000,0.020212492197585075,0.033022012442731855,0.0001255566024313237,0.03289645584030053,0.007681509709105815,0.02534050273362604,BIH,0.14568114963659234
HRV,2001,0.010267343638584066,0.010701348660248895,8.692761456631592e-05,0.010614421045682578,0.0031916235460404648,0.00750972511420843,BIH,0.13329146724366076
HRV,2002,0.003972803143873113,0.01553600581896214,6.626451028653597e-05,0.015469741308675605,0.006143114538832744,0.009392891280129396,BIH,0.12523538957884447
HRV,2003,0.0035076695936527374,-0.0008970355628767409,5.9856908606841584e-05,-0.0009568924714835825,0.004950977240481491,-0.005848012803358232,BIH,0.13049701155613727
HRV,2004,0.010435552339582068,0.020604562392665986,5.6723021648337174e-05,0.02054783937101765,0.008746765215448189,0.011857797177217798,BIH,0.14260326676734758
HRV,2005,0.010078009848837983,0.017583527904193683,7.91302719353579e-05,0.017504397632258327,0.0057685431182066685,0.011814984785987016,BIH,0.15089363158581376
HRV,2006,0.016738302975797953,0.023668868412698545,0.0001101751885519483,0.023558693224146596,0.007954421214718599,0.015714447197979944,BIH,0.1508693034222533
HRV,2007,0.013344220364569406,0.02599770237051261,0.00016655598631447327,0.025831146384198138,0.008244741736421363,0.01775296063409125,BIH,0.14479396921041468
HRV,2008,-0.0004328360741212706,0.019784478581993743,0.0001394189036112152,0.019645059678382527,0.007568397707522553,0.01221608087447119,BIH,0.14283107971368914
HRV,2009,-0.024588295371886174,-0.016202836620262145,0.00017403467946004207,-0.01637687129972219,-0.00440910569595192,-0.011793730924310224,BIH,0.14453159459783224
HRV,2010,0.01085102734992197,0.013203003784232647,0.0002712484565603068,0.01293175532767234,0.001234007735091716,0.011968996049140932,BIH,0.14314213046437677
HRV,2011,0.008978668882104584,0.007884830816275636,0.00029638665047501716,0.0075884441658006195,0.0012809256623952305,0.006603905153880406,BIH,0.13411758372146002
HRV,2012,-0.003945323428278176,0.0042193171668373,0.00028957798120400835,0.0039297391856332915,-0.0010233829715190848,0.005242700138356385,BIH,0.12397308876460962
HRV,2013,-0.0008081631138086066,0.00931543532187903,0.00027854880361707397,0.009036886518261957,0.002895924638025553,0.006419510683853477,BIH,0.12466700812977505
HRV,2014,0.006289652722492818,0.010209792458194103,0.0003397125183406175,0.009870079939853485,0.0014552868252528588,0.008754505632941244,BIH,0.1268638357682436
HRV,2015,0.006650897246843666,0.01542530943973033,0.00033459630415877455,0.015090713135571556,0.005254893329020137,0.010170416110710193,BIH,0.12527263268836586
HRV,2016,0.008615285356246625,0.014978567291313296,0.0003773766514961107,0.014601190639817185,0.003659879098845231,0.011318688192468066,BIH,0.11469470272550512
HRV,2017,0.011353069309391964,0.020164855537720582,0.0003852022056201488,0.01977965333210043,0.006098149456714135,0.014066706081006446,SVN,0.12087565063667279
HRV,2018,0.007705301730718201,0.02075779937071569,0.00046320501085271793,0.020294594359862972,0.005094252192370351,0.01566354717834534,SVN,0.11886046303969056
HRV,2019,0.006684517320293831,0.01647390497048749,0.0004709251382338757,0.016002979832253614,0.003956791366012291,0.012517113604475199,SVN,0.11484878026872959
HRV,2020,-0.03292661309848019,-0.0179538205864182,0.00018791916157122527,-0.018141739747989428,-0.004546041881957814,-0.013407778704460388,SVN,0.10899697552856213
HRV,2021,0.030479003035923827,0.03467704636707713,0.0005982359218463242,0.034078810445230805,0.008659435123047036,0.02601761124403009,SVN,0.1074870702083164
HRV,2022,0.017512868767304533,0.01657077979639858,0.00019436080437756613,0.016376418992021014,0.0028328487468595185,0.013737931049539062,SVN,0.10636052337231656
HRV,2023,0.00266816275993109,0.009963030593576156,0.00022621107610329544,0.00973681951747286,0.002279973043809769,0.007683057549766387,SVN,0.10905935898484989
HTI,1991,0.0009779515710427937,8.793925968599906e-05,0.0,8.793925968599906e-05,0.00011726150011412049,-2.9322240428121424e-05,MEX,0.002544124175724655
HTI,1992,0.029574970054908677,0.00030726559112295113,1.1908317586606463e-05,0.00029535727353634467,7.522384846827884e-05,0.0002320417426546723,MEX,0.002124851801431298
HTI,1993,0.02401600629348315,0.00044589738586936516,7.731683954333556e-06,0.0004381657019150316,0.00028664685544265014,0.00015925053042671502,DOM,0.0040327685751657925
HTI,1994,0.03552366625924443,0.0002617238858284431,7.406826016276996e-06,0.0002543170598121661,9.493823163568244e-05,0.00016678565419276064,DOM,0.003707413902299829
HTI,1995,0.026596884494778934,0.00027153824810081565,0.0,0.00027153824810081565,0.00022930175576563506,4.223649233518059e-05,DOM,0.004136424431486272
HTI,1996,0.03168541454984755,0.00014262960110151854,0.0,0.00014262960110151854,7.801231713296488e-05,6.461728396855366e-05,DOM,0.0013473045852230748
HTI,1997,0.03876148426353729,0.0003636666218763125,0.0,0.0003636666218763125,0.00016667676982144069,0.00019698985205487182,DOM,0.0019550244284561365
HTI,1998,0.044584688171376854,0.0003157107175114553,0.0,0.0003157107175114553,0.0001497859664627868,0.00016592475104866848,PAN,0.0018597209462497095
HTI,1999,0.043792417792749616,0.0003326682621709206,0.0,0.0003326682621709206,0.00013950439844251781,0.00019316386372840279,DOM,0.002411135350400312
HTI,2000,0.036942821430040906,0.000753794204080913,0.0,0.000753794204080913,0.0003928023617753635,0.0003609918423055495,DOM,0.008639118866529941
HTI,2001,0.007068634009206471,-0.007954571391187552,2.1717909397185414e-06,-0.00795674318212727,-0.008324162266403404,0.0003695908752158524,URY,0.21235261514442272
HTI,2002,0.008677766213640768,-0.030996904107767738,9.683373958086857e-06,-0.031006587481725825,-0.03410770265224751,0.0031107985444797717,URY,0.4238413454467045
HTI,2003,0.0027219769241806193,0.008150196208323253,1.1284778979079484e-05,0.008138911429344173,0.005115899956458473,0.0030342962518647796,URY,0.6378499528952798
HTI,2004,0.006578277299263085,0.03693004461814493,1.4783388159595737e-05,0.036915261229985334,0.03056292405399993,0.006367120564145002,URY,0.6259069408649343
HTI,2005,0.0066543135854157396,0.05085070979429097,8.304166244513357e-05,0.050767668131845835,0.043210411458977624,0.007640298335313343,URY,0.6005633786533608
HTI,2006,0.00887958478188078,0.032623247682566595,0.00017249777880832818,0.032450749903758264,0.022407332479716626,0.010215915202849968,URY,0.557840981706425
HTI,2007,0.00815869981978742,0.04420801269305525,0.0006111806845085977,0.04359683200854665,0.032940757521536745,0.011267255171518505,URY,0.5198574147736204
HTI,2008,0.0012360226091501416,0.0409587835500591,0.0006900766211542311,0.04026870692890487,0.025717746218138913,0.015241037331920188,URY,0.37108836326275213
HTI,2009,-0.00567538342060903,0.02367413786132637,0.0009301479428713775,0.022743989918454992,0.013066853187522624,0.010607284673803745,SEN,0.48129930800438125
HTI,2010,0.0013558651995999194,0.03851662038235987,0.0008900595147718042,0.03762656086758806,0.02454707955459081,0.013969540827769057,SEN,0.7361217758326117
HTI,2011,0.0015664705999407901,0.018219106381349343,0.0007588552359730282,0.017460251145376315,0.009658832055352696,0.008560274325996648,SEN,0.7288161864546451
HTI,2012,-0.00047260668943992055,0.03582972853362405,0.0005660377966555927,0.03526369073696846,0.028202793246513612,0.007626935287110441,SEN,0.7185522776700647
HTI,2013,0.0002838699035894706,0.02596788493798854,0.0006421827339111093,0.02532570220407743,0.016593317454476224,0.009374567483512317,SEN,0.6960997821729631
HTI,2014,0.0059056088318948825,0.03996815447591197,0.0005717227825416804,0.03939643169337029,0.029147369379617087,0.010820785096294881,SEN,0.48272763381768563
HTI,2015,0.01319842848082694,0.02370324553497396,0.0004472240334191279,0.02325602150155483,0.015603666034313929,0.00809957950066003,SEN,0.25620891983057814
HTI,2016,0.01093028512251161,0.015252207183147608,0.0005503501918792582,0.01470185699126835,0.004583606439652003,0.010668600743495606,IND,0.05976593826813135
HTI,2017,0.020157881208453087,0.009890008969908557,0.000723167828995807,0.00916684114091275,0.003988486485390499,0.005901522484518058,IND,0.061401103085591324
HTI,2018,0.021409839018211165,0.009601424020869718,0.0009058026513141829,0.008695621369555536,0.0035779550318009836,0.006023468989068735,IND,0.05866027734711824
HTI,2019,0.01975644433876462,0.004645475897745317,0.0007277811044370322,0.003917694793308285,0.0009506984417771482,0.003694777455968169,THA,0.03707520773333513
HTI,2020,-0.03157737102944273,-0.00822495071530278,0.00021494434956136884,-0.00843989506486415,-0.0030117019005158527,-0.005213248814786927,THA,0.04606263079855881
HTI,2021,0.049695817951595105,0.008176924277369674,0.0005380901943985628,0.0076388340829711115,0.0006380367972212764,0.007538887480148398,THA,0.047533027696719334
HTI,2022,0.022097060375172502,0.0055444201925502635,0.00017131965338366213,0.005373100539166602,0.0013056955504823866,0.004238724642067877,THA,0.04961356741868622
HTI,2023,0.023689063950654746,0.004711592029269212,0.00022069712933952927,0.0044908948999296825,0.0012392922835122533,0.0034722997457569587,THA,0.06423465754794909
HUN,1991,0.01456089197096368,-0.046754675127434975,0.0008020972181632278,-0.0475567723455982,-0.028406680855455727,-0.018347994271979248,SUN,0.21332678495952542
HUN,1992,0.008442494714348072,-0.03841451556401114,0.0007109604109141558,-0.03912547597492529,-0.032479465943237584,-0.005935049620773555,SUN,0.16875797239472148
HUN,1993,-0.0018654955652939672,-0.002213279823014746,0.0006498478500497402,-0.002863127673064486,-0.008023847761145767,0.005810567938131021,YUG,0.05164662712584122
HUN,1994,0.021230797243499994,0.007258906165823873,0.00047889568626002517,0.006780010479563847,0.002338756622951467,0.004920149542872405,YUG,0.042050684406637735
HUN,1995,0.01765496743092642,0.00783904513806593,0.0003494719708143298,0.0074895731672516,-0.0012958734279379953,0.009134918566003925,RUS,0.030312001292801823
HUN,1996,0.012229822480601855,0.006602412079580028,0.00030922996304873636,0.006293182116531291,-0.0018487001776397954,0.008451112257219824,RUS,0.05268254906292065
HUN,1997,0.017837176342659987,0.007399657896603776,9.221381821706862e-05,0.0073074440783867075,0.0008322441347081,0.006567413761895676,RUS,0.07032380862159442
HUN,1998,0.018946971005897196,0.0020343751392434004,6.91981729628247e-05,0.001965176966280576,-0.003218507383429732,0.005252882522673133,RUS,0.060552201790931126
HUN,1999,0.020713446181288203,0.006347329097026358,3.975287114515871e-05,0.0063075762258812,0.002748667614263566,0.003598661482762792,RUS,0.047515794617587225
HUN,2000,0.028680390355550103,0.009972347077534867,0.0001270832352936552,0.009845263842241212,0.003018729360717231,0.006953617716817635,RUS,0.031461916039864125
HUN,2001,0.014623488220500627,0.005331840824900065,0.00013330509094154586,0.005198535733958519,0.0002779031458561717,0.005053937679043894,POL,0.02188670797715071
HUN,2002,0.005533228667649083,0.006686880583909359,0.0002329873164909321,0.006453893267418427,0.0011914467752593802,0.0054954338086499795,ROU,0.021481914132783764
HUN,2003,0.0044265071547009175,0.008098398834366454,0.0003026944771337646,0.007795704357232689,0.000530626323648889,0.007567772510717565,ROU,0.022929477484855493
HUN,2004,0.014315003304532474,0.012607122701459337,0.0004048747095595295,0.012202247991899808,0.002459882965081272,0.010147239736378065,ROU,0.02479852802741303
HUN,2005,0.01444840721345512,0.010950596629652788,0.0005704366913803633,0.010380159938272425,0.00123934725905217,0.009711249370600618,ROU,0.027164082438035395
HUN,2006,0.026198275175526937,0.01681268421528481,0.0007180232500140268,0.016094660965270784,0.00248819145812167,0.014324492757163139,ROU,0.032218858901136224
HUN,2007,0.020759500000912437,0.019713245578098584,0.0010665155160680584,0.018646730062030527,0.0026044842253324985,0.017108761352766084,ROU,0.03729136547503121
HUN,2008,0.003025306511412047,0.014939254826464804,0.00086977931487269,0.014069475511592114,0.0037027095329662026,0.011236545293498601,ROU,0.04160599755870267
HUN,2009,-0.029955144237316468,-0.014707643513699697,0.0009264631884344763,-0.015634106702134172,-0.002642379554438693,-0.012065263959261004,ROU,0.046563938302719585
HUN,2010,0.016830447187630885,0.010955497389791083,0.0012092727401000268,0.009746224649691056,-0.002001498773181923,0.012956996162973005,ROU,0.05023685035328695
HUN,2011,0.01481547732101193,0.01475802042728111,0.0012675611424054318,0.013490459284875678,0.0023330863417563162,0.012424934085524794,ROU,0.05305506497539913
HUN,2012,0.00022461564840926953,0.0074456566537480385,0.0011920585605459872,0.006253598093202051,0.0010478091736351783,0.00639784748011286,ROU,0.0555656948061914
HUN,2013,0.0020722333546793217,0.0066656821587304715,0.0012181907038409884,0.005447491454889483,0.00016116297331924653,0.006504519185411225,ROU,0.05789006263120932
HUN,2014,0.010416876520665398,0.009688584994213614,0.0012183650641510355,0.008470219930062578,0.002380474231065573,0.007308110763148041,ROU,0.05901726036017481
HUN,2015,0.009970334170372333,0.010616569785061567,0.0011697819554200195,0.009446787829641548,0.0017842079735617133,0.008832361811499854,ROU,0.057402669043951034
HUN,2016,0.012108258555406586,0.01032741844389782,0.0010743170373682031,0.009253101406529615,0.0015799539235089872,0.008747464520388833,ROU,0.056030465669831206
HUN,2017,0.016581562949475815,0.01657601917229752,0.0010397498375995145,0.015536269334698007,0.00429351877945514,0.012282500392842382,ROU,0.05450752395793662
HUN,2018,0.009796556694001595,0.015354640779189854,0.0009842420569526353,0.01437039872223722,0.0032072981455349516,0.012147342633654903,ROU,0.053986534977255
HUN,2019,0.00895743233009803,0.012007096010363899,0.000873552279482684,0.011133543730881216,0.0020291910123650192,0.00997790499799888,ROU,0.05273001332382512
HUN,2020,-0.03598921739476922,-0.01299940341106543,0.0003187574499306576,-0.013318160860996088,-0.001968258955036419,-0.011031144456029011,ROU,0.052576707899216986
HUN,2021,0.03245179268221704,0.023640878760419756,0.0011314067113575323,0.022509472049062222,0.0029933121604287655,0.02064756659999099,SVK,0.05374959101580784
HUN,2022,0.01822796953200037,0.003860940717458299,0.0004549614641332955,0.0034059792533250037,0.0002405986710122202,0.003620342046446079,SVK,0.053624838532477986
HUN,2023,0.0027906187922705273,0.00878410899680296,0.0006943313369943926,0.008089777659808568,0.0012534942049633466,0.0075306147918396136,ROU,0.05276066109092574
IDN,1991,0.015821890796837663,0.016066804645402052,0.002937369671843479,0.013129434973558573,0.0048444499822540175,0.011222354663148033,SGP,0.07482674264797191
IDN,1992,0.009836227139390731,0.022261973982574495,0.0049548858679987606,0.017307088114575736,0.005092859776734972,0.01716911420583952,SGP,0.07922108958208841
IDN,1993,0.00602996000060831,0.026328917059055816,0.005035889742621172,0.021293027316434645,0.009337594894719987,0.01699132216433583,SGP,0.08606676042203337
IDN,1994,0.01253611676296225,0.029211677729408216,0.004890508530705409,0.024321169198702808,0.009688346316513283,0.01952333141289493,SGP,0.0920755453751164
IDN,1995,0.016424876693427584,0.02552456955217873,0.0037129848572723997,0.02181158469490633,0.006869066750444005,0.018655502801734725,SGP,0.09912563974782188
IDN,1996,0.018538556384778804,0.025747639716735046,0.0033301652548453453,0.0224174744618897,0.006861600923205774,0.01888603879352927,SGP,0.09522793767209797
IDN,1997,0.014641151294885756,0.024554916143677122,0.0035461728400190125,0.02100874330365811,0.007616013456748111,0.016938902686929012,SGP,0.09533766247385493
IDN,1998,0.009785620030103179,-0.0033881307876917786,0.003219953130438276,-0.0066080839181300545,-0.0021058237083909,-0.0012823070793008787,SGP,0.09505498900821766
IDN,1999,0.012461419474489758,0.024927279632012207,0.0029334635120294283,0.02199381611998278,0.005872568234039028,0.019054711397973177,SGP,0.10560558197899345
IDN,2000,0.018571947633588336,0.03297193824949467,0.003430480529480254,0.029541457720014413,0.009366480045084126,0.02360545820441054,SGP,0.10824651484617229
IDN,2001,0.005735897336379945,0.00905190576122826,0.003219791905495053,0.005832113855733206,-0.0011715015870216896,0.01022340734824995,SGP,0.10881111920107063
IDN,2002,0.006444383707686123,0.02241120615640465,0.003627033376466546,0.018784172779938102,0.003880981080598395,0.018530225075806254,SGP,0.10084785633210293
IDN,2003,0.009814950435515222,0.023039381555458933,0.004196203586110539,0.018843177969348396,0.004371721301594431,0.0186676602538645,SGP,0.09828829812152245
IDN,2004,0.013943533114787559,0.03507187730701842,0.0049627876469629335,0.030109089660055485,0.00876938853616691,0.026302488770851506,SGP,0.09253883086008813
IDN,2005,0.012770963238244549,0.030876941679337966,0.006354761041676599,0.024522180637661366,0.006304086569744323,0.024572855109593644,SGP,0.08869454240711708
IDN,2006,0.011015007419413041,0.03597439880796377,0.008165402915866208,0.027808995892097562,0.007585590539946979,0.02838880826801679,SGP,0.08795931016440243
IDN,2007,0.010524262241884455,0.03777019765725531,0.009953754612251575,0.027816443045003737,0.007602020287789004,0.03016817736946631,SGP,0.08801170686671221
IDN,2008,-0.0014047077636366327,0.021294785515518343,0.007714748145654823,0.013580037369863521,0.0016755723681432604,0.019619213147375084,SGP,0.09075134686781032
IDN,2009,-0.01889260482931007,0.010461647126113244,0.007454063148531407,0.003007583977581837,0.00011707322296671116,0.010344573903146533,SGP,0.09155530243541093
IDN,2010,0.013009994633913563,0.04712619321934634,0.009010178196799598,0.038116015022546745,0.012389471341282855,0.03473672187806349,SGP,0.09138320960653615
IDN,2011,0.004296587910042031,0.031561949883518355,0.00863280775222842,0.022929142131289937,0.00863280775222842,0.022929142131289937,CHN,0.09441551618045109
IDN,2012,0.004589009731771055,0.029378595490426644,0.007942633012864422,0.021435962477562222,0.007942633012864422,0.021435962477562222,CHN,0.10368783961951879
IDN,2013,0.005222738206891813,0.029296343648028383,0.008102603247741482,0.021193740400286903,0.008102603247741482,0.021193740400286903,CHN,0.10876955145444936
IDN,2014,0.005234581925259052,0.03034436432587527,0.008465571402697119,0.021878792923178153,0.008465571402697119,0.021878792923178153,CHN,0.11686784992350473
IDN,2015,0.007056666067425889,0.02804896078083835,0.007602984087403749,0.0204459766934346,0.007602984087403749,0.0204459766934346,CHN,0.11256585160676036
IDN,2016,0.005236902036622828,0.029354785483845194,0.007122735792128665,0.022232049691716528,0.007122735792128665,0.022232049691716528,CHN,0.1079384780723495
IDN,2017,0.008070113358117508,0.030926057235806506,0.0070494561924140465,0.02387660104339246,0.0070494561924140465,0.02387660104339246,CHN,0.10521870125609585
IDN,2018,0.006821779200768057,0.03012111764980726,0.007658003712326434,0.022463113937480825,0.007658003712326434,0.022463113937480825,CHN,0.11750154372958461
IDN,2019,0.004212566516428954,0.024285840600101385,0.007765510479260909,0.016520330120840476,0.007765510479260909,0.016520330120840476,CHN,0.13430591683552892
IDN,2020,-0.013534696505031158,-0.016974202190163133,0.003363298380761258,-0.02033750057092439,0.003363298380761258,-0.02033750057092439,CHN,0.15134219859886133
IDN,2021,0.015841694827636445,0.04279723649925997,0.013863944623989655,0.028933291875270314,0.013863944623989655,0.028933291875270314,CHN,0.17068475882929607
IDN,2022,0.007850546933194154,0.031044988093446434,0.006509868360644175,0.024535119732802257,0.006509868360644175,0.024535119732802257,CHN,0.19794133779967563
IDN,2023,0.005754831674296768,0.02688637060537645,0.010412166950711519,0.016474203654664933,0.010412166950711519,0.016474203654664933,CHN,0.21757276711456164
IND,1991,0.0074390827426988404,-0.020522595287440326,9.88900319088772e-05,-0.020621485319349202,-0.023414267057283476,0.0028916717698431495,SUN,0.17583505580711672
IND,1992,0.009499374997531928,-0.010961169758101918,0.00026608072650585805,-0.011227250484607775,-0.026338241774370417,0.015377072016268499,SUN,0.13684917991116582
IND,1993,0.00745596299588619,0.015093470448510355,0.00044686954851705775,0.014646600899993298,0.002471073701893939,0.012622396746616416,HKG,0.04107216623094418
IND,1994,0.017449812647372952,0.016382253279097894,0.00098305070843424,0.015399202570663654,0.0027590733603500553,0.013623179918747837,HKG,0.047076125708231886
IND,1995,0.015071044712830092,0.017867213308848186,0.000994592312411959,0.016872620996436227,0.0012419680156750832,0.016625245293173104,HKG,0.05293681992493098
IND,1996,0.015229388992978408,0.019790556297128295,0.0010427882392470284,0.018747768057881267,0.002528712228669724,0.01726184406845857,HKG,0.060637637088293575
IND,1997,0.01851205539234759,0.021421489425368277,0.001131957871761433,0.020289531553606844,0.00300108428124938,0.018420405144118898,HKG,0.06033462631997672
IND,1998,0.017500976338684807,-0.002430599530057224,0.0012330145709302583,-0.003663614100987482,-0.003595464372182518,0.0011648648421252938,HKG,0.05930403237208296
IND,1999,0.018501308667621234,0.01564413653231427,0.0012622363804528367,0.014381900151861433,0.001402521298750908,0.01424161523356336,HKG,0.05664936408688185
IND,2000,0.02142849793229752,0.029096143906128937,0.0013918877421354036,0.027704256163993534,0.004390791584824583,0.024705352321304355,HKG,0.05946344932529873
IND,2001,0.007845624374983002,0.009423168813647069,0.0012363202477079541,0.008186848565939115,0.0003463238117697887,0.00907684500187728,HKG,0.061925367439553375
IND,2002,0.008432046718590375,0.01593944806657311,0.001593949861633758,0.014345498204939352,0.001027668757370892,0.014911779309202218,HKG,0.06254229707148748
IND,2003,0.009919484853729399,0.02434956787496645,0.0023477120925927833,0.022001855782373667,0.005195263826085651,0.0191543040488808,ARE,0.06159460211597936
IND,2004,0.01364118201770851,0.03689626559716554,0.0033063585749086456,0.03358990702225689,0.0061434976971794335,0.030752767899986103,ARE,0.06724422969712873
IND,2005,0.013404377856042477,0.031840439934779335,0.0048312962442846755,0.02700914369049466,0.003601096729249034,0.0282393432055303,ARE,0.07595718691611934
IND,2006,0.012259519832085633,0.04026074699817927,0.006646660643066362,0.033614086355112906,0.007807391564749421,0.03245335543342985,ARE,0.08320727378288068
IND,2007,0.010367745895150677,0.03695451377522269,0.008300753258125277,0.028653760517097414,0.002774964127068808,0.03417954964815388,ARE,0.08852488122402055
IND,2008,0.0005985968282859837,0.025786127824535408,0.006234126550864251,0.019552001273671155,0.002864497449082885,0.02292163037545252,ARE,0.0911695957835338
IND,2009,-0.013444498892405263,0.003972801404091868,0.005525488259397156,-0.0015526868553052877,-0.005682987156696676,0.009655788560788544,ARE,0.10552800019771263
IND,2010,0.008443620510917977,0.03796112902267127,0.006200825869028962,0.03176030315364231,0.0018687592310325516,0.03609236979163872,ARE,0.11752419887515697
IND,2011,0.005685720429600169,0.036655836128473694,0.006040555506728292,0.030615280621745403,0.008496859404478687,0.028158976723995005,ARE,0.1303347075176899
IND,2012,0.002623273507602173,0.029441302444514122,0.0053291654008487815,0.02411213704366534,0.006046427709323998,0.023394874735190124,ARE,0.1321058367346819
IND,2013,0.0033151127976536253,0.028499600716482155,0.004875807108958267,0.02362379360752389,0.006280240370521727,0.022219360345960427,ARE,0.13080215671793863
IND,2014,0.007065178390272403,0.027811460847699056,0.003968244510607416,0.02384321633709164,0.0054829786448780645,0.022328482202820993,ARE,0.12107074175993032
IND,2015,0.007335476067270562,0.025845300412288004,0.003174592390128432,0.02267070802215957,0.007666748627017618,0.018178551785270385,ARE,0.11195985793505298
IND,2016,0.005725013306000414,0.025391404536122528,0.0027906594466514992,0.02260074508947103,0.005984050198150403,0.019407354337972124,ARE,0.10872881783875082
IND,2017,0.00888589767067032,0.02090942807806586,0.002538929372175499,0.018370498705890363,-0.001207153964024226,0.022116582042090088,ARE,0.11313264256386599
IND,2018,0.00835579548545964,0.022195017828542777,0.002478502932735045,0.01971651489580773,0.0017083765098710787,0.0204866413186717,ARE,0.11199266690134922
IND,2019,0.007208858221128617,0.0162613459678833,0.002475028671084293,0.013786317296799008,0.0013106352225194034,0.014950710745363898,ARE,0.10374443334382438
IND,2020,-0.01687981373368845,-0.022783501558400636,0.0010928468334851491,-0.023876348391885786,-0.008666503064687123,-0.014116998493713513,ARE,0.09529184214669184
IND,2021,0.022141681477766042,0.033427886537148746,0.004705194035834257,0.02872269250131449,0.0037019305223264477,0.029725956014822297,ARE,0.0831492435273151
IND,2022,0.011659950268563608,0.026856185700852526,0.001986321769856633,0.024869863930995894,0.00539871937356475,0.021457466327287775,ARE,0.07451094297421991
IND,2023,0.007514187625576217,0.018500324747169453,0.002570160071392424,0.015930164675777028,0.0028092013235314606,0.015691123423637994,ARE,0.06670621491773658
IRN,1991,0.015882329504994054,0.00335484794703639,0.0003335565746182705,0.0030212913724181195,0.0005059841572684144,0.0028488637897679755,BRA,0.04927193470599147
IRN,1992,0.007524446156753234,0.005286274353825114,0.0003186162472917153,0.004967658106533398,-0.0002749504773867773,0.005561224831211891,BRA,0.05039819221598149
IRN,1993,0.0025273477289671476,0.01461771127923438,0.0006069079696927097,0.01401080330954167,0.002448681869654444,0.012169029409579937,BRA,0.05093731562530018
IRN,1994,0.01508840268934005,0.013896858838473754,0.00137416140680848,0.012522697431665274,-0.0023788284341397,0.016275687272613453,TUR,0.04240240655116897
IRN,1995,0.015567648197800066,0.019942001034740878,0.001491352485921288,0.01845064854881959,0.003587263774794975,0.016354737259945903,TUR,0.05165683060586263
IRN,1996,0.015051998197270156,0.021762312456704742,0.0014481787074278741,0.020314133749276868,0.00420571215759347,0.017556600299111273,KOR,0.05577436266012328
IRN,1997,0.017783376475018455,0.018719615738795783,0.0008628688332787413,0.017856746905517043,0.0040722793843857436,0.01464733635441004,KOR,0.06742663286596967
IRN,1998,0.011898332486930523,0.0013514726449552342,0.00118364323649205,0.00016782940846318426,-0.0038950909949378876,0.005246563639893122,KOR,0.07398964201535108
IRN,1999,0.012782866623334924,0.01934461243645296,0.0014976515335949619,0.017846960902858,0.0076991744232863075,0.011645438013166653,KOR,0.07099641099055558
IRN,2000,0.02349878957932211,0.029285821082312733,0.002840675669791729,0.026445145412521003,0.006947038020257008,0.022338783062055726,ARE,0.06742593437360436
IRN,2001,0.010459219716025073,0.008894037079847353,0.0035862687583016885,0.005307768321545664,0.0033817303864855674,0.005512306693361786,KOR,0.07261893080457432
IRN,2002,0.005635763842911883,0.026112198331540402,0.0062401959565763125,0.01987200237496409,0.006718427464415352,0.01939377086712505,KOR,0.08534631553047536
IRN,2003,0.007244011572862766,0.02849639048778921,0.008910939660504113,0.0195854508272851,0.008910939660504113,0.0195854508272851,CHN,0.09527761406850782
IRN,2004,0.011743391423948467,0.03627885433064011,0.010644525605728204,0.025634328724911906,0.010644525605728204,0.025634328724911906,CHN,0.10890399820769665
IRN,2005,0.00919102100062411,0.03668642794708975,0.011992085988318375,0.024694341958771373,0.011992085988318375,0.024694341958771373,CHN,0.1116760816385455
IRN,2006,0.012276091142295052,0.03874341546374479,0.014128811143231128,0.024614604320513662,0.014128811143231128,0.024614604320513662,CHN,0.11793547281103878
IRN,2007,0.010135932147534263,0.0421869545124957,0.01697443805223746,0.02521251646025824,0.01697443805223746,0.02521251646025824,CHN,0.12789216204184284
IRN,2008,-0.0015235013602772859,0.025871552786702022,0.013474389458462712,0.01239716332823931,0.013474389458462712,0.01239716332823931,CHN,0.14291516870318022
IRN,2009,-0.018416352713760933,0.01902300390845833,0.013936365609190142,0.005086638299268188,0.013936365609190142,0.005086638299268188,CHN,0.1574555769488137
IRN,2010,0.006773477475853242,0.051452832370947735,0.01769867763240667,0.03375415473854106,0.01769867763240667,0.03375415473854106,CHN,0.17585510339879837
IRN,2011,-0.000615885562595482,0.04219094722606552,0.01731402136019687,0.02487692586586865,0.01731402136019687,0.02487692586586865,CHN,0.18936043878196743
IRN,2012,-0.0036900191190313053,0.033174212795159926,0.016286400728455896,0.01688781206670403,0.016286400728455896,0.01688781206670403,CHN,0.21261232943486297
IRN,2013,0.00022869192791560093,0.04133515438280958,0.017998747032200377,0.023336407350609205,0.017998747032200377,0.023336407350609205,CHN,0.24161563655239193
IRN,2014,0.0013249235736071533,0.04565463995155501,0.02193725226671784,0.023717387684837173,0.02193725226671784,0.023717387684837173,CHN,0.3028454174781438
IRN,2015,0.001923615849381421,0.05087324406759922,0.024062970539990146,0.026810273527609077,0.024062970539990146,0.026810273527609077,CHN,0.3562639011056154
IRN,2016,0.001120768278476711,0.048313248137328964,0.025794172517010005,0.02251907562031896,0.025794172517010005,0.02251907562031896,CHN,0.3908868454307243
IRN,2017,0.0026261897394007677,0.04950326114978898,0.024361002782695262,0.025142258367093717,0.024361002782695262,0.025142258367093717,CHN,0.36360720658845147
IRN,2018,0.002145674725502214,0.04037480030243282,0.020640321441501307,0.01973447886093151,0.020640321441501307,0.01973447886093151,CHN,0.31669736964837186
IRN,2019,0.0019188206177040987,0.02975627677095165,0.016470282675685937,0.013285994095265714,0.016470282675685937,0.013285994095265714,CHN,0.28485653598768473
IRN,2020,-0.011401439939577042,-0.008386096137532311,0.0072812188834036826,-0.015667315020935994,0.0072812188834036826,-0.015667315020935994,CHN,0.32764136557055634
IRN,2021,0.005721331729232973,0.053837448892630535,0.03184533872766987,0.021992110164960665,0.03184533872766987,0.021992110164960665,CHN,0.39206114190359376
IRN,2022,0.0017328795061706912,0.03104841309088375,0.013798938983217893,0.017249474107665856,0.013798938983217893,0.017249474107665856,CHN,0.4195753725324125
IRN,2023,0.0004277814365215786,0.038341121196036526,0.01863114981419571,0.019709971381840816,0.01863114981419571,0.019709971381840816,CHN,0.3893167328942517
IRQ,1991,0.006900760325803955,-8.887545024294577e-05,0.0005703643868923727,-0.0006592398371353185,0.0010423590064430012,-0.001131234456685947,BRA,0.10150326678789026
IRQ,1992,0.008623597986519568,0.040888517057808674,0.000460345076704022,0.040428171981104655,0.03699070391781598,0.003897813139992691,JOR,0.2758610728765553
IRQ,1993,-0.0015226580831119462,0.023398522508494567,0.0003374925991248536,0.023061029909369715,0.017565465214951878,0.005833057293542689,JOR,0.4001941819915974
IRQ,1994,0.0035917856841926176,0.033975196601515954,0.00011052280959068587,0.033864673791925266,0.03263902170548273,0.0013361748960332223,JOR,0.6727150088371302
IRQ,1995,0.004165849208611338,0.05176415101954824,0.00014202378334446782,0.05162212723620377,0.04996432117508027,0.0017998298444679706,JOR,0.8304951345620993
IRQ,1996,0.0003977898383296028,0.02181994188083023,0.00014127511410896761,0.021678666766721262,0.01935065033133947,0.0024692915494907604,JOR,0.9368069518642445
IRQ,1997,6.201941774528281e-05,0.033410507102216463,0.0001087069749389367,0.03330180012727753,0.031136056209491926,0.0022744508927245374,JOR,0.9565926492595066
IRQ,1998,0.007173821881101352,0.022493077170654695,0.0003228262942425561,0.02217025087641214,0.020252265695706175,0.0022408114749485203,JOR,0.6824225546634336
IRQ,1999,0.016647433293374564,0.016626836877087697,0.0005237396517129932,0.016103097225374702,0.01265305209661906,0.003973784780468637,JOR,0.3795860120089087
IRQ,2000,0.029582440634305453,0.011829566376017637,0.0009172530425935209,0.010912313333424116,0.0036610544242772582,0.008168511951740379,JOR,0.08804744865154973
IRQ,2001,0.012214370658609443,0.007893613210537284,0.0015615918380158741,0.006332021372521411,0.002382708322947563,0.005510904887589721,JOR,0.04639448011677271
IRQ,2002,0.014027502238695044,0.009639230062959438,0.0016203436447464977,0.008018886418212941,0.0026121374944345316,0.007027092568524906,JOR,0.04645680554030283
IRQ,2003,0.016449477912598914,0.009887009880044144,0.0017055687991106806,0.008181441080933462,0.0023963835233331825,0.007490626356710961,JOR,0.05877219758886722
IRQ,2004,0.02388461909697784,0.013358963397331976,0.0005250447623884384,0.012833918634943538,0.004817617270620751,0.008541346126711225,JOR,0.058609146412187965
IRQ,2005,0.02589839824805564,0.012465173083910314,0.0010042927106751183,0.011460880373235196,0.0030146452810489114,0.009450527802861403,TWN,0.05015721232365077
IRQ,2006,0.021109115124451974,0.010708248760875443,0.0016099843419337047,0.009098264418941737,0.0020815287487286056,0.008626720012146837,TWN,0.03671428046373688
IRQ,2007,0.01577975097069937,0.014184018496858793,0.002759855754146017,0.011424162742712777,0.003438797277848153,0.01074522121901064,IND,0.04681070636406182
IRQ,2008,0.00016065306716513386,0.009012622717774027,0.001987351449730537,0.00702527126804349,0.003111813358602963,0.005900809359171064,IND,0.10124564920473791
IRQ,2009,-0.021368965769459576,0.013120686321654036,0.0018517227679113013,0.011268963553742736,0.01151448158751812,0.001606204734135917,IND,0.1511391409895472
IRQ,2010,0.012138131088896756,0.033912188373835785,0.004059719726235519,0.029852468647600265,0.01304455262621121,0.020867635747624576,IND,0.15211943618770116
IRQ,2011,0.0071643803487115385,0.02461309254399687,0.006685139587979916,0.017927952956016957,0.006923393823520533,0.01768969872047634,IND,0.14328637585327256
IRQ,2012,0.0019496005790678103,0.022924850354727803,0.008387384722897982,0.01453746563182982,0.009176200032166754,0.013748650322561048,IND,0.16665886608410962
IRQ,2013,0.003854125787895165,0.027840824839064228,0.009440027556788126,0.018400797282276102,0.011181560101885186,0.01665926473717904,IND,0.18443925532008043
IRQ,2014,0.008201893821229583,0.033286171856837674,0.01115471255457802,0.022131459302259654,0.015421377283229409,0.017864794573608265,IND,0.2115218807842076
IRQ,2015,0.007382630594986766,0.034117690835958184,0.012819905603308932,0.021297785232649254,0.015029817695760775,0.019087873140197407,IND,0.1998023680455864
IRQ,2016,0.004716207403813488,0.0365415357125799,0.014703502150671422,0.021838033561908478,0.014703502150671422,0.021838033561908478,CHN,0.22281798606525124
IRQ,2017,0.007966126651879417,0.03523978932812234,0.015258846339551348,0.019980942988570994,0.015258846339551348,0.019980942988570994,CHN,0.22775033288973814
IRQ,2018,0.007497697257899864,0.03388443424609778,0.013941248577357835,0.019943185668739944,0.013941248577357835,0.019943185668739944,CHN,0.213909302070549
IRQ,2019,0.006583145312561125,0.026077692773666897,0.01232222944542771,0.013755463328239187,0.008866558485568799,0.017211134288098097,IND,0.21846734728522352
IRQ,2020,-0.019145804677937733,-0.010990106575651082,0.005055690723045261,-0.016045797298696342,-0.013504855828840775,0.0025147492531896933,IND,0.23086720652413104
IRQ,2021,0.01746828172281024,0.05988785270116347,0.020754554314473754,0.03913329838668972,0.020754554314473754,0.03913329838668972,CHN,0.25551790589567797
IRQ,2022,0.009381838398328018,0.037128123739397015,0.009189714025803833,0.027938409713593182,0.009189714025803833,0.027938409713593182,CHN,0.2794256638522955
IRQ,2023,0.003914938480517668,0.042492452903416515,0.013949211880787663,0.028543241022628854,0.013949211880787663,0.028543241022628854,CHN,0.2914829009501135
JAM,1991,0.0010101928493500864,-0.0019992730953291957,1.8380950362429795e-05,-0.0020176540456916256,0.002425357551622303,-0.004424630646951498,GHA,0.04712128030862507
JAM,1992,0.016438618070811588,-0.0028354660096312043,1.620633457221733e-05,-0.002851672344203422,0.001586143649686793,-0.004421609659317998,GHA,0.041673997537639035
JAM,1993,0.02046776205449436,0.002807162652860578,1.0748116032217063e-05,0.002796414536828361,0.0018129928206487684,0.0009941698322118095,GHA,0.0382807346517435
JAM,1994,0.033357971923731175,0.0028904682031923533,1.553349803587247e-05,0.002874934705156481,0.0010529173721214938,0.0018375508310708596,GHA,0.0324301766544874
JAM,1995,0.024362148948357764,0.00361227668269317,1.3152639419531609e-05,0.0035991240432736386,0.00127366798115666,0.00233860870153651,GHA,0.03160382964653129
JAM,1996,0.02715108110734203,0.0037773050392709067,8.013975593301074e-05,0.003697165283337896,0.001556414054599301,0.0022208909846716056,GHA,0.03458930745687679
JAM,1997,0.036202868756220356,0.004905830795358826,7.174573748301301e-05,0.004834085057875813,0.0015642775259077002,0.003341553269451125,GHA,0.03805396435164815
JAM,1998,0.03471733654485136,0.0033565227200694054,6.0726659988870136e-05,0.0032957960600805353,0.001963924850415223,0.0013925978696541822,GHA,0.042756586182122504
JAM,1999,0.034752857873805124,0.0058981474892656,0.00011673655950170442,0.005781410929763895,0.00230362190554992,0.00359452558371568,RUS,0.03982235784809923
JAM,2000,0.03445169778884363,0.00850358729141756,0.0002743052208400415,0.008229282070577519,0.0046269892566211885,0.0038765980347963717,RUS,0.048223583539327854
JAM,2001,0.013190541699062835,0.00412562738335551,0.000497034875233076,0.0036285925081224342,0.001935450387588228,0.0021901769957672823,RUS,0.03886226304175919
JAM,2002,0.015702875514335045,0.005233504203891194,0.0012496846497416466,0.003983819554149547,0.0010359522462510017,0.004197551957640192,RUS,0.021837231237920345
JAM,2003,0.017444489901950737,0.007882186466200172,0.0024128763117251227,0.005469310154475049,0.0024128763117251227,0.005469310154475049,CHN,0.025798973708973043
JAM,2004,0.024488346227766446,0.010870072662000596,0.004837800749854647,0.0060322719121459496,0.004837800749854647,0.0060322719121459496,CHN,0.04949547435987601
JAM,2005,0.02428797841692524,0.014161855743492616,0.00865455916103794,0.005507296582454675,0.00865455916103794,0.005507296582454675,CHN,0.08059542404508946
JAM,2006,0.022199697375515755,0.01873568599401066,0.01088399517256962,0.00785169082144104,0.01088399517256962,0.00785169082144104,CHN,0.09085046885668203
JAM,2007,0.01901132350836989,0.02104555451392224,0.015053149041579665,0.005992405472342574,0.015053149041579665,0.005992405472342574,CHN,0.1134164071023225
JAM,2008,0.00379699539750768,0.01232919039831954,0.007798012718706393,0.004531177679613148,0.007798012718706393,0.004531177679613148,CHN,0.08270907610908679
JAM,2009,-0.02731052189936594,0.0012814465224096627,0.005273500777138887,-0.003992054254729224,0.005273500777138887,-0.003992054254729224,CHN,0.05958096469978252
JAM,2010,0.018989486605700705,0.00582916766724953,0.0014472162763805672,0.0043819513908689624,0.0011867212844519173,0.004642446382797613,RUS,0.029545387931601313
JAM,2011,0.015963251759007875,0.006447162829790766,0.000446582928354625,0.006000579901436141,0.0011905683162674438,0.005256594513523322,RUS,0.02808238280747434
JAM,2012,0.016245317729442942,0.005785827604389082,0.0006733427632641978,0.005112484841124884,0.0014539213538015876,0.004331906250587494,TJK,0.020103870112287828
JAM,2013,0.013472471422491247,0.005147657311564193,0.0005090807609488961,0.004638576550615297,-0.00019692338161413436,0.005344580693178327,SVN,0.02380625633833661
JAM,2014,0.02107151732642738,0.00640193163022624,0.000692634640204112,0.005709296990022128,0.001014863947821843,0.005387067682404397,SVN,0.03723780207981578
JAM,2015,0.017544527872071846,0.004645385356321786,0.0009504413104953842,0.003694944045826401,0.0009238641085861681,0.0037215212477356174,SVN,0.039062247243245675
JAM,2016,0.014597285127590495,0.0025532816192683164,0.0012795366428088296,0.0012737449764594869,5.495829391937138e-05,0.002498323325348945,RUS,0.0456978158860873
JAM,2017,0.02129254971843731,0.004474560547772271,0.0016225096882580739,0.002852050859514197,0.0011481348499857282,0.003326425697786543,RUS,0.06027525714389044
JAM,2018,0.021551446136107977,0.006297154112350976,0.0013436282968199806,0.0049535258155309955,0.0015303420313601058,0.00476681208099087,RUS,0.05718480355281034
JAM,2019,0.01660885423077703,0.004194452404766599,0.0011196420797915374,0.0030748103249750615,0.0010476480275887344,0.003146804377177865,RUS,0.046146913617505544
JAM,2020,-0.029530095973796716,-0.01283121055491657,0.00036083815370742704,-0.013192048708623998,-0.0010271658329635079,-0.011804044721953063,RUS,0.03761761139249837
JAM,2021,0.045798965644021875,0.01183766584066218,0.00138725297229036,0.01045041286837182,0.0024091410959744884,0.00942852474468769,RUS,0.04214849458070161
JAM,2022,0.027752423796886895,0.013630508708739126,0.00045980432164998336,0.013170704387089142,-0.0005279544269443278,0.014158463135683454,RUS,0.04012395754368687
JAM,2023,0.020560701819045495,0.010006566224868322,0.0005286256160878295,0.009477940608780492,0.001665576128937105,0.008340990095931217,RUS,0.04655545804863434
JOR,1991,0.0013572652699821843,-0.17907991611024313,0.0026428460010615253,-0.18172276211130464,0.007390159648840566,-0.1864700757590837,IND,0.21126984098432994
JOR,1992,0.0010255335566321708,0.07656297829644788,0.00545534882299811,0.07110762947344977,0.004784602888996866,0.07177837540745102,IND,0.19376657174229492
JOR,1993,0.0004262691182142505,0.07596177130006976,0.004783085131530418,0.07117868616853934,0.009782950551325494,0.06617882074874426,IND,0.19360368086777086
JOR,1994,0.002386229384427175,0.036653729734917304,0.004533147705524046,0.03212058202939326,0.008151094767453074,0.02850263496746423,IND,0.16027031926753108
JOR,1995,0.002768512353241246,0.04065616513603302,0.0022756993500739476,0.03838046578595907,0.009578418060547149,0.03107774707548587,IND,0.14381468097935493
JOR,1996,0.0031200014540627556,0.0610601920790613,0.0017394936025953765,0.05932069847646592,0.01799934878848417,0.04306084329057713,IRQ,0.17395391078737257
JOR,1997,0.00379438326830774,0.06538417661547023,0.0011753001480269152,0.06420887646744332,0.03148405761498671,0.03390011900048352,IRQ,0.16262437220187106
JOR,1998,0.0035959555057290724,0.0634915629859282,0.0010360531648111136,0.06245550982111709,0.047518801863470225,0.015972761122457976,IRQ,0.1587682622852248
JOR,1999,0.003962265102623526,0.04117400754010956,0.0009187947144221227,0.040255212825687434,-0.000872090181348557,0.04204609772145812,SAU,0.13724494279005345
JOR,2000,0.004557444309217708,0.059851790144594234,0.0016267514708226153,0.05822503867377162,0.005925032420189336,0.053926757724404896,IND,0.15195783000891516
JOR,2001,0.002073479975719339,0.023281101425415104,0.002086793271926157,0.021194308153488946,0.008805797815550515,0.01447530360986459,IND,0.1814993076517271
JOR,2002,0.0020711738664095673,0.007854087190384024,0.0025513379805310083,0.005302749209853016,0.0063706375695171,0.0014834496208669234,IND,0.16971205876831122
JOR,2003,0.0043261131876347935,-0.0547371854858195,0.0024604832252061574,-0.05719766871102566,-0.09423783417153844,0.03950064868571894,IRQ,0.2069628582182775
JOR,2004,0.008067686927607148,0.13610549690537405,0.0017892802106958116,0.13431621669467825,0.10048664268028465,0.0356188542250894,IRQ,0.23481591058283668
JOR,2005,0.01146334035642907,0.03267698316860175,0.0015781733626841917,0.03109880980591756,0.0037978554575318446,0.028879127711069905,IRQ,0.20697731518671228
JOR,2006,0.009203801425099445,0.03958472647692259,0.0013600097421901391,0.038224716734732454,0.010074030815766457,0.029510695661156133,IRQ,0.1896829966247401
JOR,2007,0.007250928599389073,0.030910149715546665,0.0012803131707235307,0.029629836544823134,0.002882708724024262,0.028027440991522403,IRQ,0.16863435385273298
JOR,2008,0.0005758031852332245,0.035658560468534814,0.0009747475620954411,0.034683812906439376,0.012568715807529957,0.023089844661004857,IRQ,0.1545100129754975
JOR,2009,-0.008470598893814789,0.017693415530472642,0.0011397646989860452,0.016553650831486598,0.0042036037353968166,0.013489811795075825,IRQ,0.13660634224889387
JOR,2010,0.006372225276191681,0.045712023024804246,0.0012910397048343128,0.04442098331996994,0.009900438245294532,0.035811584779509714,IRQ,0.15010223293334132
JOR,2011,0.003441932331339892,0.03928862835421844,0.0013744845528678433,0.037914143801350594,0.007810385862014923,0.03147824249220352,IND,0.16164353967295841
JOR,2012,0.003625533172274171,0.037156955694512335,0.0014625458812875425,0.03569440981322479,0.021026200030565257,0.016130755663947078,IRQ,0.16147339524037402
JOR,2013,0.002859431352010053,0.02593830439119228,0.0018969887323128706,0.02404131565887941,0.012664546500720021,0.013273757890472257,IRQ,0.16184269582801153
JOR,2014,0.005339692994743316,0.024675195175805673,0.0017715016608364953,0.022903693514969178,0.003693311861073979,0.020981883314731692,IRQ,0.1735791088475761
JOR,2015,0.005722859979012014,0.027135249621735445,0.0015648653344819154,0.025570384287253528,0.0046270375749466654,0.02250821204678878,IRQ,0.17813093095210283
JOR,2016,0.0038217689106173312,0.04115273917537763,0.0016556470373092372,0.039497092138068395,0.02021632350631282,0.02093641566906481,IRQ,0.15589653643563658
JOR,2017,0.006799565007004372,0.012035559464218871,0.0016700863944852143,0.010365473069733656,0.0018305793715170141,0.010204980092701857,SAU,0.1557717167022817
JOR,2018,0.008294863803092824,0.02250984116849012,0.0015551491722026552,0.020954691996287467,0.004881098477351885,0.017628742691138236,SAU,0.15368843477173444
JOR,2019,0.007327420940166357,0.016761438579802706,0.0010771606150959524,0.015684277964706752,0.0022079643323137423,0.014553474247488964,SAU,0.1347871320570045
JOR,2020,-0.009383926344152893,-0.04131526333848118,0.000524375547742885,-0.041839638886224065,-0.004788608185283104,-0.03652665515319808,SAU,0.12344720040845118
JOR,2021,0.019541315013423845,0.0327191636773323,0.001951413436142719,0.03076775024118958,0.007514334090465504,0.025204829586866793,SAU,0.11897541599240151
JOR,2022,0.008713713315748309,0.043653047989749574,0.0007443686088664239,0.04290867938088315,0.009188793368826461,0.03446425462092311,IND,0.13318467793537628
JOR,2023,0.008894127196367925,0.0189336626572297,0.0010045795454306746,0.017929083111799027,0.01217938773095354,0.006754274926276161,IND,0.15444595270070818
KAZ,1993,0.000339890437586345,0.06940534936672728,0.06839540153835896,0.0010099478283683155,0.06839540153835896,0.0010099478283683155,CHN,0.5260868281959402
KAZ,1994,0.01080709164988751,0.025017026043734365,0.04644456467853451,-0.021427538634800142,0.04644456467853451,-0.021427538634800142,CHN,0.3728385849560435
KAZ,1995,0.008438997023880835,0.01577785150419023,0.026775999141182734,-0.010998147636992504,0.026775999141182734,-0.010998147636992504,CHN,0.2638823454631463
KAZ,1996,0.006412978526704024,0.005637559976524485,0.009927709208381801,-0.004290149231857316,-0.010530407066170248,0.016167967042694735,RUS,0.3000858081943305
KAZ,1997,0.008805021948962393,0.01953832115897798,0.0055298255553916055,0.014008495603586375,0.005213329338644158,0.014324991820333824,RUS,0.44052118771704324
KAZ,1998,0.009161225480484307,-0.012188929723422656,0.005220762479523724,-0.01740969220294638,-0.02172881875598812,0.009539889032565464,RUS,0.4088006212957899
KAZ,1999,0.009085891731743645,0.0324698102356096,0.005171476010576965,0.02729833422503264,0.020651108756985684,0.01181870147862392,RUS,0.35699254330731084
KAZ,2000,0.014350618537217195,0.05178194710317602,0.006451993623281687,0.04532995347989433,0.027766481045504984,0.024015466057671034,RUS,0.28938887557929266
KAZ,2001,0.006845532032819752,0.03463035571330053,0.006426003613950938,0.028204352099349593,0.012290330633209315,0.022340025080091218,RUS,0.24677980122918455
KAZ,2002,0.0017619863212170318,0.027072187947241453,0.0074786040371343,0.019593583910107154,0.010408839143925703,0.01666334880331575,RUS,0.21941187745554602
KAZ,2003,0.001607618891273315,0.04374417509931279,0.00856778879048569,0.0351763863088271,0.013741529545604777,0.03000264555370801,RUS,0.19917317904652884
KAZ,2004,0.0057684999223759515,0.044921730014537406,0.010524005468383757,0.03439772454615365,0.004127672207433938,0.04079405780710347,BMU,0.17987621523038297
KAZ,2005,0.007929641062575557,0.037449824482402014,0.012338253871791317,0.025111570610610697,0.009869478250930805,0.02758034623147121,RUS,0.15520218740092187
KAZ,2006,0.015293215207479987,0.04188907916599642,0.013020247428634146,0.028868831737362273,0.010730440066033402,0.03115863909996302,RUS,0.13847963467897026
KAZ,2007,0.016204066489613513,0.03767041319730077,0.012631067561255373,0.0250393456360454,0.010048113378700091,0.027622299818600683,RUS,0.1176231826692496
KAZ,2008,0.004250688125672034,0.022424967476755542,0.009482404940992057,0.012942562535763485,0.005672635293527165,0.01675233218322838,RUS,0.10109149741555046
KAZ,2009,-0.022592603186986124,0.00029842453649968695,0.009462724422803014,-0.009164299886303327,0.009462724422803014,-0.009164299886303327,CHN,0.10691157043968093
KAZ,2010,0.011027749560692397,0.027026102278354523,0.012204502401533703,0.01482159987682082,0.012204502401533703,0.01482159987682082,CHN,0.12126465470068841
KAZ,2011,0.007637034600669378,0.02750801486105036,0.012935884339882704,0.014572130521167657,0.012935884339882704,0.014572130521167657,CHN,0.14147751603588857
KAZ,2012,-0.005476181000207777,0.020954858610050933,0.012819523019042408,0.008135335591008526,0.012819523019042408,0.008135335591008526,CHN,0.16735365270487637
KAZ,2013,-0.0006767937785074916,0.02117406038974059,0.013494175213059744,0.0076798851766808444,0.013494175213059744,0.0076798851766808444,CHN,0.18114615023034464
KAZ,2014,0.006310006066933707,0.018596584561197133,0.012952522910301092,0.005644061650896041,0.012952522910301092,0.005644061650896041,CHN,0.17881055295683307
KAZ,2015,0.007533568631767497,0.013375294391123395,0.010678949430191164,0.002696344960932231,0.010678949430191164,0.002696344960932231,CHN,0.15810700417833995
KAZ,2016,0.009494154554489678,0.01702863385521804,0.009126818263062643,0.007901815592155397,0.009126818263062643,0.007901815592155397,CHN,0.13830849573931672
KAZ,2017,0.01185286539666464,0.02129403734189743,0.007994958464346525,0.013299078877550904,0.007994958464346525,0.013299078877550904,CHN,0.11933106941216427
KAZ,2018,0.008928401222047928,0.019655859990442275,0.007685416728700165,0.01197044326174211,0.007685416728700165,0.01197044326174211,CHN,0.11792215879627792
KAZ,2019,0.007147209901898948,0.017285394638498812,0.006502612528047639,0.010782782110451174,0.006502612528047639,0.010782782110451174,CHN,0.11246386695865429
KAZ,2020,-0.03593344118332869,-0.005072316977522206,0.002651477663158315,-0.007723794640680521,0.002651477663158315,-0.007723794640680521,CHN,0.11931158453664274
KAZ,2021,0.03260897930895351,0.0335140777617709,0.010878520038581191,0.02263555772318971,0.010878520038581191,0.02263555772318971,CHN,0.13392996146219177
KAZ,2022,0.018440489871129263,0.01238676428827324,0.004692281187058181,0.007694483101215059,0.004692281187058181,0.007694483101215059,CHN,0.14267514549351631
KAZ,2023,0.004127908130673671,0.024108163666395552,0.006856093362712942,0.017252070303682608,0.006856093362712942,0.017252070303682608,CHN,0.14326501021185595
KEN,1991,0.0047996393736239535,0.012021932393921962,3.0088003638244054e-05,0.011991844390283718,0.009990721396613063,0.002031210997308899,UGA,0.18878057537189313
KEN,1992,0.00471461873918242,0.012985606267211215,8.092205736066878e-05,0.012904684209850546,0.004213141637816344,0.00877246462939487,UGA,0.11885833700354295
KEN,1993,0.004102109411692914,0.011737545847259305,0.0001210968991855426,0.011616448948073762,0.007606465976256348,0.0041310798710029566,UGA,0.09931091674184803
KEN,1994,0.015327963628173596,0.004793902867664847,0.00015094379107711073,0.0046429590765877365,0.0028553032203334685,0.0019385996473313787,PAK,0.0750854266007491
KEN,1995,0.011526968796707398,0.03532081238198451,0.00011121185831706459,0.03520960052366744,0.010715239084781785,0.02460557329720272,UGA,0.09693375603552051
KEN,1996,0.01014790276758334,0.034632678233188566,8.076673159356953e-05,0.034551911501595,0.011064300257062166,0.0235683779761264,UGA,0.12956600878411798
KEN,1997,0.015353654392495667,0.024326286410884482,5.912162675996094e-05,0.02426716478412452,0.007824317656798151,0.01650196875408633,UGA,0.15045380263095168
KEN,1998,0.013393011704645581,0.01920632793791844,4.452999537810098e-05,0.01916179794254034,0.007178455068286288,0.012027872869632151,UGA,0.15533463379843251
KEN,1999,0.01309709203353849,0.028257081683775092,3.582249732226077e-05,0.02822125918645283,0.011921602128031521,0.01633547955574357,UGA,0.15371162364097132
KEN,2000,0.01727506175766287,0.023270474909222384,9.113490885714669e-05,0.02317934000036524,0.004862009692450286,0.0184084652167721,UGA,0.15048821000379986
KEN,2001,0.008349850243761007,0.02281492917684236,0.000138873828908157,0.022676055347934203,0.007784073050880766,0.015030856125961596,UGA,0.16228970565786624
KEN,2002,0.004624704894564447,0.03878033174559659,0.00018739129680383828,0.03859294044879275,0.01555248059510677,0.023227851150489823,UGA,0.18409021180936472
KEN,2003,0.005334463988230063,0.0359409221421904,0.00020667582564631566,0.03573424631654408,0.012756297883047541,0.023184624259142857,UGA,0.20010799126810022
KEN,2004,0.007641387904255347,0.04200799558214249,0.0002323546511381301,0.04177564093100437,0.012760417897204054,0.02924757768493844,UGA,0.19817374101501048
KEN,2005,0.008134727561583224,0.04265062552677052,0.00035125682902537714,0.04229936869774514,0.011695124262031223,0.030955501264739296,UGA,0.18685935438255938
KEN,2006,0.010020368397813229,0.04895959294207943,0.00050391284834079,0.04845568009373864,0.018057591251812066,0.030902001690267366,UGA,0.1781219278459782
KEN,2007,0.010015692462881143,0.044191566489028056,0.0007125816477904013,0.043478984841237654,0.012870702469149101,0.031320864019878956,UGA,0.15765005416190483
KEN,2008,0.0017453461797837088,0.037177279012761535,0.0005358069729671376,0.0366414720397944,0.0115027717074005,0.025674507305361034,UGA,0.1377231541382621
KEN,2009,-0.014002696550920847,0.02551490336120727,0.0005380604232712551,0.024976842937936016,0.007882520765861548,0.017632382595345723,UGA,0.12101021200953863
KEN,2010,0.007482568355765076,0.038531621202085045,0.0006392184972090525,0.03789240270487599,0.0070787616851245546,0.03145285951696049,UGA,0.1275712626156069
KEN,2011,0.005353927495831519,0.03587263655495766,0.0006053451249967294,0.035267291429960934,0.011581266140567216,0.024291370414390445,UGA,0.12923766495427771
KEN,2012,0.0020202216971211303,0.024209422077947837,0.0005339992767557557,0.02367542280119208,0.005281375288015843,0.018928046789931992,UGA,0.13817916539856703
KEN,2013,0.0030464518978879796,0.033991070181800496,0.000612204939561142,0.033378865242239354,0.0047699118941857506,0.029221158287614745,UGA,0.13865447887899016
KEN,2014,0.006877142078132352,0.035302510170487245,0.0006547599963477865,0.03464775017413946,0.007142356476780619,0.028160153693706627,UGA,0.14107293294055626
KEN,2015,0.006951738362711981,0.030356153024199833,0.0007361250722738509,0.029620027951925983,0.006545042524593895,0.023811110499605936,UGA,0.12992798141328377
KEN,2016,0.005971806515290656,0.02880524958750356,0.0008029694896742255,0.028002280097829336,0.005832340532501647,0.022972909055001912,UGA,0.12431209377953056
KEN,2017,0.008369142506314507,0.02520263648855458,0.001011652903791128,0.024190983584763452,0.003536627894984298,0.02166600859357028,UGA,0.11493133773790488
KEN,2018,0.006656905488013513,0.030559366876045123,0.0010684203336784328,0.02949094654236669,0.006516294731347323,0.0240430721446978,UGA,0.11074506043979523
KEN,2019,0.00618702861231336,0.026166699927693434,0.0010143375515031128,0.02515236237619032,0.006752080071635266,0.01941461985605817,UGA,0.10462092952583235
KEN,2020,-0.017148441435924817,-0.008616052543413664,0.0004501819755472353,-0.0090662345189609,0.0027624942606556267,-0.01137854680406929,UGA,0.10450828112225284
KEN,2021,0.020819772025503287,0.029012622259156066,0.0017775234529521886,0.027235098806203877,0.0036855838366850586,0.02532703842247101,UGA,0.10779282616586199
KEN,2022,0.012355547557256388,0.030250644509531487,0.0008454829739730279,0.029405161535558458,0.005673646273606751,0.024576998235924734,UGA,0.11534088449740058
KEN,2023,0.0037256325889933823,0.021747935826767706,0.0013305010961437715,0.020417434730623935,0.005472444499598067,0.016275491327169638,UGA,0.11672410278950601
KGZ,1993,0.0007056077549795136,-0.06078263116477699,0.01167859786104601,-0.072461229025823,-0.027207084832193067,-0.033575546332583917,RUS,0.30157202438241903
KGZ,1994,0.0034750059905846423,-0.09182283091896509,0.01583700142799989,-0.10765983234696498,-0.04128409235650565,-0.05053873856245944,RUS,0.30853534947137085
KGZ,1995,0.0028835713602672155,-0.02677918560970555,0.014194844248953313,-0.04097402985865886,-0.011250988330653383,-0.015528197279052167,RUS,0.2631738296900873
KGZ,1996,0.0024461501816757905,0.004231218160083375,0.010319286225476287,-0.006088068065392913,-0.008475348624199025,0.012706566784282398,RUS,0.24152265203423362
KGZ,1997,0.003835361401872151,0.02403689468396894,0.0074238473334636325,0.016613047350505308,0.005599810934914802,0.018437083749054138,KAZ,0.2454477329159627
KGZ,1998,0.0055815777089483435,0.0007330579101499806,0.003332148040670124,-0.0025990901305201434,-0.011802372452068539,0.01253543036221852,RUS,0.22204691591162962
KGZ,1999,0.006217636151519301,0.029227817070052977,0.00367616587743253,0.025551651192620446,0.011458311661478628,0.01776950540857435,RUS,0.19807807271633115
KGZ,2000,0.013967855620604153,0.04302883316134139,0.003889206890897091,0.039139626270444296,0.015435720686951775,0.027593112474389614,RUS,0.16087475564629158
KGZ,2001,0.007396921435061442,0.0355940648326473,0.004487199567397905,0.031106865265249396,0.0074415509703038615,0.028152513862343437,RUS,0.14942026574340384
KGZ,2002,0.0005816019997839435,0.033396399061965246,0.005308697532277866,0.02808770152968738,0.006628276986235809,0.026768122075729435,RUS,0.13971997047279647
KGZ,2003,0.0007917915014867751,0.04114894129533138,0.006619764418658404,0.03452917687667297,0.009851761443930364,0.031297179851401014,RUS,0.14279390365414182
KGZ,2004,0.008738850868722933,0.05051877723378015,0.005404631351592005,0.04511414588218814,0.010580845497043816,0.039937931736736335,RUS,0.1558041180543905
KGZ,2005,0.008155360711300921,0.051018301197061744,0.006444912944017934,0.044573388253043814,0.010067721970717383,0.04095057922634436,ARE,0.21235637280667385
KGZ,2006,0.007552480521638509,0.07112007176414031,0.005468786204684545,0.06565128555945576,0.024029646091093492,0.04709042567304682,ARE,0.2560959476190326
KGZ,2007,0.007320779587482797,0.060674032395951955,0.006400973696478446,0.054273058699473506,0.016993077402462312,0.043680954993489646,RUS,0.19892090903945406
KGZ,2008,0.004507235231324486,0.03428564004726525,0.0037805709883218176,0.030505069058943436,0.010196033789862493,0.02408960625740276,RUS,0.18170255448871886
KGZ,2009,-0.007669922916767186,0.014535670467211798,0.003122019849338398,0.0114136506178734,-0.01289694852933631,0.027432618996548107,RUS,0.17495079528159616
KGZ,2010,0.010052357449074944,0.0451817964088064,0.002493860704815762,0.04268793570399064,0.006549565286183623,0.038632231122622776,RUS,0.16306225370603014
KGZ,2011,0.0075012847613413446,0.037900238013487846,0.0019151202536127115,0.03598511775987513,0.007383604142866395,0.03051663387062145,RUS,0.174159848876954
KGZ,2012,0.004994009277800906,0.02909792417165003,0.0014460175406582278,0.027651906630991804,0.0062405244306744795,0.022857399740975552,RUS,0.15813776930614454
KGZ,2013,0.006956419458666066,0.028830814981001915,0.0019114683990303773,0.026919346581971537,0.009941499054621234,0.01888931592638068,KAZ,0.1703127868661557
KGZ,2014,0.008506585529713692,0.024876344465220836,0.0019343061664433684,0.022942038298777466,0.008162562420375984,0.016713782044844853,KAZ,0.20199593353741618
KGZ,2015,0.005411233761185464,0.019431108436418428,0.0017334948132225263,0.017697613623195902,0.0029255628203247483,0.01650554561609368,KAZ,0.2378452585303117
KGZ,2016,0.007339326033119331,0.019443543363818577,0.0014405310765246036,0.018003012287293972,0.002047987182989364,0.017395556180829212,KAZ,0.21042902206260714
KGZ,2017,0.006188458391864886,0.021557481874142123,0.002220328445611654,0.01933715342853047,0.006997988175659955,0.014559493698482168,KAZ,0.1734854192447878
KGZ,2018,0.011595735839457865,0.02142507098952953,0.0029711016516371113,0.018453969337892416,0.005713822270904938,0.01571124871862459,KAZ,0.13933425099659513
KGZ,2019,0.005951197118913401,0.02154579648638271,0.0028384442538566717,0.01870735223252604,0.0031572786315095082,0.018388517854873204,RUS,0.1390721506057767
KGZ,2020,-0.036364999689902526,-0.005412048369366888,0.0009829797968972202,-0.006395028166264108,-0.003997718237899022,-0.0014143301314678662,KAZ,0.15390349870010755
KGZ,2021,0.037025259344215425,0.03428827728718346,0.0026867939080282037,0.03160148337915526,0.006579248215945243,0.02770902907123822,KAZ,0.15327294961056612
KGZ,2022,0.01773418001935655,0.013938162926323421,0.0011194252459470818,0.012818737680376339,0.005660313601813902,0.00827784932450952,KAZ,0.1824361404634105
KGZ,2023,0.0010073481534098505,0.033679603350230666,0.0014111625828452567,0.03226844076738541,0.009692815051528412,0.023986788298702252,RUS,0.27092934190439677
KHM,1991,0.0036513695505286025,0.06084567001960333,0.0003456770057654357,0.0604999930138379,0.032476736421426074,0.028368933598177257,MYS,0.35622332668890255
KHM,1992,0.004184392095951736,0.05067594577488168,0.0007663695661545096,0.04990957620872717,0.022100477529835762,0.028575468245045917,MYS,0.25962904975806333
KHM,1993,-0.0007653524069854355,0.05381597031395851,0.000544376980837629,0.053271593333120884,0.024006950587268157,0.029809019726690353,THA,0.30277083071040034
KHM,1994,0.008014619070704289,0.04630438952361329,0.000529021160652354,0.045775368362960936,0.02701387703060704,0.019290512493006253,THA,0.3511327860444916
KHM,1995,0.006762146043067234,0.05418870692824686,0.00030026405516039015,0.053888442873086466,0.03496081939716249,0.01922788753108437,THA,0.4477876744418104
KHM,1996,0.006275601309811425,0.047194325458109386,0.0006920634757593625,0.046502261982350024,0.02275410589778886,0.024440219560320525,THA,0.41386212608248263
KHM,1997,0.007468833628526431,0.015896496952346524,0.0012213670029362059,0.014675129949410318,-0.009631778417085745,0.02552827536943227,THA,0.3449525834547387
KHM,1998,0.008865806790723654,-0.016209693555242093,0.002812409527215771,-0.019022103082457865,-0.020422857267233405,0.004213163711991312,THA,0.25717739469940953
KHM,1999,0.013535377894823557,0.031086478159622143,0.003345274510195645,0.027741203649426498,0.008029100273022687,0.023057377886599457,VNM,0.16545621008401348
KHM,2000,0.015811470030044003,0.04070946230169367,0.003654212816417675,0.037055249485276,0.01275533860076592,0.02795412370092775,VNM,0.19273150626564686
KHM,2001,0.006717588768983227,0.009140068508235111,0.0019262180014838956,0.007213850506751216,-0.0014015883616503608,0.010541656869885473,SGP,0.13018198180857188
KHM,2002,0.012590497210911572,0.012175592624993377,0.0011624165229913214,0.011013176102002056,0.002084955369357538,0.010090637255635838,HKG,0.12688708998486234
KHM,2003,0.017950110971964243,0.009938416106760363,0.0010269345369897246,0.00891148156977064,0.005617909360021172,0.004320506746739191,HKG,0.18660888550364374
KHM,2004,0.02281919066811472,0.019494468430700056,0.0006074970295327631,0.018886971401167293,0.014801926356927866,0.004692542073772191,HKG,0.17743283717955113
KHM,2005,0.024836336265847477,0.018177288353717503,0.00042789882135198194,0.01774938953236552,0.014561493722538104,0.003615794631179399,HKG,0.20428647370483752
KHM,2006,0.020631811998535705,0.016776491061827672,0.000492304996331808,0.016284186065495865,0.012771185754286974,0.0040053053075406984,HKG,0.18791100246290718
KHM,2007,0.0161520895691157,0.01641691643175489,0.0006012231234163672,0.01581569330833852,0.011525307113528446,0.004891609318226443,HKG,0.18397935980192015
KHM,2008,0.0008625283479106676,0.006016934668942725,0.0003755151882135293,0.005641419480729196,0.0032508487032262396,0.0027660859657164852,HKG,0.15439339197094262
KHM,2009,-0.02259434832356596,-0.002731782401010606,0.0003007411913957809,-0.003032523592406387,-0.0039578918445637564,0.0012261094435531503,HKG,0.15895867843253933
KHM,2010,0.016258658726949995,0.02537802812701695,0.00030596033332397956,0.02507206779369297,0.014299854143601154,0.011078173983415795,HKG,0.21836699397526682
KHM,2011,0.010954567124275644,0.019800467031931064,0.0005462419311035125,0.01925422510082755,0.012103356339032725,0.0076971106928983395,HKG,0.2573868543707319
KHM,2012,0.008689345658775343,0.012877587237436441,0.0009713419432851389,0.011906245294151303,0.004260577073446172,0.00861701016399027,HKG,0.2527024165200159
KHM,2013,0.007498604287939855,0.01570745731253676,0.0014433656210011273,0.014264091691535634,0.006541367765258681,0.00916608954727808,HKG,0.21416208265326528
KHM,2014,0.013241429678436804,0.014434037984254456,0.0018561249928799616,0.012577912991374495,0.005142693859612788,0.009291344124641669,HKG,0.18872639559696158
KHM,2015,0.012906099172086124,0.01279323510980232,0.0023836906484659844,0.010409544461336335,0.0032373655652107,0.00955586954459162,HKG,0.13719327928404904
KHM,2016,0.01199884061682879,0.010263553049491487,0.0030023398280439317,0.0072612132214475555,0.0015650676867898852,0.008698485362701602,HKG,0.07272250456083225
KHM,2017,0.020190607314313627,0.010178194212363862,0.0037958799602890716,0.006382314252074791,0.0037958799602890716,0.006382314252074791,CHN,0.05665650635228437
KHM,2018,0.01623005485360505,0.01057721363485831,0.004111293177370171,0.006465920457488139,0.004111293177370171,0.006465920457488139,CHN,0.06308214427845289
KHM,2019,0.01313617383678314,0.008195106268033634,0.004002192957699762,0.004192913310333872,0.004002192957699762,0.004192913310333872,CHN,0.0692186554859588
KHM,2020,-0.04024369253245769,-0.0033212872385363053,0.0016019560240184499,-0.004923243262554755,0.0016019560240184499,-0.004923243262554755,CHN,0.07208505439792921
KHM,2021,0.041146553230228165,0.015878940807665044,0.005602124351653996,0.010276816456011048,0.005602124351653996,0.010276816456011048,CHN,0.06897007091612446
KHM,2022,0.019939449205272623,0.012229842141039027,0.002375147955900562,0.009854694185138464,0.002375147955900562,0.009854694185138464,CHN,0.07221958076838901
KHM,2023,0.015290395923786742,0.01109415640370522,0.0032235124479197707,0.00787064395578545,0.00466498201820886,0.00642917438549636,VNM,0.09351349729595486
LAO,1991,0.004522130581101532,0.06304679421700944,0.008155014223579565,0.054891779993429875,0.051575123827668205,0.011471670389341236,THA,0.6280704528631036
LAO,1992,0.0039726932223417295,0.0580878359603295,0.007744694604752152,0.050343141355577346,0.04475679157125172,0.013331044389077784,THA,0.5757763699377021
LAO,1993,0.0007853562621734424,0.05263836246645105,0.0064413486795795675,0.04619701378687149,0.040066834791165774,0.012571527675285278,THA,0.5053148591096456
LAO,1994,0.00916744159603839,0.048546002255608456,0.007900798893284516,0.04064520336232394,0.032707884738501725,0.01583811751710673,THA,0.42514484984290823
LAO,1995,0.007940315701193867,0.05616084947991291,0.006884231387016416,0.04927661809289649,0.029001883587352673,0.027158965892560234,THA,0.371464005419358
LAO,1996,0.004714329138991408,0.05564766495767136,0.0064273757643645455,0.049220289193306815,0.02043357571727632,0.03521408924039504,THA,0.3716552576403869
LAO,1997,0.00461042153941703,0.025510023514380562,0.0024171061313759787,0.023092917383004584,0.031871639276873864,-0.006361615762493302,VNM,0.43804181044760604
LAO,1998,0.008702166784813585,-0.006438108605964286,0.0011117316368644981,-0.007549840242828784,-0.025382191563129583,0.018944082957165296,THA,0.3196284345795304
LAO,1999,0.0116639716021857,0.027384690173308864,0.0006830386710520163,0.026701651502256847,0.015314794749495651,0.012069895423813213,VNM,0.3155930068503379
LAO,2000,0.019041331954747828,0.02934331781683976,0.0013499874188748783,0.02799333039796488,0.018842855653030656,0.010500462163809104,VNM,0.28471309669009415
LAO,2001,0.004544905701631641,0.03654271257692024,0.0085916998901206,0.02795101268679964,0.020535226063979495,0.016007486512940743,VNM,0.35755691100754894
LAO,2002,0.0016630394524514277,0.05518640501795063,0.01719617529660717,0.03799022972134346,0.01889507524285154,0.036291329775099086,VNM,0.2995225826381815
LAO,2003,0.0009784857281554447,0.07036802936565158,0.026686940844422666,0.043681088521228914,0.024932317043597118,0.045435712322054456,THA,0.3591225232525343
LAO,2004,0.0018917731245245495,0.06939830220274934,0.027890008688147852,0.04150829351460149,0.02190463896878716,0.04749366323396218,THA,0.3591225228361254
LAO,2005,0.0018158080854849608,0.06551398298826805,0.030640844445117513,0.034873138543150536,0.01473240161261338,0.050781581375654666,THA,0.3591225241981486
LAO,2006,0.0023104266626102587,0.0715555581925767,0.034184350331154245,0.03737120786142245,0.01822296892892208,0.05333258926365461,THA,0.359122523779255
LAO,2007,0.002090866691104962,0.07389626105475858,0.03787194752965418,0.0360243135251044,0.01686331030555017,0.0570329507492084,THA,0.359122524418352
LAO,2008,5.595203393067007e-05,0.047105685207150735,0.02690276599052786,0.020202919216622876,0.0065296803320711114,0.040576004875079626,THA,0.3591225245907976
LAO,2009,-0.0035782693372506604,0.0395538928684456,0.025255597432832923,0.014298295435612677,0.0,0.0395538928684456,THA,0.3591225235937525
LAO,2010,0.0026002594861305062,0.07123593506567545,0.028717855552549753,0.042518079513125695,0.024992518558504925,0.04624341650717052,THA,0.3591225233405959
LAO,2011,0.0014472596889775122,0.04504220698576519,0.02609004717445435,0.018952159811310845,0.0030052269628178274,0.04203698002294737,THA,0.3591225263516562
LAO,2012,0.0006974272810529192,0.06261600617333934,0.021863992719433813,0.04075201345390553,0.02597955302762414,0.0366364531457152,THA,0.35922725899044633
LAO,2013,0.001007185884783444,0.04438451270271146,0.021265372164224642,0.023119140538486817,0.008259658723441617,0.036124853979269844,THA,0.35927933081115854
LAO,2014,0.0015287586186349396,0.040403744753904375,0.02068140160810518,0.019722343145799195,0.002711948323544354,0.03769179643036002,THA,0.35933144723543203
LAO,2015,0.0014860008252049,0.04820066185663793,0.019278702092509675,0.028921959764128258,0.010644734946568311,0.03755592691006962,THA,0.3592335196120045
LAO,2016,0.0013383841814655789,0.04949239554381602,0.018832856007059733,0.030659539536756288,0.012875509377432325,0.0366168861663837,THA,0.35918825102021956
LAO,2017,0.0018214637972917035,0.05210334937707192,0.02221862625392455,0.029884723123147373,0.013813924430230244,0.03828942494684168,THA,0.3337888674030636
LAO,2018,0.0011814877514012133,0.05132538161893298,0.020900292635933692,0.030425088982999286,0.014883711402357981,0.036441670216574996,THA,0.3745241146247967
LAO,2019,0.0007316763011499192,0.04113670923760699,0.018168250941955448,0.022968458295651542,0.010652994762315961,0.03048371447529103,THA,0.4154440319231929
LAO,2020,-0.003045628915453668,-0.02207395237145825,0.005973368137396598,-0.028047320508854848,-0.030023322987004282,0.007949370615546032,THA,0.45919326938014216
LAO,2021,0.0037633944838132267,0.036352701882898616,0.02279991612473364,0.013552785758164976,0.005563090293291211,0.030789611589607406,THA,0.41444400407936804
LAO,2022,0.0027102955732099645,0.038086526254041554,0.010568810903565855,0.0275177153504757,0.008528369460736965,0.02955815679330459,THA,0.3240593360798512
LAO,2023,0.0015712522903328632,0.03606225200161782,0.01698869289041392,0.0190735591112039,0.01698869289041392,0.0190735591112039,CHN,0.3549959330583199
LBN,1991,0.0032548863242747167,0.028012810859793645,5.37682470403647e-06,0.02800743403508961,0.014565267808970595,0.01344754305082305,SAU,0.18436319096282272
LBN,1992,0.003956063125613059,0.029059279470958734,1.6457103150301877e-05,0.029042822367808432,0.008712939146619185,0.02034634032433955,SAU,0.19454025445957834
LBN,1993,0.00108576533251337,0.010250376965115639,2.7554937053231014e-05,0.010222822028062408,0.0007147934778155623,0.009535583487300076,SAU,0.18854496237659338
LBN,1994,0.007743341709910075,0.021147544999992274,8.005206913953446e-05,0.02106749293085274,0.0016993122118406257,0.019448232788151647,SAU,0.1791675833159672
LBN,1995,0.006052842073567386,0.02462460449319228,6.958707512683696e-05,0.024555017418065442,0.0005006691587127024,0.02412393533447958,SAU,0.1608443729020319
LBN,1996,0.00536751919042997,0.02919410198297727,7.827670600277654e-05,0.029115825276974493,0.0047941048000839604,0.024399997182893308,SAU,0.1474550819118396
LBN,1997,0.00861069056888558,0.030937375815506776,4.923819634523785e-05,0.030888137619161538,0.01248440510683713,0.018452970708669646,ARE,0.15858764591657445
LBN,1998,0.009717842275133302,0.017100745480656696,7.05143832696613e-05,0.017030231097387036,0.0004581675882801474,0.01664257789237655,ARE,0.15714543703065834
LBN,1999,0.010472876053573972,0.0073282852438348945,6.85634045847756e-05,0.007259721839250119,0.004007945767452786,0.0033203394763821085,ARE,0.14009397928895345
LBN,2000,0.015362720094137758,0.03417942145173144,8.339831647971391e-05,0.03409602313525172,0.0057380837695295535,0.028441337682201886,SAU,0.12446348082665083
LBN,2001,0.007048497429627486,0.009968438713020784,0.00011958129618969773,0.009848857416831086,0.00039708997070834757,0.009571348742312438,SAU,0.11543213065205508
LBN,2002,0.00408879876151301,0.013144486892892633,0.0001948592254726832,0.012949627667419951,-0.0007540421571161661,0.013898529050008799,SAU,0.10916207029327418
LBN,2003,0.0031278953737553647,0.009375188400366379,0.00031543932502464905,0.00905974907534173,0.008957816173447136,0.000417372226919243,SAU,0.1065732209086706
LBN,2004,0.008435981938330617,0.07759854397756456,0.00039974807424946347,0.0771987959033151,0.007578038987755247,0.07002050498980932,SAU,0.09153682724873569
LBN,2005,0.007534273774106422,0.03886540461111787,0.0005888166284432407,0.03827658798267463,0.0018950440873454642,0.03697036052377241,IRQ,0.10327700507436409
LBN,2006,0.009526191293188041,0.04754998392210254,0.0010819693427738706,0.04646801457932866,0.005964716996690931,0.041585266925411604,IRQ,0.11230910592214381
LBN,2007,0.008279402581475859,0.038651535432506316,0.001881155141641318,0.036770380290865,0.0017887337972665625,0.03686280163523975,IRQ,0.1046383790366097
LBN,2008,0.003794611899529136,0.038435992346756535,0.0017742656778938822,0.03666172666886265,0.0038182717688161364,0.0346177205779404,SYR,0.08718768765770814
LBN,2009,-0.008468762192164766,0.008658216936369038,0.0017210001132797101,0.006937216823089327,-0.004879002933225509,0.013537219869594547,ARE,0.090598730615703
LBN,2010,0.006822204728941316,0.03597852736771674,0.001582502017928945,0.0343960253497878,0.0015365471905115422,0.0344419801772052,ARE,0.09663175148516319
LBN,2011,0.004082188765865517,0.039675246649601634,0.0011885671506067488,0.03848667949899488,0.006731086290072256,0.03294416035952938,ARE,0.10324922670021808
LBN,2012,0.001405447327719366,0.01796772302955698,0.000799453768564239,0.01716826926099274,0.0043408115867336625,0.013626911442823318,ARE,0.09484055285879951
LBN,2013,0.002565024085907162,0.010825424034231763,0.0006933228267176004,0.010132101207514163,0.003130241706086981,0.007695182328144782,ZAF,0.12750019174277163
LBN,2014,0.0037945634631279947,0.011236224262542727,0.0005483762097928822,0.010687848052749844,0.0017512079245288912,0.009485016338013835,ZAF,0.12473847881529652
LBN,2015,0.002803926360147769,0.02132293088122924,0.0006428674973322535,0.020680063383896986,0.00136649775535798,0.01995643312587126,ZAF,0.10405740934895343
LBN,2016,0.002415850279706307,0.024538761808303035,0.0014305388907698575,0.02310822291753318,0.005893762741079293,0.018644999067223743,ARE,0.10708831547865315
LBN,2017,0.003414163280344621,0.01397153770025463,0.0027283585778289264,0.011243179122425704,-0.0012376193340045373,0.015209157034259166,ARE,0.115987810931179
LBN,2018,0.0032210565332858434,0.023584161746220113,0.0048409101316884435,0.01874325161453167,0.0017787115127866073,0.021805450233433506,ARE,0.11660347986178887
LBN,2019,0.0028967259481922896,0.017551748847066572,0.004110405657362422,0.01344134318970415,0.0015513838836426765,0.016000364963423896,ARE,0.12280109609588057
LBN,2020,-0.011387884175434713,-0.032098170271320364,0.0013147744184748458,-0.03341294468979521,-0.012459273307950554,-0.01963889696336981,ARE,0.1369949443809004
LBN,2021,0.018970127981813793,0.03195870728908272,0.0018068481449562133,0.030151859144126505,0.00656122635490481,0.02539748093417791,ARE,0.14737202784642342
LBN,2022,0.01184634324258207,0.036180124216445536,0.00041726924294831723,0.03576285497349722,0.012367702010338327,0.023812422206107207,ARE,0.17069402490649974
LBN,2023,0.003899184667911004,0.018871528628189683,0.00020128460650865483,0.018670244021681028,0.008139882740587266,0.010731645887602417,ARE,0.19328652701053303
LBR,1991,0.022439181967342625,0.014703167241592903,0.00016482376401959296,0.01453834347757331,0.013567674317294404,0.001135492924298499,KOR,0.13303414140992323
LBR,1992,0.021976996301153608,0.007624423050776451,0.00012342959133539906,0.007500993459441051,0.003990148802445592,0.0036342742483308583,KOR,0.06756350904877416
LBR,1993,0.006837071658115902,0.01304546482545147,8.0134611578529e-05,0.012965330213872943,0.006191431520142516,0.006854033305308955,KOR,0.09164595874016414
LBR,1994,0.02026235695733471,0.025517154722398423,0.0006307459260333625,0.02488640879636506,0.013582966330710038,0.011934188391688385,SGP,0.12908900981174537
LBR,1995,0.01313545944167753,0.02447025994414199,0.0006680993992340369,0.023802160544907955,0.014691030715986625,0.009779229228155367,SGP,0.21200228083137287
LBR,1996,0.007889677841452933,0.016104615111529826,0.0006167294585905302,0.015487885652939296,0.016587252079382442,-0.0004826369678526156,SGP,0.23020426644527528
LBR,1997,0.01254107361746527,0.026062744187953096,0.00014987069114224768,0.02591287349681085,0.01711378661116355,0.008948957576789547,SGP,0.21423129316283332
LBR,1998,0.014000923173532862,-0.00785012808438618,1.2575631025163941e-05,-0.007862703715411343,-0.0032459365597137663,-0.004604191524672414,SGP,0.14651865812676557
LBR,1999,0.018126568892023704,0.015592250328383121,3.6182944782965613e-06,0.015588632033904825,0.012178889210217385,0.003413361118165736,SGP,0.21901127950251134
LBR,2000,0.027139643904585415,0.02060009836080648,4.349561127682605e-06,0.020595748799678796,0.012670723803453136,0.007929374557353343,SGP,0.14643299144400404
LBR,2001,0.008143776360913573,-0.00013079230581402158,0.0016546538048382586,-0.0017854461106522803,-0.00371222316822446,0.0035814308624104387,CIV,0.16518697902316135
LBR,2002,0.006868739043827738,0.0003332083693277409,0.003735916981795072,-0.003402708612467331,-0.009545045930984293,0.009878254300312035,CIV,0.3311901697550198
LBR,2003,0.004965072865462057,-0.008571792687100153,0.0060211043751032724,-0.014592897062203425,-0.023701352595738957,0.015129559908638804,CIV,0.4946711047785903
LBR,2004,0.008473488112781922,0.03314419764932215,0.006351097732893665,0.026793099916428486,0.015084980306652077,0.018059217342670075,CIV,0.499274867540099
LBR,2005,0.008584190296814597,0.020076373642462134,0.007002945034576467,0.013073428607885667,0.005930178324378213,0.01414619531808392,CIV,0.5010942200533144
LBR,2006,0.010361876174141482,0.033613920359321856,0.00786407252019429,0.025749847839127565,0.01462079606739408,0.018993124291927774,CIV,0.5043821464142783
LBR,2007,0.008162447739023549,0.021364551569973016,0.008718263857213226,0.01264628771275979,0.005735534101524039,0.015629017468448976,CIV,0.5047215695103597
LBR,2008,0.0008146479478491377,0.03292739807521524,0.006199542651519865,0.026727855423695376,0.022334918712598965,0.010592479362616276,CIV,0.5052452602619784
LBR,2009,-0.010504770598337668,0.020860296614344805,0.005762807675681755,0.01509748893866305,0.018580300134309363,0.0022799964800354414,CIV,0.5002834353255493
LBR,2010,0.009777228422473265,0.0468346977193019,0.006542766317630646,0.040291931401671255,0.032725569344206694,0.014109128375095203,CIV,0.49951561624948293
LBR,2011,0.00738863299454485,-0.013226848424068493,0.005898205087992841,-0.019125053512061334,-0.027336608495066948,0.014109760070998454,CIV,0.4956610399775289
LBR,2012,0.0024689176739643194,0.048338852770302844,0.004948992908455978,0.04338985986184687,0.03697180075088737,0.011367052019415472,CIV,0.49642508502419297
LBR,2013,0.00348746337588193,0.06060930779699615,0.004778869504761242,0.055830438292234906,0.04933367821333683,0.011275629583659318,CIV,0.49292539371276756
LBR,2014,0.0072972309360820956,0.05596416649851504,0.004661296484002558,0.05130287001451248,0.04498060679075999,0.010983559707755046,CIV,0.494445724574484
LBR,2015,0.008522058011803241,0.04593385331040935,0.004370808150072445,0.0415630451603369,0.034174288026472543,0.011759565283936804,CIV,0.4972300320160791
LBR,2016,0.0058639440721935665,0.04465840375573366,0.004286874405015865,0.0403715293507178,0.033824416525262975,0.010833987230470687,CIV,0.49916421534470634
LBR,2017,0.00738108474492845,0.04330064534829879,0.0043420936991429,0.03895855164915589,0.03641324409161758,0.006887401256681212,CIV,0.49797751993581946
LBR,2018,0.006915174900229478,0.028369554840627018,0.003742243110715182,0.024627311729911835,0.02071731264201917,0.007652242198607849,CIV,0.44119769371245215
LBR,2019,0.00884380648781316,0.021369976136369123,0.0021210496311408968,0.019248926505228227,0.018036993159745218,0.003332982976623905,CIV,0.2770159425632405
LBR,2020,-0.021391736892372885,-0.016824641167587376,0.0008839521518497913,-0.017708593319437166,0.0006447174499935925,-0.01746935861758097,CIV,0.11282524673983528
LBR,2021,0.04497990259477108,0.013852693011048516,0.0021192866677053656,0.01173340634334315,0.002341098751997689,0.011511594259050826,POL,0.03536860856988061
LBR,2022,0.02210949014003105,0.01458460782712007,0.0010321529018819267,0.013552454925238143,0.003033010696298486,0.011551597130821583,MYS,0.03507629921517726
LBR,2023,0.013634398364956482,0.012462929827568067,0.000532890919295829,0.011930038908272239,0.00259479270115237,0.009868137126415696,VNM,0.05201480719446404
LBY,1991,0.016367691919647164,-0.009221301599416507,4.684222040801078e-05,-0.009268143819824519,0.00034428611164118855,-0.009565587711057696,TUR,0.03733126564610227
LBY,1992,0.00789834932663498,-0.0053795004255015174,0.00027087026914049254,-0.00565037069464201,0.0017411297512659816,-0.007120630176767499,TUR,0.029957110710682515
LBY,1993,-0.006761432499091425,-0.0004822878227748426,0.0005419238953426454,-0.001024211718117488,0.002634739597689021,-0.003117027420463864,TUR,0.03406256959906904
LBY,1994,0.020524499526510722,0.0035158480391896275,0.001113206066231066,0.0024026419729585614,-0.001506293920689859,0.005022141959879487,TUR,0.026849555980586862
LBY,1995,0.021599963010147844,0.007134884655438127,0.0007975092498394508,0.006337375405598675,0.0022062536617195433,0.004928630993718583,TUR,0.031770195567379006
LBY,1996,0.01187195674917173,0.008597047962927717,0.0007025407799455805,0.007894507182982137,0.002072675087329557,0.00652437287559816,TUR,0.030611762489121525
LBY,1997,0.020027761185920815,0.011002127656653614,0.0003971087239132645,0.01060501893274035,0.0028635664222405907,0.008138561234413023,TUR,0.03944922927891039
LBY,1998,0.019454550212173967,0.005356790509278212,0.00036823335825834084,0.004988557151019871,0.0013357949460881106,0.004020995563190102,TUR,0.04386892366346199
LBY,1999,0.01908868189936583,0.0024753010360842233,0.00015803804043353471,0.0023172629956506887,-0.0017536393294040372,0.004228940365488261,TUR,0.05285974473980491
LBY,2000,0.03392515509611554,0.00830643165534661,9.998550988032378e-05,0.008206446145466286,0.0038838795971371906,0.00442255205820942,TUR,0.05793866672357504
LBY,2001,0.018246339678699628,0.002110091983649068,0.0021717536490183384,-6.166166536927028e-05,-0.0025838932510430877,0.004693985234692156,TUR,0.04363224157721841
LBY,2002,0.006900069497893798,0.0077781293353078726,0.004791602152711098,0.0029865271825967746,0.004791602152711098,0.0029865271825967746,CHN,0.055068685481005575
LBY,2003,0.007432429467671503,0.01049329197551042,0.0076084260689961054,0.0028848659065143153,0.0076084260689961054,0.0028848659065143153,CHN,0.08135086873987148
LBY,2004,0.016198624178537523,0.011369954300745812,0.00787765428963868,0.003492300011107131,0.00787765428963868,0.003492300011107131,CHN,0.0805961750120638
LBY,2005,0.014483060747705237,0.011584418201289958,0.008479366801859269,0.003105051399430689,0.008479366801859269,0.003105051399430689,CHN,0.07896394840147374
LBY,2006,0.023034917322115937,0.01263748456954777,0.00904982121967747,0.003587663349870299,0.00904982121967747,0.003587663349870299,CHN,0.07554032208218431
LBY,2007,0.017971262070438723,0.01308972306667014,0.009080974221800918,0.004008748844869221,0.009080974221800918,0.004008748844869221,CHN,0.06841966862751457
LBY,2008,-0.0024505360692945134,0.008805757400260822,0.005144552808730501,0.0036612045915303208,0.005144552808730501,0.0036612045915303208,CHN,0.05456533929263625
LBY,2009,-0.04021274290255995,0.00661129384487466,0.004004230389818813,0.002607063455055847,0.004004230389818813,0.002607063455055847,CHN,0.04524051850714419
LBY,2010,0.012508310362861137,0.012645475164494954,0.0063552385846920995,0.006290236579802854,0.0063552385846920995,0.006290236579802854,CHN,0.06314602489785506
LBY,2011,0.005458471083401624,0.015596800678784422,0.010478826750880693,0.005117973927903729,0.010478826750880693,0.005117973927903729,CHN,0.11460510474063684
LBY,2012,-0.01430965025523982,0.018352158204613337,0.012310994061048219,0.006041164143565118,0.012310994061048219,0.006041164143565118,CHN,0.1607150142391459
LBY,2013,-0.005050062743706141,0.02131692825105315,0.013723325823567152,0.007593602427485998,0.013723325823567152,0.007593602427485998,CHN,0.18422227383634146
LBY,2014,0.006911412607493117,0.019120825426439603,0.012837796540883102,0.006283028885556501,0.012837796540883102,0.006283028885556501,CHN,0.17722674679826256
LBY,2015,0.011078564125807327,0.018469873572273462,0.0110422012098079,0.0074276723624655625,0.0110422012098079,0.0074276723624655625,CHN,0.1634851222238549
LBY,2016,0.011279039867257437,0.015592102188407385,0.009245619903221737,0.006346482285185648,0.009245619903221737,0.006346482285185648,CHN,0.14010882479903597
LBY,2017,0.015411329873925968,0.01147562358510923,0.007509603857470258,0.003966019727638971,0.007509603857470258,0.003966019727638971,CHN,0.11208676857671278
LBY,2018,0.010295417887036588,0.010827510900565454,0.006103539989519935,0.0047239709110455195,0.006103539989519935,0.0047239709110455195,CHN,0.09365043396746715
LBY,2019,0.008851134435981805,0.009305786729901788,0.006446916278117028,0.00285887045178476,0.006446916278117028,0.00285887045178476,CHN,0.11150059018100922
LBY,2020,-0.05897807294510886,-0.006418886550022309,0.0030728683349555736,-0.009491754884977882,0.0030728683349555736,-0.009491754884977882,CHN,0.13827338438873124
LBY,2021,0.04534383853400214,0.025300856956901673,0.011599784071954625,0.013701072884947048,0.011599784071954625,0.013701072884947048,CHN,0.14280974141858074
LBY,2022,0.027423213958234677,0.011317595099518334,0.004036960133424607,0.007280634966093727,0.004036960133424607,0.007280634966093727,CHN,0.1227492239758519
LBY,2023,0.008133569534855889,0.011178711584079598,0.004441431803871646,0.006737279780207952,0.004441431803871646,0.006737279780207952,CHN,0.09280821293908838
LKA,1991,0.0054014968725403225,-0.010584618922749887,0.00016572968645754566,-0.010750348609207433,0.004672296279902386,-0.015256915202652273,IRN,0.03887805339610049
LKA,1992,0.013485853120753148,0.018609660932909562,0.00028875520789107016,0.01832090572501849,0.001345361365967558,0.017264299566942004,IRN,0.04083763376510642
LKA,1993,0.011378867245862309,0.012381534552548451,0.00021802651580889504,0.012163508036739556,-0.0005400875713264285,0.01292162212387488,IRN,0.03472693086703265
LKA,1994,0.023814536182743547,0.012404376229706391,0.00017903682256555296,0.012225339407140838,0.0019746674274354393,0.010429708802270952,ARE,0.029610730114035224
LKA,1995,0.01998374385563599,0.010934340780101562,8.462452217792438e-05,0.010849716257923638,0.0015003927959496676,0.009433947984151895,ARE,0.023176556102308506
LKA,1996,0.022107747916417744,0.012026112398958302,8.300523523290443e-05,0.011943107163725398,0.0013720627464734513,0.010654049652484851,ARE,0.02434233771349254
LKA,1997,0.027720435046713048,0.011298139303655795,0.00014443291947852023,0.011153706384177274,0.0002717669957687902,0.011026372307887005,RUS,0.02296404312517416
LKA,1998,0.027697852068403805,0.0006749950399961436,0.00015187715106587647,0.0005231178889302671,-0.0016336056727716114,0.002308600712767755,RUS,0.030734253043429766
LKA,1999,0.02762956368281629,0.007754131214399055,0.00016867186377089515,0.0075854593506281594,0.0018080556726238826,0.005946075541775172,RUS,0.03125558054082054
LKA,2000,0.02886239836210946,0.015456600016102605,0.0001311964732579405,0.015325403542844665,0.002664104580837605,0.012792495435264999,RUS,0.027765932161542148
LKA,2001,0.010003779265972677,0.0031182344544489916,9.87028716838432e-05,0.0030195315827651484,0.00039246336132848294,0.002725771093120509,ARE,0.028247125691014858
LKA,2002,0.013475798210233234,0.00783661668330288,8.384914220735213e-05,0.0077527675410955284,0.0006916279102742866,0.007144988773028594,ARE,0.02876603004521051
LKA,2003,0.017808120502672824,0.013183309406998803,0.0001530016800375887,0.013030307726961215,0.002492898339666392,0.01069041106733241,ARE,0.029555588799236764
LKA,2004,0.021109210259116225,0.020106351487813586,0.00023917528337218889,0.019867176204441398,0.0026764341898852908,0.017429917297928296,IND,0.03566905520726706
LKA,2005,0.022454661314541276,0.015407545131989303,0.00036464787445617355,0.01504289725753313,0.004147417459161523,0.011260127672827781,IND,0.055006982909464604
LKA,2006,0.018436776001168685,0.02251009445544748,0.0004963335046052382,0.022013760950842242,0.005792515877526235,0.016717578577921246,IND,0.07436627245966058
LKA,2007,0.015617991247808966,0.01953667519144469,0.0005790602153256419,0.018957614976119048,0.006126306786031855,0.013410368405412834,IND,0.08339449083097701
LKA,2008,0.00023211944781629818,0.01120983808730032,0.0004368043400535327,0.010773033747246787,0.0025105602087920594,0.008699277878508261,IND,0.08168333666414013
LKA,2009,-0.024337452305167068,0.0014738342230430639,0.0004384322968605357,0.0010354019261825283,0.0050885067936824934,-0.0036146725706394296,IND,0.06679176477648234
LKA,2010,0.016354808552902597,0.019020455049445606,0.0006451504221631684,0.018375304627282436,0.004800928199752317,0.014219526849693288,IND,0.055986166168435124
LKA,2011,0.010798986719080444,0.015963224952851046,0.0006928679617547042,0.015270356991096343,0.0025007859532005287,0.013462438999650517,IND,0.05175620008810448
LKA,2012,0.00606941013375402,0.011893039675424759,0.0006915073716105302,0.01120153230381423,0.0028361584964793685,0.00905688117894539,IND,0.05151053348893203
LKA,2013,0.006648701621855091,0.010243639717231865,0.0007529521939677962,0.009490687523264069,0.0034547116540570248,0.00678892806317484,IND,0.056985289978672395
LKA,2014,0.0143928253277913,0.011980715546103611,0.0008240784335873797,0.011156637112516231,0.004145842215737485,0.007834873330366126,IND,0.05686498208308662
LKA,2015,0.013931598574700358,0.011956755791242932,0.000895653007555069,0.011061102783687863,0.0044217424027238285,0.007535013388519103,IND,0.058781458354015145
LKA,2016,0.010783432281274742,0.015180874817199663,0.0006176815645806676,0.014563193252618995,0.0045939484193854825,0.010586926397814181,IND,0.05990078800500544
LKA,2017,0.016264886848685486,0.014009742035587606,0.0007942738387342291,0.013215468196853377,0.0038718835457494083,0.010137858489838197,IND,0.059606048960872474
LKA,2018,0.014387306946938192,0.013338312404151195,0.000877269662834615,0.01246104274131658,0.0037187444926576724,0.009619567911493522,IND,0.06096850893415625
LKA,2019,0.011990248247949984,0.009274660910779001,0.001162843042272346,0.008111817868506656,0.0024778233370543355,0.006796837573724666,IND,0.06105226648746957
LKA,2020,-0.030296103782737758,-0.019513895911819727,0.00044733749855482754,-0.019961233410374556,-0.00376580765619625,-0.015748088255623478,IND,0.06437695484586604
LKA,2021,0.03869887519172209,0.027023194796209953,0.0016826708637303273,0.025340523932479625,0.005907994146474812,0.02111520064973514,IND,0.06420413880887474
LKA,2022,0.019874368076146738,0.01684749127678125,0.0007078890054756452,0.016139602271305606,0.004434621635149957,0.012412869641631293,IND,0.0642765192921222
LKA,2023,0.01036456491076575,0.014365669987687837,0.0010339593069164216,0.013331710680771415,0.005123458684606487,0.00924221130308135,IND,0.06497021649583483
LSO,2001,0.0035843441413767607,0.016409330380691475,2.540856051160616e-07,0.01640907629508636,0.01639770504190768,1.1625338783793904e-05,ZAF,0.6154900767793795
LSO,2002,0.008186205008046878,0.02248146765280936,2.8318347419227794e-07,0.02248118446933517,0.022367726168631055,0.00011374148417830562,ZAF,0.6155863201342853
LSO,2003,0.010447937395855554,0.016508590348393814,2.029239160159499e-07,0.0165083874244778,0.015787181794815815,0.0007214085535779992,ZAF,0.5431765289376029
LSO,2004,0.01901398763609459,0.019185271493512176,3.7702309579312156e-06,0.019181501262554246,0.018147572498914005,0.0010376989945981713,ZAF,0.4074560653835468
LSO,2005,0.017965344554032935,0.026178633936557397,4.110664912760117e-06,0.02617452327164464,0.025086611418582788,0.0010920225179746092,ZAF,0.487827075130193
LSO,2006,0.012729726974846338,0.027461620990073425,4.586048857500619e-06,0.027457034941215923,0.02725662167393581,0.00020499931613761346,ZAF,0.4998987703238668
LSO,2007,0.01000154926036183,0.026255311860329943,1.046699686143661e-07,0.026255207190361327,0.026131513024049056,0.00012379883628088617,ZAF,0.500437954436098
LSO,2008,-3.359083619842594e-05,0.011646031667013147,0.0,0.011646031667013147,0.011634625934386297,1.1405732626850601e-05,ZAF,0.3703901493983948
LSO,2009,-0.01608376785980466,-0.0055452348933103125,2.720583194996936e-06,-0.005547955476505309,-0.005566005553783266,2.0770660472953922e-05,ZAF,0.35908849448116015
LSO,2010,0.013585605374962551,0.014092065337514828,0.00010451818061004838,0.013987547156904779,0.013673910633610464,0.00041815470390436406,ZAF,0.45664008469705974
LSO,2011,0.0085373383060502,0.017959230811657304,0.0001656431130204968,0.017793587698636808,0.01736786125924827,0.000591369552409033,ZAF,0.5567711445144451
LSO,2012,0.008570625836423438,0.014734746834201106,0.00021899725191347737,0.014515749582287628,0.013716006785113189,0.0010187400490879166,ZAF,0.5792278985004131
LSO,2013,0.006677836700991798,0.01551448176546536,0.00013920004956395938,0.0153752817159014,0.014151099074082771,0.0013633826913825881,ZAF,0.5763988901585403
LSO,2014,0.010485127503588489,0.00948021046904476,7.997828379836847e-05,0.009400232185246393,0.008153125814249299,0.0013270846547954619,ZAF,0.5807468647292573
LSO,2015,0.010708195168372915,0.007305318843585098,2.7505912946397402e-06,0.007302568252290458,0.006587919988907942,0.0007173988546771565,ZAF,0.5016633831676957
LSO,2016,0.007626203168764768,0.003467463776393953,2.1437146611629023e-06,0.0034653200617327904,0.0029206250393415062,0.0005468387370524469,ZAF,0.4409535173287204
LSO,2017,0.01340325375226132,0.004739841929946581,2.4191146036373867e-05,0.004715650783910208,0.004148835556878706,0.000591006373067875,ZAF,0.3603601596000419
LSO,2018,0.015217636173345874,0.006589156962232714,2.312517067340261e-05,0.006566031791559312,0.006058226114634314,0.0005309308475984001,ZAF,0.39217014861662675
LSO,2019,0.013637511549885618,0.002040696240953841,4.057184652794422e-05,0.0020001243944258967,0.001093531417033397,0.0009471648239204439,ZAF,0.4212643138817093
LSO,2020,-0.02288685226336583,-0.025473669369564845,2.5387288578249604e-05,-0.025499056658143095,-0.024755907392415608,-0.0007177619771492373,ZAF,0.3887922708444325
LSO,2021,0.03317892155679753,0.021508369914011633,0.00012006353578510947,0.021388306378226522,0.02046683848741678,0.0010415314265948515,ZAF,0.42320295317798634
LSO,2022,0.017912915766662794,0.008680782680182438,3.950187923959807e-05,0.00864128080094284,0.008019132852941284,0.0006616498272411543,ZAF,0.42352421867738105
LSO,2023,0.01205960543534493,0.0037826507713293834,2.0378871094331294e-05,0.003762271900235052,0.00291806662966063,0.0008645841416687534,ZAF,0.41922044764303323
LTU,1993,-0.0013242046761737238,0.004056142299203848,0.0013470149553655919,0.002709127343838256,0.002641427780291378,0.00141471451891247,POL,0.07197089368129869
LTU,1994,0.024369575169825148,0.0006968692025944625,0.0013160687113294837,-0.0006191995087350212,0.003753094771759007,-0.0030562255691645446,POL,0.07276986710407614
LTU,1995,0.016401921707709724,-0.005148796398811987,0.0007586340519678116,-0.005907430450779798,-0.0046733548767484995,-0.0004754415220634871,RUS,0.10931525873721387
LTU,1996,0.010057642678758449,-0.0006230019529644406,0.0003745527764687415,-0.0009975547294331821,-0.006249702285757765,0.005626700332793324,RUS,0.17809823966070532
LTU,1997,0.011282392155378263,0.026270556497405104,4.549893781392515e-05,0.02622505755959118,0.002887242120461258,0.023383314376943846,RUS,0.2439691117736006
LTU,1998,0.011160821703222962,0.0035268117468378957,2.4638216347678413e-05,0.003502173530490217,-0.012279118555057405,0.0158059303018953,RUS,0.23101629916668967
LTU,1999,0.01147056819304396,0.02148427207825863,3.06300840480586e-05,0.021453641994210574,0.012575426530218845,0.008908845548039786,RUS,0.21738946576795506
LTU,2000,0.017726098277035026,0.037722038937854016,4.249542753010585e-05,0.03767954351032391,0.015396132383974359,0.022325906553879657,RUS,0.16046215692822027
LTU,2001,0.009530879200966309,0.023568166651397673,3.0156712405744186e-05,0.023538009938991928,0.008114992739469976,0.015453173911927697,LVA,0.12962350447132467
LTU,2002,0.005650629651346893,0.022471631408983218,3.2950253260739963e-05,0.02243868115572248,0.009945039334486412,0.012526592074496806,LVA,0.13464909831112282
LTU,2003,0.007143635364973337,0.02831255636745312,4.3510303252414494e-05,0.028269046064200706,0.010068665304421862,0.01824389106303126,LVA,0.1244163319373221
LTU,2004,0.013964009327308862,0.031035112508670044,7.144592124782063e-05,0.030963666587422223,0.008898929292501823,0.02213618321616822,LVA,0.10637968262977532
LTU,2005,0.013731078683160503,0.03048098787137473,0.0001081541882500453,0.030372833683124684,0.010821954280478727,0.019659033590896005,LVA,0.09848166305598267
LTU,2006,0.019724488623862713,0.037190638533593216,0.00014538889783324025,0.037045249635759975,0.01209432450230967,0.025096314031283547,LVA,0.10022811284954769
LTU,2007,0.01480689314266961,0.03778004489622002,0.00016611404438941202,0.03761393085183061,0.009269297884082612,0.02851074701213741,RUS,0.10850637101152877
LTU,2008,0.0012361908690859155,0.010087962230295478,0.00011713798391488762,0.009970824246380591,0.007167499874184807,0.002920462356110671,RUS,0.12773133781998916
LTU,2009,-0.01931587443030951,-0.04424882341356573,0.00011048702095710693,-0.04435931043452283,-0.010791277183811808,-0.03345754622975392,RUS,0.1463867612650831
LTU,2010,0.010975635826808133,0.014898855155317026,0.00014336613310394992,0.014755489022213075,0.005944794495562025,0.008954060659755,RUS,0.14800548523585924
LTU,2011,0.009327608775993876,0.02562122034298206,0.00014719853528307928,0.02547402180769898,0.006356788498900063,0.019264431844081997,RUS,0.14993996196028556
LTU,2012,0.0009655070966602708,0.02101855582839269,0.00016658598298525116,0.020851969845407436,0.0059939809425154965,0.015024574885877193,RUS,0.1518902435272568
LTU,2013,0.002912394140472919,0.010903267985308255,0.0001883284232611093,0.010714939562047145,0.00287144363785606,0.008031824347452195,RUS,0.17105198268630312
LTU,2014,0.007539771342236259,0.010888951413319428,0.00022742643143285458,0.010661524981886574,0.001537014730137084,0.009351936683182344,RUS,0.18542878682574807
LTU,2015,0.007874557938438132,0.0019377693289082596,0.00024166227810592085,0.0016961070508023388,-0.00404564838741827,0.00598341771632653,RUS,0.19977680927488373
LTU,2016,0.0074959768418491595,0.010137088759572139,0.00027047119362865005,0.009866617565943488,0.00021906162100788048,0.009918027138564258,RUS,0.1821497159138971
LTU,2017,0.010788909047408576,0.02017067845186786,0.0003159463796058853,0.019854732072261974,0.0030612627578776954,0.017109415693990163,RUS,0.16071143552378622
LTU,2018,0.007573347300027983,0.02211867440349014,0.000363796464238448,0.02175487793925169,0.0037670881128641,0.01835158629062604,RUS,0.14076604398613027
LTU,2019,0.007413012895923907,0.014933114887823517,0.00036584068188953847,0.014567274205933978,0.0032205367168372935,0.011712578170986223,RUS,0.14185854958936364
LTU,2020,-0.01982159574467491,-0.01655257678194818,0.00016950316161341573,-0.016722079943561594,-0.003920134635836897,-0.012632442146111283,RUS,0.14356601106145295
LTU,2021,0.024553783308464843,0.03371027433306667,0.0007318598949407347,0.032978414438125936,0.007912765801768253,0.02579750853129842,RUS,0.13843571348787534
LTU,2022,0.013605402849608346,-0.003665067716528121,0.00029567989218396763,-0.003960747608712088,-0.0016814643681225237,-0.0019836033484055974,RUS,0.12778944824509392
LTU,2023,0.0032700306328533775,0.011225003252442106,0.00031648909743610013,0.010908514155006006,0.0017658720122753079,0.009459131240166799,LVA,0.10434039021922212
LVA,1993,-0.0021730233032595443,-0.04612081801807137,0.0003749745644624252,-0.0464957925825338,-0.02028896835149365,-0.02583184966657772,RUS,0.22488941009772911
LVA,1994,0.013379221797639878,-0.0688769361545747,0.0008439463631903889,-0.06972088251776509,-0.03526186847947049,-0.03361506767510421,RUS,0.26352845111326567
LVA,1995,0.012051178264658161,-0.021928082993246223,0.0006240963862321545,-0.022552179379478378,-0.011541897312150613,-0.01038618568109561,RUS,0.2699785323972514
LVA,1996,0.009201940271241158,-0.006459085884426333,0.0004862206148222486,-0.006945306499248582,-0.009787563916358348,0.0033284780319320145,RUS,0.2789169506589876
LVA,1997,0.01603148663001783,0.018230669294564354,0.00018303244721544712,0.018047636847348905,0.0030342127338533306,0.015196456560711023,RUS,0.2563879836624455
LVA,1998,0.015329694331475352,-0.00144655831906422,5.8962169903149616e-05,-0.0015055204889673696,-0.01232796525797259,0.01088140693890837,RUS,0.2319352889527532
LVA,1999,0.016321614923936696,0.014004962581871297,4.831566281355675e-05,0.013956646919057741,0.010881214032615091,0.0031237485492562056,RUS,0.18810187469766923
LVA,2000,0.024536508611322286,0.026712078424211916,3.5857545769575074e-05,0.02667622087844234,0.012665976045351893,0.014046102378860023,RUS,0.13200781762268063
LVA,2001,0.01281222827267867,0.01654854647307347,4.720420487634384e-06,0.016543826052585836,0.0037850536876905083,0.012763492785382961,RUS,0.07600078668071969
LVA,2002,0.008273890445899827,0.01598234184434547,2.9129849165308672e-05,0.01595321199518016,0.0050457320151360875,0.010936609829209382,LTU,0.0775824191248533
LVA,2003,0.009434669379806854,0.022555202440738303,6.969052104701229e-05,0.02248551191969129,0.008068630032169032,0.014486572408569272,LTU,0.08043307141577359
LVA,2004,0.016569627565914333,0.021246116132627668,0.0002587584805196968,0.02098735765210797,0.005197790693770949,0.016048325438856717,LTU,0.08251272160043989
LVA,2005,0.015727441734029665,0.0227976229245336,0.0003536827407803477,0.02244394018375325,0.006458029373259197,0.0163395935512744,LTU,0.08671849748481636
LVA,2006,0.02171292769366627,0.02901600584982453,0.00042293770801521424,0.028593068141809317,0.0068090359986049285,0.022206969851219602,LTU,0.09543421809570324
LVA,2007,0.01635085114233578,0.03620689529326475,0.0003530238220428091,0.03585387147122194,0.012131222794795197,0.02407567249846955,LTU,0.11546748070995334
LVA,2008,0.00014849184787024976,0.010430091495631792,0.000250622942354736,0.010179468553277055,0.003456066791018885,0.006974024704612907,LTU,0.1346737568922769
LVA,2009,-0.020914814979035672,-0.055828904717941275,0.00025881338149547696,-0.05608771809943675,-0.02402472095051499,-0.03180418376742629,LTU,0.1495732629990945
LVA,2010,0.01112742852854311,0.017230686503966572,0.00028791127209765855,0.016942775231868913,0.0006522819621782958,0.016578404541788275,LTU,0.15302227008086836
LVA,2011,0.00839328191304051,0.03197175912869605,0.00029918473776647,0.03167257439092958,0.009380466720986299,0.02259129240770975,LTU,0.15298194354160072
LVA,2012,0.0006033214060114137,0.023670552630923814,0.0003062869644441861,0.023364265666479627,0.006715179743625332,0.01695537288729848,LTU,0.15654578705309866
LVA,2013,0.0022963719182206655,0.015792278513875387,0.0003363963264075414,0.015455882187467846,0.002853593081863796,0.012938685432011592,RUS,0.1699886245363206
LVA,2014,0.006079352822350329,0.01719431025124647,0.00042356913993162574,0.01677074111131484,0.0014372943092681248,0.015757015941978345,RUS,0.1733982992182318
LVA,2015,0.007199710885863152,0.009495990170195897,0.0005021832781473767,0.00899380689204852,0.004612119262872773,0.004883870907323124,LTU,0.16510711328536712
LVA,2016,0.006994808944830375,0.014942024176981492,0.0006103077312689432,0.014331716445712548,0.004764789797531159,0.010177234379450333,LTU,0.1806994902263872
LVA,2017,0.00932366495121718,0.026159969324003766,0.0006878116591162619,0.025472157664887505,0.00848407016262492,0.017675899161378846,LTU,0.18815656952164916
LVA,2018,0.006214073117205475,0.02520341040429933,0.0007177931896922307,0.024485617214607097,0.008698057335330578,0.01650535306896875,LTU,0.18116244373510215
LVA,2019,0.006612884656687409,0.02152520728357321,0.0006789050295893266,0.020846302253983883,0.007843176636863063,0.013682030646710149,LTU,0.17157561452861633
LVA,2020,-0.018596325574798036,-0.011703163312723454,0.00026579217596099056,-0.011968955488684445,6.992946635029089e-05,-0.011773092779073745,LTU,0.16344588020973838
LVA,2021,0.022728294706313525,0.037090693042726754,0.0009621325291179007,0.036128560513608854,0.00982045743015971,0.027270235612567043,LTU,0.15878482020255458
LVA,2022,0.0118496319521057,0.004438424144804343,0.0003585460218365979,0.004079878122967745,0.0039893669709134315,0.0004490571738909113,LTU,0.1592013676011327
LVA,2023,0.002411336770426224,0.006698893007107346,0.0004990697352358944,0.006199823271871452,0.0005581155234976111,0.006140777483609735,LTU,0.16334241785091672
MAR,1991,0.012865033959386495,-0.0016919535078575524,0.0004893627500824762,-0.0021813162579400287,0.001713997032776286,-0.0034059505406338385,IND,0.048999737186878126
MAR,1992,0.008930243998838764,0.005080292246839672,0.0008645277963803356,0.004215764450459337,0.001458068454395377,0.003622223792444295,IND,0.059048772140212605
MAR,1993,-0.001212910217513938,0.00556353454854778,0.0009243765812353143,0.004639157967312466,0.0030920815930021587,0.0024714529555456216,IND,0.06119200693164996
MAR,1994,0.01816290416999702,0.006474979852764885,0.0009393128771574366,0.005535666975607449,0.0029535504634176798,0.0035214293893472055,IND,0.05807397524499963
MAR,1995,0.01959391450231784,0.008742415342328896,0.0006242474077107284,0.008118167934618168,0.003618683367885728,0.005123731974443168,IND,0.054332541222162495
MAR,1996,0.01494799521997345,0.013425011857234213,0.0005837336280100594,0.012841278229224153,0.004483475172827206,0.008941536684407007,IND,0.05657426777329942
MAR,1997,0.02111074395633889,0.010576932231195966,0.00048538814057675603,0.01009154409061921,0.00257562922046918,0.008001303010726785,IND,0.06491249091754317
MAR,1998,0.022056302120791446,0.007968717776784259,0.000566828422358519,0.00740188935442574,0.004378658352955431,0.0035900594238288275,IND,0.07303685124945729
MAR,1999,0.02278359392695878,0.009599142768787327,0.0006486798571915058,0.00895046291159582,0.0062259605896521925,0.0033731821791351344,IND,0.07714407935532017
MAR,2000,0.03212477151072787,0.010147576657071066,0.0008466245347245386,0.009300952122346528,0.00280074079034712,0.0073468358667239456,IND,0.07182990112735999
MAR,2001,0.01679069650609901,0.004720250783380896,0.0006505994485801775,0.004069651334800719,0.0028050876885117176,0.0019151630948691786,IND,0.05781662082545003
MAR,2002,0.011268796929649204,0.0052561759615320745,0.00047712938822175126,0.004779046573310323,0.0016010811322660326,0.003655094829266042,IND,0.042652367560844305
MAR,2003,0.012749631518334827,0.008460111399362544,0.00041387820258704784,0.008046233196775497,0.0029138724633982886,0.005546238935964256,IND,0.03754477303155057
MAR,2004,0.02052950021036653,0.011772283810737957,0.0005275880049400059,0.011244695805797952,0.002541025930204573,0.009231257880533385,IND,0.03386445836407755
MAR,2005,0.01949037758815273,0.010282406119177852,0.0005863373893671912,0.009696068729810662,0.002553565758747255,0.0077288403604305975,IND,0.03386781037421819
MAR,2006,0.024919762523321756,0.01137223084954234,0.0007914039341124335,0.010580826915429907,0.0028258407904855768,0.008546390059056764,IND,0.03627909713086864
MAR,2007,0.021933296298200487,0.012422220864052619,0.0009253190456305848,0.011496901818422034,0.002966683119590816,0.009455537744461803,IND,0.04038404161855243
MAR,2008,0.0027961054668409475,0.008947945072354593,0.0007421428916998861,0.008205802180654708,0.0012092651878157512,0.007738679884538842,IND,0.03934453159364957
MAR,2009,-0.025745632085704174,0.003600602705668643,0.0006375053633985793,0.0029630973422700635,0.00370659008282342,-0.00010598737715477712,IND,0.04865271934826695
MAR,2010,0.01037031982843672,0.016404039713147,0.0007984321526717498,0.015605607560475248,0.004605736420790508,0.01179830329235649,IND,0.05370993146610568
MAR,2011,0.008188726503315678,0.011758468300489997,0.000937661666780696,0.0108208066337093,0.0030541582960056726,0.008704310004484324,IND,0.0632087794905087
MAR,2012,-0.005368755306896471,0.01339968556530273,0.0010472546945744662,0.012352430870728263,0.0034076838878190937,0.009992001677483636,IND,0.06189062255903314
MAR,2013,0.000666956095206535,0.012953210744828365,0.0010779619398746867,0.011875248804953678,0.0035906745338973086,0.009362536210931057,IND,0.05922799064659508
MAR,2014,0.009866782383324836,0.012151175059785512,0.0010746726245599984,0.011076502435225514,0.00029167033910026957,0.011859504720685242,BRA,0.05673104616359103
MAR,2015,0.0154472420115246,0.009283588761466618,0.000919549262338114,0.008364039499128504,-0.0019722762883846853,0.011255865049851304,BRA,0.054689316251924
MAR,2016,0.012065174699804383,0.008977828526673285,0.0008409052146782118,0.008136923311995073,-0.0017489355097481264,0.01072676403642141,BRA,0.04947715707713421
MAR,2017,0.017613849196168103,0.014310281375653718,0.0007229735917304455,0.013587307783923272,0.002601197429021477,0.01170908394663224,IND,0.04004436070433007
MAR,2018,0.013636385024585357,0.012037801284623097,0.0007285261957694665,0.01130927508885363,0.0022753291568447503,0.009762472127778346,IND,0.03730383367320136
MAR,2019,0.013202230910313055,0.007900334707306932,0.0006200474932655752,0.0072802872140413566,0.0005078128713819967,0.007392521835924935,BRA,0.04206198877432155
MAR,2020,-0.059054830824707805,-0.008980233265335705,0.00023590151810517915,-0.009216134783440884,-0.0015852187640812865,-0.007395014501254419,BRA,0.0436353819268954
MAR,2021,0.045708941441382184,0.01863287418669152,0.0007796705242361006,0.01785320366245542,0.002241031697045557,0.016391842489645963,BRA,0.045018662089271445
MAR,2022,0.029027336781752924,0.01268124036166839,0.00032189690975840653,0.012359343451909983,0.001324935870440294,0.011356304491228096,BRA,0.0429624237785818
MAR,2023,0.01039029334053838,0.013061309405160757,0.00044331712315458536,0.012617992282006172,0.00423097298465853,0.008830336420502228,IND,0.053652668582494116
MDA,1993,-0.0001200527676955471,-0.06806842568026379,0.0,-0.06806842568026379,-0.03152040015139088,-0.03654802552887291,RUS,0.34938219002982535
MDA,1994,0.001654419825618459,-0.1007673111651475,0.0,-0.1007673111651475,-0.047241847046282016,-0.05352546411886549,RUS,0.35306043941161713
MDA,1995,0.0015640458078598765,-0.030927606023140028,1.7986691521825256e-05,-0.03094559271466185,-0.017371737133539133,-0.013555868889600895,RUS,0.40634533211159185
MDA,1996,0.001607842356122508,-0.015520269721705218,3.288459707217488e-05,-0.015553154318777393,-0.015852767663766226,0.00033249794206100837,RUS,0.4517575214904162
MDA,1997,0.0030784670992903343,0.003703699511283488,5.20917379449819e-05,0.0036516077733385064,0.006070537657646158,-0.00236683814636267,RUS,0.5129544452917314
MDA,1998,0.004521291450076116,-0.023645027798285836,3.016029898776001e-05,-0.023675188097273595,-0.02848055125149074,0.0048355234532049055,RUS,0.5358260463766541
MDA,1999,0.005179923489359627,0.03419963002084901,1.5119631385882383e-05,0.03418451038946313,0.032130454255558286,0.002069175765290726,RUS,0.5554342247328911
MDA,2000,0.007731920148274293,0.06230365051525395,1.9492114223605866e-06,0.06230170130383159,0.04924540567439865,0.013058244840855306,RUS,0.5132473413611552
MDA,2001,0.004123974804770364,0.040381502643370856,5.713190346224997e-05,0.040324370739908605,0.023315705174593415,0.01706579746877744,RUS,0.4681603172625112
MDA,2002,0.0022659687363657185,0.03653471971021597,6.462753827537241e-05,0.036470092171940596,0.020512963391099502,0.016021756319116467,RUS,0.43240055375863456
MDA,2003,0.002264026593457589,0.04765714151977139,0.00013148772861027328,0.04752565379116112,0.028878721286217802,0.01877842023355359,RUS,0.4185754363286578
MDA,2004,0.005351506618997796,0.05758086085280715,7.08259407125686e-05,0.05751003491209458,0.02716721316983982,0.03041364768296733,RUS,0.4000402131479104
MDA,2005,0.005560280396840575,0.042322651150374466,7.971350429293765e-05,0.04224293764608153,0.02377079178078558,0.018551859369588884,RUS,0.3738068808532848
MDA,2006,0.007941575406226094,0.05529051192289609,2.9744450313945033e-05,0.05526076747258215,0.027595414841452646,0.027695097081443448,RUS,0.35612732959158216
MDA,2007,0.006372930790462875,0.05566739205175537,4.4504578432758864e-05,0.055622887473322606,0.024250439977323478,0.03141695207443189,RUS,0.283875571837089
MDA,2008,-6.751720723957268e-05,0.04002408900613174,5.247720685325083e-05,0.03997161179927849,0.012483960106720206,0.027540128899411535,RUS,0.22247547313757113
MDA,2009,-0.012973239889782074,-0.04456795868107549,7.399102455403284e-05,-0.04464194970562953,-0.013420578420655053,-0.031147380260420438,RUS,0.18205398451361088
MDA,2010,0.005879588545010223,0.016951049682826118,9.658382430156079e-05,0.016854465858524556,0.00798546938792973,0.008965580294896388,RUS,0.198811459753396
MDA,2011,0.0036988583729739236,0.03416476260366597,0.00011079266313467421,0.034053969940531295,0.009677976182616125,0.024486786421049848,RUS,0.2282780653981335
MDA,2012,-0.0028232479488633556,0.01934605798567839,0.00010207257838121909,0.01924398540729717,0.010162023578235316,0.009184034407443073,RUS,0.2575103676222436
MDA,2013,-0.0004299090503523041,0.01128389115842442,0.0001770324837842932,0.011106858674640127,0.004771412667082798,0.006512478491341622,RUS,0.2842331941184933
MDA,2014,0.0037755362080548692,0.01194994479114757,0.00020212886304101494,0.011747815928106555,0.0023613849524360556,0.009588559838711513,RUS,0.2848825963559515
MDA,2015,0.004135269947086744,0.0007336518030600255,0.00022894064364519225,0.0005047111594148332,-0.005087250196767757,0.005820901999827783,RUS,0.2512117996843141
MDA,2016,0.005325488043371261,0.011970777236685548,0.00023593275364019084,0.011734844483045357,0.005558565226782179,0.006412212009903369,ROU,0.19712536769491731
MDA,2017,0.007464384538707015,0.03202313707925348,0.00033952630567397,0.03168361077357951,0.017698606159956873,0.014324530919296606,ROU,0.22468917660314927
MDA,2018,0.004819397330099123,0.028888482967770357,0.00042622137240843857,0.02846226159536192,0.01461445896429925,0.014274024003471107,ROU,0.24599646314396603
MDA,2019,0.0041629630908263555,0.021381571080909934,0.0004298252004870585,0.020951745880422874,0.010343901658700902,0.011037669422209032,ROU,0.2687938537870482
MDA,2020,-0.024279623980673744,-0.02003155243692201,0.00015914346753074683,-0.020190695904452757,-0.010387210820719767,-0.009644341616202243,ROU,0.2774662083010638
MDA,2021,0.0205234982082897,0.03866637041415893,0.0005026112172016877,0.03816375919695724,0.015594266111075606,0.023072104303083322,ROU,0.28892171009125717
MDA,2022,0.0113589227081593,0.010422385786317497,0.00016962239420642767,0.010252763392111069,0.010839232804744478,-0.00041684701842698187,ROU,0.27873620193847176
MDA,2023,0.0021353428962200037,0.02118329031925914,0.0001810577403672446,0.021002232578891895,0.0066847714069860386,0.014498518912273103,ROU,0.2813678414130477
MDG,1991,0.010582121536869719,0.00419863451829806,0.0004590414543241858,0.0037395930639738746,0.003343930495788032,0.0008547040225100285,SGP,0.051649914346853544
MDG,1992,0.014725185143326179,0.0007517648671549117,0.0006209670054205737,0.00013079786173433806,0.003625327766006958,-0.0028735628988520463,SGP,0.056393152041463605
MDG,1993,0.004395222543770556,0.009541712622932477,0.0004194214327881703,0.009122291190144308,0.0050409675197517845,0.004500745103180693,SGP,0.046463757392501345
MDG,1994,0.020697305522428776,0.009360002938289196,0.0001873283247267316,0.009172674613562463,0.0046728069932571534,0.004687195945032042,SGP,0.04440915283999183
MDG,1995,0.020698832576706842,0.007715553380306822,6.214969182389756e-05,0.007653403688482924,0.0014406371941217552,0.006274916186185067,MUS,0.0343144561366321
MDG,1996,0.015870892331718497,0.008966771829723472,0.0002251213025128088,0.008741650527210664,0.002038000060263695,0.006928771769459777,MUS,0.03748176465817036
MDG,1997,0.02206880237868971,0.007540158058004513,0.0002656670027905909,0.007274491055213921,0.00206658852550052,0.0054735695325039925,MUS,0.03735935316769241
MDG,1998,0.02316354124918811,0.003056556989208428,0.00023039487760526914,0.002826162111603159,0.0027709415434865304,0.00028561544572189767,MUS,0.04700713653668881
MDG,1999,0.023553742397904465,0.007175793080111174,0.0005751006614209342,0.0066006924186902405,0.0014598127605110571,0.005715980319600117,MUS,0.05663845160918009
MDG,2000,0.031238197137715012,0.01499330823352039,0.0010621903395655113,0.013931117893954879,0.004541321614040073,0.010451986619480318,MUS,0.05760375672473939
MDG,2001,0.013336382553138727,0.004597059323708918,0.0011086413351628624,0.0034884179885460555,-0.0005946464675442807,0.005191705791253199,SGP,0.05523180538487683
MDG,2002,0.009950534814504275,0.007567528278985953,0.0008456105194766308,0.006721917759509322,0.002664603171205349,0.004902925107780604,SGP,0.06924009991575376
MDG,2003,0.012169703171238486,0.007865349164306423,0.0007841780166337929,0.00708117114767263,0.002302977933779621,0.0055623712305268025,SGP,0.05177726714648161
MDG,2004,0.021948755028074567,0.010450602191683847,0.0008437648952541452,0.009606837296429702,0.0019357788801348354,0.008514823311549012,MUS,0.045667236045117576
MDG,2005,0.022248395543634614,0.006833755449876041,0.0010653659183075365,0.005768389531568505,0.0007687448689974802,0.006065010580878561,MUS,0.04363095437221292
MDG,2006,0.02385569698776789,0.010578381163828745,0.0024522608300724426,0.008126120333756303,0.0014560754754860791,0.009122305688342667,MUS,0.0306484038617748
MDG,2007,0.01972300668874007,0.011573787758583517,0.0034790907321580844,0.008094697026425433,0.0034790907321580844,0.008094697026425433,CHN,0.026212852190225244
MDG,2008,0.0017061095506300198,0.007505251686649738,0.002871623328834474,0.004633628357815264,0.002871623328834474,0.004633628357815264,CHN,0.03045767184906566
MDG,2009,-0.027338401644406138,0.004106933397779004,0.0024890293279372076,0.0016179040698417967,0.0024890293279372076,0.0016179040698417967,CHN,0.02812150311372647
MDG,2010,0.017650529778172313,0.01219597565654516,0.0038376106713175566,0.008358364985227603,0.0038376106713175566,0.008358364985227603,CHN,0.038130725663548505
MDG,2011,0.016279737405890747,0.012268076082175802,0.004432697314912392,0.00783537876726341,0.004432697314912392,0.00783537876726341,CHN,0.048479639193994575
MDG,2012,0.0025951682326228955,0.015088843664094239,0.004472759002514112,0.010616084661580127,0.004472759002514112,0.010616084661580127,CHN,0.058390047400942204
MDG,2013,0.005205089033210462,0.018503102737459563,0.005204385649380514,0.013298717088079049,0.005204385649380514,0.013298717088079049,CHN,0.06986380492428533
MDG,2014,0.009990254503205072,0.016138482453034626,0.005511370656391726,0.010627111796642899,0.005511370656391726,0.010627111796642899,CHN,0.07608488643055873
MDG,2015,0.01023609668353151,0.0145869595359321,0.004709003209544229,0.009877956326387872,0.004709003209544229,0.009877956326387872,CHN,0.06971906693577233
MDG,2016,0.009380981497006328,0.013747159496851562,0.004139799142439185,0.009607360354412377,0.004139799142439185,0.009607360354412377,CHN,0.06273482998680228
MDG,2017,0.01625188556413308,0.01396493024575018,0.00402631241438799,0.00993861783136219,0.00402631241438799,0.00993861783136219,CHN,0.06009589272277265
MDG,2018,0.013018521919509658,0.01434359762885027,0.0042839062576086545,0.010059691371241616,0.0042839062576086545,0.010059691371241616,CHN,0.06573065479866769
MDG,2019,0.011921837421282874,0.010767739454097758,0.003575882053416295,0.007191857400681463,0.003575882053416295,0.007191857400681463,CHN,0.061845530820209355
MDG,2020,-0.03422125315945389,-0.01016434211674553,0.0013781456294587441,-0.011542487746204274,0.0013781456294587441,-0.011542487746204274,CHN,0.06201400112008182
MDG,2021,0.03859261771641187,0.020496488573835712,0.004938621340227924,0.015557867233607789,0.004938621340227924,0.015557867233607789,CHN,0.06080141080103662
MDG,2022,0.01870691906693267,0.01296900189305061,0.002854838812051397,0.010114163080999213,0.002854838812051397,0.010114163080999213,CHN,0.08680522897762137
MDG,2023,0.0108682668633237,0.013227354851482298,0.005356671290044217,0.00787068356143808,0.005356671290044217,0.00787068356143808,CHN,0.11193306836272027
MEX,1991,0.003566013348622424,0.003755210393630474,0.00022397743418758344,0.00353123295944289,0.0006063233637998145,0.003148887029830659,ISR,0.00814711338247898
MEX,1992,0.026566259306979232,0.0033239498959346386,0.00016722351927780382,0.003156726376656835,0.00045026317696056394,0.0028736867189740746,ISR,0.00602523022855953
MEX,1993,0.02304764700769779,0.0030853477739909733,0.0001084985665136637,0.00297684920747731,0.00031965473968422435,0.002765693034306749,BRA,0.006649436404213772
MEX,1994,0.03404005949015874,0.0031069950790588185,3.614814143742034e-05,0.003070846937621398,0.0003659257115993156,0.002741069367459503,BRA,0.006433292336525751
MEX,1995,0.025584201875452288,0.002814435389938373,5.3018840284409165e-05,0.002761416549653964,0.0002873516664895396,0.0025270837234488332,BRA,0.006945847488806182
MEX,1996,0.03195726669960932,0.0026093401881422318,6.258654786501697e-05,0.0025467536402772146,0.00016018299076607203,0.0024491571973761597,BRA,0.007360805992799625
MEX,1997,0.03896430303294642,0.0035102674562893866,4.810890709272238e-05,0.003462158549196664,0.0003138559246475099,0.0031964115316418765,BRA,0.008578304944799957
MEX,1998,0.043913323635806294,0.0012450052742294022,3.3426351183817935e-05,0.0012115789230455842,3.077014163084504e-05,0.001214235132598557,BRA,0.008652526600955075
MEX,1999,0.042620758041291326,0.0006978384382110825,4.155636535646844e-05,0.000656282072854614,-3.323358331603425e-05,0.0007310720215271168,CHL,0.006804562657851726
MEX,2000,0.03539527545465104,0.002347545127538946,6.377194605695024e-05,0.0022837731814819955,0.00027654487098553645,0.0020710002565534095,CHL,0.005271999080065851
MEX,2001,0.007706418130649399,0.0008521596642134235,7.99232701647229e-05,0.0007722363940487006,9.49069333615553e-05,0.0007572527308518682,GTM,0.004116059437521724
MEX,2002,0.02019724557277865,0.000768780381821393,0.00011480446756501749,0.0006539759142563756,0.0001358912759286714,0.0006328891058927217,GTM,0.0036069939563032104
MEX,2003,0.025828206003704394,0.0012619058582012184,0.00022166718614519796,0.0010402386720560204,-0.00031732402618572987,0.0015792298843869484,VEN,0.003914303037818224
MEX,2004,0.031625193990625196,0.0033251279694751414,0.00038504312736935053,0.002940084842105791,0.00038504312736935053,0.002940084842105791,CHN,0.003939371053826217
MEX,2005,0.03616804790825626,0.0031787083841318857,0.0005472102902702442,0.0026314980938616415,0.0005472102902702442,0.0026314980938616415,CHN,0.005095885829137667
MEX,2006,0.02405265845233656,0.004044444438298296,0.0006593531575141431,0.0033850912807841535,7.184283533526498e-05,0.003972601602963031,ABW,0.006408317555042078
MEX,2007,0.01786731494077439,0.004719332797587106,0.000766879306719264,0.003952453490867843,0.00020644071309063264,0.004512892084496473,ABW,0.006784603115596962
MEX,2008,0.00045414185885668274,0.003465152520317303,0.0005992239934836664,0.002865928526833637,0.00029803163027689896,0.003167120890040404,COL,0.008880509097891742
MEX,2009,-0.023827754300043427,-0.00034750024985527096,0.000613435041545723,-0.0009609352914009939,0.00011421815884359143,-0.00046171840869886236,COL,0.009945028943730757
MEX,2010,0.022481516212832887,0.0050560639505864225,0.0007937815991407218,0.004262282351445701,0.00046204635228845245,0.00459401759829797,COL,0.010719527066015437
MEX,2011,0.01659437947590287,0.005498652229404213,0.0009360678007230799,0.004562584428681134,0.00046930919636191626,0.005029343033042297,BRA,0.011639549695489602
MEX,2012,0.01943647721810341,0.004407714073538821,0.0010411750888356431,0.003366538984703178,0.0010411750888356431,0.003366538984703178,CHN,0.013592116802094928
MEX,2013,0.014718702240841033,0.004965831111371615,0.0011571203591358853,0.0038087107522357293,0.0011571203591358853,0.0038087107522357293,CHN,0.015533213042006425
MEX,2014,0.02428266903378781,0.0040482909351371955,0.0011977029816667936,0.002850587953470402,0.0011977029816667936,0.002850587953470402,CHN,0.016534379743081935
MEX,2015,0.023616454606327466,0.0032873893901103186,0.0010704918644524168,0.0022168975256579015,0.0010704918644524168,0.0022168975256579015,CHN,0.01584914909395047
MEX,2016,0.014530533163661619,0.0021025474905970094,0.0009878449124152279,0.0011147025781817815,0.0009878449124152279,0.0011147025781817815,CHN,0.01496987667792564
MEX,2017,0.023797940391862143,0.0030915718050862745,0.0009458226420316733,0.0021457491630546013,0.0009458226420316733,0.0021457491630546013,CHN,0.01411714993282375
MEX,2018,0.026816860243837178,0.00279740706309638,0.0009499330226338945,0.0018474740404624858,0.0009499330226338945,0.0018474740404624858,CHN,0.014575416883061852
MEX,2019,0.021557570462757657,0.0020104945926727935,0.0009139247983345894,0.001096569794338204,0.0009139247983345894,0.001096569794338204,CHN,0.01580649569488899
MEX,2020,-0.02581657724672743,-0.005104026909060793,0.0003586210738407926,-0.005462647982901586,0.0003586210738407926,-0.005462647982901586,CHN,0.01613728418787081
MEX,2021,0.05262086758173933,0.007929567232766626,0.001379202811545001,0.006550364421221625,0.001379202811545001,0.006550364421221625,CHN,0.016979936493536102
MEX,2022,0.022238369204646315,0.0041477846996266984,0.0005828859491482678,0.0035648987504784306,0.0005828859491482678,0.0035648987504784306,CHN,0.017723434356455223
MEX,2023,0.02703995453671505,0.003122205112410921,0.000903394828797052,0.0022188102836138692,0.000903394828797052,0.0022188102836138692,CHN,0.018877349319195148
MKD,1994,0.012424794229275742,-0.00249890673241881,0.0007542229937581024,-0.0032531297261769124,-0.01628272479110509,0.01378381805868628,RUS,0.12168842517808436
MKD,1995,0.01017629668890564,0.018618645121437263,0.00030582131397558057,0.018312823807461683,0.004636003798984452,0.013982641322452811,BGR,0.1643848931919876
MKD,1996,0.0066548713701411796,0.020241473273102686,0.00018504851127454114,0.020056424761828145,0.009199175537400808,0.011042297735701877,BGR,0.18128540112962718
MKD,1997,0.013049990936832874,-0.018279818526856402,5.982014219126069e-05,-0.018339638669047663,-0.02738300540554442,0.009103186878688017,BGR,0.179955422202862
MKD,1998,0.016642692757021835,0.010430126944068181,5.853795881420043e-05,0.01037158898525398,0.004132908461195176,0.006297218482873005,BGR,0.11112565251179853
MKD,1999,0.019581851877469192,0.00716532289711254,6.014295853613554e-05,0.007105179938576404,0.0032684488344683835,0.003896874062644156,SVN,0.06366357460468822
MKD,2000,0.026909370910593033,0.01327782333206557,1.915378950870803e-05,0.013258669542556863,0.001393731118814078,0.011884092213251492,HRV,0.04801468146475275
MKD,2001,0.014670619687235181,0.007557198958161737,2.8198253984985248e-05,0.007529000704176752,0.0015427034670701955,0.0060144954910915415,HRV,0.05035242449948137
MKD,2002,0.009252631022399172,0.010184182569466092,4.292026819773275e-05,0.010141262301268359,0.0031518947917193187,0.007032287777746773,HRV,0.055872968913583676
MKD,2003,0.010650398196477399,0.009634375560220891,3.794917124252192e-05,0.009596426388978369,0.0032932313738734723,0.006341144186347418,HRV,0.060773511705311166
MKD,2004,0.01821703700423329,0.012109447169126555,0.0004578227214142458,0.01165162444771231,0.002648445823642512,0.009461001345484044,HRV,0.06481968546703702
MKD,2005,0.012965513133381432,0.012560625978788528,0.0005194265576157389,0.01204119942117279,0.0026690572168004702,0.009891568761988058,HRV,0.06300788269897657
MKD,2006,0.0296175027548213,0.015252635685507197,0.000839265291596951,0.014413370393910246,0.0028938415295374402,0.012358794155969757,HRV,0.058383783830466746
MKD,2007,0.020477585444149182,0.016501611885632678,0.0003737725316246907,0.016127839354007988,0.002987727260820245,0.013513884624812433,HRV,0.06065760005379499
MKD,2008,0.0012400427038977652,0.014820086072646378,0.00023874122934009859,0.01458134484330628,0.003832455520254981,0.010987630552391398,BGR,0.06442157647206838
MKD,2009,-0.026471886732159073,-0.015948649838909625,4.0505315579145185e-05,-0.01598915515448877,-0.004520220597635769,-0.011428429241273855,SRB,0.14156495755600026
MKD,2010,0.002701090032233599,0.008539625235992204,6.469398382783739e-05,0.008474931252164366,0.0030141467789887248,0.005525478457003479,SRB,0.18860556473225032
MKD,2011,-0.0023431706190677826,0.00822546497581976,0.0009889480953834658,0.007236516880436294,8.517074275910109e-05,0.008140294233060659,SRB,0.1569985635799859
MKD,2012,-0.008855378963971698,0.0023966146211227553,0.001544972393689492,0.0008516422274332633,-0.0006449580237542439,0.0030415726448769992,SRB,0.14495463145105278
MKD,2013,-0.0008642226120594676,0.006307344932252415,0.0024511137632619385,0.003856231168990477,0.0006994680977403346,0.0056078768345120805,SRB,0.15524402796519962
MKD,2014,0.009332852786810751,0.003732523795430926,0.0022845645545352396,0.0014479592408956866,-0.002660077163451139,0.006392600958882066,SRB,0.14609785719186982
MKD,2015,0.008032618082137016,0.01087479180484957,0.0019300585759264683,0.008944733228923103,0.0012632164432339467,0.009611575361615624,SRB,0.0981201428872731
MKD,2016,0.012479235867547676,0.011493250044115565,0.0017588318192598052,0.00973441822485576,0.002117064560640851,0.009376185483474714,BGR,0.07100115465500853
MKD,2017,0.01804993757440366,0.012147486826657674,0.0014218274664768446,0.010725659360180828,0.001676610894609147,0.010470875932048526,BGR,0.06189248323882669
MKD,2018,0.009312949679236184,0.012147213287245821,0.0012056880833948252,0.010941525203850996,0.0014895295323240707,0.010657683754921751,BGR,0.05916688262641401
MKD,2019,0.008900794519527862,0.010781700245705586,0.000607324193150275,0.010174376052555311,0.0020970421644972443,0.008684658081208342,BGR,0.056389720906572495
MKD,2020,-0.03790911948221895,-0.009127203109485647,0.00033685971761332776,-0.009464062827098975,-0.0018177769811677212,-0.007309426128317926,BGR,0.0556136815317842
MKD,2021,0.03161119737690191,0.021930322088918604,0.0016186323536648121,0.020311689735253793,0.003863769750516552,0.018066552338402053,BGR,0.051566724960392885
MKD,2022,0.01582602702894841,0.011060428507806714,0.0008032366949072245,0.01025719181289949,0.0020038386659666347,0.009056589841840079,BGR,0.05061030388634155
MKD,2023,0.00197558926654086,0.008138300246170559,0.0008927788879430068,0.007245521358227552,0.0009527145032426904,0.007185585742927869,BGR,0.050968119727119114
MLI,1991,0.006048497684225375,0.010377929016630464,0.005889138753926673,0.0044887902627037905,-0.02073478378898855,0.031112712805619017,SUN,0.15571283336632016
MLI,1992,0.004725737990968359,0.005003217421909161,0.014991753512416828,-0.009988536090507667,-0.03145176909561525,0.03645498651752441,SUN,0.1634182283070481
MLI,1993,0.0019532942951068747,0.04042074476675528,0.01952003036088535,0.02090071440586993,0.01952003036088535,0.02090071440586993,CHN,0.15014504817384863
MLI,1994,0.012064477024959617,0.04344773777065178,0.014772679435976585,0.028675058334675194,0.015749051989198338,0.02769868578145344,THA,0.2047099161760894
MLI,1995,0.020317682209849284,0.03761290552292379,0.007889939821827709,0.02972296570109608,0.016670609634081922,0.020942295888841868,THA,0.21352169795478687
MLI,1996,0.013220959958104087,0.03422164383120725,0.006341451399848521,0.02788019243135873,0.012329234867512102,0.02189240896369515,THA,0.22424978499087858
MLI,1997,0.015986949129372024,0.016755855513087656,0.007680994284797865,0.00907486122828979,-0.005938412711603252,0.02269426822469091,THA,0.21267835676682864
MLI,1998,0.010211129610266838,-0.005613082223856952,0.0073072089866800475,-0.012920291210537,-0.015944627843513852,0.0103315456196569,THA,0.2007847283360095
MLI,1999,0.010289461607850162,0.030095326763169446,0.0035640234847732245,0.026531303278396222,0.008331360648502562,0.021763966114666883,THA,0.1863484589242611
MLI,2000,0.016678420821160098,0.032890275211219455,0.003074185684168604,0.02981608952705085,0.0065412524999349094,0.026349022711284545,THA,0.15006808653039708
MLI,2001,0.0064073786414102114,0.01321599347157803,0.0005254782858943548,0.012690515185683676,0.003655499029628237,0.009560494441949794,ZAF,0.1372096505372363
MLI,2002,0.0029156827311204447,0.01751894738551378,0.0001531917934677553,0.017365755592046027,0.008310666487931781,0.009208280897582,ZAF,0.22871938625321406
MLI,2003,0.0014644970822859826,0.008473579953367118,7.975396863521646e-05,0.0083938259847319,0.0066013959282341505,0.0018721840251329676,ZAF,0.2271287790971362
MLI,2004,0.016188242091350964,0.016611543430116275,0.00047922292973371364,0.01613232050038256,0.00474163311766053,0.011869910312455746,ZAF,0.10646091501934464
MLI,2005,0.015510950655153625,0.02138030365956768,0.0022172513184032156,0.019163052341164465,0.0056228598473200666,0.015757443812247616,ZAF,0.10934052540684311
MLI,2006,0.017410135810845426,0.03151663291465645,0.004699874694498756,0.026816758220157694,0.012261940335207654,0.0192546925794488,ZAF,0.2248895321174925
MLI,2007,0.008157832949184589,0.0429895240114659,0.007408767179235439,0.035580756832230456,0.023799405068750393,0.019190118942715505,ZAF,0.4557763485964459
MLI,2008,0.0032116220652284584,0.03081069511521685,0.0044689592730255065,0.026341735842191343,0.0181090224262581,0.012701672688958748,ZAF,0.5765035816146694
MLI,2009,-0.003034156090381386,-0.002038190769041026,0.0033790448103267973,-0.005417235579367823,-0.010459813147988748,0.008421622378947722,ZAF,0.6748104218675341
MLI,2010,0.002594881067334775,0.03394222212122416,0.0024039127739639123,0.03153830934726024,0.019587273146229742,0.014354948974994414,ZAF,0.65411675621849
MLI,2011,0.0025544112636530715,0.027122437233107432,0.0021292281828913903,0.024993209050216042,0.019368586823044365,0.0077538504100630665,ZAF,0.6209095116620345
MLI,2012,0.0008191738304845793,0.02709383790972878,0.001934615862614081,0.0251592220471147,0.014106246939033845,0.012987590970694936,ZAF,0.5957077667162317
MLI,2013,0.002603632299292853,0.029516923736486587,0.0022467733855884952,0.027270150350898092,0.011260892958892113,0.018256030777594474,ZAF,0.4586757657281291
MLI,2014,0.003822499735514706,0.02939065920760047,0.0022230308979743255,0.027167628309626147,0.005012431757332289,0.024378227450268183,ZAF,0.3570353376189271
MLI,2015,0.0029795783097957304,0.03569038630199716,0.0015364845859803383,0.03415390171601682,0.003229644126592547,0.032460742175404615,ZAF,0.24593410389045556
MLI,2016,0.004054009442736369,0.03423981745547838,0.0010540238240050019,0.03318579363147338,0.0016397100360015,0.03260010741947688,ZAF,0.2475620451220545
MLI,2017,0.0033190781421543773,0.025882126715661688,0.0008098769897277425,0.025072249725933946,0.0036345910811034048,0.022247535634558283,ZAF,0.31569383845444215
MLI,2018,0.006044907728797494,0.02608293253826518,0.0007275076429457016,0.025355424895319476,0.005778940029209624,0.020303992509055555,ZAF,0.3740909842614073
MLI,2019,0.0032537312410649125,0.01683931732764548,0.0005438083709385924,0.016295508956706888,0.0010873462571572136,0.015751971070488265,ZAF,0.41888158660848873
MLI,2020,-0.008555039348297485,-0.022893888914837235,0.00019898564369097692,-0.023092874558528213,-0.024427339096435144,0.001533450181597909,ZAF,0.3836320958649096
MLI,2021,0.02254769389277571,0.03163607515221195,0.0008237799892373108,0.03081229516297464,0.017796641011901843,0.013839434140310108,ZAF,0.3679899578782441
MLI,2022,0.01692003497176097,0.01627604109054013,0.0004447977530173821,0.015831243337522748,0.0046011217426253515,0.011674919347914777,ZAF,0.24300463988075297
MLI,2023,0.006412305426095207,0.012705760134471375,0.0005791477875968539,0.01212661234687452,0.0008486219032581969,0.011857138231213179,ZAF,0.12191622033145928
MMR,1991,0.004092968998548425,0.04675856818927989,0.008700929136960526,0.03805763905231936,0.011724287790957275,0.03503428039832261,THA,0.14277578405761465
MMR,1992,0.0031986221619067314,0.0525553902755314,0.020691113992155324,0.03186427628337607,0.010084108426815197,0.0424712818487162,SGP,0.15686158505396292
MMR,1993,0.0018975366809320523,0.0629242532948526,0.022005908698157592,0.04091834459669501,0.022005908698157592,0.04091834459669501,CHN,0.1692660390639027
MMR,1994,0.005787583129535035,0.06442956676084026,0.02514418661926348,0.03928538014157678,0.02514418661926348,0.03928538014157678,CHN,0.2018475794505538
MMR,1995,0.006415685554470647,0.05394871171505744,0.018609909893413674,0.03533880182164377,0.018609909893413674,0.03533880182164377,CHN,0.1834040494861957
MMR,1996,0.00709329195554778,0.05469048406981686,0.014731629311556648,0.03995885475826021,0.014731629311556648,0.03995885475826021,CHN,0.15992599584962372
MMR,1997,0.007569099355041513,0.043881622278651215,0.012386043532506226,0.03149557874614499,0.013812303111443214,0.030069319167208,SGP,0.17290314670578474
MMR,1998,0.007287595775043424,0.001367350360506953,0.008149707566188014,-0.006782357205681061,-0.003878076620737484,0.005245426981244437,SGP,0.1750528921715413
MMR,1999,0.0106685931140654,0.037582443740292834,0.005901604337401723,0.03168083940289111,0.012854956621880386,0.024727487118412446,IND,0.15928205446654434
MMR,2000,0.015477603584468695,0.03673880886807228,0.005695085441327905,0.031043723426744375,0.006198914768614776,0.030539894099457503,IND,0.15898202234964595
MMR,2001,0.004165128789239664,0.015957238013352533,0.004020520666886885,0.011936717346465647,0.0009163110222880842,0.015040926991064449,HKG,0.16384347485127881
MMR,2002,0.00303032581484995,0.02926133409222402,0.0033419247006677517,0.025919409391556267,0.004313610436347955,0.024947723655876067,HKG,0.26251951655213757
MMR,2003,0.0017061662715630436,0.04513381493718325,0.0017789612771660199,0.04335485366001723,0.010968407757333256,0.03416540717984999,HKG,0.36433523864076117
MMR,2004,0.002468635063265428,0.06776704784920898,0.0018898476373501662,0.0658772002118588,0.027719569289121167,0.04004747856008781,HKG,0.3322784957690282
MMR,2005,0.0022364800781796567,0.05552643262831114,0.002190723510457436,0.0533357091178537,0.02191327271489496,0.03361315991341618,HKG,0.30742623631595695
MMR,2006,0.002117979627222715,0.05935042523243196,0.0027683344814877194,0.05658209075094424,0.016244949813254254,0.04310547541917771,THA,0.3201414324064422
MMR,2007,0.0018239878471386695,0.055893310799107455,0.0029968125424053543,0.052896498256702104,0.01786070529277067,0.03803260550633679,THA,0.380363134901274
MMR,2008,-0.00036226497314241214,0.02277402298452748,0.0022845891806076452,0.020489433803919835,0.007557420717601813,0.015216602266925665,THA,0.4156466885782614
MMR,2009,-0.003013790177258592,0.00534276389894783,0.0023062364260842483,0.0030365274728635814,0.0,0.00534276389894783,THA,0.45051221752626974
MMR,2010,0.0017161407383756663,0.07056220765727912,0.0026555170613337046,0.06790669059594542,0.03136490995842538,0.039197297698853745,THA,0.4506886963893934
MMR,2011,0.00019083205481528227,0.02991818903107585,0.0026211275111234127,0.02729706151995244,0.0037331989473275667,0.026184990083748284,THA,0.4461146708468718
MMR,2012,0.0005106945005457427,0.05445063510219679,0.006147334027585274,0.04830330107461152,0.02991586464212145,0.02453477046007534,THA,0.41365584867036054
MMR,2013,0.0005851771637575163,0.03973333731922707,0.009245920573908962,0.03048741674531811,0.008156961482990813,0.03157637583623626,THA,0.35481219759648946
MMR,2014,0.0005700978236362017,0.03740199615223031,0.014642786920969864,0.022759209231260447,0.0026738720437882086,0.0347281241084421,THA,0.3542863641151772
MMR,2015,0.0013153697549402475,0.044665507123660506,0.01826327852005255,0.026402228603607955,0.00990963618743855,0.034755870936221955,THA,0.33442575165628535
MMR,2016,0.0009010118496772425,0.04644969889957949,0.023164279815103873,0.02328541908447562,0.023164279815103873,0.02328541908447562,CHN,0.3510332520893809
MMR,2017,0.0018497235941895044,0.049462405162340455,0.026860804451218703,0.02260160071112175,0.026860804451218703,0.02260160071112175,CHN,0.40091872080750585
MMR,2018,0.0018490691953032936,0.04605024654249524,0.02608574644084144,0.0199645001016538,0.02608574644084144,0.0199645001016538,CHN,0.40024993343940696
MMR,2019,0.0019516167495205823,0.033454706470812806,0.021971468178139678,0.011483238292673129,0.021971468178139678,0.011483238292673129,CHN,0.38000054030814373
MMR,2020,-0.013916617094415844,-0.011787521276052718,0.007712397397222264,-0.019499918673274982,0.007712397397222264,-0.019499918673274982,CHN,0.34704360018737423
MMR,2021,0.014786374890530397,0.04230762284997257,0.026582298717963273,0.015725324132009295,0.026582298717963273,0.015725324132009295,CHN,0.3272656786260439
MMR,2022,0.008467123009105716,0.026063202393558717,0.010345393712491003,0.015717808681067716,0.010345393712491003,0.015717808681067716,CHN,0.31456566524368035
MMR,2023,0.0036720429221463844,0.02600321246718864,0.013430422690764492,0.012572789776424148,0.013430422690764492,0.012572789776424148,CHN,0.2806422757318682
MNG,1991,0.007623636945397097,-0.01656203791156665,0.010166711133817513,-0.026728749045384165,0.007916675623231588,-0.02447871353479824,TUN,0.20668788269413402
MNG,1992,0.004422785937589514,0.017437316326351943,0.025708966674061293,-0.00827165034770935,0.025708966674061293,-0.00827165034770935,CHN,0.19235622671742506
MNG,1993,0.00029005401781825857,0.007162820405191814,0.026439397231208406,-0.019276576826016592,-0.018574408904908468,0.025737229310100283,RUS,0.20588468517332728
MNG,1994,0.005084127395444843,-0.016550358275518953,0.03318631346674555,-0.049736671742264496,-0.04430475094901584,0.02775439267349689,RUS,0.3311101452650094
MNG,1995,0.004146892086460894,0.0006790532600989413,0.023900186827624008,-0.023221133567525067,-0.018054611604749665,0.018733664864848606,RUS,0.42231856792914535
MNG,1996,0.005735626446759373,0.015390266360178392,0.021132502103431275,-0.005742235743252883,-0.009778896859738845,0.02516916321991724,RUS,0.27866996488968293
MNG,1997,0.009619972881063721,0.02756108146484885,0.017225850584517574,0.010335230880331277,0.0026078366872512226,0.024953244777597628,RUS,0.22035962821768726
MNG,1998,0.011570023543878904,0.0015411374954827015,0.014984650644333233,-0.013443513148850532,0.014984650644333233,-0.013443513148850532,CHN,0.19402290708111017
MNG,1999,0.009680670394733623,0.0366680452033358,0.016968110937499253,0.01969993426583655,0.016968110937499253,0.01969993426583655,CHN,0.23668091098827093
MNG,2000,0.015978482356804144,0.050036719870716895,0.030631480238841182,0.019405239631875713,0.030631480238841182,0.019405239631875713,CHN,0.36298645345142055
MNG,2001,0.004615600706195636,0.04326454413350642,0.03533634805665146,0.007928196076854965,0.03533634805665146,0.007928196076854965,CHN,0.45409535068852686
MNG,2002,0.006566089188326725,0.05019564168432491,0.04260342226785341,0.0075922194164715,0.04260342226785341,0.0075922194164715,CHN,0.48963047985013786
MNG,2003,0.009128867292581694,0.05332473968213386,0.04537213771466106,0.0079526019674728,0.04537213771466106,0.0079526019674728,CHN,0.48512830199055634
MNG,2004,0.011652482326626827,0.056793723459589,0.04621570384767507,0.01057801961191393,0.04621570384767507,0.01057801961191393,CHN,0.47283224404910684
MNG,2005,0.012003495772116317,0.06123012079442147,0.05357289515894442,0.00765722563547705,0.05357289515894442,0.00765722563547705,CHN,0.49889660724676593
MNG,2006,0.010242073924763676,0.06491993159817569,0.05672706475255786,0.008192866845617833,0.05672706475255786,0.008192866845617833,CHN,0.47350998855841114
MNG,2007,0.008163950564370089,0.0781602611826901,0.07254541806881921,0.005614843113870879,0.07254541806881921,0.005614843113870879,CHN,0.546586009769419
MNG,2008,0.0009119709706634368,0.06255912851455935,0.059296599771978424,0.003262528742580921,0.059296599771978424,0.003262528742580921,CHN,0.6289252352443205
MNG,2009,-0.008981755667009941,0.0575601731138201,0.0605181887979315,-0.002958015684111401,0.0605181887979315,-0.002958015684111401,CHN,0.683745432653677
MNG,2010,0.006504290763092941,0.07359043105713552,0.07078080601896249,0.0028096250381730303,0.07078080601896249,0.0028096250381730303,CHN,0.7032822575582653
MNG,2011,0.003798102869456143,0.07064403869074705,0.0680564498785453,0.002587588812201752,0.0680564498785453,0.002587588812201752,CHN,0.7443215497337111
MNG,2012,0.0012296998903360036,0.06569766888283951,0.06406327184960096,0.0016343970332385466,0.06406327184960096,0.0016343970332385466,CHN,0.8363199264380319
MNG,2013,0.0008588285663626183,0.06783846494976746,0.06693149194317423,0.0009069730065932313,0.06693149194317423,0.0009069730065932313,CHN,0.8984900450192237
MNG,2014,0.0015169192891889033,0.0660819564912206,0.06556834145859518,0.0005136150326254252,0.06556834145859518,0.0005136150326254252,CHN,0.9051758853365582
MNG,2015,0.0013266074048490144,0.060265979652312444,0.06016910918337565,9.687046893679108e-05,0.06016910918337565,9.687046893679108e-05,CHN,0.8908327227552637
MNG,2016,0.0018822271296783145,0.05753329623985226,0.056835490321479755,0.0006978059183725058,0.056835490321479755,0.0006978059183725058,CHN,0.8612893282628526
MNG,2017,0.0033030841114619915,0.05681086333212812,0.05601377742643049,0.0007970859056976309,0.05601377742643049,0.0007970859056976309,CHN,0.8360498671655369
MNG,2018,0.00206464476769041,0.054802487571914645,0.053862025778292306,0.0009404617936223381,0.053862025778292306,0.0009404617936223381,CHN,0.8264387711336552
MNG,2019,0.0017131975784026616,0.050115679175596436,0.04952948540358189,0.0005861937720145483,0.04952948540358189,0.0005861937720145483,CHN,0.856621462978585
MNG,2020,-0.0072801387295332275,0.019020008957111013,0.01975177822078045,-0.0007317692636694371,0.01975177822078045,-0.0007317692636694371,CHN,0.8887934413637776
MNG,2021,0.007122700061986957,0.07127608499739412,0.0688049163235431,0.0024711686738510125,0.0688049163235431,0.0024711686738510125,CHN,0.847085794661395
MNG,2022,0.004564452307127017,0.02796863399527181,0.026742838510369325,0.0012257954849024845,0.026742838510369325,0.0012257954849024845,CHN,0.8131521158408457
MNG,2023,0.0011320445224282873,0.03969586038564669,0.03880839760332305,0.000887462782323635,0.03880839760332305,0.000887462782323635,CHN,0.810940747858458
MOZ,1991,0.00479718209299659,0.037344506966999376,0.012978014731750998,0.02436649223524838,0.012040149723992985,0.025304357243006392,HKG,0.21712202205391468
MOZ,1992,0.0076088255384661315,0.017601438652948352,0.010050564858300356,0.007550873794647996,0.006566117539882752,0.0110353211130656,HKG,0.10856101102695734
MOZ,1993,-9.202573012336403e-05,0.023732456052797467,0.006520864751770354,0.01721159130102711,0.0043564786293456064,0.01937597742345186,HKG,0.07240982505252627
MOZ,1994,0.015503244325543095,0.007607035059889542,0.0002574369925290353,0.007349598067360507,0.00338480921409505,0.004222225845794491,ZAF,0.10745879652323627
MOZ,1995,0.020411944042272884,0.013820954948496934,4.9831531626080036e-05,0.013771123416870854,0.004661289340573238,0.009159665607923695,ZAF,0.15268391461196854
MOZ,1996,0.019090967765841925,0.020141304409046608,7.51530765197869e-05,0.02006615133252682,0.007949164417384372,0.012192139991662236,ZAF,0.1888095880342772
MOZ,1997,0.019333043041246056,0.012758627652601294,5.107357262959233e-05,0.012707554079971702,0.005295855379280831,0.007462772273320463,ZAF,0.20632328446067286
MOZ,1998,0.0198324230704163,0.006682139777503415,0.00011860789354074543,0.00656353188396267,0.0010207415704020526,0.005661398207101363,ZAF,0.20466058400886655
MOZ,1999,0.018536057174484845,0.014536455367308692,8.681806534334995e-05,0.014449637301965343,0.004203716414976407,0.010332738952332285,ZAF,0.17724851097840058
MOZ,2000,0.018964735797212296,0.012454015648974465,0.0001218746170057782,0.012332141031968686,0.008122340406713204,0.0043316752422612615,ZAF,0.19742275774703386
MOZ,2001,0.009079705510710656,0.012220889159803917,0.0002614274602891971,0.01195946169951472,0.005438875626453357,0.00678201353335056,ZAF,0.204148932327046
MOZ,2002,0.007950743060212734,-0.0010447695861329868,0.00034837639745264714,-0.001393145983585634,0.00740238880473649,-0.008447158390869477,ZAF,0.203722508499837
MOZ,2003,0.007177316269961869,-0.010347478997614656,0.0006941852468987267,-0.011041664244513383,0.005198893823759688,-0.015546372821374343,ZAF,0.1788740471989906
MOZ,2004,0.02185322079489355,0.0091003820187639,0.0006039273751862886,0.008496454643577612,0.00784688168315518,0.0012535003356087208,ZAF,0.17618111382885862
MOZ,2005,0.015762894345727863,0.011474128291667489,0.00119094769854915,0.010283180593118339,0.00863560521135766,0.002838523080309829,ZAF,0.1679255106217787
MOZ,2006,0.022968476357127867,0.014072539036676346,0.001695084405637956,0.01237745463103839,0.00881283297771407,0.0052597060589622754,ZAF,0.16163134306705645
MOZ,2007,0.02679820338204428,0.01451533061751354,0.0022848582763386866,0.012230472341174853,0.00821263938157869,0.006302691235934851,ZAF,0.15727816636014105
MOZ,2008,0.014010871406906112,0.0033226717898958897,0.0016504727095343038,0.001672199080361586,0.0053872470854243884,-0.0020645752955284987,ZAF,0.1715038596057501
MOZ,2009,-0.027870615016205233,0.00513080178213075,0.0015447614244006405,0.0035860403577301094,-0.002377515861700082,0.007508317643830832,ZAF,0.1533844303843115
MOZ,2010,0.00929116557473324,0.01919372362670181,0.0025060446889477103,0.0166876789377541,0.00526226471930844,0.013931458907393371,ZAF,0.17573326837582795
MOZ,2011,0.01045570174054328,0.01778587505027376,0.0028433142904769437,0.014942560759796816,0.005806570857283122,0.011979304192990639,ZAF,0.18614445691706755
MOZ,2012,-0.005375032146856566,0.01791773614198485,0.0030593668603075236,0.014858369281677327,0.004762629702354947,0.013155106439629905,ZAF,0.20112617593808946
MOZ,2013,0.0007173526132342136,0.01731271433343777,0.006614568726825397,0.010698145606612374,0.0046321141583112015,0.01268060017512657,ZAF,0.18867407018781646
MOZ,2014,0.008401075500542822,0.020670941705254405,0.006190802730989267,0.014480138974265137,0.0027085048586924136,0.017962436846561992,ZAF,0.19292670573542592
MOZ,2015,0.008755159140048055,0.021275458105270748,0.005697998035413299,0.015577460069857448,0.002702896349669946,0.018572561755600802,ZAF,0.20582279830508543
MOZ,2016,0.009603050199889657,0.01860707496766335,0.0021507631750505383,0.01645631179261281,0.0013682167821616328,0.017238858185501717,ZAF,0.2065722215058398
MOZ,2017,0.010410550944782444,0.021460541748938716,0.0025507209435569438,0.018909820805381772,0.0023219158074238738,0.01913862594151484,ZAF,0.20167729944221302
MOZ,2018,0.007289560031185331,0.02517146572847012,0.0027005190600987166,0.022470946668371405,0.013118984980881671,0.01205248074758845,IND,0.21508467564608647
MOZ,2019,0.005971645174408351,0.016020691130689383,0.0026463600525771613,0.013374331078112221,0.010439146368386115,0.005581544762303268,IND,0.25721508731210785
MOZ,2020,-0.020970769052669206,-0.03414115836380966,0.0012075811477198252,-0.03534873951152949,-0.014306325408312346,-0.019834832955497317,IND,0.2445684296450412
MOZ,2021,0.02196449497813226,0.0443378473483413,0.004882235962269914,0.039455611386071385,0.010814155331865269,0.03352369201647603,ZAF,0.22360964422446472
MOZ,2022,0.014995612665439641,0.02616171391397609,0.0024685663028806534,0.023693147611095436,0.0037387593676446217,0.022422954546331468,ZAF,0.19745964670277819
MOZ,2023,0.002866431625139958,0.024527601815985206,0.003333045293974234,0.021194556522010972,0.001269057427549158,0.023258544388436046,ZAF,0.18231757200271584
MRT,1991,0.01559250332357766,-0.022585848684486043,2.0455044799920355e-05,-0.022606303729285963,-0.018447922408964482,-0.0041379262755215605,SUN,0.13853909918980714
MRT,1992,0.007132101553678713,-0.029908496200765824,1.527463948780319e-05,-0.029923770840253626,-0.02497284277620642,-0.004935653424559403,SUN,0.12975479089495986
MRT,1993,-0.0010384464864725024,-0.0053832183570044715,1.95486195319942e-05,-0.005402766976536466,0.0,-0.0053832183570044715,CIV,0.0540761483495791
MRT,1994,0.016217827595728984,0.0007290140263014387,7.938315395838206e-06,0.0007210757109056005,0.0004378729411601137,0.000291141085141325,CIV,0.05889363928827631
MRT,1995,0.02304760947155143,0.0066191348977077185,9.468416643699013e-06,0.0066096664810640195,0.0035530633700406188,0.0030660715276670998,CIV,0.04972173079543075
MRT,1996,0.019225061446004093,0.008765624051114695,2.9715604811508746e-05,0.008735908446303186,0.0027804653844884482,0.005985158666626247,CIV,0.03802488053388684
MRT,1997,0.018268314862083967,0.017697270805346197,3.9975639162048445e-05,0.01765729516618415,0.004010932034685691,0.013686338770660507,TGO,0.029858075553286154
MRT,1998,0.012619821189483963,0.005321211730529431,4.969173445938086e-05,0.005271519996070051,-0.000851550770953925,0.006172762501483357,TGO,0.036598377932449536
MRT,1999,0.016759276073209463,0.005419966445325617,7.837192196202663e-05,0.00534159452336359,0.0007864668646744184,0.004633499580651198,TGO,0.032081628930149146
MRT,2000,0.03145314927171554,0.009383866176929408,0.00032126033850205513,0.009062605838427353,0.0,0.009383866176929408,CIV,0.03240258529385193
MRT,2001,0.014116801172206168,0.006111076801933993,0.0004562145536663178,0.005654862248267676,-0.0006228670459346953,0.0067339438478686885,CIV,0.027716417087134498
MRT,2002,0.009079512290907187,0.010538585536149189,0.0005706446500694691,0.00996794088607972,0.00590592360818261,0.004632661927966579,NGA,0.040907791522512435
MRT,2003,0.009796636763207201,0.008704494627198195,0.0005398156535664161,0.00816467897363178,0.003551259314018074,0.005153235313180121,NGA,0.05032681168762406
MRT,2004,0.02013947931037144,0.008765632797058531,0.0009419595247006114,0.007823673272357919,0.003143922023740729,0.005621710773317802,NGA,0.0356079871846281
MRT,2005,0.01765668787492536,0.007091942549231818,0.0017973039907208759,0.005294638558510942,0.0016059712638378586,0.005485971285393959,NGA,0.02573737652804559
MRT,2006,0.021594782517725505,0.01987834587877599,0.015218942569784611,0.0046594033089913806,0.015218942569784611,0.0046594033089913806,CHN,0.12703497622384718
MRT,2007,0.01739274243382945,0.030793777250680637,0.02791177212619881,0.0028820051244818276,0.02791177212619881,0.0028820051244818276,CHN,0.21029838352547267
MRT,2008,0.0008591264956391459,0.030232254419354936,0.021548644351987715,0.00868361006736722,0.021548644351987715,0.00868361006736722,CHN,0.22855418810497327
MRT,2009,-0.028162155950548644,0.018143188162057768,0.013506413045396034,0.004636775116661733,0.013506413045396034,0.004636775116661733,CHN,0.1525978951907964
MRT,2010,0.01682089825697001,0.021475449470681116,0.014265751603122954,0.007209697867558162,0.014265751603122954,0.007209697867558162,CHN,0.14174534817421985
MRT,2011,0.009470672832692156,0.025511093907773192,0.023198451550144106,0.0023126423576290862,0.023198451550144106,0.0023126423576290862,CHN,0.2537174278123653
MRT,2012,-0.002816374229382661,0.028578673349921938,0.026080820889707264,0.0024978524602146737,0.026080820889707264,0.0024978524602146737,CHN,0.3404744962001082
MRT,2013,0.0022933962473791055,0.033772675331642764,0.030448893677917838,0.0033237816537249262,0.030448893677917838,0.0033237816537249262,CHN,0.4087467208214229
MRT,2014,0.006294387838525308,0.03556197975992581,0.03174571133647717,0.003816268423448642,0.03174571133647717,0.003816268423448642,CHN,0.4382519326461884
MRT,2015,0.007214492978355651,0.03427097401162373,0.029113996998130387,0.005156977013493345,0.029113996998130387,0.005156977013493345,CHN,0.431046787431896
MRT,2016,0.00851244531768247,0.030536872679080358,0.025719389918173578,0.00481748276090678,0.025719389918173578,0.00481748276090678,CHN,0.3897535842596979
MRT,2017,0.00952185350492,0.02986468327475145,0.02308940694264634,0.006775276332105111,0.02308940694264634,0.006775276332105111,CHN,0.34462763438306915
MRT,2018,0.009041857360981745,0.028853165611408934,0.022530425418968204,0.00632274019244073,0.022530425418968204,0.00632274019244073,CHN,0.34569841789862393
MRT,2019,0.004898271354411473,0.026818354046480714,0.020029946355601142,0.006788407690879572,0.020029946355601142,0.006788407690879572,CHN,0.3464215670869212
MRT,2020,-0.031144103949846413,0.0045988460946020295,0.007823727124190634,-0.0032248810295886048,0.007823727124190634,-0.0032248810295886048,CHN,0.35205323172800207
MRT,2021,0.02510566835215854,0.03890023230155046,0.028278364674394204,0.010621867627156254,0.028278364674394204,0.010621867627156254,CHN,0.3481466484065395
MRT,2022,0.017590376415889494,0.017286179193195646,0.012499023235018301,0.004787155958177344,0.012499023235018301,0.004787155958177344,CHN,0.3800496789283667
MRT,2023,0.00702130042463968,0.022743490142165017,0.015745527012962994,0.0069979631292020235,0.015745527012962994,0.0069979631292020235,CHN,0.3290187237780829
MWI,1991,0.013845811348265126,0.0022388720464531857,0.0,0.0022388720464531857,-0.000780505326048906,0.003019377372502092,ZAF,0.07625794471185285
MWI,1992,0.011943261498518692,-0.002293285571562505,0.0001010451058564768,-0.002394330677418982,-0.001613579240163824,-0.0006797063313986813,ZAF,0.07469589485361154
MWI,1993,0.00629015375968151,0.0036516448020969708,0.00014399485113754143,0.0035076499509594295,0.0010420265763679086,0.0026096182257290624,ZAF,0.08499258234719446
MWI,1994,0.02059604176469062,0.006150220081271844,0.00013797218230863841,0.006012247898963205,0.003412481122474156,0.002737738958797688,ZAF,0.1083373068864016
MWI,1995,0.018512361089842267,0.00858903813716717,6.124377345987804e-05,0.008527794363707292,0.003987533887283262,0.004601504249883908,ZAF,0.1306145658581699
MWI,1996,0.018436284918839377,0.012150922587249162,0.00010889490215379442,0.012042027685095368,0.005475941866754868,0.006674980720494294,ZAF,0.13006528405684178
MWI,1997,0.02187931141025128,0.010876276002989226,0.00012207778668735415,0.010754198216301872,0.003375281122334269,0.007500994880654957,ZAF,0.13149888682056163
MWI,1998,0.020457622131321206,0.00753597700052696,0.00013147464477080093,0.007404502355756158,0.0006918456976805824,0.006844131302846377,ZAF,0.13871634960018184
MWI,1999,0.019094996313210127,0.010574133549526613,3.729337782955941e-05,0.010536840171697053,0.0038378258184723537,0.006736307731054259,ZAF,0.16182083769856392
MWI,2000,0.022238454579096244,0.01606472540634713,3.127380647853078e-05,0.0160334515998686,0.006725872820300978,0.009338852586046154,ZAF,0.16348001855994174
MWI,2001,0.009963967956817397,0.011462192921981484,3.021522295882363e-05,0.01143197769902266,0.0037123509328527283,0.007749841989128755,ZAF,0.13934359441482572
MWI,2002,0.006642749309688981,0.013375407997860318,0.000138305496298962,0.013237102501561356,0.004138484440932935,0.009236923556927384,ZAF,0.11389599410867686
MWI,2003,0.009066839833391677,0.01364648117394741,0.00027177208988620724,0.013374709084061203,0.0033070863366864854,0.010339394837260926,ZAF,0.11378418900884618
MWI,2004,0.013708124116185244,0.021877072022508454,0.0002523857194374475,0.021624686303071006,0.006004372386787825,0.01587269963572063,ZAF,0.13481240799366354
MWI,2005,0.01368574380298273,0.022825553086859837,0.00016045276568628068,0.022665100321173557,0.007806631998099167,0.01501892108876067,ZAF,0.1518055344624791
MWI,2006,0.015791502238606026,0.02889037082750307,0.0003747335289236466,0.028515637298579425,0.009019244992831242,0.019871125834671828,ZAF,0.16541703278941175
MWI,2007,0.01422874027807779,0.027963968675900296,0.00048817272433104684,0.027475795951569248,0.009790622334814229,0.01817334634108607,ZAF,0.18749771623945627
MWI,2008,0.00207962664323976,0.005555934467143593,0.0005666672955541769,0.004989267171589417,0.005893844786910008,-0.00033791031976641503,ZAF,0.18763147723577403
MWI,2009,-0.01703620181889609,0.00831599137618432,0.0010119394032877254,0.007304051972896595,-0.0024198315198721136,0.010735822896056433,ZAF,0.156114407176312
MWI,2010,0.010409663462076947,0.037686132884967305,0.001967716472940279,0.035718416412027026,0.003541474271238591,0.034144658613728715,ZAF,0.11826749161251814
MWI,2011,0.00778457459813536,0.02628923365431592,0.002660546606181737,0.023628687048134183,0.002750948824203177,0.023538284830112742,ZAF,0.08818868958529232
MWI,2012,0.0016918966085160997,0.028155689137208034,0.0026154904736296735,0.02554019866357836,0.001962294211667633,0.026193394925540403,ZAF,0.0828678178912397
MWI,2013,0.004940868578178846,0.01909184612621692,0.0030138880307603064,0.016077958095456615,0.0017951693236358827,0.01729667680258104,ZAF,0.07312037039479552
MWI,2014,0.010397618970621353,0.020397611105173973,0.0034015433187308403,0.016996067786443133,0.0011136347087795165,0.019283976396394457,ZAF,0.07932416110236763
MWI,2015,0.007450633851512617,0.01949439253560878,0.003370974530184726,0.016123418005424054,0.0009937182835132448,0.018500674252095534,ZAF,0.07567063304687865
MWI,2016,0.006723196325984048,0.02014068613021114,0.0028860173438343723,0.017254668786376767,0.0004982798856079824,0.019642406244603155,ZAF,0.07522987895170916
MWI,2017,0.008710982138841106,0.018867770474020728,0.0022008460133785593,0.01666692446064217,0.0023699643585294054,0.01649780611549132,MOZ,0.09101193057214652
MWI,2018,0.008050028698692702,0.0206108367084648,0.0015830197400826833,0.019027816968382117,0.0012210190609785474,0.019389817647486252,ZAF,0.07904083101998828
MWI,2019,0.008972514812486473,0.015683982030642796,0.0014108635373916913,0.014273118493251104,0.0002274254721067669,0.01545655655853603,ZAF,0.08761178140285202
MWI,2020,-0.023248485445849267,-0.012317924161671186,0.0004883017752208063,-0.012806225936891992,-0.005180941656467575,-0.007136982505203611,ZAF,0.08136684468078365
MWI,2021,0.026601959221183996,0.027556767707487335,0.0014397818641480274,0.026116985843339307,0.0037725365873125458,0.02378423112017479,ZAF,0.07800660691705003
MWI,2022,0.015303260626206863,0.019412441332073538,0.0007363319097531465,0.01867610942232039,0.0012650135168599322,0.018147427815213606,ZAF,0.0668106977611575
MWI,2023,0.0049516197053597055,0.022796184352985124,0.0009833744320757324,0.021812809920909393,0.003105611517191751,0.019690572835793372,TZA,0.07090012717758218
MYS,1991,0.006965058413292667,0.0282525628165408,0.0019084096881341718,0.026344153128406628,0.015057269313143726,0.013195293503397073,SGP,0.23257261815129476
MYS,1992,0.00914574248123258,0.030571899495997715,0.0026815008812523496,0.027890398614745366,0.015063039597729524,0.01550885989826819,SGP,0.23431047813283912
MYS,1993,0.0072463795842491975,0.04113178905734978,0.0025803395653776475,0.03855144949197213,0.025485801206383833,0.015645987850965947,SGP,0.23490849317458892
MYS,1994,0.013716357367058084,0.041514761129079134,0.0026580631482149885,0.03885669798086414,0.02423224183240722,0.017282519296671912,SGP,0.23029697839946592
MYS,1995,0.013439878504212993,0.03167125727211859,0.0026549545190974098,0.029016302753021184,0.01533892025699092,0.016332337015127672,SGP,0.2213517991242068
MYS,1996,0.015411937906090842,0.03192731676231912,0.0026181813546834374,0.029309135407635686,0.01527689102053871,0.01665042574178041,SGP,0.21201857149797776
MYS,1997,0.015733178469059177,0.029951750605898254,0.0025581458064947585,0.027393604799403497,0.016595453689633916,0.013356296916264339,SGP,0.20774277401793947
MYS,1998,0.013494536229832597,-0.008412014597060053,0.0019015608452220781,-0.010313575442282131,-0.004537935062627401,-0.0038740795344326517,SGP,0.20483830900909483
MYS,1999,0.01523273674981861,0.025764431215757506,0.0017916015854272439,0.02397282963033026,0.01070851842160376,0.015055912794153746,SGP,0.19256980506268936
MYS,2000,0.018558876144912903,0.03451939937443961,0.002195540985976302,0.03232385838846331,0.015457407233473698,0.019061992140965912,SGP,0.17863812804039486
MYS,2001,0.0061617511320946425,0.0063186557608083905,0.002216031309404649,0.004102624451403742,-0.0018615600231350537,0.008180215783943444,SGP,0.1729049553336592
MYS,2002,0.007555413544993959,0.021580595538896984,0.0029475633730263358,0.018633032165870648,0.006650583049095793,0.01493001248980119,SGP,0.17281636522601113
MYS,2003,0.009885859222590986,0.025287138936152045,0.00406746753104722,0.021219671405104827,0.007769445018218941,0.017517693917933105,SGP,0.17467845626640655
MYS,2004,0.013367841528127766,0.040886691935512864,0.005359772915586201,0.03552691901992666,0.015716311938556105,0.02517037999695676,SGP,0.16584612783756647
MYS,2005,0.013232135197422012,0.035992385178703415,0.006731826994386829,0.029260558184316585,0.011338815069153171,0.024653570109550244,SGP,0.15953001324952493
MYS,2006,0.011257610348278688,0.04118231540625506,0.007899703726666128,0.03328261167958893,0.013334144355191634,0.02784817105106343,SGP,0.15461711687952706
MYS,2007,0.010384079160025348,0.04123192051943776,0.009089014881701916,0.03214290563773585,0.013257739460172653,0.027974181059265107,SGP,0.1534902874382259
MYS,2008,0.0004360184002327305,0.02022240659444171,0.0071109723836424756,0.013111434210799234,0.0028100375387781805,0.01741236905566353,SGP,0.15219556984925348
MYS,2009,-0.014059427841974012,0.010047928110814402,0.0075470459812869845,0.0025008821295274177,0.00019093770834520193,0.0098569904024692,SGP,0.14931988024998624
MYS,2010,0.010732028024560827,0.05322562950305791,0.010246106903944808,0.042979522599113106,0.019585808042814654,0.03363982146024326,SGP,0.14446249984259527
MYS,2011,0.005401909236748629,0.03450776573724639,0.010457141375070155,0.024050624362176237,0.008455237448322063,0.026052528288924327,SGP,0.14023223347755326
MYS,2012,0.005082933603568519,0.03186432336615081,0.009672744219586504,0.022191579146564305,0.005779832029395331,0.02608449133675548,SGP,0.13317755035262485
MYS,2013,0.005113432473176648,0.030641281173944802,0.00951277890579821,0.021128502268146592,0.006211433416183554,0.024429847757761247,SGP,0.13201264503332014
MYS,2014,0.005728362122989194,0.029837030254171296,0.00947008572396011,0.020366944530211185,0.005174929915841518,0.024662100338329777,SGP,0.13406305521114517
MYS,2015,0.006904991141306001,0.02742751149582212,0.008586393842007238,0.01884111765381488,0.0040867889872164284,0.023340722508605694,SGP,0.13932142956110172
MYS,2016,0.005353349596120301,0.029391677723759807,0.00846751777034467,0.020924159953415136,0.005163556140367806,0.024228121583392,SGP,0.14034974999980257
MYS,2017,0.007834473926981595,0.03133652865254654,0.008437123402095846,0.022899405250450693,0.006268897405194477,0.025067631247352062,SGP,0.14313923625137145
MYS,2018,0.006648862359968757,0.029684689033220874,0.008567828503763664,0.02111686052945721,0.0049021337338244295,0.024782555299396443,SGP,0.14444670117511718
MYS,2019,0.004478481118963738,0.020512036415194813,0.007775934508377382,0.012736101906817432,0.0018779409436807423,0.01863409547151407,SGP,0.144505883196941
MYS,2020,-0.011633790578524263,-0.01760359418952501,0.0030932979806506523,-0.020696892170175663,-0.00549906734160933,-0.01210452684791568,SGP,0.14138695646727106
MYS,2021,0.014986549610779165,0.0454198623354795,0.011968320183366197,0.0334515421521133,0.011968320183366197,0.0334515421521133,CHN,0.1473469419774552
MYS,2022,0.007704108509858242,0.0239227422687733,0.005019381435603676,0.018903360833169625,0.005019381435603676,0.018903360833169625,CHN,0.15262107023496452
MYS,2023,0.005536574600591929,0.023912518787867112,0.007214174292258611,0.016698344495608503,0.007214174292258611,0.016698344495608503,CHN,0.150747473666486
NAM,2001,0.015543602762533993,0.010673966428899768,3.129293872579786e-05,0.010642673490173971,0.006779208778985977,0.0038947576499137907,ZAF,0.25445851850717865
NAM,2002,0.01102080702984989,0.019851116662541513,0.00022111030106308974,0.019630006361478422,0.010247202923262522,0.00960391373927899,ZAF,0.2820151629022974
NAM,2003,0.014877428227574605,0.012427100744902655,0.00024908194731300767,0.012178018797589648,0.007932622914713828,0.004494477830188828,ZAF,0.27293120686049704
NAM,2004,0.013325404785079622,0.03210024002849807,0.0003910743448652439,0.03170916568363282,0.013080146404517575,0.019020093623980494,ZAF,0.2936803249549995
NAM,2005,0.013964217780054062,0.03990450755934653,0.0007227064205204141,0.03918180113882612,0.014209589028583656,0.025694918530762875,ZAF,0.2763156067176666
NAM,2006,0.013849682287758323,0.03757313613201072,0.0013598437972313854,0.03621329233477934,0.015584787996705816,0.021988348135304904,ZAF,0.28583206123308297
NAM,2007,0.013761875808150944,0.030628590246113554,0.0019535635973440746,0.02867502664876948,0.013701006966163144,0.01692758327995041,ZAF,0.2623844969692843
NAM,2008,0.00012694926322162568,0.020872328393547634,0.0019421120944612495,0.018930216299086384,0.008587864478551971,0.012284463914995663,ZAF,0.2733960185022327
NAM,2009,-0.021391663949229183,0.00023058075895776966,0.0028816543342662444,-0.002651073575308475,-0.004424346322415509,0.004654927081373279,ZAF,0.28543483196842423
NAM,2010,0.00924944242950267,0.02518708091626662,0.004482489250942891,0.020704591665323728,0.009548226164074454,0.015638854752192163,ZAF,0.3188629003872901
NAM,2011,0.006367505272926046,0.023457363273389105,0.004075180920288852,0.01938218235310025,0.010091281818368242,0.013366081455020863,ZAF,0.3235018085280284
NAM,2012,0.0014574066278941178,0.02328874280029932,0.0026458636580852977,0.020642879142214025,0.007542381093548353,0.015746361706750967,ZAF,0.3185152660646783
NAM,2013,0.004246601875843127,0.020659847028377493,0.002036758208148469,0.018623088820229023,0.006480795357542282,0.014179051670835212,ZAF,0.26397407239367493
NAM,2014,0.009900223888963675,0.01866703369543418,0.001811410000995761,0.016855623694438417,0.003584665173335413,0.015082368522098766,ZAF,0.25533557410341295
NAM,2015,0.00761278929819563,0.004432921165123704,0.0018884710978868055,0.0025444500672368985,0.002616408704727858,0.0018165124603958462,ZAF,0.1992368524167161
NAM,2016,0.006482321920500642,0.01924300372459499,0.001982046423934417,0.017260957300660573,0.0013611501152000205,0.017881853609394968,ZAF,0.20550530205861894
NAM,2017,0.0077839190766204654,0.017750164985588034,0.0022946952256994325,0.015455469759888601,0.007456499198010122,0.010293665787577911,BWA,0.1849340812213654
NAM,2018,0.009125083309787325,0.018491608213410688,0.0026826646883679234,0.015808943525042765,0.0031361563005798277,0.01535545191283086,ZAF,0.20301435753815553
NAM,2019,0.0072250484278684884,0.010166101070817207,0.004042679961881975,0.006123421108935232,0.0005579309727209902,0.009608170098096216,ZAF,0.2149333844054382
NAM,2020,-0.026059977206010197,-0.029646831245594158,0.002331261351525843,-0.03197809259712,-0.014241390764956173,-0.015405440480637985,ZAF,0.22366147068342065
NAM,2021,0.022112991479788867,0.04532612045575579,0.014826411703966513,0.030499708751789277,0.010373714562713356,0.03495240589304244,ZAF,0.21450243236467156
NAM,2022,0.012118859345042829,0.026929903899648954,0.007674266064435514,0.01925563783521344,0.007674266064435514,0.01925563783521344,CHN,0.2333464222730767
NAM,2023,0.0035597614250461,0.024313280679675066,0.010471036344844862,0.013842244334830204,0.010471036344844862,0.013842244334830204,CHN,0.21880290268966152
NER,1991,0.015592419417560588,0.002872651364570057,0.0,0.002872651364570057,0.00029827991537894954,0.0025743714491911073,NGA,0.08843991107623908
NER,1992,0.009907694365088872,0.006871551919545631,0.0,0.006871551919545631,0.006954332989965885,-8.278107042025435e-05,NGA,0.15098168094391282
NER,1993,-0.0022677328170725448,-0.004382967783828633,4.8449141154711044e-05,-0.004431416924983344,-0.0039854142832056955,-0.00039755350062293734,NGA,0.17506599534453718
NER,1994,0.013868440836658709,-0.002011064180834523,4.6422727502316714e-05,-0.0020574869083368396,-0.0035682535326833848,0.0015571893518488617,NGA,0.21516075667897974
NER,1995,0.01836193322276867,0.0030774672570527337,3.7813942326578136e-05,0.0030396533147261555,-0.0006646194774525399,0.003742086734505274,NGA,0.19838872847507927
NER,1996,0.01511860779594988,0.011640400100315095,7.346633810750733e-06,0.011633053466504345,0.0067668481512919145,0.004873551949023181,NGA,0.15847632712865886
NER,1997,0.015175928402657982,0.012128553557301849,7.3108956672145045e-06,0.012121242661634635,0.00456918699406656,0.007559366563235289,NGA,0.16016452614917095
NER,1998,0.015872321647362703,0.008903135805403401,6.1595685007758576e-06,0.008896976236902625,0.004166544733665781,0.00473659107173762,NGA,0.16873648822767753
NER,1999,0.016298628365230026,0.0050810445320932885,0.0,0.0050810445320932885,0.0012336983638124516,0.003847346168280837,NGA,0.20294275587184749
NER,2000,0.026103054424230932,0.013674268748000665,2.5569612543571356e-07,0.013674013051875229,0.011388306505251524,0.002285962242749141,NGA,0.22671360996558826
NER,2001,0.00899047135009911,0.01872574522250648,2.3578782973354825e-07,0.018725509434676747,0.016584587989189215,0.002141157233317266,NGA,0.2959574536860451
NER,2002,0.005413983195302297,0.052442204062947216,1.4451398195052355e-06,0.05244075892312771,0.05099892835700716,0.0014432757059400572,NGA,0.35324763195539965
NER,2003,0.006763613223099679,0.028547107216179354,3.2158487809069183e-06,0.028543891367398447,0.025709823204266555,0.0028372840119127996,NGA,0.3643477753978078
NER,2004,0.013734384593568658,0.034324625941983,4.478921298484696e-06,0.03432014702068452,0.029175883305931904,0.0051487426360510985,NGA,0.3304453707861754
NER,2005,0.01238926482114648,0.022061459912414698,3.4625704514668348e-06,0.02205799734196323,0.017417729558377795,0.004643730354036903,NGA,0.2791374129798242
NER,2006,0.017993192386631468,0.01904877825112086,0.0001425992916776124,0.018906178959443246,0.012957545410400366,0.0060912328407204935,NGA,0.22061977985876308
NER,2007,0.01757966531892703,0.016440214316241705,0.0006714035046667418,0.01576881081157496,0.010987748158127655,0.005452466158114049,NGA,0.1720334152745849
NER,2008,0.003231481783880999,0.0168199928158218,0.0007277171990363995,0.016092275616785404,0.008132249634494612,0.008687743181327189,NGA,0.125599381329111
NER,2009,-0.023369971810011957,0.016583514387630074,0.0006887837304305022,0.015894730657199572,0.012342217923418124,0.00424129646421195,NGA,0.15752004930623356
NER,2010,0.01587683671686607,0.021101483352703947,0.0005585698034541233,0.020542913549249822,0.014003420920067428,0.007098062432636519,NGA,0.1825915032781371
NER,2011,0.01176276526916993,0.01710150900200101,0.0026774470962934813,0.01442406190570753,0.00979299737659538,0.007308511625405632,NGA,0.1919262201583967
NER,2012,0.005010039378045025,0.01578403814648375,0.0031889219232846986,0.01259511622319905,0.005481714922886646,0.010302323223597103,NGA,0.129123362007892
NER,2013,0.0079640870192255,0.01876116232544495,0.0041093782136720864,0.014651784111772863,0.005771666750254235,0.012989495575190715,NGA,0.09028515131005838
NER,2014,0.008752253285266727,0.019345907564926004,0.003588050570911426,0.01575785699401458,0.0063625374762018095,0.012983370088724196,NGA,0.10402398045401709
NER,2015,0.007434479810015892,0.01746485243948874,0.0037155667692025905,0.01374928567028615,0.00352398165223847,0.01394087078725027,NGA,0.1324234157225802
NER,2016,0.006143283382193616,0.012170484916388741,0.0028411457293747865,0.009329339187013955,-0.00234324447913037,0.014513729395519112,NGA,0.13824811453793853
NER,2017,0.01306788987965126,0.01596139440052571,0.0015066187346187718,0.014454775665906939,0.0013468788452076514,0.014614515555318059,NGA,0.1582573090740104
NER,2018,0.010620839268756028,0.018148672391053257,0.00032920168968892863,0.017819470701364328,0.003678599613423037,0.01447007277763022,NGA,0.19475562269765487
NER,2019,0.009026993567009438,0.019843943578048216,0.0001241324891789393,0.019719811088869277,0.00521122950227488,0.014632714075773337,NGA,0.24132017888716403
NER,2020,-0.02365902867808072,-0.018252112941806686,4.6374923344070995e-05,-0.018298487865150755,-0.017296521387148375,-0.000955591554658311,NGA,0.26549139840336805
NER,2021,0.02296789941466081,0.020474851554113226,4.3085643522359476e-05,0.020431765910590868,0.0022459191921042417,0.018228932362008985,NGA,0.20797009600753968
NER,2022,0.008796206026435452,0.027316699076309483,1.1529029294995487e-05,0.027305170047014486,0.006845425728634605,0.020471273347674877,MLI,0.16084322713251498
NER,2023,0.004311708185877939,0.02259215477328041,3.214215229020767e-05,0.022560012620990205,0.007149999334224885,0.015442155439055527,MLI,0.17515066126123252
NGA,1991,0.008221188777354426,0.0012292477352677665,4.875776690879535e-05,0.0011804899683589712,0.001132277366284418,9.697036898334848e-05,GHA,0.021998554039222584
NGA,1992,0.02082042957140498,3.4049325087691655e-05,4.123571729608311e-05,-7.186392208391458e-06,-0.00022650565566210973,0.0002605549807498014,CIV,0.03046487034795093
NGA,1993,0.012550991639744507,0.0019435349769596419,4.590533597454796e-05,0.0018976296409850938,0.0,0.0019435349769596419,CIV,0.030821886965459858
NGA,1994,0.027006006510576053,0.005714154662638932,2.306976657382345e-05,0.005691084896065109,0.0018284234861530256,0.0038857311764859065,IND,0.03595124633467643
NGA,1995,0.022048404526483233,0.01052492148332371,1.9268360489447794e-05,0.010505653122834262,0.0032087165752686282,0.007316204908055082,IND,0.048177115230139164
NGA,1996,0.02229421916943479,0.011864655891131599,0.00014129614799062993,0.01172335974314097,0.0038392211400201104,0.008025434751111489,IND,0.04844481489108952
NGA,1997,0.02857620018806632,0.010856844661303839,0.00015114323659417672,0.010705701424709663,0.0021431601073382003,0.008713684553965638,IND,0.0540131552697208
NGA,1998,0.03035160809465073,0.005957020446929259,0.0001402319245038237,0.005816788522425435,0.0038146431516233883,0.0021423772953058705,IND,0.06362897078892381
NGA,1999,0.028271936353142704,0.014148396467126933,7.6163687743801e-05,0.014072232779383131,0.006388222471101148,0.007760173996025785,IND,0.07915461946051237
NGA,2000,0.02589916353075658,0.014018474697148797,0.0004334953942194292,0.013584979302929368,0.00431208875114768,0.009706385946001116,IND,0.11059106566193533
NGA,2001,0.009223475450333338,0.01111798846240478,0.0005193086620206333,0.010598679800384146,0.006646438008765077,0.0044715504536397025,IND,0.13699200483693696
NGA,2002,0.01211821418681484,0.010957668719745822,0.0007234859917898676,0.010234182727955954,0.005434906373941072,0.00552276234580475,IND,0.14478443324856619
NGA,2003,0.013864057000391007,0.015433150829200323,0.0005091704468172781,0.014923980382383045,0.009836713609027672,0.00559643722017265,IND,0.12674445586290156
NGA,2004,0.01621135102035274,0.024669757600820068,0.0018446596386719539,0.022825097962148114,0.009493847373054481,0.015175910227765587,IND,0.12652527282703757
NGA,2005,0.01318695123902459,0.02663690732493408,0.003534482795852257,0.023102424529081823,0.010188592736201936,0.016448314588732145,IND,0.13513077765387504
NGA,2006,0.013147473297487538,0.03498636565177714,0.0057508432735756,0.02923552237820154,0.01117153417066332,0.023814831481113817,IND,0.1434239234718773
NGA,2007,0.01249077441299504,0.0337495312580999,0.006611558909076432,0.02713797234902347,0.010613408951343918,0.023136122306755984,IND,0.14447527138149713
NGA,2008,0.0030911299863010133,0.023738995465803214,0.004704326591003996,0.019034668874799217,0.004447797324939517,0.019291198140863698,IND,0.14471309034317134
NGA,2009,-0.01589921013095319,0.02162104465478146,0.004423528071432429,0.017197516583349032,0.011042969362798263,0.010578075291983197,IND,0.14495006924814283
NGA,2010,0.005652348613188424,0.03505825383563128,0.004975779825509059,0.030082474010122217,0.012295916842490304,0.022762336993140973,IND,0.14338919785812196
NGA,2011,0.003554040249950883,0.0283873446219456,0.004553710801758001,0.0238336338201876,0.0069793022953406085,0.02140804232660499,IND,0.14444345611055595
NGA,2012,-0.004975531546448584,0.028251120241904716,0.0038428572450188237,0.024408262996885893,0.008011118458500445,0.020240001783404273,IND,0.14549856298674266
NGA,2013,-0.0008738105157309105,0.028375178027731478,0.0037363313608254167,0.02463884666690606,0.008818979126655992,0.019556198901075485,IND,0.1454686043792341
NGA,2014,0.006302860185256527,0.027594397137926947,0.0036009545204317736,0.023993442617495173,0.010511517059212988,0.01708288007871396,IND,0.14417751523905434
NGA,2015,0.009422367260098636,0.027390712892225593,0.003327564979712881,0.02406314791251271,0.010748387858718391,0.016642325033507203,IND,0.1428861873321385
NGA,2016,0.008542677355514283,0.026244216496858465,0.003250948366653174,0.02299326813020529,0.010958074004588137,0.015286142492270328,IND,0.14288302957911728
NGA,2017,0.011042367799388317,0.027206305272974542,0.003326238179442482,0.023880067093532062,0.009353275779038293,0.01785302949393625,IND,0.14398981979763856
NGA,2018,0.008477756509324,0.02637995106767701,0.003289717177155525,0.023090233890521485,0.008929321321190339,0.01745062974648667,IND,0.146395485847933
NGA,2019,0.007958902838586156,0.020777105484156545,0.002964200721468473,0.017812904762688073,0.006034515613054946,0.0147425898711016,IND,0.14868729736358416
NGA,2020,-0.030349251572094334,-0.01664497273753019,0.001139315666591975,-0.017784288404122165,-0.00869776234939669,-0.0079472103881335,IND,0.14868933975049634
NGA,2021,0.026783781967647698,0.03640183823888343,0.0041267962993215435,0.03227504193956189,0.013734159700096497,0.022667678538786935,IND,0.14925368474415232
NGA,2022,0.020129251060101216,0.02633114323845997,0.0015420324140609967,0.024789110824398972,0.010679283084344094,0.015651860154115876,IND,0.15478821005969903
NGA,2023,0.006312702612153255,0.026107323921484932,0.0018303594654665825,0.02427696445601835,0.010571908217485123,0.015535415703999808,IND,0.1340616189075132
NIC,1991,0.007983452150742304,0.011865685776666343,0.0010548331938672452,0.010810852582799098,0.003785429336600021,0.008080256440066321,MEX,0.08212927756653994
NIC,1992,0.011667789262536676,0.013302474156213922,0.0011687161592171642,0.012133757996996758,0.002455269230254787,0.010847204925959135,MEX,0.0693541124674805
NIC,1993,0.008763169721354637,0.010753736102202534,0.0013565165051339116,0.009397219597068622,0.0012168263036625652,0.00953690979853997,MEX,0.07057417726412858
NIC,1994,0.021436710033796106,0.02123042734808419,0.0008103402245450259,0.020420087123539165,0.00368568338947053,0.01754474395861366,CRI,0.07554152465384963
NIC,1995,0.016923492608585618,0.015486502375711407,0.0004672167216931589,0.015019285654018248,0.0033245156346148803,0.012161986741096528,CRI,0.08542927083923646
NIC,1996,0.02000689126672197,0.014917881346563296,9.17834564115487e-05,0.014826097890151747,0.0007353175131581082,0.014182563833405187,SLV,0.09097917031240171
NIC,1997,0.025793854446801413,0.01965949849751377,0.00023412075299927883,0.019425377744514492,0.0035600244262516036,0.016099474071262165,SLV,0.11522190625942264
NIC,1998,0.02877219438678598,0.01640625293590114,0.00021147164797240498,0.016194781287928735,0.0029208747087571094,0.013485378227144032,SLV,0.11158063289527272
NIC,1999,0.028192495043103897,0.012692892206423813,0.00013374403455097014,0.012559148171872843,0.0024724338408414464,0.010220458365582366,SLV,0.11558857971361246
NIC,2000,0.026175597083545513,0.012058887540002937,6.423199541645663e-05,0.01199465554458648,0.0012964626538179592,0.010762424886184977,SLV,0.11558924536848372
NIC,2001,0.00839423529691016,0.003931879456938153,4.490261233309184e-05,0.0038869768446050616,0.0010388301235128806,0.0028930493334252726,SLV,0.1186199025985233
NIC,2002,0.01129284438020202,0.008414213801623884,3.9437946058495516e-05,0.008374775855565389,0.002038365117721066,0.006375848683902818,SLV,0.13060737448615767
NIC,2003,0.013456931631626465,0.012936612334459602,0.0,0.012936612334459602,0.002170467045541302,0.0107661452889183,SLV,0.13973476161617426
NIC,2004,0.017198171132774887,0.01246177523823078,0.0,0.01246177523823078,0.0014312484221120402,0.01103052681611874,SLV,0.1616419117980571
NIC,2005,0.01952165231196871,0.020027846674084616,0.00012475866764346402,0.019903088006441153,0.004304289959506645,0.015723556714577973,SLV,0.162701436146387
NIC,2006,0.014921056210481239,0.020765088807922105,0.0005250236533119955,0.02024006515461011,0.006684956593821332,0.014080132214100774,SLV,0.15745570067640174
NIC,2007,0.012368683458534861,0.02023177569781679,0.0006534273911193032,0.01957834830669749,0.002645789759789238,0.017585985938027553,SLV,0.14452289753911055
NIC,2008,0.0010807467731978008,0.013602372825079968,0.0005154742397016697,0.013086898585378298,0.0030286697152121546,0.010573703109867813,SLV,0.14208949307067856
NIC,2009,-0.016505932909907383,-0.01266410646627621,0.00029117973397421954,-0.012955286200250429,-0.003048582390737584,-0.009615524075538626,SLV,0.14304031319628535
NIC,2010,0.012637937466940485,0.013626959460284922,0.00036776917259206975,0.013259190287692853,0.0030552891013841763,0.010571670358900746,SLV,0.1433549938801075
NIC,2011,0.009684377624081,0.018306756599467365,0.00031329201071830245,0.017993464588749064,0.004977323315170437,0.013329433284296928,SLV,0.13437111869196536
NIC,2012,0.008446176438003158,0.017500038450318424,0.0003674672166495157,0.01713257123366891,0.006487124840129107,0.011012913610189317,VEN,0.1183080722001999
NIC,2013,0.008321136320078098,0.010102530220562025,0.0003897938216900184,0.009712736398872006,0.0019851357267222803,0.008117394493839745,VEN,0.1451607877254226
NIC,2014,0.013759702332034985,0.004001947210815256,0.00044118423071191237,0.003560762980103344,-0.00613535517337416,0.010137302384189417,VEN,0.154030400961894
NIC,2015,0.01244964501424303,0.0013891345521120204,0.0003755847801856725,0.0010135497719263478,-0.008650623155996656,0.010039757708108676,VEN,0.13552161042293992
NIC,2016,0.00920922324111953,-0.009346898135111917,0.00037941748904198237,-0.0097263156241539,-0.01877031844069877,0.009423420305586853,VEN,0.10045576738506902
NIC,2017,0.015928580449444455,-0.0008535072017622596,0.0003307235227950193,-0.0011842307245572789,0.0013542316507038482,-0.002207738852466108,MEX,0.08915186942768129
NIC,2018,0.01699301209689961,-0.0020790979929697986,0.00033781247629423577,-0.0024169104692640343,0.0021619571830114965,-0.004241055175981295,SLV,0.09069397026795271
NIC,2019,0.013729395176883458,-0.004329161581713063,0.0007364123307315036,-0.005065573912444566,0.0026642766250029545,-0.006993438206716017,SLV,0.11063040888683363
NIC,2020,-0.02043703730371264,-0.03479456377672005,0.00031990473154325233,-0.0351144685082633,-0.008893244970909068,-0.02590131880581098,SLV,0.10816323804455058
NIC,2021,0.0369255570721009,0.032362353739728705,0.0011047166977190396,0.031257637042009664,0.012812348052622801,0.019550005687105902,SLV,0.11390982165223358
NIC,2022,0.016217875539628182,0.014963013701764817,0.0001485851987801135,0.014814428502984704,0.0032048617687240296,0.011758151933040788,SLV,0.11006466625327772
NIC,2023,0.017131098165126358,0.014517273698714375,6.395545629588041e-05,0.014453318242418495,0.003755087453170894,0.010762186245543481,SLV,0.10796683658847288
NPL,1991,0.01851772585795497,0.007533141174208136,0.0020657372744939105,0.005467403899714226,0.002510733461115009,0.0050224077130931275,IND,0.07177683355826078
NPL,1992,0.015635743878240488,0.006760135297236052,0.0018890338971110738,0.004871101400124978,0.0017416573952817494,0.005018477901954303,IND,0.07053354070605307
NPL,1993,0.003634750387848708,0.009073749872770431,0.0013146133997329662,0.007759136473037465,0.0033986899901758535,0.005675059882594578,IND,0.0672597585743026
NPL,1994,0.025711150310617114,0.0066827950577677125,0.000496218011668521,0.006186577046099192,0.003002659634290944,0.0036801354234767686,IND,0.05903958081325401
NPL,1995,0.018289912023789937,0.0062290647042923895,0.00041187440019565554,0.005817190304096734,0.00320842712997376,0.0030206375743186296,IND,0.0481727693681733
NPL,1996,0.01836529865079955,0.00603499960733936,0.00032988856527210383,0.0057051110420672565,0.004305293060036915,0.0017297065473024457,IND,0.05432589521120634
NPL,1997,0.025430201972405305,0.005793088741201148,0.00018273625737832175,0.005610352483822826,0.004108153659091841,0.0016849350821093075,IND,0.1035360543995901
NPL,1998,0.02514071460098206,0.01105942719153333,1.4536911962751248e-05,0.011044890279570578,0.01017591739063227,0.0008835098009010601,IND,0.1697362307988087
NPL,1999,0.022419639852664423,0.022183499843515985,0.0,0.022183499843515985,0.020567018871752857,0.0016164809717631283,IND,0.25483999024695164
NPL,2000,0.023048749290345602,0.013307468509725324,0.00037606960299432296,0.012931398906731001,0.011101647839905976,0.0022058206698193483,IND,0.28472119570636284
NPL,2001,0.007540011831782868,0.017124974708226604,0.00034678896828182755,0.016778185739944777,0.016992627022619822,0.0001323476856067811,IND,0.3502408418170925
NPL,2002,0.007364988106772783,0.013847277434445453,0.00038776546095420556,0.013459511973491248,0.014894902740494972,-0.001047625306049519,IND,0.3967961733278723
NPL,2003,0.007880257104724148,0.040180382505266184,1.0294074506264936e-05,0.04017008843075992,0.0389577790797197,0.0012226034255464827,IND,0.5019646507299583
NPL,2004,0.011269357557391831,0.04238681715916115,3.1738765334334495e-05,0.042355078393826816,0.04054453672227272,0.00184228043688843,IND,0.5403403245128156
NPL,2005,0.01151724523006137,0.04563289198116842,0.00011708348923811907,0.0455158084919303,0.04388419593110301,0.0017486960500654111,IND,0.5820338172723518
NPL,2006,0.010069958896312212,0.04957313080221408,0.00015297341414902496,0.04942015738806505,0.04757623963127469,0.0019968911709393883,IND,0.6107998102780257
NPL,2007,0.006995900917835052,0.05049488541694489,0.0002222484870936548,0.05027263692985124,0.04840475613247613,0.002090129284468764,IND,0.6589108466897579
NPL,2008,0.0005457316555373354,0.023510085087549617,0.00038767060259079877,0.023122414484958817,0.021110861336590885,0.0023992237509587316,IND,0.6868608798099367
NPL,2009,-0.008525478107428042,0.05373041778026695,0.0009319986972310897,0.05279841908303586,0.05117959250799418,0.0025508252722727734,IND,0.6717835787099984
NPL,2010,0.005739105177607095,0.06441472801644682,0.001902459346703724,0.06251226866974309,0.05601328523277395,0.008401442783672872,IND,0.6532005820965667
NPL,2011,0.004411562798956555,0.040623866874860255,0.0019107672748549438,0.03871309960000531,0.031083064372840186,0.009540802502020069,IND,0.6432942799335811
NPL,2012,0.0023612140046896947,0.04325221844672792,0.001373794402163957,0.04187842404456396,0.03607207800976696,0.007180140436960962,IND,0.6551439154913203
NPL,2013,0.002310687609210456,0.04695839523220867,0.0012916466015622096,0.04566674863064646,0.04082677697160692,0.006131618260601747,IND,0.6734355736721066
NPL,2014,0.004588539261523859,0.05499591916015761,0.001445467012016613,0.05355045214814099,0.049505475165255185,0.005490443994902422,IND,0.6790243843822107
NPL,2015,0.00419713114288695,0.056671321922433036,0.0017944505407026313,0.054876871381730405,0.050363596769848105,0.006307725152584931,IND,0.669520156638157
NPL,2016,0.004057336308228146,0.05494179684219793,0.0015820189237226562,0.05335977791847527,0.04992951443728404,0.005012282404913894,IND,0.651034140235445
NPL,2017,0.006724659996290934,0.04632942879945317,0.0016376429574590124,0.04469178584199416,0.03951431488385749,0.00681511391559568,IND,0.6083065670216772
NPL,2018,0.006114273380781603,0.041220525653179206,0.0015725796061632866,0.03964794604701592,0.03545380379962359,0.0057667218535556175,IND,0.5812621861961721
NPL,2019,0.005185216179289256,0.027420387277173417,0.001607746890978986,0.025812640386194432,0.022997840278545116,0.004422546998628301,IND,0.5666547135645161
NPL,2020,-0.012476620123674027,-0.035575849834390216,0.0005737245173709286,-0.036149574351761145,-0.035991105097916025,0.0004152552635258086,IND,0.6152724619190195
NPL,2021,0.014027618911053584,0.06821979293937805,0.0014625845751079654,0.06675720836427008,0.061588546771263644,0.006631246168114405,IND,0.6693032369198444
NPL,2022,0.005499065761782934,0.05368283780749166,0.00033596184069556364,0.053346875966796097,0.050994366392294835,0.002688471415196826,IND,0.739125148631322
NPL,2023,0.003858579736331433,0.061043786629745446,0.00025417338282618,0.06078961324691927,0.05912639290871689,0.0019173937210285527,IND,0.7497775983709678
OMN,1991,0.0009421174798215389,-0.0018768627485790113,1.7288209391200077e-06,-0.0018785915695181312,0.00399592057228952,-0.005872783320868531,ARE,0.4665944308331482
OMN,1992,0.003247870365231542,0.04062726413846882,0.004933405287237208,0.035693858851231615,0.0076972424226144885,0.03293002171585434,ARE,0.2339436427529956
OMN,1993,0.0018869767216893154,0.036384931061220094,0.006162231925847069,0.030222699135373024,0.002306072712550859,0.034078858348669236,ARE,0.1839980151127973
OMN,1994,0.0040996425465374365,0.04985937984489591,0.009313273595921868,0.04054610624897405,0.019457289078667964,0.03040209076622795,KOR,0.22078579832195672
OMN,1995,0.009598111689510556,0.04676714122253927,0.007582574260217338,0.039184566962321934,0.017644432901542176,0.029122708320997094,KOR,0.19129248878556374
OMN,1996,0.011417982358722056,0.04215014857171584,0.0075578338979352955,0.034592314673780544,0.012207328887790655,0.029942819683925183,KOR,0.16188839439944572
OMN,1997,0.005232117070439414,0.031715276146477685,0.00849943327251958,0.023215842873958104,0.008808185567121618,0.022907090579356068,KOR,0.14584124476499447
OMN,1998,-0.0007297087987884288,-0.006745367601866685,0.009664708809008793,-0.01641007641087548,-0.011490076037172408,0.004744708435305722,THA,0.14469022534271547
OMN,1999,0.001840548682610908,0.0415502097961296,0.008963048911375034,0.032587160884754565,0.007610423417741502,0.0339397863783881,THA,0.1702231766802864
OMN,2000,0.007541779914534757,0.0521205252994104,0.010348933408519157,0.041771591890891246,0.007504915772175892,0.04461560952723451,THA,0.17217625363238012
OMN,2001,0.0012559381640845984,0.02924556616278586,0.012682960930102091,0.01656260523268377,0.012682960930102091,0.01656260523268377,CHN,0.16298440297481478
OMN,2002,0.001695912785337485,0.04559641111815953,0.014857673281816686,0.03073873783634284,0.014857673281816686,0.03073873783634284,CHN,0.1707555241148241
OMN,2003,0.004248442610915062,0.04652041781186866,0.016424594769913516,0.03009582304195514,0.016424594769913516,0.03009582304195514,CHN,0.17561517206266458
OMN,2004,0.006101029882013772,0.05489838825921852,0.013839584019299423,0.041058804239919096,0.009902323949987118,0.04499606430923141,KOR,0.1864499438936433
OMN,2005,0.004651752494157028,0.049148388236666285,0.02111295009139241,0.028035438145273876,0.02111295009139241,0.028035438145273876,CHN,0.19661396193570047
OMN,2006,0.0034349205070532216,0.06189954245654299,0.027902021901449154,0.033997520555093835,0.027902021901449154,0.033997520555093835,CHN,0.23290269166828334
OMN,2007,0.0030017136807253047,0.06431953205779843,0.034210741046923246,0.030108791010875186,0.034210741046923246,0.030108791010875186,CHN,0.25775731862698753
OMN,2008,-0.0013167819376101728,0.04145314704760881,0.02431381357685363,0.017139333470755178,0.02431381357685363,0.017139333470755178,CHN,0.2578827619511415
OMN,2009,-0.007165165727562484,0.023141543295565867,0.025384378607902523,-0.002242835312336655,0.025384378607902523,-0.002242835312336655,CHN,0.2867972964600404
OMN,2010,0.00537529178219915,0.06209246033444481,0.026216518490915157,0.03587594184352965,0.026216518490915157,0.03587594184352965,CHN,0.26048887186547864
OMN,2011,0.0007817187269692789,0.04854164278504812,0.023333496886495896,0.025208145898552223,0.023333496886495896,0.025208145898552223,CHN,0.255194395156637
OMN,2012,0.0021010532881534484,0.04527741648341823,0.01945390239657642,0.02582351408684181,0.01945390239657642,0.02582351408684181,CHN,0.25396277385634003
OMN,2013,0.002461728129498123,0.04396626224902798,0.022730185537017708,0.02123607671201027,0.022730185537017708,0.02123607671201027,CHN,0.3051305870155954
OMN,2014,0.0015642371061845416,0.04584692646865145,0.02474194816927822,0.021104978299373228,0.02474194816927822,0.021104978299373228,CHN,0.3415644553586896
OMN,2015,0.0020246845986591896,0.045895969316419725,0.02584790966607732,0.020048059650342405,0.02584790966607732,0.020048059650342405,CHN,0.3826907869815321
OMN,2016,0.0010284719782089912,0.04789523859317816,0.02776735548660409,0.020127883106574068,0.02776735548660409,0.020127883106574068,CHN,0.42078860971231274
OMN,2017,0.0015719389824727023,0.031662889812679326,0.021824410128556026,0.0098384796841233,0.021824410128556026,0.0098384796841233,CHN,0.32574655785195844
OMN,2018,0.00119242308880925,0.038038164514732103,0.023061515172767718,0.014976649341964385,0.023061515172767718,0.014976649341964385,CHN,0.3538472603743676
OMN,2019,0.0011630930133339245,0.030517680046830815,0.018794409327521657,0.011723270719309158,0.018794409327521657,0.011723270719309158,CHN,0.3250527293545364
OMN,2020,-0.0034772863828377173,-0.022146915631476402,0.006968072832463636,-0.029114988463940037,0.006968072832463636,-0.029114988463940037,CHN,0.3135503731974411
OMN,2021,0.006386760687646268,0.04734579281960212,0.012452487862512218,0.0348933049570899,0.008532198665096647,0.03881359415450547,ARE,0.1916421338404019
OMN,2022,0.004269274832721326,0.05217638453364531,0.0016634525443763567,0.05051293198926895,0.015217865068942543,0.036958519464702765,ARE,0.21003082358634315
OMN,2023,0.0032380375370762884,0.027447765504776293,0.0020178915464669424,0.02542987395830935,0.007650319958568274,0.01979744554620802,ARE,0.1816615573511742
PAK,1991,0.007524534723403539,0.00920399117877244,0.001146503622392916,0.008057487556379524,0.0029402177069516953,0.006263773471820744,HKG,0.05302143481986225
PAK,1992,0.00844068851086011,0.01604871312766506,0.0015260085394411772,0.014522704588223884,0.0035307766435197984,0.012517936484145262,HKG,0.05837615300101995
PAK,1993,0.0051841396324492865,0.01783778662522481,0.0013444371985448355,0.016493349426679974,0.004062423968231539,0.013775362656993272,HKG,0.06752228895313586
PAK,1994,0.016965628494770294,0.018827844363714777,0.0011305081150079221,0.017697336248706855,0.004047140257509838,0.01478070410620494,HKG,0.06905350407109384
PAK,1995,0.015623926636771104,0.02004400862590979,0.0008463217458944641,0.019197686880015326,0.0017664106344932216,0.01827759799141657,HKG,0.07529031383374517
PAK,1996,0.015656516908249034,0.02005629729763999,0.0010183025677853257,0.019037994729854665,0.003104819486060513,0.016951477811579477,HKG,0.07445248814233082
PAK,1997,0.019783288995248508,0.020928074497328315,0.0011532094896956565,0.019774865007632658,0.004402367102525742,0.016525707394802573,HKG,0.08850640274043592
PAK,1998,0.018801294703353035,-0.002847680742977339,0.0012169956151868741,-0.004064676358164213,-0.005445862501902839,0.0025981817589255,HKG,0.0898247271216081
PAK,1999,0.020366155646935467,0.013089942796816132,0.001188356046701106,0.011901586750115026,0.0021524472595735042,0.010937495537242627,HKG,0.08693969110771166
PAK,2000,0.023469659529824775,0.024557841335282438,0.0016190141058897906,0.022938827229392646,0.005506532608286359,0.019051308726996077,HKG,0.07457366545081015
PAK,2001,0.009087888417265986,0.007976896617718734,0.001735839754913577,0.006241056862805157,0.00036659257550448343,0.007610304042214251,HKG,0.06554957865218232
PAK,2002,0.009702749109275363,0.016609706151785877,0.0023336175018171747,0.014276088649968703,0.0016036518565724447,0.015006054295213433,ARE,0.06669872167235992
PAK,2003,0.011639162774935818,0.023355584121048857,0.0025828830000482316,0.020772701121000624,0.006339264234604717,0.017016319886444142,ARE,0.07515777279259554
PAK,2004,0.015796435997278636,0.03141181939567911,0.0025375693518874527,0.028874250043791655,0.007813314935837989,0.02359850445984112,ARE,0.08552137074662126
PAK,2005,0.016414371642401494,0.0271744799115978,0.002451025676624934,0.024723454234972866,0.004005356816798503,0.023169123094799297,ARE,0.08448416115241687
PAK,2006,0.015574781083708208,0.03055299912198571,0.002863352953472011,0.0276896461685137,0.007724863403305461,0.02282813571868025,ARE,0.08232772992151348
PAK,2007,0.01316347135075876,0.029582787897526178,0.0035279797172604313,0.026054808180265746,0.0023601147417778457,0.027222673155748334,ARE,0.07529065877029377
PAK,2008,0.0007572635940187877,0.019021120195547768,0.0028785411523911775,0.01614257904315659,0.0028331367657582263,0.01618798342978954,ARE,0.09017146578934583
PAK,2009,-0.017240136391860034,0.010782121568188833,0.002955756060476385,0.007826365507712449,-0.005224619758997421,0.016006741327186255,ARE,0.09701652665372733
PAK,2010,0.01052770613603713,0.033885492170725624,0.004257722797567203,0.029627769373158423,0.00160954529926408,0.03227594687146154,ARE,0.10122252171820353
PAK,2011,0.007257324782777712,0.028594541669209016,0.004863231434918035,0.02373131023429098,0.005884721733189724,0.022709819936019292,ARE,0.09026670319082832
PAK,2012,0.0033888291062982197,0.03351483212008967,0.004850786305581087,0.02866404581450858,0.010507676579733843,0.023007155540355824,AFG,0.08754723745538522
PAK,2013,0.0038943465031889323,0.02913749332830617,0.005953313602270875,0.023184179726035297,0.004452576259002196,0.024684917069303973,ARE,0.09273635136041697
PAK,2014,0.009096685857512984,0.02587041914584659,0.00671908982939447,0.01915132931645212,0.00671908982939447,0.01915132931645212,CHN,0.09275754044836734
PAK,2015,0.00946581909103893,0.02393948687652482,0.006825249878519978,0.017114236998004843,0.006825249878519978,0.017114236998004843,CHN,0.10105112100358125
PAK,2016,0.008096686904263954,0.022317758181720812,0.006253688343333639,0.016064069838387172,0.006253688343333639,0.016064069838387172,CHN,0.09476886716255617
PAK,2017,0.012507392162839623,0.019481329289023717,0.005721756746064073,0.013759572542959644,0.005721756746064073,0.013759572542959644,CHN,0.08540173841664843
PAK,2018,0.011006136645014384,0.018862416110359798,0.005065570141090759,0.013796845969269039,0.005065570141090759,0.013796845969269039,CHN,0.07772421296826894
PAK,2019,0.01002624926728753,0.01712200697478822,0.004349013053266964,0.012772993921521257,0.004349013053266964,0.012772993921521257,CHN,0.0752169721499487
PAK,2020,-0.02961650987713537,-0.010832548567141213,0.0017353985562896085,-0.012567947123430822,0.0017353985562896085,-0.012567947123430822,CHN,0.07808972122619486
PAK,2021,0.03308742119075345,0.013251659675244318,0.0067783121233336565,0.006473347551910661,0.0067783121233336565,0.006473347551910661,CHN,0.0834506052511886
PAK,2022,0.018704203145160865,0.015390910287397683,0.0030167126800413574,0.012374197607356325,0.0030167126800413574,0.012374197607356325,CHN,0.09172722251261355
PAK,2023,0.009288449458985337,0.014273823313948053,0.004345187166296548,0.009928636147651505,0.004345187166296548,0.009928636147651505,CHN,0.09079708382290366
PAN,1991,0.009432809535060569,0.007365638873345284,0.0,0.007365638873345284,0.0019390849298330601,0.005426553943512224,CRI,0.09889016290085749
PAN,1992,0.01873278555014703,0.013438391771215759,5.137522146998442e-06,0.01343325424906876,0.00854867388211745,0.004889717889098309,CRI,0.09225967819346786
PAN,1993,0.00940869112993217,0.009738324327244467,3.3322151325248867e-06,0.009734992112111943,0.005113986323408868,0.004624338003835599,CRI,0.08508573113259196
PAN,1994,0.025830144422329906,0.012522255684912956,1.2451399552860884e-05,0.012509804285360094,0.003716058240513835,0.00880619744439912,CRI,0.07616408560563948
PAN,1995,0.02079866673929627,0.01008806260055272,7.553218512057557e-06,0.010080509382040663,0.0028785875745859137,0.007209475025966807,CRI,0.07397036578299872
PAN,1996,0.0171092386743786,0.014248554229445449,7.092883840967408e-05,0.014177625391035774,0.0009467179620898804,0.01330183626735557,CRI,0.062482190128681024
PAN,1997,0.01793457898154449,0.025065492423916043,8.003385533417523e-05,0.024985458568581868,0.0060120806072254925,0.01905341181669055,KOR,0.09954482824000921
PAN,1998,0.02044927911511632,0.0035725935574331662,9.702870300820118e-05,0.0034755648544249652,-0.005150662552487099,0.008723256109920266,KOR,0.09783999369865093
PAN,1999,0.02527323229155947,0.01563998266718744,0.0002142511091787328,0.015425731558008709,0.0025780234014556817,0.01306195926573176,CRI,0.05652257189595933
PAN,2000,0.028104509224618206,0.012577052890808583,0.0003565763445196376,0.012220476546288946,0.0024271155819393,0.010149937308869284,CRI,0.06471549673765843
PAN,2001,0.00806942977557211,0.005997861583363465,0.00035780164099774987,0.005640059942365715,0.0018128110322518745,0.004185050551111591,CRI,0.05999948091438101
PAN,2002,0.012751190824786924,0.006679870793211532,0.00030852509368905855,0.006371345699522473,0.0018664554387867465,0.004813415354424786,CRI,0.05318852208537874
PAN,2003,0.016455919196810692,0.00745242287097291,0.00028665222876854234,0.007165770642204368,0.0023311621916663936,0.005121260679306516,CRI,0.051859626643987966
PAN,2004,0.022867533208311773,0.01415819016987727,0.0007395212202839747,0.013418668949593295,0.002068290320647079,0.01208989984923019,CRI,0.04808033581360721
PAN,2005,0.025744053357577165,0.012444345832375775,0.0011200679643932076,0.011324277867982567,0.0016578488883395065,0.010786496944036269,CRI,0.04582268172690202
PAN,2006,0.02174699067760607,0.01548918613903661,0.0015797998845911835,0.013909386254445428,0.003150936857095203,0.012338249281941407,CRI,0.04293850556681587
PAN,2007,0.01751702495261001,0.015407151408421135,0.0017269694076994075,0.013680182000721727,0.0034089890405601224,0.011998162367861012,CRI,0.044194682411896474
PAN,2008,0.0011744334890621832,0.009547575552592792,0.0019888400185247824,0.007558735534068009,0.0022450207069813913,0.0073025548456114005,CRI,0.04785098248430848
PAN,2009,-0.02367980703881226,0.0006621204316389761,0.0028439967881499634,-0.0021818763565109875,-0.0004491989592547366,0.0011113193908937127,CRI,0.05367896238056713
PAN,2010,0.016728343695523618,0.01689344125300305,0.003577618350881239,0.013315822902121813,0.0031121625652830763,0.013781278687719976,CRI,0.06326788200549163
PAN,2011,0.012223155184259754,0.015264958771460875,0.0036794047692914607,0.011585554002169414,0.003214106449116095,0.01205085232234478,CRI,0.06855504730483714
PAN,2012,0.006898801541913205,0.01526267162660476,0.003267442340087192,0.011995229286517568,0.0032203165740287364,0.012042355052576023,CRI,0.0719083857735304
PAN,2013,0.007920765489188002,0.014852866697778886,0.0036087604208572465,0.011244106276921639,0.001751200627490822,0.013101666070288065,CRI,0.06941891494540685
PAN,2014,0.013903641136787846,0.016767081089779624,0.003813215767826451,0.012953865321953174,0.002333851407941349,0.014433229681838276,CRI,0.06674134944644806
PAN,2015,0.011963302817264432,0.016546962854319065,0.0043830804711546935,0.012163882383164373,0.0024816790500021375,0.014065283804316927,CRI,0.06688485763296664
PAN,2016,0.009587812791595485,0.015979591482830704,0.004689514553748354,0.011290076929082349,0.004689514553748354,0.011290076929082349,CHN,0.0710652589962847
PAN,2017,0.013806931505753208,0.019653758585600253,0.0046322966653394365,0.015021461920260815,0.002870101713401145,0.01678365687219911,CRI,0.07074934369193474
PAN,2018,0.012064950156615881,0.017270465466114392,0.004045971951943508,0.013224493514170883,0.0017902829648869197,0.015480182501227473,CRI,0.06593803859367463
PAN,2019,0.010985116763341095,0.014125180137539765,0.0038919557963114325,0.010233224341228333,0.0038919557963114325,0.010233224341228333,CHN,0.06731208371979529
PAN,2020,-0.021846422855253515,-0.01676056487562398,0.0017339693784788912,-0.018494534254102874,0.0017339693784788912,-0.018494534254102874,CHN,0.07802541087142528
PAN,2021,0.027998618744645844,0.037261300461698926,0.01048474228675329,0.026776558174945637,0.01048474228675329,0.026776558174945637,CHN,0.12908200062377448
PAN,2022,0.015479645102522751,0.02220637437272508,0.006935846671585156,0.015270527701139925,0.006935846671585156,0.015270527701139925,CHN,0.21089378354359545
PAN,2023,0.006246197723022428,0.025001355873173512,0.013978658931470135,0.011022696941703377,0.013978658931470135,0.011022696941703377,CHN,0.2920982268789693
PER,1991,0.010323422618938306,0.005240361015350968,0.0009900050885022086,0.004250355926848759,0.0004219074247782101,0.004818453590572758,BRA,0.04108467584809628
PER,1992,0.011844757811939078,0.010490376630846218,0.004033912762082894,0.006456463868763324,-0.0002049077882218947,0.010695284419068113,BRA,0.037559425957393575
PER,1993,0.00785653566681885,0.016561870334277962,0.005803020762285605,0.010758849571992357,0.005803020762285605,0.010758849571992357,CHN,0.04463593630741144
PER,1994,0.018181733223011406,0.021693394726228415,0.006614563482683397,0.015078831243545018,0.006614563482683397,0.015078831243545018,CHN,0.053099097947308244
PER,1995,0.016367208724595798,0.01924378987632279,0.005902839730333105,0.013340950145989685,0.005902839730333105,0.013340950145989685,CHN,0.05817356001246653
PER,1996,0.01662895662991755,0.019877327351156666,0.005182969006765044,0.014694358344391622,0.005182969006765044,0.014694358344391622,CHN,0.05626611030827305
PER,1997,0.020334881659817654,0.02208150267998957,0.006294468317482427,0.015787034362507144,0.006294468317482427,0.015787034362507144,CHN,0.06866653618059956
PER,1998,0.019455123645467653,0.008134302112483007,0.005583724134646886,0.002550577977836121,0.005583724134646886,0.002550577977836121,CHN,0.07229867513480168
PER,1999,0.021311093364903493,0.007611961243793337,0.004597097686969909,0.003014863556823427,0.004597097686969909,0.003014863556823427,CHN,0.06412294641765623
PER,2000,0.025917594929160626,0.016348680876404245,0.004353408255299916,0.011995272621104329,0.004353408255299916,0.011995272621104329,CHN,0.05158837283396117
PER,2001,0.009469939338055459,0.008802774281780763,0.00376387403850781,0.005038900243272953,0.00376387403850781,0.005038900243272953,CHN,0.04836826088319918
PER,2002,0.01001376831636922,0.011810245219865831,0.004799005132528566,0.007011240087337265,0.004799005132528566,0.007011240087337265,CHN,0.05515376607705625
PER,2003,0.01334898230649792,0.014689838513928632,0.006490192152427768,0.008199646361500865,0.006490192152427768,0.008199646361500865,CHN,0.06939447989646563
PER,2004,0.01822995323411228,0.02400222728256862,0.007154555897837437,0.016847671384731183,0.007154555897837437,0.016847671384731183,CHN,0.07319816509771555
PER,2005,0.020024628328526636,0.02293452541503527,0.009235708147587415,0.013698817267447856,0.009235708147587415,0.013698817267447856,CHN,0.08600736336317617
PER,2006,0.017642985926921047,0.027345722803455243,0.01154139554787617,0.015804327255579072,0.01154139554787617,0.015804327255579072,CHN,0.09633789616404441
PER,2007,0.0145888950644065,0.02924375882725206,0.013690777976579853,0.015552980850672207,0.013690777976579853,0.015552980850672207,CHN,0.10315176208315456
PER,2008,0.0025851975852318487,0.02115652478733328,0.010035178787448383,0.011121345999884898,0.010035178787448383,0.011121345999884898,CHN,0.10643742143537434
PER,2009,-0.02080855547714068,0.008415002363947344,0.009711524747438452,-0.0012965223834911083,0.009711524747438452,-0.0012965223834911083,CHN,0.10972256146554006
PER,2010,0.01636645749688504,0.026103091113438538,0.012911813766055037,0.013191277347383502,0.012911813766055037,0.013191277347383502,CHN,0.1282925420788558
PER,2011,0.010868725563407716,0.026077770452345904,0.013126425497787048,0.012951344954558856,0.013126425497787048,0.012951344954558856,CHN,0.14356143152358325
PER,2012,0.006067256807312945,0.02193340926758362,0.011823989982810605,0.010109419284773014,0.011823989982810605,0.010109419284773014,CHN,0.15435737431337243
PER,2013,0.0073152169672099495,0.021621454389481376,0.011963406025954007,0.009658048363527369,0.011963406025954007,0.009658048363527369,CHN,0.1605970658471011
PER,2014,0.011716103103889035,0.018471557567934106,0.01211051409608326,0.006361043471850845,0.01211051409608326,0.006361043471850845,CHN,0.16718655794771572
PER,2015,0.010522629076112832,0.016526316825388535,0.011996449960606555,0.004529866864781979,0.011996449960606555,0.004529866864781979,CHN,0.17761323587548006
PER,2016,0.008652004500425468,0.015463020940034308,0.012819618426635395,0.0026434025133989132,0.012819618426635395,0.0026434025133989132,CHN,0.1942694693194197
PER,2017,0.011834231078647138,0.022184441433226263,0.014226378294309457,0.007958063138916806,0.014226378294309457,0.007958063138916806,CHN,0.21233993188239883
PER,2018,0.011144259047447647,0.02381604464794355,0.015495667986580204,0.008320376661363347,0.015495667986580204,0.008320376661363347,CHN,0.23775973190161145
PER,2019,0.007722693936927753,0.02041003885782239,0.014841634441777841,0.00556840441604455,0.014841634441777841,0.00556840441604455,CHN,0.2566887684157053
PER,2020,-0.018855487931126406,-0.013173073777611958,0.006145162258969209,-0.019318236036581168,0.006145162258969209,-0.019318236036581168,CHN,0.27652092134883427
PER,2021,0.023568867024463203,0.04428112495350423,0.0230955633227731,0.021185561630731133,0.0230955633227731,0.021185561630731133,CHN,0.2843390364494869
PER,2022,0.012864131787205448,0.022473961886441504,0.00980899069212671,0.012664971194314794,0.00980899069212671,0.012664971194314794,CHN,0.2982556071029366
PER,2023,0.007518380968060456,0.02268355239359699,0.014466605001914816,0.008216947391682175,0.014466605001914816,0.008216947391682175,CHN,0.3022943538957447
PHL,1991,0.009193055531229358,0.014580367513308615,0.0006872528376348381,0.013893114675673777,0.002278581946883997,0.012301785566424618,HKG,0.04109004713929148
PHL,1992,0.016673901571129465,0.014387573554327108,0.001492588790970077,0.01289498476335703,0.0026010146828135514,0.011786558871513557,HKG,0.043003918517614904
PHL,1993,0.013288401822100324,0.014911470097473366,0.0014777914466642436,0.013433678650809123,0.002685715755483519,0.012225754341989846,HKG,0.044639770911624334
PHL,1994,0.02232623059172282,0.01638588822513238,0.0017201574562602337,0.014665730768872145,0.0027726551262361346,0.013613233098896244,HKG,0.047307861814774456
PHL,1995,0.020283009060504703,0.014245214754168765,0.0013223635968258266,0.012922851157342938,0.001141194339623942,0.013104020414544823,HKG,0.048641509679447005
PHL,1996,0.02297518878409583,0.016957052967959244,0.0012127206291045068,0.015744332338854736,0.00202809867909928,0.014928954288859965,HKG,0.048633098811391905
PHL,1997,0.02423097890897677,0.015010796423244615,0.0012588832851158152,0.0137519131381288,0.004616532299893643,0.010394264123350972,SGP,0.05778999744504602
PHL,1998,0.021918351563743756,-0.007607401790304658,0.0009924915627483916,-0.00859989335305305,-0.0013621495000063787,-0.00624525229029828,SGP,0.061486203823582636
PHL,1999,0.02334947061682395,0.014856220136351411,0.0009098217457557953,0.013946398390595615,0.0035007560779212717,0.011355464058430138,SGP,0.06295361215770891
PHL,2000,0.025050845347454533,0.022144114301655943,0.0010631273201784706,0.02108098698147747,0.005682498643518051,0.01646161565813789,SGP,0.06567148713478158
PHL,2001,0.007395327413299833,0.002670707435349811,0.0011808413410442455,0.0014898660943055654,-0.0010368178371761695,0.0037075252725259807,TWN,0.07345800625302391
PHL,2002,0.008575924207554085,0.016793690139711114,0.001698120821087412,0.015095569318623702,0.004174639905487614,0.012619050234223501,TWN,0.07566220213796761
PHL,2003,0.011706044408679464,0.017232906160795265,0.0025141879194265923,0.014718718241368674,0.0033237819780460214,0.013909124182749245,SGP,0.07472774484274254
PHL,2004,0.015722522230006357,0.029917652393653873,0.003989191908557249,0.025928460485096623,0.006609093126432841,0.023308559267221033,SGP,0.06974234844803312
PHL,2005,0.01535405556464458,0.028082240036342118,0.005893663834679701,0.022188576201662417,0.005507252020930858,0.02257498801541126,HKG,0.07726247846527279
PHL,2006,0.013465458075591885,0.032687196751573194,0.008987388609144558,0.023699808142428634,0.005568110335838096,0.0271190864157351,HKG,0.08192733354302603
PHL,2007,0.01267692415231145,0.0346543874251438,0.011686252180914363,0.022968135244229436,0.011686252180914363,0.022968135244229436,CHN,0.08804886812652589
PHL,2008,0.0003349096277083391,0.019378809129432333,0.009782399101089335,0.009596410028342998,0.009782399101089335,0.009596410028342998,CHN,0.10375633138434788
PHL,2009,-0.020494465324330045,0.006743433852093949,0.009557483948337631,-0.0028140500962436817,0.009557483948337631,-0.0028140500962436817,CHN,0.10798218068218274
PHL,2010,0.014925093860316749,0.040096686004351095,0.010144481453423492,0.029952204550927605,0.010144481453423492,0.029952204550927605,CHN,0.10079616522606821
PHL,2011,0.00739937741405888,0.02711909610613856,0.00913442891135233,0.017984667194786228,0.00913442891135233,0.017984667194786228,CHN,0.0999016595100642
PHL,2012,0.006058758037560913,0.022859264119407446,0.008056027513108391,0.014803236606299055,0.008056027513108391,0.014803236606299055,CHN,0.10516815864420351
PHL,2013,0.006726821846489982,0.024049230941666146,0.008870902939388862,0.015178328002277284,0.008870902939388862,0.015178328002277284,CHN,0.11908322599680965
PHL,2014,0.0075870701631391094,0.0224304471626137,0.008883213340661328,0.013547233821952371,0.008883213340661328,0.013547233821952371,CHN,0.12263342828862399
PHL,2015,0.009528008091173755,0.019910447481599924,0.008350727850452893,0.011559719631147032,0.008350727850452893,0.011559719631147032,CHN,0.12363655917416405
PHL,2016,0.006778066430182811,0.019865056515724816,0.007961148764763665,0.011903907750961151,0.007961148764763665,0.011903907750961151,CHN,0.12064385180842781
PHL,2017,0.011103812486601618,0.022988978922357815,0.007815275232099283,0.015173703690258533,0.007815275232099283,0.015173703690258533,CHN,0.11664915525899922
PHL,2018,0.008668556943192018,0.02112275218336842,0.00717649461225888,0.013946257571109538,0.003369924867675453,0.017752827315692967,HKG,0.12004748781286145
PHL,2019,0.005344280350100174,0.012126285626391094,0.006742442491664551,0.005383843134726543,-0.002224281125096301,0.014350566751487395,HKG,0.131881278448052
PHL,2020,-0.017386982930716534,-0.0156291721967876,0.002801771723939737,-0.018430943920727336,-0.009350543327844664,-0.006278628868942936,HKG,0.13814198790447244
PHL,2021,0.020550617847016533,0.03510553812368844,0.0112242473590679,0.02388129076462054,0.008782538006243058,0.026323000117445382,HKG,0.14041570915226473
PHL,2022,0.009600315609553448,0.01183076131275612,0.004824631436220946,0.007006129876535174,0.004824631436220946,0.007006129876535174,CHN,0.14669943353223877
PHL,2023,0.007766597262178854,0.01841719826966335,0.007021736567712753,0.011395461701950597,0.007021736567712753,0.011395461701950597,CHN,0.14672629263617118
PNG,1991,0.011041640937870764,0.011969684000660908,0.0001753447529529488,0.01179433924770796,0.010120049366343371,0.001849634634317537,KOR,0.09922939237724882
PNG,1992,0.014324738685295435,0.00771115507691533,0.00032945046049264213,0.007381704616422687,0.005673197617719784,0.002037957459195546,KOR,0.09606186574930901
PNG,1993,0.016980967456602065,0.011931587755340973,0.0003603488140558436,0.011571238941285129,0.0065498537228305355,0.005381734032510437,KOR,0.09695134672551796
PNG,1994,0.025128354908756995,0.01929620033794109,0.0034470516078222192,0.015849148730118872,0.009027153529387592,0.010269046808553499,KOR,0.10243293865360781
PNG,1995,0.022006768406895166,0.019303334789308697,0.0043370028249557525,0.014966331964352944,0.009513996518900543,0.009789338270408154,KOR,0.10314619248763757
PNG,1996,0.025665456316215886,0.01727720409376586,0.004659473934110403,0.012617730159655458,0.007269817457744523,0.010007386636021336,KOR,0.0964092215937931
PNG,1997,0.023062306767007497,0.01195405353444639,0.003401159024144605,0.008552894510301785,0.0045898723391150625,0.007364181195331328,KOR,0.0759966613041856
PNG,1998,0.020375974472790694,-0.004336049546156228,0.0024883698664655922,-0.00682441941262182,-0.003139408212226813,-0.0011966413339294145,KOR,0.05963498415430967
PNG,1999,0.020653450415091996,0.012495414830063743,0.0021151250598231016,0.010380289770240641,0.00611486882592317,0.006380546004140573,KOR,0.056387050929192
PNG,2000,0.02616641614781384,0.014145252278114726,0.002576375855588641,0.011568876422526086,0.005201982347527493,0.008943269930587232,KOR,0.06031895282274936
PNG,2001,0.011483424294911612,0.00500353397917939,0.0021032307634302524,0.002900303215749137,-0.0015420054979930935,0.006545539477172483,SGP,0.14322417136232724
PNG,2002,0.010167247881011714,0.018352187924541415,0.0032027578279731086,0.015149430096568306,0.009180259636047714,0.0091719282884937,SGP,0.23855037827826667
PNG,2003,0.011239313792197152,0.020418800707341075,0.0037251723643632073,0.016693628342977867,0.011882446689966245,0.00853635401737483,SGP,0.2671500267527456
PNG,2004,0.01995346911694414,0.026351935736972268,0.004050060560706915,0.022301875176265352,0.013253510999272076,0.013098424737700192,SGP,0.13985746071185512
PNG,2005,0.01912792780881338,0.016724364540365126,0.005014637734134815,0.011709726806230312,0.004148935853250274,0.012575428687114852,SGP,0.05837292411982843
PNG,2006,0.019738038439610337,0.019740770824454815,0.005579941306756319,0.014160829517698495,0.005579941306756319,0.014160829517698495,CHN,0.046576672983942004
PNG,2007,0.023999785369690243,0.024130333305769025,0.007232018295233136,0.01689831501053589,0.007232018295233136,0.01689831501053589,CHN,0.05448889988918435
PNG,2008,0.00883829174798925,0.01336828009616985,0.004859272552583928,0.008509007543585922,0.002487818989706732,0.010880461106463117,PHL,0.05849892870700982
PNG,2009,-0.010828681084297399,0.008977758762606482,0.004929358723171041,0.004048400039435441,0.004929358723171041,0.004048400039435441,CHN,0.055692785587710146
PNG,2010,0.01808543968180522,0.02621210809099968,0.0057768631485511646,0.020435244942448517,0.0057768631485511646,0.020435244942448517,CHN,0.05739925249833661
PNG,2011,0.015394578436839355,0.016129024458142342,0.005425536790833416,0.010703487667308926,0.005425536790833416,0.010703487667308926,CHN,0.05933815177690419
PNG,2012,0.015908542603874316,0.014612053455183717,0.004649332788091792,0.009962720667091925,0.004649332788091792,0.009962720667091925,CHN,0.06069514626807305
PNG,2013,0.011076309167164346,0.01692494931185995,0.007327512841703235,0.009597436470156713,0.007327512841703235,0.009597436470156713,CHN,0.0983647181899147
PNG,2014,0.011930384707339986,0.019239278775829934,0.009091268707837295,0.010148010067992638,0.009091268707837295,0.010148010067992638,CHN,0.12550564828066776
PNG,2015,0.01158403134062275,0.018319303015763774,0.010676592800147332,0.007642710215616442,0.010676592800147332,0.007642710215616442,CHN,0.15807211313230377
PNG,2016,0.010998739422269744,0.020609092155238228,0.010257238690366705,0.010351853464871523,0.010257238690366705,0.010351853464871523,CHN,0.15543897257659253
PNG,2017,0.01346205192139029,0.018407988003869887,0.01114498470506024,0.007263003298809648,0.01114498470506024,0.007263003298809648,CHN,0.16634769891149856
PNG,2018,0.012893720972135604,0.01590938887837371,0.011316890187221967,0.004592498691151744,0.011316890187221967,0.004592498691151744,CHN,0.17364212883265917
PNG,2019,0.005838049408107289,0.01401121807431568,0.011592832980903738,0.0024183850934119417,0.011592832980903738,0.0024183850934119417,CHN,0.20050015596265372
PNG,2020,-0.02218937520300706,-0.0006234596179355749,0.0047167327373189415,-0.0053401923552545165,0.0047167327373189415,-0.0053401923552545165,CHN,0.21224423820151858
PNG,2021,0.02655291240787599,0.028226338691468705,0.017114425323505923,0.011111913367962783,0.017114425323505923,0.011111913367962783,CHN,0.2107027716909601
PNG,2022,0.015879479790727152,0.015445313282704088,0.006262939230135903,0.009182374052568186,0.006262939230135903,0.009182374052568186,CHN,0.19043312415744437
PNG,2023,0.00859764907432867,0.015995438543625007,0.00855337219576045,0.007442066347864557,0.00855337219576045,0.007442066347864557,CHN,0.17873136932991499
POL,1991,0.014045142651974783,-0.03347621872845011,0.0013008475262806447,-0.03477706625473075,-0.020950685289990494,-0.012525533438459614,SUN,0.1573341974852413
POL,1992,0.007913824754847839,-0.02890942580813865,0.0011584719040734547,-0.030067897712212105,-0.02607019340253897,-0.0028392324055996794,SUN,0.13545644458069467
POL,1993,-0.00106755870538885,-0.0003378252234818714,0.0010593098594670481,-0.0013971350829489195,-0.0019641393156542117,0.0016263140921723403,RUS,0.02177114796547625
POL,1994,0.021980801128181876,-0.003135637341213147,0.0008302829054294986,-0.003965920246642645,-0.004950077290847187,0.0018144399496340404,RUS,0.03699424499037489
POL,1995,0.016738976980227034,0.002426436026426047,0.0006720973515935546,0.0017543386748324922,-0.002299959961372693,0.00472639598779874,RUS,0.05379876446224753
POL,1996,0.012738014057574824,0.0045818889557605125,0.0005327498770775854,0.004049139078682927,-0.0018702070567930698,0.006452096012553582,RUS,0.05329543222801517
POL,1997,0.01997940432292154,0.006790391424431582,0.0002066789905303822,0.006583712433901199,0.0007204856414318657,0.006069905782999716,RUS,0.06088032615625725
POL,1998,0.018823409954710435,-0.00025172148920266134,0.00011123051450956949,-0.0003629520037122308,-0.003736697317854261,0.0034849758286515996,RUS,0.07030129903919241
POL,1999,0.019109477498600775,0.007664246249774402,0.0001250720534443076,0.007539174196330095,0.004058800930994413,0.003605445318779989,RUS,0.07016386791550036
POL,2000,0.026477063217045748,0.015759042334405764,0.00024440333987230535,0.01551463899453346,0.005333945124927099,0.010425097209478665,RUS,0.05559164589760603
POL,2001,0.013612559818017777,0.010749997068110839,0.0002715961841807568,0.010478400883930082,0.0010729071732721073,0.00967708989483873,CZE,0.037460585040601894
POL,2002,0.004376544119149612,0.010203286600080616,0.00037692042276186343,0.009826366177318753,0.0005565539540825306,0.009646732645998085,CZE,0.03860990030383551
POL,2003,0.0035874210407856135,0.01303344684789375,0.0004111305407057773,0.012622316307187973,0.0012756893697641043,0.011757757478129646,CZE,0.03929630907144674
POL,2004,0.01338266978909326,0.016885562364985347,0.00048374059955470897,0.01640182176543064,0.0018072730165589815,0.015078289348426366,CZE,0.040196057462124485
POL,2005,0.013370784878202056,0.015399326137610655,0.0006224299087719192,0.014776896228838736,0.0025808976318136023,0.012818428505797053,CZE,0.04139477013011004
POL,2006,0.024961359213568138,0.01903652974590109,0.0007578505865724628,0.01827867915932863,0.002837722528779115,0.016198807217121976,CZE,0.04328894581727681
POL,2007,0.020068869382462096,0.01943600997143779,0.0009365577353545256,0.018499452236083264,0.0025729225254374397,0.01686308744600035,CZE,0.04823971227572924
POL,2008,0.0023697127363913103,0.010723193682476574,0.0006508250399293495,0.010072368642547225,0.0012767161762406523,0.009446477506235921,CZE,0.05226440433007447
POL,2009,-0.031135570211360247,-0.02163719063667372,0.0006359279776800924,-0.022273118614353812,-0.0026845681636203885,-0.01895262247305333,CZE,0.05599127255639681
POL,2010,0.018123960329692296,0.010754757376314018,0.0008518055826999268,0.009902951793614091,0.0014529717586517657,0.009301785617662253,CZE,0.05704110143305042
POL,2011,0.015892129562832653,0.012493228474472387,0.0008709483376113579,0.01162228013686103,0.0010256148400404734,0.011467613634431913,CZE,0.05852443306241723
POL,2012,0.0003541812759804653,0.005952340648320439,0.00078895455981274,0.005163386088507699,-0.00042892723994525004,0.00638126788826569,CZE,0.060385134470211876
POL,2013,0.00314751592747238,0.0061999878405227275,0.0007353262278995299,0.005464661612623198,-2.036873805299172e-05,0.006220356578575719,CZE,0.061957748349258664
POL,2014,0.012339829163813654,0.0067719208609248165,0.0007164947526869026,0.006055426108237914,0.0013917767314067997,0.005380144129518017,CZE,0.06268729974103811
POL,2015,0.011682137817314265,0.006460099859312982,0.0006753859016754166,0.005784713957637566,0.003109491071572907,0.003350608787740075,CZE,0.0634223607006195
POL,2016,0.01276074139734086,0.007660605038539413,0.0006743808047980984,0.006986224233741315,0.0015908454580887165,0.006069759580450696,CZE,0.06450678856414167
POL,2017,0.017808819996214694,0.01325770578280519,0.0006625422856450411,0.01259516349716015,0.003424252417072666,0.009833453365732525,CZE,0.06577659696252348
POL,2018,0.010572698381996037,0.011776967671210581,0.0006406183448974229,0.011136349326313159,0.001824401987475523,0.009952565683735058,CZE,0.06569166059311295
POL,2019,0.01028608575882446,0.009724144744690563,0.0005546674969861902,0.009169477247704373,0.002233618459605787,0.007490526285084776,CZE,0.06477877668975363
POL,2020,-0.0388515688238696,-0.011343998896960986,0.000226460580547932,-0.011570459477508918,-0.0034597717679793003,-0.007884227128981685,CZE,0.0632756486706477
POL,2021,0.036820989771235726,0.017848606532439373,0.0008955920854157109,0.016953014447023664,0.002390983892868989,0.015457622639570383,CZE,0.06139582192780333
POL,2022,0.019626108801832996,0.00033787825245919917,0.00037658265180169127,-3.87043993424921e-05,0.001685827164610207,-0.0013479489121510078,CZE,0.05997565360332895
POL,2023,0.003267297025198287,0.006337248207909029,0.000509013522534426,0.005828234685374602,2.1178499177391506e-05,0.006316069708731637,CZE,0.061625841555595785
PRK,1991,0.013162898079736331,0.02065714078733339,0.011437049976611291,0.009220090810722099,0.011437049976611291,0.009220090810722099,CHN,0.1278015662655022
PRK,1992,0.00480184805102818,0.03313313400364725,0.01617269457749553,0.016960439426151722,0.01617269457749553,0.016960439426151722,CHN,0.12100519418849763
PRK,1993,-0.0004085836566551539,0.035662530945626686,0.017863577109090565,0.01779895383653612,0.017863577109090565,0.01779895383653612,CHN,0.13740386649070827
PRK,1994,0.006047757977822545,0.034738121166010646,0.02446043590580027,0.010277685260210376,0.02446043590580027,0.010277685260210376,CHN,0.19635869931496003
PRK,1995,0.010924538771626718,0.03725099529989081,0.02334709451683179,0.013903900783059017,0.02334709451683179,0.013903900783059017,CHN,0.23008986624053204
PRK,1996,0.012179731650384792,0.0338055149831071,0.018223484091711956,0.015582030891395142,0.018223484091711956,0.015582030891395142,CHN,0.19783343577146073
PRK,1997,0.005504864391908033,0.02625026972826392,0.01064142724655438,0.015608842481709542,0.0014847173766928021,0.02476555235157112,RUS,0.1254571540985642
PRK,1998,-0.000977420846823206,0.008567875375434707,0.006629218261056861,0.0019386571143778456,-0.006134243925866563,0.01470211930130127,RUS,0.11540814787196375
PRK,1999,0.0031930258535139383,0.025057788585085047,0.005731377032218413,0.019326411552866636,0.0065140302818270735,0.018543758303257975,RUS,0.11260704037034565
PRK,2000,0.011444408391072863,0.03230645006523718,0.006372559580083309,0.02593389048515387,0.0033356819517822507,0.028970768113454927,CRI,0.08894109373066894
PRK,2001,0.0036370053034815997,0.020190417437168366,0.003412737311392252,0.016777680125776115,0.003053803029631897,0.017136614407536468,CRI,0.10107319148707616
PRK,2002,0.0019207298895306795,0.02469884746732748,0.006691985818931985,0.018006861648395493,0.0038626411052232255,0.020836206362104252,CRI,0.11007397629948504
PRK,2003,0.004139586469487819,0.03226166287182995,0.014227699667321412,0.018033963204508542,0.014227699667321412,0.018033963204508542,CHN,0.1521255142141764
PRK,2004,0.006089266883919008,0.05196964816727702,0.02730111808378331,0.02466853008349371,0.02730111808378331,0.02466853008349371,CHN,0.27931737166985304
PRK,2005,0.0047330924814223555,0.05703864177118139,0.040252529722221084,0.016786112048960307,0.040252529722221084,0.016786112048960307,CHN,0.37485094751618775
PRK,2006,0.004188309411066251,0.07478550902443289,0.04458464454283416,0.030200864481598727,0.04458464454283416,0.030200864481598727,CHN,0.37215524228946306
PRK,2007,0.004186029948982554,0.0796220460626757,0.04371734537426652,0.03590470068840918,0.04371734537426652,0.03590470068840918,CHN,0.32938385361793576
PRK,2008,1.9081397728054117e-05,0.06222152860446582,0.02381039417698233,0.03841113442748349,0.02381039417698233,0.03841113442748349,CHN,0.25254327932130893
PRK,2009,-0.0037926800452193965,0.03821661496413012,0.024858036259495474,0.013358578704634645,0.024858036259495474,0.013358578704634645,CHN,0.2808505854978671
PRK,2010,7.408012709532558e-05,0.06956322422582972,0.03614077810609562,0.033422446119734106,0.03614077810609562,0.033422446119734106,CHN,0.3590968999358087
PRK,2011,-0.0003440203935385255,0.06478213925150685,0.04241968659869067,0.022362452652816174,0.04241968659869067,0.022362452652816174,CHN,0.46393673082717474
PRK,2012,-0.00016374311955058741,0.05982869996034492,0.04240112430669596,0.017427575653648962,0.04240112430669596,0.017427575653648962,CHN,0.553529411428066
PRK,2013,0.00011662450135335415,0.06062935087689238,0.046525402421957164,0.014103948454935213,0.046525402421957164,0.014103948454935213,CHN,0.6245581818515683
PRK,2014,0.0005622169083372746,0.06246908799969961,0.051663864097543186,0.010805223902156422,0.051663864097543186,0.010805223902156422,CHN,0.7132235295890804
PRK,2015,0.0003958116116133926,0.05821063582178013,0.04986151452394585,0.008349121297834279,0.04986151452394585,0.008349121297834279,CHN,0.7382238053200278
PRK,2016,0.00039495662089764674,0.05454156326498462,0.04941979641872219,0.005121766846262428,0.04941979641872219,0.005121766846262428,CHN,0.7489113407768339
PRK,2017,8.417667398069322e-05,0.05426180222818211,0.04865526579923182,0.005606536428950287,0.04865526579923182,0.005606536428950287,CHN,0.7262182694566383
PRK,2018,3.953751894920413e-05,0.05600664359992547,0.05070885764456659,0.005297785955358882,0.05070885764456659,0.005297785955358882,CHN,0.7780577390436159
PRK,2019,5.573381251519849e-05,0.04404516039234814,0.03642523075476648,0.007619929637581659,0.03642523075476648,0.007619929637581659,CHN,0.6299809942346805
PRK,2020,-0.0002056023922090061,-0.010589592497883448,0.012177947835175078,-0.022767540333058528,0.012177947835175078,-0.022767540333058528,CHN,0.5479851000851379
PRK,2021,0.00028536398568217906,0.04740847099480935,0.028559543086105605,0.018848927908703742,0.028559543086105605,0.018848927908703742,CHN,0.3516083521779121
PRK,2022,0.00019344868921021565,0.02105013792583442,0.011194134066765143,0.009856003859069276,0.011194134066765143,0.009856003859069276,CHN,0.3403727617719686
PRK,2023,4.275749391200466e-05,0.03556910313225681,0.014520686460668569,0.021048416671588237,0.014520686460668569,0.021048416671588237,CHN,0.3034244407149771
PRY,1991,0.008122926804362338,0.01649640916019797,2.026185481761252e-05,0.016476147305380356,0.0034251449496230193,0.01307126421057495,BRA,0.33353518265761867
PRY,1992,0.005630883160496575,0.015324359406221288,0.00034629651060419603,0.014978062895617093,-0.0016696306607196412,0.01699399006694093,BRA,0.3060419016849882
PRY,1993,0.002307814105208683,0.030196834497262254,0.00022457650460638552,0.02997225799265587,0.014084476730538602,0.01611235776672365,BRA,0.29298433803566454
PRY,1994,0.011940385611032816,0.03103636340198626,0.0002366628890111714,0.03079970051297509,0.01607216047365999,0.01496420292832627,BRA,0.2825625626433906
PRY,1995,0.011764737228725414,0.02004260202813688,2.507901686917483e-05,0.020017523011267708,0.013367208805170514,0.0066753932229663675,BRA,0.32311138072039464
PRY,1996,0.00985736312006176,0.021951941810474128,2.2768468222985428e-05,0.021929173342251144,0.008385560050776304,0.013566381759697824,BRA,0.3853372969223463
PRY,1997,0.011056158758059272,0.034120654954730545,0.0,0.034120654954730545,0.016534778701400715,0.01758587625332983,BRA,0.4519282981664246
PRY,1998,0.0099259821478484,0.010420988884981924,7.4857487165740125e-06,0.010413503136265349,0.001577258681042212,0.008843730203939712,BRA,0.4435232329455567
PRY,1999,0.011149745231510336,-0.0024223798851331995,4.047628471651888e-05,-0.0024628561698497183,0.0018122718811513108,-0.0042346517662845105,BRA,0.38809695793763926
PRY,2000,0.011729138998165196,0.01902987453034311,9.731675546048131e-05,0.018932557774882626,0.013206935106993641,0.0058229394233494675,BRA,0.31258840602903687
PRY,2001,0.0047321625051987126,-0.0032497072476757195,0.00027973016766130493,-0.003529437415337024,0.004695372804065823,-0.007945080051741542,BRA,0.31986361957618786
PRY,2002,0.0016005167990955156,-0.010977232972661283,0.0004077002784678527,-0.011384933251129136,0.0127738203425582,-0.023751053315219484,BRA,0.4287625970622175
PRY,2003,0.0010561016048700694,0.021785429830322854,0.0004896184631735178,0.021295811367149337,0.006476672131666948,0.015308757698655907,BRA,0.5572229049297858
PRY,2004,0.001955379505643171,0.053276883150705605,0.000495697578318529,0.05278118557238708,0.03308601036481389,0.02019087278589171,BRA,0.6260542457010126
PRY,2005,0.0022433611622448436,0.045287012876097,0.0009352453561566541,0.04435176751994035,0.021193145275602832,0.02409386760049417,BRA,0.5919317225537518
PRY,2006,0.0026149176060858296,0.043860835276514215,0.0017990416022882667,0.042061793674225946,0.02106022999156691,0.022800605284947303,BRA,0.5441211984656678
PRY,2007,0.0020566800648361768,0.060206222596918435,0.001932478909685064,0.05827374368723337,0.0293669782517986,0.030839244345119834,BRA,0.5098896808402665
PRY,2008,0.0003990506161735377,0.04472595828741455,0.001250145301592621,0.04347581298582193,0.022781121876828497,0.02194483641058605,BRA,0.4875364178161234
PRY,2009,-0.0044735279924907004,-0.011033919620117192,0.0009609928941521496,-0.01199491251426934,0.0007339075317865413,-0.011767827151903732,BRA,0.4293670099658369
PRY,2010,0.0022344255991314376,0.06119894331803917,0.0011325148585504007,0.06006642845948877,0.029861421999652093,0.031337521318387074,BRA,0.410201554979158
PRY,2011,0.0011512934039595443,0.04132173213411411,0.0008331848773152172,0.040488547256798894,0.015109313925389188,0.02621241820872492,BRA,0.3747329301505922
PRY,2012,-0.002304927054289405,0.022175124535521194,0.00041185234974779007,0.021763272185773404,0.00588671231206123,0.016288412223459964,BRA,0.36800712261775215
PRY,2013,-0.0005811865620981792,0.02665491654680314,0.0003721317721430289,0.026282784774660114,0.011044247553639976,0.015610668993163166,BRA,0.35157871980709327
PRY,2014,0.002821969086509089,0.010149666297316706,0.00038106149887195403,0.009768604798444751,0.0017439114199854443,0.008405754877331261,BRA,0.3391977380270972
PRY,2015,0.0030548916845941233,-0.0017251427304632904,0.0003801079754956514,-0.002105250705958942,-0.01205298092771557,0.01032783819725228,BRA,0.334217517908767
PRY,2016,0.0031492764442449463,-0.00258443104062265,0.00032425942258235976,-0.0029086904632050097,-0.01092028384819848,0.00833585280757583,BRA,0.3089334033603217
PRY,2017,0.004124162110340521,0.020310180906585658,0.00019383023756773082,0.020116350669017926,0.005428780244285556,0.014881400662300101,BRA,0.33615708408095873
PRY,2018,0.0027818886923310264,0.01447477968670486,7.940376070870475e-05,0.014395375925996155,0.005684420119269321,0.008790359567435539,BRA,0.34548144119017293
PRY,2019,0.0019646334241334835,0.0058997559767054696,0.0,0.0058997559767054696,0.004185939372219124,0.0017138166044863455,BRA,0.3467201105106008
PRY,2020,-0.0072072005100838185,-0.05229696569421089,0.0,-0.05229696569421089,-0.012434583998408806,-0.039862381695802085,BRA,0.3422794595716807
PRY,2021,0.005752269666435012,0.06719501594499888,0.0,0.06719501594499888,0.017556386930893488,0.049638629014105394,BRA,0.35267910391109847
PRY,2022,0.00306291382996002,0.031891011264743994,3.1749676467720704e-05,0.031859261588276275,0.011024000072591689,0.020867011192152306,BRA,0.3574646693627603
PRY,2023,0.0009882316193675145,0.01254114033762346,8.116900596191746e-05,0.012459971331661542,0.010239493568924849,0.002301646768698611,BRA,0.3574962251310219
ROU,1991,0.008932880586217508,-0.04683782261553569,0.002388370968391814,-0.049226193583927505,-0.034212156852382894,-0.012625665763152799,SUN,0.2569243997560571
ROU,1992,0.005718955333292732,-0.041564257537040426,0.0039708052487515515,-0.045535062785791974,-0.0468851403628805,0.005320882825840076,SUN,0.24360749148121402
ROU,1993,0.0001575271833265347,0.004959156249556808,0.005610529301475078,-0.0006513730519182703,0.0036335240108944593,0.0013256322386623483,TUR,0.046975103201674834
ROU,1994,0.012271858509841981,0.002232274129122724,0.007575498567766233,-0.005343224438643509,0.007575498567766233,-0.005343224438643509,CHN,0.060813104523463855
ROU,1995,0.01092762568318507,0.017938586538571673,0.0061350942679519,0.011803492270619772,0.0061350942679519,0.011803492270619772,CHN,0.060462470757053556
ROU,1996,0.008314304173225224,0.020675900803920923,0.0048381725857510145,0.015837728218169908,0.0048381725857510145,0.015837728218169908,CHN,0.052523013748492164
ROU,1997,0.014864305688719253,0.017037205438170312,0.002529111430898786,0.014508094007271526,0.003371588969983103,0.01366561646818721,TUR,0.04644787886814166
ROU,1998,0.015363197460786857,0.008920463548624065,0.0010657368068930746,0.00785472674173099,0.0014324223624111825,0.007488041186212882,TUR,0.047042270562915524
ROU,1999,0.016459644940647694,0.006806447949995932,0.0004975565926687388,0.0063088913573271935,-0.001498923941026214,0.008305371891022146,TUR,0.04518188864636994
ROU,2000,0.026381300862195495,0.016190420089822254,0.00035183330050057475,0.01583858678932168,0.0031138722054129377,0.013076547884409317,TUR,0.04645190444683371
ROU,2001,0.01367218627305903,0.004976884035485483,0.0004004236235988319,0.004576460411886651,-0.0030961401792597345,0.008073024214745216,TUR,0.05228216614748236
ROU,2002,0.005773075936508676,0.012423130654372295,0.0005997670238699,0.011823363630502395,0.0032894288417569402,0.009133701812615354,TUR,0.05264374140208044
ROU,2003,0.006033526296773564,0.013418863486916018,0.0009870268574683526,0.012431836629447666,0.0026856088233385054,0.010733254663577512,TUR,0.047929702468654925
ROU,2004,0.013778842985495891,0.01805510392682057,0.0012872643348929092,0.016767839591927663,0.00418537364659879,0.01386973028022178,TUR,0.04478571457625613
ROU,2005,0.012642047189749615,0.016633614809053312,0.0014277857253430395,0.015205829083710272,0.004743171303477696,0.011890443505575617,TUR,0.055084852191129935
ROU,2006,0.020809879303783425,0.018213444532491005,0.0012899117411181,0.016923532791372906,0.0045701332260401585,0.013643311306450846,TUR,0.06803534070683967
ROU,2007,0.01636636112551248,0.017414204735202034,0.0010170291278430216,0.016397175607359014,0.0037867109612618383,0.013627493773940196,TUR,0.07695893352682512
ROU,2008,0.00038589810792428515,0.011887233789921127,0.0006231415701515579,0.011264092219769569,0.0006219883321159592,0.011265245457805169,TUR,0.07662488693666271
ROU,2009,-0.028300165075542085,-0.013981970655919837,0.0005015260338605301,-0.014483496689780367,-0.003550427541390793,-0.010431543114529044,TUR,0.07182183715595267
ROU,2010,0.013076995115093833,0.01636800426771985,0.0005880762768195134,0.01577992799090034,0.005034111292631395,0.011333892975088456,TUR,0.062220292369597675
ROU,2011,0.01077940284286773,0.01699911149892413,0.0006241555906324302,0.0163749559082917,0.006578890414505426,0.010420221084418702,TUR,0.061970731854465284
ROU,2012,-0.004397850588127538,0.006675280877738957,0.000621312193447227,0.00605396868429173,0.002827861005622966,0.0038474198721159905,TUR,0.06045848097607226
ROU,2013,-1.8230482144749574e-05,0.010673917058436344,0.0006325841811218786,0.010041332877314466,0.005046861970086446,0.005627055088349898,TUR,0.06196290321855563
ROU,2014,0.008849381157506832,0.010027766666488223,0.0006598563139370478,0.009367910352551174,0.0027000051826629157,0.0073277614838253066,TUR,0.055998419036659725
ROU,2015,0.009005063572372976,0.011167329604136043,0.0006643190696460863,0.010503010534489958,0.0019492141952956819,0.009218115408840362,HUN,0.051498088585799934
ROU,2016,0.010398013833519966,0.011045053530682589,0.0006729635815488265,0.010372089949133762,0.0011656997099744305,0.009879353820708158,HUN,0.0515800168002651
ROU,2017,0.0149490964849075,0.01595122080583721,0.0006969279064091133,0.015254292899428099,0.0021488307263543543,0.013802390079482857,HUN,0.052352492264525506
ROU,2018,0.008862717127142494,0.014304233151352506,0.0006988002327469741,0.013605432918605533,0.0027947442248661644,0.011509488926486343,HUN,0.05102459724790213
ROU,2019,0.008507293506391882,0.01158745161573068,0.0006193693349851272,0.010968082280745552,0.0024476260098161493,0.009139825605914531,HUN,0.04943194628096844
ROU,2020,-0.041119131755916374,-0.01333282524798883,0.00022482633892629712,-0.013557651586915128,-0.002145247339285798,-0.011187577908703032,HUN,0.048260118726841474
ROU,2021,0.03609915388914851,0.02535998340164502,0.0007861647764548959,0.024573818625190123,0.0033708868852807316,0.021989096516364288,HUN,0.04934022522837072
ROU,2022,0.019699081360050875,0.009517349079631561,0.00034773355768820527,0.009169615521943356,0.002169852810988093,0.007347496268643469,HUN,0.05218949716479574
ROU,2023,0.003652025149434135,0.00686764519137877,0.0005530403239405209,0.006314604867438249,-0.0005505334128740508,0.007418178604252821,HUN,0.0605582583430836
RUS,1993,-0.00028379340387998107,0.00979713129585148,0.00976554411892004,3.158717693143957e-05,0.00976554411892004,3.158717693143957e-05,CHN,0.07511505182477546
RUS,1994,0.016395598747856927,0.01859096561190296,0.00914130374049728,0.00944966187140568,0.00914130374049728,0.00944966187140568,CHN,0.07338276878791783
RUS,1995,0.014764011250902508,0.013359645354646559,0.006508398664755725,0.006851246689890834,0.006508398664755725,0.006851246689890834,CHN,0.06414145353864424
RUS,1996,0.012193195598797463,0.012625055664879046,0.0050124594970628955,0.00761259616781615,-0.007085783556281507,0.019710839221160553,UKR,0.06725304801943992
RUS,1997,0.01766500946906374,0.01780391480608903,0.0045448823184844256,0.013259032487604603,-0.0029902790873433636,0.020794193893432393,UKR,0.09817228362928958
RUS,1998,0.016435648656411093,0.013229007171219236,0.0038702572656125374,0.009358749905606699,-0.0017400432025546982,0.014969050373773935,UKR,0.09070770287062635
RUS,1999,0.016043101427197705,0.012169829700278426,0.0035940120926923184,0.008575817607586108,-0.0001730733583072852,0.012342903058585711,UKR,0.0864511731060466
RUS,2000,0.020088186736677033,0.028347232938653735,0.004001431705108345,0.02434580123354539,0.0044761730749806805,0.023871059863673053,UKR,0.07808372930023684
RUS,2001,0.008946905415200478,0.02253212959503411,0.0037784781366994725,0.018753651458334637,0.005522128881723137,0.017010000713310974,UKR,0.06547367892942459
RUS,2002,0.005074583707659515,0.02481175503306435,0.004339475935975876,0.020472279097088476,0.0030727905656254655,0.021738964467438886,UKR,0.059069697370184936
RUS,2003,0.005617377543014734,0.029769610345151024,0.005142510247445102,0.024627100097705922,0.0050040409989396024,0.024765569346211422,UKR,0.05504639376589241
RUS,2004,0.010948750437342909,0.040043794070661706,0.0057358668421056795,0.03430792722855602,0.0057358668421056795,0.03430792722855602,CHN,0.058683576462638415
RUS,2005,0.010741425353790064,0.03414373477897717,0.006709856902110926,0.02743387787686624,0.006709856902110926,0.02743387787686624,CHN,0.06248541979377309
RUS,2006,0.016033573944481336,0.03857265709932589,0.007111247919916487,0.03146140917940941,0.007111247919916487,0.03146140917940941,CHN,0.05935873706639915
RUS,2007,0.01554159187446674,0.035948806849216974,0.007524752334833616,0.02842405451438336,0.007524752334833616,0.02842405451438336,CHN,0.05669447447801811
RUS,2008,0.003333447107121566,0.019960958581910687,0.004868582830036287,0.015092375751874401,0.004868582830036287,0.015092375751874401,CHN,0.05163828302907206
RUS,2009,-0.023346122614417222,-0.011887727862426808,0.004280186456667531,-0.01616791431909434,-0.0026589273011718745,-0.009228800561254934,TUR,0.0537876189298249
RUS,2010,0.010899655873769187,0.026445396736681427,0.005335434623165297,0.02110996211351613,0.005335434623165297,0.02110996211351613,CHN,0.05301319267018464
RUS,2011,0.0081563909522023,0.02668677089144853,0.005298029156099741,0.02138874173534879,0.005298029156099741,0.02138874173534879,CHN,0.057943622963584934
RUS,2012,-0.002931779856193427,0.01610056325498891,0.005246314734350726,0.010854248520638184,0.005246314734350726,0.010854248520638184,CHN,0.06848850247617022
RUS,2013,0.001060065148976411,0.01730638729616686,0.005101344804319754,0.012205042491847107,0.005101344804319754,0.012205042491847107,CHN,0.06848058200739497
RUS,2014,0.006987785617863833,0.015592271860106643,0.005140125661187818,0.010452146198918825,0.005140125661187818,0.010452146198918825,CHN,0.07095982134983427
RUS,2015,0.008007029447790595,0.011893379049060538,0.004760962492798479,0.007132416556262059,0.004760962492798479,0.007132416556262059,CHN,0.07048834922035341
RUS,2016,0.008695514967244496,0.015761372005238732,0.004985375986826468,0.010775996018412264,0.004985375986826468,0.010775996018412264,CHN,0.07554876557841106
RUS,2017,0.010962080571199928,0.024760676773682194,0.005745099414715998,0.019015577358966196,0.005745099414715998,0.019015577358966196,CHN,0.08575014618206583
RUS,2018,0.007169919551043742,0.02406939231983498,0.0063315018973788585,0.01773789042245612,0.0063315018973788585,0.01773789042245612,CHN,0.0971481961899965
RUS,2019,0.006381229340533952,0.019866780468039563,0.006418754875621915,0.013448025592417649,0.006418754875621915,0.013448025592417649,CHN,0.11101353360030128
RUS,2020,-0.021097673656906037,-0.007561954570271432,0.002710772489535858,-0.01027272705980729,0.002710772489535858,-0.01027272705980729,CHN,0.12197974191478295
RUS,2021,0.022694141783680438,0.03841814358540696,0.010923770071624296,0.027494373513782665,0.010923770071624296,0.027494373513782665,CHN,0.13448705334234942
RUS,2022,0.013631265375557209,0.013477619503789484,0.00457857157780249,0.008899047925986994,0.00457857157780249,0.008899047925986994,CHN,0.13921765128167904
RUS,2023,0.00250690446793396,0.0245837694072516,0.007205289793217635,0.017378479614033965,0.007205289793217635,0.017378479614033965,CHN,0.15056182306657512
RWA,1991,0.02028649468837257,0.006890188501200958,0.0,0.006890188501200958,0.005836019047339858,0.0010541694538610995,PAK,0.11183165313844999
RWA,1992,0.013514898044087363,0.008692074545632974,0.0,0.008692074545632974,0.008420428963648204,0.0002716455819847703,PAK,0.1145598220160093
RWA,1993,0.001606109366662828,0.002046455602637184,3.0247023280724577e-06,0.0020434309003091117,0.0015001272934102557,0.0005463283092269284,PAK,0.09600619345572291
RWA,1994,0.02386814521447635,0.005095081258610537,6.586345054301777e-06,0.005088494913556236,0.0036919976786248237,0.0014030835799857134,PAK,0.09708783947511695
RWA,1995,0.020410673105490364,0.008807044345394626,5.364951294899279e-06,0.008801679394099727,0.0047446775782085115,0.0040623667671861145,PAK,0.10831948614609536
RWA,1996,0.016290636340112775,0.009531421829026374,1.4931274997138772e-05,0.009516490554029235,0.005007180405907582,0.004524241423118792,PAK,0.10262684069927075
RWA,1997,0.020888656382848633,0.010376075669636331,3.70415471125368e-05,0.010339034122523794,0.00696549530159939,0.003410580368036941,BRA,0.19038080245194752
RWA,1998,0.01859050157969477,0.0034924206151314644,0.00019626860544355,0.0032961520096879146,0.0006770327934725723,0.002815387821658892,BRA,0.19038080245194752
RWA,1999,0.020158617245414026,0.005006389533817264,0.0006875218664396282,0.0043188676673776355,0.0008814457400499033,0.004124943793767361,BRA,0.18876108704127548
RWA,2000,0.02757190520702355,0.009846047298417,0.0016880490044016122,0.008157998294015388,0.004234425959109727,0.005611621339307272,PAK,0.09767895951635278
RWA,2001,0.00877349595060221,0.014876788998101242,0.001483081593996878,0.013393707404104364,0.0055384767516927684,0.009338312246408475,KEN,0.14927658138996824
RWA,2002,0.005900600529070263,0.01347891600229184,0.0010651691948664796,0.01241374680742536,0.0010575863395440497,0.01242132966274779,KEN,0.19391593599911458
RWA,2003,0.0037972726047821427,0.020067942050206816,0.00014668671826307032,0.019921255331943746,0.009016171902086837,0.011051770148119979,KEN,0.31194711468962555
RWA,2004,0.013514100290252342,0.03415400508012007,0.00044645085735887686,0.03370755422276119,0.014892467210749898,0.019261537869370175,KEN,0.2991476355900939
RWA,2005,0.005503810567265328,0.04727095620784221,0.0005195088946227054,0.04675144731321951,0.019133959348878217,0.028136996858963995,KEN,0.33341321103046906
RWA,2006,0.0077772520440388335,0.05374725185357228,0.001165706675844435,0.05258154517772784,0.018077155903516617,0.03567009595005566,KEN,0.28823629485166047
RWA,2007,0.013150665174820124,0.03990626021929876,0.0015591912560636953,0.038347068963235066,0.014805882379452497,0.025100377839846262,KEN,0.22344239560466686
RWA,2008,0.002617792988004181,0.011415369317926308,0.0012095747183711563,0.010205794599555153,0.0004786609216003353,0.010936708396325974,KEN,0.20629832052237176
RWA,2009,-0.01363360042759314,0.010122031634904358,0.0011283676484532563,0.008993663986451102,0.007790017947569575,0.0023320136873347837,KEN,0.2394399672243958
RWA,2010,0.00874702497052857,0.04394677453097011,0.0016453828665968818,0.04230139166437323,0.021351697389453295,0.022595077141516814,KEN,0.2754977360031818
RWA,2011,0.006065107530586642,0.032491478898714427,0.003568517987765141,0.028922960910949286,0.013373742521713222,0.019117736377001204,KEN,0.2677804747013956
RWA,2012,0.0033420617017485155,0.01808600355900425,0.0037399802005183254,0.014346023358485924,0.009529382784380695,0.008556620774623554,KEN,0.21331019129135553
RWA,2013,0.006198526034985837,0.02539257963589681,0.003765533168582354,0.021627046467314455,0.0073921869286030775,0.01800039270729373,KEN,0.1983143525209307
RWA,2014,0.0088240654889757,0.03069480067967459,0.0030203670678608427,0.027674433611813747,0.009549529234589784,0.021145271445084803,KEN,0.19496129679238272
RWA,2015,0.006204306361076923,0.030464079546779245,0.0024760705366437923,0.027988009010135453,0.012485847299447619,0.017978232247331624,COD,0.20481797850949585
RWA,2016,0.006315355484133947,0.01885014996334453,0.0023450729961432444,0.016505076967201285,0.0012752680609920955,0.017574881902352433,COD,0.23783692354895414
RWA,2017,0.0060755770021928964,0.022133102448946698,0.0016045322581429635,0.020528570190803733,0.007361712062858836,0.014771390386087862,COD,0.18720875336838685
RWA,2018,0.006671570319018096,0.02900974357548391,0.0010403174454515429,0.02796942613003237,0.0034435056274964952,0.025566237947987416,ARE,0.2257391017055363
RWA,2019,0.00403308396102367,0.01799685073821692,0.0005584361055214666,0.017438414632695454,0.0032484124174645516,0.014748438320752368,ARE,0.2571308169706338
RWA,2020,-0.007590825912251676,-0.02714265129279378,0.00016914783977490491,-0.027311799132568683,-0.025904772472564522,-0.0012378788202292573,ARE,0.28483385638665376
RWA,2021,0.008298459243897372,0.04573736336708747,0.0006240694124588598,0.04511329395462861,0.01833884376089836,0.02739851960618911,COD,0.30461494304157005
RWA,2022,0.003958867817185728,0.06232604497312909,0.0002683930923942204,0.062057651880734865,0.0349107509249043,0.027415294048224785,COD,0.38708074623708605
RWA,2023,0.0007383660742554676,0.05117034634579731,0.0004672985336327768,0.05070304781216454,0.032758786803123774,0.01841155954267354,COD,0.4052692214382101
SAU,1991,0.008246651240220443,0.012948765693743012,8.552617899311762e-05,0.012863239514749894,0.0034898534227241354,0.009458912271018877,SGP,0.05390382084610205
SAU,1992,0.011658314293633029,0.022862726304313012,0.00019384582020844822,0.022668880484104564,0.003340289247995032,0.01952243705631798,SGP,0.05195928522405729
SAU,1993,0.007754889121304238,0.026516531629231753,0.00018169167720444917,0.026334839952027303,0.003641063012432991,0.02287546861679876,KOR,0.05389524369641913
SAU,1994,0.015636329296587877,0.02118940376675931,0.0002015389209144581,0.020987864845844854,0.005858004493992353,0.015331399272766957,KOR,0.06647196295180165
SAU,1995,0.016381926721867265,0.02439948487962445,0.00019428351753467184,0.024205201362089777,0.006926256164816336,0.017473228714808112,KOR,0.07509115125022052
SAU,1996,0.016396763941896056,0.02616153941289419,0.00030929181969194806,0.02585224759320224,0.006454623326765978,0.01970691608612821,KOR,0.08559846436745504
SAU,1997,0.01607280026049895,0.02395224219124261,0.0003748929640995854,0.023577349227143024,0.00579103029730679,0.01816121189393582,KOR,0.09588479495522383
SAU,1998,0.013249009365528277,-0.00028083092201300515,0.00042207772515080293,-0.0007029086471638081,-0.005400253196580878,0.005119422274567873,KOR,0.10258112103839209
SAU,1999,0.014444384230558823,0.025249026750529282,0.00046035118587923866,0.02478867556465004,0.010990551787533387,0.014258474962995895,KOR,0.10134719501362428
SAU,2000,0.018687679302395385,0.031457893275386103,0.0009115962870125376,0.030546296988373564,0.008710454023202184,0.02274743925218392,KOR,0.10100100888269749
SAU,2001,0.005116057499172845,0.017013822651521765,0.004276858173506846,0.01273696447801492,0.004629880643465581,0.012383942008056184,KOR,0.09942158116001538
SAU,2002,0.0047706944946751765,0.03167309286236629,0.008580330762307853,0.023092762100058437,0.007862051977990588,0.023811040884375703,KOR,0.09987414054621692
SAU,2003,0.006158518959569743,0.040563847728513236,0.01303724932005656,0.027526598408456678,0.01303724932005656,0.027526598408456678,CHN,0.1393969723234545
SAU,2004,0.008891364520524535,0.05093845277304444,0.013627964357558144,0.0373104884154863,0.013627964357558144,0.0373104884154863,CHN,0.13942751992361188
SAU,2005,0.008416254805810238,0.04588032068034517,0.01496378672137508,0.030916533958970094,0.01496378672137508,0.030916533958970094,CHN,0.1393499904141699
SAU,2006,0.007274704192819676,0.05301172203296163,0.016691567346110707,0.036320154686850924,0.016691567346110707,0.036320154686850924,CHN,0.1393272135188777
SAU,2007,0.006667194857562682,0.0514527376655251,0.018478107275552345,0.03297463038997275,0.018478107275552345,0.03297463038997275,CHN,0.13922140353859866
SAU,2008,-0.0014414331981136598,0.031469807859229634,0.013125323302914781,0.018344484556314853,0.013125323302914781,0.018344484556314853,CHN,0.1392128229559025
SAU,2009,-0.013952413240788126,0.02204003374928542,0.012319940724502479,0.00972009302478294,0.012319940724502479,0.00972009302478294,CHN,0.13919291651422527
SAU,2010,0.009391358122378563,0.05029507228800154,0.014007892181623302,0.03628718010637824,0.014007892181623302,0.03628718010637824,CHN,0.13918324177440916
SAU,2011,0.002531083203229811,0.03651321368874383,0.01272602920872948,0.02378718448001435,0.01272602920872948,0.02378718448001435,CHN,0.13918236698361952
SAU,2012,0.0030648774622689928,0.033335030546555816,0.010661322070489025,0.02267370847606679,0.010661322070489025,0.02267370847606679,CHN,0.1391792181744318
SAU,2013,0.0043157559818404285,0.03333269055635579,0.010360689435353898,0.022972001121001895,0.010360689435353898,0.022972001121001895,CHN,0.13908215769498714
SAU,2014,0.0047656398461215525,0.032658169576521345,0.010067672851490178,0.02259049672503117,0.010067672851490178,0.02259049672503117,CHN,0.13898498092072534
SAU,2015,0.00633603682235156,0.031199855788069546,0.009380932325159321,0.021818923462910225,0.009380932325159321,0.021818923462910225,CHN,0.13888923400437325
SAU,2016,0.004148480870528417,0.03237286768909438,0.009165122748318232,0.023207744940776147,0.009165122748318232,0.023207744940776147,CHN,0.13888896481222576
SAU,2017,0.00706749797510497,0.028776062468585672,0.009305300921421709,0.019470761547163963,0.009305300921421709,0.019470761547163963,CHN,0.1388889654783229
SAU,2018,0.005771705332129512,0.02827904870775938,0.00858191600259825,0.01969713270516113,0.00858191600259825,0.01969713270516113,CHN,0.13167770823090666
SAU,2019,0.0038238279181984397,0.021540933608614365,0.007442940180063391,0.014097993428550976,0.007442940180063391,0.014097993428550976,CHN,0.1287270048125093
SAU,2020,-0.015874131366522683,-0.016756137935824027,0.0031912517060790286,-0.019947389641903054,0.0031912517060790286,-0.019947389641903054,CHN,0.14360041685360384
SAU,2021,0.01504692238287161,0.04214741030857545,0.013320181302634623,0.02882722900594083,0.013320181302634623,0.02882722900594083,CHN,0.1639902635840466
SAU,2022,0.00751470887473739,0.03275529269759815,0.005984611358774447,0.026770681338823703,0.005984611358774447,0.026770681338823703,CHN,0.18197018940176046
SAU,2023,0.004428224662893671,0.026681404993206585,0.008373639269762359,0.018307765723444225,0.008373639269762359,0.018307765723444225,CHN,0.1749756679244233
SDN,1991,0.009096130175876821,0.01573237635293841,0.009877344197094892,0.005855032155843518,0.009877344197094892,0.005855032155843518,CHN,0.110372872507655
SDN,1992,0.00563322628246911,0.013604538776836898,0.008708335361446641,0.004896203415390257,0.012624977970185795,0.0009795608066511027,THA,0.16241476949134534
SDN,1993,-0.0002772976877968515,0.02460768393790201,0.0072054498881293635,0.017402234049772647,0.012481807349620799,0.012125876588281213,THA,0.15741804300693196
SDN,1994,0.01151416603524835,0.024573679120179173,0.0020067464727295623,0.022566932647449613,0.0015329274870432682,0.023040751633135906,SAU,0.16162475108365773
SDN,1995,0.012809059425880533,0.02290269083428098,0.004379416299775019,0.018523274534505963,0.0005108086319435037,0.02239188220233748,SAU,0.16410176790027467
SDN,1996,0.009764655900225244,0.03037560529101082,0.0070884896322797215,0.023287115658731098,0.005025989833404857,0.025349615457605962,SAU,0.1545873053421375
SDN,1997,0.011143721026267732,0.020515669321433023,0.009218213626137495,0.011297455695295527,0.004016527142156326,0.016499142179276696,SAU,0.15371762529667368
SDN,1998,0.009068942903576831,0.010923278925077124,0.006181524273326739,0.004741754651750385,0.0048786397366656084,0.006044639188411516,SAU,0.1764305508759442
SDN,1999,0.009360706955018068,0.01711872907488246,0.00274405790540012,0.01437467116948234,-0.0012872959816835582,0.01840602505656602,SAU,0.20258783682993012
SDN,2000,0.014387766510003919,0.0324702675701262,0.0031614243065525706,0.02930884326357363,0.009059012444503186,0.023411255125623014,SAU,0.19649699568384915
SDN,2001,0.004875358230862179,0.025378372907793524,0.015286817378580836,0.010091555529212688,0.015286817378580836,0.010091555529212688,CHN,0.19644567365334975
SDN,2002,0.0017773349286475232,0.04624343750319973,0.033423938789340114,0.012819498713859616,0.033423938789340114,0.012819498713859616,CHN,0.3841329714081397
SDN,2003,0.002260928042159267,0.06701853246891867,0.048814476257617576,0.018204056211301098,0.048814476257617576,0.018204056211301098,CHN,0.5219344992811354
SDN,2004,0.0030813620498404914,0.07480420281713435,0.04790530873127052,0.02689889408586383,0.04790530873127052,0.02689889408586383,CHN,0.49011856887280536
SDN,2005,0.0030787112035497756,0.07446817891107829,0.05650577055569992,0.01796240835537837,0.05650577055569992,0.01796240835537837,CHN,0.5262089557875287
SDN,2006,0.0034973532803580817,0.08556444594953178,0.07226907006757217,0.0132953758819596,0.07226907006757217,0.0132953758819596,CHN,0.6032416217918293
SDN,2007,0.0026068444129113185,0.10254728763901196,0.061365915902591626,0.04118137173642033,0.061365915902591626,0.04118137173642033,CHN,0.4623551976394204
SDN,2008,-0.0011095982626064982,0.04519597556580504,0.022416084543403374,0.022779891022401667,0.01750961282469752,0.02768636274110752,MAC,0.5248299864034562
SDN,2009,-0.0063621586347922,0.010105500454570438,0.0,0.010105500454570438,0.010003869392284107,0.00010163106228633194,MAC,0.7754837072560294
SDN,2010,0.003755472848856272,0.18035820305177183,0.0,0.18035820305177183,0.1742217465398886,0.006136456511883243,MAC,0.7778866086539415
SDN,2011,0.0008624025472684665,0.1562208913072039,0.0,0.1562208913072039,0.14649219289394108,0.00972869841326282,MAC,0.7483627947238606
SDN,2012,0.0006195663161948154,0.07377669586655454,0.0,0.07377669586655454,0.06395933644778737,0.009817359418767171,MAC,0.7254020695692617
SDN,2013,0.0007686364238012084,0.06893758113395247,0.0,0.06893758113395247,0.04884488051613251,0.02009270061781996,MAC,0.4770411693091088
SDN,2014,0.0010068383877768108,0.020157091844032124,0.0,0.020157091844032124,-0.0077568745187816986,0.027913966362813823,MAC,0.3765777134333595
SDN,2015,0.0006527638317422955,-0.025759786244486167,0.0,-0.025759786244486167,0.02878692296023887,-0.05454670920472504,ARE,0.4203841761105718
SDN,2016,0.0006733561104431922,0.022558578332309495,0.0,0.022558578332309495,-0.0023550270551847318,0.024913605387494226,MAC,0.334537588351729
SDN,2017,0.001201973195612036,0.026420880747966172,0.0,0.026420880747966172,-0.003597565072303168,0.03001844582026934,ARE,0.33715835390899235
SDN,2018,0.0008346720447375696,0.03239027453326324,0.0,0.03239027453326324,0.00558234465745623,0.02680792987580701,ARE,0.3659507503988104
SDN,2019,0.0007785906884511318,0.01668497358227182,0.0,0.01668497358227182,0.004704275976409593,0.011980697605862227,ARE,0.37237092142802847
SDN,2020,-0.0033511110299118776,-0.1317865947606114,0.0014935589620273643,-0.13328015372263874,-0.03104012989047194,-0.10074646487013944,ARE,0.34129926865057286
SDN,2021,0.003813219400606773,0.06152592896570817,0.010853776591228825,0.05067215237447934,0.015599450835848478,0.045926478129859685,ARE,0.350380032423516
SDN,2022,0.0018035889759881628,0.06107933397065141,0.005742936734914083,0.05533639723573733,0.03307036238572962,0.028008971584921792,ARE,0.45642377670629886
SDN,2023,0.00036489522427007957,0.03774951023711056,0.007271503932956143,0.03047800630415442,0.02113861583309213,0.01661089440401843,ARE,0.5019494469884053
SEN,1991,0.009689772419368012,0.016546098496364813,3.4905790392839515e-05,0.016511192705971973,0.004149093970649391,0.012397004525715422,IND,0.11861427425937468
SEN,1992,0.0075601047414580284,0.0030468445830238956,0.00013330357772428996,0.0029135410052996058,0.003151026832187778,-0.00010418224916388221,IND,0.12761010284575974
SEN,1993,-0.0019898926228002324,0.009221299141208044,0.0002499923942695791,0.008971306746938464,0.006983748864249305,0.0022375502769587394,IND,0.1382077400147531
SEN,1994,0.013296083310848871,0.013728102305159844,0.00041903336096872336,0.013309068944191121,0.007119187348523409,0.0066089149566364355,IND,0.13998051327156077
SEN,1995,0.012774389376862963,0.021454980684414968,0.00029030693122968114,0.021164673753185287,0.010129784328869136,0.011325196355545832,IND,0.1520931423578693
SEN,1996,0.0074839008316464235,0.03567999605901425,0.00016013313136992434,0.03551986292764433,0.014350173365482551,0.0213298226935317,IND,0.18107617847254398
SEN,1997,0.01158888652503941,0.023922760745998303,0.00016246369170932657,0.023760297054288976,0.007799120985529377,0.016123639760468926,IND,0.19655793858627485
SEN,1998,0.013320514774747898,0.02130638526967377,0.00028366992551264456,0.021022715344161124,0.011691762685083774,0.009614622584589996,IND,0.19502081762055
SEN,1999,0.014122312595352203,0.02846743788367696,0.00036059741322740926,0.028106840470449552,0.0144203972749697,0.01404704060870726,IND,0.1786789774359383
SEN,2000,0.020219197235723692,0.013960224954532075,0.0006609486895832994,0.013299276264948775,0.007029429523277155,0.00693079543125492,IND,0.18028202730469883
SEN,2001,0.010752652742402223,0.025051550831962924,0.0009773011513143498,0.024074249680648575,0.008177492433351871,0.01687405839861105,IND,0.1685490907319694
SEN,2002,0.0067867200818046034,0.014323037429085039,0.0012874861045346722,0.013035551324550367,0.005673817472242528,0.008649219956842511,IND,0.1511489601758784
SEN,2003,0.007559281651499521,0.02887828941399142,0.001289706164647127,0.02758858324934429,0.013218912160555752,0.015659377253435667,IND,0.1703235344120933
SEN,2004,0.0109439918031865,0.028752777653476138,0.001197437794432725,0.027555339859043414,0.013154107985609485,0.015598669667866653,IND,0.1753058624472162
SEN,2005,0.007116591296849205,0.028526431280564698,0.001120808544464611,0.027405622736100088,0.013727583662648929,0.01479884761791577,IND,0.18206823097866673
SEN,2006,0.01047032672322431,0.03351009557697292,0.0013065052599499885,0.032203590317022926,0.012031204253062509,0.02147889132391041,IND,0.15446065792799746
SEN,2007,0.008627684574130585,0.024979852367070957,0.0011285228051162671,0.02385132956195469,0.003339727712189248,0.021640124654881708,MLI,0.1914181723080771
SEN,2008,0.0010069368741470299,0.026515885321142275,0.0007191646644412584,0.02579672065670102,0.007928644666889141,0.018587240654253136,MLI,0.22183760987105097
SEN,2009,-0.010992052427796847,0.02975636034749243,0.00041483473467973815,0.029341525612812693,0.013328871355544995,0.016427488991947434,MLI,0.25095979303043287
SEN,2010,0.004406468820910001,0.04108554340426278,0.0006863620009569997,0.04039918140330578,0.012983409252023315,0.028102134152239465,MLI,0.2392445609387286
SEN,2011,0.002619502521248424,0.022050802579337326,0.0007890302422298648,0.02126177233710746,0.007222455099389947,0.014828347479947379,MLI,0.2496428219259833
SEN,2012,-0.0014707579502923503,0.022598457170259944,0.0008097398249094373,0.021788717345350508,-0.002347712531487046,0.02494616970174699,MLI,0.21774590639829147
SEN,2013,0.0018603506938762533,0.03217910051793336,0.0006065928968792231,0.03157250762105414,0.006665482485309223,0.025513618032624134,MLI,0.20587024637269197
SEN,2014,0.0050009235709317775,0.033838944967169875,0.0006116216105172401,0.033227323356652634,0.010744256730705545,0.02309468823646433,MLI,0.17054502102210548
SEN,2015,0.005119382677716599,0.034411940882707624,0.0007374173742812186,0.0336745235084264,0.010171311019562408,0.024240629863145215,MLI,0.16806545724730362
SEN,2016,0.005279407574456761,0.03333288523080548,0.0017669702813996261,0.03156591494940585,0.009403348941628462,0.023929536289177017,MLI,0.16124632336749192
SEN,2017,0.006056568368103015,0.032881960024866264,0.002702984863234361,0.030178975161631903,0.008829032314353216,0.024052927710513046,MLI,0.16590890937496205
SEN,2018,0.006569900016233301,0.03198864546441184,0.003119297829514022,0.028869347634897815,0.007573597836680423,0.024415047627731414,MLI,0.15977299834978353
SEN,2019,0.004834126387579678,0.028751383619065343,0.0024931810999983105,0.026258202519067034,0.007007810057891788,0.021743573561173554,MLI,0.15484617404840584
SEN,2020,-0.01813636284826191,-0.009836927262199554,0.00110040572028824,-0.010937332982487794,-0.0015509824001683145,-0.00828594486203124,MLI,0.17448437113707146
SEN,2021,0.02133105025536782,0.03222993664744971,0.0048460679622013714,0.027383868685248343,0.005139492171515866,0.027090444475933846,MLI,0.19443279949436798
SEN,2022,0.012874549837491174,0.030754179808567504,0.002271974985033757,0.028482204823533745,0.00945917684078305,0.021295002967784454,MLI,0.2222571085278815
SEN,2023,0.004475406925425941,0.03279560358979462,0.002878280683193074,0.029917322906601547,0.008586328985069305,0.024209274604725318,MLI,0.21033585168919608
SLE,1991,0.010069969948672756,0.0,0.0,0.0,0.0,0.0,,0.0
SLE,1992,0.01881868768567786,0.0,0.0,0.0,0.0,0.0,,0.0
SLE,1993,0.01657202636934786,0.0,0.0,0.0,0.0,0.0,,0.0
SLE,1994,0.033448864965447744,0.0,0.0,0.0,0.0,0.0,,0.0
SLE,1995,0.023808558376503048,0.0,0.0,0.0,0.0,0.0,,0.0
SLE,1996,0.0235275625535417,0.0,0.0,0.0,0.0,0.0,,0.0
SLE,1997,0.03477385211206217,0.0,0.0,0.0,0.0,0.0,,0.0
SLE,1998,0.031209959589447053,0.0,0.0,0.0,0.0,0.0,,0.0
SLE,1999,0.028096633013280886,0.0,0.0,0.0,0.0,0.0,,0.0
SLE,2000,0.038994471359690974,0.0,0.0,0.0,0.0,0.0,,0.0
SLE,2001,0.012538122876727039,0.010490313989909064,0.0,0.010490313989909064,0.006311841984855144,0.00417847200505392,GIN,0.16598144277440974
SLE,2002,0.007858017354924134,0.020776289298549203,1.4315256728603831e-05,0.020761974041820598,0.008058934406063444,0.012717354892485759,GIN,0.16598144277440977
SLE,2003,0.007218654202409594,0.024359697538656667,0.00020201525729451715,0.02415768228136215,0.002343381289677413,0.022016316248979255,GIN,0.16598675106304603
SLE,2004,0.010785132872087625,0.035774033297473334,0.0002111198483524006,0.035562913449120936,0.006130249963121608,0.029643783334351727,NGA,0.0694310674619335
SLE,2005,0.009596018790749956,0.034443645473882664,0.0007111608872752889,0.033732484586607374,0.008388634622489908,0.02605501085139276,NGA,0.13443668183655624
SLE,2006,0.006896672987983004,0.041754547068716695,0.0010000401296358708,0.04075450693908082,0.01121400293749689,0.030540544131219805,NGA,0.19093360517342328
SLE,2007,0.008675582265370647,0.04179482644428168,0.0013507481387268843,0.0404440783055548,0.010457839295916267,0.031336987148365414,NGA,0.1637367169849484
SLE,2008,0.003814586898336722,0.034512765279433186,0.0015212771714486508,0.03299148810798454,0.009115413050381596,0.025397352229051588,NGA,0.1407839516916629
SLE,2009,-0.013473190356085706,0.00934741864907786,0.0020071042929837783,0.007340314356094082,0.010024852282715694,-0.000677433633637833,NGA,0.1279442022219419
SLE,2010,0.004977365085053784,0.03810697075816742,0.0032584278608980433,0.03484854289726938,0.007710231678440666,0.030396739079726755,CIV,0.1176872153933778
SLE,2011,0.003615593838383018,0.020423095783648072,0.0031176568741247508,0.01730543890952332,-0.006826083797938082,0.027249179581586153,CIV,0.12376896698324187
SLE,2012,-0.0015894018105963653,0.03326853492903731,0.0037493616758687465,0.029519173253168562,0.009450368126162033,0.023818166802875275,CIV,0.12689129837494623
SLE,2013,0.0018359519518045709,0.03489742650545897,0.01778359486000527,0.017113831645453697,0.01778359486000527,0.017113831645453697,CHN,0.23872742833725627
SLE,2014,0.0045061336136125495,0.036969933454754654,0.028373467344343633,0.008596466110411021,0.028373467344343633,0.008596466110411021,CHN,0.39169785070287855
SLE,2015,0.0018093619942743133,0.049802500703817795,0.036811426818237195,0.0129910738855806,0.036811426818237195,0.0129910738855806,CHN,0.5450109537280108
SLE,2016,0.002073430785437173,0.03892034776668912,0.022784259725008554,0.01613608804168057,0.011820823826612502,0.02709952394007662,MKD,0.42088758460814296
SLE,2017,0.005319390724977902,0.028134866493337126,0.013253060767923364,0.014881805725413762,0.0038565513907215304,0.024278315102615595,MKD,0.3585215886315931
SLE,2018,0.006779302489029531,0.024734099191990554,0.002325387411534971,0.022408711780455583,0.01215230217443767,0.012581797017552885,MKD,0.4279000835832368
SLE,2019,0.005298921391936198,0.03194655009296513,0.0039060864229508445,0.02804046367001429,0.015088020287875436,0.016858529805089697,MKD,0.3933440529492189
SLE,2020,-0.006333861981204569,-0.02720309226682016,0.001906025128621834,-0.029109117395441995,-0.02222436296126307,-0.004978729305557091,MKD,0.46283810348530635
SLE,2021,0.0070041203918032,0.043729004149498645,0.008396492477330583,0.03533251167216806,0.0192968679815413,0.024432136167957346,MKD,0.43737083702078183
SLE,2022,0.004892466467355347,0.02791272989707632,0.00453587739314421,0.02337685250393211,0.011536577189543738,0.016376152707532583,MKD,0.4239511272582172
SLE,2023,0.00038652585930576855,0.030167873805754208,0.010256519570930238,0.019911354234823972,0.009965560316537826,0.020202313489216382,MKD,0.395000305492857
SLV,1991,0.00998278896636893,0.017141748211370576,0.0,0.017141748211370576,0.006412055581810002,0.010729692629560573,GTM,0.17846319411912567
SLV,1992,0.015366706266010548,0.021146906771163095,0.0,0.021146906771163095,0.008703788405754226,0.01244311836540887,GTM,0.18421024363996794
SLV,1993,0.010091615872515485,0.01977927082258745,0.0,0.01977927082258745,0.007807505787939701,0.01197176503464775,GTM,0.20268692697165955
SLV,1994,0.017406093996024077,0.029621567131507428,0.0,0.029621567131507428,0.008717734906580963,0.020903832224926464,GTM,0.22045101537352355
SLV,1995,0.013933077497812384,0.028255695356781303,0.0,0.028255695356781303,0.009976969161489983,0.01827872619529132,GTM,0.20656245342473578
SLV,1996,0.015712674758745642,0.025926666210434633,0.000127952350493821,0.02579871385994081,0.005812347788959425,0.020114318421475208,GTM,0.1994031277228463
SLV,1997,0.019075661432799876,0.03359325578458103,0.00013640408971733777,0.03345685169486369,0.008339899947487225,0.025253355837093802,GTM,0.19524370470038674
SLV,1998,0.016536296973478623,0.03196686968858395,0.00011594602295712394,0.03185092366562683,0.010276061950063729,0.02169080773852022,GTM,0.21088266371552333
SLV,1999,0.015941570720447575,0.029867810481349382,2.6585316550941418e-05,0.02984122516479844,0.00804891457631974,0.021818895905029643,GTM,0.21322152492962854
SLV,2000,0.015457081832700382,0.028584730345039687,2.5265479154996875e-05,0.02855946486588469,0.007836689982407543,0.020748040362632142,GTM,0.22104641750685644
SLV,2001,0.005017384001371349,0.012789088691288654,2.320798910457391e-05,0.01276588070218408,0.0044339270203560014,0.008355161670932653,GTM,0.1922968798063777
SLV,2002,0.011344000281231593,0.013051935435617557,4.828287344608902e-06,0.013047107148272948,0.005839036781073479,0.0072128986545440775,GTM,0.1549869205070912
SLV,2003,0.01870846502263204,0.010038765685012777,1.2515232648319776e-05,0.010026250452364457,0.0028450094430990847,0.007193756241913693,GTM,0.11253340677543579
SLV,2004,0.02320148009753758,0.013980126229449297,6.519455548737047e-05,0.013914931673961926,0.0035443030755565033,0.010435823153892795,GTM,0.11471374916992183
SLV,2005,0.02693207300648712,0.01330168202348284,0.00010915475482462927,0.01319252726865821,0.0037396515960728626,0.009562030427409976,GTM,0.1160126919220108
SLV,2006,0.017180996999067204,0.02009778329080325,0.00014299891132544865,0.019954784379477803,0.006200450779722544,0.013897332511080707,GTM,0.11893900759189946
SLV,2007,0.012309439789012121,0.02334372462871708,0.0001632356143071904,0.023180489014409892,0.007581417001928515,0.01576230762678857,GTM,0.12337555504373451
SLV,2008,0.0003339268218006324,0.01640816031222964,0.00013628845198700444,0.016271871860242634,0.004217044397162029,0.01219111591506761,GTM,0.1301378012989485
SLV,2009,-0.01583989938252317,-0.004814032684433771,0.000147962455788625,-0.0049619951402223965,0.0006376848342106513,-0.005451717518644423,GTM,0.1340313835924578
SLV,2010,0.013798706929764534,0.017635205487191673,0.0001320361771511672,0.017503169310040506,0.0039180935865893145,0.013717111900602359,GTM,0.13779852319243568
SLV,2011,0.010070462284342389,0.02076620384638518,8.92018031763428e-05,0.02067700204320884,0.005654231061008977,0.015111972785376203,GTM,0.13859888337042914
SLV,2012,0.011170167523876168,0.01921759382091289,4.55840524354245e-05,0.019172009768477466,0.0040912205583819704,0.01512637326253092,GTM,0.13956962712654178
SLV,2013,0.00861302846776415,0.01577645955137908,4.4935234749018986e-05,0.015731524316630063,0.004988081391641349,0.010788378159737731,GTM,0.13748064992304465
SLV,2014,0.01442285443785772,0.01758677991620299,4.960503389746086e-05,0.017537174882305526,0.004185885919286767,0.013400893996916222,HND,0.13896143968992566
SLV,2015,0.01405772995490442,0.018563119078392976,6.199795942234181e-05,0.018501121118970634,0.005377199974778499,0.013185919103614475,HND,0.14270014712419998
SLV,2016,0.00859834215475392,0.01619931351249987,0.00022072860954399154,0.015978584902955877,0.0054152962293334,0.01078401728316647,HND,0.14179518999068244
SLV,2017,0.013683119318350668,0.018568932023524377,0.00022732586442643558,0.01834160615909794,0.006684212044786116,0.01188471997873826,HND,0.14133587992581562
SLV,2018,0.015149631894937588,0.011772164502044866,0.00037556735533463096,0.011396597146710234,0.005276933889489863,0.006495230612555003,HND,0.13986356291673308
SLV,2019,0.011990109086083233,0.010206825151702582,0.00045905715556954647,0.009747767996133036,0.00364902989860118,0.006557795253101403,HND,0.14437810601077514
SLV,2020,-0.013799950436595682,-0.029117202727270062,0.00023310656657341938,-0.029350309293843482,-0.014111170971623134,-0.015006031755646928,HND,0.15023558478387714
SLV,2021,0.027597783913120316,0.05038390038898714,0.0009119022268059831,0.04947199816218116,0.018464470711001876,0.031919429677985264,HND,0.15599844962752352
SLV,2022,0.011405048696349568,0.022808917462509556,0.00031514945951299154,0.022493768002996566,0.006712654498978622,0.016096262963530936,GTM,0.1637497960763078
SLV,2023,0.013432151607271943,0.020349914698754946,0.0004251393200179502,0.019924775378736995,0.005816350453719784,0.014533564245035163,GTM,0.16751287239890056
SOM,1991,0.007131483285223149,0.031164429870152346,0.00028604113946350857,0.03087838873068884,0.018243294839835025,0.012921135030317322,SAU,0.2309186548754088
SOM,1992,0.002784215554546797,0.037215658694183945,0.0006417285791296753,0.03657393011505427,0.010843454263219162,0.02637220443096478,SAU,0.24210984560887058
SOM,1993,-0.0013523371088035477,0.01574490209921078,0.0007566002723602394,0.01498830182685054,0.0010965366169843117,0.014648365482226469,SAU,0.2892394259467637
SOM,1994,0.003369767532843791,0.03464496240465625,0.0008754777661008836,0.033769484638555364,0.0035854227308741663,0.031059539673782083,SAU,0.3780303121349593
SOM,1995,0.004386780175588723,0.026468414143139333,0.0006261176925590809,0.02584229645058025,0.0013939377335780215,0.02507447640956131,SAU,0.44781476294307276
SOM,1996,0.002221283282411813,0.03532687519471224,0.0005304022510806643,0.03479647294363158,0.016033887005898195,0.019292988188814045,SAU,0.4931636291677422
SOM,1997,0.004000398777708376,0.034713272304031165,0.00040672206130445586,0.03430655024272671,0.012590852426147991,0.022122419877883173,SAU,0.48186800858247586
SOM,1998,0.0024237076820602037,0.0241365213277595,0.0002868948620122826,0.023849626465747217,0.013746284572738906,0.010390236755020595,SAU,0.49711901074363973
SOM,1999,0.0023603480193248537,0.011801424976945658,0.00011658679773444926,0.011684838179211208,-0.0025336921819936685,0.014335117158939327,SAU,0.3987390822673916
SOM,2000,0.003770908156243229,0.05861168014972166,7.015150658106259e-05,0.0585415286431406,0.0156041842812894,0.043007495868432256,SAU,0.3384668417395761
SOM,2001,0.000793816572363285,0.018027834783675017,4.4398771651074795e-05,0.017983436012023943,0.0011169056347656494,0.01691092914890937,SAU,0.32467905680997017
SOM,2002,0.00019815182157423029,0.021869378108583665,0.00020799580042792152,0.021661382308155744,0.007588865347433393,0.014280512761150272,ARE,0.31563435389232863
SOM,2003,0.00024265623848451266,0.07112120661944185,0.0005729873049325184,0.07054821931450933,0.026286830935889023,0.04483437568355283,ARE,0.31165441190039156
SOM,2004,0.00048777769461240357,0.0752700302014813,0.0018958520930487264,0.07337417810843258,0.03774187429296995,0.03752815590851136,ARE,0.4131072215298177
SOM,2005,0.00037398412889621266,0.05700474747433344,0.003394370486831596,0.053610376987501845,0.01949010179213405,0.03751464568219939,ARE,0.41110067741724926
SOM,2006,0.00034490235054131815,0.07060466921899461,0.003932022243384057,0.06667264697561055,0.042547330054689,0.02805733916430561,ARE,0.4534481601480582
SOM,2007,0.00026715142780905834,0.04189643066336235,0.0029603212453635165,0.03893610941799883,0.015035063800769903,0.026861366862592446,ARE,0.4796376371771828
SOM,2008,-3.1202640094309524e-05,0.035315329051930036,0.0010759428938390686,0.03423938615809097,0.012634668543797202,0.022680660508132833,ARE,0.4021290451369468
SOM,2009,-0.0005013238617476529,-0.004701738850594337,0.0005858430212977637,-0.005287581871892101,-0.02007448139087243,0.015372742540278093,ARE,0.3727652056522205
SOM,2010,0.00026875900124497996,0.04170935225766356,0.0004281549401687187,0.04128119731749484,0.004505343851304851,0.037204008406358714,ARE,0.2833360863128193
SOM,2011,0.0001172057216628337,0.03210536617531126,0.00022443312215023037,0.03188093305316103,0.017903350625588656,0.014202015549722606,ARE,0.27462240532576077
SOM,2012,-2.4525800926129136e-05,0.05646238516596741,0.00047811754531394294,0.05598426762065347,0.018312335054626882,0.038150050111340525,SAU,0.32690580880050846
SOM,2013,-7.934791625773709e-06,0.04255311851407424,0.0005667210755186857,0.041986397438555555,0.012242984460679658,0.030310134053394583,SAU,0.42172742976188393
SOM,2014,7.593229384472101e-05,0.03457827719117201,0.0010534556465041053,0.03352482154466791,0.018224797465350114,0.0163534797258219,SAU,0.4618781187160305
SOM,2015,8.171075923362485e-05,0.025154353300422563,0.0016333587484115373,0.023520994552011024,0.019738083818267034,0.005416269482155529,SAU,0.43380233375597993
SOM,2016,0.00011560989307975339,0.030509905533334603,0.00222542931815897,0.028284476215175634,0.007358166198395272,0.02315173933493933,SAU,0.4354682527074678
SOM,2017,0.0004443778815541326,0.014016381015723998,0.002096997340515814,0.011919383675208183,0.005124538446384907,0.00889184256933909,SAU,0.43606858217718164
SOM,2018,0.00048219234833197204,0.024623261472020992,0.0016695127383881685,0.022953748733632824,0.011495270090710673,0.013127991381310319,SAU,0.36194518010997595
SOM,2019,0.00039458210279650995,0.01146242101582578,0.0013838232646674294,0.01007859775115835,-0.0029160341636341592,0.01437845517945994,OMN,0.25690325923343216
SOM,2020,-0.0029732891356990298,-0.04534443192053858,0.0006334589165556951,-0.045977890837094276,-0.026027091723471438,-0.019317340197067143,ARE,0.28617880793884526
SOM,2021,0.0022356275818648528,0.04131740472659169,0.002097841632723867,0.03921956309386782,0.007445865566823562,0.03387153915976813,OMN,0.29206571608395726
SOM,2022,0.0012348185260681172,0.06460531708222003,0.0007499997581399352,0.06385531732408009,0.024873898529094454,0.03973141855312558,OMN,0.3237569119058101
SOM,2023,0.0005610869779487586,0.024915402904415174,0.0007390393810948079,0.024176363523320366,0.004328040686660834,0.02058736221775434,OMN,0.30824615373630554
SVK,1994,0.008207146916197172,0.003500989310650914,0.001519433162902163,0.0019815561477487514,0.009885604854054646,-0.0063846155434037315,CZE,0.42840560640882197
SVK,1995,0.007466515535969211,0.026813508835701483,0.000796101031240926,0.026017407804460557,0.023887401595464427,0.0029261072402370567,CZE,0.40381996612341486
SVK,1996,0.00562402463334688,0.020315101856447457,0.0005432199649174043,0.019771881891530053,0.015900943978053524,0.004414157878393932,CZE,0.38832334282824593
SVK,1997,0.009839793280606253,0.005616004312626398,0.00030407669363037923,0.005311927618996019,-0.002178041660005306,0.007794045972631704,CZE,0.35086077642959357
SVK,1998,0.011360353780372421,0.002789310307611992,0.0001956050550159527,0.002593705252596039,-0.0012008941823292503,0.003990204489941243,CZE,0.3100070773051088
SVK,1999,0.013272724391965914,0.010017727537307921,0.00014322358875700956,0.009874503948550911,0.0032062929103287693,0.006811434626979152,CZE,0.25925708673623393
SVK,2000,0.020604118944187892,0.01927189700559051,5.953621666324222e-05,0.01921236078892727,0.00899453177947413,0.010277365226116381,CZE,0.214373296023842
SVK,2001,0.01086334569215816,0.011777669592832544,4.589089829593674e-05,0.011731778694536607,0.00533806912674141,0.006439600466091135,CZE,0.1863788382223753
SVK,2002,0.0035129440637238036,0.009468423175118576,6.900342114506221e-05,0.009399419753973513,0.0024981452417483937,0.006970277933370182,CZE,0.1733042017236367
SVK,2003,0.002463968846622111,0.014171012278050388,0.00014513666326980394,0.014025875614780584,0.005306127307951581,0.008864884970098807,CZE,0.163449836306362
SVK,2004,0.010937752379039482,0.018421772436005256,0.00033335932288569917,0.018088413113119556,0.0066816894559800725,0.011740082980025183,CZE,0.14860929746409518
SVK,2005,0.011755678944380907,0.017548567395351676,0.00043098250063219114,0.017117584894719484,0.008625649083999978,0.008922918311351698,CZE,0.13834596020155543
SVK,2006,0.022306479528128243,0.021256687060574223,0.0005265378626696003,0.020730149197904623,0.008869275490479089,0.012387411570095134,CZE,0.13529919935866147
SVK,2007,0.01816980746190633,0.019180937567417778,0.0005353829585702908,0.018645554608847488,0.00748839814604242,0.011692539421375358,CZE,0.14039994146725196
SVK,2008,0.0028327761730386676,0.012118105552041398,0.000529947812547218,0.01158815773949418,0.003398042242165791,0.008720063309875606,CZE,0.1391042558872928
SVK,2009,-0.02729011231650534,-0.017028090573424314,0.0006360381084082665,-0.01766412868183258,-0.006562203952843539,-0.010465886620580775,CZE,0.13686601632003972
SVK,2010,0.01476786445236264,0.011021638263578996,0.0010131074917910847,0.010008530771787911,0.003403973414686117,0.007617664848892879,CZE,0.13363397579226707
SVK,2011,0.013305745920665479,0.014704495741598394,0.0012890236431824143,0.01341547209841598,0.0023907405573477037,0.01231375518425069,CZE,0.13642230031751518
SVK,2012,-0.0001497176993786211,0.00407694808534236,0.0015221034505305932,0.002554844634811767,-0.0009852395743825736,0.005062187659724934,CZE,0.1387037675482211
SVK,2013,0.001725018795726744,0.006399424206920584,0.0016677031442367122,0.0047317210626838715,-4.6088811826324125e-05,0.006445513018746908,CZE,0.14019322146628066
SVK,2014,0.009297475012191695,0.013394353984644534,0.0017435763586684128,0.011650777625976121,0.0030773341424410764,0.010317019842203456,CZE,0.13860683501695145
SVK,2015,0.009032225449721869,0.015703863493957484,0.0015165554800667315,0.014187308013890752,0.006534850506454967,0.009169012987502518,CZE,0.13328729248782326
SVK,2016,0.010918595204679797,0.011677054058960273,0.001340624091233178,0.010336429967727096,0.0031624664928587777,0.008514587566101496,CZE,0.12823405086821912
SVK,2017,0.015060970846714462,0.019640229063964638,0.0011737123652247523,0.018466516698739884,0.006391168339649376,0.01324906072431526,CZE,0.12276819953481728
SVK,2018,0.009583420793665198,0.017343553738189542,0.001038788238420701,0.01630476549976884,0.00330751044627004,0.014036043291919502,CZE,0.11909428686010026
SVK,2019,0.008898221847306355,0.015065431191029637,0.0009595924437221161,0.01410583874730752,0.004061968288459356,0.011003462902570281,CZE,0.11780406610957596
SVK,2020,-0.03676750321725009,-0.014767005828211627,0.0004042779195391547,-0.015171283747750782,-0.006306203578136765,-0.008460802250074864,CZE,0.1153339436285471
SVK,2021,0.032592750464547675,0.023671471459597297,0.0017698349555842071,0.02190163650401309,0.004355544002895961,0.019315927456701337,CZE,0.11184190943237132
SVK,2022,0.017698154993259434,0.012059706871853287,0.0008032405264672192,0.011256466345386068,0.0031252965950517102,0.008934410276801577,CZE,0.11118678707246045
SVK,2023,0.0029442028153737598,0.004436117761415517,0.0012363427444039093,0.003199775017011608,3.9401758481613926e-05,0.004396716002933903,CZE,0.11465243617413226
SVN,1994,0.018151504618797068,0.0030192698083793667,0.00016516412218575252,0.002854105686193614,0.007000662713513627,-0.00398139290513426,HRV,0.12271936844922048
SVN,1995,0.01565486769123966,0.010403654994826988,0.00011516086780170558,0.010288494127025283,0.007575692292036599,0.002827962702790389,HRV,0.11596757147446915
SVN,1996,0.010416351962232622,0.013832661754191893,8.9759330946595e-05,0.013742902423245298,0.006722886530107179,0.007109775224084714,HRV,0.11337699972063077
SVN,1997,0.016956664637098783,0.016209370500556042,7.630982644064048e-05,0.0161330606741154,0.006442124151272383,0.009767246349283658,HRV,0.10763391780912583
SVN,1998,0.017249636640082843,0.0077181494710685606,5.7459926222158575e-05,0.007660689544846402,0.002338262121512236,0.005379887349556325,HRV,0.105008541943701
SVN,1999,0.01743444801637571,0.007287700527001107,5.7481161786284443e-05,0.007230219365214822,-0.0008461465685297018,0.008133847095530809,HRV,0.09927396629164786
SVN,2000,0.02546682486536037,0.013436281613795124,8.530243101427168e-05,0.013350979182780852,0.002634480256083576,0.010801801357711548,HRV,0.09075906293077987
SVN,2001,0.012289489093178478,0.007229091689270965,0.00010447675400051073,0.007124614935270454,0.002564966818716879,0.004664124870554086,HRV,0.08371816155206706
SVN,2002,0.0038914536382524583,0.012665305619934569,0.00012929808925133134,0.012536007530683237,0.0046677787005548095,0.00799752691937976,HRV,0.08274472070475497
SVN,2003,0.0029236552058443657,0.015137246032169017,0.00015830249060107125,0.014978943541567947,0.004670285219772088,0.010466960812396928,HRV,0.08618575534130254
SVN,2004,0.011197401337809389,0.0184234939427873,0.0001900269224438345,0.018233467020343463,0.003687049203030228,0.014736444739757071,HRV,0.09023910079958211
SVN,2005,0.011378634590246387,0.016674114183028527,0.00024961606209589676,0.01642449812093263,0.003921137656872464,0.012752976526156062,HRV,0.09256548715989166
SVN,2006,0.020761424432988704,0.021138035903713853,0.00030883847143045096,0.0208291974322834,0.004667314104763898,0.016470721798949955,HRV,0.09416391843854016
SVN,2007,0.016752895435311752,0.0219549266891085,0.00037214716590839485,0.021582779523200105,0.004583626880469645,0.017371299808638854,HRV,0.09305796073066634
SVN,2008,0.0017617965882811436,0.014809976074947969,0.00028862185591078173,0.014521354219037186,0.0017135159660948928,0.013096460108853077,HRV,0.08789704455698955
SVN,2009,-0.02662335418423974,-0.019212121739227237,0.00034205792329748783,-0.019554179662524724,-0.005932883782170644,-0.013279237957056593,HRV,0.08406834849240978
SVN,2010,0.013864054717080281,0.009330924557372652,0.0004390590930905813,0.008891865464282072,-0.00108211817993887,0.010413042737311522,HRV,0.08057119117556492
SVN,2011,0.013305065720536392,0.009532542077962801,0.0004506076224166453,0.009081934455546156,-7.403236159898568e-05,0.009606574439561786,HRV,0.0756861345601374
SVN,2012,-0.0018882149075938105,0.003703238165793153,0.0003560432088628486,0.003347194956930304,-0.0015801925521198015,0.005283430717912954,HRV,0.06932113076380049
SVN,2013,7.794783520979106e-05,0.005807635415141277,0.0003992946266230657,0.005408340788518211,-8.030299377936997e-05,0.005887938408920646,HRV,0.06397025498862675
SVN,2014,0.008023265773649983,0.007350833404811989,0.0004314748538603245,0.006919358550951664,-0.0003522769981247322,0.007703110402936721,HRV,0.06305373087688453
SVN,2015,0.007949489725135206,0.011490816638173189,0.00048050447806722793,0.011010312160105961,0.0014697622088714328,0.010021054429301755,HRV,0.06399771738984966
SVN,2016,0.010310231113612374,0.011797791381235434,0.0005462811035634766,0.011251510277671958,0.002236586364357069,0.009561205016878365,HRV,0.06573198391938674
SVN,2017,0.013604584405277403,0.016524070456503115,0.0007539590876876838,0.01577011136881543,0.0022425519968723127,0.014281518459630802,HRV,0.06946553374599504
SVN,2018,0.008414105030816686,0.017653768452720976,0.0009214674373532438,0.016732301015367733,0.0020292143445104285,0.015624554108210547,HRV,0.07087019715256129
SVN,2019,0.0072955833093124745,0.015001089021730703,0.0008941159502067551,0.014106973071523948,0.002203928894125013,0.01279716012760569,HRV,0.07218063254819325
SVN,2020,-0.03462655891863007,-0.01793480133711698,0.00030888985008678944,-0.01824369118720377,-0.006340953403394881,-0.0115938479337221,HRV,0.07307365464082838
SVN,2021,0.031903033948284025,0.03138128165450075,0.0009926780144764522,0.030388603640024298,0.008658314549033971,0.022722967105466778,HRV,0.07278766337580912
SVN,2022,0.018725494990541026,0.014969680854215335,0.00034792270796206416,0.01462175814625327,0.005029165772007025,0.00994051508220831,HRV,0.07149183733830568
SVN,2023,0.002927621455757233,0.008661740106020615,0.0004402312464216879,0.008221508859598927,0.002268785957825543,0.006392954148195072,HRV,0.06982628503726677
SYR,1991,0.006618786957914582,-0.014060891949600945,3.287820312201638e-05,-0.014093770152722961,-0.0439200084835553,0.029859116533954358,SUN,0.3298278406008312
SYR,1992,0.004797989190612975,-0.029521084035311906,3.926280852417649e-05,-0.029560346843836082,-0.050004599390755,0.020483515355443096,SUN,0.2598156884211676
SYR,1993,-0.0032683728452361695,0.018601051730741933,4.487137850741184e-05,0.01855618035223452,0.012260925212403661,0.006340126518338271,LBN,0.1198774264458961
SYR,1994,0.015771044464845858,0.014573559759308009,2.454644736309004e-05,0.014549013311944919,0.009433209388730166,0.005140350370577843,LBN,0.12277639972941667
SYR,1995,0.017919564232154173,0.01553722145718861,1.2085461422285614e-05,0.015525135995766324,0.007696004526930656,0.007841216930257956,LBN,0.12348090382421849
SYR,1996,0.00975101380784512,0.020005827833990106,2.7768131423476336e-06,0.02000305102084776,0.01107998935797624,0.008925838476013866,LBN,0.10456315834322026
SYR,1997,0.016921162293509564,0.01066403344626207,5.670705659332582e-06,0.010658362740602738,0.0009546812313428811,0.00970935221491919,LBN,0.08830715381933223
SYR,1998,0.017337392484733323,0.008875318727961967,1.020083257758109e-05,0.008865117895384385,0.002609997894010946,0.006265320833951021,TUR,0.08571510074167503
SYR,1999,0.0162156299098268,-0.00012760079939176335,1.7052351268099344e-05,-0.0001446531506598627,-0.0033868085008725833,0.0032592077014808197,TUR,0.10208817163080326
SYR,2000,0.025799026431468308,0.019601319741347382,1.8659254458279878e-05,0.0195826604868891,0.007185024869637144,0.012416294871710237,TUR,0.1071842601993514
SYR,2001,0.012765755903043628,0.0025440629209394073,1.103503669005741e-05,0.00253302788424935,-0.005454216402001564,0.007998279322940971,TUR,0.09210120718821864
SYR,2002,0.005651143025068275,0.011229712377196471,3.120155151828666e-06,0.011226592222044642,0.005235818638208828,0.005993893738987643,TUR,0.08379359933830889
SYR,2003,0.004539481336578628,0.01297752675138621,0.0,0.01297752675138621,0.004347100132904125,0.008630426618482085,TUR,0.07758211626387818
SYR,2004,0.011962230099664644,0.02485260571370555,0.00011278914515210937,0.024739816568553438,0.0073887233314964135,0.017463882382209136,TUR,0.07906325268622873
SYR,2005,0.010601494620867173,0.021740017696378094,0.00026704937313870965,0.021472968323239385,0.006363192936489665,0.01537682475988843,TUR,0.07389898444384183
SYR,2006,0.01565600512041497,0.02040580930992031,0.0003964199952044542,0.020009389314715853,0.004243650885711485,0.016162158424208824,TUR,0.06317501472499214
SYR,2007,0.011920471485374081,0.02091023560349423,0.0006125153821887464,0.020297720221305483,0.0016246999046280804,0.01928553569886615,SAU,0.07420314790600316
SYR,2008,-0.001564672900078747,0.024464360207221363,0.00030943362873272486,0.02415492657848864,0.0053942348407098745,0.019070125366511488,SAU,0.08914400805869552
SYR,2009,-0.019747114998018515,0.006468216441683132,0.0002621082733104995,0.006206108168372632,0.003212449018073006,0.003255767423610126,IRQ,0.1043963555186483
SYR,2010,0.007758823761864422,0.032821932091111686,9.958995356297307e-05,0.03272234213754871,0.011743727399576267,0.02107820469153542,IRQ,0.1780486542072682
SYR,2011,0.007462473830016389,0.02369894498599699,0.00032032191668142324,0.023378623069315565,0.015710309471710576,0.007988635514286413,IRQ,0.22928081950868787
SYR,2012,-0.003540785486770822,0.04882328940767352,0.0005246706563625286,0.04829861875131099,0.0306353557530167,0.018187933654656818,IRQ,0.2352681369265631
SYR,2013,-0.0007521591015064111,0.03033853721742914,0.0005319202785119195,0.02980661693891722,0.0181412364317213,0.01219730078570784,IRQ,0.23183037857661848
SYR,2014,0.0026378949626535875,0.017549291978966014,0.0003808873145813921,0.017168404664384622,0.005313738310773605,0.012235553668192409,IRQ,0.24973627880021354
SYR,2015,0.0008902228175498905,0.01934479176085907,0.00012174105546742868,0.019223050705391643,0.0066455528630203695,0.0126992388978387,IRQ,0.2558394002657037
SYR,2016,0.0010249548853895035,0.04313567385933401,0.00010096163244561016,0.0430347122268884,0.024662797889007732,0.01847287597032628,IRQ,0.19018516242618647
SYR,2017,0.0014852502375665255,0.015977228430406477,8.011918021112464e-05,0.015897109250195354,0.0017068807468857534,0.014270347683520724,LBN,0.18714598458002238
SYR,2018,0.0010567210203229393,0.018350552931354736,6.360622998140679e-05,0.01828694670137333,-0.0038975848521619993,0.022248137783516735,LBN,0.21269082141827797
SYR,2019,0.0009351831601474403,0.002184089572732799,3.538114265895339e-05,0.0021487084300738455,-0.015042826162370454,0.01722691573510325,LBN,0.2072445746456759
SYR,2020,-0.004306579388692971,-0.06851549247105748,2.279264697414543e-05,-0.06853828511803163,-0.03861987002508717,-0.029895622445970313,LBN,0.1611755711602704
SYR,2021,0.0034983701240802988,0.027710826260156286,0.0001502775507845004,0.027560548709371784,0.010343990525676175,0.017366835734480113,SAU,0.1637777294697771
SYR,2022,0.0024779040722047803,0.05325280002213249,6.62549863935534e-05,0.05318654503573894,0.02130144133046058,0.03195135869167191,SAU,0.1879528944596436
SYR,2023,0.0005921200395575829,0.009829922252217614,7.628571884542559e-05,0.00975363653337219,0.0009774677492488512,0.008852454502968763,IRQ,0.22237355490694596
TCD,1991,0.029954899543131675,0.005793474146977292,0.0,0.005793474146977292,0.0037332893048049177,0.0020601848421723744,THA,0.045463171589709715
TCD,1992,0.00973915869825657,0.014703921304108726,0.008331242744665542,0.006372678559443184,0.008331242744665542,0.006372678559443184,CHN,0.06233492145165348
TCD,1993,-0.007453700448957971,0.011049283815700335,0.0058551019686439235,0.005194181847056412,0.0029855631397410665,0.00806372067595927,TWN,0.04528718537398571
TCD,1994,0.013052055035407082,0.017686216067040298,0.005617255703906462,0.012068960363133836,0.0015386135864363182,0.01614760248060398,ZAF,0.04884693755389435
TCD,1995,0.021086775351085583,0.00949021941500381,0.00036046588201831296,0.009129753532985497,0.004026896147900387,0.0054633232671034235,ZAF,0.131903905266193
TCD,1996,0.017359368474551343,0.01086630743041258,0.0003045836617339355,0.010561723768678644,0.005202450449935413,0.005663856980477167,ZAF,0.1235692803224539
TCD,1997,0.024826874144986927,0.007170707274795145,0.0004184324034687799,0.006752274871326365,0.0026611694013973612,0.004509537873397784,ZAF,0.10367753121632788
TCD,1998,0.023480231271293044,-0.0005246127081321064,0.0007521097855431868,-0.001276722493675293,-0.00486049437850814,0.004335881670376033,THA,0.06120638580877583
TCD,1999,0.02139892103385782,0.011326613303061424,0.00046631199357926516,0.01086030130948216,0.0034662759085628946,0.00786033739449853,THA,0.07753057405852255
TCD,2000,0.02390573623312868,0.01590965213632755,0.00043794310686380057,0.01547170902946375,0.0032443122524750865,0.012665339883852463,THA,0.07443035287827575
TCD,2001,0.01238546286067109,0.007185892153677994,3.768487595154869e-06,0.007182123666082839,-0.0006752413388628196,0.007861133492540813,TWN,0.047840498797338114
TCD,2002,0.005767882289496493,0.012424511148972217,8.131417047303208e-06,0.012416379731924915,0.0024989667385248,0.009925544410447417,TWN,0.045291888830405864
TCD,2003,0.0006183583485390807,0.01207603630439271,0.000718945427289425,0.011357090877103286,0.0016783261346300833,0.010397710169762627,POL,0.0476552703548751
TCD,2004,0.014760230396594989,0.015763128306550092,0.0016826951589417804,0.01408043314760831,0.0019833039401551105,0.013779824366394982,POL,0.04125720504379543
TCD,2005,0.018882595741762848,0.017228917124557132,0.008619550113043837,0.008609367011513295,0.008619550113043837,0.008609367011513295,CHN,0.08026940292535384
TCD,2006,0.020114736943315833,0.019605596558805394,0.012374256217762204,0.0072313403410431895,0.012374256217762204,0.0072313403410431895,CHN,0.10328991894168521
TCD,2007,0.01562878697457379,0.020189775234420587,0.017033064313413036,0.0031567109210075515,0.017033064313413036,0.0031567109210075515,CHN,0.12833387559201165
TCD,2008,-0.00015840134840584754,0.008241504760276023,0.007208112969532285,0.0010333917907437377,0.007208112969532285,0.0010333917907437377,CHN,0.07645234570723304
TCD,2009,-0.02388299810825804,0.004345909810724483,0.004367433520976535,-2.152371025205234e-05,0.004367433520976535,-2.152371025205234e-05,CHN,0.04934405311363749
TCD,2010,0.02397922147645042,0.003948150033914671,0.0024325179545564937,0.001515632079358177,0.0024325179545564937,0.001515632079358177,CHN,0.02416964167055668
TCD,2011,0.016668399908694752,0.006854382878100596,0.00636783641945681,0.0004865464586437853,0.00636783641945681,0.0004865464586437853,CHN,0.06964391884442166
TCD,2012,0.019123389563925796,0.007715721401533341,0.006759220518309738,0.0009565008832236035,0.006759220518309738,0.0009565008832236035,CHN,0.08823887140704079
TCD,2013,0.014301062630759124,0.009082773550019857,0.0074950829561832855,0.0015876905938365712,0.0074950829561832855,0.0015876905938365712,CHN,0.10061418365575078
TCD,2014,0.02362566360223753,0.007910654243289818,0.0039575906678811544,0.003953063575408664,0.0039575906678811544,0.003953063575408664,CHN,0.05463483682687278
TCD,2015,0.022533294901096294,0.008113151290551544,0.0029592503827231276,0.005153900907828416,0.0029592503827231276,0.005153900907828416,CHN,0.04381313121524765
TCD,2016,0.012269509896034186,0.011166597744486697,0.002278167783524391,0.008888429960962306,0.005135382741594395,0.006031215002892301,IND,0.06696058484913461
TCD,2017,0.018799866511676554,0.010953499827258474,0.0029545637491437643,0.007998936078114709,0.0051745417820360014,0.005778958045222472,IND,0.0796599348006528
TCD,2018,0.01803312977529893,0.016857487108159305,0.0058215405229559425,0.011035946585203363,0.006077584248360445,0.010779902859798862,IND,0.09964149198092301
TCD,2019,0.014076578667108347,0.015660226624960655,0.005480815885389328,0.010179410739571328,0.005837742051421473,0.009822484573539183,IND,0.1438389000856664
TCD,2020,-0.01536636226158646,-0.016524034114420924,0.0040834487888724855,-0.02060748290329341,0.0040834487888724855,-0.02060748290329341,CHN,0.1837476333080921
TCD,2021,0.02081955985378052,0.04731016569548543,0.017370618379436924,0.029939547316048504,0.017370618379436924,0.029939547316048504,CHN,0.2138568704089871
TCD,2022,0.007139826545054797,0.0331473565453776,0.007157170978284067,0.025990185567093534,0.007157170978284067,0.025990185567093534,CHN,0.21762344794363456
TCD,2023,0.001184745598642764,0.02260419843977527,0.008685106895883109,0.013919091543892162,0.007774862424204775,0.014829336015570495,ARE,0.18461889487253402
TGO,1991,0.006593658509072688,0.00506755108598685,6.093720402821829e-05,0.005006613881958631,0.0019477770601076091,0.0031197740258792402,IND,0.05568303924617123
TGO,1992,0.00603508856066487,0.00307116991358352,0.0013337203282185494,0.0017374495853649705,0.002666218625928244,0.0004049512876552761,NGA,0.05788479937435244
TGO,1993,0.0022660391406808104,0.015071372900177975,0.0012017537979655745,0.013869619102212401,-0.001667892606762748,0.016739265506940722,NGA,0.07326497537813058
TGO,1994,0.01373451943790262,0.02164800289844316,0.0013384312937200595,0.0203095716047231,-0.0017572144775978495,0.02340521737604101,NGA,0.10595760452113569
TGO,1995,0.010797879350100216,0.02384429647321547,0.0006643435312689101,0.023179952941946563,-0.00036571622317641277,0.024210012696391885,NGA,0.10916619051968407
TGO,1996,0.007569974034417024,0.03335703178538504,0.0006820430664624346,0.032674988718922604,0.006752892722726902,0.026604139062658134,TWN,0.11267318283478545
TGO,1997,0.012688288127669574,0.026873153406650915,0.001169096696730328,0.025704056709920587,0.007534720554393001,0.019338432852257913,TWN,0.12824184474430014
TGO,1998,0.011653255207294398,0.0038599288236182095,0.0014373868641176174,0.002422541959500592,0.004960892482230231,-0.0011009636586120216,TWN,0.12044518696877281
TGO,1999,0.012621828835689077,0.027754903520475854,0.0013494055829874657,0.02640549793748839,0.009281576874860201,0.018473326645615653,TWN,0.14246313818171477
TGO,2000,0.014123838534445588,0.03318219023472822,0.0010089780212645958,0.03217321221346363,0.0074996127235468285,0.025682577511181394,TWN,0.12248393553239993
TGO,2001,0.005338299809489127,0.01969956038920826,0.0003208848984632442,0.019378675490745016,-0.0014851525119630002,0.02118471290117126,TWN,0.10522228553436364
TGO,2002,0.003571376693434467,0.034449391699525184,0.0001027485368421132,0.03434664316268307,0.006608718210962614,0.02784067348856257,GHA,0.15014025377417153
TGO,2003,0.003227617862973514,0.03905009732289562,0.0003991982779897902,0.03865089904490583,0.010370348789488093,0.028679748533407524,GHA,0.20457124853159872
TGO,2004,0.005060142279517201,0.04127077828277689,0.0012027362152939789,0.04006804206748291,0.010838993813810231,0.03043178446896666,GHA,0.19892402952957278
TGO,2005,0.004066590265797069,0.04509523037202411,0.002823037739035196,0.04227219263298892,0.010164090267771996,0.03493114010425212,GHA,0.17730583548247814
TGO,2006,0.005249505077350547,0.046951076990036575,0.0036296115870241433,0.04332146540301243,0.010971081928542403,0.03597999506149417,GHA,0.17685387762632063
TGO,2007,0.0037586086984671327,0.04216719958716027,0.004688177757505914,0.03747902182965435,0.008472483143304461,0.033694716443855806,GHA,0.1991211857656335
TGO,2008,0.00032088448565901833,0.051902183648092334,0.0026905830126880055,0.04921160063540433,0.014856247755377111,0.03704593589271522,GHA,0.1696866529931136
TGO,2009,-0.0019749449087264775,0.03702017091784496,0.002820154685658324,0.03420001623218663,0.006380613984631896,0.03063955693321306,GHA,0.13487175222570402
TGO,2010,0.0010561018638384286,0.06277955242391889,0.002035984971739083,0.060743567452179806,0.0026083661481971147,0.06017118627572177,BEN,0.12468120096169266
TGO,2011,0.0023871137379491377,0.046318441763848,0.0036471211737872174,0.042671320590060784,0.015139203244613332,0.031179238519234667,GHA,0.11517846522533265
TGO,2012,-0.00042787778789571233,0.05093708919534812,0.0023952278193928866,0.04854186137595523,0.010848241724867784,0.04008884747048033,GHA,0.12208233133568597
TGO,2013,0.0010523199788877054,0.04494604736923269,0.002606522239640144,0.04233952512959255,0.006429505416612052,0.038516541952620637,BFA,0.1141799986044088
TGO,2014,0.002100411082828024,0.04399700795232363,0.0009349264189564815,0.043062081533367144,0.00603724202127049,0.03795976593105314,BFA,0.14252717859181754
TGO,2015,0.002189870528458085,0.03290196252039876,0.001237540901542407,0.03166442161885635,0.004906181800927948,0.02799578071947081,BFA,0.12755583812258747
TGO,2016,0.002088275149890151,0.035374947893235,0.0010515858735166373,0.03432336201971836,0.0071878877302413895,0.028187060162993608,BFA,0.12420237965902166
TGO,2017,0.0028720974620173767,0.044532591216603565,0.0009649992118629395,0.04356759200474063,0.007531895032758934,0.037000696183844634,BFA,0.125142075981142
TGO,2018,0.002692144085607781,0.04605104884383382,0.000811652301491191,0.04523939654234263,0.009494647232619575,0.03655640161121425,BFA,0.14845547676668808
TGO,2019,0.002350371959262465,0.044997913228933206,0.0006978704585135691,0.044300042770419636,0.010183076695737946,0.03481483653319526,BEN,0.15335357938452904
TGO,2020,-0.007150453953780298,0.0010532746278571663,0.0002561047846304521,0.0007971698432267143,0.006645509250316101,-0.005592234622458935,BEN,0.17596694036649654
TGO,2021,0.006899164910017987,0.047965029343693864,0.0011516251529718445,0.04681340419072202,0.011588476543907994,0.03637655279978587,BEN,0.1676803642510185
TGO,2022,0.003714045872925287,0.04637256793954503,0.0004665279176443899,0.045906040021900636,0.008580591933320553,0.03779197600622448,BEN,0.14147178046469908
TGO,2023,0.002159606340439174,0.035871546364307116,0.0005654953826842037,0.03530605098162291,0.003387952738943808,0.03248359362536331,BFA,0.13611217279113283
THA,1991,0.009000698407257575,0.013783077886284335,0.0010653627916123842,0.012717715094671952,0.004864026031414708,0.008919051854869627,SGP,0.07512911175034202
THA,1992,0.01199108159293584,0.019645041462075935,0.0016026738733790726,0.018042367588696862,0.005120257753132574,0.014524783708943362,SGP,0.0796472740123917
THA,1993,0.008613149550562041,0.022123090495613687,0.001574920350281978,0.02054817014533171,0.009028377338857039,0.013094713156756648,SGP,0.08321663106872508
THA,1994,0.01677629309805649,0.024277492582563395,0.0015115604289668604,0.022765932153596534,0.010487060256630728,0.013790432325932666,SGP,0.09966631672374927
THA,1995,0.016161407674258624,0.023176471890268772,0.001536227127810529,0.021640244762458245,0.008193382563023354,0.014983089327245418,SGP,0.11823648215470331
THA,1996,0.017126503705023357,0.027129157506156243,0.0019461340112246583,0.025183023494931584,0.009861509530132175,0.017267647976024068,SGP,0.13686182355960727
THA,1997,0.016360817967272012,0.02788051259984776,0.0026407291485075527,0.02523978345134021,0.010984446325988047,0.016896066273859714,SGP,0.13750388470773156
THA,1998,0.013768079001215868,-0.005456173929513274,0.0024840154094270257,-0.0079401893389403,-0.0028580525568085713,-0.0025981213727047023,SGP,0.12900992295311225
THA,1999,0.016481634656380945,0.020397563903236424,0.0023842640866898247,0.018013299816546598,0.006121551519392353,0.01427601238384407,SGP,0.11008301394825902
THA,2000,0.02093751118758056,0.029937335588710763,0.002730135648424764,0.027207199940286,0.00841512908123789,0.02152220650747287,SGP,0.0972519442352041
THA,2001,0.006690576007899651,0.007402566111345121,0.0027696768283117183,0.0046328892830334025,-0.0009495973570908363,0.008352163468435958,SGP,0.08820026567622533
THA,2002,0.008100833017680687,0.019192854407844347,0.003401802401894838,0.015791052005949508,0.003295636660952883,0.015897217746891464,SGP,0.08563759668092549
THA,2003,0.010891899876621838,0.02238923665197084,0.004275617833283015,0.018113618818687824,0.003711753490924166,0.01867748316104667,SGP,0.08345040969022892
THA,2004,0.014968765768556621,0.03486081297848487,0.005456790273135382,0.029404022705349486,0.007462784307860537,0.02739802867062433,SGP,0.0787509108488293
THA,2005,0.014184625166186165,0.03269121004265354,0.007066261209186368,0.025624948833467172,0.0054008137574156016,0.02729039628523794,SGP,0.07598606071481459
THA,2006,0.01192838855783877,0.03733940227525094,0.00910985652773406,0.02822954574751688,0.00910985652773406,0.02822954574751688,CHN,0.07604144651291198
THA,2007,0.0109467107805518,0.039454240449210976,0.010953163632337665,0.028501076816873312,0.010953163632337665,0.028501076816873312,CHN,0.08252548766721035
THA,2008,-0.00016663836381488483,0.025202857673956976,0.008502206236397717,0.016700651437559257,0.008502206236397717,0.016700651437559257,CHN,0.09017805536716618
THA,2009,-0.01537196987517715,0.011157448084480971,0.008240862245834557,0.002916585838646414,0.008240862245834557,0.002916585838646414,CHN,0.0931067507742415
THA,2010,0.011721574106894625,0.04386939915943755,0.009897310400808252,0.033972088758629296,0.009897310400808252,0.033972088758629296,CHN,0.09834025908903259
THA,2011,0.005820038971607724,0.03364609245334902,0.009440721857905954,0.024205370595443067,0.009440721857905954,0.024205370595443067,CHN,0.10325153216810257
THA,2012,0.005910487320810655,0.03047314778021013,0.008595297779540125,0.021877850000670006,0.008595297779540125,0.021877850000670006,CHN,0.11220811237324825
THA,2013,0.005761531681120601,0.031237577484386457,0.00864750484878423,0.022590072635602226,0.00864750484878423,0.022590072635602226,CHN,0.1160843243638537
THA,2014,0.0067779602249915015,0.03138376210482282,0.008611661137165976,0.022772100967656844,0.008611661137165976,0.022772100967656844,CHN,0.11888462969549171
THA,2015,0.007719163705897387,0.02956456916640029,0.007860089866941443,0.02170447929945885,0.007860089866941443,0.02170447929945885,CHN,0.1163724268532651
THA,2016,0.005904432250875695,0.029372888864164805,0.00753444381364914,0.021838445050515666,0.00753444381364914,0.021838445050515666,CHN,0.11417753263649717
THA,2017,0.008823551278757554,0.0312871614253202,0.007445680688842829,0.023841480736477367,0.007445680688842829,0.023841480736477367,CHN,0.11113266479912065
THA,2018,0.00804484246255491,0.030099204824359356,0.0075523581550527505,0.022546846669306606,0.0075523581550527505,0.022546846669306606,CHN,0.11588055782592814
THA,2019,0.005257247715546667,0.023475302454562315,0.006874549957930859,0.016600752496631455,0.006874549957930859,0.016600752496631455,CHN,0.11889659249026294
THA,2020,-0.014558146535662392,-0.01660882900977697,0.002702252649042346,-0.019311081658819316,0.002702252649042346,-0.019311081658819316,CHN,0.12159636487057675
THA,2021,0.019989760959123117,0.03239877072576505,0.009991966766596914,0.022406803959168137,0.009991966766596914,0.022406803959168137,CHN,0.12301523729659468
THA,2022,0.010294463817361418,0.025488318581787926,0.004236196138762653,0.021252122443025274,0.004236196138762653,0.021252122443025274,CHN,0.12880726374711596
THA,2023,0.007904828446673305,0.022584286520723196,0.006184316949596779,0.016399969571126417,0.006184316949596779,0.016399969571126417,CHN,0.1292275621209962
TJK,1993,-0.0014079220671636469,0.01358762918687498,0.003262465049022306,0.010325164137852673,0.005047820806415035,0.008539808380459944,POL,0.13753780333932447
TJK,1994,0.014776523706116035,-0.018255355550072475,0.001584407664108559,-0.019839763214181034,-0.012553098973841078,-0.005702256576231397,RUS,0.09381518540839216
TJK,1995,0.017806688995002245,-0.0009964624059138254,0.0009638647984340299,-0.001960327204347855,-0.00410192670881297,0.0031054643028991446,RUS,0.09594888283060493
TJK,1996,0.016408561032289753,0.00024653606129354023,0.0003494007725337951,-0.00010286471124025488,-0.004915327177412027,0.005161863238705567,RUS,0.14007245107474162
TJK,1997,0.022120923768946664,0.016256588014826948,0.0005813052701136552,0.015675282744713293,0.008297695523723348,0.0079588924911036,UZB,0.16084742676878971
TJK,1998,0.01979189381473689,0.008217222772155875,0.0008394050773666911,0.007377817694789185,0.008867118947597511,-0.0006498961754416357,UZB,0.21603180297980087
TJK,1999,0.019514894499590523,0.021545231458529445,0.0007874025828722435,0.020757828875657202,0.00944040231252509,0.012104829146004355,UZB,0.2247665389034638
TJK,2000,0.02183704433457436,0.027138493705126446,0.000806407094735418,0.026332086610391027,0.008678627230009497,0.01845986647511695,UZB,0.2293776837245303
TJK,2001,0.010447699272382115,0.023217507783870252,0.000311323183959973,0.022906184599910277,0.010370834258394215,0.012846673525476037,RUS,0.20823788173378385
TJK,2002,0.0013361132843768748,0.02725130457854441,0.00017150986445794352,0.027079794714086468,0.011106045789495502,0.01614525878904891,RUS,0.23410856139539007
TJK,2003,0.000956134073039598,0.03475585990913635,0.00015276879877478892,0.03460309111036156,0.014983510068247816,0.019772349840888534,RUS,0.21717475654106652
TJK,2004,0.0077978600474691104,0.04411622602875519,0.00038903183171029864,0.04372719419704489,0.015864240213860306,0.02825198581489488,TUR,0.16975577192838856
TJK,2005,0.009431027580819215,0.04234544202093125,0.0005843342535296078,0.04176110776740164,0.01563767858080294,0.026707763440128308,TUR,0.18160828654962344
TJK,2006,0.016452228013220216,0.040084938648973806,0.000783198676383769,0.03930173997259004,0.012097085786935602,0.027987852862038205,TUR,0.18008870034345895
TJK,2007,0.017814769776298554,0.03589688786468101,0.0008616335015368365,0.035035254363144176,0.009993105689826288,0.02590378217485472,TUR,0.20309412690257383
TJK,2008,0.00909108125688061,0.01344856441980753,0.0005808771374549617,0.01286768728235257,0.0021026987266545977,0.011345865693152933,TUR,0.2590387051854459
TJK,2009,-0.015192854849284548,-0.01501894434012614,0.0019881565902030193,-0.017007100930329158,-0.014532249455878344,-0.00048669488424779583,TUR,0.2939738501242359
TJK,2010,0.004068225544235109,0.04954974678583998,0.0151431467575015,0.03440660002833848,0.01944209134508902,0.03010765544075096,TUR,0.2402991387056804
TJK,2011,0.002769602212700864,0.06151605223800526,0.016544060157444307,0.044971992080560956,0.027384701007765463,0.034131351230239804,TUR,0.2579538274912147
TJK,2012,-0.0001584571199458389,0.04490776666970735,0.013666312717436867,0.03124145395227048,0.013393850063273847,0.031513916606433504,TUR,0.2863548907236396
TJK,2013,0.0004894706717140277,0.05271379271566515,0.00514902787369607,0.04756476484196908,0.027812851829953574,0.024900940885711573,TUR,0.34147259354151155
TJK,2014,0.0010247639791020418,0.04145169213129457,0.0039001322630224603,0.03755155986827211,0.016497937743488972,0.024953754387805598,TUR,0.3421691324642022
TJK,2015,0.0016857080723717455,0.02827544102726675,0.0035575488210252137,0.024717892206241536,0.019050495834179147,0.009224945193087603,TUR,0.32253210137655103
TJK,2016,0.002984728490101082,0.02786422090187705,0.0034050203637507356,0.024459200538126315,0.010185604663375487,0.017678616238501563,TUR,0.31157465008460045
TJK,2017,0.0026449835008533307,0.03782043372679675,0.003353988839602654,0.034466444887194095,0.018686835882659774,0.019133597844136974,TUR,0.2583214223157072
TJK,2018,0.0033237375927239704,0.02589844405010186,0.0030084267233979733,0.022890017326703885,0.006956941764378445,0.018941502285723416,TUR,0.23434787109970326
TJK,2019,0.0011098168840736927,0.026854890043213047,0.0024390165806758256,0.02441587346253722,0.010952389897151787,0.01590250014606126,KAZ,0.2507698677183245
TJK,2020,-0.0028777577858406524,-0.006746790129757783,0.001043773426323176,-0.007790563556080959,-0.006808996786514809,6.220665675702591e-05,KAZ,0.2621316375296002
TJK,2021,0.0038015987179951783,0.04835845461513744,0.004247878481549773,0.04411057613358767,0.027902741380246697,0.020455713234890746,TUR,0.25761735096718213
TJK,2022,0.005266584264654033,0.029021525879303567,0.001424294873488052,0.027597231005815515,0.012555005408819351,0.016466520470484216,TUR,0.23311531086419282
TJK,2023,0.001505957257522989,0.03850819363936736,0.003282556535547066,0.0352256371038203,0.012437506295569044,0.02607068734379832,KAZ,0.25043990562777035
TKM,1993,-0.004650489761697416,0.0049574695185468825,0.0007678247145374765,0.004189644804009406,0.003930696002909099,0.0010267735156377833,POL,0.10709954147891565
TKM,1994,0.01700480068402993,-0.02762781929821855,0.00044773773145508517,-0.028075557029673633,-0.01106446960768082,-0.01656334969053773,GEO,0.10077297417787155
TKM,1995,0.013867588350539556,-0.005267090929807792,0.0004454390965275388,-0.005712530026335331,0.0031753238440910708,-0.008442414773898862,GEO,0.12386854945440096
TKM,1996,0.003529144223893246,0.016845756760684522,0.0003391497920808402,0.016506606968603683,0.01411834815727653,0.0027274086034079926,GEO,0.13296259968814994
TKM,1997,0.007575433058909885,0.02980747223580666,0.0003798757235841187,0.029427596512222542,0.0027971751457106387,0.027010297090096023,KAZ,0.12260419254565413
TKM,1998,0.007957878244996665,0.007205956947560724,0.0002873589213668015,0.006918598026193923,0.0031052809353901488,0.004100676012170575,TUR,0.10198072144768296
TKM,1999,0.007023103011229095,0.01452550423727366,0.0004030439948391628,0.014122460242434498,0.003450887731669932,0.011074616505603728,IRN,0.175989635465182
TKM,2000,0.007324109515612305,0.050592823120087366,0.0005270441205833721,0.05006577899950399,0.012183268726121934,0.03840955439396543,IRN,0.21518026696578546
TKM,2001,0.004669916261331514,0.02323202491100699,0.00043248495149588297,0.022799539959511107,0.003862653503748643,0.019369371407258345,IRN,0.1570394422596976
TKM,2002,0.0007476774441375765,0.04591601092473331,0.00025988850363560436,0.045656122421097706,0.014004510716321656,0.03191150020841166,UKR,0.26921529214674844
TKM,2003,0.000706264701738009,0.059004481345421994,0.00017951752700885883,0.05882496381841314,0.03087152556203095,0.028132955783391044,UKR,0.3395987667969704
TKM,2004,0.002964333170688074,0.06588927577471375,0.00010436975352184747,0.0657849060211919,0.036642299208485246,0.029246976566228503,UKR,0.32863084776761675
TKM,2005,0.002501973303065842,0.043259386587470514,0.00018826893750993447,0.04307111764996058,0.01063367980460109,0.032625706782869426,UKR,0.3515270072345895
TKM,2006,0.0031101131157877135,0.06988701471595346,0.0003074610184548827,0.06957955369749858,0.02668671324321945,0.043200301472734015,UKR,0.3656484417469286
TKM,2007,0.0022257270844958793,0.07511019324740256,0.00046241772215473316,0.07464777552524783,0.044518333780992486,0.030591859466410076,UKR,0.5638256507766167
TKM,2008,-0.00035484326232363615,0.025364094751179907,0.0004550606613778327,0.024909034089802076,0.013574919288564063,0.011789175462615844,UKR,0.611841165829006
TKM,2009,-0.00401666380932692,-0.10296280084976996,0.0003955938933132468,-0.1033583947430832,-0.10066043149422248,-0.002302369355547479,UKR,0.6133135823106859
TKM,2010,0.00202367309626644,0.03871408124438437,0.0008182139211023805,0.03789586732328199,0.019773949397876005,0.018940131846508366,UKR,0.49305686615545063
TKM,2011,0.0018835308613196061,0.05011498899288886,0.011520031554132806,0.03859495743875606,0.01435523299133146,0.0357597560015574,UKR,0.26976346660333445
TKM,2012,-0.0009481133980580097,0.03986985504136701,0.025518431117838334,0.014351423923528676,0.025518431117838334,0.014351423923528676,CHN,0.3331327267422023
TKM,2013,-0.00046438765731926545,0.05583666822686386,0.04398758378795735,0.011849084438906511,0.04398758378795735,0.011849084438906511,CHN,0.590490440157583
TKM,2014,0.0010744100246505666,0.05535345752752144,0.052270409100249146,0.003083048427272292,0.052270409100249146,0.003083048427272292,CHN,0.7215969289706635
TKM,2015,0.00124862681376985,0.056429121384651455,0.05225252007619018,0.004176601308461272,0.05225252007619018,0.004176601308461272,CHN,0.7736237973614136
TKM,2016,0.0011958240769515422,0.05582796608065727,0.050560818573589586,0.005267147507067686,0.050560818573589586,0.005267147507067686,CHN,0.7662024769971783
TKM,2017,0.0014106703390160836,0.0592137787576546,0.0493584820696622,0.009855296687992399,0.0493584820696622,0.009855296687992399,CHN,0.7367143276854222
TKM,2018,0.0005884295232475864,0.05517282469667657,0.04764074848093395,0.007532076215742624,0.04764074848093395,0.007532076215742624,CHN,0.7309818199659792
TKM,2019,0.0003700355093947265,0.05042124625375502,0.042756405272550854,0.007664840981204166,0.042756405272550854,0.007664840981204166,CHN,0.7394798096091073
TKM,2020,-0.001663399783676151,0.014232012506137684,0.01721195788818712,-0.0029799453820494367,0.01721195788818712,-0.0029799453820494367,CHN,0.7745062299229171
TKM,2021,0.0015790995863658103,0.06440260026468896,0.060824034763733166,0.0035785655009557896,0.060824034763733166,0.0035785655009557896,CHN,0.7488298594837393
TKM,2022,0.0010159933047650784,0.029016457988352763,0.02348259193851886,0.005533866049833903,0.02348259193851886,0.005533866049833903,CHN,0.7140199165032497
TKM,2023,0.0003196071589826686,0.04551769670621012,0.033318045080812306,0.012199651625397816,0.033318045080812306,0.012199651625397816,CHN,0.6962142748378303
TUN,1991,0.016410434410050263,-0.011400918139780895,0.0006272628342428512,-0.012028180974023747,0.007080481969293979,-0.018481400109074873,LBY,0.04868234647420543
TUN,1992,0.009232494698256063,0.0016604131540294948,0.0008426732400269701,0.0008177399140025247,-0.001518702380564326,0.0031791155345938208,LBY,0.05523081386690685
TUN,1993,-0.004289847251338341,0.0033076741076394247,0.0008966382659661527,0.002411035841673272,-0.002062453008753095,0.0053701271163925195,LBY,0.05376803990771403
TUN,1994,0.01974252156237857,0.005493409296572577,0.0007005523405264589,0.004792856956046118,0.001067136057188413,0.004426273239384163,LBY,0.05568698281465226
TUN,1995,0.019862747368375542,0.004667803101811197,0.0005817725596300859,0.004086030542181112,-0.0010656257509720668,0.005733428852783265,LBY,0.0474576823496445
TUN,1996,0.011813973871724667,0.008527397065603352,0.0004672625057052047,0.008060134559898147,0.0009123508780746132,0.0076150461875287385,LBY,0.04320513690838549
TUN,1997,0.020759907444385356,0.006527296014235115,0.0004785281003944087,0.006048767913840706,0.001930522524042354,0.004596773490192761,LBY,0.03799238335974573
TUN,1998,0.022416383432965266,0.00384902454089552,0.0004070810210763217,0.0034419435198191984,-0.0014159156112360707,0.005264940152131591,LBY,0.03914763504176682
TUN,1999,0.02234318623965972,0.005046335275280351,0.0005135721010197172,0.004532763174260634,0.00029639151786703345,0.004749943757413318,LBY,0.039685183677393904
TUN,2000,0.033779627747351645,0.006988075399768505,0.0006208560945612045,0.0063672193052073,0.001401034957165618,0.005587040442602886,LBY,0.038775456898658
TUN,2001,0.016258912885824664,0.00228168213159713,0.000414309775905184,0.0018673723556919461,-0.0007164998583553432,0.0029981819899524732,LBY,0.04028531522494245
TUN,2002,0.006709755505398226,0.002871131263500171,0.00019744722758238814,0.002673684035917783,-0.0003913192302044765,0.0032624504937046475,LBY,0.04061406960812401
TUN,2003,0.0060654241257202535,0.004993517723535984,0.00015138431103326502,0.004842133412502719,0.005431706142464966,-0.00043818841892898173,LBY,0.04439140495807158
TUN,2004,0.017111871311612986,0.011415980673724242,0.00023059029371822972,0.011185390380006013,0.0019313213253371625,0.009484659348387079,LBY,0.044245751255405294
TUN,2005,0.015517511462253985,0.009931611475264255,0.00026376836270140835,0.009667843112562847,0.004880376913198126,0.005051234562066129,LBY,0.04350736813579918
TUN,2006,0.02414647916093743,0.00804208385793137,0.0002701486560084961,0.007771935201922874,0.002713152775066143,0.005328931082865227,LBY,0.04307959032061576
TUN,2007,0.019923335258797352,0.00786724780452605,0.00036384327207771776,0.007503404532448333,0.0027888292113894732,0.0050784185931365775,LBY,0.04614476591675838
TUN,2008,0.00017267149929027004,0.004212023168117783,0.00021138727414793412,0.004000635893969849,-8.02943778289676e-05,0.004292317545946751,LBY,0.04949894513279281
TUN,2009,-0.03256405057594059,0.0004067295906409556,0.00023926946641157317,0.00016746012422938245,-0.002221157056872653,0.0026278866475136086,LBY,0.04936024523214963
TUN,2010,0.015365431683387831,0.011023298090759474,0.000313619381044254,0.01070967870971522,0.0025008256214588322,0.008522472469300641,LBY,0.050985916498101164
TUN,2011,0.014063750480272488,-0.02734948989246137,0.00033834902971698695,-0.027687838922178357,-0.03548216789034931,0.00813267799788794,LBY,0.050693122825476965
TUN,2012,-0.005885244404273036,0.03666844479214439,0.00026417418206707804,0.03640427061007732,0.03152808703481286,0.005140357757331536,LBY,0.050444038384329024
TUN,2013,0.00039378236673923053,-0.003606681346216478,0.00026160934550751544,-0.003868290691723993,-0.009438164111543261,0.0058314827653267835,LBY,0.047565215247676394
TUN,2014,0.009291708443533456,-0.006618210745322288,0.00024373420285013015,-0.006861944948172417,-0.01306476799922741,0.006446557253905123,LBY,0.049880623663238664
TUN,2015,0.010684524373267144,0.006394849952954848,0.00026008642574312704,0.006134763527211721,-0.0004109307384712757,0.006805780691426124,LBY,0.0485598894086286
TUN,2016,0.011121882565704812,0.005146705296139584,0.00018682524888616108,0.004959880047253423,-0.0006762338922631832,0.005822939188402767,LBY,0.045017252404545266
TUN,2017,0.017712761232570224,0.018189849382973664,0.00018298802331949876,0.018006861359654167,0.0006673796316604386,0.017522469751313226,DZA,0.043934980953636626
TUN,2018,0.011355095371762224,0.009263877156109789,0.00014404723405240044,0.009119829922057388,0.0006373574917935606,0.008626519664316228,DZA,0.042595930979586416
TUN,2019,0.011927168973530725,0.001543738680286225,0.0002376364346177273,0.0013061022456684977,0.0003780122285918791,0.0011657264516943457,DZA,0.03836793084520235
TUN,2020,-0.0582867710487413,-0.01735695274095631,9.95941410297469e-05,-0.017456546881986057,-0.011756208415424024,-0.005600744325532285,LBY,0.03369278871712091
TUN,2021,0.05080791904892354,0.019345033681481653,0.000401318984925336,0.018943714696556316,0.008846688258131044,0.010498345423350609,LBY,0.035500567891154626
TUN,2022,0.026329611558649293,0.004098870205255305,0.00013263757445220738,0.003966232630803097,-0.0033055643604797407,0.007404434565735045,LBY,0.03815030850121903
TUN,2023,0.006853476447985455,0.01114594931362731,0.00019224195164253515,0.010953707361984776,0.003928525367886794,0.007217423945740516,LBY,0.040447261869659974
TUR,1991,0.015724699673733737,-0.01591052461329595,0.001033990475426061,-0.016944515088722013,-0.0055664862912931075,-0.010344038322002844,SUN,0.04180286426581112
TUR,1992,0.009296625579388797,0.007657149799863118,0.0008743830358449521,0.0067827667640181655,-0.008423610337217011,0.016080760137080128,SUN,0.043767696280361236
TUR,1993,0.0001687283994362878,0.009359685899469235,0.0010624798755611844,0.00829720602390805,-0.0005838458272610869,0.009943531726730322,IRN,0.03754053001165426
TUR,1994,0.017657954310180773,0.00897663693615841,0.002004708170368939,0.006971928765789472,0.00037494694492604694,0.008601689991232364,SAU,0.039532663583544805
TUR,1995,0.01387459186046945,0.011233920822273176,0.0022538714484462365,0.00898004937382694,0.00011972852609105726,0.011114192296182119,SAU,0.03846384256444931
TUR,1996,0.010967423877275362,0.01554184585958786,0.0017990986741590297,0.01374274718542883,-0.0016406040426164797,0.017182449902204338,RUS,0.04675241773293597
TUR,1997,0.01723120733346447,0.012494776444830625,0.0008159064543189518,0.011678869990511672,0.0006835832860957834,0.01181119315873484,RUS,0.0577621135235531
TUR,1998,0.01721939050456526,0.004727094643457557,0.00020672455891358212,0.004520370084543974,-0.0036954416416564786,0.008422536285114034,RUS,0.06952512495209513
TUR,1999,0.017895968353216735,0.012685996741626928,0.00015147643251029906,0.012534520309116629,0.003894805410707769,0.008791191330919159,RUS,0.06732890256002856
TUR,2000,0.02429730730372802,0.021214113959204223,0.0001322894085447207,0.021081824550659503,0.005045277897479081,0.01616883606172514,RUS,0.052583087332663314
TUR,2001,0.012616935250079302,0.010769214069330953,0.00017118502142547695,0.010598029047905477,0.001657636934202498,0.009111577135128456,RUS,0.03328399579644413
TUR,2002,0.007426637318552193,0.011012665126426555,0.00034665156125687134,0.010666013565169684,0.001258842653655103,0.009753822472771451,RUS,0.026535622872102222
TUR,2003,0.008344826950349264,0.017153920811454233,0.0005763265325260386,0.016577594278928194,0.00209704488708398,0.015056875924370253,RUS,0.030395095056749238
TUR,2004,0.0146288586562938,0.02371525166932228,0.0008514565698320248,0.022863795099490256,0.0022005576076774063,0.021514694061644874,RUS,0.03240345371150617
TUR,2005,0.014392954856163055,0.019614304718756692,0.0009265047761321973,0.018687799942624494,0.0020515321990372012,0.01756277251971949,RUS,0.032261308725612524
TUR,2006,0.020313967856307312,0.02467615406868502,0.001031931091798526,0.023644222976886495,0.002485576840782707,0.022190577227902315,RUS,0.03207713483882636
TUR,2007,0.016466586262690954,0.0240372661684048,0.0010217997491749583,0.02301546641922984,0.0030076210338958764,0.02102964513450892,RUS,0.035207202082305544
TUR,2008,0.0011080021857656907,0.02110677256750176,0.0008405860192094768,0.020266186548292285,0.0022621982192365412,0.018844574348265218,RUS,0.0403144206528423
TUR,2009,-0.023311947939065734,-0.0059186981257435805,0.0008908370337427887,-0.006809535159486369,-0.003390562505589161,-0.0025281356201544195,RUS,0.04599395007706608
TUR,2010,0.010348361310787833,0.020805410935857062,0.0012707077469571555,0.019534703188899907,0.0017467840612614622,0.0190586268745956,RUS,0.04348907649915754
TUR,2011,0.007338770490462299,0.013325272497855664,0.0014705115771113685,0.011854760920744296,0.0031503629183356955,0.010174909579519968,IRQ,0.04597731145694243
TUR,2012,-0.0011833016670033283,0.02500146511942712,0.0014230872257990465,0.023578377893628075,0.0074001777330572685,0.017601287386369853,IRQ,0.05683061238844533
TUR,2013,0.001847386223080286,0.013203980697505219,0.0014534828570609822,0.011750497840444237,0.004987432871677911,0.008216547825827307,IRQ,0.06373537190358165
TUR,2014,0.007888930554645927,0.013685415794018024,0.001484552880569223,0.0122008629134488,0.0015433167066624585,0.012142099087355565,IRQ,0.07253314875341897
TUR,2015,0.007888553150766791,0.01214093960799218,0.001365608214970583,0.010775331393021597,0.002025372466251113,0.010115567141741067,IRQ,0.07797245583038644
TUR,2016,0.008007214983090542,0.023049244619268928,0.0012830184171120382,0.021766226202156888,0.009847250405385225,0.013201994213883702,IRQ,0.07593627155474648
TUR,2017,0.011673236040651468,0.015444186678925366,0.00113656492524515,0.014307621753680215,-0.0015502716595317267,0.016994458338457093,IRQ,0.0680539829428692
TUR,2018,0.008493010360991204,0.016122134391139784,0.0011192180989445493,0.015002916292195235,0.0016945958953228691,0.014427538495816914,IRQ,0.062131331283200975
TUR,2019,0.007956235804191032,0.014365559861842073,0.00100912593537152,0.013356433926470554,0.003278076552905319,0.011087483308936753,IRQ,0.05785518197966547
TUR,2020,-0.03162262802104119,-0.025842538929265427,0.00038146073440513607,-0.026223999663670564,-0.007569404765512345,-0.01827313416375308,IRQ,0.05773191130224398
TUR,2021,0.02977183078773552,0.028694266765953262,0.0013502301978232667,0.027344036568129997,0.0007934457993687317,0.02790082096658453,IRQ,0.0551435316691285
TUR,2022,0.016998084622164133,0.017337873958500442,0.0005341619726713469,0.016803711985829094,0.004189666905240941,0.013148207053259501,IRQ,0.05382236718550048
TUR,2023,0.004950050360240628,0.014212418541238243,0.0007437507579546364,0.013468667783283607,0.00023351121416490794,0.013978907327073334,IRQ,0.053123715687184145
TZA,1991,0.009286516777029363,0.017516159060043442,3.4750515976264237e-06,0.017512684008445818,0.006124631522147915,0.011391527537895527,IND,0.17509093027169056
TZA,1992,0.006866190271190673,0.014399819551704534,7.36039021954326e-05,0.0143262156495091,0.0031897999576536887,0.011210019594050845,IND,0.12918033464379275
TZA,1993,0.001519055579648123,0.016144053218357473,0.00011309518726796116,0.01603095803108951,0.0057079598455841915,0.010436093372773281,IND,0.11295999407876027
TZA,1994,0.013386075204013706,-0.01212478670276724,0.00020451905533369204,-0.012329305758100933,0.004284780995331336,-0.016409567698098575,IND,0.0842492005926928
TZA,1995,0.013309252064545697,0.03949409832917118,0.0006904884921098412,0.03880360983706134,0.006067243137874491,0.03342685519129669,IND,0.09109631995408615
TZA,1996,0.012030592861802455,0.033148019452346675,0.0009836276549318288,0.03216439179741484,0.007415084014074976,0.0257329354382717,IND,0.0935664707404319
TZA,1997,0.013877535277793463,0.028167033374946693,0.0016351536976744671,0.026531879677272226,0.004135659135336175,0.024031374239610517,IND,0.10422926325228661
TZA,1998,0.011689383793984771,0.00524587623715521,0.0010986726869082648,0.004147203550246946,0.006605769066928186,-0.0013598928297729757,IND,0.11018548008064037
TZA,1999,0.013924710684063635,0.02439902056695593,0.0007854606908527033,0.023613559876103227,0.011965347764698445,0.012433672802257486,IND,0.148259168072483
TZA,2000,0.01976556071074541,0.01873798554764768,0.00034181954016601016,0.01839616600748167,0.006623282128370862,0.012114703419276817,IND,0.16986566627628744
TZA,2001,0.010915651933938507,0.014636300120795984,0.00019113275216531405,0.01444516736863067,0.008465262693567654,0.00617103742722833,IND,0.17448042189422783
TZA,2002,0.007599784399727071,0.014092713020648328,0.0001447284648203543,0.013947984555827974,0.0053828909806291495,0.008709822040019178,IND,0.14339875726397566
TZA,2003,0.010804869088207044,0.01865569614080051,8.34067221191548e-05,0.018572289418681356,0.008201392265346625,0.010454303875453885,IND,0.10567360617631287
TZA,2004,0.016565399432244894,0.02036847706922349,0.00016372620724587736,0.020204750861977615,0.006156550865145921,0.01421192620407757,IND,0.08204885198565239
TZA,2005,0.014746464206677206,0.022589810337303336,0.001896817508551497,0.02069299282875184,0.005311245880625966,0.01727856445667737,IND,0.07044277897277827
TZA,2006,0.014529931584025178,0.03143498934911497,0.004467743387074929,0.02696724596204004,0.005368160403832167,0.026066828945282804,ZAF,0.09845448995401762
TZA,2007,0.013730470975905577,0.03657829185913432,0.008359301234068597,0.02821899062506572,0.007131404378776611,0.029446887480357706,ZAF,0.13657171003788332
TZA,2008,0.005234893661056034,0.02581354335075138,0.006703607553241487,0.019109935797509893,0.004414490701577708,0.02139905264917367,ZAF,0.14053600688980292
TZA,2009,-0.01569528741361132,0.016522632718719836,0.007089732832413062,0.009432899886306774,-0.0016967572575386468,0.018219389976258483,ZAF,0.10946557692444221
TZA,2010,0.012287989164718884,0.03652539805686085,0.009731710680262263,0.02679368737659859,0.009731710680262263,0.02679368737659859,CHN,0.09669485051194743
TZA,2011,0.006548468306548319,0.03497589094726431,0.011560378896155214,0.023415512051109096,0.011560378896155214,0.023415512051109096,CHN,0.12643385235126314
TZA,2012,0.0027717452889754247,0.031468378451284175,0.01112449584571689,0.020343882605567284,0.01112449584571689,0.020343882605567284,CHN,0.1452257631984822
TZA,2013,0.004857563841500186,0.03058994357575974,0.00993722681375959,0.020652716762000152,0.0038104831865937027,0.026779460389166038,ZAF,0.15520761095814384
TZA,2014,0.006179754430300162,0.03143704964846379,0.00743326985161712,0.02400377979684667,0.00248777200359322,0.028949277644870573,ZAF,0.1772039122373107
TZA,2015,0.004644411003086149,0.03401846254456928,0.006413803218248379,0.027604659326320898,0.01197144628641738,0.0220470162581519,IND,0.1591451982568881
TZA,2016,0.003711646943107357,0.0312582465359824,0.006298313361281675,0.024959933174700726,0.015012224273831792,0.01624602226215061,IND,0.19574535489248782
TZA,2017,0.004739299221749532,0.03060150823878612,0.006498012210221127,0.024103496028564993,0.012236363313199874,0.018365144925586246,IND,0.18837376231274192
TZA,2018,0.004940984782603361,0.035505356224447435,0.004609613752687291,0.03089574247176014,0.011689091609776008,0.02381626461467143,IND,0.19164169188012123
TZA,2019,0.003914547819411227,0.02326163080449853,0.0029957747486519712,0.02026585605584656,0.007829953065296493,0.015431677739202036,IND,0.19292593381381087
TZA,2020,-0.00880459689705641,-0.02791958355528793,0.0009608926988481268,-0.028880476254136058,-0.011940231668944503,-0.01597935188634343,IND,0.20411976000315443
TZA,2021,0.01226966149019244,0.04759295081378763,0.0034597003453830035,0.044133250468404626,0.009615696674740819,0.03797725413904681,ZAF,0.19882852117663216
TZA,2022,0.006550159062866305,0.03989835336534439,0.0014378001947093425,0.03846055317063505,0.0034009868427280206,0.03649736652261637,ZAF,0.17962045544240152
TZA,2023,0.0019021960841348867,0.03531621236135657,0.001996495090608409,0.03331971727074816,0.0010932337407903137,0.03422297862056625,ZAF,0.15705807863814403
UGA,1991,0.014140527354087738,-0.0011407990190353994,0.0,-0.0011407990190353994,0.0011710114120079156,-0.002311810431043315,TUN,0.030572664698845654
UGA,1992,0.012469747697284508,0.0036873537214778926,1.5246805500938863e-05,0.0036721069159769536,0.0015098118385927389,0.0021775418828851537,TUN,0.020087785200478762
UGA,1993,0.0036084038499592463,0.002515791063354155,1.0686695277021514e-05,0.0025051043680771336,0.0010421357593256371,0.001473655304028518,KOR,0.015425759049436851
UGA,1994,0.022693765667672262,0.005586040729015444,1.3921570240897958e-05,0.005572119158774546,0.0006167627292079622,0.004969277999807482,KEN,0.023733423170645186
UGA,1995,0.02136898203955017,0.011302320593393535,1.889861551117204e-05,0.011283421977882364,0.0010019719687980617,0.010300348624595473,KEN,0.023237370953883684
UGA,1996,0.017546987166475052,0.009207045438197546,1.7196004286001874e-05,0.009189849433911544,0.0022358492112584424,0.006971196226939104,POL,0.036528576704376335
UGA,1997,0.025698111137469237,0.0074564241298870956,8.108852666672689e-05,0.007375335603220369,0.0027619720958919542,0.004694452033995142,POL,0.04089775804660362
UGA,1998,0.026552603841746635,0.0041865930125457845,0.00012464820392321004,0.004061944808622575,0.0015118713982784913,0.002674721614267293,HUN,0.03921980690074353
UGA,1999,0.026944179143267948,0.006337090819427982,0.00012230545468637624,0.006214785364741606,0.0018936132830298265,0.004443477536398155,HUN,0.0653250840631829
UGA,2000,0.03149424625994705,0.009866623404678133,9.586943500045742e-05,0.009770753969677675,0.0029837040164675727,0.00688291938821056,HUN,0.06793615801438525
UGA,2001,0.014472584371017404,0.00875765342751835,3.8342681359538025e-05,0.008719310746158811,0.002060821842507534,0.006696831585010816,KEN,0.0555445934496838
UGA,2002,0.005846445807941313,0.011369246002900011,5.086077368827223e-05,0.011318385229211738,0.0005576307326774286,0.010811615270222582,KEN,0.10224553913549461
UGA,2003,0.0050134377756573005,0.015792212146467047,9.154902741572987e-05,0.015700663119051318,0.004228671710797715,0.011563540435669331,KEN,0.14630620993901775
UGA,2004,0.012728049835907106,0.027834760632183306,0.00012606744528987032,0.027708693186893434,0.0072050870307110056,0.0206296736014723,KEN,0.14472986369257984
UGA,2005,0.012930634315235917,0.033128130449491644,0.00038923902221929714,0.03273889142727235,0.007934777694742736,0.025193352754748908,KEN,0.13826514741561957
UGA,2006,0.01634753153666829,0.041665512887210696,0.0006553246311067581,0.04101018825610394,0.007764060647664663,0.033901452239546034,KEN,0.12379624792919453
UGA,2007,0.0142791638371782,0.03646428183586423,0.0009828278819740616,0.03548145395389017,0.0037732596979331927,0.03269102213793104,ARE,0.12037177826141932
UGA,2008,0.004079292883467061,0.02707968264474834,0.0008087105523237574,0.026270972092424582,0.004656806360251053,0.022422876284497285,ARE,0.1482141845307655
UGA,2009,-0.012714116955984059,0.002797384009822779,0.0007724567380347785,0.0020249272717880002,-0.007447668936252726,0.010245052946075504,ARE,0.13829656610278426
UGA,2010,0.008170569063969188,0.03763601107685423,0.0010228690781066382,0.03661314199874759,0.004980335316416808,0.032655675760437416,SDN,0.13155796319086469
UGA,2011,0.005537513928004269,0.027085483820130887,0.0010287127312652567,0.02605677108886563,-0.004462472932465881,0.031547956752596765,SDN,0.13662265595402767
UGA,2012,-0.00032370105052725135,0.005065882487956275,0.0010010761889084052,0.00406480629904787,-0.026364588033412486,0.03143047052136876,SDN,0.14145129928716157
UGA,2013,0.0013318000037883854,0.03366543219763335,0.0010086491334348583,0.03265678306419849,0.003161575400536244,0.030503856797097106,SDN,0.16328039562964913
UGA,2014,0.0053263695506227515,0.037128815046724786,0.0010774279641992746,0.03605138708252551,0.007128059883427212,0.030000755163297574,SDN,0.15645396730697447
UGA,2015,0.005080087694919965,0.03583339601114001,0.0015331248846479596,0.034300271126492046,0.006979965339429304,0.028853430671710704,KEN,0.14396835606590555
UGA,2016,0.005314356523141502,0.02226459380507737,0.0018100596539106653,0.020454534151166704,0.0071428622828901235,0.015121731522187244,KEN,0.17306935715252159
UGA,2017,0.005849063992854946,0.019475923868807997,0.0016858069687259029,0.017790116900082094,0.006776460498907682,0.012699463369900315,KEN,0.17993120381897307
UGA,2018,0.004101534788890967,0.03356745721054326,0.0010779311660282813,0.03248952604451498,0.01046034078103477,0.023107116429508488,KEN,0.19038804827064293
UGA,2019,0.0034583891972178524,0.034157654601098264,0.0006329885015700532,0.033524666099528214,0.009300570441461849,0.024857084159636417,KEN,0.1864711952705919
UGA,2020,-0.01201239811958923,-0.030127729380401317,0.00024325191579122705,-0.030370981296192544,-0.02068112119490059,-0.009446608185500728,ARE,0.22739761604090744
UGA,2021,0.010113356061361812,0.03867685413760733,0.000861472306039869,0.03781538183156746,0.014479714991710723,0.024197139145896607,ARE,0.3252295905583989
UGA,2022,0.00636170827173577,0.03928916507868384,0.0003406478860075727,0.038948517192676266,0.02579815381709031,0.013491011261593529,ARE,0.35605569300708445
UGA,2023,0.002091384395029024,0.029118894371157517,0.0007219164158971923,0.028396977955260326,0.010379224003770265,0.018739670367387253,ARE,0.24646106395979553
UKR,1993,-0.001546448979059671,0.014244894391854682,0.010567594988685534,0.0036772994031691476,-0.002049931273885638,0.01629482566574032,BGR,0.1374494455494446
UKR,1994,0.012519537444893704,0.011980320455099915,0.011857255318509907,0.00012306513659000873,0.0021430329879353156,0.009837287467164599,BGR,0.11895733734062217
UKR,1995,0.009426998939356557,0.013824603707218445,0.00843124152232952,0.005393362184888924,-0.00589141088949402,0.019716014596712465,RUS,0.13780701930351963
UKR,1996,0.004203631490087572,0.013742300555898842,0.006317108075229974,0.007425192480668867,-0.009917562347352927,0.02365986290325177,RUS,0.2826215257987586
UKR,1997,0.004542629660711265,0.024132835542669935,0.0045134438109067886,0.019619391731763147,0.004981786513207785,0.01915104902946215,RUS,0.42095604731578123
UKR,1998,0.004597989344903919,-0.0012296902223615323,0.0043820413142041095,-0.005611731536565642,-0.019326925836710848,0.018097235614349318,RUS,0.3636120020379707
UKR,1999,0.005479641841959309,0.03129715509764146,0.0045738543519945616,0.026723300745646897,0.017164065685680272,0.014133089411961185,RUS,0.2967125656413969
UKR,2000,0.008396450259299689,0.05207078819685541,0.005642815216045629,0.04642797298080978,0.022543265150722833,0.029527523046132573,RUS,0.23495127607859564
UKR,2001,0.004372412644189579,0.026896363970871272,0.0042982590640654956,0.022598104906805777,0.011342824516429663,0.01555353945444161,RUS,0.22775465226122213
UKR,2002,0.0028843310460092654,0.03654404225924921,0.004078064849170069,0.032465977410079144,0.010760679214098515,0.025783363045150696,RUS,0.22682844805417596
UKR,2003,0.0028321468164727867,0.04010382031910377,0.0036379039968633753,0.036465916322240395,0.014995954509099074,0.025107865810004695,RUS,0.21735512939094292
UKR,2004,0.0051331010025129995,0.05524111648811238,0.0038098178353500435,0.05143129865276233,0.013510977764370253,0.04173013872374212,RUS,0.19895063917324216
UKR,2005,0.005287150487477629,0.04957618734073152,0.0038939826138895657,0.04568220472684195,0.011647999460366348,0.03792818788036517,RUS,0.18317026990997412
UKR,2006,0.007458085757552232,0.05525019533944007,0.0036156303714669153,0.051634564967973154,0.015302124643052077,0.03994807069638799,RUS,0.1974786325017179
UKR,2007,0.005720085801319761,0.054810214057120415,0.002706430636424254,0.05210378342069616,0.0180499792987817,0.036760234758338714,RUS,0.211292999214887
UKR,2008,0.0003250089168184948,0.037514074472876566,0.001399303911932619,0.03611477056094395,0.013372470785574011,0.024141603687302553,RUS,0.23830953796763868
UKR,2009,-0.008725912210980144,-0.021176596073104147,0.0009382344305945475,-0.022114830503698696,-0.01801735689165854,-0.0031592391814456063,RUS,0.24441059913497395
UKR,2010,0.003651642454725421,0.040944516903627284,0.0018069632575241337,0.03913755364610315,0.009635287103390802,0.03130922980023648,RUS,0.2398863987962548
UKR,2011,0.0027248967786766094,0.03754835151841037,0.0021568653849918375,0.03539148613341853,0.010184737731930144,0.027363613786480227,RUS,0.24023124072247018
UKR,2012,-0.0012669492611466333,0.026273986895608087,0.0024113097723085022,0.023862677123299585,0.010148282589188113,0.016125704306419974,RUS,0.25716216461781277
UKR,2013,-0.00023124716930495636,0.021844743126162046,0.002085953789719932,0.019758789336442113,0.0045555997886216676,0.017289143337540377,RUS,0.2713772145466369
UKR,2014,0.0023633001671820074,0.022865951552997924,0.002451619482068784,0.02041433207092914,0.002182834782037012,0.02068311677096091,RUS,0.26334191698870013
UKR,2015,0.0033288816388843396,0.015843471580380613,0.0026851797487420915,0.013158291831638521,-0.004597910701356741,0.020441382281737353,RUS,0.22704788980291704
UKR,2016,0.003586820194406272,0.022148350478247987,0.003437021126829498,0.01871132935141849,0.00022013509967873957,0.021928215378569246,RUS,0.18304231332113338
UKR,2017,0.005245278814741425,0.032965475659878174,0.003650625682489204,0.02931484997738897,0.002594223305330255,0.03037125235454792,RUS,0.13619260561544513
UKR,2018,0.004016954267397655,0.03084722680995838,0.0034925508882049814,0.027354675921753398,0.0028377131262453305,0.02800951368371305,RUS,0.10603777739761086
UKR,2019,0.0038326126397468714,0.02319291607519757,0.002781657840580871,0.0204112582346167,0.002032426332338395,0.021160489742859175,RUS,0.08952453488432652
UKR,2020,-0.017474262772055313,-0.02117357163507727,0.001228304022717095,-0.022401875657794366,-0.0021339170458171486,-0.019039654589260123,RUS,0.07814985623283431
UKR,2021,0.01602348830332402,0.04771105149836073,0.007139270020167184,0.04057178147819355,0.007139270020167184,0.04057178147819355,CHN,0.08789450727471175
UKR,2022,0.009889291250712367,0.02694792998703244,0.003714782041394395,0.023233147945638046,0.003714782041394395,0.023233147945638046,CHN,0.11295296404965323
UKR,2023,0.0022999618632917706,0.021276138115263105,0.005150332086153006,0.0161258060291101,0.005150332086153006,0.0161258060291101,CHN,0.10762140185109574
URY,1991,0.005659443063242439,0.0029322892063040444,0.003539805141327255,-0.0006075159350232106,0.0030905012750167362,-0.0001582120687126918,BRA,0.30094811239441477
URY,1992,0.006352755251871355,0.01022300104155742,0.006984292470621426,0.0032387085709359937,-0.0014964455487850878,0.011719446590342507,BRA,0.27429721572124727
URY,1993,0.0032011486453722565,0.03375936756911746,0.007248608166682245,0.026510759402435215,0.012047447004597733,0.021711920564519725,BRA,0.2506101826281222
URY,1994,0.011166002905944942,0.038663318644158375,0.007430954303375556,0.031232364340782817,0.01254017904259111,0.026123139601567265,BRA,0.2204672565389447
URY,1995,0.008596865263613326,0.017544000003833413,0.005716811578778248,0.011827188425055165,0.009215364734043403,0.00832863526979001,BRA,0.22275325136740942
URY,1996,0.00704869235471534,0.02959987469731585,0.005246342314122321,0.02435353238319353,0.005972150688644186,0.023627724008671663,BRA,0.2744351467570773
URY,1997,0.009873528307618885,0.03721517585800682,0.005056561966606639,0.032158613891400185,0.011551971365082497,0.025663204492924325,BRA,0.3157382904100641
URY,1998,0.00938743061439421,0.010909431000309763,0.003969740991245818,0.006939690009063945,0.0012261782229464645,0.009683252777363299,BRA,0.34479983286527166
URY,1999,0.008842239073516953,0.0026532608923682914,0.0029324513959232464,-0.000279190503554955,0.0016200230694029057,0.0010332378229653857,BRA,0.34692698792227794
URY,2000,0.01085160623711473,0.02450580165192228,0.0028631274548481175,0.021642674197074163,0.013291358571263583,0.011214443080658698,BRA,0.31458658319230737
URY,2001,0.005047635602758737,0.0012942687646842312,0.0024947075284056978,-0.0012004387637214666,0.004051072587271131,-0.0027568038225869,BRA,0.27597185463279156
URY,2002,0.004461025585714361,-0.0037811818758296343,0.0034466823481718945,-0.007227864224001529,0.0069841763200966895,-0.010765358195926323,BRA,0.23442897246395603
URY,2003,0.005145708228334813,0.028428962099059346,0.004591055411947978,0.023837906687111367,0.0026563193868742838,0.025772642712185063,BRA,0.22853743019324893
URY,2004,0.008560744619387483,0.0398194981444688,0.004937923554275723,0.034881574590193073,0.011837946484741624,0.027981551659727176,BRA,0.22399789444046977
URY,2005,0.010918425771910392,0.031183318020890638,0.0050500371041842405,0.026133280916706397,0.007483026501168309,0.02370029151972233,BRA,0.20900346357985025
URY,2006,0.012559894410527747,0.033209328617517804,0.004829409414702555,0.028379919202815247,0.006848734195742541,0.02636059442177526,BRA,0.17694685480891903
URY,2007,0.009988106372566082,0.0372025596991217,0.0053105827745524165,0.031891976924569285,0.008930709848406004,0.028271849850715697,BRA,0.15506112870165215
URY,2008,0.0010554883710970396,0.02673211043750129,0.0037347636162543925,0.022997346821246895,0.007283273695886383,0.019448836741614905,BRA,0.15586858219122887
URY,2009,-0.012908009386207377,-0.00703736206400216,0.0033888979826444377,-0.010426260046646598,0.00029451337117755385,-0.007331875435179713,BRA,0.1723028039644707
URY,2010,0.006732826284179273,0.044784098816273266,0.004136258501291064,0.040647840314982205,0.014739356195714128,0.030044742620559138,BRA,0.20247216729813014
URY,2011,0.0038791766455266354,0.035022272221078975,0.004510314445330437,0.030511957775748538,0.00917394764208052,0.025848324578998452,BRA,0.22752722578542883
URY,2012,-0.0003551449875552763,0.02240390637327002,0.004933707026024818,0.017470199347245204,0.0038903181724443416,0.01851358820082568,BRA,0.24320277955072983
URY,2013,0.0010077166323005158,0.028528205932008714,0.006253466670401942,0.022274739261606773,0.0075270077719113634,0.02100119816009735,BRA,0.2396121368679803
URY,2014,0.004209348574866171,0.014645255235318459,0.008657169711765255,0.005988085523553203,0.001191608247282026,0.013453646988036432,BRA,0.2317725645124055
URY,2015,0.00421853704196695,0.006549115475213599,0.009967762196711891,-0.0034186467214982925,-0.008107161710823717,0.014656277186037316,BRA,0.2248037626979009
URY,2016,0.004246491013722869,0.003333538961950059,0.011101709172029078,-0.007768170210079019,-0.007352974438614114,0.010686513400564174,BRA,0.2080146862223963
URY,2017,0.006387307377410808,0.019495639412498426,0.010884751680189472,0.008610887732308954,0.0032802186459188597,0.016215420766579565,BRA,0.2031153750091038
URY,2018,0.005523844811820326,0.01924559424570401,0.011976209068085377,0.007269385177618633,0.0032441948443130662,0.016001399401390944,BRA,0.1971721102238088
URY,2019,0.004433404421472668,0.016266070981030892,0.011716083962044965,0.0045499870189859275,0.011716083962044965,0.0045499870189859275,CHN,0.20263180410957973
URY,2020,-0.010054743637258615,-0.02354784508487848,0.005601639524217492,-0.02914948460909597,0.005601639524217492,-0.02914948460909597,CHN,0.25206340484172846
URY,2021,0.011923851385623341,0.0548811056210166,0.020938961045040214,0.033942144575976385,0.020938961045040214,0.033942144575976385,CHN,0.25778821345870523
URY,2022,0.006680592855080668,0.028243422286137052,0.009381312067793987,0.018862110218343067,0.009381312067793987,0.018862110218343067,CHN,0.2852514610344027
URY,2023,0.003492148397960194,0.025986390110891554,0.01307541547123386,0.012910974639657695,0.01307541547123386,0.012910974639657695,CHN,0.2732240405590593
UZB,1993,-0.004113016004788402,0.05687123722599683,0.010048937844228827,0.046822299381768004,0.042660389067836264,0.014210848158160566,PNG,0.25510426690901733
UZB,1994,0.015260806491440697,0.00726037152867043,0.005750274768651159,0.0015100967600192713,0.008918423192819864,-0.001658051664149434,PNG,0.15450453356090657
UZB,1995,0.012105869642870257,-0.004982491313771254,0.004399750188289242,-0.009382241502060497,-0.0055936470936989,0.0006111557799276463,RUS,0.1308419744399536
UZB,1996,0.0062617863696452425,-0.0025365600060757425,0.002360769028472336,-0.0048973290345480786,-0.008090322809017107,0.005553762802941365,RUS,0.2305505422004428
UZB,1997,0.006863250777155812,0.01600150232629786,0.003483893770440282,0.012517608555857578,0.003632274496048899,0.012369227830248962,RUS,0.3069236127579704
UZB,1998,0.006149778573043755,-0.006238156912725182,0.0030932342763973155,-0.009331391189122497,-0.015025794358189697,0.008787637445464515,RUS,0.2826915783168347
UZB,1999,0.006711793576656734,0.029917669926024675,0.002606032551012442,0.027311637375012233,0.014519465827972908,0.015398204098051767,RUS,0.250995774337698
UZB,2000,0.00892110983495937,0.05461664767919074,0.001762264152053179,0.05285438352713756,0.023651252171620146,0.030965395507570596,RUS,0.24649898057915678
UZB,2001,0.0028037634952952206,0.0379631097497962,0.009325406251470509,0.02863770349832569,0.01010865115152262,0.02785445859827358,RUS,0.20297345908069475
UZB,2002,0.0008100718430219087,0.07008995353952191,0.019941850080539492,0.05014810345898242,0.019941850080539492,0.05014810345898242,CHN,0.2291866968490377
UZB,2003,0.000335086024871493,0.0757691557496006,0.0318719438106157,0.043897211938984895,0.0318719438106157,0.043897211938984895,CHN,0.34078143020768886
UZB,2004,0.000356702738753903,0.07255397669694352,0.03330875559381188,0.039245221103131646,0.03330875559381188,0.039245221103131646,CHN,0.34078143017825324
UZB,2005,0.00038094707711575147,0.08032197568362641,0.03671429100493106,0.04360768467869535,0.03671429100493106,0.04360768467869535,CHN,0.3419011641145635
UZB,2006,0.00041765878940676506,0.08467895463471783,0.041094315134243935,0.0435846395004739,0.041094315134243935,0.0435846395004739,CHN,0.3430208979419156
UZB,2007,0.0004356738428708902,0.09773543647973831,0.045675933136053164,0.05205950334368515,0.045675933136053164,0.05205950334368515,CHN,0.3441406321712364
UZB,2008,2.261097083034485e-05,0.05470236890061369,0.03244641522926303,0.022255953671350658,0.03244641522926303,0.022255953671350658,CHN,0.34414063216728524
UZB,2009,-0.0006919229373983083,0.0309902526772488,0.030459827208998924,0.0005304254682498774,0.030459827208998924,0.0005304254682498774,CHN,0.3441406318869389
UZB,2010,0.00035352074292957383,0.07569076994923477,0.03463552653582202,0.04105524341341275,0.03463552653582202,0.04105524341341275,CHN,0.3441406316750102
UZB,2011,0.00020943673506507667,0.06181885852039791,0.03146622538499906,0.03035263313539885,0.03146622538499906,0.03035263313539885,CHN,0.3441406315585112
UZB,2012,0.00011305959841990623,0.05324396284109972,0.026361651966466153,0.02688231087463357,0.026361651966466153,0.02688231087463357,CHN,0.3441406315484228
UZB,2013,0.00018193555133195365,0.048402173863772116,0.025636172647859827,0.02276600121591229,0.025636172647859827,0.02276600121591229,CHN,0.34414063167831704
UZB,2014,0.00040890110667720297,0.044451847679648104,0.02492855898563698,0.019523288694011123,0.02492855898563698,0.019523288694011123,CHN,0.34414063171382264
UZB,2015,0.00032087258759091845,0.0303236142209116,0.023244134067771843,0.007079480153139757,0.023244134067771843,0.007079480153139757,CHN,0.34414063164163794
UZB,2016,0.0003018438783694028,0.041489035678806394,0.02270944373272455,0.018779591946081843,0.02270944373272455,0.018779591946081843,CHN,0.3441406316220223
UZB,2017,0.000552921870755822,0.04473452456036704,0.021074574652970208,0.023659949907396834,0.021074574652970208,0.023659949907396834,CHN,0.31455467116688507
UZB,2018,0.000490631063446124,0.03511751470283485,0.01716186501742165,0.0179556496854132,0.01716186501742165,0.0179556496854132,CHN,0.263325235737342
UZB,2019,0.0006509571180670042,0.03288854705366223,0.013377984212921405,0.019510562840740826,0.013377984212921405,0.019510562840740826,CHN,0.23137467136592518
UZB,2020,-0.0027175781575458184,-0.00866891721225672,0.004903084427511502,-0.013572001639768223,0.004903084427511502,-0.013572001639768223,CHN,0.22062971915309934
UZB,2021,0.0025132393823812573,0.044897467767738404,0.01760823614084106,0.027289231626897344,0.01760823614084106,0.027289231626897344,CHN,0.21678228099008845
UZB,2022,0.0014694396429722346,0.020188358433690122,0.006337008887530211,0.013851349546159911,-0.002544937125568586,0.02273329555925871,RUS,0.19341243100975858
UZB,2023,0.0004851622511518593,0.04463601828614902,0.008389909885136977,0.03624610840101204,0.006952015219626823,0.0376840030665222,RUS,0.1943196995248398
VEN,1991,0.003251433639914025,0.0025788880309282,3.396851854223439e-05,0.0025449195123859658,-0.0033803937529525404,0.00595928178388074,CUB,0.029892013616332133
VEN,1992,0.022127223986142374,0.004437553784446864,2.596343123983017e-05,0.004411590353207034,-0.0037537992698311157,0.00819135305427798,CUB,0.03049917754071109
VEN,1993,0.018863043556255493,0.004511588536333193,2.290137524848755e-05,0.004488687161084705,0.0016750376177409173,0.0028365509185922753,COL,0.02930518020376156
VEN,1994,0.02810373358431625,0.010045425357191634,2.6512586532315544e-05,0.010018912770659319,0.002409326757420167,0.007636098599771467,COL,0.04456169007421675
VEN,1995,0.020488497310135776,0.0091135789888788,5.0062576218748276e-05,0.009063516412660053,0.0034932312606741644,0.005620347728204637,COL,0.06810307862624161
VEN,1996,0.02360451886682622,0.008682853788158487,4.115862089798926e-05,0.008641695167260498,0.0013389413362027377,0.00734391245195575,COL,0.08100410653484993
VEN,1997,0.028353700601928086,0.014475374708635743,2.7144816092045256e-05,0.014448229892543699,0.002509400295239828,0.011965974413395915,COL,0.0777846629846934
VEN,1998,0.032294907130196705,0.006030095100606911,1.0943103852073093e-06,0.006029000790221704,0.0003099135723801286,0.005720181528226782,COL,0.0684907826355141
VEN,1999,0.031466768954508006,0.0012169427006608413,1.0158209579624338e-06,0.0012159268797028789,-0.003861716167355773,0.005078658868016615,COL,0.07243199682438844
VEN,2000,0.027698664192298557,0.009931559100175773,1.3614256282741257e-07,0.009931422957612946,0.001799837542174847,0.008131721558000926,COL,0.0696171109495979
VEN,2001,0.006726462690188909,0.0053707915800871925,2.1965206397834544e-05,0.005348826373689358,0.0009454668068163196,0.004425324773270873,COL,0.058685206017621803
VEN,2002,0.01578782511132528,0.0073769854099070276,8.638544514608619e-05,0.007290599964760941,0.0012221550021825922,0.006154830407724436,BRA,0.04102252409191505
VEN,2003,0.019288029513376388,0.009399483843046848,0.000235618627663465,0.009163865215383383,0.0013907299151775104,0.008008753927869337,COL,0.035381794802545254
VEN,2004,0.02454445312527441,0.012131181917425207,0.0005024999540234939,0.011628681963401713,0.0018867270237617148,0.010244454893663492,COL,0.03617922537126774
VEN,2005,0.027525290474997743,0.013828898987030838,0.0008501549218406033,0.012978744065190236,0.0016919934440853912,0.012136905542945447,COL,0.037033501654099306
VEN,2006,0.020642598946277436,0.0162867223557213,0.001056870062132735,0.015229852293588565,0.002145380681262665,0.014141341674458635,COL,0.033557468706054416
VEN,2007,0.015778738481152986,0.013948613259823023,0.0009667439933194333,0.01298186926650359,0.0029478541015336922,0.01100075915828933,CUB,0.042048788449248975
VEN,2008,0.000982843551947438,0.00808737251878617,0.0013882017926494699,0.006699170726136699,0.0017711189944562044,0.006316253524329965,CUB,0.043901008044449054
VEN,2009,-0.02002070656258533,0.002864549573694474,0.0023450810339865832,0.0005194685397078907,0.0006667224565456854,0.0021978271171487884,CUB,0.04627251330547782
VEN,2010,0.016658482630314855,0.019491832171555427,0.0046618158079409725,0.014830016363614454,0.001128282689937693,0.018363549481617735,CUB,0.04776318562380475
VEN,2011,0.011608687661646362,0.01813366245324106,0.005760003433769518,0.012373659019471543,0.005760003433769518,0.012373659019471543,CHN,0.0629961552497376
VEN,2012,0.011979752898126108,0.01860110488522739,0.0072218156166676244,0.011379289268559767,0.0072218156166676244,0.011379289268559767,CHN,0.09427786204019983
VEN,2013,0.008866958146466979,0.023245142284992918,0.00952488876627428,0.013720253518718637,0.00952488876627428,0.013720253518718637,CHN,0.12786234831996204
VEN,2014,0.013880638885566003,0.026804322361705834,0.011179203638377943,0.01562511872332789,0.011179203638377943,0.01562511872332789,CHN,0.15432974703373312
VEN,2015,0.013054587766328396,0.029793955183014465,0.010610241600514056,0.019183713582500407,0.013263767472630257,0.016530187710384208,IND,0.17632496972900938
VEN,2016,0.007639177642017167,0.029063539647192264,0.009885127084553153,0.01917841256263911,0.014084590983520735,0.01497894866367153,IND,0.183649884940141
VEN,2017,0.011670605148496625,0.028954857754641038,0.010016399362985868,0.018938458391655172,0.012267314626590479,0.01668754312805056,IND,0.18885024500638828
VEN,2018,0.013031651239660491,0.027414777238619358,0.010188604963003455,0.017226172275615903,0.011340085006743453,0.016074692231875905,IND,0.1859197574377087
VEN,2019,0.010492387611416524,0.01912449168275846,0.008981821352131901,0.01014267033062656,0.007552392747728463,0.011572098935029997,IND,0.18608699327228898
VEN,2020,-0.01359108279790237,-0.025479218884505647,0.00307106562338909,-0.028550284507894735,-0.010381410955061114,-0.015097807929444533,IND,0.1774715241206466
VEN,2021,0.029566303738422166,0.039241163259872466,0.007496731830773382,0.031744431429099086,0.016019103680635347,0.02322205957923712,IND,0.1740849315023357
VEN,2022,0.014203544990761378,0.02237605624737845,0.0022577997061597414,0.02011825654121871,0.007984952922793156,0.014391103324585293,IND,0.11573591228629058
VEN,2023,0.018501891540842134,0.01297004780665827,0.002133400473520289,0.01083664733313798,0.001779841158382781,0.011190206648275488,SGP,0.0986051733129787
VNM,1991,0.006395943053658537,-0.04496681537247092,0.0003050799726927849,-0.04527189534516371,-0.05363592021473161,0.008669104842260689,SUN,0.40279181070029135
VNM,1992,0.0033695108345110814,-0.027449895390532247,0.0008788145476298238,-0.02832870993816207,-0.049159933972419155,0.021710038581886908,SUN,0.2554269455890221
VNM,1993,0.0008634957805638242,0.03891599573092651,0.002803675820163148,0.03611231991076336,0.02076096191036795,0.01815503382055856,SGP,0.19135856235110119
VNM,1994,0.0052877471153735586,0.03004411802249371,0.004361400274314102,0.02568271774817961,0.019245264263062018,0.010798853759431692,SGP,0.18290202940922537
VNM,1995,0.012166311162846926,0.031310005880195405,0.005847787010606102,0.0254622188695893,0.01096892269909226,0.020341083181103142,SGP,0.15828954927853103
VNM,1996,0.01346925906676105,0.03301178033086241,0.006208768883638145,0.026803011447224266,0.010544581077183972,0.02246719925367844,SGP,0.14634175330723262
VNM,1997,0.008014275407522956,0.0342140470044008,0.006162574215132948,0.02805147278926785,0.012981563209314864,0.02123248379508593,SGP,0.16250390032282297
VNM,1998,0.004477873377864965,-0.001580426836810144,0.004482988791309536,-0.00606341562811968,-0.0034100470369466084,0.0018296202001364644,SGP,0.15392645752960402
VNM,1999,0.0088079110679129,0.03150274925980452,0.003597651967605343,0.02790509729219918,0.0075282805755061515,0.02397446868429837,SGP,0.13538002791849643
VNM,2000,0.01769083225705426,0.03537743971603623,0.004658035609651346,0.03071940410638488,0.0084261676646664,0.026951272051369827,SGP,0.09737951491055102
VNM,2001,0.007427395135915222,0.011741796239384686,0.005691360651866131,0.006050435587518555,0.005691360651866131,0.006050435587518555,CHN,0.07313773361527554
VNM,2002,0.006795396931303311,0.022047138168169337,0.007807347940327945,0.014239790227841392,0.007807347940327945,0.014239790227841392,CHN,0.08972789778121189
VNM,2003,0.00953722037089397,0.012834749822186332,0.00922614201447368,0.0036086078077126518,0.00922614201447368,0.0036086078077126518,CHN,0.0986478229779124
VNM,2004,0.015652479894727574,0.03941680643282982,0.00923647463264743,0.03018033180018239,0.00923647463264743,0.03018033180018239,CHN,0.09449824765304395
VNM,2005,0.016078655751044113,0.028382378679667274,0.010632093004760375,0.0177502856749069,0.010632093004760375,0.0177502856749069,CHN,0.09901117182989179
VNM,2006,0.014975774539980743,0.031602952656101836,0.01222571674523313,0.019377235910868706,0.01222571674523313,0.019377235910868706,CHN,0.10205003592914942
VNM,2007,0.014779091942069573,0.03265411805415234,0.013037676560826515,0.019616441493325823,0.013037676560826515,0.019616441493325823,CHN,0.09823103646995685
VNM,2008,0.0012037560416211326,0.018911777088786722,0.008187708576853735,0.010724068511932987,0.008187708576853735,0.010724068511932987,CHN,0.08684235795326557
VNM,2009,-0.018939379147360293,0.0069391549198033605,0.007035683795735475,-9.65288759321144e-05,0.007035683795735475,-9.65288759321144e-05,CHN,0.07949042686971562
VNM,2010,0.016317854446887492,0.031578159211998164,0.008230861819924442,0.023347297392073724,0.008230861819924442,0.023347297392073724,CHN,0.08178232783638827
VNM,2011,0.008725067813271743,0.02398133521457804,0.008318731200479977,0.01566260401409806,0.008318731200479977,0.01566260401409806,CHN,0.09098051558683186
VNM,2012,0.007535344797117967,0.023287011812351557,0.007989607042309933,0.015297404770041625,0.007989607042309933,0.015297404770041625,CHN,0.10430106644537614
VNM,2013,0.0071272770203345,0.023497434295806873,0.008305624269795477,0.015191810026011396,0.008305624269795477,0.015191810026011396,CHN,0.11149491080248261
VNM,2014,0.009801208112329152,0.022986832502035363,0.008051003420665141,0.014935829081370222,0.008051003420665141,0.014935829081370222,CHN,0.11114470775122709
VNM,2015,0.011005976225192074,0.02138444972726121,0.0071256111535942124,0.014258838573666997,0.0071256111535942124,0.014258838573666997,CHN,0.10549811475363251
VNM,2016,0.008348299266809186,0.02097682973181481,0.006793892445770115,0.014182937286044695,0.006793892445770115,0.014182937286044695,CHN,0.1029551610764579
VNM,2017,0.012677256680346437,0.021490650045659976,0.007392017316671535,0.01409863272898844,0.007392017316671535,0.01409863272898844,CHN,0.1103316965867127
VNM,2018,0.011043502926888596,0.021905023944838526,0.008585236435792445,0.013319787509046081,0.008585236435792445,0.013319787509046081,CHN,0.13172865571550255
VNM,2019,0.00823340614605559,0.017589400077795497,0.008954411927580102,0.008634988150215395,0.008954411927580102,0.008634988150215395,CHN,0.15486818372964234
VNM,2020,-0.020380173466139948,-0.010528221399306602,0.0036989211965051242,-0.014227142595811726,0.0036989211965051242,-0.014227142595811726,CHN,0.16644460376313952
VNM,2021,0.026721394757964582,0.03184523872821955,0.013808815872552336,0.018036422855667214,0.013808815872552336,0.018036422855667214,CHN,0.17000604595941365
VNM,2022,0.013502496557714747,0.016121298605744322,0.005558012681945177,0.010563285923799145,0.005558012681945177,0.010563285923799145,CHN,0.16899888059532533
VNM,2023,0.011449810695858289,0.0173587567682447,0.008098011212709401,0.009260745555535299,0.008098011212709401,0.009260745555535299,CHN,0.1692161406952403
YEM,1991,0.019033481422614587,0.007080416656001464,8.500686610626706e-05,0.006995409789895197,0.0024798261404943758,0.004600590515507088,TWN,0.030843838942507633
YEM,1992,0.015160676025558574,0.007937775060608391,6.347819065965776e-05,0.007874296869948734,0.0036652126762039827,0.004272562384404408,JOR,0.02733361072081156
YEM,1993,0.006359808401503393,0.007381294972881186,4.128200247128354e-05,0.0073400129704099025,0.0001251924430708049,0.007256102529810382,SAU,0.03302269145033993
YEM,1994,0.016878767443448697,0.013259591775228532,0.005948487604589109,0.007311104170639422,0.0060953182794088396,0.007164273495819692,SGP,0.0579283333271126
YEM,1995,0.012883240053450727,0.031397757174043445,0.005679285143329275,0.02571847203071417,0.007187739692812213,0.024210017481231232,SGP,0.10372432257187911
YEM,1996,0.008319465563356734,0.04788252764784608,0.012370453890440383,0.0355120737574057,0.011584863568336969,0.036297664079509115,KOR,0.15363352455347296
YEM,1997,0.004121808441864725,0.0416859274886031,0.014912483556517532,0.02677344393208557,0.011846275172685774,0.029839652315917328,KOR,0.19614431415501177
YEM,1998,0.000595812807168752,0.0012121668941352057,0.019897692237300205,-0.018685525343164998,0.019897692237300205,-0.018685525343164998,CHN,0.2576375107914976
YEM,1999,0.002850949915995004,0.050100921513514904,0.018854153801771897,0.031246767711743006,0.018854153801771897,0.031246767711743006,CHN,0.26298851499458736
YEM,2000,0.005168677057942964,0.05891084733472456,0.02387186318040154,0.03503898415432302,0.02387186318040154,0.03503898415432302,CHN,0.2828842382270494
YEM,2001,0.0016785283403630725,0.037508139918532364,0.01897276807109928,0.018535371847433084,0.01897276807109928,0.018535371847433084,CHN,0.24381256820782882
YEM,2002,0.0014841244212540935,0.053609759292873205,0.016834498281065403,0.0367752610118078,0.012269182893596553,0.04134057639927665,THA,0.205603749138859
YEM,2003,0.0022528179200366183,0.056717693489926,0.012775074395997146,0.04394261909392885,0.013450050461587712,0.04326764302833829,IND,0.17330171384861623
YEM,2004,0.0026264517678475374,0.06790627078552497,0.01695854368603891,0.050947727099486056,0.01695854368603891,0.050947727099486056,CHN,0.17350263220708195
YEM,2005,0.0024374627413807607,0.06263167696889957,0.025372840684112108,0.03725883628478746,0.025372840684112108,0.03725883628478746,CHN,0.23628411524074255
YEM,2006,0.0027826478176698507,0.07389573421797571,0.03779194835687638,0.03610378586109933,0.03779194835687638,0.03610378586109933,CHN,0.3154555080916241
YEM,2007,0.004052187452591859,0.06931247654296155,0.038584389762957846,0.030728086780003702,0.038584389762957846,0.030728086780003702,CHN,0.29071012617112085
YEM,2008,0.0007839878088589804,0.040831613986740616,0.02498116980273272,0.015850444184007894,0.02498116980273272,0.015850444184007894,CHN,0.26496102905189883
YEM,2009,-0.005589522921913086,0.030558678556594034,0.022460690389152868,0.008097988167441166,0.022460690389152868,0.008097988167441166,CHN,0.2537649386552118
YEM,2010,0.0036451025916730277,0.06628347837880068,0.02639199517237441,0.03989148320642627,0.02639199517237441,0.03989148320642627,CHN,0.26223241850794604
YEM,2011,0.00011547591501139178,0.05314023085785083,0.02438768797689826,0.02875254288095257,0.02438768797689826,0.02875254288095257,CHN,0.26672389967125787
YEM,2012,0.00014587030718154348,0.054534207610994076,0.020585161831829738,0.03394904577916434,0.020585161831829738,0.03394904577916434,CHN,0.2687309051171738
YEM,2013,0.0009248572771713309,0.048922601738407345,0.024020639871137606,0.02490196186726974,0.024020639871137606,0.02490196186726974,CHN,0.3224536787187213
YEM,2014,0.001568631618029392,0.0440440582004446,0.0237782752226801,0.0202657829777645,0.0237782752226801,0.0202657829777645,CHN,0.3282608778515069
YEM,2015,0.0011017696622141653,0.04850268389732245,0.02282745156755954,0.02567523232976291,0.02282745156755954,0.02567523232976291,CHN,0.33797144597100887
YEM,2016,0.0008676319957660495,0.04357027236150955,0.013351530284758866,0.030218742076750685,0.013351530284758866,0.030218742076750685,CHN,0.2023301019344791
YEM,2017,0.0010163882562100825,0.044013666971892615,0.008147942891270004,0.03586572408062261,0.016779851931524443,0.027233815040368172,MWI,0.4278319156984274
YEM,2018,0.0006620424046651235,0.04125725438144038,0.00018805002916430673,0.041069204352276074,0.026245553605244724,0.015011700776195656,MWI,0.6158806048817226
YEM,2019,0.00010365555035501798,0.045935126934278196,6.110856720890877e-06,0.045929016077557304,0.0391414063383705,0.006793720595907694,MWI,0.7040614639707228
YEM,2020,-0.00011121344090971478,0.00613965873387071,8.743591411597962e-06,0.006130915142459112,0.00537079980701899,0.0007688589268517202,MWI,0.6794407435374393
YEM,2021,0.0013147407235301215,0.04279077577343637,3.80918498857003e-05,0.042752683923550666,0.03232782737540281,0.010462948398033557,MWI,0.7252523771727964
YEM,2022,0.0006643896914403424,0.03362156622080308,2.3665108677332898e-05,0.03359790111212575,0.004608393631241276,0.029013172589561806,MWI,0.5026092304376546
YEM,2023,3.927138248043804e-05,0.02978003985119626,2.485506150239012e-05,0.02975518478969387,0.008441384962707079,0.021338654888489184,MWI,0.43804525638526925
YUG,1991,0.012852481633980901,-0.04621019344901387,0.00016530528819344684,-0.04637549873720732,-0.025481980063147214,-0.020728213385866657,SUN,0.19136304269176507
YUG,1992,0.008530219278026142,-0.031608548682271934,0.0005204245040048544,-0.03212897318627679,-0.033300139351196426,0.001691590668924492,SUN,0.17302205668008014
YUG,1993,-0.002769436074267416,-0.0012698354349762637,0.0006911558368536431,-0.0019609912718299067,-0.008777575359663935,0.007507739924687671,LBR,0.021937884792531104
YUG,1994,0.021516447329145524,2.8677388352127756e-05,0.0008180741570786897,-0.0007893967687265619,-0.005615482832141687,0.005644160220493815,LBR,0.02288119996688314
YUG,1995,0.019455618230286843,0.006116061267503864,0.0006188027363108133,0.00549725853119305,-0.001139469471406322,0.007255530738910185,LBR,0.026135261032033855
ZAF,1999,0.018318997116511852,0.014645365096416781,0.0006304119921994837,0.014014953104217298,-0.00039984409161019925,0.01504520918802698,ZWE,0.0486861200195832
ZAF,2000,0.022695948123383502,0.01644783468117549,0.0008567404263354512,0.015591094254840038,-0.0013834686289331975,0.017831303310108685,ZWE,0.044529082907163876
ZAF,2001,0.010374019098814332,0.0118384158747879,0.0009234139138409069,0.010915001960946993,0.0005774250970118018,0.011260990777776097,ZWE,0.040400410083761086
ZAF,2002,0.007733273509043551,0.012726145450622383,0.0013359015055413152,0.011390243945081067,-0.003105789502796,0.01583193495341838,ZWE,0.03334301986583154
ZAF,2003,0.009865629330768523,0.012082111454287465,0.0016999954916831375,0.010382115962604327,-0.005611572629780602,0.017693684084068066,ZWE,0.030125966259836122
ZAF,2004,0.015234629224732626,0.021685630459193278,0.002210647051556251,0.019474983407637026,-0.0017125135043378438,0.023398143963531123,ZWE,0.028622947815000327
ZAF,2005,0.015717670487373152,0.019357296212812646,0.002686880694341977,0.01667041551847067,-0.0016005396069706836,0.02095783581978333,ZWE,0.02721689777484389
ZAF,2006,0.017679255380433384,0.022142927643045776,0.003380649621453647,0.018762278021592128,0.003380649621453647,0.018762278021592128,CHN,0.02821882941691133
ZAF,2007,0.01680622899742189,0.022390973879355704,0.0042390772597865715,0.018151896619569133,0.0042390772597865715,0.018151896619569133,CHN,0.031938892713155434
ZAF,2008,0.0012025373131348805,0.013117995879885772,0.004243782325112262,0.00887421355477351,0.004243782325112262,0.00887421355477351,CHN,0.04501138020410082
ZAF,2009,-0.02439808471954426,0.01442975626749949,0.004883870262549742,0.009545886004949749,0.004883870262549742,0.009545886004949749,CHN,0.05517884873986245
ZAF,2010,0.015217735928733264,0.034013814183280346,0.007690278812267743,0.026323535371012605,0.007690278812267743,0.026323535371012605,CHN,0.0764110632322442
ZAF,2011,0.008121264326588589,0.030949781724897776,0.007977440331671417,0.02297234139322636,0.007977440331671417,0.02297234139322636,CHN,0.08724787674312345
ZAF,2012,0.0038915353398677396,0.030637755322775677,0.008401100226246572,0.022236655096529105,0.008401100226246572,0.022236655096529105,CHN,0.10967294239525839
ZAF,2013,0.004571798171847773,0.03266017360736108,0.008454854263118835,0.024205319344242242,0.008454854263118835,0.024205319344242242,CHN,0.11349817801686296
ZAF,2014,0.007399037224002104,0.03119303037174052,0.009129527240294148,0.022063503131446373,0.009129527240294148,0.022063503131446373,CHN,0.1260338101987205
ZAF,2015,0.00746895543295791,0.022192339333386664,0.007946851951806527,0.014245487381580137,0.007946851951806527,0.014245487381580137,CHN,0.11765698142522543
ZAF,2016,0.006503276883401669,0.024321344173997228,0.0074266076358944,0.016894736538102827,0.0074266076358944,0.016894736538102827,CHN,0.11254337502519716
ZAF,2017,0.009373616371976683,0.022278644984536383,0.006679478577786292,0.015599166406750091,0.006679478577786292,0.015599166406750091,CHN,0.09969649315345498
ZAF,2018,0.007322324890912053,0.023571979498515205,0.006524841099560628,0.017047138398954578,0.006524841099560628,0.017047138398954578,CHN,0.10011472057065689
ZAF,2019,0.005968684363026262,0.014730419962793936,0.005779160047071952,0.008951259915721984,0.005779160047071952,0.008951259915721984,CHN,0.09995162465290115
ZAF,2020,-0.02062471831183663,-0.02118754367523583,0.0023494480067201575,-0.023536991681955985,0.0023494480067201575,-0.023536991681955985,CHN,0.10572080932951901
ZAF,2021,0.022094572168316756,0.037292160486001105,0.009221508711990819,0.02807065177401029,0.009221508711990819,0.02807065177401029,CHN,0.11352980938951995
ZAF,2022,0.01276906361560202,0.02438640688593041,0.003973469880635601,0.020412937005294812,0.003973469880635601,0.020412937005294812,CHN,0.12081871710872812
ZAF,2023,0.005511142211569337,0.023051672564757063,0.0055350597677598255,0.017516612796997236,0.0055350597677598255,0.017516612796997236,CHN,0.11566067616056555
ZMB,1991,0.01438694424342042,0.02223552861810458,0.0,0.02223552861810458,0.005960399206110717,0.016275129411993862,THA,0.0725844234739105
ZMB,1992,0.006064348072802965,0.012186013953157285,3.30981635668467e-08,0.012185980854993717,0.00241262335132294,0.009773390601834344,IND,0.09770628128121724
ZMB,1993,0.0010203614000011032,0.023834923083682825,0.0005131883638041853,0.02332173471987864,0.0038029831699776585,0.020031939913705166,IND,0.07526068297320593
ZMB,1994,0.00897370902554744,0.030085571948303767,0.000491723960475715,0.02959384798782805,0.0007368004326916884,0.02934877151561208,SAU,0.07768481388628408
ZMB,1995,0.011261412821684197,0.02955209255479536,0.0004005202796901499,0.02915157227510521,0.0003307599782019524,0.029221332576593408,SAU,0.1062595535378501
ZMB,1996,0.011012344486617658,0.03414476421108586,5.270170108165968e-06,0.03413949404097769,0.003158065051832858,0.030986699159253,SAU,0.09713445164836126
ZMB,1997,0.00791631814450346,0.016125217867137973,1.2039879133030767e-05,0.01611317798800494,-0.003074195825590473,0.019199413692728446,THA,0.11009927203080992
ZMB,1998,0.0075060531809794055,-0.003837882145783009,0.0001560901067889102,-0.003993972252571919,-0.007953668482838423,0.004115786337055414,THA,0.10015756913705769
ZMB,1999,0.01107845060183835,0.018466052789392676,0.0001637426262318123,0.018302310163160865,-0.0006400851856866907,0.019106137975079367,SAU,0.10073322297297982
ZMB,2000,0.016565590750332565,0.022940170631415225,0.00019145566853798521,0.02274871496287724,0.003962334507565901,0.018977836123849325,ZAF,0.09630906443583098
ZMB,2001,0.008763406058518506,0.008848034449090787,3.3020926556768016e-05,0.008815013522534018,0.004526603332285829,0.004321431116804958,ZAF,0.1699066683671895
ZMB,2002,0.0061235671018908065,0.015061862884411928,1.9900914192647567e-05,0.015041961970219281,0.0076971723815630255,0.007364690502848902,ZAF,0.21183530172372575
ZMB,2003,0.012931796217188686,0.012531707606416302,0.00013917777448859369,0.012392529831927708,0.006845328169522005,0.005686379436894297,ZAF,0.23552155431444677
ZMB,2004,0.013574546532105438,0.02306424374280476,0.0006898854015341832,0.022374358341270578,0.009792469610567529,0.013271774132237232,ZAF,0.21986417952861573
ZMB,2005,0.012944872244011592,0.026140847758873924,0.001514944521349529,0.024625903237524394,0.011697308343996635,0.014443539414877289,ZAF,0.22746251461131942
ZMB,2006,0.014630966056415335,0.03033757414611666,0.005056443746310328,0.025281130399806333,0.010003926805184866,0.020333647340931793,ZAF,0.183476542623184
ZMB,2007,0.01593014447601702,0.03346945870473862,0.007946631013789868,0.025522827690948754,0.007721346225952477,0.025748112478786146,ZAF,0.1478695361899795
ZMB,2008,0.010512332510885175,0.020307070168791335,0.006254764489449235,0.014052305679342101,0.0033450146333808676,0.016962055535410466,ZAF,0.10648906778652778
ZMB,2009,-0.012889640591193696,0.009721383403847582,0.0048937507080882405,0.004827632695759342,-0.0017180379437989007,0.011439421347646483,ZAF,0.11083849139908308
ZMB,2010,0.016158655762750558,0.029465971233743237,0.0070523530245888534,0.022413618209154385,0.003158037279343372,0.026307933954399863,ZAF,0.10546261778040161
ZMB,2011,0.010136881310212465,0.02829649904140922,0.011322431389088105,0.016974067652321116,0.011322431389088105,0.016974067652321116,CHN,0.12383146187201341
ZMB,2012,0.006517954459429933,0.026854246494001397,0.012488984250081612,0.014365262243919786,0.012488984250081612,0.014365262243919786,CHN,0.1630386036766096
ZMB,2013,0.009658930049930476,0.026907362807869217,0.014107883622049467,0.01279947918581975,0.014107883622049467,0.01279947918581975,CHN,0.1893845874743554
ZMB,2014,0.011190299756114176,0.027497004834335575,0.013987086642184064,0.013509918192151511,0.013987086642184064,0.013509918192151511,CHN,0.1930927830866834
ZMB,2015,0.007861269066486832,0.024528144096091137,0.01127753669385641,0.013250607402234727,0.01127753669385641,0.013250607402234727,CHN,0.1669693777307286
ZMB,2016,0.010332881275222442,0.01704658099295077,0.009995801867291147,0.007050779125659622,0.009995801867291147,0.007050779125659622,CHN,0.1514771391437098
ZMB,2017,0.007900685404439172,0.020016538449291594,0.009537783956424281,0.010478754492867313,0.009537783956424281,0.010478754492867313,CHN,0.14235895838832488
ZMB,2018,0.013095815712249383,0.023893164388235064,0.010867786236108783,0.013025378152126281,0.010867786236108783,0.013025378152126281,CHN,0.16675124583845077
ZMB,2019,0.005770642553599658,0.013017121450734649,0.00970133666601237,0.003315784784722279,0.00970133666601237,0.003315784784722279,CHN,0.16778638299937418
ZMB,2020,-0.013099468590182172,-0.007391621470543819,0.003931618462978109,-0.011323239933521929,0.003931618462978109,-0.011323239933521929,CHN,0.17691554981937244
ZMB,2021,0.02591080513857004,0.038585375395276095,0.014886995781780652,0.02369837961349544,0.014886995781780652,0.02369837961349544,CHN,0.18327996494656762
ZMB,2022,0.01386814291430647,0.02552820904012265,0.00641166599372169,0.01911654304640096,0.00641166599372169,0.01911654304640096,CHN,0.19495536223045415
ZMB,2023,0.0031646695515329813,0.0253352444862359,0.009234470326276252,0.016100774159959648,0.009234470326276252,0.016100774159959648,CHN,0.19296360414082067
ZWE,1991,0.009515056809575565,0.009875522674054636,0.001472981254215355,0.008402541419839281,-0.0009248566182175959,0.010800379292272231,ZAF,0.09036154207358914
ZWE,1992,0.007191051288559409,-0.0029162954495281918,0.003178015808906044,-0.006094311258434236,-0.0021339112965229005,-0.0007823841530052913,ZAF,0.09878313370951984
ZWE,1993,0.004014371316035106,0.01625074522071837,0.0036161108327852597,0.012634634387933111,0.0013832444559167024,0.014867500764801669,ZAF,0.11282391542794168
ZWE,1994,0.014458393491535933,0.009862266091187398,0.0035675157690354515,0.006294750322151946,0.0041359190679926255,0.005726347023194772,ZAF,0.1313045603023202
ZWE,1995,0.013003992051781784,0.025068803521094373,0.0026852489508161262,0.022383554570278248,0.004154813212656062,0.02091399030843831,ZAF,0.13609392153970915
ZWE,1996,0.012781302327036228,0.02723392171230855,0.0023122257366586726,0.024921695975649878,0.006446458559590522,0.02078746315271803,ZAF,0.15311712288331608
ZWE,1997,0.017036217456304265,0.02148748590894644,0.0027263121162076215,0.018761173792738818,0.003913968993884742,0.017573516915061697,ZAF,0.1524858366138386
ZWE,1998,0.01395535451122226,0.006585257916886636,0.001874047212189837,0.004711210704696799,0.0007848402588943286,0.005800417657992307,ZAF,0.15736193214479896
ZWE,1999,0.01422843495034078,0.020439577934593813,0.001213418631713423,0.01922615930288039,0.003261586769083208,0.017177991165510605,ZAF,0.13752388153188388
ZWE,2000,0.0195809411493343,0.01960092340088901,0.0020550773556856665,0.01754584604520334,0.005288697065671834,0.014312226335217174,ZAF,0.12854782086338212
ZWE,2001,0.008866642137674418,0.01437215017483836,0.0030242876278760815,0.011347862546962278,0.003549030055902519,0.01082312011893584,ZAF,0.133213323206943
ZWE,2002,0.005671588852191814,0.022567869436783416,0.005764728337287845,0.016803141099495572,0.004565910186780259,0.018001959250003155,ZAF,0.12565925694698038
ZWE,2003,0.0073367702120250705,0.022586390237827877,0.00493467673338832,0.017651713504439556,0.004109144915403338,0.018477245322424538,ZAF,0.1413799562872789
ZWE,2004,0.010747294032825584,0.03541977346923046,0.016153365007762564,0.019266408461467897,0.016153365007762564,0.019266408461467897,CHN,0.16526485998652427
ZWE,2005,0.008949567640432898,0.04055763806769372,0.016613895117314658,0.02394374295037906,0.011737295911072096,0.028820342156621624,ZAF,0.2282401014110075
ZWE,2006,0.009280520711184959,0.051179934970957706,0.019973451020146065,0.03120648395081164,0.01701335003166312,0.034166584939294586,ZAF,0.3120325351270803
ZWE,2007,0.008112428203917176,0.04515254429347193,0.0061197944246023745,0.03903274986886956,0.016972054503946836,0.028180489789525094,ZAF,0.32502749575642687
ZWE,2008,0.0018067128970657637,0.034529157030549706,0.003169619701657809,0.0313595373288919,0.010578790709534831,0.023950366321014875,ZAF,0.33677746869183195
ZWE,2009,-0.008603351150201045,-0.009964413750174707,0.0019161488168160643,-0.011880562566990771,-0.004966893192845024,-0.004997520557329683,ZAF,0.32043701387526347
ZWE,2010,0.0059420173651954684,0.037528045571478,0.0022709197645552973,0.0352571258069227,0.011126121828832734,0.026401923742645265,ZAF,0.3715567075434727
ZWE,2011,0.004190106601260568,0.03303558296001624,0.0041111581703730735,0.028924424789643167,0.012619523610862413,0.020416059349153828,ZAF,0.4045510554908153
ZWE,2012,-0.00015499201217018105,0.029118755353715713,0.0045911467593665505,0.024527608594349163,0.01166364430043112,0.017455111053284594,ZAF,0.4925564913198814
ZWE,2013,0.0003124525244105183,0.03242690116396587,0.004239422811996115,0.028187478351969754,0.014533128257618561,0.01789377290634731,ZAF,0.5919596035876119
ZWE,2014,0.0007188211364088365,0.024546039758597035,0.0021544993587014503,0.022391540399895583,0.00976071611007099,0.014785323648526045,ZAF,0.6952554649076035
ZWE,2015,0.0004924816286894253,0.024301085735618302,0.0007578121374029408,0.023543273598215363,0.00930062400247197,0.015000461733146333,ZAF,0.7082330250680828
ZWE,2016,0.00032143916885511156,0.016703377139297867,0.0003102452958666643,0.0163931318434312,0.00476294429857523,0.011940432840722636,ZAF,0.719105332936216
ZWE,2017,0.0005025210866605385,0.01359243370111246,0.00013371090410301573,0.013458722797009446,0.00843465818454183,0.00515777551657063,ZAF,0.732618762031632
ZWE,2018,0.00034862921711074826,0.018566778332803045,4.780689234817268e-05,0.018518971440454873,0.011671745229505636,0.006895033103297409,ZAF,0.7555528589818779
ZWE,2019,0.0004643845274206913,0.006951109932312511,0.00021408762482537925,0.006737022307487132,0.0018498358235131762,0.005101274108799334,ZAF,0.7126176777802495
ZWE,2020,-0.0010395424833925385,-0.05994071034087092,8.67383205092657e-05,-0.06002744866138019,-0.041006116790820786,-0.018934593550050137,ZAF,0.6440022986392167
ZWE,2021,0.0011652021835470861,0.04507395880601085,0.00030849493499967337,0.04476546387101118,0.02901093682310708,0.016063021982903773,ZAF,0.5998735049161229
ZWE,2022,0.0009343221378295429,0.03477433323546321,0.0004924216871084238,0.03428191154835478,0.01071562091092028,0.02405871232454293,ZAF,0.5659371227745574
ZWE,2023,0.00041677043628030296,0.02311414727239644,0.0021462297624446898,0.02096791750995175,0.003563533289334716,0.019550613983061724,ZAF,0.5119506201678099
