ISO3,year,gP,gN,gS,gP_noCN,sCN
AFG,1991,0.009643696815176652,0.012391923977700607,-0.0027482271625239507,0.00925652341163832,0.00432640999993298
AFG,1992,0.03192671325392115,0.006179734130376961,0.025746979123544192,0.031096938280484782,0.006208432448427064
AFG,1993,0.03347056132914088,0.001222714291947321,0.032247847037193564,0.03242424256614349,0.008048121758572929
AFG,1994,-0.0033608127546504813,0.006050993461951783,-0.009411806216602273,-0.004297808429618269,0.007521830465694556
AFG,1995,0.014350031624326272,0.005569365223673887,0.008780666400652386,0.008991891250811065,0.052805448701606014
AFG,1996,0.017967731062543735,0.004566202731228171,0.013401528331315565,0.010320462483529105,0.0830184507879951
AFG,1997,0.03744493770308566,0.010220207891382416,0.027224729811703235,0.029104241473779248,0.0909888954100145
AFG,1998,0.019672879322129116,0.009418608599665533,0.010254270722463583,0.016248200710627023,0.04434311588528208
AFG,1999,0.03815090285666556,0.013524638157122126,0.024626264699543432,0.03737564206368828,0.0108137807096631
AFG,2000,0.046770158683966126,0.016138603804745674,0.030631554879220445,0.04602250784933617,0.008859745685361867
AFG,2001,0.03386293327798317,0.004159107243630765,0.029703826034352405,0.0325744976139821,0.016557247051850906
AFG,2002,0.03386259895661092,0.0017664950823384482,0.032096103874272475,0.03174705337671734,0.024313436392872312
AFG,2003,0.06658760741001454,0.0006527581758957653,0.06593484923411878,0.06424763393755618,0.02501948143893294
AFG,2004,0.0750552949855948,0.0009195311014727687,0.07413576388412202,0.072582618903958,0.02529791571151623
AFG,2005,0.07066261790840567,0.0008163608301138094,0.06984625707829187,0.06790390834806051,0.02569043237166978
AFG,2006,0.07205230394989331,0.0009094656613257044,0.07114283828856761,0.06890837673310525,0.026242869200854838
AFG,2007,0.06535276870961407,0.0009535592029411401,0.06439920950667292,0.06206539708105671,0.024768364273231133
AFG,2008,0.03164443991603615,0.00011039626405144171,0.03153404365198471,0.029570648229654946,0.021995526374538707
AFG,2009,0.03134559508031183,-0.0013876700012933794,0.032733265081605206,0.030037690093504703,0.014776946878901097
AFG,2010,0.0451830271443866,0.0009863748448788513,0.04419665229950774,0.044180008780906645,0.0099660495368137
AFG,2011,0.04124352612481064,0.0009034551406805523,0.04034007098413009,0.03994540639858833,0.014197309558256687
AFG,2012,0.034604094945478184,0.00036451735115114697,0.03423957759432704,0.033209475756133734,0.01820618560631456
AFG,2013,0.04092184424889348,0.0001568373279210551,0.04076500692097243,0.03939709557226007,0.02046826489800162
AFG,2014,0.048956534985459765,0.0004283406442171431,0.048528194341242614,0.04689132108151996,0.028510433271955692
AFG,2015,0.04567716801330164,0.0003298689654128131,0.045347299047888825,0.04326443783982828,0.03572163555153495
AFG,2016,0.06769480322905352,0.0006876173220672762,0.06700718590698625,0.0652918266476458,0.03641488925186339
AFG,2017,0.04948463072188808,0.0008597036027821335,0.048624927119105946,0.048077833904300635,0.020997553575415658
AFG,2018,0.051387096320156055,0.0004047907949705226,0.05098230552518553,0.05052214949778687,0.013271420423679023
AFG,2019,0.0306490844565378,0.0002880437783633077,0.030361040678174495,0.02959853260814739,0.018169485387747736
AFG,2020,-0.03375412718523189,-0.0009544666066102023,-0.03279966057862167,-0.03436471971233192,0.02747553295537173
AFG,2021,0.07581250450906726,0.001103861992581768,0.07470864251648547,0.07203351437555462,0.046524711187953004
AFG,2022,0.058838077975577746,0.0012986659793166994,0.057539411996261045,0.057094135170244545,0.05302693584722725
AFG,2023,0.0462792588465193,0.0005116530171408059,0.045767605829378485,0.04386213119603992,0.05050832875360103
AGO,1991,-0.0050918341160528496,0.007376504072771176,-0.012468338188824025,-0.0051062399986573255,0.00016097633253804732
AGO,1992,0.01557857256717105,0.022868856527808786,-0.007290283960637734,0.01556663888698134,8.928860195929936e-05
AGO,1993,0.014071833962413722,0.01726215638384156,-0.0031903224214278355,0.013707905726537987,0.0027992795860030794
AGO,1994,0.03717074866612011,0.03125951483112842,0.005911233834991695,0.03445661051593484,0.021788026958469525
AGO,1995,0.03140154533706378,0.024661825568958375,0.006739719768105409,0.0286664951563785,0.026954417380772092
AGO,1996,0.0357453820827328,0.027767578399482677,0.007977803683250115,0.0323449192796535,0.03691529216700025
AGO,1997,0.042253391577141565,0.03315434359902172,0.00909904797811985,0.03904939737819922,0.03495246500376403
AGO,1998,0.0420055932352278,0.03559591673255163,0.006409676502676177,0.036428811708480065,0.07220878148300494
AGO,1999,0.04627405342461383,0.034352624805954586,0.011921428618659245,0.041047536347003255,0.07290244787891142
AGO,2000,0.04584724132182913,0.028590034000123506,0.017257207321705624,0.03906649105362725,0.0803526461144825
AGO,2001,0.02866341656189992,0.005454707825589497,0.023208708736310424,0.010771059300337067,0.2299285775742305
AGO,2002,0.054476576742684225,0.006736554911780261,0.04774002183090398,0.01911060037020386,0.40645232377710333
AGO,2003,0.07369917969991883,0.0036914125244833116,0.07000776717543551,0.020621941337645104,0.5675128353654257
AGO,2004,0.07599505847627838,0.007112998680270622,0.06888205979600777,0.02427467222243176,0.5291505756592112
AGO,2005,0.07380238890663712,0.011053260603260921,0.06274912830337619,0.02531873199372988,0.45150316907461724
AGO,2006,0.06846152865973634,0.011367874245401727,0.05709365441433463,0.025106312930821606,0.3618930010444477
AGO,2007,0.06426059380120486,0.010062917177065433,0.05419767662413942,0.02119536665128207,0.32447053575954493
AGO,2008,0.03678365275275486,0.0012026135290613435,0.03558103922369352,0.006926119162090023,0.3166818402662948
AGO,2009,0.016920938817327882,-0.013389687950414243,0.030310626767742127,-0.011936116508390625,0.3260322255293419
AGO,2010,0.05824796326669127,0.010254650602654064,0.04799331266403721,0.024737256374118728,0.3329643574483725
AGO,2011,0.04932476883112553,0.007975744490310323,0.041349024340815194,0.01756707965726737,0.3473283202992847
AGO,2012,0.04254141630745793,0.004312268698738265,0.03822914760871967,0.01462119784155666,0.36448708252608203
AGO,2013,0.04410423778732731,0.0038769005020054745,0.04022733728532184,0.014272376821059994,0.40046365805419964
AGO,2014,0.05038348136897445,0.006702674720642648,0.0436808066483318,0.01909592588922188,0.43192705658546476
AGO,2015,0.04715022101320555,0.006106803217097282,0.04104341779610826,0.01633302247447362,0.4562635088759662
AGO,2016,0.0435917796498661,0.0055560530611830595,0.03803572658868304,0.014630613105802378,0.4388797129637538
AGO,2017,0.04552043424538392,0.007962181968971634,0.03755825227641229,0.01678507855938311,0.42889787848693556
AGO,2018,0.044820806501199864,0.005420342132339868,0.03940046436886,0.016158870979414583,0.4397780148195402
AGO,2019,0.04114106515482299,0.003697759726817029,0.03744330542800595,0.012304638229379352,0.49873125106529353
AGO,2020,-0.013582354815175711,-0.010999178573068365,-0.0025831762421073498,-0.02612865611165105,0.5645603236851515
AGO,2021,0.07465381951099952,0.008831176562698008,0.06582264294830151,0.0246352442885468,0.6157993760344752
AGO,2022,0.03988528816172157,0.00574864850628566,0.03413663965543592,0.0197704480239769,0.6116188755156029
AGO,2023,0.040700143547835,0.002495096807566986,0.03820504674026801,0.014183877748090217,0.5540842123359775
ALB,1991,-0.030903293722796998,0.012514144220774504,-0.0434174379435715,-0.03586674555726026,0.05546333362405518
ALB,1992,-0.003668849629923516,0.005341050502369123,-0.00900990013229264,-0.008527354138239896,0.03635165919182012
ALB,1993,-0.005422226033088576,-0.0037339419617361063,-0.0016882840713524708,-0.008789871487236343,0.025903406890117435
ALB,1994,0.03317526598481934,0.015365300659245188,0.017809965325574155,0.03235835526193061,0.006557835993627481
ALB,1995,0.028498007817722337,0.02045650089192882,0.00804150692579351,0.02839282303915416,0.0010366151391490005
ALB,1996,0.017122810040241895,0.01142097333712411,0.005701836703117784,0.01681021276226459,0.003393543913108391
ALB,1997,0.02598139276793718,0.020965523044336812,0.005015869723600366,0.025690357119656216,0.0031749162700563495
ALB,1998,0.02322563595202552,0.019517442435709048,0.003708193516316473,0.02300124207260984,0.0029054766673457777
ALB,1999,0.020118413887210144,0.019192860249737476,0.0009255536374726625,0.020118413887210144,0.0
ALB,2000,0.04033243118104842,0.037660669053865205,0.0026717621271832217,0.04033243118104842,0.0
ALB,2001,0.021504658929910207,0.02162385780444758,-0.00011919887453736553,0.021504658929910214,0.0
ALB,2002,0.009558153726791405,0.008481932361060847,0.001076221365730558,0.009558153726791406,0.0
ALB,2003,0.010056817703348767,0.008756615171371938,0.0013002025319768307,0.01005619996818451,6.604952431386278e-06
ALB,2004,0.019903205606224654,0.01752273049731224,0.002380475108912415,0.019784125382990687,0.0012183081612078155
ALB,2005,0.014044408645111014,0.011488419792724852,0.002555988852386164,0.013875632193248333,0.0015717276239714546
ALB,2006,0.02736605504133574,0.024320613781869747,0.0030454412594659924,0.026972190148247584,0.0032876539943188965
ALB,2007,0.019345558043609757,0.015392408532250136,0.003953149511359623,0.01853735531336449,0.006089320554889485
ALB,2008,-0.0038477396147078777,-0.007772587010412621,0.003924847395704745,-0.005236407433195963,0.014728808022337276
ALB,2009,-0.04735338551363599,-0.0466246396812814,-0.0007287458323546013,-0.04938017384294459,0.022899020784440477
ALB,2010,0.014811499624624604,0.007430645465411427,0.007380854159213178,0.011196552312349107,0.035918329413346814
ALB,2011,0.006102326848761623,-0.0001057424243407173,0.0062080692731023394,0.0018360311594640508,0.04665973357040024
ALB,2012,-0.015218367286799536,-0.02479068578376975,0.00957231849697021,-0.01872333915854319,0.04575598050667287
ALB,2013,-0.0014420055756184103,-0.011323027053241822,0.00988102147762341,-0.004312481862362514,0.03853334645958603
ALB,2014,0.011970944072726458,0.0038993107892598138,0.008071633283466646,0.00948311879318658,0.03434461509739748
ALB,2015,0.02163743871909148,0.008643164730045236,0.012994273989046243,0.019154925773553405,0.03675480319658602
ALB,2016,0.021372214499751657,0.010491686458842645,0.010880528040909013,0.0189968631808818,0.0359962539294662
ALB,2017,0.029152022755852165,0.013253178923595479,0.015898843832256686,0.027046318244919397,0.031429302888337604
ALB,2018,0.019271387192835523,0.007594749671939075,0.011676637520896444,0.017248301223249378,0.031041474182286536
ALB,2019,0.014804846128526084,0.006331299088122343,0.008473547040403743,0.013145935218776258,0.02869116605758762
ALB,2020,-0.07908543526909587,-0.07020045139351043,-0.008884983875585433,-0.07965028510211057,0.0254171964330133
ALB,2021,0.07544063493087455,0.059783999694840086,0.01565663523603447,0.07372044106756542,0.02117801842561463
ALB,2022,0.042851514510397606,0.03441867641030288,0.008432838100094733,0.042074874561132763,0.023614786356592733
ALB,2023,0.015122838422556628,0.007805133824465427,0.007317704598091203,0.014009410151782451,0.02326621067474958
ARG,1991,0.018039915984516153,0.008040640552596276,0.009999275431919877,0.016245697296921442,0.020049222392694188
ARG,1992,0.01925839687849202,0.008517419295621699,0.01074097758287032,0.01649540220808717,0.02067291291701975
ARG,1993,0.02332956829154573,0.0041107004831667515,0.019218867808378975,0.021006059256283627,0.01787207138421569
ARG,1994,0.03934014756558757,0.013080969152720211,0.02625917841286736,0.03745625408732811,0.015123151298838669
ARG,1995,0.0367315546208026,0.011626508157463628,0.025105046463338977,0.03544494091375822,0.012679812280009918
ARG,1996,0.03445777093608078,0.010031814341829518,0.02442595659425126,0.033168955067009544,0.013991335036262618
ARG,1997,0.042847563940780306,0.011633905263079903,0.031213658677700398,0.04116219224650338,0.01838576835813072
ARG,1998,0.01931186777073926,0.01031531195417024,0.008996555816569024,0.01735480195186557,0.02534030379083579
ARG,1999,0.018873849170146083,0.010382824611766919,0.008491024558379166,0.01677474571030918,0.0292794949869682
ARG,2000,0.041452840525133025,0.01252219891661119,0.028930641608521844,0.039085814109323117,0.028049526735283065
ARG,2001,0.018232037480073016,0.005628833982929194,0.012603203497143821,0.01616506703013154,0.026561931918494364
ARG,2002,0.023180814504569373,0.005089372698312312,0.01809144180625706,0.020397395093306285,0.03198914334610336
ARG,2003,0.02751228792087137,0.00583017625216668,0.02168211166870469,0.023871796794405434,0.03892488579006115
ARG,2004,0.04941729447864714,0.00889439401016093,0.04052290046848621,0.04384592699178847,0.057000585773100514
ARG,2005,0.0456179318140446,0.009392867789784974,0.03622506402425963,0.03822349625204559,0.06886054605488735
ARG,2006,0.051988430169181296,0.009433523301657708,0.042554906867523584,0.04223586707021698,0.0814062222600289
ARG,2007,0.052617427287391785,0.007577194170221296,0.045040233117170494,0.04220089466861001,0.07848229635029243
ARG,2008,0.0363480538329766,0.0010661990974942493,0.03528185473548234,0.028460137999819727,0.0836626272000835
ARG,2009,-0.002112325831050539,-0.010444520212688262,0.00833219438163772,-0.009880121757599888,0.08776196201604584
ARG,2010,0.051498455681026345,0.005687051199774752,0.045811404481251594,0.04297471298539007,0.08469240946799717
ARG,2011,0.03857522919991273,0.004072064736614764,0.034503164463297965,0.0310316938431262,0.08250233353715465
ARG,2012,0.026529983295840224,0.0002176302252074728,0.026312353070632753,0.020672440917895794,0.07646783046190382
ARG,2013,0.02948062275967126,0.0017721360905841683,0.02770848666908709,0.023832538642221106,0.0758200244104626
ARG,2014,0.024796244054857645,0.005041043578171656,0.019755200476685986,0.019589526217993567,0.0718791313435499
ARG,2015,0.013737248390870819,0.00554318027375667,0.008194068117114147,0.009047787236338012,0.06942973737264048
ARG,2016,0.012588678881680592,0.004503566087593041,0.008085112794087551,0.007391701359923578,0.07875539127740398
ARG,2017,0.028278181099934657,0.0067937747320549625,0.021484406367879696,0.022959623299665735,0.0793836757084859
ARG,2018,0.02896753380948041,0.006320656323647577,0.02264687748583283,0.023621644699343247,0.0820253223483311
ARG,2019,0.021289203944550257,0.0050506693976353715,0.016238534546914884,0.016992304379484853,0.07431565988836582
ARG,2020,-0.039407507116909594,-0.012632499542400465,-0.026775007574509138,-0.04127933806615424,0.08422892624827351
ARG,2021,0.06229640482777396,0.015022606630138267,0.047273798197635705,0.05485216973754986,0.09164905843931714
ARG,2022,0.04087224198402059,0.00846209813648951,0.032410143847531075,0.037744833188404346,0.09509308737995668
ARG,2023,0.02841069396407497,0.0033821745304991255,0.02502851943357584,0.02411031764920989,0.08986071572691968
ARM,1993,-0.0012356614018631971,-0.004483879440728679,0.0032482180388654818,-0.0012356614018631962,0.0
ARM,1994,-0.05436308560763041,0.01573212050451158,-0.07009520611214198,-0.05436308560763042,0.0
ARM,1995,-0.018450774450428666,0.011001468383797766,-0.02945224283422643,-0.018450774450428666,0.0
ARM,1996,0.015646512055939643,0.0009968829887565987,0.014649629067183045,0.015646013223315457,5.415307600962039e-06
ARM,1997,-0.013949096964757237,0.0027414100152899487,-0.016690506980047183,-0.013952824340691665,4.066205143163419e-05
ARM,1998,0.00370086135161184,0.0034990596726525358,0.00020180167895930343,0.0036977215862311853,4.065402798948027e-05
ARM,1999,0.037531052662151405,0.0049011837293905045,0.0326298689327609,0.0375145659426836,0.00022996618758702034
ARM,2000,0.04180076108010947,0.006428450040951291,0.03537231103915819,0.04177589632429494,0.0002946501265586725
ARM,2001,0.028299805504453223,0.003590902719021792,0.02470890278543143,0.02822162134506464,0.0010047179527134132
ARM,2002,0.03825807370120329,0.0038680824248827723,0.03438999127632052,0.03818185663836973,0.0008759436463423338
ARM,2003,0.033695458156789135,0.00597445264385419,0.027721005512934948,0.0333716967226683,0.0034617243686606205
ARM,2004,0.04583053767144318,0.008308598270844184,0.037521939400599,0.04534248315025938,0.004993279237513145
ARM,2005,0.03642237878207435,0.009069386166620796,0.02735299261545355,0.034811779982726755,0.014998671888951903
ARM,2006,0.05131545512879341,0.013652369177486441,0.03766308595130696,0.04946026630201435,0.015485561327271623
ARM,2007,0.04901496580797729,0.013759390042868887,0.035255575765108405,0.04723624573822653,0.013401583880867068
ARM,2008,0.025494470486460273,0.005148563593774452,0.020345906892685825,0.02496485363992528,0.005617344014281635
ARM,2009,-0.036700281648484524,-0.020443766773009877,-0.01625651487547465,-0.036967629109700265,0.003020539926404203
ARM,2010,0.03621627206887789,0.012415358558453871,0.02380091351042402,0.035056336426612614,0.01152518886117338
ARM,2011,0.03595350119171287,0.011066226847605805,0.024887274344107056,0.03419510083566132,0.019231318712691205
ARM,2012,0.01837749591609163,0.002169071754583314,0.016208424161508316,0.016631656963787537,0.02279121658961449
ARM,2013,0.014772244162438457,0.003106409733426655,0.011665834429011802,0.013168536113899258,0.021528217508628617
ARM,2014,0.02421026660317984,0.007966131943769997,0.01624413465940984,0.022239119427522425,0.02721183501310694
ARM,2015,0.010885927027236456,0.005471324238820196,0.005414602788416263,0.006763431733969629,0.06103553395570834
ARM,2016,0.03233256601299287,0.005338035422681817,0.026994530590311056,0.026328408301690708,0.0909874610512031
ARM,2017,0.027935859493210258,0.007982873402293733,0.01995298609091652,0.021669867055800877,0.0935248859414445
ARM,2018,0.02869231128451386,0.0060850530035143095,0.022607258280999548,0.023910693570337496,0.07336735317013399
ARM,2019,0.025698883900445127,0.004237435914667091,0.021461447985778037,0.022753154421929156,0.05094692736789492
ARM,2020,-0.03473064700883309,-0.011544843401573508,-0.02318580360725958,-0.03600277005043411,0.05724318101107428
ARM,2021,0.056108102425998486,0.01752709941878964,0.03858100300720885,0.04980601622503222,0.07758759087021037
ARM,2022,0.022992057870103395,0.010036453162593002,0.012955604707510393,0.019495248054491775,0.10632522419619382
ARM,2023,0.03003754530675766,0.0018531348683486271,0.028184410438409035,0.025019369513979303,0.10485986233898081
AZE,1993,-0.05239117866282117,0.002800980291409629,-0.0551921589542308,-0.05241952502075507,0.00021803579189441267
AZE,1994,-0.0832332670753084,0.003763452995473669,-0.08699672007078207,-0.08324678272384461,0.00010849827767545006
AZE,1995,-0.00952203987376099,0.0032143643142709044,-0.0127364041880319,-0.009543072209542489,0.0002072774975576558
AZE,1996,0.018492996551616674,0.002772537528174476,0.015720459023442192,0.018382093308231047,0.0012039613043673969
AZE,1997,0.022048857356473134,0.005645665184918295,0.016403192171554837,0.021912152249815867,0.0014913199461631691
AZE,1998,0.0070120784596290255,0.004514045614858549,0.0024980328447704774,0.006866086855491868,0.0018903153711386787
AZE,1999,0.026734876590874684,0.004580618516686218,0.022154258074188467,0.026640577242093018,0.0013153412219813422
AZE,2000,0.05580852918889928,0.012863788840856052,0.04294474034804323,0.05571662496189379,0.0010890753289687178
AZE,2001,0.018936628620086784,0.009694767807185938,0.009241860812900848,0.018820174234459936,0.0014965155707562965
AZE,2002,0.01801401520233546,0.003943876871283194,0.014070138331052263,0.017896210905852777,0.0013538953244783512
AZE,2003,0.02130433840021253,0.004568674360018254,0.016735664040194276,0.021164509789186096,0.001495076495261353
AZE,2004,0.03086216161528496,0.012717928498734564,0.018144233116550397,0.03056535087663667,0.0030366666723394605
AZE,2005,0.03224830991600612,0.008951747594428698,0.023296562321577428,0.03164566991235944,0.005612074022105811
AZE,2006,0.04432542805473653,0.012452517467160333,0.03187291058757619,0.042764447875103,0.013029754143322775
AZE,2007,0.045209420062787775,0.008190903230484018,0.037018516832303755,0.043764945078475226,0.010883248575922017
AZE,2008,0.017826633699466098,-0.002871377090563257,0.020698010790029354,0.01702385333140915,0.008514633786275429
AZE,2009,-0.027915954043034843,-0.023889249062773246,-0.004026704980261597,-0.02830341641167663,0.00437761985522359
AZE,2010,0.03748512336813037,0.007665218280334582,0.02981990508779578,0.036778971236167995,0.007016369175183287
AZE,2011,0.02224745535422576,0.005979213521020618,0.016268241833205143,0.021173501621774123,0.01174564509179174
AZE,2012,0.009126162296427764,-0.009101263367405944,0.018227425663833702,0.00845572890208974,0.008752234952200096
AZE,2013,0.008963466165959173,-0.003629235427181501,0.012592701593140675,0.008342216051157151,0.008339677294069208
AZE,2014,0.018648541632059246,0.004830235224836551,0.013818306407222697,0.018338223578442125,0.0042839640697054275
AZE,2015,0.022270735578408786,0.006075885848323317,0.016194849730085472,0.02194837415024672,0.004772716642449978
AZE,2016,0.02748617592368391,0.007666122992738997,0.01982005293094491,0.027247781885978296,0.0036126413168240668
AZE,2017,0.03481421030884449,0.011279492893962887,0.02353471741488161,0.034020716728966456,0.011843518372333772
AZE,2018,0.025468528065889208,0.006458172205653124,0.019010355860236083,0.024130979301534006,0.020522847798096606
AZE,2019,0.019913655626955806,0.0048140325848694335,0.015099623042086372,0.018694873394036207,0.021079060501209904
AZE,2020,-0.05267648022519602,-0.042667355442399364,-0.010009124782796646,-0.053219074759008715,0.02441574918379713
AZE,2021,0.07594310930846011,0.03569918188879553,0.04024392741966459,0.07389141285952859,0.025259283924925727
AZE,2022,0.0374972375246559,0.023026284506642018,0.01447095301801388,0.03666105641687342,0.02542521567992191
AZE,2023,0.023962093730113647,0.005114904128349178,0.018847189601764475,0.023327464273131295,0.013261224844135604
BDI,1991,0.006234760867963932,0.007308161962758562,-0.001073401094794629,0.006234760867963932,0.0
BDI,1992,0.00622786789066144,0.01005809974156741,-0.003830231850905972,0.0062278678906614385,0.0
BDI,1993,-0.004948718367505964,0.00361780478359255,-0.008566523151098513,-0.004948718367505964,0.0
BDI,1994,-0.01776682206284299,0.02112249849307024,-0.03888932055591324,-0.01776682206284299,0.0
BDI,1995,0.04031308976222327,0.01407154194047566,0.026241547821747604,0.04031308976222327,0.0
BDI,1996,0.025257655233430355,0.013439215758667744,0.01181843947476261,0.02525765523343036,0.0
BDI,1997,0.04023397882337087,0.025398603850749744,0.01483537497262113,0.040233978823370875,0.0
BDI,1998,0.0337329218444799,0.021945599986506352,0.011787321857973545,0.0337329218444799,0.0
BDI,1999,0.027248971424653053,0.01992178271995088,0.007327188704702173,0.02718042727741799,0.0009560929481345742
BDI,2000,0.03988119876296086,0.03770394481964749,0.0021772539433133654,0.039793375418893856,0.001040716411500926
BDI,2001,0.023895736716381878,0.01885407589111243,0.005041660825269448,0.02381475126412102,0.001040716411500926
BDI,2002,0.014496270463619374,0.0072024320807136085,0.007293838382905768,0.01448890725954624,8.462346336635178e-05
BDI,2003,0.016557532129807203,0.009054244689807625,0.0075032874399995775,0.016557532129807203,0.0
BDI,2004,0.03180175065516816,0.017724500687741826,0.014077249967426337,0.03180175065516816,0.0
BDI,2005,0.03981182351256955,0.01895944397966744,0.020852379532902116,0.03981182351256956,0.0
BDI,2006,0.044704149633397555,0.026380252015923977,0.01832389761747358,0.044704149633397555,0.0
BDI,2007,0.04238102825819578,0.023804100555511062,0.018576927702684716,0.04238102825819577,0.0
BDI,2008,0.02680644547924775,0.011453089475803455,0.015353356003444295,0.026804106500665736,2.480821262232812e-05
BDI,2009,-0.008315487051692149,-0.020496815790258686,0.01218132873856654,-0.009468052874948106,0.013021896939369742
BDI,2010,0.03561660597706969,0.018834782817487798,0.0167818231595819,0.03346214177218246,0.021406883236617075
BDI,2011,0.029216984040345985,0.012171716596147474,0.017045267444198514,0.02645582944931868,0.030198267290102835
BDI,2012,0.021189334248955662,0.00667928954337112,0.014510044705584542,0.018988904106408445,0.028725719461650912
BDI,2013,0.021700158672559165,0.009918436400671832,0.01178172227188733,0.018585483228799445,0.041811482135493266
BDI,2014,0.034302979297023056,0.0122111724355587,0.022091806861464353,0.0317695900017455,0.03497362976159921
BDI,2015,0.04146066057061686,0.006909344375684273,0.03455131619493259,0.03964268611841453,0.02691598983490286
BDI,2016,0.0408313446736767,0.006616603203617318,0.03421474147005938,0.03990106690351213,0.014097499840871337
BDI,2017,0.024693807607042345,0.008296429741811582,0.016397377865230767,0.02360507118116971,0.016250251028412096
BDI,2018,0.035953079342722294,0.008099855516205916,0.02785322382651639,0.03473205053601001,0.01873500916381793
BDI,2019,0.024052450856234506,0.003709612535172214,0.02034283832106229,0.022673221361564938,0.023854025089903672
BDI,2020,-0.05264238476104489,-0.009794658416284177,-0.0428477263447607,-0.05338572969425753,0.03344914538455669
BDI,2021,0.05027681061677043,0.010395312085355317,0.039881498531415115,0.04758734527491585,0.03311112065896997
BDI,2022,0.05804476719974603,0.004870796762230108,0.05317397043751592,0.05728375334050363,0.023139653989505
BDI,2023,0.031199334045180195,0.0012967281370362019,0.02990260590814399,0.030746128664803286,0.00947018513500416
BEN,1991,0.02281816119605094,0.007565518210250922,0.01525264298580002,0.021866025885457503,0.010639490448968572
BEN,1992,0.018688010474805214,0.007372192308282528,0.011315818166522686,0.01664283659240742,0.01530212925266983
BEN,1993,0.002882697512236524,0.00010176603025862166,0.0027809314819779024,0.0010281782965736804,0.014264674379450936
BEN,1994,0.05489118457787574,0.006425068934095643,0.0484661156437801,0.04960776921018839,0.04241316767759448
BEN,1995,0.016218545552747543,0.009141577110307691,0.007076968442439846,0.012494876178659343,0.036697439486109734
BEN,1996,0.055979608298040814,0.0070385386493208016,0.04894106964872002,0.05221213597146569,0.04089953330489821
BEN,1997,0.03117593310579631,0.01092506729432636,0.020250865811469947,0.02925016496895418,0.021008260074427604
BEN,1998,0.009579859416868862,0.01038728379391765,-0.0008074243770487852,0.007765381828689114,0.023494055673916655
BEN,1999,0.025523403887280468,0.007697148081349119,0.017826255805931352,0.02413684278422443,0.019340546877669767
BEN,2000,0.042175323171495686,0.009146648161902629,0.033028675009593056,0.0411387037669098,0.012284055433025628
BEN,2001,0.02986314565900261,0.004265880320576293,0.025597265338426316,0.029085159283736464,0.009997637428208332
BEN,2002,0.03579808033045998,0.0023066908317839825,0.033491389498676,0.03517186577977373,0.007196927256545866
BEN,2003,0.0501637052124264,0.0015752277400928481,0.048588477472333545,0.047821431491671236,0.02504407617055877
BEN,2004,0.05927974762844878,0.0038634156945092043,0.055416331933939585,0.04945863943586573,0.10047962573617109
BEN,2005,0.062365413288636096,0.0029800128209029504,0.059385400467733135,0.03835921175967112,0.22355731308060833
BEN,2006,0.07328103301319218,0.003632969595782231,0.06964806341740994,0.036515024341331054,0.30689182353237165
BEN,2007,0.07167734934212555,0.002699988225652276,0.06897736111647329,0.030484147434747387,0.31036595362674335
BEN,2008,0.05568284183718081,0.00012042500465277468,0.055562416832528036,0.030615324920945798,0.2658768636677271
BEN,2009,0.045934777798788476,-0.0038247320869735967,0.049759509885762075,0.026286847134478625,0.22198587101927889
BEN,2010,0.07479526220837936,0.001499732161587849,0.07329553004679151,0.05429151676686095,0.20372642236721492
BEN,2011,0.050659294645945506,0.0004553919062965033,0.050203902739649,0.03628666365705569,0.15719096412599848
BEN,2012,0.05341257623335048,-0.0010296825275220574,0.05444225876087253,0.04183020267967754,0.1512031702209398
BEN,2013,0.05381709820652329,0.00015742892507047146,0.053659669281452826,0.04083866482076799,0.1742228188630042
BEN,2014,0.05223617628998181,0.0012250346231500705,0.05101114166683174,0.03718739083242631,0.2077496150849654
BEN,2015,0.046887076871743566,0.0020173481805911943,0.044869728691152355,0.03438997671704309,0.18502560380988625
BEN,2016,0.040315480965488745,0.0023138301980599497,0.03800165076742879,0.03254569817890998,0.11774387727014282
BEN,2017,0.04554333885381349,0.003060510952034096,0.04248282790177939,0.04065908381612512,0.07290136396934274
BEN,2018,0.049826496993911534,0.0023331825900130823,0.04749331440389845,0.04557901447581643,0.06517178256746751
BEN,2019,0.045585985816332844,0.0020596319108002015,0.04352635390553264,0.0413695361388546,0.0729242644430098
BEN,2020,-0.00864918755734426,-0.0031728179443318094,-0.005476369613012451,-0.010326647394977493,0.07548258618411383
BEN,2021,0.060205364016071655,0.005622443677412225,0.054582920338659434,0.054333900616598735,0.07228601537977561
BEN,2022,0.04724376884474396,0.002193209730073077,0.04505055911467088,0.04462173824526447,0.07972638091276242
BEN,2023,0.04967688962716234,0.001006564829270324,0.048670324797892,0.04605145007376385,0.07575722895852967
BFA,1991,0.024006602799165687,0.006613342405650958,0.01739326039351473,0.015826253092768312,0.09141006703783659
BFA,1992,0.021929682059153036,0.004007247845484267,0.01792243421366877,0.013223728662074824,0.06513853188542669
BFA,1993,0.016073250822010346,-0.0018843248782867011,0.017957575700297046,0.005044658543237511,0.08483022251359744
BFA,1994,0.03511303920604883,0.008052049907613948,0.02706098929843488,0.02832238469178313,0.05451268706140622
BFA,1995,0.04705081932311454,0.00874820138627024,0.03830261793684431,0.04283291323027567,0.041568232313307966
BFA,1996,0.04131195283487199,0.006011932767496797,0.03530002006737519,0.041294014144777826,0.0001947417231912221
BFA,1997,0.04525547424440644,0.010645499834309189,0.03460997441009726,0.04519131147399772,0.0006999535105262809
BFA,1998,0.004163563107184756,0.014289961054726555,-0.010126397947541797,0.004107350072169656,0.0007278525691626236
BFA,1999,0.020755967636521194,0.011898732930393957,0.008857234706127237,0.020316762684583912,0.006126281736250609
BFA,2000,0.04342568830334343,0.01877616908863772,0.02464951921470571,0.04267315698357321,0.008917579978003673
BFA,2001,0.021622984227937164,0.009212347812648182,0.01241063641528898,0.020932396021296033,0.008874513386989245
BFA,2002,0.015212971341188063,0.003716162447418686,0.011496808893769375,0.014912062112037269,0.0034582745333022412
BFA,2003,0.011944293255232968,0.004462549280973282,0.007481743974259688,0.011944293255232968,0.0
BFA,2004,0.024516607863936432,0.011996427664310567,0.012520180199625863,0.02451660786393643,0.0
BFA,2005,0.006426592216109101,0.007253868739428109,-0.0008272765233190114,0.006426592216109101,0.0
BFA,2006,0.03863651985579134,0.010736951184336594,0.027899568671454752,0.03863651985579135,0.0
BFA,2007,0.025411328023950804,0.015968743941141183,0.009442584082809617,0.0254113280239508,0.0
BFA,2008,0.025553322883707447,0.00878018510472561,0.016773137778981838,0.025553322883707447,0.0
BFA,2009,-0.0071125503359160385,-0.018336117669039184,0.011223567333123144,-0.007112550335916039,0.0
BFA,2010,0.04644180775368474,0.01707756978224391,0.029364237971440818,0.04500192229262388,0.014306786749629631
BFA,2011,0.026128090496727173,0.012397931903397134,0.01373015859333004,0.02474016610760481,0.015179487529372855
BFA,2012,0.01765758585039845,0.007300427532507502,0.010357158317890948,0.01644632461100589,0.015812522235895344
BFA,2013,0.02445758822259005,0.012450320213951612,0.012007268008638439,0.023544880155523206,0.012252216235737566
BFA,2014,0.02798150203163537,0.015297560694706173,0.012683941336929194,0.025897054984134967,0.028775948265365444
BFA,2015,0.024323782962328844,0.01033707532783011,0.013986707634498729,0.022160111868273345,0.03203419558680888
BFA,2016,0.029908067033796677,0.012057651100902426,0.017850415932894256,0.027861729653061315,0.031010351772871692
BFA,2017,0.02869011259932383,0.009820592380747159,0.01886952021857667,0.027406491766084493,0.01915905472595893
BFA,2018,0.034021740931063485,0.01714104556594849,0.016880695365115002,0.032951537168711485,0.016420806114152076
BFA,2019,0.021678299357498258,0.00802100729980112,0.013657292057697142,0.021213529973103912,0.008038271077590253
BFA,2020,-0.028169798944376313,-0.01753702501679205,-0.010632773927584263,-0.02825702610892111,0.003925060867411349
BFA,2021,0.06186212543329041,0.037535424948760734,0.024326700484529673,0.0616206972998453,0.002972321647936965
BFA,2022,0.038578021843104486,0.022454582393969375,0.016123439449135107,0.038481215480152334,0.002943528183475486
BFA,2023,0.017490774981177123,0.006178871608738922,0.0113119033724382,0.017413042771063682,0.001624293207011654
BGD,1991,-0.0005494282997726074,0.004796635160768761,-0.005346063460541367,-0.0019474617240785848,0.015622110743872616
BGD,1992,0.01941087296132206,0.014159654495096954,0.0052512184662251065,0.017485590748775787,0.014405091673529873
BGD,1993,0.021667735332147574,0.011207645450574366,0.010460089881573206,0.020014651703621475,0.01271526306320736
BGD,1994,0.034676247521631995,0.025040201283806282,0.00963604623782571,0.0336474807772051,0.008258532293214294
BGD,1995,0.030460537426892767,0.020593660143723422,0.009866877283169347,0.02991592570089968,0.0053672476931309115
BGD,1996,0.031809498350271824,0.021226027526039463,0.010583470824232357,0.03138494488541796,0.004608935931132803
BGD,1997,0.038367712844893286,0.029458443686058704,0.008909269158834585,0.03784617406188928,0.005689481606137361
BGD,1998,0.03116106720962271,0.030127270685371202,0.0010337965242515083,0.030430778665147408,0.009455856514126693
BGD,1999,0.03526237483503218,0.030612260853791783,0.004650113981240395,0.03455648340535467,0.009846177176132195
BGD,2000,0.040798790761931825,0.033267814435744544,0.0075309763261872786,0.04008294745607081,0.008482822925806559
BGD,2001,0.015078397865878886,0.012670969529231024,0.002407428336647862,0.014782228993071515,0.0038059651196800416
BGD,2002,0.017193929189147483,0.012924739297190074,0.004269189891957407,0.017041003984472537,0.0017575311409353984
BGD,2003,0.02156840624759849,0.015494328391578664,0.006074077856019825,0.02138662188719421,0.0019436760649447736
BGD,2004,0.03068243145970374,0.022813079731595166,0.007869351728108574,0.03047596000330683,0.0021124066915005715
BGD,2005,0.0305281613990147,0.023864107191048492,0.006664054207966208,0.030175732457924518,0.0032819880740775236
BGD,2006,0.03369110985400432,0.026420741754212045,0.0072703680997922805,0.03314857569484381,0.004528620414562468
BGD,2007,0.029119463330202468,0.022105037867690285,0.0070144254625121895,0.028311736288369114,0.006085736529352344
BGD,2008,0.0057738711728670105,0.0016930151842106326,0.0040808559886563785,0.005125118038350528,0.006880954714271562
BGD,2009,-0.03200306316118185,-0.03280732136040272,0.0008042581992208724,-0.03265948277444829,0.007416347405468913
BGD,2010,0.03045983768006126,0.020903004254340673,0.009556833425720584,0.029682673307926302,0.007721950976123372
BGD,2011,0.025988118610789417,0.016713867249478667,0.00927425136131075,0.02508336081938967,0.009895178526504478
BGD,2012,0.01155161212225439,0.0058198165078675685,0.005731795614386822,0.01061103542006214,0.012278845829689682
BGD,2013,0.015493990583951636,0.007811941156580883,0.007682049427370756,0.014362668516190065,0.015186896124433392
BGD,2014,0.026022752258369704,0.017875218980883265,0.00814753327748644,0.024802026281323705,0.016852213925888492
BGD,2015,0.025988351473333463,0.01774711335918579,0.008241238114147665,0.024531963761328317,0.02156252350219787
BGD,2016,0.022226659561434343,0.014462261457958907,0.007764398103475434,0.02057117058187534,0.02508740547650482
BGD,2017,0.03023176421902648,0.0210589283774111,0.009172835841615379,0.028321044920941063,0.028518994589376984
BGD,2018,0.024005562192272813,0.015403398362635132,0.008602163829637681,0.022197498811330457,0.027742248032564348
BGD,2019,0.019611960514817686,0.0134750007462619,0.006136959768555788,0.01815879666697977,0.02513273318184889
BGD,2020,-0.05299885283390221,-0.04639720896265816,-0.00660164387124405,-0.05349173961601931,0.022178992411918143
BGD,2021,0.06094194634172448,0.04645413418350764,0.014487812158216842,0.05940680262650935,0.018899789483175305
BGD,2022,0.03440288892701473,0.024612003711214903,0.009790885215799829,0.03378149438035194,0.018894340262156018
BGD,2023,0.017843208006326765,0.010924092056499298,0.006919115949827466,0.01706371886901386,0.016288214484432666
BGR,1991,-0.022868728651829606,0.010759514704758222,-0.03362824335658783,-0.026971612947424534,0.04584705323973115
BGR,1992,-0.0004398180101634862,0.005769765279813014,-0.006209583289976497,-0.006358943929156799,0.044287300290120964
BGR,1993,0.0028314168344375796,-0.0014067759158696912,0.004238192750307273,-0.002152322285006752,0.038334148889147726
BGR,1994,0.027901352786332406,0.01387580267136466,0.014025550114967752,0.022882088932335433,0.04029266386277818
BGR,1995,0.030962385802609276,0.012733411066339972,0.018228974736269304,0.027682574707101535,0.03232313535697272
BGR,1996,0.022974957042231934,0.009096254353877209,0.013878702688354727,0.020565245604416034,0.026159733811698487
BGR,1997,0.030085590626717923,0.013964448768336248,0.016121141858381673,0.029055556931903287,0.011236667245711858
BGR,1998,0.018037870142372202,0.013265917088390101,0.004771953053982103,0.01751654317537767,0.006750198992080579
BGR,1999,0.023259952222369,0.013644093803959366,0.009615858418409635,0.02281586784503942,0.006194342750891567
BGR,2000,0.046964719810080144,0.022599013853892454,0.0243657059561877,0.04665828014317437,0.003631344192955947
BGR,2001,0.018330043010675416,0.013910739654910572,0.004419303355764847,0.018149501775722564,0.00232007380242633
BGR,2002,0.025383216608559696,0.009160154231949397,0.016223062376610302,0.02518841616829108,0.0022387927534101254
BGR,2003,0.026682781033908816,0.010102667644316958,0.016580113389591852,0.026465138339309184,0.0023270808075161243
BGR,2004,0.0408894366960518,0.017149098179310256,0.02374033851674154,0.04045526861828028,0.004441967760218816
BGR,2005,0.03331650908547354,0.012366224754854657,0.02095028433061889,0.03277108806974348,0.005079223242677125
BGR,2006,0.04550768887878849,0.022275063560779202,0.02323262531800928,0.044722618965590225,0.006553105598493022
BGR,2007,0.04062871332819265,0.016573521611789665,0.024055191716402975,0.039904538486870096,0.0054562210464953334
BGR,2008,0.016433436814913886,0.0008106362080881824,0.015622800606825702,0.015871025671919795,0.005965174424364524
BGR,2009,-0.037600673771555695,-0.022486873788721797,-0.015113799982833909,-0.03813931272690022,0.006085640249345194
BGR,2010,0.02226035565557035,0.004569099031235831,0.017691256624334514,0.021542611516526936,0.00713154804030391
BGR,2011,0.021363035878260727,-0.0012176893124773438,0.022580725190738067,0.020490950656163846,0.009537844321433673
BGR,2012,0.0011984279429807978,-0.00979801608527452,0.01099644402825532,0.00026036276645209633,0.01224605888488428
BGR,2013,0.01247364975427399,-0.0018596972051993497,0.014333346959473338,0.011018009441051786,0.01954055247519688
BGR,2014,0.021859768214824826,0.007112023035128233,0.014747745179696594,0.020017282473505624,0.02543565423523413
BGR,2015,0.022667518027234164,0.006834841110902186,0.015832676916331976,0.020730720068178048,0.028675229244868126
BGR,2016,0.023133095655408397,0.007833564637367093,0.015299531018041306,0.021376346216097266,0.026621914158776853
BGR,2017,0.03729225340428774,0.012025799549656841,0.0252664538546309,0.035735340758784165,0.023238150866922453
BGR,2018,0.028034053050823682,0.008300599650979741,0.019733453399843937,0.026498154756818444,0.023566248768822507
BGR,2019,0.02182383193890137,0.008262764037279083,0.013561067901622287,0.020388754603216135,0.024819923662949998
BGR,2020,-0.04848952505417694,-0.03605045443388317,-0.01243907062029377,-0.049103821738621455,0.027642213176097257
BGR,2021,0.06425673397857723,0.03287131647275141,0.03138541750582582,0.061786446475380785,0.030412731596786497
BGR,2022,0.032822665003248784,0.018922520351202024,0.01390014465204676,0.03176578412116658,0.03213589032905571
BGR,2023,0.01824569107836238,0.004557770905106139,0.013687920173256242,0.01688774513803078,0.028375654868820713
BIH,1994,0.017033885175184657,0.013219339068652799,0.0038145461065318582,0.01701360877422549,0.00016277092258144005
BIH,1995,0.026531712981154736,0.01126914028938183,0.015262572691772905,0.026523454842332296,8.138546129072003e-05
BIH,1996,0.02191244697864615,0.008510138879658995,0.013402308098987152,0.021905281668361854,7.778633025255506e-05
BIH,1997,0.034682332137898245,0.013304395436964711,0.021377936700933537,0.03468017526798052,2.352935605874169e-05
BIH,1998,0.022602054740840035,0.011405238879343145,0.01119681586149689,0.022600237536955555,2.352935605874169e-05
BIH,1999,0.01575891144774397,0.010704094779318062,0.005054816668425908,0.015753598559946957,7.410719604595512e-05
BIH,2000,0.03636713182740885,0.019858233502891554,0.016508898324517286,0.03634760633447947,0.00023137926652779133
BIH,2001,0.02039690970631792,0.010275092223440084,0.010121817482877833,0.020375114276002367,0.00028008563750502377
BIH,2002,0.021057063000497818,0.0028004025405320558,0.018256660459965764,0.021034785573739348,0.0002560288956365327
BIH,2003,0.01953983913751326,0.001397973515702595,0.018141865621810666,0.019525617680970882,0.0001520587614281349
BIH,2004,0.02782707254066972,0.009421997422530092,0.018405075118139623,0.027811200694838167,0.00016238464108362708
BIH,2005,0.028711964809957687,0.009545144033354849,0.01916682077660284,0.028698480464572053,0.00012557272000852297
BIH,2006,0.042052840419515465,0.016627436014656827,0.02542540440485863,0.04202113552830773,0.00026464585711426973
BIH,2007,0.04124462879216186,0.01176849129051505,0.029476137501646807,0.04121571537163063,0.0002178452006708442
BIH,2008,0.018779913666481483,0.0008363955462211951,0.01794351812026029,0.018757109592058462,0.00024186981928441944
BIH,2009,-0.051138793802672125,-0.020088116460952474,-0.03105067734171965,-0.051153198305086856,0.00016274467117000029
BIH,2010,0.01590808084718777,0.010633398442099491,0.005274682405088283,0.015867016767948473,0.0004080151099752787
BIH,2011,0.013735969060897218,0.010031192764377193,0.0037047762965200254,0.013668883502028618,0.0007337030837039111
BIH,2012,-0.006539086766660691,-0.0026081861366803335,-0.003930900629980358,-0.006613058333256896,0.0009656686795435557
BIH,2013,0.0031583715703533363,-0.0010268396183154874,0.004185211188668824,0.0030772317896781676,0.001089222473235446
BIH,2014,0.011519111432324602,0.0058633805620426265,0.005655730870281975,0.01143508355916633,0.0011600111088217182
BIH,2015,0.019656550626650813,0.006326673251667344,0.013329877374983465,0.01956520874805557,0.0013523606301464022
BIH,2016,0.02504167743146504,0.009254129932567237,0.015787547498897804,0.02490596090434429,0.0020566585388253063
BIH,2017,0.0311963449397048,0.011414885155881236,0.019781459783823563,0.03102349813740462,0.002579875036866687
BIH,2018,0.027220624288672626,0.006882946085309206,0.020337678203363418,0.0270097353555028,0.0032358008867315324
BIH,2019,0.024300388937434282,0.0057116058761862865,0.018588783061247994,0.024114786124620084,0.0032100344219270984
BIH,2020,-0.054740568709294224,-0.02882307971825248,-0.02591748899104174,-0.054809986960297694,0.0031236927386069165
BIH,2021,0.07184070224375985,0.025882252273266557,0.045958449970493295,0.07161632518680769,0.002762398789911406
BIH,2022,0.03893202525995704,0.016039892539161056,0.022892132720795974,0.03884785512997463,0.0025593064572877315
BIH,2023,0.016801934897748377,0.0009569520950451558,0.01584498280270322,0.01668651945451087,0.002411722504240274
BLR,1993,-0.07305432337461006,0.0006531274536630163,-0.07370745082827308,-0.07414149068793541,0.008362322476678013
BLR,1994,-0.10310497162706414,0.004133437445945276,-0.1072384090730094,-0.10453402736492845,0.011471893919481549
BLR,1995,-0.025982455763653323,0.0035398774723764035,-0.029522333236029725,-0.027312419694433446,0.013107036625791523
BLR,1996,-0.015210313159613433,0.0028601127832293453,-0.01807042594284278,-0.016266617166087682,0.011467195283200527
BLR,1997,0.02072176820787022,0.0039016443022264857,0.016820123905643736,0.019713991334832974,0.010993866935859235
BLR,1998,-0.019023389072352015,0.0031481793194902963,-0.022171568391842308,-0.019702462174656148,0.008792713327585161
BLR,1999,0.043786732901011795,0.0028487901411179094,0.040937942759893875,0.042902193882031106,0.012338055873641875
BLR,2000,0.07735163645584013,0.0036447640824100215,0.07370687237343013,0.07587009112751808,0.017556477198030662
BLR,2001,0.04705410787507582,0.0018722652534394794,0.04518184262163634,0.04545686758433102,0.020525589933538157
BLR,2002,0.045267086603556876,0.0009950594253328349,0.04427202717822404,0.04338394854076942,0.021642434908390285
BLR,2003,0.05946760531964082,0.0016802548798826862,0.05778735043975813,0.05769746496799196,0.018926707586071904
BLR,2004,0.06171021576469615,0.003934414776570628,0.057775800988125514,0.059976127015293416,0.0177414386560652
BLR,2005,0.05415247355456927,0.00524564712219359,0.04890682643237567,0.052131578131038914,0.018819551704430816
BLR,2006,0.06428424844410362,0.008993729205924783,0.05529051923817883,0.061769425498245184,0.02099163405535029
BLR,2007,0.06594623769868227,0.010111972381879473,0.0558342653168028,0.06293022185389899,0.022723861959656838
BLR,2008,0.0334150355206373,0.003521362650385829,0.029893672870251464,0.03129464298348621,0.022489795036582338
BLR,2009,-0.05915280724504692,-0.01305900879142706,-0.04609379845361986,-0.06089763338118782,0.01971336097556634
BLR,2010,0.030631983956516583,0.005394486454318488,0.02523749750219809,0.029054885543307936,0.015670142723943965
BLR,2011,0.03823208334893914,0.004848950170217209,0.03338313317872193,0.03683014474327351,0.015332758577075271
BLR,2012,0.025808178061838678,-0.000930200767293177,0.026738378829131854,0.02471898308150742,0.014218996931125128
BLR,2013,0.016719162673243266,0.0005177434578643994,0.016201419215378866,0.01562587882318529,0.014676270125449606
BLR,2014,0.008592943209382165,0.004007776658477833,0.004585166550904331,0.007684759576086943,0.012537543363595522
BLR,2015,-0.009414867866960316,0.004247053491331969,-0.013661921358292289,-0.01031739296936,0.013362320054886662
BLR,2016,0.013988484457029975,0.004503181481183213,0.00948530297584676,0.012664424823622041,0.020064900043747603
BLR,2017,0.026980804860978116,0.005405323910050724,0.02157548095092739,0.025465255915503415,0.022620764975388147
BLR,2018,0.029993449857145752,0.0031008594179778325,0.02689259043916792,0.028637017328682346,0.020812593209236657
BLR,2019,0.026203123755230075,0.0031535029777046883,0.02304962077752539,0.02529018547207678,0.015789433735311525
BLR,2020,-0.03602983432423888,-0.01362863261888953,-0.02240120170534935,-0.03638681745965856,0.016063579992239865
BLR,2021,0.05574598093534001,0.010669932563279218,0.04507604837206079,0.054062329487472416,0.020728129628750334
BLR,2022,-0.032555846755051146,0.005235063765523884,-0.037790910520575025,-0.033322505881593426,0.023311305964579827
BLR,2023,0.03195546267746694,0.00048145497742537537,0.031474007700041565,0.030086148798635498,0.039061205525063016
BOL,1991,0.02833626297895027,0.0009903225846553967,0.027345940394294877,0.02833626297895027,0.0
BOL,1992,0.037270477120407305,0.008431539363858535,0.028838937756548767,0.037270250388565095,1.6964229717181014e-06
BOL,1993,0.04355258348034189,0.008759147172079198,0.03479343630826269,0.04355216818112681,3.1944171961720082e-06
BOL,1994,0.04915499934040592,0.0170360009874614,0.03211899835294452,0.04915455660793551,3.55408106252237e-06
BOL,1995,0.022885800678529647,0.013856540418893094,0.009029260259636554,0.022876466066985637,9.199429590781778e-05
BOL,1996,0.031843810691508566,0.016116076889479934,0.015727733802028628,0.03183077177406365,0.00014154998154507903
BOL,1997,0.04771853073898525,0.022445108359105393,0.02527342237987986,0.04769838170366629,0.00021980640666522367
BOL,1998,0.029147103186088603,0.021721831090057986,0.00742527209603062,0.02913520398572679,0.00015407215696503903
BOL,1999,0.011822166308950707,0.0194020032443682,-0.007579836935417495,0.01180807857545381,0.0001965037599110421
BOL,2000,0.029463754840804185,0.022020611274771455,0.0074431435660327295,0.029382456703562244,0.0009633919836573048
BOL,2001,0.009017932894222005,0.007781874720983849,0.0012360581732381566,0.00884680973758708,0.0021990452917908933
BOL,2002,0.0070499285422395905,0.00783149137654018,-0.0007815628343005887,0.006757000422552042,0.0033665496377842745
BOL,2003,0.01597438551815162,0.007345574508182794,0.008628811009968828,0.015562155148927852,0.004407652562198905
BOL,2004,0.05710254657288277,0.010360819726889271,0.0467417268459935,0.0565688949635733,0.005459782432436326
BOL,2005,0.04726043102439357,0.010440583828917285,0.03681984719547629,0.04643501575742409,0.007686664591096029
BOL,2006,0.048384444841343154,0.008250109083217681,0.04013433575812547,0.04740989304893059,0.008134741504566268
BOL,2007,0.05364871102144612,0.0067260754888324985,0.04692263553261362,0.052490102772157265,0.008729414988882906
BOL,2008,0.03432547186784693,0.0004826739811277976,0.03384279788671912,0.03345346432019252,0.009248887021385975
BOL,2009,-0.013721560561548028,-0.009799744371322215,-0.003921816190225812,-0.01489007153554355,0.01320204813370831
BOL,2010,0.05736256475596421,0.007366310380908289,0.049996254375055935,0.05551402795170565,0.018367170565000687
BOL,2011,0.03915385770186426,0.0038663287566758882,0.03528752894518838,0.03692732653210688,0.024351183962163736
BOL,2012,0.02160469617687115,0.003870307347860439,0.017734388829010704,0.019280793008717507,0.030337609530810508
BOL,2013,0.028639394077002518,0.004353290729228161,0.024286103347774358,0.026315377324696753,0.031197659812774933
BOL,2014,0.010209748808171052,0.006003459656585845,0.004206289151585205,0.008037540954661889,0.029987492792948073
BOL,2015,0.005808451864766018,0.005996568121235187,-0.00018811625646916763,0.0038408063811562225,0.02913194174504266
BOL,2016,-0.004135746933978658,0.004222201507131179,-0.008357948441109837,-0.006647748793967803,0.03806706658722036
BOL,2017,0.024323582772749642,0.007054632183630149,0.01726895058911949,0.02085790814583436,0.0517279309590768
BOL,2018,0.018614882248853788,0.006514725823912959,0.012100156424940826,0.01476450205967805,0.05907879300786035
BOL,2019,0.0143617218620249,0.004484256666315507,0.009877465195709393,0.010981668874909234,0.05845863148335411
BOL,2020,-0.05619486714975077,-0.012075569350254188,-0.04411929779949659,-0.057332249507575636,0.051180099769146566
BOL,2021,0.07103706441484735,0.012910082038650496,0.05812698237619686,0.06701835702890271,0.04947596947181671
BOL,2022,0.04244917349128295,0.007762144263723893,0.034687029227559056,0.04073741461653794,0.05204833997963784
BOL,2023,0.024496220193530864,0.003812887980346844,0.02068333221318402,0.021807606312533805,0.05618130832517789
BRA,1991,0.018350825727296974,0.008581702979937366,0.00976912274735961,0.017210568239056125,0.012741632959649427
BRA,1992,0.028155989799382018,0.012313438068495443,0.015842551730886577,0.02680243045149537,0.01012742254865754
BRA,1993,0.023418148352329082,0.007582465072720245,0.015835683279608836,0.021950235049832675,0.011290961614485916
BRA,1994,0.037682645687799374,0.017107727324513364,0.02057491836328601,0.035936167308257695,0.014020037267904233
BRA,1995,0.027237274058565852,0.01529932965506416,0.011937944403501691,0.02540054083969075,0.01810134020513073
BRA,1996,0.038549742283209724,0.015587586121290162,0.02296215616191956,0.03646410488584415,0.022641598610769132
BRA,1997,0.045302214204014396,0.018945179870097,0.02635703433391739,0.0431214744211679,0.023789753104865093
BRA,1998,0.02763870925030146,0.018046404498025477,0.00959230475227598,0.02576641276887886,0.024242701072295217
BRA,1999,0.020862452456698016,0.01845068152255676,0.0024117709341412575,0.019322993383820597,0.021473255163163542
BRA,2000,0.03386082808408489,0.020731916088249112,0.013128911995835768,0.03231863570249922,0.018275151535829214
BRA,2001,0.0086516531682109,0.008055382815467098,0.0005962703527437995,0.007245861760222469,0.01806534567131823
BRA,2002,0.004164821678938743,0.0082752189477899,-0.004110397268851157,0.0021354740019285633,0.023322785447379518
BRA,2003,0.03178431254707174,0.010373875578671189,0.02141043696840055,0.02869384734136938,0.033043894626080685
BRA,2004,0.04599125028536662,0.014919776175962168,0.031071474109404452,0.04132175743810043,0.047773518473746966
BRA,2005,0.04454023768095569,0.015451681480432973,0.029088556200522715,0.038552511373252864,0.0557605918286161
BRA,2006,0.04938530713819494,0.014016927112317537,0.035368380025877395,0.04206727306693238,0.06108481453197967
BRA,2007,0.04768802739956429,0.011417769653081989,0.03627025774648231,0.03968779126238359,0.06027695840537442
BRA,2008,0.025921430297795145,0.0012051218446083962,0.024716308453186748,0.019916256841775844,0.06369345195227666
BRA,2009,-0.018719565981776036,-0.016147010820427597,-0.0025725551613484388,-0.025105237763523424,0.07214647367874433
BRA,2010,0.04710859271314728,0.010141470519434884,0.036967122193712405,0.03764838975957699,0.0939971337478676
BRA,2011,0.03973131737457064,0.006557846966035199,0.03317347040853544,0.028466896106393684,0.12319701527402178
BRA,2012,0.027300029840643107,0.001957301859287743,0.025342727981355367,0.015509898832880488,0.1539153591820211
BRA,2013,0.029931987732496917,0.0032193135663591372,0.026712674166137776,0.017299751200673334,0.16957546351735156
BRA,2014,0.028911181099903205,0.007177549291669537,0.02173363180823366,0.01570516721136057,0.18231001497692254
BRA,2015,0.031193980850305007,0.007931018627236403,0.023262962223068607,0.01872088539096363,0.18467020270098033
BRA,2016,0.025030622216852448,0.00635026055958055,0.01868036165727189,0.012524980779417744,0.189511438226716
BRA,2017,0.03310063181370274,0.009060748468400777,0.024039883345301966,0.02044834529634912,0.18884536891065906
BRA,2018,0.02883913448032823,0.007840197614007477,0.020998936866320747,0.01574428603418815,0.2009224551366767
BRA,2019,0.023544430906697063,0.006435421705395528,0.017109009201301536,0.010446944161861517,0.22652341661301145
BRA,2020,-0.034016812333502226,-0.01517939573678151,-0.018837416596720717,-0.03970090956023105,0.2557738487502619
BRA,2021,0.06909177206765829,0.01844621576030142,0.050645556307356863,0.04552633520647048,0.2901238440031615
BRA,2022,0.037651823432908856,0.010160446129350464,0.027491377303558395,0.02758129478675238,0.30620802175067596
BRA,2023,0.02949593155989469,0.005473173125048702,0.02402275843484599,0.015030769520364327,0.30226420173622665
BWA,2001,0.023407922730692646,0.020794761020066763,0.0026131617106258855,0.02340773277599373,2.441043015498723e-06
BWA,2002,0.014090434475878008,0.014383265807206199,-0.0002928313313281957,0.014090297974299188,1.568778515422475e-06
BWA,2003,0.02202485377798527,0.02497988008200951,-0.0029550263040242393,0.02202384415299179,1.0795119723332282e-05
BWA,2004,0.024748033576143642,0.02205177207029795,0.0026962615058456945,0.024746768971465726,1.2938153439499857e-05
BWA,2005,0.027156577074774757,0.023250086054344882,0.003906491020429871,0.027151595284401506,4.6392831820182225e-05
BWA,2006,0.02455942867632558,0.020570926911899958,0.003988501764425619,0.0245520748792077,6.13833344689068e-05
BWA,2007,0.02625265568150086,0.02229864723437227,0.003954008447128595,0.02617988370215238,0.0005482930124873635
BWA,2008,-0.008231360427076347,-0.0011951430113047868,-0.0070362174157715595,-0.00889102811892899,0.006996719202735153
BWA,2009,-0.025146858052828642,-0.03343781505156264,0.00829095699873399,-0.027171390011100263,0.022873527896739368
BWA,2010,0.03555158343743676,0.014963446725265495,0.02058813671217126,0.03251817734954039,0.030140101555430312
BWA,2011,0.02484518525651428,0.00822281555658216,0.016622369699932117,0.02240554970240581,0.02668186953125108
BWA,2012,0.024676898142051356,0.010920207431835095,0.013756690710216263,0.02365236676099712,0.013374839974584782
BWA,2013,0.020698659630929227,0.011795490685736956,0.008903168945192275,0.020089933228009095,0.008171558668204449
BWA,2014,0.029993108331334478,0.01956698891104003,0.010426119420294448,0.029440650967238035,0.007626715462560302
BWA,2015,0.024880165014180635,0.010687803948980713,0.014192361065199926,0.024379329081842652,0.00741511787881988
BWA,2016,0.02244031014155945,0.0066830337943986845,0.01575727634716076,0.021986599420526748,0.0068755666562134886
BWA,2017,0.023357585318784537,0.007326920218490592,0.016030665100293946,0.022925766954201832,0.006445230136874501
BWA,2018,0.02791075562522411,0.00700020420863756,0.020910551416586553,0.02758553163733552,0.00499011518802098
BWA,2019,0.018433977164689294,0.006910241763127286,0.011523735401562008,0.018261833802045165,0.002977250782008037
BWA,2020,-0.05600806764673419,-0.0137956821866261,-0.04221238546010809,-0.056028975721878635,0.0009408246615673917
BWA,2021,0.0658094003797934,0.01687849615656314,0.048930904223230265,0.06580920270549234,2.4336501131497727e-06
BWA,2022,0.048968719848409246,0.010410876674115653,0.03855784317429359,0.04886585257916893,0.003127818223226412
BWA,2023,0.035175148450969564,0.003356099949931522,0.03181904850103804,0.03458771981757637,0.012274915860905145
CAF,1991,0.06177098315882934,0.003342913237689854,0.05842806992113949,0.061410892791104,0.0040237747571734055
CAF,1992,0.006829998266812329,0.005314973381351045,0.0015150248854612822,0.00429010415290469,0.01900365947053024
CAF,1993,-0.006064313557772271,-0.0013695903063251206,-0.004694723251447151,-0.00859174363312526,0.01944060041936824
CAF,1994,0.017133101047970584,0.01553693095526266,0.0015961700927079204,0.014878469681026473,0.018099288350902836
CAF,1995,0.02684730404440372,0.016599237219275042,0.010248066825128677,0.026090477109649738,0.007458667204145364
CAF,1996,0.016968223070872833,0.010734507532584243,0.006233715538288591,0.016890277241128765,0.000846176901448808
CAF,1997,0.019254988456477853,0.02037239072884354,-0.001117402272365689,0.019174998474742425,0.0008726130147745526
CAF,1998,0.029406084825440312,0.026813239426687962,0.0025928453987523487,0.02939179261756031,0.00018505708189692373
CAF,1999,0.027360001229667655,0.026383406449074248,0.0009765947805934062,0.027357260382201213,3.823090723692968e-05
CAF,2000,0.039432850685218665,0.032086406104349464,0.007346444580869208,0.039431855320155224,1.1795186894372123e-05
CAF,2001,0.015350754375700978,0.011539458106144923,0.0038112962695560516,0.015340574899757166,0.00013081297170603696
CAF,2002,0.020275742454604496,0.013542815565836284,0.006732926888768212,0.020053239963967805,0.00255716549185527
CAF,2003,0.013295315076337466,0.008904185531617348,0.004391129544720116,0.012968099961378135,0.003498651840126322
CAF,2004,0.03431050725267003,0.028926217530620718,0.005384289722049306,0.03394522232264735,0.0037372252026976684
CAF,2005,0.02341437556056298,0.01698829124055646,0.006426084320006522,0.023274877011034225,0.001299077693472813
CAF,2006,0.031957018010442706,0.020098310620980154,0.011858707389462554,0.03178794886617876,0.0014112475044356148
CAF,2007,0.03597552011913362,0.020222128155392642,0.015753391963740985,0.03547491180290733,0.0037717819995736752
CAF,2008,0.01729546322168353,0.004773607648598592,0.012521855573084937,0.012650873744306278,0.04926251321164621
CAF,2009,-0.011078024310638153,-0.020298952843842054,0.00922092853320391,-0.02054718514574833,0.10698429018898464
CAF,2010,0.03984965392236268,0.01807572984083903,0.02177392408152365,0.026270869777842765,0.13491959904350245
CAF,2011,0.03552291126274599,0.015352814203038702,0.02017009705970729,0.024885157576905827,0.11634326097321394
CAF,2012,0.017502864183014978,0.0018139090848545642,0.015688955098160415,0.01093756707244758,0.08570728028758574
CAF,2013,0.02246072120877358,0.004018304610675639,0.01844241659809794,0.015026337836160062,0.09979935090675796
CAF,2014,0.029979134862675803,0.009362220076528144,0.02061691478614766,0.020276900703552817,0.13394007228736318
CAF,2015,0.031938252640880974,0.007921397074571457,0.02401685556630952,0.01665622519220824,0.22625779749923905
CAF,2016,0.024291334917918173,0.007690325334977075,0.016601009582941098,0.010815279469252238,0.2042171657068982
CAF,2017,0.032046184699420714,0.013621836765921835,0.018424347933498883,0.020805344566237338,0.16777841688181763
CAF,2018,0.029634613436224675,0.009381124333924568,0.020253489102300105,0.0250577884338472,0.07022509042322454
CAF,2019,0.029045594633444156,0.00977464916952543,0.019270945463918724,0.023926169556844675,0.08854138828603214
CAF,2020,-0.03027238577765415,-0.02824649578261865,-0.002025889995035501,-0.032135298155020975,0.08382760703018943
CAF,2021,0.05586887948126272,0.0179392331706589,0.03792964631060382,0.0490603431912463,0.0838227074732457
CAF,2022,0.04666716699644445,0.007728057097558772,0.03893910989888569,0.04460757792797538,0.062624586695946
CAF,2023,0.027691111959771135,0.002353993606926967,0.02533711835284417,0.025514319174063077,0.04548628849916344
CHL,1991,0.024688682128089695,0.013394244246014542,0.01129443788207515,0.024353531525933964,0.0037450891600474866
CHL,1992,0.022520459595625077,0.011530066682816718,0.010990392912808358,0.021645870154868213,0.006543737322613961
CHL,1993,0.022147687497938183,0.005592119041945058,0.016555568455993125,0.020579766254168536,0.012060207198771811
CHL,1994,0.03800492719460424,0.016481097650968994,0.02152382954363525,0.03582188085592951,0.01752463207349497
CHL,1995,0.03181127027150692,0.016417642306452287,0.015393627965054633,0.02994670441270928,0.018375635937830093
CHL,1996,0.03609110029413948,0.016903297308225415,0.01918780298591407,0.03454685860774845,0.016764227792159424
CHL,1997,0.039259502537449815,0.017158115208624626,0.022101387328825193,0.03758914997003099,0.018221924270626404
CHL,1998,0.015980948813067407,0.013503317405253549,0.0024776314078138613,0.014200029452407763,0.023059540047594643
CHL,1999,0.026048657208664103,0.015373120309885274,0.010675536898778825,0.02406016954479083,0.02773656263257709
CHL,2000,0.03961292920868725,0.021990892975142295,0.017622036233544955,0.03731950780158258,0.027177299181868925
CHL,2001,0.012812342498432525,0.007813333433037561,0.004999009065394964,0.010096778118269516,0.03489679118935662
CHL,2002,0.016617785086505958,0.0077624996540478445,0.008855285432458114,0.012834028577738282,0.04348576749013707
CHL,2003,0.027193807453249348,0.010902511338307712,0.016291296114941636,0.021602324116775738,0.05978529893590216
CHL,2004,0.04235476617875346,0.01537120583960538,0.02698356033914808,0.035221634865932244,0.07297897045676775
CHL,2005,0.041514502912084444,0.014928156209296816,0.02658634670278763,0.031997825907930634,0.08862388070589401
CHL,2006,0.04608887414214387,0.014120564217748838,0.03196830992439504,0.03363648454189348,0.10394211092816276
CHL,2007,0.045778922057051016,0.01250290230369696,0.03327601975335406,0.03197119049297971,0.10403293688946047
CHL,2008,0.0243668751371518,1.394057077415547e-05,0.024352934566377642,0.013008982914450561,0.12046668890815021
CHL,2009,-0.01013339130926846,-0.020417600490936296,0.010284209181667833,-0.021257167432388462,0.12567843270129886
CHL,2010,0.05201219634345638,0.01169669627344515,0.04031550007001123,0.03440689090333621,0.17492735179666455
CHL,2011,0.04084880385777477,0.005813793378873208,0.03503501047890156,0.02208938497974122,0.2051684999191178
CHL,2012,0.03222482937145311,0.0028013028306708163,0.029423526540782292,0.014032591473092984,0.23749225760148995
CHL,2013,0.03498564357161032,0.004468279978420291,0.03051736359319003,0.01737569115572167,0.23639644776440352
CHL,2014,0.0341088671717162,0.007131209358319245,0.026977657813396946,0.016837376934934915,0.23843422173538653
CHL,2015,0.03209043344520646,0.008360243439723868,0.02373019000548258,0.0156860458554461,0.24287488148081982
CHL,2016,0.029226520352643875,0.0060377820001669144,0.023188738352476965,0.01255918756753269,0.2525780243510369
CHL,2017,0.037287816316610975,0.009093007667216465,0.028194808649394505,0.019554701382432635,0.26468074581514217
CHL,2018,0.03509110593196344,0.008068627316724725,0.027022478615238724,0.01714482554637687,0.27536101165845206
CHL,2019,0.028502881162255658,0.005688277671148869,0.022814603491106783,0.011191743134288622,0.2993992823165677
CHL,2020,-0.025054565303268654,-0.016614427362633605,-0.00844013794063505,-0.031980010453233974,0.3116322064277689
CHL,2021,0.06649239699161741,0.01870659443789688,0.04778580255372053,0.038089057599136986,0.3496852638724002
CHL,2022,0.03144842234313551,0.009256920992733458,0.022191501350402057,0.019404335995783076,0.36621670855627614
CHL,2023,0.03189755485162932,0.0069793592390522945,0.024918195612577028,0.01322469839758264,0.39018823534733205
CHN,1991,0.031100735208284783,0.006802875103683569,0.024297860104601218,0.031100735208284786,0.0
CHN,1992,0.034816727841702505,0.005565199302166134,0.02925152853953637,0.034816727841702505,0.0
CHN,1993,0.037645563166885214,0.0034909266454308083,0.03415463652145441,0.037645563166885214,0.0
CHN,1994,0.04022249896229626,0.009723974589399163,0.030498524372897098,0.04022249896229626,0.0
CHN,1995,0.02951464901460803,0.012114650131245415,0.017399998883362616,0.02951464901460803,0.0
CHN,1996,0.03758458462492904,0.015254273285742019,0.022330311339187024,0.03758458462492904,0.0
CHN,1997,0.03749006725336052,0.014046968254574799,0.02344309899878573,0.03749006725336053,0.0
CHN,1998,-0.005673827591119925,0.011033200193645665,-0.016707027784765585,-0.005673827591119927,0.0
CHN,1999,0.031621192174136746,0.013800877067092826,0.01782031510704392,0.031621192174136746,0.0
CHN,2000,0.050177493071260404,0.01908803142340156,0.03108946164785885,0.0501774930712604,0.0
CHN,2001,0.012721968462667987,0.005878205758039304,0.0068437627046286816,0.012721968462667987,0.0
CHN,2002,0.021643003300880842,0.007270875952004234,0.014372127348876612,0.021643003300880842,0.0
CHN,2003,0.027623278518188035,0.010426626499442357,0.017196652018745675,0.02762327851818803,0.0
CHN,2004,0.0479364866966901,0.014804248153654243,0.03313223854303586,0.0479364866966901,0.0
CHN,2005,0.04287747775088459,0.014982337536873915,0.02789514021401067,0.04287747775088459,0.0
CHN,2006,0.043389260908637095,0.013690626771043862,0.029698634137593237,0.043389260908637095,0.0
CHN,2007,0.04111421492613311,0.012089424800277394,0.029024790125855716,0.04111421492613311,0.0
CHN,2008,0.015124994967189569,3.129849272643334e-05,0.015093696474463136,0.015124994967189567,0.0
CHN,2009,-0.02272239043898009,-0.018173172024273144,-0.004549218414706949,-0.022722390438980097,0.0
CHN,2010,0.04546651403194667,0.012681760667098396,0.03278475336484827,0.04546651403194667,0.0
CHN,2011,0.03176882643284032,0.0074258269891098625,0.024342999443730456,0.03176882643284032,0.0
CHN,2012,0.02355535398744426,0.005526208391623034,0.01802914559582123,0.023555353987444263,0.0
CHN,2013,0.025311619153996198,0.005687285522056669,0.019624333631939533,0.025311619153996198,0.0
CHN,2014,0.0275980504492934,0.008716134486596718,0.01888191596269668,0.0275980504492934,0.0
CHN,2015,0.025516668113390935,0.009029589418902233,0.016487078694488698,0.02551666811339093,0.0
CHN,2016,0.024830145591462256,0.006692069237070733,0.018138076354391523,0.024830145591462256,0.0
CHN,2017,0.032546681731894136,0.0103068950821317,0.022239786649762443,0.032546681731894136,0.0
CHN,2018,0.029799785741517162,0.009461779747491697,0.020338005994025465,0.02979978574151717,0.0
CHN,2019,0.018413951473641332,0.0074723574564607995,0.010941594017180534,0.018413951473641332,0.0
CHN,2020,-0.042452097808350575,-0.017888237798588932,-0.024563860009761643,-0.042452097808350575,0.0
CHN,2021,0.0551187224518631,0.023400595696366426,0.03171812675549667,0.0551187224518631,0.0
CHN,2022,0.029200647606229348,0.011864419848613517,0.017336227757615827,0.029200647606229355,0.0
CHN,2023,0.026677899776272027,0.007718337413350927,0.018959562362921102,0.02667789977627203,0.0
CIV,1991,0.02313544234154038,0.011650663665601881,0.011484778675938495,0.023079949052880605,0.0006201012693348137
CIV,1992,0.0021903576272829573,0.008587319514316674,-0.006396961887033716,0.0021047891423092917,0.000640229189455053
CIV,1993,0.0053709104970054425,0.0018615093945996964,0.0035094011024057467,0.005288911688936217,0.0006307221228724244
CIV,1994,0.026516816614381107,0.016521121255199125,0.009995695359181985,0.02643676367267913,0.0006426333352959376
CIV,1995,0.028304661259654803,0.016664145415583212,0.01164051584407159,0.028225551343168613,0.0007796426270294046
CIV,1996,0.031337164951933255,0.013834348701941128,0.01750281624999212,0.03122266502452077,0.0012430067665214822
CIV,1997,0.03591110706288202,0.021054427671319455,0.014856679391562565,0.03571711490417395,0.0021162660470753786
CIV,1998,0.03473772341817456,0.023238187605787674,0.011499535812386887,0.03446748528597771,0.003499073102036522
CIV,1999,0.0347185434199776,0.02288198420344413,0.011836559216533468,0.034402437856848975,0.004409221092750043
CIV,2000,0.03699004785347433,0.024957308513057563,0.012032739340416765,0.03665848477093509,0.003929059467185929
CIV,2001,0.032851845716423037,0.011196205232324325,0.021655640484098716,0.03265628890976712,0.0025130337904635115
CIV,2002,0.024810015026805056,0.006218864609449409,0.01859115041735565,0.02467979909532881,0.0014965391421373334
CIV,2003,0.029906403086508677,0.006603523765313586,0.02330287932119509,0.029752780391068677,0.0016425657052949044
CIV,2004,0.0382682033118149,0.013323886596699109,0.024944316715115794,0.03774343520689712,0.005368895418567827
CIV,2005,0.03546087272221343,0.014159482207725196,0.021301390514488233,0.03461848323666799,0.007844736691420015
CIV,2006,0.040911907187419494,0.018008405403534936,0.02290350178388456,0.03960568258582933,0.010903268111114231
CIV,2007,0.04009819108276835,0.015181332531182201,0.024916858551586152,0.038590355805908846,0.011360630199778721
CIV,2008,0.02749519136420501,0.0028560192010899468,0.024639172163115064,0.02655490386900484,0.009973093506038085
CIV,2009,-0.006394921942617548,-0.019991811283375106,0.013596889340757555,-0.007080788672813929,0.007749046253626776
CIV,2010,0.03675635039853738,0.010818864796925303,0.025937485601612076,0.03624314028642642,0.0050992859017518185
CIV,2011,0.03705835228091936,0.010457198537255838,0.026601153743663522,0.03650201396019557,0.006084575404629279
CIV,2012,0.023980923097266515,0.0010010111798188193,0.022979911917447693,0.023364711378125638,0.008044393062408997
CIV,2013,0.02615505444875256,0.00367076814611141,0.022484286302641154,0.025442304383733565,0.009567974945935498
CIV,2014,0.03184483442164289,0.009522208640756797,0.022322625780886094,0.03107050545246981,0.010689669657964312
CIV,2015,0.027194155545187455,0.008534816026306383,0.018659339518881074,0.02645698339025048,0.01091418980328388
CIV,2016,0.02479483957191942,0.008914652181139356,0.01588018739078006,0.024130881370197373,0.010061672914602573
CIV,2017,0.034712462835572125,0.013145251360219682,0.02156721147535244,0.03413952821940994,0.008551501643788735
CIV,2018,0.03360142194751306,0.011667746036664553,0.02193367591084851,0.0330813043915293,0.007980489177692457
CIV,2019,0.03128244542785267,0.010018987595483458,0.021263457832369215,0.03067301000795092,0.010540296486695447
CIV,2020,-0.0328810303026079,-0.026137469256168906,-0.00674356104643899,-0.0332853250575148,0.01819251525217032
CIV,2021,0.055218480978517046,0.029763911729600558,0.02545456924891648,0.05300092405269409,0.02730126088497047
CIV,2022,0.04290699982728781,0.01732675764095837,0.025580242186329434,0.041142493714821024,0.05365219096731786
CIV,2023,0.026093379660893312,0.0050736250393559855,0.021019754621537323,0.022449247450217827,0.07614783095211401
CMR,1991,0.01935883021024018,0.012859646982043409,0.006499183228196773,0.017676205298278968,0.0188022348093045
CMR,1992,0.020857824138628453,0.01255316365504295,0.008304660483585503,0.018949069700944895,0.01428142974464202
CMR,1993,0.004919602236991506,0.0004983701892452414,0.004421232047746265,0.0035929620350507053,0.01020431082058684
CMR,1994,0.02898510343076969,0.02167037122410652,0.007314732206663175,0.028454360845174796,0.0042605914375286845
CMR,1995,0.029774635973998195,0.02308874871943522,0.006685887254562977,0.029407189127408126,0.0036212555580080004
CMR,1996,0.0312811414335136,0.016280888272479196,0.015000253161034406,0.030372475047461524,0.009864447007939398
CMR,1997,0.04513090375645218,0.02412661751002826,0.02100428624642392,0.04371174439356492,0.015481650367049753
CMR,1998,0.032446006343385736,0.025563907501792032,0.006882098841593699,0.03054380987795948,0.024629849358615882
CMR,1999,0.03344087278240904,0.02522379739108577,0.008217075391323263,0.03170717954058524,0.024182544383431467
CMR,2000,0.045098100418094,0.033301586005366694,0.011796514412727301,0.04277588225540098,0.02751854394380724
CMR,2001,0.02800167771365909,0.01668295259382896,0.011318725119830134,0.025072435716003323,0.0376426893363328
CMR,2002,0.02417101119112805,0.007372368507558313,0.016798642683569738,0.019717351606146367,0.05118479604698717
CMR,2003,0.0228727910975863,0.007949752144848606,0.01492303895273769,0.01758028924950229,0.056588526883828726
CMR,2004,0.037643289628134485,0.01716733242658766,0.020475957201546824,0.03278559224300233,0.049699036567611786
CMR,2005,0.035636332671695733,0.018363348497481682,0.017272984174214058,0.03134551353668524,0.03995817478997745
CMR,2006,0.036826640025731244,0.022674859265712253,0.014151780760018988,0.03282013490296515,0.03344294655673406
CMR,2007,0.034426922052690365,0.020723485349119764,0.013703436703570607,0.030429831889188668,0.030115665762439365
CMR,2008,0.013435250438052724,0.0014520827173708053,0.011983167720681918,0.010826811230324805,0.02766622788910809
CMR,2009,-0.018271535567803424,-0.027707280552506316,0.009435744984702892,-0.02221825775248073,0.04459078041374376
CMR,2010,0.030375978167443002,0.00805129994736826,0.02232467822007474,0.024453950838704573,0.05884161234277441
CMR,2011,0.02714279151168545,0.0062315207776040766,0.020911270734081375,0.020021941180700907,0.07787950096190817
CMR,2012,0.016287948149215026,-0.007339612235242789,0.023627560384457815,0.009869934782907437,0.08378455098250032
CMR,2013,0.01482641485228816,-0.000993729684723928,0.01582014453701209,0.006661517718222544,0.10960578616404337
CMR,2014,0.029554055624966116,0.008239647031358065,0.021314408593608055,0.022130870203652377,0.10247763305097729
CMR,2015,0.032121170992753065,0.013445642665717598,0.01867552832703547,0.023976754750355392,0.12058201616971771
CMR,2016,0.028731014175848623,0.0116514071619861,0.017079607013862526,0.021405501549736528,0.11101137358430833
CMR,2017,0.03430737123866179,0.013551205518865721,0.020756165719796073,0.02663155817051218,0.11456757231634054
CMR,2018,0.03306842640070063,0.01048230282715045,0.02258612357355018,0.026177850056665716,0.10572642532249364
CMR,2019,0.031040811316822,0.009558167087800816,0.02148264422902118,0.022583746505877134,0.14626647484474753
CMR,2020,-0.0393920842374026,-0.03646795511190852,-0.002924129125494077,-0.043489623491511635,0.18438167814942355
CMR,2021,0.06442030226133139,0.030941710847950436,0.03347859141338096,0.04686897687126428,0.21608162918902468
CMR,2022,0.045257533940389026,0.01932852404359573,0.025929009896793295,0.038034315828520446,0.21963170022390913
CMR,2023,0.029147383471298006,0.004822584901090158,0.02432479857020785,0.02078137202145379,0.1748162769067323
COD,1991,0.02187513364308748,0.01241721765117852,0.009457915991908964,0.02110424875398412,0.008614135326792423
COD,1992,0.013867463263168973,0.015686469689325647,-0.001819006426156674,0.012946899239184606,0.00688772226244708
COD,1993,0.017536390621065656,0.007297146749153808,0.01023924387191185,0.016694757244742387,0.0064737134879663235
COD,1994,0.03162789393133774,0.022277497745032876,0.009350396186304863,0.03098955508045615,0.005124331674383278
COD,1995,0.03720409013097145,0.01995966993179376,0.017244420199177688,0.036767032640071265,0.004307281128628064
COD,1996,0.03237242747575131,0.020976831202151477,0.011395596273599838,0.032103370953235066,0.0029208671622963198
COD,1997,0.032496998603254716,0.02461871309348077,0.007878285509773948,0.032309405211795,0.002046461710853764
COD,1998,0.02732003666023519,0.024297418871506014,0.0030226177887291705,0.02719697577988351,0.0015934058337771367
COD,1999,0.03454574816743452,0.029267673223917812,0.00527807494351671,0.034429459012126316,0.0016220676136419678
COD,2000,0.03795207985579199,0.03506547752585954,0.0028866023299324492,0.03783933039938665,0.0013360936197021733
COD,2001,0.019649697479478537,0.007931173491782014,0.011718523987696525,0.0195337773145865,0.001489650482390847
COD,2002,0.03205159399784792,0.0058004751256527185,0.026251118872195202,0.03137467048188355,0.007779712715557278
COD,2003,0.04218713466426008,0.00031043471976329687,0.04187669994449679,0.041039105872882196,0.012274961821282222
COD,2004,0.056099886580536704,0.0018896886746020821,0.05421019790593462,0.05304853500396735,0.031218336911786507
COD,2005,0.05996393760938247,0.0018134830994594024,0.05815045450992307,0.05236102259554689,0.07080200714063499
COD,2006,0.07133835635415446,0.002371429599636759,0.0689669267545177,0.0485111233429491,0.19054260764424003
COD,2007,0.08209335974145418,0.0020046593560385795,0.08008870038541561,0.03810196783086166,0.3314486291305598
COD,2008,0.06528293237880395,0.0007634951515369348,0.06451943722726702,0.0233252006996918,0.4450217443846401
COD,2009,0.05327791075251318,-0.0008405971573379103,0.05411850790985109,0.005193531885883011,0.5432660012649141
COD,2010,0.0787245982705763,0.000886182508941014,0.07783841576163528,0.01748436941630139,0.6084865209147358
COD,2011,0.07759032804886243,0.00038576933154108874,0.07720455871732133,0.01351829109015154,0.7007447189621562
COD,2012,0.0652155913097349,0.00022799884968942514,0.06498759246004546,0.008982826792815693,0.7340958419139806
COD,2013,0.06510427283013975,0.000366319549532032,0.06473795328060772,0.010158181592188283,0.7375977220399024
COD,2014,0.05895893109102655,0.0005966380190279819,0.058362293071998556,0.011557837333289083,0.6543756644382338
COD,2015,0.04838797263538465,0.0006682488986976999,0.04771972373668694,0.015919217166021384,0.48071560692541077
COD,2016,0.04238298447509088,0.001293018747763478,0.0410899657273274,0.020153557967740758,0.3368664142050734
COD,2017,0.036975632530819966,0.0019309666486223439,0.03504466588219763,0.01977957335910455,0.25666476439954605
COD,2018,0.039032051816733956,0.003087560464044277,0.03594449135268967,0.0178727595670234,0.32466026355726657
COD,2019,0.029899057832423873,0.00272173443752584,0.027177323394898024,0.008295902692725302,0.37363049928606
COD,2020,-0.019183812262879005,-0.00305378477662992,-0.016130027486249088,-0.028029554245132406,0.3980420076584066
COD,2021,0.06482161910490378,0.0034867186620146434,0.061334900442889126,0.030833587171225942,0.41844072455713394
COD,2022,0.03476604827058801,0.0012947313747045614,0.033471316895883445,0.01999618033313908,0.44909777843401416
COD,2023,0.03996184251758013,0.0002531384888905539,0.039708704028689576,0.013159482756674317,0.5600624352245681
COG,1991,0.008291697298191982,0.00863989341940914,-0.00034819612121715984,0.008291697298191982,0.0
COG,1992,0.018395337119594166,0.018187010857185684,0.00020832626240848144,0.018395337119594166,0.0
COG,1993,0.006535973661544698,0.008877351505739574,-0.002341377844194877,0.006535973661544696,0.0
COG,1994,0.029986226704413765,0.027992383835827764,0.0019938428685860017,0.02996476644754652,0.00017227444930437133
COG,1995,0.03077104067860908,0.024270347382808047,0.006500693295801031,0.030708119818770505,0.0006200965269387047
COG,1996,0.03211294111932276,0.02114438070947319,0.01096856040984957,0.03203894112071736,0.0008033411118045957
COG,1997,0.03861690352647357,0.024487828797533785,0.014129074728939782,0.03817239296972195,0.004849178467237368
COG,1998,0.02994630271842899,0.022326835189525784,0.007619467528903204,0.028005002445269735,0.025136169768372445
COG,1999,0.05020031563488257,0.020141002042073038,0.030059313592809542,0.04781720089945379,0.0332410466108128
COG,2000,0.052350207428204794,0.018964575595067354,0.03338563183313743,0.04898759878390849,0.03984728705962074
COG,2001,0.014215750902360698,0.005846370820912259,0.008369380081448436,0.011227466022989534,0.03840142926144415
COG,2002,0.04107225223891278,0.005889015209146726,0.03518323702976606,0.03673505961232704,0.04984627041476059
COG,2003,0.031971631105363565,0.006173962875740097,0.025797668229623476,0.026142346369154842,0.06232792079758264
COG,2004,0.05125061005158917,0.008986268868093214,0.04226434118349595,0.04003949833950988,0.11470073303610076
COG,2005,0.057519684646179056,0.007197094096471223,0.050322590549707835,0.03574758088917113,0.2027523184022344
COG,2006,0.06739399558185137,0.005773978135484344,0.061620017446367026,0.030221218717901913,0.3102871834513421
COG,2007,0.07978646202060727,0.004260018898969844,0.07552644312163743,0.03055999929829609,0.37089173307853346
COG,2008,0.05000225421369857,0.00026736625124035193,0.049734887962458216,0.011570850021580613,0.40761999870554994
COG,2009,0.029845025366286984,-0.008122008285069999,0.03796703365135698,-0.006201795501863649,0.40726349581575166
COG,2010,0.06496569031448735,0.006240665794095745,0.05872502452039161,0.02957291291302566,0.3516647208777008
COG,2011,0.046621608621305585,0.0062900170408040045,0.04033159158050158,0.0209388124302088,0.28088827284654744
COG,2012,0.03951710430245308,0.0021061608563762197,0.03741094344607686,0.020794082309089048,0.24442142781824513
COG,2013,0.03553950862985796,0.0037462199294997526,0.031793288700358205,0.017712010796583508,0.23931678296366435
COG,2014,0.042672350625360116,0.008634765318501648,0.034037585306858464,0.020836730844164146,0.30144237337157137
COG,2015,0.0368472806289631,0.008047200581652694,0.0288000800473104,0.01709760947627921,0.29240342038049466
COG,2016,0.030104389171584034,0.006277051094060769,0.023827338077523266,0.011683238064618576,0.279155520133704
COG,2017,0.030654772762249427,0.008966027365266627,0.0216887453969828,0.01806211649899567,0.1879553402728882
COG,2018,0.031181270857909144,0.007411912046641689,0.02376935881126745,0.015771949874957676,0.23643485578455373
COG,2019,0.033941323286911976,0.005266926265113752,0.028674397021798213,0.011529198176196413,0.3876217821437697
COG,2020,-0.012228858828291885,-0.01556418143871844,0.0033353226104265513,-0.02428721919478354,0.5426038854599503
COG,2021,0.07351564410613275,0.011547404135701204,0.061968239970431535,0.02302130536854985,0.6216566975286232
COG,2022,0.04039597036826189,0.00724516287612508,0.03315080749213682,0.021824112724944205,0.5647024092787749
COG,2023,0.041989068526220946,0.0029735702353507077,0.03901549829087024,0.017800049757420198,0.5054540301002768
COL,1991,0.017162266515260628,0.007237908496482853,0.009924358018777776,0.017133435525493956,0.00032216748695689846
COL,1992,0.028888072883525094,0.018009492332522678,0.01087858055100242,0.028698901056218876,0.001415396400921016
COL,1993,0.020640166218365594,0.012728863972333273,0.007911302246032322,0.02049452382251038,0.001120258736157164
COL,1994,0.03292113085179596,0.02386963512270437,0.009051495729091585,0.032772532872427984,0.001192885771206062
COL,1995,0.029422648557016838,0.019072125124009246,0.010350523433007595,0.029379441173879806,0.0004258166256806288
COL,1996,0.028485663854089998,0.020244820582238317,0.008240843271851685,0.02836280264555199,0.0013337765097928354
COL,1997,0.043534647427276474,0.02529937959006024,0.018235267837216233,0.043407728355296674,0.0013845638119908952
COL,1998,0.03299863591963759,0.026259207149253422,0.006739428770384167,0.03286853286678479,0.0016845886590070936
COL,1999,0.023794954195457248,0.02654405515147558,-0.0027491009560183326,0.023732206519990418,0.0008752404464226925
COL,2000,0.037325753148780345,0.026010129296307315,0.01131562385247303,0.03723363259119465,0.0010916388704453616
COL,2001,0.015123362861450027,0.007526300822914167,0.007597062038535862,0.015008631608514796,0.0014743721805386444
COL,2002,0.010004634946806496,0.01251575631836275,-0.0025111213715562526,0.009852392078476924,0.001749689219924866
COL,2003,0.014537649777197181,0.014979087071532046,-0.0004414372943348649,0.01434208142345167,0.0020910573791410813
COL,2004,0.0501156493012184,0.0196670082178056,0.030448641083412806,0.04977708421681947,0.0034638548217430995
COL,2005,0.044955370592235304,0.021771693991064836,0.023183676601170475,0.04434140438284882,0.0057175491060974925
COL,2006,0.04271095056852471,0.016487563082476973,0.026223387486047744,0.041665601333058064,0.008725699217550969
COL,2007,0.037473343115590085,0.012981018481957238,0.024492324633632847,0.035759353364433505,0.012913879936312845
COL,2008,0.02147150616643567,0.0010021003794649546,0.020469405786970714,0.019677653473790364,0.019026373030730737
COL,2009,-0.0223606631087096,-0.016998608845114466,-0.005362054263595133,-0.024068008887025698,0.019289901120174775
COL,2010,0.02743582112293186,0.01379700703243571,0.01363881409049615,0.02514750116248763,0.02273688190786795
COL,2011,0.031581400404735366,0.010134662181251586,0.021446738223483777,0.028792787438808976,0.030498574758307948
COL,2012,0.028605634515203718,0.009111779151109651,0.01949385536409407,0.025684888530805847,0.03812914945322169
COL,2013,0.02634410138432107,0.007619138491110523,0.01872496289321055,0.022846694924549445,0.046949272999302884
COL,2014,0.027820159142912554,0.013584632982924533,0.014235526159988023,0.02349861713502967,0.05965921244896359
COL,2015,0.028140547837283154,0.0137098725137841,0.014430675323499054,0.022480567651383482,0.08379874038651963
COL,2016,0.017079375325102352,0.008973260700066443,0.008106114625035915,0.011354850315747646,0.08674988589071166
COL,2017,0.02846732272897721,0.01335389219622304,0.015113430532754168,0.02378819407415007,0.06983969069853858
COL,2018,0.024767372198806377,0.013576262359912715,0.011191109838893657,0.021381300129336152,0.051954622939391515
COL,2019,0.01680268109505877,0.01075021846252302,0.006052462632535748,0.013159131616742823,0.06301585124734914
COL,2020,-0.060686589806593444,-0.01771603639072483,-0.04297055341586861,-0.06267558891996161,0.08950127664860687
COL,2021,0.07611530174376852,0.02710035927917579,0.04901494246459273,0.06785499105312534,0.10169610282832722
COL,2022,0.04044671635712074,0.013384665735605943,0.027062050621514795,0.037188905252023376,0.09905814568235016
COL,2023,0.031072782521890045,0.010770043894146954,0.020302738627743087,0.027587345146057103,0.07283174175503096
CRI,1991,0.01660706851005697,0.006243585308658901,0.01036348320139807,0.016192188290776104,0.0046360155761407
CRI,1992,0.030111632809337853,0.01920893859073273,0.010902694218605125,0.029672222981887444,0.0032876940354119445
CRI,1993,0.024297306712127424,0.014137983111529796,0.010159323600597625,0.024012194132433898,0.002193041774096547
CRI,1994,0.0391707451954343,0.02715148229453028,0.01201926290090402,0.03907076233045933,0.0008026228721301858
CRI,1995,0.03265383250584758,0.020609308154429833,0.01204452435141774,0.03263345983957672,0.00020077633445331834
CRI,1996,0.03436017939405841,0.022551218325595708,0.0118089610684627,0.033939272957766595,0.004569343930659339
CRI,1997,0.043623565888167765,0.02737297990629958,0.016250585981868182,0.04321349855149651,0.004473436387281787
CRI,1998,0.03969746856943355,0.028351327935462276,0.011346140633971272,0.03927705082775215,0.005443615227716203
CRI,1999,0.038953826325964926,0.02721949789137304,0.011734328434591886,0.038740849775038305,0.002970718678002854
CRI,2000,0.04043575056149538,0.026253067844187315,0.01418268271730806,0.04012971952846625,0.0036265018359922198
CRI,2001,0.014642279460261292,0.008883199973449748,0.005759079486811548,0.014382416557283784,0.0033394094904580667
CRI,2002,0.019871155922750832,0.012640044065546056,0.007231111857204776,0.019664902640297535,0.0023704174050467124
CRI,2003,0.0252191215666388,0.01695400008829507,0.008265121478343731,0.02486372135592619,0.0038000127266294027
CRI,2004,0.0368281328551817,0.02149777294229377,0.015330359912887934,0.03605299431348546,0.007930431987516412
CRI,2005,0.03978878471160577,0.02347400568921611,0.016314779022389658,0.038104304471394984,0.015686691456977767
CRI,2006,0.04025492913252625,0.017762922854963396,0.02249200627756285,0.037239161157509214,0.025173103272203904
CRI,2007,0.039300293111763,0.013771882111751978,0.025528411000011023,0.03358606006196879,0.04305330267194358
CRI,2008,0.019414551776116187,0.0010225646706617615,0.01839198710545442,0.0133144041327613,0.06470078902289904
CRI,2009,-0.015033089816934983,-0.01658112680839412,0.00154803699145914,-0.02186886258670146,0.07723179597446844
CRI,2010,0.0393522327367459,0.01297166814839652,0.026380564588349385,0.030908056301584098,0.08390183441751016
CRI,2011,0.03486804439141289,0.00996398815130058,0.024904056240112306,0.02904412055288913,0.06369524159366519
CRI,2012,0.028186126767015943,0.008226477249474702,0.019959649517541242,0.024666504811537766,0.04594723138408563
CRI,2013,0.023864071737599288,0.007484474709663693,0.016379597027935594,0.02191458366979615,0.02616997725513134
CRI,2014,0.030606882595110983,0.014561051820993515,0.01604583077411747,0.028650234663614278,0.027011671856956906
CRI,2015,0.031002849837690024,0.015236613936992934,0.01576623590069709,0.028932401973899104,0.030653980636517097
CRI,2016,0.022670161409343886,0.009988798076011267,0.012681363333332623,0.021098745280858804,0.023813359118902953
CRI,2017,0.029949128155054978,0.016251057577927375,0.013698070577127602,0.028985819223861255,0.014378146609049527
CRI,2018,0.025239288600636033,0.01713780920590181,0.008101479394734223,0.024728514993888624,0.007837119116636688
CRI,2019,0.020834170187635795,0.01481086853318673,0.0060233016544490635,0.02019701471426206,0.011019719855735752
CRI,2020,-0.04978486420148695,-0.023492062242640718,-0.02629280195884623,-0.050075108345942296,0.013060448993637933
CRI,2021,0.07246012825768748,0.03989573724823485,0.03256439100945263,0.07125239444735525,0.014868910669900192
CRI,2022,0.0357311499784176,0.020243338102307534,0.015487811876110069,0.03520412795161504,0.01602481636431627
CRI,2023,0.02790227546184312,0.015629304512836555,0.012272970949006565,0.02695080070250634,0.01988202813194597
CUB,1991,0.02323339961808359,0.004717826160346707,0.018515573457736887,0.004603978079730399,0.20817162258542937
CUB,1992,0.03374828430937834,0.0043034779366004465,0.029444806372777896,0.008281113957522854,0.1905470902879712
CUB,1993,0.03010897063867766,0.00316302954395892,0.02694594109471874,0.007359677875735347,0.17498403407493662
CUB,1994,0.021231596143078922,0.014902943152003661,0.006328652991075259,0.0058730873713620495,0.12329203034017072
CUB,1995,0.02151416920691422,0.013311684174668253,0.008202485032245969,0.012163323116826111,0.09215429031449945
CUB,1996,0.021505700648318662,0.010226796164565012,0.011278904483753653,0.01323357800832008,0.08980184221403016
CUB,1997,0.031409071805771516,0.015668007185699565,0.015741064620071948,0.02301505934180703,0.09157052374961455
CUB,1998,0.01912107891416942,0.01595287226984742,0.0031682066443220053,0.01277979352256766,0.08210766173416499
CUB,1999,0.03979086645833814,0.019364269293652404,0.020426597164685735,0.0356388412318366,0.057914821318317995
CUB,2000,0.05860936125026181,0.022719553452687717,0.035889807797574086,0.05452207885234324,0.04843475177518902
CUB,2001,0.0329527566738257,0.011809709708313309,0.021143046965512405,0.029273433277513722,0.047281729432430794
CUB,2002,0.027918269303415393,0.008646171528574439,0.019272097774840957,0.0242332702326803,0.04235077294747681
CUB,2003,0.029903165786618016,0.007069632311036601,0.02283353347558141,0.02540664203444819,0.04807776407778735
CUB,2004,0.04474754477179704,0.014214685872351404,0.030532858899445642,0.04010461006455289,0.04750180250062711
CUB,2005,0.043607134483436776,0.015708698081101733,0.027898436402335046,0.03880072674457036,0.04475958424219503
CUB,2006,0.05121388690125105,0.02037811673809702,0.03083577016315403,0.04600655488112161,0.04346644297614847
CUB,2007,0.05028400696834822,0.019284871495439358,0.030999135472908862,0.04165256661678513,0.06503270180134765
CUB,2008,0.028007375455641886,0.007480161710646576,0.02052721374499531,0.017535398646198498,0.11107028908366877
CUB,2009,-0.01978789072540161,-0.018755389223096955,-0.0010325015023046544,-0.03306952565920008,0.1500583114686443
CUB,2010,0.032223603788737544,0.011204310970117853,0.021019292818619698,0.01580025124300087,0.16318339822163958
CUB,2011,0.03655065705872155,0.009634238120267419,0.026916418938454124,0.02157242029591673,0.1638143690930889
CUB,2012,0.027046737690611833,-0.00014725255134484408,0.02719399024195667,0.014539000361847645,0.16328341748226594
CUB,2013,0.021699452970327146,0.00376611357406623,0.01793333939626092,0.010440647813016528,0.15113848591995
CUB,2014,0.024460383287241594,0.011471174521254169,0.012989208765987427,0.015357255235154129,0.12566936742000176
CUB,2015,0.02034045761531257,0.009712377076935116,0.010628080538377455,0.013722548315664556,0.09798134358920667
CUB,2016,0.006513421842791009,0.008809827797522159,-0.002296405954731146,0.0005866700811612601,0.08981444542276738
CUB,2017,0.008673340661139064,0.012064827757332112,-0.003391487096193045,0.0021399848830652036,0.09751549496153901
CUB,2018,-0.0034167789924167274,0.01015038608531781,-0.013567165077734537,-0.011382107258585343,0.122217016698648
CUB,2019,-0.031156053353730506,0.00864213756132527,-0.039798190915055764,-0.04005577074318559,0.15392223173995745
CUB,2020,-0.09024595045596462,-0.031142194768989984,-0.05910375568697464,-0.0943587898642633,0.18507015675340585
CUB,2021,0.05827949729677227,0.02951229801817177,0.028767199278600514,0.04154191800826642,0.20606326422434326
CUB,2022,0.042797957984098384,0.02307882262142675,0.019719135362671638,0.035676323051135654,0.21654292650121346
CUB,2023,0.02668162629925058,0.008798326480546542,0.017883299818704033,0.016563630850082972,0.21142575584398446
CZE,1994,0.028367127613304448,0.015846729050451615,0.012520398562852832,0.025306572964541113,0.02456892151586782
CZE,1995,0.02875554382714636,0.012532591716911136,0.016222952110235223,0.0271944773530323,0.015384594257008399
CZE,1996,0.026564805341979206,0.009395488662199582,0.01716931667977963,0.025461341486064683,0.011979160777739445
CZE,1997,0.03225265787906979,0.014812786164781848,0.017439871714287947,0.03148069085609148,0.00842141048932499
CZE,1998,0.025922751731856403,0.01569354820311451,0.010229203528741893,0.0251283384994376,0.010286150036863648
CZE,1999,0.023701818216791917,0.01687944039974129,0.006822377817050623,0.023047896940499787,0.009121267768552434
CZE,2000,0.03577248226171323,0.024347486784125384,0.01142499547758785,0.035325242820617976,0.005299837203456801
CZE,2001,0.02091457802283682,0.013000174528041602,0.007914403494795219,0.020752854552155385,0.0020782531351546544
CZE,2002,0.013769730669453584,0.004096465079680073,0.009673265589773512,0.013568014528770822,0.002318273169114478
CZE,2003,0.01555114847621957,0.003289183306579577,0.012261965169639993,0.015281120666580805,0.002887193316834934
CZE,2004,0.027297586992426653,0.012296370686282646,0.015001216306144005,0.02692614698981922,0.003800197667471249
CZE,2005,0.02673340518556163,0.012905303495798437,0.013828101689763195,0.026269251023623347,0.00432242715170515
CZE,2006,0.0445475227316843,0.02565974090344832,0.018887781828235972,0.044033934439637656,0.0042870045780004536
CZE,2007,0.04143838352979001,0.02105647120937708,0.020381912320412927,0.04090461032791097,0.004021659428030915
CZE,2008,0.016098866162851302,0.003461096496220252,0.012637769666631047,0.01566635665387339,0.004587381835136596
CZE,2009,-0.04364647516599375,-0.03207668477978886,-0.01156979038620488,-0.04410177242721329,0.005144030729307431
CZE,2010,0.03245711593242043,0.019437252913732484,0.01301986301868795,0.03183085867653876,0.006222528980677474
CZE,2011,0.02955584855956911,0.017864090499335922,0.011691758060233181,0.02888173597353693,0.007372652050259931
CZE,2012,0.007896935681533936,0.001288508577527511,0.006608427104006425,0.007211081801454925,0.008953543114087581
CZE,2013,0.008585103373443644,0.0029914450804731244,0.005593658292970521,0.007838525368304091,0.010022082071884986
CZE,2014,0.021816714472297223,0.012465317225037364,0.00935139724725986,0.021025605702366352,0.010921316069461487
CZE,2015,0.021750047681956177,0.011259789841856355,0.010490257840099822,0.02098022371190742,0.01139761569663182
CZE,2016,0.021562018520788352,0.013217962211317468,0.00834405630947088,0.020786139053475993,0.01175773625659824
CZE,2017,0.030516802114187336,0.0180895161497895,0.012427285964397836,0.029730181973794588,0.011740926859447436
CZE,2018,0.024377915896562623,0.010522048658628106,0.013855867237934517,0.023578138018363025,0.012271492527218316
CZE,2019,0.019854039765854925,0.009856493676931269,0.009997546088923656,0.01913088851314198,0.012507032508134267
CZE,2020,-0.04770619952926543,-0.03880526918299156,-0.008900930346273862,-0.04798626819594522,0.012602571337835622
CZE,2021,0.05517552610541099,0.03508223765199843,0.02009328845341256,0.0541545671337771,0.012569448347795657
CZE,2022,0.026238585780786614,0.01909539567578906,0.0071431901049975564,0.025820799574405546,0.012703353742952964
CZE,2023,0.007706290459687275,0.002365348698259325,0.005340941761427951,0.00711111331509909,0.012436828844983677
DOM,1991,0.008614198522662571,0.003948992722454586,0.004665205800207985,0.00861419852266257,0.0
DOM,1992,0.02713951175144689,0.025206648463449423,0.0019328632879974696,0.02713951175144689,0.0
DOM,1993,0.025857168101021177,0.02164730710930074,0.004209860991720433,0.025857168101021174,0.0
DOM,1994,0.03663555765565299,0.031329900870757134,0.005305656784895857,0.03663555765565298,0.0
DOM,1995,0.03146111952391764,0.025045535703984424,0.006415583819933226,0.03146111952391765,0.0
DOM,1996,0.035660933911251635,0.029230001715419375,0.006430932195832263,0.035660933911251635,0.0
DOM,1997,0.041500118636459665,0.035727604500978914,0.005772514135480753,0.04150011863645967,0.0
DOM,1998,0.04011557612516902,0.04040382414404263,-0.0002882480188735988,0.04011421912663247,1.7570566522867453e-05
DOM,1999,0.04551268909996847,0.04174947439994172,0.003763214700026756,0.04551082143941977,2.6051196960699603e-05
DOM,2000,0.03787118393685029,0.03583045937424105,0.0020407245626092277,0.03786791565095298,3.872955199923404e-05
DOM,2001,0.008449112020884003,0.00782946283264786,0.0006196491882361447,0.0083958403367054,0.0006845762349315119
DOM,2002,0.021077939709021165,0.01985087989136233,0.0012270598176588369,0.020988763480574473,0.0010248800965110935
DOM,2003,0.027110507247193896,0.0252899858557275,0.0018205213914663965,0.026977479699557938,0.0014223581156447736
DOM,2004,0.032930415986941165,0.03138590705357873,0.001544508933362436,0.03281147545323779,0.0012168789995004067
DOM,2005,0.03815834323357777,0.03558384859000755,0.00257449464357021,0.03794114832013639,0.0020226236626874118
DOM,2006,0.0273509688173477,0.02405584486820489,0.003295123949142813,0.02685725470445504,0.004121111588739249
DOM,2007,0.023438062192992964,0.017949175094213902,0.005488887098779068,0.02224847650265757,0.008962811340371765
DOM,2008,0.006193762186147225,0.0009970180456553297,0.005196744140491895,0.004549117595128089,0.01744380774407932
DOM,2009,-0.0163402390536223,-0.02207031497454861,0.005730075920926307,-0.018191649958863798,0.020917574956693857
DOM,2010,0.017855928420188665,0.018639386413009443,-0.0007834579928207768,0.015673722851256754,0.021682523063717308
DOM,2011,0.025732118638132497,0.013123424376701373,0.012608694261431123,0.024088558943123815,0.01797532638643238
DOM,2012,0.019947846190653564,0.013618860796130788,0.006328985394522776,0.01808280485258869,0.02434735519466009
DOM,2013,0.024377662685895835,0.010199801942473817,0.01417786074342202,0.021970773964604284,0.03231013522581506
DOM,2014,0.02882524818306794,0.01809994510966565,0.010725303073402288,0.02624899563249636,0.035565360224747614
DOM,2015,0.023813403312120354,0.01696728224477509,0.0068461210673452615,0.021794888799640734,0.02988508228687641
DOM,2016,0.017278714376185642,0.011397081728309277,0.005881632647876366,0.015865087173877464,0.021422213771770057
DOM,2017,0.02714420521355281,0.018977427352563952,0.008166777860988858,0.025981987680873585,0.017347014582084458
DOM,2018,0.02842191090866216,0.020498521594440034,0.00792338931422213,0.02730008818453945,0.01721282815039297
DOM,2019,0.018292112806630435,0.01659714335145255,0.0016949694551778851,0.017442573688211258,0.014692933644433631
DOM,2020,-0.03665538054919507,-0.02305196202286435,-0.01360341852633072,-0.037057880782310114,0.01811176509483423
DOM,2021,0.05315052022857031,0.04392359283807124,0.009226927390499063,0.05170962256713777,0.017739487318331148
DOM,2022,0.027321210685297873,0.020599769284704354,0.006721441400593515,0.026607399493256148,0.021704393155369272
DOM,2023,0.024721619886917515,0.01889178543125614,0.005829834455661377,0.023647165390749618,0.02245181420702791
DZA,1991,0.010781782013391026,0.01243015904430132,-0.0016483770309102918,0.010735691675136924,0.000515029437715757
DZA,1992,0.012773245328465091,0.014141105142996501,-0.0013678598145314097,0.012715441596119086,0.0004324914332507751
DZA,1993,0.004680968687077429,0.002781158685083753,0.001899810001993675,0.004634783366087077,0.00035525033090708736
DZA,1994,0.027650177186512567,0.024141780821710826,0.003508396364801738,0.02757762871753815,0.0005823903981093666
DZA,1995,0.02743680770498466,0.024344117148588168,0.0030926905563964952,0.027374869070994158,0.0006104165124153432
DZA,1996,0.02435868681539606,0.018671157100212193,0.0056875297151838655,0.024280980049440813,0.0008435816342390458
DZA,1997,0.03272077355904573,0.02680567160534988,0.005915101953695844,0.03268007260422511,0.00044400788848392267
DZA,1998,0.02977833814595679,0.027921453633849264,0.0018568845121075235,0.029732990077923377,0.0005871717799228408
DZA,1999,0.02926207969540754,0.02818971475298794,0.0010723649424196017,0.029241222718504357,0.00029092503650459154
DZA,2000,0.0433866408655338,0.03481069575636523,0.008575945109168573,0.04324292025176256,0.0017031052849523656
DZA,2001,0.014994897264692634,0.015991052156724965,-0.0009961548920323308,0.014871984812061147,0.0015795059860798345
DZA,2002,0.017443317815171763,0.010642745264394774,0.006800572550776991,0.017305951078160884,0.0015787215622073665
DZA,2003,0.01630093582462466,0.010998888880875676,0.005302046943748986,0.016157651092649106,0.0015320300568957244
DZA,2004,0.03128658829651857,0.020078265511718922,0.011208322784799649,0.031034991959429936,0.0025740787385225435
DZA,2005,0.02776639821754308,0.019818804869219896,0.007947593348323186,0.027328406486600138,0.004078789991119064
DZA,2006,0.030551089107816363,0.022723205739552194,0.007827883368264168,0.029991139572414185,0.0046739893780528225
DZA,2007,0.026496295802232395,0.01902094248952785,0.00747535331270454,0.02602524858623114,0.0035490569226974094
DZA,2008,0.007435667131601854,0.0016562791307918436,0.00577938800081001,0.006654141432761388,0.008289197624869528
DZA,2009,-0.0282924585457247,-0.029434891093971793,0.0011424325482470863,-0.029039863512066076,0.008444316365529746
DZA,2010,0.02730767613861919,0.015010003411677766,0.01229767272694142,0.02581715695111324,0.014809886437889115
DZA,2011,0.020533977598845253,0.010366817330178836,0.010167160268666414,0.019123970530401435,0.015421001950476992
DZA,2012,0.005503110644397474,-0.002343263729683036,0.00784637437408051,0.0037275952361785557,0.02317863063686916
DZA,2013,0.012896773576288557,0.0026734002592685097,0.010223373317020048,0.010753318880069251,0.028773790193379303
DZA,2014,0.021476340357675018,0.013447564090786445,0.008028776266888575,0.019090596854442796,0.03293536849773537
DZA,2015,0.02348238290650137,0.01675168902455233,0.00673069388194904,0.021151546748633333,0.03450915509621167
DZA,2016,0.018624921247384907,0.013466687845524957,0.00515823340185995,0.016725950096688914,0.028777152753010776
DZA,2017,0.029531109884754596,0.018227373986745433,0.011303735898009162,0.028093229688669993,0.02146149754880212
DZA,2018,0.022650069818968895,0.013796249970862753,0.00885381984810614,0.021997403005382995,0.010014275393203554
DZA,2019,0.017952663013891115,0.01254331979519643,0.005409343218694684,0.017738621289800638,0.003701890567503929
DZA,2020,-0.0642812354518157,-0.05390885093071932,-0.010372384521096378,-0.06463691724481851,0.01600502199345343
DZA,2021,0.06926181189546395,0.044444012919802434,0.02481779897566152,0.06650455667418351,0.03394570991438652
DZA,2022,0.04227549855775534,0.027362851854664486,0.014912646703090848,0.04065860901012087,0.049163709986511615
DZA,2023,0.022010875941254854,0.008849183250705191,0.013161692690549665,0.019904873226023002,0.04400705832636134
ECU,1991,0.014593299036593975,0.0031995103789406124,0.01139378865765336,0.014593190560243427,1.2121523934151035e-06
ECU,1992,0.03242446207076493,0.020932352283048412,0.011492109787716517,0.03242332824616406,8.483352316255217e-06
ECU,1993,0.028756774024288435,0.01616931591113524,0.012587458113153194,0.028742856565724013,0.00010705093424444511
ECU,1994,0.04211974287493386,0.024783502869697875,0.017336240005235985,0.04204854378538332,0.0005715581141070093
ECU,1995,0.035816958719664435,0.018574684781308175,0.01724227393835625,0.03567094333713496,0.0014390081734171809
ECU,1996,0.0364682424657265,0.020253199210531113,0.016215043255195384,0.03629165275831438,0.0019170510075571165
ECU,1997,0.04439215122640565,0.024073676447359645,0.020318474779046008,0.043823741193248354,0.006200801424133978
ECU,1998,0.030843359307954395,0.025086481017132775,0.0057568782908216185,0.02963129595589216,0.01569392978958266
ECU,1999,0.03066855198402464,0.02404972210383812,0.006618829880186511,0.02928564502743223,0.01928957675394281
ECU,2000,0.04053315206217159,0.02396474617569044,0.016568405886481147,0.03889942900544806,0.019359800233549596
ECU,2001,0.014346414176458943,0.007015712777368569,0.0073307013990903756,0.013648277939064741,0.008971510554504422
ECU,2002,0.020016795505272314,0.010050554913239817,0.009966240592032499,0.019599410831993746,0.004796897689922965
ECU,2003,0.027142453335644225,0.012638158656766043,0.014504294678878184,0.027142453335644235,0.0
ECU,2004,0.04156005169674885,0.017282961689974365,0.024277090006774478,0.041487822631649754,0.0007389745928988705
ECU,2005,0.04295314872076084,0.019591204521971294,0.023361944198789553,0.04264428199122597,0.0028763157749676343
ECU,2006,0.04401980414426611,0.015883305812055777,0.028136498332210325,0.04364596137432836,0.0031205260925805923
ECU,2007,0.042728315161041586,0.012669710815844401,0.03005860434519718,0.041733139941217426,0.007498045595506539
ECU,2008,0.021566793662800142,0.00034765647625930544,0.02121913718654083,0.02097254923783088,0.006302811901586221
ECU,2009,-0.018992847905240574,-0.01763900420721252,-0.0013538436980280533,-0.020147683918501233,0.013047545956265408
ECU,2010,0.035716518291199026,0.012969993081440328,0.0227465252097587,0.034614435999048995,0.010950354566895108
ECU,2011,0.040823571248455655,0.00885660152182442,0.03196696972663124,0.03932885392275939,0.01634746329350932
ECU,2012,0.03458361869355976,0.007760333692548707,0.026823285001011055,0.033641027154911365,0.012305148699152004
ECU,2013,0.0253152731291391,0.007534532360188866,0.017780740768950233,0.02421373900985111,0.014787021948794441
ECU,2014,0.02297960296269621,0.014825995998948582,0.00815360696374762,0.021814496783127604,0.016084378438458353
ECU,2015,0.024815091327803844,0.014936986366098602,0.00987810496170524,0.023487070986649546,0.019661982576130995
ECU,2016,0.01780028400704833,0.009671946775224604,0.008128337231823725,0.015997275787992357,0.027322923213283747
ECU,2017,0.02678452127065853,0.014201273283147142,0.012583247987511387,0.024592283647867988,0.03272087792573155
ECU,2018,0.02974862944233991,0.013585064162397782,0.016163565279942123,0.02715705346318255,0.03976417218933299
ECU,2019,0.024253025869843604,0.010402124106418328,0.013850901763425275,0.021372533448459054,0.04981864059356271
ECU,2020,-0.05173329783498386,-0.019652355189246018,-0.03208094264573783,-0.0535161567985975,0.08022535166323948
ECU,2021,0.07843242961220392,0.026697566247511486,0.051734863364692435,0.06858803711185651,0.12119838944215185
ECU,2022,0.039734198727374104,0.012744172202148721,0.026990026525225377,0.03483615484100252,0.1489316382081152
ECU,2023,0.03343737714100492,0.0097328377326364,0.023704539408368516,0.025541119997955657,0.16500028520421978
EGY,1991,-0.018022853961081012,0.008772754842219519,-0.026795608803300532,-0.01823902784671958,0.0024156020325876567
EGY,1992,0.0019432704873807213,0.0072531189036870395,-0.005309848416306322,0.0017780012861283879,0.0012365553368419192
EGY,1993,0.017581444500897145,0.0013936315466621507,0.016187812954234996,0.017459477113738683,0.0009381542385938925
EGY,1994,0.03485036929682207,0.014949286892727875,0.019901082404094203,0.03440380497837321,0.0035848416221518978
EGY,1995,0.03467635242040427,0.014893583946439703,0.019782768473964568,0.0342131181992151,0.0045652575704702636
EGY,1996,0.03463400841819215,0.013087761395947958,0.02154624702224419,0.03415786619358424,0.005168981504085153
EGY,1997,0.03672241538777458,0.019785287874344026,0.016937127513430555,0.036496760381377676,0.002461676964526165
EGY,1998,0.027733580619850498,0.0199031445893708,0.007830436030479698,0.02750995435984277,0.0028955374466994137
EGY,1999,0.029331572845729587,0.01930045775746164,0.010031115088267949,0.029097349119571708,0.0032670864238400162
EGY,2000,0.048567304603738926,0.023095413768362074,0.02547189083537685,0.04821114147452622,0.004220572760932017
EGY,2001,0.016160767309684857,0.011054198314593366,0.005106568995091491,0.015691310571268435,0.006032828347811399
EGY,2002,0.016715189632651766,0.006830228896220373,0.009884960736431391,0.01592757224655809,0.009051889687799677
EGY,2003,0.024006020631893044,0.007105159814077607,0.01690086081781544,0.021490027691812047,0.026901518075206687
EGY,2004,0.05329927125241308,0.012092627586414967,0.04120664366599811,0.05036633902194282,0.03000679017565081
EGY,2005,0.043027391394457715,0.011586240698397908,0.03144115069605981,0.0395591186829219,0.03229822625150536
EGY,2006,0.04502695442987528,0.014954203714727764,0.030072750715147513,0.04299416413851036,0.016968029490058434
EGY,2007,0.0410005394202928,0.012955216221757281,0.02804532319853552,0.03917111333171318,0.013783623177637976
EGY,2008,0.01902068613107804,0.00043476898179254004,0.0185859171492855,0.01799014095707716,0.01093040525899921
EGY,2009,-0.009929082753480568,-0.020068669553465552,0.01013958679998498,-0.010935332601303405,0.011368792609682966
EGY,2010,0.04124713300027554,0.007307309637240628,0.033939823363034916,0.03898926186651687,0.02243434057249967
EGY,2011,0.0027044492422627943,0.003724531531399134,-0.0010200822891363419,0.0004418838238420715,0.024745284269429985
EGY,2012,0.029386935522107645,-0.002900212840626958,0.0322871483627346,0.02732417395257996,0.026928512301660424
EGY,2013,0.008868581572201965,0.00044881234561109414,0.008419769226590872,0.007267832444076493,0.02148849688596571
EGY,2014,0.017461409048107134,0.005531558164447992,0.011929850883659143,0.015830899379132988,0.02250930861344853
EGY,2015,0.02560104644916002,0.006077855459006996,0.019523190990153025,0.02425400083001602,0.01994366100585639
EGY,2016,0.02653521353882777,0.005307816601766524,0.02122739693706124,0.025346978813081865,0.01800659909798482
EGY,2017,0.030791043955480327,0.008996316712250225,0.021794727243230106,0.029618556845251436,0.01750029613781465
EGY,2018,0.025608661388499,0.006960734698878349,0.018647926689620654,0.02416390181482648,0.02216785034347359
EGY,2019,0.015714980341866774,0.006050056834994108,0.009664923506872664,0.014137347419279451,0.027285448479385965
EGY,2020,-0.0604356666260504,-0.024761267243607537,-0.035674399382442865,-0.061038768317443044,0.027138459220913833
EGY,2021,0.06481840129457046,0.022675962037037468,0.042142439257533,0.06272267459245483,0.02580135859052386
EGY,2022,0.04179167517669578,0.013619750501529483,0.028171924675166306,0.04096703038672744,0.025074438359259526
EGY,2023,0.02187986722169091,0.005325839528287982,0.01655402769340293,0.020361645237848506,0.031724785021448244
ERI,2001,0.025706400381264496,0.012277542471486328,0.013428857909778172,0.025327841251561824,0.0048647341961621585
ERI,2002,0.028408760183205845,0.004562933753623958,0.023845826429581884,0.02792581287690383,0.005550392638419872
ERI,2003,0.032866984256720286,0.0037739763834057022,0.029093007873314595,0.0323152987686321,0.005898735601839937
ERI,2004,0.048387087710019705,0.006400904274674853,0.04198618343534484,0.04786934616207309,0.005297006808766202
ERI,2005,0.04442080766806389,0.005054147145841551,0.039366660522222346,0.042269820716995504,0.02003102667750666
ERI,2006,0.05380324798164675,0.010599017990338681,0.04320422999130806,0.04994677174280832,0.03219063118625095
ERI,2007,0.05360121926930209,0.01120934202846631,0.04239187724083578,0.046535521723463494,0.053235773266257155
ERI,2008,0.026364400322276084,-9.216426865323618e-05,0.02645656459092932,0.01775160779012394,0.09135098117302358
ERI,2009,0.006310338476237604,-0.01472871877685628,0.021039057253093886,-0.004401721556669388,0.12102678991712486
ERI,2010,0.05661453284467779,0.0055715119947320054,0.05104302084994578,0.045391735383090215,0.11151037659545673
ERI,2011,0.03254582667710454,0.0049275602937009855,0.027618266383403558,0.02435712075098751,0.08955845178698495
ERI,2012,0.004961536780000247,0.0012482289667691397,0.003713307813231102,0.0014104436648469734,0.04635807455809929
ERI,2013,0.024200722085742664,0.012627548242661019,0.011573173843081645,0.021629490689410516,0.034516275462778044
ERI,2014,0.03061110326986845,0.022467594422390207,0.008143508847478248,0.025767425641645667,0.0668673339584176
ERI,2015,0.031603003618615996,0.004544635670696803,0.027058367947919208,0.013682482602972647,0.26532196913377776
ERI,2016,0.04849913121575223,0.0026836349368427196,0.045815496278909504,0.02136976534614822,0.4111204666989145
ERI,2017,0.060700374147278635,0.001046959916693442,0.05965341423058519,0.023979994421078052,0.5480806687726085
ERI,2018,0.05939949591180541,0.0009277081954485428,0.058471787716356874,0.017126149923935487,0.6486264043192235
ERI,2019,0.054162645827678955,0.0004466379484092324,0.05371600787926972,0.009980529422028749,0.7641377430939584
ERI,2020,0.010729375494201669,-0.0008095793035318914,0.011538954797733562,-0.008922539593952068,0.8842997853333914
ERI,2021,0.06628717439652723,0.0007138948823105813,0.06557327951421665,-0.005528419788291161,0.8841514955568878
ERI,2022,0.034676173184860035,0.0004560080302048391,0.0342201651546552,0.0036361500072406767,0.943813818149609
ERI,2023,0.0464285592014891,0.0002397584234816669,0.04618880077800744,0.0017807473511488668,0.9329612189156286
ETH,1991,0.010693176898496064,0.016015405289401548,-0.005322228390905477,0.010693176898496068,0.0
ETH,1992,0.014353067728388041,0.011779919047235056,0.0025731486811529877,0.014353067728388045,0.0
ETH,1993,0.00826751350670195,0.005278924200859067,0.0029885893058428834,0.00826751350670195,0.0
ETH,1994,0.02026941519806761,0.020335721671572275,-6.630647350466421e-05,0.02026941519806761,0.0
ETH,1995,0.026241710671456767,0.017644505655458876,0.00859720501599789,0.02623066950775252,0.0001088126780836804
ETH,1996,0.017033515898695742,0.015185897792170616,0.001847618106525127,0.016980240429291166,0.0005783564274319051
ETH,1997,0.026965300277378194,0.016528602388040728,0.01043669788933747,0.02691221071501394,0.0005791555650177094
ETH,1998,0.017708338724744314,0.01414674403647367,0.003561594688270644,0.017639401091586123,0.0008926120675159965
ETH,1999,0.022189571588191924,0.016241232366481183,0.005948339221710741,0.022126925778603666,0.0008738195629177982
ETH,2000,0.03649259618374663,0.024388158363313428,0.012104437820433203,0.03637304514188687,0.0014166931650946612
ETH,2001,0.015487537407495203,0.009767310936573561,0.005720226470921644,0.015347815807757174,0.0017955145995868858
ETH,2002,0.016219733749900128,0.003381055667793483,0.012838678082106647,0.015931751069736013,0.0033097129378660615
ETH,2003,0.02439526727667706,0.0037653612247712685,0.020629906051905796,0.023580956812599564,0.008706776286703579
ETH,2004,0.03407620036893634,0.010357189070227644,0.023719011298708702,0.03294250584784997,0.011598813386857353
ETH,2005,0.033318349505223506,0.011911715773945512,0.021406633731277994,0.031248026723739324,0.01927984307220517
ETH,2006,0.04945461992084817,0.017132821232027612,0.03232179868882056,0.0436235403084415,0.04867296505817131
ETH,2007,0.04082374681887725,0.016262068164007194,0.02456167865487006,0.029318024793892485,0.08668868218784949
ETH,2008,0.02412307876575562,0.0024561124584632716,0.02166696630729235,0.014974333702592674,0.09703552418125604
ETH,2009,-0.013166903658113873,-0.025592246389467277,0.0124253427313534,-0.020402961511691232,0.08175428918273242
ETH,2010,0.04595895104863048,0.013621811335589488,0.03233713971304099,0.03469931404484846,0.1118764164565312
ETH,2011,0.03970206808802984,0.008879805519214272,0.030822262568815567,0.02829285176484709,0.12478061359465163
ETH,2012,0.019582098746509333,0.002233249193608085,0.01734884955290124,0.009080085558714548,0.13709950558390782
ETH,2013,0.03476765655500782,0.004771572496266473,0.029996084058741348,0.02752879426433525,0.09717467094497739
ETH,2014,0.037903946453122776,0.00919209811951965,0.02871184833360313,0.029285011645964774,0.11898504325679615
ETH,2015,0.03413943426852928,0.007137936550951864,0.02700149771757741,0.023936345744689273,0.15106165362203292
ETH,2016,0.03379506368573273,0.006615575738222601,0.02717948794751012,0.02259227961037004,0.1697678390098509
ETH,2017,0.03343608225452144,0.008633092905008162,0.02480298934951327,0.02180259531717011,0.17363898054222668
ETH,2018,0.03327920440229237,0.00786807394798299,0.025411130454309382,0.023444768978090752,0.1508958976074397
ETH,2019,0.026880967784643293,0.005288863923368267,0.02159210386127503,0.01935874922114435,0.13009813888038368
ETH,2020,-0.028042787921039522,-0.015690589475711367,-0.012352198445328153,-0.029976112184323965,0.0869960114998077
ETH,2021,0.05308888299805534,0.019043592445056153,0.03404529055299918,0.04843243502563224,0.05732745771350909
ETH,2022,0.042756196720938125,0.01213937179851859,0.030616824922419534,0.041548192418858695,0.03673100197646779
ETH,2023,0.021109454715726998,0.0054057086869395855,0.01570374602878741,0.01942034578350569,0.03529564077112677
GAB,1991,0.018213357316897053,0.009213424594623298,0.008999932722273759,0.017585060773686212,0.0070208036570403795
GAB,1992,0.02718905769115225,0.016760312791875204,0.01042874489927705,0.025529235105279866,0.012418904800281268
GAB,1993,0.01696075653593031,0.008401997411827044,0.008558759124103267,0.015038106820207387,0.014788723626532408
GAB,1994,0.03519112285702486,0.02397655825894695,0.011214564598077912,0.032465072159351335,0.021883656175353816
GAB,1995,0.03272453108933916,0.022741261941829072,0.009983269147510092,0.030286932758321672,0.024022975258339328
GAB,1996,0.037150285220290055,0.02509309752781648,0.012057187692473575,0.034138747746143235,0.032693133896165
GAB,1997,0.04072936970432955,0.032973452661820855,0.00775591704250869,0.037143475668999996,0.0391186213191135
GAB,1998,0.04203049936566272,0.03691180878657961,0.00511869057908311,0.03732005042413081,0.06099141174430945
GAB,1999,0.04407644465358211,0.035800609717419316,0.008275834936162796,0.039294951544399374,0.06669499917427436
GAB,2000,0.04401853728129686,0.031864927017744495,0.01215361026355237,0.037375795631894644,0.07871722860631068
GAB,2001,0.018094037105573533,0.009137354772970192,0.008956682332603341,0.012551195522760978,0.07122916573956596
GAB,2002,0.026817714508113363,0.014532241600759018,0.012285472907354343,0.020946841415860146,0.06747247653548749
GAB,2003,0.031226783690046864,0.0184769723283635,0.012749811361683357,0.026126955028270338,0.054528425235096885
GAB,2004,0.04189511826656868,0.025394691533283817,0.016500426733284862,0.036954843989658676,0.050543879635989754
GAB,2005,0.043574826902748304,0.027874332155531905,0.015700494747216402,0.03740669152128778,0.057440648031425665
GAB,2006,0.03707673442723072,0.02161049608984692,0.015466238337383805,0.030385026051524783,0.05585677260471813
GAB,2007,0.03511945909179244,0.017398171727066435,0.017721287364726,0.02548044221464952,0.07262418376278008
GAB,2008,0.013678791233942776,0.0009257147510705231,0.012753076482872251,0.006099743780411153,0.08038663634964115
GAB,2009,-0.008255887107071633,-0.02046585640921915,0.012209969302147516,-0.01807811806460124,0.11097334023172169
GAB,2010,0.03578884247878784,0.016775629579572463,0.019013212899215377,0.025489816992374417,0.10233172384042188
GAB,2011,0.02580304233391371,0.012692084567843272,0.013110957766070443,0.01778901001165874,0.08764807697671777
GAB,2012,0.02841907974005093,0.013494371513340072,0.014924708226710857,0.023439366019247003,0.06500813480838694
GAB,2013,0.024887027618388718,0.009091919746150206,0.01579510787223851,0.021457155103503593,0.046042695610696155
GAB,2014,0.034829803486898535,0.011455387267255004,0.023374416219643535,0.03116928110943218,0.050533786734711504
GAB,2015,0.02462537307051352,0.009260182214045523,0.015365190856467998,0.020707823765666454,0.05800120960955054
GAB,2016,0.004106263486835308,0.007111819388613112,-0.0030055559017778057,-0.0009547585383450879,0.07669511137733133
GAB,2017,0.010724542582532715,0.007641166997666607,0.003083375584866106,0.004786016677500456,0.08863718931618762
GAB,2018,0.02010951683451587,0.006423658777734832,0.013685858056781039,0.010256997550398418,0.15117336958793504
GAB,2019,0.027399619785517748,0.0060962252704416554,0.021303394515076096,0.0159927606097394,0.19728370516119467
GAB,2020,-0.027547195826246554,-0.015874483961245172,-0.011672711865001378,-0.034458518993619465,0.31099674336379085
GAB,2021,0.06226293501134581,0.015875287138450413,0.0463876478728954,0.03491776146381533,0.3366577463119106
GAB,2022,0.03851997128733086,0.00829081828446402,0.030229153002866847,0.02711877881255651,0.34666865225906274
GAB,2023,0.03463324541787688,0.002723962421402178,0.0319092829964747,0.020251074367832512,0.3005300210115495
GEO,1993,0.007724689702103009,-0.001315878016915226,0.009040567719018237,0.005484620839157455,0.017230262510946403
GEO,1994,-0.03890368659576299,0.008749421450929332,-0.04765310804669232,-0.04037970684130504,0.011848906401069418
GEO,1995,0.006801186603033516,0.006792800415944589,8.38618708893027e-06,0.005789027156461237,0.0099750155852588
GEO,1996,0.005886307536278675,0.0009915419707417668,0.004894765565536908,0.005361659449993842,0.00569555925520607
GEO,1997,0.013359618067345813,0.0026793741314680175,0.0106802439358778,0.01298258132626289,0.004113104668599064
GEO,1998,0.015902101110651715,0.003645782284193298,0.012256318826458418,0.015645867737064,0.0033177379449609357
GEO,1999,0.030601311209123214,0.0048507943773073246,0.025750516831815885,0.030362483510455153,0.003331305264221651
GEO,2000,0.06387940766087077,0.008638592247839636,0.055240815413031136,0.06354026026889653,0.004018934378950619
GEO,2001,0.019179366270751022,0.005191916013386261,0.013987450257364762,0.018893878484074606,0.0036687061266286397
GEO,2002,0.04338256673221039,0.0027561618607265664,0.04062640487148382,0.04309612832584435,0.0032919649852245886
GEO,2003,0.053325068533885384,0.003633871408124468,0.04969119712576091,0.053028731896570945,0.003168492756105917
GEO,2004,0.0640606630348847,0.006592697800511944,0.05746796523437274,0.06375954802202674,0.0030807036438473844
GEO,2005,0.07834079000027792,0.006418076278068161,0.07192271372220976,0.07794437919363491,0.0036915683933712606
GEO,2006,0.08291289881728162,0.0075506770815018664,0.07536222173577975,0.08234338386425172,0.004753833466782237
GEO,2007,0.07818084125757266,0.0059886672770182135,0.07219217398055444,0.07716288075526961,0.007669718968727715
GEO,2008,0.041036910325969,0.0008817479812165313,0.04015516234475247,0.04026242933473703,0.008214478426687143
GEO,2009,-0.037758430756073075,-0.009895485608506843,-0.02786294514756623,-0.0384682431628247,0.008019588834322904
GEO,2010,0.041888274973592765,0.006422388815279138,0.03546588615831363,0.04128284379171626,0.006015599882716862
GEO,2011,0.04039382085587327,0.004760792278642396,0.035633028577230885,0.03956374902145221,0.009078351211225475
GEO,2012,0.027886220380807146,0.0014971472307392262,0.02638907315006792,0.02700728745704451,0.011474111404594261
GEO,2013,0.034799646430431735,0.002596975071143223,0.03220267135928851,0.03380813163547166,0.013310119749269286
GEO,2014,0.023808162719939692,0.004693395985258621,0.019114766734681075,0.02294782808703823,0.011876984314359301
GEO,2015,0.014618068244162116,0.004213537207904935,0.010404531036257181,0.013401006074382873,0.018019193256835323
GEO,2016,0.013345490904992126,0.003704385249076773,0.009641105655915354,0.01113424356843856,0.03350940974293786
GEO,2017,0.03469554665813128,0.005427411086264775,0.029268135571866513,0.03086754393275775,0.057135963991382675
GEO,2018,0.03130003660788912,0.004307864314269149,0.02699217229361997,0.02666383241397407,0.07113618252152809
GEO,2019,0.030275492743525336,0.0029443471489926324,0.027331145594532702,0.026130234922101148,0.0716929883377108
GEO,2020,-0.03293899711819729,-0.007647971713561553,-0.02529102540463573,-0.03432569268757678,0.06239873258277224
GEO,2021,0.06127687262586715,0.008079220706208964,0.053197651919658195,0.05433374467942911,0.08547972104620899
GEO,2022,0.014369112624972674,0.0046940715424168295,0.009675041082555846,0.010612746417954257,0.11421738675667227
GEO,2023,0.03628549889534574,0.0022108638929411255,0.034074635002404624,0.029585991592823397,0.13999298599552248
GHA,1991,0.015292248678694748,0.01945740596345302,-0.004165157284758267,0.015123692101794688,0.0018835096966641409
GHA,1992,0.008044896296372103,0.01283454393338249,-0.004789647637010386,0.007919028034012851,0.0009417548483320704
GHA,1993,-0.003366370899323703,0.003422905634071321,-0.006789276533395024,-0.0034499295757290773,0.0006427203883538929
GHA,1994,0.03388881746294557,0.021343392467497568,0.012545424995448003,0.0336613721064232,0.0018258413114122384
GHA,1995,0.032564191181055836,0.01692267241466361,0.015641518766392228,0.031827699122601055,0.0072582632967416105
GHA,1996,0.03501001862948881,0.018194088779080072,0.016815929850408737,0.03424144735645289,0.008343579900239453
GHA,1997,0.03671274164580964,0.026626421909716952,0.010086319736092697,0.036049486102730996,0.007235473823785729
GHA,1998,0.024767736327596063,0.025162842850128486,-0.0003951065225324198,0.024587647871721068,0.0023318051631606536
GHA,1999,0.03168692769982516,0.025099819331080638,0.006587108368744513,0.03148635765779657,0.0027976655998501847
GHA,2000,0.0433085463031807,0.03100558336810628,0.012302962935074418,0.043057709679246034,0.0029724419390714566
GHA,2001,0.0223566672640603,0.014859666452305367,0.007497000811754931,0.021730608802300294,0.008045263655674161
GHA,2002,0.021186590291815563,0.007132139401657462,0.014054450890158103,0.01745254502814771,0.042914448579671506
GHA,2003,0.020931932194115793,0.00835530826669771,0.012576623927418078,0.014591053669330549,0.06779798763732171
GHA,2004,0.031872210785701856,0.018702722816895747,0.013169487968806109,0.025338391399660654,0.0668474182000116
GHA,2005,0.030411811618334235,0.01954702962591044,0.010864781992423793,0.02671182265627882,0.034456079600389856
GHA,2006,0.03936803419060464,0.021824588785931083,0.017543445404673556,0.03778234158400309,0.013236032769969755
GHA,2007,0.04153105668263689,0.017635915213799345,0.02389514146883754,0.03990978783625222,0.012215283791847747
GHA,2008,0.024750271759308853,0.003965916879858904,0.020784354879449952,0.023688523642411335,0.011261357088902559
GHA,2009,-0.0160804896740193,-0.014227089817269334,-0.001853399856749963,-0.01722900496087052,0.012976133247138645
GHA,2010,0.0352881715933589,0.007252989469021955,0.028035182124336946,0.034042724741452264,0.012374833276737102
GHA,2011,0.03156778852801767,0.004598347089718262,0.02696944143829941,0.0304197971054463,0.01255538242524027
GHA,2012,0.026021402461477886,0.00036259053148677384,0.025658811929991115,0.025176707051167636,0.01102715460852021
GHA,2013,0.029066378300300438,0.0017312851285939128,0.02733509317170653,0.027482352997161362,0.02126399583528421
GHA,2014,0.029416337529897297,0.00555543453441134,0.023860902995485954,0.027238567163249044,0.030064283705198775
GHA,2015,0.028149626324428415,0.006446466688420864,0.021703159636007552,0.025233260897978796,0.04317819872445842
GHA,2016,0.030541774434381393,0.007882424769902524,0.022659349664478877,0.026787460054179285,0.05689316468146658
GHA,2017,0.03290732414547824,0.009285534604452068,0.02362178954102618,0.02812188513407656,0.07142645673318436
GHA,2018,0.03790771524129603,0.009170350742057473,0.028737364499238565,0.03080365431677258,0.10900205285052543
GHA,2019,0.029377000073934293,0.005695054456034451,0.023681945617899842,0.022351841775493226,0.12150139114571801
GHA,2020,-0.03901387013222402,-0.017215676612387203,-0.02179819351983682,-0.04236072216835124,0.1506021435475261
GHA,2021,0.062096315806246444,0.02202608009803021,0.04007023570821623,0.05233484851993632,0.1201774628197007
GHA,2022,0.03912382094931152,0.014024631540163174,0.025099189409148348,0.03544203355077074,0.11194971738092652
GHA,2023,0.02652904252481436,0.004837823740583488,0.02169121878423087,0.021881216042829783,0.09712103864072388
GIN,1991,0.005067673956137964,0.012152695163155085,-0.007085021207017123,0.005067673956137964,0.0
GIN,1992,0.013399139211270047,0.018541740762236435,-0.0051426015509663855,0.013392383157361024,5.0549252092288986e-05
GIN,1993,0.004026009600886473,0.0099434708275989,-0.005917461226712426,0.004008353735831971,0.00013580617755958805
GIN,1994,0.036055680291557916,0.02844873702351269,0.0076069432680452315,0.034396824530520675,0.01331663756291279
GIN,1995,0.03529359593018621,0.028844989845028028,0.006448606085158181,0.03319963832397747,0.020636333363818173
GIN,1996,0.03175325547057352,0.024752291456839284,0.007000964013734233,0.02983130572115344,0.020864611859858308
GIN,1997,0.04328432028750841,0.03672991927857649,0.006554401008931922,0.04257994495533468,0.0076840507874339995
GIN,1998,0.04427679979617558,0.04026178889856474,0.004015010897610847,0.0442756323096134,1.5116744604156173e-05
GIN,1999,0.04603782820186625,0.04283818244147658,0.0031996457603896524,0.04603746253367924,5.10054890244088e-06
GIN,2000,0.0486845060522008,0.04532123214473374,0.0033632739074670624,0.048684506052200795,0.0
GIN,2001,0.028553111824515948,0.022294683684781554,0.006258428139734392,0.028551231428807344,2.416432358437489e-05
GIN,2002,0.026867616549072278,0.019834180072944362,0.007033436476127915,0.026864979239380023,3.0309940877807896e-05
GIN,2003,0.02724463239456784,0.016582415457930665,0.010662216936637174,0.02665790251986698,0.006273437448127671
GIN,2004,0.03486771987360786,0.025167150476397986,0.009700569397209874,0.03425641732230854,0.006254228174831655
GIN,2005,0.029553317126992024,0.023215059766400068,0.0063382573605919555,0.028872262942018632,0.006342304652872763
GIN,2006,0.03391594113992047,0.026256617816545157,0.0076593233233753074,0.0338140627804574,0.0008503951514877413
GIN,2007,0.03623104034064506,0.026412457268422996,0.009818583072222064,0.03491265294426728,0.00993325458036273
GIN,2008,0.006151377518980666,-0.0029689899648531214,0.009120367483833786,0.005184699683820168,0.01025300079973711
GIN,2009,-0.03903010598888604,-0.028604898397328767,-0.01042520759155727,-0.04007126147476354,0.011763162815860677
GIN,2010,0.021654894428339212,0.012076409555531596,0.009578484872807614,0.02131166437228563,0.0034103540530259543
GIN,2011,0.036682141947575964,0.010525062882864243,0.026157079064711725,0.036030292889789955,0.007129159715936005
GIN,2012,0.024295494274632633,-0.0004071766712283329,0.02470267094586097,0.02384380449971806,0.005896626076423602
GIN,2013,0.024952626932352798,0.004966738322735937,0.01998588860961686,0.024504557733885598,0.006014892281862188
GIN,2014,0.0236446874944462,0.013066268263223527,0.010578419231222672,0.02292784451209949,0.009896071286212506
GIN,2015,0.03330817685944354,0.01773497661352242,0.015573200245921107,0.03240421646075432,0.01338357030969207
GIN,2016,0.03287435478139299,0.008695129292404262,0.024179225488988734,0.03165759356243483,0.018438891738331603
GIN,2017,0.039976904446342124,0.013576587576101754,0.02640031687024038,0.038088754441693955,0.02818213005984212
GIN,2018,0.040197330196562915,0.00896342948891438,0.031233900707648535,0.03680133508999229,0.052106878307968486
GIN,2019,0.037528573021439325,0.005530357201911521,0.0319982158195278,0.03247134427989795,0.08746569135328075
GIN,2020,-0.02637647945263894,-0.009906625514093067,-0.016469853938545876,-0.02887388496177585,0.11237862293387664
GIN,2021,0.06102376989318331,0.015599746555733762,0.04542402333744954,0.052014634157477695,0.11091519780369634
GIN,2022,0.0445363112598847,0.00880349032655397,0.03573282093333074,0.04128856662925653,0.09875206093332438
GIN,2023,0.04601371018723627,0.001278975967816151,0.04473473421942011,0.04108343330386356,0.10302312566002944
GMB,1991,0.025105462492213435,0.02126164894231509,0.0038438135498983497,0.02510546249221344,0.0
GMB,1992,0.013202856137312887,0.007165694940472956,0.00603716119683993,0.013185908382845836,0.0001268042446802895
GMB,1993,0.007346789357217993,0.0006196352262809768,0.006727154130937017,0.007295257642613252,0.0003963739619644234
GMB,1994,0.024213406485740135,0.011632242985362988,0.012581163500377149,0.02402842117947462,0.0014849888313749695
GMB,1995,0.03595228368533759,0.01722763744379521,0.01872464624154238,0.03368497673236876,0.022344722730219084
GMB,1996,0.0335504041381537,0.014833783325519097,0.01871662081263461,0.030797759733894113,0.029882600781012486
GMB,1997,0.03792326903415822,0.023252282238969697,0.014670986795188521,0.03379094594723235,0.04507963158226095
GMB,1998,0.029926587768489138,0.023854084051708233,0.006072503716780902,0.027606840612177046,0.030036341696829644
GMB,1999,0.036393664677923446,0.025069465649969314,0.01132419902795414,0.03427354135622154,0.02957269203603169
GMB,2000,0.041989167053000764,0.031630549853945866,0.010358617199054902,0.040455361610220265,0.01817576537660803
GMB,2001,0.02577070419583055,0.011917470825589025,0.013853233370241531,0.024780690721697276,0.012722325323550126
GMB,2002,0.01752171742639294,0.008948424380761764,0.008573293045631179,0.017004727749688614,0.005941633089727447
GMB,2003,0.02160138196708348,0.009479131678915502,0.012122250288167977,0.02145812079250508,0.0015317781763219158
GMB,2004,0.02848498736854957,0.018272949553986974,0.010212037814562593,0.02837659465086878,0.001108964435736224
GMB,2005,0.028418407375758386,0.017760837375277918,0.010657570000480468,0.028348405850735697,0.0006518879226575755
GMB,2006,0.03961317022100157,0.02168861402239184,0.017924556198609724,0.03934617045065588,0.0022286902866022694
GMB,2007,0.02826796510724281,0.01802516299283176,0.010242802114411058,0.027832125830138728,0.0032837863191735274
GMB,2008,0.009086975654818839,0.0011955368819560799,0.007891438772862757,0.008570372355196108,0.0054793167397897925
GMB,2009,-0.012067034448865505,-0.021820288538975476,0.009753254090109971,-0.012632345266233528,0.006386983766082467
GMB,2010,0.033788976029536955,0.007270470413642378,0.026518505615894576,0.03168253704685199,0.020929701800153758
GMB,2011,0.030206710000458173,0.0058285789304288495,0.02437813107002932,0.027036096631691618,0.03467644669180305
GMB,2012,0.03065140540787175,0.0018136284055740707,0.028837777002297678,0.027432109914542525,0.0420265917183272
GMB,2013,0.032522226627305265,0.0018383832206019242,0.030683843406703337,0.028886262072425655,0.04880928038143404
GMB,2014,0.04905260955154403,0.0010031533878967014,0.04804945616364733,0.04653187087075117,0.03479898707716491
GMB,2015,0.05274966386727946,0.0006947739298960588,0.05205488993738339,0.04949463687439709,0.04819224678686836
GMB,2016,0.06918571465017719,0.0007494896872449532,0.06843622496293222,0.06686830267508412,0.035118236722273134
GMB,2017,0.061956431072254216,0.0012001677610979455,0.06075626331115627,0.05858182789045806,0.0503686177134308
GMB,2018,0.04899392873741619,0.0010121134134329457,0.04798181532398324,0.045644829769851174,0.05138732149719705
GMB,2019,0.04596137103804536,0.0006880708014059048,0.04527330023663945,0.043528275154448154,0.04208083605939272
GMB,2020,-0.011652458676509908,-0.00280781733466104,-0.008844641341848867,-0.013156506493956104,0.06767936641964102
GMB,2021,0.04821432561115663,0.0015977696179779498,0.04661655599317868,0.0437124476244634,0.055424482661885155
GMB,2022,0.04813139957609333,0.0006860512188883585,0.047445348357204965,0.04328976850940565,0.14721633025123065
GMB,2023,0.04621192237294332,0.001466036912673206,0.04474588546027011,0.03798914026889544,0.1718233547566714
GNB,1991,0.02303245714881257,0.013644208846570624,0.009388248302241942,0.023032457148812566,0.0
GNB,1992,0.014371011092567314,0.003914370099143363,0.010456640993423952,0.013917258224705095,0.0033950096334384857
GNB,1993,0.01075016187561662,-0.005533481279557284,0.016283643155173905,0.010455910008610944,0.002263339755625657
GNB,1994,0.032775903539184865,0.007738446376488127,0.025037457162696737,0.031228701160261964,0.012420328397756496
GNB,1995,0.04607895572639522,0.017575061840848782,0.028503893885546437,0.04464604776937947,0.01412156874282813
GNB,1996,0.04482210283090836,0.01435665908094902,0.030465443749959346,0.04352039859416457,0.014131250655324097
GNB,1997,0.032040970572946054,0.01945558452236594,0.012585386050580115,0.03167666114773164,0.003974262013193256
GNB,1998,0.026892021302322315,0.016200120946811572,0.010691900355510747,0.02642172902438401,0.006089396216781039
GNB,1999,0.04667467033511208,0.01049908863050127,0.0361755817046108,0.04623880389217565,0.006079714304285077
GNB,2000,0.033939102128644566,0.007037305422798907,0.02690179670584566,0.03333849380839779,0.007117275508068611
GNB,2001,0.01843455600231972,0.002053382727503449,0.016381173274816266,0.01822662985717953,0.002671987938407625
GNB,2002,0.012566564097111738,0.000520327365477164,0.012046236731634574,0.01214541102528024,0.00484020695226669
GNB,2003,0.06247417605006494,1.3363692786350435e-05,0.062460812357278586,0.06165725117494729,0.008734730111506637
GNB,2004,0.07103390648784161,0.0010603348687901974,0.0699735716190514,0.0698238478974135,0.012380093152509708
GNB,2005,0.06567072906808091,0.0007707438090086947,0.06489998525907223,0.06457414986834784,0.010211873760062537
GNB,2006,0.0716682329320115,0.0012996800622682204,0.07036855286974328,0.0710357078583875,0.005279789139118191
GNB,2007,0.06352547775720432,0.0019528560133629017,0.06157262174384142,0.06352547775720432,0.0
GNB,2008,0.03530712852889843,0.00021212931592191073,0.03509499921297651,0.03530638714182184,7.863470137274569e-06
GNB,2009,0.02346951950325938,-0.0009945243249507194,0.024464043828210106,0.02345635345521975,0.00014875238985188207
GNB,2010,0.07244052710721692,0.0003429705317408924,0.07209755657547602,0.07240973983374309,0.0003059041625909502
GNB,2011,0.05086461315741096,-0.0002937703000091814,0.051158383457420145,0.05080744595329063,0.0006252277637274514
GNB,2012,0.05110297828983944,-0.0006552993728863477,0.05175827766272578,0.05105045434437645,0.0006856787194534306
GNB,2013,0.05531239382784765,0.00010379169995725044,0.0552086021278904,0.05522869574462205,0.001123565191543095
GNB,2014,0.0625684278325139,0.0003617645415979033,0.062206663290915995,0.06239882614839226,0.002341364005315364
GNB,2015,0.06352177141085087,0.00042178112370162683,0.06309999028714926,0.06308290288257778,0.006497660531778978
GNB,2016,0.06380439908136576,0.00018493981986415293,0.06361945926150159,0.06046943842036902,0.0505382466350846
GNB,2017,0.05299961722209781,0.00041999130629178744,0.05257962591580602,0.049604116167770294,0.05068053496587512
GNB,2018,0.05312666852972451,0.0001462831661173926,0.052980385363607115,0.0500472382851542,0.04724962550777608
GNB,2019,0.0390608487299764,0.00022350822310492958,0.038837340506871466,0.03358902384607621,0.09463620707979781
GNB,2020,-0.029876334857708065,-0.0030787860759549867,-0.02679754878175307,-0.03337193266525473,0.15729542779719993
GNB,2021,0.0800237069367763,0.003766228049256977,0.0762574788875193,0.06027467965404269,0.24313844654527575
GNB,2022,0.05193347086295991,0.002538342112718823,0.04939512875024108,0.044055300849210687,0.23954639718405907
GNB,2023,0.05523227143260614,4.7723353210885836e-05,0.055184548079395254,0.04293127147462975,0.25704184458453555
GRC,1991,0.008970007544677354,0.015666662321293115,-0.006696654776615761,0.00870993377028885,0.002906154627233672
GRC,1992,0.0110833906520397,0.009623871568230418,0.0014595190838092823,0.010693070372044814,0.0029204027226367234
GRC,1993,0.0019700901440158165,-0.0006855496984410024,0.0026556398424568187,0.0016231245780581262,0.0026688053579964404
GRC,1994,0.027835049055338082,0.02030699377298874,0.007528055282349341,0.027420957060779228,0.0033241666567779284
GRC,1995,0.030183862334299878,0.016592530039412842,0.013591332294887036,0.029878977796572642,0.0030046926162007786
GRC,1996,0.025315686284567426,0.011331043114025677,0.013984643170541745,0.025054268700224966,0.00283793914606407
GRC,1997,0.018787430265559124,0.017709420020026057,0.0010780102455330712,0.018546249648215746,0.0026310463015393392
GRC,1998,0.026013126134076442,0.017144046309750884,0.008869079824325558,0.02572272515766951,0.003760143829777799
GRC,1999,0.025059456922410336,0.016760226484484355,0.008299230437925985,0.02478917435990588,0.0037700556858350563
GRC,2000,0.04521892977313337,0.023715712968606573,0.02150321680452679,0.04496875876374037,0.00296455433259733
GRC,2001,0.019582320436754064,0.011458944181873305,0.008123376254880759,0.019422783426558975,0.002050155677553194
GRC,2002,0.0218357425309867,0.0054133071996686506,0.01642243533131805,0.021593011765801477,0.0027896439934993007
GRC,2003,0.023118397376868008,0.005777143440383617,0.017341253936484394,0.022755094910850156,0.0038845052784734478
GRC,2004,0.038428101183556856,0.011803494254342005,0.02662460692921485,0.037990096375517104,0.004481221295954672
GRC,2005,0.035918747563273776,0.012291926613885524,0.023626820949388245,0.03540907968057895,0.004746272844592345
GRC,2006,0.04364021269215548,0.017705074453668618,0.025935138238486866,0.043053797494615485,0.004894902542355206
GRC,2007,0.04079976269359701,0.014419103420190415,0.026380659273406597,0.0401099522243854,0.005197306210377962
GRC,2008,0.02139025566125816,0.0005666474017513264,0.020823608259506833,0.020821554428118887,0.006031889825238777
GRC,2009,-0.03381740476192549,-0.022422717290583614,-0.011394687471341869,-0.03438028594034186,0.00635953326617188
GRC,2010,0.028339333834169735,0.011480653753075647,0.016858680081094084,0.027560578408937664,0.00773775977340847
GRC,2011,0.01721852058468253,0.008753513103491652,0.008465007481190879,0.016250388211006255,0.010588295304972553
GRC,2012,0.01709835261478691,-0.0010563324569247507,0.018154685071711654,0.01610965138719754,0.012907091911695397
GRC,2013,0.008377111511933199,0.0007830943337823348,0.007594017178150861,0.007273299706825405,0.014817597660994511
GRC,2014,0.016205013133028336,0.0062265452973087,0.009978467835719637,0.015135223691192537,0.014768523705131558
GRC,2015,0.027898833420865327,0.006453596607108507,0.021445236813756822,0.02695794465081683,0.013930312683833773
GRC,2016,0.026733181406055496,0.007113826124117351,0.019619355281938144,0.025949888665031107,0.011870077568330584
GRC,2017,0.03653042388476695,0.0100872128960814,0.026443210988685545,0.035788474045377924,0.01107418733684585
GRC,2018,0.027966280639521002,0.006870909166507289,0.021095371473013713,0.027115894080801325,0.013048013185945034
GRC,2019,0.018941141210450728,0.006067289355652697,0.012873851854798033,0.017835317498233326,0.01912542233050496
GRC,2020,-0.056996143573048275,-0.028052625891305666,-0.028943517681742623,-0.057522556266482255,0.02368759633411255
GRC,2021,0.0680944018247634,0.02779722380670097,0.040297178018062436,0.06586163376950169,0.027488531393486993
GRC,2022,0.03684561619552856,0.015967951885693808,0.020877664309834752,0.03604082034801234,0.02447090446191771
GRC,2023,0.02142088520313957,0.004113258819188805,0.017307626383950767,0.020559430719611582,0.01800096335485883
GTM,1991,0.021856854393718643,0.0034617729961026345,0.01839508139761601,0.021856854393718646,0.0
GTM,1992,0.039601826826000976,0.014727456498484013,0.024874370327516965,0.03960048135913792,1.0066874029992431e-05
GTM,1993,0.03327658362709995,0.011531582905023912,0.021745000722076035,0.033275707697553,6.7375143169267965e-06
GTM,1994,0.04787419981654763,0.0183121712319443,0.029562028584603328,0.047873360922078674,6.734312806966856e-06
GTM,1995,0.04018721788546181,0.01367436609271527,0.026512851792746536,0.04018720631120694,1.1406638854565434e-07
GTM,1996,0.04087498600558506,0.015604903548242028,0.025270082457343038,0.040317810989897146,0.006048670337945527
GTM,1997,0.05245935024579179,0.01939513003376943,0.03306422021202236,0.05190274279369752,0.00607204672735719
GTM,1998,0.04483678087053028,0.023491700418241064,0.02134508045228921,0.04436469996380716,0.006112555579301602
GTM,1999,0.041175029271941235,0.026366769452677782,0.014808259819263446,0.04116878731806422,8.706634082013391e-05
GTM,2000,0.038235758190046445,0.02606940795607207,0.012166350233974377,0.03822756936567702,9.703848108621405e-05
GTM,2001,0.012713300199733601,0.006284713782876969,0.006428586416856633,0.012679943201388513,0.00042865940297921306
GTM,2002,0.02095215454770662,0.010049410897945749,0.010902743649760873,0.020912011626801903,0.0004613525528909193
GTM,2003,0.02802691245664963,0.011871607267714593,0.016155305188935036,0.027981667248708788,0.0004837711425366548
GTM,2004,0.03624039563723176,0.016878045510204488,0.019362350127027278,0.03619582694782089,0.00045598166151333933
GTM,2005,0.03950154698145095,0.022474100142107524,0.017027446839343423,0.03931533011232894,0.001734141191015507
GTM,2006,0.038103228384613226,0.015571560545218218,0.02253166783939501,0.0376260098213026,0.003983420567215019
GTM,2007,0.031036828189259073,0.011669006034560262,0.019367822154698813,0.030187576830778478,0.006398597233016455
GTM,2008,0.01558488320002001,0.0006644511950650034,0.014920432004955008,0.014840186793133554,0.007898570317483805
GTM,2009,-0.0242528040282524,-0.014367618471098536,-0.00988518555715387,-0.024871799235975697,0.006993519709066101
GTM,2010,0.0326397321182055,0.012519598850406079,0.02012013326779942,0.032071975580873845,0.005641262395501658
GTM,2011,0.032413652341838115,0.00883732017966546,0.023576332162172656,0.03203145072464149,0.004180072579898187
GTM,2012,0.029285213442858407,0.009773189567978425,0.01951202387487998,0.029000388255426196,0.0037182768366908884
GTM,2013,0.02177765096500999,0.007737887668997905,0.014039763296012083,0.021518956836143847,0.0034727165455760212
GTM,2014,0.027070724752215367,0.013089066853246406,0.01398165789896896,0.0265143176631141,0.007681241713317027
GTM,2015,0.027905735334937187,0.01231859953569107,0.01558713579924612,0.027360658482387282,0.008070126070639236
GTM,2016,0.022203266618101174,0.0077483346055703586,0.014454932012530815,0.021319609443783326,0.013391007797732191
GTM,2017,0.02912925515786796,0.012281818221295123,0.01684743693657283,0.028442135032907805,0.010255810545079166
GTM,2018,0.025279667296345544,0.012919369257260411,0.012360298039085131,0.02457577315422605,0.010800288355583193
GTM,2019,0.01877710253353001,0.01072196226212452,0.00805514027140549,0.01844947796482667,0.005666326533852665
GTM,2020,-0.0548313458271369,-0.016306096582434516,-0.03852524924470238,-0.05502862318831871,0.008877115912706596
GTM,2021,0.07769853734135677,0.027159442979538873,0.0505390943618179,0.07656580767979726,0.013945503559465174
GTM,2022,0.03586213521053885,0.012670051267672513,0.023192083942866332,0.03517733238789442,0.02082235451375849
GTM,2023,0.031070103249650427,0.011272536234338226,0.019797567015312198,0.029896534269696576,0.024522911664504526
HND,1991,0.009556613436463557,0.008307703322712379,0.001248910113751178,0.009556613436463558,0.0
HND,1992,0.028718990856203483,0.025535833334021395,0.0031831575221820934,0.02871899085620349,0.0
HND,1993,0.02081136773592414,0.01811951394046226,0.002691853795461878,0.020811367735924142,0.0
HND,1994,0.033941588926540193,0.02994690276700978,0.003994686159530417,0.033941588926540193,0.0
HND,1995,0.02809121455100789,0.021895227786064335,0.006195986764943558,0.02809121455100789,0.0
HND,1996,0.030378495033349537,0.024955816295997097,0.005422678737352435,0.03037849503334953,0.0
HND,1997,0.037745864152277896,0.030328480517145803,0.007417383635132092,0.037745864152277896,0.0
HND,1998,0.04011037147191919,0.032250911102697614,0.007859460369221576,0.04011037147191919,0.0
HND,1999,0.03932006455551282,0.031083259393218154,0.00823680516229466,0.03932006455551282,0.0
HND,2000,0.03634251716559302,0.03130156236280263,0.0050409548027903935,0.036342494202485594,2.721153813471771e-07
HND,2001,0.01145287565276606,0.007794193683848993,0.003658681968917066,0.01145196576818628,1.1692616245449117e-05
HND,2002,0.02097500003578577,0.01484849478239274,0.006126505253393033,0.020960485332749156,0.00016681385284069762
HND,2003,0.02399233615532444,0.016400040145502774,0.00759229600982167,0.023963614989450596,0.00030709265935837467
HND,2004,0.0294722395593131,0.021018197648903593,0.008454041910409504,0.029378976165838167,0.0009541765234114763
HND,2005,0.03301617923806216,0.02282389143431377,0.010192287803748389,0.03274505873895936,0.002524804693793936
HND,2006,0.03459599997394899,0.018823145272013828,0.015772854701935162,0.03397265582750106,0.005203154454403606
HND,2007,0.029008481262502862,0.015472049675331135,0.013536431587171723,0.028203882834576005,0.006062164308848452
HND,2008,0.010754013239633282,0.0012571671639080295,0.00949684607572525,0.01013052808199454,0.006612951686052532
HND,2009,-0.026071795307619973,-0.01960613421066809,-0.00646566109695188,-0.026731953963506003,0.007458591784628775
HND,2010,0.029906229438739017,0.016372562518746858,0.013533666919992159,0.028685750867335682,0.01212674697103714
HND,2011,0.028866314969616946,0.01237006723650048,0.01649624773311647,0.027211936615963994,0.018093648173456465
HND,2012,0.0226807730301021,0.008924963888210184,0.013755809141891912,0.02091353858364336,0.02307052605322612
HND,2013,0.019403370314293036,0.007448812735715687,0.011954557578577347,0.017502167774026058,0.025521791109115465
HND,2014,0.027427031619956688,0.015069488440231845,0.012357543179724841,0.025375603888304774,0.028320114126641083
HND,2015,0.02652194328664116,0.014284476801399701,0.01223746648524146,0.024798427620677084,0.025517481881655393
HND,2016,0.02019331760755781,0.01048366611729351,0.009709651490264294,0.018962718243163368,0.01864859604315602
HND,2017,0.026262467654586053,0.01637416810285684,0.009888299551729214,0.02568266010717009,0.008654085570918077
HND,2018,0.021542832354709232,0.0160715928406789,0.0054712395140303315,0.021276243370085185,0.004090441636141713
HND,2019,0.019779352857520475,0.014286771286149616,0.0054925815713708585,0.019500377186828583,0.004824934990062263
HND,2020,-0.04405472197675617,-0.026691921762460144,-0.01736280021429602,-0.04415460701425376,0.004494641709010576
HND,2021,0.06817447199879428,0.03822153859170362,0.029952933407090657,0.06775501424001343,0.005164118029777672
HND,2022,0.031648547012484124,0.018453967019311443,0.01319457999317268,0.03153129477570685,0.0035652125852514756
HND,2023,0.02513132142475126,0.012495228693532798,0.01263609273121847,0.02496524673458021,0.0034702987436962046
HRV,1994,0.034527968636626966,0.017408882426527984,0.017119086210098985,0.034527968636626966,0.0
HRV,1995,0.033514935114727445,0.015591847805447069,0.017923087309280376,0.033355406383610675,0.0015721846835252665
HRV,1996,0.048762248444499244,0.008703218833605704,0.04005902961089355,0.048481717706078585,0.0030454308046672426
HRV,1997,0.07741950418562851,0.013775756242362913,0.06364374794326559,0.0769364511921233,0.005269639019954234
HRV,1998,0.047251034543095614,0.012975148010130071,0.03427588653296553,0.046870729091258626,0.004924236880498108
HRV,1999,0.04761597044341259,0.012376858541773828,0.03523911190163877,0.04736698035972914,0.0034730560196307384
HRV,2000,0.053234504640316926,0.020212492197585075,0.033022012442731855,0.0531089480378856,0.001487859726940847
HRV,2001,0.02096869229883296,0.010267343638584066,0.010701348660248895,0.02088176468426664,0.0011170771115827894
HRV,2002,0.01950880896283525,0.003972803143873113,0.01553600581896214,0.019442544452548716,0.0007615614483889151
HRV,2003,0.002610634030775996,0.0035076695936527374,-0.0008970355628767409,0.0025507771221691556,0.0006400024750312318
HRV,2004,0.03104011473224805,0.010435552339582068,0.020604562392665986,0.03098339171059971,0.00058033247104985
HRV,2005,0.02766153775303167,0.010078009848837983,0.017583527904193683,0.027582407481096312,0.0007368992114750941
HRV,2006,0.0404071713884965,0.016738302975797953,0.023668868412698545,0.040296996199944556,0.0009196501264116877
HRV,2007,0.03934192273508202,0.013344220364569406,0.02599770237051261,0.03917536674876755,0.001254898991366715
HRV,2008,0.019351642507872475,-0.0004328360741212706,0.019784478581993743,0.01921222360426126,0.0014787368430630536
HRV,2009,-0.040791131992148316,-0.024588295371886174,-0.016202836620262145,-0.04096516667160836,0.0019662752565426695
HRV,2010,0.024054031134154618,0.01085102734992197,0.013203003784232647,0.023782782677594313,0.002695140640780794
HRV,2011,0.01686349969838022,0.008978668882104584,0.007884830816275636,0.016567113047905202,0.003241529221633622
HRV,2012,0.00027399373855912547,-0.003945323428278176,0.0042193171668373,-1.5584242644883263e-05,0.0037803226239703606
HRV,2013,0.008507272208070425,-0.0008081631138086066,0.00931543532187903,0.00822872340445335,0.003739246202885201
HRV,2014,0.016499445180686922,0.006289652722492818,0.010209792458194103,0.016159732662346302,0.004689756866018318
HRV,2015,0.022076206686573997,0.006650897246843666,0.01542530943973033,0.02174161038241522,0.004953859890948231
HRV,2016,0.02359385264755992,0.008615285356246625,0.014978567291313296,0.023216475996063808,0.0057187943806008045
HRV,2017,0.03151792484711255,0.011353069309391964,0.020164855537720582,0.0311327226414924,0.00574944714741978
HRV,2018,0.028463101101433894,0.007705301730718201,0.02075779937071569,0.027999896090581178,0.007107244378958236
HRV,2019,0.023158422290781317,0.006684517320293831,0.01647390497048749,0.022687497152547444,0.008144735960412814
HRV,2020,-0.05088043368489839,-0.03292661309848019,-0.0179538205864182,-0.05106835284646962,0.00845601426080034
HRV,2021,0.06515604940300096,0.030479003035923827,0.03467704636707713,0.06455781348115464,0.007365129969336038
HRV,2022,0.03408364856370311,0.017512868767304533,0.01657077979639858,0.033889287759325544,0.0059098027030625765
HRV,2023,0.012631193353507245,0.00266816275993109,0.009963030593576156,0.012404982277403949,0.004726909394820393
HTI,1991,0.0010658908307287934,0.0009779515710427937,8.793925968599906e-05,0.0010658908307287932,0.0
HTI,1992,0.02988223564603163,0.029574970054908677,0.00030726559112295113,0.029870327328445023,8.909883724823066e-05
HTI,1993,0.024461903679352515,0.02401600629348315,0.00044589738586936516,0.02445417199539818,5.947091466182185e-05
HTI,1994,0.03578539014507287,0.03552366625924443,0.0002617238858284431,0.035777983319056586,5.945906803171399e-05
HTI,1995,0.026868422742879747,0.026596884494778934,0.00027153824810081565,0.026868422742879747,0.0
HTI,1996,0.031828044150949066,0.03168541454984755,0.00014262960110151854,0.031828044150949066,0.0
HTI,1997,0.0391251508854136,0.03876148426353729,0.0003636666218763125,0.0391251508854136,0.0
HTI,1998,0.04490039888888831,0.044584688171376854,0.0003157107175114553,0.04490039888888831,0.0
HTI,1999,0.044125086054920534,0.043792417792749616,0.0003326682621709206,0.044125086054920534,0.0
HTI,2000,0.03769661563412182,0.036942821430040906,0.000753794204080913,0.03769661563412183,0.0
HTI,2001,-0.0008859373819810772,0.007068634009206471,-0.007954571391187552,-0.0008881091729207959,2.7908944263639642e-05
HTI,2002,-0.02231913789412697,0.008677766213640768,-0.030996904107767738,-0.02232882126808506,0.00011128859573433717
HTI,2003,0.010872173132503875,0.0027219769241806193,0.008150196208323253,0.010860888353524794,0.00012065919615443999
HTI,2004,0.04350832191740803,0.006578277299263085,0.03693004461814493,0.04349353852924843,0.00015124864529142708
HTI,2005,0.05750502337970671,0.0066543135854157396,0.05085070979429097,0.05742198171726157,0.000773323964125754
HTI,2006,0.04150283246444738,0.00887958478188078,0.032623247682566595,0.041330334685639056,0.0014398668717686444
HTI,2007,0.05236671251284267,0.00815869981978742,0.04420801269305525,0.05175553182833407,0.004604878164418219
HTI,2008,0.042194806159209244,0.0012360226091501416,0.0409587835500591,0.041504729538055014,0.007319249383016521
HTI,2009,0.017998754440717343,-0.00567538342060903,0.02367413786132637,0.01706860649784597,0.010508979535954909
HTI,2010,0.03987248558195979,0.0013558651995999194,0.03851662038235987,0.038982426067187985,0.008843683762830144
HTI,2011,0.01978557698129013,0.0015664705999407901,0.018219106381349343,0.019026721745317107,0.008299467666488551
HTI,2012,0.03535712184418414,-0.00047260668943992055,0.03582972853362405,0.03479108404752855,0.007389392935963503
HTI,2013,0.026251754841578007,0.0002838699035894706,0.02596788493798854,0.025609572107666897,0.008620677303775588
HTI,2014,0.04587376330780685,0.0059056088318948825,0.03996815447591197,0.045302040525265166,0.007892676013179943
HTI,2015,0.0369016740158009,0.01319842848082694,0.02370324553497396,0.03645444998238177,0.006621367821121551
HTI,2016,0.026182492305659215,0.01093028512251161,0.015252207183147608,0.02563214211377996,0.00834004852235569
HTI,2017,0.03004789017836165,0.020157881208453087,0.009890008969908557,0.029324722349365836,0.010793850997898374
HTI,2018,0.03101126303908088,0.021409839018211165,0.009601424020869718,0.030105460387766694,0.013898296976854517
HTI,2019,0.024401920236509934,0.01975644433876462,0.004645475897745317,0.0236741391320729,0.012587106636200489
HTI,2020,-0.03980232174474552,-0.03157737102944273,-0.00822495071530278,-0.04001726609430689,0.009672097672064646
HTI,2021,0.05787274222896477,0.049695817951595105,0.008176924277369674,0.057334652034566204,0.006624651031886309
HTI,2022,0.027641480567722768,0.022097060375172502,0.0055444201925502635,0.027470160914339112,0.00520920539455934
HTI,2023,0.02840065597992396,0.023689063950654746,0.004711592029269212,0.02817995885058443,0.004611689896247812
HUN,1991,-0.0321937831564713,0.01456089197096368,-0.046754675127434975,-0.03299588037463452,0.008962912725579909
HUN,1992,-0.029972020849663064,0.008442494714348072,-0.03841451556401114,-0.03068298126057722,0.0053194538591431135
HUN,1993,-0.004078775388308711,-0.0018654955652939672,-0.002213279823014746,-0.004728623238358454,0.004998528944243135
HUN,1994,0.02848970340932387,0.021230797243499994,0.007258906165823873,0.028010807723063844,0.0038443850479077213
HUN,1995,0.02549401256899235,0.01765496743092642,0.00783904513806593,0.02514454059817802,0.003444109885344137
HUN,1996,0.018832234560181883,0.012229822480601855,0.006602412079580028,0.018523004597133148,0.003356988472980105
HUN,1997,0.02523683423926376,0.017837176342659987,0.007399657896603776,0.025144620421046697,0.0010059631990468353
HUN,1998,0.0209813461451406,0.018946971005897196,0.0020343751392434004,0.020912147972177775,0.0008959855656044986
HUN,1999,0.027060775278314554,0.020713446181288203,0.006347329097026358,0.027021022407169398,0.0005544957710196445
HUN,2000,0.03865273743308497,0.028680390355550103,0.009972347077534867,0.03852565419779132,0.0015059504964400447
HUN,2001,0.01995532904540069,0.014623488220500627,0.005331840824900065,0.019822023954459145,0.0017130582346149635
HUN,2002,0.012220109251558442,0.005533228667649083,0.006686880583909359,0.011987121935067508,0.0026776649738424613
HUN,2003,0.01252490598906737,0.0044265071547009175,0.008098398834366454,0.012222211511933607,0.0032364720974205363
HUN,2004,0.026922126005991812,0.014315003304532474,0.012607122701459337,0.026517251296432284,0.004142267704300974
HUN,2005,0.02539900384310791,0.01444840721345512,0.010950596629652788,0.024828567151727543,0.005312181265066825
HUN,2006,0.043010959390811745,0.026198275175526937,0.01681268421528481,0.042292936140797724,0.005993456251999793
HUN,2007,0.040472745579011024,0.020759500000912437,0.019713245578098584,0.03940623006294297,0.008035551738523477
HUN,2008,0.01796456133787685,0.003025306511412047,0.014939254826464804,0.01709478202300416,0.009225253426343286
HUN,2009,-0.04466278775101617,-0.029955144237316468,-0.014707643513699697,-0.04558925093945064,0.010467348514493015
HUN,2010,0.02778594457742197,0.016830447187630885,0.010955497389791083,0.026576671837321944,0.012015405171189692
HUN,2011,0.02957349774829304,0.01481547732101193,0.01475802042728111,0.028305936605887608,0.013863095644588902
HUN,2012,0.007670272302157307,0.00022461564840926953,0.0074456566537480385,0.006478213741611318,0.015561839083182198
HUN,2013,0.008737915513409793,0.0020722333546793217,0.0066656821587304715,0.0075197248095688046,0.01635302289788135
HUN,2014,0.020105461514879013,0.010416876520665398,0.009688584994213614,0.018887096450727975,0.016819621345805426
HUN,2015,0.020586903955433902,0.009970334170372333,0.010616569785061567,0.01941712200001388,0.01731918684720552
HUN,2016,0.022435676999304405,0.012108258555406586,0.01032741844389782,0.021361359961936204,0.016280281813747303
HUN,2017,0.03315758212177333,0.016581562949475815,0.01657601917229752,0.03211783228417382,0.015519087509357753
HUN,2018,0.02515119747319145,0.009796556694001595,0.015354640779189854,0.024166955416238818,0.015101841868967042
HUN,2019,0.02096452834046193,0.00895743233009803,0.012007096010363899,0.020090976060979246,0.015108245634722836
HUN,2020,-0.048988620805834646,-0.03598921739476922,-0.01299940341106543,-0.0493073782557653,0.014343494935870983
HUN,2021,0.0560926714426368,0.03245179268221704,0.023640878760419756,0.05496126473127927,0.013929216172123936
HUN,2022,0.022088910249458672,0.01822796953200037,0.003860940717458299,0.021633948785325378,0.013833717652768682
HUN,2023,0.011574727789073487,0.0027906187922705273,0.00878410899680296,0.010880396452079093,0.014508756054271679
IDN,1991,0.031888695442239726,0.015821890796837663,0.016066804645402052,0.028951325770396247,0.03282318828107535
IDN,1992,0.03209820112196522,0.009836227139390731,0.022261973982574495,0.027143315253966467,0.03707279104085328
IDN,1993,0.03235887705966413,0.00602996000060831,0.026328917059055816,0.027322987317042954,0.0387352833999256
IDN,1994,0.041747794492370476,0.01253611676296225,0.029211677729408216,0.03685728596166506,0.039259067081887825
IDN,1995,0.041949446245606314,0.016424876693427584,0.02552456955217873,0.03823646138833392,0.03659214162803068
IDN,1996,0.044286196101513846,0.018538556384778804,0.025747639716735046,0.040956030846668504,0.03615214471268023
IDN,1997,0.039196067438562875,0.014641151294885756,0.024554916143677122,0.03564989459854386,0.038685301655345866
IDN,1998,0.006397489242411399,0.009785620030103179,-0.0033881307876917786,0.0031775361119731243,0.041692307806242786
IDN,1999,0.037388699106501964,0.012461419474489758,0.024927279632012207,0.034455235594472534,0.04091762594760017
IDN,2000,0.05154388588308301,0.018571947633588336,0.03297193824949467,0.048113405353602756,0.04065157646058624
IDN,2001,0.014787803097608207,0.005735897336379945,0.00905190576122826,0.011568011192113153,0.04137644705462546
IDN,2002,0.028855589864090772,0.006444383707686123,0.02241120615640465,0.025228556487624225,0.04168458771660224
IDN,2003,0.03285433199097415,0.009814950435515222,0.023039381555458933,0.02865812840486362,0.04486667860656467
IDN,2004,0.04901541042180598,0.013943533114787559,0.03507187730701842,0.04405262277484304,0.050774213621994135
IDN,2005,0.04364790491758251,0.012770963238244549,0.030876941679337966,0.03729314387590591,0.05917859608203499
IDN,2006,0.04698940622737681,0.011015007419413041,0.03597439880796377,0.038824003311510605,0.06815793939157211
IDN,2007,0.048294459899139774,0.010524262241884455,0.03777019765725531,0.038340705286888196,0.0749955429379896
IDN,2008,0.01989007775188171,-0.0014047077636366327,0.021294785515518343,0.012175329606226885,0.08182593624279848
IDN,2009,-0.008430957703196823,-0.01889260482931007,0.010461647126113244,-0.01588502085172823,0.08421735239860055
IDN,2010,0.0601361878532599,0.013009994633913563,0.04712619321934634,0.05112600965646031,0.08952566125836223
IDN,2011,0.03585853779356038,0.004296587910042031,0.031561949883518355,0.02722573004133196,0.09441551618045109
IDN,2012,0.033967605222197696,0.004589009731771055,0.029378595490426644,0.02602497220933328,0.10368783961951879
IDN,2013,0.0345190818549202,0.005222738206891813,0.029296343648028383,0.026416478607178717,0.10876955145444936
IDN,2014,0.03557894625113433,0.005234581925259052,0.03034436432587527,0.027113374848437212,0.11686784992350473
IDN,2015,0.03510562684826424,0.007056666067425889,0.02804896078083835,0.02750264276086049,0.11256585160676036
IDN,2016,0.034591687520468026,0.005236902036622828,0.029354785483845194,0.02746895172833936,0.1079384780723495
IDN,2017,0.03899617059392402,0.008070113358117508,0.030926057235806506,0.031946714401509965,0.10521870125609585
IDN,2018,0.03694289685057532,0.006821779200768057,0.03012111764980726,0.029284893138248884,0.11750154372958461
IDN,2019,0.02849840711653034,0.004212566516428954,0.024285840600101385,0.02073289663726943,0.13430591683552892
IDN,2020,-0.030508898695194294,-0.013534696505031158,-0.016974202190163133,-0.033872197075955554,0.15134219859886133
IDN,2021,0.05863893132689642,0.015841694827636445,0.04279723649925997,0.04477498670290677,0.17068475882929607
IDN,2022,0.03889553502664059,0.007850546933194154,0.031044988093446434,0.03238566666599641,0.19794133779967563
IDN,2023,0.03264120227967321,0.005754831674296768,0.02688637060537645,0.022229035328961692,0.21757276711456164
IND,1991,-0.013083512544741476,0.0074390827426988404,-0.020522595287440326,-0.013182402576650359,0.0011050315415116012
IND,1992,-0.0014617947605699965,0.009499374997531928,-0.010961169758101918,-0.0017278754870758486,0.001990833984181
IND,1993,0.022549433444396545,0.00745596299588619,0.015093470448510355,0.022102563895879484,0.0034372513079675587
IND,1994,0.033832065926470846,0.017449812647372952,0.016382253279097894,0.03284901521803661,0.00789154204823571
IND,1995,0.03293825802167828,0.015071044712830092,0.017867213308848186,0.03194366570926632,0.009801888280434457
IND,1996,0.0350199452901067,0.015229388992978408,0.019790556297128295,0.03397715705085967,0.01132046863893256
IND,1997,0.03993354481771587,0.01851205539234759,0.021421489425368277,0.03880158694595444,0.01234856102783743
IND,1998,0.015070376808627585,0.017500976338684807,-0.002430599530057224,0.013837362237697328,0.015965208479233217
IND,1999,0.0341454451999355,0.018501308667621234,0.01564413653231427,0.032883208819482666,0.01760639457795437
IND,2000,0.05052464183842646,0.02142849793229752,0.029096143906128937,0.04913275409629106,0.016494024813061045
IND,2001,0.017268793188630074,0.007845624374983002,0.009423168813647069,0.016032472940922117,0.01588752962095059
IND,2002,0.02437149478516348,0.008432046718590375,0.01593944806657311,0.022777544923529725,0.01831886721921133
IND,2003,0.03426905272869585,0.009919484853729399,0.02434956787496645,0.031921340636103065,0.02510222436960927
IND,2004,0.05053744761487404,0.01364118201770851,0.03689626559716554,0.047231089039965396,0.033827310079660465
IND,2005,0.04524481779082181,0.013404377856042477,0.031840439934779335,0.040413521546537136,0.04499135799412262
IND,2006,0.0525202668302649,0.012259519832085633,0.04026074699817927,0.045873606187198546,0.05548075189115232
IND,2007,0.04732225967037337,0.010367745895150677,0.03695451377522269,0.03902150641224809,0.06254117382210361
IND,2008,0.026384724652821392,0.0005985968282859837,0.025786127824535408,0.020150598101957143,0.0661218269280594
IND,2009,-0.009471697488313394,-0.013444498892405263,0.003972801404091868,-0.01499718574771055,0.06242796480838259
IND,2010,0.04640474953358925,0.008443620510917977,0.03796112902267127,0.04020392366456029,0.061611771060194886
IND,2011,0.04234155655807387,0.005685720429600169,0.036655836128473694,0.036301001051345566,0.0660645044524707
IND,2012,0.0320645759521163,0.002623273507602173,0.029441302444514122,0.02673541055126752,0.06957008418922517
IND,2013,0.031814713514135784,0.0033151127976536253,0.028499600716482155,0.026938906405177508,0.06545295826592927
IND,2014,0.03487663923797146,0.007065178390272403,0.027811460847699056,0.030908394727364043,0.0547819139270015
IND,2015,0.03318077647955856,0.007335476067270562,0.025845300412288004,0.030006184089430128,0.0470013736436972
IND,2016,0.031116417842122945,0.005725013306000414,0.025391404536122528,0.028325758395471447,0.04228986477677097
IND,2017,0.029795325748736178,0.00888589767067032,0.02090942807806586,0.027256396376560677,0.03789552609869886
IND,2018,0.030550813314002417,0.00835579548545964,0.022195017828542777,0.028072310381267368,0.03802922167116554
IND,2019,0.02347020418901192,0.007208858221128617,0.0162613459678833,0.02099517551792763,0.042806071249527726
IND,2020,-0.03966331529208909,-0.01687981373368845,-0.022783501558400636,-0.04075616212557423,0.04917608364976839
IND,2021,0.055569568014914784,0.022141681477766042,0.033427886537148746,0.05086437397908053,0.05792759067010045
IND,2022,0.03851613596941613,0.011659950268563608,0.026856185700852526,0.0365298141995595,0.06039679554858698
IND,2023,0.02601451237274567,0.007514187625576217,0.018500324747169453,0.023444352301353243,0.053706096080412546
IRN,1991,0.019237177452030445,0.015882329504994054,0.00335484794703639,0.018903620877412177,0.003727276943053237
IRN,1992,0.012810720510578348,0.007524446156753234,0.005286274353825114,0.012492104263286636,0.002383908302379802
IRN,1993,0.017145059008201527,0.0025273477289671476,0.01461771127923438,0.01653815103850882,0.00466824203968459
IRN,1994,0.028985261527813805,0.01508840268934005,0.013896858838473754,0.027611100121005323,0.011031223954015665
IRN,1995,0.03550964923254094,0.015567648197800066,0.019942001034740878,0.03401829674661966,0.014697550213613433
IRN,1996,0.03681431065397489,0.015051998197270156,0.021762312456704742,0.035366131946547016,0.015721371822187875
IRN,1997,0.03650299221381424,0.017783376475018455,0.018719615738795783,0.0356401233805355,0.00941306095621822
IRN,1998,0.013249805131885757,0.011898332486930523,0.0013514726449552342,0.012066161895393708,0.015325943002743949
IRN,1999,0.03212747905978788,0.012782866623334924,0.01934461243645296,0.03062982752619292,0.02089009970643659
IRN,2000,0.05278461066163485,0.02349878957932211,0.029285821082312733,0.04994393499184311,0.03366232316373513
IRN,2001,0.019353256795872426,0.010459219716025073,0.008894037079847353,0.015766988037570737,0.04608591603335689
IRN,2002,0.03174796217445229,0.005635763842911883,0.026112198331540402,0.02550776621787597,0.07171701187213797
IRN,2003,0.035740402060651974,0.007244011572862766,0.02849639048778921,0.026829462400147865,0.09527761406850782
IRN,2004,0.04802224575458858,0.011743391423948467,0.03627885433064011,0.03737772014886037,0.10890399820769665
IRN,2005,0.04587744894771385,0.00919102100062411,0.03668642794708975,0.03388536295939548,0.1116760816385455
IRN,2006,0.05101950660603984,0.012276091142295052,0.03874341546374479,0.036890695462808716,0.11793547281103878
IRN,2007,0.05232288666002995,0.010135932147534263,0.0421869545124957,0.035348448607792494,0.12789216204184284
IRN,2008,0.02434805142642474,-0.0015235013602772859,0.025871552786702022,0.010873661967962023,0.14291516870318022
IRN,2009,0.0006066511946973985,-0.018416352713760933,0.01902300390845833,-0.013329714414492743,0.1574555769488137
IRN,2010,0.05822630984680098,0.006773477475853242,0.051452832370947735,0.0405276322143943,0.17585510339879837
IRN,2011,0.041575061663470046,-0.000615885562595482,0.04219094722606552,0.024261040303273168,0.18936043878196743
IRN,2012,0.02948419367612861,-0.0036900191190313053,0.033174212795159926,0.013197792947672714,0.21261232943486297
IRN,2013,0.0415638463107252,0.00022869192791560093,0.04133515438280958,0.023565099278524813,0.24161563655239193
IRN,2014,0.04697956352516216,0.0013249235736071533,0.04565463995155501,0.025042311258444326,0.3028454174781438
IRN,2015,0.052796859916980646,0.001923615849381421,0.05087324406759922,0.028733889376990493,0.3562639011056154
IRN,2016,0.04943401641580568,0.001120768278476711,0.048313248137328964,0.02363984389879567,0.3908868454307243
IRN,2017,0.05212945088918974,0.0026261897394007677,0.04950326114978898,0.027768448106494488,0.36360720658845147
IRN,2018,0.04252047502793504,0.002145674725502214,0.04037480030243282,0.02188015358643372,0.31669736964837186
IRN,2019,0.031675097388655746,0.0019188206177040987,0.02975627677095165,0.015204814712969816,0.28485653598768473
IRN,2020,-0.01978753607710935,-0.011401439939577042,-0.008386096137532311,-0.027068754960513038,0.32764136557055634
IRN,2021,0.0595587806218635,0.005721331729232973,0.053837448892630535,0.02771344189419363,0.39206114190359376
IRN,2022,0.03278129259705444,0.0017328795061706912,0.03104841309088375,0.018982353613836548,0.4195753725324125
IRN,2023,0.0387689026325581,0.0004277814365215786,0.038341121196036526,0.020137752818362394,0.3893167328942517
IRQ,1991,0.006811884875561007,0.006900760325803955,-8.887545024294577e-05,0.0062415204886686355,0.006373449633950614
IRQ,1992,0.04951211504432823,0.008623597986519568,0.040888517057808674,0.049051769967624226,0.0034443329856610238
IRQ,1993,0.021875864425382627,-0.0015226580831119462,0.023398522508494567,0.02153837182625777,0.002595940765310378
IRQ,1994,0.037566982285708574,0.0035917856841926176,0.033975196601515954,0.03745645947611789,0.0008872333763567915
IRQ,1995,0.05593000022815958,0.004165849208611338,0.05176415101954824,0.05578797644481512,0.0013996702368743975
IRQ,1996,0.022217731719159833,0.0003977898383296028,0.02181994188083023,0.022076456605050865,0.001533677153749837
IRQ,1997,0.033472526519961736,6.201941774528281e-05,0.033410507102216463,0.03336381954502281,0.0011858875207927944
IRQ,1998,0.02966689905175605,0.007173821881101352,0.022493077170654695,0.02934407275751349,0.004179990416716831
IRQ,1999,0.033274270170462264,0.016647433293374564,0.016626836877087697,0.032750530518749266,0.007305420052043812
IRQ,2000,0.04141200701032309,0.029582440634305453,0.011829566376017637,0.04049475396772957,0.010869550744934642
IRQ,2001,0.02010798386914673,0.012214370658609443,0.007893613210537284,0.018546392031130853,0.020067483832208903
IRQ,2002,0.023666732301654482,0.014027502238695044,0.009639230062959438,0.022046388656907986,0.01862220436920133
IRQ,2003,0.026336487792643058,0.016449477912598914,0.009887009880044144,0.024630918993532376,0.01823629516079145
IRQ,2004,0.03724358249430982,0.02388461909697784,0.013358963397331976,0.03671853773192138,0.005371725897426623
IRQ,2005,0.03836357133196596,0.02589839824805564,0.012465173083910314,0.037359278621290834,0.0093524575170327
IRQ,2006,0.031817363885327424,0.021109115124451974,0.010708248760875443,0.03020737954339372,0.01343879981545978
IRQ,2007,0.029963769467558164,0.01577975097069937,0.014184018496858793,0.027203913713412145,0.020793850037046112
IRQ,2008,0.00917327578493916,0.00016065306716513386,0.009012622717774027,0.007185924335208623,0.021078704054554878
IRQ,2009,-0.008248279447805533,-0.021368965769459576,0.013120686321654036,-0.010100002215716837,0.020921098437490786
IRQ,2010,0.046050319462732546,0.012138131088896756,0.033912188373835785,0.041990599736497033,0.040337614315324934
IRQ,2011,0.03177747289270841,0.0071643803487115385,0.02461309254399687,0.025092333304728494,0.07311420838423777
IRQ,2012,0.02487445093379561,0.0019496005790678103,0.022924850354727803,0.01648706621089763,0.10949389208420839
IRQ,2013,0.03169495062695939,0.003854125787895165,0.027840824839064228,0.022254923070171267,0.12672316929200408
IRQ,2014,0.04148806567806726,0.008201893821229583,0.033286171856837674,0.03033335312348924,0.15399164577986127
IRQ,2015,0.04150032143094494,0.007382630594986766,0.034117690835958184,0.028680415827636013,0.1898048943895041
IRQ,2016,0.04125774311639339,0.004716207403813488,0.0365415357125799,0.026554240965721964,0.22281798606525124
IRQ,2017,0.04320591598000176,0.007966126651879417,0.03523978932812234,0.027947069640450413,0.22775033288973814
IRQ,2018,0.041382131503997645,0.007497697257899864,0.03388443424609778,0.027440882926639806,0.213909302070549
IRQ,2019,0.03266083808622802,0.006583145312561125,0.026077692773666897,0.02033860864080031,0.21311520054550634
IRQ,2020,-0.03013591125358881,-0.019145804677937733,-0.010990106575651082,-0.035191601976634075,0.2274967198385631
IRQ,2021,0.07735613442397371,0.01746828172281024,0.05988785270116347,0.056601580109499956,0.25551790589567797
IRQ,2022,0.04650996213772504,0.009381838398328018,0.037128123739397015,0.03732024811192121,0.2794256638522955
IRQ,2023,0.04640739138393418,0.003914938480517668,0.042492452903416515,0.03245817950314652,0.2914829009501135
JAM,1991,-0.0009890802459791108,0.0010101928493500864,-0.0019992730953291957,-0.0010074611963415414,0.00020539511942073392
JAM,1992,0.013603152061180386,0.016438618070811588,-0.0028354660096312043,0.013586945726608166,0.00012125689090324769
JAM,1993,0.023274924707354934,0.02046776205449436,0.002807162652860578,0.023264176591322717,8.267284269542249e-05
JAM,1994,0.03624844012692353,0.033357971923731175,0.0028904682031923533,0.03623290662888766,0.00012469677490138797
JAM,1995,0.027974425631050938,0.024362148948357764,0.00361227668269317,0.0279612729916314,0.0001296216556012232
JAM,1996,0.03092838614661294,0.02715108110734203,0.0037773050392709067,0.030848246390679925,0.0008699940789766084
JAM,1997,0.041108699551579184,0.036202868756220356,0.004905830795358826,0.04103695381409617,0.0007826763167586418
JAM,1998,0.03807385926492077,0.03471733654485136,0.0033565227200694054,0.038013132604931894,0.0007862954824924447
JAM,1999,0.04065100536307072,0.034752857873805124,0.0058981474892656,0.04053426880356902,0.001628308263086585
JAM,2000,0.04295528508026119,0.03445169778884363,0.00850358729141756,0.042680979859421146,0.00325054742701204
JAM,2001,0.01731616908241835,0.013190541699062835,0.00412562738335551,0.016819134207185272,0.006387225573269378
JAM,2002,0.020936379718226233,0.015702875514335045,0.005233504203891194,0.01968669506848459,0.014362313216702624
JAM,2003,0.025326676368150912,0.017444489901950737,0.007882186466200172,0.022913800056425793,0.025798973708973043
JAM,2004,0.03535841888976704,0.024488346227766446,0.010870072662000596,0.030520618139912397,0.04949547435987601
JAM,2005,0.038449834160417855,0.02428797841692524,0.014161855743492616,0.02979527499937991,0.08059542404508946
JAM,2006,0.040935383369526415,0.022199697375515755,0.01873568599401066,0.03005138819695679,0.09085046885668203
JAM,2007,0.04005687802229213,0.01901132350836989,0.02104555451392224,0.025003728980712465,0.1134164071023225
JAM,2008,0.016126185795827225,0.00379699539750768,0.01232919039831954,0.008328173077120827,0.08270907610908679
JAM,2009,-0.026029075376956277,-0.02731052189936594,0.0012814465224096627,-0.031302576154095166,0.05958096469978252
JAM,2010,0.024818654272950234,0.018989486605700705,0.00582916766724953,0.02337143799656967,0.014379626162427682
JAM,2011,0.022410414588798645,0.015963251759007875,0.006447162829790766,0.02196383166044402,0.004884199776960778
JAM,2012,0.022031145333832023,0.016245317729442942,0.005785827604389082,0.021357802570567824,0.008790215578791151
JAM,2013,0.01862012873405544,0.013472471422491247,0.005147657311564193,0.018111047973106545,0.006833913043679599
JAM,2014,0.027473448956653622,0.02107151732642738,0.00640193163022624,0.026780814316449505,0.009561873302185525
JAM,2015,0.022189913228393632,0.017544527872071846,0.004645385356321786,0.021239471917898246,0.014071742658965901
JAM,2016,0.01715056674685881,0.014597285127590495,0.0025532816192683164,0.01587103010404998,0.01939019526952204
JAM,2017,0.025767110266209578,0.02129254971843731,0.004474560547772271,0.024144600577951505,0.024217238537868824
JAM,2018,0.02784860024845895,0.021551446136107977,0.006297154112350976,0.02650497195163897,0.020616129869586886
JAM,2019,0.020803306635543625,0.01660885423077703,0.004194452404766599,0.01968366455575209,0.019364413512239945
JAM,2020,-0.04236130652871328,-0.029530095973796716,-0.01283121055491657,-0.04272214468242071,0.01623704867603073
JAM,2021,0.057636631484684064,0.045798965644021875,0.01183766584066218,0.0562493785123937,0.017079045353433096
JAM,2022,0.041382932505626024,0.027752423796886895,0.013630508708739126,0.040923128183976046,0.013980971274888248
JAM,2023,0.030567268043913815,0.020560701819045495,0.010006566224868322,0.030038642427825987,0.011046167296809378
JOR,1991,-0.17772265084026095,0.0013572652699821843,-0.17907991611024313,-0.1803654968413225,0.029532078553901504
JOR,1992,0.07758851185308006,0.0010255335566321708,0.07656297829644788,0.07213316303008196,0.04081728870410067
JOR,1993,0.07638804041828402,0.0004262691182142505,0.07596177130006976,0.0716049552867536,0.036790749512988004
JOR,1994,0.03903995911934448,0.002386229384427175,0.036653729734917304,0.034506811413820435,0.036390315801699324
JOR,1995,0.043424677489274255,0.002768512353241246,0.04065616513603302,0.041148978139200314,0.02242743133132418
JOR,1996,0.06418019353312404,0.0031200014540627556,0.0610601920790613,0.06244069993052867,0.018883875013803186
JOR,1997,0.06917855988377797,0.00379438326830774,0.06538417661547023,0.06800325973575105,0.012821383168043805
JOR,1998,0.06708751849165727,0.0035959555057290724,0.0634915629859282,0.06605146532684616,0.01341493049777948
JOR,1999,0.045136272642733094,0.003962265102623526,0.04117400754010956,0.04421747792831096,0.012815873895546647
JOR,2000,0.06440923445381194,0.004557444309217708,0.059851790144594234,0.06278248298298933,0.019277186163926693
JOR,2001,0.025354581401134446,0.002073479975719339,0.023281101425415104,0.023267788129208287,0.026816668239472943
JOR,2002,0.00992526105679359,0.0020711738664095673,0.007854087190384024,0.007373923076262584,0.029321889490785766
JOR,2003,-0.05041107229818472,0.0043261131876347935,-0.0547371854858195,-0.05287155552339087,0.026307996696721823
JOR,2004,0.1441731838329812,0.008067686927607148,0.13610549690537405,0.14238390362228537,0.018306101753733643
JOR,2005,0.04414032352503081,0.01146334035642907,0.03267698316860175,0.04256215016234663,0.014696710602523961
JOR,2006,0.04878852790202204,0.009203801425099445,0.03958472647692259,0.0474285181598319,0.011352221382735004
JOR,2007,0.03816107831493574,0.007250928599389073,0.030910149715546665,0.03688076514421221,0.009646388233329231
JOR,2008,0.036234363653768045,0.0005758031852332245,0.035658560468534814,0.0352596160916726,0.010338591793663131
JOR,2009,0.00922281663665785,-0.008470598893814789,0.017693415530472642,0.008083051937671806,0.012877267524209814
JOR,2010,0.05208424830099593,0.006372225276191681,0.045712023024804246,0.05079320859616161,0.01282784654882263
JOR,2011,0.04273056068555833,0.003441932331339892,0.03928862835421844,0.04135607613269049,0.01503249837893995
JOR,2012,0.0407824888667865,0.003625533172274171,0.037156955694512335,0.03931994298549896,0.019092940908828446
JOR,2013,0.02879773574320233,0.002859431352010053,0.02593830439119228,0.026900747010889462,0.025465224844290518
JOR,2014,0.030014888170548988,0.005339692994743316,0.024675195175805673,0.028243386509712497,0.024455713665343246
JOR,2015,0.03285810960074746,0.005722859979012014,0.027135249621735445,0.03129324426626555,0.02316858709696526
JOR,2016,0.04497450808599496,0.0038217689106173312,0.04115273917537763,0.04331886104868572,0.025089800695632113
JOR,2017,0.018835124471223243,0.006799565007004372,0.012035559464218871,0.01716503807673803,0.024927358453877307
JOR,2018,0.030804704971582948,0.008294863803092824,0.02250984116849012,0.029249555799380288,0.023861627041192057
JOR,2019,0.02408885951996906,0.007327420940166357,0.016761438579802706,0.02301169890487311,0.01862968884994064
JOR,2020,-0.050699189682634066,-0.009383926344152893,-0.04131526333848118,-0.05122356523037695,0.02359592855062946
JOR,2021,0.052260478690756146,0.019541315013423845,0.0327191636773323,0.050309065254613414,0.024024658259809022
JOR,2022,0.05236676130549788,0.008713713315748309,0.043653047989749574,0.05162239269663146,0.02263353267569353
JOR,2023,0.02782778985359763,0.008894127196367925,0.0189336626572297,0.026823210308166957,0.020991706387410967
KAZ,1993,0.0697452398043136,0.000339890437586345,0.06940534936672728,0.001349838265954654,0.5260868281959402
KAZ,1994,0.03582411769362188,0.01080709164988751,0.025017026043734365,-0.010620446984912633,0.3728385849560435
KAZ,1995,0.024216848528071065,0.008438997023880835,0.01577785150419023,-0.002559150613111668,0.2638823454631463
KAZ,1996,0.012050538503228509,0.006412978526704024,0.005637559976524485,0.0021228292948467066,0.10777482572212317
KAZ,1997,0.028343343107940372,0.008805021948962393,0.01953832115897798,0.02281351755254877,0.06032502626426348
KAZ,1998,-0.003027704242938349,0.009161225480484307,-0.012188929723422656,-0.008248466722462072,0.06759900764454897
KAZ,1999,0.041555701967353254,0.009085891731743645,0.0324698102356096,0.03638422595677628,0.0721347036123124
KAZ,2000,0.06613256564039321,0.014350618537217195,0.05178194710317602,0.05968057201711152,0.07645684324574449
KAZ,2001,0.04147588774612028,0.006845532032819752,0.03463035571330053,0.03504988413216935,0.08257837963121166
KAZ,2002,0.028834174268458482,0.0017619863212170318,0.027072187947241453,0.02135557023132418,0.08594972629873061
KAZ,2003,0.0453517939905861,0.001607618891273315,0.04374417509931279,0.03678400520010042,0.09160857383184233
KAZ,2004,0.050690229936913356,0.0057684999223759515,0.044921730014537406,0.040166224468529604,0.10767095830460431
KAZ,2005,0.04537946554497757,0.007929641062575557,0.037449824482402014,0.03304121167318626,0.11489976372796887
KAZ,2006,0.05718229437347641,0.015293215207479987,0.04188907916599642,0.044162046944842256,0.10868211210738245
KAZ,2007,0.05387447968691428,0.016204066489613513,0.03767041319730077,0.04124341212565891,0.09516748267802619
KAZ,2008,0.02667565560242758,0.004250688125672034,0.022424967476755542,0.017193250661435518,0.10057446432221213
KAZ,2009,-0.02229417865048644,-0.022592603186986124,0.00029842453649968695,-0.03175690307328945,0.10691157043968093
KAZ,2010,0.038053851839046915,0.011027749560692397,0.027026102278354523,0.025849349437513214,0.12126465470068841
KAZ,2011,0.035145049461719736,0.007637034600669378,0.02750801486105036,0.022209165121837036,0.14147751603588857
KAZ,2012,0.015478677609843155,-0.005476181000207777,0.020954858610050933,0.0026591545908007464,0.16735365270487637
KAZ,2013,0.0204972666112331,-0.0006767937785074916,0.02117406038974059,0.007003091398173351,0.18114615023034464
KAZ,2014,0.02490659062813084,0.006310006066933707,0.018596584561197133,0.011954067717829746,0.17881055295683307
KAZ,2015,0.020908863022890887,0.007533568631767497,0.013375294391123395,0.010229913592699728,0.15810700417833995
KAZ,2016,0.026522788409707718,0.009494154554489678,0.01702863385521804,0.017395970146645075,0.13830849573931672
KAZ,2017,0.033146902738562065,0.01185286539666464,0.02129403734189743,0.025151944274215545,0.11933106941216427
KAZ,2018,0.0285842612124902,0.008928401222047928,0.019655859990442275,0.020898844483790036,0.11792215879627792
KAZ,2019,0.024432604540397758,0.007147209901898948,0.017285394638498812,0.01792999201235012,0.11246386695865429
KAZ,2020,-0.04100575816085089,-0.03593344118332869,-0.005072316977522206,-0.043657235824009204,0.11931158453664274
KAZ,2021,0.06612305707072441,0.03260897930895351,0.0335140777617709,0.05524453703214322,0.13392996146219177
KAZ,2022,0.030827254159402503,0.018440489871129263,0.01238676428827324,0.026134972972344322,0.14267514549351631
KAZ,2023,0.02823607179706922,0.004127908130673671,0.024108163666395552,0.02137997843435628,0.14326501021185595
KEN,1991,0.016821571767545916,0.0047996393736239535,0.012021932393921962,0.016791483763907673,0.00033621379627030796
KEN,1992,0.01770022500639364,0.00471461873918242,0.012985606267211215,0.01761930294903297,0.0006054643039315245
KEN,1993,0.015839655258952215,0.004102109411692914,0.011737545847259305,0.015718558359766675,0.0009314585800209953
KEN,1994,0.020121866495838442,0.015327963628173596,0.004793902867664847,0.01997092270476133,0.0012117170192597526
KEN,1995,0.0468477811786919,0.011526968796707398,0.03532081238198451,0.046736569320374836,0.0010960131071592882
KEN,1996,0.04478058100077191,0.01014790276758334,0.034632678233188566,0.04469981426917834,0.0008768005024052566
KEN,1997,0.03967994080338015,0.015353654392495667,0.024326286410884482,0.03962081917662019,0.0006449595292573486
KEN,1998,0.03259933964256402,0.013393011704645581,0.01920632793791844,0.03255480964718593,0.0005765792850722811
KEN,1999,0.041354173717313585,0.01309709203353849,0.028257081683775092,0.04131835121999132,0.0004996726701833509
KEN,2000,0.040545536666885255,0.01727506175766287,0.023270474909222384,0.04045440175802811,0.0010799588232019964
KEN,2001,0.031164779420603365,0.008349850243761007,0.02281492917684236,0.031025905591695206,0.001784620185945834
KEN,2002,0.04340503664016104,0.004624704894564447,0.03878033174559659,0.04321764534335721,0.0021536413201020043
KEN,2003,0.04127538613042046,0.005334463988230063,0.0359409221421904,0.041068710304774145,0.002209820771259254
KEN,2004,0.049649383486397844,0.007641387904255347,0.04200799558214249,0.04941702883525972,0.002377217308536485
KEN,2005,0.05078535308835374,0.008134727561583224,0.04265062552677052,0.05043409625932836,0.0032710728018916883
KEN,2006,0.05897996133989266,0.010020368397813229,0.04895959294207943,0.058476048491551885,0.004206242083793431
KEN,2007,0.0542072589519092,0.010015692462881143,0.044191566489028056,0.05349467730411879,0.00536887331921075
KEN,2008,0.03892262519254524,0.0017453461797837088,0.037177279012761535,0.0383868182195781,0.005682999157030096
KEN,2009,0.011512206810286422,-0.014002696550920847,0.02551490336120727,0.010974146387015167,0.006079103889440914
KEN,2010,0.046014189557850124,0.007482568355765076,0.038531621202085045,0.045374971060641076,0.006351312637916944
KEN,2011,0.04122656405078918,0.005353927495831519,0.03587263655495766,0.04062121892579245,0.006620554295227126
KEN,2012,0.026229643775068964,0.0020202216971211303,0.024209422077947837,0.02569564449831321,0.006971143105253648
KEN,2013,0.037037522079688474,0.0030464518978879796,0.033991070181800496,0.03642531714012733,0.008218254632278184
KEN,2014,0.042179652248619595,0.006877142078132352,0.035302510170487245,0.04152489225227181,0.009039010995135937
KEN,2015,0.03730789138691182,0.006951738362711981,0.030356153024199833,0.03657176631463797,0.010898687238722048
KEN,2016,0.03477705610279422,0.005971806515290656,0.02880524958750356,0.03397408661311999,0.012168260508798814
KEN,2017,0.033571778994869086,0.008369142506314507,0.02520263648855458,0.03256012609107796,0.015099718581612909
KEN,2018,0.03721627236405864,0.006656905488013513,0.030559366876045123,0.0361478520303802,0.016393441851852472
KEN,2019,0.032353728540006794,0.00618702861231336,0.026166699927693434,0.03133939098850368,0.01754315253313483
KEN,2020,-0.025764493979338485,-0.017148441435924817,-0.008616052543413664,-0.026214675954885715,0.020257355201852876
KEN,2021,0.049832394284659354,0.020819772025503287,0.029012622259156066,0.04805487083170716,0.021883826725301286
KEN,2022,0.04260619206678788,0.012355547557256388,0.030250644509531487,0.041760709092814846,0.0257080514817828
KEN,2023,0.025473568415761087,0.0037256325889933823,0.021747935826767706,0.024143067319617312,0.027802167071204715
KGZ,1993,-0.06007702340979748,0.0007056077549795136,-0.06078263116477699,-0.07175562127084349,0.08982996470965672
KGZ,1994,-0.08834782492838043,0.0034750059905846423,-0.09182283091896509,-0.10418482635638034,0.12713318002292084
KGZ,1995,-0.023895614249438334,0.0028835713602672155,-0.02677918560970555,-0.038090458498391655,0.13989277390350252
KGZ,1996,0.006677368341759167,0.0024461501816757905,0.004231218160083375,-0.003641917883717121,0.11202577061669326
KGZ,1997,0.027872256085841096,0.003835361401872151,0.02403689468396894,0.02044840875237746,0.08098696439644941
KGZ,1998,0.006314635619098325,0.0055815777089483435,0.0007330579101499806,0.002982487578428201,0.043145019862037
KGZ,1999,0.035445453221572276,0.006217636151519301,0.029227817070052977,0.03176928734413975,0.05127726309779532
KGZ,2000,0.05699668878194554,0.013967855620604153,0.04302883316134139,0.05310748189104845,0.04608753494959955
KGZ,2001,0.04299098626770874,0.007396921435061442,0.0355940648326473,0.038503786700310835,0.05766347042711482
KGZ,2002,0.03397800106174919,0.0005816019997839435,0.033396399061965246,0.028669303529471325,0.06101153338730178
KGZ,2003,0.04194073279681815,0.0007917915014867751,0.04114894129533138,0.03532096837815975,0.07077989342705238
KGZ,2004,0.05925762810250308,0.008738850868722933,0.05051877723378015,0.05385299675091107,0.05529471061728645
KGZ,2005,0.059173661908362665,0.008155360711300921,0.051018301197061744,0.05272874896434473,0.060018134025270904
KGZ,2006,0.0786725522857788,0.007552480521638509,0.07112007176414031,0.07320376608109427,0.045648843360819445
KGZ,2007,0.06799481198343474,0.007320779587482797,0.060674032395951955,0.061593838286956304,0.04822747961943213
KGZ,2008,0.03879287527858974,0.004507235231324486,0.03428564004726525,0.03501230429026793,0.04009836158112681
KGZ,2009,0.00686574755044461,-0.007669922916767186,0.014535670467211798,0.0037437277011062135,0.03527314440567351
KGZ,2010,0.05523415385788134,0.010052357449074944,0.0451817964088064,0.05274029315306558,0.024779146850189886
KGZ,2011,0.04540152277482919,0.0075012847613413446,0.037900238013487846,0.04348640252121648,0.020945336961292294
KGZ,2012,0.03409193344945094,0.004994009277800906,0.02909792417165003,0.032645915908792705,0.018877170152509552
KGZ,2013,0.035787234439667984,0.006956419458666066,0.028830814981001915,0.0338757660406376,0.025659600257465554
KGZ,2014,0.03338292999493452,0.008506585529713692,0.024876344465220836,0.03144862382849115,0.026703242110035424
KGZ,2015,0.024842342197603895,0.005411233761185464,0.019431108436418428,0.023108847384381365,0.025665227976681065
KGZ,2016,0.026782869396937907,0.007339326033119331,0.019443543363818577,0.025342338320413306,0.02182991712086521
KGZ,2017,0.027745940266007012,0.006188458391864886,0.021557481874142123,0.025525611820395352,0.03314015564216485
KGZ,2018,0.03302080682898739,0.011595735839457865,0.02142507098952953,0.030049705177350283,0.04558747210881449
KGZ,2019,0.027496993605296116,0.005951197118913401,0.02154579648638271,0.02465854935143944,0.04909140988462642
KGZ,2020,-0.04177704805926942,-0.036364999689902526,-0.005412048369366888,-0.04276002785616666,0.04423227046748535
KGZ,2021,0.07131353663139889,0.037025259344215425,0.03428827728718346,0.06862674272337069,0.03307823153175904
KGZ,2022,0.03167234294567997,0.01773418001935655,0.013938162926323421,0.030552917699732892,0.03403763616620507
KGZ,2023,0.03468695150364051,0.0010073481534098505,0.033679603350230666,0.03327578892079526,0.029487670477392158
KHM,1991,0.06449703957013195,0.0036513695505286025,0.06084567001960333,0.06415136256436652,0.003862714847721714
KHM,1992,0.05486033787083342,0.004184392095951736,0.05067594577488168,0.054093968304678906,0.005734028904603343
KHM,1993,0.05305061790697307,-0.0007653524069854355,0.05381597031395851,0.05250624092613545,0.004187263364937352
KHM,1994,0.05431900859431758,0.008014619070704289,0.04630438952361329,0.05378998743366524,0.0042467725193382315
KHM,1995,0.0609508529713141,0.006762146043067234,0.05418870692824686,0.0606505889161537,0.0029591569194567656
KHM,1996,0.05346992676792081,0.006275601309811425,0.047194325458109386,0.05277786329216145,0.007513014223426238
KHM,1997,0.023365330580872957,0.007468833628526431,0.015896496952346524,0.02214396357793675,0.013323927815153958
KHM,1998,-0.007343886764518446,0.008865806790723654,-0.016209693555242093,-0.010156296291734214,0.036415388341360634
KHM,1999,0.0446218560544457,0.013535377894823557,0.031086478159622143,0.041276581544250054,0.04666180115720273
KHM,2000,0.056520932331737675,0.015811470030044003,0.04070946230169367,0.05286671951532,0.043302828986574594
KHM,2001,0.01585765727721834,0.006717588768983227,0.009140068508235111,0.013931439275734446,0.02475317023377967
KHM,2002,0.024766089835904948,0.012590497210911572,0.012175592624993377,0.023603673312913628,0.013359362455898935
KHM,2003,0.02788852707872461,0.017950110971964243,0.009938416106760363,0.02686159254173489,0.010980196950788631
KHM,2004,0.04231365909881478,0.02281919066811472,0.019494468430700056,0.041706162069282016,0.006215293932856397
KHM,2005,0.04301362461956498,0.024836336265847477,0.018177288353717503,0.042585725798213,0.003984799954977831
KHM,2006,0.03740830306036337,0.020631811998535705,0.016776491061827672,0.03691599806403157,0.004109349464795143
KHM,2007,0.032569006000870586,0.0161520895691157,0.01641691643175489,0.03196778287745422,0.004529853941947348
KHM,2008,0.0068794630168533925,0.0008625283479106676,0.006016934668942725,0.006503947828639863,0.003982875561047189
KHM,2009,-0.025326130724576568,-0.02259434832356596,-0.002731782401010606,-0.025626871915972342,0.0033978283242131484
KHM,2010,0.041636686853966945,0.016258658726949995,0.02537802812701695,0.041330726520642964,0.003040039892816719
KHM,2011,0.030755034156206708,0.010954567124275644,0.019800467031931064,0.03020879222510319,0.005974152948237682
KHM,2012,0.021566932896211786,0.008689345658775343,0.012877587237436441,0.020595590952926644,0.01268047352407372
KHM,2013,0.023206061600476613,0.007498604287939855,0.01570745731253676,0.02176269597947549,0.01937577669557323
KHM,2014,0.027675467662691258,0.013241429678436804,0.014434037984254456,0.0258193426698113,0.025623945128860508
KHM,2015,0.02569933428188844,0.012906099172086124,0.01279323510980232,0.023315643633422457,0.03529169135789556
KHM,2016,0.022262393666320275,0.01199884061682879,0.010263553049491487,0.01926005383827635,0.04549768532102357
KHM,2017,0.03036880152667749,0.020190607314313627,0.010178194212363862,0.026572921566388415,0.05665650635228437
KHM,2018,0.02680726848846336,0.01623005485360505,0.01057721363485831,0.022695975311093186,0.06308214427845289
KHM,2019,0.021331280104816774,0.01313617383678314,0.008195106268033634,0.017329087147117013,0.0692186554859588
KHM,2020,-0.04356497977099399,-0.04024369253245769,-0.0033212872385363053,-0.04516693579501244,0.07208505439792921
KHM,2021,0.057025494037893205,0.041146553230228165,0.015878940807665044,0.051423369686239215,0.06897007091612446
KHM,2022,0.03216929134631165,0.019939449205272623,0.012229842141039027,0.02979414339041109,0.07221958076838901
KHM,2023,0.02638455232749196,0.015290395923786742,0.01109415640370522,0.02316103987957219,0.06735855527885211
LAO,1991,0.06756892479811095,0.004522130581101532,0.06304679421700944,0.059413910574531395,0.09112695955882494
LAO,1992,0.062060529182671235,0.0039726932223417295,0.0580878359603295,0.05431583457791909,0.05794632861506552
LAO,1993,0.0534237187286245,0.0007853562621734424,0.05263836246645105,0.04698237004904493,0.04954585571434352
LAO,1994,0.05771344385164684,0.00916744159603839,0.048546002255608456,0.04981264495836233,0.06342448680019411
LAO,1995,0.06410116518110677,0.007940315701193867,0.05616084947991291,0.057216933794090354,0.0678453534278332
LAO,1996,0.06036199409666277,0.004714329138991408,0.05564766495767136,0.05393461833229822,0.06977534175458565
LAO,1997,0.030120445053797594,0.00461042153941703,0.025510023514380562,0.027703338922421616,0.026368280409243803
LAO,1998,0.0022640581788492976,0.008702166784813585,-0.006438108605964286,0.0011523265419847977,0.014394823689804416
LAO,1999,0.03904866177549457,0.0116639716021857,0.027384690173308864,0.038365623104442546,0.009527413835298438
LAO,2000,0.04838464977158758,0.019041331954747828,0.02934331781683976,0.047034662352712704,0.015997501314352663
LAO,2001,0.04108761827855188,0.004544905701631641,0.03654271257692024,0.03249591838843128,0.11040900345332971
LAO,2002,0.05684944447040205,0.0016630394524514277,0.05518640501795063,0.03965326917379488,0.1976313430674331
LAO,2003,0.07134651509380702,0.0009784857281554447,0.07036802936565158,0.044659574249384354,0.2853423036533227
LAO,2004,0.07129007532727388,0.0018917731245245495,0.06939830220274934,0.043400066639126045,0.28534230351723694
LAO,2005,0.06732979107375303,0.0018158080854849608,0.06551398298826805,0.036688946628635505,0.2853423040045059
LAO,2006,0.07386598485518697,0.0023104266626102587,0.0715555581925767,0.03968163452403272,0.2853423036215125
LAO,2007,0.07598712774586355,0.002090866691104962,0.07389626105475858,0.03811518021620937,0.2853423032560574
LAO,2008,0.04716163724108141,5.595203393067007e-05,0.047105685207150735,0.020258871250553555,0.2853423045230223
LAO,2009,0.035975623531194934,-0.0035782693372506604,0.0395538928684456,0.010720026098362019,0.2853423034733927
LAO,2010,0.07383619455180596,0.0026002594861305062,0.07123593506567545,0.0451183389992562,0.2853423042373741
LAO,2011,0.0464894666747427,0.0014472596889775122,0.04504220698576519,0.020399419500288354,0.28534230598527627
LAO,2012,0.06331343345439226,0.0006974272810529192,0.06261600617333934,0.04144944073495846,0.2854255215950611
LAO,2013,0.045391698587494894,0.001007185884783444,0.04438451270271146,0.024126326423270252,0.28546689515611906
LAO,2014,0.041932503372539315,0.0015287586186349396,0.040403744753904375,0.021251101764434135,0.28550830468144367
LAO,2015,0.04968666268184283,0.0014860008252049,0.04820066185663793,0.03040796058933316,0.2854304959695679
LAO,2016,0.050830779725281605,0.0013383841814655789,0.04949239554381602,0.03199792371822187,0.2853945273955225
LAO,2017,0.05392481317436362,0.0018214637972917035,0.05210334937707192,0.03170618692043907,0.33163054487071914
LAO,2018,0.05250686937033419,0.0011814877514012133,0.05132538161893298,0.0316065767344005,0.3206862703878505
LAO,2019,0.04186838553875691,0.0007316763011499192,0.04113670923760699,0.02370013459680146,0.31422320613358157
LAO,2020,-0.025119581286911913,-0.003045628915453668,-0.02207395237145825,-0.031092949424308514,0.26879050402580323
LAO,2021,0.040116096366711845,0.0037633944838132267,0.036352701882898616,0.017316180241978202,0.2806992014627975
LAO,2022,0.040796821827251514,0.0027102955732099645,0.038086526254041554,0.030228010923685662,0.3213589666191979
LAO,2023,0.037633504291950684,0.0015712522903328632,0.03606225200161782,0.020644811401536758,0.3549959330583199
LBN,1991,0.031267697184068355,0.0032548863242747167,0.028012810859793645,0.031262320359364326,6.008250555135794e-05
LBN,1992,0.033015342596571795,0.003956063125613059,0.029059279470958734,0.03299888549342149,0.00012313315835775824
LBN,1993,0.01133614229762901,0.00108576533251337,0.010250376965115639,0.01130858736057578,0.00021194830514070412
LBN,1994,0.028890886709902343,0.007743341709910075,0.021147544999992274,0.02881083464076281,0.0006426263307099457
LBN,1995,0.030677446566759668,0.006052842073567386,0.02462460449319228,0.030607859491632833,0.0006857932920287208
LBN,1996,0.034561621173407234,0.00536751919042997,0.02919410198297727,0.03448334446740446,0.0008497688812670421
LBN,1997,0.03954806638439236,0.00861069056888558,0.030937375815506776,0.03949882818804712,0.0005371409021818751
LBN,1998,0.02681858775579,0.009717842275133302,0.017100745480656696,0.026748073372520338,0.000913028001636141
LBN,1999,0.017801161297408868,0.010472876053573972,0.0073282852438348945,0.01773259789282409,0.000956361560656657
LBN,2000,0.049542141545869195,0.015362720094137758,0.03417942145173144,0.04945874322938949,0.0009882793416037588
LBN,2001,0.017016936142648268,0.007048497429627486,0.009968438713020784,0.01689735484645857,0.0015366984313713798
LBN,2002,0.017233285654405645,0.00408879876151301,0.013144486892892633,0.01703842642893296,0.0022394683570621824
LBN,2003,0.012503083774121739,0.0031278953737553647,0.009375188400366379,0.012187644449097094,0.0033727426530491024
LBN,2004,0.08603452591589518,0.008435981938330617,0.07759854397756456,0.08563477784164572,0.004089817167442995
LBN,2005,0.04639967838522429,0.007534273774106422,0.03886540461111787,0.045810861756781056,0.005483344093113979
LBN,2006,0.057076175215290584,0.009526191293188041,0.04754998392210254,0.05599420587251671,0.009031373178784226
LBN,2007,0.046930938013982175,0.008279402581475859,0.038651535432506316,0.045049782872340856,0.014173370420879702
LBN,2008,0.04223060424628568,0.003794611899529136,0.038435992346756535,0.04045633856839179,0.018818624729687473
LBN,2009,0.00018945474420426975,-0.008468762192164766,0.008658216936369038,-0.00153154536907544,0.019444170263927047
LBN,2010,0.042800732096658065,0.006822204728941316,0.03597852736771674,0.041218230078729115,0.01572383325871446
LBN,2011,0.04375743541546715,0.004082188765865517,0.039675246649601634,0.04256886826486041,0.01299915210212999
LBN,2012,0.019373170357276343,0.001405447327719366,0.01796772302955698,0.018573716588712104,0.010436543398624688
LBN,2013,0.013390448120138922,0.002565024085907162,0.010825424034231763,0.012697125293421326,0.009307183206363307
LBN,2014,0.01503078772567072,0.0037945634631279947,0.011236224262542727,0.01448241151587784,0.007570374820449415
LBN,2015,0.02412685724137701,0.002803926360147769,0.02132293088122924,0.02348398974404475,0.009517963798898714
LBN,2016,0.02695461208800934,0.002415850279706307,0.024538761808303035,0.025524073197239486,0.021678494780565095
LBN,2017,0.01738570098059925,0.003414163280344621,0.01397153770025463,0.014657342402770326,0.040722906602215704
LBN,2018,0.026805218279505962,0.0032210565332858434,0.023584161746220113,0.021964308147817517,0.07427711384025669
LBN,2019,0.020448474795258867,0.0028967259481922896,0.017551748847066572,0.016338069137896444,0.0710902138181838
LBN,2020,-0.043486054446755074,-0.011387884175434713,-0.032098170271320364,-0.04480082886522992,0.05916241398376456
LBN,2021,0.05092883527089652,0.018970127981813793,0.03195870728908272,0.04912198712594031,0.02224485514240773
LBN,2022,0.048026467459027604,0.01184634324258207,0.036180124216445536,0.047609198216079285,0.012687634771722897
LBN,2023,0.022770713296100687,0.003899184667911004,0.018871528628189683,0.022569428689592035,0.004206045583303009
LBR,1991,0.037142349208935534,0.022439181967342625,0.014703167241592903,0.03697752544491594,0.0018417979498696591
LBR,1992,0.029601419351930062,0.021976996301153608,0.007624423050776451,0.02947798976059466,0.0009235085468645367
LBR,1993,0.019882536483567373,0.006837071658115902,0.01304546482545147,0.019802401871988843,0.0006163830123932846
LBR,1994,0.04577951167973314,0.02026235695733471,0.025517154722398423,0.04514876575369978,0.0050633786785766995
LBR,1995,0.037605719385819525,0.01313545944167753,0.02447025994414199,0.036937619986585485,0.006584241190882008
LBR,1996,0.02399429295298276,0.007889677841452933,0.016104615111529826,0.02337756349439223,0.006695191057890376
LBR,1997,0.03860381780541837,0.01254107361746527,0.026062744187953096,0.03845394711427612,0.0016349436865299375
LBR,1998,0.006150795089146679,0.014000923173532862,-0.00785012808438618,0.006138219458121515,0.0001628306557019688
LBR,1999,0.03371881922040683,0.018126568892023704,0.015592250328383121,0.03371520092592853,5.04700397411047e-05
LBR,2000,0.04773974226539189,0.027139643904585415,0.02060009836080648,0.04773539270426421,5.1542783943091577e-05
LBR,2001,0.00801298405509955,0.008143776360913573,-0.00013079230581402158,0.006358330250261293,0.021263391411345967
LBR,2002,0.0072019474131554805,0.006868739043827738,0.0003332083693277409,0.0034660304313604085,0.04293595976811573
LBR,2003,-0.0036067198216380974,0.004965072865462057,-0.008571792687100153,-0.009627824196741366,0.0643788961404368
LBR,2004,0.041617685762104076,0.008473488112781922,0.03314419764932215,0.0352665880292104,0.06497799542590707
LBR,2005,0.02866056393927673,0.008584190296814597,0.020076373642462134,0.021657618904700266,0.06521479767184986
LBR,2006,0.04397579653346334,0.010361876174141482,0.033613920359321856,0.03611172401326905,0.06564268582029549
LBR,2007,0.029526999308996563,0.008162447739023549,0.021364551569973016,0.020808735451783335,0.06568686459716315
LBR,2008,0.03374204602306438,0.0008146479478491377,0.03292739807521524,0.027542503371544513,0.06575501522023003
LBR,2009,0.010355526016007142,-0.010504770598337668,0.020860296614344805,0.004592718340325383,0.06510924245709798
LBR,2010,0.05661192614177517,0.009777228422473265,0.0468346977193019,0.05006915982414452,0.06500931149762156
LBR,2011,-0.005838215429523648,0.00738863299454485,-0.013226848424068493,-0.011736420517516489,0.06450764269333543
LBR,2012,0.05080777044426717,0.0024689176739643194,0.048338852770302844,0.04585877753581119,0.06460708711317599
LBR,2013,0.06409677117287807,0.00348746337588193,0.06060930779699615,0.05931790166811683,0.06415166540915286
LBR,2014,0.06326139743459713,0.0072972309360820956,0.05596416649851504,0.05860010095059458,0.06434954854527751
LBR,2015,0.05445591132221259,0.008522058011803241,0.04593385331040935,0.050085103172140155,0.06471192573423917
LBR,2016,0.050522347827927236,0.0058639440721935665,0.04465840375573366,0.04623547342291137,0.0649636196636792
LBR,2017,0.05068173009322724,0.00738108474492845,0.04330064534829879,0.046339636394084345,0.06480917779838569
LBR,2018,0.0352847297408565,0.006915174900229478,0.028369554840627018,0.031542486630141316,0.057419578135311955
LBR,2019,0.030213782624182287,0.00884380648781316,0.021369976136369123,0.028092732993041387,0.03668393933983221
LBR,2020,-0.03821637805996026,-0.021391736892372885,-0.016824641167587376,-0.03910033021181006,0.03977620983091664
LBR,2021,0.05883259560581959,0.04497990259477108,0.013852693011048516,0.05671330893811423,0.026091415075440275
LBR,2022,0.03669409796715112,0.02210949014003105,0.01458460782712007,0.03566194506526919,0.031384002700802556
LBR,2023,0.026097328192524548,0.013634398364956482,0.012462929827568067,0.02556443727322872,0.01113529512446908
LBY,1991,0.0071463903202306535,0.016367691919647164,-0.009221301599416507,0.007099548099822643,0.0005234312298835827
LBY,1992,0.0025188489011334636,0.00789834932663498,-0.0053795004255015174,0.0022479786319929704,0.0020266696659717452
LBY,1993,-0.007243720321866267,-0.006761432499091425,-0.0004822878227748426,-0.007785644217208912,0.0041683946115077
LBY,1994,0.024040347565700344,0.020524499526510722,0.0035158480391896275,0.02292714149946928,0.008936377752075219
LBY,1995,0.02873484766558597,0.021599963010147844,0.007134884655438127,0.02793733841574652,0.007859598824549889
LBY,1996,0.020469004712099448,0.01187195674917173,0.008597047962927717,0.01976646393215387,0.007626755430889684
LBY,1997,0.031029888842574425,0.020027761185920815,0.011002127656653614,0.030632780118661156,0.004332070507446482
LBY,1998,0.024811340721452177,0.019454550212173967,0.005356790509278212,0.024443107363193835,0.004767926083117723
LBY,1999,0.021563982935450053,0.01908868189936583,0.0024753010360842233,0.02140594489501652,0.0022044049286562978
LBY,2000,0.042231586751462144,0.03392515509611554,0.00830643165534661,0.042131601241581815,0.0011848394313628413
LBY,2001,0.020356431662348698,0.018246339678699628,0.002110091983649068,0.018184678013330357,0.02790846505357642
LBY,2002,0.014678198833201673,0.006900069497893798,0.0077781293353078726,0.009886596680490575,0.055068685481005575
LBY,2003,0.017925721443181924,0.007432429467671503,0.01049329197551042,0.010317295374185818,0.08135086873987148
LBY,2004,0.02756857847928333,0.016198624178537523,0.011369954300745812,0.019690924189644653,0.0805961750120638
LBY,2005,0.026067478948995193,0.014483060747705237,0.011584418201289958,0.017588112147135928,0.07896394840147374
LBY,2006,0.03567240189166371,0.023034917322115937,0.01263748456954777,0.026622580671986237,0.07554032208218431
LBY,2007,0.031060985137108865,0.017971262070438723,0.01308972306667014,0.021980010915307945,0.06841966862751457
LBY,2008,0.0063552213309663085,-0.0024505360692945134,0.008805757400260822,0.0012106685222358076,0.05456533929263625
LBY,2009,-0.03360144905768529,-0.04021274290255995,0.00661129384487466,-0.037605679447504106,0.04524051850714419
LBY,2010,0.02515378552735609,0.012508310362861137,0.012645475164494954,0.01879854694266399,0.06314602489785506
LBY,2011,0.021055271762186044,0.005458471083401624,0.015596800678784422,0.010576445011305353,0.11460510474063684
LBY,2012,0.00404250794937351,-0.01430965025523982,0.018352158204613337,-0.008268486111674706,0.1607150142391459
LBY,2013,0.016266865507347007,-0.005050062743706141,0.02131692825105315,0.002543539683779855,0.18422227383634146
LBY,2014,0.026032238033932717,0.006911412607493117,0.019120825426439603,0.013194441493049613,0.17722674679826256
LBY,2015,0.02954843769808079,0.011078564125807327,0.018469873572273462,0.018506236488272897,0.1634851222238549
LBY,2016,0.026871142055664817,0.011279039867257437,0.015592102188407385,0.017625522152443084,0.14010882479903597
LBY,2017,0.026886953459035197,0.015411329873925968,0.01147562358510923,0.01937734960156494,0.11208676857671278
LBY,2018,0.021122928787602042,0.010295417887036588,0.010827510900565454,0.015019388798082105,0.09365043396746715
LBY,2019,0.01815692116588359,0.008851134435981805,0.009305786729901788,0.011710004887766563,0.11150059018100922
LBY,2020,-0.06539695949513116,-0.05897807294510886,-0.006418886550022309,-0.06846982783008673,0.13827338438873124
LBY,2021,0.0706446954909038,0.04534383853400214,0.025300856956901673,0.05904491141894917,0.14280974141858074
LBY,2022,0.03874080905775301,0.027423213958234677,0.011317595099518334,0.03470384892432841,0.1227492239758519
LBY,2023,0.019312281118935484,0.008133569534855889,0.011178711584079598,0.014870849315063838,0.09280821293908838
LKA,1991,-0.005183122050209568,0.0054014968725403225,-0.010584618922749887,-0.005348851736667115,0.0018519210416391436
LKA,1992,0.03209551405366271,0.013485853120753148,0.018609660932909562,0.03180675884577164,0.0021604859868200035
LKA,1993,0.02376040179841076,0.011378867245862309,0.012381534552548451,0.023542375282601863,0.0016770261682020335
LKA,1994,0.036218912412449934,0.023814536182743547,0.012404376229706391,0.03603987558988438,0.001437236758324446
LKA,1995,0.03091808463573755,0.01998374385563599,0.010934340780101562,0.03083346011355962,0.0008339900699228339
LKA,1996,0.03413386031537605,0.022107747916417744,0.012026112398958302,0.03405085508014315,0.0009011016110038012
LKA,1997,0.039018574350368845,0.027720435046713048,0.011298139303655795,0.038874141430890324,0.0015756228788213489
LKA,1998,0.02837284710839995,0.027697852068403805,0.0006749950399961436,0.02822096995733407,0.0019665220810564646
LKA,1999,0.035383694897215344,0.02762956368281629,0.007754131214399055,0.035215023033444454,0.0023527315752727264
LKA,2000,0.04431899837821207,0.02886239836210946,0.015456600016102605,0.044187801904954124,0.001554692824568362
LKA,2001,0.013122013720421669,0.010003779265972677,0.0031182344544489916,0.013023310848737828,0.0012683969226073648
LKA,2002,0.02131241489353612,0.013475798210233234,0.00783661668330288,0.021228565751328768,0.0009636572263112902
LKA,2003,0.030991429909671624,0.017808120502672824,0.013183309406998803,0.030838428229634035,0.0016359256798771772
LKA,2004,0.041215561746929814,0.021109210259116225,0.020106351487813586,0.040976386463557626,0.002446999105124355
LKA,2005,0.03786220644653057,0.022454661314541276,0.015407545131989303,0.0374975585720744,0.0033957766677755585
LKA,2006,0.04094687045661617,0.018436776001168685,0.02251009445544748,0.040450536952010924,0.004142976075210824
LKA,2007,0.03515466643925365,0.015617991247808966,0.01953667519144469,0.03457560622392801,0.004362869784702514
LKA,2008,0.011441957535116617,0.00023211944781629818,0.01120983808730032,0.011005153195063084,0.0046329346603400075
LKA,2009,-0.022863618082124004,-0.024337452305167068,0.0014738342230430639,-0.023302050378984536,0.0049534873144864945
LKA,2010,0.035375263602348196,0.016354808552902597,0.019020455049445606,0.034730113180185034,0.006410252593648434
LKA,2011,0.02676221167193149,0.010798986719080444,0.015963224952851046,0.026069343710176787,0.007577776330890837
LKA,2012,0.017962449809178778,0.00606941013375402,0.011893039675424759,0.017270942437568243,0.009027347143842101
LKA,2013,0.016892341339086958,0.006648701621855091,0.010243639717231865,0.01613938914511916,0.010107649344344863
LKA,2014,0.02637354087389491,0.0143928253277913,0.011980715546103611,0.025549462440307532,0.011376464755941113
LKA,2015,0.025888354365943292,0.013931598574700358,0.011956755791242932,0.02499270135838822,0.01326057537153419
LKA,2016,0.02596430709847441,0.010783432281274742,0.015180874817199663,0.02534662553389374,0.009360393247755129
LKA,2017,0.030274628884273087,0.016264886848685486,0.014009742035587606,0.029480355045538864,0.011855164352002361
LKA,2018,0.02772561935108939,0.014387306946938192,0.013338312404151195,0.026848349688254773,0.013460497477205388
LKA,2019,0.021264909158728983,0.011990248247949984,0.009274660910779001,0.020102066116456638,0.020111582019662334
LKA,2020,-0.049809999694557475,-0.030296103782737758,-0.019513895911819727,-0.0502573371931123,0.02012935900491794
LKA,2021,0.06572206998793204,0.03869887519172209,0.027023194796209953,0.06403939912420172,0.02071605725169467
LKA,2022,0.03672185935292799,0.019874368076146738,0.01684749127678125,0.03601397034745234,0.02152432107608174
LKA,2023,0.024730234898453586,0.01036456491076575,0.014365669987687837,0.023696275591537162,0.021605626240394405
LSO,2001,0.019993674522068235,0.0035843441413767607,0.016409330380691475,0.019993420436463117,3.2651674070876833e-06
LSO,2002,0.030667672660856238,0.008186205008046878,0.02248146765280936,0.030667389477382043,3.254556863593024e-06
LSO,2003,0.026956527744249364,0.010447937395855554,0.016508590348393814,0.02695632482033335,2.1697045757286825e-06
LSO,2004,0.03819925912960677,0.01901398763609459,0.019185271493512176,0.038195488898648836,3.8573182187113016e-05
LSO,2005,0.044143978490590347,0.017965344554032935,0.026178633936557397,0.044139867825677574,3.8280491887173075e-05
LSO,2006,0.040191347964919764,0.012729726974846338,0.027461620990073425,0.04018676191606226,3.828049188717307e-05
LSO,2007,0.03625686112069178,0.01000154926036183,0.026255311860329943,0.03625675645072316,7.886251400928467e-07
LSO,2008,0.011612440830814722,-3.359083619842594e-05,0.011646031667013147,0.011612440830814724,0.0
LSO,2009,-0.02162900275311497,-0.01608376785980466,-0.0055452348933103125,-0.02163172333630997,3.073764054546662e-05
LSO,2010,0.027677670712477377,0.013585605374962551,0.014092065337514828,0.027573152531867328,0.0010384987986096798
LSO,2011,0.026496569117707505,0.0085373383060502,0.017959230811657304,0.02633092600468701,0.0018116099033399623
LSO,2012,0.02330537267062454,0.008570625836423438,0.014734746834201106,0.023086375418711065,0.002858919944650803
LSO,2013,0.022192318466457157,0.006677836700991798,0.01551448176546536,0.0220531184168932,0.0018686249950260496
LSO,2014,0.01996533797263325,0.010485127503588489,0.00948021046904476,0.019885359688834887,0.0011041062231321196
LSO,2015,0.018013514011958012,0.010708195168372915,0.007305318843585098,0.018010763420663375,4.072383263516643e-05
LSO,2016,0.01109366694515872,0.007626203168764768,0.003467463776393953,0.011091523230497558,3.24860144613274e-05
LSO,2017,0.018143095682207903,0.01340325375226132,0.004739841929946581,0.01811890453617153,0.00036107196049858206
LSO,2018,0.021806793135578588,0.015217636173345874,0.006589156962232714,0.02178366796490519,0.0003548239665594847
LSO,2019,0.015678207790839463,0.013637511549885618,0.002040696240953841,0.015637635944311515,0.0007016974685950765
LSO,2020,-0.04836052163293068,-0.02288685226336583,-0.025473669369564845,-0.04838590892150893,0.0011423809709760005
LSO,2021,0.05468729147080917,0.03317892155679753,0.021508369914011633,0.05456722793502406,0.0014781518684237685
LSO,2022,0.02659369844684523,0.017912915766662794,0.008680782680182438,0.02655419656760563,0.001201107977783064
LSO,2023,0.015842256206674312,0.01205960543534493,0.0037826507713293834,0.015821877335579982,0.0004258371379995615
LTU,1993,0.0027319376230301234,-0.0013242046761737238,0.004056142299203848,0.001384922667664532,0.010361030266096789
LTU,1994,0.02506644437241961,0.024369575169825148,0.0006968692025944625,0.023750375661090124,0.010564878784702846
LTU,1995,0.011253125308897736,0.016401921707709724,-0.005148796398811987,0.010494491256929925,0.007476476673229901
LTU,1996,0.009434640725794006,0.010057642678758449,-0.0006230019529644406,0.009060087949325266,0.004066130399304452
LTU,1997,0.037552948652783365,0.011282392155378263,0.026270556497405104,0.03750744971496944,0.000496349223158587
LTU,1998,0.014687633450060855,0.011160821703222962,0.0035268117468378957,0.014662995233713174,0.0003190183391347666
LTU,1999,0.03295484027130259,0.01147056819304396,0.02148427207825863,0.03292421018725453,0.0004272459216494402
LTU,2000,0.055448137214889046,0.017726098277035026,0.037722038937854016,0.05540564178735895,0.0005035755506028571
LTU,2001,0.033099045852363985,0.009530879200966309,0.023568166651397673,0.03306888913995824,0.00038753362043935925
LTU,2002,0.02812226106033011,0.005650629651346893,0.022471631408983218,0.028089310807069372,0.00037868902206509447
LTU,2003,0.03545619173242645,0.007143635364973337,0.02831255636745312,0.03541268142917404,0.0004652211819659841
LTU,2004,0.0449991218359789,0.013964009327308862,0.031035112508670044,0.04492767591473108,0.0007309622586968829
LTU,2005,0.04421206655453523,0.013731078683160503,0.03048098787137473,0.04410391236628518,0.001007183901810596
LTU,2006,0.05691512715745593,0.019724488623862713,0.037190638533593216,0.0567697382596227,0.0012135846557517049
LTU,2007,0.05258693803888964,0.01480689314266961,0.03778004489622002,0.052420823994500224,0.0012515692252725987
LTU,2008,0.01132415309938139,0.0012361908690859155,0.010087962230295478,0.011207015115466505,0.0012424158277711326
LTU,2009,-0.06356469784387524,-0.01931587443030951,-0.04424882341356573,-0.06367518486483234,0.0012483023277377904
LTU,2010,0.02587449098212516,0.010975635826808133,0.014898855155317026,0.02573112484902121,0.0014244943427139372
LTU,2011,0.034948829118975934,0.009327608775993876,0.02562122034298206,0.03480163058369286,0.0016098847661898614
LTU,2012,0.021984062925052957,0.0009655070966602708,0.02101855582839269,0.021817476942067707,0.002174712171474899
LTU,2013,0.013815662125781175,0.002912394140472919,0.010903267985308255,0.013627333702520065,0.002528125529279045
LTU,2014,0.018428722755555686,0.007539771342236259,0.010888951413319428,0.01820129632412283,0.0031396389910390583
LTU,2015,0.00981232726734639,0.007874557938438132,0.0019377693289082596,0.00957066498924047,0.0035779267486947923
LTU,2016,0.017633065601421298,0.0074959768418491595,0.010137088759572139,0.01736259440779265,0.004098740969017945
LTU,2017,0.030959587499276436,0.010788909047408576,0.02017067845186786,0.03064364111967055,0.00471574924665397
LTU,2018,0.029692021703518118,0.007573347300027983,0.02211867440349014,0.029328225239279672,0.005581956833290201
LTU,2019,0.02234612778374742,0.007413012895923907,0.014933114887823517,0.021980287101857884,0.006327281165627373
LTU,2020,-0.03637417252662309,-0.01982159574467491,-0.01655257678194818,-0.03654367568823651,0.00762732836752536
LTU,2021,0.058264057641531516,0.024553783308464843,0.03371027433306667,0.057532197746590776,0.00901022999245402
LTU,2022,0.009940335133080225,0.013605402849608346,-0.003665067716528121,0.009644655240896258,0.008990546379276848
LTU,2023,0.014495033885295482,0.0032700306328533775,0.011225003252442106,0.014178544787859383,0.006613360025509089
LVA,1993,-0.04829384132133092,-0.0021730233032595443,-0.04612081801807137,-0.048668815885793346,0.002884246233448234
LVA,1994,-0.055497714356934826,0.013379221797639878,-0.0688769361545747,-0.056341660720125204,0.0067748674147037405
LVA,1995,-0.009876904728588062,0.012051178264658161,-0.021928082993246223,-0.010501001114820215,0.0061505834880580335
LVA,1996,0.0027428543868148296,0.009201940271241158,-0.006459085884426333,0.0022566337719925793,0.005278392116957756
LVA,1997,0.034262155924582184,0.01603148663001783,0.018230669294564354,0.03407912347736673,0.001996706238720101
LVA,1998,0.013883136012411132,0.015329694331475352,-0.00144655831906422,0.013824173842507977,0.0007634486705064235
LVA,1999,0.030326577505807993,0.016321614923936696,0.014004962581871297,0.030278261842994432,0.0006739344840351496
LVA,2000,0.051248587035534206,0.024536508611322286,0.026712078424211916,0.05121272948976463,0.000424915912221108
LVA,2001,0.029360774745752136,0.01281222827267867,0.01654854647307347,0.02935605432526451,6.0660512888687194e-05
LVA,2002,0.024256232290245296,0.008273890445899827,0.01598234184434547,0.024227102441079985,0.0003347820730245496
LVA,2003,0.031989871820545156,0.009434669379806854,0.022555202440738303,0.03192018129949814,0.0007451454977279939
LVA,2004,0.037815743698542,0.016569627565914333,0.021246116132627668,0.03755698521802231,0.002647354531570555
LVA,2005,0.038525064658563264,0.015727441734029665,0.0227976229245336,0.03817138191778292,0.003293664060781918
LVA,2006,0.05072893354349081,0.02171292769366627,0.02901600584982453,0.05030599583547559,0.003530329484819231
LVA,2007,0.05255774643560054,0.01635085114233578,0.03620689529326475,0.05220472261355773,0.0026598217693208637
LVA,2008,0.010578583343502042,0.00014849184787024976,0.010430091495631792,0.010327960401147307,0.0026582146966977267
LVA,2009,-0.07674371969697695,-0.020914814979035672,-0.055828904717941275,-0.07700253307847243,0.0029241203516195548
LVA,2010,0.02835811503250968,0.01112742852854311,0.017230686503966572,0.028070203760412023,0.0028607033573913704
LVA,2011,0.04036504104173656,0.00839328191304051,0.03197175912869605,0.04006585630397009,0.0032721314154415732
LVA,2012,0.024273874036935227,0.0006033214060114137,0.023670552630923814,0.02396758707249104,0.003998451596013595
LVA,2013,0.01808865043209605,0.0022963719182206655,0.015792278513875387,0.01775225410568851,0.00451579281565734
LVA,2014,0.0232736630735968,0.006079352822350329,0.01719431025124647,0.022850093933665175,0.0058474038340738665
LVA,2015,0.016695701056059047,0.007199710885863152,0.009495990170195897,0.016193517777911674,0.007435065984287409
LVA,2016,0.02193683312181187,0.006994808944830375,0.014942024176981492,0.02132652539054293,0.009248649618838513
LVA,2017,0.03548363427522094,0.00932366495121718,0.026159969324003766,0.03479582261610468,0.010266132238525292
LVA,2018,0.03141748352150481,0.006214073117205475,0.02520341040429933,0.030699690331812576,0.011013550141228304
LVA,2019,0.028138091940260623,0.006612884656687409,0.02152520728357321,0.0274591869106713,0.011741786027687473
LVA,2020,-0.030299488887521486,-0.018596325574798036,-0.011703163312723454,-0.030565281063482476,0.011960155694305948
LVA,2021,0.05981898774904028,0.022728294706313525,0.037090693042726754,0.058856855219922385,0.011845211673028976
LVA,2022,0.016288056096910038,0.0118496319521057,0.004438424144804343,0.01592951007507344,0.010902075939683833
LVA,2023,0.009110229777533571,0.002411336770426224,0.006698893007107346,0.008611160042297675,0.010428567251410148
MAR,1991,0.011173080451528941,0.012865033959386495,-0.0016919535078575524,0.010683717701446466,0.00546830922837888
MAR,1992,0.014010536245678433,0.008930243998838764,0.005080292246839672,0.013146008449298098,0.006468455419168406
MAR,1993,0.00435062433103384,-0.001212910217513938,0.00556353454854778,0.0034262477497985257,0.007110161395981496
MAR,1994,0.02463788402276191,0.01816290416999702,0.006474979852764885,0.02369857114560447,0.007540432047847951
MAR,1995,0.028336329844646742,0.01959391450231784,0.008742415342328896,0.02771208243693601,0.006152071832219208
MAR,1996,0.028373007077207663,0.01494799521997345,0.013425011857234213,0.027789273449197606,0.006336989602174432
MAR,1997,0.03168767618753486,0.02111074395633889,0.010576932231195966,0.0312022880469581,0.005295113206619268
MAR,1998,0.030025019897575708,0.022056302120791446,0.007968717776784259,0.02945819147521718,0.007339356848055022
MAR,1999,0.0323827366957461,0.02278359392695878,0.009599142768787327,0.0317340568385546,0.009048157458737964
MAR,2000,0.042272348167798936,0.03212477151072787,0.010147576657071066,0.041425723633074396,0.010032595058039065
MAR,2001,0.021510947289479904,0.01679069650609901,0.004720250783380896,0.020860347840899726,0.008360631502925429
MAR,2002,0.016524972891181284,0.011268796929649204,0.0052561759615320745,0.01604784350295953,0.00548352876059667
MAR,2003,0.021209742917697373,0.012749631518334827,0.008460111399362544,0.020795864715110322,0.004425271538111347
MAR,2004,0.032301784021104486,0.02052950021036653,0.011772283810737957,0.031774196016164484,0.005397745777742248
MAR,2005,0.02977278370733059,0.01949037758815273,0.010282406119177852,0.0291864463179634,0.005460256224520635
MAR,2006,0.03629199337286409,0.024919762523321756,0.01137223084954234,0.03550058943875166,0.00660597669597849
MAR,2007,0.03435551716225311,0.021933296298200487,0.012422220864052619,0.03343019811662252,0.006971721417816903
MAR,2008,0.011744050539195541,0.0027961054668409475,0.008947945072354593,0.011001907647495656,0.007871486637380895
MAR,2009,-0.02214502938003553,-0.025745632085704174,0.003600602705668643,-0.02278253474343411,0.00720265079266384
MAR,2010,0.02677435954158372,0.01037031982843672,0.016404039713147,0.025975927388911968,0.007933268896198487
MAR,2011,0.019947194803805676,0.008188726503315678,0.011758468300489997,0.019009533137024977,0.010255042485901415
MAR,2012,0.008030930258406257,-0.005368755306896471,0.01339968556530273,0.006983675563831791,0.013671483579305456
MAR,2013,0.013620166840034902,0.000666956095206535,0.012953210744828365,0.012542204900160213,0.014470588414633268
MAR,2014,0.022017957443110345,0.009866782383324836,0.012151175059785512,0.020943284818550345,0.014835936409911155
MAR,2015,0.02473083077299122,0.0154472420115246,0.009283588761466618,0.023811281510653107,0.013614370965335588
MAR,2016,0.021043003226477668,0.012065174699804383,0.008977828526673285,0.020202098011799452,0.01274314136090434
MAR,2017,0.031924130571821835,0.017613849196168103,0.014310281375653718,0.031201156980091384,0.01079095185330636
MAR,2018,0.025674186309208456,0.013636385024585357,0.012037801284623097,0.02494566011343899,0.011178233370736831
MAR,2019,0.021102565617619987,0.013202230910313055,0.007900334707306932,0.02048251812435441,0.010723834226610999
MAR,2020,-0.06803506409004352,-0.059054830824707805,-0.008980233265335705,-0.0682709656081487,0.010615131445686973
MAR,2021,0.0643418156280737,0.045708941441382184,0.01863287418669152,0.06356214510383762,0.009598846432585764
MAR,2022,0.041708577143421306,0.029027336781752924,0.01268124036166839,0.04138668023366291,0.009787710199543182
MAR,2023,0.023451602745699143,0.01039029334053838,0.013061309405160757,0.023008285622544554,0.009263559991939896
MDA,1993,-0.06818847844795933,-0.0001200527676955471,-0.06806842568026379,-0.06818847844795935,0.0
MDA,1994,-0.09911289133952902,0.001654419825618459,-0.1007673111651475,-0.09911289133952902,0.0
MDA,1995,-0.029363560215280155,0.0015640458078598765,-0.030927606023140028,-0.02938154690680198,0.00017726211899227315
MDA,1996,-0.01391242736558271,0.001607842356122508,-0.015520269721705218,-0.013945311962654883,0.00035699390906853296
MDA,1997,0.006782166610573823,0.0030784670992903343,0.003703699511283488,0.006730074872628838,0.0005682702696865862
MDA,1998,-0.01912373634820972,0.004521291450076116,-0.023645027798285836,-0.01915389664719748,0.00039051887340821263
MDA,1999,0.039379553510208644,0.005179923489359627,0.03419963002084901,0.039364433878822755,0.0002108972615395274
MDA,2000,0.07003557066352825,0.007731920148274293,0.06230365051525395,0.07003362145210588,2.3098372514577346e-05
MDA,2001,0.04450547744814122,0.004123974804770364,0.040381502643370856,0.04444834554467897,0.0007341825956830896
MDA,2002,0.038800688446581695,0.0022659687363657185,0.03653471971021597,0.03873606090830632,0.0007427481383621279
MDA,2003,0.049921168113228984,0.002264026593457589,0.04765714151977139,0.04978968038461871,0.0014058940514210128
MDA,2004,0.06293236747180493,0.005351506618997796,0.05758086085280715,0.06286154153109236,0.0007246192461850281
MDA,2005,0.047882931547215034,0.005560280396840575,0.042322651150374466,0.04780321804292209,0.0007423305521478315
MDA,2006,0.0632320873291222,0.007941575406226094,0.05529051192289609,0.06320234287880824,0.0002482817397527566
MDA,2007,0.06204032284221823,0.006372930790462875,0.05566739205175537,0.061995818263785474,0.0003353151803323496
MDA,2008,0.03995657179889217,-6.751720723957268e-05,0.04002408900613174,0.03990409459203892,0.0005565958215489843
MDA,2009,-0.057541198570857564,-0.012973239889782074,-0.04456795868107549,-0.0576151895954116,0.000835963965562618
MDA,2010,0.02283063822783634,0.005879588545010223,0.016951049682826118,0.02273405440353478,0.0009596625669989534
MDA,2011,0.0378636209766399,0.0036988583729739236,0.03416476260366597,0.037752828313505224,0.0012117200775340884
MDA,2012,0.016522810036815036,-0.0028232479488633556,0.01934605798567839,0.016420737458433813,0.0013325159452288124
MDA,2013,0.010853982108072117,-0.0004299090503523041,0.01128389115842442,0.010676949624287823,0.002376488551312443
MDA,2014,0.015725480999202443,0.0037755362080548692,0.01194994479114757,0.015523352136161427,0.0027904041567188157
MDA,2015,0.004868921750146771,0.004135269947086744,0.0007336518030600255,0.00463998110650158,0.0033895768060355244
MDA,2016,0.017296265280056813,0.005325488043371261,0.011970777236685548,0.017060332526416623,0.0035753428315400244
MDA,2017,0.03948752161796049,0.007464384538707015,0.03202313707925348,0.03914799531228652,0.005067698266390911
MDA,2018,0.033707880297869475,0.004819397330099123,0.028888482967770357,0.03328165892546104,0.006539781268050515
MDA,2019,0.02554453417173629,0.0041629630908263555,0.021381571080909934,0.02511470897124923,0.007433905058090109
MDA,2020,-0.04431117641759576,-0.024279623980673744,-0.02003155243692201,-0.044470319885126494,0.0071611613190555624
MDA,2021,0.05918986862244863,0.0205234982082897,0.03866637041415893,0.05868725740524694,0.006187854663277038
MDA,2022,0.0217813084944768,0.0113589227081593,0.010422385786317497,0.021611686100270373,0.005157597937461495
MDA,2023,0.02331863321547914,0.0021353428962200037,0.02118329031925914,0.023137575475111895,0.003783384742646614
MDG,1991,0.014780756055167777,0.010582121536869719,0.00419863451829806,0.014321714600843593,0.005129488544982933
MDG,1992,0.015476950010481093,0.014725185143326179,0.0007517648671549117,0.014855983005060518,0.004646117115210027
MDG,1993,0.013936935166703036,0.004395222543770556,0.009541712622932477,0.013517513733914863,0.003226124655897728
MDG,1994,0.03005730846071797,0.020697305522428776,0.009360002938289196,0.029869980135991236,0.001503797656339765
MDG,1995,0.028414385957013667,0.020698832576706842,0.007715553380306822,0.028352236265189765,0.0006124965257814614
MDG,1996,0.02483766416144197,0.015870892331718497,0.008966771829723472,0.024612542858929158,0.0024439081197272566
MDG,1997,0.029608960436694216,0.02206880237868971,0.007540158058004513,0.029343293433903628,0.0028981689856861347
MDG,1998,0.026220098238396536,0.02316354124918811,0.003056556989208428,0.025989703360791268,0.0029831782529061404
MDG,1999,0.030729535478015643,0.023553742397904465,0.007175793080111174,0.030154434816594713,0.008021832775400538
MDG,2000,0.046231505371235396,0.031238197137715012,0.01499330823352039,0.04516931503166989,0.012587073861365284
MDG,2001,0.017933441876847648,0.013336382553138727,0.004597059323708918,0.016824800541684785,0.014246771485029418
MDG,2002,0.01751806309349023,0.009950534814504275,0.007567528278985953,0.016672452574013594,0.009718390269555415
MDG,2003,0.020035052335544916,0.012169703171238486,0.007865349164306423,0.01925087431891112,0.008384593912244677
MDG,2004,0.032399357219758416,0.021948755028074567,0.010450602191683847,0.03155559232450427,0.008632547287126239
MDG,2005,0.029082150993510657,0.022248395543634614,0.006833755449876041,0.02801678507520312,0.009921200647137805
MDG,2006,0.03443407815159664,0.02385569698776789,0.010578381163828745,0.0319818173215242,0.020469417951639816
MDG,2007,0.031296794447323584,0.01972300668874007,0.011573787758583517,0.027817703715165506,0.026212852190225244
MDG,2008,0.009211361237279756,0.0017061095506300198,0.007505251686649738,0.006339737908445283,0.03045767184906566
MDG,2009,-0.023231468246627137,-0.027338401644406138,0.004106933397779004,-0.025720497574564346,0.02812150311372647
MDG,2010,0.029846505434717473,0.017650529778172313,0.01219597565654516,0.026008894763399917,0.038130725663548505
MDG,2011,0.028547813488066547,0.016279737405890747,0.012268076082175802,0.024115116173154153,0.048479639193994575
MDG,2012,0.017684011896717134,0.0025951682326228955,0.015088843664094239,0.01321125289420302,0.058390047400942204
MDG,2013,0.023708191770670024,0.005205089033210462,0.018503102737459563,0.01850380612128951,0.06986380492428533
MDG,2014,0.026128736956239698,0.009990254503205072,0.016138482453034626,0.02061736629984797,0.07608488643055873
MDG,2015,0.024823056219463607,0.01023609668353151,0.0145869595359321,0.020114053009919374,0.06971906693577233
MDG,2016,0.02312814099385789,0.009380981497006328,0.013747159496851562,0.018988341851418702,0.06273482998680228
MDG,2017,0.03021681580988326,0.01625188556413308,0.01396493024575018,0.026190503395495272,0.06009589272277265
MDG,2018,0.027362119548359928,0.013018521919509658,0.01434359762885027,0.02307821329075127,0.06573065479866769
MDG,2019,0.022689576875380632,0.011921837421282874,0.010767739454097758,0.019113694821964337,0.061845530820209355
MDG,2020,-0.04438559527619941,-0.03422125315945389,-0.01016434211674553,-0.04576374090565816,0.06201400112008182
MDG,2021,0.059089106290247585,0.03859261771641187,0.020496488573835712,0.05415048495001966,0.06080141080103662
MDG,2022,0.031675920959983284,0.01870691906693267,0.01296900189305061,0.028821082147931887,0.08680522897762137
MDG,2023,0.024095621714805997,0.0108682668633237,0.013227354851482298,0.01873895042476178,0.11193306836272027
MEX,1991,0.007321223742252897,0.003566013348622424,0.003755210393630474,0.007097246308065313,0.0025028015927043164
MEX,1992,0.029890209202913867,0.026566259306979232,0.0033239498959346386,0.029722985683636065,0.0012511776764307242
MEX,1993,0.02613299478168877,0.02304764700769779,0.0030853477739909733,0.026024496215175108,0.0008345541576938758
MEX,1994,0.037147054569217554,0.03404005949015874,0.0031069950790588185,0.03711090642778014,0.0002901829739519044
MEX,1995,0.028398637265390658,0.025584201875452288,0.002814435389938373,0.028345618425106252,0.00052251032180784
MEX,1996,0.03456660688775155,0.03195726669960932,0.0026093401881422318,0.03450402033988654,0.0006794371336951144
MEX,1997,0.04247457048923581,0.03896430303294642,0.0035102674562893866,0.04242646158214308,0.0005248214531982585
MEX,1998,0.045158328910035704,0.043913323635806294,0.0012450052742294022,0.04512490255885188,0.00043280807699384616
MEX,1999,0.043318596479502404,0.042620758041291326,0.0006978384382110825,0.04327704011414594,0.0005796519392264142
MEX,2000,0.037742820582189994,0.03539527545465104,0.002347545127538946,0.03767904863613304,0.0007557046655406228
MEX,2001,0.008558577794862823,0.007706418130649399,0.0008521596642134235,0.0084786545246981,0.0010270666718427976
MEX,2002,0.02096602595460004,0.02019724557277865,0.000768780381821393,0.020851221487035027,0.001319419040784757
MEX,2003,0.027090111861905616,0.025828206003704394,0.0012619058582012184,0.026868444675760415,0.0023701115053897078
MEX,2004,0.03495032196010034,0.031625193990625196,0.0033251279694751414,0.034565278832730986,0.003939371053826217
MEX,2005,0.03934675629238814,0.03616804790825626,0.0031787083841318857,0.03879954600211789,0.005095885829137667
MEX,2006,0.02809710289063486,0.02405265845233656,0.004044444438298296,0.02743774973312072,0.005503727496430994
MEX,2007,0.0225866477383615,0.01786731494077439,0.004719332797587106,0.021819768431642232,0.0057779734598370535
MEX,2008,0.003919294379173986,0.00045414185885668274,0.003465152520317303,0.003320070385690319,0.006355627346508505
MEX,2009,-0.0241752545498987,-0.023827754300043427,-0.00034750024985527096,-0.024788689591444417,0.0069306999468718876
MEX,2010,0.02753758016341931,0.022481516212832887,0.0050560639505864225,0.026743798564278585,0.00788706072239893
MEX,2011,0.02209303170530708,0.01659437947590287,0.005498652229404213,0.021156963904584002,0.010237610650179894
MEX,2012,0.02384419129164223,0.01943647721810341,0.004407714073538821,0.022803016202806586,0.013592116802094928
MEX,2013,0.01968453335221265,0.014718702240841033,0.004965831111371615,0.018527412993076763,0.015533213042006425
MEX,2014,0.028330959968925006,0.02428266903378781,0.0040482909351371955,0.027133256987258214,0.016534379743081935
MEX,2015,0.026903843996437787,0.023616454606327466,0.0032873893901103186,0.025833352131985367,0.01584914909395047
MEX,2016,0.016633080654258628,0.014530533163661619,0.0021025474905970094,0.0156452357418434,0.01496987667792564
MEX,2017,0.026889512196948417,0.023797940391862143,0.0030915718050862745,0.02594368955491675,0.01411714993282375
MEX,2018,0.029614267306933555,0.026816860243837178,0.00279740706309638,0.028664334284299663,0.014575416883061852
MEX,2019,0.023568065055430444,0.021557570462757657,0.0020104945926727935,0.02265414025709586,0.01580649569488899
MEX,2020,-0.030920604155788227,-0.02581657724672743,-0.005104026909060793,-0.03127922522962902,0.01613728418787081
MEX,2021,0.060550434814505956,0.05262086758173933,0.007929567232766626,0.059171232002960955,0.016979936493536102
MEX,2022,0.026386153904273017,0.022238369204646315,0.0041477846996266984,0.025803267955124748,0.017723434356455223
MEX,2023,0.03016215964912597,0.02703995453671505,0.003122205112410921,0.029258764820328922,0.018877349319195148
MKD,1994,0.00992588749685693,0.012424794229275742,-0.00249890673241881,0.009171664503098831,0.006054603712628763
MKD,1995,0.0287949418103429,0.01017629668890564,0.018618645121437263,0.028489120496367322,0.003013924716645805
MKD,1996,0.026896344643243864,0.0066548713701411796,0.020241473273102686,0.026711296131969323,0.002008879453873809
MKD,1997,-0.005229827590023529,0.013049990936832874,-0.018279818526856402,-0.005289647732214792,0.0006525796542173604
MKD,1998,0.027072819701090014,0.016642692757021835,0.010430126944068181,0.027014281742275815,0.0007579559386004521
MKD,1999,0.02674717477458173,0.019581851877469192,0.00716532289711254,0.0266870318160456,0.0008389083657158279
MKD,2000,0.040187194242658604,0.026909370910593033,0.01327782333206557,0.040168040453149895,0.00022697453958183176
MKD,2001,0.022227818645396913,0.014670619687235181,0.007557198958161737,0.022199620391411927,0.0003623661395792077
MKD,2002,0.019436813591865262,0.009252631022399172,0.010184182569466092,0.019393893323667533,0.0004932719109002074
MKD,2003,0.02028477375669829,0.010650398196477399,0.009634375560220891,0.020246824585455767,0.0004057604057056503
MKD,2004,0.030326484173359838,0.01821703700423329,0.012109447169126555,0.029868661451945597,0.0046839781009600885
MKD,2005,0.025526139112169957,0.012965513133381432,0.012560625978788528,0.02500671255455422,0.004837150326476119
MKD,2006,0.044870138440328486,0.0296175027548213,0.015252635685507197,0.04403087314873153,0.007005483191400712
MKD,2007,0.03697919732978186,0.020477585444149182,0.016501611885632678,0.03660542479815718,0.0028161507929880336
MKD,2008,0.016060128776544145,0.0012400427038977652,0.014820086072646378,0.015821387547204045,0.002532192139222725
MKD,2009,-0.0424205365710687,-0.026471886732159073,-0.015948649838909625,-0.04246104188664785,0.00045763637470893666
MKD,2010,0.011240715268225803,0.002701090032233599,0.008539625235992204,0.011176021284397965,0.0006428032337564825
MKD,2011,0.005882294356751977,-0.0023431706190677826,0.00822546497581976,0.004893346261368514,0.010815953231114341
MKD,2012,-0.006458764342848939,-0.008855378963971698,0.0023966146211227553,-0.008003736736538432,0.020168985462880852
MKD,2013,0.0054431223201929484,-0.0008642226120594676,0.006307344932252415,0.002992008556931009,0.03290381331063474
MKD,2014,0.013065376582241679,0.009332852786810751,0.003732523795430926,0.010780812027706439,0.03153858550114166
MKD,2015,0.01890740988698659,0.008032618082137016,0.01087479180484957,0.016977351311060117,0.028575449422554702
MKD,2016,0.023972485911663243,0.012479235867547676,0.011493250044115565,0.02221365409240344,0.026653470702356175
MKD,2017,0.03019742440106133,0.01804993757440366,0.012147486826657674,0.028775596934584487,0.02122189788113402
MKD,2018,0.021460162966482007,0.009312949679236184,0.012147213287245821,0.02025447488308718,0.01849962684494677
MKD,2019,0.019682494765233444,0.008900794519527862,0.010781700245705586,0.019075170572083168,0.010503782435846867
MKD,2020,-0.047036322591704594,-0.03790911948221895,-0.009127203109485647,-0.047373182309317925,0.015158063457769514
MKD,2021,0.05354151946582052,0.03161119737690191,0.021930322088918604,0.0519228871121557,0.019927652656698932
MKD,2022,0.026886455536755123,0.01582602702894841,0.011060428507806714,0.026083218841847895,0.02442349632151285
MKD,2023,0.01011388951271142,0.00197558926654086,0.008138300246170559,0.009221110624768412,0.01865551849012058
MLI,1991,0.016426426700855836,0.006048497684225375,0.010377929016630464,0.010537287946929165,0.06580728057023831
MLI,1992,0.009728955412877523,0.004725737990968359,0.005003217421909161,-0.005262798099539307,0.11216931330171787
MLI,1993,0.042374039061862157,0.0019532942951068747,0.04042074476675528,0.022854008700976806,0.15014504817384863
MLI,1994,0.05551221479561139,0.012064477024959617,0.04344773777065178,0.040739535359634815,0.11858922427287447
MLI,1995,0.05793058773277307,0.020317682209849284,0.03761290552292379,0.050040647910945354,0.07775679311793587
MLI,1996,0.047442603789311345,0.013220959958104087,0.03422164383120725,0.04110115238946282,0.06884255018941972
MLI,1997,0.03274280464245968,0.015986949129372024,0.016755855513087656,0.02506181035766182,0.08379218789538749
MLI,1998,0.004598047386409886,0.010211129610266838,-0.005613082223856952,-0.0027091616002701624,0.09461454683836988
MLI,1999,0.04038478837101961,0.010289461607850162,0.030095326763169446,0.03682076488624639,0.04971303690003093
MLI,2000,0.04956869603237955,0.016678420821160098,0.032890275211219455,0.04649451034821095,0.03642944284920739
MLI,2001,0.019623372112988244,0.0064073786414102114,0.01321599347157803,0.019097893827093888,0.006752742137638285
MLI,2002,0.02043463011663423,0.0029156827311204447,0.01751894738551378,0.020281438323166475,0.0017605949792751125
MLI,2003,0.0099380770356531,0.0014644970822859826,0.008473579953367118,0.009858323067017883,0.0008527459654718559
MLI,2004,0.03279978552146724,0.016188242091350964,0.016611543430116275,0.03232056259173353,0.004902923344251485
MLI,2005,0.03689125431472131,0.015510950655153625,0.02138030365956768,0.03467400299631809,0.02064811238748402
MLI,2006,0.048926768725501876,0.017410135810845426,0.03151663291465645,0.04422689403100312,0.03923061456688054
MLI,2007,0.051147356960650474,0.008157832949184589,0.0429895240114659,0.04373858978141504,0.05582059622245753
MLI,2008,0.03402231718044531,0.0032116220652284584,0.03081069511521685,0.0295533579074198,0.04739970374174927
MLI,2009,-0.005072346859422413,-0.003034156090381386,-0.002038190769041026,-0.008451391669749208,0.03817705885923717
MLI,2010,0.036537103188558934,0.002594881067334775,0.03394222212122416,0.03413319041459502,0.02388541891135805
MLI,2011,0.029676848496760506,0.0025544112636530715,0.027122437233107432,0.027547620313869113,0.023286998126624717
MLI,2012,0.027913011740213357,0.0008191738304845793,0.02709383790972878,0.02597839587759928,0.025255622280823856
MLI,2013,0.03212055603577944,0.002603632299292853,0.029516923736486587,0.029873782650190944,0.030160742899311255
MLI,2014,0.03321315894311517,0.003822499735514706,0.02939065920760047,0.030990128045140845,0.030689108744272744
MLI,2015,0.038669964611792895,0.0029795783097957304,0.03569038630199716,0.03713348002581255,0.022748396407679176
MLI,2016,0.03829382689821475,0.004054009442736369,0.03423981745547838,0.03723980307420974,0.015972756920286837
MLI,2017,0.029201204857816063,0.0033190781421543773,0.025882126715661688,0.028391327868088324,0.012088053703780579
MLI,2018,0.032127840267062675,0.006044907728797494,0.02608293253826518,0.03140033262411697,0.011162605077299229
MLI,2019,0.02009304856871039,0.0032537312410649125,0.01683931732764548,0.0195492401977718,0.009405264732666278
MLI,2020,-0.03144892826313472,-0.008555039348297485,-0.022893888914837235,-0.0316479139068257,0.008953985462029032
MLI,2021,0.054183769044987666,0.02254769389277571,0.03163607515221195,0.05335998905575035,0.010141896307640319
MLI,2022,0.0331960760623011,0.01692003497176097,0.01627604109054013,0.03275127830928371,0.013524676292200485
MLI,2023,0.019118065560566583,0.006412305426095207,0.012705760134471375,0.018538917772969725,0.012101879206528972
MMR,1991,0.05085153718782831,0.004092968998548425,0.04675856818927989,0.04215060805086779,0.09722720228928948
MMR,1992,0.055754012437438126,0.0031986221619067314,0.0525553902755314,0.035062898445282806,0.15481231371802845
MMR,1993,0.06482178997578464,0.0018975366809320523,0.0629242532948526,0.04281588127762705,0.1692660390639027
MMR,1994,0.0702171498903753,0.005787583129535035,0.06442956676084026,0.04507296327111182,0.2018475794505538
MMR,1995,0.060364397269528094,0.006415685554470647,0.05394871171505744,0.041754487376114424,0.1834040494861957
MMR,1996,0.06178377602536464,0.00709329195554778,0.05469048406981686,0.047052146713807974,0.15992599584962372
MMR,1997,0.05145072163369273,0.007569099355041513,0.043881622278651215,0.039064678101186495,0.135119705662367
MMR,1998,0.00865494613555038,0.007287595775043424,0.001367350360506953,0.0005052385693623664,0.1055233112458777
MMR,1999,0.048251036854358234,0.0106685931140654,0.037582443740292834,0.042349432516956505,0.08231895088460742
MMR,2000,0.05221641245254098,0.015477603584468695,0.03673880886807228,0.04652132701121307,0.06748739696324385
MMR,2001,0.020122366802592197,0.004165128789239664,0.015957238013352533,0.01610184613570531,0.05166633912631539
MMR,2002,0.03229165990707397,0.00303032581484995,0.02926133409222402,0.028949735206406216,0.03840790499231004
MMR,2003,0.046839981208746294,0.0017061662715630436,0.04513381493718325,0.045061019931580265,0.019021022750260106
MMR,2004,0.07023568291247441,0.002468635063265428,0.06776704784920898,0.06834583527512424,0.019335005742298877
MMR,2005,0.057762912706490796,0.0022364800781796567,0.05552643262831114,0.05557218919603335,0.02040107266072336
MMR,2006,0.061468404859654685,0.002117979627222715,0.05935042523243196,0.05870007037816696,0.0231077358642287
MMR,2007,0.057717298646246126,0.0018239878471386695,0.055893310799107455,0.05472048610384078,0.02257917664801944
MMR,2008,0.022411758011385063,-0.00036226497314241214,0.02277402298452748,0.02012716883077742,0.02423133524309252
MMR,2009,0.0023289737216892364,-0.003013790177258592,0.00534276389894783,2.2737295604988847e-05,0.02605627587798103
MMR,2010,0.07227834839565478,0.0017161407383756663,0.07056220765727912,0.06962283133432108,0.026385373930030213
MMR,2011,0.030109021085891134,0.00019083205481528227,0.02991818903107585,0.02748789357476772,0.028666815483481184
MMR,2012,0.054961329602742526,0.0005106945005457427,0.05445063510219679,0.04881399557515726,0.08025094244030793
MMR,2013,0.04031851448298458,0.0005851771637575163,0.03973333731922707,0.031072593909075623,0.124117472231886
MMR,2014,0.03797209397586651,0.0005700978236362017,0.03740199615223031,0.02332930705489665,0.20214477475159628
MMR,2015,0.04598087687860074,0.0013153697549402475,0.044665507123660506,0.02771759835854819,0.270396659536241
MMR,2016,0.04735071074925673,0.0009010118496772425,0.04644969889957949,0.02418643093415286,0.3510332520893809
MMR,2017,0.05131212875652995,0.0018497235941895044,0.049462405162340455,0.024451324305311245,0.40091872080750585
MMR,2018,0.04789931573779853,0.0018490691953032936,0.04605024654249524,0.02181356929695709,0.40024993343940696
MMR,2019,0.035406323220333394,0.0019516167495205823,0.033454706470812806,0.01343485504219371,0.38000054030814373
MMR,2020,-0.025704138370468557,-0.013916617094415844,-0.011787521276052718,-0.033416535767690825,0.34704360018737423
MMR,2021,0.05709399774050296,0.014786374890530397,0.04230762284997257,0.03051169902253969,0.3272656786260439
MMR,2022,0.034530325402664444,0.008467123009105716,0.026063202393558717,0.024184931690173432,0.31456566524368035
MMR,2023,0.029675255389335024,0.0036720429221463844,0.02600321246718864,0.016244832698570532,0.2806422757318682
MNG,1991,-0.008938400966169555,0.007623636945397097,-0.01656203791156665,-0.019105112099987068,0.11360635909853538
MNG,1992,0.021860102263941462,0.004422785937589514,0.017437316326351943,-0.00384886441011983,0.19235622671742506
MNG,1993,0.00745287442301007,0.00029005401781825857,0.007162820405191814,-0.018986522808198333,0.20336774572451302
MNG,1994,-0.011466230880074126,0.005084127395444843,-0.016550358275518953,-0.04465254434681966,0.2664065911369743
MNG,1995,0.004825945346559838,0.004146892086460894,0.0006790532600989413,-0.01907424148106417,0.23554069164054492
MNG,1996,0.021125892806937774,0.005735626446759373,0.015390266360178392,-6.609296493505397e-06,0.22941362236383875
MNG,1997,0.03718105434591257,0.009619972881063721,0.02756108146484885,0.019955203761394993,0.187917300198037
MNG,1998,0.013111161039361604,0.011570023543878904,0.0015411374954827015,-0.001873489604971629,0.19402290708111017
MNG,1999,0.04634871559806943,0.009680670394733623,0.0366680452033358,0.029380604660570176,0.23668091098827093
MNG,2000,0.06601520222752102,0.015978482356804144,0.050036719870716895,0.03538372198867985,0.36298645345142055
MNG,2001,0.04788014483970207,0.004615600706195636,0.04326454413350642,0.012543796783050603,0.45409535068852686
MNG,2002,0.05676173087265163,0.006566089188326725,0.05019564168432491,0.014158308604798227,0.48963047985013786
MNG,2003,0.06245360697471556,0.009128867292581694,0.05332473968213386,0.0170814692600545,0.48512830199055634
MNG,2004,0.06844620578621584,0.011652482326626827,0.056793723459589,0.02223050193854076,0.47283224404910684
MNG,2005,0.07323361656653778,0.012003495772116317,0.06123012079442147,0.019660721407593357,0.49889660724676593
MNG,2006,0.07516200552293936,0.010242073924763676,0.06491993159817569,0.018434940770381512,0.47350998855841114
MNG,2007,0.08632421174706016,0.008163950564370089,0.0781602611826901,0.013778793678240963,0.546586009769419
MNG,2008,0.06347109948522277,0.0009119709706634368,0.06255912851455935,0.004174499713244348,0.6289252352443205
MNG,2009,0.048578417446810164,-0.008981755667009941,0.0575601731138201,-0.011939771351121342,0.683745432653677
MNG,2010,0.08009472182022849,0.006504290763092941,0.07359043105713552,0.009313915801265985,0.7032822575582653
MNG,2011,0.07444214156020318,0.003798102869456143,0.07064403869074705,0.006385691681657894,0.7443215497337111
MNG,2012,0.0669273687731755,0.0012296998903360036,0.06569766888283951,0.002864096923574527,0.8363199264380319
MNG,2013,0.06869729351613008,0.0008588285663626183,0.06783846494976746,0.0017658015729558492,0.8984900450192237
MNG,2014,0.0675988757804095,0.0015169192891889033,0.0660819564912206,0.002030534321814325,0.9051758853365582
MNG,2015,0.06159258705716146,0.0013266074048490144,0.060265979652312444,0.0014234778737858124,0.8908327227552637
MNG,2016,0.05941552336953057,0.0018822271296783145,0.05753329623985226,0.0025800330480508205,0.8612893282628526
MNG,2017,0.06011394744359011,0.0033030841114619915,0.05681086333212812,0.004100170017159624,0.8360498671655369
MNG,2018,0.05686713233960506,0.00206464476769041,0.054802487571914645,0.0030051065613127537,0.8264387711336552
MNG,2019,0.05182887675399909,0.0017131975784026616,0.050115679175596436,0.002299391350417208,0.856621462978585
MNG,2020,0.011739870227577788,-0.0072801387295332275,0.019020008957111013,-0.008011907993202665,0.8887934413637776
MNG,2021,0.07839878505938104,0.007122700061986957,0.07127608499739412,0.009593868735837952,0.847085794661395
MNG,2022,0.032533086302398824,0.004564452307127017,0.02796863399527181,0.005790247792029503,0.8131521158408457
MNG,2023,0.04082790490807498,0.0011320445224282873,0.03969586038564669,0.002019507304751923,0.810940747858458
MOZ,1991,0.04214168905999596,0.00479718209299659,0.037344506966999376,0.029163674328244973,0.1450208413119108
MOZ,1992,0.02521026419141448,0.0076088255384661315,0.017601438652948352,0.015159699333114125,0.07519900574113596
MOZ,1993,0.023640430322674107,-9.202573012336403e-05,0.023732456052797467,0.017119565570903755,0.050157481017632205
MOZ,1994,0.023110279385432635,0.015503244325543095,0.007607035059889542,0.022852842392903604,0.002066602296182694
MOZ,1995,0.03423289899076982,0.020411944042272884,0.013820954948496934,0.034183067459143734,0.0004910988148071069
MOZ,1996,0.03923227217488854,0.019090967765841925,0.020141304409046608,0.03915711909836875,0.0008158588808748602
MOZ,1997,0.03209167069384736,0.019333043041246056,0.012758627652601294,0.03204059712121776,0.0005571630749338778
MOZ,1998,0.026514562847919716,0.0198324230704163,0.006682139777503415,0.02639595495437897,0.001535748070058943
MOZ,1999,0.03307251254179353,0.018536057174484845,0.014536455367308692,0.03298569447645018,0.0012109880039911898
MOZ,2000,0.03141875144618676,0.018964735797212296,0.012454015648974465,0.03129687682918099,0.0014442277894419905
MOZ,2001,0.021300594670514577,0.009079705510710656,0.012220889159803917,0.021039167210225376,0.003359515082580477
MOZ,2002,0.00690597347407975,0.007950743060212734,-0.0010447695861329868,0.006557597076627101,0.004003802830222646
MOZ,2003,-0.003170162727652786,0.007177316269961869,-0.010347478997614656,-0.0038643479745515113,0.007422372562932042
MOZ,2004,0.03095360281365745,0.02185322079489355,0.0091003820187639,0.03034967543847116,0.00617877284728154
MOZ,2005,0.02723702263739535,0.015762894345727863,0.011474128291667489,0.0260460749388462,0.011090678680920896
MOZ,2006,0.03704101539380421,0.022968476357127867,0.014072539036676346,0.035345930988166255,0.01414914381733418
MOZ,2007,0.041313533999557825,0.02679820338204428,0.01451533061751354,0.03902867572321913,0.01721503027204103
MOZ,2008,0.017333543196802005,0.014010871406906112,0.0033226717898958897,0.0156830704872677,0.017505623275193737
MOZ,2009,-0.022739813234074483,-0.027870615016205233,0.00513080178213075,-0.02428457465847512,0.017452993710704506
MOZ,2010,0.028484889201435055,0.00929116557473324,0.01919372362670181,0.025978844512487338,0.02490020763415546
MOZ,2011,0.02824157679081704,0.01045570174054328,0.01778587505027376,0.0253982625003401,0.031096833626271463
MOZ,2012,0.012542703995128288,-0.005375032146856566,0.01791773614198485,0.009483337134820762,0.03993878853965024
MOZ,2013,0.01803006694667198,0.0007173526132342136,0.01731271433343777,0.011415498219846585,0.08879413831375364
MOZ,2014,0.02907201720579723,0.008401075500542822,0.020670941705254405,0.022881214474807964,0.0854644973215593
MOZ,2015,0.0300306172453188,0.008755159140048055,0.021275458105270748,0.024332619209905502,0.08436161301094731
MOZ,2016,0.02821012516755301,0.009603050199889657,0.01860707496766335,0.02605936199250247,0.03259282817503331
MOZ,2017,0.031871092693721154,0.010410550944782444,0.021460541748938716,0.029320371750164213,0.03807152461442257
MOZ,2018,0.032461025759655454,0.007289560031185331,0.02517146572847012,0.02976050669955673,0.04143575406238195
MOZ,2019,0.021992336305097733,0.005971645174408351,0.016020691130689383,0.019345976252520575,0.04576927866976774
MOZ,2020,-0.05511192741647888,-0.020970769052669206,-0.03414115836380966,-0.05631950856419869,0.054338915312381164
MOZ,2021,0.06630234232647356,0.02196449497813226,0.0443378473483413,0.06142010636420364,0.06010722708209646
MOZ,2022,0.04115732657941573,0.014995612665439641,0.02616171391397609,0.038688760276535075,0.07506009175138588
MOZ,2023,0.02739403344112517,0.002866431625139958,0.024527601815985206,0.024060988147150925,0.06964735496087933
MRT,1991,-0.0069933453609083845,0.01559250332357766,-0.022585848684486043,-0.007013800405708308,0.00022857177058829297
MRT,1992,-0.02277639464708711,0.007132101553678713,-0.029908496200765824,-0.022791669286574914,0.00011428588529414648
MRT,1993,-0.006421664843476973,-0.0010384464864725024,-0.0053832183570044715,-0.006441213463008969,0.00015036495164705174
MRT,1994,0.016946841622030424,0.016217827595728984,0.0007290140263014387,0.016938903306634584,6.372565443566303e-05
MRT,1995,0.02966674436925915,0.02304760947155143,0.0066191348977077185,0.029657275952615456,9.33129695212271e-05
MRT,1996,0.02799068549711879,0.019225061446004093,0.008765624051114695,0.02796096989230728,0.0003225914521231084
MRT,1997,0.03596558566743016,0.018268314862083967,0.017697270805346197,0.03592561002826812,0.00043609539907276784
MRT,1998,0.017941032920013398,0.012619821189483963,0.005321211730529431,0.017891341185554015,0.0006434140512550241
MRT,1999,0.02217924251853508,0.016759276073209463,0.005419966445325617,0.022100870596573056,0.0010931763679645
MRT,2000,0.04083701544864495,0.03145314927171554,0.009383866176929408,0.04051575511014289,0.0038069708025274145
MRT,2001,0.020227877974140163,0.014116801172206168,0.006111076801933993,0.019771663420473845,0.0058626575503554655
MRT,2002,0.019618097827056376,0.009079512290907187,0.010538585536149189,0.019047453176986907,0.006558276283082883
MRT,2003,0.018501131390405393,0.009796636763207201,0.008704494627198195,0.017961315736838977,0.005771820870542249
MRT,2004,0.02890511210742997,0.02013947931037144,0.008765632797058531,0.027963152582729363,0.009637175219393007
MRT,2005,0.024748630424157172,0.01765668787492536,0.007091942549231818,0.0229513264334363,0.016737360572009554
MRT,2006,0.041473128396501496,0.021594782517725505,0.01987834587877599,0.026254185826716885,0.12703497622384718
MRT,2007,0.04818651968451009,0.01739274243382945,0.030793777250680637,0.020274747558311282,0.21029838352547267
MRT,2008,0.031091380914994082,0.0008591264956391459,0.030232254419354936,0.009542736563006365,0.22855418810497327
MRT,2009,-0.010018967788490875,-0.028162155950548644,0.018143188162057768,-0.023525380833886906,0.1525978951907964
MRT,2010,0.038296347727651135,0.01682089825697001,0.021475449470681116,0.02403059612452818,0.14174534817421985
MRT,2011,0.034981766740465346,0.009470672832692156,0.025511093907773192,0.011783315190321237,0.2537174278123653
MRT,2012,0.025762299120539272,-0.002816374229382661,0.028578673349921938,-0.0003185217691679832,0.3404744962001082
MRT,2013,0.03606607157902186,0.0022933962473791055,0.033772675331642764,0.0056171779011040274,0.4087467208214229
MRT,2014,0.041856367598451114,0.006294387838525308,0.03556197975992581,0.010110656261973956,0.4382519326461884
MRT,2015,0.04148546698997938,0.007214492978355651,0.03427097401162373,0.012371469991848997,0.431046787431896
MRT,2016,0.03904931799676283,0.00851244531768247,0.030536872679080358,0.013329928078589253,0.3897535842596979
MRT,2017,0.03938653677967145,0.00952185350492,0.02986468327475145,0.01629712983702511,0.34462763438306915
MRT,2018,0.03789502297239067,0.009041857360981745,0.028853165611408934,0.015364597553422472,0.34569841789862393
MRT,2019,0.031716625400892186,0.004898271354411473,0.026818354046480714,0.01168667904529104,0.3464215670869212
MRT,2020,-0.026545257855244385,-0.031144103949846413,0.0045988460946020295,-0.034368984979435024,0.35205323172800207
MRT,2021,0.06400590065370901,0.02510566835215854,0.03890023230155046,0.0357275359793148,0.3481466484065395
MRT,2022,0.03487655560908513,0.017590376415889494,0.017286179193195646,0.022377532374066835,0.3800496789283667
MRT,2023,0.029764790566804703,0.00702130042463968,0.022743490142165017,0.014019263553841706,0.3290187237780829
MWI,1991,0.016084683394718313,0.013845811348265126,0.0022388720464531857,0.016084683394718313,0.0
MWI,1992,0.009649975926956189,0.011943261498518692,-0.002293285571562505,0.009548930821099713,0.0007560263132016508
MWI,1993,0.009941798561778481,0.00629015375968151,0.0036516448020969708,0.009797803710640941,0.0011075860775378282
MWI,1994,0.02674626184596246,0.02059604176469062,0.006150220081271844,0.02660828966365382,0.0011075860775378282
MWI,1995,0.027101399227009437,0.018512361089842267,0.00858903813716717,0.02704015545354956,0.0006035685354033943
MWI,1996,0.030587207506088537,0.018436284918839377,0.012150922587249162,0.030478312603934746,0.0011821588299286837
MWI,1997,0.03275558741324051,0.02187931141025128,0.010876276002989226,0.03263350962655315,0.001331750091287694
MWI,1998,0.027993599131848165,0.020457622131321206,0.00753597700052696,0.02786212448707736,0.0017023481822403305
MWI,1999,0.02966912986273674,0.019094996313210127,0.010574133549526613,0.029631836484907186,0.0005201893523116469
MWI,2000,0.03830317998544338,0.022238454579096244,0.01606472540634713,0.03827190617896485,0.0003705980909526363
MWI,2001,0.02142616087879888,0.009963967956817397,0.011462192921981484,0.02139594565584006,0.000388285519590822
MWI,2002,0.0200181573075493,0.006642749309688981,0.013375407997860318,0.019879851811250335,0.0015895104879841912
MWI,2003,0.022713321007339093,0.009066839833391677,0.01364648117394741,0.022441548917452883,0.002905843522826076
MWI,2004,0.0355851961386937,0.013708124116185244,0.021877072022508454,0.035332810419256254,0.002582154898708957
MWI,2005,0.03651129688984256,0.01368574380298273,0.022825553086859837,0.03635084412415628,0.0014942134485498467
MWI,2006,0.0446818730661091,0.015791502238606026,0.02889037082750307,0.04430713953718546,0.0031279614019706185
MWI,2007,0.042192708953978086,0.01422874027807779,0.027963968675900296,0.04170453622964704,0.0036780873082466817
MWI,2008,0.007635561110383355,0.00207962664323976,0.005555934467143593,0.007068893814829176,0.006010317008600082
MWI,2009,-0.008720210442711773,-0.01703620181889609,0.00831599137618432,-0.009732149845999499,0.011433074235425876
MWI,2010,0.04809579634704425,0.010409663462076947,0.037686132884967305,0.04612807987410397,0.019551346772644616
MWI,2011,0.03407380825245128,0.00778457459813536,0.02628923365431592,0.031413261646269536,0.029097935266768057
MWI,2012,0.02984758574572413,0.0016918966085160997,0.028155689137208034,0.027232095272094456,0.03414416306492417
MWI,2013,0.024032714704395768,0.004940868578178846,0.01909184612621692,0.021018826673635464,0.04045850934773444
MWI,2014,0.030795230075795325,0.010397618970621353,0.020397611105173973,0.02739368675706448,0.04695856135063526
MWI,2015,0.02694502638712139,0.007450633851512617,0.01949439253560878,0.02357405185693667,0.04990890607854983
MWI,2016,0.026863882456195184,0.006723196325984048,0.02014068613021114,0.02397786511236081,0.04373492557847492
MWI,2017,0.027578752612861832,0.008710982138841106,0.018867770474020728,0.025377906599483274,0.03284936495407148
MWI,2018,0.028660865407157503,0.008050028698692702,0.0206108367084648,0.027077845667074822,0.024289262607005674
MWI,2019,0.024656496843129268,0.008972514812486473,0.015683982030642796,0.02324563330573758,0.02440114161525712
MWI,2020,-0.03556640960752046,-0.023248485445849267,-0.012317924161671186,-0.03605471138274126,0.021972675592617785
MWI,2021,0.054158726928671325,0.026601959221183996,0.027556767707487335,0.05271894506452329,0.017725750276271716
MWI,2022,0.0347157019582804,0.015303260626206863,0.019412441332073538,0.03397937004852725,0.022389165987176014
MWI,2023,0.02774780405834483,0.0049516197053597055,0.022796184352985124,0.026764429626269095,0.020548604081094466
MYS,1991,0.03521762122983346,0.006965058413292667,0.0282525628165408,0.03330921154169929,0.021325232268686017
MYS,1992,0.039717641977230295,0.00914574248123258,0.030571899495997715,0.03703614109597794,0.02006317087716967
MYS,1993,0.04837816864159898,0.0072463795842491975,0.04113178905734978,0.04579782907622135,0.019847572016324592
MYS,1994,0.055231118496137224,0.013716357367058084,0.041514761129079134,0.05257305534792222,0.02133787903414908
MYS,1995,0.04511113577633158,0.013439878504212993,0.03167125727211859,0.04245618125723417,0.02616506005633439
MYS,1996,0.04733925466840997,0.015411937906090842,0.03192731676231912,0.04472107331372653,0.028422875135351963
MYS,1997,0.045684929074957435,0.015733178469059177,0.029951750605898254,0.04312678326846267,0.0279068862876061
MYS,1998,0.005082521632772547,0.013494536229832597,-0.008412014597060053,0.003180960787550468,0.02462161927819956
MYS,1999,0.04099716796557611,0.01523273674981861,0.025764431215757506,0.03920556638014887,0.024990283062673382
MYS,2000,0.05307827551935252,0.018558876144912903,0.03451939937443961,0.0508827345333762,0.026017405286742436
MYS,2001,0.012480406892903034,0.0061617511320946425,0.0063186557608083905,0.010264375583498384,0.02847746215787692
MYS,2002,0.029136009083890944,0.007555413544993959,0.021580595538896984,0.026188445710864608,0.033875608857191764
MYS,2003,0.03517299815874304,0.009885859222590986,0.025287138936152045,0.031105530627695815,0.043490206019123616
MYS,2004,0.05425453346364062,0.013367841528127766,0.040886691935512864,0.048894760548054424,0.05483576456226008
MYS,2005,0.04922452037612543,0.013232135197422012,0.035992385178703415,0.0424926933817386,0.06269001587663975
MYS,2006,0.05243992575453375,0.011257610348278688,0.04118231540625506,0.04454022202786762,0.06594010526624067
MYS,2007,0.05161599967946312,0.010384079160025348,0.04123192051943776,0.0425269847977612,0.06848025015462121
MYS,2008,0.02065842499467444,0.0004360184002327305,0.02022240659444171,0.013547452611031964,0.07542203088197402
MYS,2009,-0.004011499731159612,-0.014059427841974012,0.010047928110814402,-0.011558545712446598,0.08526788924503703
MYS,2010,0.06395765752761876,0.010732028024560827,0.05322562950305791,0.05371155062367393,0.1018059216881359
MYS,2011,0.039909674973995016,0.005401909236748629,0.03450776573724639,0.029452533598924864,0.11436793555889635
MYS,2012,0.03694725696971933,0.005082933603568519,0.03186432336615081,0.027274512750132825,0.1262737368951422
MYS,2013,0.035754713647121454,0.005113432473176648,0.030641281173944802,0.02624193474132324,0.12769978524586295
MYS,2014,0.03556539237716049,0.005728362122989194,0.029837030254171296,0.02609530665320038,0.13073524567968162
MYS,2015,0.034332502637128115,0.006904991141306001,0.02742751149582212,0.02574610879512088,0.12712570800429465
MYS,2016,0.03474502731988011,0.005353349596120301,0.029391677723759807,0.026277509549535442,0.12831740609999986
MYS,2017,0.03917100257952814,0.007834473926981595,0.03133652865254654,0.03073387917743229,0.12593073032516217
MYS,2018,0.03633355139318963,0.006648862359968757,0.029684689033220874,0.027765722889425963,0.13146155491960856
MYS,2019,0.024990517534158554,0.004478481118963738,0.020512036415194813,0.017214583025781174,0.13448620231596797
MYS,2020,-0.029237384768049275,-0.011633790578524263,-0.01760359418952501,-0.032330682748699935,0.13919268061108697
MYS,2021,0.06040641194625867,0.014986549610779165,0.0454198623354795,0.048438091762892474,0.1473469419774552
MYS,2022,0.031626850778631546,0.007704108509858242,0.0239227422687733,0.02660746934302786,0.15262107023496452
MYS,2023,0.02944909338845904,0.005536574600591929,0.023912518787867112,0.022234919096200432,0.150747473666486
NAM,2001,0.02621756919143376,0.015543602762533993,0.010673966428899768,0.026186276252707964,0.0004021348771521107
NAM,2002,0.03087192369239141,0.01102080702984989,0.019851116662541513,0.030650813391328316,0.0025411654051796418
NAM,2003,0.02730452897247726,0.014877428227574605,0.012427100744902655,0.02705544702516425,0.002663235814816254
NAM,2004,0.04542564481357769,0.013325404785079622,0.03210024002849807,0.04503457046871245,0.004001076358852637
NAM,2005,0.05386872533940059,0.013964217780054062,0.03990450755934653,0.05314601891888017,0.006730190335305995
NAM,2006,0.051422818419769034,0.013849682287758323,0.03757313613201072,0.050062974622537657,0.01135083621331255
NAM,2007,0.044390466054264506,0.013761875808150944,0.030628590246113554,0.04243690245692043,0.014718924501753437
NAM,2008,0.020999277656769264,0.00012694926322162568,0.020872328393547634,0.019057165562308014,0.02059887599924565
NAM,2009,-0.021161083190271414,-0.021391663949229183,0.00023058075895776966,-0.024042737524537654,0.032557451382427396
NAM,2010,0.03443652334576929,0.00924944242950267,0.02518708091626662,0.0299540340948264,0.04453827721372963
NAM,2011,0.02982486854631515,0.006367505272926046,0.023457363273389105,0.025749687626026297,0.04456954459787177
NAM,2012,0.02474614942819344,0.0014574066278941178,0.02328874280029932,0.022100285770108138,0.034540672619560266
NAM,2013,0.02490644890422062,0.004246601875843127,0.020659847028377493,0.02286969069607215,0.02734149383202593
NAM,2014,0.028567257584397855,0.009900223888963675,0.01866703369543418,0.026755847583402097,0.025006651302812502
NAM,2015,0.012045710463319335,0.00761278929819563,0.004432921165123704,0.010157239365432532,0.027959726723691253
NAM,2016,0.02572532564509563,0.006482321920500642,0.01924300372459499,0.02374327922116121,0.03003608174048066
NAM,2017,0.0255340840622085,0.0077839190766204654,0.017750164985588034,0.023239388836509063,0.034250138569054164
NAM,2018,0.02761669152319801,0.009125083309787325,0.018491608213410688,0.024934026834830085,0.04116180326273514
NAM,2019,0.017391149498685695,0.0072250484278684884,0.010166101070817207,0.013348469536803721,0.06991888559074562
NAM,2020,-0.055706808451604355,-0.026059977206010197,-0.029646831245594158,-0.05803806980313019,0.10490244352587481
NAM,2021,0.06743911193554467,0.022112991479788867,0.04532612045575579,0.052612700231578144,0.18253408929637868
NAM,2022,0.03904876324469178,0.012118859345042829,0.026929903899648954,0.03137449718025627,0.2333464222730767
NAM,2023,0.027873042104721163,0.0035597614250461,0.024313280679675066,0.017402005759876302,0.21880290268966152
NER,1991,0.018465070782130645,0.015592419417560588,0.002872651364570057,0.018465070782130645,0.0
NER,1992,0.0167792462846345,0.009907694365088872,0.006871551919545631,0.0167792462846345,0.0
NER,1993,-0.006650700600901177,-0.0022677328170725448,-0.004382967783828633,-0.006699149742055889,0.00037266328474735755
NER,1994,0.011857376655824182,0.013868440836658709,-0.002011064180834523,0.011810953928321866,0.00037266328474735744
NER,1995,0.021439400479821402,0.01836193322276867,0.0030774672570527337,0.021401586537494827,0.00037266328474735755
NER,1996,0.026759007896264973,0.01511860779594988,0.011640400100315095,0.02675166126245422,7.97547714158901e-05
NER,1997,0.027304481959959832,0.015175928402657982,0.012128553557301849,0.02729717106429262,7.97547714158901e-05
NER,1998,0.024775457452766103,0.015872321647362703,0.008903135805403401,0.02476929788426533,7.97547714158901e-05
NER,1999,0.021379672897323315,0.016298628365230026,0.0050810445320932885,0.021379672897323322,0.0
NER,2000,0.0397773231722316,0.026103054424230932,0.013674268748000665,0.03977706747610616,3.0300275732509125e-06
NER,2001,0.027716216572605586,0.00899047135009911,0.01872574522250648,0.027715980784775853,3.030028939586137e-06
NER,2002,0.05785618725824952,0.005413983195302297,0.052442204062947216,0.05785474211843,1.660863061249427e-05
NER,2003,0.035310720439279034,0.006763613223099679,0.028547107216179354,0.035307504590498126,3.438452180391007e-05
NER,2004,0.04805901053555166,0.013734384593568658,0.034324625941983,0.048054531614253174,4.582378352306314e-05
NER,2005,0.03445072473356117,0.01238926482114648,0.022061459912414698,0.03444726216310971,3.224512405880854e-05
NER,2006,0.03704197063775233,0.017993192386631468,0.01904877825112086,0.03689937134607472,0.0011902993617814355
NER,2007,0.03401987963516874,0.01757966531892703,0.016440214316241705,0.033348476130501986,0.005058620824445005
NER,2008,0.0200514745997028,0.003231481783880999,0.0168199928158218,0.019323757400666403,0.007718481537816432
NER,2009,-0.006786457422381886,-0.023369971810011957,0.016583514387630074,-0.007475241152812392,0.007782003049372728
NER,2010,0.03697832006957001,0.01587683671686607,0.021101483352703947,0.036419750266115894,0.005549982466600492
NER,2011,0.028864274271170942,0.01176276526916993,0.01710150900200101,0.026186827174877463,0.029282772986244793
NER,2012,0.020794077524528776,0.005010039378045025,0.01578403814648375,0.017605155601244076,0.04163007712998502
NER,2013,0.02672524934467045,0.0079640870192255,0.01876116232544495,0.02261587113099836,0.05516439734135927
NER,2014,0.02809816085019273,0.008752253285266727,0.019345907564926004,0.0245101102792813,0.049533307994499315
NER,2015,0.024899332249504635,0.007434479810015892,0.01746485243948874,0.02118376548030204,0.05501076061305957
NER,2016,0.018313768298582354,0.006143283382193616,0.012170484916388741,0.015472622569207565,0.04305493773184311
NER,2017,0.029029284280176967,0.01306788987965126,0.01596139440052571,0.027522665545558198,0.02248747452537951
NER,2018,0.028769511659809288,0.010620839268756028,0.018148672391053257,0.028440309970120356,0.005051147556193287
NER,2019,0.028870937145057653,0.009026993567009438,0.019843943578048216,0.028746804655878713,0.0021468939888470233
NER,2020,-0.041911141619887404,-0.02365902867808072,-0.018252112941806686,-0.041957516543231474,0.0020867856681680385
NER,2021,0.043442750968774035,0.02296789941466081,0.020474851554113226,0.04339966532525168,0.0005304451851959761
NER,2022,0.03611290510274493,0.008796206026435452,0.027316699076309483,0.03610137607344994,0.0003505557033963185
NER,2023,0.02690386295915835,0.004311708185877939,0.02259215477328041,0.026871720806868143,0.0006716428047977316
NGA,1991,0.009450436512622194,0.008221188777354426,0.0012292477352677665,0.009401678745713397,0.0005448362113740287
NGA,1992,0.020854478896492674,0.02082042957140498,3.4049325087691655e-05,0.02081324317919659,0.0003085284245618412
NGA,1993,0.014494526616704148,0.012550991639744507,0.0019435349769596419,0.014448621280729601,0.0003530967295597278
NGA,1994,0.03272016117321498,0.027006006510576053,0.005714154662638932,0.03269709140664116,0.00018519495627064984
NGA,1995,0.03257332600980694,0.022048404526483233,0.01052492148332371,0.03255405764931749,0.00018989319996520992
NGA,1996,0.03415887506056639,0.02229421916943479,0.011864655891131599,0.03401757891257576,0.0015339054967525212
NGA,1997,0.03943304484937016,0.02857620018806632,0.010856844661303839,0.03928190161277598,0.001648825921519293
NGA,1998,0.036308628541579985,0.03035160809465073,0.005957020446929259,0.03616839661707616,0.0018157384048256078
NGA,1999,0.042420332820269635,0.028271936353142704,0.014148396467126933,0.04234416913252584,0.0010623746547761407
NGA,2000,0.03991763822790538,0.02589916353075658,0.014018474697148797,0.039484142833685947,0.005136968716768382
NGA,2001,0.020341463912738115,0.009223475450333338,0.01111798846240478,0.019822155250717483,0.006673458406561653
NGA,2002,0.023075882906560662,0.01211821418681484,0.010957668719745822,0.02235239691477079,0.00831484360805023
NGA,2003,0.02929720782959133,0.013864057000391007,0.015433150829200323,0.028788037382774054,0.005444155967295804
NGA,2004,0.040881108621172814,0.01621135102035274,0.024669757600820068,0.03903644898250086,0.018872687936006674
NGA,2005,0.039823858563958675,0.01318695123902459,0.02663690732493408,0.036289375768106424,0.03291480645186581
NGA,2006,0.04813383894926467,0.013147473297487538,0.03498636565177714,0.042382995675689074,0.04800321935481797
NGA,2007,0.046240305671094946,0.01249077441299504,0.0337495312580999,0.03962874676201852,0.04981411229913062
NGA,2008,0.026830125452104225,0.0030911299863010133,0.023738995465803214,0.022125798861100235,0.04989611072625901
NGA,2009,0.005721834523828274,-0.01589921013095319,0.02162104465478146,0.0012983064523958438,0.049977819480952985
NGA,2010,0.0407106024488197,0.005652348613188424,0.03505825383563128,0.035734822623310646,0.049439641417185674
NGA,2011,0.03194138487189649,0.003554040249950883,0.0283873446219456,0.02738767407013848,0.04980314264191684
NGA,2012,0.023275588695456137,-0.004975531546448584,0.028251120241904716,0.019432731450437314,0.05016693646261245
NGA,2013,0.02750136751200057,-0.0008738105157309105,0.028375178027731478,0.023765036151175152,0.050156606929439934
NGA,2014,0.03389725732318348,0.006302860185256527,0.027594397137926947,0.030296302802751703,0.04971144798815456
NGA,2015,0.036813080152324235,0.009422367260098636,0.027390712892225593,0.03348551517261135,0.04926620671727858
NGA,2016,0.03478689385237274,0.008542677355514283,0.026244216496858465,0.03153594548571957,0.04926511795876471
NGA,2017,0.03824867307236286,0.011042367799388317,0.027206305272974542,0.03492243489292038,0.049646731855146
NGA,2018,0.034857707577001004,0.008477756509324,0.02637995106767701,0.03156799039984548,0.05047618952277525
NGA,2019,0.0287360083227427,0.007958902838586156,0.020777105484156545,0.025771807601274226,0.05126639087598656
NGA,2020,-0.04699422430962453,-0.030349251572094334,-0.01664497273753019,-0.0481335399762165,0.05126709508334771
NGA,2021,0.06318562020653115,0.026783781967647698,0.03640183823888343,0.05905882390720959,0.05080669680896547
NGA,2022,0.04646039429856119,0.020129251060101216,0.02633114323845997,0.044918361884500185,0.04688757776040393
NGA,2023,0.03242002653363819,0.006312702612153255,0.026107323921484932,0.0305896670681716,0.03824721363007733
NIC,1991,0.01984913792740865,0.007983452150742304,0.011865685776666343,0.018794304733541402,0.01178707224334601
NIC,1992,0.0249702634187506,0.011667789262536676,0.013302474156213922,0.023801547259533436,0.008744413314655461
NIC,1993,0.01951690582355717,0.008763169721354637,0.010753736102202534,0.01816038931842326,0.01043411471429259
NIC,1994,0.0426671373818803,0.021436710033796106,0.02123042734808419,0.04185679715733527,0.006505090633177254
NIC,1995,0.03240999498429703,0.016923492608585618,0.015486502375711407,0.03194277826260387,0.004604505837855616
NIC,1996,0.03492477261328526,0.02000689126672197,0.014917881346563296,0.03483298915687372,0.0009963976393040546
NIC,1997,0.045453352944315184,0.025793854446801413,0.01965949849751377,0.045219232191315906,0.0025540300380579484
NIC,1998,0.045178447322687124,0.02877219438678598,0.01640625293590114,0.044966975674714714,0.002738158191252572
NIC,1999,0.04088538724952771,0.028192495043103897,0.012692892206423813,0.04075164321497674,0.0018655382472078316
NIC,2000,0.03823448462354845,0.026175597083545513,0.012058887540002937,0.03817025262813199,0.0007611563017043911
NIC,2001,0.012326114753848311,0.00839423529691016,0.003931879456938153,0.01228121214151522,0.0005770281485097676
NIC,2002,0.019707058181825905,0.01129284438020202,0.008414213801623884,0.01966762023576741,0.00045325045325045327
NIC,2003,0.026393543966086067,0.013456931631626465,0.012936612334459602,0.026393543966086064,0.0
NIC,2004,0.02965994637100567,0.017198171132774887,0.01246177523823078,0.02965994637100567,0.0
NIC,2005,0.03954949898605333,0.01952165231196871,0.020027846674084616,0.03942474031840987,0.0011618128127533038
NIC,2006,0.035686145018403344,0.014921056210481239,0.020765088807922105,0.03516112136509135,0.004382457388850681
NIC,2007,0.03260045915635165,0.012368683458534861,0.02023177569781679,0.03194703176523235,0.004923181641149713
NIC,2008,0.014683119598277769,0.0010807467731978008,0.013602372825079968,0.014167645358576097,0.00546734144476128
NIC,2009,-0.029170039376183596,-0.016505932909907383,-0.01266410646627621,-0.029461219110157814,0.0032898012505124786
NIC,2010,0.026264896927225403,0.012637937466940485,0.013626959460284922,0.025897127754633334,0.0036541761602939906
NIC,2011,0.027991134223548368,0.009684377624081,0.018306756599467365,0.027677842212830064,0.0034264202048915593
NIC,2012,0.02594621488832158,0.008446176438003158,0.017500038450318424,0.025578747671672064,0.004797134875006006
NIC,2013,0.01842366654064012,0.008321136320078098,0.010102530220562025,0.018033872718950104,0.005232602146323386
NIC,2014,0.017761649542850238,0.013759702332034985,0.004001947210815256,0.01732046531213833,0.006090581487155095
NIC,2015,0.01383877956635505,0.01244964501424303,0.0013891345521120204,0.013463194786169377,0.0055607140756985494
NIC,2016,-0.00013767489399239136,0.00920922324111953,-0.009346898135111917,-0.0005170923830343762,0.005749721387459284
NIC,2017,0.015075073247682196,0.015928580449444455,-0.0008535072017622596,0.014744349724887175,0.004936309779579786
NIC,2018,0.014913914103929816,0.01699301209689961,-0.0020790979929697986,0.014576101627635576,0.00518326824415026
NIC,2019,0.009400233595170393,0.013729395176883458,-0.004329161581713063,0.00866382126443889,0.012736385265595144
NIC,2020,-0.055231601080432687,-0.02043703730371264,-0.03479456377672005,-0.05555150581197594,0.01439512048377222
NIC,2021,0.06928791081182961,0.0369255570721009,0.032362353739728705,0.06818319411411056,0.013600624370541436
NIC,2022,0.031180889241393,0.016217875539628182,0.014963013701764817,0.03103230404261289,0.004517933603937892
NIC,2023,0.03164837186384073,0.017131098165126358,0.014517273698714375,0.03158441640754485,0.0013364139918461673
NPL,1991,0.0260508670321631,0.01851772585795497,0.007533141174208136,0.023985129757669192,0.023083265327443633
NPL,1992,0.02239587917547654,0.015635743878240488,0.006760135297236052,0.020506845278365465,0.014133879326865878
NPL,1993,0.012708500260619138,0.003634750387848708,0.009073749872770431,0.011393886860886172,0.01011180252200902
NPL,1994,0.03239394536838483,0.025711150310617114,0.0066827950577677125,0.03189772735671631,0.0039834418210339985
NPL,1995,0.02451897672808232,0.018289912023789937,0.0062290647042923895,0.024107102327886668,0.004059097185758848
NPL,1996,0.02440029825813891,0.01836529865079955,0.00603499960733936,0.024070409692866807,0.0035812574566451705
NPL,1997,0.031223290713606452,0.025430201972405305,0.005793088741201148,0.03104055445622813,0.0019934750952554803
NPL,1998,0.036200141792515385,0.02514071460098206,0.01105942719153333,0.03618560488055264,0.0001882255373141979
NPL,1999,0.044603139696180405,0.022419639852664423,0.022183499843515985,0.044603139696180405,0.0
NPL,2000,0.03635621780007092,0.023048749290345602,0.013307468509725324,0.0359801481970766,0.004456466693003578
NPL,2001,0.024664986540009474,0.007540011831782868,0.017124974708226604,0.024318197571727648,0.004456466693003577
NPL,2002,0.021212265541218238,0.007364988106772783,0.013847277434445453,0.02082450008026403,0.004456491488468488
NPL,2003,0.04806063960999033,0.007880257104724148,0.040180382505266184,0.04805034553548406,0.0001100663785602258
NPL,2004,0.053656174716552985,0.011269357557391831,0.04238681715916115,0.053624435951218644,0.0003247188809640152
NPL,2005,0.05715013721122979,0.01151724523006137,0.04563289198116842,0.057033053721991675,0.0010903378540996845
NPL,2006,0.059643089698526296,0.010069958896312212,0.04957313080221408,0.05949011628437727,0.0012768938406984964
NPL,2007,0.05749078633477994,0.006995900917835052,0.05049488541694489,0.05726853784768629,0.0016745084248128894
NPL,2008,0.024055816743086957,0.0005457316555373354,0.023510085087549617,0.023668146140496154,0.0041118011128682755
NPL,2009,0.04520493967283891,-0.008525478107428042,0.05373041778026695,0.04427294097560783,0.010529889693141574
NPL,2010,0.07015383319405391,0.005739105177607095,0.06441472801644682,0.06825137384735018,0.01890294812274631
NPL,2011,0.045035429673816796,0.004411562798956555,0.040623866874860255,0.04312466239896186,0.020897729190085864
NPL,2012,0.04561343245141759,0.0023612140046896947,0.04325221844672792,0.04423963804925364,0.01793432648984969
NPL,2013,0.04926908284141913,0.002310687609210456,0.04695839523220867,0.04797743623985692,0.017339096731503675
NPL,2014,0.059584458421681454,0.004588539261523859,0.05499591916015761,0.058138991409664845,0.01995478081679329
NPL,2015,0.06086845306531999,0.00419713114288695,0.056671321922433036,0.05907400252461736,0.02656770696325102
NPL,2016,0.05899913315042608,0.004057336308228146,0.05494179684219793,0.05741711422670343,0.023974034681587878
NPL,2017,0.0530540887957441,0.006724659996290934,0.04632942879945317,0.05141644583828509,0.0244431145327853
NPL,2018,0.04733479903396081,0.006114273380781603,0.041220525653179206,0.04576221942779753,0.024129073098309282
NPL,2019,0.03260560345646267,0.005185216179289256,0.027420387277173417,0.030997856565483685,0.027806275042584868
NPL,2020,-0.048052469958064246,-0.012476620123674027,-0.035575849834390216,-0.04862619447543518,0.025816540793901818
NPL,2021,0.08224741185043163,0.014027618911053584,0.06821979293937805,0.08078482727532366,0.01800648388610715
NPL,2022,0.059181903569274594,0.005499065761782934,0.05368283780749166,0.05884594172857903,0.010215373416604829
NPL,2023,0.06490236636607687,0.003858579736331433,0.061043786629745446,0.06464819298325068,0.005311210095856345
OMN,1991,-0.0009347452687574736,0.0009421174798215389,-0.0018768627485790113,-0.0009364740896965918,1.931844525152613e-05
OMN,1992,0.04387513450370037,0.003247870365231542,0.04062726413846882,0.038941729216463154,0.036912071883394494
OMN,1993,0.03827190778290941,0.0018869767216893154,0.036384931061220094,0.03210967585706234,0.047398932904260685
OMN,1994,0.053959022391433346,0.0040996425465374365,0.04985937984489591,0.04464574879551149,0.07476327473076354
OMN,1995,0.05636525291204983,0.009598111689510556,0.04676714122253927,0.04878267865183249,0.07472764955975607
OMN,1996,0.05356813093043789,0.011417982358722056,0.04215014857171584,0.046010297032502596,0.08204755136250617
OMN,1997,0.0369473932169171,0.005232117070439414,0.031715276146477685,0.028447959944397513,0.09272056238667166
OMN,1998,-0.007475076400655113,-0.0007297087987884288,-0.006745367601866685,-0.017139785209663905,0.1251397142131864
OMN,1999,0.04339075847874051,0.001840548682610908,0.0415502097961296,0.034427709567365475,0.12502172984315252
OMN,2000,0.05966230521394516,0.007541779914534757,0.0521205252994104,0.049313371805426005,0.12263601385479121
OMN,2001,0.030501504326870453,0.0012559381640845984,0.02924556616278586,0.017818543396768367,0.16298440297481478
OMN,2002,0.047292323903497004,0.001695912785337485,0.04559641111815953,0.03243465062168033,0.1707555241148241
OMN,2003,0.050768860422783724,0.004248442610915062,0.04652041781186866,0.0343442656528702,0.17561517206266458
OMN,2004,0.06099941814123229,0.006101029882013772,0.05489838825921852,0.047159834121932864,0.1415925978347011
OMN,2005,0.05380014073082331,0.004651752494157028,0.049148388236666285,0.0326871906394309,0.19661396193570047
OMN,2006,0.06533446296359621,0.0034349205070532216,0.06189954245654299,0.03743244106214706,0.23290269166828334
OMN,2007,0.06732124573852374,0.0030017136807253047,0.06431953205779843,0.0331105046916005,0.25775731862698753
OMN,2008,0.04013636510999864,-0.0013167819376101728,0.04145314704760881,0.015822551533145008,0.2578827619511415
OMN,2009,0.015976377568003394,-0.007165165727562484,0.023141543295565867,-0.009408001039899127,0.2867972964600404
OMN,2010,0.06746775211664396,0.00537529178219915,0.06209246033444481,0.0412512336257288,0.26048887186547864
OMN,2011,0.04932336151201739,0.0007817187269692789,0.04854164278504812,0.025989864625521497,0.255194395156637
OMN,2012,0.047378469771571674,0.0021010532881534484,0.04527741648341823,0.02792456737499526,0.25396277385634003
OMN,2013,0.046427990378526116,0.002461728129498123,0.04396626224902798,0.0236978048415084,0.3051305870155954
OMN,2014,0.04741116357483599,0.0015642371061845416,0.04584692646865145,0.022669215405557778,0.3415644553586896
OMN,2015,0.04792065391507891,0.0020246845986591896,0.045895969316419725,0.022072744249001592,0.3826907869815321
OMN,2016,0.048923710571387155,0.0010284719782089912,0.04789523859317816,0.021156355084783057,0.42078860971231274
OMN,2017,0.03323482879515203,0.0015719389824727023,0.031662889812679326,0.011410418666595996,0.32574655785195844
OMN,2018,0.039230587603541346,0.00119242308880925,0.038038164514732103,0.016169072430773635,0.3538472603743676
OMN,2019,0.031680773060164744,0.0011630930133339245,0.030517680046830815,0.012886363732643088,0.3250527293545364
OMN,2020,-0.025624202014314118,-0.0034772863828377173,-0.022146915631476402,-0.03259227484677775,0.3135503731974411
OMN,2021,0.05373255350724839,0.006386760687646268,0.04734579281960212,0.04128006564473617,0.15330773061224112
OMN,2022,0.05644565936636663,0.004269274832721326,0.05217638453364531,0.054782206821990274,0.05057952077659958
OMN,2023,0.030685803041852575,0.0032380375370762884,0.027447765504776293,0.028667911495385636,0.04216588627325966
PAK,1991,0.016728525902175977,0.007524534723403539,0.00920399117877244,0.015582022279783062,0.01281142943071241
PAK,1992,0.02448940163852517,0.00844068851086011,0.01604871312766506,0.022963393099083993,0.011417699058345823
PAK,1993,0.023021926257674095,0.0051841396324492865,0.01783778662522481,0.021677489059129265,0.010341202560151799
PAK,1994,0.035793472858485074,0.016965628494770294,0.018827844363714777,0.034662964743477145,0.009075271752427103
PAK,1995,0.035667935262680896,0.015623926636771104,0.02004400862590979,0.034821613516786434,0.00834065485831321
PAK,1996,0.035712814205889024,0.015656516908249034,0.02005629729763999,0.03469451163810369,0.011054653140202384
PAK,1997,0.04071136349257682,0.019783288995248508,0.020928074497328315,0.039558154002881166,0.012580395540011174
PAK,1998,0.015953613960375694,0.018801294703353035,-0.002847680742977339,0.01473661834518882,0.01575779327580234
PAK,1999,0.03345609844375161,0.020366155646935467,0.013089942796816132,0.0322677423970505,0.01657586944991356
PAK,2000,0.04802750086510721,0.023469659529824775,0.024557841335282438,0.04640848675921743,0.019185497527460994
PAK,2001,0.017064785034984722,0.009087888417265986,0.007976896617718734,0.015328945280071143,0.022306684351842503
PAK,2002,0.02631245526106124,0.009702749109275363,0.016609706151785877,0.023978837759244063,0.026819682466297654
PAK,2003,0.034994746895984676,0.011639162774935818,0.023355584121048857,0.03241186389593645,0.027616720462540212
PAK,2004,0.047208255392957754,0.015796435997278636,0.03141181939567911,0.0446706860410703,0.025961837886053128
PAK,2005,0.04358885155399929,0.016414371642401494,0.0271744799115978,0.04113782587737436,0.022825131826737403
PAK,2006,0.04612778020569391,0.015574781083708208,0.03055299912198571,0.043264427252221904,0.023900870424925162
PAK,2007,0.04274625924828494,0.01316347135075876,0.029582787897526178,0.039218279531024504,0.02658120123279908
PAK,2008,0.019778383789566548,0.0007572635940187877,0.019021120195547768,0.016899842637175373,0.030531045260433414
PAK,2009,-0.006458014823671206,-0.017240136391860034,0.010782121568188833,-0.009413770884147585,0.03339466607530447
PAK,2010,0.044413198306762755,0.01052770613603713,0.033885492170725624,0.04015547550919556,0.0423049844943578
PAK,2011,0.03585186645198673,0.007257324782777712,0.028594541669209016,0.030988635017068694,0.053188315946715733
PAK,2012,0.036903661226387885,0.0033888291062982197,0.03351483212008967,0.03205287492080681,0.06332503990389707
PAK,2013,0.0330318398314951,0.0038943465031889323,0.02913749332830617,0.027078526229224232,0.07991743275436448
PAK,2014,0.034967105003359575,0.009096685857512984,0.02587041914584659,0.028248015173965108,0.09275754044836734
PAK,2015,0.03340530596756375,0.00946581909103893,0.02393948687652482,0.02658005608904377,0.10105112100358125
PAK,2016,0.030414445085984766,0.008096686904263954,0.022317758181720812,0.024160756742651127,0.09476886716255617
PAK,2017,0.031988721451863336,0.012507392162839623,0.019481329289023717,0.026266964705799263,0.08540173841664843
PAK,2018,0.02986855275537418,0.011006136645014384,0.018862416110359798,0.024802982614283424,0.07772421296826894
PAK,2019,0.02714825624207575,0.01002624926728753,0.01712200697478822,0.022799243188808792,0.0752169721499487
PAK,2020,-0.040449058444276584,-0.02961650987713537,-0.010832548567141213,-0.042184457000566195,0.07808972122619486
PAK,2021,0.046339080865997764,0.03308742119075345,0.013251659675244318,0.03956076874266411,0.0834506052511886
PAK,2022,0.034095113432558555,0.018704203145160865,0.015390910287397683,0.031078400752517193,0.09172722251261355
PAK,2023,0.023562272772933393,0.009288449458985337,0.014273823313948053,0.019217085606636843,0.09079708382290366
PAN,1991,0.016798448408405855,0.009432809535060569,0.007365638873345284,0.01679844840840585,0.0
PAN,1992,0.03217117732136279,0.01873278555014703,0.013438391771215759,0.0321660397992158,3.8439288027507155e-05
PAN,1993,0.019147015457176633,0.00940869112993217,0.009738324327244467,0.01914368324204411,2.5630882347453697e-05
PAN,1994,0.03835240010724286,0.025830144422329906,0.012522255684912956,0.03833994870769,9.99549080100765e-05
PAN,1995,0.03088672933984899,0.02079866673929627,0.01008806260055272,0.030879176121336935,7.443834331813336e-05
PAN,1996,0.03135779290382405,0.0171092386743786,0.014248554229445449,0.03128686406541437,0.0007700007159578432
PAN,1997,0.043000071405460534,0.01793457898154449,0.025065492423916043,0.042920037550126355,0.0008730916331270194
PAN,1998,0.024021872672549488,0.02044927911511632,0.0035725935574331662,0.023924843969541285,0.0012563383341259431
PAN,1999,0.04091321495874691,0.02527323229155947,0.01563998266718744,0.040698963849568184,0.0029884969450903087
PAN,2000,0.0406815621154268,0.028104509224618206,0.012577052890808583,0.04032498577090716,0.004225469408355033
PAN,2001,0.014067291358935573,0.00806942977557211,0.005997861583363465,0.013709489717937824,0.004597986792107689
PAN,2002,0.019431061617998454,0.012751190824786924,0.006679870793211532,0.019122536524309397,0.003545801760220749
PAN,2003,0.0239083420677836,0.016455919196810692,0.00745242287097291,0.02362168983901506,0.003064945052376408
PAN,2004,0.037025723378189046,0.022867533208311773,0.01415819016987727,0.03628620215790507,0.0075660316515204626
PAN,2005,0.03818839918995294,0.025744053357577165,0.012444345832375775,0.037068331225559734,0.010430612451757087
PAN,2006,0.03723617681664268,0.02174699067760607,0.01548918613903661,0.035656376932051495,0.013186845265841478
PAN,2007,0.03292417636103115,0.01751702495261001,0.015407151408421135,0.031197206953331738,0.013011673826909686
PAN,2008,0.010722009041654976,0.0011744334890621832,0.009547575552592792,0.008733169023130195,0.0210944924552844
PAN,2009,-0.02301768660717328,-0.02367980703881226,0.0006621204316389761,-0.025861683395323243,0.0321319896217008
PAN,2010,0.03362178494852666,0.016728343695523618,0.01689344125300305,0.03004416659764543,0.03554742665427642
PAN,2011,0.02748811395572063,0.012223155184259754,0.015264958771460875,0.023808709186429165,0.0402410097039162
PAN,2012,0.022161473168517964,0.006898801541913205,0.01526267162660476,0.018894030828430775,0.04265512919660928
PAN,2013,0.02277363218696689,0.007920765489188002,0.014852866697778886,0.01916487176610964,0.04844409139650574
PAN,2014,0.03067072222656747,0.013903641136787846,0.016767081089779624,0.02685750645874102,0.05264173047294864
PAN,2015,0.028510265671583497,0.011963302817264432,0.016546962854319065,0.024127185200428808,0.06489362337531455
PAN,2016,0.025567404274426192,0.009587812791595485,0.015979591482830704,0.020877889720677837,0.0710652589962847
PAN,2017,0.03346069009135346,0.013806931505753208,0.019653758585600253,0.028828393426014023,0.06914068626803543
PAN,2018,0.029335415622730274,0.012064950156615881,0.017270465466114392,0.025289443670786768,0.06207987983535962
PAN,2019,0.025110296900880864,0.010985116763341095,0.014125180137539765,0.02121834110456943,0.06731208371979529
PAN,2020,-0.03860698773087749,-0.021846422855253515,-0.01676056487562398,-0.04034095710935638,0.07802541087142528
PAN,2021,0.06525991920634477,0.027998618744645844,0.037261300461698926,0.05477517691959148,0.12908200062377448
PAN,2022,0.03768601947524783,0.015479645102522751,0.02220637437272508,0.03075017280366267,0.21089378354359545
PAN,2023,0.031247553596195937,0.006246197723022428,0.025001355873173512,0.017268894664725802,0.2920982268789693
PER,1991,0.015563783634289275,0.010323422618938306,0.005240361015350968,0.014573778545787067,0.011062660492009803
PER,1992,0.022335134442785294,0.011844757811939078,0.010490376630846218,0.018301221680702404,0.03018200799973862
PER,1993,0.02441840600109681,0.00785653566681885,0.016561870334277962,0.018615385238811205,0.04463593630741144
PER,1994,0.039875127949239815,0.018181733223011406,0.021693394726228415,0.03326056446655642,0.053099097947308244
PER,1995,0.035610998600918584,0.016367208724595798,0.01924378987632279,0.029708158870585484,0.05817356001246653
PER,1996,0.03650628398107422,0.01662895662991755,0.019877327351156666,0.03132331497430917,0.05626611030827305
PER,1997,0.042416384339807225,0.020334881659817654,0.02208150267998957,0.0361219160223248,0.06866653618059956
PER,1998,0.02758942575795066,0.019455123645467653,0.008134302112483007,0.022005701623303776,0.07229867513480168
PER,1999,0.02892305460869683,0.021311093364903493,0.007611961243793337,0.024325956921726916,0.06412294641765623
PER,2000,0.04226627580556487,0.025917594929160626,0.016348680876404245,0.03791286755026496,0.05158837283396117
PER,2001,0.01827271361983622,0.009469939338055459,0.008802774281780763,0.014508839581328415,0.04836826088319918
PER,2002,0.021824013536235053,0.01001376831636922,0.011810245219865831,0.017025008403706486,0.05515376607705625
PER,2003,0.02803882082042656,0.01334898230649792,0.014689838513928632,0.02154862866799879,0.06939447989646563
PER,2004,0.042232180516680894,0.01822995323411228,0.02400222728256862,0.03507762461884345,0.07319816509771555
PER,2005,0.042959153743561906,0.020024628328526636,0.02293452541503527,0.0337234455959745,0.08600736336317617
PER,2006,0.04498870873037629,0.017642985926921047,0.027345722803455243,0.03344731318250012,0.09633789616404441
PER,2007,0.04383265389165855,0.0145888950644065,0.02924375882725206,0.030141875915078706,0.10315176208315456
PER,2008,0.023741722372565128,0.0025851975852318487,0.02115652478733328,0.01370654358511675,0.10643742143537434
PER,2009,-0.012393553113193333,-0.02080855547714068,0.008415002363947344,-0.022105077860631782,0.10972256146554006
PER,2010,0.04246954861032358,0.01636645749688504,0.026103091113438538,0.02955773484426854,0.1282925420788558
PER,2011,0.036946496015753616,0.010868725563407716,0.026077770452345904,0.023820070517966568,0.14356143152358325
PER,2012,0.02800066607489657,0.006067256807312945,0.02193340926758362,0.016176676092085965,0.15435737431337243
PER,2013,0.02893667135669132,0.0073152169672099495,0.021621454389481376,0.016973265330737317,0.1605970658471011
PER,2014,0.030187660671823144,0.011716103103889035,0.018471557567934106,0.018077146575739885,0.16718655794771572
PER,2015,0.027048945901501368,0.010522629076112832,0.016526316825388535,0.01505249594089481,0.17761323587548006
PER,2016,0.024115025440459778,0.008652004500425468,0.015463020940034308,0.01129540701382438,0.1942694693194197
PER,2017,0.034018672511873405,0.011834231078647138,0.022184441433226263,0.01979229421756394,0.21233993188239883
PER,2018,0.0349603036953912,0.011144259047447647,0.02381604464794355,0.019464635708810997,0.23775973190161145
PER,2019,0.028132732794750148,0.007722693936927753,0.02041003885782239,0.013291098352972307,0.2566887684157053
PER,2020,-0.032028561708738364,-0.018855487931126406,-0.013173073777611958,-0.038173723967707573,0.27652092134883427
PER,2021,0.06784999197796744,0.023568867024463203,0.04428112495350423,0.04475442865519434,0.2843390364494869
PER,2022,0.03533809367364696,0.012864131787205448,0.022473961886441504,0.025529102981520238,0.2982556071029366
PER,2023,0.030201933361657444,0.007518380968060456,0.02268355239359699,0.01573532835974263,0.3022943538957447
PHL,1991,0.023773423044537972,0.009193055531229358,0.014580367513308615,0.023086170206903133,0.007679601754802082
PHL,1992,0.03106147512545657,0.016673901571129465,0.014387573554327108,0.02956888633448649,0.011167650240933328
PHL,1993,0.028199871919573686,0.013288401822100324,0.014911470097473366,0.02672208047290945,0.011366942768435355
PHL,1994,0.0387121188168552,0.02232623059172282,0.01638588822513238,0.03699196136059496,0.013808743312219358
PHL,1995,0.034528223814673464,0.020283009060504703,0.014245214754168765,0.03320586021784764,0.013032133951213892
PHL,1996,0.03993224175205508,0.02297518878409583,0.016957052967959244,0.038719521122950566,0.013165248065587306
PHL,1997,0.03924177533222138,0.02423097890897677,0.015010796423244615,0.037982892047105574,0.013733194018066244
PHL,1998,0.014310949773439094,0.021918351563743756,-0.007607401790304658,0.013318458210690706,0.012850890076021894
PHL,1999,0.038205690753175356,0.02334947061682395,0.014856220136351411,0.03729586900741957,0.012690713799290902
PHL,2000,0.04719495964911048,0.025050845347454533,0.022144114301655943,0.04613183232893201,0.012598177186016881
PHL,2001,0.010066034848649642,0.007395327413299833,0.002670707435349811,0.008885193507605398,0.015174589123056364
PHL,2002,0.025369614347265198,0.008575924207554085,0.016793690139711114,0.02367149352617779,0.01951607801000332
PHL,2003,0.028938950569474736,0.011706044408679464,0.017232906160795265,0.026424762650048138,0.026882218420192942
PHL,2004,0.04564017462366023,0.015722522230006357,0.029917652393653873,0.041650982715102994,0.04081336872597585
PHL,2005,0.04343629560098669,0.01535405556464458,0.028082240036342118,0.037542631766307004,0.05488463676736268
PHL,2006,0.04615265482716508,0.013465458075591885,0.032687196751573194,0.03716526621802052,0.07501918697977664
PHL,2007,0.04733131157745525,0.01267692415231145,0.0346543874251438,0.03564505939654088,0.08804886812652589
PHL,2008,0.019713718757140675,0.0003349096277083391,0.019378809129432333,0.009931319656051337,0.10375633138434788
PHL,2009,-0.013751031472236094,-0.020494465324330045,0.006743433852093949,-0.023308515420573724,0.10798218068218274
PHL,2010,0.05502177986466785,0.014925093860316749,0.040096686004351095,0.04487729841124436,0.10079616522606821
PHL,2011,0.03451847352019744,0.00739937741405888,0.02711909610613856,0.025384044608845108,0.0999016595100642
PHL,2012,0.02891802215696836,0.006058758037560913,0.022859264119407446,0.02086199464385997,0.10516815864420351
PHL,2013,0.03077605278815613,0.006726821846489982,0.024049230941666146,0.021905149848767267,0.11908322599680965
PHL,2014,0.030017517325752807,0.0075870701631391094,0.0224304471626137,0.02113430398509148,0.12263342828862399
PHL,2015,0.029438455572773678,0.009528008091173755,0.019910447481599924,0.021087727722320787,0.12363655917416405
PHL,2016,0.026643122945907628,0.006778066430182811,0.019865056515724816,0.01868197418114396,0.12064385180842781
PHL,2017,0.03409279140895943,0.011103812486601618,0.022988978922357815,0.026277516176860145,0.11664915525899922
PHL,2018,0.029791309126560438,0.008668556943192018,0.02112275218336842,0.022614814514301553,0.11011344825416565
PHL,2019,0.01747056597649127,0.005344280350100174,0.012126285626391094,0.01072812348482672,0.11661176982147634
PHL,2020,-0.03301615512750413,-0.017386982930716534,-0.0156291721967876,-0.03581792685144388,0.1260745389403085
PHL,2021,0.055656155970704974,0.020550617847016533,0.03510553812368844,0.04443190861163706,0.1381863535582669
PHL,2022,0.02143107692230957,0.009600315609553448,0.01183076131275612,0.01660644548608862,0.14669943353223877
PHL,2023,0.026183795531842205,0.007766597262178854,0.01841719826966335,0.019162058964129453,0.14672629263617118
PNG,1991,0.02301132493853167,0.011041640937870764,0.011969684000660908,0.022835980185578725,0.00195936313207089
PNG,1992,0.022035893762210768,0.014324738685295435,0.00771115507691533,0.021706443301718125,0.002464970617999241
PNG,1993,0.028912555211943036,0.016980967456602065,0.011931587755340973,0.028552206397887196,0.0027717472281303304
PNG,1994,0.04442455524669809,0.025128354908756995,0.01929620033794109,0.04097750363887587,0.02767156614829624
PNG,1995,0.04131010319620386,0.022006768406895166,0.019303334789308697,0.03697310037124811,0.04274195228701606
PNG,1996,0.04294266040998176,0.025665456316215886,0.01727720409376586,0.03828318647587135,0.050583068124270505
PNG,1997,0.03501636030145389,0.023062306767007497,0.01195405353444639,0.03161520127730929,0.037103341761009705
PNG,1998,0.016039924926634464,0.020375974472790694,-0.004336049546156228,0.013551555060168871,0.032219687121452484
PNG,1999,0.03314886524515573,0.020653450415091996,0.012495414830063743,0.03103374018533263,0.029502973422145258
PNG,2000,0.040311668425928565,0.02616641614781384,0.014145252278114726,0.037735292570339925,0.030530340920062866
PNG,2001,0.016486958274091,0.011483424294911612,0.00500353397917939,0.014383727510660749,0.02702790083365685
PNG,2002,0.028519435805553127,0.010167247881011714,0.018352187924541415,0.02531667797758002,0.036808494920783065
PNG,2003,0.03165811449953823,0.011239313792197152,0.020418800707341075,0.027932942135175026,0.03983031513989507
PNG,2004,0.04630540485391641,0.01995346911694414,0.026351935736972268,0.04225534429320949,0.04143611508688882
PNG,2005,0.03585229234917851,0.01912792780881338,0.016724364540365126,0.030837654615043696,0.04669872226820984
PNG,2006,0.039478809264065155,0.019738038439610337,0.019740770824454815,0.033898867957308836,0.046576672983942004
PNG,2007,0.048130118675459264,0.023999785369690243,0.024130333305769025,0.04089810038022613,0.05448889988918435
PNG,2008,0.022206571844159098,0.00883829174798925,0.01336828009616985,0.01734729929157517,0.05153953422291063
PNG,2009,-0.0018509223216909244,-0.010828681084297399,0.008977758762606482,-0.006780281044861961,0.055692785587710146
PNG,2010,0.0442975477728049,0.01808543968180522,0.02621210809099968,0.03852068462425374,0.05739925249833661
PNG,2011,0.03152360289498169,0.015394578436839355,0.016129024458142342,0.026098066104148276,0.05933815177690419
PNG,2012,0.030520596059058033,0.015908542603874316,0.014612053455183717,0.02587126327096624,0.06069514626807305
PNG,2013,0.028001258479024294,0.011076309167164346,0.01692494931185995,0.020673745637321064,0.0983647181899147
PNG,2014,0.031169663483169918,0.011930384707339986,0.019239278775829934,0.022078394775332622,0.12550564828066776
PNG,2015,0.029903334356386525,0.01158403134062275,0.018319303015763774,0.019226741556239196,0.15807211313230377
PNG,2016,0.031607831577507975,0.010998739422269744,0.020609092155238228,0.02135059288714126,0.15543897257659253
PNG,2017,0.03187003992526018,0.01346205192139029,0.018407988003869887,0.020725055220199934,0.16634769891149856
PNG,2018,0.02880310985050931,0.012893720972135604,0.01590938887837371,0.017486219663287346,0.17364212883265917
PNG,2019,0.019849267482422966,0.005838049408107289,0.01401121807431568,0.00825643450151923,0.20050015596265372
PNG,2020,-0.022812834820942637,-0.02218937520300706,-0.0006234596179355749,-0.027529567558261577,0.21224423820151858
PNG,2021,0.0547792510993447,0.02655291240787599,0.028226338691468705,0.03766482577583878,0.2107027716909601
PNG,2022,0.03132479307343124,0.015879479790727152,0.015445313282704088,0.02506185384329534,0.19043312415744437
PNG,2023,0.02459308761795368,0.00859764907432867,0.015995438543625007,0.01603971542219323,0.17873136932991499
POL,1991,-0.01943107607647532,0.014045142651974783,-0.03347621872845011,-0.020731923602755966,0.014536121785884606
POL,1992,-0.020995601053290812,0.007913824754847839,-0.02890942580813865,-0.022154072957364265,0.008667765105104405
POL,1993,-0.0014053839288707217,-0.00106755870538885,-0.0003378252234818714,-0.0024646937883377696,0.008148047259159021
POL,1994,0.01884516378696873,0.021980801128181876,-0.003135637341213147,0.01801488088153923,0.006665182583067641
POL,1995,0.01916541300665308,0.016738976980227034,0.002426436026426047,0.018493315655059527,0.006623641739116148
POL,1996,0.017319903013335337,0.012738014057574824,0.0045818889557605125,0.016787153136257747,0.005783511981499525
POL,1997,0.026769795747353116,0.01997940432292154,0.006790391424431582,0.026563116756822738,0.0022546670608552008
POL,1998,0.01857168846550777,0.018823409954710435,-0.00025172148920266134,0.0184604579509982,0.0014402249537553082
POL,1999,0.026773723748375177,0.019109477498600775,0.007664246249774402,0.026648651694930865,0.0017445764974904846
POL,2000,0.04223610555145151,0.026477063217045748,0.015759042334405764,0.041991702211579204,0.0028962068062071055
POL,2001,0.024362556886128615,0.013612559818017777,0.010749997068110839,0.024090960701947862,0.0034901898833320905
POL,2002,0.01457983071923023,0.004376544119149612,0.010203286600080616,0.014202910296468365,0.004331852176144598
POL,2003,0.016620867888679364,0.0035874210407856135,0.01303344684789375,0.016209737347973586,0.004395892967692474
POL,2004,0.03026823215407861,0.01338266978909326,0.016885562364985347,0.029784491554523895,0.0049491435633868385
POL,2005,0.028770111015812713,0.013370784878202056,0.015399326137610655,0.028147681107040794,0.005796367151969747
POL,2006,0.043997888959469225,0.024961359213568138,0.01903652974590109,0.043240038372896764,0.006325901474758242
POL,2007,0.03950487935389989,0.020068869382462096,0.01943600997143779,0.038568321618545356,0.007056398172528248
POL,2008,0.013092906418867884,0.0023697127363913103,0.010723193682476574,0.012442081378938534,0.006902930234018096
POL,2009,-0.052772760848033964,-0.031135570211360247,-0.02163719063667372,-0.05340868882571406,0.00718482920378335
POL,2010,0.02887871770600632,0.018123960329692296,0.010754757376314018,0.028026912123306387,0.008463590440626622
POL,2011,0.02838535803730504,0.015892129562832653,0.012493228474472387,0.02751440969969368,0.00952541041364619
POL,2012,0.006306521924300904,0.0003541812759804653,0.005952340648320439,0.005517567364488164,0.010299480503814611
POL,2013,0.009347503767995109,0.00314751592747238,0.0061999878405227275,0.008612177540095578,0.009871037928904884
POL,2014,0.019111750024738472,0.012339829163813654,0.0067719208609248165,0.018395255272051568,0.009891263949567972
POL,2015,0.018142237676627246,0.011682137817314265,0.006460099859312982,0.017466851774951827,0.00999941448138082
POL,2016,0.020421346435880276,0.01276074139734086,0.007660605038539413,0.019746965631082174,0.010219617831613943
POL,2017,0.031066525779019888,0.017808819996214694,0.01325770578280519,0.030403983493374847,0.009888966881989243
POL,2018,0.02234966605320662,0.010572698381996037,0.011776967671210581,0.021709047708309198,0.009829408197566829
POL,2019,0.02001023050351502,0.01028608575882446,0.009724144744690563,0.019455563006528835,0.009593075293704116
POL,2020,-0.050195567720830586,-0.0388515688238696,-0.011343998896960986,-0.05042202830137853,0.010190306739404164
POL,2021,0.05466959630367509,0.036820989771235726,0.017848606532439373,0.053774004218259376,0.0110260047377928
POL,2022,0.019963987054292195,0.019626108801832996,0.00033787825245919917,0.019587404402490505,0.011450504028686697
POL,2023,0.009604545233107315,0.003267297025198287,0.006337248207909029,0.00909553171057289,0.010636352751621735
PRK,1991,0.033820038867069725,0.013162898079736331,0.02065714078733339,0.022382988890458432,0.1278015662655022
PRK,1992,0.03793498205467543,0.00480184805102818,0.03313313400364725,0.021762287477179898,0.12100519418849763
PRK,1993,0.035253947288971535,-0.0004085836566551539,0.035662530945626686,0.017390370179880967,0.13740386649070827
PRK,1994,0.04078587914383319,0.006047757977822545,0.034738121166010646,0.016325443238032922,0.19635869931496003
PRK,1995,0.04817553407151752,0.010924538771626718,0.03725099529989081,0.024828439554685732,0.23008986624053204
PRK,1996,0.045985246633491884,0.012179731650384792,0.0338055149831071,0.027761762541779932,0.19783343577146073
PRK,1997,0.031755134120171946,0.005504864391908033,0.02625026972826392,0.021113706873617574,0.11608763634717975
PRK,1998,0.007590454528611502,-0.000977420846823206,0.008567875375434707,0.0009612362675546408,0.08583584824327192
PRK,1999,0.028250814438598983,0.0031930258535139383,0.025057788585085047,0.02251943740638057,0.07994452312336352
PRK,2000,0.043750858456310035,0.011444408391072863,0.03230645006523718,0.03737829887622673,0.0755155409841801
PRK,2001,0.023827422740649973,0.0036370053034815997,0.020190417437168366,0.020414685429257718,0.04385592262505404
PRK,2002,0.026619577356858156,0.0019207298895306795,0.02469884746732748,0.01992759153792617,0.07690931979768109
PRK,2003,0.036401249341317776,0.004139586469487819,0.03226166287182995,0.02217354967399636,0.1521255142141764
PRK,2004,0.05805891505119602,0.006089266883919008,0.05196964816727702,0.030757796967412702,0.27931737166985304
PRK,2005,0.061771734252603745,0.0047330924814223555,0.05703864177118139,0.02151920453038266,0.37485094751618775
PRK,2006,0.07897381843549914,0.004188309411066251,0.07478550902443289,0.03438917389266498,0.37215524228946306
PRK,2007,0.08380807601165827,0.004186029948982554,0.0796220460626757,0.04009073063739174,0.32938385361793576
PRK,2008,0.062240610002193865,1.9081397728054117e-05,0.06222152860446582,0.03843021582521154,0.25254327932130893
PRK,2009,0.034423934918910715,-0.0037926800452193965,0.03821661496413012,0.009565898659415244,0.2808505854978671
PRK,2010,0.06963730435292505,7.408012709532558e-05,0.06956322422582972,0.03349652624682943,0.3590968999358087
PRK,2011,0.06443811885796831,-0.0003440203935385255,0.06478213925150685,0.022018432259277645,0.46393673082717474
PRK,2012,0.05966495684079434,-0.00016374311955058741,0.05982869996034492,0.017263832534098373,0.553529411428066
PRK,2013,0.06074597537824572,0.00011662450135335415,0.06062935087689238,0.014220572956288565,0.6245581818515683
PRK,2014,0.06303130490803689,0.0005622169083372746,0.06246908799969961,0.011367440810493696,0.7132235295890804
PRK,2015,0.05860644743339352,0.0003958116116133926,0.05821063582178013,0.008744932909447677,0.7382238053200278
PRK,2016,0.05493651988588226,0.00039495662089764674,0.05454156326498462,0.005516723467160072,0.7489113407768339
PRK,2017,0.05434597890216283,8.417667398069322e-05,0.05426180222818211,0.005690713102930991,0.7262182694566383
PRK,2018,0.056046181118874674,3.953751894920413e-05,0.05600664359992547,0.005337323474308094,0.7780577390436159
PRK,2019,0.044100894204863336,5.573381251519849e-05,0.04404516039234814,0.0076756634500968635,0.6299809942346805
PRK,2020,-0.010795194890092456,-0.0002056023922090061,-0.010589592497883448,-0.022973142725267532,0.5479851000851379
PRK,2021,0.04769383498049153,0.00028536398568217906,0.04740847099480935,0.019134291894385924,0.3516083521779121
PRK,2022,0.021243586615044635,0.00019344868921021565,0.02105013792583442,0.010049452548279492,0.3403727617719686
PRK,2023,0.035611860626168806,4.275749391200466e-05,0.03556910313225681,0.021091174165500243,0.3034244407149771
PRY,1991,0.024619335964560306,0.008122926804362338,0.01649640916019797,0.024599074109742693,0.00022641299866928965
PRY,1992,0.020955242566717866,0.005630883160496575,0.015324359406221288,0.02060894605611367,0.0025910139038159584
PRY,1993,0.03250464860247094,0.002307814105208683,0.030196834497262254,0.03228007209786454,0.0017274076668654798
PRY,1994,0.04297674901301908,0.011940385611032816,0.03103636340198626,0.042740086124007905,0.0018998360144242075
PRY,1995,0.0318073392568623,0.011764737228725414,0.02004260202813688,0.03178226023999312,0.0002471582762776913
PRY,1996,0.03180930493053589,0.00985736312006176,0.021951941810474128,0.0317865364623129,0.00024717360704120886
PRY,1997,0.045176813712789816,0.011056158758059272,0.034120654954730545,0.045176813712789816,0.0
PRY,1998,0.020346971032830327,0.0099259821478484,0.010420988884981924,0.02033948528411375,9.692629892693816e-05
PRY,1999,0.00872736534637714,0.011149745231510336,-0.0024223798851331995,0.008686889061660617,0.0005645863570443041
PRY,2000,0.030759013528508305,0.011729138998165196,0.01902987453034311,0.030661696773047822,0.0011532143941645715
PRY,2001,0.0014824552575229944,0.0047321625051987126,-0.0032497072476757195,0.0012027250898616918,0.003594716929397309
PRY,2002,-0.009376716173565768,0.0016005167990955156,-0.010977232972661283,-0.009784416452033616,0.004685597361784608
PRY,2003,0.02284153143519293,0.0010561016048700694,0.021785429830322854,0.02235191297201941,0.005235102105093062
PRY,2004,0.055232262656348764,0.001955379505643171,0.053276883150705605,0.05473656507803024,0.0050714752521906865
PRY,2005,0.047530374038341844,0.0022433611622448436,0.045287012876097,0.0465951286821852,0.008709455289760403
PRY,2006,0.046475752882600044,0.0026149176060858296,0.043860835276514215,0.04467671128031177,0.015016891359202783
PRY,2007,0.06226290266175461,0.0020566800648361768,0.060206222596918435,0.06033042375206955,0.014560064085733222
PRY,2008,0.04512500890358809,0.0003990506161735377,0.04472595828741455,0.04387486360199547,0.013259578642235663
PRY,2009,-0.015507447612607889,-0.0044735279924907004,-0.011033919620117192,-0.016468440506760038,0.01085747136919652
PRY,2010,0.06343336891717062,0.0022344255991314376,0.06119894331803917,0.0623008540586202,0.011252734339112011
PRY,2011,0.04247302553807364,0.0011512934039595443,0.04132173213411411,0.041639840660758425,0.009112398019654242
PRY,2012,0.01987019748123179,-0.002304927054289405,0.022175124535521194,0.019458345131484,0.005376564713288958
PRY,2013,0.026073729984704967,-0.0005811865620981792,0.02665491654680314,0.02570159821256194,0.004995506345350064
PRY,2014,0.012971635383825796,0.002821969086509089,0.010149666297316706,0.012590573884953842,0.005260582652176896
PRY,2015,0.001329748954130832,0.0030548916845941233,-0.0017251427304632904,0.0009496409786351793,0.005627682166937229
PRY,2016,0.0005648454036222949,0.0031492764442449463,-0.00258443104062265,0.0002405859810399374,0.004913851867541869
PRY,2017,0.02443434301692618,0.004124162110340521,0.020310180906585658,0.02424051277935845,0.00289306938072526
PRY,2018,0.01725666837903589,0.0027818886923310264,0.01447477968670486,0.01717726461832718,0.0012183415954982546
PRY,2019,0.007864389400838952,0.0019646334241334835,0.0058997559767054696,0.007864389400838952,0.0
PRY,2020,-0.05950416620429472,-0.0072072005100838185,-0.05229696569421089,-0.05950416620429472,0.0
PRY,2021,0.0729472856114339,0.005752269666435012,0.06719501594499888,0.07294728561143389,0.0
PRY,2022,0.03495392509470401,0.00306291382996002,0.031891011264743994,0.034922175418236286,0.0009653917846820537
PRY,2023,0.013529371956990973,0.0009882316193675145,0.01254114033762346,0.013448202951029053,0.0016961085348200188
ROU,1991,-0.037904942029318184,0.008932880586217508,-0.04683782261553569,-0.04029331299771,0.026688486209969997
ROU,1992,-0.0358453022037477,0.005718955333292732,-0.041564257537040426,-0.039816107452499236,0.029709833318591897
ROU,1993,0.005116683432883344,0.0001575271833265347,0.004959156249556808,-0.0004938458685917342,0.04315532182464071
ROU,1994,0.014504132638964707,0.012271858509841981,0.002232274129122724,0.00692863407119847,0.060813104523463855
ROU,1995,0.02886621222175674,0.01092762568318507,0.017938586538571673,0.02273111795380484,0.060462470757053556
ROU,1996,0.028990204977146147,0.008314304173225224,0.020675900803920923,0.024152032391395132,0.052523013748492164
ROU,1997,0.03190151112688956,0.014864305688719253,0.017037205438170312,0.029372399695990783,0.027590149447926628
ROU,1998,0.02428366100941092,0.015363197460786857,0.008920463548624065,0.023217924202517844,0.013799277565068317
ROU,1999,0.023266092890643623,0.016459644940647694,0.006806447949995932,0.022768536297974883,0.00694020377723985
ROU,2000,0.042571720952017764,0.026381300862195495,0.016190420089822254,0.042219887651517185,0.004169263808311568
ROU,2001,0.018649070308544513,0.01367218627305903,0.004976884035485483,0.018248646684945684,0.005145707346174269
ROU,2002,0.01819620659088097,0.005773075936508676,0.012423130654372295,0.017596439567011072,0.006892972443607983
ROU,2003,0.019452389783689582,0.006033526296773564,0.013418863486916018,0.01846536292622123,0.010553495768571012
ROU,2004,0.03183394691231647,0.013778842985495891,0.01805510392682057,0.030546682577423555,0.013169984085018203
ROU,2005,0.02927566199880293,0.012642047189749615,0.016633614809053312,0.027847876273459887,0.013296228477771154
ROU,2006,0.03902332383627444,0.020809879303783425,0.018213444532491005,0.037733412095156335,0.010767102025151954
ROU,2007,0.03378056586071451,0.01636636112551248,0.017414204735202034,0.03276353673287149,0.007662701623411258
ROU,2008,0.012273131897845412,0.00038589810792428515,0.011887233789921127,0.011649990327693855,0.006609307449417817
ROU,2009,-0.04228213573146192,-0.028300165075542085,-0.013981970655919837,-0.04278366176532246,0.0056663317561277
ROU,2010,0.029444999382813686,0.013076995115093833,0.01636800426771985,0.028856923105994175,0.0058431605238754404
ROU,2011,0.027778514341791856,0.01077940284286773,0.01699911149892413,0.027154358751159423,0.00682628108465214
ROU,2012,0.0022774302896114208,-0.004397850588127538,0.006675280877738957,0.001656118096164194,0.0081109776774861
ROU,2013,0.010655686576291595,-1.8230482144749574e-05,0.010673917058436344,0.010023102395169719,0.008491826087743569
ROU,2014,0.018877147823995057,0.008849381157506832,0.010027766666488223,0.01821729151005801,0.00910936604275795
ROU,2015,0.02017239317650902,0.009005063572372976,0.011167329604136043,0.019508074106862932,0.009835564687977407
ROU,2016,0.021443067364202557,0.010398013833519966,0.011045053530682589,0.020770103782653728,0.010198141123073916
ROU,2017,0.03090031729074471,0.0149490964849075,0.01595122080583721,0.030203389384335595,0.01040219942928469
ROU,2018,0.023166950278495003,0.008862717127142494,0.014304233151352506,0.02246815004574803,0.01072212931605098
ROU,2019,0.02009474512212256,0.008507293506391882,0.01158745161573068,0.019475375787137438,0.010712105355745597
ROU,2020,-0.05445195700390521,-0.041119131755916374,-0.01333282524798883,-0.054676783342831506,0.010116768892903609
ROU,2021,0.06145913729079354,0.03609915388914851,0.02535998340164502,0.06067297251433863,0.009678799858815096
ROU,2022,0.029216430439682434,0.019699081360050875,0.009517349079631561,0.028868696881994227,0.010573308367149988
ROU,2023,0.010519670340812904,0.003652025149434135,0.00686764519137877,0.009966630016872383,0.011556337328748856
RUS,1993,0.009513337891971499,-0.00028379340387998107,0.00979713129585148,-0.00025220622694853987,0.07511505182477546
RUS,1994,0.034986564359759886,0.016395598747856927,0.01859096561190296,0.02584526061926261,0.07338276878791783
RUS,1995,0.02812365660554906,0.014764011250902508,0.013359645354646559,0.021615257940793338,0.06414145353864424
RUS,1996,0.024818251263676507,0.012193195598797463,0.012625055664879046,0.019805791766613616,0.054415065690991284
RUS,1997,0.03546892427515277,0.01766500946906374,0.01780391480608903,0.030924041956668348,0.04958025212264472
RUS,1998,0.029664655827630323,0.016435648656411093,0.013229007171219236,0.02579439856201779,0.05011251737856891
RUS,1999,0.028212931127476127,0.016043101427197705,0.012169829700278426,0.02461891903478381,0.05013133514594086
RUS,2000,0.048435419675330764,0.020088186736677033,0.028347232938653735,0.044433987970222424,0.047417411500852
RUS,2001,0.031479035010234586,0.008946905415200478,0.02253212959503411,0.027700556873535113,0.04855593316555277
RUS,2002,0.029886338740723866,0.005074583707659515,0.02481175503306435,0.025546862804747987,0.049872511918678086
RUS,2003,0.03538698788816576,0.005617377543014734,0.029769610345151024,0.030244477640720652,0.054984785596865156
RUS,2004,0.05099254450800461,0.010948750437342909,0.040043794070661706,0.045256677665898935,0.058683576462638415
RUS,2005,0.04488516013276724,0.010741425353790064,0.03414373477897717,0.038175303230656314,0.06248541979377309
RUS,2006,0.05460623104380722,0.016033573944481336,0.03857265709932589,0.047494983123890736,0.05935873706639915
RUS,2007,0.05149039872368372,0.01554159187446674,0.035948806849216974,0.0439656463888501,0.05669447447801811
RUS,2008,0.023294405689032252,0.003333447107121566,0.019960958581910687,0.018425822858995963,0.05163828302907206
RUS,2009,-0.035233850476844034,-0.023346122614417222,-0.011887727862426808,-0.03951403693351156,0.04835832001556165
RUS,2010,0.03734505261045062,0.010899655873769187,0.026445396736681427,0.03200961798728533,0.05301319267018464
RUS,2011,0.03484316184365083,0.0081563909522023,0.02668677089144853,0.029545132687551087,0.057943622963584934
RUS,2012,0.013168783398795484,-0.002931779856193427,0.01610056325498891,0.007922468664444756,0.06848850247617022
RUS,2013,0.018366452445143275,0.001060065148976411,0.01730638729616686,0.013265107640823517,0.06848058200739497
RUS,2014,0.022580057477970476,0.006987785617863833,0.015592271860106643,0.017439931816782654,0.07095982134983427
RUS,2015,0.019900408496851135,0.008007029447790595,0.011893379049060538,0.015139446004052655,0.07048834922035341
RUS,2016,0.02445688697248323,0.008695514967244496,0.015761372005238732,0.019471510985656762,0.07554876557841106
RUS,2017,0.03572275734488212,0.010962080571199928,0.024760676773682194,0.02997765793016612,0.08575014618206583
RUS,2018,0.031239311870878722,0.007169919551043742,0.02406939231983498,0.024907809973499867,0.0971481961899965
RUS,2019,0.026248009808573516,0.006381229340533952,0.019866780468039563,0.019829254932951602,0.11101353360030128
RUS,2020,-0.028659628227177464,-0.021097673656906037,-0.007561954570271432,-0.03137040071671332,0.12197974191478295
RUS,2021,0.0611122853690874,0.022694141783680438,0.03841814358540696,0.0501885152974631,0.13448705334234942
RUS,2022,0.027108884879346692,0.013631265375557209,0.013477619503789484,0.022530313301544203,0.13921765128167904
RUS,2023,0.02709067387518556,0.00250690446793396,0.0245837694072516,0.019885384081967925,0.15056182306657512
RWA,1991,0.027176683189573527,0.02028649468837257,0.006890188501200958,0.027176683189573524,0.0
RWA,1992,0.022206972589720337,0.013514898044087363,0.008692074545632974,0.02220697258972034,0.0
RWA,1993,0.0036525649693000136,0.001606109366662828,0.002046455602637184,0.0036495402669719412,2.3265541516268067e-05
RWA,1994,0.028963226473086887,0.02386814521447635,0.005095081258610537,0.028956640128032583,5.287257157161052e-05
RWA,1995,0.029217717450884986,0.020410673105490364,0.008807044345394626,0.02921235249959009,5.2872571571610515e-05
RWA,1996,0.02582205816913915,0.016290636340112775,0.009531421829026374,0.02580712689414201,0.00016209334166104425
RWA,1997,0.031264732052484964,0.020888656382848633,0.010376075669636331,0.031227690505372427,0.0004040873043913757
RWA,1998,0.022082922194826236,0.01859050157969477,0.0034924206151314644,0.02188665358938268,0.002541307521995114
RWA,1999,0.02516500677923129,0.020158617245414026,0.005006389533817264,0.024477484912791662,0.009589948007333666
RWA,2000,0.03741795250544055,0.02757190520702355,0.009846047298417,0.03572990350103893,0.020003568765931866
RWA,2001,0.023650284948703457,0.00877349595060221,0.014876788998101242,0.02216720335470658,0.019058575477183315
RWA,2002,0.019379516531362103,0.005900600529070263,0.01347891600229184,0.018314347336495625,0.01224172322883059
RWA,2003,0.023865214654988958,0.0037972726047821427,0.020067942050206816,0.023718527936725887,0.0015684047995061946
RWA,2004,0.047668105370372416,0.013514100290252342,0.03415400508012007,0.047221654513013536,0.004567632712863355
RWA,2005,0.05277476677510754,0.005503810567265328,0.04727095620784221,0.05225525788048484,0.004837917088348976
RWA,2006,0.06152450389761112,0.0077772520440388335,0.05374725185357228,0.06035879722176668,0.009730342247554296
RWA,2007,0.05305692539411889,0.013150665174820124,0.03990626021929876,0.05149773413805518,0.011747566556316008
RWA,2008,0.01403316230593049,0.002617792988004181,0.011415369317926308,0.012823587587559332,0.012829269590878947
RWA,2009,-0.003511568792688783,-0.01363360042759314,0.010122031634904358,-0.004639936441142038,0.01274850158784749
RWA,2010,0.05269379950149869,0.00874702497052857,0.04394677453097011,0.0510484166349018,0.01634862107472942
RWA,2011,0.03855658642930106,0.006065107530586642,0.032491478898714427,0.034988068441535916,0.039028260269910346
RWA,2012,0.02142806526075277,0.0033420617017485155,0.01808600355900425,0.017688085060234445,0.048823918539787535
RWA,2013,0.03159110567088265,0.006198526034985837,0.02539257963589681,0.027825572502300295,0.050548612737235904
RWA,2014,0.03951886616865029,0.0088240654889757,0.03069480067967459,0.03649849910078944,0.04169639453849469
RWA,2015,0.03666838590785618,0.006204306361076923,0.030464079546779245,0.03419231537121238,0.036659420221263894
RWA,2016,0.025165505447478476,0.006315355484133947,0.01885014996334453,0.022820432451335228,0.03553741393187621
RWA,2017,0.02820867945113959,0.0060755770021928964,0.022133102448946698,0.026604147192996634,0.023948911195020784
RWA,2018,0.035681313894502006,0.006671570319018096,0.02900974357548391,0.034640996449050464,0.01596224164955897
RWA,2019,0.02202993469924059,0.00403308396102367,0.01799685073821692,0.02147149859371912,0.009658254064098704
RWA,2020,-0.034733477205045445,-0.007590825912251676,-0.02714265129279378,-0.034902625044820355,0.007611339542817442
RWA,2021,0.054035822610984836,0.008298459243897372,0.04573736336708747,0.05341175319852598,0.007683176761537566
RWA,2022,0.06628491279031484,0.003958867817185728,0.06232604497312909,0.06601651969792062,0.00816085438622401
RWA,2023,0.05190871242005278,0.0007383660742554676,0.05117034634579731,0.05144141388642,0.009764675836677067
SAU,1991,0.02119541693396345,0.008246651240220443,0.012948765693743012,0.021109890754970335,0.0009556992104062407
SAU,1992,0.03452104059794604,0.011658314293633029,0.022862726304313012,0.0343271947777376,0.0014503675318021296
SAU,1993,0.03427142075053599,0.007754889121304238,0.026516531629231753,0.03408972907333154,0.0013975442211049951
SAU,1994,0.03682573306334719,0.015636329296587877,0.02118940376675931,0.03662419414243273,0.0016178746987382787
SAU,1995,0.04078141160149171,0.016381926721867265,0.02439948487962445,0.040587128083957036,0.0019146994299468348
SAU,1996,0.042558303354790245,0.016396763941896056,0.02616153941289419,0.0422490115350983,0.003357659986297222
SAU,1997,0.04002504245174155,0.01607280026049895,0.02395224219124261,0.03965014948764197,0.004089718143738717
SAU,1998,0.012968178443515273,0.013249009365528277,-0.00028083092201300515,0.01254610071836447,0.00546510887652293
SAU,1999,0.0396934109810881,0.014444384230558823,0.025249026750529282,0.03923305979520887,0.006421241495282618
SAU,2000,0.05014557257778149,0.018687679302395385,0.031457893275386103,0.04923397629076895,0.010802517561086772
SAU,2001,0.022129880150694614,0.005116057499172845,0.017013822651521765,0.017853021977187765,0.05496044495119005
SAU,2002,0.036443787357041464,0.0047706944946751765,0.03167309286236629,0.027863456594733608,0.09861159608278042
SAU,2003,0.046722366688082974,0.006158518959569743,0.040563847728513236,0.033685117368026415,0.1393969723234545
SAU,2004,0.05982981729356898,0.008891364520524535,0.05093845277304444,0.046201852936010826,0.13942751992361188
SAU,2005,0.05429657548615539,0.008416254805810238,0.04588032068034517,0.039332788764780316,0.1393499904141699
SAU,2006,0.06028642622578131,0.007274704192819676,0.05301172203296163,0.0435948588796706,0.1393272135188777
SAU,2007,0.05811993252308778,0.006667194857562682,0.0514527376655251,0.03964182524753544,0.13922140353859866
SAU,2008,0.030028374661115978,-0.0014414331981136598,0.031469807859229634,0.01690305135820119,0.1392128229559025
SAU,2009,0.008087620508497291,-0.013952413240788126,0.02204003374928542,-0.004232320216005186,0.13919291651422527
SAU,2010,0.059686430410380104,0.009391358122378563,0.05029507228800154,0.0456785382287568,0.13918324177440916
SAU,2011,0.03904429689197364,0.002531083203229811,0.03651321368874383,0.02631826768324416,0.13918236698361952
SAU,2012,0.036399908008824804,0.0030648774622689928,0.033335030546555816,0.02573858593833578,0.1391792181744318
SAU,2013,0.037648446538196226,0.0043157559818404285,0.03333269055635579,0.027287757102842324,0.13908215769498714
SAU,2014,0.037423809422642895,0.0047656398461215525,0.032658169576521345,0.027356136571152715,0.13898498092072534
SAU,2015,0.03753589261042111,0.00633603682235156,0.031199855788069546,0.02815496028526179,0.13888923400437325
SAU,2016,0.0365213485596228,0.004148480870528417,0.03237286768909438,0.027356225811304563,0.13888896481222576
SAU,2017,0.035843560443690636,0.00706749797510497,0.028776062468585672,0.026538259522268935,0.1388889654783229
SAU,2018,0.034050754039888886,0.005771705332129512,0.02827904870775938,0.02546883803729064,0.13167770823090666
SAU,2019,0.0253647615268128,0.0038238279181984397,0.021540933608614365,0.01792182134674941,0.1287270048125093
SAU,2020,-0.032630269302346714,-0.015874131366522683,-0.016756137935824027,-0.03582152100842574,0.14360041685360384
SAU,2021,0.05719433269144705,0.01504692238287161,0.04214741030857545,0.04387415138881243,0.1639902635840466
SAU,2022,0.04027000157233554,0.00751470887473739,0.03275529269759815,0.0342853902135611,0.18197018940176046
SAU,2023,0.03110962965610026,0.004428224662893671,0.026681404993206585,0.022735990386337904,0.1749756679244233
SDN,1991,0.024828506528815228,0.009096130175876821,0.01573237635293841,0.014951162331720336,0.110372872507655
SDN,1992,0.019237765059306015,0.00563322628246911,0.013604538776836898,0.010529429697859369,0.06515635390386465
SDN,1993,0.02433038625010516,-0.0002772976877968515,0.02460768393790201,0.017124936361975804,0.05542320378431863
SDN,1994,0.036087845155427525,0.01151416603524835,0.024573679120179173,0.034081098682697965,0.016109366519777436
SDN,1995,0.03571175026016151,0.012809059425880533,0.02290269083428098,0.03133233396038649,0.04315994480171315
SDN,1996,0.04014026119123606,0.009764655900225244,0.03037560529101082,0.03305177155895634,0.07695236823687629
SDN,1997,0.03165939034770075,0.011143721026267732,0.020515669321433023,0.022441176721563254,0.10056175796796096
SDN,1998,0.019992221828653955,0.009068942903576831,0.010923278925077124,0.013810697555327218,0.08003905717727651
SDN,1999,0.026479436029900532,0.009360706955018068,0.01711872907488246,0.023735378124500408,0.038275688274724634
SDN,2000,0.04685803408013012,0.014387766510003919,0.0324702675701262,0.043696609773577554,0.037463230243621005
SDN,2001,0.030253731138655704,0.004875358230862179,0.025378372907793524,0.014966913760074866,0.19644567365334975
SDN,2002,0.048020772431847256,0.0017773349286475232,0.04624343750319973,0.014596833642507141,0.3841329714081397
SDN,2003,0.06927946051107796,0.002260928042159267,0.06701853246891867,0.02046498425346038,0.5219344992811354
SDN,2004,0.07788556486697483,0.0030813620498404914,0.07480420281713435,0.02998025613570432,0.49011856887280536
SDN,2005,0.07754689011462806,0.0030787112035497756,0.07446817891107829,0.021041119558928137,0.5262089557875287
SDN,2006,0.08906179922988984,0.0034973532803580817,0.08556444594953178,0.01679272916231768,0.6032416217918293
SDN,2007,0.10515413205192325,0.0026068444129113185,0.10254728763901196,0.04378821614933164,0.4623551976394204
SDN,2008,0.04408637730319853,-0.0011095982626064982,0.04519597556580504,0.021670292759795165,0.2377546317820875
SDN,2009,0.0037433418197782373,-0.0063621586347922,0.010105500454570438,0.003743341819778238,0.0
SDN,2010,0.1841136759006281,0.003755472848856272,0.18035820305177183,0.1841136759006281,0.0
SDN,2011,0.15708329385447237,0.0008624025472684665,0.1562208913072039,0.15708329385447237,0.0
SDN,2012,0.07439626218274935,0.0006195663161948154,0.07377669586655454,0.07439626218274933,0.0
SDN,2013,0.06970621755775369,0.0007686364238012084,0.06893758113395247,0.06970621755775369,0.0
SDN,2014,0.021163930231808938,0.0010068383877768108,0.020157091844032124,0.021163930231808934,0.0
SDN,2015,-0.025107022412743873,0.0006527638317422955,-0.025759786244486167,-0.02510702241274386,0.0
SDN,2016,0.023231934442752688,0.0006733561104431922,0.022558578332309495,0.023231934442752684,0.0
SDN,2017,0.027622853943578204,0.001201973195612036,0.026420880747966172,0.027622853943578204,0.0
SDN,2018,0.033224946578000805,0.0008346720447375696,0.03239027453326324,0.033224946578000805,0.0
SDN,2019,0.017463564270722952,0.0007785906884511318,0.01668497358227182,0.017463564270722952,0.0
SDN,2020,-0.13513770579052325,-0.0033511110299118776,-0.1317865947606114,-0.1366312647525506,0.06720738735023933
SDN,2021,0.06533914836631494,0.003813219400606773,0.06152592896570817,0.054485371775086104,0.1336253346435996
SDN,2022,0.06288292294663958,0.0018035889759881628,0.06107933397065141,0.05713998621172549,0.1746217461293346
SDN,2023,0.03811440546138064,0.00036489522427007957,0.03774951023711056,0.03084290152842449,0.15194543453508244
SEN,1991,0.026235870915732824,0.009689772419368012,0.016546098496364813,0.026200965125339988,0.00039004941773122977
SEN,1992,0.010606949324481923,0.0075601047414580284,0.0030468445830238956,0.010473645746757633,0.0009973863805599129
SEN,1993,0.007231406518407812,-0.0019898926228002324,0.009221299141208044,0.0069814141241382344,0.0019229027510077742
SEN,1994,0.02702418561600871,0.013296083310848871,0.013728102305159844,0.026605152255039993,0.0033638339907868737
SEN,1995,0.03422937006127793,0.012774389376862963,0.021454980684414968,0.03393906313004825,0.002861027650664645
SEN,1996,0.04316389689066068,0.0074839008316464235,0.03567999605901425,0.043003763759290756,0.0017383990569708203
SEN,1997,0.03551164727103771,0.01158888652503941,0.023922760745998303,0.03534918357932838,0.0017723210924436258
SEN,1998,0.03462690004442166,0.013320514774747898,0.02130638526967377,0.034343230118909024,0.0036729894413827565
SEN,1999,0.042589750479029166,0.014122312595352203,0.02846743788367696,0.04222915306580176,0.005029818851199443
SEN,2000,0.03417942219025577,0.020219197235723692,0.013960224954532075,0.03351847350067247,0.007832315607163813
SEN,2001,0.035804203574365145,0.010752652742402223,0.025051550831962924,0.034826902423050796,0.012558963600961455
SEN,2002,0.02110975751088964,0.0067867200818046034,0.014323037429085039,0.01982227140635497,0.014796755885016345
SEN,2003,0.03643757106549094,0.007559281651499521,0.02887828941399142,0.03514786490084381,0.013789805665688094
SEN,2004,0.03969676945666264,0.0109439918031865,0.028752777653476138,0.03849933166222991,0.012250969958544106
SEN,2005,0.035643022577413905,0.007116591296849205,0.028526431280564698,0.03452221403294929,0.010437509090139642
SEN,2006,0.04398042230019723,0.01047032672322431,0.03351009557697292,0.04267391704024724,0.01090561081185728
SEN,2007,0.03360753694120155,0.008627684574130585,0.024979852367070957,0.03247901413608527,0.008502739296327994
SEN,2008,0.027522822195289308,0.0010069368741470299,0.026515885321142275,0.02680365753084805,0.007627769678234795
SEN,2009,0.018764307919695584,-0.010992052427796847,0.02975636034749243,0.018349473185015848,0.004686877792896963
SEN,2010,0.045492012225172775,0.004406468820910001,0.04108554340426278,0.04480565022421577,0.006819733267885194
SEN,2011,0.02467030510058575,0.002619502521248424,0.022050802579337326,0.023881274858355887,0.008629486459129004
SEN,2012,0.021127699219967596,-0.0014707579502923503,0.022598457170259944,0.020317959395058156,0.010570823675569475
SEN,2013,0.03403945121180962,0.0018603506938762533,0.03217910051793336,0.03343285831493039,0.008142918429012191
SEN,2014,0.038839868538101646,0.0050009235709317775,0.033838944967169875,0.038228246927584406,0.00844348233423771
SEN,2015,0.03953132356042422,0.005119382677716599,0.034411940882707624,0.03879390618614301,0.010917820394114743
SEN,2016,0.038612292805262245,0.005279407574456761,0.03333288523080548,0.03684532252386261,0.026776801574489955
SEN,2017,0.03893852839296928,0.006056568368103015,0.032881960024866264,0.03623554352973492,0.040344183872006244
SEN,2018,0.038558545480645134,0.006569900016233301,0.03198864546441184,0.035439247651131114,0.04786133881474628
SEN,2019,0.033585510006645024,0.004834126387579678,0.028751383619065343,0.03109232890664671,0.04312002081080898
SEN,2020,-0.02797329011046147,-0.01813636284826191,-0.009836927262199554,-0.029073695830749716,0.04951621955750809
SEN,2021,0.05356098690281754,0.02133105025536782,0.03222993664744971,0.048714918940616164,0.05966194786781317
SEN,2022,0.043628729646058684,0.012874549837491174,0.030754179808567504,0.041356754661024925,0.06908246727441945
SEN,2023,0.03727101051522056,0.004475406925425941,0.03279560358979462,0.034392729832027485,0.06014458812840243
SLE,1991,0.010069969948672756,0.010069969948672756,0.0,0.010069969948672756,0.0
SLE,1992,0.01881868768567786,0.01881868768567786,0.0,0.01881868768567786,0.0
SLE,1993,0.01657202636934786,0.01657202636934786,0.0,0.01657202636934786,0.0
SLE,1994,0.033448864965447744,0.033448864965447744,0.0,0.033448864965447744,0.0
SLE,1995,0.023808558376503045,0.023808558376503048,0.0,0.023808558376503045,0.0
SLE,1996,0.0235275625535417,0.0235275625535417,0.0,0.0235275625535417,0.0
SLE,1997,0.03477385211206218,0.03477385211206217,0.0,0.03477385211206217,0.0
SLE,1998,0.031209959589447053,0.031209959589447053,0.0,0.031209959589447053,0.0
SLE,1999,0.028096633013280886,0.028096633013280886,0.0,0.028096633013280886,0.0
SLE,2000,0.038994471359690974,0.038994471359690974,0.0,0.038994471359690974,0.0
SLE,2001,0.023028436866636103,0.012538122876727039,0.010490313989909064,0.0230284368666361,0.0
SLE,2002,0.02863430665347334,0.007858017354924134,0.020776289298549203,0.02861999139674473,0.00016452166629095003
SLE,2003,0.03157835174106627,0.007218654202409594,0.024359697538656667,0.03137633648377175,0.0021599890083161483
SLE,2004,0.04655916616956096,0.010785132872087625,0.035774033297473334,0.04634804632120856,0.002159964327034575
SLE,2005,0.04403966426463263,0.009596018790749956,0.034443645473882664,0.043328503377357344,0.006622672767928716
SLE,2006,0.048651220056699696,0.006896672987983004,0.041754547068716695,0.04765117992706383,0.008347496779665151
SLE,2007,0.05047040870965233,0.008675582265370647,0.04179482644428168,0.04911966057092544,0.010177073273598328
SLE,2008,0.038327352177769905,0.003814586898336722,0.034512765279433186,0.03680607500632126,0.016135319843032455
SLE,2009,-0.004125771707007842,-0.013473190356085706,0.00934741864907786,-0.00613287599999162,0.02267662698514455
SLE,2010,0.0430843358432212,0.004977365085053784,0.03810697075816742,0.03982590798232316,0.03237593114564416
SLE,2011,0.024038689622031085,0.003615593838383018,0.020423095783648072,0.020921032747906337,0.034097270724931524
SLE,2012,0.031679133118440936,-0.0015894018105963653,0.03326853492903731,0.027929771442572193,0.04894638988020493
SLE,2013,0.03673337845726354,0.0018359519518045709,0.03489742650545897,0.018949783597258265,0.23872742833725627
SLE,2014,0.0414760670683672,0.0045061336136125495,0.036969933454754654,0.01310259972402357,0.39169785070287855
SLE,2015,0.05161186269809212,0.0018093619942743133,0.049802500703817795,0.014800435879854914,0.5450109537280108
SLE,2016,0.040993778552126284,0.002073430785437173,0.03892034776668912,0.018209518827117726,0.3452743988398843
SLE,2017,0.03345425721831503,0.005319390724977902,0.028134866493337126,0.020201196450391666,0.19781239908542284
SLE,2018,0.031513401681020084,0.006779302489029531,0.024734099191990554,0.029188014269485113,0.035679874401849186
SLE,2019,0.03724547148490133,0.005298921391936198,0.03194655009296513,0.033339385061950486,0.06755647547888637
SLE,2020,-0.03353695424802473,-0.006333861981204569,-0.02720309226682016,-0.03544297937664657,0.08576760099560794
SLE,2021,0.05073312454130185,0.0070041203918032,0.043729004149498645,0.042336632063971265,0.10337269315294971
SLE,2022,0.032805196364431674,0.004892466467355347,0.02791272989707632,0.02826931897128746,0.1379194769470616
SLE,2023,0.03055439966505998,0.00038652585930576855,0.030167873805754208,0.020297880094129743,0.2143203575754666
SLV,1991,0.027124537177739508,0.00998278896636893,0.017141748211370576,0.027124537177739508,0.0
SLV,1992,0.036513613037173646,0.015366706266010548,0.021146906771163095,0.03651361303717364,0.0
SLV,1993,0.029870886695102936,0.010091615872515485,0.01977927082258745,0.02987088669510294,0.0
SLV,1994,0.047027661127531505,0.017406093996024077,0.029621567131507428,0.0470276611275315,0.0
SLV,1995,0.04218877285459369,0.013933077497812384,0.028255695356781303,0.04218877285459369,0.0
SLV,1996,0.04163934096918026,0.015712674758745642,0.025926666210434633,0.04151138861868645,0.0013890457492011224
SLV,1997,0.052668917217380914,0.019075661432799876,0.03359325578458103,0.05253251312766358,0.0014880361436950664
SLV,1998,0.04850316666206257,0.016536296973478623,0.03196686968858395,0.048387220639105444,0.001501281876540895
SLV,1999,0.04580938120179695,0.015941570720447575,0.029867810481349382,0.045782795885246017,0.0003708271924532641
SLV,2000,0.04404181217774007,0.015457081832700382,0.028584730345039687,0.04401654669858507,0.00029939874278730116
SLV,2001,0.017806472692660003,0.005017384001371349,0.012789088691288654,0.01778326470355543,0.0002982379484807368
SLV,2002,0.024395935716849153,0.011344000281231593,0.013051935435617557,0.02439110742950454,5.5490299218967406e-05
SLV,2003,0.028747230707644816,0.01870846502263204,0.010038765685012777,0.028734715474996494,0.00013381546185632488
SLV,2004,0.037181606326986874,0.02320148009753758,0.013980126229449297,0.037116411771499505,0.0006670046197387543
SLV,2005,0.04023375502996995,0.02693207300648712,0.01330168202348284,0.04012460027514533,0.0010165016597533665
SLV,2006,0.03727878028987046,0.017180996999067204,0.02009778329080325,0.03713578137854501,0.00119363505164482
SLV,2007,0.035653164417729206,0.012309439789012121,0.02334372462871708,0.03548992880342201,0.0012298819891255926
SLV,2008,0.016742087134030272,0.0003339268218006324,0.01640816031222964,0.016605798682043267,0.0014455339270147693
SLV,2009,-0.020653932066956943,-0.01583989938252317,-0.004814032684433771,-0.02080189452274557,0.00167170656226169
SLV,2010,0.03143391241695621,0.013798706929764534,0.017635205487191673,0.031301876239805036,0.0013119192330383843
SLV,2011,0.03083666613072757,0.010070462284342389,0.02076620384638518,0.030747464327551224,0.0009755845992223557
SLV,2012,0.030387761344789058,0.011170167523876168,0.01921759382091289,0.030342177292353632,0.0005950812420108865
SLV,2013,0.024389488019143233,0.00861302846776415,0.01577645955137908,0.024344552784394215,0.0006032117306883495
SLV,2014,0.032009634354060706,0.01442285443785772,0.01758677991620299,0.031960029320163244,0.0006848012238290059
SLV,2015,0.03262084903329739,0.01405772995490442,0.018563119078392976,0.032558851073875045,0.0009179097338661408
SLV,2016,0.024797655667253792,0.00859834215475392,0.01619931351249987,0.0245769270577098,0.003344938079485337
SLV,2017,0.032252051341875046,0.013683119318350668,0.018568932023524377,0.032024725477448605,0.0033930180660755294
SLV,2018,0.026921796396982455,0.015149631894937588,0.011772164502044866,0.02654622904164782,0.005762564982206095
SLV,2019,0.022196934237785817,0.011990109086083233,0.010206825151702582,0.02173787708221627,0.007939477040606088
SLV,2020,-0.04291715316386574,-0.013799950436595682,-0.029117202727270062,-0.043150259730439164,0.010489363802764362
SLV,2021,0.07798168430210745,0.027597783913120316,0.05038390038898714,0.07706978207530149,0.011226805637188574
SLV,2022,0.034213966158859126,0.011405048696349568,0.022808917462509556,0.033898816699346135,0.009582544863729536
SLV,2023,0.033782066306026884,0.013432151607271943,0.020349914698754946,0.033356926986008936,0.008883716396728315
SOM,1991,0.03829591315537549,0.007131483285223149,0.031164429870152346,0.03800987201591198,0.0031963229779150403
SOM,1992,0.039999874248730735,0.002784215554546797,0.037215658694183945,0.039358145669601066,0.004801456613293697
SOM,1993,0.014392564990407232,-0.0013523371088035477,0.01574490209921078,0.013635964718046992,0.005819652031356918
SOM,1994,0.03801472993750003,0.003369767532843791,0.03464496240465625,0.037139252171399156,0.007027989038820525
SOM,1995,0.030855194318728057,0.004386780175588723,0.026468414143139333,0.03022907662616897,0.0061705038298401045
SOM,1996,0.03754815847712405,0.002221283282411813,0.03532687519471224,0.037017756226043384,0.0057580262448237085
SOM,1997,0.03871367108173954,0.004000398777708376,0.034713272304031165,0.038306949020435084,0.004436942681948518
SOM,1998,0.026560229009819705,0.0024237076820602037,0.0241365213277595,0.02627333414780742,0.003714746274402309
SOM,1999,0.014161772996270512,0.0023603480193248537,0.011801424976945658,0.014045186198536064,0.0016262193003472602
SOM,2000,0.06238258830596489,0.003770908156243229,0.05861168014972166,0.06231243679938382,0.0008313031684915149
SOM,2001,0.0188216513560383,0.000793816572363285,0.018027834783675017,0.018777252584387227,0.0005705534638359332
SOM,2002,0.022067529930157898,0.00019815182157423029,0.021869378108583665,0.021859534129729977,0.0023904437284415375
SOM,2003,0.07136386285792637,0.00024265623848451266,0.07112120661944185,0.07079087555299385,0.006126499043359749
SOM,2004,0.07575780789609372,0.00048777769461240357,0.0752700302014813,0.07386195580304498,0.01939643724773697
SOM,2005,0.05737873160322965,0.00037398412889621266,0.05700474747433344,0.053984361116398066,0.03161001313433969
SOM,2006,0.07094957156953592,0.00034490235054131815,0.07060466921899461,0.06701754932615185,0.03282122591037554
SOM,2007,0.042163582091171416,0.00026715142780905834,0.04189643066336235,0.0392032608458079,0.022304236714218415
SOM,2008,0.035284126411835724,-3.1202640094309524e-05,0.035315329051930036,0.03420818351799665,0.011411912997024343
SOM,2009,-0.005203062712341992,-0.0005013238617476529,-0.004701738850594337,-0.005788905733639755,0.006618960316242447
SOM,2010,0.04197811125890856,0.00026875900124497996,0.04170935225766356,0.04154995631873983,0.004254172703626896
SOM,2011,0.03222257189697409,0.0001172057216628337,0.03210536617531126,0.03199813877482387,0.0024545860030688606
SOM,2012,0.05643785936504128,-2.4525800926129136e-05,0.05646238516596741,0.05595974181972735,0.006241629857189065
SOM,2013,0.04254518372244847,-7.934791625773709e-06,0.04255311851407424,0.04197846264692978,0.007607678088043202
SOM,2014,0.034654209485016726,7.593229384472101e-05,0.03457827719117201,0.033600753838512624,0.01454303443208643
SOM,2015,0.025236064059656185,8.171075923362485e-05,0.025154353300422563,0.02360270531124465,0.024182665172074718
SOM,2016,0.03062551542641436,0.00011560989307975339,0.030509905533334603,0.02840008610825539,0.03372432456713068
SOM,2017,0.014460758897278131,0.0004443778815541326,0.014016381015723998,0.012363761556762316,0.03129934149303549
SOM,2018,0.025105453820352962,0.00048219234833197204,0.024623261472020992,0.02343594108196479,0.025616378811759693
SOM,2019,0.01185700311862229,0.00039458210279650995,0.01146242101582578,0.010473179853954863,0.02393347517794901
SOM,2020,-0.04831772105623761,-0.0029732891356990298,-0.04534443192053858,-0.0489511799727933,0.028504478134316554
SOM,2021,0.04355303230845654,0.0022356275818648528,0.04131740472659169,0.04145519067573267,0.025827396376348732
SOM,2022,0.06584013560828814,0.0012348185260681172,0.06460531708222003,0.06509013585014821,0.02280475537311198
SOM,2023,0.025476489882363933,0.0005610869779487586,0.024915402904415174,0.024737450501269125,0.015442975887016722
SVK,1994,0.011708136226848086,0.008207146916197172,0.003500989310650914,0.010188703063945924,0.01219740812111759
SVK,1995,0.03428002437167069,0.007466515535969211,0.026813508835701483,0.03348392334042976,0.007845720573929092
SVK,1996,0.02593912648979434,0.00562402463334688,0.020315101856447457,0.02539590652487693,0.0058971748485866365
SVK,1997,0.01545579759323265,0.009839793280606253,0.005616004312626398,0.015151720899602272,0.003317181409405961
SVK,1998,0.014149664087984416,0.011360353780372421,0.002789310307611992,0.013954059032968463,0.002532715797969434
SVK,1999,0.023290451929273835,0.013272724391965914,0.010017727537307921,0.023147228340516825,0.0019977644881554743
SVK,2000,0.0398760159497784,0.020604118944187892,0.01927189700559051,0.03981647973311516,0.0007055108003270043
SVK,2001,0.02264101528499071,0.01086334569215816,0.011777669592832544,0.022595124386694768,0.0005897282741752473
SVK,2002,0.01298136723884238,0.0035129440637238036,0.009468423175118576,0.012912363817697316,0.0007930390660670343
SVK,2003,0.016634981124672498,0.002463968846622111,0.014171012278050388,0.016489844461402697,0.001551831290195164
SVK,2004,0.02935952481504473,0.010937752379039482,0.018421772436005256,0.029026165492159035,0.00341059474576552
SVK,2005,0.02930424633973258,0.011755678944380907,0.017548567395351676,0.028873263839100393,0.004013516661927664
SVK,2006,0.04356316658870246,0.022306479528128243,0.021256687060574223,0.043036628726032866,0.004395096739374492
SVK,2007,0.0373507450293241,0.01816980746190633,0.019180937567417778,0.03681536207075382,0.004033787974670975
SVK,2008,0.014950881725080066,0.0028327761730386676,0.012118105552041398,0.014420933912532848,0.00562085438212559
SVK,2009,-0.04431820288992966,-0.02729011231650534,-0.017028090573424314,-0.04495424099833793,0.007186073480650844
SVK,2010,0.025789502715941638,0.01476786445236264,0.011021638263578996,0.024776395224150552,0.010066295709957637
SVK,2011,0.028010241662263867,0.013305745920665479,0.014704495741598394,0.026721218019081453,0.014097827280870162
SVK,2012,0.003927230385963739,-0.0001497176993786211,0.00407694808534236,0.0024051269354331464,0.01987044072252999
SVK,2013,0.008124443002647327,0.001725018795726744,0.006399424206920584,0.006456739858410613,0.022387289295988193
SVK,2014,0.02269182899683623,0.009297475012191695,0.013394353984644534,0.020948252638167818,0.024070202768605876
SVK,2015,0.024736088943679353,0.009032225449721869,0.015703863493957484,0.02321953346361262,0.022453336368997375
SVK,2016,0.022595649263640067,0.010918595204679797,0.011677054058960273,0.02125502517240689,0.0203159190931593
SVK,2017,0.034701199910679104,0.015060970846714462,0.019640229063964638,0.03352748754545434,0.01751858403632099
SVK,2018,0.02692697453185474,0.009583420793665198,0.017343553738189542,0.02588818629343404,0.0159387780690286
SVK,2019,0.02396365303833599,0.008898221847306355,0.015065431191029637,0.023004060594613872,0.016596325932047507
SVK,2020,-0.05153450904546173,-0.03676750321725009,-0.014767005828211627,-0.05193878696500088,0.01819175769179915
SVK,2021,0.056264221924144965,0.032592750464547675,0.023671471459597297,0.05449438696856076,0.021789170452890704
SVK,2022,0.02975786186511272,0.017698154993259434,0.012059706871853287,0.028954621338645504,0.024423612825268257
SVK,2023,0.007380320576789278,0.0029442028153737598,0.004436117761415517,0.006143977832385369,0.02583463300918239
SVN,1994,0.02117077442717643,0.018151504618797068,0.0030192698083793667,0.02100561030499068,0.0013258722097508114
SVN,1995,0.026058522686066645,0.01565486769123966,0.010403654994826988,0.025943361818264944,0.0011349313144526443
SVN,1996,0.024249013716424513,0.010416351962232622,0.013832661754191893,0.024159254385477915,0.0009744238118433432
SVN,1997,0.03316603513765483,0.016956664637098783,0.016209370500556042,0.03308972531121419,0.000832466094660924
SVN,1998,0.024967786111151406,0.017249636640082843,0.0077181494710685606,0.02491032618492925,0.0007439974538549139
SVN,1999,0.02472214854337682,0.01743444801637571,0.007287700527001107,0.024664667381590535,0.0008017801030623764
SVN,2000,0.0389031064791555,0.02546682486536037,0.013436281613795124,0.038817804048141225,0.0010108433109736758
SVN,2001,0.019518580782449446,0.012289489093178478,0.007229091689270965,0.019414104028448932,0.001342595113977282
SVN,2002,0.016556759258187025,0.0038914536382524583,0.012665305619934569,0.016427461168935696,0.0014859906109374892
SVN,2003,0.018060901238013384,0.0029236552058443657,0.015137246032169017,0.01790259874741231,0.0016926030452684255
SVN,2004,0.02962089528059669,0.011197401337809389,0.0184234939427873,0.029430868358152854,0.001944162885953405
SVN,2005,0.02805274877327491,0.011378634590246387,0.016674114183028527,0.02780313271117902,0.0023245450171111245
SVN,2006,0.041899460336702554,0.020761424432988704,0.021138035903713853,0.041590621865272105,0.0025779246945231036
SVN,2007,0.03870782212442026,0.016752895435311752,0.0219549266891085,0.03833567495851186,0.002803904641750151
SVN,2008,0.01657177266322911,0.0017617965882811436,0.014809976074947969,0.01628315080731833,0.003061247513742293
SVN,2009,-0.045835475923466984,-0.02662335418423974,-0.019212121739227237,-0.046177533846764464,0.003864632227157021
SVN,2010,0.02319497927445293,0.013864054717080281,0.009330924557372652,0.022755920181362355,0.004362517009307642
SVN,2011,0.02283760779849919,0.013305065720536392,0.009532542077962801,0.02238700017608255,0.004928217155575049
SVN,2012,0.0018150232581993428,-0.0018882149075938105,0.003703238165793153,0.0014589800493364944,0.00464799910538433
SVN,2013,0.005885583250351069,7.794783520979106e-05,0.005807635415141277,0.005486288623728003,0.005360141192655417
SVN,2014,0.015374099178461973,0.008023265773649983,0.007350833404811989,0.014942624324601646,0.005956542809461041
SVN,2015,0.019440306363308395,0.007949489725135206,0.011490816638173189,0.018959801885241163,0.007114100878378848
SVN,2016,0.022108022494847807,0.010310231113612374,0.011797791381235434,0.02156174139128433,0.00827838524959569
SVN,2017,0.030128654861780516,0.013604584405277403,0.016524070456503115,0.02937469577409283,0.011253434852477985
SVN,2018,0.02606787348353766,0.008414105030816686,0.017653768452720976,0.025146406046184414,0.014138651592878089
SVN,2019,0.022296672331043176,0.0072955833093124745,0.015001089021730703,0.02140255638083642,0.015463898061884734
SVN,2020,-0.05256136025574705,-0.03462655891863007,-0.01793480133711698,-0.05287025010583384,0.01389947121683159
SVN,2021,0.06328431560278477,0.031903033948284025,0.03138128165450075,0.06229163758830832,0.012221269782257618
SVN,2022,0.03369517584475636,0.018725494990541026,0.014969680854215335,0.0333472531367943,0.010579059736636835
SVN,2023,0.01158936156177785,0.002927621455757233,0.008661740106020615,0.01114913031535616,0.009199077474234487
SYR,1991,-0.007442104991686356,0.006618786957914582,-0.014060891949600945,-0.007474983194808375,0.00036739245378675906
SYR,1992,-0.024723094844698926,0.004797989190612975,-0.029521084035311906,-0.024762357653223103,0.00029376698775136995
SYR,1993,0.015332678885505763,-0.0032683728452361695,0.018601051730741933,0.015287807506998348,0.00034514368897307256
SYR,1994,0.030344604224153866,0.015771044464845858,0.014573559759308009,0.030320057776790775,0.00019704916525533186
SYR,1995,0.03345678568934278,0.017919564232154173,0.01553722145718861,0.033444700227920496,0.00011910442218427078
SYR,1996,0.029756841641835226,0.00975101380784512,0.020005827833990106,0.02975406482869288,3.0144975663343185e-05
SYR,1997,0.02758519573977164,0.016921162293509564,0.01066403344626207,0.027579525034112304,6.186189137605085e-05
SYR,1998,0.02621271121269529,0.017337392484733323,0.008875318727961967,0.02620251038011771,0.0001320815038219428
SYR,1999,0.016088029110435036,0.0162156299098268,-0.00012760079939176335,0.01607097675916694,0.00023785594327452973
SYR,2000,0.045400346172815687,0.025799026431468308,0.019601319741347382,0.04538168691835741,0.00022111424413862578
SYR,2001,0.015309818823983036,0.012765755903043628,0.0025440629209394073,0.015298783787292979,0.0001418074909042321
SYR,2002,0.016880855402264743,0.005651143025068275,0.011229712377196471,0.01687773524711292,3.585916301727477e-05
SYR,2003,0.017517008087964837,0.004539481336578628,0.01297752675138621,0.017517008087964837,0.0
SYR,2004,0.03681483581337019,0.011962230099664644,0.02485260571370555,0.03670204666821808,0.001153944226023838
SYR,2005,0.032341512317245275,0.010601494620867173,0.021740017696378094,0.032074462944106555,0.002486892407643832
SYR,2006,0.03606181443033528,0.01565600512041497,0.02040580930992031,0.03566539443513082,0.0033089818451275074
SYR,2007,0.032830707088868316,0.011920471485374081,0.02091023560349423,0.03221819170667957,0.0046149343071583285
SYR,2008,0.02289968730714262,-0.001564672900078747,0.024464360207221363,0.022590253678409892,0.003281986125538334
SYR,2009,-0.013278898556335381,-0.019747114998018515,0.006468216441683132,-0.013541006829645881,0.002961346634731429
SYR,2010,0.04058075585297611,0.007758823761864422,0.032821932091111686,0.04048116589941314,0.0009895316443998467
SYR,2011,0.031161418816013378,0.007462473830016389,0.02369894498599699,0.030841096899331955,0.0035033050631274845
SYR,2012,0.04528250392090269,-0.003540785486770822,0.04882328940767352,0.04475783326454017,0.006849361764779065
SYR,2013,0.02958637811592273,-0.0007521591015064111,0.03033853721742914,0.029054457837410813,0.007140511306584614
SYR,2014,0.020187186941619598,0.0026378949626535875,0.017549291978966014,0.019806299627038206,0.005258178024945007
SYR,2015,0.02023501457840896,0.0008902228175498905,0.01934479176085907,0.02011327352294153,0.0018024351263474145
SYR,2016,0.04416062874472351,0.0010249548853895035,0.04313567385933401,0.044059667112277906,0.0015299802306189836
SYR,2017,0.017462478667973,0.0014852502375665255,0.015977228430406477,0.017382359487761876,0.0011958420419137057
SYR,2018,0.01940727395167767,0.0010567210203229393,0.018350552931354736,0.019343667721696264,0.0009759501946446306
SYR,2019,0.00311927273288024,0.0009351831601474403,0.002184089572732799,0.0030838915902212886,0.000611923300623972
SYR,2020,-0.07282207185975045,-0.004306579388692971,-0.06851549247105748,-0.07284486450672459,0.0010256269038413674
SYR,2021,0.03120919638423659,0.0034983701240802988,0.027710826260156286,0.03105891883345209,0.0018501291089064065
SYR,2022,0.055730704094337266,0.0024779040722047803,0.05325280002213249,0.055664449107943714,0.0020145723255979215
SYR,2023,0.010422042291775197,0.0005921200395575829,0.009829922252217614,0.01034575657292977,0.001594067307899678
TCD,1991,0.03574837369010897,0.029954899543131675,0.005793474146977292,0.03574837369010897,0.0
TCD,1992,0.024443080002365298,0.00973915869825657,0.014703921304108726,0.016111837257699758,0.06233492145165348
TCD,1993,0.0035955833667423646,-0.007453700448957971,0.011049283815700335,-0.0022595186019015597,0.04503653687477998
TCD,1994,0.03073827110244738,0.013052055035407082,0.017686216067040298,0.02512101539854092,0.04509310578054992
TCD,1995,0.030576994766089393,0.021086775351085583,0.00949021941500381,0.030216528884071076,0.003552456881436567
TCD,1996,0.02822567590496392,0.017359368474551343,0.01086630743041258,0.02792109224322998,0.003306548406299631
TCD,1997,0.03199758141978207,0.024826874144986927,0.007170707274795145,0.03157914901631329,0.004564691141922556
TCD,1998,0.022955618563160935,0.023480231271293044,-0.0005246127081321064,0.02220350877761775,0.00973840034705278
TCD,1999,0.03272553433691924,0.02139892103385782,0.011326613303061424,0.03225922234333998,0.00650438624851206
TCD,2000,0.03981538836945623,0.02390573623312868,0.01590965213632755,0.03937744526259243,0.0051896746071191935
TCD,2001,0.019571355014349083,0.01238546286067109,0.007185892153677994,0.019567586526753927,4.842754812533888e-05
TCD,2002,0.01819239343846871,0.005767882289496493,0.012424511148972217,0.01818426202142141,9.345234299961004e-05
TCD,2003,0.012694394652931793,0.0006183583485390807,0.01207603630439271,0.011975449225642365,0.007687113544400895
TCD,2004,0.03052335870314508,0.014760230396594989,0.015763128306550092,0.0288406635442033,0.017215631523764745
TCD,2005,0.03611151286631998,0.018882595741762848,0.017228917124557132,0.027491962753276145,0.08026940292535384
TCD,2006,0.03972033350212123,0.020114736943315833,0.019605596558805394,0.027346077284359026,0.10328991894168521
TCD,2007,0.03581856220899438,0.01562878697457379,0.020189775234420587,0.018785497895581343,0.12833387559201165
TCD,2008,0.008083103411870173,-0.00015840134840584754,0.008241504760276023,0.0008749904423378883,0.07645234570723304
TCD,2009,-0.019537088297533558,-0.02388299810825804,0.004345909810724483,-0.02390452181851009,0.04934405311363749
TCD,2010,0.02792737151036509,0.02397922147645042,0.003948150033914671,0.0254948535558086,0.02416964167055668
TCD,2011,0.02352278278679535,0.016668399908694752,0.006854382878100596,0.01715494636733854,0.06964391884442166
TCD,2012,0.02683911096545914,0.019123389563925796,0.007715721401533341,0.0200798904471494,0.08823887140704079
TCD,2013,0.02338383618077898,0.014301062630759124,0.009082773550019857,0.015888753224595695,0.10061418365575078
TCD,2014,0.03153631784552735,0.02362566360223753,0.007910654243289818,0.027578727177646197,0.05463483682687278
TCD,2015,0.030646446191647834,0.022533294901096294,0.008113151290551544,0.02768719580892471,0.04381313121524765
TCD,2016,0.023436107640520884,0.012269509896034186,0.011166597744486697,0.021157939856996492,0.03452352726866927
TCD,2017,0.029753366338935022,0.018799866511676554,0.010953499827258474,0.02679880258979126,0.04409919743848933
TCD,2018,0.034890616883458236,0.01803312977529893,0.016857487108159305,0.02906907636050229,0.08932353966225112
TCD,2019,0.029736805292069,0.014076578667108347,0.015660226624960655,0.024255989406679675,0.09479170808665299
TCD,2020,-0.031890396376007386,-0.01536636226158646,-0.016524034114420924,-0.03597384516487987,0.1837476333080921
TCD,2021,0.06812972554926594,0.02081955985378052,0.04731016569548543,0.05075910716982902,0.2138568704089871
TCD,2022,0.040287183090432395,0.007139826545054797,0.0331473565453776,0.03313001211214833,0.21762344794363456
TCD,2023,0.023788944038418032,0.001184745598642764,0.02260419843977527,0.015103837142534923,0.18148409922431372
TGO,1991,0.011661209595059542,0.006593658509072688,0.00506755108598685,0.011600272391031322,0.0006809334692576252
TGO,1992,0.009106258474248391,0.00603508856066487,0.00307116991358352,0.007772538146029844,0.009978985662278205
TGO,1993,0.01733741204085879,0.0022660391406808104,0.015071372900177975,0.016135658242893213,0.009243703957049728
TGO,1994,0.035382522336345784,0.01373451943790262,0.02164800289844316,0.03404409104262572,0.010744396746216191
TGO,1995,0.03464217582331569,0.010797879350100216,0.02384429647321547,0.03397783229204678,0.006547226428420235
TGO,1996,0.04092700581980206,0.007569974034417024,0.03335703178538504,0.04024496275333963,0.007404233049141946
TGO,1997,0.03956144153432049,0.012688288127669574,0.026873153406650915,0.03839234483759016,0.012753709539165797
TGO,1998,0.01551318403091261,0.011653255207294398,0.0038599288236182095,0.014075797166794992,0.01861144344274503
TGO,1999,0.04037673235616493,0.012621828835689077,0.027754903520475854,0.03902732677317747,0.018822280444213194
TGO,2000,0.047306028769173815,0.014123838534445588,0.03318219023472822,0.04629705074790921,0.011956501961170748
TGO,2001,0.025037860198697384,0.005338299809489127,0.01969956038920826,0.02471697530023414,0.00412358233127861
TGO,2002,0.03802076839295965,0.003571376693434467,0.034449391699525184,0.037918019856117535,0.0011808632433705727
TGO,2003,0.04227771518586913,0.003227617862973514,0.03905009732289562,0.041878516907879346,0.0042683107412010484
TGO,2004,0.0463309205622941,0.005060142279517201,0.04127077828277689,0.04512818434700011,0.012305178031064226
TGO,2005,0.04916182063782118,0.004066590265797069,0.04509523037202411,0.04633878289878599,0.026289487360271886
TGO,2006,0.05220058206738712,0.005249505077350547,0.046951076990036575,0.048570970480362984,0.030296955228338043
TGO,2007,0.0459258082856274,0.0037586086984671327,0.04216719958716027,0.041237630528121495,0.03532259433854288
TGO,2008,0.052223068133751355,0.00032088448565901833,0.051902183648092334,0.04953248512106335,0.02853748040707794
TGO,2009,0.03504522600911848,-0.0019749449087264775,0.03702017091784496,0.03222507132346016,0.031862617239491034
TGO,2010,0.06383565428775734,0.0010561018638384286,0.06277955242391889,0.06179966931601825,0.020229666597689756
TGO,2011,0.04870555550179714,0.0023871137379491377,0.046318441763848,0.04505843432800992,0.03988792963759511
TGO,2012,0.0505092114074524,-0.00042787778789571233,0.05093708919534812,0.04811398358805952,0.03126872380823403
TGO,2013,0.04599836734812039,0.0010523199788877054,0.04494604736923269,0.04339184510848025,0.03499002063821042
TGO,2014,0.04609741903515165,0.002100411082828024,0.04399700795232363,0.04516249261619517,0.012906729531017222
TGO,2015,0.03509183304885684,0.002189870528458085,0.03290196252039876,0.03385429214731443,0.018322390771685612
TGO,2016,0.03746322304312515,0.002088275149890151,0.035374947893235,0.03641163716960852,0.015935812033798052
TGO,2017,0.04740468867862094,0.0028720974620173767,0.044532591216603565,0.046439689466758,0.014403375383003007
TGO,2018,0.0487431929294416,0.002692144085607781,0.04605104884383382,0.04793154062795041,0.012453689235404209
TGO,2019,0.04734828518819567,0.002350371959262465,0.044997913228933206,0.0466504147296821,0.012069796572087881
TGO,2020,-0.006097179325923132,-0.007150453953780298,0.0010532746278571663,-0.006353284110553584,0.011524241024635933
TGO,2021,0.05486419425371187,0.006899164910017987,0.047965029343693864,0.053712569100740015,0.014178133772737517
TGO,2022,0.050086613812470315,0.003714045872925287,0.04637256793954503,0.04962008589482593,0.014185411289989515
TGO,2023,0.03803115270474629,0.002159606340439174,0.035871546364307116,0.037465657322062085,0.0118165983875914
THA,1991,0.02278377629354191,0.009000698407257575,0.013783077886284335,0.021718413501929525,0.011904733623398243
THA,1992,0.031636123055011775,0.01199108159293584,0.019645041462075935,0.0300334491816327,0.011991314269851144
THA,1993,0.030736240046175728,0.008613149550562041,0.022123090495613687,0.029161319695893757,0.012114043241290172
THA,1994,0.04105378568061988,0.01677629309805649,0.024277492582563395,0.039542225251653025,0.01213420892869346
THA,1995,0.0393378795645274,0.016161407674258624,0.023176471890268772,0.03780165243671687,0.015139797977781406
THA,1996,0.0442556612111796,0.017126503705023357,0.027129157506156243,0.04230952719995494,0.021127155267052992
THA,1997,0.044241330567119784,0.016360817967272012,0.02788051259984776,0.04160060141861222,0.028807790344345312
THA,1998,0.008311905071702593,0.013768079001215868,-0.005456173929513274,0.005827889662275565,0.03216330513207978
THA,1999,0.03687919855961737,0.016481634656380945,0.020397563903236424,0.03449493447292754,0.03325707841921577
THA,2000,0.05087484677629133,0.02093751118758056,0.029937335588710763,0.04814471112786657,0.03235241159538851
THA,2001,0.014093142119244773,0.006690576007899651,0.007402566111345121,0.011323465290933057,0.03559217179516537
THA,2002,0.02729368742552504,0.008100833017680687,0.019192854407844347,0.0238918850236302,0.03909606444109365
THA,2003,0.03328113652859268,0.010891899876621838,0.02238923665197084,0.029005518695309665,0.045715792199733374
THA,2004,0.0498295787470415,0.014968765768556621,0.03486081297848487,0.04437278847390611,0.05582834784159061
THA,2005,0.0468758352088397,0.014184625166186165,0.03269121004265354,0.03980957399965333,0.06580442839094773
THA,2006,0.049267790833089714,0.01192838855783877,0.03733940227525094,0.04015793430535566,0.07604144651291198
THA,2007,0.05040095122976278,0.0109467107805518,0.039454240449210976,0.03944778759742511,0.08252548766721035
THA,2008,0.02503621931014209,-0.00016663836381488483,0.025202857673956976,0.016534013073744372,0.09017805536716618
THA,2009,-0.004214521790696178,-0.01537196987517715,0.011157448084480971,-0.012455384036530737,0.0931067507742415
THA,2010,0.05559097326633218,0.011721574106894625,0.04386939915943755,0.045693662865523926,0.09834025908903259
THA,2011,0.03946613142495674,0.005820038971607724,0.03364609245334902,0.03002540956705079,0.10325153216810257
THA,2012,0.03638363510102079,0.005910487320810655,0.03047314778021013,0.027788337321480665,0.11220811237324825
THA,2013,0.036999109165507055,0.005761531681120601,0.031237577484386457,0.02835160431672283,0.1160843243638537
THA,2014,0.038161722329814324,0.0067779602249915015,0.03138376210482282,0.02955006119264834,0.11888462969549171
THA,2015,0.03728373287229768,0.007719163705897387,0.02956456916640029,0.029423643005356236,0.1163724268532651
THA,2016,0.0352773211150405,0.005904432250875695,0.029372888864164805,0.027742877301391355,0.11417753263649717
THA,2017,0.04011071270407775,0.008823551278757554,0.0312871614253202,0.03266503201523492,0.11113266479912065
THA,2018,0.038144047286914264,0.00804484246255491,0.030099204824359356,0.030591689131861513,0.11588055782592814
THA,2019,0.028732550170108978,0.005257247715546667,0.023475302454562315,0.02185800021217812,0.11889659249026294
THA,2020,-0.03116697554543936,-0.014558146535662392,-0.01660882900977697,-0.0338692281944817,0.12159636487057675
THA,2021,0.052388531684888176,0.019989760959123117,0.03239877072576505,0.04239656491829126,0.12301523729659468
THA,2022,0.03578278239914934,0.010294463817361418,0.025488318581787926,0.031546586260386686,0.12880726374711596
THA,2023,0.0304891149673965,0.007904828446673305,0.022584286520723196,0.024304798017799722,0.1292275621209962
TJK,1993,0.012179707119711334,-0.0014079220671636469,0.01358762918687498,0.008917242070689026,0.02509437551554783
TJK,1994,-0.003478831843956441,0.014776523706116035,-0.018255355550072475,-0.005063239508065001,0.012718997703358062
TJK,1995,0.01681022658908842,0.017806688995002245,-0.0009964624059138254,0.015846361790654392,0.009499063036976917
TJK,1996,0.016655097093583295,0.016408561032289753,0.00024653606129354023,0.016305696321049497,0.0037930812211151507
TJK,1997,0.03837751178377361,0.022120923768946664,0.016256588014826948,0.037796206513659954,0.006341475935523914
TJK,1998,0.028009116586892764,0.01979189381473689,0.008217222772155875,0.027169711509526073,0.010868709401037657
TJK,1999,0.04106012595811997,0.019514894499590523,0.021545231458529445,0.04027272337524772,0.010983141335837244
TJK,2000,0.048975538039700804,0.02183704433457436,0.027138493705126446,0.04816913094496538,0.00955601391358509
TJK,2001,0.033665207056252366,0.010447699272382115,0.023217507783870252,0.0333538838722924,0.004000708001039801
TJK,2002,0.02858741786292129,0.0013361132843768748,0.02725130457854441,0.028415907998463344,0.001971119989037589
TJK,2003,0.03571199398217595,0.000956134073039598,0.03475585990913635,0.035559225183401155,0.001633435665139543
TJK,2004,0.05191408607622431,0.0077978600474691104,0.04411622602875519,0.05152505424451401,0.003980179434254546
TJK,2005,0.05177646960175046,0.009431027580819215,0.04234544202093125,0.05119213534822085,0.0054416020586358195
TJK,2006,0.05653716666219402,0.016452228013220216,0.040084938648973806,0.05575396798581026,0.006537486082015538
TJK,2007,0.05371165764097956,0.017814769776298554,0.03589688786468101,0.05285002413944273,0.006491889219549404
TJK,2008,0.02253964567668814,0.00909108125688061,0.01344856441980753,0.02195876853923318,0.006161032702157589
TJK,2009,-0.03021179918941069,-0.015192854849284548,-0.01501894434012614,-0.032199955779613716,0.022462552415284553
TJK,2010,0.05361797233007509,0.004068225544235109,0.04954974678583998,0.03847482557257359,0.15046319810625813
TJK,2011,0.06428565445070612,0.002769602212700864,0.06151605223800526,0.047741594293261816,0.18093950708937426
TJK,2012,0.0447493095497615,-0.0001584571199458389,0.04490776666970735,0.031082996832324638,0.17840814739150934
TJK,2013,0.05320326338737917,0.0004894706717140277,0.05271379271566515,0.048054235513683104,0.06912068073979667
TJK,2014,0.04247645611039662,0.0010247639791020418,0.04145169213129457,0.03857632384737415,0.05384161922625926
TJK,2015,0.02996114909963849,0.0016857080723717455,0.02827544102726675,0.026403600278613278,0.052671228568633925
TJK,2016,0.030848949391978138,0.002984728490101082,0.02786422090187705,0.0274439290282274,0.05159993668089904
TJK,2017,0.04046541722765008,0.0026449835008533307,0.03782043372679675,0.03711142838804743,0.050060932375208055
TJK,2018,0.029222181642825827,0.0033237375927239704,0.02589844405010186,0.02621375491942786,0.04616017404478501
TJK,2019,0.02796470692728674,0.0011098168840736927,0.026854890043213047,0.025525690346610917,0.0421832355927618
TJK,2020,-0.009624547915598436,-0.0028777577858406524,-0.006746790129757783,-0.010668321341921614,0.04696787120715153
TJK,2021,0.05216005333313262,0.0038015987179951783,0.04835845461513744,0.047912174851582855,0.05229738965524164
TJK,2022,0.0342881101439576,0.005266584264654033,0.029021525879303567,0.03286381527046954,0.043307608857938114
TJK,2023,0.04001415089689035,0.001505957257522989,0.03850819363936736,0.03673159436134328,0.0685923412513242
TKM,1993,0.00030697975684946567,-0.004650489761697416,0.0049574695185468825,-0.0004608449576880098,0.005905988700935202
TKM,1994,-0.010623018614188611,0.01700480068402993,-0.02762781929821855,-0.011070756345643699,0.003594261317391474
TKM,1995,0.008600497420731762,0.013867588350539556,-0.005267090929807792,0.008155058324204226,0.004389883377755431
TKM,1996,0.020374900984577768,0.003529144223893246,0.016845756760684522,0.020035751192496933,0.003681796975312973
TKM,1997,0.037382905294716544,0.007575433058909885,0.02980747223580666,0.037003029571132426,0.004144075210478355
TKM,1998,0.015163835192557387,0.007957878244996665,0.007205956947560724,0.014876476271190587,0.0037207549660401074
TKM,1999,0.021548607248502757,0.007023103011229095,0.01452550423727366,0.021145563253663593,0.005621888035636802
TKM,2000,0.057916932635699664,0.007324109515612305,0.050592823120087366,0.0573898885151163,0.006245531546346796
TKM,2001,0.027901941172338497,0.004669916261331514,0.02323202491100699,0.027469456220842618,0.005557716530360771
TKM,2002,0.04666368836887088,0.0007476774441375765,0.04591601092473331,0.04640379986523528,0.0029868335915035583
TKM,2003,0.05971074604716001,0.000706264701738009,0.059004481345421994,0.05953122852015115,0.0019194386123713653
TKM,2004,0.06885360894540184,0.002964333170688074,0.06588927577471375,0.06874923919187999,0.0010678055435710927
TKM,2005,0.045761359890536354,0.002501973303065842,0.043259386587470514,0.04557309095302642,0.0017532510403813388
TKM,2006,0.07299712783174117,0.0031101131157877135,0.06988701471595346,0.07268966681328629,0.0025664268716488526
TKM,2007,0.07733592033189844,0.0022257270844958793,0.07511019324740256,0.07687350260974371,0.003484038886638583
TKM,2008,0.02500925148885627,-0.00035484326232363615,0.025364094751179907,0.024554190827478437,0.004826569054685283
TKM,2009,-0.10697946465909688,-0.00401666380932692,-0.10296280084976996,-0.10737505855241013,0.004469491290325325
TKM,2010,0.040737754340650814,0.00202367309626644,0.03871408124438437,0.03991954041954843,0.00812982171246144
TKM,2011,0.05199851985420846,0.0018835308613196061,0.05011498899288886,0.040478488300075666,0.1259925804924555
TKM,2012,0.038921741643309,-0.0009481133980580097,0.03986985504136701,0.013403310525470669,0.3331327267422023
TKM,2013,0.055372280569544595,-0.00046438765731926545,0.05583666822686386,0.011384696781587243,0.590490440157583
TKM,2014,0.056427867552172,0.0010744100246505666,0.05535345752752144,0.004157458451922854,0.7215969289706635
TKM,2015,0.0576777481984213,0.00124862681376985,0.056429121384651455,0.005425228122231112,0.7736237973614136
TKM,2016,0.057023790157608806,0.0011958240769515422,0.05582796608065727,0.006462971584019226,0.7662024769971783
TKM,2017,0.06062444909667069,0.0014106703390160836,0.0592137787576546,0.011265967027008482,0.7367143276854222
TKM,2018,0.05576125421992417,0.0005884295232475864,0.05517282469667657,0.00812050573899021,0.7309818199659792
TKM,2019,0.05079128176314974,0.0003700355093947265,0.05042124625375502,0.00803487649059888,0.7394798096091073
TKM,2020,0.012568612722461531,-0.001663399783676151,0.014232012506137684,-0.0046433451657255905,0.7745062299229171
TKM,2021,0.06598169985105476,0.0015790995863658103,0.06440260026468896,0.005157665087321598,0.7488298594837393
TKM,2022,0.030032451293117844,0.0010159933047650784,0.029016457988352763,0.00654985935459898,0.7140199165032497
TKM,2023,0.04583730386519279,0.0003196071589826686,0.04551769670621012,0.012519258784380486,0.6962142748378303
TUN,1991,0.005009516270269368,0.016410434410050263,-0.011400918139780895,0.0043822534360265135,0.007009252634229268
TUN,1992,0.010892907852285558,0.009232494698256063,0.0016604131540294948,0.010050234612258587,0.006304938151048947
TUN,1993,-0.0009821731436989163,-0.004289847251338341,0.0033076741076394247,-0.0018788114096650692,0.006896802574025198
TUN,1994,0.025235930858951146,0.01974252156237857,0.005493409296572577,0.02453537851842469,0.005623756948469063
TUN,1995,0.02453055047018674,0.019862747368375542,0.004667803101811197,0.023948777910556652,0.005733474472859729
TUN,1996,0.02034137093732802,0.011813973871724667,0.008527397065603352,0.019874108431622812,0.005072583620433164
TUN,1997,0.02728720345862046,0.020759907444385356,0.006527296014235115,0.026808675358226057,0.005220276830674187
TUN,1998,0.02626540797386079,0.022416383432965266,0.00384902454089552,0.025858326952784463,0.005270929900300595
TUN,1999,0.027389521514940077,0.02234318623965972,0.005046335275280351,0.026875949413920356,0.007163597242806648
TUN,2000,0.04076770314712016,0.033779627747351645,0.006988075399768505,0.04014684705255896,0.0073572138894779406
TUN,2001,0.018540595017421793,0.016258912885824664,0.00228168213159713,0.018126285241516608,0.005324153550947836
TUN,2002,0.009580886768898397,0.006709755505398226,0.002871131263500171,0.00938343954131601,0.002269211618222311
TUN,2003,0.011058941849256234,0.0060654241257202535,0.004993517723535984,0.010907557538222968,0.0016186324352058738
TUN,2004,0.02852785198533723,0.017111871311612986,0.011415980673724242,0.028297261691618995,0.002359166191519944
TUN,2005,0.02544912293751824,0.015517511462253985,0.009931611475264255,0.025185354574816833,0.00245633805789935
TUN,2006,0.0321885630188688,0.02414647916093743,0.00804208385793137,0.031918414362860296,0.0022549745447544107
TUN,2007,0.027790583063323406,0.019923335258797352,0.00786724780452605,0.02742673979124569,0.0027413398056063574
TUN,2008,0.004384694667408054,0.00017267149929027004,0.004212023168117783,0.00417330739326012,0.0022420643280117946
TUN,2009,-0.032157320985299644,-0.03256405057594059,0.0004067295906409556,-0.03239659045171122,0.0027033096674232812
TUN,2010,0.02638872977414731,0.015365431683387831,0.011023298090759474,0.026075110393103056,0.003116140642079422
TUN,2011,-0.013285739412188892,0.014063750480272488,-0.02734948989246137,-0.013624088441905872,0.0037004644614769652
TUN,2012,0.030783200387871357,-0.005885244404273036,0.03666844479214439,0.030519026205804274,0.0034486863710589907
TUN,2013,-0.0032128989794772455,0.00039378236673923053,-0.003606681346216478,-0.0034745083249847625,0.0035118504876906196
TUN,2014,0.0026734976982111733,0.009291708443533456,-0.006618210745322288,0.0024297634953610436,0.003364769001988323
TUN,2015,0.01707937432622199,0.010684524373267144,0.006394849952954848,0.016819287900478864,0.0038507051532092485
TUN,2016,0.016268587861844395,0.011121882565704812,0.005146705296139584,0.016081762612958232,0.002831163982320554
TUN,2017,0.035902610615543895,0.017712761232570224,0.018189849382973664,0.0357196225922244,0.002731240770006757
TUN,2018,0.020618972527872013,0.011355095371762224,0.009263877156109789,0.020474925293819612,0.0022102068642105605
TUN,2019,0.01347090765381695,0.011927168973530725,0.001543738680286225,0.013233271219199224,0.0041099653796227605
TUN,2020,-0.07564372378969761,-0.0582867710487413,-0.01735695274095631,-0.07574331793072737,0.00448155190667185
TUN,2021,0.0701529527304052,0.05080791904892354,0.019345033681481653,0.06975163374547985,0.004940804079458793
TUN,2022,0.030428481763904596,0.026329611558649293,0.004098870205255305,0.03029584418945239,0.004033024552124128
TUN,2023,0.017999425761612765,0.006853476447985455,0.01114594931362731,0.01780718380997023,0.004017090157348264
TUR,1991,-0.0001858249395622143,0.015724699673733737,-0.01591052461329595,-0.0012198154149882805,0.011554168472927805
TUR,1992,0.016953775379251915,0.009296625579388797,0.007657149799863118,0.01607939234340696,0.00654219298710897
TUR,1993,0.009528414298905523,0.0001687283994362878,0.009359685899469235,0.00846593442334434,0.008172430531642025
TUR,1994,0.026634591246339184,0.017657954310180773,0.00897663693615841,0.024629883075970242,0.016093003835077786
TUR,1995,0.025108512682742626,0.01387459186046945,0.011233920822273176,0.02285464123429639,0.022212313387538467
TUR,1996,0.02650926973686322,0.010967423877275362,0.01554184585958786,0.024710171062704192,0.01953094535652674
TUR,1997,0.029725983778295093,0.01723120733346447,0.012494776444830625,0.02891007732397614,0.0089007470114466
TUR,1998,0.021946485148022818,0.01721939050456526,0.004727094643457557,0.021739760589109237,0.002676692359233722
TUR,1999,0.030581965094843656,0.017895968353216735,0.012685996741626928,0.030430488662333364,0.0021128798704727644
TUR,2000,0.04551142126293224,0.02429730730372802,0.021214113959204223,0.045379131854387515,0.0015676442294794838
TUR,2001,0.023386149319410257,0.012616935250079302,0.010769214069330953,0.02321496429798478,0.002199840295103523
TUR,2002,0.018439302444978746,0.007426637318552193,0.011012665126426555,0.018092650883721875,0.003983979719091082
TUR,2003,0.025498747761803497,0.008344826950349264,0.017153920811454233,0.02492242122927746,0.00616220275700428
TUR,2004,0.03834411032561608,0.0146288586562938,0.02371525166932228,0.03749265375578406,0.008711240706210393
TUR,2005,0.03400725957491975,0.014392954856163055,0.019614304718756692,0.033080754798787554,0.008628058797996559
TUR,2006,0.04499012192499233,0.020313967856307312,0.02467615406868502,0.0439581908331938,0.008613695801148537
TUR,2007,0.04050385243109575,0.016466586262690954,0.0240372661684048,0.039482052681920794,0.007698645380403196
TUR,2008,0.02221477475326745,0.0011080021857656907,0.02110677256750176,0.021374188734057973,0.008915616779163731
TUR,2009,-0.029230646064809317,-0.023311947939065734,-0.0059186981257435805,-0.0301214830985521,0.010064837781153168
TUR,2010,0.031153772246644895,0.010348361310787833,0.020805410935857062,0.02988306449968774,0.01262582701781311
TUR,2011,0.02066404298831797,0.007338770490462299,0.013325272497855664,0.019193531411206596,0.016082729233308828
TUR,2012,0.023818163452423796,-0.0011833016670033283,0.02500146511942712,0.022395076226624747,0.018577824229603013
TUR,2013,0.015051366920585505,0.001847386223080286,0.013203980697505219,0.01359788406352452,0.019511590728982297
TUR,2014,0.021574346348663953,0.007888930554645927,0.013685415794018024,0.020089793468094728,0.02049436417187325
TUR,2015,0.020029492758758975,0.007888553150766791,0.01214093960799218,0.018663884543788395,0.020218489202684074
TUR,2016,0.03105645960235947,0.008007214983090542,0.023049244619268928,0.029773441185247426,0.019442958341219164
TUR,2017,0.027117422719576838,0.011673236040651468,0.015444186678925366,0.025980857794331687,0.01696412915597879
TUR,2018,0.024615144752130988,0.008493010360991204,0.016122134391139784,0.023495926653186443,0.017172863756176476
TUR,2019,0.022321795666033102,0.007956235804191032,0.014365559861842073,0.021312669730661586,0.017453016683776603
TUR,2020,-0.057465166950306616,-0.03162262802104119,-0.025842538929265427,-0.05784662768471176,0.01716502661620602
TUR,2021,0.05846609755368877,0.02977183078773552,0.028694266765953262,0.05711586735586552,0.016623242657844373
TUR,2022,0.03433595858066458,0.016998084622164133,0.017337873958500442,0.03380179660799323,0.016241916059546484
TUR,2023,0.01916246890147887,0.004950050360240628,0.014212418541238243,0.018418718143524235,0.015541424875125038
TZA,1991,0.026802675837072812,0.009286516777029363,0.017516159060043442,0.026799200785475184,3.883143275043038e-05
TZA,1992,0.021266009822895206,0.006866190271190673,0.014399819551704534,0.02119240592069977,0.0005507093722392391
TZA,1993,0.017663108798005596,0.001519055579648123,0.016144053218357473,0.017550013610737634,0.0008699106521168487
TZA,1994,0.0012612885012464672,0.013386075204013706,-0.01212478670276724,0.001056769445912778,0.001641798038477525
TZA,1995,0.05280335039371688,0.013309252064545697,0.03949409832917118,0.052112861901607035,0.006804889776569052
TZA,1996,0.04517861231414913,0.012030592861802455,0.033148019452346675,0.0441949846592173,0.010678223632520965
TZA,1997,0.04204456865274016,0.013877535277793463,0.028167033374946693,0.040409414955065684,0.017837938786720794
TZA,1998,0.016935260031139984,0.011689383793984771,0.00524587623715521,0.01583658734423172,0.01422573496734606
TZA,1999,0.038323731251019566,0.013924710684063635,0.02439902056695593,0.03753827056016686,0.010956054715887705
TZA,2000,0.038503546258393084,0.01976556071074541,0.01873798554764768,0.038161726718227075,0.00405059963272442
TZA,2001,0.025551952054734497,0.010915651933938507,0.014636300120795984,0.025360819302569178,0.002456181775870707
TZA,2002,0.0216924974203754,0.007599784399727071,0.014092713020648328,0.021547768955555043,0.0016633280592445315
TZA,2003,0.02946056522900755,0.010804869088207044,0.01865569614080051,0.029377158506888393,0.000891801962929972
TZA,2004,0.036933876501468385,0.016565399432244894,0.02036847706922349,0.03677015029422251,0.0016750806227440324
TZA,2005,0.037336274543980544,0.014746464206677206,0.022589810337303336,0.03543945703542904,0.017664078388427554
TZA,2006,0.045964920933140155,0.014529931584025178,0.03143498934911497,0.04149717754606522,0.0372929769823914
TZA,2007,0.05030876283503989,0.013730470975905577,0.03657829185913432,0.04194946160097131,0.06298229754022153
TZA,2008,0.031048437011807418,0.005234893661056034,0.02581354335075138,0.02434482945856593,0.07110134432025861
TZA,2009,0.0008273453051085152,-0.01569528741361132,0.016522632718719836,-0.0062623875273045485,0.08010108265274021
TZA,2010,0.048813387221579733,0.012287989164718884,0.03652539805686085,0.03908167654131748,0.09669485051194743
TZA,2011,0.041524359253812634,0.006548468306548319,0.03497589094726431,0.02996398035765742,0.12643385235126314
TZA,2012,0.0342401237402596,0.0027717452889754247,0.031468378451284175,0.023115627894542707,0.1452257631984822
TZA,2013,0.035447507417259924,0.004857563841500186,0.03058994357575974,0.02551028060350034,0.1333975847250127
TZA,2014,0.03761680407876396,0.006179754430300162,0.03143704964846379,0.030183534227146834,0.1026168493697817
TZA,2015,0.03866287354765542,0.004644411003086149,0.03401846254456928,0.03224907032940704,0.09495945447215155
TZA,2016,0.03496989347908975,0.003711646943107357,0.0312582465359824,0.028671580117808078,0.09544511806696082
TZA,2017,0.035340807460535646,0.004739299221749532,0.03060150823878612,0.02884279525031452,0.09698796429736893
TZA,2018,0.0404463410070508,0.004940984782603361,0.035505356224447435,0.03583672725436351,0.07072818874010912
TZA,2019,0.02717617862390976,0.003914547819411227,0.02326163080449853,0.024180403875257786,0.05181246942167842
TZA,2020,-0.03672418045234434,-0.00880459689705641,-0.02791958355528793,-0.03768507315119247,0.043238391958656225
TZA,2021,0.05986261230398006,0.01226966149019244,0.04759295081378763,0.05640291195859705,0.04259380249193434
TZA,2022,0.04644851242821069,0.006550159062866305,0.03989835336534439,0.04501071223350135,0.0437182563859462
TZA,2023,0.03721840844549145,0.0019021960841348867,0.03531621236135657,0.03522191335488305,0.04171878567166322
UGA,1991,0.012999728335052342,0.014140527354087738,-0.0011407990190353994,0.012999728335052339,0.0
UGA,1992,0.0161571014187624,0.012469747697284508,0.0036873537214778926,0.01614185461326146,0.0001140776295227029
UGA,1993,0.006124194913313401,0.0036084038499592463,0.002515791063354155,0.00611350821803638,8.220040376591196e-05
UGA,1994,0.028279806396687705,0.022693765667672262,0.005586040729015444,0.02826588482644681,0.00011175685647843904
UGA,1995,0.03267130263294371,0.02136898203955017,0.011302320593393535,0.03265240401743254,0.00018624929590111992
UGA,1996,0.026754032604672597,0.017546987166475052,0.009207045438197546,0.0267368366003866,0.00018667915489265416
UGA,1997,0.03315453526735633,0.025698111137469237,0.0074564241298870956,0.033073446740689606,0.0008845970730724644
UGA,1998,0.03073919685429242,0.026552603841746635,0.0041865930125457845,0.030614548650369208,0.0016139586742228245
UGA,1999,0.03328126996269593,0.026944179143267948,0.006337090819427982,0.033158964508009564,0.0017059863965194265
UGA,2000,0.041360869664625176,0.03149424625994705,0.009866623404678133,0.04126500022962472,0.0011360634854688308
UGA,2001,0.023230237798535752,0.014472584371017404,0.00875765342751835,0.023191895117176217,0.0004927287140817173
UGA,2002,0.017215691810841323,0.005846445807941313,0.011369246002900011,0.017164831037153053,0.0005845301551121786
UGA,2003,0.020805649922124348,0.0050134377756573005,0.015792212146467047,0.02071410089470862,0.0009788611790431197
UGA,2004,0.04056281046809041,0.012728049835907106,0.027834760632183306,0.04043674302280054,0.0012897943360208302
UGA,2005,0.04605876476472756,0.012930634315235917,0.033128130449491644,0.04566952574250826,0.003624781281973228
UGA,2006,0.058013044423879,0.01634753153666829,0.041665512887210696,0.057357719792772224,0.0054701007346482575
UGA,2007,0.050743445673042425,0.0142791638371782,0.03646428183586423,0.04976061779106837,0.007405015845228494
UGA,2008,0.031158975528215404,0.004079292883467061,0.02707968264474834,0.030350264975891644,0.008577531870640911
UGA,2009,-0.009916732946161282,-0.012714116955984059,0.002797384009822779,-0.010689189684196063,0.008727355808967803
UGA,2010,0.045806580140823415,0.008170569063969188,0.03763601107685423,0.04478371106271678,0.010163287406541498
UGA,2011,0.03262299774813516,0.005537513928004269,0.027085483820130887,0.0315942850168699,0.011250852134259477
UGA,2012,0.004742181437429027,-0.00032370105052725135,0.005065882487956275,0.003741105248520619,0.013068641992439192
UGA,2013,0.03499723220142174,0.0013318000037883854,0.03366543219763335,0.03398858306798688,0.013540131543428244
UGA,2014,0.04245518459734754,0.0053263695506227515,0.037128815046724786,0.04137775663314826,0.014873974080864898
UGA,2015,0.040913483706059975,0.005080087694919965,0.03583339601114001,0.03938035882141201,0.022698654406739027
UGA,2016,0.02757895032821887,0.005314356523141502,0.02226459380507737,0.02576889067430821,0.027429781191545797
UGA,2017,0.025324987861662943,0.005849063992854946,0.019475923868807997,0.023639180892937043,0.025162000440359225
UGA,2018,0.03766899199943422,0.004101534788890967,0.03356745721054326,0.03659106083340594,0.016539372504962714
UGA,2019,0.03761604379831612,0.0034583891972178524,0.034157654601098264,0.036983055296746066,0.010947651320123509
UGA,2020,-0.04214012749999055,-0.01201239811958923,-0.030127729380401317,-0.042383379415781776,0.010945885729263407
UGA,2021,0.04879021019896914,0.010113356061361812,0.03867685413760733,0.04792873789292927,0.010605942015961293
UGA,2022,0.04565087335041961,0.00636170827173577,0.03928916507868384,0.04531022546441204,0.010357858951897158
UGA,2023,0.031210278766186546,0.002091384395029024,0.029118894371157517,0.030488362350289355,0.015085174198195647
UKR,1993,0.01269844541279501,-0.001546448979059671,0.014244894391854682,0.002130850424109476,0.08128430280709593
UKR,1994,0.02449985789999362,0.012519537444893704,0.011980320455099915,0.012642602581483715,0.09518535322732725
UKR,1995,0.023251602646574998,0.009426998939356557,0.013824603707218445,0.01482036112424548,0.08309141990733973
UKR,1996,0.017945932045986417,0.004203631490087572,0.013742300555898842,0.01162882397075644,0.0685782800024922
UKR,1997,0.028675465203381205,0.004542629660711265,0.024132835542669935,0.024162021392474413,0.049237288537928914
UKR,1998,0.003368299122542386,0.004597989344903919,-0.0012296902223615323,-0.0010137421916617245,0.05673915361202881
UKR,1999,0.036776796939600766,0.005479641841959309,0.03129715509764146,0.0322029425876062,0.06379873509462597
UKR,2000,0.0604672384561551,0.008396450259299689,0.05207078819685541,0.05482442324010947,0.06686798897027779
UKR,2001,0.031268776615060855,0.004372412644189579,0.026896363970871272,0.02697051755099536,0.05523546049291204
UKR,2002,0.039428373305258474,0.0028843310460092654,0.03654404225924921,0.03535030845608841,0.04686817965949588
UKR,2003,0.042935967135576555,0.0028321468164727867,0.04010382031910377,0.039298063138713174,0.03889722366404422
UKR,2004,0.060374217490625375,0.0051331010025129995,0.05524111648811238,0.056564399655275335,0.03897819499718586
UKR,2005,0.05486333782820915,0.005287150487477629,0.04957618734073152,0.05096935521431958,0.03626264193830953
UKR,2006,0.0627082810969923,0.007458085757552232,0.05525019533944007,0.05909265072552537,0.030180251759765978
UKR,2007,0.060530299858440176,0.005720085801319761,0.054810214057120415,0.05782386922201592,0.020391323968627865
UKR,2008,0.037839083389695057,0.0003250089168184948,0.037514074472876566,0.03643977947776244,0.014841619003024284
UKR,2009,-0.029902508284084285,-0.008725912210980144,-0.021176596073104147,-0.030840742714678834,0.010600342135476665
UKR,2010,0.044596159358352705,0.003651642454725421,0.040944516903627284,0.04278919610082857,0.017954093355986307
UKR,2011,0.04027324829708698,0.0027248967786766094,0.03754835151841037,0.03811638291209514,0.02358926139681321
UKR,2012,0.025007037634461455,-0.0012669492611466333,0.026273986895608087,0.022595727862152953,0.03147866715472658
UKR,2013,0.02161349595685709,-0.00023124716930495636,0.021844743126162046,0.01952754216713716,0.028001896566487886
UKR,2014,0.02522925172017993,0.0023633001671820074,0.022865951552997924,0.022777632238111148,0.03384479134021262
UKR,2015,0.019172353219264957,0.0033288816388843396,0.015843471580380613,0.016487173470522865,0.03975538310479291
UKR,2016,0.025735170672654253,0.003586820194406272,0.022148350478247987,0.022298149545824757,0.05208487867014039
UKR,2017,0.0382107544746196,0.005245278814741425,0.032965475659878174,0.0345601287921304,0.054488471535862525
UKR,2018,0.03486418107735603,0.004016954267397655,0.03084722680995838,0.031371630189151054,0.05358839409514302
UKR,2019,0.02702552871494444,0.0038326126397468714,0.02319291607519757,0.02424387087436357,0.04810927853354832
UKR,2020,-0.038647834407132584,-0.017474262772055313,-0.02117357163507727,-0.039876138429849675,0.0552714063103004
UKR,2021,0.06373453980168475,0.01602348830332402,0.04771105149836073,0.05659526978151757,0.08789450727471175
UKR,2022,0.036837221237744806,0.009889291250712367,0.02694792998703244,0.03312243919635041,0.11295296404965323
UKR,2023,0.023576099978554872,0.0022999618632917706,0.021276138115263105,0.018425767892401863,0.10762140185109574
URY,1991,0.008591732269546484,0.005659443063242439,0.0029322892063040444,0.005051927128219228,0.039555011323850225
URY,1992,0.01657575629342877,0.006352755251871355,0.01022300104155742,0.009591463822807346,0.05225694844029408
URY,1993,0.03696051621448973,0.0032011486453722565,0.03375936756911746,0.02971190804780748,0.05575517057395066
URY,1994,0.049829321550103306,0.011166002905944942,0.038663318644158375,0.042398367246727756,0.059652760371851216
URY,1995,0.026140865267446738,0.008596865263613326,0.017544000003833413,0.02042405368866849,0.056340218716941635
URY,1996,0.03664856705203119,0.00704869235471534,0.02959987469731585,0.031402224737908865,0.05695408847247014
URY,1997,0.04708870416562571,0.009873528307618885,0.03721517585800682,0.042032142199019074,0.05516218014237512
URY,1998,0.020296861614703978,0.00938743061439421,0.010909431000309763,0.016327120623458157,0.05140064361606169
URY,1999,0.011495499965885244,0.008842239073516953,0.0026532608923682914,0.008563048569962,0.04090350837358622
URY,2000,0.03535740788903702,0.01085160623711473,0.02450580165192228,0.032494280434188894,0.033928379317983204
URY,2001,0.006341904367442968,0.005047635602758737,0.0012942687646842312,0.0038471968390372704,0.03205863515269108
URY,2002,0.0006798437098847277,0.004461025585714361,-0.0037811818758296343,-0.002766838638287165,0.03961185844217475
URY,2003,0.033574670327394154,0.005145708228334813,0.028428962099059346,0.028983614915446175,0.04908851618034269
URY,2004,0.04838024276385629,0.008560744619387483,0.0398194981444688,0.04344231920958056,0.05051982942435673
URY,2005,0.04210174379280103,0.010918425771910392,0.031183318020890638,0.03705170668861679,0.0470283782549534
URY,2006,0.04576922302804555,0.012559894410527747,0.033209328617517804,0.040939813613343,0.04031186183657736
URY,2007,0.04719066607168779,0.009988106372566082,0.0372025596991217,0.04188008329713537,0.04001204108492721
URY,2008,0.02778759880859833,0.0010554883710970396,0.02673211043750129,0.024052835192343937,0.03961250889540428
URY,2009,-0.01994537145020954,-0.012908009386207377,-0.00703736206400216,-0.02333426943285398,0.03828838178054651
URY,2010,0.05151692510045254,0.006732826284179273,0.044784098816273266,0.04738066659916148,0.04109810809237216
URY,2011,0.03890144886660561,0.0038791766455266354,0.035022272221078975,0.03439113442127517,0.04932852424312282
URY,2012,0.022048761385714745,-0.0003551449875552763,0.02240390637327002,0.017115054359689925,0.06440753614268574
URY,2013,0.02953592256430923,0.0010077166323005158,0.028528205932008714,0.02328245589390729,0.08394669515190235
URY,2014,0.018854603810184632,0.004209348574866171,0.014645255235318459,0.010197434098419373,0.11951287899060802
URY,2015,0.01076765251718055,0.00421853704196695,0.006549115475213599,0.0007998903204686583,0.14757753368778848
URY,2016,0.00758002997567293,0.004246491013722869,0.003333538961950059,-0.0035216791963561503,0.1682361422636096
URY,2017,0.02588294678990923,0.006387307377410808,0.019495639412498426,0.01499819510971976,0.16246351548607169
URY,2018,0.024769439057524337,0.005523844811820326,0.01924559424570401,0.012793229989438958,0.18375847105730636
URY,2019,0.02069947540250356,0.004433404421472668,0.016266070981030892,0.008983391440458594,0.20263180410957973
URY,2020,-0.0336025887221371,-0.010054743637258615,-0.02354784508487848,-0.03920422824635459,0.25206340484172846
URY,2021,0.06680495700663994,0.011923851385623341,0.0548811056210166,0.04586599596159974,0.25778821345870523
URY,2022,0.03492401514121772,0.006680592855080668,0.028243422286137052,0.02554270307342374,0.2852514610344027
URY,2023,0.029478538508851744,0.003492148397960194,0.025986390110891554,0.016403123037617883,0.2732240405590593
UZB,1993,0.05275822122120843,-0.004113016004788402,0.05687123722599683,0.0427092833769796,0.07729487243734567
UZB,1994,0.02252117802011113,0.015260806491440697,0.00726037152867043,0.01677090325145997,0.04616093019046436
UZB,1995,0.007123378329099001,0.012105869642870257,-0.004982491313771254,0.0027236281408097593,0.04336033897431628
UZB,1996,0.003725226363569506,0.0062617863696452425,-0.0025365600060757425,0.00136445733509717,0.02562841691605751
UZB,1997,0.022864753103453674,0.006863250777155812,0.01600150232629786,0.019380859333013395,0.03800589749143192
UZB,1998,-8.837833968142889e-05,0.006149778573043755,-0.006238156912725182,-0.003181612616078744,0.04005153812621612
UZB,1999,0.03662946350268141,0.006711793576656734,0.029917669926024675,0.034023430951668966,0.0363504317310655
UZB,2000,0.06353775751415011,0.00892110983495937,0.05461664767919074,0.061775493362096943,0.020883026533834854
UZB,2001,0.040766873245091415,0.0028037634952952206,0.0379631097497962,0.03144146699362091,0.11983761353282762
UZB,2002,0.07090002538254382,0.0008100718430219087,0.07008995353952191,0.05095817530200433,0.2291866968490377
UZB,2003,0.07610424177447209,0.000335086024871493,0.0757691557496006,0.04423229796385639,0.34078143020768886
UZB,2004,0.07291067943569743,0.000356702738753903,0.07255397669694352,0.039601923841885545,0.34078143017825324
UZB,2005,0.08070292276074217,0.00038094707711575147,0.08032197568362641,0.04398863175581111,0.3419011641145635
UZB,2006,0.0850966134241246,0.00041765878940676506,0.08467895463471783,0.04400229828988067,0.3430208979419156
UZB,2007,0.09817111032260921,0.0004356738428708902,0.09773543647973831,0.05249517718655604,0.3441406321712364
UZB,2008,0.05472497987144404,2.261097083034485e-05,0.05470236890061369,0.022278564642181,0.34414063216728524
UZB,2009,0.0302983297398505,-0.0006919229373983083,0.0309902526772488,-0.00016149746914842153,0.3441406318869389
UZB,2010,0.07604429069216435,0.00035352074292957383,0.07569076994923477,0.04140876415634233,0.3441406316750102
UZB,2011,0.06202829525546299,0.00020943673506507667,0.06181885852039791,0.030562069870463927,0.3441406315585112
UZB,2012,0.05335702243951963,0.00011305959841990623,0.05324396284109972,0.026995370473053486,0.3441406315484228
UZB,2013,0.04858410941510407,0.00018193555133195365,0.048402173863772116,0.022947936767244242,0.34414063167831704
UZB,2014,0.04486074878632531,0.00040890110667720297,0.044451847679648104,0.019932189800688328,0.34414063171382264
UZB,2015,0.030644486808502517,0.00032087258759091845,0.0303236142209116,0.00740035274073067,0.34414063164163794
UZB,2016,0.04179087955717579,0.0003018438783694028,0.041489035678806394,0.01908143582445124,0.3441406316220223
UZB,2017,0.04528744643112286,0.000552921870755822,0.04473452456036704,0.02421287177815265,0.31455467116688507
UZB,2018,0.03560814576628097,0.000490631063446124,0.03511751470283485,0.01844628074885932,0.263325235737342
UZB,2019,0.03353950417172923,0.0006509571180670042,0.03288854705366223,0.02016151995880783,0.23137467136592518
UZB,2020,-0.01138649536980254,-0.0027175781575458184,-0.00866891721225672,-0.016289579797314043,0.22062971915309934
UZB,2021,0.04741070715011966,0.0025132393823812573,0.044897467767738404,0.029802471009278596,0.21678228099008845
UZB,2022,0.021657798076662352,0.0014694396429722346,0.020188358433690122,0.015320789189132145,0.19268531210699336
UZB,2023,0.04512118053730088,0.0004851622511518593,0.04463601828614902,0.0367312706521639,0.17531565890098658
VEN,1991,0.005830321670842225,0.003251433639914025,0.0025788880309282,0.00579635315229999,0.0003795760167433124
VEN,1992,0.026564777770589236,0.022127223986142374,0.004437553784446864,0.026538814339349407,0.00019426014780165807
VEN,1993,0.023374632092588686,0.018863043556255493,0.004511588536333193,0.023351730717340195,0.00017615382898285563
VEN,1994,0.03814915894150789,0.02810373358431625,0.010045425357191634,0.03812264635497557,0.0002128325524127851
VEN,1995,0.029602076299014582,0.020488497310135776,0.0091135789888788,0.029552013722795832,0.0004933758013239649
VEN,1996,0.032287372654984714,0.02360451886682622,0.008682853788158487,0.03224621403408672,0.0004468163904819657
VEN,1997,0.04282907531056383,0.028353700601928086,0.014475374708635743,0.04280193049447178,0.0002961235806244648
VEN,1998,0.03832500223080362,0.032294907130196705,0.006030095100606911,0.038323907920418405,1.4169251404420662e-05
VEN,1999,0.03268371165516885,0.031466768954508006,0.0012169427006608413,0.032682695834210886,1.4169251404420662e-05
VEN,2000,0.03763022329247433,0.027698664192298557,0.009931559100175773,0.03763008714991149,1.613304537005268e-06
VEN,2001,0.012097254270276102,0.006726462690188909,0.0053707915800871925,0.012075289063878267,0.00028226737200402524
VEN,2002,0.02316481052123231,0.01578782511132528,0.0073769854099070276,0.023078425076086224,0.0009928063218259647
VEN,2003,0.02868751335642324,0.019288029513376388,0.009399483843046848,0.028451894728759773,0.0025192832102064818
VEN,2004,0.03667563504269961,0.02454445312527441,0.012131181917425207,0.036173135088676124,0.0051410702664751095
VEN,2005,0.04135418946202858,0.027525290474997743,0.013828898987030838,0.04050403454018798,0.007917052175023306
VEN,2006,0.03692932130199873,0.020642598946277436,0.0162867223557213,0.035872451239866,0.00882186542193043
VEN,2007,0.02972735174097601,0.015778738481152986,0.013948613259823023,0.02876060774765658,0.007283833436258581
VEN,2008,0.009070216070733609,0.000982843551947438,0.00808737251878617,0.007682014278084138,0.01472386515189765
VEN,2009,-0.01715615698889086,-0.02002070656258533,0.002864549573694474,-0.01950123802287744,0.026495149277268093
VEN,2010,0.03615031480187028,0.016658482630314855,0.019491832171555427,0.031488498993929304,0.046320076446306535
VEN,2011,0.02974235011488742,0.011608687661646362,0.01813366245324106,0.0239823466811179,0.0629961552497376
VEN,2012,0.030580857783353496,0.011979752898126108,0.01860110488522739,0.023359042166685877,0.09427786204019983
VEN,2013,0.0321121004314599,0.008866958146466979,0.023245142284992918,0.022587211665185618,0.12786234831996204
VEN,2014,0.040684961247271834,0.013880638885566003,0.026804322361705834,0.029505757608893894,0.15432974703373312
VEN,2015,0.042848542949342865,0.013054587766328396,0.029793955183014465,0.03223830134882881,0.1570897515745275
VEN,2016,0.03670271728920943,0.007639177642017167,0.029063539647192264,0.02681759020465628,0.14979996509733726
VEN,2017,0.04062546290313766,0.011670605148496625,0.028954857754641038,0.030609063540151797,0.1495026713365322
VEN,2018,0.04044642847827985,0.013031651239660491,0.027414777238619358,0.030257823515276398,0.15633014249873242
VEN,2019,0.02961687929417499,0.010492387611416524,0.01912449168275846,0.020635057942043084,0.15534223471498257
VEN,2020,-0.03907030168240802,-0.01359108279790237,-0.025479218884505647,-0.04214136730579711,0.13819226570670415
VEN,2021,0.06880746699829463,0.029566303738422166,0.039241163259872466,0.061310735167521245,0.09229536753409473
VEN,2022,0.03657960123813983,0.014203544990761378,0.02237605624737845,0.034321801531980084,0.06865144877933448
VEN,2023,0.0314719393475004,0.018501891540842134,0.01297004780665827,0.02933853887398012,0.04457956221645162
VNM,1991,-0.038570872318812385,0.006395943053658537,-0.04496681537247092,-0.03887595229150517,0.0034090695088426024
VNM,1992,-0.024080384556021163,0.0033695108345110814,-0.027449895390532247,-0.02495919910365098,0.006575349857877011
VNM,1993,0.039779491511490336,0.0008634957805638242,0.03891599573092651,0.036975815691327185,0.021565439873791132
VNM,1994,0.03533186513786727,0.0052877471153735586,0.03004411802249371,0.030970464863553163,0.035011595392425134
VNM,1995,0.043476317043042334,0.012166311162846926,0.031310005880195405,0.037628530032436235,0.05763100543853308
VNM,1996,0.04648103939762346,0.01346925906676105,0.03301178033086241,0.04027227051398531,0.06740215394484872
VNM,1997,0.04222832241192376,0.008014275407522956,0.0342140470044008,0.0360657481967908,0.06722769961900565
VNM,1998,0.0028974465410548217,0.004477873377864965,-0.001580426836810144,-0.0015855422502547146,0.05804623266481312
VNM,1999,0.04031066032771743,0.0088079110679129,0.03150274925980452,0.03671300836011208,0.05018210620192177
VNM,2000,0.0530682719730905,0.01769083225705426,0.03537743971603623,0.04841023636343915,0.05519824092124033
VNM,2001,0.019169191375299908,0.007427395135915222,0.011741796239384686,0.013477830723433774,0.07313773361527554
VNM,2002,0.028842535099472648,0.006795396931303311,0.022047138168169337,0.021035187159144705,0.08972789778121189
VNM,2003,0.022371970193080303,0.00953722037089397,0.012834749822186332,0.01314582817860662,0.0986478229779124
VNM,2004,0.05506928632755739,0.015652479894727574,0.03941680643282982,0.045832811694909964,0.09449824765304395
VNM,2005,0.04446103443071139,0.016078655751044113,0.028382378679667274,0.03382894142595101,0.09901117182989179
VNM,2006,0.04657872719608258,0.014975774539980743,0.031602952656101836,0.03435301045084945,0.10205003592914942
VNM,2007,0.0474332099962219,0.014779091942069573,0.03265411805415234,0.03439553343539539,0.09823103646995685
VNM,2008,0.020115533130407856,0.0012037560416211326,0.018911777088786722,0.01192782455355412,0.08684235795326557
VNM,2009,-0.012000224227556932,-0.018939379147360293,0.0069391549198033605,-0.019035908023292407,0.07949042686971562
VNM,2010,0.047896013658885656,0.016317854446887492,0.031578159211998164,0.03966515183896122,0.08178232783638827
VNM,2011,0.03270640302784979,0.008725067813271743,0.02398133521457804,0.024387671827369804,0.09098051558683186
VNM,2012,0.030822356609469522,0.007535344797117967,0.023287011812351557,0.022832749567159593,0.10430106644537614
VNM,2013,0.030624711316141372,0.0071272770203345,0.023497434295806873,0.022319087046345894,0.11149491080248261
VNM,2014,0.03278804061436452,0.009801208112329152,0.022986832502035363,0.02473703719369938,0.11114470775122709
VNM,2015,0.03239042595245329,0.011005976225192074,0.02138444972726121,0.025264814798859076,0.10549811475363251
VNM,2016,0.029325128998623995,0.008348299266809186,0.02097682973181481,0.02253123655285388,0.1029551610764579
VNM,2017,0.03416790672600641,0.012677256680346437,0.021490650045659976,0.026775889409334876,0.1103316965867127
VNM,2018,0.03294852687172713,0.011043502926888596,0.021905023944838526,0.02436329043593468,0.13172865571550255
VNM,2019,0.025822806223851087,0.00823340614605559,0.017589400077795497,0.016868394296270982,0.15486818372964234
VNM,2020,-0.030908394865446547,-0.020380173466139948,-0.010528221399306602,-0.03460731606195167,0.16644460376313952
VNM,2021,0.058566633486184135,0.026721394757964582,0.03184523872821955,0.0447578176136318,0.17000604595941365
VNM,2022,0.029623795163459067,0.013502496557714747,0.016121298605744322,0.024065782481513892,0.16899888059532533
VNM,2023,0.028808567464102992,0.011449810695858289,0.0173587567682447,0.020710556251393588,0.1692161406952403
YEM,1991,0.026113898078616048,0.019033481422614587,0.007080416656001464,0.026028891212509786,0.0009498962279538525
YEM,1992,0.023098451086166965,0.015160676025558574,0.007937775060608391,0.023034972895507308,0.00047494811397692625
YEM,1993,0.01374110337438458,0.006359808401503393,0.007381294972881186,0.013699821371913298,0.0003175347648118451
YEM,1994,0.030138359218677233,0.016878767443448697,0.013259591775228532,0.024189871614088122,0.047752104395298395
YEM,1995,0.04428099722749417,0.012883240053450727,0.031397757174043445,0.03860171208416491,0.055970388864806785
YEM,1996,0.05620199321120281,0.008319465563356734,0.04788252764784608,0.043831539320762426,0.13429316715080195
YEM,1997,0.04580773593046783,0.004121808441864725,0.0416859274886031,0.0308952523739503,0.1626807126556112
YEM,1998,0.0018079797013039623,0.000595812807168752,0.0012121668941352057,-0.018089712535996255,0.2576375107914976
YEM,1999,0.052951871429509904,0.002850949915995004,0.050100921513514904,0.034097717627738014,0.26298851499458736
YEM,2000,0.06407952439266752,0.005168677057942964,0.05891084733472456,0.04020766121226598,0.2828842382270494
YEM,2001,0.03918666825889544,0.0016785283403630725,0.037508139918532364,0.02021390018779616,0.24381256820782882
YEM,2002,0.05509388371412731,0.0014841244212540935,0.053609759292873205,0.0382593854330619,0.19347467955910966
YEM,2003,0.058970511409962616,0.0022528179200366183,0.056717693489926,0.046195437013965474,0.13659374368712007
YEM,2004,0.0705327225533725,0.0026264517678475374,0.06790627078552497,0.0535741788673336,0.17350263220708195
YEM,2005,0.06506913971028033,0.0024374627413807607,0.06263167696889957,0.039696299026168225,0.23628411524074255
YEM,2006,0.07667838203564556,0.0027826478176698507,0.07389573421797571,0.03888643367876918,0.3154555080916241
YEM,2007,0.07336466399555341,0.004052187452591859,0.06931247654296155,0.03478027423259557,0.29071012617112085
YEM,2008,0.04161560179559959,0.0007839878088589804,0.040831613986740616,0.01663443199286687,0.26496102905189883
YEM,2009,0.024969155634680943,-0.005589522921913086,0.030558678556594034,0.0025084652455280724,0.2537649386552118
YEM,2010,0.06992858097047372,0.0036451025916730277,0.06628347837880068,0.04353658579809931,0.26223241850794604
YEM,2011,0.053255706772862225,0.00011547591501139178,0.05314023085785083,0.028868018795963964,0.26672389967125787
YEM,2012,0.054680077918175626,0.00014587030718154348,0.054534207610994076,0.03409491608634589,0.2687309051171738
YEM,2013,0.049847459015578674,0.0009248572771713309,0.048922601738407345,0.02582681914444107,0.3224536787187213
YEM,2014,0.04561268981847398,0.001568631618029392,0.0440440582004446,0.021834414595793883,0.3282608778515069
YEM,2015,0.04960445355953661,0.0011017696622141653,0.04850268389732245,0.026777001991977068,0.33797144597100887
YEM,2016,0.0444379043572756,0.0008676319957660495,0.04357027236150955,0.03108637407251674,0.2023301019344791
YEM,2017,0.0450300552281027,0.0010163882562100825,0.044013666971892615,0.0368821123368327,0.12161448280944426
YEM,2018,0.04191929678610551,0.0006620424046651235,0.04125725438144038,0.041731246756941204,0.002885369288817807
YEM,2019,0.046038782484633216,0.00010365555035501798,0.045935126934278196,0.04603267162791232,0.00010568837898573236
YEM,2020,0.006028445292960994,-0.00011121344090971478,0.00613965873387071,0.006019701701549397,0.0003934454211528636
YEM,2021,0.044105516496966486,0.0013147407235301215,0.04279077577343637,0.044067424647080786,0.0004689645254246189
YEM,2022,0.03428595591224342,0.0006643896914403424,0.03362156622080308,0.03426229080356609,0.0007195695843997768
YEM,2023,0.029819311233676697,3.927138248043804e-05,0.02978003985119626,0.029794456172174303,0.0005193716671540779
YUG,1991,-0.03335771181503297,0.012852481633980901,-0.04621019344901387,-0.033523017103226416,0.0018471786681264714
YUG,1992,-0.023078329404245798,0.008530219278026142,-0.031608548682271934,-0.023598753908250645,0.0038938513224128423
YUG,1993,-0.00403927150924368,-0.002769436074267416,-0.0012698354349762637,-0.004730427346097321,0.00531626357651424
YUG,1994,0.021545124717497647,0.021516447329145524,2.8677388352127756e-05,0.02072705056041896,0.006567175582879225
YUG,1995,0.025571679497790704,0.019455618230286843,0.006116061267503864,0.02495287676147989,0.006098413604501538
ZAF,1999,0.03296436221292864,0.018318997116511852,0.014645365096416781,0.03233395022072916,0.008793346835207248
ZAF,2000,0.03914378280455899,0.022695948123383502,0.01644783468117549,0.03828704237822354,0.010152469500629277
ZAF,2001,0.022212434973602233,0.010374019098814332,0.0118384158747879,0.021289021059761326,0.011866477100689594
ZAF,2002,0.020459418959665934,0.007733273509043551,0.012726145450622383,0.01912351745412462,0.015353181983323163
ZAF,2003,0.021947740785055986,0.009865629330768523,0.012082111454287465,0.020247745293372848,0.01817670420244166
ZAF,2004,0.03692025968392591,0.015234629224732626,0.021685630459193278,0.03470961263236966,0.02261710023140688
ZAF,2005,0.0350749667001858,0.015717670487373152,0.019357296212812646,0.03238808600584382,0.02502152736952175
ZAF,2006,0.03982218302347916,0.017679255380433384,0.022142927643045776,0.03644153340202551,0.02821882941691133
ZAF,2007,0.039197202876777595,0.01680622899742189,0.022390973879355704,0.03495812561699102,0.031938892713155434
ZAF,2008,0.014320533193020648,0.0012025373131348805,0.013117995879885772,0.010076750867908386,0.04501138020410082
ZAF,2009,-0.009968328452044775,-0.02439808471954426,0.01442975626749949,-0.014852198714594513,0.05517884873986245
ZAF,2010,0.04923155011201362,0.015217735928733264,0.034013814183280346,0.04154127129974587,0.0764110632322442
ZAF,2011,0.03907104605148637,0.008121264326588589,0.030949781724897776,0.031093605719814947,0.08724787674312345
ZAF,2012,0.034529290662643417,0.0038915353398677396,0.030637755322775677,0.02612819043639685,0.10967294239525839
ZAF,2013,0.03723197177920885,0.004571798171847773,0.03266017360736108,0.028777117516090016,0.11349817801686296
ZAF,2014,0.038592067595742616,0.007399037224002104,0.03119303037174052,0.02946254035544847,0.1260338101987205
ZAF,2015,0.02966129476634457,0.00746895543295791,0.022192339333386664,0.02171444281453805,0.11765698142522543
ZAF,2016,0.030824621057398895,0.006503276883401669,0.024321344173997228,0.023398013421504493,0.11254337502519716
ZAF,2017,0.03165226135651307,0.009373616371976683,0.022278644984536383,0.02497278277872677,0.09969649315345498
ZAF,2018,0.030894304389427255,0.007322324890912053,0.023571979498515205,0.024369463289866628,0.10011472057065689
ZAF,2019,0.0206991043258202,0.005968684363026262,0.014730419962793936,0.01491994427874825,0.09995162465290115
ZAF,2020,-0.04181226198707246,-0.02062471831183663,-0.02118754367523583,-0.04416170999379262,0.10572080932951901
ZAF,2021,0.05938673265431786,0.022094572168316756,0.037292160486001105,0.050165223942327045,0.11352980938951995
ZAF,2022,0.03715547050153243,0.01276906361560202,0.02438640688593041,0.03318200062089683,0.12081871710872812
ZAF,2023,0.0285628147763264,0.005511142211569337,0.023051672564757063,0.023027755008566575,0.11566067616056555
ZMB,1991,0.03662247286152499,0.01438694424342042,0.02223552861810458,0.03662247286152499,0.0
ZMB,1992,0.018250362025960247,0.006064348072802965,0.012186013953157285,0.018250328927796683,2.476426974180302e-07
ZMB,1993,0.024855284483683928,0.0010203614000011032,0.023834923083682825,0.02434209611987974,0.003947365356564084
ZMB,1994,0.03905928097385121,0.00897370902554744,0.030085571948303767,0.03856755701337549,0.003947365356564084
ZMB,1995,0.040813505376479556,0.011261412821684197,0.02955209255479536,0.04041298509678941,0.003947200261432472
ZMB,1996,0.045157108697703514,0.011012344486617658,0.03414476421108586,0.045151838527595335,5.721276207949204e-05
ZMB,1997,0.024041536011641437,0.00791631814450346,0.016125217867137973,0.024029496132508404,0.00013134338825760734
ZMB,1998,0.003668171035196397,0.0075060531809794055,-0.003837882145783009,0.003512080928407487,0.0020210718958094784
ZMB,1999,0.02954450339123103,0.01107845060183835,0.018466052789392676,0.029380760764999216,0.0022839757523337436
ZMB,2000,0.039505761381747787,0.016565590750332565,0.022940170631415225,0.039314305713209804,0.002268771002050767
ZMB,2001,0.017611440507609294,0.008763406058518506,0.008848034449090787,0.017578419581052527,0.0004243406591087496
ZMB,2002,0.021185429986302733,0.0061235671018908065,0.015061862884411928,0.021165529072110084,0.000228716230924831
ZMB,2003,0.025463503823604988,0.012931796217188686,0.012531707606416302,0.025324326049116393,0.0014881176160817884
ZMB,2004,0.03663879027491021,0.013574546532105438,0.02306424374280476,0.03594890487337602,0.007058208257939077
ZMB,2005,0.039085720002885516,0.012944872244011592,0.026140847758873924,0.037570775481535985,0.014107893172955929
ZMB,2006,0.04496854020253199,0.014630966056415335,0.03033757414611666,0.039912096456221666,0.04220695413918263
ZMB,2007,0.04939960318075564,0.01593014447601702,0.03346945870473862,0.04145297216696577,0.059873076102709866
ZMB,2008,0.03081940267967651,0.010512332510885175,0.020307070168791335,0.024564638190227278,0.06634072177918798
ZMB,2009,-0.003168257187346116,-0.012889640591193696,0.009721383403847582,-0.008062007895434355,0.05529047979894932
ZMB,2010,0.045624626996493806,0.016158655762750558,0.029465971233743237,0.03857227397190495,0.0700725950323589
ZMB,2011,0.03843338035162168,0.010136881310212465,0.02829649904140922,0.027110948962533576,0.12383146187201341
ZMB,2012,0.03337220095343133,0.006517954459429933,0.026854246494001397,0.020883216703349715,0.1630386036766096
ZMB,2013,0.0365662928577997,0.009658930049930476,0.026907362807869217,0.02245840923575023,0.1893845874743554
ZMB,2014,0.03868730459044975,0.011190299756114176,0.027497004834335575,0.024700217948265685,0.1930927830866834
ZMB,2015,0.03238941316257797,0.007861269066486832,0.024528144096091137,0.02111187646872156,0.1669693777307286
ZMB,2016,0.027379462268173213,0.010332881275222442,0.01704658099295077,0.017383660400882066,0.1514771391437098
ZMB,2017,0.027917223853730765,0.007900685404439172,0.020016538449291594,0.018379439897306487,0.14235895838832488
ZMB,2018,0.036988980100484445,0.013095815712249383,0.023893164388235064,0.026121193864375666,0.16675124583845077
ZMB,2019,0.018787764004334306,0.005770642553599658,0.013017121450734649,0.009086427338321934,0.16778638299937418
ZMB,2020,-0.02049109006072599,-0.013099468590182172,-0.007391621470543819,-0.024422708523704102,0.17691554981937244
ZMB,2021,0.06449618053384615,0.02591080513857004,0.038585375395276095,0.04960918475206548,0.18327996494656762
ZMB,2022,0.03939635195442913,0.01386814291430647,0.02552820904012265,0.03298468596070743,0.19495536223045415
ZMB,2023,0.02849991403776888,0.0031646695515329813,0.0253352444862359,0.01926544371149263,0.19296360414082067
ZWE,1991,0.019390579483630203,0.009515056809575565,0.009875522674054636,0.017917598229414848,0.016459603809847394
ZWE,1992,0.004274755839031218,0.007191051288559409,-0.0029162954495281918,0.0010967400301251746,0.02377812913290933
ZWE,1993,0.020265116536753478,0.004014371316035106,0.01625074522071837,0.01664900570396822,0.02781456407355163
ZWE,1994,0.02432065958272333,0.014458393491535933,0.009862266091187398,0.020753143813687876,0.02863860476122173
ZWE,1995,0.038072795572876156,0.013003992051781784,0.025068803521094373,0.035387546622060034,0.026463617195295174
ZWE,1996,0.04001522403934478,0.012781302327036228,0.02723392171230855,0.0377029983026861,0.0251014328248254
ZWE,1997,0.0385237033652507,0.017036217456304265,0.02148748590894644,0.035797391249043076,0.0297414174041079
ZWE,1998,0.020540612428108895,0.01395535451122226,0.006585257916886636,0.01866656521591906,0.024265369727109957
ZWE,1999,0.034668012884934596,0.01422843495034078,0.020439577934593813,0.03345459425322117,0.01692545671241353
ZWE,2000,0.0391818645502233,0.0195809411493343,0.01960092340088901,0.03712678719453764,0.024352895618892367
ZWE,2001,0.023238792312512774,0.008866642137674418,0.01437215017483836,0.020214504684636696,0.03886408829689064
ZWE,2002,0.028239458288975235,0.005671588852191814,0.022567869436783416,0.022474729951687387,0.06625258140639395
ZWE,2003,0.02992316044985295,0.0073367702120250705,0.022586390237827877,0.024988483716464626,0.05276258658113491
ZWE,2004,0.04616706750205604,0.010747294032825584,0.03541977346923046,0.030013702494293477,0.16526485998652427
ZWE,2005,0.04950720570812661,0.008949567640432898,0.04055763806769372,0.03289331059081195,0.15471659469943808
ZWE,2006,0.06046045568214267,0.009280520711184959,0.051179934970957706,0.0404870046619966,0.16672162759126186
ZWE,2007,0.053264972497389096,0.008112428203917176,0.04515254429347193,0.04714517807278673,0.04610896324257676
ZWE,2008,0.03633586992761546,0.0018067128970657637,0.034529157030549706,0.03316625022595766,0.03361834952030773
ZWE,2009,-0.018567764900375754,-0.008603351150201045,-0.009964413750174707,-0.020483913717191823,0.021648995579780343
ZWE,2010,0.04347006293667347,0.0059420173651954684,0.037528045571478,0.04119914317211817,0.022563992536652727
ZWE,2011,0.0372256895612768,0.004190106601260568,0.03303558296001624,0.03311453139090373,0.044963021521596626
ZWE,2012,0.028963763341545528,-0.00015499201217018105,0.029118755353715713,0.02437261658217898,0.05993555135731892
ZWE,2013,0.03273935368837639,0.0003124525244105183,0.03242690116396587,0.028499930876380267,0.05691011932678678
ZWE,2014,0.02526486089500587,0.0007188211364088365,0.024546039758597035,0.02311036153630442,0.029743025690243164
ZWE,2015,0.024793567364307722,0.0004924816286894253,0.024301085735618302,0.024035755226904782,0.011219774712672149
ZWE,2016,0.017024816308152977,0.00032143916885511156,0.016703377139297867,0.016714571012286312,0.004701480729070487
ZWE,2017,0.014094954787773,0.0005025210866605385,0.01359243370111246,0.013961243883669984,0.0019957408471645358
ZWE,2018,0.018915407549913794,0.00034862921711074826,0.018566778332803045,0.018867600657565625,0.0007335310693023737
ZWE,2019,0.007415494459733202,0.0004643845274206913,0.006951109932312511,0.007201406834907822,0.0037026844290666545
ZWE,2020,-0.06098025282426346,-0.0010395424833925385,-0.05994071034087092,-0.06106699114477272,0.003903063791109054
ZWE,2021,0.046239160989557944,0.0011652021835470861,0.04507395880601085,0.04593066605455827,0.00379800879248794
ZWE,2022,0.035708655373292764,0.0009343221378295429,0.03477433323546321,0.03521623368618433,0.014972746314976117
ZWE,2023,0.023530917708676748,0.00041677043628030296,0.02311414727239644,0.021384687946232054,0.044847643193697495
