ISO3,year,kaopen,ka_open,P_ka,P_strat,P_manuf,P_total,P_select,P_screen,P_interp
.,2006,,,,,,,,,
.,2007,,,,,,,,,
.,2008,,,,,,,,,
.,2009,,,,,,,,,
.,2010,,,,,,,,,
.,2011,,,,,,,,,
.,2012,,,,,,,,,
.,2013,,,,,,,,,
.,2014,,,,,,,,,
.,2015,,,,,,,,,
.,2016,,,,,,,,,
.,2017,,,,,,,,,
.,2018,,,,,,,,,
.,2019,,,,,,,,,
.,2020,,,,,,,,,
.,2021,,,,,,,,,
.,2022,,,,,,,,,
.,2023,,,,,,,,,
ABW,1970,,,,,,,,,
ABW,1971,,,,,,,,,
ABW,1972,,,,,,,,,
ABW,1973,,,,,,,,,
ABW,1974,,,,,,,,,
ABW,1975,,,,,,,,,
ABW,1976,,,,,,,,,
ABW,1977,,,,,,,,,
ABW,1978,,,,,,,,,
ABW,1979,,,,,,,,,
ABW,1980,,,,,,,,,
ABW,1981,,,,,,,,,
ABW,1982,,,,,,,,,
ABW,1983,,,,,,,,,
ABW,1984,,,,,,,,,
ABW,1985,,,,,,,,,
ABW,1986,,,,,,,,,
ABW,1987,,,,,,,,,
ABW,1988,,,,,,,,,
ABW,1989,,,,,,,,,
ABW,1990,,,,,,,,,
ABW,1991,,,,,,,,,
ABW,1992,-0.17476626,0.41813296,0.58186704,,,,,,
ABW,1993,-0.17476626,0.41813296,0.58186704,,,,,,
ABW,1994,-0.17476626,0.41813296,0.58186704,,,,,,
ABW,1995,-0.17476626,0.41813296,0.58186704,,,,,,
ABW,1996,-1.2538762,0.16243199,0.83756804,,,,,,
ABW,1997,-1.2538762,0.16243199,0.83756804,,,,,,
ABW,1998,-1.2538762,0.16243199,0.83756804,,,,,,
ABW,1999,-1.2538762,0.16243199,0.83756804,,,,,,
ABW,2000,-1.2538762,0.16243199,0.83756804,,,,,,
ABW,2001,-1.2538762,0.16243199,0.83756804,,,,,,
ABW,2002,-1.2538762,0.16243199,0.83756804,,,,,,
ABW,2003,-1.2538762,0.16243199,0.83756804,,,,,,
ABW,2004,-1.2538762,0.16243199,0.83756804,,,,,,
ABW,2005,-1.2538762,0.16243199,0.83756804,,,,,,
ABW,2006,-1.2538762,0.16243199,0.83756804,,,,,,
ABW,2007,-1.2538762,0.16243199,0.83756804,,,,,,
ABW,2008,-1.2538762,0.16243199,0.83756804,,,,,,
ABW,2009,-1.2538762,0.16243199,0.83756804,,,,,,
ABW,2010,-1.2538762,0.16243199,0.83756804,,,,,,
ABW,2011,-1.2538762,0.16243199,0.83756804,,,,,,
ABW,2012,-1.2538762,0.16243199,0.83756804,,,,,,
ABW,2013,-1.2538762,0.16243199,0.83756804,,,,,,
ABW,2014,-1.2538762,0.16243199,0.83756804,,,,,,
ABW,2015,-1.2538762,0.16243199,0.83756804,,,,,,
ABW,2016,-1.2538762,0.16243199,0.83756804,,,,,,
ABW,2017,-1.2538762,0.16243199,0.83756804,,,,,,
ABW,2018,-1.2538762,0.16243199,0.83756804,,,,,,
ABW,2019,-1.2538762,0.16243199,0.83756804,,,,,,
ABW,2020,-1.2538762,0.16243199,0.83756804,,,,,,
ABW,2021,-1.2538762,0.16243199,0.83756804,,,,,,
ABW,2022,-1.2538762,0.16243199,0.83756804,,,,,,
ABW,2023,-1.2538762,0.16243199,0.83756804,,,,,,
AFG,1970,0.39859986,0.5539952,0.4460048,,,,,,
AFG,1971,0.39859986,0.5539952,0.4460048,,,,,,
AFG,1972,0.39859986,0.5539952,0.4460048,,,,,,
AFG,1973,0.39859986,0.5539952,0.4460048,,,,,,
AFG,1974,-0.93228245,0.23863538,0.76136464,,,,,,
AFG,1975,-1.1840549,0.17897654,0.82102346,,,,,,
AFG,1976,-1.4358273,0.11931769,0.8806823,,,,,,
AFG,1977,-0.6084897,0.31535983,0.68464017,,,,,,
AFG,1978,-1.9393721,0.0,1.0,,,,,,
AFG,1979,-1.2538762,0.16243199,0.83756804,,,,,,
AFG,1980,-1.2538762,0.16243199,0.83756804,,,,,,
AFG,1981,-1.2538762,0.16243199,0.83756804,,,,,,
AFG,1982,-1.9393721,0.0,1.0,,,,,,
AFG,1983,-1.9393721,0.0,1.0,,,,,,
AFG,1984,-1.9393721,0.0,1.0,,,,,,
AFG,1985,-1.9393721,0.0,1.0,,,,,,
AFG,1986,-1.9393721,0.0,1.0,,,,,,
AFG,1987,-1.9393721,0.0,1.0,,,,,,
AFG,1988,-1.9393721,0.0,1.0,,,,,,
AFG,1989,-1.9393721,0.0,1.0,,,,,,
AFG,1990,-1.9393721,0.0,1.0,,,,,,
AFG,1991,-1.9393721,0.0,1.0,,,,,,
AFG,1992,-1.9393721,0.0,1.0,,,,,,
AFG,1993,-1.9393721,0.0,1.0,,,,,,
AFG,1994,-1.9393721,0.0,1.0,,,,,,
AFG,1995,,,,,,,,,
AFG,1996,,,,,,,,,
AFG,1997,,,,,,,,,
AFG,1998,,,,,,,,,
AFG,1999,,,,,,,,,
AFG,2000,-1.9393721,0.0,1.0,,,,,,
AFG,2001,,,,,,,,,
AFG,2002,,,,,,,,,
AFG,2003,,,,,,,,,
AFG,2004,,,,,,,,,
AFG,2005,,,,,,,,,
AFG,2006,,,,,,,,,
AFG,2007,,,,,,,,,
AFG,2008,,,,,,,,,
AFG,2009,,,,,,,,,
AFG,2010,,,,,,,,,
AFG,2011,,,,,,,,,
AFG,2012,,,,,,,,,
AFG,2013,,,,,,,,,
AFG,2014,,,,,,,,,
AFG,2015,,,,,,,,,
AFG,2016,,,,,,,,,
AFG,2017,,,,,,,,,
AFG,2018,,,,,,,,,
AFG,2019,,,,,,,,,
AFG,2020,,,,,,,,,
AFG,2021,,,,,,,,,
AFG,2022,,,,,,,,,
AFG,2023,,,,,,,,,
AGO,1970,,,,,,,,,
AGO,1971,,,,,,,,,
AGO,1972,,,,,,,,,
AGO,1973,,,,,,,,,
AGO,1974,,,,,,,,,
AGO,1975,,,,,,,,,
AGO,1976,,,,,,,,,
AGO,1977,,,,,,,,,
AGO,1978,,,,,,,,,
AGO,1979,,,,,,,,,
AGO,1980,,,,,,,,,
AGO,1981,,,,,,,,,
AGO,1982,,,,,,,,,
AGO,1983,,,,,,,,,
AGO,1984,,,,,,,,,
AGO,1985,,,,,,,,,
AGO,1986,,,,,,,,,
AGO,1987,,,,,,,,,
AGO,1988,,,,,,,,,
AGO,1989,,,,,,,,,
AGO,1990,,,,,,,,,
AGO,1991,,,,,,,,,
AGO,1992,,,,,,,,,
AGO,1993,-1.9393721,0.0,1.0,,,,,,
AGO,1994,-1.9393721,0.0,1.0,,,,,,
AGO,1995,-1.9393721,0.0,1.0,,,,,,
AGO,1996,-1.2538762,0.16243199,0.83756804,,,,,,
AGO,1997,-1.2538762,0.16243199,0.83756804,,,,,,
AGO,1998,-1.2538762,0.16243199,0.83756804,,,,,,
AGO,1999,-1.2538762,0.16243199,0.83756804,,,,,,
AGO,2000,-1.2538762,0.16243199,0.83756804,,,,,,
AGO,2001,-1.2538762,0.16243199,0.83756804,,,,,,
AGO,2002,-1.2538762,0.16243199,0.83756804,,,,,,
AGO,2003,-1.2538762,0.16243199,0.83756804,,,,,,
AGO,2004,-1.2538762,0.16243199,0.83756804,,,,,,
AGO,2005,-1.2538762,0.16243199,0.83756804,,,,,,
AGO,2006,-1.2538762,0.16243199,0.83756804,,,,,,
AGO,2007,-1.9393721,0.0,1.0,,,,,,
AGO,2008,-1.9393721,0.0,1.0,,,,,,
AGO,2009,-1.9393721,0.0,1.0,,,,,,
AGO,2010,-1.9393721,0.0,1.0,,,,,,
AGO,2011,-1.9393721,0.0,1.0,,,,,,
AGO,2012,-1.9393721,0.0,1.0,,,,,,
AGO,2013,-1.9393721,0.0,1.0,,,,,,
AGO,2014,-1.9393721,0.0,1.0,,,,,,
AGO,2015,-1.9393721,0.0,1.0,,,,,,
AGO,2016,-1.9393721,0.0,1.0,,,,,,
AGO,2017,-1.9393721,0.0,1.0,,,,,,
AGO,2018,-1.9393721,0.0,1.0,,,,,,
AGO,2019,-1.9393721,0.0,1.0,,,,,,
AGO,2020,-1.9393721,0.0,1.0,,,,,,
AGO,2021,-1.9393721,0.0,1.0,,,,,,
AGO,2022,-1.9393721,0.0,1.0,,,,,,
AGO,2023,-1.9393721,0.0,1.0,,,,,,
ALB,1970,,,,,,,,,
ALB,1971,,,,,,,,,
ALB,1972,,,,,,,,,
ALB,1973,,,,,,,,,
ALB,1974,,,,,,,,,
ALB,1975,,,,,,,,,
ALB,1976,,,,,,,,,
ALB,1977,,,,,,,,,
ALB,1978,,,,,,,,,
ALB,1979,,,,,,,,,
ALB,1980,,,,,,,,,
ALB,1981,,,,,,,,,
ALB,1982,,,,,,,,,
ALB,1983,,,,,,,,,
ALB,1984,,,,,,,,,
ALB,1985,,,,,,,,,
ALB,1986,,,,,,,,,
ALB,1987,,,,,,,,,
ALB,1988,,,,,,,,,
ALB,1989,,,,,,,,,
ALB,1990,,,,,,,,,
ALB,1991,,,,,,,,,
ALB,1992,,,,,,,,,
ALB,1993,,,,,,,,,
ALB,1994,,,,,,,,,
ALB,1995,-0.17476626,0.41813296,0.58186704,,,,,,
ALB,1996,-0.17476626,0.41813296,0.58186704,,,,,,
ALB,1997,-0.17476626,0.41813296,0.58186704,,,,,,1.0
ALB,1998,-0.17476626,0.41813296,0.58186704,,,,,,1.0
ALB,1999,-0.17476626,0.41813296,0.58186704,,,,,,1.0
ALB,2000,-0.17476626,0.41813296,0.58186704,,,,,,1.0
ALB,2001,-0.17476626,0.41813296,0.58186704,,,,,,1.0
ALB,2002,-0.17476626,0.41813296,0.58186704,,,,,,1.0
ALB,2003,-0.17476626,0.41813296,0.58186704,,,,,,1.0
ALB,2004,-0.17476626,0.41813296,0.58186704,,,,,,1.0
ALB,2005,-0.17476626,0.41813296,0.58186704,,,,,,1.0
ALB,2006,-1.2538762,0.16243199,0.83756804,,,,,,1.0
ALB,2007,-1.2538762,0.16243199,0.83756804,,,,,,1.0
ALB,2008,-1.2538762,0.16243199,0.83756804,,,,,,1.0
ALB,2009,-1.2538762,0.16243199,0.83756804,,,,,,1.0
ALB,2010,-0.17476626,0.41813296,0.58186704,,,,,,1.0
ALB,2011,-0.17476626,0.41813296,0.58186704,,,,,,1.0
ALB,2012,-0.17476626,0.41813296,0.58186704,,,,,,1.0
ALB,2013,-0.17476626,0.41813296,0.58186704,,,,,,1.0
ALB,2014,-0.17476626,0.41813296,0.58186704,,,,,,1.0
ALB,2015,-0.17476626,0.41813296,0.58186704,,,,,,1.0
ALB,2016,-0.17476626,0.41813296,0.58186704,,,,,,1.0
ALB,2017,-0.17476626,0.41813296,0.58186704,0.045,0.03,0.057,0.015,0.0,0.0
ALB,2018,-0.17476626,0.41813296,0.58186704,0.045,0.03,0.057,0.015,0.0,0.0
ALB,2019,-0.17476626,0.41813296,0.58186704,0.045,0.03,0.057,0.015,0.0,0.0
ALB,2020,-1.2538762,0.16243199,0.83756804,0.045,0.03,0.057,0.015,0.0,0.0
ALB,2021,-0.17476626,0.41813296,0.58186704,,,,,,
ALB,2022,-0.17476626,0.41813296,0.58186704,,,,,,
ALB,2023,-0.17476626,0.41813296,0.58186704,,,,,,
ANT,1970,1.0840957,0.7164272,0.2835728,,,,,,
ANT,1971,1.0840957,0.7164272,0.2835728,,,,,,
ANT,1972,1.0840957,0.7164272,0.2835728,,,,,,
ANT,1973,1.0840957,0.7164272,0.2835728,,,,,,
ANT,1974,1.0840957,0.7164272,0.2835728,,,,,,
ANT,1975,1.0840957,0.7164272,0.2835728,,,,,,
ANT,1976,0.8323233,0.6567683,0.34323168,,,,,,
ANT,1977,0.5805509,0.5971095,0.4028905,,,,,,
ANT,1978,0.32877854,0.5374507,0.46254933,,,,,,
ANT,1979,0.07700613,0.47779182,0.5222082,,,,,,
ANT,1980,-0.17476626,0.41813296,0.58186704,,,,,,
ANT,1981,-0.17476626,0.41813296,0.58186704,,,,,,
ANT,1982,-0.17476626,0.41813296,0.58186704,,,,,,
ANT,1983,-0.17476626,0.41813296,0.58186704,,,,,,
ANT,1984,-0.17476626,0.41813296,0.58186704,,,,,,
ANT,1985,-0.17476626,0.41813296,0.58186704,,,,,,
ANT,1986,-0.17476626,0.41813296,0.58186704,,,,,,
ANT,1987,-0.17476626,0.41813296,0.58186704,,,,,,
ANT,1988,-0.17476626,0.41813296,0.58186704,,,,,,
ANT,1989,-0.17476626,0.41813296,0.58186704,,,,,,
ANT,1990,-0.17476626,0.41813296,0.58186704,,,,,,
ANT,1991,-0.17476626,0.41813296,0.58186704,,,,,,
ANT,1992,-0.17476626,0.41813296,0.58186704,,,,,,
ANT,1993,-0.17476626,0.41813296,0.58186704,,,,,,
ANT,1994,-0.17476626,0.41813296,0.58186704,,,,,,
ANT,1995,-0.17476626,0.41813296,0.58186704,,,,,,
ANT,1996,-0.05714153,0.4460048,0.5539952,,,,,,
ANT,1997,-0.05714153,0.4460048,0.5539952,,,,,,
ANT,1998,-0.05714153,0.4460048,0.5539952,,,,,,
ANT,1999,-0.05714153,0.4460048,0.5539952,,,,,,
ANT,2000,-0.05714153,0.4460048,0.5539952,,,,,,
ANT,2001,-0.05714153,0.4460048,0.5539952,,,,,,
ANT,2002,-0.05714153,0.4460048,0.5539952,,,,,,
ANT,2003,-0.05714153,0.4460048,0.5539952,,,,,,
ANT,2004,-0.05714153,0.4460048,0.5539952,,,,,,
ANT,2005,-0.05714153,0.4460048,0.5539952,,,,,,
ANT,2006,,,,,,,,,
ANT,2007,-0.05714153,0.4460048,0.5539952,,,,,,
ANT,2008,-0.05714153,0.4460048,0.5539952,,,,,,
ANT,2009,-0.05714153,0.4460048,0.5539952,,,,,,
ANT,2010,,,,,,,,,
ANT,2011,,,,,,,,,
ANT,2012,,,,,,,,,
ANT,2013,,,,,,,,,
ANT,2014,,,,,,,,,
ANT,2015,,,,,,,,,
ANT,2016,,,,,,,,,
ANT,2017,,,,,,,,,
ANT,2018,,,,,,,,,
ANT,2019,,,,,,,,,
ANT,2020,,,,,,,,,
ANT,2021,,,,,,,,,
ANT,2022,,,,,,,,,
ANT,2023,,,,,,,,,
ARE,1970,,,,,,,,,
ARE,1971,,,,,,,,,
ARE,1972,,,,,,,,,
ARE,1973,,,,,,,,,
ARE,1974,,,,,,,,,
ARE,1975,,,,,,,,,
ARE,1976,2.2808304,1.0,0.0,,,,,,
ARE,1977,2.2808304,1.0,0.0,,,,,,
ARE,1978,2.2808304,1.0,0.0,,,,,,
ARE,1979,2.2808304,1.0,0.0,,,,,,
ARE,1980,2.2808304,1.0,0.0,,,,,,
ARE,1981,2.2808304,1.0,0.0,,,,,,
ARE,1982,2.2808304,1.0,0.0,,,,,,
ARE,1983,2.2808304,1.0,0.0,,,,,,
ARE,1984,2.2808304,1.0,0.0,,,,,,
ARE,1985,2.2808304,1.0,0.0,,,,,,
ARE,1986,2.2808304,1.0,0.0,,,,,,
ARE,1987,2.2808304,1.0,0.0,,,,,,
ARE,1988,2.2808304,1.0,0.0,,,,,,
ARE,1989,2.2808304,1.0,0.0,,,,,,
ARE,1990,2.2808304,1.0,0.0,,,,,,
ARE,1991,2.2808304,1.0,0.0,,,,,,
ARE,1992,2.2808304,1.0,0.0,,,,,,
ARE,1993,2.2808304,1.0,0.0,,,,,,
ARE,1994,2.2808304,1.0,0.0,,,,,,
ARE,1995,2.2808304,1.0,0.0,,,,,,
ARE,1996,2.2808304,1.0,0.0,,,,,,
ARE,1997,2.2808304,1.0,0.0,,,,,,
ARE,1998,2.2808304,1.0,0.0,,,,,,
ARE,1999,2.2808304,1.0,0.0,,,,,,
ARE,2000,2.2808304,1.0,0.0,,,,,,
ARE,2001,2.2808304,1.0,0.0,,,,,,
ARE,2002,2.2808304,1.0,0.0,,,,,,
ARE,2003,2.2808304,1.0,0.0,,,,,,
ARE,2004,2.2808304,1.0,0.0,,,,,,
ARE,2005,2.2808304,1.0,0.0,,,,,,
ARE,2006,2.2808304,1.0,0.0,,,,,,
ARE,2007,2.2808304,1.0,0.0,,,,,,
ARE,2008,2.2808304,1.0,0.0,,,,,,
ARE,2009,2.2808304,1.0,0.0,,,,,,
ARE,2010,2.2808304,1.0,0.0,,,,,,
ARE,2011,2.2808304,1.0,0.0,,,,,,
ARE,2012,2.2808304,1.0,0.0,,,,,,
ARE,2013,2.2808304,1.0,0.0,,,,,,
ARE,2014,2.2808304,1.0,0.0,,,,,,
ARE,2015,2.2808304,1.0,0.0,,,,,,
ARE,2016,2.2808304,1.0,0.0,,,,,,
ARE,2017,2.2808304,1.0,0.0,,,,,,
ARE,2018,2.2808304,1.0,0.0,,,,,,
ARE,2019,2.2808304,1.0,0.0,,,,,,
ARE,2020,2.2808304,1.0,0.0,,,,,,
ARE,2021,2.2808304,1.0,0.0,,,,,,
ARE,2022,2.2808304,1.0,0.0,,,,,,
ARE,2023,2.2808304,1.0,0.0,,,,,,
ARG,1970,0.5805509,0.5971095,0.4028905,,,,,,
ARG,1971,-1.1840549,0.17897654,0.82102346,,,,,,
ARG,1972,-1.4358273,0.11931769,0.8806823,,,,,,
ARG,1973,-1.6875997,0.059658844,0.9403412,,,,,,
ARG,1974,-1.9393721,0.0,1.0,,,,,,
ARG,1975,-1.9393721,0.0,1.0,,,,,,
ARG,1976,-1.9393721,0.0,1.0,,,,,,
ARG,1977,-0.17476626,0.41813296,0.58186704,,,,,,
ARG,1978,-0.17476626,0.41813296,0.58186704,,,,,,
ARG,1979,-0.17476626,0.41813296,0.58186704,,,,,,
ARG,1980,-0.17476626,0.41813296,0.58186704,,,,,,
ARG,1981,-0.17476626,0.41813296,0.58186704,,,,,,
ARG,1982,-1.2538762,0.16243199,0.83756804,,,,,,
ARG,1983,-1.2538762,0.16243199,0.83756804,,,,,,
ARG,1984,-1.2538762,0.16243199,0.83756804,,,,,,
ARG,1985,-1.2538762,0.16243199,0.83756804,,,,,,
ARG,1986,-1.2538762,0.16243199,0.83756804,,,,,,
ARG,1987,-1.2538762,0.16243199,0.83756804,,,,,,
ARG,1988,-1.2538762,0.16243199,0.83756804,,,,,,
ARG,1989,-1.2538762,0.16243199,0.83756804,,,,,,
ARG,1990,-1.2538762,0.16243199,0.83756804,,,,,,
ARG,1991,-1.2538762,0.16243199,0.83756804,,,,,,
ARG,1992,-1.2538762,0.16243199,0.83756804,,,,,,
ARG,1993,1.2737408,0.76136464,0.23863536,,,,,,
ARG,1994,1.5255132,0.82102346,0.17897654,,,,,,
ARG,1995,1.7772856,0.8806823,0.11931771,,,,,,
ARG,1996,0.949948,0.68464017,0.31535983,,,,,,
ARG,1997,2.029058,0.9403412,0.059658825,0.058399999999999994,0.0,0.013,0.058399999999999994,0.0,0.0
ARG,1998,1.7772856,0.8806823,0.11931771,0.06673333333333333,0.0,0.015,0.06673333333333333,0.0,1.0
ARG,1999,1.5255132,0.82102346,0.17897654,0.07506666666666667,0.0,0.017,0.07506666666666667,0.0,1.0
ARG,2000,1.2737408,0.76136464,0.23863536,0.0834,0.0,0.019000000000000003,0.0834,0.0,1.0
ARG,2001,-1.2538762,0.16243199,0.83756804,0.09173333333333333,0.0,0.021,0.09173333333333333,0.0,1.0
ARG,2002,-1.2538762,0.16243199,0.83756804,0.10006666666666668,0.0,0.023,0.10006666666666668,0.0,1.0
ARG,2003,-0.17476626,0.41813296,0.58186704,0.10840000000000001,0.0,0.025,0.10840000000000001,0.0,0.0
ARG,2004,-0.17476626,0.41813296,0.58186704,0.10840000000000001,0.0,0.025,0.10840000000000001,0.0,1.0
ARG,2005,-0.17476626,0.41813296,0.58186704,0.10840000000000001,0.0,0.025,0.10840000000000001,0.0,1.0
ARG,2006,-0.86026204,0.255701,0.744299,0.10840000000000001,0.0,0.025,0.10840000000000001,0.0,0.0
ARG,2007,-0.86026204,0.255701,0.744299,0.10840000000000001,0.0,0.025,0.10840000000000001,0.0,1.0
ARG,2008,-0.86026204,0.255701,0.744299,0.10840000000000001,0.0,0.025,0.10840000000000001,0.0,1.0
ARG,2009,-0.86026204,0.255701,0.744299,0.10840000000000001,0.0,0.025,0.10840000000000001,0.0,1.0
ARG,2010,-0.86026204,0.255701,0.744299,0.10840000000000001,0.0,0.025,0.10840000000000001,0.0,0.0
ARG,2011,-0.86026204,0.255701,0.744299,0.10840000000000001,0.0,0.025,0.10840000000000001,0.0,0.0
ARG,2012,-1.9393721,0.0,1.0,0.10840000000000001,0.0,0.038,0.10840000000000001,0.0,0.0
ARG,2013,-1.9393721,0.0,1.0,0.10840000000000001,0.0,0.038,0.10840000000000001,0.0,0.0
ARG,2014,-1.9393721,0.0,1.0,0.10840000000000001,0.0,0.038,0.10840000000000001,0.0,0.0
ARG,2015,-1.9393721,0.0,1.0,0.10840000000000001,0.0,0.038,0.10840000000000001,0.0,0.0
ARG,2016,-1.2538762,0.16243199,0.83756804,0.10840000000000001,0.0,0.031,0.10840000000000001,0.0,0.0
ARG,2017,1.2737408,0.76136464,0.23863536,0.10840000000000001,0.0,0.031,0.10840000000000001,0.0,0.0
ARG,2018,1.5255132,0.82102346,0.17897654,0.10840000000000001,0.0,0.031,0.10840000000000001,0.0,0.0
ARG,2019,-0.75033146,0.28174967,0.71825033,0.20839999999999997,0.1,0.131,0.10839999999999997,0.0,0.0
ARG,2020,-0.75033146,0.28174967,0.71825033,0.20839999999999997,0.1,0.131,0.10839999999999997,0.0,0.0
ARG,2021,-0.75033146,0.28174967,0.71825033,,,,,,
ARG,2022,-1.0021038,0.22209083,0.77790916,,,,,,
ARG,2023,-1.2538762,0.16243199,0.83756804,,,,,,
ARM,1970,,,,,,,,,
ARM,1971,,,,,,,,,
ARM,1972,,,,,,,,,
ARM,1973,,,,,,,,,
ARM,1974,,,,,,,,,
ARM,1975,,,,,,,,,
ARM,1976,,,,,,,,,
ARM,1977,,,,,,,,,
ARM,1978,,,,,,,,,
ARM,1979,,,,,,,,,
ARM,1980,,,,,,,,,
ARM,1981,,,,,,,,,
ARM,1982,,,,,,,,,
ARM,1983,,,,,,,,,
ARM,1984,,,,,,,,,
ARM,1985,,,,,,,,,
ARM,1986,,,,,,,,,
ARM,1987,,,,,,,,,
ARM,1988,,,,,,,,,
ARM,1989,,,,,,,,,
ARM,1990,,,,,,,,,
ARM,1991,,,,,,,,,
ARM,1992,,,,,,,,,
ARM,1993,,,,,,,,,
ARM,1994,,,,,,,,,
ARM,1995,,,,,,,,,
ARM,1996,0.07700613,0.47779182,0.5222082,,,,,,
ARM,1997,1.5255132,0.82102346,0.17897654,,,,,,1.0
ARM,1998,1.7772856,0.8806823,0.11931771,,,,,,1.0
ARM,1999,2.029058,0.9403412,0.059658825,,,,,,1.0
ARM,2000,2.2808304,1.0,0.0,,,,,,1.0
ARM,2001,2.2808304,1.0,0.0,,,,,,1.0
ARM,2002,2.2808304,1.0,0.0,,,,,,1.0
ARM,2003,2.2808304,1.0,0.0,,,,,,1.0
ARM,2004,2.2808304,1.0,0.0,,,,,,1.0
ARM,2005,2.2808304,1.0,0.0,,,,,,1.0
ARM,2006,2.2808304,1.0,0.0,,,,,,1.0
ARM,2007,2.2808304,1.0,0.0,,,,,,1.0
ARM,2008,2.2808304,1.0,0.0,,,,,,1.0
ARM,2009,2.2808304,1.0,0.0,,,,,,1.0
ARM,2010,2.2808304,1.0,0.0,,,,,,1.0
ARM,2011,2.2808304,1.0,0.0,,,,,,1.0
ARM,2012,2.2808304,1.0,0.0,,,,,,1.0
ARM,2013,2.2808304,1.0,0.0,,,,,,1.0
ARM,2014,2.2808304,1.0,0.0,,,,,,1.0
ARM,2015,2.2808304,1.0,0.0,,,,,,1.0
ARM,2016,1.5953345,0.83756804,0.16243196,,,,,,1.0
ARM,2017,1.5953345,0.83756804,0.16243196,,,,,,1.0
ARM,2018,1.5953345,0.83756804,0.16243196,0.0834,0.0,0.019,0.0834,0.0,0.0
ARM,2019,1.5953345,0.83756804,0.16243196,0.0834,0.0,0.019,0.0834,0.0,0.0
ARM,2020,1.5953345,0.83756804,0.16243196,0.0834,0.0,0.019,0.0834,0.0,0.0
ARM,2021,1.5953345,0.83756804,0.16243196,,,,,,
ARM,2022,2.2808304,1.0,0.0,,,,,,
ARM,2023,2.2808304,1.0,0.0,,,,,,
ATG,1970,,,,,,,,,
ATG,1971,,,,,,,,,
ATG,1972,,,,,,,,,
ATG,1973,,,,,,,,,
ATG,1974,,,,,,,,,
ATG,1975,,,,,,,,,
ATG,1976,,,,,,,,,
ATG,1977,,,,,,,,,
ATG,1978,,,,,,,,,
ATG,1979,,,,,,,,,
ATG,1980,,,,,,,,,
ATG,1981,,,,,,,,,
ATG,1982,,,,,,,,,
ATG,1983,,,,,,,,,
ATG,1984,,,,,,,,,
ATG,1985,2.2808304,1.0,0.0,,,,,,
ATG,1986,2.2808304,1.0,0.0,,,,,,
ATG,1987,2.2808304,1.0,0.0,,,,,,
ATG,1988,2.2808304,1.0,0.0,,,,,,
ATG,1989,2.2808304,1.0,0.0,,,,,,
ATG,1990,2.2808304,1.0,0.0,,,,,,
ATG,1991,2.2808304,1.0,0.0,,,,,,
ATG,1992,2.2808304,1.0,0.0,,,,,,
ATG,1993,2.2808304,1.0,0.0,,,,,,
ATG,1994,2.2808304,1.0,0.0,,,,,,
ATG,1995,2.2808304,1.0,0.0,,,,,,
ATG,1996,1.2017204,0.744299,0.255701,,,,,,
ATG,1997,1.2017204,0.744299,0.255701,,,,,,
ATG,1998,1.2017204,0.744299,0.255701,,,,,,
ATG,1999,1.2017204,0.744299,0.255701,,,,,,
ATG,2000,1.2017204,0.744299,0.255701,,,,,,
ATG,2001,1.2017204,0.744299,0.255701,,,,,,
ATG,2002,1.2017204,0.744299,0.255701,,,,,,
ATG,2003,1.2017204,0.744299,0.255701,,,,,,
ATG,2004,1.2017204,0.744299,0.255701,,,,,,
ATG,2005,1.2017204,0.744299,0.255701,,,,,,
ATG,2006,1.2017204,0.744299,0.255701,,,,,,
ATG,2007,1.2017204,0.744299,0.255701,,,,,,
ATG,2008,1.2017204,0.744299,0.255701,,,,,,
ATG,2009,1.2017204,0.744299,0.255701,,,,,,
ATG,2010,,,,,,,,,
ATG,2011,,,,,,,,,
ATG,2012,,,,,,,,,
ATG,2013,,,,,,,,,
ATG,2014,,,,,,,,,
ATG,2015,,,,,,,,,
ATG,2016,,,,,,,,,
ATG,2017,,,,,,,,,
ATG,2018,1.2017204,0.744299,0.255701,,,,,,
ATG,2019,1.2017204,0.744299,0.255701,,,,,,
ATG,2020,1.2017204,0.744299,0.255701,,,,,,
ATG,2021,1.2017204,0.744299,0.255701,,,,,,
ATG,2022,1.2017204,0.744299,0.255701,,,,,,
ATG,2023,1.2017204,0.744299,0.255701,,,,,,
AUS,1970,-0.17476626,0.41813296,0.58186704,,,,,,
AUS,1971,-0.17476626,0.41813296,0.58186704,,,,,,
AUS,1972,-0.17476626,0.41813296,0.58186704,,,,,,
AUS,1973,-0.17476626,0.41813296,0.58186704,,,,,,
AUS,1974,-0.17476626,0.41813296,0.58186704,,,,,,
AUS,1975,-0.17476626,0.41813296,0.58186704,,,,,,
AUS,1976,-0.17476626,0.41813296,0.58186704,,,,,,
AUS,1977,-0.17476626,0.41813296,0.58186704,,,,,,
AUS,1978,-0.17476626,0.41813296,0.58186704,,,,,,
AUS,1979,-0.17476626,0.41813296,0.58186704,,,,,,
AUS,1980,-0.17476626,0.41813296,0.58186704,,,,,,
AUS,1981,-0.17476626,0.41813296,0.58186704,,,,,,
AUS,1982,-0.17476626,0.41813296,0.58186704,,,,,,
AUS,1983,-0.17476626,0.41813296,0.58186704,,,,,,
AUS,1984,0.07700613,0.47779182,0.5222082,,,,,,
AUS,1985,1.5255132,0.82102346,0.17897654,,,,,,
AUS,1986,1.7772856,0.8806823,0.11931771,,,,,,
AUS,1987,2.029058,0.9403412,0.059658825,,,,,,
AUS,1988,2.2808304,1.0,0.0,,,,,,
AUS,1989,2.2808304,1.0,0.0,,,,,,
AUS,1990,2.2808304,1.0,0.0,,,,,,
AUS,1991,2.2808304,1.0,0.0,,,,,,
AUS,1992,2.2808304,1.0,0.0,,,,,,
AUS,1993,2.2808304,1.0,0.0,,,,,,
AUS,1994,2.2808304,1.0,0.0,,,,,,
AUS,1995,2.2808304,1.0,0.0,,,,,,
AUS,1996,2.029058,0.9403412,0.059658825,,,,,,
AUS,1997,1.7772856,0.8806823,0.11931771,0.3942,0.2,0.266,0.19419999999999998,0.2,0.0
AUS,1998,1.5255132,0.82102346,0.17897654,0.3917333333333333,0.19583333333333333,0.26266666666666666,0.1959,0.19683333333333333,1.0
AUS,1999,1.2737408,0.76136464,0.23863536,0.38926666666666665,0.19166666666666668,0.25933333333333336,0.19759999999999997,0.19366666666666668,1.0
AUS,2000,1.0219685,0.7017058,0.2982942,0.3868,0.1875,0.256,0.19929999999999998,0.1905,1.0
AUS,2001,1.0219685,0.7017058,0.2982942,0.3843333333333333,0.18333333333333332,0.25266666666666665,0.20099999999999998,0.18733333333333332,1.0
AUS,2002,1.0219685,0.7017058,0.2982942,0.38186666666666663,0.17916666666666667,0.24933333333333332,0.20269999999999996,0.18416666666666667,1.0
AUS,2003,1.0219685,0.7017058,0.2982942,0.37939999999999996,0.175,0.246,0.20439999999999997,0.181,0.0
AUS,2004,1.0219685,0.7017058,0.2982942,0.36939999999999995,0.175,0.243,0.1944,0.181,1.0
AUS,2005,1.0219685,0.7017058,0.2982942,0.3594,0.175,0.24,0.18439999999999998,0.181,1.0
AUS,2006,1.0219685,0.7017058,0.2982942,0.3494,0.175,0.237,0.1744,0.181,0.0
AUS,2007,1.0219685,0.7017058,0.2982942,0.31579999999999997,0.15,0.20975,0.1658,0.16125,1.0
AUS,2008,1.0219685,0.7017058,0.2982942,0.2822,0.125,0.1825,0.1572,0.1415,1.0
AUS,2009,1.0219685,0.7017058,0.2982942,0.2486,0.09999999999999999,0.15525,0.1486,0.12175,1.0
AUS,2010,1.0219685,0.7017058,0.2982942,0.215,0.075,0.128,0.14,0.102,0.0
AUS,2011,1.0219685,0.7017058,0.2982942,0.215,0.075,0.128,0.14,0.102,0.0
AUS,2012,1.2737408,0.76136464,0.23863536,0.215,0.075,0.128,0.14,0.102,0.0
AUS,2013,1.5255132,0.82102346,0.17897654,0.215,0.075,0.128,0.14,0.102,0.0
AUS,2014,1.7772856,0.8806823,0.11931771,0.2136,0.075,0.127,0.1386,0.102,0.0
AUS,2015,2.029058,0.9403412,0.059658825,0.2136,0.08,0.14,0.1336,0.115,0.0
AUS,2016,2.2808304,1.0,0.0,0.24020000000000002,0.08,0.146,0.1602,0.121,0.0
AUS,2017,2.2808304,1.0,0.0,0.24020000000000002,0.08,0.147,0.1602,0.119,0.0
AUS,2018,2.2808304,1.0,0.0,0.24020000000000002,0.08,0.149,0.1602,0.119,0.0
AUS,2019,2.2808304,1.0,0.0,0.24020000000000002,0.08,0.149,0.1602,0.119,0.0
AUS,2020,2.2808304,1.0,0.0,0.24020000000000002,0.08,0.149,0.1602,0.119,0.0
AUS,2021,2.2808304,1.0,0.0,,,,,,
AUS,2022,2.2808304,1.0,0.0,,,,,,
AUS,2023,2.2808304,1.0,0.0,,,,,,
AUT,1970,-0.05714153,0.4460048,0.5539952,,,,,,
AUT,1971,-0.05714153,0.4460048,0.5539952,,,,,,
AUT,1972,-0.05714153,0.4460048,0.5539952,,,,,,
AUT,1973,1.0219685,0.7017058,0.2982942,,,,,,
AUT,1974,1.0219685,0.7017058,0.2982942,,,,,,
AUT,1975,1.0219685,0.7017058,0.2982942,,,,,,
AUT,1976,1.0219685,0.7017058,0.2982942,,,,,,
AUT,1977,1.0219685,0.7017058,0.2982942,,,,,,
AUT,1978,1.0219685,0.7017058,0.2982942,,,,,,
AUT,1979,1.0219685,0.7017058,0.2982942,,,,,,
AUT,1980,1.0219685,0.7017058,0.2982942,,,,,,
AUT,1981,1.0219685,0.7017058,0.2982942,,,,,,
AUT,1982,1.0219685,0.7017058,0.2982942,,,,,,
AUT,1983,1.0219685,0.7017058,0.2982942,,,,,,
AUT,1984,1.0219685,0.7017058,0.2982942,,,,,,
AUT,1985,1.0219685,0.7017058,0.2982942,,,,,,
AUT,1986,1.0219685,0.7017058,0.2982942,,,,,,
AUT,1987,1.0219685,0.7017058,0.2982942,,,,,,
AUT,1988,1.0219685,0.7017058,0.2982942,,,,,,
AUT,1989,1.0219685,0.7017058,0.2982942,,,,,,
AUT,1990,1.0219685,0.7017058,0.2982942,,,,,,
AUT,1991,1.2737408,0.76136464,0.23863536,,,,,,
AUT,1992,1.5255132,0.82102346,0.17897654,,,,,,
AUT,1993,1.7772856,0.8806823,0.11931771,,,,,,
AUT,1994,2.029058,0.9403412,0.059658825,,,,,,
AUT,1995,2.2808304,1.0,0.0,,,,,,
AUT,1996,2.2808304,1.0,0.0,,,,,,
AUT,1997,2.2808304,1.0,0.0,0.41,0.0,0.158,0.41,0.009,0.0
AUT,1998,2.2808304,1.0,0.0,0.41,0.0,0.1565,0.41,0.009,1.0
AUT,1999,2.2808304,1.0,0.0,0.41,0.0,0.155,0.41,0.009,1.0
AUT,2000,2.2808304,1.0,0.0,0.41,0.0,0.1535,0.41,0.009,1.0
AUT,2001,2.2808304,1.0,0.0,0.41,0.0,0.152,0.41,0.009,1.0
AUT,2002,2.2808304,1.0,0.0,0.41,0.0,0.1505,0.41,0.009,1.0
AUT,2003,2.2808304,1.0,0.0,0.41,0.0,0.149,0.41,0.009,0.0
AUT,2004,2.2808304,1.0,0.0,0.41,0.0,0.149,0.41,0.009,1.0
AUT,2005,2.2808304,1.0,0.0,0.41,0.0,0.149,0.41,0.009,1.0
AUT,2006,2.2808304,1.0,0.0,0.41,0.0,0.149,0.41,0.009,0.0
AUT,2007,2.2808304,1.0,0.0,0.36669999999999997,0.0,0.13824999999999998,0.36669999999999997,0.009,1.0
AUT,2008,2.2808304,1.0,0.0,0.32339999999999997,0.0,0.1275,0.32339999999999997,0.009,1.0
AUT,2009,2.2808304,1.0,0.0,0.2801,0.0,0.11674999999999999,0.2801,0.009,1.0
AUT,2010,2.2808304,1.0,0.0,0.23679999999999998,0.0,0.106,0.23679999999999998,0.009,0.0
AUT,2011,2.2808304,1.0,0.0,0.23679999999999998,0.0,0.106,0.23679999999999998,0.009,0.0
AUT,2012,2.2808304,1.0,0.0,0.23679999999999998,0.0,0.106,0.23679999999999998,0.009,0.0
AUT,2013,2.2808304,1.0,0.0,0.23679999999999998,0.0,0.106,0.23679999999999998,0.009,0.0
AUT,2014,2.2808304,1.0,0.0,0.23679999999999998,0.0,0.106,0.23679999999999998,0.009,0.0
AUT,2015,2.2808304,1.0,0.0,0.23679999999999998,0.0,0.106,0.23679999999999998,0.009,0.0
AUT,2016,2.2808304,1.0,0.0,0.23679999999999998,0.0,0.106,0.23679999999999998,0.009,0.0
AUT,2017,2.2808304,1.0,0.0,0.23679999999999998,0.0,0.106,0.23679999999999998,0.009,0.0
AUT,2018,2.2808304,1.0,0.0,0.23679999999999998,0.0,0.106,0.23679999999999998,0.009,0.0
AUT,2019,2.2808304,1.0,0.0,0.23679999999999998,0.0,0.106,0.23679999999999998,0.009,0.0
AUT,2020,2.2808304,1.0,0.0,0.23679999999999998,0.0,0.106,0.23679999999999998,0.009,0.0
AUT,2021,2.2808304,1.0,0.0,,,,,,
AUT,2022,2.2808304,1.0,0.0,,,,,,
AUT,2023,2.2808304,1.0,0.0,,,,,,
AZE,1970,,,,,,,,,
AZE,1971,,,,,,,,,
AZE,1972,,,,,,,,,
AZE,1973,,,,,,,,,
AZE,1974,,,,,,,,,
AZE,1975,,,,,,,,,
AZE,1976,,,,,,,,,
AZE,1977,,,,,,,,,
AZE,1978,,,,,,,,,
AZE,1979,,,,,,,,,
AZE,1980,,,,,,,,,
AZE,1981,,,,,,,,,
AZE,1982,,,,,,,,,
AZE,1983,,,,,,,,,
AZE,1984,,,,,,,,,
AZE,1985,,,,,,,,,
AZE,1986,,,,,,,,,
AZE,1987,,,,,,,,,
AZE,1988,,,,,,,,,
AZE,1989,,,,,,,,,
AZE,1990,,,,,,,,,
AZE,1991,,,,,,,,,
AZE,1992,,,,,,,,,
AZE,1993,,,,,,,,,
AZE,1994,,,,,,,,,
AZE,1995,,,,,,,,,
AZE,1996,-1.2538762,0.16243199,0.83756804,,,,,,
AZE,1997,-1.2538762,0.16243199,0.83756804,,,,,,1.0
AZE,1998,-1.2538762,0.16243199,0.83756804,,,,,,1.0
AZE,1999,-1.2538762,0.16243199,0.83756804,,,,,,1.0
AZE,2000,-1.2538762,0.16243199,0.83756804,,,,,,1.0
AZE,2001,-1.2538762,0.16243199,0.83756804,,,,,,1.0
AZE,2002,-0.17476626,0.41813296,0.58186704,,,,,,1.0
AZE,2003,-0.17476626,0.41813296,0.58186704,,,,,,1.0
AZE,2004,-1.2538762,0.16243199,0.83756804,,,,,,1.0
AZE,2005,-1.2538762,0.16243199,0.83756804,,,,,,1.0
AZE,2006,-1.2538762,0.16243199,0.83756804,,,,,,1.0
AZE,2007,-1.2538762,0.16243199,0.83756804,,,,,,1.0
AZE,2008,0.19463086,0.50566363,0.49433637,,,,,,1.0
AZE,2009,-0.75033146,0.28174967,0.71825033,,,,,,1.0
AZE,2010,-0.49855903,0.34140852,0.6585915,,,,,,1.0
AZE,2011,-0.24678667,0.40106735,0.5989326,,,,,,1.0
AZE,2012,0.004985706,0.46072617,0.53927386,,,,,,1.0
AZE,2013,0.004985706,0.46072617,0.53927386,,,,,,1.0
AZE,2014,0.004985706,0.46072617,0.53927386,,,,,,1.0
AZE,2015,0.004985706,0.46072617,0.53927386,,,,,,1.0
AZE,2016,0.004985706,0.46072617,0.53927386,,,,,,1.0
AZE,2017,0.004985706,0.46072617,0.53927386,,,,,,1.0
AZE,2018,0.004985706,0.46072617,0.53927386,,,,,,1.0
AZE,2019,0.004985706,0.46072617,0.53927386,0.1532,0.01,0.077,0.1432,0.0,0.0
AZE,2020,0.004985706,0.46072617,0.53927386,0.1532,0.01,0.077,0.1432,0.0,0.0
AZE,2021,0.004985706,0.46072617,0.53927386,,,,,,
AZE,2022,0.004985706,0.46072617,0.53927386,,,,,,
AZE,2023,-0.24678667,0.40106735,0.5989326,,,,,,
BDI,1970,-1.2538762,0.16243199,0.83756804,,,,,,
BDI,1971,-1.2538762,0.16243199,0.83756804,,,,,,
BDI,1972,-1.2538762,0.16243199,0.83756804,,,,,,
BDI,1973,-1.2538762,0.16243199,0.83756804,,,,,,
BDI,1974,-1.2538762,0.16243199,0.83756804,,,,,,
BDI,1975,-1.2538762,0.16243199,0.83756804,,,,,,
BDI,1976,-1.2538762,0.16243199,0.83756804,,,,,,
BDI,1977,-1.2538762,0.16243199,0.83756804,,,,,,
BDI,1978,-1.2538762,0.16243199,0.83756804,,,,,,
BDI,1979,-1.2538762,0.16243199,0.83756804,,,,,,
BDI,1980,-1.2538762,0.16243199,0.83756804,,,,,,
BDI,1981,-1.2538762,0.16243199,0.83756804,,,,,,
BDI,1982,-1.2538762,0.16243199,0.83756804,,,,,,
BDI,1983,-1.2538762,0.16243199,0.83756804,,,,,,
BDI,1984,-1.2538762,0.16243199,0.83756804,,,,,,
BDI,1985,-1.2538762,0.16243199,0.83756804,,,,,,
BDI,1986,-1.2538762,0.16243199,0.83756804,,,,,,
BDI,1987,-1.2538762,0.16243199,0.83756804,,,,,,
BDI,1988,-1.2538762,0.16243199,0.83756804,,,,,,
BDI,1989,-1.2538762,0.16243199,0.83756804,,,,,,
BDI,1990,-1.2538762,0.16243199,0.83756804,,,,,,
BDI,1991,-1.2538762,0.16243199,0.83756804,,,,,,
BDI,1992,-1.2538762,0.16243199,0.83756804,,,,,,
BDI,1993,-1.2538762,0.16243199,0.83756804,,,,,,
BDI,1994,-1.2538762,0.16243199,0.83756804,,,,,,
BDI,1995,-1.2538762,0.16243199,0.83756804,,,,,,
BDI,1996,-1.2538762,0.16243199,0.83756804,,,,,,
BDI,1997,-1.2538762,0.16243199,0.83756804,,,,,,
BDI,1998,-1.2538762,0.16243199,0.83756804,,,,,,
BDI,1999,-1.9393721,0.0,1.0,,,,,,
BDI,2000,-1.2538762,0.16243199,0.83756804,,,,,,
BDI,2001,-1.2538762,0.16243199,0.83756804,,,,,,
BDI,2002,-1.2538762,0.16243199,0.83756804,,,,,,
BDI,2003,-1.2538762,0.16243199,0.83756804,,,,,,
BDI,2004,-1.2538762,0.16243199,0.83756804,,,,,,
BDI,2005,-1.2538762,0.16243199,0.83756804,,,,,,
BDI,2006,-1.9393721,0.0,1.0,,,,,,
BDI,2007,-1.9393721,0.0,1.0,,,,,,
BDI,2008,-1.9393721,0.0,1.0,,,,,,
BDI,2009,-1.9393721,0.0,1.0,,,,,,
BDI,2010,-1.9393721,0.0,1.0,,,,,,
BDI,2011,-1.9393721,0.0,1.0,,,,,,
BDI,2012,-1.9393721,0.0,1.0,,,,,,
BDI,2013,-1.9393721,0.0,1.0,,,,,,
BDI,2014,-1.9393721,0.0,1.0,,,,,,
BDI,2015,-1.9393721,0.0,1.0,,,,,,
BDI,2016,-1.9393721,0.0,1.0,,,,,,
BDI,2017,-1.9393721,0.0,1.0,,,,,,
BDI,2018,-1.9393721,0.0,1.0,,,,,,
BDI,2019,-1.9393721,0.0,1.0,,,,,,
BDI,2020,-1.9393721,0.0,1.0,,,,,,
BDI,2021,-1.9393721,0.0,1.0,,,,,,
BDI,2022,-1.9393721,0.0,1.0,,,,,,
BDI,2023,-1.6875997,0.059658844,0.9403412,,,,,,
BEL,1970,1.5953345,0.83756804,0.16243196,,,,,,
BEL,1971,1.5953345,0.83756804,0.16243196,,,,,,
BEL,1972,1.5953345,0.83756804,0.16243196,,,,,,
BEL,1973,1.5953345,0.83756804,0.16243196,,,,,,
BEL,1974,1.5953345,0.83756804,0.16243196,,,,,,
BEL,1975,1.5953345,0.83756804,0.16243196,,,,,,
BEL,1976,1.5953345,0.83756804,0.16243196,,,,,,
BEL,1977,0.39859986,0.5539952,0.4460048,,,,,,
BEL,1978,0.39859986,0.5539952,0.4460048,,,,,,
BEL,1979,0.39859986,0.5539952,0.4460048,,,,,,
BEL,1980,0.39859986,0.5539952,0.4460048,,,,,,
BEL,1981,0.39859986,0.5539952,0.4460048,,,,,,
BEL,1982,0.39859986,0.5539952,0.4460048,,,,,,
BEL,1983,0.39859986,0.5539952,0.4460048,,,,,,
BEL,1984,0.39859986,0.5539952,0.4460048,,,,,,
BEL,1985,0.39859986,0.5539952,0.4460048,,,,,,
BEL,1986,0.39859986,0.5539952,0.4460048,,,,,,
BEL,1987,0.39859986,0.5539952,0.4460048,,,,,,
BEL,1988,0.39859986,0.5539952,0.4460048,,,,,,
BEL,1989,0.39859986,0.5539952,0.4460048,,,,,,
BEL,1990,2.2808304,1.0,0.0,,,,,,
BEL,1991,2.2808304,1.0,0.0,,,,,,
BEL,1992,2.2808304,1.0,0.0,,,,,,
BEL,1993,2.2808304,1.0,0.0,,,,,,
BEL,1994,2.2808304,1.0,0.0,,,,,,
BEL,1995,2.2808304,1.0,0.0,,,,,,
BEL,1996,2.029058,0.9403412,0.059658825,,,,,,
BEL,1997,1.7772856,0.8806823,0.11931771,0.17500000000000002,0.135,0.148,0.04000000000000001,0.0,0.0
BEL,1998,1.5255132,0.82102346,0.17897654,0.15630000000000002,0.11633333333333334,0.131,0.03996666666666667,0.0,1.0
BEL,1999,1.5255132,0.82102346,0.17897654,0.1376,0.09766666666666668,0.11399999999999999,0.039933333333333335,0.0,1.0
BEL,2000,1.5255132,0.82102346,0.17897654,0.1189,0.079,0.097,0.039900000000000005,0.0,1.0
BEL,2001,1.7772856,0.8806823,0.11931771,0.1002,0.060333333333333336,0.08,0.03986666666666667,0.0,1.0
BEL,2002,2.029058,0.9403412,0.059658825,0.08149999999999999,0.04166666666666667,0.063,0.03983333333333333,0.0,1.0
BEL,2003,2.2808304,1.0,0.0,0.0628,0.023,0.046,0.039799999999999995,0.0,0.0
BEL,2004,2.2808304,1.0,0.0,0.056666666666666664,0.023,0.04466666666666667,0.033666666666666664,0.0,1.0
BEL,2005,2.2808304,1.0,0.0,0.05053333333333333,0.023,0.043333333333333335,0.027533333333333333,0.0,1.0
BEL,2006,2.2808304,1.0,0.0,0.0444,0.023,0.042,0.021400000000000002,0.0,0.0
BEL,2007,2.2808304,1.0,0.0,0.04365,0.023,0.0415,0.02065,0.0,1.0
BEL,2008,2.2808304,1.0,0.0,0.0429,0.023,0.041,0.0199,0.0,1.0
BEL,2009,2.2808304,1.0,0.0,0.04215,0.023,0.0405,0.01915,0.0,1.0
BEL,2010,2.2808304,1.0,0.0,0.0414,0.023,0.04,0.0184,0.0,0.0
BEL,2011,2.2808304,1.0,0.0,0.0414,0.023,0.04,0.0184,0.0,0.0
BEL,2012,2.2808304,1.0,0.0,0.0414,0.023,0.04,0.0184,0.0,0.0
BEL,2013,2.2808304,1.0,0.0,0.0414,0.023,0.04,0.0184,0.0,0.0
BEL,2014,2.2808304,1.0,0.0,0.0414,0.023,0.04,0.0184,0.0,0.0
BEL,2015,2.2808304,1.0,0.0,0.0414,0.023,0.04,0.0184,0.0,0.0
BEL,2016,2.2808304,1.0,0.0,0.0414,0.023,0.04,0.0184,0.0,0.0
BEL,2017,2.2808304,1.0,0.0,0.0414,0.023,0.04,0.0184,0.0,0.0
BEL,2018,2.2808304,1.0,0.0,0.0414,0.023,0.04,0.0184,0.0,0.0
BEL,2019,2.2808304,1.0,0.0,0.0414,0.023,0.04,0.0184,0.0,0.0
BEL,2020,2.2808304,1.0,0.0,0.0414,0.023,0.04,0.0184,0.0,0.0
BEL,2021,2.2808304,1.0,0.0,,,,,,
BEL,2022,2.2808304,1.0,0.0,,,,,,
BEL,2023,2.2808304,1.0,0.0,,,,,,
BEN,1970,,,,,,,,,
BEN,1971,,,,,,,,,
BEN,1972,,,,,,,,,
BEN,1973,,,,,,,,,
BEN,1974,,,,,,,,,
BEN,1975,,,,,,,,,
BEN,1976,,,,,,,,,
BEN,1977,,,,,,,,,
BEN,1978,,,,,,,,,
BEN,1979,-0.17476626,0.41813296,0.58186704,,,,,,
BEN,1980,-0.17476626,0.41813296,0.58186704,,,,,,
BEN,1981,-0.17476626,0.41813296,0.58186704,,,,,,
BEN,1982,-0.17476626,0.41813296,0.58186704,,,,,,
BEN,1983,-0.17476626,0.41813296,0.58186704,,,,,,
BEN,1984,-0.17476626,0.41813296,0.58186704,,,,,,
BEN,1985,-0.17476626,0.41813296,0.58186704,,,,,,
BEN,1986,-0.17476626,0.41813296,0.58186704,,,,,,
BEN,1987,-0.17476626,0.41813296,0.58186704,,,,,,
BEN,1988,-0.17476626,0.41813296,0.58186704,,,,,,
BEN,1989,-0.17476626,0.41813296,0.58186704,,,,,,
BEN,1990,-0.17476626,0.41813296,0.58186704,,,,,,
BEN,1991,-0.17476626,0.41813296,0.58186704,,,,,,
BEN,1992,-0.17476626,0.41813296,0.58186704,,,,,,
BEN,1993,-0.17476626,0.41813296,0.58186704,,,,,,
BEN,1994,-0.17476626,0.41813296,0.58186704,,,,,,
BEN,1995,-0.17476626,0.41813296,0.58186704,,,,,,
BEN,1996,-1.2538762,0.16243199,0.83756804,,,,,,
BEN,1997,-1.2538762,0.16243199,0.83756804,,,,,,
BEN,1998,-1.2538762,0.16243199,0.83756804,,,,,,
BEN,1999,-1.2538762,0.16243199,0.83756804,,,,,,
BEN,2000,-1.2538762,0.16243199,0.83756804,,,,,,
BEN,2001,-1.2538762,0.16243199,0.83756804,,,,,,
BEN,2002,-1.2538762,0.16243199,0.83756804,,,,,,
BEN,2003,-1.2538762,0.16243199,0.83756804,,,,,,
BEN,2004,-1.2538762,0.16243199,0.83756804,,,,,,
BEN,2005,-1.2538762,0.16243199,0.83756804,,,,,,
BEN,2006,-1.2538762,0.16243199,0.83756804,,,,,,
BEN,2007,-1.2538762,0.16243199,0.83756804,,,,,,
BEN,2008,-1.2538762,0.16243199,0.83756804,,,,,,
BEN,2009,-1.2538762,0.16243199,0.83756804,,,,,,
BEN,2010,-1.2538762,0.16243199,0.83756804,,,,,,
BEN,2011,-1.2538762,0.16243199,0.83756804,,,,,,
BEN,2012,-1.2538762,0.16243199,0.83756804,,,,,,
BEN,2013,-1.2538762,0.16243199,0.83756804,,,,,,
BEN,2014,-1.2538762,0.16243199,0.83756804,,,,,,
BEN,2015,-1.2538762,0.16243199,0.83756804,,,,,,
BEN,2016,-1.2538762,0.16243199,0.83756804,,,,,,
BEN,2017,-1.2538762,0.16243199,0.83756804,,,,,,
BEN,2018,-1.2538762,0.16243199,0.83756804,,,,,,
BEN,2019,-1.2538762,0.16243199,0.83756804,,,,,,
BEN,2020,-1.2538762,0.16243199,0.83756804,,,,,,
BEN,2021,-1.2538762,0.16243199,0.83756804,,,,,,
BEN,2022,-1.2538762,0.16243199,0.83756804,,,,,,
BEN,2023,-1.2538762,0.16243199,0.83756804,,,,,,
BFA,1970,,,,,,,,,
BFA,1971,,,,,,,,,
BFA,1972,,,,,,,,,
BFA,1973,,,,,,,,,
BFA,1974,,,,,,,,,
BFA,1975,,,,,,,,,
BFA,1976,,,,,,,,,
BFA,1977,,,,,,,,,
BFA,1978,,,,,,,,,
BFA,1979,,,,,,,,,
BFA,1980,,,,,,,,,
BFA,1981,,,,,,,,,
BFA,1982,,,,,,,,,
BFA,1983,,,,,,,,,
BFA,1984,,,,,,,,,
BFA,1985,,,,,,,,,
BFA,1986,,,,,,,,,
BFA,1987,,,,,,,,,
BFA,1988,-0.17476626,0.41813296,0.58186704,,,,,,
BFA,1989,-0.17476626,0.41813296,0.58186704,,,,,,
BFA,1990,-0.17476626,0.41813296,0.58186704,,,,,,
BFA,1991,-0.17476626,0.41813296,0.58186704,,,,,,
BFA,1992,-0.17476626,0.41813296,0.58186704,,,,,,
BFA,1993,-0.17476626,0.41813296,0.58186704,,,,,,
BFA,1994,-0.17476626,0.41813296,0.58186704,,,,,,
BFA,1995,-0.17476626,0.41813296,0.58186704,,,,,,
BFA,1996,-1.2538762,0.16243199,0.83756804,,,,,,
BFA,1997,-1.2538762,0.16243199,0.83756804,,,,,,
BFA,1998,-1.2538762,0.16243199,0.83756804,,,,,,
BFA,1999,-1.2538762,0.16243199,0.83756804,,,,,,
BFA,2000,-1.2538762,0.16243199,0.83756804,,,,,,
BFA,2001,-1.2538762,0.16243199,0.83756804,,,,,,
BFA,2002,-1.2538762,0.16243199,0.83756804,,,,,,
BFA,2003,-1.2538762,0.16243199,0.83756804,,,,,,
BFA,2004,-1.2538762,0.16243199,0.83756804,,,,,,
BFA,2005,-1.2538762,0.16243199,0.83756804,,,,,,
BFA,2006,-1.2538762,0.16243199,0.83756804,,,,,,
BFA,2007,-1.2538762,0.16243199,0.83756804,,,,,,
BFA,2008,-1.2538762,0.16243199,0.83756804,,,,,,
BFA,2009,-1.2538762,0.16243199,0.83756804,,,,,,
BFA,2010,-1.2538762,0.16243199,0.83756804,,,,,,
BFA,2011,-1.2538762,0.16243199,0.83756804,,,,,,
BFA,2012,-1.2538762,0.16243199,0.83756804,,,,,,
BFA,2013,-1.2538762,0.16243199,0.83756804,,,,,,
BFA,2014,-1.2538762,0.16243199,0.83756804,,,,,,
BFA,2015,-1.2538762,0.16243199,0.83756804,,,,,,
BFA,2016,-1.2538762,0.16243199,0.83756804,,,,,,
BFA,2017,-1.2538762,0.16243199,0.83756804,,,,,,
BFA,2018,-1.2538762,0.16243199,0.83756804,,,,,,
BFA,2019,-1.2538762,0.16243199,0.83756804,,,,,,
BFA,2020,-1.2538762,0.16243199,0.83756804,,,,,,
BFA,2021,-1.2538762,0.16243199,0.83756804,,,,,,
BFA,2022,-1.2538762,0.16243199,0.83756804,,,,,,
BFA,2023,-1.2538762,0.16243199,0.83756804,,,,,,
BGD,1970,,,,,,,,,
BGD,1971,,,,,,,,,
BGD,1972,,,,,,,,,
BGD,1973,,,,,,,,,
BGD,1974,,,,,,,,,
BGD,1975,,,,,,,,,
BGD,1976,-1.9393721,0.0,1.0,,,,,,
BGD,1977,-1.9393721,0.0,1.0,,,,,,
BGD,1978,-1.9393721,0.0,1.0,,,,,,
BGD,1979,-1.9393721,0.0,1.0,,,,,,
BGD,1980,-1.9393721,0.0,1.0,,,,,,
BGD,1981,-1.9393721,0.0,1.0,,,,,,
BGD,1982,-1.9393721,0.0,1.0,,,,,,
BGD,1983,-1.9393721,0.0,1.0,,,,,,
BGD,1984,-1.9393721,0.0,1.0,,,,,,
BGD,1985,-1.9393721,0.0,1.0,,,,,,
BGD,1986,-1.9393721,0.0,1.0,,,,,,
BGD,1987,-1.9393721,0.0,1.0,,,,,,
BGD,1988,-1.9393721,0.0,1.0,,,,,,
BGD,1989,-1.9393721,0.0,1.0,,,,,,
BGD,1990,-1.9393721,0.0,1.0,,,,,,
BGD,1991,-1.9393721,0.0,1.0,,,,,,
BGD,1992,-1.2538762,0.16243199,0.83756804,,,,,,
BGD,1993,-1.2538762,0.16243199,0.83756804,,,,,,
BGD,1994,-0.17476626,0.41813296,0.58186704,,,,,,
BGD,1995,-0.17476626,0.41813296,0.58186704,,,,,,
BGD,1996,-1.2538762,0.16243199,0.83756804,,,,,,
BGD,1997,-1.2538762,0.16243199,0.83756804,,,,,,
BGD,1998,-1.2538762,0.16243199,0.83756804,,,,,,
BGD,1999,-1.2538762,0.16243199,0.83756804,,,,,,
BGD,2000,-1.2538762,0.16243199,0.83756804,,,,,,
BGD,2001,-1.2538762,0.16243199,0.83756804,,,,,,
BGD,2002,-1.2538762,0.16243199,0.83756804,,,,,,
BGD,2003,-1.2538762,0.16243199,0.83756804,,,,,,
BGD,2004,-1.2538762,0.16243199,0.83756804,,,,,,
BGD,2005,-1.2538762,0.16243199,0.83756804,,,,,,
BGD,2006,-1.2538762,0.16243199,0.83756804,,,,,,
BGD,2007,-1.2538762,0.16243199,0.83756804,,,,,,
BGD,2008,-1.2538762,0.16243199,0.83756804,,,,,,
BGD,2009,-1.2538762,0.16243199,0.83756804,,,,,,
BGD,2010,-1.2538762,0.16243199,0.83756804,,,,,,
BGD,2011,-1.2538762,0.16243199,0.83756804,,,,,,
BGD,2012,-1.2538762,0.16243199,0.83756804,,,,,,
BGD,2013,-1.2538762,0.16243199,0.83756804,,,,,,
BGD,2014,-1.2538762,0.16243199,0.83756804,,,,,,
BGD,2015,-1.2538762,0.16243199,0.83756804,,,,,,
BGD,2016,-1.2538762,0.16243199,0.83756804,,,,,,
BGD,2017,-1.2538762,0.16243199,0.83756804,,,,,,
BGD,2018,-1.2538762,0.16243199,0.83756804,,,,,,
BGD,2019,-1.2538762,0.16243199,0.83756804,,,,,,
BGD,2020,-1.2538762,0.16243199,0.83756804,,,,,,
BGD,2021,-1.2538762,0.16243199,0.83756804,,,,,,
BGD,2022,-1.2538762,0.16243199,0.83756804,,,,,,
BGD,2023,-1.2538762,0.16243199,0.83756804,,,,,,
BGR,1970,,,,,,,,,
BGR,1971,,,,,,,,,
BGR,1972,,,,,,,,,
BGR,1973,,,,,,,,,
BGR,1974,,,,,,,,,
BGR,1975,,,,,,,,,
BGR,1976,,,,,,,,,
BGR,1977,,,,,,,,,
BGR,1978,,,,,,,,,
BGR,1979,,,,,,,,,
BGR,1980,,,,,,,,,
BGR,1981,,,,,,,,,
BGR,1982,,,,,,,,,
BGR,1983,,,,,,,,,
BGR,1984,,,,,,,,,
BGR,1985,,,,,,,,,
BGR,1986,,,,,,,,,
BGR,1987,,,,,,,,,
BGR,1988,,,,,,,,,
BGR,1989,,,,,,,,,
BGR,1990,,,,,,,,,
BGR,1991,,,,,,,,,
BGR,1992,,,,,,,,,
BGR,1993,,,,,,,,,
BGR,1994,-1.2538762,0.16243199,0.83756804,,,,,,
BGR,1995,-1.2538762,0.16243199,0.83756804,,,,,,
BGR,1996,-1.0021038,0.22209083,0.77790916,,,,,,
BGR,1997,-1.0021038,0.22209083,0.77790916,,,,,,
BGR,1998,-1.0021038,0.22209083,0.77790916,,,,,,
BGR,1999,-1.0021038,0.22209083,0.77790916,,,,,,
BGR,2000,-1.0021038,0.22209083,0.77790916,,,,,,
BGR,2001,-1.2538762,0.16243199,0.83756804,,,,,,
BGR,2002,-1.2538762,0.16243199,0.83756804,,,,,,
BGR,2003,-1.0021038,0.22209083,0.77790916,,,,,,
BGR,2004,-0.75033146,0.28174967,0.71825033,,,,,,
BGR,2005,-0.49855903,0.34140852,0.6585915,,,,,,
BGR,2006,2.029058,0.9403412,0.059658825,,,,,,
BGR,2007,2.2808304,1.0,0.0,,,,,,
BGR,2008,2.2808304,1.0,0.0,,,,,,
BGR,2009,2.2808304,1.0,0.0,,,,,,
BGR,2010,2.2808304,1.0,0.0,,,,,,
BGR,2011,2.2808304,1.0,0.0,,,,,,
BGR,2012,2.2808304,1.0,0.0,,,,,,
BGR,2013,2.2808304,1.0,0.0,,,,,,
BGR,2014,2.2808304,1.0,0.0,,,,,,
BGR,2015,2.2808304,1.0,0.0,,,,,,
BGR,2016,2.2808304,1.0,0.0,,,,,,
BGR,2017,2.2808304,1.0,0.0,,,,,,
BGR,2018,1.2017204,0.744299,0.255701,,,,,,
BGR,2019,0.949948,0.68464017,0.31535983,,,,,,
BGR,2020,0.69817567,0.62498134,0.37501866,,,,,,
BGR,2021,0.44640324,0.56532246,0.43467754,,,,,,
BGR,2022,0.19463086,0.50566363,0.49433637,,,,,,
BGR,2023,-0.05714153,0.4460048,0.5539952,,,,,,
BHR,1970,,,,,,,,,
BHR,1971,,,,,,,,,
BHR,1972,,,,,,,,,
BHR,1973,,,,,,,,,
BHR,1974,,,,,,,,,
BHR,1975,,,,,,,,,
BHR,1976,2.2808304,1.0,0.0,,,,,,
BHR,1977,2.2808304,1.0,0.0,,,,,,
BHR,1978,2.2808304,1.0,0.0,,,,,,
BHR,1979,2.2808304,1.0,0.0,,,,,,
BHR,1980,2.2808304,1.0,0.0,,,,,,
BHR,1981,2.2808304,1.0,0.0,,,,,,
BHR,1982,2.2808304,1.0,0.0,,,,,,
BHR,1983,2.2808304,1.0,0.0,,,,,,
BHR,1984,2.2808304,1.0,0.0,,,,,,
BHR,1985,2.2808304,1.0,0.0,,,,,,
BHR,1986,2.2808304,1.0,0.0,,,,,,
BHR,1987,2.2808304,1.0,0.0,,,,,,
BHR,1988,2.2808304,1.0,0.0,,,,,,
BHR,1989,2.2808304,1.0,0.0,,,,,,
BHR,1990,2.2808304,1.0,0.0,,,,,,
BHR,1991,2.2808304,1.0,0.0,,,,,,
BHR,1992,2.2808304,1.0,0.0,,,,,,
BHR,1993,2.2808304,1.0,0.0,,,,,,
BHR,1994,2.2808304,1.0,0.0,,,,,,
BHR,1995,2.2808304,1.0,0.0,,,,,,
BHR,1996,1.2017204,0.744299,0.255701,,,,,,
BHR,1997,2.2808304,1.0,0.0,,,,,,
BHR,1998,2.2808304,1.0,0.0,,,,,,
BHR,1999,2.2808304,1.0,0.0,,,,,,
BHR,2000,2.2808304,1.0,0.0,,,,,,
BHR,2001,2.2808304,1.0,0.0,,,,,,
BHR,2002,2.2808304,1.0,0.0,,,,,,
BHR,2003,2.2808304,1.0,0.0,,,,,,
BHR,2004,2.029058,0.9403412,0.059658825,,,,,,
BHR,2005,2.029058,0.9403412,0.059658825,,,,,,
BHR,2006,2.029058,0.9403412,0.059658825,,,,,,
BHR,2007,2.029058,0.9403412,0.059658825,,,,,,
BHR,2008,2.029058,0.9403412,0.059658825,,,,,,
BHR,2009,2.2808304,1.0,0.0,,,,,,
BHR,2010,2.2808304,1.0,0.0,,,,,,
BHR,2011,2.2808304,1.0,0.0,,,,,,
BHR,2012,2.2808304,1.0,0.0,,,,,,
BHR,2013,2.2808304,1.0,0.0,,,,,,
BHR,2014,2.2808304,1.0,0.0,,,,,,
BHR,2015,2.2808304,1.0,0.0,,,,,,
BHR,2016,2.2808304,1.0,0.0,,,,,,
BHR,2017,2.2808304,1.0,0.0,,,,,,
BHR,2018,2.2808304,1.0,0.0,,,,,,
BHR,2019,2.2808304,1.0,0.0,,,,,,
BHR,2020,2.2808304,1.0,0.0,,,,,,
BHR,2021,2.2808304,1.0,0.0,,,,,,
BHR,2022,2.2808304,1.0,0.0,,,,,,
BHR,2023,2.2808304,1.0,0.0,,,,,,
BHS,1970,,,,,,,,,
BHS,1971,,,,,,,,,
BHS,1972,,,,,,,,,
BHS,1973,,,,,,,,,
BHS,1974,,,,,,,,,
BHS,1975,,,,,,,,,
BHS,1976,,,,,,,,,
BHS,1977,0.33647263,0.5392738,0.4607262,,,,,,
BHS,1978,0.33647263,0.5392738,0.4607262,,,,,,
BHS,1979,-0.86026204,0.255701,0.744299,,,,,,
BHS,1980,-0.86026204,0.255701,0.744299,,,,,,
BHS,1981,-0.86026204,0.255701,0.744299,,,,,,
BHS,1982,-0.86026204,0.255701,0.744299,,,,,,
BHS,1983,-0.86026204,0.255701,0.744299,,,,,,
BHS,1984,-0.86026204,0.255701,0.744299,,,,,,
BHS,1985,-0.86026204,0.255701,0.744299,,,,,,
BHS,1986,-0.86026204,0.255701,0.744299,,,,,,
BHS,1987,-0.86026204,0.255701,0.744299,,,,,,
BHS,1988,-0.86026204,0.255701,0.744299,,,,,,
BHS,1989,-0.86026204,0.255701,0.744299,,,,,,
BHS,1990,-0.86026204,0.255701,0.744299,,,,,,
BHS,1991,-0.86026204,0.255701,0.744299,,,,,,
BHS,1992,-0.86026204,0.255701,0.744299,,,,,,
BHS,1993,-0.86026204,0.255701,0.744299,,,,,,
BHS,1994,-0.86026204,0.255701,0.744299,,,,,,
BHS,1995,-0.86026204,0.255701,0.744299,,,,,,
BHS,1996,-1.9393721,0.0,1.0,,,,,,
BHS,1997,-1.9393721,0.0,1.0,,,,,,
BHS,1998,-1.9393721,0.0,1.0,,,,,,
BHS,1999,-1.9393721,0.0,1.0,,,,,,
BHS,2000,-1.9393721,0.0,1.0,,,,,,
BHS,2001,-1.9393721,0.0,1.0,,,,,,
BHS,2002,-1.9393721,0.0,1.0,,,,,,
BHS,2003,-1.9393721,0.0,1.0,,,,,,
BHS,2004,-1.9393721,0.0,1.0,,,,,,
BHS,2005,-1.9393721,0.0,1.0,,,,,,
BHS,2006,-1.9393721,0.0,1.0,,,,,,
BHS,2007,-1.9393721,0.0,1.0,,,,,,
BHS,2008,-1.9393721,0.0,1.0,,,,,,
BHS,2009,-1.9393721,0.0,1.0,,,,,,
BHS,2010,-1.9393721,0.0,1.0,,,,,,
BHS,2011,-1.9393721,0.0,1.0,,,,,,
BHS,2012,-1.9393721,0.0,1.0,,,,,,
BHS,2013,-1.9393721,0.0,1.0,,,,,,
BHS,2014,-1.9393721,0.0,1.0,,,,,,
BHS,2015,-1.9393721,0.0,1.0,,,,,,
BHS,2016,-1.9393721,0.0,1.0,,,,,,
BHS,2017,-1.9393721,0.0,1.0,,,,,,
BHS,2018,-1.9393721,0.0,1.0,,,,,,
BHS,2019,-1.9393721,0.0,1.0,,,,,,
BHS,2020,-1.9393721,0.0,1.0,,,,,,
BHS,2021,-1.9393721,0.0,1.0,,,,,,
BHS,2022,-1.9393721,0.0,1.0,,,,,,
BHS,2023,-1.9393721,0.0,1.0,,,,,,
BIH,1970,,,,,,,,,
BIH,1971,,,,,,,,,
BIH,1972,,,,,,,,,
BIH,1973,,,,,,,,,
BIH,1974,,,,,,,,,
BIH,1975,,,,,,,,,
BIH,1976,,,,,,,,,
BIH,1977,,,,,,,,,
BIH,1978,,,,,,,,,
BIH,1979,,,,,,,,,
BIH,1980,,,,,,,,,
BIH,1981,,,,,,,,,
BIH,1982,,,,,,,,,
BIH,1983,,,,,,,,,
BIH,1984,,,,,,,,,
BIH,1985,,,,,,,,,
BIH,1986,,,,,,,,,
BIH,1987,,,,,,,,,
BIH,1988,,,,,,,,,
BIH,1989,,,,,,,,,
BIH,1990,,,,,,,,,
BIH,1991,,,,,,,,,
BIH,1992,,,,,,,,,
BIH,1993,,,,,,,,,
BIH,1994,,,,,,,,,
BIH,1995,,,,,,,,,
BIH,1996,,,,,,,,,
BIH,1997,,,,,,,,,1.0
BIH,1998,,,,,,,,,1.0
BIH,1999,0.5805509,0.5971095,0.4028905,,,,,,1.0
BIH,2000,0.8323233,0.6567683,0.34323168,,,,,,1.0
BIH,2001,2.2808304,1.0,0.0,,,,,,1.0
BIH,2002,2.2808304,1.0,0.0,,,,,,1.0
BIH,2003,1.0840957,0.7164272,0.2835728,,,,,,1.0
BIH,2004,0.8323233,0.6567683,0.34323168,,,,,,1.0
BIH,2005,0.8323233,0.6567683,0.34323168,,,,,,1.0
BIH,2006,0.8323233,0.6567683,0.34323168,,,,,,1.0
BIH,2007,0.8323233,0.6567683,0.34323168,,,,,,1.0
BIH,2008,2.029058,0.9403412,0.059658825,,,,,,1.0
BIH,2009,1.0840957,0.7164272,0.2835728,,,,,,1.0
BIH,2010,1.0840957,0.7164272,0.2835728,,,,,,1.0
BIH,2011,1.0840957,0.7164272,0.2835728,,,,,,1.0
BIH,2012,-0.24678667,0.40106735,0.5989326,,,,,,1.0
BIH,2013,-0.49855903,0.34140852,0.6585915,,,,,,1.0
BIH,2014,-0.75033146,0.28174967,0.71825033,,,,,,1.0
BIH,2015,-1.0021038,0.22209083,0.77790916,,,,,,1.0
BIH,2016,-1.2538762,0.16243199,0.83756804,,,,,,1.0
BIH,2017,-1.2538762,0.16243199,0.83756804,0.06999999999999999,0.03,0.037,0.039999999999999994,0.0,0.0
BIH,2018,-1.2538762,0.16243199,0.83756804,0.06999999999999999,0.03,0.037,0.039999999999999994,0.0,0.0
BIH,2019,-1.2538762,0.16243199,0.83756804,0.06999999999999999,0.03,0.037,0.039999999999999994,0.0,0.0
BIH,2020,-1.2538762,0.16243199,0.83756804,0.06999999999999999,0.03,0.037,0.039999999999999994,0.0,0.0
BIH,2021,-1.2538762,0.16243199,0.83756804,,,,,,
BIH,2022,-1.2538762,0.16243199,0.83756804,,,,,,
BIH,2023,-1.2538762,0.16243199,0.83756804,,,,,,
BLR,1970,,,,,,,,,
BLR,1971,,,,,,,,,
BLR,1972,,,,,,,,,
BLR,1973,,,,,,,,,
BLR,1974,,,,,,,,,
BLR,1975,,,,,,,,,
BLR,1976,,,,,,,,,
BLR,1977,,,,,,,,,
BLR,1978,,,,,,,,,
BLR,1979,,,,,,,,,
BLR,1980,,,,,,,,,
BLR,1981,,,,,,,,,
BLR,1982,,,,,,,,,
BLR,1983,,,,,,,,,
BLR,1984,,,,,,,,,
BLR,1985,,,,,,,,,
BLR,1986,,,,,,,,,
BLR,1987,,,,,,,,,
BLR,1988,,,,,,,,,
BLR,1989,,,,,,,,,
BLR,1990,,,,,,,,,
BLR,1991,,,,,,,,,
BLR,1992,,,,,,,,,
BLR,1993,,,,,,,,,
BLR,1994,,,,,,,,,
BLR,1995,,,,,,,,,
BLR,1996,-1.2538762,0.16243199,0.83756804,,,,,,
BLR,1997,-1.9393721,0.0,1.0,,,,,,1.0
BLR,1998,-1.9393721,0.0,1.0,,,,,,1.0
BLR,1999,-1.9393721,0.0,1.0,,,,,,1.0
BLR,2000,-1.9393721,0.0,1.0,,,,,,1.0
BLR,2001,-1.9393721,0.0,1.0,,,,,,1.0
BLR,2002,-1.2538762,0.16243199,0.83756804,,,,,,1.0
BLR,2003,-1.2538762,0.16243199,0.83756804,,,,,,1.0
BLR,2004,-1.2538762,0.16243199,0.83756804,,,,,,1.0
BLR,2005,-1.2538762,0.16243199,0.83756804,,,,,,1.0
BLR,2006,-1.2538762,0.16243199,0.83756804,,,,,,1.0
BLR,2007,-0.17476626,0.41813296,0.58186704,,,,,,1.0
BLR,2008,-1.2538762,0.16243199,0.83756804,,,,,,1.0
BLR,2009,-1.2538762,0.16243199,0.83756804,,,,,,1.0
BLR,2010,-1.2538762,0.16243199,0.83756804,,,,,,1.0
BLR,2011,-1.2538762,0.16243199,0.83756804,,,,,,1.0
BLR,2012,-1.2538762,0.16243199,0.83756804,,,,,,1.0
BLR,2013,-1.2538762,0.16243199,0.83756804,,,,,,1.0
BLR,2014,-1.9393721,0.0,1.0,,,,,,1.0
BLR,2015,-1.9393721,0.0,1.0,,,,,,1.0
BLR,2016,-1.2538762,0.16243199,0.83756804,,,,,,1.0
BLR,2017,-1.2538762,0.16243199,0.83756804,,,,,,1.0
BLR,2018,-1.2538762,0.16243199,0.83756804,,,,,,1.0
BLR,2019,-1.2538762,0.16243199,0.83756804,0.1654,0.011,0.086,0.15439999999999998,0.005,0.0
BLR,2020,-1.2538762,0.16243199,0.83756804,0.1654,0.011,0.086,0.15439999999999998,0.005,0.0
BLR,2021,-0.17476626,0.41813296,0.58186704,,,,,,
BLR,2022,-0.17476626,0.41813296,0.58186704,,,,,,
BLR,2023,-0.17476626,0.41813296,0.58186704,,,,,,
BLZ,1970,,,,,,,,,
BLZ,1971,,,,,,,,,
BLZ,1972,,,,,,,,,
BLZ,1973,,,,,,,,,
BLZ,1974,,,,,,,,,
BLZ,1975,,,,,,,,,
BLZ,1976,,,,,,,,,
BLZ,1977,,,,,,,,,
BLZ,1978,,,,,,,,,
BLZ,1979,,,,,,,,,
BLZ,1980,,,,,,,,,
BLZ,1981,,,,,,,,,
BLZ,1982,,,,,,,,,
BLZ,1983,,,,,,,,,
BLZ,1984,,,,,,,,,
BLZ,1985,1.0840957,0.7164272,0.2835728,,,,,,
BLZ,1986,0.8323233,0.6567683,0.34323168,,,,,,
BLZ,1987,0.5805509,0.5971095,0.4028905,,,,,,
BLZ,1988,0.32877854,0.5374507,0.46254933,,,,,,
BLZ,1989,0.07700613,0.47779182,0.5222082,,,,,,
BLZ,1990,-0.17476626,0.41813296,0.58186704,,,,,,
BLZ,1991,-0.17476626,0.41813296,0.58186704,,,,,,
BLZ,1992,-0.17476626,0.41813296,0.58186704,,,,,,
BLZ,1993,-0.17476626,0.41813296,0.58186704,,,,,,
BLZ,1994,-0.17476626,0.41813296,0.58186704,,,,,,
BLZ,1995,-0.17476626,0.41813296,0.58186704,,,,,,
BLZ,1996,-1.2538762,0.16243199,0.83756804,,,,,,
BLZ,1997,-1.2538762,0.16243199,0.83756804,,,,,,
BLZ,1998,-1.2538762,0.16243199,0.83756804,,,,,,
BLZ,1999,-1.2538762,0.16243199,0.83756804,,,,,,
BLZ,2000,-1.2538762,0.16243199,0.83756804,,,,,,
BLZ,2001,-1.2538762,0.16243199,0.83756804,,,,,,
BLZ,2002,-1.9393721,0.0,1.0,,,,,,
BLZ,2003,-1.9393721,0.0,1.0,,,,,,
BLZ,2004,-1.2538762,0.16243199,0.83756804,,,,,,
BLZ,2005,-1.9393721,0.0,1.0,,,,,,
BLZ,2006,-1.2538762,0.16243199,0.83756804,,,,,,
BLZ,2007,-1.2538762,0.16243199,0.83756804,,,,,,
BLZ,2008,-1.2538762,0.16243199,0.83756804,,,,,,
BLZ,2009,-1.2538762,0.16243199,0.83756804,,,,,,
BLZ,2010,-1.2538762,0.16243199,0.83756804,,,,,,
BLZ,2011,-1.2538762,0.16243199,0.83756804,,,,,,
BLZ,2012,-1.2538762,0.16243199,0.83756804,,,,,,
BLZ,2013,-1.2538762,0.16243199,0.83756804,,,,,,
BLZ,2014,-1.2538762,0.16243199,0.83756804,,,,,,
BLZ,2015,-1.2538762,0.16243199,0.83756804,,,,,,
BLZ,2016,-1.2538762,0.16243199,0.83756804,,,,,,
BLZ,2017,-1.2538762,0.16243199,0.83756804,,,,,,
BLZ,2018,-1.2538762,0.16243199,0.83756804,,,,,,
BLZ,2019,-1.2538762,0.16243199,0.83756804,,,,,,
BLZ,2020,-1.2538762,0.16243199,0.83756804,,,,,,
BLZ,2021,-1.2538762,0.16243199,0.83756804,,,,,,
BLZ,2022,-1.2538762,0.16243199,0.83756804,,,,,,
BLZ,2023,-1.2538762,0.16243199,0.83756804,,,,,,
BOL,1970,1.0840957,0.7164272,0.2835728,,,,,,
BOL,1971,1.0840957,0.7164272,0.2835728,,,,,,
BOL,1972,1.0840957,0.7164272,0.2835728,,,,,,
BOL,1973,1.0840957,0.7164272,0.2835728,,,,,,
BOL,1974,1.0840957,0.7164272,0.2835728,,,,,,
BOL,1975,1.0840957,0.7164272,0.2835728,,,,,,
BOL,1976,1.0840957,0.7164272,0.2835728,,,,,,
BOL,1977,1.0840957,0.7164272,0.2835728,,,,,,
BOL,1978,1.0840957,0.7164272,0.2835728,,,,,,
BOL,1979,1.0840957,0.7164272,0.2835728,,,,,,
BOL,1980,1.0840957,0.7164272,0.2835728,,,,,,
BOL,1981,-0.24678667,0.40106735,0.5989326,,,,,,
BOL,1982,-1.1840549,0.17897654,0.82102346,,,,,,
BOL,1983,-0.75033146,0.28174967,0.71825033,,,,,,
BOL,1984,-1.6875997,0.059658844,0.9403412,,,,,,
BOL,1985,-1.9393721,0.0,1.0,,,,,,
BOL,1986,-0.6084897,0.31535983,0.68464017,,,,,,
BOL,1987,-0.3567173,0.3750187,0.6249813,,,,,,
BOL,1988,0.5805509,0.5971095,0.4028905,,,,,,
BOL,1989,0.8323233,0.6567683,0.34323168,,,,,,
BOL,1990,0.39859986,0.5539952,0.4460048,,,,,,
BOL,1991,0.39859986,0.5539952,0.4460048,,,,,,
BOL,1992,0.39859986,0.5539952,0.4460048,,,,,,
BOL,1993,0.39859986,0.5539952,0.4460048,,,,,,
BOL,1994,0.39859986,0.5539952,0.4460048,,,,,,
BOL,1995,0.39859986,0.5539952,0.4460048,,,,,,
BOL,1996,0.004985706,0.46072617,0.53927386,,,,,,
BOL,1997,1.2017204,0.744299,0.255701,,,,,,
BOL,1998,1.2017204,0.744299,0.255701,,,,,,
BOL,1999,1.2017204,0.744299,0.255701,,,,,,
BOL,2000,1.2017204,0.744299,0.255701,,,,,,
BOL,2001,1.2017204,0.744299,0.255701,,,,,,
BOL,2002,1.2017204,0.744299,0.255701,,,,,,
BOL,2003,1.2017204,0.744299,0.255701,,,,,,
BOL,2004,1.2017204,0.744299,0.255701,,,,,,
BOL,2005,1.2017204,0.744299,0.255701,,,,,,
BOL,2006,1.2017204,0.744299,0.255701,,,,,,
BOL,2007,0.949948,0.68464017,0.31535983,,,,,,
BOL,2008,0.69817567,0.62498134,0.37501866,,,,,,
BOL,2009,0.44640324,0.56532246,0.43467754,,,,,,
BOL,2010,0.19463086,0.50566363,0.49433637,,,,,,
BOL,2011,-0.05714153,0.4460048,0.5539952,,,,,,
BOL,2012,-0.05714153,0.4460048,0.5539952,,,,,,
BOL,2013,-0.05714153,0.4460048,0.5539952,,,,,,
BOL,2014,-0.05714153,0.4460048,0.5539952,,,,,,
BOL,2015,-0.05714153,0.4460048,0.5539952,,,,,,
BOL,2016,-0.05714153,0.4460048,0.5539952,,,,,,
BOL,2017,-0.05714153,0.4460048,0.5539952,,,,,,
BOL,2018,-0.05714153,0.4460048,0.5539952,,,,,,
BOL,2019,-0.05714153,0.4460048,0.5539952,,,,,,
BOL,2020,-0.05714153,0.4460048,0.5539952,,,,,,
BOL,2021,-0.05714153,0.4460048,0.5539952,,,,,,
BOL,2022,-0.05714153,0.4460048,0.5539952,,,,,,
BOL,2023,-0.05714153,0.4460048,0.5539952,,,,,,
BRA,1970,-1.9393721,0.0,1.0,,,,,,
BRA,1971,-1.9393721,0.0,1.0,,,,,,
BRA,1972,-1.9393721,0.0,1.0,,,,,,
BRA,1973,-1.9393721,0.0,1.0,,,,,,
BRA,1974,-1.9393721,0.0,1.0,,,,,,
BRA,1975,-1.9393721,0.0,1.0,,,,,,
BRA,1976,-1.9393721,0.0,1.0,,,,,,
BRA,1977,-1.9393721,0.0,1.0,,,,,,
BRA,1978,-1.9393721,0.0,1.0,,,,,,
BRA,1979,-1.9393721,0.0,1.0,,,,,,
BRA,1980,-1.9393721,0.0,1.0,,,,,,
BRA,1981,-1.9393721,0.0,1.0,,,,,,
BRA,1982,-1.9393721,0.0,1.0,,,,,,
BRA,1983,-1.9393721,0.0,1.0,,,,,,
BRA,1984,-1.9393721,0.0,1.0,,,,,,
BRA,1985,-1.9393721,0.0,1.0,,,,,,
BRA,1986,-1.9393721,0.0,1.0,,,,,,
BRA,1987,-1.9393721,0.0,1.0,,,,,,
BRA,1988,-1.9393721,0.0,1.0,,,,,,
BRA,1989,-1.9393721,0.0,1.0,,,,,,
BRA,1990,-1.9393721,0.0,1.0,,,,,,
BRA,1991,-1.9393721,0.0,1.0,,,,,,
BRA,1992,-1.9393721,0.0,1.0,,,,,,
BRA,1993,-1.9393721,0.0,1.0,,,,,,
BRA,1994,-1.9393721,0.0,1.0,,,,,,
BRA,1995,-1.9393721,0.0,1.0,,,,,,
BRA,1996,-1.9393721,0.0,1.0,,,,,,
BRA,1997,-1.9393721,0.0,1.0,0.3566,0.025,0.118,0.33159999999999995,0.001,0.0
BRA,1998,-1.2538762,0.16243199,0.83756804,0.3374333333333333,0.025,0.11366666666666667,0.3124333333333333,0.001,1.0
BRA,1999,-1.2538762,0.16243199,0.83756804,0.31826666666666664,0.025,0.10933333333333332,0.2932666666666667,0.001,1.0
BRA,2000,-1.2538762,0.16243199,0.83756804,0.29910000000000003,0.025,0.105,0.2741,0.001,1.0
BRA,2001,-1.2538762,0.16243199,0.83756804,0.27993333333333337,0.025,0.10066666666666667,0.25493333333333335,0.001,1.0
BRA,2002,-0.17476626,0.41813296,0.58186704,0.2607666666666667,0.025,0.09633333333333333,0.23576666666666668,0.001,1.0
BRA,2003,-0.17476626,0.41813296,0.58186704,0.24160000000000004,0.025,0.092,0.21660000000000004,0.001,0.0
BRA,2004,-0.17476626,0.41813296,0.58186704,0.24160000000000004,0.025,0.092,0.21660000000000004,0.001,1.0
BRA,2005,0.07700613,0.47779182,0.5222082,0.24160000000000004,0.025,0.092,0.21660000000000004,0.001,1.0
BRA,2006,0.32877854,0.5374507,0.46254933,0.24160000000000004,0.025,0.092,0.21660000000000004,0.001,0.0
BRA,2007,0.32877854,0.5374507,0.46254933,0.23825000000000002,0.025,0.09425,0.21325000000000005,0.0032500000000000003,1.0
BRA,2008,0.32877854,0.5374507,0.46254933,0.23490000000000003,0.025,0.0965,0.20990000000000003,0.0055000000000000005,1.0
BRA,2009,0.32877854,0.5374507,0.46254933,0.23155000000000003,0.025,0.09875,0.20655,0.007750000000000001,1.0
BRA,2010,0.07700613,0.47779182,0.5222082,0.22820000000000001,0.025,0.101,0.20320000000000002,0.01,0.0
BRA,2011,-0.17476626,0.41813296,0.58186704,0.2032,0.025,0.095,0.1782,0.01,0.0
BRA,2012,-0.17476626,0.41813296,0.58186704,0.2032,0.025,0.095,0.1782,0.01,0.0
BRA,2013,-0.17476626,0.41813296,0.58186704,0.2032,0.025,0.095,0.1782,0.01,0.0
BRA,2014,-0.17476626,0.41813296,0.58186704,0.2032,0.025,0.095,0.1782,0.01,0.0
BRA,2015,-1.2538762,0.16243199,0.83756804,0.2032,0.025,0.095,0.1782,0.01,0.0
BRA,2016,-1.2538762,0.16243199,0.83756804,0.2032,0.025,0.095,0.1782,0.01,0.0
BRA,2017,-1.2538762,0.16243199,0.83756804,0.2032,0.025,0.095,0.1782,0.01,0.0
BRA,2018,-1.2538762,0.16243199,0.83756804,0.2032,0.025,0.095,0.1782,0.01,0.0
BRA,2019,-1.2538762,0.16243199,0.83756804,0.16,0.025,0.082,0.135,0.01,0.0
BRA,2020,-1.2538762,0.16243199,0.83756804,0.1584,0.025,0.081,0.13340000000000002,0.009,0.0
BRA,2021,-1.2538762,0.16243199,0.83756804,,,,,,
BRA,2022,-1.2538762,0.16243199,0.83756804,,,,,,
BRA,2023,-1.2538762,0.16243199,0.83756804,,,,,,
BRB,1970,,,,,,,,,
BRB,1971,,,,,,,,,
BRB,1972,,,,,,,,,
BRB,1973,,,,,,,,,
BRB,1974,-1.2538762,0.16243199,0.83756804,,,,,,
BRB,1975,-1.2538762,0.16243199,0.83756804,,,,,,
BRB,1976,-1.2538762,0.16243199,0.83756804,,,,,,
BRB,1977,-1.2538762,0.16243199,0.83756804,,,,,,
BRB,1978,-1.2538762,0.16243199,0.83756804,,,,,,
BRB,1979,-1.2538762,0.16243199,0.83756804,,,,,,
BRB,1980,-1.2538762,0.16243199,0.83756804,,,,,,
BRB,1981,-1.2538762,0.16243199,0.83756804,,,,,,
BRB,1982,-1.2538762,0.16243199,0.83756804,,,,,,
BRB,1983,-1.2538762,0.16243199,0.83756804,,,,,,
BRB,1984,-1.2538762,0.16243199,0.83756804,,,,,,
BRB,1985,-1.2538762,0.16243199,0.83756804,,,,,,
BRB,1986,-1.2538762,0.16243199,0.83756804,,,,,,
BRB,1987,-1.2538762,0.16243199,0.83756804,,,,,,
BRB,1988,-1.2538762,0.16243199,0.83756804,,,,,,
BRB,1989,-1.2538762,0.16243199,0.83756804,,,,,,
BRB,1990,-1.2538762,0.16243199,0.83756804,,,,,,
BRB,1991,-1.2538762,0.16243199,0.83756804,,,,,,
BRB,1992,-1.2538762,0.16243199,0.83756804,,,,,,
BRB,1993,-0.17476626,0.41813296,0.58186704,,,,,,
BRB,1994,-0.17476626,0.41813296,0.58186704,,,,,,
BRB,1995,-0.17476626,0.41813296,0.58186704,,,,,,
BRB,1996,-1.2538762,0.16243199,0.83756804,,,,,,
BRB,1997,-1.2538762,0.16243199,0.83756804,,,,,,
BRB,1998,-1.2538762,0.16243199,0.83756804,,,,,,
BRB,1999,-1.2538762,0.16243199,0.83756804,,,,,,
BRB,2000,-1.2538762,0.16243199,0.83756804,,,,,,
BRB,2001,-1.2538762,0.16243199,0.83756804,,,,,,
BRB,2002,-1.2538762,0.16243199,0.83756804,,,,,,
BRB,2003,-1.2538762,0.16243199,0.83756804,,,,,,
BRB,2004,-1.2538762,0.16243199,0.83756804,,,,,,
BRB,2005,-1.2538762,0.16243199,0.83756804,,,,,,
BRB,2006,-1.2538762,0.16243199,0.83756804,,,,,,
BRB,2007,-1.2538762,0.16243199,0.83756804,,,,,,
BRB,2008,-1.2538762,0.16243199,0.83756804,,,,,,
BRB,2009,-1.2538762,0.16243199,0.83756804,,,,,,
BRB,2010,-1.2538762,0.16243199,0.83756804,,,,,,
BRB,2011,-1.2538762,0.16243199,0.83756804,,,,,,
BRB,2012,-1.2538762,0.16243199,0.83756804,,,,,,
BRB,2013,-1.2538762,0.16243199,0.83756804,,,,,,
BRB,2014,-1.2538762,0.16243199,0.83756804,,,,,,
BRB,2015,-1.2538762,0.16243199,0.83756804,,,,,,
BRB,2016,-1.2538762,0.16243199,0.83756804,,,,,,
BRB,2017,-1.2538762,0.16243199,0.83756804,,,,,,
BRB,2018,-1.2538762,0.16243199,0.83756804,,,,,,
BRB,2019,-1.2538762,0.16243199,0.83756804,,,,,,
BRB,2020,-1.2538762,0.16243199,0.83756804,,,,,,
BRB,2021,-1.2538762,0.16243199,0.83756804,,,,,,
BRB,2022,-1.2538762,0.16243199,0.83756804,,,,,,
BRB,2023,-1.2538762,0.16243199,0.83756804,,,,,,
BRN,1997,,,,,,,,,1.0
BRN,1998,,,,,,,,,1.0
BRN,1999,,,,,,,,,1.0
BRN,2000,,,,,,,,,1.0
BRN,2001,,,,,,,,,1.0
BRN,2002,,,,,,,,,1.0
BRN,2003,,,,,,,,,1.0
BRN,2004,,,,,,,,,1.0
BRN,2005,,,,,,,,,1.0
BRN,2006,,,,,,,,,1.0
BRN,2007,,,,,,,,,1.0
BRN,2008,,,,,,,,,1.0
BRN,2009,,,,,,,,,1.0
BRN,2010,,,,,,,,,1.0
BRN,2011,,,,,,,,,1.0
BRN,2012,,,,,,,,,1.0
BRN,2013,,,,,,,,,1.0
BRN,2014,,,,,,,,,1.0
BRN,2015,,,,,,,,,1.0
BRN,2016,,,,,,,,,1.0
BRN,2017,,,,,,,,,1.0
BRN,2018,,,,0.23359999999999997,0.0,0.146,0.23359999999999997,0.007,0.0
BRN,2019,,,,0.23359999999999997,0.0,0.146,0.23359999999999997,0.007,0.0
BRN,2020,,,,0.23359999999999997,0.0,0.146,0.23359999999999997,0.007,0.0
BTN,1970,,,,,,,,,
BTN,1971,,,,,,,,,
BTN,1972,,,,,,,,,
BTN,1973,,,,,,,,,
BTN,1974,,,,,,,,,
BTN,1975,,,,,,,,,
BTN,1976,,,,,,,,,
BTN,1977,,,,,,,,,
BTN,1978,,,,,,,,,
BTN,1979,,,,,,,,,
BTN,1980,,,,,,,,,
BTN,1981,,,,,,,,,
BTN,1982,,,,,,,,,
BTN,1983,,,,,,,,,
BTN,1984,,,,,,,,,
BTN,1985,-1.2538762,0.16243199,0.83756804,,,,,,
BTN,1986,-1.2538762,0.16243199,0.83756804,,,,,,
BTN,1987,-1.2538762,0.16243199,0.83756804,,,,,,
BTN,1988,-1.2538762,0.16243199,0.83756804,,,,,,
BTN,1989,-1.2538762,0.16243199,0.83756804,,,,,,
BTN,1990,-1.2538762,0.16243199,0.83756804,,,,,,
BTN,1991,-1.2538762,0.16243199,0.83756804,,,,,,
BTN,1992,-1.2538762,0.16243199,0.83756804,,,,,,
BTN,1993,-1.2538762,0.16243199,0.83756804,,,,,,
BTN,1994,-1.2538762,0.16243199,0.83756804,,,,,,
BTN,1995,-1.2538762,0.16243199,0.83756804,,,,,,
BTN,1996,-1.2538762,0.16243199,0.83756804,,,,,,
BTN,1997,-1.2538762,0.16243199,0.83756804,,,,,,
BTN,1998,-1.2538762,0.16243199,0.83756804,,,,,,
BTN,1999,-1.2538762,0.16243199,0.83756804,,,,,,
BTN,2000,-1.2538762,0.16243199,0.83756804,,,,,,
BTN,2001,-1.2538762,0.16243199,0.83756804,,,,,,
BTN,2002,-1.2538762,0.16243199,0.83756804,,,,,,
BTN,2003,-1.2538762,0.16243199,0.83756804,,,,,,
BTN,2004,-1.2538762,0.16243199,0.83756804,,,,,,
BTN,2005,-1.2538762,0.16243199,0.83756804,,,,,,
BTN,2006,-1.2538762,0.16243199,0.83756804,,,,,,
BTN,2007,-1.2538762,0.16243199,0.83756804,,,,,,
BTN,2008,-1.2538762,0.16243199,0.83756804,,,,,,
BTN,2009,-1.2538762,0.16243199,0.83756804,,,,,,
BTN,2010,-1.2538762,0.16243199,0.83756804,,,,,,
BTN,2011,-1.2538762,0.16243199,0.83756804,,,,,,
BTN,2012,-1.2538762,0.16243199,0.83756804,,,,,,
BTN,2013,-1.2538762,0.16243199,0.83756804,,,,,,
BTN,2014,-1.2538762,0.16243199,0.83756804,,,,,,
BTN,2015,-1.2538762,0.16243199,0.83756804,,,,,,
BTN,2016,-1.2538762,0.16243199,0.83756804,,,,,,
BTN,2017,-1.2538762,0.16243199,0.83756804,,,,,,
BTN,2018,-1.2538762,0.16243199,0.83756804,,,,,,
BTN,2019,-1.2538762,0.16243199,0.83756804,,,,,,
BTN,2020,-1.2538762,0.16243199,0.83756804,,,,,,
BTN,2021,-1.2538762,0.16243199,0.83756804,,,,,,
BTN,2022,-1.2538762,0.16243199,0.83756804,,,,,,
BTN,2023,-1.2538762,0.16243199,0.83756804,,,,,,
BWA,1970,,,,,,,,,
BWA,1971,,,,,,,,,
BWA,1972,-0.17476626,0.41813296,0.58186704,,,,,,
BWA,1973,-0.17476626,0.41813296,0.58186704,,,,,,
BWA,1974,-0.17476626,0.41813296,0.58186704,,,,,,
BWA,1975,-0.17476626,0.41813296,0.58186704,,,,,,
BWA,1976,-0.17476626,0.41813296,0.58186704,,,,,,
BWA,1977,-0.17476626,0.41813296,0.58186704,,,,,,
BWA,1978,-0.17476626,0.41813296,0.58186704,,,,,,
BWA,1979,-0.17476626,0.41813296,0.58186704,,,,,,
BWA,1980,-1.2538762,0.16243199,0.83756804,,,,,,
BWA,1981,-1.2538762,0.16243199,0.83756804,,,,,,
BWA,1982,-1.2538762,0.16243199,0.83756804,,,,,,
BWA,1983,-1.2538762,0.16243199,0.83756804,,,,,,
BWA,1984,-1.2538762,0.16243199,0.83756804,,,,,,
BWA,1985,-1.2538762,0.16243199,0.83756804,,,,,,
BWA,1986,-1.2538762,0.16243199,0.83756804,,,,,,
BWA,1987,-0.05714153,0.4460048,0.5539952,,,,,,
BWA,1988,-0.05714153,0.4460048,0.5539952,,,,,,
BWA,1989,-0.05714153,0.4460048,0.5539952,,,,,,
BWA,1990,-0.05714153,0.4460048,0.5539952,,,,,,
BWA,1991,-0.05714153,0.4460048,0.5539952,,,,,,
BWA,1992,-0.05714153,0.4460048,0.5539952,,,,,,
BWA,1993,-1.2538762,0.16243199,0.83756804,,,,,,
BWA,1994,-1.2538762,0.16243199,0.83756804,,,,,,
BWA,1995,-0.17476626,0.41813296,0.58186704,,,,,,
BWA,1996,-1.9393721,0.0,1.0,,,,,,
BWA,1997,-0.86026204,0.255701,0.744299,,,,,,
BWA,1998,0.58824503,0.5989327,0.40106732,,,,,,
BWA,1999,0.8400174,0.6585915,0.3414085,,,,,,
BWA,2000,1.0917898,0.71825033,0.28174967,,,,,,
BWA,2001,1.3435621,0.77790916,0.22209084,,,,,,
BWA,2002,1.5953345,0.83756804,0.16243196,,,,,,
BWA,2003,1.5953345,0.83756804,0.16243196,,,,,,
BWA,2004,1.5953345,0.83756804,0.16243196,,,,,,
BWA,2005,1.5953345,0.83756804,0.16243196,,,,,,
BWA,2006,2.2808304,1.0,0.0,,,,,,
BWA,2007,2.2808304,1.0,0.0,,,,,,
BWA,2008,2.2808304,1.0,0.0,,,,,,
BWA,2009,2.2808304,1.0,0.0,,,,,,
BWA,2010,2.2808304,1.0,0.0,,,,,,
BWA,2011,2.2808304,1.0,0.0,,,,,,
BWA,2012,2.2808304,1.0,0.0,,,,,,
BWA,2013,2.2808304,1.0,0.0,,,,,,
BWA,2014,2.2808304,1.0,0.0,,,,,,
BWA,2015,2.2808304,1.0,0.0,,,,,,
BWA,2016,2.2808304,1.0,0.0,,,,,,
BWA,2017,2.2808304,1.0,0.0,,,,,,
BWA,2018,2.2808304,1.0,0.0,,,,,,
BWA,2019,2.2808304,1.0,0.0,,,,,,
BWA,2020,2.2808304,1.0,0.0,,,,,,
BWA,2021,2.2808304,1.0,0.0,,,,,,
BWA,2022,2.2808304,1.0,0.0,,,,,,
BWA,2023,2.2808304,1.0,0.0,,,,,,
CAF,1970,-1.6875997,0.059658844,0.9403412,,,,,,
CAF,1971,-1.6875997,0.059658844,0.9403412,,,,,,
CAF,1972,-0.86026204,0.255701,0.744299,,,,,,
CAF,1973,-0.86026204,0.255701,0.744299,,,,,,
CAF,1974,-0.17476626,0.41813296,0.58186704,,,,,,
CAF,1975,-0.17476626,0.41813296,0.58186704,,,,,,
CAF,1976,-0.17476626,0.41813296,0.58186704,,,,,,
CAF,1977,-0.17476626,0.41813296,0.58186704,,,,,,
CAF,1978,-0.17476626,0.41813296,0.58186704,,,,,,
CAF,1979,-1.2538762,0.16243199,0.83756804,,,,,,
CAF,1980,-1.2538762,0.16243199,0.83756804,,,,,,
CAF,1981,-1.2538762,0.16243199,0.83756804,,,,,,
CAF,1982,-1.2538762,0.16243199,0.83756804,,,,,,
CAF,1983,-1.2538762,0.16243199,0.83756804,,,,,,
CAF,1984,-1.2538762,0.16243199,0.83756804,,,,,,
CAF,1985,-1.2538762,0.16243199,0.83756804,,,,,,
CAF,1986,-1.2538762,0.16243199,0.83756804,,,,,,
CAF,1987,-1.2538762,0.16243199,0.83756804,,,,,,
CAF,1988,-1.2538762,0.16243199,0.83756804,,,,,,
CAF,1989,-1.2538762,0.16243199,0.83756804,,,,,,
CAF,1990,-1.2538762,0.16243199,0.83756804,,,,,,
CAF,1991,-0.17476626,0.41813296,0.58186704,,,,,,
CAF,1992,-0.17476626,0.41813296,0.58186704,,,,,,
CAF,1993,-0.17476626,0.41813296,0.58186704,,,,,,
CAF,1994,-0.17476626,0.41813296,0.58186704,,,,,,
CAF,1995,-0.17476626,0.41813296,0.58186704,,,,,,
CAF,1996,-1.2538762,0.16243199,0.83756804,,,,,,
CAF,1997,-1.2538762,0.16243199,0.83756804,,,,,,
CAF,1998,-1.2538762,0.16243199,0.83756804,,,,,,
CAF,1999,-1.2538762,0.16243199,0.83756804,,,,,,
CAF,2000,-1.2538762,0.16243199,0.83756804,,,,,,
CAF,2001,-1.2538762,0.16243199,0.83756804,,,,,,
CAF,2002,-1.2538762,0.16243199,0.83756804,,,,,,
CAF,2003,-1.2538762,0.16243199,0.83756804,,,,,,
CAF,2004,-1.2538762,0.16243199,0.83756804,,,,,,
CAF,2005,-1.2538762,0.16243199,0.83756804,,,,,,
CAF,2006,-1.2538762,0.16243199,0.83756804,,,,,,
CAF,2007,-1.2538762,0.16243199,0.83756804,,,,,,
CAF,2008,-1.2538762,0.16243199,0.83756804,,,,,,
CAF,2009,-1.2538762,0.16243199,0.83756804,,,,,,
CAF,2010,-1.2538762,0.16243199,0.83756804,,,,,,
CAF,2011,-1.2538762,0.16243199,0.83756804,,,,,,
CAF,2012,-1.2538762,0.16243199,0.83756804,,,,,,
CAF,2013,-1.2538762,0.16243199,0.83756804,,,,,,
CAF,2014,-1.2538762,0.16243199,0.83756804,,,,,,
CAF,2015,-1.2538762,0.16243199,0.83756804,,,,,,
CAF,2016,-1.2538762,0.16243199,0.83756804,,,,,,
CAF,2017,-1.2538762,0.16243199,0.83756804,,,,,,
CAF,2018,-1.2538762,0.16243199,0.83756804,,,,,,
CAF,2019,-1.2538762,0.16243199,0.83756804,,,,,,
CAF,2020,-1.2538762,0.16243199,0.83756804,,,,,,
CAF,2021,-1.2538762,0.16243199,0.83756804,,,,,,
CAF,2022,-1.2538762,0.16243199,0.83756804,,,,,,
CAF,2023,-1.2538762,0.16243199,0.83756804,,,,,,
CAN,1970,2.2808304,1.0,0.0,,,,,,
CAN,1971,2.2808304,1.0,0.0,,,,,,
CAN,1972,2.2808304,1.0,0.0,,,,,,
CAN,1973,2.2808304,1.0,0.0,,,,,,
CAN,1974,2.2808304,1.0,0.0,,,,,,
CAN,1975,2.2808304,1.0,0.0,,,,,,
CAN,1976,2.2808304,1.0,0.0,,,,,,
CAN,1977,2.2808304,1.0,0.0,,,,,,
CAN,1978,2.2808304,1.0,0.0,,,,,,
CAN,1979,2.2808304,1.0,0.0,,,,,,
CAN,1980,2.2808304,1.0,0.0,,,,,,
CAN,1981,2.2808304,1.0,0.0,,,,,,
CAN,1982,2.2808304,1.0,0.0,,,,,,
CAN,1983,2.2808304,1.0,0.0,,,,,,
CAN,1984,2.2808304,1.0,0.0,,,,,,
CAN,1985,2.2808304,1.0,0.0,,,,,,
CAN,1986,2.2808304,1.0,0.0,,,,,,
CAN,1987,2.2808304,1.0,0.0,,,,,,
CAN,1988,2.2808304,1.0,0.0,,,,,,
CAN,1989,2.2808304,1.0,0.0,,,,,,
CAN,1990,2.2808304,1.0,0.0,,,,,,
CAN,1991,2.2808304,1.0,0.0,,,,,,
CAN,1992,2.2808304,1.0,0.0,,,,,,
CAN,1993,2.2808304,1.0,0.0,,,,,,
CAN,1994,2.2808304,1.0,0.0,,,,,,
CAN,1995,2.2808304,1.0,0.0,,,,,,
CAN,1996,2.2808304,1.0,0.0,,,,,,
CAN,1997,2.2808304,1.0,0.0,0.5424,0.11,0.267,0.4324,0.086,0.0
CAN,1998,2.2808304,1.0,0.0,0.5413,0.11,0.26633333333333337,0.4313,0.086,1.0
CAN,1999,2.2808304,1.0,0.0,0.5402,0.11,0.26566666666666666,0.4302,0.086,1.0
CAN,2000,2.2808304,1.0,0.0,0.5391,0.11,0.265,0.42910000000000004,0.086,1.0
CAN,2001,2.2808304,1.0,0.0,0.538,0.11,0.26433333333333336,0.42800000000000005,0.086,1.0
CAN,2002,2.2808304,1.0,0.0,0.5369,0.11,0.26366666666666666,0.42690000000000006,0.086,1.0
CAN,2003,2.2808304,1.0,0.0,0.5358,0.11,0.263,0.42580000000000007,0.086,0.0
CAN,2004,2.2808304,1.0,0.0,0.5358,0.11,0.263,0.42580000000000007,0.086,1.0
CAN,2005,2.2808304,1.0,0.0,0.5358,0.11,0.263,0.42580000000000007,0.086,1.0
CAN,2006,2.2808304,1.0,0.0,0.5358,0.11,0.263,0.42580000000000007,0.086,0.0
CAN,2007,2.2808304,1.0,0.0,0.4918,0.11,0.241,0.38180000000000003,0.08499999999999999,1.0
CAN,2008,2.2808304,1.0,0.0,0.44780000000000003,0.11,0.219,0.33780000000000004,0.08399999999999999,1.0
CAN,2009,2.2808304,1.0,0.0,0.40380000000000005,0.11,0.197,0.29380000000000006,0.083,1.0
CAN,2010,2.2808304,1.0,0.0,0.3598,0.11,0.175,0.24980000000000002,0.082,0.0
CAN,2011,2.2808304,1.0,0.0,0.3598,0.11,0.175,0.24980000000000002,0.082,0.0
CAN,2012,2.2808304,1.0,0.0,0.3498,0.11,0.173,0.2398,0.082,0.0
CAN,2013,2.2808304,1.0,0.0,0.3498,0.11,0.173,0.2398,0.082,0.0
CAN,2014,2.2808304,1.0,0.0,0.3498,0.11,0.173,0.2398,0.082,0.0
CAN,2015,2.2808304,1.0,0.0,0.34299999999999997,0.1,0.166,0.24299999999999997,0.075,0.0
CAN,2016,2.2808304,1.0,0.0,0.34299999999999997,0.1,0.166,0.24299999999999997,0.075,0.0
CAN,2017,2.2808304,1.0,0.0,0.3398,0.095,0.162,0.2448,0.071,0.0
CAN,2018,2.2808304,1.0,0.0,0.3364,0.095,0.161,0.24139999999999998,0.071,0.0
CAN,2019,2.2808304,1.0,0.0,0.3364,0.095,0.161,0.24139999999999998,0.071,0.0
CAN,2020,2.2808304,1.0,0.0,0.3364,0.095,0.161,0.24139999999999998,0.071,0.0
CAN,2021,2.2808304,1.0,0.0,,,,,,
CAN,2022,2.2808304,1.0,0.0,,,,,,
CAN,2023,2.2808304,1.0,0.0,,,,,,
CHE,1970,,,,,,,,,
CHE,1971,,,,,,,,,
CHE,1972,,,,,,,,,
CHE,1973,,,,,,,,,
CHE,1974,,,,,,,,,
CHE,1975,,,,,,,,,
CHE,1976,,,,,,,,,
CHE,1977,,,,,,,,,
CHE,1978,,,,,,,,,
CHE,1979,,,,,,,,,
CHE,1980,,,,,,,,,
CHE,1981,,,,,,,,,
CHE,1982,,,,,,,,,
CHE,1983,,,,,,,,,
CHE,1984,,,,,,,,,
CHE,1985,,,,,,,,,
CHE,1986,,,,,,,,,
CHE,1987,,,,,,,,,
CHE,1988,,,,,,,,,
CHE,1989,,,,,,,,,
CHE,1990,,,,,,,,,
CHE,1991,,,,,,,,,
CHE,1992,,,,,,,,,
CHE,1993,,,,,,,,,
CHE,1994,,,,,,,,,
CHE,1995,,,,,,,,,
CHE,1996,2.2808304,1.0,0.0,,,,,,
CHE,1997,2.2808304,1.0,0.0,0.3318,0.075,0.154,0.2568,0.009,0.0
CHE,1998,2.2808304,1.0,0.0,0.3318,0.075,0.154,0.2568,0.009,1.0
CHE,1999,2.2808304,1.0,0.0,0.3318,0.075,0.154,0.2568,0.009,1.0
CHE,2000,2.2808304,1.0,0.0,0.3318,0.075,0.154,0.2568,0.009,1.0
CHE,2001,2.2808304,1.0,0.0,0.3318,0.075,0.154,0.2568,0.009,1.0
CHE,2002,2.2808304,1.0,0.0,0.3318,0.075,0.154,0.2568,0.009,1.0
CHE,2003,2.2808304,1.0,0.0,0.3318,0.075,0.154,0.2568,0.009,0.0
CHE,2004,2.2808304,1.0,0.0,0.3318,0.075,0.154,0.2568,0.009,1.0
CHE,2005,2.2808304,1.0,0.0,0.3318,0.075,0.154,0.2568,0.009,1.0
CHE,2006,2.2808304,1.0,0.0,0.3318,0.075,0.154,0.2568,0.009,0.0
CHE,2007,2.2808304,1.0,0.0,0.31305,0.056249999999999994,0.13625,0.2568,0.009,1.0
CHE,2008,2.2808304,1.0,0.0,0.2943,0.0375,0.1185,0.25680000000000003,0.009,1.0
CHE,2009,2.2808304,1.0,0.0,0.27555,0.018750000000000003,0.10075,0.25680000000000003,0.009,1.0
CHE,2010,2.2808304,1.0,0.0,0.25680000000000003,0.0,0.083,0.25680000000000003,0.009,0.0
CHE,2011,2.2808304,1.0,0.0,0.25680000000000003,0.0,0.083,0.25680000000000003,0.009,0.0
CHE,2012,2.2808304,1.0,0.0,0.25680000000000003,0.0,0.083,0.25680000000000003,0.009,0.0
CHE,2013,2.2808304,1.0,0.0,0.25680000000000003,0.0,0.083,0.25680000000000003,0.009,0.0
CHE,2014,2.2808304,1.0,0.0,0.25680000000000003,0.0,0.083,0.25680000000000003,0.009,0.0
CHE,2015,2.2808304,1.0,0.0,0.25680000000000003,0.0,0.083,0.25680000000000003,0.009,0.0
CHE,2016,2.2808304,1.0,0.0,0.25680000000000003,0.0,0.083,0.25680000000000003,0.009,0.0
CHE,2017,2.2808304,1.0,0.0,0.25680000000000003,0.0,0.083,0.25680000000000003,0.009,0.0
CHE,2018,2.2808304,1.0,0.0,0.25680000000000003,0.0,0.083,0.25680000000000003,0.009,0.0
CHE,2019,2.2808304,1.0,0.0,0.25680000000000003,0.0,0.083,0.25680000000000003,0.009,0.0
CHE,2020,2.2808304,1.0,0.0,0.25680000000000003,0.0,0.083,0.25680000000000003,0.009,0.0
CHE,2021,2.2808304,1.0,0.0,,,,,,
CHE,2022,2.2808304,1.0,0.0,,,,,,
CHE,2023,2.2808304,1.0,0.0,,,,,,
CHL,1970,-1.9393721,0.0,1.0,,,,,,
CHL,1971,-1.9393721,0.0,1.0,,,,,,
CHL,1972,-1.9393721,0.0,1.0,,,,,,
CHL,1973,-1.9393721,0.0,1.0,,,,,,
CHL,1974,-1.9393721,0.0,1.0,,,,,,
CHL,1975,-1.9393721,0.0,1.0,,,,,,
CHL,1976,-0.86026204,0.255701,0.744299,,,,,,
CHL,1977,-0.17476626,0.41813296,0.58186704,,,,,,
CHL,1978,-0.17476626,0.41813296,0.58186704,,,,,,
CHL,1979,-0.17476626,0.41813296,0.58186704,,,,,,
CHL,1980,-0.17476626,0.41813296,0.58186704,,,,,,
CHL,1981,-0.17476626,0.41813296,0.58186704,,,,,,
CHL,1982,-1.9393721,0.0,1.0,,,,,,
CHL,1983,-1.9393721,0.0,1.0,,,,,,
CHL,1984,-1.9393721,0.0,1.0,,,,,,
CHL,1985,-1.9393721,0.0,1.0,,,,,,
CHL,1986,-1.9393721,0.0,1.0,,,,,,
CHL,1987,-1.9393721,0.0,1.0,,,,,,
CHL,1988,-1.9393721,0.0,1.0,,,,,,
CHL,1989,-1.9393721,0.0,1.0,,,,,,
CHL,1990,-1.9393721,0.0,1.0,,,,,,
CHL,1991,-1.9393721,0.0,1.0,,,,,,
CHL,1992,-1.9393721,0.0,1.0,,,,,,
CHL,1993,-1.9393721,0.0,1.0,,,,,,
CHL,1994,-1.9393721,0.0,1.0,,,,,,
CHL,1995,0.33647263,0.5392738,0.4607262,,,,,,
CHL,1996,-1.9393721,0.0,1.0,,,,,,
CHL,1997,-1.9393721,0.0,1.0,0.1736,0.0,0.073,0.1736,0.0,0.0
CHL,1998,-1.9393721,0.0,1.0,0.1661,0.0,0.07133333333333333,0.1661,0.0,1.0
CHL,1999,-1.2538762,0.16243199,0.83756804,0.1586,0.0,0.06966666666666667,0.1586,0.0,1.0
CHL,2000,-1.2538762,0.16243199,0.83756804,0.1511,0.0,0.068,0.1511,0.0,1.0
CHL,2001,1.2737408,0.76136464,0.23863536,0.1436,0.0,0.06633333333333333,0.1436,0.0,1.0
CHL,2002,1.5255132,0.82102346,0.17897654,0.1361,0.0,0.06466666666666666,0.1361,0.0,1.0
CHL,2003,1.7772856,0.8806823,0.11931771,0.1286,0.0,0.063,0.1286,0.0,0.0
CHL,2004,2.029058,0.9403412,0.059658825,0.1286,0.0,0.063,0.1286,0.0,1.0
CHL,2005,2.2808304,1.0,0.0,0.1286,0.0,0.063,0.1286,0.0,1.0
CHL,2006,2.2808304,1.0,0.0,0.1286,0.0,0.063,0.1286,0.0,0.0
CHL,2007,2.2808304,1.0,0.0,0.12735,0.0,0.0615,0.12735,0.0,1.0
CHL,2008,2.029058,0.9403412,0.059658825,0.1261,0.0,0.06,0.1261,0.0,1.0
CHL,2009,1.7772856,0.8806823,0.11931771,0.12485,0.0,0.0585,0.12485,0.0,1.0
CHL,2010,1.5255132,0.82102346,0.17897654,0.1236,0.0,0.057,0.1236,0.0,0.0
CHL,2011,1.2737408,0.76136464,0.23863536,0.1236,0.0,0.057,0.1236,0.0,0.0
CHL,2012,1.0219685,0.7017058,0.2982942,0.1236,0.0,0.057,0.1236,0.0,0.0
CHL,2013,1.0219685,0.7017058,0.2982942,0.1236,0.0,0.057,0.1236,0.0,0.0
CHL,2014,1.0219685,0.7017058,0.2982942,0.1236,0.0,0.057,0.1236,0.0,0.0
CHL,2015,1.0219685,0.7017058,0.2982942,0.1236,0.0,0.057,0.1236,0.0,0.0
CHL,2016,1.0219685,0.7017058,0.2982942,0.1236,0.0,0.057,0.1236,0.0,0.0
CHL,2017,1.0219685,0.7017058,0.2982942,0.1236,0.0,0.057,0.1236,0.0,0.0
CHL,2018,1.0219685,0.7017058,0.2982942,0.1236,0.0,0.057,0.1236,0.0,0.0
CHL,2019,1.0219685,0.7017058,0.2982942,0.1236,0.0,0.057,0.1236,0.0,0.0
CHL,2020,1.0219685,0.7017058,0.2982942,0.1236,0.0,0.057,0.1236,0.0,0.0
CHL,2021,1.0219685,0.7017058,0.2982942,,,,,,
CHL,2022,1.0219685,0.7017058,0.2982942,,,,,,
CHL,2023,1.0219685,0.7017058,0.2982942,,,,,,
CHN,1970,,,,,,,,,
CHN,1971,,,,,,,,,
CHN,1972,,,,,,,,,
CHN,1973,,,,,,,,,
CHN,1974,,,,,,,,,
CHN,1975,,,,,,,,,
CHN,1976,,,,,,,,,
CHN,1977,,,,,,,,,
CHN,1978,,,,,,,,,
CHN,1979,,,,,,,,,
CHN,1980,,,,,,,,,
CHN,1981,,,,,,,,,
CHN,1982,,,,,,,,,
CHN,1983,,,,,,,,,
CHN,1984,-1.2538762,0.16243199,0.83756804,,,,,,
CHN,1985,-1.2538762,0.16243199,0.83756804,,,,,,
CHN,1986,-1.2538762,0.16243199,0.83756804,,,,,,
CHN,1987,-1.9393721,0.0,1.0,,,,,,
CHN,1988,-1.9393721,0.0,1.0,,,,,,
CHN,1989,-1.9393721,0.0,1.0,,,,,,
CHN,1990,-1.9393721,0.0,1.0,,,,,,
CHN,1991,-1.9393721,0.0,1.0,,,,,,
CHN,1992,-1.9393721,0.0,1.0,,,,,,
CHN,1993,-1.2538762,0.16243199,0.83756804,,,,,,
CHN,1994,-1.2538762,0.16243199,0.83756804,,,,,,
CHN,1995,-1.2538762,0.16243199,0.83756804,,,,,,
CHN,1996,-1.2538762,0.16243199,0.83756804,,,,,,
CHN,1997,-1.2538762,0.16243199,0.83756804,0.8522000000000001,0.379,0.625,0.47320000000000007,0.164,0.0
CHN,1998,-1.2538762,0.16243199,0.83756804,0.8450000000000001,0.37583333333333335,0.617,0.46916666666666673,0.17,1.0
CHN,1999,-1.2538762,0.16243199,0.83756804,0.8378,0.37266666666666665,0.609,0.46513333333333334,0.17600000000000002,1.0
CHN,2000,-1.2538762,0.16243199,0.83756804,0.8306,0.3695,0.601,0.4611,0.182,1.0
CHN,2001,-1.2538762,0.16243199,0.83756804,0.8234,0.36633333333333334,0.593,0.4570666666666667,0.188,1.0
CHN,2002,-1.2538762,0.16243199,0.83756804,0.8161999999999999,0.36316666666666664,0.585,0.4530333333333333,0.194,1.0
CHN,2003,-1.2538762,0.16243199,0.83756804,0.8089999999999999,0.36,0.577,0.44899999999999995,0.2,0.0
CHN,2004,-1.2538762,0.16243199,0.83756804,0.7804666666666666,0.33666666666666667,0.5406666666666666,0.4438,0.17600000000000002,1.0
CHN,2005,-1.2538762,0.16243199,0.83756804,0.7519333333333333,0.3133333333333333,0.5043333333333333,0.43860000000000005,0.152,1.0
CHN,2006,-1.2538762,0.16243199,0.83756804,0.7234,0.29,0.468,0.43340000000000006,0.128,0.0
CHN,2007,-1.2538762,0.16243199,0.83756804,0.71745,0.27925,0.46,0.43820000000000003,0.1275,1.0
CHN,2008,-1.2538762,0.16243199,0.83756804,0.7115,0.26849999999999996,0.452,0.44300000000000006,0.127,1.0
CHN,2009,-1.2538762,0.16243199,0.83756804,0.70555,0.25775,0.444,0.44780000000000003,0.1265,1.0
CHN,2010,-1.2538762,0.16243199,0.83756804,0.6996,0.247,0.436,0.4526,0.126,0.0
CHN,2011,-1.2538762,0.16243199,0.83756804,0.6996,0.247,0.436,0.4526,0.126,0.0
CHN,2012,-1.2538762,0.16243199,0.83756804,0.6948000000000001,0.245,0.432,0.4498000000000001,0.125,0.0
CHN,2013,-1.2538762,0.16243199,0.83756804,0.6948000000000001,0.245,0.432,0.4498000000000001,0.125,0.0
CHN,2014,-1.2538762,0.16243199,0.83756804,0.6948000000000001,0.245,0.432,0.4498000000000001,0.125,0.0
CHN,2015,-1.2538762,0.16243199,0.83756804,0.6638000000000001,0.21,0.395,0.4538000000000001,0.114,0.0
CHN,2016,-1.2538762,0.16243199,0.83756804,0.67,0.134,0.345,0.536,0.066,0.0
CHN,2017,-1.2538762,0.16243199,0.83756804,0.6538,0.112,0.328,0.5418000000000001,0.059,0.0
CHN,2018,-1.2538762,0.16243199,0.83756804,0.5114,0.083,0.262,0.42839999999999995,0.037,0.0
CHN,2019,-1.2538762,0.16243199,0.83756804,0.4848,0.083,0.244,0.4018,0.036,0.0
CHN,2020,-1.2538762,0.16243199,0.83756804,0.44960000000000006,0.071,0.214,0.37860000000000005,0.022,0.0
CHN,2021,-1.2538762,0.16243199,0.83756804,,,,,,
CHN,2022,-1.2538762,0.16243199,0.83756804,,,,,,
CHN,2023,-1.2538762,0.16243199,0.83756804,,,,,,
CIV,1970,-1.0021038,0.22209083,0.77790916,,,,,,
CIV,1971,-0.6084897,0.31535983,0.68464017,,,,,,
CIV,1972,-0.86026204,0.255701,0.744299,,,,,,
CIV,1973,-0.86026204,0.255701,0.744299,,,,,,
CIV,1974,-0.17476626,0.41813296,0.58186704,,,,,,
CIV,1975,-0.17476626,0.41813296,0.58186704,,,,,,
CIV,1976,-0.17476626,0.41813296,0.58186704,,,,,,
CIV,1977,-0.17476626,0.41813296,0.58186704,,,,,,
CIV,1978,-0.17476626,0.41813296,0.58186704,,,,,,
CIV,1979,-1.9393721,0.0,1.0,,,,,,
CIV,1980,-0.17476626,0.41813296,0.58186704,,,,,,
CIV,1981,-0.17476626,0.41813296,0.58186704,,,,,,
CIV,1982,-0.17476626,0.41813296,0.58186704,,,,,,
CIV,1983,-0.17476626,0.41813296,0.58186704,,,,,,
CIV,1984,-0.17476626,0.41813296,0.58186704,,,,,,
CIV,1985,-0.17476626,0.41813296,0.58186704,,,,,,
CIV,1986,-0.17476626,0.41813296,0.58186704,,,,,,
CIV,1987,-1.2538762,0.16243199,0.83756804,,,,,,
CIV,1988,-1.2538762,0.16243199,0.83756804,,,,,,
CIV,1989,-1.2538762,0.16243199,0.83756804,,,,,,
CIV,1990,-1.2538762,0.16243199,0.83756804,,,,,,
CIV,1991,-1.2538762,0.16243199,0.83756804,,,,,,
CIV,1992,-1.2538762,0.16243199,0.83756804,,,,,,
CIV,1993,-0.17476626,0.41813296,0.58186704,,,,,,
CIV,1994,-0.17476626,0.41813296,0.58186704,,,,,,
CIV,1995,-0.17476626,0.41813296,0.58186704,,,,,,
CIV,1996,-1.2538762,0.16243199,0.83756804,,,,,,
CIV,1997,-1.2538762,0.16243199,0.83756804,,,,,,
CIV,1998,-1.2538762,0.16243199,0.83756804,,,,,,
CIV,1999,-1.2538762,0.16243199,0.83756804,,,,,,
CIV,2000,-1.2538762,0.16243199,0.83756804,,,,,,
CIV,2001,-1.2538762,0.16243199,0.83756804,,,,,,
CIV,2002,-1.2538762,0.16243199,0.83756804,,,,,,
CIV,2003,-1.2538762,0.16243199,0.83756804,,,,,,
CIV,2004,-1.2538762,0.16243199,0.83756804,,,,,,
CIV,2005,-1.2538762,0.16243199,0.83756804,,,,,,
CIV,2006,-1.2538762,0.16243199,0.83756804,,,,,,
CIV,2007,-1.2538762,0.16243199,0.83756804,,,,,,
CIV,2008,-1.2538762,0.16243199,0.83756804,,,,,,
CIV,2009,-1.2538762,0.16243199,0.83756804,,,,,,
CIV,2010,-1.2538762,0.16243199,0.83756804,,,,,,
CIV,2011,-1.2538762,0.16243199,0.83756804,,,,,,
CIV,2012,-1.2538762,0.16243199,0.83756804,,,,,,
CIV,2013,-1.2538762,0.16243199,0.83756804,,,,,,
CIV,2014,-1.2538762,0.16243199,0.83756804,,,,,,
CIV,2015,-1.2538762,0.16243199,0.83756804,,,,,,
CIV,2016,-1.2538762,0.16243199,0.83756804,,,,,,
CIV,2017,-1.2538762,0.16243199,0.83756804,,,,,,
CIV,2018,-1.2538762,0.16243199,0.83756804,,,,,,
CIV,2019,-1.2538762,0.16243199,0.83756804,,,,,,
CIV,2020,-1.2538762,0.16243199,0.83756804,,,,,,
CIV,2021,-1.2538762,0.16243199,0.83756804,,,,,,
CIV,2022,-1.2538762,0.16243199,0.83756804,,,,,,
CIV,2023,-1.2538762,0.16243199,0.83756804,,,,,,
CMR,1970,-1.0021038,0.22209083,0.77790916,,,,,,
CMR,1971,-1.6875997,0.059658844,0.9403412,,,,,,
CMR,1972,-0.86026204,0.255701,0.744299,,,,,,
CMR,1973,-0.86026204,0.255701,0.744299,,,,,,
CMR,1974,-0.17476626,0.41813296,0.58186704,,,,,,
CMR,1975,-0.17476626,0.41813296,0.58186704,,,,,,
CMR,1976,-0.17476626,0.41813296,0.58186704,,,,,,
CMR,1977,-0.17476626,0.41813296,0.58186704,,,,,,
CMR,1978,-0.17476626,0.41813296,0.58186704,,,,,,
CMR,1979,-0.17476626,0.41813296,0.58186704,,,,,,
CMR,1980,-0.17476626,0.41813296,0.58186704,,,,,,
CMR,1981,-0.17476626,0.41813296,0.58186704,,,,,,
CMR,1982,-0.17476626,0.41813296,0.58186704,,,,,,
CMR,1983,-0.17476626,0.41813296,0.58186704,,,,,,
CMR,1984,-0.17476626,0.41813296,0.58186704,,,,,,
CMR,1985,-0.17476626,0.41813296,0.58186704,,,,,,
CMR,1986,-0.17476626,0.41813296,0.58186704,,,,,,
CMR,1987,-1.2538762,0.16243199,0.83756804,,,,,,
CMR,1988,-1.2538762,0.16243199,0.83756804,,,,,,
CMR,1989,-1.2538762,0.16243199,0.83756804,,,,,,
CMR,1990,-1.2538762,0.16243199,0.83756804,,,,,,
CMR,1991,-1.2538762,0.16243199,0.83756804,,,,,,
CMR,1992,-1.2538762,0.16243199,0.83756804,,,,,,
CMR,1993,-0.17476626,0.41813296,0.58186704,,,,,,
CMR,1994,-0.17476626,0.41813296,0.58186704,,,,,,
CMR,1995,-0.17476626,0.41813296,0.58186704,,,,,,
CMR,1996,-1.2538762,0.16243199,0.83756804,,,,,,
CMR,1997,-1.2538762,0.16243199,0.83756804,,,,,,
CMR,1998,-1.2538762,0.16243199,0.83756804,,,,,,
CMR,1999,-1.2538762,0.16243199,0.83756804,,,,,,
CMR,2000,-1.2538762,0.16243199,0.83756804,,,,,,
CMR,2001,-1.2538762,0.16243199,0.83756804,,,,,,
CMR,2002,-1.2538762,0.16243199,0.83756804,,,,,,
CMR,2003,-1.2538762,0.16243199,0.83756804,,,,,,
CMR,2004,-1.2538762,0.16243199,0.83756804,,,,,,
CMR,2005,-1.2538762,0.16243199,0.83756804,,,,,,
CMR,2006,-1.2538762,0.16243199,0.83756804,,,,,,
CMR,2007,-1.2538762,0.16243199,0.83756804,,,,,,
CMR,2008,-1.2538762,0.16243199,0.83756804,,,,,,
CMR,2009,-1.2538762,0.16243199,0.83756804,,,,,,
CMR,2010,-1.2538762,0.16243199,0.83756804,,,,,,
CMR,2011,-1.2538762,0.16243199,0.83756804,,,,,,
CMR,2012,-1.2538762,0.16243199,0.83756804,,,,,,
CMR,2013,-1.2538762,0.16243199,0.83756804,,,,,,
CMR,2014,-1.2538762,0.16243199,0.83756804,,,,,,
CMR,2015,-1.2538762,0.16243199,0.83756804,,,,,,
CMR,2016,-1.2538762,0.16243199,0.83756804,,,,,,
CMR,2017,-1.2538762,0.16243199,0.83756804,,,,,,
CMR,2018,-1.2538762,0.16243199,0.83756804,,,,,,
CMR,2019,-1.2538762,0.16243199,0.83756804,,,,,,
CMR,2020,-1.2538762,0.16243199,0.83756804,,,,,,
CMR,2021,-1.2538762,0.16243199,0.83756804,,,,,,
CMR,2022,-1.2538762,0.16243199,0.83756804,,,,,,
CMR,2023,-1.2538762,0.16243199,0.83756804,,,,,,
COG,1970,-1.0021038,0.22209083,0.77790916,,,,,,
COG,1971,-0.6084897,0.31535983,0.68464017,,,,,,
COG,1972,-0.86026204,0.255701,0.744299,,,,,,
COG,1973,-0.86026204,0.255701,0.744299,,,,,,
COG,1974,-0.17476626,0.41813296,0.58186704,,,,,,
COG,1975,-0.17476626,0.41813296,0.58186704,,,,,,
COG,1976,-0.17476626,0.41813296,0.58186704,,,,,,
COG,1977,-1.2538762,0.16243199,0.83756804,,,,,,
COG,1978,-1.2538762,0.16243199,0.83756804,,,,,,
COG,1979,-1.2538762,0.16243199,0.83756804,,,,,,
COG,1980,-1.2538762,0.16243199,0.83756804,,,,,,
COG,1981,-1.2538762,0.16243199,0.83756804,,,,,,
COG,1982,-1.2538762,0.16243199,0.83756804,,,,,,
COG,1983,-1.2538762,0.16243199,0.83756804,,,,,,
COG,1984,-1.2538762,0.16243199,0.83756804,,,,,,
COG,1985,-1.2538762,0.16243199,0.83756804,,,,,,
COG,1986,-1.2538762,0.16243199,0.83756804,,,,,,
COG,1987,-1.2538762,0.16243199,0.83756804,,,,,,
COG,1988,-1.2538762,0.16243199,0.83756804,,,,,,
COG,1989,-1.2538762,0.16243199,0.83756804,,,,,,
COG,1990,-1.2538762,0.16243199,0.83756804,,,,,,
COG,1991,-1.2538762,0.16243199,0.83756804,,,,,,
COG,1992,-1.2538762,0.16243199,0.83756804,,,,,,
COG,1993,-1.2538762,0.16243199,0.83756804,,,,,,
COG,1994,-1.2538762,0.16243199,0.83756804,,,,,,
COG,1995,-0.17476626,0.41813296,0.58186704,,,,,,
COG,1996,-1.2538762,0.16243199,0.83756804,,,,,,
COG,1997,-1.2538762,0.16243199,0.83756804,,,,,,
COG,1998,-1.2538762,0.16243199,0.83756804,,,,,,
COG,1999,-1.2538762,0.16243199,0.83756804,,,,,,
COG,2000,-1.2538762,0.16243199,0.83756804,,,,,,
COG,2001,-1.2538762,0.16243199,0.83756804,,,,,,
COG,2002,-1.2538762,0.16243199,0.83756804,,,,,,
COG,2003,-1.2538762,0.16243199,0.83756804,,,,,,
COG,2004,-1.2538762,0.16243199,0.83756804,,,,,,
COG,2005,-1.2538762,0.16243199,0.83756804,,,,,,
COG,2006,-1.2538762,0.16243199,0.83756804,,,,,,
COG,2007,-1.2538762,0.16243199,0.83756804,,,,,,
COG,2008,-1.2538762,0.16243199,0.83756804,,,,,,
COG,2009,-1.2538762,0.16243199,0.83756804,,,,,,
COG,2010,-1.2538762,0.16243199,0.83756804,,,,,,
COG,2011,-1.2538762,0.16243199,0.83756804,,,,,,
COG,2012,-1.2538762,0.16243199,0.83756804,,,,,,
COG,2013,-1.2538762,0.16243199,0.83756804,,,,,,
COG,2014,-1.2538762,0.16243199,0.83756804,,,,,,
COG,2015,-1.2538762,0.16243199,0.83756804,,,,,,
COG,2016,-1.2538762,0.16243199,0.83756804,,,,,,
COG,2017,-1.2538762,0.16243199,0.83756804,,,,,,
COG,2018,-1.2538762,0.16243199,0.83756804,,,,,,
COG,2019,-1.2538762,0.16243199,0.83756804,,,,,,
COG,2020,-1.2538762,0.16243199,0.83756804,,,,,,
COG,2021,-1.2538762,0.16243199,0.83756804,,,,,,
COG,2022,-1.2538762,0.16243199,0.83756804,,,,,,
COG,2023,-1.2538762,0.16243199,0.83756804,,,,,,
COL,1970,-1.9393721,0.0,1.0,,,,,,
COL,1971,-1.9393721,0.0,1.0,,,,,,
COL,1972,-1.9393721,0.0,1.0,,,,,,
COL,1973,-1.9393721,0.0,1.0,,,,,,
COL,1974,-1.9393721,0.0,1.0,,,,,,
COL,1975,-1.9393721,0.0,1.0,,,,,,
COL,1976,-1.9393721,0.0,1.0,,,,,,
COL,1977,-1.9393721,0.0,1.0,,,,,,
COL,1978,-1.9393721,0.0,1.0,,,,,,
COL,1979,-1.9393721,0.0,1.0,,,,,,
COL,1980,-1.9393721,0.0,1.0,,,,,,
COL,1981,-1.9393721,0.0,1.0,,,,,,
COL,1982,-1.9393721,0.0,1.0,,,,,,
COL,1983,-1.9393721,0.0,1.0,,,,,,
COL,1984,-1.9393721,0.0,1.0,,,,,,
COL,1985,-1.9393721,0.0,1.0,,,,,,
COL,1986,-1.9393721,0.0,1.0,,,,,,
COL,1987,-1.9393721,0.0,1.0,,,,,,
COL,1988,-1.9393721,0.0,1.0,,,,,,
COL,1989,-1.9393721,0.0,1.0,,,,,,
COL,1990,-1.2538762,0.16243199,0.83756804,,,,,,
COL,1991,-1.2538762,0.16243199,0.83756804,,,,,,
COL,1992,-1.2538762,0.16243199,0.83756804,,,,,,
COL,1993,-1.9393721,0.0,1.0,,,,,,
COL,1994,-1.9393721,0.0,1.0,,,,,,
COL,1995,-1.9393721,0.0,1.0,,,,,,
COL,1996,-1.2538762,0.16243199,0.83756804,,,,,,
COL,1997,-1.2538762,0.16243199,0.83756804,,,,,,1.0
COL,1998,-1.2538762,0.16243199,0.83756804,,,,,,1.0
COL,1999,-1.2538762,0.16243199,0.83756804,,,,,,1.0
COL,2000,-1.2538762,0.16243199,0.83756804,,,,,,1.0
COL,2001,-1.2538762,0.16243199,0.83756804,,,,,,1.0
COL,2002,-1.2538762,0.16243199,0.83756804,,,,,,1.0
COL,2003,-1.2538762,0.16243199,0.83756804,,,,,,1.0
COL,2004,-0.17476626,0.41813296,0.58186704,,,,,,1.0
COL,2005,-0.17476626,0.41813296,0.58186704,,,,,,1.0
COL,2006,-0.17476626,0.41813296,0.58186704,,,,,,1.0
COL,2007,-0.17476626,0.41813296,0.58186704,,,,,,1.0
COL,2008,1.0219685,0.7017058,0.2982942,,,,,,1.0
COL,2009,-0.17476626,0.41813296,0.58186704,,,,,,1.0
COL,2010,-0.17476626,0.41813296,0.58186704,0.0792,0.0,0.026,0.0792,0.0,0.0
COL,2011,-0.17476626,0.41813296,0.58186704,0.0792,0.0,0.026,0.0792,0.0,0.0
COL,2012,-0.17476626,0.41813296,0.58186704,0.0792,0.0,0.026,0.0792,0.0,0.0
COL,2013,-0.17476626,0.41813296,0.58186704,0.0792,0.0,0.026,0.0792,0.0,0.0
COL,2014,-0.17476626,0.41813296,0.58186704,0.0792,0.0,0.026,0.0792,0.0,0.0
COL,2015,-0.17476626,0.41813296,0.58186704,0.0792,0.0,0.026,0.0792,0.0,0.0
COL,2016,-0.17476626,0.41813296,0.58186704,0.0792,0.0,0.026,0.0792,0.0,0.0
COL,2017,-0.17476626,0.41813296,0.58186704,0.0792,0.0,0.026,0.0792,0.0,0.0
COL,2018,-0.17476626,0.41813296,0.58186704,0.0792,0.0,0.026,0.0792,0.0,0.0
COL,2019,-0.17476626,0.41813296,0.58186704,0.0792,0.0,0.026,0.0792,0.0,0.0
COL,2020,-0.17476626,0.41813296,0.58186704,0.0792,0.0,0.026,0.0792,0.0,0.0
COL,2021,-0.17476626,0.41813296,0.58186704,,,,,,
COL,2022,-0.17476626,0.41813296,0.58186704,,,,,,
COL,2023,-0.17476626,0.41813296,0.58186704,,,,,,
COM,1970,,,,,,,,,
COM,1971,,,,,,,,,
COM,1972,,,,,,,,,
COM,1973,,,,,,,,,
COM,1974,,,,,,,,,
COM,1975,,,,,,,,,
COM,1976,,,,,,,,,
COM,1977,,,,,,,,,
COM,1978,,,,,,,,,
COM,1979,,,,,,,,,
COM,1980,,,,,,,,,
COM,1981,-1.2538762,0.16243199,0.83756804,,,,,,
COM,1982,-1.2538762,0.16243199,0.83756804,,,,,,
COM,1983,-1.2538762,0.16243199,0.83756804,,,,,,
COM,1984,-1.2538762,0.16243199,0.83756804,,,,,,
COM,1985,-1.2538762,0.16243199,0.83756804,,,,,,
COM,1986,-1.2538762,0.16243199,0.83756804,,,,,,
COM,1987,-1.2538762,0.16243199,0.83756804,,,,,,
COM,1988,-1.2538762,0.16243199,0.83756804,,,,,,
COM,1989,-1.2538762,0.16243199,0.83756804,,,,,,
COM,1990,-1.2538762,0.16243199,0.83756804,,,,,,
COM,1991,-1.2538762,0.16243199,0.83756804,,,,,,
COM,1992,-1.2538762,0.16243199,0.83756804,,,,,,
COM,1993,-1.2538762,0.16243199,0.83756804,,,,,,
COM,1994,-1.2538762,0.16243199,0.83756804,,,,,,
COM,1995,-1.2538762,0.16243199,0.83756804,,,,,,
COM,1996,-1.2538762,0.16243199,0.83756804,,,,,,
COM,1997,-1.2538762,0.16243199,0.83756804,,,,,,
COM,1998,-1.2538762,0.16243199,0.83756804,,,,,,
COM,1999,-1.2538762,0.16243199,0.83756804,,,,,,
COM,2000,-1.2538762,0.16243199,0.83756804,,,,,,
COM,2001,-1.2538762,0.16243199,0.83756804,,,,,,
COM,2002,-1.2538762,0.16243199,0.83756804,,,,,,
COM,2003,-1.2538762,0.16243199,0.83756804,,,,,,
COM,2004,-1.2538762,0.16243199,0.83756804,,,,,,
COM,2005,-1.2538762,0.16243199,0.83756804,,,,,,
COM,2006,-1.2538762,0.16243199,0.83756804,,,,,,
COM,2007,-1.2538762,0.16243199,0.83756804,,,,,,
COM,2008,-1.2538762,0.16243199,0.83756804,,,,,,
COM,2009,-1.2538762,0.16243199,0.83756804,,,,,,
COM,2010,-1.2538762,0.16243199,0.83756804,,,,,,
COM,2011,-1.2538762,0.16243199,0.83756804,,,,,,
COM,2012,-1.2538762,0.16243199,0.83756804,,,,,,
COM,2013,-1.2538762,0.16243199,0.83756804,,,,,,
COM,2014,-1.2538762,0.16243199,0.83756804,,,,,,
COM,2015,-1.2538762,0.16243199,0.83756804,,,,,,
COM,2016,-1.2538762,0.16243199,0.83756804,,,,,,
COM,2017,-1.2538762,0.16243199,0.83756804,,,,,,
COM,2018,-1.2538762,0.16243199,0.83756804,,,,,,
COM,2019,-1.2538762,0.16243199,0.83756804,,,,,,
COM,2020,-1.2538762,0.16243199,0.83756804,,,,,,
COM,2021,-1.2538762,0.16243199,0.83756804,,,,,,
COM,2022,-1.2538762,0.16243199,0.83756804,,,,,,
COM,2023,-1.2538762,0.16243199,0.83756804,,,,,,
CPV,1970,,,,,,,,,
CPV,1971,,,,,,,,,
CPV,1972,,,,,,,,,
CPV,1973,,,,,,,,,
CPV,1974,,,,,,,,,
CPV,1975,,,,,,,,,
CPV,1976,,,,,,,,,
CPV,1977,,,,,,,,,
CPV,1978,,,,,,,,,
CPV,1979,,,,,,,,,
CPV,1980,,,,,,,,,
CPV,1981,,,,,,,,,
CPV,1982,-1.2538762,0.16243199,0.83756804,,,,,,
CPV,1983,-1.2538762,0.16243199,0.83756804,,,,,,
CPV,1984,-1.2538762,0.16243199,0.83756804,,,,,,
CPV,1985,-1.2538762,0.16243199,0.83756804,,,,,,
CPV,1986,-1.2538762,0.16243199,0.83756804,,,,,,
CPV,1987,-1.2538762,0.16243199,0.83756804,,,,,,
CPV,1988,-1.2538762,0.16243199,0.83756804,,,,,,
CPV,1989,-1.2538762,0.16243199,0.83756804,,,,,,
CPV,1990,-1.2538762,0.16243199,0.83756804,,,,,,
CPV,1991,-1.2538762,0.16243199,0.83756804,,,,,,
CPV,1992,-1.2538762,0.16243199,0.83756804,,,,,,
CPV,1993,-1.2538762,0.16243199,0.83756804,,,,,,
CPV,1994,-1.2538762,0.16243199,0.83756804,,,,,,
CPV,1995,-1.2538762,0.16243199,0.83756804,,,,,,
CPV,1996,-1.2538762,0.16243199,0.83756804,,,,,,
CPV,1997,-1.2538762,0.16243199,0.83756804,,,,,,
CPV,1998,-1.2538762,0.16243199,0.83756804,,,,,,
CPV,1999,-1.2538762,0.16243199,0.83756804,,,,,,
CPV,2000,-1.2538762,0.16243199,0.83756804,,,,,,
CPV,2001,-1.2538762,0.16243199,0.83756804,,,,,,
CPV,2002,-1.2538762,0.16243199,0.83756804,,,,,,
CPV,2003,-1.2538762,0.16243199,0.83756804,,,,,,
CPV,2004,-1.2538762,0.16243199,0.83756804,,,,,,
CPV,2005,-1.2538762,0.16243199,0.83756804,,,,,,
CPV,2006,-1.2538762,0.16243199,0.83756804,,,,,,
CPV,2007,-1.2538762,0.16243199,0.83756804,,,,,,
CPV,2008,-1.2538762,0.16243199,0.83756804,,,,,,
CPV,2009,-1.2538762,0.16243199,0.83756804,,,,,,
CPV,2010,-1.2538762,0.16243199,0.83756804,,,,,,
CPV,2011,-1.2538762,0.16243199,0.83756804,,,,,,
CPV,2012,-1.2538762,0.16243199,0.83756804,,,,,,
CPV,2013,-1.2538762,0.16243199,0.83756804,,,,,,
CPV,2014,-1.2538762,0.16243199,0.83756804,,,,,,
CPV,2015,-1.2538762,0.16243199,0.83756804,,,,,,
CPV,2016,-1.2538762,0.16243199,0.83756804,,,,,,
CPV,2017,0.07700613,0.47779182,0.5222082,,,,,,
CPV,2018,1.5255132,0.82102346,0.17897654,,,,,,
CPV,2019,1.7772856,0.8806823,0.11931771,,,,,,
CPV,2020,2.029058,0.9403412,0.059658825,,,,,,
CPV,2021,2.2808304,1.0,0.0,,,,,,
CPV,2022,2.2808304,1.0,0.0,,,,,,
CPV,2023,2.2808304,1.0,0.0,,,,,,
CRI,1970,1.0840957,0.7164272,0.2835728,,,,,,
CRI,1971,-0.6805101,0.29829422,0.7017058,,,,,,
CRI,1972,-0.6805101,0.29829422,0.7017058,,,,,,
CRI,1973,0.39859986,0.5539952,0.4460048,,,,,,
CRI,1974,-0.93228245,0.23863538,0.76136464,,,,,,
CRI,1975,0.5805509,0.5971095,0.4028905,,,,,,
CRI,1976,-0.3567173,0.3750187,0.6249813,,,,,,
CRI,1977,-0.6084897,0.31535983,0.68464017,,,,,,
CRI,1978,-0.86026204,0.255701,0.744299,,,,,,
CRI,1979,-0.17476626,0.41813296,0.58186704,,,,,,
CRI,1980,-0.6084897,0.31535983,0.68464017,,,,,,
CRI,1981,-1.4358273,0.11931769,0.8806823,,,,,,
CRI,1982,-1.4358273,0.11931769,0.8806823,,,,,,
CRI,1983,-1.4358273,0.11931769,0.8806823,,,,,,
CRI,1984,-1.4358273,0.11931769,0.8806823,,,,,,
CRI,1985,-1.6875997,0.059658844,0.9403412,,,,,,
CRI,1986,-1.9393721,0.0,1.0,,,,,,
CRI,1987,-1.9393721,0.0,1.0,,,,,,
CRI,1988,-1.9393721,0.0,1.0,,,,,,
CRI,1989,-1.9393721,0.0,1.0,,,,,,
CRI,1990,-1.9393721,0.0,1.0,,,,,,
CRI,1991,-1.2538762,0.16243199,0.83756804,,,,,,
CRI,1992,-1.2538762,0.16243199,0.83756804,,,,,,
CRI,1993,-1.2538762,0.16243199,0.83756804,,,,,,
CRI,1994,-0.17476626,0.41813296,0.58186704,,,,,,
CRI,1995,0.07700613,0.47779182,0.5222082,,,,,,
CRI,1996,0.32877854,0.5374507,0.46254933,,,,,,
CRI,1997,0.5805509,0.5971095,0.4028905,,,,,,1.0
CRI,1998,0.8323233,0.6567683,0.34323168,,,,,,1.0
CRI,1999,1.0840957,0.7164272,0.2835728,,,,,,1.0
CRI,2000,1.0840957,0.7164272,0.2835728,,,,,,1.0
CRI,2001,1.0840957,0.7164272,0.2835728,,,,,,1.0
CRI,2002,1.0840957,0.7164272,0.2835728,,,,,,1.0
CRI,2003,1.0840957,0.7164272,0.2835728,,,,,,1.0
CRI,2004,1.0840957,0.7164272,0.2835728,,,,,,1.0
CRI,2005,1.0840957,0.7164272,0.2835728,,,,,,1.0
CRI,2006,1.0840957,0.7164272,0.2835728,,,,,,1.0
CRI,2007,1.0840957,0.7164272,0.2835728,,,,,,1.0
CRI,2008,1.0840957,0.7164272,0.2835728,,,,,,1.0
CRI,2009,1.0840957,0.7164272,0.2835728,,,,,,1.0
CRI,2010,1.0840957,0.7164272,0.2835728,,,,,,1.0
CRI,2011,2.2808304,1.0,0.0,,,,,,1.0
CRI,2012,2.2808304,1.0,0.0,0.06799999999999999,0.0,0.035,0.06799999999999999,0.0,0.0
CRI,2013,2.2808304,1.0,0.0,0.06799999999999999,0.0,0.035,0.06799999999999999,0.0,0.0
CRI,2014,1.0840957,0.7164272,0.2835728,0.06799999999999999,0.0,0.035,0.06799999999999999,0.0,0.0
CRI,2015,2.2808304,1.0,0.0,0.06799999999999999,0.0,0.035,0.06799999999999999,0.0,0.0
CRI,2016,2.2808304,1.0,0.0,0.06799999999999999,0.0,0.035,0.06799999999999999,0.0,0.0
CRI,2017,2.2808304,1.0,0.0,0.06799999999999999,0.0,0.035,0.06799999999999999,0.0,0.0
CRI,2018,2.2808304,1.0,0.0,0.06459999999999999,0.0,0.034,0.06459999999999999,0.0,0.0
CRI,2019,2.2808304,1.0,0.0,0.056999999999999995,0.0,0.031,0.056999999999999995,0.0,0.0
CRI,2020,2.2808304,1.0,0.0,0.056999999999999995,0.0,0.031,0.056999999999999995,0.0,0.0
CRI,2021,2.2808304,1.0,0.0,,,,,,
CRI,2022,2.2808304,1.0,0.0,,,,,,
CRI,2023,2.2808304,1.0,0.0,,,,,,
CYP,1970,-1.2538762,0.16243199,0.83756804,,,,,,
CYP,1971,-1.2538762,0.16243199,0.83756804,,,,,,
CYP,1972,-1.2538762,0.16243199,0.83756804,,,,,,
CYP,1973,-1.2538762,0.16243199,0.83756804,,,,,,
CYP,1974,-1.2538762,0.16243199,0.83756804,,,,,,
CYP,1975,-1.2538762,0.16243199,0.83756804,,,,,,
CYP,1976,-1.2538762,0.16243199,0.83756804,,,,,,
CYP,1977,-1.2538762,0.16243199,0.83756804,,,,,,
CYP,1978,-1.2538762,0.16243199,0.83756804,,,,,,
CYP,1979,-1.2538762,0.16243199,0.83756804,,,,,,
CYP,1980,-1.2538762,0.16243199,0.83756804,,,,,,
CYP,1981,-1.2538762,0.16243199,0.83756804,,,,,,
CYP,1982,-1.2538762,0.16243199,0.83756804,,,,,,
CYP,1983,-1.2538762,0.16243199,0.83756804,,,,,,
CYP,1984,-1.2538762,0.16243199,0.83756804,,,,,,
CYP,1985,-1.2538762,0.16243199,0.83756804,,,,,,
CYP,1986,-1.2538762,0.16243199,0.83756804,,,,,,
CYP,1987,-1.2538762,0.16243199,0.83756804,,,,,,
CYP,1988,-1.2538762,0.16243199,0.83756804,,,,,,
CYP,1989,-1.2538762,0.16243199,0.83756804,,,,,,
CYP,1990,-1.2538762,0.16243199,0.83756804,,,,,,
CYP,1991,-1.2538762,0.16243199,0.83756804,,,,,,
CYP,1992,-1.2538762,0.16243199,0.83756804,,,,,,
CYP,1993,-0.17476626,0.41813296,0.58186704,,,,,,
CYP,1994,-0.17476626,0.41813296,0.58186704,,,,,,
CYP,1995,-0.17476626,0.41813296,0.58186704,,,,,,
CYP,1996,-1.2538762,0.16243199,0.83756804,,,,,,
CYP,1997,-1.2538762,0.16243199,0.83756804,,,,,,
CYP,1998,-1.2538762,0.16243199,0.83756804,,,,,,
CYP,1999,-1.2538762,0.16243199,0.83756804,,,,,,
CYP,2000,-1.2538762,0.16243199,0.83756804,,,,,,
CYP,2001,-1.2538762,0.16243199,0.83756804,,,,,,
CYP,2002,-1.2538762,0.16243199,0.83756804,,,,,,
CYP,2003,-0.17476626,0.41813296,0.58186704,,,,,,
CYP,2004,1.2737408,0.76136464,0.23863536,,,,,,
CYP,2005,1.5255132,0.82102346,0.17897654,,,,,,
CYP,2006,1.7772856,0.8806823,0.11931771,,,,,,
CYP,2007,2.029058,0.9403412,0.059658825,,,,,,
CYP,2008,2.2808304,1.0,0.0,,,,,,
CYP,2009,2.2808304,1.0,0.0,,,,,,
CYP,2010,2.2808304,1.0,0.0,,,,,,
CYP,2011,2.2808304,1.0,0.0,,,,,,
CYP,2012,0.949948,0.68464017,0.31535983,,,,,,
CYP,2013,0.69817567,0.62498134,0.37501866,,,,,,
CYP,2014,1.7772856,0.8806823,0.11931771,,,,,,
CYP,2015,1.7772856,0.8806823,0.11931771,,,,,,
CYP,2016,1.7772856,0.8806823,0.11931771,,,,,,
CYP,2017,2.029058,0.9403412,0.059658825,,,,,,
CYP,2018,2.2808304,1.0,0.0,,,,,,
CYP,2019,2.2808304,1.0,0.0,,,,,,
CYP,2020,2.2808304,1.0,0.0,,,,,,
CYP,2021,2.2808304,1.0,0.0,,,,,,
CYP,2022,2.2808304,1.0,0.0,,,,,,
CYP,2023,2.2808304,1.0,0.0,,,,,,
CZE,1970,,,,,,,,,
CZE,1971,,,,,,,,,
CZE,1972,,,,,,,,,
CZE,1973,,,,,,,,,
CZE,1974,,,,,,,,,
CZE,1975,,,,,,,,,
CZE,1976,,,,,,,,,
CZE,1977,,,,,,,,,
CZE,1978,,,,,,,,,
CZE,1979,,,,,,,,,
CZE,1980,,,,,,,,,
CZE,1981,,,,,,,,,
CZE,1982,,,,,,,,,
CZE,1983,,,,,,,,,
CZE,1984,,,,,,,,,
CZE,1985,,,,,,,,,
CZE,1986,,,,,,,,,
CZE,1987,,,,,,,,,
CZE,1988,,,,,,,,,
CZE,1989,,,,,,,,,
CZE,1990,,,,,,,,,
CZE,1991,,,,,,,,,
CZE,1992,,,,,,,,,
CZE,1993,,,,,,,,,
CZE,1994,,,,,,,,,
CZE,1995,,,,,,,,,
CZE,1996,-0.17476626,0.41813296,0.58186704,,,,,,
CZE,1997,-0.17476626,0.41813296,0.58186704,0.1016,0.0,0.046,0.1016,0.0,0.0
CZE,1998,-0.17476626,0.41813296,0.58186704,0.09609999999999999,0.0,0.042166666666666665,0.09609999999999999,0.0,1.0
CZE,1999,-0.17476626,0.41813296,0.58186704,0.0906,0.0,0.03833333333333333,0.0906,0.0,1.0
CZE,2000,0.07700613,0.47779182,0.5222082,0.08510000000000001,0.0,0.0345,0.08510000000000001,0.0,1.0
CZE,2001,1.5255132,0.82102346,0.17897654,0.0796,0.0,0.03066666666666667,0.0796,0.0,1.0
CZE,2002,1.7772856,0.8806823,0.11931771,0.0741,0.0,0.026833333333333334,0.0741,0.0,1.0
CZE,2003,2.029058,0.9403412,0.059658825,0.06860000000000001,0.0,0.023,0.06860000000000001,0.0,0.0
CZE,2004,2.2808304,1.0,0.0,0.06860000000000001,0.0,0.023,0.06860000000000001,0.0,1.0
CZE,2005,2.2808304,1.0,0.0,0.06860000000000001,0.0,0.023,0.06860000000000001,0.0,1.0
CZE,2006,2.2808304,1.0,0.0,0.06860000000000001,0.0,0.023,0.06860000000000001,0.0,0.0
CZE,2007,2.2808304,1.0,0.0,0.055700000000000006,0.0,0.02025,0.055700000000000006,0.0,1.0
CZE,2008,2.2808304,1.0,0.0,0.042800000000000005,0.0,0.0175,0.042800000000000005,0.0,1.0
CZE,2009,2.2808304,1.0,0.0,0.029900000000000003,0.0,0.01475,0.029900000000000003,0.0,1.0
CZE,2010,2.2808304,1.0,0.0,0.016999999999999998,0.0,0.012,0.016999999999999998,0.0,0.0
CZE,2011,2.2808304,1.0,0.0,0.016999999999999998,0.0,0.01,0.016999999999999998,0.0,0.0
CZE,2012,2.2808304,1.0,0.0,0.016999999999999998,0.0,0.01,0.016999999999999998,0.0,0.0
CZE,2013,2.2808304,1.0,0.0,0.016999999999999998,0.0,0.01,0.016999999999999998,0.0,0.0
CZE,2014,2.2808304,1.0,0.0,0.016999999999999998,0.0,0.01,0.016999999999999998,0.0,0.0
CZE,2015,2.2808304,1.0,0.0,0.016999999999999998,0.0,0.01,0.016999999999999998,0.0,0.0
CZE,2016,2.2808304,1.0,0.0,0.016999999999999998,0.0,0.01,0.016999999999999998,0.0,0.0
CZE,2017,2.2808304,1.0,0.0,0.016999999999999998,0.0,0.01,0.016999999999999998,0.0,0.0
CZE,2018,2.2808304,1.0,0.0,0.016999999999999998,0.0,0.01,0.016999999999999998,0.0,0.0
CZE,2019,2.2808304,1.0,0.0,0.016999999999999998,0.0,0.01,0.016999999999999998,0.0,0.0
CZE,2020,2.2808304,1.0,0.0,0.016999999999999998,0.0,0.01,0.016999999999999998,0.0,0.0
CZE,2021,2.2808304,1.0,0.0,,,,,,
CZE,2022,2.2808304,1.0,0.0,,,,,,
CZE,2023,2.2808304,1.0,0.0,,,,,,
DEU,1970,2.2808304,1.0,0.0,,,,,,
DEU,1971,2.2808304,1.0,0.0,,,,,,
DEU,1972,2.2808304,1.0,0.0,,,,,,
DEU,1973,2.2808304,1.0,0.0,,,,,,
DEU,1974,2.2808304,1.0,0.0,,,,,,
DEU,1975,2.2808304,1.0,0.0,,,,,,
DEU,1976,2.2808304,1.0,0.0,,,,,,
DEU,1977,2.2808304,1.0,0.0,,,,,,
DEU,1978,2.2808304,1.0,0.0,,,,,,
DEU,1979,2.2808304,1.0,0.0,,,,,,
DEU,1980,2.2808304,1.0,0.0,,,,,,
DEU,1981,2.2808304,1.0,0.0,,,,,,
DEU,1982,2.2808304,1.0,0.0,,,,,,
DEU,1983,2.2808304,1.0,0.0,,,,,,
DEU,1984,2.2808304,1.0,0.0,,,,,,
DEU,1985,2.2808304,1.0,0.0,,,,,,
DEU,1986,2.2808304,1.0,0.0,,,,,,
DEU,1987,2.2808304,1.0,0.0,,,,,,
DEU,1988,2.2808304,1.0,0.0,,,,,,
DEU,1989,2.2808304,1.0,0.0,,,,,,
DEU,1990,2.2808304,1.0,0.0,,,,,,
DEU,1991,2.2808304,1.0,0.0,,,,,,
DEU,1992,2.2808304,1.0,0.0,,,,,,
DEU,1993,2.2808304,1.0,0.0,,,,,,
DEU,1994,2.2808304,1.0,0.0,,,,,,
DEU,1995,2.2808304,1.0,0.0,,,,,,
DEU,1996,2.2808304,1.0,0.0,,,,,,
DEU,1997,2.2808304,1.0,0.0,0.0674,0.0,0.03,0.0674,0.0,0.0
DEU,1998,2.2808304,1.0,0.0,0.0674,0.0,0.03,0.0674,0.0,1.0
DEU,1999,2.2808304,1.0,0.0,0.0674,0.0,0.03,0.0674,0.0,1.0
DEU,2000,2.2808304,1.0,0.0,0.0674,0.0,0.03,0.0674,0.0,1.0
DEU,2001,2.2808304,1.0,0.0,0.0674,0.0,0.03,0.0674,0.0,1.0
DEU,2002,2.2808304,1.0,0.0,0.0674,0.0,0.03,0.0674,0.0,1.0
DEU,2003,2.2808304,1.0,0.0,0.0674,0.0,0.03,0.0674,0.0,0.0
DEU,2004,2.2808304,1.0,0.0,0.0674,0.0,0.03,0.0674,0.0,1.0
DEU,2005,2.2808304,1.0,0.0,0.0674,0.0,0.03,0.0674,0.0,1.0
DEU,2006,2.2808304,1.0,0.0,0.0674,0.0,0.03,0.0674,0.0,0.0
DEU,2007,2.2808304,1.0,0.0,0.06205,0.0,0.028249999999999997,0.06205,0.0,1.0
DEU,2008,2.2808304,1.0,0.0,0.0567,0.0,0.0265,0.0567,0.0,1.0
DEU,2009,2.2808304,1.0,0.0,0.05135,0.0,0.02475,0.05135,0.0,1.0
DEU,2010,2.2808304,1.0,0.0,0.046,0.0,0.023,0.046,0.0,0.0
DEU,2011,2.2808304,1.0,0.0,0.046,0.0,0.023,0.046,0.0,0.0
DEU,2012,2.2808304,1.0,0.0,0.046,0.0,0.023,0.046,0.0,0.0
DEU,2013,2.2808304,1.0,0.0,0.046,0.0,0.023,0.046,0.0,0.0
DEU,2014,2.2808304,1.0,0.0,0.046,0.0,0.023,0.046,0.0,0.0
DEU,2015,2.2808304,1.0,0.0,0.046,0.0,0.023,0.046,0.0,0.0
DEU,2016,2.2808304,1.0,0.0,0.046,0.0,0.023,0.046,0.0,0.0
DEU,2017,2.2808304,1.0,0.0,0.046,0.0,0.023,0.046,0.0,0.0
DEU,2018,2.2808304,1.0,0.0,0.046,0.0,0.023,0.046,0.0,0.0
DEU,2019,2.2808304,1.0,0.0,0.046,0.0,0.023,0.046,0.0,0.0
DEU,2020,2.2808304,1.0,0.0,0.046,0.0,0.023,0.046,0.0,0.0
DEU,2021,2.2808304,1.0,0.0,,,,,,
DEU,2022,2.2808304,1.0,0.0,,,,,,
DEU,2023,2.2808304,1.0,0.0,,,,,,
DJI,1970,,,,,,,,,
DJI,1971,,,,,,,,,
DJI,1972,,,,,,,,,
DJI,1973,,,,,,,,,
DJI,1974,,,,,,,,,
DJI,1975,,,,,,,,,
DJI,1976,,,,,,,,,
DJI,1977,,,,,,,,,
DJI,1978,,,,,,,,,
DJI,1979,,,,,,,,,
DJI,1980,,,,,,,,,
DJI,1981,,,,,,,,,
DJI,1982,2.2808304,1.0,0.0,,,,,,
DJI,1983,2.2808304,1.0,0.0,,,,,,
DJI,1984,2.2808304,1.0,0.0,,,,,,
DJI,1985,2.2808304,1.0,0.0,,,,,,
DJI,1986,2.2808304,1.0,0.0,,,,,,
DJI,1987,2.2808304,1.0,0.0,,,,,,
DJI,1988,2.2808304,1.0,0.0,,,,,,
DJI,1989,2.2808304,1.0,0.0,,,,,,
DJI,1990,2.2808304,1.0,0.0,,,,,,
DJI,1991,2.2808304,1.0,0.0,,,,,,
DJI,1992,2.2808304,1.0,0.0,,,,,,
DJI,1993,2.2808304,1.0,0.0,,,,,,
DJI,1994,2.2808304,1.0,0.0,,,,,,
DJI,1995,2.2808304,1.0,0.0,,,,,,
DJI,1996,2.2808304,1.0,0.0,,,,,,
DJI,1997,2.2808304,1.0,0.0,,,,,,
DJI,1998,2.2808304,1.0,0.0,,,,,,
DJI,1999,2.2808304,1.0,0.0,,,,,,
DJI,2000,2.2808304,1.0,0.0,,,,,,
DJI,2001,2.2808304,1.0,0.0,,,,,,
DJI,2002,2.2808304,1.0,0.0,,,,,,
DJI,2003,2.2808304,1.0,0.0,,,,,,
DJI,2004,2.2808304,1.0,0.0,,,,,,
DJI,2005,2.2808304,1.0,0.0,,,,,,
DJI,2006,2.2808304,1.0,0.0,,,,,,
DJI,2007,2.2808304,1.0,0.0,,,,,,
DJI,2008,2.2808304,1.0,0.0,,,,,,
DJI,2009,2.029058,0.9403412,0.059658825,,,,,,
DJI,2010,1.7772856,0.8806823,0.11931771,,,,,,
DJI,2011,1.5255132,0.82102346,0.17897654,,,,,,
DJI,2012,1.2737408,0.76136464,0.23863536,,,,,,
DJI,2013,1.0219685,0.7017058,0.2982942,,,,,,
DJI,2014,1.0219685,0.7017058,0.2982942,,,,,,
DJI,2015,1.0219685,0.7017058,0.2982942,,,,,,
DJI,2016,1.0219685,0.7017058,0.2982942,,,,,,
DJI,2017,1.0219685,0.7017058,0.2982942,,,,,,
DJI,2018,1.0219685,0.7017058,0.2982942,,,,,,
DJI,2019,1.0219685,0.7017058,0.2982942,,,,,,
DJI,2020,1.0219685,0.7017058,0.2982942,,,,,,
DJI,2021,1.0219685,0.7017058,0.2982942,,,,,,
DJI,2022,1.0219685,0.7017058,0.2982942,,,,,,
DJI,2023,1.0219685,0.7017058,0.2982942,,,,,,
DMA,1970,,,,,,,,,
DMA,1971,,,,,,,,,
DMA,1972,,,,,,,,,
DMA,1973,,,,,,,,,
DMA,1974,,,,,,,,,
DMA,1975,,,,,,,,,
DMA,1976,,,,,,,,,
DMA,1977,,,,,,,,,
DMA,1978,,,,,,,,,
DMA,1979,,,,,,,,,
DMA,1980,,,,,,,,,
DMA,1981,,,,,,,,,
DMA,1982,-0.17476626,0.41813296,0.58186704,,,,,,
DMA,1983,-0.17476626,0.41813296,0.58186704,,,,,,
DMA,1984,-0.17476626,0.41813296,0.58186704,,,,,,
DMA,1985,-0.17476626,0.41813296,0.58186704,,,,,,
DMA,1986,-0.17476626,0.41813296,0.58186704,,,,,,
DMA,1987,-0.17476626,0.41813296,0.58186704,,,,,,
DMA,1988,-0.17476626,0.41813296,0.58186704,,,,,,
DMA,1989,-0.17476626,0.41813296,0.58186704,,,,,,
DMA,1990,-0.17476626,0.41813296,0.58186704,,,,,,
DMA,1991,-0.17476626,0.41813296,0.58186704,,,,,,
DMA,1992,-0.17476626,0.41813296,0.58186704,,,,,,
DMA,1993,-0.17476626,0.41813296,0.58186704,,,,,,
DMA,1994,-0.17476626,0.41813296,0.58186704,,,,,,
DMA,1995,-0.17476626,0.41813296,0.58186704,,,,,,
DMA,1996,-1.2538762,0.16243199,0.83756804,,,,,,
DMA,1997,-1.2538762,0.16243199,0.83756804,,,,,,
DMA,1998,-0.17476626,0.41813296,0.58186704,,,,,,
DMA,1999,-1.2538762,0.16243199,0.83756804,,,,,,
DMA,2000,-1.2538762,0.16243199,0.83756804,,,,,,
DMA,2001,-1.2538762,0.16243199,0.83756804,,,,,,
DMA,2002,-1.2538762,0.16243199,0.83756804,,,,,,
DMA,2003,-1.2538762,0.16243199,0.83756804,,,,,,
DMA,2004,-1.2538762,0.16243199,0.83756804,,,,,,
DMA,2005,-0.17476626,0.41813296,0.58186704,,,,,,
DMA,2006,-0.17476626,0.41813296,0.58186704,,,,,,
DMA,2007,-0.17476626,0.41813296,0.58186704,,,,,,
DMA,2008,1.0219685,0.7017058,0.2982942,,,,,,
DMA,2009,-0.17476626,0.41813296,0.58186704,,,,,,
DMA,2010,-0.17476626,0.41813296,0.58186704,,,,,,
DMA,2011,-0.17476626,0.41813296,0.58186704,,,,,,
DMA,2012,-0.17476626,0.41813296,0.58186704,,,,,,
DMA,2013,-0.17476626,0.41813296,0.58186704,,,,,,
DMA,2014,-0.17476626,0.41813296,0.58186704,,,,,,
DMA,2015,-0.17476626,0.41813296,0.58186704,,,,,,
DMA,2016,-0.17476626,0.41813296,0.58186704,,,,,,
DMA,2017,-0.17476626,0.41813296,0.58186704,,,,,,
DMA,2018,-0.17476626,0.41813296,0.58186704,,,,,,
DMA,2019,-0.17476626,0.41813296,0.58186704,,,,,,
DMA,2020,-0.17476626,0.41813296,0.58186704,,,,,,
DMA,2021,-0.17476626,0.41813296,0.58186704,,,,,,
DMA,2022,-0.17476626,0.41813296,0.58186704,,,,,,
DMA,2023,-0.17476626,0.41813296,0.58186704,,,,,,
DNK,1970,-0.17476626,0.41813296,0.58186704,,,,,,
DNK,1971,-0.17476626,0.41813296,0.58186704,,,,,,
DNK,1972,-0.17476626,0.41813296,0.58186704,,,,,,
DNK,1973,-0.17476626,0.41813296,0.58186704,,,,,,
DNK,1974,-0.17476626,0.41813296,0.58186704,,,,,,
DNK,1975,-0.17476626,0.41813296,0.58186704,,,,,,
DNK,1976,-0.17476626,0.41813296,0.58186704,,,,,,
DNK,1977,-0.17476626,0.41813296,0.58186704,,,,,,
DNK,1978,-0.17476626,0.41813296,0.58186704,,,,,,
DNK,1979,-0.17476626,0.41813296,0.58186704,,,,,,
DNK,1980,-0.17476626,0.41813296,0.58186704,,,,,,
DNK,1981,-0.17476626,0.41813296,0.58186704,,,,,,
DNK,1982,-0.17476626,0.41813296,0.58186704,,,,,,
DNK,1983,-0.17476626,0.41813296,0.58186704,,,,,,
DNK,1984,-0.17476626,0.41813296,0.58186704,,,,,,
DNK,1985,-0.17476626,0.41813296,0.58186704,,,,,,
DNK,1986,-0.17476626,0.41813296,0.58186704,,,,,,
DNK,1987,-0.17476626,0.41813296,0.58186704,,,,,,
DNK,1988,1.2737408,0.76136464,0.23863536,,,,,,
DNK,1989,1.5255132,0.82102346,0.17897654,,,,,,
DNK,1990,1.7772856,0.8806823,0.11931771,,,,,,
DNK,1991,2.029058,0.9403412,0.059658825,,,,,,
DNK,1992,2.2808304,1.0,0.0,,,,,,
DNK,1993,2.2808304,1.0,0.0,,,,,,
DNK,1994,2.2808304,1.0,0.0,,,,,,
DNK,1995,2.2808304,1.0,0.0,,,,,,
DNK,1996,2.2808304,1.0,0.0,,,,,,
DNK,1997,2.2808304,1.0,0.0,0.034999999999999996,0.0,0.038,0.034999999999999996,0.0,0.0
DNK,1998,2.2808304,1.0,0.0,0.034999999999999996,0.0,0.038,0.034999999999999996,0.0,1.0
DNK,1999,2.2808304,1.0,0.0,0.034999999999999996,0.0,0.038,0.034999999999999996,0.0,1.0
DNK,2000,2.2808304,1.0,0.0,0.034999999999999996,0.0,0.038,0.034999999999999996,0.0,1.0
DNK,2001,2.2808304,1.0,0.0,0.034999999999999996,0.0,0.038,0.034999999999999996,0.0,1.0
DNK,2002,2.2808304,1.0,0.0,0.034999999999999996,0.0,0.038,0.034999999999999996,0.0,1.0
DNK,2003,2.2808304,1.0,0.0,0.034999999999999996,0.0,0.038,0.034999999999999996,0.0,0.0
DNK,2004,2.2808304,1.0,0.0,0.034999999999999996,0.0,0.038,0.034999999999999996,0.0,1.0
DNK,2005,2.2808304,1.0,0.0,0.034999999999999996,0.0,0.038,0.034999999999999996,0.0,1.0
DNK,2006,2.2808304,1.0,0.0,0.034999999999999996,0.0,0.038,0.034999999999999996,0.0,0.0
DNK,2007,2.2808304,1.0,0.0,0.0305,0.0,0.03675,0.0305,0.0,1.0
DNK,2008,2.2808304,1.0,0.0,0.026,0.0,0.035500000000000004,0.026,0.0,1.0
DNK,2009,2.2808304,1.0,0.0,0.0215,0.0,0.03425,0.0215,0.0,1.0
DNK,2010,2.2808304,1.0,0.0,0.017,0.0,0.033,0.017,0.0,0.0
DNK,2011,2.2808304,1.0,0.0,0.017,0.0,0.033,0.017,0.0,0.0
DNK,2012,2.2808304,1.0,0.0,0.017,0.0,0.033,0.017,0.0,0.0
DNK,2013,2.2808304,1.0,0.0,0.017,0.0,0.033,0.017,0.0,0.0
DNK,2014,2.2808304,1.0,0.0,0.017,0.0,0.033,0.017,0.0,0.0
DNK,2015,2.2808304,1.0,0.0,0.017,0.0,0.033,0.017,0.0,0.0
DNK,2016,2.2808304,1.0,0.0,0.017,0.0,0.033,0.017,0.0,0.0
DNK,2017,2.2808304,1.0,0.0,0.017,0.0,0.033,0.017,0.0,0.0
DNK,2018,2.2808304,1.0,0.0,0.017,0.0,0.033,0.017,0.0,0.0
DNK,2019,2.2808304,1.0,0.0,0.017,0.0,0.033,0.017,0.0,0.0
DNK,2020,2.2808304,1.0,0.0,0.017,0.0,0.033,0.017,0.0,0.0
DNK,2021,2.2808304,1.0,0.0,,,,,,
DNK,2022,2.2808304,1.0,0.0,,,,,,
DNK,2023,2.2808304,1.0,0.0,,,,,,
DOM,1970,-1.2538762,0.16243199,0.83756804,,,,,,
DOM,1971,-1.2538762,0.16243199,0.83756804,,,,,,
DOM,1972,-1.2538762,0.16243199,0.83756804,,,,,,
DOM,1973,-1.2538762,0.16243199,0.83756804,,,,,,
DOM,1974,-1.2538762,0.16243199,0.83756804,,,,,,
DOM,1975,-1.2538762,0.16243199,0.83756804,,,,,,
DOM,1976,-1.9393721,0.0,1.0,,,,,,
DOM,1977,-1.9393721,0.0,1.0,,,,,,
DOM,1978,-1.9393721,0.0,1.0,,,,,,
DOM,1979,-1.9393721,0.0,1.0,,,,,,
DOM,1980,-1.9393721,0.0,1.0,,,,,,
DOM,1981,-1.9393721,0.0,1.0,,,,,,
DOM,1982,-1.9393721,0.0,1.0,,,,,,
DOM,1983,-1.9393721,0.0,1.0,,,,,,
DOM,1984,-1.9393721,0.0,1.0,,,,,,
DOM,1985,-1.9393721,0.0,1.0,,,,,,
DOM,1986,-1.9393721,0.0,1.0,,,,,,
DOM,1987,-1.9393721,0.0,1.0,,,,,,
DOM,1988,-1.9393721,0.0,1.0,,,,,,
DOM,1989,-1.9393721,0.0,1.0,,,,,,
DOM,1990,-1.9393721,0.0,1.0,,,,,,
DOM,1991,-1.2538762,0.16243199,0.83756804,,,,,,
DOM,1992,-1.2538762,0.16243199,0.83756804,,,,,,
DOM,1993,-1.2538762,0.16243199,0.83756804,,,,,,
DOM,1994,-1.2538762,0.16243199,0.83756804,,,,,,
DOM,1995,-0.17476626,0.41813296,0.58186704,,,,,,
DOM,1996,-1.6875997,0.059658844,0.9403412,,,,,,
DOM,1997,-1.6875997,0.059658844,0.9403412,,,,,,
DOM,1998,-1.4358273,0.11931769,0.8806823,,,,,,
DOM,1999,-1.4358273,0.11931769,0.8806823,,,,,,
DOM,2000,-1.4358273,0.11931769,0.8806823,,,,,,
DOM,2001,-1.6875997,0.059658844,0.9403412,,,,,,
DOM,2002,-1.6875997,0.059658844,0.9403412,,,,,,
DOM,2003,-0.05714153,0.4460048,0.5539952,,,,,,
DOM,2004,-0.05714153,0.4460048,0.5539952,,,,,,
DOM,2005,1.0219685,0.7017058,0.2982942,,,,,,
DOM,2006,1.2737408,0.76136464,0.23863536,,,,,,
DOM,2007,1.5255132,0.82102346,0.17897654,,,,,,
DOM,2008,1.7772856,0.8806823,0.11931771,,,,,,
DOM,2009,1.7772856,0.8806823,0.11931771,,,,,,
DOM,2010,2.029058,0.9403412,0.059658825,,,,,,
DOM,2011,2.029058,0.9403412,0.059658825,,,,,,
DOM,2012,1.7772856,0.8806823,0.11931771,,,,,,
DOM,2013,1.5255132,0.82102346,0.17897654,,,,,,
DOM,2014,1.5255132,0.82102346,0.17897654,,,,,,
DOM,2015,1.2737408,0.76136464,0.23863536,,,,,,
DOM,2016,1.0219685,0.7017058,0.2982942,,,,,,
DOM,2017,1.2737408,0.76136464,0.23863536,,,,,,
DOM,2018,1.5255132,0.82102346,0.17897654,,,,,,
DOM,2019,1.5255132,0.82102346,0.17897654,,,,,,
DOM,2020,1.5255132,0.82102346,0.17897654,,,,,,
DOM,2021,1.5255132,0.82102346,0.17897654,,,,,,
DOM,2022,1.2737408,0.76136464,0.23863536,,,,,,
DOM,2023,1.0219685,0.7017058,0.2982942,,,,,,
DZA,1970,-1.9393721,0.0,1.0,,,,,,
DZA,1971,-1.2538762,0.16243199,0.83756804,,,,,,
DZA,1972,-1.9393721,0.0,1.0,,,,,,
DZA,1973,-1.9393721,0.0,1.0,,,,,,
DZA,1974,-1.9393721,0.0,1.0,,,,,,
DZA,1975,-1.9393721,0.0,1.0,,,,,,
DZA,1976,-1.9393721,0.0,1.0,,,,,,
DZA,1977,-1.9393721,0.0,1.0,,,,,,
DZA,1978,-1.9393721,0.0,1.0,,,,,,
DZA,1979,-1.9393721,0.0,1.0,,,,,,
DZA,1980,-1.9393721,0.0,1.0,,,,,,
DZA,1981,-1.9393721,0.0,1.0,,,,,,
DZA,1982,-1.9393721,0.0,1.0,,,,,,
DZA,1983,-1.9393721,0.0,1.0,,,,,,
DZA,1984,-1.9393721,0.0,1.0,,,,,,
DZA,1985,-1.9393721,0.0,1.0,,,,,,
DZA,1986,-1.9393721,0.0,1.0,,,,,,
DZA,1987,-1.9393721,0.0,1.0,,,,,,
DZA,1988,-1.2538762,0.16243199,0.83756804,,,,,,
DZA,1989,-1.2538762,0.16243199,0.83756804,,,,,,
DZA,1990,-1.2538762,0.16243199,0.83756804,,,,,,
DZA,1991,-1.2538762,0.16243199,0.83756804,,,,,,
DZA,1992,-1.2538762,0.16243199,0.83756804,,,,,,
DZA,1993,-1.2538762,0.16243199,0.83756804,,,,,,
DZA,1994,-1.2538762,0.16243199,0.83756804,,,,,,
DZA,1995,-1.2538762,0.16243199,0.83756804,,,,,,
DZA,1996,-1.2538762,0.16243199,0.83756804,,,,,,
DZA,1997,-1.2538762,0.16243199,0.83756804,,,,,,1.0
DZA,1998,-1.2538762,0.16243199,0.83756804,,,,,,1.0
DZA,1999,-1.2538762,0.16243199,0.83756804,,,,,,1.0
DZA,2000,-1.2538762,0.16243199,0.83756804,,,,,,1.0
DZA,2001,-1.2538762,0.16243199,0.83756804,,,,,,1.0
DZA,2002,-1.2538762,0.16243199,0.83756804,,,,,,1.0
DZA,2003,-1.2538762,0.16243199,0.83756804,,,,,,1.0
DZA,2004,-1.2538762,0.16243199,0.83756804,,,,,,1.0
DZA,2005,-1.2538762,0.16243199,0.83756804,,,,,,1.0
DZA,2006,-1.2538762,0.16243199,0.83756804,,,,,,1.0
DZA,2007,-1.2538762,0.16243199,0.83756804,,,,,,1.0
DZA,2008,-1.2538762,0.16243199,0.83756804,,,,,,1.0
DZA,2009,-1.2538762,0.16243199,0.83756804,,,,,,1.0
DZA,2010,-1.2538762,0.16243199,0.83756804,,,,,,1.0
DZA,2011,-1.2538762,0.16243199,0.83756804,,,,,,1.0
DZA,2012,-1.2538762,0.16243199,0.83756804,,,,,,1.0
DZA,2013,-1.2538762,0.16243199,0.83756804,,,,,,1.0
DZA,2014,-1.2538762,0.16243199,0.83756804,,,,,,1.0
DZA,2015,-1.2538762,0.16243199,0.83756804,,,,,,1.0
DZA,2016,-1.2538762,0.16243199,0.83756804,,,,,,1.0
DZA,2017,-1.2538762,0.16243199,0.83756804,,,,,,1.0
DZA,2018,-1.2538762,0.16243199,0.83756804,,,,,,1.0
DZA,2019,-1.2538762,0.16243199,0.83756804,0.6484,0.55,0.587,0.09839999999999993,0.0,0.0
DZA,2020,-1.2538762,0.16243199,0.83756804,0.44320000000000004,0.097,0.268,0.34620000000000006,0.038,0.0
DZA,2021,-1.2538762,0.16243199,0.83756804,,,,,,
DZA,2022,-1.2538762,0.16243199,0.83756804,,,,,,
DZA,2023,-1.2538762,0.16243199,0.83756804,,,,,,
ECU,1970,0.8323233,0.6567683,0.34323168,,,,,,
ECU,1971,0.14682749,0.49433637,0.50566363,,,,,,
ECU,1972,0.14682749,0.49433637,0.50566363,,,,,,
ECU,1973,0.8323233,0.6567683,0.34323168,,,,,,
ECU,1974,0.14682749,0.49433637,0.50566363,,,,,,
ECU,1975,0.39859986,0.5539952,0.4460048,,,,,,
ECU,1976,0.39859986,0.5539952,0.4460048,,,,,,
ECU,1977,0.39859986,0.5539952,0.4460048,,,,,,
ECU,1978,0.39859986,0.5539952,0.4460048,,,,,,
ECU,1979,0.39859986,0.5539952,0.4460048,,,,,,
ECU,1980,0.39859986,0.5539952,0.4460048,,,,,,
ECU,1981,0.39859986,0.5539952,0.4460048,,,,,,
ECU,1982,-0.6805101,0.29829422,0.7017058,,,,,,
ECU,1983,-0.6805101,0.29829422,0.7017058,,,,,,
ECU,1984,-0.6805101,0.29829422,0.7017058,,,,,,
ECU,1985,-0.6805101,0.29829422,0.7017058,,,,,,
ECU,1986,-0.93228245,0.23863538,0.76136464,,,,,,
ECU,1987,-1.1840549,0.17897654,0.82102346,,,,,,
ECU,1988,-1.1840549,0.17897654,0.82102346,,,,,,
ECU,1989,-1.1840549,0.17897654,0.82102346,,,,,,
ECU,1990,-1.1840549,0.17897654,0.82102346,,,,,,
ECU,1991,-0.93228245,0.23863538,0.76136464,,,,,,
ECU,1992,-0.6805101,0.29829422,0.7017058,,,,,,
ECU,1993,0.14682749,0.49433637,0.50566363,,,,,,
ECU,1994,-0.10494488,0.43467754,0.56532246,,,,,,
ECU,1995,-0.10494488,0.43467754,0.56532246,,,,,,
ECU,1996,-0.3567173,0.3750187,0.6249813,,,,,,
ECU,1997,-0.6084897,0.31535983,0.68464017,,,,,,
ECU,1998,0.07700613,0.47779182,0.5222082,,,,,,
ECU,1999,0.07700613,0.47779182,0.5222082,,,,,,
ECU,2000,-0.17476626,0.41813296,0.58186704,,,,,,
ECU,2001,-0.17476626,0.41813296,0.58186704,,,,,,
ECU,2002,-0.17476626,0.41813296,0.58186704,,,,,,
ECU,2003,0.07700613,0.47779182,0.5222082,,,,,,
ECU,2004,1.5255132,0.82102346,0.17897654,,,,,,
ECU,2005,1.7772856,0.8806823,0.11931771,,,,,,
ECU,2006,2.029058,0.9403412,0.059658825,,,,,,
ECU,2007,2.2808304,1.0,0.0,,,,,,
ECU,2008,2.2808304,1.0,0.0,,,,,,
ECU,2009,2.029058,0.9403412,0.059658825,,,,,,
ECU,2010,1.7772856,0.8806823,0.11931771,,,,,,
ECU,2011,0.44640324,0.56532246,0.43467754,,,,,,
ECU,2012,0.19463086,0.50566363,0.49433637,,,,,,
ECU,2013,-0.05714153,0.4460048,0.5539952,,,,,,
ECU,2014,-0.05714153,0.4460048,0.5539952,,,,,,
ECU,2015,1.0219685,0.7017058,0.2982942,,,,,,
ECU,2016,1.0219685,0.7017058,0.2982942,,,,,,
ECU,2017,1.0219685,0.7017058,0.2982942,,,,,,
ECU,2018,1.0219685,0.7017058,0.2982942,,,,,,
ECU,2019,1.0219685,0.7017058,0.2982942,,,,,,
ECU,2020,1.0219685,0.7017058,0.2982942,,,,,,
ECU,2021,1.0219685,0.7017058,0.2982942,,,,,,
ECU,2022,1.0219685,0.7017058,0.2982942,,,,,,
ECU,2023,1.0219685,0.7017058,0.2982942,,,,,,
EGY,1970,-1.9393721,0.0,1.0,,,,,,
EGY,1971,-1.9393721,0.0,1.0,,,,,,
EGY,1972,-1.9393721,0.0,1.0,,,,,,
EGY,1973,-1.9393721,0.0,1.0,,,,,,
EGY,1974,-1.9393721,0.0,1.0,,,,,,
EGY,1975,-1.9393721,0.0,1.0,,,,,,
EGY,1976,-1.9393721,0.0,1.0,,,,,,
EGY,1977,-1.9393721,0.0,1.0,,,,,,
EGY,1978,-1.9393721,0.0,1.0,,,,,,
EGY,1979,-1.9393721,0.0,1.0,,,,,,
EGY,1980,-1.9393721,0.0,1.0,,,,,,
EGY,1981,-1.9393721,0.0,1.0,,,,,,
EGY,1982,-1.9393721,0.0,1.0,,,,,,
EGY,1983,-1.9393721,0.0,1.0,,,,,,
EGY,1984,-1.9393721,0.0,1.0,,,,,,
EGY,1985,-1.9393721,0.0,1.0,,,,,,
EGY,1986,-1.9393721,0.0,1.0,,,,,,
EGY,1987,-1.9393721,0.0,1.0,,,,,,
EGY,1988,-1.9393721,0.0,1.0,,,,,,
EGY,1989,-1.9393721,0.0,1.0,,,,,,
EGY,1990,-1.9393721,0.0,1.0,,,,,,
EGY,1991,-1.9393721,0.0,1.0,,,,,,
EGY,1992,-1.9393721,0.0,1.0,,,,,,
EGY,1993,-1.9393721,0.0,1.0,,,,,,
EGY,1994,-0.74263734,0.28357282,0.7164272,,,,,,
EGY,1995,-0.74263734,0.28357282,0.7164272,,,,,,
EGY,1996,0.58824503,0.5989327,0.40106732,,,,,,
EGY,1997,0.8400174,0.6585915,0.3414085,0.1026,0.015,0.184,0.0876,0.0,0.0
EGY,1998,1.0917898,0.71825033,0.28174967,0.0998,0.015,0.18216666666666667,0.0848,0.0,1.0
EGY,1999,1.3435621,0.77790916,0.22209084,0.097,0.015,0.18033333333333332,0.082,0.0,1.0
EGY,2000,1.5953345,0.83756804,0.16243196,0.0942,0.015,0.1785,0.07919999999999999,0.0,1.0
EGY,2001,2.2808304,1.0,0.0,0.0914,0.015,0.17666666666666667,0.0764,0.0,1.0
EGY,2002,2.2808304,1.0,0.0,0.0886,0.015,0.1748333333333333,0.0736,0.0,1.0
EGY,2003,1.0840957,0.7164272,0.2835728,0.0858,0.015,0.173,0.0708,0.0,0.0
EGY,2004,2.2808304,1.0,0.0,0.07806666666666667,0.011666666666666667,0.157,0.06640000000000001,0.0,1.0
EGY,2005,2.2808304,1.0,0.0,0.07033333333333334,0.008333333333333335,0.141,0.06200000000000001,0.0,1.0
EGY,2006,2.2808304,1.0,0.0,0.06260000000000002,0.005,0.125,0.05760000000000002,0.0,0.0
EGY,2007,2.2808304,1.0,0.0,0.06260000000000002,0.005,0.12525,0.05760000000000002,0.0,1.0
EGY,2008,2.2808304,1.0,0.0,0.06260000000000002,0.005,0.1255,0.05760000000000002,0.0,1.0
EGY,2009,2.029058,0.9403412,0.059658825,0.06260000000000002,0.005,0.12575,0.05760000000000002,0.0,1.0
EGY,2010,1.7772856,0.8806823,0.11931771,0.06260000000000002,0.005,0.126,0.05760000000000002,0.0,0.0
EGY,2011,1.5255132,0.82102346,0.17897654,0.06260000000000002,0.005,0.126,0.05760000000000002,0.0,0.0
EGY,2012,0.19463086,0.50566363,0.49433637,0.06260000000000002,0.005,0.126,0.05760000000000002,0.0,0.0
EGY,2013,-1.2538762,0.16243199,0.83756804,0.06260000000000002,0.005,0.126,0.05760000000000002,0.0,0.0
EGY,2014,-1.2538762,0.16243199,0.83756804,0.06260000000000002,0.005,0.126,0.05760000000000002,0.0,0.0
EGY,2015,-1.2538762,0.16243199,0.83756804,0.06260000000000002,0.005,0.126,0.05760000000000002,0.0,0.0
EGY,2016,-1.2538762,0.16243199,0.83756804,0.06260000000000002,0.005,0.126,0.05760000000000002,0.0,0.0
EGY,2017,-0.17476626,0.41813296,0.58186704,0.06260000000000002,0.005,0.094,0.05760000000000002,0.0,0.0
EGY,2018,-0.17476626,0.41813296,0.58186704,0.06260000000000002,0.005,0.094,0.05760000000000002,0.0,0.0
EGY,2019,-0.17476626,0.41813296,0.58186704,0.06260000000000002,0.005,0.094,0.05760000000000002,0.0,0.0
EGY,2020,-0.17476626,0.41813296,0.58186704,0.16260000000000002,0.005,0.117,0.15760000000000002,0.0,0.0
EGY,2021,-0.17476626,0.41813296,0.58186704,,,,,,
EGY,2022,-0.17476626,0.41813296,0.58186704,,,,,,
EGY,2023,-0.17476626,0.41813296,0.58186704,,,,,,
ERI,1970,,,,,,,,,
ERI,1971,,,,,,,,,
ERI,1972,,,,,,,,,
ERI,1973,,,,,,,,,
ERI,1974,,,,,,,,,
ERI,1975,,,,,,,,,
ERI,1976,,,,,,,,,
ERI,1977,,,,,,,,,
ERI,1978,,,,,,,,,
ERI,1979,,,,,,,,,
ERI,1980,,,,,,,,,
ERI,1981,,,,,,,,,
ERI,1982,,,,,,,,,
ERI,1983,,,,,,,,,
ERI,1984,,,,,,,,,
ERI,1985,,,,,,,,,
ERI,1986,,,,,,,,,
ERI,1987,,,,,,,,,
ERI,1988,,,,,,,,,
ERI,1989,,,,,,,,,
ERI,1990,,,,,,,,,
ERI,1991,,,,,,,,,
ERI,1992,,,,,,,,,
ERI,1993,,,,,,,,,
ERI,1994,,,,,,,,,
ERI,1995,,,,,,,,,
ERI,1996,,,,,,,,,
ERI,1997,,,,,,,,,
ERI,1998,-1.2538762,0.16243199,0.83756804,,,,,,
ERI,1999,-0.17476626,0.41813296,0.58186704,,,,,,
ERI,2000,-0.17476626,0.41813296,0.58186704,,,,,,
ERI,2001,-1.2538762,0.16243199,0.83756804,,,,,,
ERI,2002,-1.2538762,0.16243199,0.83756804,,,,,,
ERI,2003,-1.9393721,0.0,1.0,,,,,,
ERI,2004,-1.2538762,0.16243199,0.83756804,,,,,,
ERI,2005,-1.2538762,0.16243199,0.83756804,,,,,,
ERI,2006,-1.2538762,0.16243199,0.83756804,,,,,,
ERI,2007,-1.9393721,0.0,1.0,,,,,,
ERI,2008,-1.9393721,0.0,1.0,,,,,,
ERI,2009,-1.2538762,0.16243199,0.83756804,,,,,,
ERI,2010,-1.9393721,0.0,1.0,,,,,,
ERI,2011,-1.9393721,0.0,1.0,,,,,,
ERI,2012,-1.9393721,0.0,1.0,,,,,,
ERI,2013,-1.9393721,0.0,1.0,,,,,,
ERI,2014,-1.9393721,0.0,1.0,,,,,,
ERI,2015,-1.9393721,0.0,1.0,,,,,,
ERI,2016,-1.9393721,0.0,1.0,,,,,,
ERI,2017,-1.9393721,0.0,1.0,,,,,,
ERI,2018,-1.9393721,0.0,1.0,,,,,,
ERI,2019,-1.9393721,0.0,1.0,,,,,,
ERI,2020,-1.9393721,0.0,1.0,,,,,,
ERI,2021,-1.9393721,0.0,1.0,,,,,,
ERI,2022,-1.9393721,0.0,1.0,,,,,,
ERI,2023,-1.9393721,0.0,1.0,,,,,,
ESP,1970,-1.2538762,0.16243199,0.83756804,,,,,,
ESP,1971,-0.17476626,0.41813296,0.58186704,,,,,,
ESP,1972,-0.17476626,0.41813296,0.58186704,,,,,,
ESP,1973,-0.17476626,0.41813296,0.58186704,,,,,,
ESP,1974,-1.2538762,0.16243199,0.83756804,,,,,,
ESP,1975,-1.2538762,0.16243199,0.83756804,,,,,,
ESP,1976,-1.2538762,0.16243199,0.83756804,,,,,,
ESP,1977,-0.17476626,0.41813296,0.58186704,,,,,,
ESP,1978,-0.17476626,0.41813296,0.58186704,,,,,,
ESP,1979,-0.17476626,0.41813296,0.58186704,,,,,,
ESP,1980,-0.17476626,0.41813296,0.58186704,,,,,,
ESP,1981,-0.17476626,0.41813296,0.58186704,,,,,,
ESP,1982,-0.17476626,0.41813296,0.58186704,,,,,,
ESP,1983,-0.17476626,0.41813296,0.58186704,,,,,,
ESP,1984,-0.17476626,0.41813296,0.58186704,,,,,,
ESP,1985,-0.17476626,0.41813296,0.58186704,,,,,,
ESP,1986,-0.17476626,0.41813296,0.58186704,,,,,,
ESP,1987,-0.17476626,0.41813296,0.58186704,,,,,,
ESP,1988,-0.17476626,0.41813296,0.58186704,,,,,,
ESP,1989,-0.17476626,0.41813296,0.58186704,,,,,,
ESP,1990,-0.17476626,0.41813296,0.58186704,,,,,,
ESP,1991,-0.17476626,0.41813296,0.58186704,,,,,,
ESP,1992,-0.17476626,0.41813296,0.58186704,,,,,,
ESP,1993,1.0219685,0.7017058,0.2982942,,,,,,
ESP,1994,1.2737408,0.76136464,0.23863536,,,,,,
ESP,1995,1.5255132,0.82102346,0.17897654,,,,,,
ESP,1996,1.7772856,0.8806823,0.11931771,,,,,,
ESP,1997,2.029058,0.9403412,0.059658825,0.10700000000000001,0.0,0.036,0.10700000000000001,0.0,0.0
ESP,1998,2.2808304,1.0,0.0,0.10700000000000001,0.0,0.036,0.10700000000000001,0.0,1.0
ESP,1999,2.2808304,1.0,0.0,0.10700000000000001,0.0,0.036,0.10700000000000001,0.0,1.0
ESP,2000,2.2808304,1.0,0.0,0.10700000000000001,0.0,0.036,0.10700000000000001,0.0,1.0
ESP,2001,2.2808304,1.0,0.0,0.10700000000000001,0.0,0.036,0.10700000000000001,0.0,1.0
ESP,2002,2.2808304,1.0,0.0,0.10700000000000001,0.0,0.036,0.10700000000000001,0.0,1.0
ESP,2003,2.2808304,1.0,0.0,0.10700000000000001,0.0,0.036,0.10700000000000001,0.0,0.0
ESP,2004,2.2808304,1.0,0.0,0.10700000000000001,0.0,0.036,0.10700000000000001,0.0,1.0
ESP,2005,2.2808304,1.0,0.0,0.10700000000000001,0.0,0.036,0.10700000000000001,0.0,1.0
ESP,2006,2.2808304,1.0,0.0,0.10700000000000001,0.0,0.036,0.10700000000000001,0.0,0.0
ESP,2007,2.2808304,1.0,0.0,0.09535,0.0,0.03225,0.09535,0.0,1.0
ESP,2008,2.2808304,1.0,0.0,0.0837,0.0,0.028499999999999998,0.0837,0.0,1.0
ESP,2009,2.2808304,1.0,0.0,0.07205,0.0,0.02475,0.07205,0.0,1.0
ESP,2010,2.2808304,1.0,0.0,0.060399999999999995,0.0,0.021,0.060399999999999995,0.0,0.0
ESP,2011,2.2808304,1.0,0.0,0.060399999999999995,0.0,0.021,0.060399999999999995,0.0,0.0
ESP,2012,2.2808304,1.0,0.0,0.060399999999999995,0.0,0.021,0.060399999999999995,0.0,0.0
ESP,2013,2.2808304,1.0,0.0,0.060399999999999995,0.0,0.021,0.060399999999999995,0.0,0.0
ESP,2014,2.2808304,1.0,0.0,0.060399999999999995,0.0,0.021,0.060399999999999995,0.0,0.0
ESP,2015,2.2808304,1.0,0.0,0.060399999999999995,0.0,0.021,0.060399999999999995,0.0,0.0
ESP,2016,2.2808304,1.0,0.0,0.060399999999999995,0.0,0.021,0.060399999999999995,0.0,0.0
ESP,2017,2.2808304,1.0,0.0,0.060399999999999995,0.0,0.021,0.060399999999999995,0.0,0.0
ESP,2018,2.2808304,1.0,0.0,0.060399999999999995,0.0,0.021,0.060399999999999995,0.0,0.0
ESP,2019,2.2808304,1.0,0.0,0.060399999999999995,0.0,0.021,0.060399999999999995,0.0,0.0
ESP,2020,2.2808304,1.0,0.0,0.060399999999999995,0.0,0.021,0.060399999999999995,0.0,0.0
ESP,2021,2.2808304,1.0,0.0,,,,,,
ESP,2022,2.2808304,1.0,0.0,,,,,,
ESP,2023,2.2808304,1.0,0.0,,,,,,
EST,1970,,,,,,,,,
EST,1971,,,,,,,,,
EST,1972,,,,,,,,,
EST,1973,,,,,,,,,
EST,1974,,,,,,,,,
EST,1975,,,,,,,,,
EST,1976,,,,,,,,,
EST,1977,,,,,,,,,
EST,1978,,,,,,,,,
EST,1979,,,,,,,,,
EST,1980,,,,,,,,,
EST,1981,,,,,,,,,
EST,1982,,,,,,,,,
EST,1983,,,,,,,,,
EST,1984,,,,,,,,,
EST,1985,,,,,,,,,
EST,1986,,,,,,,,,
EST,1987,,,,,,,,,
EST,1988,,,,,,,,,
EST,1989,,,,,,,,,
EST,1990,,,,,,,,,
EST,1991,,,,,,,,,
EST,1992,,,,,,,,,
EST,1993,,,,,,,,,
EST,1994,,,,,,,,,
EST,1995,,,,,,,,,
EST,1996,1.7772856,0.8806823,0.11931771,,,,,,
EST,1997,2.029058,0.9403412,0.059658825,0.137,0.0,0.076,0.137,0.036,0.0
EST,1998,2.2808304,1.0,0.0,0.12393333333333334,0.0,0.06983333333333333,0.12393333333333334,0.03,1.0
EST,1999,2.2808304,1.0,0.0,0.11086666666666668,0.0,0.06366666666666666,0.11086666666666668,0.024,1.0
EST,2000,2.2808304,1.0,0.0,0.09780000000000001,0.0,0.057499999999999996,0.09780000000000001,0.018,1.0
EST,2001,2.2808304,1.0,0.0,0.08473333333333335,0.0,0.05133333333333333,0.08473333333333335,0.012,1.0
EST,2002,2.2808304,1.0,0.0,0.07166666666666668,0.0,0.04516666666666666,0.07166666666666668,0.006000000000000002,1.0
EST,2003,2.2808304,1.0,0.0,0.058600000000000006,0.0,0.039,0.058600000000000006,0.0,0.0
EST,2004,2.2808304,1.0,0.0,0.05246666666666667,0.0,0.03766666666666667,0.05246666666666667,0.0,1.0
EST,2005,2.2808304,1.0,0.0,0.04633333333333334,0.0,0.036333333333333336,0.04633333333333334,0.0,1.0
EST,2006,2.2808304,1.0,0.0,0.0402,0.0,0.035,0.0402,0.0,0.0
EST,2007,2.2808304,1.0,0.0,0.03775,0.0,0.034,0.03775,0.0,1.0
EST,2008,2.2808304,1.0,0.0,0.0353,0.0,0.033,0.0353,0.0,1.0
EST,2009,2.2808304,1.0,0.0,0.03285,0.0,0.032,0.03285,0.0,1.0
EST,2010,2.2808304,1.0,0.0,0.0304,0.0,0.031,0.0304,0.0,0.0
EST,2011,2.2808304,1.0,0.0,0.0304,0.0,0.018,0.0304,0.0,0.0
EST,2012,2.2808304,1.0,0.0,0.0304,0.0,0.018,0.0304,0.0,0.0
EST,2013,2.2808304,1.0,0.0,0.0304,0.0,0.018,0.0304,0.0,0.0
EST,2014,2.2808304,1.0,0.0,0.0304,0.0,0.018,0.0304,0.0,0.0
EST,2015,2.2808304,1.0,0.0,0.0304,0.0,0.018,0.0304,0.0,0.0
EST,2016,2.2808304,1.0,0.0,0.0304,0.0,0.018,0.0304,0.0,0.0
EST,2017,2.2808304,1.0,0.0,0.0304,0.0,0.018,0.0304,0.0,0.0
EST,2018,2.2808304,1.0,0.0,0.0304,0.0,0.018,0.0304,0.0,0.0
EST,2019,2.2808304,1.0,0.0,0.0304,0.0,0.018,0.0304,0.0,0.0
EST,2020,2.2808304,1.0,0.0,0.0304,0.0,0.018,0.0304,0.0,0.0
EST,2021,2.2808304,1.0,0.0,,,,,,
EST,2022,2.2808304,1.0,0.0,,,,,,
EST,2023,2.2808304,1.0,0.0,,,,,,
ETH,1970,-1.2538762,0.16243199,0.83756804,,,,,,
ETH,1971,-1.2538762,0.16243199,0.83756804,,,,,,
ETH,1972,-1.2538762,0.16243199,0.83756804,,,,,,
ETH,1973,-1.2538762,0.16243199,0.83756804,,,,,,
ETH,1974,-1.2538762,0.16243199,0.83756804,,,,,,
ETH,1975,-1.2538762,0.16243199,0.83756804,,,,,,
ETH,1976,-1.2538762,0.16243199,0.83756804,,,,,,
ETH,1977,-1.2538762,0.16243199,0.83756804,,,,,,
ETH,1978,-1.2538762,0.16243199,0.83756804,,,,,,
ETH,1979,-1.2538762,0.16243199,0.83756804,,,,,,
ETH,1980,-1.2538762,0.16243199,0.83756804,,,,,,
ETH,1981,-1.2538762,0.16243199,0.83756804,,,,,,
ETH,1982,-1.2538762,0.16243199,0.83756804,,,,,,
ETH,1983,-1.2538762,0.16243199,0.83756804,,,,,,
ETH,1984,-1.2538762,0.16243199,0.83756804,,,,,,
ETH,1985,-1.2538762,0.16243199,0.83756804,,,,,,
ETH,1986,-1.2538762,0.16243199,0.83756804,,,,,,
ETH,1987,-1.2538762,0.16243199,0.83756804,,,,,,
ETH,1988,-1.2538762,0.16243199,0.83756804,,,,,,
ETH,1989,-1.2538762,0.16243199,0.83756804,,,,,,
ETH,1990,-1.2538762,0.16243199,0.83756804,,,,,,
ETH,1991,-1.2538762,0.16243199,0.83756804,,,,,,
ETH,1992,-1.2538762,0.16243199,0.83756804,,,,,,
ETH,1993,-1.9393721,0.0,1.0,,,,,,
ETH,1994,-1.9393721,0.0,1.0,,,,,,
ETH,1995,-1.2538762,0.16243199,0.83756804,,,,,,
ETH,1996,-1.2538762,0.16243199,0.83756804,,,,,,
ETH,1997,-1.2538762,0.16243199,0.83756804,,,,,,
ETH,1998,-1.2538762,0.16243199,0.83756804,,,,,,
ETH,1999,-1.2538762,0.16243199,0.83756804,,,,,,
ETH,2000,-1.2538762,0.16243199,0.83756804,,,,,,
ETH,2001,-1.2538762,0.16243199,0.83756804,,,,,,
ETH,2002,-1.2538762,0.16243199,0.83756804,,,,,,
ETH,2003,-1.2538762,0.16243199,0.83756804,,,,,,
ETH,2004,-1.2538762,0.16243199,0.83756804,,,,,,
ETH,2005,-1.2538762,0.16243199,0.83756804,,,,,,
ETH,2006,-1.2538762,0.16243199,0.83756804,,,,,,
ETH,2007,-1.2538762,0.16243199,0.83756804,,,,,,
ETH,2008,-1.2538762,0.16243199,0.83756804,,,,,,
ETH,2009,-1.2538762,0.16243199,0.83756804,,,,,,
ETH,2010,-1.2538762,0.16243199,0.83756804,,,,,,
ETH,2011,-1.2538762,0.16243199,0.83756804,,,,,,
ETH,2012,-1.2538762,0.16243199,0.83756804,,,,,,
ETH,2013,-1.2538762,0.16243199,0.83756804,,,,,,
ETH,2014,-1.2538762,0.16243199,0.83756804,,,,,,
ETH,2015,-1.2538762,0.16243199,0.83756804,,,,,,
ETH,2016,-1.2538762,0.16243199,0.83756804,,,,,,
ETH,2017,-1.2538762,0.16243199,0.83756804,,,,,,
ETH,2018,-1.2538762,0.16243199,0.83756804,,,,,,
ETH,2019,-1.2538762,0.16243199,0.83756804,,,,,,
ETH,2020,-1.2538762,0.16243199,0.83756804,,,,,,
ETH,2021,-1.2538762,0.16243199,0.83756804,,,,,,
ETH,2022,-1.2538762,0.16243199,0.83756804,,,,,,
ETH,2023,-1.2538762,0.16243199,0.83756804,,,,,,
FIN,1970,-1.2538762,0.16243199,0.83756804,,,,,,
FIN,1971,-0.17476626,0.41813296,0.58186704,,,,,,
FIN,1972,-0.17476626,0.41813296,0.58186704,,,,,,
FIN,1973,-0.17476626,0.41813296,0.58186704,,,,,,
FIN,1974,-0.17476626,0.41813296,0.58186704,,,,,,
FIN,1975,-0.17476626,0.41813296,0.58186704,,,,,,
FIN,1976,1.0219685,0.7017058,0.2982942,,,,,,
FIN,1977,1.0219685,0.7017058,0.2982942,,,,,,
FIN,1978,1.0219685,0.7017058,0.2982942,,,,,,
FIN,1979,1.0219685,0.7017058,0.2982942,,,,,,
FIN,1980,1.0219685,0.7017058,0.2982942,,,,,,
FIN,1981,1.0219685,0.7017058,0.2982942,,,,,,
FIN,1982,1.0219685,0.7017058,0.2982942,,,,,,
FIN,1983,1.0219685,0.7017058,0.2982942,,,,,,
FIN,1984,1.0219685,0.7017058,0.2982942,,,,,,
FIN,1985,1.0219685,0.7017058,0.2982942,,,,,,
FIN,1986,1.0219685,0.7017058,0.2982942,,,,,,
FIN,1987,1.0219685,0.7017058,0.2982942,,,,,,
FIN,1988,1.0219685,0.7017058,0.2982942,,,,,,
FIN,1989,1.0219685,0.7017058,0.2982942,,,,,,
FIN,1990,1.0219685,0.7017058,0.2982942,,,,,,
FIN,1991,1.2737408,0.76136464,0.23863536,,,,,,
FIN,1992,1.5255132,0.82102346,0.17897654,,,,,,
FIN,1993,1.7772856,0.8806823,0.11931771,,,,,,
FIN,1994,2.029058,0.9403412,0.059658825,,,,,,
FIN,1995,2.2808304,1.0,0.0,,,,,,
FIN,1996,2.2808304,1.0,0.0,,,,,,
FIN,1997,2.2808304,1.0,0.0,0.2504,0.15,0.178,0.10040000000000002,0.0,0.0
FIN,1998,2.2808304,1.0,0.0,0.2504,0.15,0.178,0.10040000000000002,0.0,1.0
FIN,1999,2.2808304,1.0,0.0,0.2504,0.15,0.178,0.10040000000000002,0.0,1.0
FIN,2000,2.2808304,1.0,0.0,0.2504,0.15,0.178,0.10040000000000002,0.0,1.0
FIN,2001,2.2808304,1.0,0.0,0.2504,0.15,0.178,0.10040000000000002,0.0,1.0
FIN,2002,2.2808304,1.0,0.0,0.2504,0.15,0.178,0.10040000000000002,0.0,1.0
FIN,2003,2.2808304,1.0,0.0,0.2504,0.15,0.178,0.10040000000000002,0.0,0.0
FIN,2004,2.2808304,1.0,0.0,0.20993333333333333,0.10666666666666666,0.13699999999999998,0.10326666666666667,0.0,1.0
FIN,2005,2.2808304,1.0,0.0,0.16946666666666665,0.06333333333333332,0.09599999999999999,0.10613333333333334,0.0,1.0
FIN,2006,2.2808304,1.0,0.0,0.129,0.02,0.055,0.109,0.0,0.0
FIN,2007,2.2808304,1.0,0.0,0.10700000000000001,0.01725,0.046,0.08975,0.0,1.0
FIN,2008,2.2808304,1.0,0.0,0.085,0.014499999999999999,0.037,0.07050000000000001,0.0,1.0
FIN,2009,2.2808304,1.0,0.0,0.063,0.01175,0.027999999999999997,0.051250000000000004,0.0,1.0
FIN,2010,2.2808304,1.0,0.0,0.041,0.009,0.019,0.032,0.0,0.0
FIN,2011,2.2808304,1.0,0.0,0.041,0.009,0.019,0.032,0.0,0.0
FIN,2012,2.2808304,1.0,0.0,0.041,0.009,0.019,0.032,0.0,0.0
FIN,2013,2.2808304,1.0,0.0,0.041,0.009,0.019,0.032,0.0,0.0
FIN,2014,2.2808304,1.0,0.0,0.041,0.009,0.019,0.032,0.0,0.0
FIN,2015,2.2808304,1.0,0.0,0.041,0.009,0.019,0.032,0.0,0.0
FIN,2016,2.2808304,1.0,0.0,0.041,0.009,0.019,0.032,0.0,0.0
FIN,2017,2.2808304,1.0,0.0,0.041,0.009,0.019,0.032,0.0,0.0
FIN,2018,2.2808304,1.0,0.0,0.041,0.009,0.019,0.032,0.0,0.0
FIN,2019,2.2808304,1.0,0.0,0.041,0.009,0.019,0.032,0.0,0.0
FIN,2020,2.2808304,1.0,0.0,0.041,0.009,0.019,0.032,0.0,0.0
FIN,2021,2.2808304,1.0,0.0,,,,,,
FIN,2022,2.2808304,1.0,0.0,,,,,,
FIN,2023,2.2808304,1.0,0.0,,,,,,
FJI,1970,,,,,,,,,
FJI,1971,,,,,,,,,
FJI,1972,,,,,,,,,
FJI,1973,,,,,,,,,
FJI,1974,,,,,,,,,
FJI,1975,-0.17476626,0.41813296,0.58186704,,,,,,
FJI,1976,-0.17476626,0.41813296,0.58186704,,,,,,
FJI,1977,-0.17476626,0.41813296,0.58186704,,,,,,
FJI,1978,-0.17476626,0.41813296,0.58186704,,,,,,
FJI,1979,-0.17476626,0.41813296,0.58186704,,,,,,
FJI,1980,-0.17476626,0.41813296,0.58186704,,,,,,
FJI,1981,-0.17476626,0.41813296,0.58186704,,,,,,
FJI,1982,-0.17476626,0.41813296,0.58186704,,,,,,
FJI,1983,-0.17476626,0.41813296,0.58186704,,,,,,
FJI,1984,-0.17476626,0.41813296,0.58186704,,,,,,
FJI,1985,-0.17476626,0.41813296,0.58186704,,,,,,
FJI,1986,-0.17476626,0.41813296,0.58186704,,,,,,
FJI,1987,-0.17476626,0.41813296,0.58186704,,,,,,
FJI,1988,-1.2538762,0.16243199,0.83756804,,,,,,
FJI,1989,-1.2538762,0.16243199,0.83756804,,,,,,
FJI,1990,-1.2538762,0.16243199,0.83756804,,,,,,
FJI,1991,-1.2538762,0.16243199,0.83756804,,,,,,
FJI,1992,-0.17476626,0.41813296,0.58186704,,,,,,
FJI,1993,-0.17476626,0.41813296,0.58186704,,,,,,
FJI,1994,-0.17476626,0.41813296,0.58186704,,,,,,
FJI,1995,-0.17476626,0.41813296,0.58186704,,,,,,
FJI,1996,-1.2538762,0.16243199,0.83756804,,,,,,
FJI,1997,-1.2538762,0.16243199,0.83756804,,,,,,
FJI,1998,-1.2538762,0.16243199,0.83756804,,,,,,
FJI,1999,-1.2538762,0.16243199,0.83756804,,,,,,
FJI,2000,-1.2538762,0.16243199,0.83756804,,,,,,
FJI,2001,-1.2538762,0.16243199,0.83756804,,,,,,
FJI,2002,-1.2538762,0.16243199,0.83756804,,,,,,
FJI,2003,-1.2538762,0.16243199,0.83756804,,,,,,
FJI,2004,-1.2538762,0.16243199,0.83756804,,,,,,
FJI,2005,-1.2538762,0.16243199,0.83756804,,,,,,
FJI,2006,-1.2538762,0.16243199,0.83756804,,,,,,
FJI,2007,-1.2538762,0.16243199,0.83756804,,,,,,
FJI,2008,-1.2538762,0.16243199,0.83756804,,,,,,
FJI,2009,-1.2538762,0.16243199,0.83756804,,,,,,
FJI,2010,-1.2538762,0.16243199,0.83756804,,,,,,
FJI,2011,-1.2538762,0.16243199,0.83756804,,,,,,
FJI,2012,-1.2538762,0.16243199,0.83756804,,,,,,
FJI,2013,-1.2538762,0.16243199,0.83756804,,,,,,
FJI,2014,-1.2538762,0.16243199,0.83756804,,,,,,
FJI,2015,-1.2538762,0.16243199,0.83756804,,,,,,
FJI,2016,-1.2538762,0.16243199,0.83756804,,,,,,
FJI,2017,-1.2538762,0.16243199,0.83756804,,,,,,
FJI,2018,-1.2538762,0.16243199,0.83756804,,,,,,
FJI,2019,-1.2538762,0.16243199,0.83756804,,,,,,
FJI,2020,-1.2538762,0.16243199,0.83756804,,,,,,
FJI,2021,-1.2538762,0.16243199,0.83756804,,,,,,
FJI,2022,-1.2538762,0.16243199,0.83756804,,,,,,
FJI,2023,-1.2538762,0.16243199,0.83756804,,,,,,
FRA,1970,-1.4358273,0.11931769,0.8806823,,,,,,
FRA,1971,-0.6084897,0.31535983,0.68464017,,,,,,
FRA,1972,-0.86026204,0.255701,0.744299,,,,,,
FRA,1973,-0.86026204,0.255701,0.744299,,,,,,
FRA,1974,-0.17476626,0.41813296,0.58186704,,,,,,
FRA,1975,-0.17476626,0.41813296,0.58186704,,,,,,
FRA,1976,-0.17476626,0.41813296,0.58186704,,,,,,
FRA,1977,-0.17476626,0.41813296,0.58186704,,,,,,
FRA,1978,-0.17476626,0.41813296,0.58186704,,,,,,
FRA,1979,-0.17476626,0.41813296,0.58186704,,,,,,
FRA,1980,-0.17476626,0.41813296,0.58186704,,,,,,
FRA,1981,-0.17476626,0.41813296,0.58186704,,,,,,
FRA,1982,-1.2538762,0.16243199,0.83756804,,,,,,
FRA,1983,-0.17476626,0.41813296,0.58186704,,,,,,
FRA,1984,-0.17476626,0.41813296,0.58186704,,,,,,
FRA,1985,-0.17476626,0.41813296,0.58186704,,,,,,
FRA,1986,-0.17476626,0.41813296,0.58186704,,,,,,
FRA,1987,-0.17476626,0.41813296,0.58186704,,,,,,
FRA,1988,-0.17476626,0.41813296,0.58186704,,,,,,
FRA,1989,-0.17476626,0.41813296,0.58186704,,,,,,
FRA,1990,0.07700613,0.47779182,0.5222082,,,,,,
FRA,1991,0.32877854,0.5374507,0.46254933,,,,,,
FRA,1992,0.5805509,0.5971095,0.4028905,,,,,,
FRA,1993,2.029058,0.9403412,0.059658825,,,,,,
FRA,1994,2.2808304,1.0,0.0,,,,,,
FRA,1995,2.2808304,1.0,0.0,,,,,,
FRA,1996,2.2808304,1.0,0.0,,,,,,
FRA,1997,2.2808304,1.0,0.0,0.0954,0.0,0.055,0.0954,0.0,0.0
FRA,1998,2.2808304,1.0,0.0,0.0954,0.0,0.055,0.0954,0.0,1.0
FRA,1999,2.2808304,1.0,0.0,0.0954,0.0,0.055,0.0954,0.0,1.0
FRA,2000,2.2808304,1.0,0.0,0.0954,0.0,0.055,0.0954,0.0,1.0
FRA,2001,2.2808304,1.0,0.0,0.0954,0.0,0.055,0.0954,0.0,1.0
FRA,2002,2.2808304,1.0,0.0,0.0954,0.0,0.055,0.0954,0.0,1.0
FRA,2003,2.2808304,1.0,0.0,0.0954,0.0,0.055,0.0954,0.0,0.0
FRA,2004,2.2808304,1.0,0.0,0.0804,0.0,0.051666666666666666,0.0804,0.0,1.0
FRA,2005,2.2808304,1.0,0.0,0.0654,0.0,0.04833333333333333,0.0654,0.0,1.0
FRA,2006,2.2808304,1.0,0.0,0.0504,0.0,0.045,0.0504,0.0,0.0
FRA,2007,2.2808304,1.0,0.0,0.0504,0.0,0.045,0.0504,0.0,1.0
FRA,2008,2.2808304,1.0,0.0,0.0504,0.0,0.045,0.0504,0.0,1.0
FRA,2009,2.2808304,1.0,0.0,0.0504,0.0,0.045,0.0504,0.0,1.0
FRA,2010,2.2808304,1.0,0.0,0.0504,0.0,0.045,0.0504,0.0,0.0
FRA,2011,2.2808304,1.0,0.0,0.0504,0.0,0.045,0.0504,0.0,0.0
FRA,2012,2.2808304,1.0,0.0,0.0504,0.0,0.045,0.0504,0.0,0.0
FRA,2013,2.2808304,1.0,0.0,0.0504,0.0,0.045,0.0504,0.0,0.0
FRA,2014,2.2808304,1.0,0.0,0.0504,0.0,0.045,0.0504,0.0,0.0
FRA,2015,2.2808304,1.0,0.0,0.0504,0.0,0.045,0.0504,0.0,0.0
FRA,2016,2.2808304,1.0,0.0,0.0504,0.0,0.045,0.0504,0.0,0.0
FRA,2017,2.2808304,1.0,0.0,0.0504,0.0,0.045,0.0504,0.0,0.0
FRA,2018,2.2808304,1.0,0.0,0.0504,0.0,0.045,0.0504,0.0,0.0
FRA,2019,2.2808304,1.0,0.0,0.0504,0.0,0.045,0.0504,0.0,0.0
FRA,2020,2.2808304,1.0,0.0,0.0504,0.0,0.045,0.0504,0.0,0.0
FRA,2021,2.2808304,1.0,0.0,,,,,,
FRA,2022,2.2808304,1.0,0.0,,,,,,
FRA,2023,2.2808304,1.0,0.0,,,,,,
FSM,1970,,,,,,,,,
FSM,1971,,,,,,,,,
FSM,1972,,,,,,,,,
FSM,1973,,,,,,,,,
FSM,1974,,,,,,,,,
FSM,1975,,,,,,,,,
FSM,1976,,,,,,,,,
FSM,1977,,,,,,,,,
FSM,1978,,,,,,,,,
FSM,1979,,,,,,,,,
FSM,1980,,,,,,,,,
FSM,1981,,,,,,,,,
FSM,1982,,,,,,,,,
FSM,1983,,,,,,,,,
FSM,1984,,,,,,,,,
FSM,1985,,,,,,,,,
FSM,1986,,,,,,,,,
FSM,1987,,,,,,,,,
FSM,1988,,,,,,,,,
FSM,1989,,,,,,,,,
FSM,1990,,,,,,,,,
FSM,1991,,,,,,,,,
FSM,1992,,,,,,,,,
FSM,1993,,,,,,,,,
FSM,1994,,,,,,,,,
FSM,1995,,,,,,,,,
FSM,1996,2.029058,0.9403412,0.059658825,,,,,,
FSM,1997,1.7772856,0.8806823,0.11931771,,,,,,
FSM,1998,1.5255132,0.82102346,0.17897654,,,,,,
FSM,1999,1.2737408,0.76136464,0.23863536,,,,,,
FSM,2000,1.0219685,0.7017058,0.2982942,,,,,,
FSM,2001,1.2737408,0.76136464,0.23863536,,,,,,
FSM,2002,1.5255132,0.82102346,0.17897654,,,,,,
FSM,2003,1.7772856,0.8806823,0.11931771,,,,,,
FSM,2004,2.029058,0.9403412,0.059658825,,,,,,
FSM,2005,2.2808304,1.0,0.0,,,,,,
FSM,2006,2.2808304,1.0,0.0,,,,,,
FSM,2007,2.2808304,1.0,0.0,,,,,,
FSM,2008,2.2808304,1.0,0.0,,,,,,
FSM,2009,2.2808304,1.0,0.0,,,,,,
FSM,2010,2.2808304,1.0,0.0,,,,,,
FSM,2011,2.2808304,1.0,0.0,,,,,,
FSM,2012,2.2808304,1.0,0.0,,,,,,
FSM,2013,2.2808304,1.0,0.0,,,,,,
FSM,2014,2.2808304,1.0,0.0,,,,,,
FSM,2015,2.2808304,1.0,0.0,,,,,,
FSM,2016,2.2808304,1.0,0.0,,,,,,
FSM,2017,2.2808304,1.0,0.0,,,,,,
FSM,2018,2.2808304,1.0,0.0,,,,,,
FSM,2019,2.2808304,1.0,0.0,,,,,,
FSM,2020,2.2808304,1.0,0.0,,,,,,
FSM,2021,2.2808304,1.0,0.0,,,,,,
FSM,2022,,,,,,,,,
FSM,2023,,,,,,,,,
GAB,1970,-1.0021038,0.22209083,0.77790916,,,,,,
GAB,1971,-1.6875997,0.059658844,0.9403412,,,,,,
GAB,1972,-0.86026204,0.255701,0.744299,,,,,,
GAB,1973,-0.86026204,0.255701,0.744299,,,,,,
GAB,1974,-0.17476626,0.41813296,0.58186704,,,,,,
GAB,1975,-0.17476626,0.41813296,0.58186704,,,,,,
GAB,1976,-0.17476626,0.41813296,0.58186704,,,,,,
GAB,1977,-0.17476626,0.41813296,0.58186704,,,,,,
GAB,1978,-0.17476626,0.41813296,0.58186704,,,,,,
GAB,1979,-0.17476626,0.41813296,0.58186704,,,,,,
GAB,1980,-0.17476626,0.41813296,0.58186704,,,,,,
GAB,1981,-0.17476626,0.41813296,0.58186704,,,,,,
GAB,1982,-0.17476626,0.41813296,0.58186704,,,,,,
GAB,1983,-0.17476626,0.41813296,0.58186704,,,,,,
GAB,1984,-0.17476626,0.41813296,0.58186704,,,,,,
GAB,1985,-0.17476626,0.41813296,0.58186704,,,,,,
GAB,1986,-0.17476626,0.41813296,0.58186704,,,,,,
GAB,1987,-0.17476626,0.41813296,0.58186704,,,,,,
GAB,1988,-0.17476626,0.41813296,0.58186704,,,,,,
GAB,1989,-0.17476626,0.41813296,0.58186704,,,,,,
GAB,1990,-0.17476626,0.41813296,0.58186704,,,,,,
GAB,1991,-0.17476626,0.41813296,0.58186704,,,,,,
GAB,1992,-0.17476626,0.41813296,0.58186704,,,,,,
GAB,1993,-0.17476626,0.41813296,0.58186704,,,,,,
GAB,1994,-0.17476626,0.41813296,0.58186704,,,,,,
GAB,1995,-0.17476626,0.41813296,0.58186704,,,,,,
GAB,1996,-1.2538762,0.16243199,0.83756804,,,,,,
GAB,1997,-1.2538762,0.16243199,0.83756804,,,,,,
GAB,1998,-1.2538762,0.16243199,0.83756804,,,,,,
GAB,1999,-1.2538762,0.16243199,0.83756804,,,,,,
GAB,2000,-1.2538762,0.16243199,0.83756804,,,,,,
GAB,2001,-1.2538762,0.16243199,0.83756804,,,,,,
GAB,2002,-1.2538762,0.16243199,0.83756804,,,,,,
GAB,2003,-1.2538762,0.16243199,0.83756804,,,,,,
GAB,2004,-1.2538762,0.16243199,0.83756804,,,,,,
GAB,2005,-1.2538762,0.16243199,0.83756804,,,,,,
GAB,2006,-1.2538762,0.16243199,0.83756804,,,,,,
GAB,2007,-1.2538762,0.16243199,0.83756804,,,,,,
GAB,2008,-1.2538762,0.16243199,0.83756804,,,,,,
GAB,2009,-1.2538762,0.16243199,0.83756804,,,,,,
GAB,2010,-1.2538762,0.16243199,0.83756804,,,,,,
GAB,2011,-1.2538762,0.16243199,0.83756804,,,,,,
GAB,2012,-1.2538762,0.16243199,0.83756804,,,,,,
GAB,2013,-1.2538762,0.16243199,0.83756804,,,,,,
GAB,2014,-1.2538762,0.16243199,0.83756804,,,,,,
GAB,2015,-1.2538762,0.16243199,0.83756804,,,,,,
GAB,2016,-1.2538762,0.16243199,0.83756804,,,,,,
GAB,2017,-1.2538762,0.16243199,0.83756804,,,,,,
GAB,2018,-1.2538762,0.16243199,0.83756804,,,,,,
GAB,2019,-1.2538762,0.16243199,0.83756804,,,,,,
GAB,2020,-1.2538762,0.16243199,0.83756804,,,,,,
GAB,2021,-1.2538762,0.16243199,0.83756804,,,,,,
GAB,2022,-1.2538762,0.16243199,0.83756804,,,,,,
GAB,2023,-1.2538762,0.16243199,0.83756804,,,,,,
GBR,1970,-1.9393721,0.0,1.0,,,,,,
GBR,1971,-0.86026204,0.255701,0.744299,,,,,,
GBR,1972,-0.86026204,0.255701,0.744299,,,,,,
GBR,1973,-0.86026204,0.255701,0.744299,,,,,,
GBR,1974,-0.86026204,0.255701,0.744299,,,,,,
GBR,1975,-0.86026204,0.255701,0.744299,,,,,,
GBR,1976,-0.86026204,0.255701,0.744299,,,,,,
GBR,1977,-0.86026204,0.255701,0.744299,,,,,,
GBR,1978,-0.86026204,0.255701,0.744299,,,,,,
GBR,1979,1.2737408,0.76136464,0.23863536,,,,,,
GBR,1980,1.5255132,0.82102346,0.17897654,,,,,,
GBR,1981,1.7772856,0.8806823,0.11931771,,,,,,
GBR,1982,2.029058,0.9403412,0.059658825,,,,,,
GBR,1983,2.2808304,1.0,0.0,,,,,,
GBR,1984,2.2808304,1.0,0.0,,,,,,
GBR,1985,2.2808304,1.0,0.0,,,,,,
GBR,1986,2.2808304,1.0,0.0,,,,,,
GBR,1987,2.2808304,1.0,0.0,,,,,,
GBR,1988,2.2808304,1.0,0.0,,,,,,
GBR,1989,2.2808304,1.0,0.0,,,,,,
GBR,1990,2.2808304,1.0,0.0,,,,,,
GBR,1991,2.2808304,1.0,0.0,,,,,,
GBR,1992,2.2808304,1.0,0.0,,,,,,
GBR,1993,2.2808304,1.0,0.0,,,,,,
GBR,1994,2.2808304,1.0,0.0,,,,,,
GBR,1995,2.2808304,1.0,0.0,,,,,,
GBR,1996,2.2808304,1.0,0.0,,,,,,
GBR,1997,2.2808304,1.0,0.0,0.1406,0.023,0.081,0.11760000000000001,0.0,0.0
GBR,1998,2.2808304,1.0,0.0,0.13676666666666668,0.019166666666666665,0.07733333333333334,0.11760000000000001,0.0,1.0
GBR,1999,2.2808304,1.0,0.0,0.13293333333333335,0.015333333333333334,0.07366666666666667,0.11760000000000001,0.0,1.0
GBR,2000,2.2808304,1.0,0.0,0.1291,0.0115,0.07,0.11760000000000001,0.0,1.0
GBR,2001,2.2808304,1.0,0.0,0.12526666666666667,0.007666666666666667,0.06633333333333333,0.11760000000000001,0.0,1.0
GBR,2002,2.2808304,1.0,0.0,0.12143333333333334,0.0038333333333333344,0.06266666666666666,0.11760000000000001,0.0,1.0
GBR,2003,2.2808304,1.0,0.0,0.11760000000000001,0.0,0.059,0.11760000000000001,0.0,0.0
GBR,2004,2.2808304,1.0,0.0,0.11226666666666667,0.0,0.057999999999999996,0.11226666666666667,0.0,1.0
GBR,2005,2.2808304,1.0,0.0,0.10693333333333334,0.0,0.057,0.10693333333333334,0.0,1.0
GBR,2006,2.2808304,1.0,0.0,0.1016,0.0,0.056,0.1016,0.0,0.0
GBR,2007,2.2808304,1.0,0.0,0.09215,0.0,0.052000000000000005,0.09215,0.0,1.0
GBR,2008,2.2808304,1.0,0.0,0.0827,0.0,0.048,0.0827,0.0,1.0
GBR,2009,2.2808304,1.0,0.0,0.07325,0.0,0.044,0.07325,0.0,1.0
GBR,2010,2.2808304,1.0,0.0,0.0638,0.0,0.04,0.0638,0.0,0.0
GBR,2011,2.2808304,1.0,0.0,0.0638,0.0,0.04,0.0638,0.0,0.0
GBR,2012,2.2808304,1.0,0.0,0.0638,0.0,0.04,0.0638,0.0,0.0
GBR,2013,2.2808304,1.0,0.0,0.0638,0.0,0.04,0.0638,0.0,0.0
GBR,2014,2.2808304,1.0,0.0,0.0638,0.0,0.04,0.0638,0.0,0.0
GBR,2015,2.2808304,1.0,0.0,0.0638,0.0,0.04,0.0638,0.0,0.0
GBR,2016,2.2808304,1.0,0.0,0.0638,0.0,0.04,0.0638,0.0,0.0
GBR,2017,2.2808304,1.0,0.0,0.0638,0.0,0.04,0.0638,0.0,0.0
GBR,2018,2.2808304,1.0,0.0,0.0638,0.0,0.04,0.0638,0.0,0.0
GBR,2019,2.2808304,1.0,0.0,0.0638,0.0,0.04,0.0638,0.0,0.0
GBR,2020,2.2808304,1.0,0.0,0.0638,0.0,0.04,0.0638,0.0,0.0
GBR,2021,2.2808304,1.0,0.0,,,,,,
GBR,2022,2.2808304,1.0,0.0,,,,,,
GBR,2023,2.2808304,1.0,0.0,,,,,,
GEO,1970,,,,,,,,,
GEO,1971,,,,,,,,,
GEO,1972,,,,,,,,,
GEO,1973,,,,,,,,,
GEO,1974,,,,,,,,,
GEO,1975,,,,,,,,,
GEO,1976,,,,,,,,,
GEO,1977,,,,,,,,,
GEO,1978,,,,,,,,,
GEO,1979,,,,,,,,,
GEO,1980,,,,,,,,,
GEO,1981,,,,,,,,,
GEO,1982,,,,,,,,,
GEO,1983,,,,,,,,,
GEO,1984,,,,,,,,,
GEO,1985,,,,,,,,,
GEO,1986,,,,,,,,,
GEO,1987,,,,,,,,,
GEO,1988,,,,,,,,,
GEO,1989,,,,,,,,,
GEO,1990,,,,,,,,,
GEO,1991,,,,,,,,,
GEO,1992,,,,,,,,,
GEO,1993,,,,,,,,,
GEO,1994,,,,,,,,,
GEO,1995,,,,,,,,,
GEO,1996,0.19463086,0.50566363,0.49433637,,,,,,
GEO,1997,0.44640324,0.56532246,0.43467754,,,,,,1.0
GEO,1998,0.69817567,0.62498134,0.37501866,,,,,,1.0
GEO,1999,0.949948,0.68464017,0.31535983,,,,,,1.0
GEO,2000,1.2017204,0.744299,0.255701,,,,,,1.0
GEO,2001,1.2017204,0.744299,0.255701,,,,,,1.0
GEO,2002,1.2017204,0.744299,0.255701,,,,,,1.0
GEO,2003,1.2017204,0.744299,0.255701,,,,,,1.0
GEO,2004,1.2017204,0.744299,0.255701,,,,,,1.0
GEO,2005,1.2017204,0.744299,0.255701,,,,,,1.0
GEO,2006,1.2017204,0.744299,0.255701,,,,,,1.0
GEO,2007,1.2017204,0.744299,0.255701,,,,,,1.0
GEO,2008,1.2017204,0.744299,0.255701,,,,,,1.0
GEO,2009,0.51622456,0.58186704,0.41813296,,,,,,1.0
GEO,2010,-0.6805101,0.29829422,0.7017058,,,,,,1.0
GEO,2011,-0.6805101,0.29829422,0.7017058,,,,,,1.0
GEO,2012,1.5953345,0.83756804,0.16243196,,,,,,1.0
GEO,2013,2.2808304,1.0,0.0,,,,,,1.0
GEO,2014,2.2808304,1.0,0.0,,,,,,1.0
GEO,2015,2.2808304,1.0,0.0,,,,,,1.0
GEO,2016,2.2808304,1.0,0.0,,,,,,1.0
GEO,2017,2.2808304,1.0,0.0,,,,,,1.0
GEO,2018,2.2808304,1.0,0.0,,,,,,1.0
GEO,2019,2.2808304,1.0,0.0,0.0316,0.0,0.018,0.0316,0.0,0.0
GEO,2020,2.2808304,1.0,0.0,0.0316,0.0,0.018,0.0316,0.0,0.0
GEO,2021,2.2808304,1.0,0.0,,,,,,
GEO,2022,2.2808304,1.0,0.0,,,,,,
GEO,2023,2.2808304,1.0,0.0,,,,,,
GHA,1970,-1.2538762,0.16243199,0.83756804,,,,,,
GHA,1971,-1.2538762,0.16243199,0.83756804,,,,,,
GHA,1972,-1.2538762,0.16243199,0.83756804,,,,,,
GHA,1973,-1.2538762,0.16243199,0.83756804,,,,,,
GHA,1974,-1.2538762,0.16243199,0.83756804,,,,,,
GHA,1975,-1.2538762,0.16243199,0.83756804,,,,,,
GHA,1976,-1.2538762,0.16243199,0.83756804,,,,,,
GHA,1977,-1.2538762,0.16243199,0.83756804,,,,,,
GHA,1978,-1.9393721,0.0,1.0,,,,,,
GHA,1979,-1.9393721,0.0,1.0,,,,,,
GHA,1980,-1.9393721,0.0,1.0,,,,,,
GHA,1981,-1.9393721,0.0,1.0,,,,,,
GHA,1982,-1.9393721,0.0,1.0,,,,,,
GHA,1983,-1.9393721,0.0,1.0,,,,,,
GHA,1984,-1.9393721,0.0,1.0,,,,,,
GHA,1985,-1.9393721,0.0,1.0,,,,,,
GHA,1986,-1.9393721,0.0,1.0,,,,,,
GHA,1987,-1.9393721,0.0,1.0,,,,,,
GHA,1988,-1.9393721,0.0,1.0,,,,,,
GHA,1989,-1.9393721,0.0,1.0,,,,,,
GHA,1990,-1.9393721,0.0,1.0,,,,,,
GHA,1991,-1.9393721,0.0,1.0,,,,,,
GHA,1992,-1.9393721,0.0,1.0,,,,,,
GHA,1993,-1.9393721,0.0,1.0,,,,,,
GHA,1994,-0.86026204,0.255701,0.744299,,,,,,
GHA,1995,-0.17476626,0.41813296,0.58186704,,,,,,
GHA,1996,-1.2538762,0.16243199,0.83756804,,,,,,
GHA,1997,-1.2538762,0.16243199,0.83756804,,,,,,
GHA,1998,-1.2538762,0.16243199,0.83756804,,,,,,
GHA,1999,-1.2538762,0.16243199,0.83756804,,,,,,
GHA,2000,-1.2538762,0.16243199,0.83756804,,,,,,
GHA,2001,-1.2538762,0.16243199,0.83756804,,,,,,
GHA,2002,-1.2538762,0.16243199,0.83756804,,,,,,
GHA,2003,-1.2538762,0.16243199,0.83756804,,,,,,
GHA,2004,-1.2538762,0.16243199,0.83756804,,,,,,
GHA,2005,-1.2538762,0.16243199,0.83756804,,,,,,
GHA,2006,-1.2538762,0.16243199,0.83756804,,,,,,
GHA,2007,-1.2538762,0.16243199,0.83756804,,,,,,
GHA,2008,-1.2538762,0.16243199,0.83756804,,,,,,
GHA,2009,-1.2538762,0.16243199,0.83756804,,,,,,
GHA,2010,-1.2538762,0.16243199,0.83756804,,,,,,
GHA,2011,-1.2538762,0.16243199,0.83756804,,,,,,
GHA,2012,-1.9393721,0.0,1.0,,,,,,
GHA,2013,-1.9393721,0.0,1.0,,,,,,
GHA,2014,-1.9393721,0.0,1.0,,,,,,
GHA,2015,-1.9393721,0.0,1.0,,,,,,
GHA,2016,-1.9393721,0.0,1.0,,,,,,
GHA,2017,-1.9393721,0.0,1.0,,,,,,
GHA,2018,-1.9393721,0.0,1.0,,,,,,
GHA,2019,-1.9393721,0.0,1.0,,,,,,
GHA,2020,-1.9393721,0.0,1.0,,,,,,
GHA,2021,-1.9393721,0.0,1.0,,,,,,
GHA,2022,-1.9393721,0.0,1.0,,,,,,
GHA,2023,-1.9393721,0.0,1.0,,,,,,
GIN,1970,-1.2538762,0.16243199,0.83756804,,,,,,
GIN,1971,-1.2538762,0.16243199,0.83756804,,,,,,
GIN,1972,-1.2538762,0.16243199,0.83756804,,,,,,
GIN,1973,-1.2538762,0.16243199,0.83756804,,,,,,
GIN,1974,-1.2538762,0.16243199,0.83756804,,,,,,
GIN,1975,-1.2538762,0.16243199,0.83756804,,,,,,
GIN,1976,-1.2538762,0.16243199,0.83756804,,,,,,
GIN,1977,-1.2538762,0.16243199,0.83756804,,,,,,
GIN,1978,-1.2538762,0.16243199,0.83756804,,,,,,
GIN,1979,-1.2538762,0.16243199,0.83756804,,,,,,
GIN,1980,-1.2538762,0.16243199,0.83756804,,,,,,
GIN,1981,-1.2538762,0.16243199,0.83756804,,,,,,
GIN,1982,-1.2538762,0.16243199,0.83756804,,,,,,
GIN,1983,-1.2538762,0.16243199,0.83756804,,,,,,
GIN,1984,-1.2538762,0.16243199,0.83756804,,,,,,
GIN,1985,-1.2538762,0.16243199,0.83756804,,,,,,
GIN,1986,-1.2538762,0.16243199,0.83756804,,,,,,
GIN,1987,-1.2538762,0.16243199,0.83756804,,,,,,
GIN,1988,-1.2538762,0.16243199,0.83756804,,,,,,
GIN,1989,-1.2538762,0.16243199,0.83756804,,,,,,
GIN,1990,-1.2538762,0.16243199,0.83756804,,,,,,
GIN,1991,-1.2538762,0.16243199,0.83756804,,,,,,
GIN,1992,-1.2538762,0.16243199,0.83756804,,,,,,
GIN,1993,-1.2538762,0.16243199,0.83756804,,,,,,
GIN,1994,-1.2538762,0.16243199,0.83756804,,,,,,
GIN,1995,-1.2538762,0.16243199,0.83756804,,,,,,
GIN,1996,-1.2538762,0.16243199,0.83756804,,,,,,
GIN,1997,-1.2538762,0.16243199,0.83756804,,,,,,
GIN,1998,-1.2538762,0.16243199,0.83756804,,,,,,
GIN,1999,-1.2538762,0.16243199,0.83756804,,,,,,
GIN,2000,-1.2538762,0.16243199,0.83756804,,,,,,
GIN,2001,-1.2538762,0.16243199,0.83756804,,,,,,
GIN,2002,-1.2538762,0.16243199,0.83756804,,,,,,
GIN,2003,-1.9393721,0.0,1.0,,,,,,
GIN,2004,-1.9393721,0.0,1.0,,,,,,
GIN,2005,-1.2538762,0.16243199,0.83756804,,,,,,
GIN,2006,-1.9393721,0.0,1.0,,,,,,
GIN,2007,-1.9393721,0.0,1.0,,,,,,
GIN,2008,-1.9393721,0.0,1.0,,,,,,
GIN,2009,-1.9393721,0.0,1.0,,,,,,
GIN,2010,-1.9393721,0.0,1.0,,,,,,
GIN,2011,-1.9393721,0.0,1.0,,,,,,
GIN,2012,-1.9393721,0.0,1.0,,,,,,
GIN,2013,-1.9393721,0.0,1.0,,,,,,
GIN,2014,-1.9393721,0.0,1.0,,,,,,
GIN,2015,-1.9393721,0.0,1.0,,,,,,
GIN,2016,-1.9393721,0.0,1.0,,,,,,
GIN,2017,-1.9393721,0.0,1.0,,,,,,
GIN,2018,-1.9393721,0.0,1.0,,,,,,
GIN,2019,-1.9393721,0.0,1.0,,,,,,
GIN,2020,-1.9393721,0.0,1.0,,,,,,
GIN,2021,-1.9393721,0.0,1.0,,,,,,
GIN,2022,-1.9393721,0.0,1.0,,,,,,
GIN,2023,-1.9393721,0.0,1.0,,,,,,
GMB,1970,,,,,,,,,
GMB,1971,-1.2538762,0.16243199,0.83756804,,,,,,
GMB,1972,-1.2538762,0.16243199,0.83756804,,,,,,
GMB,1973,-1.2538762,0.16243199,0.83756804,,,,,,
GMB,1974,-1.2538762,0.16243199,0.83756804,,,,,,
GMB,1975,-1.2538762,0.16243199,0.83756804,,,,,,
GMB,1976,-0.17476626,0.41813296,0.58186704,,,,,,
GMB,1977,-0.17476626,0.41813296,0.58186704,,,,,,
GMB,1978,-0.17476626,0.41813296,0.58186704,,,,,,
GMB,1979,-0.17476626,0.41813296,0.58186704,,,,,,
GMB,1980,-1.2538762,0.16243199,0.83756804,,,,,,
GMB,1981,-1.9393721,0.0,1.0,,,,,,
GMB,1982,-1.9393721,0.0,1.0,,,,,,
GMB,1983,-1.9393721,0.0,1.0,,,,,,
GMB,1984,-1.9393721,0.0,1.0,,,,,,
GMB,1985,-1.9393721,0.0,1.0,,,,,,
GMB,1986,-0.86026204,0.255701,0.744299,,,,,,
GMB,1987,-0.17476626,0.41813296,0.58186704,,,,,,
GMB,1988,-0.17476626,0.41813296,0.58186704,,,,,,
GMB,1989,-0.17476626,0.41813296,0.58186704,,,,,,
GMB,1990,-0.17476626,0.41813296,0.58186704,,,,,,
GMB,1991,0.07700613,0.47779182,0.5222082,,,,,,
GMB,1992,0.32877854,0.5374507,0.46254933,,,,,,
GMB,1993,0.5805509,0.5971095,0.4028905,,,,,,
GMB,1994,2.029058,0.9403412,0.059658825,,,,,,
GMB,1995,2.2808304,1.0,0.0,,,,,,
GMB,1996,2.2808304,1.0,0.0,,,,,,
GMB,1997,2.2808304,1.0,0.0,,,,,,
GMB,1998,2.2808304,1.0,0.0,,,,,,
GMB,1999,2.2808304,1.0,0.0,,,,,,
GMB,2000,2.2808304,1.0,0.0,,,,,,
GMB,2001,2.2808304,1.0,0.0,,,,,,
GMB,2002,2.2808304,1.0,0.0,,,,,,
GMB,2003,2.2808304,1.0,0.0,,,,,,
GMB,2004,2.2808304,1.0,0.0,,,,,,
GMB,2005,2.2808304,1.0,0.0,,,,,,
GMB,2006,2.2808304,1.0,0.0,,,,,,
GMB,2007,2.2808304,1.0,0.0,,,,,,
GMB,2008,2.2808304,1.0,0.0,,,,,,
GMB,2009,2.2808304,1.0,0.0,,,,,,
GMB,2010,2.2808304,1.0,0.0,,,,,,
GMB,2011,2.2808304,1.0,0.0,,,,,,
GMB,2012,2.2808304,1.0,0.0,,,,,,
GMB,2013,2.2808304,1.0,0.0,,,,,,
GMB,2014,2.2808304,1.0,0.0,,,,,,
GMB,2015,2.2808304,1.0,0.0,,,,,,
GMB,2016,2.2808304,1.0,0.0,,,,,,
GMB,2017,2.2808304,1.0,0.0,,,,,,
GMB,2018,2.2808304,1.0,0.0,,,,,,
GMB,2019,2.2808304,1.0,0.0,,,,,,
GMB,2020,2.2808304,1.0,0.0,,,,,,
GMB,2021,2.2808304,1.0,0.0,,,,,,
GMB,2022,2.2808304,1.0,0.0,,,,,,
GMB,2023,2.2808304,1.0,0.0,,,,,,
GNB,1970,,,,,,,,,
GNB,1971,,,,,,,,,
GNB,1972,,,,,,,,,
GNB,1973,,,,,,,,,
GNB,1974,,,,,,,,,
GNB,1975,,,,,,,,,
GNB,1976,,,,,,,,,
GNB,1977,,,,,,,,,
GNB,1978,,,,,,,,,
GNB,1979,,,,,,,,,
GNB,1980,,,,,,,,,
GNB,1981,-1.2538762,0.16243199,0.83756804,,,,,,
GNB,1982,-1.2538762,0.16243199,0.83756804,,,,,,
GNB,1983,-1.2538762,0.16243199,0.83756804,,,,,,
GNB,1984,-1.2538762,0.16243199,0.83756804,,,,,,
GNB,1985,-1.2538762,0.16243199,0.83756804,,,,,,
GNB,1986,-1.2538762,0.16243199,0.83756804,,,,,,
GNB,1987,-1.2538762,0.16243199,0.83756804,,,,,,
GNB,1988,-1.2538762,0.16243199,0.83756804,,,,,,
GNB,1989,-1.2538762,0.16243199,0.83756804,,,,,,
GNB,1990,-1.2538762,0.16243199,0.83756804,,,,,,
GNB,1991,-1.2538762,0.16243199,0.83756804,,,,,,
GNB,1992,-1.2538762,0.16243199,0.83756804,,,,,,
GNB,1993,-1.9393721,0.0,1.0,,,,,,
GNB,1994,-1.9393721,0.0,1.0,,,,,,
GNB,1995,-1.9393721,0.0,1.0,,,,,,
GNB,1996,-1.9393721,0.0,1.0,,,,,,
GNB,1997,-1.2538762,0.16243199,0.83756804,,,,,,
GNB,1998,-1.2538762,0.16243199,0.83756804,,,,,,
GNB,1999,-1.2538762,0.16243199,0.83756804,,,,,,
GNB,2000,-1.2538762,0.16243199,0.83756804,,,,,,
GNB,2001,-1.2538762,0.16243199,0.83756804,,,,,,
GNB,2002,-1.2538762,0.16243199,0.83756804,,,,,,
GNB,2003,-1.2538762,0.16243199,0.83756804,,,,,,
GNB,2004,-1.2538762,0.16243199,0.83756804,,,,,,
GNB,2005,-1.2538762,0.16243199,0.83756804,,,,,,
GNB,2006,-1.2538762,0.16243199,0.83756804,,,,,,
GNB,2007,-1.2538762,0.16243199,0.83756804,,,,,,
GNB,2008,-1.2538762,0.16243199,0.83756804,,,,,,
GNB,2009,-1.2538762,0.16243199,0.83756804,,,,,,
GNB,2010,-1.2538762,0.16243199,0.83756804,,,,,,
GNB,2011,-1.2538762,0.16243199,0.83756804,,,,,,
GNB,2012,-1.2538762,0.16243199,0.83756804,,,,,,
GNB,2013,-1.2538762,0.16243199,0.83756804,,,,,,
GNB,2014,-1.2538762,0.16243199,0.83756804,,,,,,
GNB,2015,-1.2538762,0.16243199,0.83756804,,,,,,
GNB,2016,-1.2538762,0.16243199,0.83756804,,,,,,
GNB,2017,-1.2538762,0.16243199,0.83756804,,,,,,
GNB,2018,-1.2538762,0.16243199,0.83756804,,,,,,
GNB,2019,-1.2538762,0.16243199,0.83756804,,,,,,
GNB,2020,-1.2538762,0.16243199,0.83756804,,,,,,
GNB,2021,-1.2538762,0.16243199,0.83756804,,,,,,
GNB,2022,-1.2538762,0.16243199,0.83756804,,,,,,
GNB,2023,-1.2538762,0.16243199,0.83756804,,,,,,
GNQ,1970,,,,,,,,,
GNQ,1971,,,,,,,,,
GNQ,1972,,,,,,,,,
GNQ,1973,-1.9393721,0.0,1.0,,,,,,
GNQ,1974,-1.9393721,0.0,1.0,,,,,,
GNQ,1975,-1.9393721,0.0,1.0,,,,,,
GNQ,1976,-1.9393721,0.0,1.0,,,,,,
GNQ,1977,-1.9393721,0.0,1.0,,,,,,
GNQ,1978,-1.9393721,0.0,1.0,,,,,,
GNQ,1979,-1.9393721,0.0,1.0,,,,,,
GNQ,1980,-1.9393721,0.0,1.0,,,,,,
GNQ,1981,-1.9393721,0.0,1.0,,,,,,
GNQ,1982,-1.9393721,0.0,1.0,,,,,,
GNQ,1983,-1.9393721,0.0,1.0,,,,,,
GNQ,1984,-1.2538762,0.16243199,0.83756804,,,,,,
GNQ,1985,-1.2538762,0.16243199,0.83756804,,,,,,
GNQ,1986,-1.2538762,0.16243199,0.83756804,,,,,,
GNQ,1987,-1.2538762,0.16243199,0.83756804,,,,,,
GNQ,1988,-1.2538762,0.16243199,0.83756804,,,,,,
GNQ,1989,-1.2538762,0.16243199,0.83756804,,,,,,
GNQ,1990,-1.2538762,0.16243199,0.83756804,,,,,,
GNQ,1991,-1.2538762,0.16243199,0.83756804,,,,,,
GNQ,1992,-1.2538762,0.16243199,0.83756804,,,,,,
GNQ,1993,-1.2538762,0.16243199,0.83756804,,,,,,
GNQ,1994,-1.2538762,0.16243199,0.83756804,,,,,,
GNQ,1995,-0.17476626,0.41813296,0.58186704,,,,,,
GNQ,1996,-1.2538762,0.16243199,0.83756804,,,,,,
GNQ,1997,-1.2538762,0.16243199,0.83756804,,,,,,
GNQ,1998,-1.2538762,0.16243199,0.83756804,,,,,,
GNQ,1999,-1.2538762,0.16243199,0.83756804,,,,,,
GNQ,2000,-1.2538762,0.16243199,0.83756804,,,,,,
GNQ,2001,-1.2538762,0.16243199,0.83756804,,,,,,
GNQ,2002,-1.2538762,0.16243199,0.83756804,,,,,,
GNQ,2003,-1.2538762,0.16243199,0.83756804,,,,,,
GNQ,2004,-1.2538762,0.16243199,0.83756804,,,,,,
GNQ,2005,-1.2538762,0.16243199,0.83756804,,,,,,
GNQ,2006,-1.2538762,0.16243199,0.83756804,,,,,,
GNQ,2007,-1.2538762,0.16243199,0.83756804,,,,,,
GNQ,2008,-1.2538762,0.16243199,0.83756804,,,,,,
GNQ,2009,-1.2538762,0.16243199,0.83756804,,,,,,
GNQ,2010,-1.2538762,0.16243199,0.83756804,,,,,,
GNQ,2011,-1.2538762,0.16243199,0.83756804,,,,,,
GNQ,2012,-1.2538762,0.16243199,0.83756804,,,,,,
GNQ,2013,-1.2538762,0.16243199,0.83756804,,,,,,
GNQ,2014,-1.2538762,0.16243199,0.83756804,,,,,,
GNQ,2015,-1.2538762,0.16243199,0.83756804,,,,,,
GNQ,2016,-1.2538762,0.16243199,0.83756804,,,,,,
GNQ,2017,-1.2538762,0.16243199,0.83756804,,,,,,
GNQ,2018,-1.2538762,0.16243199,0.83756804,,,,,,
GNQ,2019,-1.2538762,0.16243199,0.83756804,,,,,,
GNQ,2020,-1.2538762,0.16243199,0.83756804,,,,,,
GNQ,2021,-1.2538762,0.16243199,0.83756804,,,,,,
GNQ,2022,-1.2538762,0.16243199,0.83756804,,,,,,
GNQ,2023,-1.2538762,0.16243199,0.83756804,,,,,,
GRC,1970,-1.2538762,0.16243199,0.83756804,,,,,,
GRC,1971,-1.2538762,0.16243199,0.83756804,,,,,,
GRC,1972,-1.2538762,0.16243199,0.83756804,,,,,,
GRC,1973,-1.2538762,0.16243199,0.83756804,,,,,,
GRC,1974,-1.2538762,0.16243199,0.83756804,,,,,,
GRC,1975,-1.2538762,0.16243199,0.83756804,,,,,,
GRC,1976,-1.2538762,0.16243199,0.83756804,,,,,,
GRC,1977,-1.2538762,0.16243199,0.83756804,,,,,,
GRC,1978,-1.2538762,0.16243199,0.83756804,,,,,,
GRC,1979,-1.2538762,0.16243199,0.83756804,,,,,,
GRC,1980,-1.2538762,0.16243199,0.83756804,,,,,,
GRC,1981,-1.2538762,0.16243199,0.83756804,,,,,,
GRC,1982,-1.2538762,0.16243199,0.83756804,,,,,,
GRC,1983,-1.2538762,0.16243199,0.83756804,,,,,,
GRC,1984,-1.2538762,0.16243199,0.83756804,,,,,,
GRC,1985,-1.2538762,0.16243199,0.83756804,,,,,,
GRC,1986,-1.2538762,0.16243199,0.83756804,,,,,,
GRC,1987,-1.2538762,0.16243199,0.83756804,,,,,,
GRC,1988,-1.2538762,0.16243199,0.83756804,,,,,,
GRC,1989,-1.2538762,0.16243199,0.83756804,,,,,,
GRC,1990,-1.2538762,0.16243199,0.83756804,,,,,,
GRC,1991,-1.2538762,0.16243199,0.83756804,,,,,,
GRC,1992,-0.17476626,0.41813296,0.58186704,,,,,,
GRC,1993,-0.17476626,0.41813296,0.58186704,,,,,,
GRC,1994,-0.17476626,0.41813296,0.58186704,,,,,,
GRC,1995,-0.17476626,0.41813296,0.58186704,,,,,,
GRC,1996,0.19463086,0.50566363,0.49433637,,,,,,
GRC,1997,0.44640324,0.56532246,0.43467754,0.0776,0.015,0.071,0.0626,0.004,0.0
GRC,1998,0.69817567,0.62498134,0.37501866,0.0776,0.015,0.071,0.0626,0.004,1.0
GRC,1999,0.949948,0.68464017,0.31535983,0.0776,0.015,0.071,0.0626,0.004,1.0
GRC,2000,1.2017204,0.744299,0.255701,0.0776,0.015,0.071,0.0626,0.004,1.0
GRC,2001,1.2017204,0.744299,0.255701,0.0776,0.015,0.071,0.0626,0.004,1.0
GRC,2002,2.2808304,1.0,0.0,0.0776,0.015,0.071,0.0626,0.004,1.0
GRC,2003,2.2808304,1.0,0.0,0.0776,0.015,0.071,0.0626,0.004,0.0
GRC,2004,2.2808304,1.0,0.0,0.0726,0.009999999999999998,0.06433333333333333,0.0626,0.004,1.0
GRC,2005,2.2808304,1.0,0.0,0.06760000000000001,0.004999999999999999,0.057666666666666665,0.0626,0.004,1.0
GRC,2006,2.2808304,1.0,0.0,0.0626,0.0,0.051,0.0626,0.004,0.0
GRC,2007,2.2808304,1.0,0.0,0.0611,0.0,0.04625,0.0611,0.004,1.0
GRC,2008,2.2808304,1.0,0.0,0.0596,0.0,0.041499999999999995,0.0596,0.004,1.0
GRC,2009,2.2808304,1.0,0.0,0.0581,0.0,0.03675,0.0581,0.004,1.0
GRC,2010,2.2808304,1.0,0.0,0.0566,0.0,0.032,0.0566,0.004,0.0
GRC,2011,2.2808304,1.0,0.0,0.0566,0.0,0.032,0.0566,0.004,0.0
GRC,2012,2.2808304,1.0,0.0,0.0566,0.0,0.032,0.0566,0.004,0.0
GRC,2013,2.2808304,1.0,0.0,0.0566,0.0,0.032,0.0566,0.004,0.0
GRC,2014,2.2808304,1.0,0.0,0.0566,0.0,0.032,0.0566,0.004,0.0
GRC,2015,1.2017204,0.744299,0.255701,0.0566,0.0,0.032,0.0566,0.004,0.0
GRC,2016,1.2017204,0.744299,0.255701,0.0566,0.0,0.032,0.0566,0.004,0.0
GRC,2017,1.2017204,0.744299,0.255701,0.0566,0.0,0.032,0.0566,0.004,0.0
GRC,2018,1.2017204,0.744299,0.255701,0.0566,0.0,0.032,0.0566,0.004,0.0
GRC,2019,2.2808304,1.0,0.0,0.0566,0.0,0.032,0.0566,0.004,0.0
GRC,2020,2.2808304,1.0,0.0,0.0566,0.0,0.032,0.0566,0.004,0.0
GRC,2021,2.2808304,1.0,0.0,,,,,,
GRC,2022,2.2808304,1.0,0.0,,,,,,
GRC,2023,2.2808304,1.0,0.0,,,,,,
GRD,1970,,,,,,,,,
GRD,1971,,,,,,,,,
GRD,1972,,,,,,,,,
GRD,1973,,,,,,,,,
GRD,1974,,,,,,,,,
GRD,1975,,,,,,,,,
GRD,1976,,,,,,,,,
GRD,1977,,,,,,,,,
GRD,1978,,,,,,,,,
GRD,1979,-1.9393721,0.0,1.0,,,,,,
GRD,1980,-1.9393721,0.0,1.0,,,,,,
GRD,1981,-1.9393721,0.0,1.0,,,,,,
GRD,1982,-1.9393721,0.0,1.0,,,,,,
GRD,1983,-1.9393721,0.0,1.0,,,,,,
GRD,1984,-1.9393721,0.0,1.0,,,,,,
GRD,1985,-1.9393721,0.0,1.0,,,,,,
GRD,1986,-1.9393721,0.0,1.0,,,,,,
GRD,1987,-1.9393721,0.0,1.0,,,,,,
GRD,1988,-1.9393721,0.0,1.0,,,,,,
GRD,1989,-1.9393721,0.0,1.0,,,,,,
GRD,1990,-1.9393721,0.0,1.0,,,,,,
GRD,1991,-1.9393721,0.0,1.0,,,,,,
GRD,1992,-1.9393721,0.0,1.0,,,,,,
GRD,1993,-0.17476626,0.41813296,0.58186704,,,,,,
GRD,1994,-0.17476626,0.41813296,0.58186704,,,,,,
GRD,1995,-0.17476626,0.41813296,0.58186704,,,,,,
GRD,1996,-1.2538762,0.16243199,0.83756804,,,,,,
GRD,1997,-1.2538762,0.16243199,0.83756804,,,,,,
GRD,1998,-1.2538762,0.16243199,0.83756804,,,,,,
GRD,1999,-1.2538762,0.16243199,0.83756804,,,,,,
GRD,2000,-1.2538762,0.16243199,0.83756804,,,,,,
GRD,2001,-1.2538762,0.16243199,0.83756804,,,,,,
GRD,2002,-1.2538762,0.16243199,0.83756804,,,,,,
GRD,2003,-1.2538762,0.16243199,0.83756804,,,,,,
GRD,2004,-1.2538762,0.16243199,0.83756804,,,,,,
GRD,2005,-0.17476626,0.41813296,0.58186704,,,,,,
GRD,2006,-1.2538762,0.16243199,0.83756804,,,,,,
GRD,2007,-1.2538762,0.16243199,0.83756804,,,,,,
GRD,2008,-1.2538762,0.16243199,0.83756804,,,,,,
GRD,2009,-1.2538762,0.16243199,0.83756804,,,,,,
GRD,2010,-1.2538762,0.16243199,0.83756804,,,,,,
GRD,2011,-1.2538762,0.16243199,0.83756804,,,,,,
GRD,2012,-1.2538762,0.16243199,0.83756804,,,,,,
GRD,2013,-1.2538762,0.16243199,0.83756804,,,,,,
GRD,2014,-1.2538762,0.16243199,0.83756804,,,,,,
GRD,2015,-1.2538762,0.16243199,0.83756804,,,,,,
GRD,2016,-1.2538762,0.16243199,0.83756804,,,,,,
GRD,2017,-1.2538762,0.16243199,0.83756804,,,,,,
GRD,2018,-1.2538762,0.16243199,0.83756804,,,,,,
GRD,2019,-1.2538762,0.16243199,0.83756804,,,,,,
GRD,2020,-1.2538762,0.16243199,0.83756804,,,,,,
GRD,2021,-1.2538762,0.16243199,0.83756804,,,,,,
GRD,2022,-1.2538762,0.16243199,0.83756804,,,,,,
GRD,2023,-1.2538762,0.16243199,0.83756804,,,,,,
GTM,1970,-1.2538762,0.16243199,0.83756804,,,,,,
GTM,1971,-1.2538762,0.16243199,0.83756804,,,,,,
GTM,1972,-1.2538762,0.16243199,0.83756804,,,,,,
GTM,1973,1.2737408,0.76136464,0.23863536,,,,,,
GTM,1974,1.5255132,0.82102346,0.17897654,,,,,,
GTM,1975,1.7772856,0.8806823,0.11931771,,,,,,
GTM,1976,2.029058,0.9403412,0.059658825,,,,,,
GTM,1977,2.2808304,1.0,0.0,,,,,,
GTM,1978,2.2808304,1.0,0.0,,,,,,
GTM,1979,2.2808304,1.0,0.0,,,,,,
GTM,1980,-0.24678667,0.40106735,0.5989326,,,,,,
GTM,1981,-0.49855903,0.34140852,0.6585915,,,,,,
GTM,1982,-0.75033146,0.28174967,0.71825033,,,,,,
GTM,1983,-1.0021038,0.22209083,0.77790916,,,,,,
GTM,1984,-1.9393721,0.0,1.0,,,,,,
GTM,1985,-1.9393721,0.0,1.0,,,,,,
GTM,1986,-1.9393721,0.0,1.0,,,,,,
GTM,1987,-1.9393721,0.0,1.0,,,,,,
GTM,1988,-1.2538762,0.16243199,0.83756804,,,,,,
GTM,1989,0.07700613,0.47779182,0.5222082,,,,,,
GTM,1990,-0.3567173,0.3750187,0.6249813,,,,,,
GTM,1991,-0.10494488,0.43467754,0.56532246,,,,,,
GTM,1992,0.14682749,0.49433637,0.50566363,,,,,,
GTM,1993,0.39859986,0.5539952,0.4460048,,,,,,
GTM,1994,1.0840957,0.7164272,0.2835728,,,,,,
GTM,1995,1.0840957,0.7164272,0.2835728,,,,,,
GTM,1996,1.0840957,0.7164272,0.2835728,,,,,,
GTM,1997,1.0840957,0.7164272,0.2835728,,,,,,
GTM,1998,1.0840957,0.7164272,0.2835728,,,,,,
GTM,1999,1.0840957,0.7164272,0.2835728,,,,,,
GTM,2000,1.0840957,0.7164272,0.2835728,,,,,,
GTM,2001,2.2808304,1.0,0.0,,,,,,
GTM,2002,2.2808304,1.0,0.0,,,,,,
GTM,2003,2.2808304,1.0,0.0,,,,,,
GTM,2004,2.2808304,1.0,0.0,,,,,,
GTM,2005,2.2808304,1.0,0.0,,,,,,
GTM,2006,2.2808304,1.0,0.0,,,,,,
GTM,2007,2.2808304,1.0,0.0,,,,,,
GTM,2008,2.2808304,1.0,0.0,,,,,,
GTM,2009,2.2808304,1.0,0.0,,,,,,
GTM,2010,2.2808304,1.0,0.0,,,,,,
GTM,2011,2.2808304,1.0,0.0,,,,,,
GTM,2012,2.2808304,1.0,0.0,,,,,,
GTM,2013,2.2808304,1.0,0.0,,,,,,
GTM,2014,2.2808304,1.0,0.0,,,,,,
GTM,2015,2.2808304,1.0,0.0,,,,,,
GTM,2016,2.2808304,1.0,0.0,,,,,,
GTM,2017,2.2808304,1.0,0.0,,,,,,
GTM,2018,2.2808304,1.0,0.0,,,,,,
GTM,2019,2.2808304,1.0,0.0,,,,,,
GTM,2020,2.2808304,1.0,0.0,,,,,,
GTM,2021,2.2808304,1.0,0.0,,,,,,
GTM,2022,2.2808304,1.0,0.0,,,,,,
GTM,2023,2.2808304,1.0,0.0,,,,,,
GUY,1970,-1.2538762,0.16243199,0.83756804,,,,,,
GUY,1971,-1.2538762,0.16243199,0.83756804,,,,,,
GUY,1972,-1.2538762,0.16243199,0.83756804,,,,,,
GUY,1973,-1.2538762,0.16243199,0.83756804,,,,,,
GUY,1974,-1.2538762,0.16243199,0.83756804,,,,,,
GUY,1975,-1.2538762,0.16243199,0.83756804,,,,,,
GUY,1976,-1.2538762,0.16243199,0.83756804,,,,,,
GUY,1977,-1.2538762,0.16243199,0.83756804,,,,,,
GUY,1978,-1.2538762,0.16243199,0.83756804,,,,,,
GUY,1979,-1.2538762,0.16243199,0.83756804,,,,,,
GUY,1980,-1.2538762,0.16243199,0.83756804,,,,,,
GUY,1981,-1.2538762,0.16243199,0.83756804,,,,,,
GUY,1982,-1.2538762,0.16243199,0.83756804,,,,,,
GUY,1983,-1.2538762,0.16243199,0.83756804,,,,,,
GUY,1984,-1.2538762,0.16243199,0.83756804,,,,,,
GUY,1985,-1.2538762,0.16243199,0.83756804,,,,,,
GUY,1986,-1.2538762,0.16243199,0.83756804,,,,,,
GUY,1987,-1.9393721,0.0,1.0,,,,,,
GUY,1988,-1.9393721,0.0,1.0,,,,,,
GUY,1989,-1.9393721,0.0,1.0,,,,,,
GUY,1990,-1.9393721,0.0,1.0,,,,,,
GUY,1991,-1.2538762,0.16243199,0.83756804,,,,,,
GUY,1992,-1.9393721,0.0,1.0,,,,,,
GUY,1993,-0.86026204,0.255701,0.744299,,,,,,
GUY,1994,-0.86026204,0.255701,0.744299,,,,,,
GUY,1995,-0.17476626,0.41813296,0.58186704,,,,,,
GUY,1996,1.2737408,0.76136464,0.23863536,,,,,,
GUY,1997,1.5255132,0.82102346,0.17897654,,,,,,
GUY,1998,1.7772856,0.8806823,0.11931771,,,,,,
GUY,1999,2.029058,0.9403412,0.059658825,,,,,,
GUY,2000,2.2808304,1.0,0.0,,,,,,
GUY,2001,2.2808304,1.0,0.0,,,,,,
GUY,2002,2.2808304,1.0,0.0,,,,,,
GUY,2003,2.2808304,1.0,0.0,,,,,,
GUY,2004,2.2808304,1.0,0.0,,,,,,
GUY,2005,2.2808304,1.0,0.0,,,,,,
GUY,2006,2.2808304,1.0,0.0,,,,,,
GUY,2007,2.2808304,1.0,0.0,,,,,,
GUY,2008,2.2808304,1.0,0.0,,,,,,
GUY,2009,2.2808304,1.0,0.0,,,,,,
GUY,2010,2.2808304,1.0,0.0,,,,,,
GUY,2011,2.2808304,1.0,0.0,,,,,,
GUY,2012,2.2808304,1.0,0.0,,,,,,
GUY,2013,2.2808304,1.0,0.0,,,,,,
GUY,2014,2.2808304,1.0,0.0,,,,,,
GUY,2015,2.2808304,1.0,0.0,,,,,,
GUY,2016,2.2808304,1.0,0.0,,,,,,
GUY,2017,1.0840957,0.7164272,0.2835728,,,,,,
GUY,2018,1.0840957,0.7164272,0.2835728,,,,,,
GUY,2019,1.0840957,0.7164272,0.2835728,,,,,,
GUY,2020,1.0840957,0.7164272,0.2835728,,,,,,
GUY,2021,1.0840957,0.7164272,0.2835728,,,,,,
GUY,2022,0.8323233,0.6567683,0.34323168,,,,,,
GUY,2023,0.5805509,0.5971095,0.4028905,,,,,,
HKG,1970,1.5953345,0.83756804,0.16243196,,,,,,
HKG,1971,1.0840957,0.7164272,0.2835728,,,,,,
HKG,1972,2.2808304,1.0,0.0,,,,,,
HKG,1973,2.2808304,1.0,0.0,,,,,,
HKG,1974,2.2808304,1.0,0.0,,,,,,
HKG,1975,2.2808304,1.0,0.0,,,,,,
HKG,1976,2.2808304,1.0,0.0,,,,,,
HKG,1977,2.2808304,1.0,0.0,,,,,,
HKG,1978,2.2808304,1.0,0.0,,,,,,
HKG,1979,2.2808304,1.0,0.0,,,,,,
HKG,1980,2.2808304,1.0,0.0,,,,,,
HKG,1981,2.2808304,1.0,0.0,,,,,,
HKG,1982,2.2808304,1.0,0.0,,,,,,
HKG,1983,2.2808304,1.0,0.0,,,,,,
HKG,1984,2.2808304,1.0,0.0,,,,,,
HKG,1985,2.2808304,1.0,0.0,,,,,,
HKG,1986,2.2808304,1.0,0.0,,,,,,
HKG,1987,2.2808304,1.0,0.0,,,,,,
HKG,1988,2.2808304,1.0,0.0,,,,,,
HKG,1989,2.2808304,1.0,0.0,,,,,,
HKG,1990,2.2808304,1.0,0.0,,,,,,
HKG,1991,2.2808304,1.0,0.0,,,,,,
HKG,1992,2.2808304,1.0,0.0,,,,,,
HKG,1993,2.2808304,1.0,0.0,,,,,,
HKG,1994,2.2808304,1.0,0.0,,,,,,
HKG,1995,2.2808304,1.0,0.0,,,,,,
HKG,1996,2.2808304,1.0,0.0,,,,,,
HKG,1997,2.2808304,1.0,0.0,,,,,,
HKG,1998,2.2808304,1.0,0.0,,,,,,
HKG,1999,2.2808304,1.0,0.0,,,,,,
HKG,2000,2.2808304,1.0,0.0,,,,,,
HKG,2001,2.2808304,1.0,0.0,,,,,,
HKG,2002,2.2808304,1.0,0.0,,,,,,
HKG,2003,2.2808304,1.0,0.0,,,,,,
HKG,2004,2.2808304,1.0,0.0,,,,,,
HKG,2005,2.2808304,1.0,0.0,,,,,,
HKG,2006,2.2808304,1.0,0.0,,,,,,
HKG,2007,2.2808304,1.0,0.0,,,,,,
HKG,2008,2.2808304,1.0,0.0,,,,,,
HKG,2009,2.2808304,1.0,0.0,,,,,,
HKG,2010,2.2808304,1.0,0.0,,,,,,
HKG,2011,2.2808304,1.0,0.0,,,,,,
HKG,2012,2.2808304,1.0,0.0,,,,,,
HKG,2013,2.2808304,1.0,0.0,,,,,,
HKG,2014,2.2808304,1.0,0.0,,,,,,
HKG,2015,2.2808304,1.0,0.0,,,,,,
HKG,2016,2.2808304,1.0,0.0,,,,,,
HKG,2017,2.2808304,1.0,0.0,,,,,,
HKG,2018,2.2808304,1.0,0.0,,,,,,
HKG,2019,2.2808304,1.0,0.0,,,,,,
HKG,2020,2.2808304,1.0,0.0,,,,,,
HKG,2021,2.2808304,1.0,0.0,,,,,,
HKG,2022,2.2808304,1.0,0.0,,,,,,
HKG,2023,2.2808304,1.0,0.0,,,,,,
HND,1970,2.2808304,1.0,0.0,,,,,,
HND,1971,2.2808304,1.0,0.0,,,,,,
HND,1972,2.2808304,1.0,0.0,,,,,,
HND,1973,2.2808304,1.0,0.0,,,,,,
HND,1974,2.2808304,1.0,0.0,,,,,,
HND,1975,2.2808304,1.0,0.0,,,,,,
HND,1976,2.2808304,1.0,0.0,,,,,,
HND,1977,2.2808304,1.0,0.0,,,,,,
HND,1978,1.0840957,0.7164272,0.2835728,,,,,,
HND,1979,1.0840957,0.7164272,0.2835728,,,,,,
HND,1980,0.8323233,0.6567683,0.34323168,,,,,,
HND,1981,-0.49855903,0.34140852,0.6585915,,,,,,
HND,1982,-0.75033146,0.28174967,0.71825033,,,,,,
HND,1983,-1.0021038,0.22209083,0.77790916,,,,,,
HND,1984,-1.2538762,0.16243199,0.83756804,,,,,,
HND,1985,-1.2538762,0.16243199,0.83756804,,,,,,
HND,1986,-1.2538762,0.16243199,0.83756804,,,,,,
HND,1987,-1.2538762,0.16243199,0.83756804,,,,,,
HND,1988,-1.9393721,0.0,1.0,,,,,,
HND,1989,-1.9393721,0.0,1.0,,,,,,
HND,1990,-1.9393721,0.0,1.0,,,,,,
HND,1991,-1.9393721,0.0,1.0,,,,,,
HND,1992,-1.9393721,0.0,1.0,,,,,,
HND,1993,0.07700613,0.47779182,0.5222082,,,,,,
HND,1994,0.32877854,0.5374507,0.46254933,,,,,,
HND,1995,0.5805509,0.5971095,0.4028905,,,,,,
HND,1996,-0.10494488,0.43467754,0.56532246,,,,,,
HND,1997,-0.10494488,0.43467754,0.56532246,,,,,,
HND,1998,-0.3567173,0.3750187,0.6249813,,,,,,
HND,1999,0.07700613,0.47779182,0.5222082,,,,,,
HND,2000,-0.17476626,0.41813296,0.58186704,,,,,,
HND,2001,-0.17476626,0.41813296,0.58186704,,,,,,
HND,2002,-0.17476626,0.41813296,0.58186704,,,,,,
HND,2003,-0.17476626,0.41813296,0.58186704,,,,,,
HND,2004,-0.17476626,0.41813296,0.58186704,,,,,,
HND,2005,-0.17476626,0.41813296,0.58186704,,,,,,
HND,2006,-0.17476626,0.41813296,0.58186704,,,,,,
HND,2007,-0.17476626,0.41813296,0.58186704,,,,,,
HND,2008,1.0219685,0.7017058,0.2982942,,,,,,
HND,2009,-0.17476626,0.41813296,0.58186704,,,,,,
HND,2010,-1.2538762,0.16243199,0.83756804,,,,,,
HND,2011,-1.2538762,0.16243199,0.83756804,,,,,,
HND,2012,-1.2538762,0.16243199,0.83756804,,,,,,
HND,2013,-1.2538762,0.16243199,0.83756804,,,,,,
HND,2014,-1.2538762,0.16243199,0.83756804,,,,,,
HND,2015,-1.2538762,0.16243199,0.83756804,,,,,,
HND,2016,-1.2538762,0.16243199,0.83756804,,,,,,
HND,2017,-1.2538762,0.16243199,0.83756804,,,,,,
HND,2018,-1.2538762,0.16243199,0.83756804,,,,,,
HND,2019,-1.2538762,0.16243199,0.83756804,,,,,,
HND,2020,-1.2538762,0.16243199,0.83756804,,,,,,
HND,2021,-1.2538762,0.16243199,0.83756804,,,,,,
HND,2022,-1.2538762,0.16243199,0.83756804,,,,,,
HND,2023,-1.2538762,0.16243199,0.83756804,,,,,,
HRV,1970,,,,,,,,,
HRV,1971,,,,,,,,,
HRV,1972,,,,,,,,,
HRV,1973,,,,,,,,,
HRV,1974,,,,,,,,,
HRV,1975,,,,,,,,,
HRV,1976,,,,,,,,,
HRV,1977,,,,,,,,,
HRV,1978,,,,,,,,,
HRV,1979,,,,,,,,,
HRV,1980,,,,,,,,,
HRV,1981,,,,,,,,,
HRV,1982,,,,,,,,,
HRV,1983,,,,,,,,,
HRV,1984,,,,,,,,,
HRV,1985,,,,,,,,,
HRV,1986,,,,,,,,,
HRV,1987,,,,,,,,,
HRV,1988,,,,,,,,,
HRV,1989,,,,,,,,,
HRV,1990,,,,,,,,,
HRV,1991,,,,,,,,,
HRV,1992,,,,,,,,,
HRV,1993,,,,,,,,,
HRV,1994,,,,,,,,,
HRV,1995,,,,,,,,,
HRV,1996,-0.17476626,0.41813296,0.58186704,,,,,,
HRV,1997,-0.17476626,0.41813296,0.58186704,,,,,,1.0
HRV,1998,-0.17476626,0.41813296,0.58186704,,,,,,1.0
HRV,1999,-0.17476626,0.41813296,0.58186704,,,,,,1.0
HRV,2000,-0.17476626,0.41813296,0.58186704,,,,,,1.0
HRV,2001,-0.17476626,0.41813296,0.58186704,,,,,,1.0
HRV,2002,-0.17476626,0.41813296,0.58186704,,,,,,1.0
HRV,2003,1.0219685,0.7017058,0.2982942,,,,,,1.0
HRV,2004,1.0219685,0.7017058,0.2982942,,,,,,1.0
HRV,2005,1.0219685,0.7017058,0.2982942,,,,,,1.0
HRV,2006,1.0219685,0.7017058,0.2982942,,,,,,1.0
HRV,2007,1.0219685,0.7017058,0.2982942,,,,,,1.0
HRV,2008,1.0219685,0.7017058,0.2982942,,,,,,1.0
HRV,2009,1.0219685,0.7017058,0.2982942,,,,,,1.0
HRV,2010,1.0219685,0.7017058,0.2982942,,,,,,1.0
HRV,2011,1.0219685,0.7017058,0.2982942,,,,,,1.0
HRV,2012,1.0219685,0.7017058,0.2982942,,,,,,1.0
HRV,2013,1.0219685,0.7017058,0.2982942,,,,,,1.0
HRV,2014,1.0219685,0.7017058,0.2982942,,,,,,1.0
HRV,2015,1.0219685,0.7017058,0.2982942,,,,,,1.0
HRV,2016,1.0219685,0.7017058,0.2982942,,,,,,1.0
HRV,2017,1.0219685,0.7017058,0.2982942,,,,,,1.0
HRV,2018,1.0219685,0.7017058,0.2982942,0.0372,0.014,0.034,0.0232,0.0,0.0
HRV,2019,1.0219685,0.7017058,0.2982942,0.0372,0.014,0.034,0.0232,0.0,0.0
HRV,2020,1.0219685,0.7017058,0.2982942,0.0372,0.014,0.034,0.0232,0.0,0.0
HRV,2021,1.0219685,0.7017058,0.2982942,,,,,,
HRV,2022,1.0219685,0.7017058,0.2982942,,,,,,
HRV,2023,1.0219685,0.7017058,0.2982942,,,,,,
HTI,1970,0.19463086,0.50566363,0.49433637,,,,,,
HTI,1971,1.0219685,0.7017058,0.2982942,,,,,,
HTI,1972,1.0219685,0.7017058,0.2982942,,,,,,
HTI,1973,1.0219685,0.7017058,0.2982942,,,,,,
HTI,1974,1.0219685,0.7017058,0.2982942,,,,,,
HTI,1975,1.0219685,0.7017058,0.2982942,,,,,,
HTI,1976,1.0219685,0.7017058,0.2982942,,,,,,
HTI,1977,,,,,,,,,
HTI,1978,,,,,,,,,
HTI,1979,,,,,,,,,
HTI,1980,,,,,,,,,
HTI,1981,,,,,,,,,
HTI,1982,,,,,,,,,
HTI,1983,,,,,,,,,
HTI,1984,-0.17476626,0.41813296,0.58186704,,,,,,
HTI,1985,-0.17476626,0.41813296,0.58186704,,,,,,
HTI,1986,-0.17476626,0.41813296,0.58186704,,,,,,
HTI,1987,-0.17476626,0.41813296,0.58186704,,,,,,
HTI,1988,-0.17476626,0.41813296,0.58186704,,,,,,
HTI,1989,-0.17476626,0.41813296,0.58186704,,,,,,
HTI,1990,-0.86026204,0.255701,0.744299,,,,,,
HTI,1991,-0.17476626,0.41813296,0.58186704,,,,,,
HTI,1992,-0.17476626,0.41813296,0.58186704,,,,,,
HTI,1993,-0.17476626,0.41813296,0.58186704,,,,,,
HTI,1994,-0.17476626,0.41813296,0.58186704,,,,,,
HTI,1995,-0.17476626,0.41813296,0.58186704,,,,,,
HTI,1996,-0.17476626,0.41813296,0.58186704,,,,,,
HTI,1997,1.0219685,0.7017058,0.2982942,,,,,,
HTI,1998,1.0219685,0.7017058,0.2982942,,,,,,
HTI,1999,1.0219685,0.7017058,0.2982942,,,,,,
HTI,2000,1.0219685,0.7017058,0.2982942,,,,,,
HTI,2001,1.0219685,0.7017058,0.2982942,,,,,,
HTI,2002,1.0219685,0.7017058,0.2982942,,,,,,
HTI,2003,1.2737408,0.76136464,0.23863536,,,,,,
HTI,2004,1.5255132,0.82102346,0.17897654,,,,,,
HTI,2005,1.7772856,0.8806823,0.11931771,,,,,,
HTI,2006,2.029058,0.9403412,0.059658825,,,,,,
HTI,2007,2.2808304,1.0,0.0,,,,,,
HTI,2008,2.2808304,1.0,0.0,,,,,,
HTI,2009,2.2808304,1.0,0.0,,,,,,
HTI,2010,2.2808304,1.0,0.0,,,,,,
HTI,2011,2.2808304,1.0,0.0,,,,,,
HTI,2012,2.2808304,1.0,0.0,,,,,,
HTI,2013,2.2808304,1.0,0.0,,,,,,
HTI,2014,2.2808304,1.0,0.0,,,,,,
HTI,2015,2.2808304,1.0,0.0,,,,,,
HTI,2016,2.2808304,1.0,0.0,,,,,,
HTI,2017,2.2808304,1.0,0.0,,,,,,
HTI,2018,2.2808304,1.0,0.0,,,,,,
HTI,2019,2.2808304,1.0,0.0,,,,,,
HTI,2020,2.2808304,1.0,0.0,,,,,,
HTI,2021,1.0840957,0.7164272,0.2835728,,,,,,
HTI,2022,1.0840957,0.7164272,0.2835728,,,,,,
HTI,2023,1.0840957,0.7164272,0.2835728,,,,,,
HUN,1970,,,,,,,,,
HUN,1971,,,,,,,,,
HUN,1972,,,,,,,,,
HUN,1973,,,,,,,,,
HUN,1974,,,,,,,,,
HUN,1975,,,,,,,,,
HUN,1976,,,,,,,,,
HUN,1977,,,,,,,,,
HUN,1978,,,,,,,,,
HUN,1979,,,,,,,,,
HUN,1980,,,,,,,,,
HUN,1981,,,,,,,,,
HUN,1982,,,,,,,,,
HUN,1983,,,,,,,,,
HUN,1984,,,,,,,,,
HUN,1985,,,,,,,,,
HUN,1986,-1.9393721,0.0,1.0,,,,,,
HUN,1987,-1.9393721,0.0,1.0,,,,,,
HUN,1988,-1.9393721,0.0,1.0,,,,,,
HUN,1989,-1.9393721,0.0,1.0,,,,,,
HUN,1990,-1.9393721,0.0,1.0,,,,,,
HUN,1991,-1.9393721,0.0,1.0,,,,,,
HUN,1992,-1.9393721,0.0,1.0,,,,,,
HUN,1993,-1.2538762,0.16243199,0.83756804,,,,,,
HUN,1994,-1.2538762,0.16243199,0.83756804,,,,,,
HUN,1995,-1.2538762,0.16243199,0.83756804,,,,,,
HUN,1996,-0.17476626,0.41813296,0.58186704,,,,,,
HUN,1997,-0.17476626,0.41813296,0.58186704,0.11660000000000001,0.05,0.154,0.0666,0.0,0.0
HUN,1998,-0.17476626,0.41813296,0.58186704,0.10843333333333334,0.04166666666666667,0.1385,0.06676666666666667,0.0,1.0
HUN,1999,-0.17476626,0.41813296,0.58186704,0.10026666666666667,0.03333333333333334,0.123,0.06693333333333334,0.0,1.0
HUN,2000,-0.17476626,0.41813296,0.58186704,0.09210000000000002,0.025,0.1075,0.0671,0.0,1.0
HUN,2001,1.2737408,0.76136464,0.23863536,0.08393333333333333,0.01666666666666667,0.092,0.06726666666666667,0.0,1.0
HUN,2002,1.5255132,0.82102346,0.17897654,0.07576666666666668,0.008333333333333338,0.0765,0.06743333333333335,0.0,1.0
HUN,2003,1.7772856,0.8806823,0.11931771,0.06760000000000001,0.0,0.061,0.06760000000000001,0.0,0.0
HUN,2004,2.029058,0.9403412,0.059658825,0.06760000000000001,0.0,0.061,0.06760000000000001,0.0,1.0
HUN,2005,2.2808304,1.0,0.0,0.06760000000000001,0.0,0.061,0.06760000000000001,0.0,1.0
HUN,2006,2.2808304,1.0,0.0,0.06760000000000001,0.0,0.061,0.06760000000000001,0.0,0.0
HUN,2007,2.2808304,1.0,0.0,0.059300000000000005,0.0,0.053,0.059300000000000005,0.0,1.0
HUN,2008,2.2808304,1.0,0.0,0.051000000000000004,0.0,0.045,0.051000000000000004,0.0,1.0
HUN,2009,2.2808304,1.0,0.0,0.0427,0.0,0.037,0.0427,0.0,1.0
HUN,2010,2.2808304,1.0,0.0,0.0344,0.0,0.029,0.0344,0.0,0.0
HUN,2011,2.2808304,1.0,0.0,0.0344,0.0,0.029,0.0344,0.0,0.0
HUN,2012,2.2808304,1.0,0.0,0.0344,0.0,0.029,0.0344,0.0,0.0
HUN,2013,2.2808304,1.0,0.0,0.0344,0.0,0.029,0.0344,0.0,0.0
HUN,2014,2.2808304,1.0,0.0,0.0344,0.0,0.029,0.0344,0.0,0.0
HUN,2015,2.2808304,1.0,0.0,0.0344,0.0,0.029,0.0344,0.0,0.0
HUN,2016,2.2808304,1.0,0.0,0.0344,0.0,0.029,0.0344,0.0,0.0
HUN,2017,2.2808304,1.0,0.0,0.0344,0.0,0.029,0.0344,0.0,0.0
HUN,2018,2.2808304,1.0,0.0,0.0344,0.0,0.029,0.0344,0.0,0.0
HUN,2019,2.2808304,1.0,0.0,0.0344,0.0,0.029,0.0344,0.0,0.0
HUN,2020,2.2808304,1.0,0.0,0.0344,0.0,0.029,0.0344,0.0,0.0
HUN,2021,2.2808304,1.0,0.0,,,,,,
HUN,2022,2.2808304,1.0,0.0,,,,,,
HUN,2023,2.2808304,1.0,0.0,,,,,,
IDN,1970,0.32877854,0.5374507,0.46254933,,,,,,
IDN,1971,0.5805509,0.5971095,0.4028905,,,,,,
IDN,1972,0.8323233,0.6567683,0.34323168,,,,,,
IDN,1973,1.0840957,0.7164272,0.2835728,,,,,,
IDN,1974,1.0840957,0.7164272,0.2835728,,,,,,
IDN,1975,1.0840957,0.7164272,0.2835728,,,,,,
IDN,1976,1.0840957,0.7164272,0.2835728,,,,,,
IDN,1977,0.004985706,0.46072617,0.53927386,,,,,,
IDN,1978,1.0840957,0.7164272,0.2835728,,,,,,
IDN,1979,1.0840957,0.7164272,0.2835728,,,,,,
IDN,1980,1.0840957,0.7164272,0.2835728,,,,,,
IDN,1981,1.0840957,0.7164272,0.2835728,,,,,,
IDN,1982,2.2808304,1.0,0.0,,,,,,
IDN,1983,2.2808304,1.0,0.0,,,,,,
IDN,1984,2.2808304,1.0,0.0,,,,,,
IDN,1985,2.2808304,1.0,0.0,,,,,,
IDN,1986,2.2808304,1.0,0.0,,,,,,
IDN,1987,2.2808304,1.0,0.0,,,,,,
IDN,1988,2.2808304,1.0,0.0,,,,,,
IDN,1989,2.2808304,1.0,0.0,,,,,,
IDN,1990,2.2808304,1.0,0.0,,,,,,
IDN,1991,2.2808304,1.0,0.0,,,,,,
IDN,1992,2.2808304,1.0,0.0,,,,,,
IDN,1993,2.2808304,1.0,0.0,,,,,,
IDN,1994,2.2808304,1.0,0.0,,,,,,
IDN,1995,2.2808304,1.0,0.0,,,,,,
IDN,1996,2.029058,0.9403412,0.059658825,,,,,,
IDN,1997,1.7772856,0.8806823,0.11931771,0.6232,0.16,0.479,0.46319999999999995,0.0,0.0
IDN,1998,0.8400174,0.6585915,0.3414085,0.6092,0.15716666666666668,0.45999999999999996,0.4520333333333333,0.0,1.0
IDN,1999,1.2737408,0.76136464,0.23863536,0.5952,0.15433333333333332,0.441,0.44086666666666663,0.0,1.0
IDN,2000,1.0219685,0.7017058,0.2982942,0.5811999999999999,0.1515,0.422,0.42969999999999997,0.0,1.0
IDN,2001,1.0219685,0.7017058,0.2982942,0.5672,0.14866666666666667,0.40299999999999997,0.4185333333333333,0.0,1.0
IDN,2002,1.0219685,0.7017058,0.2982942,0.5532,0.14583333333333331,0.384,0.40736666666666665,0.0,1.0
IDN,2003,1.0219685,0.7017058,0.2982942,0.5392,0.143,0.365,0.3962,0.0,0.0
IDN,2004,1.0219685,0.7017058,0.2982942,0.5392,0.143,0.365,0.3962,0.0,1.0
IDN,2005,1.0219685,0.7017058,0.2982942,0.5392,0.143,0.365,0.3962,0.0,1.0
IDN,2006,1.0219685,0.7017058,0.2982942,0.5392,0.143,0.365,0.3962,0.0,0.0
IDN,2007,1.0219685,0.7017058,0.2982942,0.52875,0.1285,0.3535,0.40025,0.0,1.0
IDN,2008,1.0219685,0.7017058,0.2982942,0.5183,0.11399999999999999,0.34199999999999997,0.4043,0.0,1.0
IDN,2009,1.0219685,0.7017058,0.2982942,0.50785,0.0995,0.3305,0.40835,0.0,1.0
IDN,2010,1.0219685,0.7017058,0.2982942,0.4974,0.085,0.319,0.4124,0.0,0.0
IDN,2011,-0.17476626,0.41813296,0.58186704,0.4974,0.085,0.319,0.4124,0.0,0.0
IDN,2012,-0.17476626,0.41813296,0.58186704,0.4974,0.085,0.324,0.4124,0.0,0.0
IDN,2013,-0.17476626,0.41813296,0.58186704,0.5424,0.135,0.368,0.4074,0.0,0.0
IDN,2014,-0.17476626,0.41813296,0.58186704,0.48,0.159,0.39,0.32099999999999995,0.0,0.0
IDN,2015,-0.17476626,0.41813296,0.58186704,0.48,0.159,0.39,0.32099999999999995,0.0,0.0
IDN,2016,-0.17476626,0.41813296,0.58186704,0.4384,0.152,0.355,0.2864,0.0,0.0
IDN,2017,-0.17476626,0.41813296,0.58186704,0.4384,0.152,0.355,0.2864,0.0,0.0
IDN,2018,-0.17476626,0.41813296,0.58186704,0.42919999999999997,0.147,0.347,0.2822,0.0,0.0
IDN,2019,-0.17476626,0.41813296,0.58186704,0.42919999999999997,0.147,0.347,0.2822,0.0,0.0
IDN,2020,-0.17476626,0.41813296,0.58186704,0.42919999999999997,0.147,0.347,0.2822,0.0,0.0
IDN,2021,-0.17476626,0.41813296,0.58186704,,,,,,
IDN,2022,-0.17476626,0.41813296,0.58186704,,,,,,
IDN,2023,-0.17476626,0.41813296,0.58186704,,,,,,
IND,1970,-1.2538762,0.16243199,0.83756804,,,,,,
IND,1971,-1.2538762,0.16243199,0.83756804,,,,,,
IND,1972,-1.2538762,0.16243199,0.83756804,,,,,,
IND,1973,-1.2538762,0.16243199,0.83756804,,,,,,
IND,1974,-1.2538762,0.16243199,0.83756804,,,,,,
IND,1975,-1.2538762,0.16243199,0.83756804,,,,,,
IND,1976,-1.2538762,0.16243199,0.83756804,,,,,,
IND,1977,-1.2538762,0.16243199,0.83756804,,,,,,
IND,1978,-1.2538762,0.16243199,0.83756804,,,,,,
IND,1979,-1.2538762,0.16243199,0.83756804,,,,,,
IND,1980,-1.2538762,0.16243199,0.83756804,,,,,,
IND,1981,-1.2538762,0.16243199,0.83756804,,,,,,
IND,1982,-1.2538762,0.16243199,0.83756804,,,,,,
IND,1983,-1.2538762,0.16243199,0.83756804,,,,,,
IND,1984,-1.2538762,0.16243199,0.83756804,,,,,,
IND,1985,-1.2538762,0.16243199,0.83756804,,,,,,
IND,1986,-1.2538762,0.16243199,0.83756804,,,,,,
IND,1987,-1.2538762,0.16243199,0.83756804,,,,,,
IND,1988,-1.2538762,0.16243199,0.83756804,,,,,,
IND,1989,-1.2538762,0.16243199,0.83756804,,,,,,
IND,1990,-1.2538762,0.16243199,0.83756804,,,,,,
IND,1991,-1.2538762,0.16243199,0.83756804,,,,,,
IND,1992,-1.2538762,0.16243199,0.83756804,,,,,,
IND,1993,-1.2538762,0.16243199,0.83756804,,,,,,
IND,1994,-1.2538762,0.16243199,0.83756804,,,,,,
IND,1995,-1.2538762,0.16243199,0.83756804,,,,,,
IND,1996,-1.2538762,0.16243199,0.83756804,,,,,,
IND,1997,-1.2538762,0.16243199,0.83756804,0.5704,0.237,0.48,0.33340000000000003,0.162,0.0
IND,1998,-1.2538762,0.16243199,0.83756804,0.5657333333333333,0.21116666666666667,0.4696666666666667,0.3545666666666667,0.154,1.0
IND,1999,-1.2538762,0.16243199,0.83756804,0.5610666666666667,0.18533333333333332,0.4593333333333333,0.37573333333333336,0.14600000000000002,1.0
IND,2000,-1.2538762,0.16243199,0.83756804,0.5564,0.1595,0.44899999999999995,0.39690000000000003,0.138,1.0
IND,2001,-1.2538762,0.16243199,0.83756804,0.5517333333333333,0.13366666666666666,0.43866666666666665,0.41806666666666664,0.13,1.0
IND,2002,-1.2538762,0.16243199,0.83756804,0.5470666666666667,0.10783333333333334,0.42833333333333334,0.4392333333333333,0.122,1.0
IND,2003,-1.2538762,0.16243199,0.83756804,0.5424,0.082,0.418,0.4604,0.114,0.0
IND,2004,-1.2538762,0.16243199,0.83756804,0.4658,0.06633333333333334,0.3733333333333333,0.39946666666666664,0.08566666666666667,1.0
IND,2005,-1.2538762,0.16243199,0.83756804,0.3892,0.05066666666666667,0.32866666666666666,0.3385333333333333,0.05733333333333333,1.0
IND,2006,-1.2538762,0.16243199,0.83756804,0.3126,0.035,0.284,0.27759999999999996,0.029,0.0
IND,2007,-1.2538762,0.16243199,0.83756804,0.31055,0.038250000000000006,0.28425,0.2723,0.029,1.0
IND,2008,-1.2538762,0.16243199,0.83756804,0.3085,0.0415,0.2845,0.267,0.029,1.0
IND,2009,-1.2538762,0.16243199,0.83756804,0.30645,0.04475,0.28474999999999995,0.2617,0.029,1.0
IND,2010,-1.2538762,0.16243199,0.83756804,0.3044,0.048,0.285,0.2564,0.029,0.0
IND,2011,-1.2538762,0.16243199,0.83756804,0.3044,0.055,0.286,0.2494,0.03,0.0
IND,2012,-1.2538762,0.16243199,0.83756804,0.2952,0.055,0.275,0.24020000000000002,0.036,0.0
IND,2013,-1.2538762,0.16243199,0.83756804,0.2434,0.048,0.259,0.19540000000000002,0.033,0.0
IND,2014,-1.2538762,0.16243199,0.83756804,0.2434,0.048,0.258,0.19540000000000002,0.033,0.0
IND,2015,-1.2538762,0.16243199,0.83756804,0.2166,0.046,0.244,0.17059999999999997,0.033,0.0
IND,2016,-1.2538762,0.16243199,0.83756804,0.185,0.035,0.217,0.15,0.028,0.0
IND,2017,-1.2538762,0.16243199,0.83756804,0.185,0.035,0.217,0.15,0.028,0.0
IND,2018,-1.2538762,0.16243199,0.83756804,0.1782,0.035,0.212,0.1432,0.027,0.0
IND,2019,-1.2538762,0.16243199,0.83756804,0.1752,0.035,0.207,0.1402,0.027,0.0
IND,2020,-1.2538762,0.16243199,0.83756804,0.1752,0.035,0.207,0.1402,0.027,0.0
IND,2021,-1.2538762,0.16243199,0.83756804,,,,,,
IND,2022,-1.2538762,0.16243199,0.83756804,,,,,,
IND,2023,-1.2538762,0.16243199,0.83756804,,,,,,
IRL,1970,-0.86026204,0.255701,0.744299,,,,,,
IRL,1971,-0.86026204,0.255701,0.744299,,,,,,
IRL,1972,-0.86026204,0.255701,0.744299,,,,,,
IRL,1973,-0.86026204,0.255701,0.744299,,,,,,
IRL,1974,-0.86026204,0.255701,0.744299,,,,,,
IRL,1975,-0.86026204,0.255701,0.744299,,,,,,
IRL,1976,-0.86026204,0.255701,0.744299,,,,,,
IRL,1977,-0.86026204,0.255701,0.744299,,,,,,
IRL,1978,-0.17476626,0.41813296,0.58186704,,,,,,
IRL,1979,-0.17476626,0.41813296,0.58186704,,,,,,
IRL,1980,-0.17476626,0.41813296,0.58186704,,,,,,
IRL,1981,-0.17476626,0.41813296,0.58186704,,,,,,
IRL,1982,-0.17476626,0.41813296,0.58186704,,,,,,
IRL,1983,-0.17476626,0.41813296,0.58186704,,,,,,
IRL,1984,-0.17476626,0.41813296,0.58186704,,,,,,
IRL,1985,-0.17476626,0.41813296,0.58186704,,,,,,
IRL,1986,-0.17476626,0.41813296,0.58186704,,,,,,
IRL,1987,-0.17476626,0.41813296,0.58186704,,,,,,
IRL,1988,-0.17476626,0.41813296,0.58186704,,,,,,
IRL,1989,-0.17476626,0.41813296,0.58186704,,,,,,
IRL,1990,-0.17476626,0.41813296,0.58186704,,,,,,
IRL,1991,-0.17476626,0.41813296,0.58186704,,,,,,
IRL,1992,0.07700613,0.47779182,0.5222082,,,,,,
IRL,1993,1.5255132,0.82102346,0.17897654,,,,,,
IRL,1994,1.7772856,0.8806823,0.11931771,,,,,,
IRL,1995,2.029058,0.9403412,0.059658825,,,,,,
IRL,1996,2.2808304,1.0,0.0,,,,,,
IRL,1997,2.2808304,1.0,0.0,0.0478,0.0,0.05,0.0478,0.0,0.0
IRL,1998,2.2808304,1.0,0.0,0.0478,0.0,0.05,0.0478,0.0,1.0
IRL,1999,2.2808304,1.0,0.0,0.0478,0.0,0.05,0.0478,0.0,1.0
IRL,2000,2.2808304,1.0,0.0,0.0478,0.0,0.05,0.0478,0.0,1.0
IRL,2001,2.2808304,1.0,0.0,0.0478,0.0,0.05,0.0478,0.0,1.0
IRL,2002,2.2808304,1.0,0.0,0.0478,0.0,0.05,0.0478,0.0,1.0
IRL,2003,2.2808304,1.0,0.0,0.0478,0.0,0.05,0.0478,0.0,0.0
IRL,2004,2.2808304,1.0,0.0,0.0478,0.0,0.05,0.0478,0.0,1.0
IRL,2005,2.2808304,1.0,0.0,0.0478,0.0,0.05,0.0478,0.0,1.0
IRL,2006,2.2808304,1.0,0.0,0.0478,0.0,0.05,0.0478,0.0,0.0
IRL,2007,2.2808304,1.0,0.0,0.042550000000000004,0.0,0.04825,0.042550000000000004,0.0,1.0
IRL,2008,2.2808304,1.0,0.0,0.0373,0.0,0.0465,0.0373,0.0,1.0
IRL,2009,2.2808304,1.0,0.0,0.03205,0.0,0.04475,0.03205,0.0,1.0
IRL,2010,2.2808304,1.0,0.0,0.0268,0.0,0.043,0.0268,0.0,0.0
IRL,2011,2.2808304,1.0,0.0,0.0268,0.0,0.043,0.0268,0.0,0.0
IRL,2012,2.2808304,1.0,0.0,0.0268,0.0,0.043,0.0268,0.0,0.0
IRL,2013,2.2808304,1.0,0.0,0.0268,0.0,0.043,0.0268,0.0,0.0
IRL,2014,2.2808304,1.0,0.0,0.0268,0.0,0.043,0.0268,0.0,0.0
IRL,2015,2.2808304,1.0,0.0,0.0268,0.0,0.043,0.0268,0.0,0.0
IRL,2016,2.2808304,1.0,0.0,0.0268,0.0,0.043,0.0268,0.0,0.0
IRL,2017,2.2808304,1.0,0.0,0.0268,0.0,0.043,0.0268,0.0,0.0
IRL,2018,2.2808304,1.0,0.0,0.0268,0.0,0.043,0.0268,0.0,0.0
IRL,2019,2.2808304,1.0,0.0,0.0268,0.0,0.043,0.0268,0.0,0.0
IRL,2020,2.2808304,1.0,0.0,0.0268,0.0,0.043,0.0268,0.0,0.0
IRL,2021,2.2808304,1.0,0.0,,,,,,
IRL,2022,2.2808304,1.0,0.0,,,,,,
IRL,2023,2.2808304,1.0,0.0,,,,,,
IRN,1970,-1.2538762,0.16243199,0.83756804,,,,,,
IRN,1971,-1.2538762,0.16243199,0.83756804,,,,,,
IRN,1972,-1.2538762,0.16243199,0.83756804,,,,,,
IRN,1973,-1.2538762,0.16243199,0.83756804,,,,,,
IRN,1974,0.58824503,0.5989327,0.40106732,,,,,,
IRN,1975,0.8400174,0.6585915,0.3414085,,,,,,
IRN,1976,1.0917898,0.71825033,0.28174967,,,,,,
IRN,1977,1.3435621,0.77790916,0.22209084,,,,,,
IRN,1978,0.26445222,0.5222082,0.4777918,,,,,,
IRN,1979,-1.1840549,0.17897654,0.82102346,,,,,,
IRN,1980,-0.75033146,0.28174967,0.71825033,,,,,,
IRN,1981,-1.6875997,0.059658844,0.9403412,,,,,,
IRN,1982,-1.9393721,0.0,1.0,,,,,,
IRN,1983,-1.9393721,0.0,1.0,,,,,,
IRN,1984,-1.2538762,0.16243199,0.83756804,,,,,,
IRN,1985,-1.2538762,0.16243199,0.83756804,,,,,,
IRN,1986,-1.2538762,0.16243199,0.83756804,,,,,,
IRN,1987,-1.2538762,0.16243199,0.83756804,,,,,,
IRN,1988,-1.2538762,0.16243199,0.83756804,,,,,,
IRN,1989,-1.2538762,0.16243199,0.83756804,,,,,,
IRN,1990,-1.9393721,0.0,1.0,,,,,,
IRN,1991,-1.9393721,0.0,1.0,,,,,,
IRN,1992,-1.9393721,0.0,1.0,,,,,,
IRN,1993,-1.9393721,0.0,1.0,,,,,,
IRN,1994,-1.9393721,0.0,1.0,,,,,,
IRN,1995,-1.9393721,0.0,1.0,,,,,,
IRN,1996,-1.9393721,0.0,1.0,,,,,,
IRN,1997,-1.9393721,0.0,1.0,,,,,,
IRN,1998,-1.9393721,0.0,1.0,,,,,,
IRN,1999,-1.9393721,0.0,1.0,,,,,,
IRN,2000,-1.9393721,0.0,1.0,,,,,,
IRN,2001,-1.2538762,0.16243199,0.83756804,,,,,,
IRN,2002,-0.05714153,0.4460048,0.5539952,,,,,,
IRN,2003,-0.05714153,0.4460048,0.5539952,,,,,,
IRN,2004,-0.05714153,0.4460048,0.5539952,,,,,,
IRN,2005,-0.05714153,0.4460048,0.5539952,,,,,,
IRN,2006,-0.05714153,0.4460048,0.5539952,,,,,,
IRN,2007,-0.05714153,0.4460048,0.5539952,,,,,,
IRN,2008,-0.05714153,0.4460048,0.5539952,,,,,,
IRN,2009,-0.05714153,0.4460048,0.5539952,,,,,,
IRN,2010,-0.05714153,0.4460048,0.5539952,,,,,,
IRN,2011,-0.05714153,0.4460048,0.5539952,,,,,,
IRN,2012,-0.74263734,0.28357282,0.7164272,,,,,,
IRN,2013,-0.74263734,0.28357282,0.7164272,,,,,,
IRN,2014,-0.74263734,0.28357282,0.7164272,,,,,,
IRN,2015,-0.74263734,0.28357282,0.7164272,,,,,,
IRN,2016,-0.74263734,0.28357282,0.7164272,,,,,,
IRN,2017,-1.9393721,0.0,1.0,,,,,,
IRN,2018,-1.9393721,0.0,1.0,,,,,,
IRN,2019,-1.9393721,0.0,1.0,,,,,,
IRN,2020,-1.9393721,0.0,1.0,,,,,,
IRN,2021,-1.9393721,0.0,1.0,,,,,,
IRN,2022,-1.9393721,0.0,1.0,,,,,,
IRN,2023,-1.9393721,0.0,1.0,,,,,,
IRQ,1970,-1.9393721,0.0,1.0,,,,,,
IRQ,1971,-1.9393721,0.0,1.0,,,,,,
IRQ,1972,-1.2538762,0.16243199,0.83756804,,,,,,
IRQ,1973,-1.2538762,0.16243199,0.83756804,,,,,,
IRQ,1974,-1.2538762,0.16243199,0.83756804,,,,,,
IRQ,1975,-1.2538762,0.16243199,0.83756804,,,,,,
IRQ,1976,-1.2538762,0.16243199,0.83756804,,,,,,
IRQ,1977,-1.2538762,0.16243199,0.83756804,,,,,,
IRQ,1978,-1.2538762,0.16243199,0.83756804,,,,,,
IRQ,1979,-1.2538762,0.16243199,0.83756804,,,,,,
IRQ,1980,-1.2538762,0.16243199,0.83756804,,,,,,
IRQ,1981,-1.2538762,0.16243199,0.83756804,,,,,,
IRQ,1982,-1.2538762,0.16243199,0.83756804,,,,,,
IRQ,1983,-1.2538762,0.16243199,0.83756804,,,,,,
IRQ,1984,-1.2538762,0.16243199,0.83756804,,,,,,
IRQ,1985,-1.2538762,0.16243199,0.83756804,,,,,,
IRQ,1986,-1.2538762,0.16243199,0.83756804,,,,,,
IRQ,1987,-1.2538762,0.16243199,0.83756804,,,,,,
IRQ,1988,-1.2538762,0.16243199,0.83756804,,,,,,
IRQ,1989,-1.2538762,0.16243199,0.83756804,,,,,,
IRQ,1990,-1.2538762,0.16243199,0.83756804,,,,,,
IRQ,1991,-1.2538762,0.16243199,0.83756804,,,,,,
IRQ,1992,-1.2538762,0.16243199,0.83756804,,,,,,
IRQ,1993,-1.2538762,0.16243199,0.83756804,,,,,,
IRQ,1994,-1.2538762,0.16243199,0.83756804,,,,,,
IRQ,1995,,,,,,,,,
IRQ,1996,,,,,,,,,
IRQ,1997,,,,,,,,,
IRQ,1998,,,,,,,,,
IRQ,1999,,,,,,,,,
IRQ,2000,-1.2538762,0.16243199,0.83756804,,,,,,
IRQ,2001,-1.2538762,0.16243199,0.83756804,,,,,,
IRQ,2002,-1.2538762,0.16243199,0.83756804,,,,,,
IRQ,2003,,,,,,,,,
IRQ,2004,,,,,,,,,
IRQ,2005,,,,,,,,,
IRQ,2006,,,,,,,,,
IRQ,2007,,,,,,,,,
IRQ,2008,,,,,,,,,
IRQ,2009,,,,,,,,,
IRQ,2010,,,,,,,,,
IRQ,2011,,,,,,,,,
IRQ,2012,,,,,,,,,
IRQ,2013,,,,,,,,,
IRQ,2014,,,,,,,,,
IRQ,2015,,,,,,,,,
IRQ,2016,,,,,,,,,
IRQ,2017,,,,,,,,,
IRQ,2018,,,,,,,,,
IRQ,2019,,,,,,,,,
IRQ,2020,,,,,,,,,
IRQ,2021,,,,,,,,,
IRQ,2022,,,,,,,,,
IRQ,2023,,,,,,,,,
ISL,1970,-1.2538762,0.16243199,0.83756804,,,,,,
ISL,1971,-1.2538762,0.16243199,0.83756804,,,,,,
ISL,1972,-1.2538762,0.16243199,0.83756804,,,,,,
ISL,1973,-1.2538762,0.16243199,0.83756804,,,,,,
ISL,1974,-1.2538762,0.16243199,0.83756804,,,,,,
ISL,1975,-1.2538762,0.16243199,0.83756804,,,,,,
ISL,1976,-1.2538762,0.16243199,0.83756804,,,,,,
ISL,1977,-1.2538762,0.16243199,0.83756804,,,,,,
ISL,1978,-1.9393721,0.0,1.0,,,,,,
ISL,1979,-1.9393721,0.0,1.0,,,,,,
ISL,1980,-1.9393721,0.0,1.0,,,,,,
ISL,1981,-1.9393721,0.0,1.0,,,,,,
ISL,1982,-1.9393721,0.0,1.0,,,,,,
ISL,1983,-1.2538762,0.16243199,0.83756804,,,,,,
ISL,1984,-1.2538762,0.16243199,0.83756804,,,,,,
ISL,1985,-1.2538762,0.16243199,0.83756804,,,,,,
ISL,1986,-1.2538762,0.16243199,0.83756804,,,,,,
ISL,1987,-1.2538762,0.16243199,0.83756804,,,,,,
ISL,1988,-1.2538762,0.16243199,0.83756804,,,,,,
ISL,1989,-1.2538762,0.16243199,0.83756804,,,,,,
ISL,1990,-1.2538762,0.16243199,0.83756804,,,,,,
ISL,1991,-1.2538762,0.16243199,0.83756804,,,,,,
ISL,1992,-0.17476626,0.41813296,0.58186704,,,,,,
ISL,1993,-0.17476626,0.41813296,0.58186704,,,,,,
ISL,1994,1.0219685,0.7017058,0.2982942,,,,,,
ISL,1995,1.0219685,0.7017058,0.2982942,,,,,,
ISL,1996,1.0219685,0.7017058,0.2982942,,,,,,
ISL,1997,1.0219685,0.7017058,0.2982942,0.2218,0.112,0.167,0.1098,0.01,0.0
ISL,1998,1.0219685,0.7017058,0.2982942,0.2218,0.112,0.167,0.1098,0.01,1.0
ISL,1999,1.0219685,0.7017058,0.2982942,0.2218,0.112,0.167,0.1098,0.01,1.0
ISL,2000,1.0219685,0.7017058,0.2982942,0.2218,0.112,0.167,0.1098,0.01,1.0
ISL,2001,1.0219685,0.7017058,0.2982942,0.2218,0.112,0.167,0.1098,0.01,1.0
ISL,2002,1.0219685,0.7017058,0.2982942,0.2218,0.112,0.167,0.1098,0.01,1.0
ISL,2003,1.0219685,0.7017058,0.2982942,0.2218,0.112,0.167,0.1098,0.01,0.0
ISL,2004,1.0219685,0.7017058,0.2982942,0.2218,0.112,0.167,0.1098,0.01,1.0
ISL,2005,1.0219685,0.7017058,0.2982942,0.2218,0.112,0.167,0.1098,0.01,1.0
ISL,2006,1.0219685,0.7017058,0.2982942,0.2218,0.112,0.167,0.1098,0.01,0.0
ISL,2007,1.0219685,0.7017058,0.2982942,0.2218,0.112,0.167,0.1098,0.01,1.0
ISL,2008,-1.2538762,0.16243199,0.83756804,0.2218,0.112,0.167,0.1098,0.01,1.0
ISL,2009,-1.2538762,0.16243199,0.83756804,0.2218,0.112,0.167,0.1098,0.01,1.0
ISL,2010,-1.2538762,0.16243199,0.83756804,0.2218,0.112,0.167,0.1098,0.01,0.0
ISL,2011,-1.2538762,0.16243199,0.83756804,0.2218,0.112,0.167,0.1098,0.01,0.0
ISL,2012,-1.2538762,0.16243199,0.83756804,0.2218,0.112,0.167,0.1098,0.01,0.0
ISL,2013,-1.2538762,0.16243199,0.83756804,0.2218,0.112,0.167,0.1098,0.01,0.0
ISL,2014,-1.2538762,0.16243199,0.83756804,0.2218,0.112,0.167,0.1098,0.01,0.0
ISL,2015,-1.2538762,0.16243199,0.83756804,0.2218,0.112,0.167,0.1098,0.01,0.0
ISL,2016,-0.05714153,0.4460048,0.5539952,0.2218,0.112,0.167,0.1098,0.01,0.0
ISL,2017,1.0219685,0.7017058,0.2982942,0.2218,0.112,0.167,0.1098,0.01,0.0
ISL,2018,1.0219685,0.7017058,0.2982942,0.2218,0.112,0.167,0.1098,0.01,0.0
ISL,2019,1.2737408,0.76136464,0.23863536,0.2218,0.112,0.167,0.1098,0.01,0.0
ISL,2020,1.5255132,0.82102346,0.17897654,0.2218,0.112,0.167,0.1098,0.01,0.0
ISL,2021,1.7772856,0.8806823,0.11931771,,,,,,
ISL,2022,2.029058,0.9403412,0.059658825,,,,,,
ISL,2023,2.2808304,1.0,0.0,,,,,,
ISR,1970,-0.05714153,0.4460048,0.5539952,,,,,,
ISR,1971,-0.05714153,0.4460048,0.5539952,,,,,,
ISR,1972,-0.05714153,0.4460048,0.5539952,,,,,,
ISR,1973,-0.05714153,0.4460048,0.5539952,,,,,,
ISR,1974,-0.05714153,0.4460048,0.5539952,,,,,,
ISR,1975,-0.05714153,0.4460048,0.5539952,,,,,,
ISR,1976,-1.9393721,0.0,1.0,,,,,,
ISR,1977,-0.17476626,0.41813296,0.58186704,,,,,,
ISR,1978,-0.17476626,0.41813296,0.58186704,,,,,,
ISR,1979,-0.17476626,0.41813296,0.58186704,,,,,,
ISR,1980,-0.17476626,0.41813296,0.58186704,,,,,,
ISR,1981,-0.17476626,0.41813296,0.58186704,,,,,,
ISR,1982,-0.17476626,0.41813296,0.58186704,,,,,,
ISR,1983,-0.17476626,0.41813296,0.58186704,,,,,,
ISR,1984,-1.2538762,0.16243199,0.83756804,,,,,,
ISR,1985,-1.2538762,0.16243199,0.83756804,,,,,,
ISR,1986,-1.2538762,0.16243199,0.83756804,,,,,,
ISR,1987,-1.2538762,0.16243199,0.83756804,,,,,,
ISR,1988,-1.2538762,0.16243199,0.83756804,,,,,,
ISR,1989,-1.2538762,0.16243199,0.83756804,,,,,,
ISR,1990,-1.2538762,0.16243199,0.83756804,,,,,,
ISR,1991,-1.2538762,0.16243199,0.83756804,,,,,,
ISR,1992,-1.2538762,0.16243199,0.83756804,,,,,,
ISR,1993,-0.17476626,0.41813296,0.58186704,,,,,,
ISR,1994,-0.17476626,0.41813296,0.58186704,,,,,,
ISR,1995,-0.17476626,0.41813296,0.58186704,,,,,,
ISR,1996,-1.2538762,0.16243199,0.83756804,,,,,,
ISR,1997,-1.2538762,0.16243199,0.83756804,0.35219999999999996,0.02,0.113,0.33219999999999994,0.018,0.0
ISR,1998,-1.0021038,0.22209083,0.77790916,0.35579999999999995,0.02,0.11383333333333334,0.33579999999999993,0.018,1.0
ISR,1999,1.2737408,0.76136464,0.23863536,0.3594,0.02,0.11466666666666667,0.3394,0.018,1.0
ISR,2000,1.2737408,0.76136464,0.23863536,0.363,0.02,0.11549999999999999,0.34299999999999997,0.018,1.0
ISR,2001,1.2737408,0.76136464,0.23863536,0.3666,0.02,0.11633333333333333,0.34659999999999996,0.018,1.0
ISR,2002,1.5255132,0.82102346,0.17897654,0.37020000000000003,0.02,0.11716666666666667,0.3502,0.018,1.0
ISR,2003,1.5255132,0.82102346,0.17897654,0.3738,0.02,0.118,0.3538,0.018,0.0
ISR,2004,1.7772856,0.8806823,0.11931771,0.3738,0.02,0.118,0.3538,0.018,1.0
ISR,2005,2.029058,0.9403412,0.059658825,0.3738,0.02,0.118,0.3538,0.018,1.0
ISR,2006,2.2808304,1.0,0.0,0.3738,0.02,0.118,0.3538,0.018,0.0
ISR,2007,2.2808304,1.0,0.0,0.3738,0.02,0.118,0.3538,0.018,1.0
ISR,2008,2.2808304,1.0,0.0,0.3738,0.02,0.118,0.3538,0.018,1.0
ISR,2009,2.2808304,1.0,0.0,0.3738,0.02,0.118,0.3538,0.018,1.0
ISR,2010,2.2808304,1.0,0.0,0.3738,0.02,0.118,0.3538,0.018,0.0
ISR,2011,2.2808304,1.0,0.0,0.3738,0.02,0.118,0.3538,0.018,0.0
ISR,2012,2.2808304,1.0,0.0,0.3738,0.02,0.118,0.3538,0.018,0.0
ISR,2013,2.2808304,1.0,0.0,0.3738,0.02,0.118,0.3538,0.018,0.0
ISR,2014,2.2808304,1.0,0.0,0.3738,0.02,0.118,0.3538,0.018,0.0
ISR,2015,2.2808304,1.0,0.0,0.3738,0.02,0.118,0.3538,0.018,0.0
ISR,2016,2.2808304,1.0,0.0,0.3738,0.02,0.118,0.3538,0.018,0.0
ISR,2017,2.2808304,1.0,0.0,0.3738,0.02,0.118,0.3538,0.018,0.0
ISR,2018,2.2808304,1.0,0.0,0.3738,0.02,0.118,0.3538,0.018,0.0
ISR,2019,2.2808304,1.0,0.0,0.3738,0.02,0.118,0.3538,0.018,0.0
ISR,2020,2.2808304,1.0,0.0,0.3738,0.02,0.118,0.3538,0.018,0.0
ISR,2021,2.2808304,1.0,0.0,,,,,,
ISR,2022,2.2808304,1.0,0.0,,,,,,
ISR,2023,2.2808304,1.0,0.0,,,,,,
ITA,1970,-0.17476626,0.41813296,0.58186704,,,,,,
ITA,1971,-0.17476626,0.41813296,0.58186704,,,,,,
ITA,1972,-0.86026204,0.255701,0.744299,,,,,,
ITA,1973,-0.86026204,0.255701,0.744299,,,,,,
ITA,1974,-1.2538762,0.16243199,0.83756804,,,,,,
ITA,1975,-1.9393721,0.0,1.0,,,,,,
ITA,1976,-1.9393721,0.0,1.0,,,,,,
ITA,1977,-1.9393721,0.0,1.0,,,,,,
ITA,1978,-1.9393721,0.0,1.0,,,,,,
ITA,1979,-1.9393721,0.0,1.0,,,,,,
ITA,1980,-1.9393721,0.0,1.0,,,,,,
ITA,1981,-1.9393721,0.0,1.0,,,,,,
ITA,1982,-0.17476626,0.41813296,0.58186704,,,,,,
ITA,1983,-0.17476626,0.41813296,0.58186704,,,,,,
ITA,1984,-0.17476626,0.41813296,0.58186704,,,,,,
ITA,1985,-0.17476626,0.41813296,0.58186704,,,,,,
ITA,1986,-0.17476626,0.41813296,0.58186704,,,,,,
ITA,1987,-0.17476626,0.41813296,0.58186704,,,,,,
ITA,1988,-0.17476626,0.41813296,0.58186704,,,,,,
ITA,1989,-0.17476626,0.41813296,0.58186704,,,,,,
ITA,1990,0.07700613,0.47779182,0.5222082,,,,,,
ITA,1991,0.32877854,0.5374507,0.46254933,,,,,,
ITA,1992,0.5805509,0.5971095,0.4028905,,,,,,
ITA,1993,2.029058,0.9403412,0.059658825,,,,,,
ITA,1994,2.2808304,1.0,0.0,,,,,,
ITA,1995,2.2808304,1.0,0.0,,,,,,
ITA,1996,2.2808304,1.0,0.0,,,,,,
ITA,1997,2.2808304,1.0,0.0,0.1376,0.0,0.058,0.1376,0.0,0.0
ITA,1998,2.2808304,1.0,0.0,0.1376,0.0,0.058,0.1376,0.0,1.0
ITA,1999,2.2808304,1.0,0.0,0.1376,0.0,0.058,0.1376,0.0,1.0
ITA,2000,2.2808304,1.0,0.0,0.1376,0.0,0.058,0.1376,0.0,1.0
ITA,2001,2.2808304,1.0,0.0,0.1376,0.0,0.058,0.1376,0.0,1.0
ITA,2002,2.2808304,1.0,0.0,0.1376,0.0,0.058,0.1376,0.0,1.0
ITA,2003,2.2808304,1.0,0.0,0.1376,0.0,0.058,0.1376,0.0,0.0
ITA,2004,2.2808304,1.0,0.0,0.13146666666666668,0.0,0.05666666666666667,0.13146666666666668,0.0,1.0
ITA,2005,2.2808304,1.0,0.0,0.12533333333333332,0.0,0.05533333333333333,0.12533333333333332,0.0,1.0
ITA,2006,2.2808304,1.0,0.0,0.1192,0.0,0.054,0.1192,0.0,0.0
ITA,2007,2.2808304,1.0,0.0,0.11845,0.0,0.0535,0.11845,0.0,1.0
ITA,2008,2.2808304,1.0,0.0,0.1177,0.0,0.053,0.1177,0.0,1.0
ITA,2009,2.2808304,1.0,0.0,0.11695,0.0,0.0525,0.11695,0.0,1.0
ITA,2010,2.2808304,1.0,0.0,0.1162,0.0,0.052,0.1162,0.0,0.0
ITA,2011,2.2808304,1.0,0.0,0.1162,0.0,0.052,0.1162,0.0,0.0
ITA,2012,2.2808304,1.0,0.0,0.1162,0.0,0.052,0.1162,0.0,0.0
ITA,2013,2.2808304,1.0,0.0,0.1162,0.0,0.052,0.1162,0.0,0.0
ITA,2014,2.2808304,1.0,0.0,0.1162,0.0,0.052,0.1162,0.0,0.0
ITA,2015,2.2808304,1.0,0.0,0.1162,0.0,0.052,0.1162,0.0,0.0
ITA,2016,2.2808304,1.0,0.0,0.1162,0.0,0.052,0.1162,0.0,0.0
ITA,2017,2.2808304,1.0,0.0,0.1162,0.0,0.052,0.1162,0.0,0.0
ITA,2018,2.2808304,1.0,0.0,0.1162,0.0,0.052,0.1162,0.0,0.0
ITA,2019,2.2808304,1.0,0.0,0.1162,0.0,0.052,0.1162,0.0,0.0
ITA,2020,2.2808304,1.0,0.0,0.1162,0.0,0.052,0.1162,0.0,0.0
ITA,2021,2.2808304,1.0,0.0,,,,,,
ITA,2022,2.2808304,1.0,0.0,,,,,,
ITA,2023,2.2808304,1.0,0.0,,,,,,
JAM,1970,-0.17476626,0.41813296,0.58186704,,,,,,
JAM,1971,-0.17476626,0.41813296,0.58186704,,,,,,
JAM,1972,-1.2538762,0.16243199,0.83756804,,,,,,
JAM,1973,-1.2538762,0.16243199,0.83756804,,,,,,
JAM,1974,-1.2538762,0.16243199,0.83756804,,,,,,
JAM,1975,-1.2538762,0.16243199,0.83756804,,,,,,
JAM,1976,-1.2538762,0.16243199,0.83756804,,,,,,
JAM,1977,-1.9393721,0.0,1.0,,,,,,
JAM,1978,-1.9393721,0.0,1.0,,,,,,
JAM,1979,-1.2538762,0.16243199,0.83756804,,,,,,
JAM,1980,-1.2538762,0.16243199,0.83756804,,,,,,
JAM,1981,-1.2538762,0.16243199,0.83756804,,,,,,
JAM,1982,-1.2538762,0.16243199,0.83756804,,,,,,
JAM,1983,-1.2538762,0.16243199,0.83756804,,,,,,
JAM,1984,-1.2538762,0.16243199,0.83756804,,,,,,
JAM,1985,-1.2538762,0.16243199,0.83756804,,,,,,
JAM,1986,-1.2538762,0.16243199,0.83756804,,,,,,
JAM,1987,-1.2538762,0.16243199,0.83756804,,,,,,
JAM,1988,-1.2538762,0.16243199,0.83756804,,,,,,
JAM,1989,-1.2538762,0.16243199,0.83756804,,,,,,
JAM,1990,-1.2538762,0.16243199,0.83756804,,,,,,
JAM,1991,-1.2538762,0.16243199,0.83756804,,,,,,
JAM,1992,-0.05714153,0.4460048,0.5539952,,,,,,
JAM,1993,-0.05714153,0.4460048,0.5539952,,,,,,
JAM,1994,-0.05714153,0.4460048,0.5539952,,,,,,
JAM,1995,-0.05714153,0.4460048,0.5539952,,,,,,
JAM,1996,1.2737408,0.76136464,0.23863536,,,,,,
JAM,1997,1.5255132,0.82102346,0.17897654,,,,,,
JAM,1998,1.7772856,0.8806823,0.11931771,,,,,,
JAM,1999,2.029058,0.9403412,0.059658825,,,,,,
JAM,2000,2.2808304,1.0,0.0,,,,,,
JAM,2001,2.2808304,1.0,0.0,,,,,,
JAM,2002,2.2808304,1.0,0.0,,,,,,
JAM,2003,2.2808304,1.0,0.0,,,,,,
JAM,2004,2.2808304,1.0,0.0,,,,,,
JAM,2005,2.2808304,1.0,0.0,,,,,,
JAM,2006,2.2808304,1.0,0.0,,,,,,
JAM,2007,2.029058,0.9403412,0.059658825,,,,,,
JAM,2008,1.7772856,0.8806823,0.11931771,,,,,,
JAM,2009,1.5255132,0.82102346,0.17897654,,,,,,
JAM,2010,1.2737408,0.76136464,0.23863536,,,,,,
JAM,2011,1.0219685,0.7017058,0.2982942,,,,,,
JAM,2012,1.0219685,0.7017058,0.2982942,,,,,,
JAM,2013,1.0219685,0.7017058,0.2982942,,,,,,
JAM,2014,1.0219685,0.7017058,0.2982942,,,,,,
JAM,2015,1.0219685,0.7017058,0.2982942,,,,,,
JAM,2016,1.0219685,0.7017058,0.2982942,,,,,,
JAM,2017,-0.17476626,0.41813296,0.58186704,,,,,,
JAM,2018,-0.17476626,0.41813296,0.58186704,,,,,,
JAM,2019,-0.17476626,0.41813296,0.58186704,,,,,,
JAM,2020,-1.2538762,0.16243199,0.83756804,,,,,,
JAM,2021,-1.2538762,0.16243199,0.83756804,,,,,,
JAM,2022,-0.05714153,0.4460048,0.5539952,,,,,,
JAM,2023,-0.17476626,0.41813296,0.58186704,,,,,,
JOR,1970,-1.2538762,0.16243199,0.83756804,,,,,,
JOR,1971,-1.2538762,0.16243199,0.83756804,,,,,,
JOR,1972,-1.2538762,0.16243199,0.83756804,,,,,,
JOR,1973,-1.2538762,0.16243199,0.83756804,,,,,,
JOR,1974,-1.2538762,0.16243199,0.83756804,,,,,,
JOR,1975,-1.2538762,0.16243199,0.83756804,,,,,,
JOR,1976,-1.2538762,0.16243199,0.83756804,,,,,,
JOR,1977,-1.2538762,0.16243199,0.83756804,,,,,,
JOR,1978,-1.2538762,0.16243199,0.83756804,,,,,,
JOR,1979,-0.17476626,0.41813296,0.58186704,,,,,,
JOR,1980,-0.17476626,0.41813296,0.58186704,,,,,,
JOR,1981,-0.17476626,0.41813296,0.58186704,,,,,,
JOR,1982,-0.17476626,0.41813296,0.58186704,,,,,,
JOR,1983,-0.17476626,0.41813296,0.58186704,,,,,,
JOR,1984,-0.17476626,0.41813296,0.58186704,,,,,,
JOR,1985,-0.17476626,0.41813296,0.58186704,,,,,,
JOR,1986,-0.17476626,0.41813296,0.58186704,,,,,,
JOR,1987,-1.2538762,0.16243199,0.83756804,,,,,,
JOR,1988,-1.2538762,0.16243199,0.83756804,,,,,,
JOR,1989,-1.2538762,0.16243199,0.83756804,,,,,,
JOR,1990,-1.2538762,0.16243199,0.83756804,,,,,,
JOR,1991,-1.2538762,0.16243199,0.83756804,,,,,,
JOR,1992,-1.2538762,0.16243199,0.83756804,,,,,,
JOR,1993,-1.2538762,0.16243199,0.83756804,,,,,,
JOR,1994,-1.2538762,0.16243199,0.83756804,,,,,,
JOR,1995,-0.05714153,0.4460048,0.5539952,,,,,,
JOR,1996,-0.05714153,0.4460048,0.5539952,,,,,,
JOR,1997,1.2737408,0.76136464,0.23863536,,,,,,1.0
JOR,1998,1.5255132,0.82102346,0.17897654,,,,,,1.0
JOR,1999,1.7772856,0.8806823,0.11931771,,,,,,1.0
JOR,2000,2.029058,0.9403412,0.059658825,,,,,,1.0
JOR,2001,2.2808304,1.0,0.0,,,,,,1.0
JOR,2002,2.2808304,1.0,0.0,,,,,,1.0
JOR,2003,2.2808304,1.0,0.0,,,,,,1.0
JOR,2004,2.2808304,1.0,0.0,,,,,,1.0
JOR,2005,2.2808304,1.0,0.0,,,,,,1.0
JOR,2006,2.2808304,1.0,0.0,,,,,,1.0
JOR,2007,2.2808304,1.0,0.0,,,,,,1.0
JOR,2008,2.2808304,1.0,0.0,,,,,,1.0
JOR,2009,2.2808304,1.0,0.0,,,,,,1.0
JOR,2010,2.2808304,1.0,0.0,,,,,,1.0
JOR,2011,2.2808304,1.0,0.0,,,,,,1.0
JOR,2012,2.2808304,1.0,0.0,0.325,0.095,0.299,0.23,0.0,0.0
JOR,2013,2.2808304,1.0,0.0,0.325,0.095,0.299,0.23,0.0,0.0
JOR,2014,2.2808304,1.0,0.0,0.325,0.095,0.299,0.23,0.0,0.0
JOR,2015,2.2808304,1.0,0.0,0.325,0.095,0.299,0.23,0.0,0.0
JOR,2016,2.2808304,1.0,0.0,0.2484,0.045,0.243,0.20340000000000003,0.0,0.0
JOR,2017,2.2808304,1.0,0.0,0.2484,0.045,0.243,0.20340000000000003,0.0,0.0
JOR,2018,2.2808304,1.0,0.0,0.2484,0.045,0.243,0.20340000000000003,0.0,0.0
JOR,2019,2.2808304,1.0,0.0,0.18439999999999998,0.045,0.22,0.13939999999999997,0.0,0.0
JOR,2020,2.2808304,1.0,0.0,0.18439999999999998,0.045,0.22,0.13939999999999997,0.0,0.0
JOR,2021,2.2808304,1.0,0.0,,,,,,
JOR,2022,2.2808304,1.0,0.0,,,,,,
JOR,2023,2.2808304,1.0,0.0,,,,,,
JPN,1970,-0.17476626,0.41813296,0.58186704,,,,,,
JPN,1971,-0.17476626,0.41813296,0.58186704,,,,,,
JPN,1972,1.0219685,0.7017058,0.2982942,,,,,,
JPN,1973,1.0219685,0.7017058,0.2982942,,,,,,
JPN,1974,1.0219685,0.7017058,0.2982942,,,,,,
JPN,1975,1.0219685,0.7017058,0.2982942,,,,,,
JPN,1976,1.0219685,0.7017058,0.2982942,,,,,,
JPN,1977,1.0219685,0.7017058,0.2982942,,,,,,
JPN,1978,1.0219685,0.7017058,0.2982942,,,,,,
JPN,1979,1.2737408,0.76136464,0.23863536,,,,,,
JPN,1980,1.5255132,0.82102346,0.17897654,,,,,,
JPN,1981,1.7772856,0.8806823,0.11931771,,,,,,
JPN,1982,2.029058,0.9403412,0.059658825,,,,,,
JPN,1983,2.2808304,1.0,0.0,,,,,,
JPN,1984,2.2808304,1.0,0.0,,,,,,
JPN,1985,2.2808304,1.0,0.0,,,,,,
JPN,1986,2.2808304,1.0,0.0,,,,,,
JPN,1987,2.2808304,1.0,0.0,,,,,,
JPN,1988,2.2808304,1.0,0.0,,,,,,
JPN,1989,2.2808304,1.0,0.0,,,,,,
JPN,1990,2.2808304,1.0,0.0,,,,,,
JPN,1991,2.2808304,1.0,0.0,,,,,,
JPN,1992,2.2808304,1.0,0.0,,,,,,
JPN,1993,2.2808304,1.0,0.0,,,,,,
JPN,1994,2.2808304,1.0,0.0,,,,,,
JPN,1995,2.029058,0.9403412,0.059658825,,,,,,
JPN,1996,2.029058,0.9403412,0.059658825,,,,,,
JPN,1997,2.029058,0.9403412,0.059658825,0.24059999999999998,0.002,0.079,0.23859999999999998,0.009,0.0
JPN,1998,2.029058,0.9403412,0.059658825,0.23033333333333333,0.002,0.0765,0.22833333333333333,0.009,1.0
JPN,1999,2.029058,0.9403412,0.059658825,0.22006666666666666,0.002,0.074,0.21806666666666666,0.009,1.0
JPN,2000,2.2808304,1.0,0.0,0.2098,0.002,0.07150000000000001,0.20779999999999998,0.009,1.0
JPN,2001,2.2808304,1.0,0.0,0.19953333333333334,0.002,0.069,0.19753333333333334,0.009,1.0
JPN,2002,2.2808304,1.0,0.0,0.1892666666666667,0.002,0.0665,0.1872666666666667,0.009,1.0
JPN,2003,2.2808304,1.0,0.0,0.17900000000000002,0.002,0.064,0.17700000000000002,0.009,0.0
JPN,2004,2.2808304,1.0,0.0,0.17253333333333334,0.002,0.06166666666666667,0.17053333333333334,0.009,1.0
JPN,2005,2.2808304,1.0,0.0,0.1660666666666667,0.002,0.059333333333333335,0.1640666666666667,0.009,1.0
JPN,2006,2.2808304,1.0,0.0,0.15960000000000002,0.002,0.057,0.15760000000000002,0.009,0.0
JPN,2007,2.2808304,1.0,0.0,0.15795000000000003,0.002,0.05575,0.15595000000000003,0.009,1.0
JPN,2008,2.2808304,1.0,0.0,0.15630000000000002,0.002,0.0545,0.15430000000000002,0.009,1.0
JPN,2009,2.2808304,1.0,0.0,0.15465,0.002,0.05325,0.15265,0.009,1.0
JPN,2010,2.2808304,1.0,0.0,0.15300000000000002,0.002,0.052,0.15100000000000002,0.009,0.0
JPN,2011,2.2808304,1.0,0.0,0.15300000000000002,0.002,0.052,0.15100000000000002,0.009,0.0
JPN,2012,2.2808304,1.0,0.0,0.15300000000000002,0.002,0.052,0.15100000000000002,0.009,0.0
JPN,2013,2.2808304,1.0,0.0,0.15300000000000002,0.002,0.052,0.15100000000000002,0.009,0.0
JPN,2014,2.2808304,1.0,0.0,0.15300000000000002,0.002,0.052,0.15100000000000002,0.009,0.0
JPN,2015,2.2808304,1.0,0.0,0.15300000000000002,0.002,0.052,0.15100000000000002,0.009,0.0
JPN,2016,2.2808304,1.0,0.0,0.15300000000000002,0.002,0.052,0.15100000000000002,0.009,0.0
JPN,2017,2.2808304,1.0,0.0,0.15300000000000002,0.002,0.052,0.15100000000000002,0.009,0.0
JPN,2018,2.2808304,1.0,0.0,0.15300000000000002,0.002,0.052,0.15100000000000002,0.009,0.0
JPN,2019,2.2808304,1.0,0.0,0.15300000000000002,0.002,0.052,0.15100000000000002,0.009,0.0
JPN,2020,2.2808304,1.0,0.0,0.15300000000000002,0.002,0.052,0.15100000000000002,0.009,0.0
JPN,2021,2.2808304,1.0,0.0,,,,,,
JPN,2022,2.2808304,1.0,0.0,,,,,,
JPN,2023,2.2808304,1.0,0.0,,,,,,
KAZ,1970,,,,,,,,,
KAZ,1971,,,,,,,,,
KAZ,1972,,,,,,,,,
KAZ,1973,,,,,,,,,
KAZ,1974,,,,,,,,,
KAZ,1975,,,,,,,,,
KAZ,1976,,,,,,,,,
KAZ,1977,,,,,,,,,
KAZ,1978,,,,,,,,,
KAZ,1979,,,,,,,,,
KAZ,1980,,,,,,,,,
KAZ,1981,,,,,,,,,
KAZ,1982,,,,,,,,,
KAZ,1983,,,,,,,,,
KAZ,1984,,,,,,,,,
KAZ,1985,,,,,,,,,
KAZ,1986,,,,,,,,,
KAZ,1987,,,,,,,,,
KAZ,1988,,,,,,,,,
KAZ,1989,,,,,,,,,
KAZ,1990,,,,,,,,,
KAZ,1991,,,,,,,,,
KAZ,1992,,,,,,,,,
KAZ,1993,,,,,,,,,
KAZ,1994,,,,,,,,,
KAZ,1995,,,,,,,,,
KAZ,1996,-1.2538762,0.16243199,0.83756804,,,,,,
KAZ,1997,-1.2538762,0.16243199,0.83756804,,,,,,1.0
KAZ,1998,-1.2538762,0.16243199,0.83756804,,,,,,1.0
KAZ,1999,-1.2538762,0.16243199,0.83756804,,,,,,1.0
KAZ,2000,-1.2538762,0.16243199,0.83756804,,,,,,1.0
KAZ,2001,-1.2538762,0.16243199,0.83756804,,,,,,1.0
KAZ,2002,-1.2538762,0.16243199,0.83756804,,,,,,1.0
KAZ,2003,-1.2538762,0.16243199,0.83756804,,,,,,1.0
KAZ,2004,-1.2538762,0.16243199,0.83756804,,,,,,1.0
KAZ,2005,-1.2538762,0.16243199,0.83756804,,,,,,1.0
KAZ,2006,-1.2538762,0.16243199,0.83756804,,,,,,1.0
KAZ,2007,-1.2538762,0.16243199,0.83756804,,,,,,1.0
KAZ,2008,-1.2538762,0.16243199,0.83756804,,,,,,1.0
KAZ,2009,-1.2538762,0.16243199,0.83756804,,,,,,1.0
KAZ,2010,-1.2538762,0.16243199,0.83756804,0.2984,0.05,0.149,0.2484,0.008,0.0
KAZ,2011,-1.2538762,0.16243199,0.83756804,0.2984,0.05,0.149,0.2484,0.008,0.0
KAZ,2012,-1.2538762,0.16243199,0.83756804,0.2816,0.05,0.146,0.23160000000000003,0.005,0.0
KAZ,2013,-1.2538762,0.16243199,0.83756804,0.2716,0.05,0.139,0.22160000000000002,0.005,0.0
KAZ,2014,-1.2538762,0.16243199,0.83756804,0.2716,0.05,0.139,0.22160000000000002,0.005,0.0
KAZ,2015,-1.2538762,0.16243199,0.83756804,0.275,0.05,0.14,0.22500000000000003,0.005,0.0
KAZ,2016,-1.2538762,0.16243199,0.83756804,0.1882,0.04,0.113,0.1482,0.005,0.0
KAZ,2017,-1.2538762,0.16243199,0.83756804,0.1882,0.04,0.113,0.1482,0.005,0.0
KAZ,2018,-1.2538762,0.16243199,0.83756804,0.1882,0.04,0.113,0.1482,0.005,0.0
KAZ,2019,-1.0021038,0.22209083,0.77790916,0.1882,0.04,0.113,0.1482,0.005,0.0
KAZ,2020,-1.0021038,0.22209083,0.77790916,0.1882,0.04,0.113,0.1482,0.005,0.0
KAZ,2021,-1.0021038,0.22209083,0.77790916,,,,,,
KAZ,2022,-1.0021038,0.22209083,0.77790916,,,,,,
KAZ,2023,-1.0021038,0.22209083,0.77790916,,,,,,
KEN,1970,-1.2538762,0.16243199,0.83756804,,,,,,
KEN,1971,-1.2538762,0.16243199,0.83756804,,,,,,
KEN,1972,-1.2538762,0.16243199,0.83756804,,,,,,
KEN,1973,-1.2538762,0.16243199,0.83756804,,,,,,
KEN,1974,-1.2538762,0.16243199,0.83756804,,,,,,
KEN,1975,-1.2538762,0.16243199,0.83756804,,,,,,
KEN,1976,-1.2538762,0.16243199,0.83756804,,,,,,
KEN,1977,-1.2538762,0.16243199,0.83756804,,,,,,
KEN,1978,-1.2538762,0.16243199,0.83756804,,,,,,
KEN,1979,-1.2538762,0.16243199,0.83756804,,,,,,
KEN,1980,-1.2538762,0.16243199,0.83756804,,,,,,
KEN,1981,-1.2538762,0.16243199,0.83756804,,,,,,
KEN,1982,-1.2538762,0.16243199,0.83756804,,,,,,
KEN,1983,-1.2538762,0.16243199,0.83756804,,,,,,
KEN,1984,-1.2538762,0.16243199,0.83756804,,,,,,
KEN,1985,-1.2538762,0.16243199,0.83756804,,,,,,
KEN,1986,-1.2538762,0.16243199,0.83756804,,,,,,
KEN,1987,-1.2538762,0.16243199,0.83756804,,,,,,
KEN,1988,-1.2538762,0.16243199,0.83756804,,,,,,
KEN,1989,-1.2538762,0.16243199,0.83756804,,,,,,
KEN,1990,-1.2538762,0.16243199,0.83756804,,,,,,
KEN,1991,-1.2538762,0.16243199,0.83756804,,,,,,
KEN,1992,-1.9393721,0.0,1.0,,,,,,
KEN,1993,-1.9393721,0.0,1.0,,,,,,
KEN,1994,-1.9393721,0.0,1.0,,,,,,
KEN,1995,-1.9393721,0.0,1.0,,,,,,
KEN,1996,1.0219685,0.7017058,0.2982942,,,,,,
KEN,1997,1.0219685,0.7017058,0.2982942,,,,,,
KEN,1998,1.0219685,0.7017058,0.2982942,,,,,,
KEN,1999,1.0219685,0.7017058,0.2982942,,,,,,
KEN,2000,1.0219685,0.7017058,0.2982942,,,,,,
KEN,2001,1.0219685,0.7017058,0.2982942,,,,,,
KEN,2002,1.0219685,0.7017058,0.2982942,,,,,,
KEN,2003,1.0219685,0.7017058,0.2982942,,,,,,
KEN,2004,1.0219685,0.7017058,0.2982942,,,,,,
KEN,2005,1.0219685,0.7017058,0.2982942,,,,,,
KEN,2006,1.0219685,0.7017058,0.2982942,,,,,,
KEN,2007,1.0219685,0.7017058,0.2982942,,,,,,
KEN,2008,1.0219685,0.7017058,0.2982942,,,,,,
KEN,2009,1.0219685,0.7017058,0.2982942,,,,,,
KEN,2010,1.0219685,0.7017058,0.2982942,,,,,,
KEN,2011,1.0219685,0.7017058,0.2982942,,,,,,
KEN,2012,1.0219685,0.7017058,0.2982942,,,,,,
KEN,2013,1.0219685,0.7017058,0.2982942,,,,,,
KEN,2014,1.0219685,0.7017058,0.2982942,,,,,,
KEN,2015,1.0219685,0.7017058,0.2982942,,,,,,
KEN,2016,1.0219685,0.7017058,0.2982942,,,,,,
KEN,2017,1.0219685,0.7017058,0.2982942,,,,,,
KEN,2018,1.0219685,0.7017058,0.2982942,,,,,,
KEN,2019,1.0219685,0.7017058,0.2982942,,,,,,
KEN,2020,1.0219685,0.7017058,0.2982942,,,,,,
KEN,2021,1.0219685,0.7017058,0.2982942,,,,,,
KEN,2022,1.0219685,0.7017058,0.2982942,,,,,,
KEN,2023,1.0219685,0.7017058,0.2982942,,,,,,
KGZ,1970,,,,,,,,,
KGZ,1971,,,,,,,,,
KGZ,1972,,,,,,,,,
KGZ,1973,,,,,,,,,
KGZ,1974,,,,,,,,,
KGZ,1975,,,,,,,,,
KGZ,1976,,,,,,,,,
KGZ,1977,,,,,,,,,
KGZ,1978,,,,,,,,,
KGZ,1979,,,,,,,,,
KGZ,1980,,,,,,,,,
KGZ,1981,,,,,,,,,
KGZ,1982,,,,,,,,,
KGZ,1983,,,,,,,,,
KGZ,1984,,,,,,,,,
KGZ,1985,,,,,,,,,
KGZ,1986,,,,,,,,,
KGZ,1987,,,,,,,,,
KGZ,1988,,,,,,,,,
KGZ,1989,,,,,,,,,
KGZ,1990,,,,,,,,,
KGZ,1991,,,,,,,,,
KGZ,1992,,,,,,,,,
KGZ,1993,,,,,,,,,
KGZ,1994,,,,,,,,,
KGZ,1995,,,,,,,,,
KGZ,1996,,,,,,,,,
KGZ,1997,1.5255132,0.82102346,0.17897654,,,,,,1.0
KGZ,1998,1.5255132,0.82102346,0.17897654,,,,,,1.0
KGZ,1999,1.5255132,0.82102346,0.17897654,,,,,,1.0
KGZ,2000,1.5255132,0.82102346,0.17897654,,,,,,1.0
KGZ,2001,1.2737408,0.76136464,0.23863536,,,,,,1.0
KGZ,2002,1.0219685,0.7017058,0.2982942,,,,,,1.0
KGZ,2003,1.0219685,0.7017058,0.2982942,,,,,,1.0
KGZ,2004,1.0219685,0.7017058,0.2982942,,,,,,1.0
KGZ,2005,1.0219685,0.7017058,0.2982942,,,,,,1.0
KGZ,2006,1.0219685,0.7017058,0.2982942,,,,,,1.0
KGZ,2007,1.2737408,0.76136464,0.23863536,,,,,,1.0
KGZ,2008,1.5255132,0.82102346,0.17897654,,,,,,1.0
KGZ,2009,1.5255132,0.82102346,0.17897654,,,,,,1.0
KGZ,2010,1.5255132,0.82102346,0.17897654,,,,,,1.0
KGZ,2011,1.5255132,0.82102346,0.17897654,,,,,,1.0
KGZ,2012,-0.49086493,0.34323168,0.6567683,0.098,0.06,0.126,0.038000000000000006,0.0,0.0
KGZ,2013,-0.74263734,0.28357282,0.7164272,0.098,0.06,0.126,0.038000000000000006,0.0,0.0
KGZ,2014,-0.74263734,0.28357282,0.7164272,0.098,0.06,0.126,0.038000000000000006,0.0,0.0
KGZ,2015,-0.74263734,0.28357282,0.7164272,0.098,0.06,0.126,0.038000000000000006,0.0,0.0
KGZ,2016,0.33647263,0.5392738,0.4607262,0.098,0.06,0.126,0.038000000000000006,0.0,0.0
KGZ,2017,0.33647263,0.5392738,0.4607262,0.14300000000000002,0.06,0.137,0.08300000000000002,0.0,0.0
KGZ,2018,0.33647263,0.5392738,0.4607262,0.14300000000000002,0.06,0.137,0.08300000000000002,0.0,0.0
KGZ,2019,0.33647263,0.5392738,0.4607262,0.14300000000000002,0.06,0.137,0.08300000000000002,0.0,0.0
KGZ,2020,0.33647263,0.5392738,0.4607262,0.14300000000000002,0.06,0.137,0.08300000000000002,0.0,0.0
KGZ,2021,0.33647263,0.5392738,0.4607262,,,,,,
KGZ,2022,0.33647263,0.5392738,0.4607262,,,,,,
KGZ,2023,0.33647263,0.5392738,0.4607262,,,,,,
KHM,1970,,,,,,,,,
KHM,1971,,,,,,,,,
KHM,1972,,,,,,,,,
KHM,1973,-1.9393721,0.0,1.0,,,,,,
KHM,1974,-1.9393721,0.0,1.0,,,,,,
KHM,1975,,,,,,,,,
KHM,1976,,,,,,,,,
KHM,1977,,,,,,,,,
KHM,1978,,,,,,,,,
KHM,1979,,,,,,,,,
KHM,1980,,,,,,,,,
KHM,1981,,,,,,,,,
KHM,1982,,,,,,,,,
KHM,1983,,,,,,,,,
KHM,1984,,,,,,,,,
KHM,1985,,,,,,,,,
KHM,1986,,,,,,,,,
KHM,1987,,,,,,,,,
KHM,1988,,,,,,,,,
KHM,1989,,,,,,,,,
KHM,1990,,,,,,,,,
KHM,1991,,,,,,,,,
KHM,1992,,,,,,,,,
KHM,1993,,,,,,,,,
KHM,1994,,,,,,,,,
KHM,1995,-0.17476626,0.41813296,0.58186704,,,,,,
KHM,1996,-1.9393721,0.0,1.0,,,,,,
KHM,1997,-1.9393721,0.0,1.0,,,,,,1.0
KHM,1998,-1.9393721,0.0,1.0,,,,,,1.0
KHM,1999,-1.9393721,0.0,1.0,,,,,,1.0
KHM,2000,-1.9393721,0.0,1.0,,,,,,1.0
KHM,2001,-0.6084897,0.31535983,0.68464017,,,,,,1.0
KHM,2002,-0.3567173,0.3750187,0.6249813,,,,,,1.0
KHM,2003,-0.10494488,0.43467754,0.56532246,,,,,,1.0
KHM,2004,0.14682749,0.49433637,0.50566363,,,,,,1.0
KHM,2005,0.39859986,0.5539952,0.4460048,,,,,,1.0
KHM,2006,1.0840957,0.7164272,0.2835728,,,,,,1.0
KHM,2007,1.0840957,0.7164272,0.2835728,,,,,,1.0
KHM,2008,1.0840957,0.7164272,0.2835728,,,,,,1.0
KHM,2009,1.0840957,0.7164272,0.2835728,,,,,,1.0
KHM,2010,1.0840957,0.7164272,0.2835728,,,,,,1.0
KHM,2011,1.0840957,0.7164272,0.2835728,,,,,,1.0
KHM,2012,1.0840957,0.7164272,0.2835728,,,,,,1.0
KHM,2013,1.0840957,0.7164272,0.2835728,,,,,,1.0
KHM,2014,1.0840957,0.7164272,0.2835728,,,,,,1.0
KHM,2015,2.2808304,1.0,0.0,,,,,,1.0
KHM,2016,2.2808304,1.0,0.0,0.1116,0.022,0.054,0.08960000000000001,0.003,0.0
KHM,2017,2.2808304,1.0,0.0,0.1116,0.022,0.054,0.08960000000000001,0.003,0.0
KHM,2018,2.2808304,1.0,0.0,0.1116,0.022,0.054,0.08960000000000001,0.003,0.0
KHM,2019,2.2808304,1.0,0.0,0.1116,0.022,0.054,0.08960000000000001,0.003,0.0
KHM,2020,2.2808304,1.0,0.0,0.1116,0.022,0.054,0.08960000000000001,0.003,0.0
KHM,2021,2.2808304,1.0,0.0,,,,,,
KHM,2022,2.2808304,1.0,0.0,,,,,,
KHM,2023,2.2808304,1.0,0.0,,,,,,
KIR,1970,,,,,,,,,
KIR,1971,,,,,,,,,
KIR,1972,,,,,,,,,
KIR,1973,,,,,,,,,
KIR,1974,,,,,,,,,
KIR,1975,,,,,,,,,
KIR,1976,,,,,,,,,
KIR,1977,,,,,,,,,
KIR,1978,,,,,,,,,
KIR,1979,,,,,,,,,
KIR,1980,,,,,,,,,
KIR,1981,,,,,,,,,
KIR,1982,,,,,,,,,
KIR,1983,,,,,,,,,
KIR,1984,,,,,,,,,
KIR,1985,,,,,,,,,
KIR,1986,,,,,,,,,
KIR,1987,,,,,,,,,
KIR,1988,,,,,,,,,
KIR,1989,,,,,,,,,
KIR,1990,2.2808304,1.0,0.0,,,,,,
KIR,1991,2.2808304,1.0,0.0,,,,,,
KIR,1992,2.2808304,1.0,0.0,,,,,,
KIR,1993,2.2808304,1.0,0.0,,,,,,
KIR,1994,2.2808304,1.0,0.0,,,,,,
KIR,1995,2.2808304,1.0,0.0,,,,,,
KIR,1996,2.029058,0.9403412,0.059658825,,,,,,
KIR,1997,1.7772856,0.8806823,0.11931771,,,,,,
KIR,1998,1.5255132,0.82102346,0.17897654,,,,,,
KIR,1999,1.2737408,0.76136464,0.23863536,,,,,,
KIR,2000,1.0219685,0.7017058,0.2982942,,,,,,
KIR,2001,1.0219685,0.7017058,0.2982942,,,,,,
KIR,2002,1.0219685,0.7017058,0.2982942,,,,,,
KIR,2003,1.0219685,0.7017058,0.2982942,,,,,,
KIR,2004,1.0219685,0.7017058,0.2982942,,,,,,
KIR,2005,1.0219685,0.7017058,0.2982942,,,,,,
KIR,2006,,,,,,,,,
KIR,2007,,,,,,,,,
KIR,2008,,,,,,,,,
KIR,2009,,,,,,,,,
KIR,2010,,,,,,,,,
KIR,2011,,,,,,,,,
KIR,2012,,,,,,,,,
KIR,2013,,,,,,,,,
KIR,2014,,,,,,,,,
KIR,2015,,,,,,,,,
KIR,2016,,,,,,,,,
KIR,2017,,,,,,,,,
KIR,2018,1.0219685,0.7017058,0.2982942,,,,,,
KIR,2019,1.0219685,0.7017058,0.2982942,,,,,,
KIR,2020,1.0219685,0.7017058,0.2982942,,,,,,
KIR,2021,1.0219685,0.7017058,0.2982942,,,,,,
KIR,2022,1.0219685,0.7017058,0.2982942,,,,,,
KIR,2023,1.0219685,0.7017058,0.2982942,,,,,,
KNA,1970,,,,,,,,,
KNA,1971,,,,,,,,,
KNA,1972,,,,,,,,,
KNA,1973,,,,,,,,,
KNA,1974,,,,,,,,,
KNA,1975,,,,,,,,,
KNA,1976,,,,,,,,,
KNA,1977,,,,,,,,,
KNA,1978,,,,,,,,,
KNA,1979,,,,,,,,,
KNA,1980,,,,,,,,,
KNA,1981,,,,,,,,,
KNA,1982,,,,,,,,,
KNA,1983,,,,,,,,,
KNA,1984,,,,,,,,,
KNA,1985,,,,,,,,,
KNA,1986,,,,,,,,,
KNA,1987,,,,,,,,,
KNA,1988,-0.17476626,0.41813296,0.58186704,,,,,,
KNA,1989,-0.17476626,0.41813296,0.58186704,,,,,,
KNA,1990,-0.17476626,0.41813296,0.58186704,,,,,,
KNA,1991,-0.17476626,0.41813296,0.58186704,,,,,,
KNA,1992,-0.17476626,0.41813296,0.58186704,,,,,,
KNA,1993,-0.17476626,0.41813296,0.58186704,,,,,,
KNA,1994,-0.17476626,0.41813296,0.58186704,,,,,,
KNA,1995,-0.17476626,0.41813296,0.58186704,,,,,,
KNA,1996,-1.2538762,0.16243199,0.83756804,,,,,,
KNA,1997,-1.2538762,0.16243199,0.83756804,,,,,,
KNA,1998,-1.2538762,0.16243199,0.83756804,,,,,,
KNA,1999,-1.2538762,0.16243199,0.83756804,,,,,,
KNA,2000,-1.2538762,0.16243199,0.83756804,,,,,,
KNA,2001,-1.2538762,0.16243199,0.83756804,,,,,,
KNA,2002,-1.2538762,0.16243199,0.83756804,,,,,,
KNA,2003,-1.2538762,0.16243199,0.83756804,,,,,,
KNA,2004,-1.2538762,0.16243199,0.83756804,,,,,,
KNA,2005,-1.2538762,0.16243199,0.83756804,,,,,,
KNA,2006,-1.2538762,0.16243199,0.83756804,,,,,,
KNA,2007,-1.2538762,0.16243199,0.83756804,,,,,,
KNA,2008,-1.2538762,0.16243199,0.83756804,,,,,,
KNA,2009,-1.2538762,0.16243199,0.83756804,,,,,,
KNA,2010,-1.2538762,0.16243199,0.83756804,,,,,,
KNA,2011,-1.2538762,0.16243199,0.83756804,,,,,,
KNA,2012,-1.2538762,0.16243199,0.83756804,,,,,,
KNA,2013,-1.2538762,0.16243199,0.83756804,,,,,,
KNA,2014,-1.2538762,0.16243199,0.83756804,,,,,,
KNA,2015,-1.2538762,0.16243199,0.83756804,,,,,,
KNA,2016,-1.2538762,0.16243199,0.83756804,,,,,,
KNA,2017,-1.2538762,0.16243199,0.83756804,,,,,,
KNA,2018,-1.2538762,0.16243199,0.83756804,,,,,,
KNA,2019,-1.2538762,0.16243199,0.83756804,,,,,,
KNA,2020,-1.2538762,0.16243199,0.83756804,,,,,,
KNA,2021,-1.2538762,0.16243199,0.83756804,,,,,,
KNA,2022,-1.2538762,0.16243199,0.83756804,,,,,,
KNA,2023,-1.2538762,0.16243199,0.83756804,,,,,,
KOR,1970,-1.2538762,0.16243199,0.83756804,,,,,,
KOR,1971,-1.2538762,0.16243199,0.83756804,,,,,,
KOR,1972,-1.2538762,0.16243199,0.83756804,,,,,,
KOR,1973,-1.2538762,0.16243199,0.83756804,,,,,,
KOR,1974,-1.2538762,0.16243199,0.83756804,,,,,,
KOR,1975,-1.2538762,0.16243199,0.83756804,,,,,,
KOR,1976,-1.2538762,0.16243199,0.83756804,,,,,,
KOR,1977,-1.2538762,0.16243199,0.83756804,,,,,,
KOR,1978,-0.17476626,0.41813296,0.58186704,,,,,,
KOR,1979,-0.17476626,0.41813296,0.58186704,,,,,,
KOR,1980,-0.17476626,0.41813296,0.58186704,,,,,,
KOR,1981,-0.17476626,0.41813296,0.58186704,,,,,,
KOR,1982,-1.2538762,0.16243199,0.83756804,,,,,,
KOR,1983,-1.2538762,0.16243199,0.83756804,,,,,,
KOR,1984,-1.2538762,0.16243199,0.83756804,,,,,,
KOR,1985,-1.2538762,0.16243199,0.83756804,,,,,,
KOR,1986,-1.2538762,0.16243199,0.83756804,,,,,,
KOR,1987,-1.2538762,0.16243199,0.83756804,,,,,,
KOR,1988,-0.17476626,0.41813296,0.58186704,,,,,,
KOR,1989,-0.17476626,0.41813296,0.58186704,,,,,,
KOR,1990,-0.17476626,0.41813296,0.58186704,,,,,,
KOR,1991,-0.17476626,0.41813296,0.58186704,,,,,,
KOR,1992,-0.17476626,0.41813296,0.58186704,,,,,,
KOR,1993,-0.17476626,0.41813296,0.58186704,,,,,,
KOR,1994,-0.17476626,0.41813296,0.58186704,,,,,,
KOR,1995,-0.17476626,0.41813296,0.58186704,,,,,,
KOR,1996,-1.2538762,0.16243199,0.83756804,,,,,,
KOR,1997,-1.2538762,0.16243199,0.83756804,0.7852,0.28,0.532,0.5052,0.152,0.0
KOR,1998,-1.2538762,0.16243199,0.83756804,0.7256,0.2341666666666667,0.468,0.49143333333333333,0.1275,1.0
KOR,1999,-1.2538762,0.16243199,0.83756804,0.666,0.18833333333333335,0.404,0.47766666666666663,0.10300000000000001,1.0
KOR,2000,-0.17476626,0.41813296,0.58186704,0.6064,0.14250000000000002,0.34,0.4639,0.0785,1.0
KOR,2001,-0.17476626,0.41813296,0.58186704,0.5468,0.09666666666666668,0.276,0.45013333333333333,0.054000000000000006,1.0
KOR,2002,-0.17476626,0.41813296,0.58186704,0.48719999999999997,0.05083333333333334,0.21200000000000002,0.4363666666666666,0.029500000000000012,1.0
KOR,2003,-0.17476626,0.41813296,0.58186704,0.4276,0.005,0.148,0.4226,0.005,0.0
KOR,2004,-0.17476626,0.41813296,0.58186704,0.4209333333333333,0.003333333333333333,0.14633333333333332,0.4176,0.003333333333333333,1.0
KOR,2005,-0.17476626,0.41813296,0.58186704,0.4142666666666667,0.0016666666666666666,0.14466666666666667,0.4126,0.0016666666666666666,1.0
KOR,2006,-0.17476626,0.41813296,0.58186704,0.4076000000000001,0.0,0.143,0.4076000000000001,0.0,0.0
KOR,2007,-0.17476626,0.41813296,0.58186704,0.4076000000000001,0.0,0.143,0.4076000000000001,0.0,1.0
KOR,2008,0.07700613,0.47779182,0.5222082,0.4076000000000001,0.0,0.143,0.4076000000000001,0.0,1.0
KOR,2009,0.32877854,0.5374507,0.46254933,0.4076000000000001,0.0,0.143,0.4076000000000001,0.0,1.0
KOR,2010,0.5805509,0.5971095,0.4028905,0.4076000000000001,0.0,0.143,0.4076000000000001,0.0,0.0
KOR,2011,0.8323233,0.6567683,0.34323168,0.4076000000000001,0.0,0.143,0.4076000000000001,0.0,0.0
KOR,2012,1.0840957,0.7164272,0.2835728,0.4076000000000001,0.0,0.143,0.4076000000000001,0.0,0.0
KOR,2013,1.0840957,0.7164272,0.2835728,0.3726,0.0,0.135,0.3726,0.0,0.0
KOR,2014,1.0840957,0.7164272,0.2835728,0.3726,0.0,0.135,0.3726,0.0,0.0
KOR,2015,1.0840957,0.7164272,0.2835728,0.3726,0.0,0.135,0.3726,0.0,0.0
KOR,2016,2.2808304,1.0,0.0,0.3726,0.0,0.135,0.3726,0.0,0.0
KOR,2017,2.2808304,1.0,0.0,0.3726,0.0,0.135,0.3726,0.0,0.0
KOR,2018,2.2808304,1.0,0.0,0.3726,0.0,0.135,0.3726,0.0,0.0
KOR,2019,2.2808304,1.0,0.0,0.3726,0.0,0.135,0.3726,0.0,0.0
KOR,2020,2.2808304,1.0,0.0,0.3726,0.0,0.135,0.3726,0.0,0.0
KOR,2021,2.2808304,1.0,0.0,,,,,,
KOR,2022,2.2808304,1.0,0.0,,,,,,
KOR,2023,2.2808304,1.0,0.0,,,,,,
KWT,1970,1.5953345,0.83756804,0.16243196,,,,,,
KWT,1971,2.2808304,1.0,0.0,,,,,,
KWT,1972,2.2808304,1.0,0.0,,,,,,
KWT,1973,2.2808304,1.0,0.0,,,,,,
KWT,1974,2.2808304,1.0,0.0,,,,,,
KWT,1975,2.2808304,1.0,0.0,,,,,,
KWT,1976,2.2808304,1.0,0.0,,,,,,
KWT,1977,2.2808304,1.0,0.0,,,,,,
KWT,1978,2.2808304,1.0,0.0,,,,,,
KWT,1979,2.2808304,1.0,0.0,,,,,,
KWT,1980,2.2808304,1.0,0.0,,,,,,
KWT,1981,2.2808304,1.0,0.0,,,,,,
KWT,1982,2.2808304,1.0,0.0,,,,,,
KWT,1983,2.2808304,1.0,0.0,,,,,,
KWT,1984,2.2808304,1.0,0.0,,,,,,
KWT,1985,2.2808304,1.0,0.0,,,,,,
KWT,1986,2.2808304,1.0,0.0,,,,,,
KWT,1987,2.2808304,1.0,0.0,,,,,,
KWT,1988,2.2808304,1.0,0.0,,,,,,
KWT,1989,2.2808304,1.0,0.0,,,,,,
KWT,1990,2.2808304,1.0,0.0,,,,,,
KWT,1991,2.2808304,1.0,0.0,,,,,,
KWT,1992,2.2808304,1.0,0.0,,,,,,
KWT,1993,2.2808304,1.0,0.0,,,,,,
KWT,1994,2.2808304,1.0,0.0,,,,,,
KWT,1995,2.2808304,1.0,0.0,,,,,,
KWT,1996,2.029058,0.9403412,0.059658825,,,,,,
KWT,1997,1.7772856,0.8806823,0.11931771,,,,,,
KWT,1998,1.5255132,0.82102346,0.17897654,,,,,,
KWT,1999,1.2737408,0.76136464,0.23863536,,,,,,
KWT,2000,1.0219685,0.7017058,0.2982942,,,,,,
KWT,2001,1.0219685,0.7017058,0.2982942,,,,,,
KWT,2002,1.0219685,0.7017058,0.2982942,,,,,,
KWT,2003,1.0219685,0.7017058,0.2982942,,,,,,
KWT,2004,1.0219685,0.7017058,0.2982942,,,,,,
KWT,2005,1.0219685,0.7017058,0.2982942,,,,,,
KWT,2006,1.0219685,0.7017058,0.2982942,,,,,,
KWT,2007,1.0219685,0.7017058,0.2982942,,,,,,
KWT,2008,1.0219685,0.7017058,0.2982942,,,,,,
KWT,2009,1.0219685,0.7017058,0.2982942,,,,,,
KWT,2010,1.0219685,0.7017058,0.2982942,,,,,,
KWT,2011,1.0219685,0.7017058,0.2982942,,,,,,
KWT,2012,1.0219685,0.7017058,0.2982942,,,,,,
KWT,2013,1.0219685,0.7017058,0.2982942,,,,,,
KWT,2014,1.0219685,0.7017058,0.2982942,,,,,,
KWT,2015,1.0219685,0.7017058,0.2982942,,,,,,
KWT,2016,1.0219685,0.7017058,0.2982942,,,,,,
KWT,2017,1.0219685,0.7017058,0.2982942,,,,,,
KWT,2018,1.0219685,0.7017058,0.2982942,,,,,,
KWT,2019,1.0219685,0.7017058,0.2982942,,,,,,
KWT,2020,1.0219685,0.7017058,0.2982942,,,,,,
KWT,2021,1.0219685,0.7017058,0.2982942,,,,,,
KWT,2022,1.0219685,0.7017058,0.2982942,,,,,,
KWT,2023,1.0219685,0.7017058,0.2982942,,,,,,
LAO,1970,0.39859986,0.5539952,0.4460048,,,,,,
LAO,1971,0.39859986,0.5539952,0.4460048,,,,,,
LAO,1972,0.39859986,0.5539952,0.4460048,,,,,,
LAO,1973,0.39859986,0.5539952,0.4460048,,,,,,
LAO,1974,-0.93228245,0.23863538,0.76136464,,,,,,
LAO,1975,-1.1840549,0.17897654,0.82102346,,,,,,
LAO,1976,,,,,,,,,
LAO,1977,,,,,,,,,
LAO,1978,,,,,,,,,
LAO,1979,,,,,,,,,
LAO,1980,,,,,,,,,
LAO,1981,-1.9393721,0.0,1.0,,,,,,
LAO,1982,-1.2538762,0.16243199,0.83756804,,,,,,
LAO,1983,-1.9393721,0.0,1.0,,,,,,
LAO,1984,-1.9393721,0.0,1.0,,,,,,
LAO,1985,-1.9393721,0.0,1.0,,,,,,
LAO,1986,-1.9393721,0.0,1.0,,,,,,
LAO,1987,-1.9393721,0.0,1.0,,,,,,
LAO,1988,-1.9393721,0.0,1.0,,,,,,
LAO,1989,-1.9393721,0.0,1.0,,,,,,
LAO,1990,-1.9393721,0.0,1.0,,,,,,
LAO,1991,-1.9393721,0.0,1.0,,,,,,
LAO,1992,-1.9393721,0.0,1.0,,,,,,
LAO,1993,-1.9393721,0.0,1.0,,,,,,
LAO,1994,-1.9393721,0.0,1.0,,,,,,
LAO,1995,-1.2538762,0.16243199,0.83756804,,,,,,
LAO,1996,-0.17476626,0.41813296,0.58186704,,,,,,
LAO,1997,-0.86026204,0.255701,0.744299,,,,,,1.0
LAO,1998,-0.86026204,0.255701,0.744299,,,,,,1.0
LAO,1999,-0.86026204,0.255701,0.744299,,,,,,1.0
LAO,2000,-0.86026204,0.255701,0.744299,,,,,,1.0
LAO,2001,-0.86026204,0.255701,0.744299,,,,,,1.0
LAO,2002,-0.86026204,0.255701,0.744299,,,,,,1.0
LAO,2003,-1.2538762,0.16243199,0.83756804,,,,,,1.0
LAO,2004,-1.2538762,0.16243199,0.83756804,,,,,,1.0
LAO,2005,-1.2538762,0.16243199,0.83756804,,,,,,1.0
LAO,2006,-1.2538762,0.16243199,0.83756804,,,,,,1.0
LAO,2007,-1.2538762,0.16243199,0.83756804,,,,,,1.0
LAO,2008,-1.2538762,0.16243199,0.83756804,,,,,,1.0
LAO,2009,-1.2538762,0.16243199,0.83756804,,,,,,1.0
LAO,2010,-1.2538762,0.16243199,0.83756804,,,,,,1.0
LAO,2011,-1.2538762,0.16243199,0.83756804,,,,,,1.0
LAO,2012,-1.2538762,0.16243199,0.83756804,,,,,,1.0
LAO,2013,-1.2538762,0.16243199,0.83756804,,,,,,1.0
LAO,2014,-1.2538762,0.16243199,0.83756804,,,,,,1.0
LAO,2015,-1.2538762,0.16243199,0.83756804,,,,,,1.0
LAO,2016,-1.2538762,0.16243199,0.83756804,0.2554,0.168,0.221,0.0874,0.009,0.0
LAO,2017,-1.2538762,0.16243199,0.83756804,0.21479999999999996,0.118,0.19,0.09679999999999997,0.009,0.0
LAO,2018,-1.2538762,0.16243199,0.83756804,0.21479999999999996,0.118,0.19,0.09679999999999997,0.009,0.0
LAO,2019,-1.2538762,0.16243199,0.83756804,0.21479999999999996,0.118,0.19,0.09679999999999997,0.009,0.0
LAO,2020,-1.2538762,0.16243199,0.83756804,0.21799999999999997,0.118,0.192,0.09999999999999998,0.009,0.0
LAO,2021,-1.2538762,0.16243199,0.83756804,,,,,,
LAO,2022,-1.2538762,0.16243199,0.83756804,,,,,,
LAO,2023,-1.2538762,0.16243199,0.83756804,,,,,,
LBN,1970,2.2808304,1.0,0.0,,,,,,
LBN,1971,2.2808304,1.0,0.0,,,,,,
LBN,1972,2.2808304,1.0,0.0,,,,,,
LBN,1973,2.2808304,1.0,0.0,,,,,,
LBN,1974,2.2808304,1.0,0.0,,,,,,
LBN,1975,2.2808304,1.0,0.0,,,,,,
LBN,1976,2.2808304,1.0,0.0,,,,,,
LBN,1977,2.2808304,1.0,0.0,,,,,,
LBN,1978,2.2808304,1.0,0.0,,,,,,
LBN,1979,2.2808304,1.0,0.0,,,,,,
LBN,1980,2.2808304,1.0,0.0,,,,,,
LBN,1981,2.2808304,1.0,0.0,,,,,,
LBN,1982,2.2808304,1.0,0.0,,,,,,
LBN,1983,2.2808304,1.0,0.0,,,,,,
LBN,1984,2.2808304,1.0,0.0,,,,,,
LBN,1985,2.2808304,1.0,0.0,,,,,,
LBN,1986,2.2808304,1.0,0.0,,,,,,
LBN,1987,2.2808304,1.0,0.0,,,,,,
LBN,1988,2.2808304,1.0,0.0,,,,,,
LBN,1989,2.2808304,1.0,0.0,,,,,,
LBN,1990,2.2808304,1.0,0.0,,,,,,
LBN,1991,2.2808304,1.0,0.0,,,,,,
LBN,1992,2.2808304,1.0,0.0,,,,,,
LBN,1993,2.2808304,1.0,0.0,,,,,,
LBN,1994,2.2808304,1.0,0.0,,,,,,
LBN,1995,2.2808304,1.0,0.0,,,,,,
LBN,1996,2.2808304,1.0,0.0,,,,,,
LBN,1997,2.029058,0.9403412,0.059658825,,,,,,1.0
LBN,1998,1.7772856,0.8806823,0.11931771,,,,,,1.0
LBN,1999,1.5255132,0.82102346,0.17897654,,,,,,1.0
LBN,2000,1.2737408,0.76136464,0.23863536,,,,,,1.0
LBN,2001,-0.05714153,0.4460048,0.5539952,,,,,,1.0
LBN,2002,1.0219685,0.7017058,0.2982942,,,,,,1.0
LBN,2003,1.0219685,0.7017058,0.2982942,,,,,,1.0
LBN,2004,1.0219685,0.7017058,0.2982942,,,,,,1.0
LBN,2005,1.0219685,0.7017058,0.2982942,,,,,,1.0
LBN,2006,1.0219685,0.7017058,0.2982942,,,,,,1.0
LBN,2007,1.0219685,0.7017058,0.2982942,,,,,,1.0
LBN,2008,1.0219685,0.7017058,0.2982942,,,,,,1.0
LBN,2009,1.0219685,0.7017058,0.2982942,,,,,,1.0
LBN,2010,1.0219685,0.7017058,0.2982942,,,,,,1.0
LBN,2011,1.0219685,0.7017058,0.2982942,,,,,,1.0
LBN,2012,1.0219685,0.7017058,0.2982942,,,,,,1.0
LBN,2013,1.0219685,0.7017058,0.2982942,,,,,,1.0
LBN,2014,1.0219685,0.7017058,0.2982942,,,,,,1.0
LBN,2015,-0.05714153,0.4460048,0.5539952,,,,,,1.0
LBN,2016,-0.05714153,0.4460048,0.5539952,,,,,,1.0
LBN,2017,-0.05714153,0.4460048,0.5539952,,,,,,1.0
LBN,2018,-0.05714153,0.4460048,0.5539952,,,,,,1.0
LBN,2019,-0.05714153,0.4460048,0.5539952,0.3458,0.01,0.148,0.3358,0.001,0.0
LBN,2020,-0.05714153,0.4460048,0.5539952,0.3458,0.01,0.148,0.3358,0.001,0.0
LBN,2021,-0.05714153,0.4460048,0.5539952,,,,,,
LBN,2022,-0.05714153,0.4460048,0.5539952,,,,,,
LBN,2023,-0.05714153,0.4460048,0.5539952,,,,,,
LBR,1970,2.2808304,1.0,0.0,,,,,,
LBR,1971,2.2808304,1.0,0.0,,,,,,
LBR,1972,2.2808304,1.0,0.0,,,,,,
LBR,1973,2.2808304,1.0,0.0,,,,,,
LBR,1974,2.2808304,1.0,0.0,,,,,,
LBR,1975,2.2808304,1.0,0.0,,,,,,
LBR,1976,2.2808304,1.0,0.0,,,,,,
LBR,1977,2.2808304,1.0,0.0,,,,,,
LBR,1978,2.2808304,1.0,0.0,,,,,,
LBR,1979,2.2808304,1.0,0.0,,,,,,
LBR,1980,2.2808304,1.0,0.0,,,,,,
LBR,1981,2.2808304,1.0,0.0,,,,,,
LBR,1982,2.2808304,1.0,0.0,,,,,,
LBR,1983,2.2808304,1.0,0.0,,,,,,
LBR,1984,2.2808304,1.0,0.0,,,,,,
LBR,1985,2.029058,0.9403412,0.059658825,,,,,,
LBR,1986,0.5805509,0.5971095,0.4028905,,,,,,
LBR,1987,0.32877854,0.5374507,0.46254933,,,,,,
LBR,1988,0.07700613,0.47779182,0.5222082,,,,,,
LBR,1989,-0.17476626,0.41813296,0.58186704,,,,,,
LBR,1990,-0.17476626,0.41813296,0.58186704,,,,,,
LBR,1991,-0.17476626,0.41813296,0.58186704,,,,,,
LBR,1992,-0.17476626,0.41813296,0.58186704,,,,,,
LBR,1993,-0.17476626,0.41813296,0.58186704,,,,,,
LBR,1994,-0.17476626,0.41813296,0.58186704,,,,,,
LBR,1995,-0.17476626,0.41813296,0.58186704,,,,,,
LBR,1996,-0.6084897,0.31535983,0.68464017,,,,,,
LBR,1997,-0.3567173,0.3750187,0.6249813,,,,,,
LBR,1998,0.5805509,0.5971095,0.4028905,,,,,,
LBR,1999,2.029058,0.9403412,0.059658825,,,,,,
LBR,2000,2.2808304,1.0,0.0,,,,,,
LBR,2001,2.2808304,1.0,0.0,,,,,,
LBR,2002,2.2808304,1.0,0.0,,,,,,
LBR,2003,2.2808304,1.0,0.0,,,,,,
LBR,2004,2.2808304,1.0,0.0,,,,,,
LBR,2005,2.2808304,1.0,0.0,,,,,,
LBR,2006,2.2808304,1.0,0.0,,,,,,
LBR,2007,2.2808304,1.0,0.0,,,,,,
LBR,2008,2.2808304,1.0,0.0,,,,,,
LBR,2009,2.2808304,1.0,0.0,,,,,,
LBR,2010,2.2808304,1.0,0.0,,,,,,
LBR,2011,2.2808304,1.0,0.0,,,,,,
LBR,2012,2.2808304,1.0,0.0,,,,,,
LBR,2013,2.2808304,1.0,0.0,,,,,,
LBR,2014,2.2808304,1.0,0.0,,,,,,
LBR,2015,2.2808304,1.0,0.0,,,,,,
LBR,2016,1.0840957,0.7164272,0.2835728,,,,,,
LBR,2017,1.0840957,0.7164272,0.2835728,,,,,,
LBR,2018,1.0840957,0.7164272,0.2835728,,,,,,
LBR,2019,1.0840957,0.7164272,0.2835728,,,,,,
LBR,2020,1.0840957,0.7164272,0.2835728,,,,,,
LBR,2021,1.0840957,0.7164272,0.2835728,,,,,,
LBR,2022,1.0840957,0.7164272,0.2835728,,,,,,
LBR,2023,1.0840957,0.7164272,0.2835728,,,,,,
LBY,1970,-1.2538762,0.16243199,0.83756804,,,,,,
LBY,1971,-1.2538762,0.16243199,0.83756804,,,,,,
LBY,1972,-1.2538762,0.16243199,0.83756804,,,,,,
LBY,1973,,,,,,,,,
LBY,1974,,,,,,,,,
LBY,1975,,,,,,,,,
LBY,1976,,,,,,,,,
LBY,1977,-0.17476626,0.41813296,0.58186704,,,,,,
LBY,1978,-0.17476626,0.41813296,0.58186704,,,,,,
LBY,1979,-0.17476626,0.41813296,0.58186704,,,,,,
LBY,1980,-0.17476626,0.41813296,0.58186704,,,,,,
LBY,1981,-0.17476626,0.41813296,0.58186704,,,,,,
LBY,1982,-1.2538762,0.16243199,0.83756804,,,,,,
LBY,1983,-1.2538762,0.16243199,0.83756804,,,,,,
LBY,1984,-1.2538762,0.16243199,0.83756804,,,,,,
LBY,1985,-1.2538762,0.16243199,0.83756804,,,,,,
LBY,1986,-1.2538762,0.16243199,0.83756804,,,,,,
LBY,1987,-1.2538762,0.16243199,0.83756804,,,,,,
LBY,1988,-1.2538762,0.16243199,0.83756804,,,,,,
LBY,1989,-1.2538762,0.16243199,0.83756804,,,,,,
LBY,1990,-1.2538762,0.16243199,0.83756804,,,,,,
LBY,1991,-1.2538762,0.16243199,0.83756804,,,,,,
LBY,1992,-1.2538762,0.16243199,0.83756804,,,,,,
LBY,1993,-1.2538762,0.16243199,0.83756804,,,,,,
LBY,1994,-1.2538762,0.16243199,0.83756804,,,,,,
LBY,1995,-1.2538762,0.16243199,0.83756804,,,,,,
LBY,1996,-1.2538762,0.16243199,0.83756804,,,,,,
LBY,1997,-1.2538762,0.16243199,0.83756804,,,,,,1.0
LBY,1998,-1.2538762,0.16243199,0.83756804,,,,,,1.0
LBY,1999,-1.9393721,0.0,1.0,,,,,,1.0
LBY,2000,-1.9393721,0.0,1.0,,,,,,1.0
LBY,2001,-1.2538762,0.16243199,0.83756804,,,,,,1.0
LBY,2002,-1.2538762,0.16243199,0.83756804,,,,,,1.0
LBY,2003,-1.2538762,0.16243199,0.83756804,,,,,,1.0
LBY,2004,-1.2538762,0.16243199,0.83756804,,,,,,1.0
LBY,2005,-1.2538762,0.16243199,0.83756804,,,,,,1.0
LBY,2006,-1.2538762,0.16243199,0.83756804,,,,,,1.0
LBY,2007,-1.2538762,0.16243199,0.83756804,,,,,,1.0
LBY,2008,-1.2538762,0.16243199,0.83756804,,,,,,1.0
LBY,2009,-1.2538762,0.16243199,0.83756804,,,,,,1.0
LBY,2010,-1.2538762,0.16243199,0.83756804,,,,,,1.0
LBY,2011,-1.2538762,0.16243199,0.83756804,,,,,,1.0
LBY,2012,-1.2538762,0.16243199,0.83756804,,,,,,1.0
LBY,2013,-1.2538762,0.16243199,0.83756804,,,,,,1.0
LBY,2014,-1.2538762,0.16243199,0.83756804,,,,,,1.0
LBY,2015,-1.2538762,0.16243199,0.83756804,,,,,,1.0
LBY,2016,-1.2538762,0.16243199,0.83756804,,,,,,1.0
LBY,2017,-1.2538762,0.16243199,0.83756804,,,,,,1.0
LBY,2018,-1.2538762,0.16243199,0.83756804,,,,,,1.0
LBY,2019,-1.2538762,0.16243199,0.83756804,0.6454,0.63,0.713,0.01539999999999997,0.155,0.0
LBY,2020,-1.2538762,0.16243199,0.83756804,0.6454,0.63,0.713,0.01539999999999997,0.155,0.0
LBY,2021,-1.2538762,0.16243199,0.83756804,,,,,,
LBY,2022,-1.2538762,0.16243199,0.83756804,,,,,,
LBY,2023,-1.2538762,0.16243199,0.83756804,,,,,,
LCA,1970,,,,,,,,,
LCA,1971,,,,,,,,,
LCA,1972,,,,,,,,,
LCA,1973,,,,,,,,,
LCA,1974,,,,,,,,,
LCA,1975,,,,,,,,,
LCA,1976,,,,,,,,,
LCA,1977,,,,,,,,,
LCA,1978,,,,,,,,,
LCA,1979,,,,,,,,,
LCA,1980,,,,,,,,,
LCA,1981,,,,,,,,,
LCA,1982,,,,,,,,,
LCA,1983,-1.2538762,0.16243199,0.83756804,,,,,,
LCA,1984,-1.2538762,0.16243199,0.83756804,,,,,,
LCA,1985,-1.2538762,0.16243199,0.83756804,,,,,,
LCA,1986,-0.17476626,0.41813296,0.58186704,,,,,,
LCA,1987,-0.17476626,0.41813296,0.58186704,,,,,,
LCA,1988,-0.17476626,0.41813296,0.58186704,,,,,,
LCA,1989,-0.17476626,0.41813296,0.58186704,,,,,,
LCA,1990,-0.17476626,0.41813296,0.58186704,,,,,,
LCA,1991,-0.17476626,0.41813296,0.58186704,,,,,,
LCA,1992,-0.17476626,0.41813296,0.58186704,,,,,,
LCA,1993,-0.17476626,0.41813296,0.58186704,,,,,,
LCA,1994,-0.17476626,0.41813296,0.58186704,,,,,,
LCA,1995,-0.17476626,0.41813296,0.58186704,,,,,,
LCA,1996,-1.2538762,0.16243199,0.83756804,,,,,,
LCA,1997,-1.2538762,0.16243199,0.83756804,,,,,,
LCA,1998,-1.2538762,0.16243199,0.83756804,,,,,,
LCA,1999,-0.05714153,0.4460048,0.5539952,,,,,,
LCA,2000,-1.2538762,0.16243199,0.83756804,,,,,,
LCA,2001,-1.2538762,0.16243199,0.83756804,,,,,,
LCA,2002,-1.2538762,0.16243199,0.83756804,,,,,,
LCA,2003,-1.2538762,0.16243199,0.83756804,,,,,,
LCA,2004,-0.05714153,0.4460048,0.5539952,,,,,,
LCA,2005,-0.05714153,0.4460048,0.5539952,,,,,,
LCA,2006,-0.05714153,0.4460048,0.5539952,,,,,,
LCA,2007,-0.05714153,0.4460048,0.5539952,,,,,,
LCA,2008,-0.05714153,0.4460048,0.5539952,,,,,,
LCA,2009,-0.05714153,0.4460048,0.5539952,,,,,,
LCA,2010,-0.05714153,0.4460048,0.5539952,,,,,,
LCA,2011,-0.05714153,0.4460048,0.5539952,,,,,,
LCA,2012,-0.05714153,0.4460048,0.5539952,,,,,,
LCA,2013,-0.05714153,0.4460048,0.5539952,,,,,,
LCA,2014,-0.05714153,0.4460048,0.5539952,,,,,,
LCA,2015,-0.05714153,0.4460048,0.5539952,,,,,,
LCA,2016,-0.05714153,0.4460048,0.5539952,,,,,,
LCA,2017,-0.05714153,0.4460048,0.5539952,,,,,,
LCA,2018,-0.05714153,0.4460048,0.5539952,,,,,,
LCA,2019,-0.05714153,0.4460048,0.5539952,,,,,,
LCA,2020,-0.05714153,0.4460048,0.5539952,,,,,,
LCA,2021,-0.05714153,0.4460048,0.5539952,,,,,,
LCA,2022,-0.05714153,0.4460048,0.5539952,,,,,,
LCA,2023,-0.05714153,0.4460048,0.5539952,,,,,,
LKA,1970,-1.9393721,0.0,1.0,,,,,,
LKA,1971,-1.9393721,0.0,1.0,,,,,,
LKA,1972,-1.9393721,0.0,1.0,,,,,,
LKA,1973,-1.9393721,0.0,1.0,,,,,,
LKA,1974,-1.9393721,0.0,1.0,,,,,,
LKA,1975,-1.9393721,0.0,1.0,,,,,,
LKA,1976,-1.9393721,0.0,1.0,,,,,,
LKA,1977,-1.2538762,0.16243199,0.83756804,,,,,,
LKA,1978,-0.17476626,0.41813296,0.58186704,,,,,,
LKA,1979,-0.17476626,0.41813296,0.58186704,,,,,,
LKA,1980,-1.2538762,0.16243199,0.83756804,,,,,,
LKA,1981,-1.2538762,0.16243199,0.83756804,,,,,,
LKA,1982,-1.2538762,0.16243199,0.83756804,,,,,,
LKA,1983,-1.2538762,0.16243199,0.83756804,,,,,,
LKA,1984,-1.2538762,0.16243199,0.83756804,,,,,,
LKA,1985,-1.2538762,0.16243199,0.83756804,,,,,,
LKA,1986,-1.2538762,0.16243199,0.83756804,,,,,,
LKA,1987,-1.2538762,0.16243199,0.83756804,,,,,,
LKA,1988,-1.2538762,0.16243199,0.83756804,,,,,,
LKA,1989,-1.2538762,0.16243199,0.83756804,,,,,,
LKA,1990,-1.2538762,0.16243199,0.83756804,,,,,,
LKA,1991,-1.2538762,0.16243199,0.83756804,,,,,,
LKA,1992,1.0219685,0.7017058,0.2982942,,,,,,
LKA,1993,1.0219685,0.7017058,0.2982942,,,,,,
LKA,1994,1.0219685,0.7017058,0.2982942,,,,,,
LKA,1995,1.0219685,0.7017058,0.2982942,,,,,,
LKA,1996,-0.05714153,0.4460048,0.5539952,,,,,,
LKA,1997,-0.05714153,0.4460048,0.5539952,,,,,,
LKA,1998,-0.05714153,0.4460048,0.5539952,,,,,,
LKA,1999,-0.05714153,0.4460048,0.5539952,,,,,,
LKA,2000,-0.05714153,0.4460048,0.5539952,,,,,,
LKA,2001,-0.05714153,0.4460048,0.5539952,,,,,,
LKA,2002,-0.05714153,0.4460048,0.5539952,,,,,,
LKA,2003,-0.05714153,0.4460048,0.5539952,,,,,,
LKA,2004,-0.05714153,0.4460048,0.5539952,,,,,,
LKA,2005,-0.05714153,0.4460048,0.5539952,,,,,,
LKA,2006,-0.05714153,0.4460048,0.5539952,,,,,,
LKA,2007,-0.05714153,0.4460048,0.5539952,,,,,,
LKA,2008,-0.05714153,0.4460048,0.5539952,,,,,,
LKA,2009,-0.05714153,0.4460048,0.5539952,,,,,,
LKA,2010,-0.05714153,0.4460048,0.5539952,,,,,,
LKA,2011,-0.05714153,0.4460048,0.5539952,,,,,,
LKA,2012,-0.05714153,0.4460048,0.5539952,,,,,,
LKA,2013,-1.2538762,0.16243199,0.83756804,,,,,,
LKA,2014,-1.2538762,0.16243199,0.83756804,,,,,,
LKA,2015,-1.2538762,0.16243199,0.83756804,,,,,,
LKA,2016,-1.2538762,0.16243199,0.83756804,,,,,,
LKA,2017,-1.2538762,0.16243199,0.83756804,,,,,,
LKA,2018,-1.2538762,0.16243199,0.83756804,,,,,,
LKA,2019,-1.2538762,0.16243199,0.83756804,,,,,,
LKA,2020,-1.2538762,0.16243199,0.83756804,,,,,,
LKA,2021,-1.2538762,0.16243199,0.83756804,,,,,,
LKA,2022,-1.2538762,0.16243199,0.83756804,,,,,,
LKA,2023,-1.9393721,0.0,1.0,,,,,,
LSO,1970,,,,,,,,,
LSO,1971,,,,,,,,,
LSO,1972,-0.17476626,0.41813296,0.58186704,,,,,,
LSO,1973,-0.17476626,0.41813296,0.58186704,,,,,,
LSO,1974,-0.17476626,0.41813296,0.58186704,,,,,,
LSO,1975,-0.17476626,0.41813296,0.58186704,,,,,,
LSO,1976,-0.17476626,0.41813296,0.58186704,,,,,,
LSO,1977,-0.17476626,0.41813296,0.58186704,,,,,,
LSO,1978,-0.17476626,0.41813296,0.58186704,,,,,,
LSO,1979,-0.86026204,0.255701,0.744299,,,,,,
LSO,1980,-0.86026204,0.255701,0.744299,,,,,,
LSO,1981,-0.86026204,0.255701,0.744299,,,,,,
LSO,1982,-0.17476626,0.41813296,0.58186704,,,,,,
LSO,1983,-0.17476626,0.41813296,0.58186704,,,,,,
LSO,1984,-0.17476626,0.41813296,0.58186704,,,,,,
LSO,1985,-0.86026204,0.255701,0.744299,,,,,,
LSO,1986,-0.86026204,0.255701,0.744299,,,,,,
LSO,1987,-0.86026204,0.255701,0.744299,,,,,,
LSO,1988,-0.86026204,0.255701,0.744299,,,,,,
LSO,1989,-0.86026204,0.255701,0.744299,,,,,,
LSO,1990,-0.86026204,0.255701,0.744299,,,,,,
LSO,1991,-0.86026204,0.255701,0.744299,,,,,,
LSO,1992,-0.86026204,0.255701,0.744299,,,,,,
LSO,1993,-0.86026204,0.255701,0.744299,,,,,,
LSO,1994,-0.86026204,0.255701,0.744299,,,,,,
LSO,1995,-0.86026204,0.255701,0.744299,,,,,,
LSO,1996,-1.2538762,0.16243199,0.83756804,,,,,,
LSO,1997,-1.2538762,0.16243199,0.83756804,,,,,,
LSO,1998,-1.2538762,0.16243199,0.83756804,,,,,,
LSO,1999,-1.2538762,0.16243199,0.83756804,,,,,,
LSO,2000,-1.2538762,0.16243199,0.83756804,,,,,,
LSO,2001,-1.2538762,0.16243199,0.83756804,,,,,,
LSO,2002,-1.2538762,0.16243199,0.83756804,,,,,,
LSO,2003,-1.2538762,0.16243199,0.83756804,,,,,,
LSO,2004,-1.2538762,0.16243199,0.83756804,,,,,,
LSO,2005,-1.2538762,0.16243199,0.83756804,,,,,,
LSO,2006,-1.2538762,0.16243199,0.83756804,,,,,,
LSO,2007,-1.2538762,0.16243199,0.83756804,,,,,,
LSO,2008,-1.2538762,0.16243199,0.83756804,,,,,,
LSO,2009,-1.2538762,0.16243199,0.83756804,,,,,,
LSO,2010,-1.2538762,0.16243199,0.83756804,,,,,,
LSO,2011,-1.2538762,0.16243199,0.83756804,,,,,,
LSO,2012,-1.2538762,0.16243199,0.83756804,,,,,,
LSO,2013,-1.2538762,0.16243199,0.83756804,,,,,,
LSO,2014,-1.2538762,0.16243199,0.83756804,,,,,,
LSO,2015,-1.2538762,0.16243199,0.83756804,,,,,,
LSO,2016,-1.2538762,0.16243199,0.83756804,,,,,,
LSO,2017,-1.2538762,0.16243199,0.83756804,,,,,,
LSO,2018,-1.2538762,0.16243199,0.83756804,,,,,,
LSO,2019,-1.2538762,0.16243199,0.83756804,,,,,,
LSO,2020,-1.2538762,0.16243199,0.83756804,,,,,,
LSO,2021,-1.2538762,0.16243199,0.83756804,,,,,,
LSO,2022,-1.2538762,0.16243199,0.83756804,,,,,,
LSO,2023,-1.2538762,0.16243199,0.83756804,,,,,,
LTU,1970,,,,,,,,,
LTU,1971,,,,,,,,,
LTU,1972,,,,,,,,,
LTU,1973,,,,,,,,,
LTU,1974,,,,,,,,,
LTU,1975,,,,,,,,,
LTU,1976,,,,,,,,,
LTU,1977,,,,,,,,,
LTU,1978,,,,,,,,,
LTU,1979,,,,,,,,,
LTU,1980,,,,,,,,,
LTU,1981,,,,,,,,,
LTU,1982,,,,,,,,,
LTU,1983,,,,,,,,,
LTU,1984,,,,,,,,,
LTU,1985,,,,,,,,,
LTU,1986,,,,,,,,,
LTU,1987,,,,,,,,,
LTU,1988,,,,,,,,,
LTU,1989,,,,,,,,,
LTU,1990,,,,,,,,,
LTU,1991,,,,,,,,,
LTU,1992,,,,,,,,,
LTU,1993,,,,,,,,,
LTU,1994,,,,,,,,,
LTU,1995,,,,,,,,,
LTU,1996,2.029058,0.9403412,0.059658825,,,,,,
LTU,1997,2.2808304,1.0,0.0,,,,,,1.0
LTU,1998,2.2808304,1.0,0.0,,,,,,1.0
LTU,1999,2.2808304,1.0,0.0,,,,,,1.0
LTU,2000,2.2808304,1.0,0.0,,,,,,1.0
LTU,2001,2.2808304,1.0,0.0,,,,,,1.0
LTU,2002,2.2808304,1.0,0.0,,,,,,1.0
LTU,2003,2.2808304,1.0,0.0,,,,,,1.0
LTU,2004,2.2808304,1.0,0.0,,,,,,1.0
LTU,2005,2.2808304,1.0,0.0,,,,,,1.0
LTU,2006,2.2808304,1.0,0.0,0.033400000000000006,0.005,0.022,0.028400000000000005,0.0,0.0
LTU,2007,2.2808304,1.0,0.0,0.033400000000000006,0.005,0.022,0.028400000000000005,0.0,1.0
LTU,2008,2.029058,0.9403412,0.059658825,0.033400000000000006,0.005,0.022,0.028400000000000005,0.0,1.0
LTU,2009,1.7772856,0.8806823,0.11931771,0.033400000000000006,0.005,0.022,0.028400000000000005,0.0,1.0
LTU,2010,1.5255132,0.82102346,0.17897654,0.033400000000000006,0.005,0.022,0.028400000000000005,0.0,0.0
LTU,2011,1.2737408,0.76136464,0.23863536,0.033400000000000006,0.005,0.022,0.028400000000000005,0.0,0.0
LTU,2012,1.0219685,0.7017058,0.2982942,0.033400000000000006,0.005,0.022,0.028400000000000005,0.0,0.0
LTU,2013,1.0219685,0.7017058,0.2982942,0.033400000000000006,0.005,0.022,0.028400000000000005,0.0,0.0
LTU,2014,1.0219685,0.7017058,0.2982942,0.033400000000000006,0.005,0.019,0.028400000000000005,0.0,0.0
LTU,2015,1.2737408,0.76136464,0.23863536,0.033400000000000006,0.005,0.019,0.028400000000000005,0.0,0.0
LTU,2016,1.5255132,0.82102346,0.17897654,0.033400000000000006,0.005,0.019,0.028400000000000005,0.0,0.0
LTU,2017,1.7772856,0.8806823,0.11931771,0.033400000000000006,0.005,0.019,0.028400000000000005,0.0,0.0
LTU,2018,2.029058,0.9403412,0.059658825,0.033400000000000006,0.005,0.019,0.028400000000000005,0.0,0.0
LTU,2019,2.2808304,1.0,0.0,0.033400000000000006,0.005,0.019,0.028400000000000005,0.0,0.0
LTU,2020,2.2808304,1.0,0.0,0.033400000000000006,0.005,0.019,0.028400000000000005,0.0,0.0
LTU,2021,2.2808304,1.0,0.0,,,,,,
LTU,2022,2.2808304,1.0,0.0,,,,,,
LTU,2023,2.2808304,1.0,0.0,,,,,,
LUX,1997,,,,0.0154,0.0,0.004,0.0154,0.0,0.0
LUX,1998,,,,0.0154,0.0,0.004,0.0154,0.0,1.0
LUX,1999,,,,0.0154,0.0,0.004,0.0154,0.0,1.0
LUX,2000,,,,0.0154,0.0,0.004,0.0154,0.0,1.0
LUX,2001,,,,0.0154,0.0,0.004,0.0154,0.0,1.0
LUX,2002,,,,0.0154,0.0,0.004,0.0154,0.0,1.0
LUX,2003,,,,0.0154,0.0,0.004,0.0154,0.0,0.0
LUX,2004,,,,0.0154,0.0,0.004,0.0154,0.0,1.0
LUX,2005,,,,0.0154,0.0,0.004,0.0154,0.0,1.0
LUX,2006,,,,0.0154,0.0,0.004,0.0154,0.0,0.0
LUX,2007,,,,0.0154,0.0,0.004,0.0154,0.0,1.0
LUX,2008,,,,0.0154,0.0,0.004,0.0154,0.0,1.0
LUX,2009,,,,0.0154,0.0,0.004,0.0154,0.0,1.0
LUX,2010,,,,0.0154,0.0,0.004,0.0154,0.0,0.0
LUX,2011,,,,0.0154,0.0,0.004,0.0154,0.0,0.0
LUX,2012,,,,0.0154,0.0,0.004,0.0154,0.0,0.0
LUX,2013,,,,0.0154,0.0,0.004,0.0154,0.0,0.0
LUX,2014,,,,0.0154,0.0,0.004,0.0154,0.0,0.0
LUX,2015,,,,0.0154,0.0,0.004,0.0154,0.0,0.0
LUX,2016,,,,0.0154,0.0,0.004,0.0154,0.0,0.0
LUX,2017,,,,0.0154,0.0,0.004,0.0154,0.0,0.0
LUX,2018,,,,0.0154,0.0,0.004,0.0154,0.0,0.0
LUX,2019,,,,0.0154,0.0,0.004,0.0154,0.0,0.0
LUX,2020,,,,0.0154,0.0,0.004,0.0154,0.0,0.0
LVA,1970,,,,,,,,,
LVA,1971,,,,,,,,,
LVA,1972,,,,,,,,,
LVA,1973,,,,,,,,,
LVA,1974,,,,,,,,,
LVA,1975,,,,,,,,,
LVA,1976,,,,,,,,,
LVA,1977,,,,,,,,,
LVA,1978,,,,,,,,,
LVA,1979,,,,,,,,,
LVA,1980,,,,,,,,,
LVA,1981,,,,,,,,,
LVA,1982,,,,,,,,,
LVA,1983,,,,,,,,,
LVA,1984,,,,,,,,,
LVA,1985,,,,,,,,,
LVA,1986,,,,,,,,,
LVA,1987,,,,,,,,,
LVA,1988,,,,,,,,,
LVA,1989,,,,,,,,,
LVA,1990,,,,,,,,,
LVA,1991,,,,,,,,,
LVA,1992,,,,,,,,,
LVA,1993,,,,,,,,,
LVA,1994,,,,,,,,,
LVA,1995,,,,,,,,,
LVA,1996,1.7772856,0.8806823,0.11931771,,,,,,
LVA,1997,2.029058,0.9403412,0.059658825,,,,,,1.0
LVA,1998,2.029058,0.9403412,0.059658825,,,,,,1.0
LVA,1999,2.029058,0.9403412,0.059658825,,,,,,1.0
LVA,2000,2.029058,0.9403412,0.059658825,,,,,,1.0
LVA,2001,2.029058,0.9403412,0.059658825,,,,,,1.0
LVA,2002,2.029058,0.9403412,0.059658825,,,,,,1.0
LVA,2003,2.2808304,1.0,0.0,0.0538,0.02,0.059,0.0338,0.0,0.0
LVA,2004,2.2808304,1.0,0.0,0.04866666666666667,0.015,0.049,0.033666666666666664,0.0,1.0
LVA,2005,2.2808304,1.0,0.0,0.043533333333333334,0.01,0.039,0.03353333333333334,0.0,1.0
LVA,2006,2.2808304,1.0,0.0,0.038400000000000004,0.005,0.029,0.033400000000000006,0.0,0.0
LVA,2007,2.2808304,1.0,0.0,0.033850000000000005,0.005,0.02725,0.028850000000000004,0.0,1.0
LVA,2008,2.2808304,1.0,0.0,0.029300000000000003,0.005,0.025500000000000002,0.024300000000000002,0.0,1.0
LVA,2009,2.2808304,1.0,0.0,0.02475,0.005,0.02375,0.019750000000000004,0.0,1.0
LVA,2010,2.2808304,1.0,0.0,0.020200000000000003,0.005,0.022,0.015200000000000002,0.0,0.0
LVA,2011,2.2808304,1.0,0.0,0.020200000000000003,0.005,0.022,0.015200000000000002,0.0,0.0
LVA,2012,2.2808304,1.0,0.0,0.020200000000000003,0.005,0.022,0.015200000000000002,0.0,0.0
LVA,2013,2.2808304,1.0,0.0,0.020200000000000003,0.005,0.022,0.015200000000000002,0.0,0.0
LVA,2014,2.2808304,1.0,0.0,0.020200000000000003,0.005,0.02,0.015200000000000002,0.0,0.0
LVA,2015,2.2808304,1.0,0.0,0.020200000000000003,0.005,0.02,0.015200000000000002,0.0,0.0
LVA,2016,2.2808304,1.0,0.0,0.020200000000000003,0.005,0.02,0.015200000000000002,0.0,0.0
LVA,2017,2.2808304,1.0,0.0,0.020200000000000003,0.005,0.021,0.015200000000000002,0.0,0.0
LVA,2018,2.2808304,1.0,0.0,0.020200000000000003,0.005,0.021,0.015200000000000002,0.0,0.0
LVA,2019,2.2808304,1.0,0.0,0.020200000000000003,0.005,0.021,0.015200000000000002,0.0,0.0
LVA,2020,2.2808304,1.0,0.0,0.020200000000000003,0.005,0.021,0.015200000000000002,0.0,0.0
LVA,2021,2.2808304,1.0,0.0,,,,,,
LVA,2022,2.2808304,1.0,0.0,,,,,,
LVA,2023,2.2808304,1.0,0.0,,,,,,
MAR,1970,-1.2538762,0.16243199,0.83756804,,,,,,
MAR,1971,-1.2538762,0.16243199,0.83756804,,,,,,
MAR,1972,-1.2538762,0.16243199,0.83756804,,,,,,
MAR,1973,-1.9393721,0.0,1.0,,,,,,
MAR,1974,-1.9393721,0.0,1.0,,,,,,
MAR,1975,-1.9393721,0.0,1.0,,,,,,
MAR,1976,-1.9393721,0.0,1.0,,,,,,
MAR,1977,-1.9393721,0.0,1.0,,,,,,
MAR,1978,-1.9393721,0.0,1.0,,,,,,
MAR,1979,-1.9393721,0.0,1.0,,,,,,
MAR,1980,-1.9393721,0.0,1.0,,,,,,
MAR,1981,-1.9393721,0.0,1.0,,,,,,
MAR,1982,-1.9393721,0.0,1.0,,,,,,
MAR,1983,-1.9393721,0.0,1.0,,,,,,
MAR,1984,-1.9393721,0.0,1.0,,,,,,
MAR,1985,-1.9393721,0.0,1.0,,,,,,
MAR,1986,-1.2538762,0.16243199,0.83756804,,,,,,
MAR,1987,-1.2538762,0.16243199,0.83756804,,,,,,
MAR,1988,-1.2538762,0.16243199,0.83756804,,,,,,
MAR,1989,-1.2538762,0.16243199,0.83756804,,,,,,
MAR,1990,-1.2538762,0.16243199,0.83756804,,,,,,
MAR,1991,-1.2538762,0.16243199,0.83756804,,,,,,
MAR,1992,-1.2538762,0.16243199,0.83756804,,,,,,
MAR,1993,-0.17476626,0.41813296,0.58186704,,,,,,
MAR,1994,-0.17476626,0.41813296,0.58186704,,,,,,
MAR,1995,-0.17476626,0.41813296,0.58186704,,,,,,
MAR,1996,-1.2538762,0.16243199,0.83756804,,,,,,
MAR,1997,-1.2538762,0.16243199,0.83756804,,,,,,1.0
MAR,1998,-1.2538762,0.16243199,0.83756804,,,,,,1.0
MAR,1999,-1.2538762,0.16243199,0.83756804,,,,,,1.0
MAR,2000,-1.2538762,0.16243199,0.83756804,,,,,,1.0
MAR,2001,-1.2538762,0.16243199,0.83756804,,,,,,1.0
MAR,2002,-1.2538762,0.16243199,0.83756804,,,,,,1.0
MAR,2003,-1.2538762,0.16243199,0.83756804,,,,,,1.0
MAR,2004,-1.2538762,0.16243199,0.83756804,,,,,,1.0
MAR,2005,-1.2538762,0.16243199,0.83756804,,,,,,1.0
MAR,2006,-1.2538762,0.16243199,0.83756804,,,,,,1.0
MAR,2007,-1.2538762,0.16243199,0.83756804,,,,,,1.0
MAR,2008,-1.2538762,0.16243199,0.83756804,,,,,,1.0
MAR,2009,-1.2538762,0.16243199,0.83756804,,,,,,1.0
MAR,2010,-1.2538762,0.16243199,0.83756804,0.06500000000000002,0.0,0.067,0.06500000000000002,0.0,0.0
MAR,2011,-1.2538762,0.16243199,0.83756804,0.06500000000000002,0.0,0.067,0.06500000000000002,0.0,0.0
MAR,2012,-1.2538762,0.16243199,0.83756804,0.06500000000000002,0.0,0.067,0.06500000000000002,0.0,0.0
MAR,2013,-1.2538762,0.16243199,0.83756804,0.06500000000000002,0.0,0.067,0.06500000000000002,0.0,0.0
MAR,2014,-1.2538762,0.16243199,0.83756804,0.06500000000000002,0.0,0.067,0.06500000000000002,0.0,0.0
MAR,2015,-1.2538762,0.16243199,0.83756804,0.06500000000000002,0.0,0.067,0.06500000000000002,0.0,0.0
MAR,2016,-1.2538762,0.16243199,0.83756804,0.06500000000000002,0.0,0.067,0.06500000000000002,0.0,0.0
MAR,2017,-1.2538762,0.16243199,0.83756804,0.06500000000000002,0.0,0.067,0.06500000000000002,0.0,0.0
MAR,2018,-1.2538762,0.16243199,0.83756804,0.06500000000000002,0.0,0.067,0.06500000000000002,0.0,0.0
MAR,2019,-1.2538762,0.16243199,0.83756804,0.06500000000000002,0.0,0.067,0.06500000000000002,0.0,0.0
MAR,2020,-1.2538762,0.16243199,0.83756804,0.06500000000000002,0.0,0.067,0.06500000000000002,0.0,0.0
MAR,2021,-1.2538762,0.16243199,0.83756804,,,,,,
MAR,2022,-1.2538762,0.16243199,0.83756804,,,,,,
MAR,2023,-1.2538762,0.16243199,0.83756804,,,,,,
MDA,1970,,,,,,,,,
MDA,1971,,,,,,,,,
MDA,1972,,,,,,,,,
MDA,1973,,,,,,,,,
MDA,1974,,,,,,,,,
MDA,1975,,,,,,,,,
MDA,1976,,,,,,,,,
MDA,1977,,,,,,,,,
MDA,1978,,,,,,,,,
MDA,1979,,,,,,,,,
MDA,1980,,,,,,,,,
MDA,1981,,,,,,,,,
MDA,1982,,,,,,,,,
MDA,1983,,,,,,,,,
MDA,1984,,,,,,,,,
MDA,1985,,,,,,,,,
MDA,1986,,,,,,,,,
MDA,1987,,,,,,,,,
MDA,1988,,,,,,,,,
MDA,1989,,,,,,,,,
MDA,1990,,,,,,,,,
MDA,1991,,,,,,,,,
MDA,1992,,,,,,,,,
MDA,1993,,,,,,,,,
MDA,1994,,,,,,,,,
MDA,1995,,,,,,,,,
MDA,1996,-1.0021038,0.22209083,0.77790916,,,,,,
MDA,1997,-1.0021038,0.22209083,0.77790916,,,,,,1.0
MDA,1998,-1.0021038,0.22209083,0.77790916,,,,,,1.0
MDA,1999,-1.2538762,0.16243199,0.83756804,,,,,,1.0
MDA,2000,-1.2538762,0.16243199,0.83756804,,,,,,1.0
MDA,2001,-1.2538762,0.16243199,0.83756804,,,,,,1.0
MDA,2002,-1.2538762,0.16243199,0.83756804,,,,,,1.0
MDA,2003,-1.2538762,0.16243199,0.83756804,,,,,,1.0
MDA,2004,-1.2538762,0.16243199,0.83756804,,,,,,1.0
MDA,2005,-1.2538762,0.16243199,0.83756804,,,,,,1.0
MDA,2006,-1.2538762,0.16243199,0.83756804,,,,,,1.0
MDA,2007,-1.2538762,0.16243199,0.83756804,,,,,,1.0
MDA,2008,-1.2538762,0.16243199,0.83756804,,,,,,1.0
MDA,2009,-1.2538762,0.16243199,0.83756804,,,,,,1.0
MDA,2010,-1.2538762,0.16243199,0.83756804,,,,,,1.0
MDA,2011,-1.2538762,0.16243199,0.83756804,,,,,,1.0
MDA,2012,-1.2538762,0.16243199,0.83756804,,,,,,1.0
MDA,2013,-1.2538762,0.16243199,0.83756804,,,,,,1.0
MDA,2014,-1.2538762,0.16243199,0.83756804,,,,,,1.0
MDA,2015,-1.2538762,0.16243199,0.83756804,,,,,,1.0
MDA,2016,-1.2538762,0.16243199,0.83756804,,,,,,1.0
MDA,2017,-1.2538762,0.16243199,0.83756804,,,,,,1.0
MDA,2018,-1.2538762,0.16243199,0.83756804,,,,,,1.0
MDA,2019,-1.2538762,0.16243199,0.83756804,0.08980000000000002,0.05,0.06,0.039800000000000016,0.0,0.0
MDA,2020,-1.2538762,0.16243199,0.83756804,0.08980000000000002,0.05,0.06,0.039800000000000016,0.0,0.0
MDA,2021,-1.2538762,0.16243199,0.83756804,,,,,,
MDA,2022,-1.2538762,0.16243199,0.83756804,,,,,,
MDA,2023,-1.2538762,0.16243199,0.83756804,,,,,,
MDG,1970,-1.0021038,0.22209083,0.77790916,,,,,,
MDG,1971,-0.6084897,0.31535983,0.68464017,,,,,,
MDG,1972,-1.9393721,0.0,1.0,,,,,,
MDG,1973,-1.2538762,0.16243199,0.83756804,,,,,,
MDG,1974,-1.2538762,0.16243199,0.83756804,,,,,,
MDG,1975,-1.2538762,0.16243199,0.83756804,,,,,,
MDG,1976,-1.2538762,0.16243199,0.83756804,,,,,,
MDG,1977,-1.2538762,0.16243199,0.83756804,,,,,,
MDG,1978,-1.2538762,0.16243199,0.83756804,,,,,,
MDG,1979,-1.2538762,0.16243199,0.83756804,,,,,,
MDG,1980,-1.2538762,0.16243199,0.83756804,,,,,,
MDG,1981,-1.2538762,0.16243199,0.83756804,,,,,,
MDG,1982,-1.2538762,0.16243199,0.83756804,,,,,,
MDG,1983,-1.2538762,0.16243199,0.83756804,,,,,,
MDG,1984,-1.2538762,0.16243199,0.83756804,,,,,,
MDG,1985,-1.2538762,0.16243199,0.83756804,,,,,,
MDG,1986,-1.2538762,0.16243199,0.83756804,,,,,,
MDG,1987,-1.2538762,0.16243199,0.83756804,,,,,,
MDG,1988,-1.2538762,0.16243199,0.83756804,,,,,,
MDG,1989,-1.2538762,0.16243199,0.83756804,,,,,,
MDG,1990,-1.2538762,0.16243199,0.83756804,,,,,,
MDG,1991,-1.2538762,0.16243199,0.83756804,,,,,,
MDG,1992,-1.2538762,0.16243199,0.83756804,,,,,,
MDG,1993,-1.2538762,0.16243199,0.83756804,,,,,,
MDG,1994,-1.2538762,0.16243199,0.83756804,,,,,,
MDG,1995,-1.2538762,0.16243199,0.83756804,,,,,,
MDG,1996,-1.2538762,0.16243199,0.83756804,,,,,,
MDG,1997,-0.17476626,0.41813296,0.58186704,,,,,,
MDG,1998,-0.17476626,0.41813296,0.58186704,,,,,,
MDG,1999,-0.17476626,0.41813296,0.58186704,,,,,,
MDG,2000,-0.17476626,0.41813296,0.58186704,,,,,,
MDG,2001,-0.17476626,0.41813296,0.58186704,,,,,,
MDG,2002,-0.17476626,0.41813296,0.58186704,,,,,,
MDG,2003,-0.17476626,0.41813296,0.58186704,,,,,,
MDG,2004,-0.17476626,0.41813296,0.58186704,,,,,,
MDG,2005,-0.17476626,0.41813296,0.58186704,,,,,,
MDG,2006,-0.17476626,0.41813296,0.58186704,,,,,,
MDG,2007,-0.17476626,0.41813296,0.58186704,,,,,,
MDG,2008,-0.17476626,0.41813296,0.58186704,,,,,,
MDG,2009,-0.17476626,0.41813296,0.58186704,,,,,,
MDG,2010,-0.86026204,0.255701,0.744299,,,,,,
MDG,2011,-0.86026204,0.255701,0.744299,,,,,,
MDG,2012,-0.86026204,0.255701,0.744299,,,,,,
MDG,2013,-0.17476626,0.41813296,0.58186704,,,,,,
MDG,2014,-0.17476626,0.41813296,0.58186704,,,,,,
MDG,2015,-0.17476626,0.41813296,0.58186704,,,,,,
MDG,2016,-1.2538762,0.16243199,0.83756804,,,,,,
MDG,2017,-1.2538762,0.16243199,0.83756804,,,,,,
MDG,2018,-1.2538762,0.16243199,0.83756804,,,,,,
MDG,2019,-1.2538762,0.16243199,0.83756804,,,,,,
MDG,2020,-1.2538762,0.16243199,0.83756804,,,,,,
MDG,2021,-1.2538762,0.16243199,0.83756804,,,,,,
MDG,2022,-1.2538762,0.16243199,0.83756804,,,,,,
MDG,2023,-1.2538762,0.16243199,0.83756804,,,,,,
MDV,1970,,,,,,,,,
MDV,1971,,,,,,,,,
MDV,1972,,,,,,,,,
MDV,1973,,,,,,,,,
MDV,1974,,,,,,,,,
MDV,1975,,,,,,,,,
MDV,1976,,,,,,,,,
MDV,1977,,,,,,,,,
MDV,1978,,,,,,,,,
MDV,1979,,,,,,,,,
MDV,1980,,,,,,,,,
MDV,1981,,,,,,,,,
MDV,1982,1.0840957,0.7164272,0.2835728,,,,,,
MDV,1983,1.0840957,0.7164272,0.2835728,,,,,,
MDV,1984,1.0840957,0.7164272,0.2835728,,,,,,
MDV,1985,1.0840957,0.7164272,0.2835728,,,,,,
MDV,1986,1.0840957,0.7164272,0.2835728,,,,,,
MDV,1987,1.0840957,0.7164272,0.2835728,,,,,,
MDV,1988,1.0840957,0.7164272,0.2835728,,,,,,
MDV,1989,1.0840957,0.7164272,0.2835728,,,,,,
MDV,1990,1.0840957,0.7164272,0.2835728,,,,,,
MDV,1991,1.0840957,0.7164272,0.2835728,,,,,,
MDV,1992,1.0840957,0.7164272,0.2835728,,,,,,
MDV,1993,1.0840957,0.7164272,0.2835728,,,,,,
MDV,1994,1.0840957,0.7164272,0.2835728,,,,,,
MDV,1995,1.0840957,0.7164272,0.2835728,,,,,,
MDV,1996,2.2808304,1.0,0.0,,,,,,
MDV,1997,2.2808304,1.0,0.0,,,,,,
MDV,1998,2.2808304,1.0,0.0,,,,,,
MDV,1999,2.029058,0.9403412,0.059658825,,,,,,
MDV,2000,1.7772856,0.8806823,0.11931771,,,,,,
MDV,2001,1.5255132,0.82102346,0.17897654,,,,,,
MDV,2002,1.5255132,0.82102346,0.17897654,,,,,,
MDV,2003,1.5255132,0.82102346,0.17897654,,,,,,
MDV,2004,1.7772856,0.8806823,0.11931771,,,,,,
MDV,2005,2.029058,0.9403412,0.059658825,,,,,,
MDV,2006,2.2808304,1.0,0.0,,,,,,
MDV,2007,2.2808304,1.0,0.0,,,,,,
MDV,2008,2.2808304,1.0,0.0,,,,,,
MDV,2009,1.5953345,0.83756804,0.16243196,,,,,,
MDV,2010,1.5953345,0.83756804,0.16243196,,,,,,
MDV,2011,1.5953345,0.83756804,0.16243196,,,,,,
MDV,2012,1.5953345,0.83756804,0.16243196,,,,,,
MDV,2013,1.5953345,0.83756804,0.16243196,,,,,,
MDV,2014,1.5953345,0.83756804,0.16243196,,,,,,
MDV,2015,1.5953345,0.83756804,0.16243196,,,,,,
MDV,2016,1.5953345,0.83756804,0.16243196,,,,,,
MDV,2017,0.51622456,0.58186704,0.41813296,,,,,,
MDV,2018,0.51622456,0.58186704,0.41813296,,,,,,
MDV,2019,1.5953345,0.83756804,0.16243196,,,,,,
MDV,2020,1.5953345,0.83756804,0.16243196,,,,,,
MDV,2021,1.5953345,0.83756804,0.16243196,,,,,,
MDV,2022,1.5953345,0.83756804,0.16243196,,,,,,
MDV,2023,0.39859986,0.5539952,0.4460048,,,,,,
MEX,1970,2.2808304,1.0,0.0,,,,,,
MEX,1971,2.2808304,1.0,0.0,,,,,,
MEX,1972,2.2808304,1.0,0.0,,,,,,
MEX,1973,2.2808304,1.0,0.0,,,,,,
MEX,1974,2.2808304,1.0,0.0,,,,,,
MEX,1975,2.2808304,1.0,0.0,,,,,,
MEX,1976,2.2808304,1.0,0.0,,,,,,
MEX,1977,2.2808304,1.0,0.0,,,,,,
MEX,1978,2.2808304,1.0,0.0,,,,,,
MEX,1979,2.2808304,1.0,0.0,,,,,,
MEX,1980,2.2808304,1.0,0.0,,,,,,
MEX,1981,2.2808304,1.0,0.0,,,,,,
MEX,1982,-0.93228245,0.23863538,0.76136464,,,,,,
MEX,1983,-1.1840549,0.17897654,0.82102346,,,,,,
MEX,1984,-1.4358273,0.11931769,0.8806823,,,,,,
MEX,1985,-1.6875997,0.059658844,0.9403412,,,,,,
MEX,1986,-1.9393721,0.0,1.0,,,,,,
MEX,1987,-0.86026204,0.255701,0.744299,,,,,,
MEX,1988,-0.86026204,0.255701,0.744299,,,,,,
MEX,1989,-0.86026204,0.255701,0.744299,,,,,,
MEX,1990,-0.86026204,0.255701,0.744299,,,,,,
MEX,1991,-0.17476626,0.41813296,0.58186704,,,,,,
MEX,1992,-0.17476626,0.41813296,0.58186704,,,,,,
MEX,1993,1.0219685,0.7017058,0.2982942,,,,,,
MEX,1994,1.0219685,0.7017058,0.2982942,,,,,,
MEX,1995,1.0219685,0.7017058,0.2982942,,,,,,
MEX,1996,1.0219685,0.7017058,0.2982942,,,,,,
MEX,1997,1.0219685,0.7017058,0.2982942,0.4726,0.14,0.287,0.3326,0.105,0.0
MEX,1998,1.0219685,0.7017058,0.2982942,0.4619666666666667,0.13383333333333333,0.27999999999999997,0.32813333333333333,0.10416666666666666,1.0
MEX,1999,1.0219685,0.7017058,0.2982942,0.45133333333333336,0.12766666666666668,0.27299999999999996,0.32366666666666666,0.10333333333333333,1.0
MEX,2000,1.0219685,0.7017058,0.2982942,0.4407,0.1215,0.266,0.31920000000000004,0.10250000000000001,1.0
MEX,2001,1.0219685,0.7017058,0.2982942,0.43006666666666665,0.11533333333333333,0.259,0.31473333333333336,0.10166666666666667,1.0
MEX,2002,-0.05714153,0.4460048,0.5539952,0.4194333333333333,0.10916666666666666,0.252,0.3102666666666667,0.10083333333333333,1.0
MEX,2003,-0.05714153,0.4460048,0.5539952,0.4088,0.103,0.245,0.3058,0.1,0.0
MEX,2004,1.0219685,0.7017058,0.2982942,0.3908,0.103,0.23366666666666666,0.2878,0.1,1.0
MEX,2005,1.0219685,0.7017058,0.2982942,0.3728,0.103,0.22233333333333333,0.26980000000000004,0.1,1.0
MEX,2006,1.0219685,0.7017058,0.2982942,0.3548,0.103,0.211,0.2518,0.1,0.0
MEX,2007,1.0219685,0.7017058,0.2982942,0.3548,0.103,0.211,0.2518,0.1,1.0
MEX,2008,1.0219685,0.7017058,0.2982942,0.3548,0.103,0.211,0.2518,0.1,1.0
MEX,2009,1.0219685,0.7017058,0.2982942,0.3548,0.103,0.211,0.2518,0.1,1.0
MEX,2010,1.0219685,0.7017058,0.2982942,0.3548,0.103,0.211,0.2518,0.1,0.0
MEX,2011,1.0219685,0.7017058,0.2982942,0.3548,0.103,0.211,0.2518,0.1,0.0
MEX,2012,1.0219685,0.7017058,0.2982942,0.3548,0.103,0.211,0.2518,0.1,0.0
MEX,2013,1.0219685,0.7017058,0.2982942,0.2772,0.103,0.193,0.17420000000000002,0.1,0.0
MEX,2014,1.0219685,0.7017058,0.2982942,0.2772,0.103,0.193,0.17420000000000002,0.1,0.0
MEX,2015,1.0219685,0.7017058,0.2982942,0.2772,0.103,0.193,0.17420000000000002,0.1,0.0
MEX,2016,1.0219685,0.7017058,0.2982942,0.2772,0.103,0.189,0.17420000000000002,0.1,0.0
MEX,2017,1.0219685,0.7017058,0.2982942,0.27380000000000004,0.103,0.188,0.17080000000000006,0.1,0.0
MEX,2018,1.0219685,0.7017058,0.2982942,0.27380000000000004,0.103,0.188,0.17080000000000006,0.1,0.0
MEX,2019,1.0219685,0.7017058,0.2982942,0.27380000000000004,0.103,0.188,0.17080000000000006,0.1,0.0
MEX,2020,1.0219685,0.7017058,0.2982942,0.27380000000000004,0.103,0.188,0.17080000000000006,0.1,0.0
MEX,2021,1.0219685,0.7017058,0.2982942,,,,,,
MEX,2022,1.0219685,0.7017058,0.2982942,,,,,,
MEX,2023,1.0219685,0.7017058,0.2982942,,,,,,
MHL,1970,,,,,,,,,
MHL,1971,,,,,,,,,
MHL,1972,,,,,,,,,
MHL,1973,,,,,,,,,
MHL,1974,,,,,,,,,
MHL,1975,,,,,,,,,
MHL,1976,,,,,,,,,
MHL,1977,,,,,,,,,
MHL,1978,,,,,,,,,
MHL,1979,,,,,,,,,
MHL,1980,,,,,,,,,
MHL,1981,,,,,,,,,
MHL,1982,,,,,,,,,
MHL,1983,,,,,,,,,
MHL,1984,,,,,,,,,
MHL,1985,,,,,,,,,
MHL,1986,,,,,,,,,
MHL,1987,,,,,,,,,
MHL,1988,,,,,,,,,
MHL,1989,,,,,,,,,
MHL,1990,,,,,,,,,
MHL,1991,,,,,,,,,
MHL,1992,,,,,,,,,
MHL,1993,,,,,,,,,
MHL,1994,,,,,,,,,
MHL,1995,,,,,,,,,
MHL,1996,0.949948,0.68464017,0.31535983,,,,,,
MHL,1997,1.7772856,0.8806823,0.11931771,,,,,,
MHL,1998,1.5255132,0.82102346,0.17897654,,,,,,
MHL,1999,1.2737408,0.76136464,0.23863536,,,,,,
MHL,2000,1.0219685,0.7017058,0.2982942,,,,,,
MHL,2001,1.0219685,0.7017058,0.2982942,,,,,,
MHL,2002,1.0219685,0.7017058,0.2982942,,,,,,
MHL,2003,1.0219685,0.7017058,0.2982942,,,,,,
MHL,2004,1.0219685,0.7017058,0.2982942,,,,,,
MHL,2005,1.0219685,0.7017058,0.2982942,,,,,,
MHL,2006,1.0219685,0.7017058,0.2982942,,,,,,
MHL,2007,1.0219685,0.7017058,0.2982942,,,,,,
MHL,2008,1.0219685,0.7017058,0.2982942,,,,,,
MHL,2009,1.0219685,0.7017058,0.2982942,,,,,,
MHL,2010,1.0219685,0.7017058,0.2982942,,,,,,
MHL,2011,1.0219685,0.7017058,0.2982942,,,,,,
MHL,2012,1.0219685,0.7017058,0.2982942,,,,,,
MHL,2013,1.0219685,0.7017058,0.2982942,,,,,,
MHL,2014,1.0219685,0.7017058,0.2982942,,,,,,
MHL,2015,1.0219685,0.7017058,0.2982942,,,,,,
MHL,2016,1.0219685,0.7017058,0.2982942,,,,,,
MHL,2017,1.0219685,0.7017058,0.2982942,,,,,,
MHL,2018,1.0219685,0.7017058,0.2982942,,,,,,
MHL,2019,1.0219685,0.7017058,0.2982942,,,,,,
MHL,2020,1.0219685,0.7017058,0.2982942,,,,,,
MHL,2021,1.0219685,0.7017058,0.2982942,,,,,,
MHL,2022,1.0219685,0.7017058,0.2982942,,,,,,
MHL,2023,1.0219685,0.7017058,0.2982942,,,,,,
MKD,1970,,,,,,,,,
MKD,1971,,,,,,,,,
MKD,1972,,,,,,,,,
MKD,1973,,,,,,,,,
MKD,1974,,,,,,,,,
MKD,1975,,,,,,,,,
MKD,1976,,,,,,,,,
MKD,1977,,,,,,,,,
MKD,1978,,,,,,,,,
MKD,1979,,,,,,,,,
MKD,1980,,,,,,,,,
MKD,1981,,,,,,,,,
MKD,1982,,,,,,,,,
MKD,1983,,,,,,,,,
MKD,1984,,,,,,,,,
MKD,1985,,,,,,,,,
MKD,1986,,,,,,,,,
MKD,1987,,,,,,,,,
MKD,1988,,,,,,,,,
MKD,1989,,,,,,,,,
MKD,1990,,,,,,,,,
MKD,1991,,,,,,,,,
MKD,1992,,,,,,,,,
MKD,1993,,,,,,,,,
MKD,1994,,,,,,,,,
MKD,1995,,,,,,,,,
MKD,1996,,,,,,,,,
MKD,1997,-1.2538762,0.16243199,0.83756804,,,,,,1.0
MKD,1998,-1.2538762,0.16243199,0.83756804,,,,,,1.0
MKD,1999,-1.2538762,0.16243199,0.83756804,,,,,,1.0
MKD,2000,-1.2538762,0.16243199,0.83756804,,,,,,1.0
MKD,2001,-1.2538762,0.16243199,0.83756804,,,,,,1.0
MKD,2002,-0.05714153,0.4460048,0.5539952,,,,,,1.0
MKD,2003,-0.05714153,0.4460048,0.5539952,,,,,,1.0
MKD,2004,-0.05714153,0.4460048,0.5539952,,,,,,1.0
MKD,2005,-0.05714153,0.4460048,0.5539952,,,,,,1.0
MKD,2006,-0.05714153,0.4460048,0.5539952,,,,,,1.0
MKD,2007,-0.05714153,0.4460048,0.5539952,,,,,,1.0
MKD,2008,-0.05714153,0.4460048,0.5539952,,,,,,1.0
MKD,2009,-0.05714153,0.4460048,0.5539952,,,,,,1.0
MKD,2010,-0.05714153,0.4460048,0.5539952,,,,,,1.0
MKD,2011,-0.05714153,0.4460048,0.5539952,,,,,,1.0
MKD,2012,-0.05714153,0.4460048,0.5539952,,,,,,1.0
MKD,2013,-0.05714153,0.4460048,0.5539952,,,,,,1.0
MKD,2014,-0.05714153,0.4460048,0.5539952,,,,,,1.0
MKD,2015,-0.05714153,0.4460048,0.5539952,,,,,,1.0
MKD,2016,-0.05714153,0.4460048,0.5539952,,,,,,1.0
MKD,2017,-0.05714153,0.4460048,0.5539952,0.014000000000000002,0.014,0.026,1.734723475976807e-18,0.0,0.0
MKD,2018,-0.05714153,0.4460048,0.5539952,0.014000000000000002,0.014,0.026,1.734723475976807e-18,0.0,0.0
MKD,2019,-0.05714153,0.4460048,0.5539952,0.014000000000000002,0.014,0.026,1.734723475976807e-18,0.0,0.0
MKD,2020,-0.05714153,0.4460048,0.5539952,0.014000000000000002,0.014,0.026,1.734723475976807e-18,0.0,0.0
MKD,2021,-0.05714153,0.4460048,0.5539952,,,,,,
MKD,2022,-0.05714153,0.4460048,0.5539952,,,,,,
MKD,2023,-0.05714153,0.4460048,0.5539952,,,,,,
MLI,1970,-1.2538762,0.16243199,0.83756804,,,,,,
MLI,1971,-0.86026204,0.255701,0.744299,,,,,,
MLI,1972,-0.86026204,0.255701,0.744299,,,,,,
MLI,1973,-0.86026204,0.255701,0.744299,,,,,,
MLI,1974,-0.17476626,0.41813296,0.58186704,,,,,,
MLI,1975,-0.17476626,0.41813296,0.58186704,,,,,,
MLI,1976,-0.17476626,0.41813296,0.58186704,,,,,,
MLI,1977,-0.17476626,0.41813296,0.58186704,,,,,,
MLI,1978,-0.17476626,0.41813296,0.58186704,,,,,,
MLI,1979,-0.17476626,0.41813296,0.58186704,,,,,,
MLI,1980,-0.17476626,0.41813296,0.58186704,,,,,,
MLI,1981,-0.17476626,0.41813296,0.58186704,,,,,,
MLI,1982,-0.17476626,0.41813296,0.58186704,,,,,,
MLI,1983,-0.17476626,0.41813296,0.58186704,,,,,,
MLI,1984,-0.17476626,0.41813296,0.58186704,,,,,,
MLI,1985,-0.17476626,0.41813296,0.58186704,,,,,,
MLI,1986,-0.17476626,0.41813296,0.58186704,,,,,,
MLI,1987,-0.17476626,0.41813296,0.58186704,,,,,,
MLI,1988,-0.17476626,0.41813296,0.58186704,,,,,,
MLI,1989,-0.17476626,0.41813296,0.58186704,,,,,,
MLI,1990,-0.17476626,0.41813296,0.58186704,,,,,,
MLI,1991,-0.17476626,0.41813296,0.58186704,,,,,,
MLI,1992,-0.17476626,0.41813296,0.58186704,,,,,,
MLI,1993,-0.17476626,0.41813296,0.58186704,,,,,,
MLI,1994,-0.17476626,0.41813296,0.58186704,,,,,,
MLI,1995,-0.17476626,0.41813296,0.58186704,,,,,,
MLI,1996,-1.2538762,0.16243199,0.83756804,,,,,,
MLI,1997,-1.2538762,0.16243199,0.83756804,,,,,,
MLI,1998,-1.2538762,0.16243199,0.83756804,,,,,,
MLI,1999,-1.2538762,0.16243199,0.83756804,,,,,,
MLI,2000,-1.2538762,0.16243199,0.83756804,,,,,,
MLI,2001,-1.2538762,0.16243199,0.83756804,,,,,,
MLI,2002,-1.2538762,0.16243199,0.83756804,,,,,,
MLI,2003,-1.2538762,0.16243199,0.83756804,,,,,,
MLI,2004,-1.2538762,0.16243199,0.83756804,,,,,,
MLI,2005,-1.2538762,0.16243199,0.83756804,,,,,,
MLI,2006,-1.2538762,0.16243199,0.83756804,,,,,,
MLI,2007,-1.2538762,0.16243199,0.83756804,,,,,,
MLI,2008,-1.2538762,0.16243199,0.83756804,,,,,,
MLI,2009,-1.2538762,0.16243199,0.83756804,,,,,,
MLI,2010,-1.2538762,0.16243199,0.83756804,,,,,,
MLI,2011,-1.2538762,0.16243199,0.83756804,,,,,,
MLI,2012,-1.2538762,0.16243199,0.83756804,,,,,,
MLI,2013,-1.2538762,0.16243199,0.83756804,,,,,,
MLI,2014,-1.2538762,0.16243199,0.83756804,,,,,,
MLI,2015,-1.2538762,0.16243199,0.83756804,,,,,,
MLI,2016,-1.2538762,0.16243199,0.83756804,,,,,,
MLI,2017,-1.2538762,0.16243199,0.83756804,,,,,,
MLI,2018,-1.2538762,0.16243199,0.83756804,,,,,,
MLI,2019,-1.2538762,0.16243199,0.83756804,,,,,,
MLI,2020,-1.2538762,0.16243199,0.83756804,,,,,,
MLI,2021,-1.2538762,0.16243199,0.83756804,,,,,,
MLI,2022,-1.2538762,0.16243199,0.83756804,,,,,,
MLI,2023,-1.2538762,0.16243199,0.83756804,,,,,,
MLT,1970,,,,,,,,,
MLT,1971,,,,,,,,,
MLT,1972,-1.2538762,0.16243199,0.83756804,,,,,,
MLT,1973,-1.2538762,0.16243199,0.83756804,,,,,,
MLT,1974,-1.2538762,0.16243199,0.83756804,,,,,,
MLT,1975,-1.2538762,0.16243199,0.83756804,,,,,,
MLT,1976,-1.2538762,0.16243199,0.83756804,,,,,,
MLT,1977,-1.2538762,0.16243199,0.83756804,,,,,,
MLT,1978,-1.2538762,0.16243199,0.83756804,,,,,,
MLT,1979,-1.2538762,0.16243199,0.83756804,,,,,,
MLT,1980,-1.2538762,0.16243199,0.83756804,,,,,,
MLT,1981,-1.2538762,0.16243199,0.83756804,,,,,,
MLT,1982,-1.2538762,0.16243199,0.83756804,,,,,,
MLT,1983,-1.2538762,0.16243199,0.83756804,,,,,,
MLT,1984,-1.2538762,0.16243199,0.83756804,,,,,,
MLT,1985,-1.2538762,0.16243199,0.83756804,,,,,,
MLT,1986,-1.2538762,0.16243199,0.83756804,,,,,,
MLT,1987,-1.2538762,0.16243199,0.83756804,,,,,,
MLT,1988,-1.2538762,0.16243199,0.83756804,,,,,,
MLT,1989,-1.2538762,0.16243199,0.83756804,,,,,,
MLT,1990,-1.2538762,0.16243199,0.83756804,,,,,,
MLT,1991,-1.2538762,0.16243199,0.83756804,,,,,,
MLT,1992,-1.2538762,0.16243199,0.83756804,,,,,,
MLT,1993,-1.2538762,0.16243199,0.83756804,,,,,,
MLT,1994,-0.17476626,0.41813296,0.58186704,,,,,,
MLT,1995,-0.86026204,0.255701,0.744299,,,,,,
MLT,1996,-1.2538762,0.16243199,0.83756804,,,,,,
MLT,1997,-1.2538762,0.16243199,0.83756804,,,,,,
MLT,1998,-1.2538762,0.16243199,0.83756804,,,,,,
MLT,1999,-1.2538762,0.16243199,0.83756804,,,,,,
MLT,2000,-1.2538762,0.16243199,0.83756804,,,,,,
MLT,2001,-1.2538762,0.16243199,0.83756804,,,,,,
MLT,2002,-1.2538762,0.16243199,0.83756804,,,,,,
MLT,2003,-1.2538762,0.16243199,0.83756804,,,,,,
MLT,2004,0.19463086,0.50566363,0.49433637,,,,,,
MLT,2005,1.5255132,0.82102346,0.17897654,,,,,,
MLT,2006,1.7772856,0.8806823,0.11931771,,,,,,
MLT,2007,2.029058,0.9403412,0.059658825,,,,,,
MLT,2008,2.2808304,1.0,0.0,,,,,,
MLT,2009,2.2808304,1.0,0.0,,,,,,
MLT,2010,2.2808304,1.0,0.0,,,,,,
MLT,2011,2.2808304,1.0,0.0,,,,,,
MLT,2012,2.2808304,1.0,0.0,,,,,,
MLT,2013,2.2808304,1.0,0.0,,,,,,
MLT,2014,2.2808304,1.0,0.0,,,,,,
MLT,2015,2.2808304,1.0,0.0,,,,,,
MLT,2016,2.2808304,1.0,0.0,,,,,,
MLT,2017,2.2808304,1.0,0.0,,,,,,
MLT,2018,2.2808304,1.0,0.0,,,,,,
MLT,2019,2.2808304,1.0,0.0,,,,,,
MLT,2020,2.2808304,1.0,0.0,,,,,,
MLT,2021,2.2808304,1.0,0.0,,,,,,
MLT,2022,2.2808304,1.0,0.0,,,,,,
MLT,2023,2.2808304,1.0,0.0,,,,,,
MMR,1970,-1.2538762,0.16243199,0.83756804,,,,,,
MMR,1971,-1.2538762,0.16243199,0.83756804,,,,,,
MMR,1972,-1.2538762,0.16243199,0.83756804,,,,,,
MMR,1973,-1.2538762,0.16243199,0.83756804,,,,,,
MMR,1974,-1.2538762,0.16243199,0.83756804,,,,,,
MMR,1975,-1.2538762,0.16243199,0.83756804,,,,,,
MMR,1976,-1.2538762,0.16243199,0.83756804,,,,,,
MMR,1977,-1.2538762,0.16243199,0.83756804,,,,,,
MMR,1978,-1.2538762,0.16243199,0.83756804,,,,,,
MMR,1979,-1.2538762,0.16243199,0.83756804,,,,,,
MMR,1980,-1.2538762,0.16243199,0.83756804,,,,,,
MMR,1981,-1.2538762,0.16243199,0.83756804,,,,,,
MMR,1982,-1.2538762,0.16243199,0.83756804,,,,,,
MMR,1983,-1.2538762,0.16243199,0.83756804,,,,,,
MMR,1984,-1.2538762,0.16243199,0.83756804,,,,,,
MMR,1985,-1.2538762,0.16243199,0.83756804,,,,,,
MMR,1986,-1.2538762,0.16243199,0.83756804,,,,,,
MMR,1987,-1.2538762,0.16243199,0.83756804,,,,,,
MMR,1988,-1.2538762,0.16243199,0.83756804,,,,,,
MMR,1989,-1.2538762,0.16243199,0.83756804,,,,,,
MMR,1990,-1.2538762,0.16243199,0.83756804,,,,,,
MMR,1991,-1.2538762,0.16243199,0.83756804,,,,,,
MMR,1992,-1.2538762,0.16243199,0.83756804,,,,,,
MMR,1993,-1.2538762,0.16243199,0.83756804,,,,,,
MMR,1994,-1.2538762,0.16243199,0.83756804,,,,,,
MMR,1995,-1.2538762,0.16243199,0.83756804,,,,,,
MMR,1996,-1.9393721,0.0,1.0,,,,,,
MMR,1997,-1.9393721,0.0,1.0,,,,,,1.0
MMR,1998,-1.9393721,0.0,1.0,,,,,,1.0
MMR,1999,-1.9393721,0.0,1.0,,,,,,1.0
MMR,2000,-1.9393721,0.0,1.0,,,,,,1.0
MMR,2001,-1.9393721,0.0,1.0,,,,,,1.0
MMR,2002,-1.9393721,0.0,1.0,,,,,,1.0
MMR,2003,-1.9393721,0.0,1.0,,,,,,1.0
MMR,2004,-1.9393721,0.0,1.0,,,,,,1.0
MMR,2005,-1.9393721,0.0,1.0,,,,,,1.0
MMR,2006,-1.9393721,0.0,1.0,,,,,,1.0
MMR,2007,-1.9393721,0.0,1.0,,,,,,1.0
MMR,2008,-1.9393721,0.0,1.0,,,,,,1.0
MMR,2009,-1.9393721,0.0,1.0,,,,,,1.0
MMR,2010,-1.9393721,0.0,1.0,,,,,,1.0
MMR,2011,-1.9393721,0.0,1.0,,,,,,1.0
MMR,2012,-1.9393721,0.0,1.0,,,,,,1.0
MMR,2013,-1.9393721,0.0,1.0,0.4394,0.31,0.442,0.12940000000000002,0.168,0.0
MMR,2014,-1.9393721,0.0,1.0,0.39540000000000003,0.289,0.384,0.10640000000000005,0.173,0.0
MMR,2015,-1.9393721,0.0,1.0,0.41,0.289,0.39,0.121,0.173,0.0
MMR,2016,-1.9393721,0.0,1.0,0.41,0.288,0.386,0.122,0.173,0.0
MMR,2017,-1.9393721,0.0,1.0,0.22679999999999997,0.078,0.2,0.1488,0.0,0.0
MMR,2018,-1.9393721,0.0,1.0,0.1452,0.068,0.117,0.07719999999999999,0.0,0.0
MMR,2019,-1.9393721,0.0,1.0,0.13520000000000001,0.068,0.11,0.06720000000000001,0.0,0.0
MMR,2020,-1.2538762,0.16243199,0.83756804,0.13520000000000001,0.068,0.112,0.06720000000000001,0.0,0.0
MMR,2021,-1.2538762,0.16243199,0.83756804,,,,,,
MMR,2022,-1.2538762,0.16243199,0.83756804,,,,,,
MMR,2023,-1.2538762,0.16243199,0.83756804,,,,,,
MNE,1997,,,,,,,,,1.0
MNE,1998,,,,,,,,,1.0
MNE,1999,,,,,,,,,1.0
MNE,2000,,,,,,,,,1.0
MNE,2001,,,,,,,,,1.0
MNE,2002,,,,,,,,,1.0
MNE,2003,,,,,,,,,1.0
MNE,2004,,,,,,,,,1.0
MNE,2005,,,,,,,,,1.0
MNE,2006,,,,,,,,,1.0
MNE,2007,,,,,,,,,1.0
MNE,2008,,,,,,,,,1.0
MNE,2009,,,,,,,,,1.0
MNE,2010,,,,,,,,,1.0
MNE,2011,,,,,,,,,1.0
MNE,2012,,,,,,,,,1.0
MNE,2013,,,,,,,,,1.0
MNE,2014,,,,,,,,,1.0
MNE,2015,,,,,,,,,1.0
MNE,2016,,,,,,,,,1.0
MNE,2017,,,,0.07339999999999999,0.0,0.024,0.07339999999999999,0.0,0.0
MNE,2018,,,,0.07339999999999999,0.0,0.024,0.07339999999999999,0.0,0.0
MNE,2019,,,,0.07339999999999999,0.0,0.024,0.07339999999999999,0.0,0.0
MNE,2020,,,,0.07339999999999999,0.0,0.024,0.07339999999999999,0.0,0.0
MNE,2021,,,,,,,,,
MNE,2022,,,,,,,,,
MNE,2023,,,,,,,,,
MNG,1970,,,,,,,,,
MNG,1971,,,,,,,,,
MNG,1972,,,,,,,,,
MNG,1973,,,,,,,,,
MNG,1974,,,,,,,,,
MNG,1975,,,,,,,,,
MNG,1976,,,,,,,,,
MNG,1977,,,,,,,,,
MNG,1978,,,,,,,,,
MNG,1979,,,,,,,,,
MNG,1980,,,,,,,,,
MNG,1981,,,,,,,,,
MNG,1982,,,,,,,,,
MNG,1983,,,,,,,,,
MNG,1984,,,,,,,,,
MNG,1985,,,,,,,,,
MNG,1986,,,,,,,,,
MNG,1987,,,,,,,,,
MNG,1988,,,,,,,,,
MNG,1989,,,,,,,,,
MNG,1990,,,,,,,,,
MNG,1991,,,,,,,,,
MNG,1992,,,,,,,,,
MNG,1993,,,,,,,,,
MNG,1994,,,,,,,,,
MNG,1995,-1.2538762,0.16243199,0.83756804,,,,,,
MNG,1996,1.0219685,0.7017058,0.2982942,,,,,,
MNG,1997,1.0219685,0.7017058,0.2982942,,,,,,1.0
MNG,1998,1.0219685,0.7017058,0.2982942,,,,,,1.0
MNG,1999,1.0219685,0.7017058,0.2982942,,,,,,1.0
MNG,2000,1.0219685,0.7017058,0.2982942,,,,,,1.0
MNG,2001,1.0219685,0.7017058,0.2982942,,,,,,1.0
MNG,2002,1.0219685,0.7017058,0.2982942,,,,,,1.0
MNG,2003,1.0219685,0.7017058,0.2982942,,,,,,1.0
MNG,2004,1.0219685,0.7017058,0.2982942,,,,,,1.0
MNG,2005,1.0219685,0.7017058,0.2982942,,,,,,1.0
MNG,2006,1.0219685,0.7017058,0.2982942,,,,,,1.0
MNG,2007,1.0219685,0.7017058,0.2982942,,,,,,1.0
MNG,2008,1.2737408,0.76136464,0.23863536,,,,,,1.0
MNG,2009,0.8400174,0.6585915,0.3414085,,,,,,1.0
MNG,2010,1.0917898,0.71825033,0.28174967,,,,,,1.0
MNG,2011,1.3435621,0.77790916,0.22209084,,,,,,1.0
MNG,2012,1.5953345,0.83756804,0.16243196,0.19219999999999998,0.05,0.116,0.1422,0.055,0.0
MNG,2013,1.5953345,0.83756804,0.16243196,0.08220000000000001,0.06,0.071,0.02220000000000001,0.0,0.0
MNG,2014,1.5953345,0.83756804,0.16243196,0.08220000000000001,0.06,0.071,0.02220000000000001,0.0,0.0
MNG,2015,1.5953345,0.83756804,0.16243196,0.08220000000000001,0.06,0.071,0.02220000000000001,0.0,0.0
MNG,2016,1.5953345,0.83756804,0.16243196,0.08220000000000001,0.06,0.072,0.02220000000000001,0.0,0.0
MNG,2017,1.5953345,0.83756804,0.16243196,0.08220000000000001,0.06,0.072,0.02220000000000001,0.0,0.0
MNG,2018,1.5953345,0.83756804,0.16243196,0.08220000000000001,0.06,0.072,0.02220000000000001,0.0,0.0
MNG,2019,1.5953345,0.83756804,0.16243196,0.08220000000000001,0.06,0.072,0.02220000000000001,0.0,0.0
MNG,2020,1.5953345,0.83756804,0.16243196,0.08220000000000001,0.06,0.072,0.02220000000000001,0.0,0.0
MNG,2021,1.5953345,0.83756804,0.16243196,,,,,,
MNG,2022,1.5953345,0.83756804,0.16243196,,,,,,
MNG,2023,1.5953345,0.83756804,0.16243196,,,,,,
MOZ,1970,,,,,,,,,
MOZ,1971,,,,,,,,,
MOZ,1972,,,,,,,,,
MOZ,1973,,,,,,,,,
MOZ,1974,,,,,,,,,
MOZ,1975,,,,,,,,,
MOZ,1976,,,,,,,,,
MOZ,1977,,,,,,,,,
MOZ,1978,,,,,,,,,
MOZ,1979,,,,,,,,,
MOZ,1980,,,,,,,,,
MOZ,1981,,,,,,,,,
MOZ,1982,,,,,,,,,
MOZ,1983,,,,,,,,,
MOZ,1984,,,,,,,,,
MOZ,1985,,,,,,,,,
MOZ,1986,,,,,,,,,
MOZ,1987,,,,,,,,,
MOZ,1988,-1.9393721,0.0,1.0,,,,,,
MOZ,1989,-1.9393721,0.0,1.0,,,,,,
MOZ,1990,-1.9393721,0.0,1.0,,,,,,
MOZ,1991,-1.9393721,0.0,1.0,,,,,,
MOZ,1992,-1.9393721,0.0,1.0,,,,,,
MOZ,1993,-1.2538762,0.16243199,0.83756804,,,,,,
MOZ,1994,-1.2538762,0.16243199,0.83756804,,,,,,
MOZ,1995,-1.2538762,0.16243199,0.83756804,,,,,,
MOZ,1996,-1.2538762,0.16243199,0.83756804,,,,,,
MOZ,1997,-1.2538762,0.16243199,0.83756804,,,,,,
MOZ,1998,-1.2538762,0.16243199,0.83756804,,,,,,
MOZ,1999,-1.2538762,0.16243199,0.83756804,,,,,,
MOZ,2000,-1.2538762,0.16243199,0.83756804,,,,,,
MOZ,2001,-1.2538762,0.16243199,0.83756804,,,,,,
MOZ,2002,-1.2538762,0.16243199,0.83756804,,,,,,
MOZ,2003,-1.2538762,0.16243199,0.83756804,,,,,,
MOZ,2004,-1.2538762,0.16243199,0.83756804,,,,,,
MOZ,2005,-1.2538762,0.16243199,0.83756804,,,,,,
MOZ,2006,-1.2538762,0.16243199,0.83756804,,,,,,
MOZ,2007,-1.2538762,0.16243199,0.83756804,,,,,,
MOZ,2008,-1.2538762,0.16243199,0.83756804,,,,,,
MOZ,2009,-1.2538762,0.16243199,0.83756804,,,,,,
MOZ,2010,-1.2538762,0.16243199,0.83756804,,,,,,
MOZ,2011,-1.2538762,0.16243199,0.83756804,,,,,,
MOZ,2012,-1.2538762,0.16243199,0.83756804,,,,,,
MOZ,2013,-1.2538762,0.16243199,0.83756804,,,,,,
MOZ,2014,-1.2538762,0.16243199,0.83756804,,,,,,
MOZ,2015,-1.2538762,0.16243199,0.83756804,,,,,,
MOZ,2016,-1.2538762,0.16243199,0.83756804,,,,,,
MOZ,2017,-1.2538762,0.16243199,0.83756804,,,,,,
MOZ,2018,-1.2538762,0.16243199,0.83756804,,,,,,
MOZ,2019,-1.2538762,0.16243199,0.83756804,,,,,,
MOZ,2020,-1.2538762,0.16243199,0.83756804,,,,,,
MOZ,2021,-1.2538762,0.16243199,0.83756804,,,,,,
MOZ,2022,-1.2538762,0.16243199,0.83756804,,,,,,
MOZ,2023,-1.2538762,0.16243199,0.83756804,,,,,,
MRT,1970,-1.0021038,0.22209083,0.77790916,,,,,,
MRT,1971,-1.6875997,0.059658844,0.9403412,,,,,,
MRT,1972,-1.9393721,0.0,1.0,,,,,,
MRT,1973,-1.2538762,0.16243199,0.83756804,,,,,,
MRT,1974,-1.2538762,0.16243199,0.83756804,,,,,,
MRT,1975,-1.2538762,0.16243199,0.83756804,,,,,,
MRT,1976,-1.2538762,0.16243199,0.83756804,,,,,,
MRT,1977,-1.2538762,0.16243199,0.83756804,,,,,,
MRT,1978,-1.2538762,0.16243199,0.83756804,,,,,,
MRT,1979,-1.2538762,0.16243199,0.83756804,,,,,,
MRT,1980,-1.2538762,0.16243199,0.83756804,,,,,,
MRT,1981,-1.2538762,0.16243199,0.83756804,,,,,,
MRT,1982,-1.2538762,0.16243199,0.83756804,,,,,,
MRT,1983,-1.2538762,0.16243199,0.83756804,,,,,,
MRT,1984,-1.2538762,0.16243199,0.83756804,,,,,,
MRT,1985,-1.2538762,0.16243199,0.83756804,,,,,,
MRT,1986,-1.2538762,0.16243199,0.83756804,,,,,,
MRT,1987,-1.2538762,0.16243199,0.83756804,,,,,,
MRT,1988,-1.9393721,0.0,1.0,,,,,,
MRT,1989,-1.2538762,0.16243199,0.83756804,,,,,,
MRT,1990,-1.2538762,0.16243199,0.83756804,,,,,,
MRT,1991,-1.2538762,0.16243199,0.83756804,,,,,,
MRT,1992,-1.9393721,0.0,1.0,,,,,,
MRT,1993,-1.2538762,0.16243199,0.83756804,,,,,,
MRT,1994,-1.2538762,0.16243199,0.83756804,,,,,,
MRT,1995,-1.2538762,0.16243199,0.83756804,,,,,,
MRT,1996,-0.17476626,0.41813296,0.58186704,,,,,,
MRT,1997,-1.2538762,0.16243199,0.83756804,,,,,,
MRT,1998,-1.2538762,0.16243199,0.83756804,,,,,,
MRT,1999,-1.2538762,0.16243199,0.83756804,,,,,,
MRT,2000,-1.2538762,0.16243199,0.83756804,,,,,,
MRT,2001,-1.2538762,0.16243199,0.83756804,,,,,,
MRT,2002,-1.2538762,0.16243199,0.83756804,,,,,,
MRT,2003,-1.2538762,0.16243199,0.83756804,,,,,,
MRT,2004,-1.2538762,0.16243199,0.83756804,,,,,,
MRT,2005,-1.2538762,0.16243199,0.83756804,,,,,,
MRT,2006,-1.2538762,0.16243199,0.83756804,,,,,,
MRT,2007,-1.2538762,0.16243199,0.83756804,,,,,,
MRT,2008,-1.2538762,0.16243199,0.83756804,,,,,,
MRT,2009,-1.2538762,0.16243199,0.83756804,,,,,,
MRT,2010,-1.2538762,0.16243199,0.83756804,,,,,,
MRT,2011,-1.2538762,0.16243199,0.83756804,,,,,,
MRT,2012,-1.2538762,0.16243199,0.83756804,,,,,,
MRT,2013,-1.2538762,0.16243199,0.83756804,,,,,,
MRT,2014,-1.2538762,0.16243199,0.83756804,,,,,,
MRT,2015,-1.2538762,0.16243199,0.83756804,,,,,,
MRT,2016,-1.2538762,0.16243199,0.83756804,,,,,,
MRT,2017,-1.2538762,0.16243199,0.83756804,,,,,,
MRT,2018,-1.2538762,0.16243199,0.83756804,,,,,,
MRT,2019,-1.2538762,0.16243199,0.83756804,,,,,,
MRT,2020,-1.2538762,0.16243199,0.83756804,,,,,,
MRT,2021,-1.2538762,0.16243199,0.83756804,,,,,,
MRT,2022,-1.2538762,0.16243199,0.83756804,,,,,,
MRT,2023,-1.2538762,0.16243199,0.83756804,,,,,,
MUS,1970,,,,,,,,,
MUS,1971,,,,,,,,,
MUS,1972,-1.9393721,0.0,1.0,,,,,,
MUS,1973,-1.9393721,0.0,1.0,,,,,,
MUS,1974,-1.9393721,0.0,1.0,,,,,,
MUS,1975,-1.9393721,0.0,1.0,,,,,,
MUS,1976,-1.9393721,0.0,1.0,,,,,,
MUS,1977,-1.9393721,0.0,1.0,,,,,,
MUS,1978,-1.9393721,0.0,1.0,,,,,,
MUS,1979,-1.9393721,0.0,1.0,,,,,,
MUS,1980,-1.9393721,0.0,1.0,,,,,,
MUS,1981,-1.9393721,0.0,1.0,,,,,,
MUS,1982,-1.9393721,0.0,1.0,,,,,,
MUS,1983,-1.9393721,0.0,1.0,,,,,,
MUS,1984,-1.2538762,0.16243199,0.83756804,,,,,,
MUS,1985,-1.2538762,0.16243199,0.83756804,,,,,,
MUS,1986,-1.2538762,0.16243199,0.83756804,,,,,,
MUS,1987,-1.2538762,0.16243199,0.83756804,,,,,,
MUS,1988,-1.2538762,0.16243199,0.83756804,,,,,,
MUS,1989,-1.2538762,0.16243199,0.83756804,,,,,,
MUS,1990,-1.2538762,0.16243199,0.83756804,,,,,,
MUS,1991,-1.2538762,0.16243199,0.83756804,,,,,,
MUS,1992,-1.2538762,0.16243199,0.83756804,,,,,,
MUS,1993,-0.17476626,0.41813296,0.58186704,,,,,,
MUS,1994,-0.17476626,0.41813296,0.58186704,,,,,,
MUS,1995,-0.17476626,0.41813296,0.58186704,,,,,,
MUS,1996,0.07700613,0.47779182,0.5222082,,,,,,
MUS,1997,1.5255132,0.82102346,0.17897654,,,,,,
MUS,1998,1.7772856,0.8806823,0.11931771,,,,,,
MUS,1999,2.029058,0.9403412,0.059658825,,,,,,
MUS,2000,1.0840957,0.7164272,0.2835728,,,,,,
MUS,2001,1.0840957,0.7164272,0.2835728,,,,,,
MUS,2002,1.0840957,0.7164272,0.2835728,,,,,,
MUS,2003,2.2808304,1.0,0.0,,,,,,
MUS,2004,2.2808304,1.0,0.0,,,,,,
MUS,2005,2.2808304,1.0,0.0,,,,,,
MUS,2006,2.2808304,1.0,0.0,,,,,,
MUS,2007,2.2808304,1.0,0.0,,,,,,
MUS,2008,2.2808304,1.0,0.0,,,,,,
MUS,2009,2.029058,0.9403412,0.059658825,,,,,,
MUS,2010,1.7772856,0.8806823,0.11931771,,,,,,
MUS,2011,1.5255132,0.82102346,0.17897654,,,,,,
MUS,2012,1.2737408,0.76136464,0.23863536,,,,,,
MUS,2013,1.0219685,0.7017058,0.2982942,,,,,,
MUS,2014,1.0219685,0.7017058,0.2982942,,,,,,
MUS,2015,1.0219685,0.7017058,0.2982942,,,,,,
MUS,2016,1.0219685,0.7017058,0.2982942,,,,,,
MUS,2017,1.0219685,0.7017058,0.2982942,,,,,,
MUS,2018,1.0219685,0.7017058,0.2982942,,,,,,
MUS,2019,1.0219685,0.7017058,0.2982942,,,,,,
MUS,2020,1.0219685,0.7017058,0.2982942,,,,,,
MUS,2021,1.0219685,0.7017058,0.2982942,,,,,,
MUS,2022,1.0219685,0.7017058,0.2982942,,,,,,
MUS,2023,1.0219685,0.7017058,0.2982942,,,,,,
MWI,1970,-1.2538762,0.16243199,0.83756804,,,,,,
MWI,1971,-1.2538762,0.16243199,0.83756804,,,,,,
MWI,1972,-1.2538762,0.16243199,0.83756804,,,,,,
MWI,1973,-1.2538762,0.16243199,0.83756804,,,,,,
MWI,1974,-1.2538762,0.16243199,0.83756804,,,,,,
MWI,1975,-1.2538762,0.16243199,0.83756804,,,,,,
MWI,1976,-1.2538762,0.16243199,0.83756804,,,,,,
MWI,1977,-1.2538762,0.16243199,0.83756804,,,,,,
MWI,1978,-1.2538762,0.16243199,0.83756804,,,,,,
MWI,1979,-1.2538762,0.16243199,0.83756804,,,,,,
MWI,1980,-1.2538762,0.16243199,0.83756804,,,,,,
MWI,1981,-1.2538762,0.16243199,0.83756804,,,,,,
MWI,1982,-1.2538762,0.16243199,0.83756804,,,,,,
MWI,1983,-1.2538762,0.16243199,0.83756804,,,,,,
MWI,1984,-1.2538762,0.16243199,0.83756804,,,,,,
MWI,1985,-1.2538762,0.16243199,0.83756804,,,,,,
MWI,1986,-1.2538762,0.16243199,0.83756804,,,,,,
MWI,1987,-1.2538762,0.16243199,0.83756804,,,,,,
MWI,1988,-1.2538762,0.16243199,0.83756804,,,,,,
MWI,1989,-1.2538762,0.16243199,0.83756804,,,,,,
MWI,1990,-1.2538762,0.16243199,0.83756804,,,,,,
MWI,1991,-1.2538762,0.16243199,0.83756804,,,,,,
MWI,1992,-1.2538762,0.16243199,0.83756804,,,,,,
MWI,1993,-1.2538762,0.16243199,0.83756804,,,,,,
MWI,1994,-1.2538762,0.16243199,0.83756804,,,,,,
MWI,1995,-0.17476626,0.41813296,0.58186704,,,,,,
MWI,1996,-1.2538762,0.16243199,0.83756804,,,,,,
MWI,1997,-1.2538762,0.16243199,0.83756804,,,,,,
MWI,1998,-1.2538762,0.16243199,0.83756804,,,,,,
MWI,1999,-1.2538762,0.16243199,0.83756804,,,,,,
MWI,2000,-1.2538762,0.16243199,0.83756804,,,,,,
MWI,2001,-1.2538762,0.16243199,0.83756804,,,,,,
MWI,2002,-1.2538762,0.16243199,0.83756804,,,,,,
MWI,2003,-1.2538762,0.16243199,0.83756804,,,,,,
MWI,2004,-1.2538762,0.16243199,0.83756804,,,,,,
MWI,2005,-1.2538762,0.16243199,0.83756804,,,,,,
MWI,2006,-1.9393721,0.0,1.0,,,,,,
MWI,2007,-1.9393721,0.0,1.0,,,,,,
MWI,2008,-1.9393721,0.0,1.0,,,,,,
MWI,2009,-1.9393721,0.0,1.0,,,,,,
MWI,2010,-1.9393721,0.0,1.0,,,,,,
MWI,2011,-1.9393721,0.0,1.0,,,,,,
MWI,2012,-1.9393721,0.0,1.0,,,,,,
MWI,2013,-1.2538762,0.16243199,0.83756804,,,,,,
MWI,2014,-1.2538762,0.16243199,0.83756804,,,,,,
MWI,2015,-1.2538762,0.16243199,0.83756804,,,,,,
MWI,2016,-1.2538762,0.16243199,0.83756804,,,,,,
MWI,2017,-1.2538762,0.16243199,0.83756804,,,,,,
MWI,2018,-1.2538762,0.16243199,0.83756804,,,,,,
MWI,2019,-1.2538762,0.16243199,0.83756804,,,,,,
MWI,2020,-1.2538762,0.16243199,0.83756804,,,,,,
MWI,2021,-1.2538762,0.16243199,0.83756804,,,,,,
MWI,2022,-1.2538762,0.16243199,0.83756804,,,,,,
MWI,2023,-1.2538762,0.16243199,0.83756804,,,,,,
MYS,1970,-0.17476626,0.41813296,0.58186704,,,,,,
MYS,1971,-0.17476626,0.41813296,0.58186704,,,,,,
MYS,1972,-0.17476626,0.41813296,0.58186704,,,,,,
MYS,1973,0.07700613,0.47779182,0.5222082,,,,,,
MYS,1974,0.32877854,0.5374507,0.46254933,,,,,,
MYS,1975,0.5805509,0.5971095,0.4028905,,,,,,
MYS,1976,0.8323233,0.6567683,0.34323168,,,,,,
MYS,1977,1.0840957,0.7164272,0.2835728,,,,,,
MYS,1978,1.0840957,0.7164272,0.2835728,,,,,,
MYS,1979,1.0840957,0.7164272,0.2835728,,,,,,
MYS,1980,1.0840957,0.7164272,0.2835728,,,,,,
MYS,1981,1.0840957,0.7164272,0.2835728,,,,,,
MYS,1982,2.2808304,1.0,0.0,,,,,,
MYS,1983,2.2808304,1.0,0.0,,,,,,
MYS,1984,2.2808304,1.0,0.0,,,,,,
MYS,1985,2.2808304,1.0,0.0,,,,,,
MYS,1986,2.2808304,1.0,0.0,,,,,,
MYS,1987,2.2808304,1.0,0.0,,,,,,
MYS,1988,2.2808304,1.0,0.0,,,,,,
MYS,1989,2.2808304,1.0,0.0,,,,,,
MYS,1990,2.2808304,1.0,0.0,,,,,,
MYS,1991,2.2808304,1.0,0.0,,,,,,
MYS,1992,2.2808304,1.0,0.0,,,,,,
MYS,1993,1.0840957,0.7164272,0.2835728,,,,,,
MYS,1994,1.0840957,0.7164272,0.2835728,,,,,,
MYS,1995,1.0840957,0.7164272,0.2835728,,,,,,
MYS,1996,0.8323233,0.6567683,0.34323168,,,,,,
MYS,1997,0.5805509,0.5971095,0.4028905,0.6018000000000001,0.36,0.521,0.24180000000000013,0.12,0.0
MYS,1998,0.32877854,0.5374507,0.46254933,0.5989333333333334,0.321,0.51,0.2779333333333334,0.12,1.0
MYS,1999,0.07700613,0.47779182,0.5222082,0.5960666666666667,0.282,0.499,0.31406666666666677,0.12,1.0
MYS,2000,-0.17476626,0.41813296,0.58186704,0.5932000000000001,0.243,0.488,0.35020000000000007,0.12,1.0
MYS,2001,-0.17476626,0.41813296,0.58186704,0.5903333333333334,0.204,0.47700000000000004,0.3863333333333334,0.12,1.0
MYS,2002,-0.17476626,0.41813296,0.58186704,0.5874666666666667,0.16499999999999998,0.466,0.4224666666666667,0.12,1.0
MYS,2003,-0.17476626,0.41813296,0.58186704,0.5846,0.126,0.455,0.4586,0.12,0.0
MYS,2004,-0.17476626,0.41813296,0.58186704,0.5796666666666667,0.126,0.45166666666666666,0.4536666666666667,0.12,1.0
MYS,2005,-0.17476626,0.41813296,0.58186704,0.5747333333333334,0.126,0.44833333333333336,0.4487333333333334,0.12,1.0
MYS,2006,-0.17476626,0.41813296,0.58186704,0.5698000000000001,0.126,0.445,0.4438000000000001,0.12,0.0
MYS,2007,-0.17476626,0.41813296,0.58186704,0.5459,0.09625,0.40625,0.44965000000000005,0.1025,1.0
MYS,2008,1.0219685,0.7017058,0.2982942,0.522,0.0665,0.3675,0.4555,0.08499999999999999,1.0
MYS,2009,-0.17476626,0.41813296,0.58186704,0.49810000000000004,0.036750000000000005,0.32875,0.46135000000000004,0.0675,1.0
MYS,2010,-1.2538762,0.16243199,0.83756804,0.4742,0.007,0.29,0.4672,0.05,0.0
MYS,2011,-1.2538762,0.16243199,0.83756804,0.47379999999999994,0.007,0.29,0.46679999999999994,0.05,0.0
MYS,2012,-1.2538762,0.16243199,0.83756804,0.4048,0.007,0.255,0.3978,0.045,0.0
MYS,2013,-1.2538762,0.16243199,0.83756804,0.4048,0.007,0.255,0.3978,0.045,0.0
MYS,2014,-0.17476626,0.41813296,0.58186704,0.40380000000000005,0.007,0.254,0.39680000000000004,0.045,0.0
MYS,2015,-0.17476626,0.41813296,0.58186704,0.40380000000000005,0.007,0.253,0.39680000000000004,0.045,0.0
MYS,2016,-0.17476626,0.41813296,0.58186704,0.40380000000000005,0.007,0.253,0.39680000000000004,0.045,0.0
MYS,2017,-0.17476626,0.41813296,0.58186704,0.403,0.007,0.252,0.396,0.045,0.0
MYS,2018,-0.17476626,0.41813296,0.58186704,0.403,0.007,0.252,0.396,0.045,0.0
MYS,2019,-0.17476626,0.41813296,0.58186704,0.403,0.007,0.252,0.396,0.045,0.0
MYS,2020,-0.17476626,0.41813296,0.58186704,0.40800000000000003,0.007,0.257,0.401,0.045,0.0
MYS,2021,-0.17476626,0.41813296,0.58186704,,,,,,
MYS,2022,-0.17476626,0.41813296,0.58186704,,,,,,
MYS,2023,-0.17476626,0.41813296,0.58186704,,,,,,
NAM,1970,,,,,,,,,
NAM,1971,,,,,,,,,
NAM,1972,,,,,,,,,
NAM,1973,,,,,,,,,
NAM,1974,,,,,,,,,
NAM,1975,,,,,,,,,
NAM,1976,,,,,,,,,
NAM,1977,,,,,,,,,
NAM,1978,,,,,,,,,
NAM,1979,,,,,,,,,
NAM,1980,,,,,,,,,
NAM,1981,,,,,,,,,
NAM,1982,,,,,,,,,
NAM,1983,,,,,,,,,
NAM,1984,,,,,,,,,
NAM,1985,,,,,,,,,
NAM,1986,,,,,,,,,
NAM,1987,,,,,,,,,
NAM,1988,,,,,,,,,
NAM,1989,,,,,,,,,
NAM,1990,,,,,,,,,
NAM,1991,,,,,,,,,
NAM,1992,,,,,,,,,
NAM,1993,,,,,,,,,
NAM,1994,-1.9393721,0.0,1.0,,,,,,
NAM,1995,-1.2538762,0.16243199,0.83756804,,,,,,
NAM,1996,-1.2538762,0.16243199,0.83756804,,,,,,
NAM,1997,-1.2538762,0.16243199,0.83756804,,,,,,
NAM,1998,-1.2538762,0.16243199,0.83756804,,,,,,
NAM,1999,-1.2538762,0.16243199,0.83756804,,,,,,
NAM,2000,-1.2538762,0.16243199,0.83756804,,,,,,
NAM,2001,-1.2538762,0.16243199,0.83756804,,,,,,
NAM,2002,-1.2538762,0.16243199,0.83756804,,,,,,
NAM,2003,-1.2538762,0.16243199,0.83756804,,,,,,
NAM,2004,-1.2538762,0.16243199,0.83756804,,,,,,
NAM,2005,-1.2538762,0.16243199,0.83756804,,,,,,
NAM,2006,-1.2538762,0.16243199,0.83756804,,,,,,
NAM,2007,-1.2538762,0.16243199,0.83756804,,,,,,
NAM,2008,-1.2538762,0.16243199,0.83756804,,,,,,
NAM,2009,-1.2538762,0.16243199,0.83756804,,,,,,
NAM,2010,-1.2538762,0.16243199,0.83756804,,,,,,
NAM,2011,-1.2538762,0.16243199,0.83756804,,,,,,
NAM,2012,-1.2538762,0.16243199,0.83756804,,,,,,
NAM,2013,-1.2538762,0.16243199,0.83756804,,,,,,
NAM,2014,-1.2538762,0.16243199,0.83756804,,,,,,
NAM,2015,-1.2538762,0.16243199,0.83756804,,,,,,
NAM,2016,-1.2538762,0.16243199,0.83756804,,,,,,
NAM,2017,-1.2538762,0.16243199,0.83756804,,,,,,
NAM,2018,-1.2538762,0.16243199,0.83756804,,,,,,
NAM,2019,-1.2538762,0.16243199,0.83756804,,,,,,
NAM,2020,-1.2538762,0.16243199,0.83756804,,,,,,
NAM,2021,-1.2538762,0.16243199,0.83756804,,,,,,
NAM,2022,-1.2538762,0.16243199,0.83756804,,,,,,
NAM,2023,-1.2538762,0.16243199,0.83756804,,,,,,
NER,1970,-1.0021038,0.22209083,0.77790916,,,,,,
NER,1971,-1.6875997,0.059658844,0.9403412,,,,,,
NER,1972,-0.86026204,0.255701,0.744299,,,,,,
NER,1973,-0.86026204,0.255701,0.744299,,,,,,
NER,1974,-0.17476626,0.41813296,0.58186704,,,,,,
NER,1975,-1.2538762,0.16243199,0.83756804,,,,,,
NER,1976,-1.2538762,0.16243199,0.83756804,,,,,,
NER,1977,-1.2538762,0.16243199,0.83756804,,,,,,
NER,1978,-1.2538762,0.16243199,0.83756804,,,,,,
NER,1979,-1.2538762,0.16243199,0.83756804,,,,,,
NER,1980,-1.2538762,0.16243199,0.83756804,,,,,,
NER,1981,-1.2538762,0.16243199,0.83756804,,,,,,
NER,1982,-1.2538762,0.16243199,0.83756804,,,,,,
NER,1983,-1.2538762,0.16243199,0.83756804,,,,,,
NER,1984,-0.17476626,0.41813296,0.58186704,,,,,,
NER,1985,-0.17476626,0.41813296,0.58186704,,,,,,
NER,1986,-0.17476626,0.41813296,0.58186704,,,,,,
NER,1987,-0.17476626,0.41813296,0.58186704,,,,,,
NER,1988,-0.17476626,0.41813296,0.58186704,,,,,,
NER,1989,-0.17476626,0.41813296,0.58186704,,,,,,
NER,1990,-0.17476626,0.41813296,0.58186704,,,,,,
NER,1991,-0.17476626,0.41813296,0.58186704,,,,,,
NER,1992,-0.17476626,0.41813296,0.58186704,,,,,,
NER,1993,-0.17476626,0.41813296,0.58186704,,,,,,
NER,1994,-0.17476626,0.41813296,0.58186704,,,,,,
NER,1995,0.07700613,0.47779182,0.5222082,,,,,,
NER,1996,-1.0021038,0.22209083,0.77790916,,,,,,
NER,1997,-1.0021038,0.22209083,0.77790916,,,,,,
NER,1998,-1.0021038,0.22209083,0.77790916,,,,,,
NER,1999,-1.0021038,0.22209083,0.77790916,,,,,,
NER,2000,-1.2538762,0.16243199,0.83756804,,,,,,
NER,2001,-1.2538762,0.16243199,0.83756804,,,,,,
NER,2002,-1.2538762,0.16243199,0.83756804,,,,,,
NER,2003,-1.2538762,0.16243199,0.83756804,,,,,,
NER,2004,-1.2538762,0.16243199,0.83756804,,,,,,
NER,2005,-1.2538762,0.16243199,0.83756804,,,,,,
NER,2006,-1.2538762,0.16243199,0.83756804,,,,,,
NER,2007,-1.2538762,0.16243199,0.83756804,,,,,,
NER,2008,-1.2538762,0.16243199,0.83756804,,,,,,
NER,2009,-1.2538762,0.16243199,0.83756804,,,,,,
NER,2010,-1.2538762,0.16243199,0.83756804,,,,,,
NER,2011,-1.2538762,0.16243199,0.83756804,,,,,,
NER,2012,-1.2538762,0.16243199,0.83756804,,,,,,
NER,2013,-1.2538762,0.16243199,0.83756804,,,,,,
NER,2014,-1.2538762,0.16243199,0.83756804,,,,,,
NER,2015,-1.2538762,0.16243199,0.83756804,,,,,,
NER,2016,-1.2538762,0.16243199,0.83756804,,,,,,
NER,2017,-1.2538762,0.16243199,0.83756804,,,,,,
NER,2018,-1.2538762,0.16243199,0.83756804,,,,,,
NER,2019,-1.2538762,0.16243199,0.83756804,,,,,,
NER,2020,-1.2538762,0.16243199,0.83756804,,,,,,
NER,2021,-1.2538762,0.16243199,0.83756804,,,,,,
NER,2022,-1.2538762,0.16243199,0.83756804,,,,,,
NER,2023,-1.2538762,0.16243199,0.83756804,,,,,,
NGA,1970,-1.2538762,0.16243199,0.83756804,,,,,,
NGA,1971,-1.2538762,0.16243199,0.83756804,,,,,,
NGA,1972,-1.2538762,0.16243199,0.83756804,,,,,,
NGA,1973,-1.2538762,0.16243199,0.83756804,,,,,,
NGA,1974,-1.2538762,0.16243199,0.83756804,,,,,,
NGA,1975,-1.2538762,0.16243199,0.83756804,,,,,,
NGA,1976,-1.2538762,0.16243199,0.83756804,,,,,,
NGA,1977,-1.2538762,0.16243199,0.83756804,,,,,,
NGA,1978,-1.2538762,0.16243199,0.83756804,,,,,,
NGA,1979,-1.2538762,0.16243199,0.83756804,,,,,,
NGA,1980,-1.2538762,0.16243199,0.83756804,,,,,,
NGA,1981,-1.2538762,0.16243199,0.83756804,,,,,,
NGA,1982,-1.2538762,0.16243199,0.83756804,,,,,,
NGA,1983,-1.2538762,0.16243199,0.83756804,,,,,,
NGA,1984,-1.2538762,0.16243199,0.83756804,,,,,,
NGA,1985,-1.2538762,0.16243199,0.83756804,,,,,,
NGA,1986,-0.86026204,0.255701,0.744299,,,,,,
NGA,1987,-0.86026204,0.255701,0.744299,,,,,,
NGA,1988,-0.86026204,0.255701,0.744299,,,,,,
NGA,1989,-1.9393721,0.0,1.0,,,,,,
NGA,1990,-1.9393721,0.0,1.0,,,,,,
NGA,1991,-1.9393721,0.0,1.0,,,,,,
NGA,1992,-1.9393721,0.0,1.0,,,,,,
NGA,1993,-1.9393721,0.0,1.0,,,,,,
NGA,1994,-1.9393721,0.0,1.0,,,,,,
NGA,1995,-1.9393721,0.0,1.0,,,,,,
NGA,1996,-1.9393721,0.0,1.0,,,,,,
NGA,1997,-1.6875997,0.059658844,0.9403412,,,,,,
NGA,1998,-1.0021038,0.22209083,0.77790916,,,,,,
NGA,1999,-0.75033146,0.28174967,0.71825033,,,,,,
NGA,2000,-1.1840549,0.17897654,0.82102346,,,,,,
NGA,2001,-0.93228245,0.23863538,0.76136464,,,,,,
NGA,2002,-0.93228245,0.23863538,0.76136464,,,,,,
NGA,2003,-0.6805101,0.29829422,0.7017058,,,,,,
NGA,2004,-0.6805101,0.29829422,0.7017058,,,,,,
NGA,2005,-0.6805101,0.29829422,0.7017058,,,,,,
NGA,2006,-0.6805101,0.29829422,0.7017058,,,,,,
NGA,2007,-0.6805101,0.29829422,0.7017058,,,,,,
NGA,2008,-0.6805101,0.29829422,0.7017058,,,,,,
NGA,2009,-0.6805101,0.29829422,0.7017058,,,,,,
NGA,2010,-0.6805101,0.29829422,0.7017058,,,,,,
NGA,2011,-0.6805101,0.29829422,0.7017058,,,,,,
NGA,2012,-0.6805101,0.29829422,0.7017058,,,,,,
NGA,2013,-0.6805101,0.29829422,0.7017058,,,,,,
NGA,2014,-0.6805101,0.29829422,0.7017058,,,,,,
NGA,2015,-0.6805101,0.29829422,0.7017058,,,,,,
NGA,2016,-0.6805101,0.29829422,0.7017058,,,,,,
NGA,2017,-0.6805101,0.29829422,0.7017058,,,,,,
NGA,2018,-0.6805101,0.29829422,0.7017058,,,,,,
NGA,2019,-0.6805101,0.29829422,0.7017058,,,,,,
NGA,2020,-0.6805101,0.29829422,0.7017058,,,,,,
NGA,2021,-0.6805101,0.29829422,0.7017058,,,,,,
NGA,2022,-0.6805101,0.29829422,0.7017058,,,,,,
NGA,2023,-0.6805101,0.29829422,0.7017058,,,,,,
NIC,1970,2.2808304,1.0,0.0,,,,,,
NIC,1971,2.2808304,1.0,0.0,,,,,,
NIC,1972,2.2808304,1.0,0.0,,,,,,
NIC,1973,2.2808304,1.0,0.0,,,,,,
NIC,1974,2.2808304,1.0,0.0,,,,,,
NIC,1975,2.2808304,1.0,0.0,,,,,,
NIC,1976,2.2808304,1.0,0.0,,,,,,
NIC,1977,2.2808304,1.0,0.0,,,,,,
NIC,1978,-0.93228245,0.23863538,0.76136464,,,,,,
NIC,1979,-1.1840549,0.17897654,0.82102346,,,,,,
NIC,1980,-1.4358273,0.11931769,0.8806823,,,,,,
NIC,1981,-1.6875997,0.059658844,0.9403412,,,,,,
NIC,1982,-1.9393721,0.0,1.0,,,,,,
NIC,1983,-1.9393721,0.0,1.0,,,,,,
NIC,1984,-1.9393721,0.0,1.0,,,,,,
NIC,1985,-1.9393721,0.0,1.0,,,,,,
NIC,1986,-1.9393721,0.0,1.0,,,,,,
NIC,1987,-1.9393721,0.0,1.0,,,,,,
NIC,1988,-1.9393721,0.0,1.0,,,,,,
NIC,1989,-1.9393721,0.0,1.0,,,,,,
NIC,1990,-1.2538762,0.16243199,0.83756804,,,,,,
NIC,1991,-1.2538762,0.16243199,0.83756804,,,,,,
NIC,1992,-1.2538762,0.16243199,0.83756804,,,,,,
NIC,1993,-0.17476626,0.41813296,0.58186704,,,,,,
NIC,1994,-0.17476626,0.41813296,0.58186704,,,,,,
NIC,1995,-0.17476626,0.41813296,0.58186704,,,,,,
NIC,1996,1.2737408,0.76136464,0.23863536,,,,,,
NIC,1997,1.5255132,0.82102346,0.17897654,,,,,,
NIC,1998,1.7772856,0.8806823,0.11931771,,,,,,
NIC,1999,2.029058,0.9403412,0.059658825,,,,,,
NIC,2000,2.2808304,1.0,0.0,,,,,,
NIC,2001,2.2808304,1.0,0.0,,,,,,
NIC,2002,2.2808304,1.0,0.0,,,,,,
NIC,2003,2.2808304,1.0,0.0,,,,,,
NIC,2004,2.2808304,1.0,0.0,,,,,,
NIC,2005,2.2808304,1.0,0.0,,,,,,
NIC,2006,2.2808304,1.0,0.0,,,,,,
NIC,2007,2.2808304,1.0,0.0,,,,,,
NIC,2008,2.2808304,1.0,0.0,,,,,,
NIC,2009,2.2808304,1.0,0.0,,,,,,
NIC,2010,2.2808304,1.0,0.0,,,,,,
NIC,2011,2.2808304,1.0,0.0,,,,,,
NIC,2012,2.2808304,1.0,0.0,,,,,,
NIC,2013,2.2808304,1.0,0.0,,,,,,
NIC,2014,2.2808304,1.0,0.0,,,,,,
NIC,2015,2.2808304,1.0,0.0,,,,,,
NIC,2016,2.2808304,1.0,0.0,,,,,,
NIC,2017,2.2808304,1.0,0.0,,,,,,
NIC,2018,2.2808304,1.0,0.0,,,,,,
NIC,2019,2.2808304,1.0,0.0,,,,,,
NIC,2020,2.2808304,1.0,0.0,,,,,,
NIC,2021,2.2808304,1.0,0.0,,,,,,
NIC,2022,2.2808304,1.0,0.0,,,,,,
NIC,2023,2.2808304,1.0,0.0,,,,,,
NLD,1970,1.0219685,0.7017058,0.2982942,,,,,,
NLD,1971,0.33647263,0.5392738,0.4607262,,,,,,
NLD,1972,0.33647263,0.5392738,0.4607262,,,,,,
NLD,1973,0.33647263,0.5392738,0.4607262,,,,,,
NLD,1974,1.0219685,0.7017058,0.2982942,,,,,,
NLD,1975,,,,,,,,,
NLD,1976,,,,,,,,,
NLD,1977,,,,,,,,,
NLD,1978,,,,,,,,,
NLD,1979,,,,,,,,,
NLD,1980,,,,,,,,,
NLD,1981,2.2808304,1.0,0.0,,,,,,
NLD,1982,2.2808304,1.0,0.0,,,,,,
NLD,1983,2.2808304,1.0,0.0,,,,,,
NLD,1984,2.2808304,1.0,0.0,,,,,,
NLD,1985,2.2808304,1.0,0.0,,,,,,
NLD,1986,2.2808304,1.0,0.0,,,,,,
NLD,1987,2.2808304,1.0,0.0,,,,,,
NLD,1988,2.2808304,1.0,0.0,,,,,,
NLD,1989,2.2808304,1.0,0.0,,,,,,
NLD,1990,2.2808304,1.0,0.0,,,,,,
NLD,1991,2.2808304,1.0,0.0,,,,,,
NLD,1992,2.2808304,1.0,0.0,,,,,,
NLD,1993,2.2808304,1.0,0.0,,,,,,
NLD,1994,2.2808304,1.0,0.0,,,,,,
NLD,1995,2.2808304,1.0,0.0,,,,,,
NLD,1996,2.2808304,1.0,0.0,,,,,,
NLD,1997,2.2808304,1.0,0.0,0.037,0.0,0.02,0.037,0.0,0.0
NLD,1998,2.2808304,1.0,0.0,0.037,0.0,0.02,0.037,0.0,1.0
NLD,1999,2.2808304,1.0,0.0,0.037,0.0,0.02,0.037,0.0,1.0
NLD,2000,2.2808304,1.0,0.0,0.037,0.0,0.02,0.037,0.0,1.0
NLD,2001,2.2808304,1.0,0.0,0.037,0.0,0.02,0.037,0.0,1.0
NLD,2002,2.2808304,1.0,0.0,0.037,0.0,0.02,0.037,0.0,1.0
NLD,2003,2.2808304,1.0,0.0,0.037,0.0,0.02,0.037,0.0,0.0
NLD,2004,2.2808304,1.0,0.0,0.037,0.0,0.02,0.037,0.0,1.0
NLD,2005,2.2808304,1.0,0.0,0.037,0.0,0.02,0.037,0.0,1.0
NLD,2006,2.2808304,1.0,0.0,0.037,0.0,0.02,0.037,0.0,0.0
NLD,2007,2.2808304,1.0,0.0,0.032,0.0,0.01875,0.032,0.0,1.0
NLD,2008,2.2808304,1.0,0.0,0.027,0.0,0.0175,0.027,0.0,1.0
NLD,2009,2.2808304,1.0,0.0,0.022,0.0,0.01625,0.022,0.0,1.0
NLD,2010,2.2808304,1.0,0.0,0.017,0.0,0.015,0.017,0.0,0.0
NLD,2011,2.2808304,1.0,0.0,0.017,0.0,0.015,0.017,0.0,0.0
NLD,2012,2.2808304,1.0,0.0,0.017,0.0,0.015,0.017,0.0,0.0
NLD,2013,2.2808304,1.0,0.0,0.017,0.0,0.015,0.017,0.0,0.0
NLD,2014,2.2808304,1.0,0.0,0.017,0.0,0.015,0.017,0.0,0.0
NLD,2015,2.2808304,1.0,0.0,0.017,0.0,0.015,0.017,0.0,0.0
NLD,2016,2.2808304,1.0,0.0,0.017,0.0,0.015,0.017,0.0,0.0
NLD,2017,2.2808304,1.0,0.0,0.017,0.0,0.015,0.017,0.0,0.0
NLD,2018,2.2808304,1.0,0.0,0.017,0.0,0.015,0.017,0.0,0.0
NLD,2019,2.2808304,1.0,0.0,0.017,0.0,0.015,0.017,0.0,0.0
NLD,2020,2.2808304,1.0,0.0,0.017,0.0,0.015,0.017,0.0,0.0
NLD,2021,2.2808304,1.0,0.0,,,,,,
NLD,2022,2.2808304,1.0,0.0,,,,,,
NLD,2023,2.2808304,1.0,0.0,,,,,,
NOR,1970,-0.17476626,0.41813296,0.58186704,,,,,,
NOR,1971,1.0219685,0.7017058,0.2982942,,,,,,
NOR,1972,1.0219685,0.7017058,0.2982942,,,,,,
NOR,1973,-0.17476626,0.41813296,0.58186704,,,,,,
NOR,1974,-0.17476626,0.41813296,0.58186704,,,,,,
NOR,1975,-0.17476626,0.41813296,0.58186704,,,,,,
NOR,1976,-0.17476626,0.41813296,0.58186704,,,,,,
NOR,1977,-0.17476626,0.41813296,0.58186704,,,,,,
NOR,1978,-0.17476626,0.41813296,0.58186704,,,,,,
NOR,1979,-0.17476626,0.41813296,0.58186704,,,,,,
NOR,1980,-0.17476626,0.41813296,0.58186704,,,,,,
NOR,1981,-0.17476626,0.41813296,0.58186704,,,,,,
NOR,1982,-0.17476626,0.41813296,0.58186704,,,,,,
NOR,1983,-0.17476626,0.41813296,0.58186704,,,,,,
NOR,1984,-0.17476626,0.41813296,0.58186704,,,,,,
NOR,1985,-0.17476626,0.41813296,0.58186704,,,,,,
NOR,1986,-0.17476626,0.41813296,0.58186704,,,,,,
NOR,1987,-0.17476626,0.41813296,0.58186704,,,,,,
NOR,1988,-0.17476626,0.41813296,0.58186704,,,,,,
NOR,1989,-0.17476626,0.41813296,0.58186704,,,,,,
NOR,1990,-0.17476626,0.41813296,0.58186704,,,,,,
NOR,1991,-0.17476626,0.41813296,0.58186704,,,,,,
NOR,1992,-0.17476626,0.41813296,0.58186704,,,,,,
NOR,1993,1.0219685,0.7017058,0.2982942,,,,,,
NOR,1994,1.0219685,0.7017058,0.2982942,,,,,,
NOR,1995,1.2737408,0.76136464,0.23863536,,,,,,
NOR,1996,1.5255132,0.82102346,0.17897654,,,,,,
NOR,1997,1.7772856,0.8806823,0.11931771,0.1216,0.0,0.094,0.1216,0.0,0.0
NOR,1998,2.029058,0.9403412,0.059658825,0.1216,0.0,0.094,0.1216,0.0,1.0
NOR,1999,2.2808304,1.0,0.0,0.1216,0.0,0.094,0.1216,0.0,1.0
NOR,2000,2.2808304,1.0,0.0,0.1216,0.0,0.094,0.1216,0.0,1.0
NOR,2001,2.2808304,1.0,0.0,0.1216,0.0,0.094,0.1216,0.0,1.0
NOR,2002,2.2808304,1.0,0.0,0.1216,0.0,0.094,0.1216,0.0,1.0
NOR,2003,2.2808304,1.0,0.0,0.1216,0.0,0.094,0.1216,0.0,0.0
NOR,2004,2.2808304,1.0,0.0,0.1216,0.0,0.094,0.1216,0.0,1.0
NOR,2005,2.2808304,1.0,0.0,0.1216,0.0,0.094,0.1216,0.0,1.0
NOR,2006,2.2808304,1.0,0.0,0.1216,0.0,0.094,0.1216,0.0,0.0
NOR,2007,2.2808304,1.0,0.0,0.1183,0.0,0.09175,0.1183,0.0,1.0
NOR,2008,2.2808304,1.0,0.0,0.115,0.0,0.0895,0.115,0.0,1.0
NOR,2009,2.2808304,1.0,0.0,0.11170000000000001,0.0,0.08725000000000001,0.11170000000000001,0.0,1.0
NOR,2010,2.2808304,1.0,0.0,0.10840000000000001,0.0,0.085,0.10840000000000001,0.0,0.0
NOR,2011,2.2808304,1.0,0.0,0.10840000000000001,0.0,0.085,0.10840000000000001,0.0,0.0
NOR,2012,2.2808304,1.0,0.0,0.10840000000000001,0.0,0.085,0.10840000000000001,0.0,0.0
NOR,2013,2.2808304,1.0,0.0,0.10840000000000001,0.0,0.085,0.10840000000000001,0.0,0.0
NOR,2014,2.2808304,1.0,0.0,0.10840000000000001,0.0,0.085,0.10840000000000001,0.0,0.0
NOR,2015,2.2808304,1.0,0.0,0.10840000000000001,0.0,0.085,0.10840000000000001,0.0,0.0
NOR,2016,2.2808304,1.0,0.0,0.10840000000000001,0.0,0.085,0.10840000000000001,0.0,0.0
NOR,2017,2.2808304,1.0,0.0,0.10840000000000001,0.0,0.085,0.10840000000000001,0.0,0.0
NOR,2018,2.2808304,1.0,0.0,0.10840000000000001,0.0,0.085,0.10840000000000001,0.0,0.0
NOR,2019,2.2808304,1.0,0.0,0.10840000000000001,0.0,0.085,0.10840000000000001,0.0,0.0
NOR,2020,2.2808304,1.0,0.0,0.10840000000000001,0.0,0.085,0.10840000000000001,0.0,0.0
NOR,2021,2.2808304,1.0,0.0,,,,,,
NOR,2022,2.2808304,1.0,0.0,,,,,,
NOR,2023,2.2808304,1.0,0.0,,,,,,
NPL,1970,-1.2538762,0.16243199,0.83756804,,,,,,
NPL,1971,-1.2538762,0.16243199,0.83756804,,,,,,
NPL,1972,-1.2538762,0.16243199,0.83756804,,,,,,
NPL,1973,-1.2538762,0.16243199,0.83756804,,,,,,
NPL,1974,-1.2538762,0.16243199,0.83756804,,,,,,
NPL,1975,-1.2538762,0.16243199,0.83756804,,,,,,
NPL,1976,-1.2538762,0.16243199,0.83756804,,,,,,
NPL,1977,-1.2538762,0.16243199,0.83756804,,,,,,
NPL,1978,-1.2538762,0.16243199,0.83756804,,,,,,
NPL,1979,-1.2538762,0.16243199,0.83756804,,,,,,
NPL,1980,-1.2538762,0.16243199,0.83756804,,,,,,
NPL,1981,-1.2538762,0.16243199,0.83756804,,,,,,
NPL,1982,-1.2538762,0.16243199,0.83756804,,,,,,
NPL,1983,-1.2538762,0.16243199,0.83756804,,,,,,
NPL,1984,-1.2538762,0.16243199,0.83756804,,,,,,
NPL,1985,-1.2538762,0.16243199,0.83756804,,,,,,
NPL,1986,-1.2538762,0.16243199,0.83756804,,,,,,
NPL,1987,-1.2538762,0.16243199,0.83756804,,,,,,
NPL,1988,-1.2538762,0.16243199,0.83756804,,,,,,
NPL,1989,-1.2538762,0.16243199,0.83756804,,,,,,
NPL,1990,-1.2538762,0.16243199,0.83756804,,,,,,
NPL,1991,-1.2538762,0.16243199,0.83756804,,,,,,
NPL,1992,-1.2538762,0.16243199,0.83756804,,,,,,
NPL,1993,-1.2538762,0.16243199,0.83756804,,,,,,
NPL,1994,-1.2538762,0.16243199,0.83756804,,,,,,
NPL,1995,-0.17476626,0.41813296,0.58186704,,,,,,
NPL,1996,-1.2538762,0.16243199,0.83756804,,,,,,
NPL,1997,-1.2538762,0.16243199,0.83756804,,,,,,
NPL,1998,-1.2538762,0.16243199,0.83756804,,,,,,
NPL,1999,-1.2538762,0.16243199,0.83756804,,,,,,
NPL,2000,-1.2538762,0.16243199,0.83756804,,,,,,
NPL,2001,-1.2538762,0.16243199,0.83756804,,,,,,
NPL,2002,-1.2538762,0.16243199,0.83756804,,,,,,
NPL,2003,-1.2538762,0.16243199,0.83756804,,,,,,
NPL,2004,-1.2538762,0.16243199,0.83756804,,,,,,
NPL,2005,-1.2538762,0.16243199,0.83756804,,,,,,
NPL,2006,-1.2538762,0.16243199,0.83756804,,,,,,
NPL,2007,-1.2538762,0.16243199,0.83756804,,,,,,
NPL,2008,-1.2538762,0.16243199,0.83756804,,,,,,
NPL,2009,-1.2538762,0.16243199,0.83756804,,,,,,
NPL,2010,-1.2538762,0.16243199,0.83756804,,,,,,
NPL,2011,-1.2538762,0.16243199,0.83756804,,,,,,
NPL,2012,-1.2538762,0.16243199,0.83756804,,,,,,
NPL,2013,-1.2538762,0.16243199,0.83756804,,,,,,
NPL,2014,-1.2538762,0.16243199,0.83756804,,,,,,
NPL,2015,-1.2538762,0.16243199,0.83756804,,,,,,
NPL,2016,-1.2538762,0.16243199,0.83756804,,,,,,
NPL,2017,-1.2538762,0.16243199,0.83756804,,,,,,
NPL,2018,-1.2538762,0.16243199,0.83756804,,,,,,
NPL,2019,-1.2538762,0.16243199,0.83756804,,,,,,
NPL,2020,-1.2538762,0.16243199,0.83756804,,,,,,
NPL,2021,-1.2538762,0.16243199,0.83756804,,,,,,
NPL,2022,-1.2538762,0.16243199,0.83756804,,,,,,
NPL,2023,-1.2538762,0.16243199,0.83756804,,,,,,
NZL,1970,-1.2538762,0.16243199,0.83756804,,,,,,
NZL,1971,-1.2538762,0.16243199,0.83756804,,,,,,
NZL,1972,-1.2538762,0.16243199,0.83756804,,,,,,
NZL,1973,-1.2538762,0.16243199,0.83756804,,,,,,
NZL,1974,-1.2538762,0.16243199,0.83756804,,,,,,
NZL,1975,-1.2538762,0.16243199,0.83756804,,,,,,
NZL,1976,-0.17476626,0.41813296,0.58186704,,,,,,
NZL,1977,-0.17476626,0.41813296,0.58186704,,,,,,
NZL,1978,-0.17476626,0.41813296,0.58186704,,,,,,
NZL,1979,-0.17476626,0.41813296,0.58186704,,,,,,
NZL,1980,-0.17476626,0.41813296,0.58186704,,,,,,
NZL,1981,-0.17476626,0.41813296,0.58186704,,,,,,
NZL,1982,-0.17476626,0.41813296,0.58186704,,,,,,
NZL,1983,-0.17476626,0.41813296,0.58186704,,,,,,
NZL,1984,1.2737408,0.76136464,0.23863536,,,,,,
NZL,1985,1.5255132,0.82102346,0.17897654,,,,,,
NZL,1986,1.7772856,0.8806823,0.11931771,,,,,,
NZL,1987,2.029058,0.9403412,0.059658825,,,,,,
NZL,1988,2.2808304,1.0,0.0,,,,,,
NZL,1989,2.2808304,1.0,0.0,,,,,,
NZL,1990,2.2808304,1.0,0.0,,,,,,
NZL,1991,2.2808304,1.0,0.0,,,,,,
NZL,1992,2.2808304,1.0,0.0,,,,,,
NZL,1993,2.2808304,1.0,0.0,,,,,,
NZL,1994,2.2808304,1.0,0.0,,,,,,
NZL,1995,2.2808304,1.0,0.0,,,,,,
NZL,1996,2.2808304,1.0,0.0,,,,,,
NZL,1997,2.2808304,1.0,0.0,0.2632,0.2,0.24,0.06319999999999998,0.2,0.0
NZL,1998,2.2808304,1.0,0.0,0.2632,0.2,0.24,0.06319999999999998,0.2,1.0
NZL,1999,2.2808304,1.0,0.0,0.2632,0.2,0.24,0.06319999999999998,0.2,1.0
NZL,2000,2.2808304,1.0,0.0,0.2632,0.2,0.24,0.06319999999999998,0.2,1.0
NZL,2001,2.2808304,1.0,0.0,0.2632,0.2,0.24,0.06319999999999998,0.2,1.0
NZL,2002,2.2808304,1.0,0.0,0.2632,0.2,0.24,0.06319999999999998,0.2,1.0
NZL,2003,2.2808304,1.0,0.0,0.2632,0.2,0.24,0.06319999999999998,0.2,0.0
NZL,2004,2.2808304,1.0,0.0,0.2632,0.2,0.24,0.06319999999999998,0.2,1.0
NZL,2005,2.2808304,1.0,0.0,0.2632,0.2,0.24,0.06319999999999998,0.2,1.0
NZL,2006,2.2808304,1.0,0.0,0.2632,0.2,0.24,0.06319999999999998,0.2,0.0
NZL,2007,2.2808304,1.0,0.0,0.2632,0.2,0.24,0.06319999999999998,0.2,1.0
NZL,2008,2.2808304,1.0,0.0,0.2632,0.2,0.24,0.06319999999999998,0.2,1.0
NZL,2009,2.2808304,1.0,0.0,0.2632,0.2,0.24,0.06319999999999998,0.2,1.0
NZL,2010,2.2808304,1.0,0.0,0.2632,0.2,0.24,0.06319999999999998,0.2,0.0
NZL,2011,2.2808304,1.0,0.0,0.2632,0.2,0.24,0.06319999999999998,0.2,0.0
NZL,2012,2.2808304,1.0,0.0,0.2632,0.2,0.24,0.06319999999999998,0.2,0.0
NZL,2013,2.2808304,1.0,0.0,0.2632,0.2,0.24,0.06319999999999998,0.2,0.0
NZL,2014,2.2808304,1.0,0.0,0.2632,0.2,0.24,0.06319999999999998,0.2,0.0
NZL,2015,2.2808304,1.0,0.0,0.2632,0.2,0.24,0.06319999999999998,0.2,0.0
NZL,2016,2.2808304,1.0,0.0,0.2632,0.2,0.24,0.06319999999999998,0.2,0.0
NZL,2017,2.2808304,1.0,0.0,0.2532,0.19,0.231,0.06319999999999998,0.191,0.0
NZL,2018,2.2808304,1.0,0.0,0.2532,0.19,0.235,0.06319999999999998,0.191,0.0
NZL,2019,2.2808304,1.0,0.0,0.2532,0.19,0.235,0.06319999999999998,0.191,0.0
NZL,2020,2.2808304,1.0,0.0,0.2532,0.19,0.235,0.06319999999999998,0.191,0.0
NZL,2021,2.2808304,1.0,0.0,,,,,,
NZL,2022,2.2808304,1.0,0.0,,,,,,
NZL,2023,2.2808304,1.0,0.0,,,,,,
OAVG,1997,,,,0.21719999999999998,0.052,0.127,0.16519999999999999,0.032,0.0
OAVG,1998,,,,0.21046666666666664,0.049166666666666664,0.12216666666666667,0.1613,0.043000000000000003,1.0
OAVG,1999,,,,0.20373333333333332,0.04633333333333333,0.11733333333333333,0.15739999999999998,0.054000000000000006,1.0
OAVG,2000,,,,0.19699999999999998,0.0435,0.1125,0.15349999999999997,0.065,1.0
OAVG,2001,,,,0.19026666666666664,0.04066666666666667,0.10766666666666667,0.14959999999999998,0.07600000000000001,1.0
OAVG,2002,,,,0.18353333333333333,0.03783333333333334,0.10283333333333333,0.1457,0.08700000000000001,1.0
OAVG,2003,,,,0.17679999999999998,0.035,0.098,0.14179999999999998,0.098,0.0
OAVG,2004,,,,0.1684,0.03166666666666667,0.09266666666666667,0.13673333333333332,0.09266666666666667,1.0
OAVG,2005,,,,0.16,0.028333333333333335,0.08733333333333333,0.13166666666666668,0.08733333333333333,1.0
OAVG,2006,,,,0.1516,0.025,0.082,0.12660000000000002,0.082,0.0
OAVG,2007,,,,0.14405,0.02325,0.078,0.12080000000000002,0.0655,1.0
OAVG,2008,,,,0.1365,0.0215,0.07400000000000001,0.11500000000000002,0.049,1.0
OAVG,2009,,,,0.12895,0.01975,0.07,0.10920000000000002,0.0325,1.0
OAVG,2010,,,,0.12140000000000002,0.018,0.066,0.10340000000000002,0.016,0.0
OAVG,2011,,,,0.12100000000000002,0.018,0.065,0.10300000000000002,0.016,0.0
OAVG,2012,,,,0.12080000000000002,0.018,0.065,0.10280000000000002,0.016,0.0
OAVG,2013,,,,0.11780000000000002,0.018,0.064,0.09980000000000001,0.016,0.0
OAVG,2014,,,,0.11780000000000002,0.018,0.064,0.09980000000000001,0.016,0.0
OAVG,2015,,,,0.11760000000000001,0.018,0.064,0.09960000000000001,0.016,0.0
OAVG,2016,,,,0.11840000000000002,0.018,0.064,0.10040000000000002,0.016,0.0
OAVG,2017,,,,0.11780000000000002,0.017,0.064,0.10080000000000001,0.015,0.0
OAVG,2018,,,,0.11760000000000001,0.017,0.064,0.10060000000000001,0.015,0.0
OAVG,2019,,,,0.11760000000000001,0.017,0.064,0.10060000000000001,0.015,0.0
OAVG,2020,,,,0.11640000000000002,0.017,0.063,0.09940000000000002,0.015,0.0
OMN,1970,,,,,,,,,
OMN,1971,,,,,,,,,
OMN,1972,,,,,,,,,
OMN,1973,,,,,,,,,
OMN,1974,,,,,,,,,
OMN,1975,,,,,,,,,
OMN,1976,,,,,,,,,
OMN,1977,2.2808304,1.0,0.0,,,,,,
OMN,1978,2.2808304,1.0,0.0,,,,,,
OMN,1979,2.2808304,1.0,0.0,,,,,,
OMN,1980,2.2808304,1.0,0.0,,,,,,
OMN,1981,2.2808304,1.0,0.0,,,,,,
OMN,1982,2.2808304,1.0,0.0,,,,,,
OMN,1983,2.2808304,1.0,0.0,,,,,,
OMN,1984,2.2808304,1.0,0.0,,,,,,
OMN,1985,2.2808304,1.0,0.0,,,,,,
OMN,1986,2.2808304,1.0,0.0,,,,,,
OMN,1987,2.2808304,1.0,0.0,,,,,,
OMN,1988,2.2808304,1.0,0.0,,,,,,
OMN,1989,2.2808304,1.0,0.0,,,,,,
OMN,1990,2.2808304,1.0,0.0,,,,,,
OMN,1991,2.2808304,1.0,0.0,,,,,,
OMN,1992,2.2808304,1.0,0.0,,,,,,
OMN,1993,2.2808304,1.0,0.0,,,,,,
OMN,1994,2.2808304,1.0,0.0,,,,,,
OMN,1995,2.2808304,1.0,0.0,,,,,,
OMN,1996,1.2017204,0.744299,0.255701,,,,,,
OMN,1997,1.2017204,0.744299,0.255701,,,,,,
OMN,1998,1.2017204,0.744299,0.255701,,,,,,
OMN,1999,1.2017204,0.744299,0.255701,,,,,,
OMN,2000,1.2017204,0.744299,0.255701,,,,,,
OMN,2001,1.2017204,0.744299,0.255701,,,,,,
OMN,2002,1.2017204,0.744299,0.255701,,,,,,
OMN,2003,2.2808304,1.0,0.0,,,,,,
OMN,2004,2.2808304,1.0,0.0,,,,,,
OMN,2005,2.2808304,1.0,0.0,,,,,,
OMN,2006,2.2808304,1.0,0.0,,,,,,
OMN,2007,2.2808304,1.0,0.0,,,,,,
OMN,2008,2.2808304,1.0,0.0,,,,,,
OMN,2009,2.2808304,1.0,0.0,,,,,,
OMN,2010,2.2808304,1.0,0.0,,,,,,
OMN,2011,2.2808304,1.0,0.0,,,,,,
OMN,2012,2.2808304,1.0,0.0,,,,,,
OMN,2013,2.2808304,1.0,0.0,,,,,,
OMN,2014,2.2808304,1.0,0.0,,,,,,
OMN,2015,2.2808304,1.0,0.0,,,,,,
OMN,2016,2.2808304,1.0,0.0,,,,,,
OMN,2017,2.2808304,1.0,0.0,,,,,,
OMN,2018,2.2808304,1.0,0.0,,,,,,
OMN,2019,2.2808304,1.0,0.0,,,,,,
OMN,2020,2.2808304,1.0,0.0,,,,,,
OMN,2021,2.029058,0.9403412,0.059658825,,,,,,
OMN,2022,1.7772856,0.8806823,0.11931771,,,,,,
OMN,2023,1.5255132,0.82102346,0.17897654,,,,,,
PAK,1970,-1.9393721,0.0,1.0,,,,,,
PAK,1971,-1.9393721,0.0,1.0,,,,,,
PAK,1972,-1.2538762,0.16243199,0.83756804,,,,,,
PAK,1973,-1.2538762,0.16243199,0.83756804,,,,,,
PAK,1974,-1.2538762,0.16243199,0.83756804,,,,,,
PAK,1975,-1.2538762,0.16243199,0.83756804,,,,,,
PAK,1976,-1.2538762,0.16243199,0.83756804,,,,,,
PAK,1977,-1.2538762,0.16243199,0.83756804,,,,,,
PAK,1978,-1.2538762,0.16243199,0.83756804,,,,,,
PAK,1979,-1.2538762,0.16243199,0.83756804,,,,,,
PAK,1980,-1.2538762,0.16243199,0.83756804,,,,,,
PAK,1981,-1.2538762,0.16243199,0.83756804,,,,,,
PAK,1982,-1.2538762,0.16243199,0.83756804,,,,,,
PAK,1983,-1.2538762,0.16243199,0.83756804,,,,,,
PAK,1984,-1.2538762,0.16243199,0.83756804,,,,,,
PAK,1985,-1.2538762,0.16243199,0.83756804,,,,,,
PAK,1986,-1.2538762,0.16243199,0.83756804,,,,,,
PAK,1987,-1.2538762,0.16243199,0.83756804,,,,,,
PAK,1988,-1.2538762,0.16243199,0.83756804,,,,,,
PAK,1989,-1.2538762,0.16243199,0.83756804,,,,,,
PAK,1990,-1.2538762,0.16243199,0.83756804,,,,,,
PAK,1991,-1.2538762,0.16243199,0.83756804,,,,,,
PAK,1992,-1.2538762,0.16243199,0.83756804,,,,,,
PAK,1993,-1.2538762,0.16243199,0.83756804,,,,,,
PAK,1994,-1.2538762,0.16243199,0.83756804,,,,,,
PAK,1995,-1.2538762,0.16243199,0.83756804,,,,,,
PAK,1996,-1.2538762,0.16243199,0.83756804,,,,,,
PAK,1997,-1.2538762,0.16243199,0.83756804,,,,,,
PAK,1998,-1.9393721,0.0,1.0,,,,,,
PAK,1999,-1.2538762,0.16243199,0.83756804,,,,,,
PAK,2000,-1.2538762,0.16243199,0.83756804,,,,,,
PAK,2001,-1.2538762,0.16243199,0.83756804,,,,,,
PAK,2002,-1.2538762,0.16243199,0.83756804,,,,,,
PAK,2003,-1.2538762,0.16243199,0.83756804,,,,,,
PAK,2004,-1.2538762,0.16243199,0.83756804,,,,,,
PAK,2005,-1.2538762,0.16243199,0.83756804,,,,,,
PAK,2006,-1.2538762,0.16243199,0.83756804,,,,,,
PAK,2007,-1.2538762,0.16243199,0.83756804,,,,,,
PAK,2008,-1.2538762,0.16243199,0.83756804,,,,,,
PAK,2009,-1.2538762,0.16243199,0.83756804,,,,,,
PAK,2010,-1.2538762,0.16243199,0.83756804,,,,,,
PAK,2011,-1.2538762,0.16243199,0.83756804,,,,,,
PAK,2012,-1.2538762,0.16243199,0.83756804,,,,,,
PAK,2013,-1.2538762,0.16243199,0.83756804,,,,,,
PAK,2014,-1.2538762,0.16243199,0.83756804,,,,,,
PAK,2015,-1.2538762,0.16243199,0.83756804,,,,,,
PAK,2016,-1.2538762,0.16243199,0.83756804,,,,,,
PAK,2017,-1.2538762,0.16243199,0.83756804,,,,,,
PAK,2018,-1.2538762,0.16243199,0.83756804,,,,,,
PAK,2019,-1.2538762,0.16243199,0.83756804,,,,,,
PAK,2020,-1.2538762,0.16243199,0.83756804,,,,,,
PAK,2021,-1.2538762,0.16243199,0.83756804,,,,,,
PAK,2022,-1.2538762,0.16243199,0.83756804,,,,,,
PAK,2023,-1.2538762,0.16243199,0.83756804,,,,,,
PAN,1970,2.2808304,1.0,0.0,,,,,,
PAN,1971,2.2808304,1.0,0.0,,,,,,
PAN,1972,2.2808304,1.0,0.0,,,,,,
PAN,1973,2.2808304,1.0,0.0,,,,,,
PAN,1974,2.2808304,1.0,0.0,,,,,,
PAN,1975,2.2808304,1.0,0.0,,,,,,
PAN,1976,2.2808304,1.0,0.0,,,,,,
PAN,1977,2.2808304,1.0,0.0,,,,,,
PAN,1978,2.2808304,1.0,0.0,,,,,,
PAN,1979,2.2808304,1.0,0.0,,,,,,
PAN,1980,2.2808304,1.0,0.0,,,,,,
PAN,1981,2.2808304,1.0,0.0,,,,,,
PAN,1982,2.2808304,1.0,0.0,,,,,,
PAN,1983,2.2808304,1.0,0.0,,,,,,
PAN,1984,2.2808304,1.0,0.0,,,,,,
PAN,1985,2.2808304,1.0,0.0,,,,,,
PAN,1986,2.2808304,1.0,0.0,,,,,,
PAN,1987,2.2808304,1.0,0.0,,,,,,
PAN,1988,2.2808304,1.0,0.0,,,,,,
PAN,1989,2.2808304,1.0,0.0,,,,,,
PAN,1990,2.2808304,1.0,0.0,,,,,,
PAN,1991,2.2808304,1.0,0.0,,,,,,
PAN,1992,2.2808304,1.0,0.0,,,,,,
PAN,1993,2.2808304,1.0,0.0,,,,,,
PAN,1994,2.2808304,1.0,0.0,,,,,,
PAN,1995,2.2808304,1.0,0.0,,,,,,
PAN,1996,2.2808304,1.0,0.0,,,,,,
PAN,1997,2.2808304,1.0,0.0,,,,,,
PAN,1998,2.2808304,1.0,0.0,,,,,,
PAN,1999,2.2808304,1.0,0.0,,,,,,
PAN,2000,2.2808304,1.0,0.0,,,,,,
PAN,2001,2.2808304,1.0,0.0,,,,,,
PAN,2002,2.2808304,1.0,0.0,,,,,,
PAN,2003,2.2808304,1.0,0.0,,,,,,
PAN,2004,2.2808304,1.0,0.0,,,,,,
PAN,2005,2.2808304,1.0,0.0,,,,,,
PAN,2006,2.2808304,1.0,0.0,,,,,,
PAN,2007,2.2808304,1.0,0.0,,,,,,
PAN,2008,2.2808304,1.0,0.0,,,,,,
PAN,2009,2.2808304,1.0,0.0,,,,,,
PAN,2010,2.2808304,1.0,0.0,,,,,,
PAN,2011,2.2808304,1.0,0.0,,,,,,
PAN,2012,2.2808304,1.0,0.0,,,,,,
PAN,2013,2.2808304,1.0,0.0,,,,,,
PAN,2014,2.2808304,1.0,0.0,,,,,,
PAN,2015,2.2808304,1.0,0.0,,,,,,
PAN,2016,2.2808304,1.0,0.0,,,,,,
PAN,2017,2.2808304,1.0,0.0,,,,,,
PAN,2018,2.2808304,1.0,0.0,,,,,,
PAN,2019,2.2808304,1.0,0.0,,,,,,
PAN,2020,2.2808304,1.0,0.0,,,,,,
PAN,2021,2.2808304,1.0,0.0,,,,,,
PAN,2022,2.2808304,1.0,0.0,,,,,,
PAN,2023,2.2808304,1.0,0.0,,,,,,
PER,1970,-0.93228245,0.23863538,0.76136464,,,,,,
PER,1971,-1.1840549,0.17897654,0.82102346,,,,,,
PER,1972,-1.4358273,0.11931769,0.8806823,,,,,,
PER,1973,-1.6875997,0.059658844,0.9403412,,,,,,
PER,1974,-1.9393721,0.0,1.0,,,,,,
PER,1975,-1.9393721,0.0,1.0,,,,,,
PER,1976,-1.9393721,0.0,1.0,,,,,,
PER,1977,-1.9393721,0.0,1.0,,,,,,
PER,1978,-0.6084897,0.31535983,0.68464017,,,,,,
PER,1979,-0.3567173,0.3750187,0.6249813,,,,,,
PER,1980,-0.10494488,0.43467754,0.56532246,,,,,,
PER,1981,0.14682749,0.49433637,0.50566363,,,,,,
PER,1982,0.39859986,0.5539952,0.4460048,,,,,,
PER,1983,0.39859986,0.5539952,0.4460048,,,,,,
PER,1984,-0.93228245,0.23863538,0.76136464,,,,,,
PER,1985,-1.1840549,0.17897654,0.82102346,,,,,,
PER,1986,-1.4358273,0.11931769,0.8806823,,,,,,
PER,1987,-1.6875997,0.059658844,0.9403412,,,,,,
PER,1988,-1.9393721,0.0,1.0,,,,,,
PER,1989,-1.9393721,0.0,1.0,,,,,,
PER,1990,-1.9393721,0.0,1.0,,,,,,
PER,1991,-1.2538762,0.16243199,0.83756804,,,,,,
PER,1992,1.0219685,0.7017058,0.2982942,,,,,,
PER,1993,1.2737408,0.76136464,0.23863536,,,,,,
PER,1994,1.5255132,0.82102346,0.17897654,,,,,,
PER,1995,1.7772856,0.8806823,0.11931771,,,,,,
PER,1996,0.949948,0.68464017,0.31535983,,,,,,
PER,1997,2.2808304,1.0,0.0,,,,,,1.0
PER,1998,2.2808304,1.0,0.0,,,,,,1.0
PER,1999,2.2808304,1.0,0.0,,,,,,1.0
PER,2000,2.2808304,1.0,0.0,,,,,,1.0
PER,2001,2.2808304,1.0,0.0,,,,,,1.0
PER,2002,2.2808304,1.0,0.0,,,,,,1.0
PER,2003,2.2808304,1.0,0.0,,,,,,1.0
PER,2004,2.2808304,1.0,0.0,,,,,,1.0
PER,2005,2.2808304,1.0,0.0,,,,,,1.0
PER,2006,2.2808304,1.0,0.0,,,,,,1.0
PER,2007,2.2808304,1.0,0.0,,,,,,1.0
PER,2008,2.2808304,1.0,0.0,,,,,,1.0
PER,2009,2.2808304,1.0,0.0,,,,,,1.0
PER,2010,2.2808304,1.0,0.0,0.1766,0.05,0.077,0.1266,0.0,0.0
PER,2011,2.2808304,1.0,0.0,0.1766,0.05,0.077,0.1266,0.0,0.0
PER,2012,2.2808304,1.0,0.0,0.1766,0.05,0.077,0.1266,0.0,0.0
PER,2013,2.2808304,1.0,0.0,0.1766,0.05,0.077,0.1266,0.0,0.0
PER,2014,2.2808304,1.0,0.0,0.1766,0.05,0.077,0.1266,0.0,0.0
PER,2015,2.2808304,1.0,0.0,0.1766,0.05,0.077,0.1266,0.0,0.0
PER,2016,2.2808304,1.0,0.0,0.1766,0.05,0.077,0.1266,0.0,0.0
PER,2017,2.2808304,1.0,0.0,0.1766,0.05,0.077,0.1266,0.0,0.0
PER,2018,2.2808304,1.0,0.0,0.1766,0.05,0.077,0.1266,0.0,0.0
PER,2019,2.2808304,1.0,0.0,0.1766,0.05,0.077,0.1266,0.0,0.0
PER,2020,2.2808304,1.0,0.0,0.1766,0.05,0.077,0.1266,0.0,0.0
PER,2021,2.2808304,1.0,0.0,,,,,,
PER,2022,2.2808304,1.0,0.0,,,,,,
PER,2023,2.2808304,1.0,0.0,,,,,,
PHL,1970,-0.49855903,0.34140852,0.6585915,,,,,,
PHL,1971,-0.75033146,0.28174967,0.71825033,,,,,,
PHL,1972,-1.0021038,0.22209083,0.77790916,,,,,,
PHL,1973,-1.2538762,0.16243199,0.83756804,,,,,,
PHL,1974,-1.2538762,0.16243199,0.83756804,,,,,,
PHL,1975,-1.2538762,0.16243199,0.83756804,,,,,,
PHL,1976,-1.2538762,0.16243199,0.83756804,,,,,,
PHL,1977,-1.2538762,0.16243199,0.83756804,,,,,,
PHL,1978,-1.2538762,0.16243199,0.83756804,,,,,,
PHL,1979,-1.2538762,0.16243199,0.83756804,,,,,,
PHL,1980,-1.2538762,0.16243199,0.83756804,,,,,,
PHL,1981,-1.2538762,0.16243199,0.83756804,,,,,,
PHL,1982,-1.2538762,0.16243199,0.83756804,,,,,,
PHL,1983,-1.2538762,0.16243199,0.83756804,,,,,,
PHL,1984,-1.2538762,0.16243199,0.83756804,,,,,,
PHL,1985,-0.17476626,0.41813296,0.58186704,,,,,,
PHL,1986,-1.2538762,0.16243199,0.83756804,,,,,,
PHL,1987,-1.2538762,0.16243199,0.83756804,,,,,,
PHL,1988,-1.2538762,0.16243199,0.83756804,,,,,,
PHL,1989,-1.2538762,0.16243199,0.83756804,,,,,,
PHL,1990,-1.2538762,0.16243199,0.83756804,,,,,,
PHL,1991,-1.2538762,0.16243199,0.83756804,,,,,,
PHL,1992,-0.05714153,0.4460048,0.5539952,,,,,,
PHL,1993,-0.05714153,0.4460048,0.5539952,,,,,,
PHL,1994,-0.05714153,0.4460048,0.5539952,,,,,,
PHL,1995,1.0219685,0.7017058,0.2982942,,,,,,
PHL,1996,-0.05714153,0.4460048,0.5539952,,,,,,
PHL,1997,-0.05714153,0.4460048,0.5539952,0.6472,0.128,0.501,0.5192,0.0,0.0
PHL,1998,-0.05714153,0.4460048,0.5539952,0.6387333333333334,0.11966666666666667,0.48733333333333334,0.5190666666666667,0.0,1.0
PHL,1999,-0.05714153,0.4460048,0.5539952,0.6302666666666666,0.11133333333333334,0.4736666666666667,0.5189333333333334,0.0,1.0
PHL,2000,-0.05714153,0.4460048,0.5539952,0.6218,0.10300000000000001,0.45999999999999996,0.5188,0.0,1.0
PHL,2001,-0.05714153,0.4460048,0.5539952,0.6133333333333334,0.09466666666666668,0.4463333333333333,0.5186666666666667,0.0,1.0
PHL,2002,-0.05714153,0.4460048,0.5539952,0.6048666666666667,0.08633333333333335,0.43266666666666664,0.5185333333333334,0.0,1.0
PHL,2003,-0.05714153,0.4460048,0.5539952,0.5964,0.078,0.419,0.5184000000000001,0.0,0.0
PHL,2004,-0.05714153,0.4460048,0.5539952,0.5964,0.07466666666666667,0.41833333333333333,0.5217333333333334,0.0,1.0
PHL,2005,-0.05714153,0.4460048,0.5539952,0.5964,0.07133333333333333,0.41766666666666663,0.5250666666666667,0.0,1.0
PHL,2006,-0.05714153,0.4460048,0.5539952,0.5964,0.068,0.417,0.5284,0.0,0.0
PHL,2007,-0.05714153,0.4460048,0.5539952,0.5964,0.068,0.417,0.5284,0.0,1.0
PHL,2008,-0.05714153,0.4460048,0.5539952,0.5964,0.068,0.417,0.5284,0.0,1.0
PHL,2009,-0.05714153,0.4460048,0.5539952,0.5964,0.068,0.417,0.5284,0.0,1.0
PHL,2010,-1.2538762,0.16243199,0.83756804,0.5964,0.068,0.417,0.5284,0.0,0.0
PHL,2011,-1.2538762,0.16243199,0.83756804,0.5964,0.068,0.412,0.5284,0.0,0.0
PHL,2012,-1.2538762,0.16243199,0.83756804,0.6030000000000001,0.068,0.417,0.5350000000000001,0.0,0.0
PHL,2013,-1.2538762,0.16243199,0.83756804,0.6030000000000001,0.068,0.417,0.5350000000000001,0.0,0.0
PHL,2014,-0.05714153,0.4460048,0.5539952,0.5864,0.068,0.406,0.5184,0.0,0.0
PHL,2015,-0.05714153,0.4460048,0.5539952,0.5864,0.068,0.406,0.5184,0.0,0.0
PHL,2016,-0.05714153,0.4460048,0.5539952,0.5630000000000001,0.068,0.39,0.49500000000000005,0.0,0.0
PHL,2017,-0.05714153,0.4460048,0.5539952,0.5630000000000001,0.068,0.39,0.49500000000000005,0.0,0.0
PHL,2018,-0.05714153,0.4460048,0.5539952,0.5396000000000001,0.068,0.374,0.4716000000000001,0.0,0.0
PHL,2019,-0.05714153,0.4460048,0.5539952,0.5396000000000001,0.068,0.374,0.4716000000000001,0.0,0.0
PHL,2020,-0.05714153,0.4460048,0.5539952,0.5396000000000001,0.068,0.374,0.4716000000000001,0.0,0.0
PHL,2021,-0.05714153,0.4460048,0.5539952,,,,,,
PHL,2022,-0.05714153,0.4460048,0.5539952,,,,,,
PHL,2023,-0.05714153,0.4460048,0.5539952,,,,,,
PNG,1970,,,,,,,,,
PNG,1971,,,,,,,,,
PNG,1972,,,,,,,,,
PNG,1973,,,,,,,,,
PNG,1974,,,,,,,,,
PNG,1975,,,,,,,,,
PNG,1976,,,,,,,,,
PNG,1977,,,,,,,,,
PNG,1978,,,,,,,,,
PNG,1979,-0.17476626,0.41813296,0.58186704,,,,,,
PNG,1980,-0.17476626,0.41813296,0.58186704,,,,,,
PNG,1981,-0.17476626,0.41813296,0.58186704,,,,,,
PNG,1982,-0.17476626,0.41813296,0.58186704,,,,,,
PNG,1983,-0.17476626,0.41813296,0.58186704,,,,,,
PNG,1984,-0.17476626,0.41813296,0.58186704,,,,,,
PNG,1985,-0.17476626,0.41813296,0.58186704,,,,,,
PNG,1986,-0.17476626,0.41813296,0.58186704,,,,,,
PNG,1987,-0.17476626,0.41813296,0.58186704,,,,,,
PNG,1988,-0.17476626,0.41813296,0.58186704,,,,,,
PNG,1989,-0.17476626,0.41813296,0.58186704,,,,,,
PNG,1990,-0.17476626,0.41813296,0.58186704,,,,,,
PNG,1991,-0.17476626,0.41813296,0.58186704,,,,,,
PNG,1992,-0.17476626,0.41813296,0.58186704,,,,,,
PNG,1993,-0.17476626,0.41813296,0.58186704,,,,,,
PNG,1994,-0.17476626,0.41813296,0.58186704,,,,,,
PNG,1995,-0.17476626,0.41813296,0.58186704,,,,,,
PNG,1996,-1.2538762,0.16243199,0.83756804,,,,,,
PNG,1997,-1.2538762,0.16243199,0.83756804,,,,,,
PNG,1998,-1.2538762,0.16243199,0.83756804,,,,,,
PNG,1999,-1.2538762,0.16243199,0.83756804,,,,,,
PNG,2000,-1.2538762,0.16243199,0.83756804,,,,,,
PNG,2001,-1.2538762,0.16243199,0.83756804,,,,,,
PNG,2002,-1.2538762,0.16243199,0.83756804,,,,,,
PNG,2003,-1.2538762,0.16243199,0.83756804,,,,,,
PNG,2004,-1.2538762,0.16243199,0.83756804,,,,,,
PNG,2005,-0.05714153,0.4460048,0.5539952,,,,,,
PNG,2006,-0.05714153,0.4460048,0.5539952,,,,,,
PNG,2007,0.19463086,0.50566363,0.49433637,,,,,,
PNG,2008,0.44640324,0.56532246,0.43467754,,,,,,
PNG,2009,0.69817567,0.62498134,0.37501866,,,,,,
PNG,2010,0.949948,0.68464017,0.31535983,,,,,,
PNG,2011,1.2017204,0.744299,0.255701,,,,,,
PNG,2012,1.2017204,0.744299,0.255701,,,,,,
PNG,2013,1.2017204,0.744299,0.255701,,,,,,
PNG,2014,1.2017204,0.744299,0.255701,,,,,,
PNG,2015,1.2017204,0.744299,0.255701,,,,,,
PNG,2016,0.004985706,0.46072617,0.53927386,,,,,,
PNG,2017,0.004985706,0.46072617,0.53927386,,,,,,
PNG,2018,-0.6805101,0.29829422,0.7017058,,,,,,
PNG,2019,-0.6805101,0.29829422,0.7017058,,,,,,
PNG,2020,-0.6805101,0.29829422,0.7017058,,,,,,
PNG,2021,-0.6805101,0.29829422,0.7017058,,,,,,
PNG,2022,-0.6805101,0.29829422,0.7017058,,,,,,
PNG,2023,-0.6805101,0.29829422,0.7017058,,,,,,
POL,1970,,,,,,,,,
POL,1971,,,,,,,,,
POL,1972,,,,,,,,,
POL,1973,,,,,,,,,
POL,1974,,,,,,,,,
POL,1975,,,,,,,,,
POL,1976,,,,,,,,,
POL,1977,,,,,,,,,
POL,1978,,,,,,,,,
POL,1979,,,,,,,,,
POL,1980,,,,,,,,,
POL,1981,,,,,,,,,
POL,1982,,,,,,,,,
POL,1983,,,,,,,,,
POL,1984,,,,,,,,,
POL,1985,,,,,,,,,
POL,1986,-1.9393721,0.0,1.0,,,,,,
POL,1987,-1.9393721,0.0,1.0,,,,,,
POL,1988,-1.9393721,0.0,1.0,,,,,,
POL,1989,-1.9393721,0.0,1.0,,,,,,
POL,1990,-1.9393721,0.0,1.0,,,,,,
POL,1991,-1.9393721,0.0,1.0,,,,,,
POL,1992,-1.9393721,0.0,1.0,,,,,,
POL,1993,-1.9393721,0.0,1.0,,,,,,
POL,1994,-0.86026204,0.255701,0.744299,,,,,,
POL,1995,-0.17476626,0.41813296,0.58186704,,,,,,
POL,1996,-1.2538762,0.16243199,0.83756804,,,,,,
POL,1997,-1.2538762,0.16243199,0.83756804,0.3014,0.05,0.165,0.2514,0.009,0.0
POL,1998,-1.2538762,0.16243199,0.83756804,0.27526666666666666,0.04166666666666667,0.15133333333333335,0.2336,0.0075,1.0
POL,1999,-1.2538762,0.16243199,0.83756804,0.24913333333333335,0.03333333333333334,0.13766666666666666,0.21580000000000002,0.006,1.0
POL,2000,-1.2538762,0.16243199,0.83756804,0.223,0.025,0.124,0.198,0.0045,1.0
POL,2001,-1.2538762,0.16243199,0.83756804,0.1968666666666667,0.01666666666666667,0.11033333333333334,0.18020000000000003,0.003,1.0
POL,2002,-0.05714153,0.4460048,0.5539952,0.17073333333333335,0.008333333333333338,0.09666666666666668,0.16240000000000002,0.0015000000000000005,1.0
POL,2003,-0.05714153,0.4460048,0.5539952,0.1446,0.0,0.083,0.1446,0.0,0.0
POL,2004,-0.05714153,0.4460048,0.5539952,0.13366666666666666,0.0,0.08066666666666666,0.13366666666666666,0.0,1.0
POL,2005,-0.05714153,0.4460048,0.5539952,0.12273333333333332,0.0,0.07833333333333334,0.12273333333333332,0.0,1.0
POL,2006,-0.05714153,0.4460048,0.5539952,0.11179999999999998,0.0,0.076,0.11179999999999998,0.0,0.0
POL,2007,-0.05714153,0.4460048,0.5539952,0.10724999999999998,0.0,0.075,0.10724999999999998,0.0,1.0
POL,2008,-0.05714153,0.4460048,0.5539952,0.10269999999999999,0.0,0.074,0.10269999999999999,0.0,1.0
POL,2009,-0.05714153,0.4460048,0.5539952,0.09814999999999999,0.0,0.073,0.09814999999999999,0.0,1.0
POL,2010,-0.05714153,0.4460048,0.5539952,0.09359999999999999,0.0,0.072,0.09359999999999999,0.0,0.0
POL,2011,-0.05714153,0.4460048,0.5539952,0.09359999999999999,0.0,0.072,0.09359999999999999,0.0,0.0
POL,2012,-0.05714153,0.4460048,0.5539952,0.09359999999999999,0.0,0.072,0.09359999999999999,0.0,0.0
POL,2013,-0.05714153,0.4460048,0.5539952,0.09359999999999999,0.0,0.072,0.09359999999999999,0.0,0.0
POL,2014,-0.05714153,0.4460048,0.5539952,0.09359999999999999,0.0,0.072,0.09359999999999999,0.0,0.0
POL,2015,1.0219685,0.7017058,0.2982942,0.09359999999999999,0.0,0.072,0.09359999999999999,0.0,0.0
POL,2016,1.0219685,0.7017058,0.2982942,0.09359999999999999,0.0,0.072,0.09359999999999999,0.0,0.0
POL,2017,1.0219685,0.7017058,0.2982942,0.09359999999999999,0.0,0.072,0.09359999999999999,0.0,0.0
POL,2018,1.0219685,0.7017058,0.2982942,0.09359999999999999,0.0,0.072,0.09359999999999999,0.0,0.0
POL,2019,1.0219685,0.7017058,0.2982942,0.09359999999999999,0.0,0.072,0.09359999999999999,0.0,0.0
POL,2020,1.0219685,0.7017058,0.2982942,0.09359999999999999,0.0,0.072,0.09359999999999999,0.0,0.0
POL,2021,1.0219685,0.7017058,0.2982942,,,,,,
POL,2022,1.0219685,0.7017058,0.2982942,,,,,,
POL,2023,1.0219685,0.7017058,0.2982942,,,,,,
PRT,1970,-1.2538762,0.16243199,0.83756804,,,,,,
PRT,1971,-1.2538762,0.16243199,0.83756804,,,,,,
PRT,1972,-1.2538762,0.16243199,0.83756804,,,,,,
PRT,1973,-1.2538762,0.16243199,0.83756804,,,,,,
PRT,1974,-1.2538762,0.16243199,0.83756804,,,,,,
PRT,1975,-1.2538762,0.16243199,0.83756804,,,,,,
PRT,1976,-1.2538762,0.16243199,0.83756804,,,,,,
PRT,1977,-1.2538762,0.16243199,0.83756804,,,,,,
PRT,1978,-1.2538762,0.16243199,0.83756804,,,,,,
PRT,1979,-1.2538762,0.16243199,0.83756804,,,,,,
PRT,1980,-1.2538762,0.16243199,0.83756804,,,,,,
PRT,1981,-1.2538762,0.16243199,0.83756804,,,,,,
PRT,1982,-1.2538762,0.16243199,0.83756804,,,,,,
PRT,1983,-1.2538762,0.16243199,0.83756804,,,,,,
PRT,1984,-1.2538762,0.16243199,0.83756804,,,,,,
PRT,1985,-1.2538762,0.16243199,0.83756804,,,,,,
PRT,1986,-1.2538762,0.16243199,0.83756804,,,,,,
PRT,1987,-1.2538762,0.16243199,0.83756804,,,,,,
PRT,1988,-0.17476626,0.41813296,0.58186704,,,,,,
PRT,1989,-0.17476626,0.41813296,0.58186704,,,,,,
PRT,1990,-0.17476626,0.41813296,0.58186704,,,,,,
PRT,1991,-0.17476626,0.41813296,0.58186704,,,,,,
PRT,1992,-0.17476626,0.41813296,0.58186704,,,,,,
PRT,1993,1.2737408,0.76136464,0.23863536,,,,,,
PRT,1994,1.5255132,0.82102346,0.17897654,,,,,,
PRT,1995,1.7772856,0.8806823,0.11931771,,,,,,
PRT,1996,2.029058,0.9403412,0.059658825,,,,,,
PRT,1997,2.2808304,1.0,0.0,0.11720000000000001,0.0,0.043,0.11720000000000001,0.0,0.0
PRT,1998,2.2808304,1.0,0.0,0.11720000000000001,0.0,0.043,0.11720000000000001,0.0,1.0
PRT,1999,2.2808304,1.0,0.0,0.11720000000000001,0.0,0.043,0.11720000000000001,0.0,1.0
PRT,2000,2.2808304,1.0,0.0,0.11720000000000001,0.0,0.043,0.11720000000000001,0.0,1.0
PRT,2001,2.2808304,1.0,0.0,0.11720000000000001,0.0,0.043,0.11720000000000001,0.0,1.0
PRT,2002,2.2808304,1.0,0.0,0.11720000000000001,0.0,0.043,0.11720000000000001,0.0,1.0
PRT,2003,2.2808304,1.0,0.0,0.11720000000000001,0.0,0.043,0.11720000000000001,0.0,0.0
PRT,2004,2.2808304,1.0,0.0,0.08480000000000001,0.0,0.031,0.08480000000000001,0.0,1.0
PRT,2005,2.2808304,1.0,0.0,0.0524,0.0,0.019,0.0524,0.0,1.0
PRT,2006,2.2808304,1.0,0.0,0.02,0.0,0.007,0.02,0.0,0.0
PRT,2007,2.2808304,1.0,0.0,0.02,0.0,0.007,0.02,0.0,1.0
PRT,2008,2.2808304,1.0,0.0,0.02,0.0,0.007,0.02,0.0,1.0
PRT,2009,2.2808304,1.0,0.0,0.02,0.0,0.007,0.02,0.0,1.0
PRT,2010,2.2808304,1.0,0.0,0.02,0.0,0.007,0.02,0.0,0.0
PRT,2011,2.2808304,1.0,0.0,0.02,0.0,0.007,0.02,0.0,0.0
PRT,2012,2.2808304,1.0,0.0,0.02,0.0,0.007,0.02,0.0,0.0
PRT,2013,2.2808304,1.0,0.0,0.02,0.0,0.007,0.02,0.0,0.0
PRT,2014,2.2808304,1.0,0.0,0.02,0.0,0.007,0.02,0.0,0.0
PRT,2015,2.2808304,1.0,0.0,0.02,0.0,0.007,0.02,0.0,0.0
PRT,2016,2.2808304,1.0,0.0,0.02,0.0,0.007,0.02,0.0,0.0
PRT,2017,2.2808304,1.0,0.0,0.02,0.0,0.007,0.02,0.0,0.0
PRT,2018,2.2808304,1.0,0.0,0.02,0.0,0.007,0.02,0.0,0.0
PRT,2019,2.2808304,1.0,0.0,0.02,0.0,0.007,0.02,0.0,0.0
PRT,2020,2.2808304,1.0,0.0,0.02,0.0,0.007,0.02,0.0,0.0
PRT,2021,2.2808304,1.0,0.0,,,,,,
PRT,2022,2.2808304,1.0,0.0,,,,,,
PRT,2023,2.2808304,1.0,0.0,,,,,,
PRY,1970,-1.2538762,0.16243199,0.83756804,,,,,,
PRY,1971,-1.2538762,0.16243199,0.83756804,,,,,,
PRY,1972,-1.2538762,0.16243199,0.83756804,,,,,,
PRY,1973,-1.9393721,0.0,1.0,,,,,,
PRY,1974,-1.9393721,0.0,1.0,,,,,,
PRY,1975,-1.9393721,0.0,1.0,,,,,,
PRY,1976,-1.9393721,0.0,1.0,,,,,,
PRY,1977,-1.9393721,0.0,1.0,,,,,,
PRY,1978,-0.86026204,0.255701,0.744299,,,,,,
PRY,1979,-0.86026204,0.255701,0.744299,,,,,,
PRY,1980,-0.86026204,0.255701,0.744299,,,,,,
PRY,1981,-0.86026204,0.255701,0.744299,,,,,,
PRY,1982,-1.6875997,0.059658844,0.9403412,,,,,,
PRY,1983,-1.4358273,0.11931769,0.8806823,,,,,,
PRY,1984,-1.4358273,0.11931769,0.8806823,,,,,,
PRY,1985,-1.4358273,0.11931769,0.8806823,,,,,,
PRY,1986,-1.4358273,0.11931769,0.8806823,,,,,,
PRY,1987,-1.6875997,0.059658844,0.9403412,,,,,,
PRY,1988,-1.9393721,0.0,1.0,,,,,,
PRY,1989,-1.2538762,0.16243199,0.83756804,,,,,,
PRY,1990,-1.2538762,0.16243199,0.83756804,,,,,,
PRY,1991,-1.2538762,0.16243199,0.83756804,,,,,,
PRY,1992,-0.17476626,0.41813296,0.58186704,,,,,,
PRY,1993,-0.17476626,0.41813296,0.58186704,,,,,,
PRY,1994,-0.17476626,0.41813296,0.58186704,,,,,,
PRY,1995,-0.17476626,0.41813296,0.58186704,,,,,,
PRY,1996,-1.0021038,0.22209083,0.77790916,,,,,,
PRY,1997,0.44640324,0.56532246,0.43467754,,,,,,
PRY,1998,0.69817567,0.62498134,0.37501866,,,,,,
PRY,1999,0.949948,0.68464017,0.31535983,,,,,,
PRY,2000,1.2017204,0.744299,0.255701,,,,,,
PRY,2001,1.2017204,0.744299,0.255701,,,,,,
PRY,2002,1.2017204,0.744299,0.255701,,,,,,
PRY,2003,1.2017204,0.744299,0.255701,,,,,,
PRY,2004,1.2017204,0.744299,0.255701,,,,,,
PRY,2005,1.2017204,0.744299,0.255701,,,,,,
PRY,2006,1.2017204,0.744299,0.255701,,,,,,
PRY,2007,1.2017204,0.744299,0.255701,,,,,,
PRY,2008,0.949948,0.68464017,0.31535983,,,,,,
PRY,2009,0.69817567,0.62498134,0.37501866,,,,,,
PRY,2010,0.44640324,0.56532246,0.43467754,,,,,,
PRY,2011,0.19463086,0.50566363,0.49433637,,,,,,
PRY,2012,-0.05714153,0.4460048,0.5539952,,,,,,
PRY,2013,-0.05714153,0.4460048,0.5539952,,,,,,
PRY,2014,-0.05714153,0.4460048,0.5539952,,,,,,
PRY,2015,-0.05714153,0.4460048,0.5539952,,,,,,
PRY,2016,-0.05714153,0.4460048,0.5539952,,,,,,
PRY,2017,-0.05714153,0.4460048,0.5539952,,,,,,
PRY,2018,-0.05714153,0.4460048,0.5539952,,,,,,
PRY,2019,-0.05714153,0.4460048,0.5539952,,,,,,
PRY,2020,-0.05714153,0.4460048,0.5539952,,,,,,
PRY,2021,-0.05714153,0.4460048,0.5539952,,,,,,
PRY,2022,-0.05714153,0.4460048,0.5539952,,,,,,
PRY,2023,-0.05714153,0.4460048,0.5539952,,,,,,
PSE,1997,,,,,,,,,1.0
PSE,1998,,,,,,,,,1.0
PSE,1999,,,,,,,,,1.0
PSE,2000,,,,,,,,,1.0
PSE,2001,,,,,,,,,1.0
PSE,2002,,,,,,,,,1.0
PSE,2003,,,,,,,,,1.0
PSE,2004,,,,,,,,,1.0
PSE,2005,,,,,,,,,1.0
PSE,2006,,,,,,,,,1.0
PSE,2007,,,,,,,,,1.0
PSE,2008,,,,,,,,,1.0
PSE,2009,,,,,,,,,1.0
PSE,2010,,,,,,,,,1.0
PSE,2011,,,,,,,,,1.0
PSE,2012,,,,,,,,,1.0
PSE,2013,,,,,,,,,1.0
PSE,2014,,,,,,,,,1.0
PSE,2015,,,,,,,,,1.0
PSE,2016,,,,,,,,,1.0
PSE,2017,,,,,,,,,1.0
PSE,2018,,,,,,,,,1.0
PSE,2019,,,,0.5202,0.0,0.388,0.5202,0.007,0.0
PSE,2020,,,,0.5202,0.0,0.388,0.5202,0.007,0.0
QAT,1970,,,,,,,,,
QAT,1971,,,,,,,,,
QAT,1972,,,,,,,,,
QAT,1973,,,,,,,,,
QAT,1974,,,,,,,,,
QAT,1975,,,,,,,,,
QAT,1976,2.2808304,1.0,0.0,,,,,,
QAT,1977,2.2808304,1.0,0.0,,,,,,
QAT,1978,2.2808304,1.0,0.0,,,,,,
QAT,1979,2.2808304,1.0,0.0,,,,,,
QAT,1980,2.2808304,1.0,0.0,,,,,,
QAT,1981,2.2808304,1.0,0.0,,,,,,
QAT,1982,2.2808304,1.0,0.0,,,,,,
QAT,1983,2.2808304,1.0,0.0,,,,,,
QAT,1984,2.2808304,1.0,0.0,,,,,,
QAT,1985,2.2808304,1.0,0.0,,,,,,
QAT,1986,2.2808304,1.0,0.0,,,,,,
QAT,1987,2.2808304,1.0,0.0,,,,,,
QAT,1988,2.2808304,1.0,0.0,,,,,,
QAT,1989,2.2808304,1.0,0.0,,,,,,
QAT,1990,2.2808304,1.0,0.0,,,,,,
QAT,1991,2.2808304,1.0,0.0,,,,,,
QAT,1992,2.2808304,1.0,0.0,,,,,,
QAT,1993,2.2808304,1.0,0.0,,,,,,
QAT,1994,2.2808304,1.0,0.0,,,,,,
QAT,1995,2.2808304,1.0,0.0,,,,,,
QAT,1996,2.2808304,1.0,0.0,,,,,,
QAT,1997,2.2808304,1.0,0.0,,,,,,
QAT,1998,2.2808304,1.0,0.0,,,,,,
QAT,1999,2.2808304,1.0,0.0,,,,,,
QAT,2000,2.2808304,1.0,0.0,,,,,,
QAT,2001,2.2808304,1.0,0.0,,,,,,
QAT,2002,2.2808304,1.0,0.0,,,,,,
QAT,2003,2.2808304,1.0,0.0,,,,,,
QAT,2004,2.2808304,1.0,0.0,,,,,,
QAT,2005,2.2808304,1.0,0.0,,,,,,
QAT,2006,2.2808304,1.0,0.0,,,,,,
QAT,2007,2.2808304,1.0,0.0,,,,,,
QAT,2008,2.2808304,1.0,0.0,,,,,,
QAT,2009,2.2808304,1.0,0.0,,,,,,
QAT,2010,2.2808304,1.0,0.0,,,,,,
QAT,2011,2.2808304,1.0,0.0,,,,,,
QAT,2012,2.2808304,1.0,0.0,,,,,,
QAT,2013,2.2808304,1.0,0.0,,,,,,
QAT,2014,2.2808304,1.0,0.0,,,,,,
QAT,2015,2.2808304,1.0,0.0,,,,,,
QAT,2016,2.2808304,1.0,0.0,,,,,,
QAT,2017,2.2808304,1.0,0.0,,,,,,
QAT,2018,2.2808304,1.0,0.0,,,,,,
QAT,2019,2.2808304,1.0,0.0,,,,,,
QAT,2020,2.2808304,1.0,0.0,,,,,,
QAT,2021,2.2808304,1.0,0.0,,,,,,
QAT,2022,2.2808304,1.0,0.0,,,,,,
QAT,2023,2.2808304,1.0,0.0,,,,,,
ROU,1970,,,,,,,,,
ROU,1971,,,,,,,,,
ROU,1972,,,,,,,,,
ROU,1973,,,,,,,,,
ROU,1974,,,,,,,,,
ROU,1975,,,,,,,,,
ROU,1976,-1.9393721,0.0,1.0,,,,,,
ROU,1977,-1.9393721,0.0,1.0,,,,,,
ROU,1978,-1.9393721,0.0,1.0,,,,,,
ROU,1979,-1.9393721,0.0,1.0,,,,,,
ROU,1980,-1.9393721,0.0,1.0,,,,,,
ROU,1981,-1.9393721,0.0,1.0,,,,,,
ROU,1982,-1.9393721,0.0,1.0,,,,,,
ROU,1983,-1.9393721,0.0,1.0,,,,,,
ROU,1984,-1.9393721,0.0,1.0,,,,,,
ROU,1985,-1.9393721,0.0,1.0,,,,,,
ROU,1986,-1.9393721,0.0,1.0,,,,,,
ROU,1987,-1.9393721,0.0,1.0,,,,,,
ROU,1988,-1.9393721,0.0,1.0,,,,,,
ROU,1989,-1.9393721,0.0,1.0,,,,,,
ROU,1990,-1.9393721,0.0,1.0,,,,,,
ROU,1991,-1.9393721,0.0,1.0,,,,,,
ROU,1992,-0.74263734,0.28357282,0.7164272,,,,,,
ROU,1993,-1.9393721,0.0,1.0,,,,,,
ROU,1994,-1.9393721,0.0,1.0,,,,,,
ROU,1995,-1.9393721,0.0,1.0,,,,,,
ROU,1996,-1.2538762,0.16243199,0.83756804,,,,,,
ROU,1997,-1.2538762,0.16243199,0.83756804,,,,,,1.0
ROU,1998,-1.2538762,0.16243199,0.83756804,,,,,,1.0
ROU,1999,-1.2538762,0.16243199,0.83756804,,,,,,1.0
ROU,2000,-1.2538762,0.16243199,0.83756804,,,,,,1.0
ROU,2001,-1.2538762,0.16243199,0.83756804,,,,,,1.0
ROU,2002,-0.05714153,0.4460048,0.5539952,,,,,,1.0
ROU,2003,0.19463086,0.50566363,0.49433637,,,,,,1.0
ROU,2004,1.5255132,0.82102346,0.17897654,,,,,,1.0
ROU,2005,1.7772856,0.8806823,0.11931771,,,,,,1.0
ROU,2006,2.029058,0.9403412,0.059658825,,,,,,1.0
ROU,2007,2.2808304,1.0,0.0,,,,,,1.0
ROU,2008,2.2808304,1.0,0.0,,,,,,1.0
ROU,2009,2.2808304,1.0,0.0,,,,,,1.0
ROU,2010,2.2808304,1.0,0.0,0.033800000000000004,0.0,0.009,0.033800000000000004,0.0,0.0
ROU,2011,2.2808304,1.0,0.0,0.033800000000000004,0.0,0.009,0.033800000000000004,0.0,0.0
ROU,2012,2.2808304,1.0,0.0,0.033800000000000004,0.0,0.009,0.033800000000000004,0.0,0.0
ROU,2013,2.2808304,1.0,0.0,0.033800000000000004,0.0,0.009,0.033800000000000004,0.0,0.0
ROU,2014,2.2808304,1.0,0.0,0.033800000000000004,0.0,0.009,0.033800000000000004,0.0,0.0
ROU,2015,2.2808304,1.0,0.0,0.033800000000000004,0.0,0.009,0.033800000000000004,0.0,0.0
ROU,2016,2.2808304,1.0,0.0,0.033800000000000004,0.0,0.009,0.033800000000000004,0.0,0.0
ROU,2017,2.2808304,1.0,0.0,0.033800000000000004,0.0,0.009,0.033800000000000004,0.0,0.0
ROU,2018,2.2808304,1.0,0.0,0.033800000000000004,0.0,0.009,0.033800000000000004,0.0,0.0
ROU,2019,2.2808304,1.0,0.0,0.033800000000000004,0.0,0.008,0.033800000000000004,0.0,0.0
ROU,2020,2.029058,0.9403412,0.059658825,0.033800000000000004,0.0,0.015,0.033800000000000004,0.0,0.0
ROU,2021,1.7772856,0.8806823,0.11931771,,,,,,
ROU,2022,1.5255132,0.82102346,0.17897654,,,,,,
ROU,2023,1.2737408,0.76136464,0.23863536,,,,,,
RUS,1970,,,,,,,,,
RUS,1971,,,,,,,,,
RUS,1972,,,,,,,,,
RUS,1973,,,,,,,,,
RUS,1974,,,,,,,,,
RUS,1975,,,,,,,,,
RUS,1976,,,,,,,,,
RUS,1977,,,,,,,,,
RUS,1978,,,,,,,,,
RUS,1979,,,,,,,,,
RUS,1980,,,,,,,,,
RUS,1981,,,,,,,,,
RUS,1982,,,,,,,,,
RUS,1983,,,,,,,,,
RUS,1984,,,,,,,,,
RUS,1985,,,,,,,,,
RUS,1986,,,,,,,,,
RUS,1987,,,,,,,,,
RUS,1988,,,,,,,,,
RUS,1989,,,,,,,,,
RUS,1990,,,,,,,,,
RUS,1991,,,,,,,,,
RUS,1992,,,,,,,,,
RUS,1993,,,,,,,,,
RUS,1994,,,,,,,,,
RUS,1995,,,,,,,,,
RUS,1996,-0.17476626,0.41813296,0.58186704,,,,,,
RUS,1997,-0.17476626,0.41813296,0.58186704,0.39499999999999996,0.233,0.338,0.16199999999999995,0.108,0.0
RUS,1998,-0.86026204,0.255701,0.744299,0.39499999999999996,0.233,0.338,0.16199999999999995,0.108,1.0
RUS,1999,-1.9393721,0.0,1.0,0.39499999999999996,0.233,0.338,0.16199999999999995,0.108,1.0
RUS,2000,-0.86026204,0.255701,0.744299,0.39499999999999996,0.233,0.338,0.16199999999999995,0.108,1.0
RUS,2001,-1.9393721,0.0,1.0,0.39499999999999996,0.233,0.338,0.16199999999999995,0.108,1.0
RUS,2002,-0.17476626,0.41813296,0.58186704,0.39499999999999996,0.233,0.338,0.16199999999999995,0.108,1.0
RUS,2003,-0.17476626,0.41813296,0.58186704,0.39499999999999996,0.233,0.338,0.16199999999999995,0.108,0.0
RUS,2004,-0.17476626,0.41813296,0.58186704,0.37839999999999996,0.21633333333333335,0.32333333333333336,0.16206666666666664,0.10766666666666666,1.0
RUS,2005,-0.17476626,0.41813296,0.58186704,0.3618,0.19966666666666666,0.30866666666666664,0.16213333333333332,0.10733333333333334,1.0
RUS,2006,-0.17476626,0.41813296,0.58186704,0.3452,0.183,0.294,0.1622,0.107,0.0
RUS,2007,-0.17476626,0.41813296,0.58186704,0.3124,0.16025,0.264,0.15215,0.086,1.0
RUS,2008,-0.17476626,0.41813296,0.58186704,0.2796,0.1375,0.23399999999999999,0.1421,0.065,1.0
RUS,2009,0.07700613,0.47779182,0.5222082,0.24680000000000002,0.11474999999999999,0.204,0.13205000000000003,0.044,1.0
RUS,2010,0.32877854,0.5374507,0.46254933,0.21400000000000002,0.092,0.174,0.12200000000000003,0.023,0.0
RUS,2011,0.5805509,0.5971095,0.4028905,0.21400000000000002,0.092,0.174,0.12200000000000003,0.023,0.0
RUS,2012,0.8323233,0.6567683,0.34323168,0.244,0.092,0.175,0.152,0.017,0.0
RUS,2013,1.0840957,0.7164272,0.2835728,0.244,0.095,0.175,0.149,0.018,0.0
RUS,2014,1.0840957,0.7164272,0.2835728,0.244,0.095,0.175,0.149,0.018,0.0
RUS,2015,1.0840957,0.7164272,0.2835728,0.244,0.095,0.175,0.149,0.018,0.0
RUS,2016,0.8323233,0.6567683,0.34323168,0.27359999999999995,0.098,0.184,0.17559999999999995,0.016,0.0
RUS,2017,0.5805509,0.5971095,0.4028905,0.27359999999999995,0.098,0.184,0.17559999999999995,0.016,0.0
RUS,2018,0.32877854,0.5374507,0.46254933,0.34459999999999996,0.159,0.26,0.18559999999999996,0.091,0.0
RUS,2019,0.07700613,0.47779182,0.5222082,0.34459999999999996,0.161,0.261,0.18359999999999996,0.091,0.0
RUS,2020,-0.17476626,0.41813296,0.58186704,0.3456,0.163,0.262,0.1826,0.091,0.0
RUS,2021,-1.2538762,0.16243199,0.83756804,,,,,,
RUS,2022,-1.2538762,0.16243199,0.83756804,,,,,,
RUS,2023,-1.2538762,0.16243199,0.83756804,,,,,,
RWA,1970,-1.2538762,0.16243199,0.83756804,,,,,,
RWA,1971,-1.2538762,0.16243199,0.83756804,,,,,,
RWA,1972,-1.2538762,0.16243199,0.83756804,,,,,,
RWA,1973,-1.2538762,0.16243199,0.83756804,,,,,,
RWA,1974,-1.2538762,0.16243199,0.83756804,,,,,,
RWA,1975,-1.2538762,0.16243199,0.83756804,,,,,,
RWA,1976,-1.2538762,0.16243199,0.83756804,,,,,,
RWA,1977,-1.2538762,0.16243199,0.83756804,,,,,,
RWA,1978,-1.2538762,0.16243199,0.83756804,,,,,,
RWA,1979,-1.2538762,0.16243199,0.83756804,,,,,,
RWA,1980,-1.2538762,0.16243199,0.83756804,,,,,,
RWA,1981,-1.2538762,0.16243199,0.83756804,,,,,,
RWA,1982,-1.2538762,0.16243199,0.83756804,,,,,,
RWA,1983,-1.2538762,0.16243199,0.83756804,,,,,,
RWA,1984,-1.2538762,0.16243199,0.83756804,,,,,,
RWA,1985,-1.2538762,0.16243199,0.83756804,,,,,,
RWA,1986,-1.2538762,0.16243199,0.83756804,,,,,,
RWA,1987,-1.2538762,0.16243199,0.83756804,,,,,,
RWA,1988,-1.2538762,0.16243199,0.83756804,,,,,,
RWA,1989,-1.2538762,0.16243199,0.83756804,,,,,,
RWA,1990,-1.2538762,0.16243199,0.83756804,,,,,,
RWA,1991,-1.2538762,0.16243199,0.83756804,,,,,,
RWA,1992,-1.2538762,0.16243199,0.83756804,,,,,,
RWA,1993,-1.2538762,0.16243199,0.83756804,,,,,,
RWA,1994,-0.17476626,0.41813296,0.58186704,,,,,,
RWA,1995,-0.17476626,0.41813296,0.58186704,,,,,,
RWA,1996,-1.2538762,0.16243199,0.83756804,,,,,,
RWA,1997,-1.2538762,0.16243199,0.83756804,,,,,,
RWA,1998,-1.2538762,0.16243199,0.83756804,,,,,,
RWA,1999,-1.2538762,0.16243199,0.83756804,,,,,,
RWA,2000,-1.2538762,0.16243199,0.83756804,,,,,,
RWA,2001,-1.2538762,0.16243199,0.83756804,,,,,,
RWA,2002,-1.2538762,0.16243199,0.83756804,,,,,,
RWA,2003,-1.2538762,0.16243199,0.83756804,,,,,,
RWA,2004,-1.2538762,0.16243199,0.83756804,,,,,,
RWA,2005,-1.2538762,0.16243199,0.83756804,,,,,,
RWA,2006,-1.2538762,0.16243199,0.83756804,,,,,,
RWA,2007,-1.2538762,0.16243199,0.83756804,,,,,,
RWA,2008,-1.2538762,0.16243199,0.83756804,,,,,,
RWA,2009,-1.2538762,0.16243199,0.83756804,,,,,,
RWA,2010,-1.0021038,0.22209083,0.77790916,,,,,,
RWA,2011,-0.75033146,0.28174967,0.71825033,,,,,,
RWA,2012,0.69817567,0.62498134,0.37501866,,,,,,
RWA,2013,0.949948,0.68464017,0.31535983,,,,,,
RWA,2014,1.2017204,0.744299,0.255701,,,,,,
RWA,2015,1.2017204,0.744299,0.255701,,,,,,
RWA,2016,1.2017204,0.744299,0.255701,,,,,,
RWA,2017,1.2017204,0.744299,0.255701,,,,,,
RWA,2018,1.2017204,0.744299,0.255701,,,,,,
RWA,2019,1.2017204,0.744299,0.255701,,,,,,
RWA,2020,1.2017204,0.744299,0.255701,,,,,,
RWA,2021,1.2017204,0.744299,0.255701,,,,,,
RWA,2022,1.2017204,0.744299,0.255701,,,,,,
RWA,2023,1.2017204,0.744299,0.255701,,,,,,
SAU,1970,2.2808304,1.0,0.0,,,,,,
SAU,1971,2.2808304,1.0,0.0,,,,,,
SAU,1972,2.2808304,1.0,0.0,,,,,,
SAU,1973,2.2808304,1.0,0.0,,,,,,
SAU,1974,2.2808304,1.0,0.0,,,,,,
SAU,1975,2.2808304,1.0,0.0,,,,,,
SAU,1976,2.2808304,1.0,0.0,,,,,,
SAU,1977,2.2808304,1.0,0.0,,,,,,
SAU,1978,2.2808304,1.0,0.0,,,,,,
SAU,1979,2.2808304,1.0,0.0,,,,,,
SAU,1980,2.2808304,1.0,0.0,,,,,,
SAU,1981,2.2808304,1.0,0.0,,,,,,
SAU,1982,2.2808304,1.0,0.0,,,,,,
SAU,1983,2.2808304,1.0,0.0,,,,,,
SAU,1984,2.2808304,1.0,0.0,,,,,,
SAU,1985,2.2808304,1.0,0.0,,,,,,
SAU,1986,2.2808304,1.0,0.0,,,,,,
SAU,1987,2.2808304,1.0,0.0,,,,,,
SAU,1988,2.2808304,1.0,0.0,,,,,,
SAU,1989,2.2808304,1.0,0.0,,,,,,
SAU,1990,2.2808304,1.0,0.0,,,,,,
SAU,1991,2.2808304,1.0,0.0,,,,,,
SAU,1992,2.2808304,1.0,0.0,,,,,,
SAU,1993,2.2808304,1.0,0.0,,,,,,
SAU,1994,2.2808304,1.0,0.0,,,,,,
SAU,1995,2.2808304,1.0,0.0,,,,,,
SAU,1996,2.029058,0.9403412,0.059658825,,,,,,
SAU,1997,1.7772856,0.8806823,0.11931771,,,,,,1.0
SAU,1998,1.5255132,0.82102346,0.17897654,,,,,,1.0
SAU,1999,1.2737408,0.76136464,0.23863536,,,,,,1.0
SAU,2000,1.0219685,0.7017058,0.2982942,,,,,,1.0
SAU,2001,1.0219685,0.7017058,0.2982942,,,,,,1.0
SAU,2002,1.0219685,0.7017058,0.2982942,,,,,,1.0
SAU,2003,1.0219685,0.7017058,0.2982942,,,,,,1.0
SAU,2004,1.0219685,0.7017058,0.2982942,,,,,,1.0
SAU,2005,1.0219685,0.7017058,0.2982942,,,,,,1.0
SAU,2006,1.0219685,0.7017058,0.2982942,,,,,,1.0
SAU,2007,1.0219685,0.7017058,0.2982942,,,,,,1.0
SAU,2008,1.0219685,0.7017058,0.2982942,,,,,,1.0
SAU,2009,1.0219685,0.7017058,0.2982942,,,,,,1.0
SAU,2010,1.0219685,0.7017058,0.2982942,0.4795999999999999,0.272,0.393,0.2075999999999999,0.025,0.0
SAU,2011,1.0219685,0.7017058,0.2982942,0.4795999999999999,0.272,0.393,0.2075999999999999,0.025,0.0
SAU,2012,1.0219685,0.7017058,0.2982942,0.4795999999999999,0.272,0.393,0.2075999999999999,0.025,0.0
SAU,2013,1.0219685,0.7017058,0.2982942,0.4795999999999999,0.272,0.393,0.2075999999999999,0.025,0.0
SAU,2014,1.0219685,0.7017058,0.2982942,0.4795999999999999,0.272,0.393,0.2075999999999999,0.025,0.0
SAU,2015,1.0219685,0.7017058,0.2982942,0.438,0.147,0.326,0.29100000000000004,0.025,0.0
SAU,2016,1.0219685,0.7017058,0.2982942,0.438,0.147,0.326,0.29100000000000004,0.025,0.0
SAU,2017,1.0219685,0.7017058,0.2982942,0.438,0.147,0.324,0.29100000000000004,0.025,0.0
SAU,2018,1.0219685,0.7017058,0.2982942,0.27940000000000004,0.147,0.288,0.13240000000000005,0.025,0.0
SAU,2019,1.0219685,0.7017058,0.2982942,0.16959999999999997,0.055,0.214,0.11459999999999998,0.025,0.0
SAU,2020,1.0219685,0.7017058,0.2982942,0.16959999999999997,0.055,0.211,0.11459999999999998,0.025,0.0
SAU,2021,1.0219685,0.7017058,0.2982942,,,,,,
SAU,2022,1.0219685,0.7017058,0.2982942,,,,,,
SAU,2023,1.0219685,0.7017058,0.2982942,,,,,,
SDN,1970,-1.9393721,0.0,1.0,,,,,,
SDN,1971,-1.9393721,0.0,1.0,,,,,,
SDN,1972,-1.2538762,0.16243199,0.83756804,,,,,,
SDN,1973,-1.2538762,0.16243199,0.83756804,,,,,,
SDN,1974,-1.2538762,0.16243199,0.83756804,,,,,,
SDN,1975,-1.2538762,0.16243199,0.83756804,,,,,,
SDN,1976,-1.2538762,0.16243199,0.83756804,,,,,,
SDN,1977,-1.9393721,0.0,1.0,,,,,,
SDN,1978,-1.9393721,0.0,1.0,,,,,,
SDN,1979,-1.9393721,0.0,1.0,,,,,,
SDN,1980,-1.9393721,0.0,1.0,,,,,,
SDN,1981,-1.9393721,0.0,1.0,,,,,,
SDN,1982,-1.9393721,0.0,1.0,,,,,,
SDN,1983,-1.9393721,0.0,1.0,,,,,,
SDN,1984,-1.9393721,0.0,1.0,,,,,,
SDN,1985,-1.9393721,0.0,1.0,,,,,,
SDN,1986,-1.9393721,0.0,1.0,,,,,,
SDN,1987,-1.2538762,0.16243199,0.83756804,,,,,,
SDN,1988,-1.2538762,0.16243199,0.83756804,,,,,,
SDN,1989,-1.2538762,0.16243199,0.83756804,,,,,,
SDN,1990,-1.2538762,0.16243199,0.83756804,,,,,,
SDN,1991,-1.2538762,0.16243199,0.83756804,,,,,,
SDN,1992,-1.2538762,0.16243199,0.83756804,,,,,,
SDN,1993,-1.9393721,0.0,1.0,,,,,,
SDN,1994,-1.9393721,0.0,1.0,,,,,,
SDN,1995,-1.9393721,0.0,1.0,,,,,,
SDN,1996,-1.2538762,0.16243199,0.83756804,,,,,,
SDN,1997,-1.2538762,0.16243199,0.83756804,,,,,,
SDN,1998,-1.2538762,0.16243199,0.83756804,,,,,,
SDN,1999,-1.0021038,0.22209083,0.77790916,,,,,,
SDN,2000,-0.75033146,0.28174967,0.71825033,,,,,,
SDN,2001,-0.49855903,0.34140852,0.6585915,,,,,,
SDN,2002,-0.49855903,0.34140852,0.6585915,,,,,,
SDN,2003,-0.49855903,0.34140852,0.6585915,,,,,,
SDN,2004,0.32877854,0.5374507,0.46254933,,,,,,
SDN,2005,0.07700613,0.47779182,0.5222082,,,,,,
SDN,2006,-0.17476626,0.41813296,0.58186704,,,,,,
SDN,2007,-0.86026204,0.255701,0.744299,,,,,,
SDN,2008,,,,,,,,,
SDN,2009,-1.9393721,0.0,1.0,,,,,,
SDN,2010,-1.6875997,0.059658844,0.9403412,,,,,,
SDN,2011,-1.4358273,0.11931769,0.8806823,,,,,,
SDN,2012,-1.1840549,0.17897654,0.82102346,,,,,,
SDN,2013,-0.93228245,0.23863538,0.76136464,,,,,,
SDN,2014,-0.6805101,0.29829422,0.7017058,,,,,,
SDN,2015,-0.6805101,0.29829422,0.7017058,,,,,,
SDN,2016,-0.6805101,0.29829422,0.7017058,,,,,,
SDN,2017,0.39859986,0.5539952,0.4460048,,,,,,
SDN,2018,0.39859986,0.5539952,0.4460048,,,,,,
SDN,2019,0.39859986,0.5539952,0.4460048,,,,,,
SDN,2020,0.39859986,0.5539952,0.4460048,,,,,,
SDN,2021,0.39859986,0.5539952,0.4460048,,,,,,
SDN,2022,0.39859986,0.5539952,0.4460048,,,,,,
SDN,2023,0.39859986,0.5539952,0.4460048,,,,,,
SEN,1970,-1.0021038,0.22209083,0.77790916,,,,,,
SEN,1971,-0.6084897,0.31535983,0.68464017,,,,,,
SEN,1972,-0.86026204,0.255701,0.744299,,,,,,
SEN,1973,-0.86026204,0.255701,0.744299,,,,,,
SEN,1974,-0.17476626,0.41813296,0.58186704,,,,,,
SEN,1975,-0.17476626,0.41813296,0.58186704,,,,,,
SEN,1976,-0.17476626,0.41813296,0.58186704,,,,,,
SEN,1977,-0.17476626,0.41813296,0.58186704,,,,,,
SEN,1978,-0.17476626,0.41813296,0.58186704,,,,,,
SEN,1979,-0.17476626,0.41813296,0.58186704,,,,,,
SEN,1980,-0.17476626,0.41813296,0.58186704,,,,,,
SEN,1981,-0.17476626,0.41813296,0.58186704,,,,,,
SEN,1982,-0.17476626,0.41813296,0.58186704,,,,,,
SEN,1983,-0.17476626,0.41813296,0.58186704,,,,,,
SEN,1984,-0.17476626,0.41813296,0.58186704,,,,,,
SEN,1985,-0.17476626,0.41813296,0.58186704,,,,,,
SEN,1986,-0.17476626,0.41813296,0.58186704,,,,,,
SEN,1987,-0.17476626,0.41813296,0.58186704,,,,,,
SEN,1988,-0.17476626,0.41813296,0.58186704,,,,,,
SEN,1989,-0.17476626,0.41813296,0.58186704,,,,,,
SEN,1990,-0.17476626,0.41813296,0.58186704,,,,,,
SEN,1991,-0.17476626,0.41813296,0.58186704,,,,,,
SEN,1992,-0.17476626,0.41813296,0.58186704,,,,,,
SEN,1993,-0.17476626,0.41813296,0.58186704,,,,,,
SEN,1994,-0.17476626,0.41813296,0.58186704,,,,,,
SEN,1995,-0.17476626,0.41813296,0.58186704,,,,,,
SEN,1996,-1.2538762,0.16243199,0.83756804,,,,,,
SEN,1997,-1.2538762,0.16243199,0.83756804,,,,,,
SEN,1998,-1.2538762,0.16243199,0.83756804,,,,,,
SEN,1999,-1.2538762,0.16243199,0.83756804,,,,,,
SEN,2000,-1.2538762,0.16243199,0.83756804,,,,,,
SEN,2001,-1.2538762,0.16243199,0.83756804,,,,,,
SEN,2002,-1.2538762,0.16243199,0.83756804,,,,,,
SEN,2003,-1.2538762,0.16243199,0.83756804,,,,,,
SEN,2004,-1.2538762,0.16243199,0.83756804,,,,,,
SEN,2005,-1.2538762,0.16243199,0.83756804,,,,,,
SEN,2006,-1.2538762,0.16243199,0.83756804,,,,,,
SEN,2007,-1.2538762,0.16243199,0.83756804,,,,,,
SEN,2008,-1.2538762,0.16243199,0.83756804,,,,,,
SEN,2009,-1.2538762,0.16243199,0.83756804,,,,,,
SEN,2010,-1.2538762,0.16243199,0.83756804,,,,,,
SEN,2011,-1.2538762,0.16243199,0.83756804,,,,,,
SEN,2012,-1.2538762,0.16243199,0.83756804,,,,,,
SEN,2013,-1.2538762,0.16243199,0.83756804,,,,,,
SEN,2014,-1.2538762,0.16243199,0.83756804,,,,,,
SEN,2015,-1.2538762,0.16243199,0.83756804,,,,,,
SEN,2016,-1.2538762,0.16243199,0.83756804,,,,,,
SEN,2017,-1.2538762,0.16243199,0.83756804,,,,,,
SEN,2018,-1.2538762,0.16243199,0.83756804,,,,,,
SEN,2019,-1.2538762,0.16243199,0.83756804,,,,,,
SEN,2020,-1.2538762,0.16243199,0.83756804,,,,,,
SEN,2021,-1.2538762,0.16243199,0.83756804,,,,,,
SEN,2022,-1.2538762,0.16243199,0.83756804,,,,,,
SEN,2023,-1.2538762,0.16243199,0.83756804,,,,,,
SGP,1970,-0.17476626,0.41813296,0.58186704,,,,,,
SGP,1971,-0.17476626,0.41813296,0.58186704,,,,,,
SGP,1972,-0.17476626,0.41813296,0.58186704,,,,,,
SGP,1973,-0.17476626,0.41813296,0.58186704,,,,,,
SGP,1974,-0.17476626,0.41813296,0.58186704,,,,,,
SGP,1975,-0.17476626,0.41813296,0.58186704,,,,,,
SGP,1976,-0.17476626,0.41813296,0.58186704,,,,,,
SGP,1977,-0.17476626,0.41813296,0.58186704,,,,,,
SGP,1978,1.2737408,0.76136464,0.23863536,,,,,,
SGP,1979,1.5255132,0.82102346,0.17897654,,,,,,
SGP,1980,1.7772856,0.8806823,0.11931771,,,,,,
SGP,1981,2.029058,0.9403412,0.059658825,,,,,,
SGP,1982,2.2808304,1.0,0.0,,,,,,
SGP,1983,2.2808304,1.0,0.0,,,,,,
SGP,1984,2.2808304,1.0,0.0,,,,,,
SGP,1985,2.2808304,1.0,0.0,,,,,,
SGP,1986,2.2808304,1.0,0.0,,,,,,
SGP,1987,2.2808304,1.0,0.0,,,,,,
SGP,1988,2.2808304,1.0,0.0,,,,,,
SGP,1989,2.2808304,1.0,0.0,,,,,,
SGP,1990,2.2808304,1.0,0.0,,,,,,
SGP,1991,2.2808304,1.0,0.0,,,,,,
SGP,1992,2.2808304,1.0,0.0,,,,,,
SGP,1993,2.2808304,1.0,0.0,,,,,,
SGP,1994,2.2808304,1.0,0.0,,,,,,
SGP,1995,2.2808304,1.0,0.0,,,,,,
SGP,1996,2.2808304,1.0,0.0,,,,,,
SGP,1997,1.2017204,0.744299,0.255701,,,,,,1.0
SGP,1998,1.2017204,0.744299,0.255701,,,,,,1.0
SGP,1999,2.2808304,1.0,0.0,,,,,,1.0
SGP,2000,2.2808304,1.0,0.0,,,,,,1.0
SGP,2001,2.2808304,1.0,0.0,,,,,,1.0
SGP,2002,2.2808304,1.0,0.0,,,,,,1.0
SGP,2003,2.2808304,1.0,0.0,,,,,,1.0
SGP,2004,2.2808304,1.0,0.0,,,,,,1.0
SGP,2005,2.2808304,1.0,0.0,,,,,,1.0
SGP,2006,2.2808304,1.0,0.0,,,,,,1.0
SGP,2007,2.2808304,1.0,0.0,,,,,,1.0
SGP,2008,2.2808304,1.0,0.0,,,,,,1.0
SGP,2009,2.2808304,1.0,0.0,,,,,,1.0
SGP,2010,2.2808304,1.0,0.0,,,,,,1.0
SGP,2011,2.2808304,1.0,0.0,,,,,,1.0
SGP,2012,2.2808304,1.0,0.0,,,,,,1.0
SGP,2013,2.2808304,1.0,0.0,,,,,,1.0
SGP,2014,2.2808304,1.0,0.0,,,,,,1.0
SGP,2015,2.2808304,1.0,0.0,,,,,,1.0
SGP,2016,2.2808304,1.0,0.0,,,,,,1.0
SGP,2017,2.2808304,1.0,0.0,,,,,,1.0
SGP,2018,2.2808304,1.0,0.0,0.155,0.0,0.048,0.155,0.0,0.0
SGP,2019,2.2808304,1.0,0.0,0.1678,0.013,0.059,0.1548,0.0,0.0
SGP,2020,2.2808304,1.0,0.0,0.1678,0.013,0.059,0.1548,0.0,0.0
SGP,2021,2.2808304,1.0,0.0,,,,,,
SGP,2022,2.2808304,1.0,0.0,,,,,,
SGP,2023,2.2808304,1.0,0.0,,,,,,
SLB,1970,,,,,,,,,
SLB,1971,,,,,,,,,
SLB,1972,,,,,,,,,
SLB,1973,,,,,,,,,
SLB,1974,,,,,,,,,
SLB,1975,,,,,,,,,
SLB,1976,,,,,,,,,
SLB,1977,,,,,,,,,
SLB,1978,,,,,,,,,
SLB,1979,,,,,,,,,
SLB,1980,,,,,,,,,
SLB,1981,,,,,,,,,
SLB,1982,0.32877854,0.5374507,0.46254933,,,,,,
SLB,1983,0.07700613,0.47779182,0.5222082,,,,,,
SLB,1984,-0.17476626,0.41813296,0.58186704,,,,,,
SLB,1985,-0.17476626,0.41813296,0.58186704,,,,,,
SLB,1986,-0.17476626,0.41813296,0.58186704,,,,,,
SLB,1987,-0.17476626,0.41813296,0.58186704,,,,,,
SLB,1988,-0.17476626,0.41813296,0.58186704,,,,,,
SLB,1989,-0.17476626,0.41813296,0.58186704,,,,,,
SLB,1990,-0.17476626,0.41813296,0.58186704,,,,,,
SLB,1991,-0.17476626,0.41813296,0.58186704,,,,,,
SLB,1992,-0.17476626,0.41813296,0.58186704,,,,,,
SLB,1993,-0.17476626,0.41813296,0.58186704,,,,,,
SLB,1994,-0.17476626,0.41813296,0.58186704,,,,,,
SLB,1995,-0.17476626,0.41813296,0.58186704,,,,,,
SLB,1996,-1.2538762,0.16243199,0.83756804,,,,,,
SLB,1997,-1.2538762,0.16243199,0.83756804,,,,,,
SLB,1998,-1.2538762,0.16243199,0.83756804,,,,,,
SLB,1999,-1.2538762,0.16243199,0.83756804,,,,,,
SLB,2000,-1.2538762,0.16243199,0.83756804,,,,,,
SLB,2001,-1.2538762,0.16243199,0.83756804,,,,,,
SLB,2002,-1.2538762,0.16243199,0.83756804,,,,,,
SLB,2003,-1.2538762,0.16243199,0.83756804,,,,,,
SLB,2004,-1.2538762,0.16243199,0.83756804,,,,,,
SLB,2005,-1.2538762,0.16243199,0.83756804,,,,,,
SLB,2006,-1.2538762,0.16243199,0.83756804,,,,,,
SLB,2007,-1.2538762,0.16243199,0.83756804,,,,,,
SLB,2008,-1.2538762,0.16243199,0.83756804,,,,,,
SLB,2009,-1.2538762,0.16243199,0.83756804,,,,,,
SLB,2010,-1.2538762,0.16243199,0.83756804,,,,,,
SLB,2011,-1.2538762,0.16243199,0.83756804,,,,,,
SLB,2012,-1.2538762,0.16243199,0.83756804,,,,,,
SLB,2013,-1.2538762,0.16243199,0.83756804,,,,,,
SLB,2014,-1.2538762,0.16243199,0.83756804,,,,,,
SLB,2015,-1.2538762,0.16243199,0.83756804,,,,,,
SLB,2016,-1.2538762,0.16243199,0.83756804,,,,,,
SLB,2017,-1.2538762,0.16243199,0.83756804,,,,,,
SLB,2018,-1.2538762,0.16243199,0.83756804,,,,,,
SLB,2019,-1.2538762,0.16243199,0.83756804,,,,,,
SLB,2020,-1.2538762,0.16243199,0.83756804,,,,,,
SLB,2021,-1.2538762,0.16243199,0.83756804,,,,,,
SLB,2022,-1.2538762,0.16243199,0.83756804,,,,,,
SLB,2023,-1.2538762,0.16243199,0.83756804,,,,,,
SLE,1970,-1.2538762,0.16243199,0.83756804,,,,,,
SLE,1971,-1.2538762,0.16243199,0.83756804,,,,,,
SLE,1972,-1.2538762,0.16243199,0.83756804,,,,,,
SLE,1973,-1.2538762,0.16243199,0.83756804,,,,,,
SLE,1974,-1.2538762,0.16243199,0.83756804,,,,,,
SLE,1975,-1.2538762,0.16243199,0.83756804,,,,,,
SLE,1976,-1.2538762,0.16243199,0.83756804,,,,,,
SLE,1977,-1.2538762,0.16243199,0.83756804,,,,,,
SLE,1978,-1.2538762,0.16243199,0.83756804,,,,,,
SLE,1979,-1.2538762,0.16243199,0.83756804,,,,,,
SLE,1980,-1.2538762,0.16243199,0.83756804,,,,,,
SLE,1981,-1.2538762,0.16243199,0.83756804,,,,,,
SLE,1982,-1.9393721,0.0,1.0,,,,,,
SLE,1983,-1.2538762,0.16243199,0.83756804,,,,,,
SLE,1984,-1.2538762,0.16243199,0.83756804,,,,,,
SLE,1985,-1.2538762,0.16243199,0.83756804,,,,,,
SLE,1986,-0.17476626,0.41813296,0.58186704,,,,,,
SLE,1987,-0.17476626,0.41813296,0.58186704,,,,,,
SLE,1988,-0.17476626,0.41813296,0.58186704,,,,,,
SLE,1989,-0.17476626,0.41813296,0.58186704,,,,,,
SLE,1990,-0.17476626,0.41813296,0.58186704,,,,,,
SLE,1991,-0.17476626,0.41813296,0.58186704,,,,,,
SLE,1992,-1.2538762,0.16243199,0.83756804,,,,,,
SLE,1993,-1.2538762,0.16243199,0.83756804,,,,,,
SLE,1994,-1.2538762,0.16243199,0.83756804,,,,,,
SLE,1995,-0.17476626,0.41813296,0.58186704,,,,,,
SLE,1996,-1.2538762,0.16243199,0.83756804,,,,,,
SLE,1997,-1.2538762,0.16243199,0.83756804,,,,,,
SLE,1998,-1.2538762,0.16243199,0.83756804,,,,,,
SLE,1999,-1.9393721,0.0,1.0,,,,,,
SLE,2000,-1.9393721,0.0,1.0,,,,,,
SLE,2001,-1.9393721,0.0,1.0,,,,,,
SLE,2002,-1.9393721,0.0,1.0,,,,,,
SLE,2003,-1.9393721,0.0,1.0,,,,,,
SLE,2004,-1.9393721,0.0,1.0,,,,,,
SLE,2005,-1.2538762,0.16243199,0.83756804,,,,,,
SLE,2006,-1.2538762,0.16243199,0.83756804,,,,,,
SLE,2007,-1.2538762,0.16243199,0.83756804,,,,,,
SLE,2008,-0.05714153,0.4460048,0.5539952,,,,,,
SLE,2009,-1.9393721,0.0,1.0,,,,,,
SLE,2010,-1.9393721,0.0,1.0,,,,,,
SLE,2011,-1.9393721,0.0,1.0,,,,,,
SLE,2012,-1.9393721,0.0,1.0,,,,,,
SLE,2013,-1.9393721,0.0,1.0,,,,,,
SLE,2014,-1.9393721,0.0,1.0,,,,,,
SLE,2015,-1.9393721,0.0,1.0,,,,,,
SLE,2016,-1.2538762,0.16243199,0.83756804,,,,,,
SLE,2017,-1.2538762,0.16243199,0.83756804,,,,,,
SLE,2018,-1.2538762,0.16243199,0.83756804,,,,,,
SLE,2019,-1.2538762,0.16243199,0.83756804,,,,,,
SLE,2020,-1.2538762,0.16243199,0.83756804,,,,,,
SLE,2021,-1.2538762,0.16243199,0.83756804,,,,,,
SLE,2022,-1.2538762,0.16243199,0.83756804,,,,,,
SLE,2023,-1.2538762,0.16243199,0.83756804,,,,,,
SLV,1970,-1.2538762,0.16243199,0.83756804,,,,,,
SLV,1971,-1.2538762,0.16243199,0.83756804,,,,,,
SLV,1972,-1.2538762,0.16243199,0.83756804,,,,,,
SLV,1973,-1.2538762,0.16243199,0.83756804,,,,,,
SLV,1974,-1.2538762,0.16243199,0.83756804,,,,,,
SLV,1975,-1.2538762,0.16243199,0.83756804,,,,,,
SLV,1976,-1.2538762,0.16243199,0.83756804,,,,,,
SLV,1977,-1.2538762,0.16243199,0.83756804,,,,,,
SLV,1978,-1.2538762,0.16243199,0.83756804,,,,,,
SLV,1979,-1.2538762,0.16243199,0.83756804,,,,,,
SLV,1980,-1.2538762,0.16243199,0.83756804,,,,,,
SLV,1981,-1.9393721,0.0,1.0,,,,,,
SLV,1982,-1.9393721,0.0,1.0,,,,,,
SLV,1983,-1.9393721,0.0,1.0,,,,,,
SLV,1984,-1.9393721,0.0,1.0,,,,,,
SLV,1985,-1.9393721,0.0,1.0,,,,,,
SLV,1986,-1.9393721,0.0,1.0,,,,,,
SLV,1987,-1.9393721,0.0,1.0,,,,,,
SLV,1988,-1.9393721,0.0,1.0,,,,,,
SLV,1989,-1.9393721,0.0,1.0,,,,,,
SLV,1990,-1.9393721,0.0,1.0,,,,,,
SLV,1991,-1.9393721,0.0,1.0,,,,,,
SLV,1992,-1.2538762,0.16243199,0.83756804,,,,,,
SLV,1993,-0.17476626,0.41813296,0.58186704,,,,,,
SLV,1994,-0.17476626,0.41813296,0.58186704,,,,,,
SLV,1995,-0.17476626,0.41813296,0.58186704,,,,,,
SLV,1996,1.2737408,0.76136464,0.23863536,,,,,,
SLV,1997,1.5255132,0.82102346,0.17897654,,,,,,
SLV,1998,1.7772856,0.8806823,0.11931771,,,,,,
SLV,1999,2.029058,0.9403412,0.059658825,,,,,,
SLV,2000,2.2808304,1.0,0.0,,,,,,
SLV,2001,2.2808304,1.0,0.0,,,,,,
SLV,2002,2.2808304,1.0,0.0,,,,,,
SLV,2003,2.2808304,1.0,0.0,,,,,,
SLV,2004,2.2808304,1.0,0.0,,,,,,
SLV,2005,2.2808304,1.0,0.0,,,,,,
SLV,2006,2.2808304,1.0,0.0,,,,,,
SLV,2007,2.2808304,1.0,0.0,,,,,,
SLV,2008,2.2808304,1.0,0.0,,,,,,
SLV,2009,2.029058,0.9403412,0.059658825,,,,,,
SLV,2010,1.7772856,0.8806823,0.11931771,,,,,,
SLV,2011,1.5255132,0.82102346,0.17897654,,,,,,
SLV,2012,1.2737408,0.76136464,0.23863536,,,,,,
SLV,2013,1.0219685,0.7017058,0.2982942,,,,,,
SLV,2014,1.0219685,0.7017058,0.2982942,,,,,,
SLV,2015,1.0219685,0.7017058,0.2982942,,,,,,
SLV,2016,1.0219685,0.7017058,0.2982942,,,,,,
SLV,2017,1.0219685,0.7017058,0.2982942,,,,,,
SLV,2018,1.0219685,0.7017058,0.2982942,,,,,,
SLV,2019,1.0219685,0.7017058,0.2982942,,,,,,
SLV,2020,1.0219685,0.7017058,0.2982942,,,,,,
SLV,2021,1.0219685,0.7017058,0.2982942,,,,,,
SLV,2022,1.0219685,0.7017058,0.2982942,,,,,,
SLV,2023,1.0219685,0.7017058,0.2982942,,,,,,
SMR,1970,,,,,,,,,
SMR,1971,,,,,,,,,
SMR,1972,,,,,,,,,
SMR,1973,,,,,,,,,
SMR,1974,,,,,,,,,
SMR,1975,,,,,,,,,
SMR,1976,,,,,,,,,
SMR,1977,,,,,,,,,
SMR,1978,,,,,,,,,
SMR,1979,,,,,,,,,
SMR,1980,,,,,,,,,
SMR,1981,,,,,,,,,
SMR,1982,,,,,,,,,
SMR,1983,,,,,,,,,
SMR,1984,,,,,,,,,
SMR,1985,,,,,,,,,
SMR,1986,,,,,,,,,
SMR,1987,,,,,,,,,
SMR,1988,,,,,,,,,
SMR,1989,,,,,,,,,
SMR,1990,,,,,,,,,
SMR,1991,,,,,,,,,
SMR,1992,,,,,,,,,
SMR,1993,,,,,,,,,
SMR,1994,,,,,,,,,
SMR,1995,,,,,,,,,
SMR,1996,2.2808304,1.0,0.0,,,,,,
SMR,1997,2.2808304,1.0,0.0,,,,,,
SMR,1998,2.029058,0.9403412,0.059658825,,,,,,
SMR,1999,1.7772856,0.8806823,0.11931771,,,,,,
SMR,2000,1.5255132,0.82102346,0.17897654,,,,,,
SMR,2001,1.2737408,0.76136464,0.23863536,,,,,,
SMR,2002,1.0219685,0.7017058,0.2982942,,,,,,
SMR,2003,1.0219685,0.7017058,0.2982942,,,,,,
SMR,2004,1.0219685,0.7017058,0.2982942,,,,,,
SMR,2005,1.0219685,0.7017058,0.2982942,,,,,,
SMR,2006,1.0219685,0.7017058,0.2982942,,,,,,
SMR,2007,1.0219685,0.7017058,0.2982942,,,,,,
SMR,2008,1.0219685,0.7017058,0.2982942,,,,,,
SMR,2009,1.0219685,0.7017058,0.2982942,,,,,,
SMR,2010,1.0219685,0.7017058,0.2982942,,,,,,
SMR,2011,1.0219685,0.7017058,0.2982942,,,,,,
SMR,2012,1.0219685,0.7017058,0.2982942,,,,,,
SMR,2013,1.0219685,0.7017058,0.2982942,,,,,,
SMR,2014,1.0219685,0.7017058,0.2982942,,,,,,
SMR,2015,1.0219685,0.7017058,0.2982942,,,,,,
SMR,2016,1.0219685,0.7017058,0.2982942,,,,,,
SMR,2017,1.0219685,0.7017058,0.2982942,,,,,,
SMR,2018,1.0219685,0.7017058,0.2982942,,,,,,
SMR,2019,1.0219685,0.7017058,0.2982942,,,,,,
SMR,2020,1.0219685,0.7017058,0.2982942,,,,,,
SMR,2021,1.0219685,0.7017058,0.2982942,,,,,,
SMR,2022,1.0219685,0.7017058,0.2982942,,,,,,
SMR,2023,1.0219685,0.7017058,0.2982942,,,,,,
SOM,1970,-1.2538762,0.16243199,0.83756804,,,,,,
SOM,1971,-1.2538762,0.16243199,0.83756804,,,,,,
SOM,1972,-1.2538762,0.16243199,0.83756804,,,,,,
SOM,1973,-1.2538762,0.16243199,0.83756804,,,,,,
SOM,1974,-1.2538762,0.16243199,0.83756804,,,,,,
SOM,1975,-1.2538762,0.16243199,0.83756804,,,,,,
SOM,1976,-1.2538762,0.16243199,0.83756804,,,,,,
SOM,1977,-1.2538762,0.16243199,0.83756804,,,,,,
SOM,1978,-1.2538762,0.16243199,0.83756804,,,,,,
SOM,1979,-1.2538762,0.16243199,0.83756804,,,,,,
SOM,1980,-1.2538762,0.16243199,0.83756804,,,,,,
SOM,1981,-1.9393721,0.0,1.0,,,,,,
SOM,1982,-1.2538762,0.16243199,0.83756804,,,,,,
SOM,1983,-1.9393721,0.0,1.0,,,,,,
SOM,1984,-1.9393721,0.0,1.0,,,,,,
SOM,1985,-1.9393721,0.0,1.0,,,,,,
SOM,1986,-1.9393721,0.0,1.0,,,,,,
SOM,1987,-1.9393721,0.0,1.0,,,,,,
SOM,1988,-1.9393721,0.0,1.0,,,,,,
SOM,1989,-1.9393721,0.0,1.0,,,,,,
SOM,1990,-1.9393721,0.0,1.0,,,,,,
SOM,1991,-1.9393721,0.0,1.0,,,,,,
SOM,1992,-1.9393721,0.0,1.0,,,,,,
SOM,1993,-1.9393721,0.0,1.0,,,,,,
SOM,1994,-1.9393721,0.0,1.0,,,,,,
SOM,1995,,,,,,,,,
SOM,1996,,,,,,,,,
SOM,1997,,,,,,,,,
SOM,1998,,,,,,,,,
SOM,1999,,,,,,,,,
SOM,2000,-1.9393721,0.0,1.0,,,,,,
SOM,2001,-1.9393721,0.0,1.0,,,,,,
SOM,2002,-1.9393721,0.0,1.0,,,,,,
SOM,2003,-1.9393721,0.0,1.0,,,,,,
SOM,2004,-1.9393721,0.0,1.0,,,,,,
SOM,2005,-1.9393721,0.0,1.0,,,,,,
SOM,2006,-1.9393721,0.0,1.0,,,,,,
SOM,2007,-1.9393721,0.0,1.0,,,,,,
SOM,2008,,,,,,,,,
SOM,2009,,,,,,,,,
SOM,2010,,,,,,,,,
SOM,2011,,,,,,,,,
SOM,2012,,,,,,,,,
SOM,2013,,,,,,,,,
SOM,2014,,,,,,,,,
SOM,2015,,,,,,,,,
SOM,2016,,,,,,,,,
SOM,2017,,,,,,,,,
SOM,2018,,,,,,,,,
SOM,2019,,,,,,,,,
SOM,2020,,,,,,,,,
SOM,2021,,,,,,,,,
SOM,2022,,,,,,,,,
SOM,2023,,,,,,,,,
SRB,1997,,,,,,,,,1.0
SRB,1998,,,,,,,,,1.0
SRB,1999,,,,,,,,,1.0
SRB,2000,,,,,,,,,1.0
SRB,2001,,,,,,,,,1.0
SRB,2002,,,,,,,,,1.0
SRB,2003,,,,,,,,,1.0
SRB,2004,,,,,,,,,1.0
SRB,2005,,,,,,,,,1.0
SRB,2006,,,,,,,,,1.0
SRB,2007,,,,,,,,,1.0
SRB,2008,,,,,,,,,1.0
SRB,2009,,,,,,,,,1.0
SRB,2010,,,,,,,,,1.0
SRB,2011,,,,,,,,,1.0
SRB,2012,,,,,,,,,1.0
SRB,2013,,,,,,,,,1.0
SRB,2014,,,,,,,,,1.0
SRB,2015,,,,,,,,,1.0
SRB,2016,,,,,,,,,1.0
SRB,2017,,,,0.0814,0.03,0.05,0.0514,0.0,0.0
SRB,2018,,,,0.0814,0.03,0.05,0.0514,0.0,0.0
SRB,2019,,,,0.0814,0.03,0.05,0.0514,0.0,0.0
SRB,2020,,,,0.0814,0.03,0.05,0.0514,0.0,0.0
STP,1970,,,,,,,,,
STP,1971,,,,,,,,,
STP,1972,,,,,,,,,
STP,1973,,,,,,,,,
STP,1974,,,,,,,,,
STP,1975,,,,,,,,,
STP,1976,,,,,,,,,
STP,1977,,,,,,,,,
STP,1978,,,,,,,,,
STP,1979,,,,,,,,,
STP,1980,,,,,,,,,
STP,1981,-1.2538762,0.16243199,0.83756804,,,,,,
STP,1982,-1.2538762,0.16243199,0.83756804,,,,,,
STP,1983,-1.2538762,0.16243199,0.83756804,,,,,,
STP,1984,-1.2538762,0.16243199,0.83756804,,,,,,
STP,1985,-1.2538762,0.16243199,0.83756804,,,,,,
STP,1986,-1.2538762,0.16243199,0.83756804,,,,,,
STP,1987,-1.2538762,0.16243199,0.83756804,,,,,,
STP,1988,-1.2538762,0.16243199,0.83756804,,,,,,
STP,1989,-1.2538762,0.16243199,0.83756804,,,,,,
STP,1990,-1.2538762,0.16243199,0.83756804,,,,,,
STP,1991,-1.2538762,0.16243199,0.83756804,,,,,,
STP,1992,-1.2538762,0.16243199,0.83756804,,,,,,
STP,1993,-1.2538762,0.16243199,0.83756804,,,,,,
STP,1994,-1.2538762,0.16243199,0.83756804,,,,,,
STP,1995,-1.2538762,0.16243199,0.83756804,,,,,,
STP,1996,-1.9393721,0.0,1.0,,,,,,
STP,1997,-1.9393721,0.0,1.0,,,,,,
STP,1998,-1.9393721,0.0,1.0,,,,,,
STP,1999,-1.2538762,0.16243199,0.83756804,,,,,,
STP,2000,0.07700613,0.47779182,0.5222082,,,,,,
STP,2001,0.32877854,0.5374507,0.46254933,,,,,,
STP,2002,0.5805509,0.5971095,0.4028905,,,,,,
STP,2003,0.8323233,0.6567683,0.34323168,,,,,,
STP,2004,1.0840957,0.7164272,0.2835728,,,,,,
STP,2005,1.0840957,0.7164272,0.2835728,,,,,,
STP,2006,0.39859986,0.5539952,0.4460048,,,,,,
STP,2007,0.39859986,0.5539952,0.4460048,,,,,,
STP,2008,1.5953345,0.83756804,0.16243196,,,,,,
STP,2009,0.39859986,0.5539952,0.4460048,,,,,,
STP,2010,0.39859986,0.5539952,0.4460048,,,,,,
STP,2011,0.39859986,0.5539952,0.4460048,,,,,,
STP,2012,1.0840957,0.7164272,0.2835728,,,,,,
STP,2013,1.0840957,0.7164272,0.2835728,,,,,,
STP,2014,2.2808304,1.0,0.0,,,,,,
STP,2015,1.0840957,0.7164272,0.2835728,,,,,,
STP,2016,1.0840957,0.7164272,0.2835728,,,,,,
STP,2017,1.2017204,0.744299,0.255701,,,,,,
STP,2018,0.51622456,0.58186704,0.41813296,,,,,,
STP,2019,0.51622456,0.58186704,0.41813296,,,,,,
STP,2020,0.51622456,0.58186704,0.41813296,,,,,,
STP,2021,0.51622456,0.58186704,0.41813296,,,,,,
STP,2022,0.51622456,0.58186704,0.41813296,,,,,,
STP,2023,0.51622456,0.58186704,0.41813296,,,,,,
SUR,1970,-0.17476626,0.41813296,0.58186704,,,,,,
SUR,1971,-0.17476626,0.41813296,0.58186704,,,,,,
SUR,1972,-0.17476626,0.41813296,0.58186704,,,,,,
SUR,1973,-0.17476626,0.41813296,0.58186704,,,,,,
SUR,1974,-0.17476626,0.41813296,0.58186704,,,,,,
SUR,1975,,,,,,,,,
SUR,1976,,,,,,,,,
SUR,1977,,,,,,,,,
SUR,1978,,,,,,,,,
SUR,1979,,,,,,,,,
SUR,1980,,,,,,,,,
SUR,1981,,,,,,,,,
SUR,1982,-0.17476626,0.41813296,0.58186704,,,,,,
SUR,1983,-1.2538762,0.16243199,0.83756804,,,,,,
SUR,1984,-1.2538762,0.16243199,0.83756804,,,,,,
SUR,1985,-1.2538762,0.16243199,0.83756804,,,,,,
SUR,1986,-1.2538762,0.16243199,0.83756804,,,,,,
SUR,1987,-1.2538762,0.16243199,0.83756804,,,,,,
SUR,1988,-1.2538762,0.16243199,0.83756804,,,,,,
SUR,1989,-1.2538762,0.16243199,0.83756804,,,,,,
SUR,1990,-1.2538762,0.16243199,0.83756804,,,,,,
SUR,1991,-1.2538762,0.16243199,0.83756804,,,,,,
SUR,1992,-1.2538762,0.16243199,0.83756804,,,,,,
SUR,1993,-1.9393721,0.0,1.0,,,,,,
SUR,1994,-1.2538762,0.16243199,0.83756804,,,,,,
SUR,1995,-1.2538762,0.16243199,0.83756804,,,,,,
SUR,1996,-1.2538762,0.16243199,0.83756804,,,,,,
SUR,1997,-1.2538762,0.16243199,0.83756804,,,,,,
SUR,1998,-1.2538762,0.16243199,0.83756804,,,,,,
SUR,1999,-1.9393721,0.0,1.0,,,,,,
SUR,2000,-1.9393721,0.0,1.0,,,,,,
SUR,2001,-1.9393721,0.0,1.0,,,,,,
SUR,2002,-1.9393721,0.0,1.0,,,,,,
SUR,2003,-1.9393721,0.0,1.0,,,,,,
SUR,2004,-1.9393721,0.0,1.0,,,,,,
SUR,2005,-1.9393721,0.0,1.0,,,,,,
SUR,2006,-1.9393721,0.0,1.0,,,,,,
SUR,2007,-1.9393721,0.0,1.0,,,,,,
SUR,2008,-1.9393721,0.0,1.0,,,,,,
SUR,2009,-1.9393721,0.0,1.0,,,,,,
SUR,2010,-1.9393721,0.0,1.0,,,,,,
SUR,2011,-1.9393721,0.0,1.0,,,,,,
SUR,2012,-1.9393721,0.0,1.0,,,,,,
SUR,2013,-1.9393721,0.0,1.0,,,,,,
SUR,2014,-1.9393721,0.0,1.0,,,,,,
SUR,2015,-1.9393721,0.0,1.0,,,,,,
SUR,2016,-1.2538762,0.16243199,0.83756804,,,,,,
SUR,2017,-1.2538762,0.16243199,0.83756804,,,,,,
SUR,2018,-1.2538762,0.16243199,0.83756804,,,,,,
SUR,2019,-1.2538762,0.16243199,0.83756804,,,,,,
SUR,2020,-1.2538762,0.16243199,0.83756804,,,,,,
SUR,2021,-1.2538762,0.16243199,0.83756804,,,,,,
SUR,2022,-1.2538762,0.16243199,0.83756804,,,,,,
SUR,2023,-1.2538762,0.16243199,0.83756804,,,,,,
SVK,1970,,,,,,,,,
SVK,1971,,,,,,,,,
SVK,1972,,,,,,,,,
SVK,1973,,,,,,,,,
SVK,1974,,,,,,,,,
SVK,1975,,,,,,,,,
SVK,1976,,,,,,,,,
SVK,1977,,,,,,,,,
SVK,1978,,,,,,,,,
SVK,1979,,,,,,,,,
SVK,1980,,,,,,,,,
SVK,1981,,,,,,,,,
SVK,1982,,,,,,,,,
SVK,1983,,,,,,,,,
SVK,1984,,,,,,,,,
SVK,1985,,,,,,,,,
SVK,1986,,,,,,,,,
SVK,1987,,,,,,,,,
SVK,1988,,,,,,,,,
SVK,1989,,,,,,,,,
SVK,1990,,,,,,,,,
SVK,1991,,,,,,,,,
SVK,1992,,,,,,,,,
SVK,1993,,,,,,,,,
SVK,1994,,,,,,,,,
SVK,1995,,,,,,,,,
SVK,1996,-1.2538762,0.16243199,0.83756804,,,,,,
SVK,1997,-1.2538762,0.16243199,0.83756804,0.0534,0.0,0.067,0.0534,0.009,0.0
SVK,1998,-1.2538762,0.16243199,0.83756804,0.05173333333333334,0.0,0.065,0.05173333333333334,0.0075,1.0
SVK,1999,-1.2538762,0.16243199,0.83756804,0.05006666666666667,0.0,0.063,0.05006666666666667,0.006,1.0
SVK,2000,-1.2538762,0.16243199,0.83756804,0.048400000000000006,0.0,0.061,0.048400000000000006,0.0045,1.0
SVK,2001,-1.2538762,0.16243199,0.83756804,0.04673333333333334,0.0,0.059000000000000004,0.04673333333333334,0.003,1.0
SVK,2002,-1.2538762,0.16243199,0.83756804,0.04506666666666667,0.0,0.057,0.04506666666666667,0.0015000000000000005,1.0
SVK,2003,-0.05714153,0.4460048,0.5539952,0.04340000000000001,0.0,0.055,0.04340000000000001,0.0,0.0
SVK,2004,-0.05714153,0.4460048,0.5539952,0.034066666666666676,0.0,0.053,0.034066666666666676,0.0,1.0
SVK,2005,0.19463086,0.50566363,0.49433637,0.024733333333333336,0.0,0.051000000000000004,0.024733333333333336,0.0,1.0
SVK,2006,0.44640324,0.56532246,0.43467754,0.0154,0.0,0.049,0.0154,0.0,0.0
SVK,2007,0.69817567,0.62498134,0.37501866,0.0154,0.0,0.049,0.0154,0.0,1.0
SVK,2008,0.949948,0.68464017,0.31535983,0.0154,0.0,0.049,0.0154,0.0,1.0
SVK,2009,1.2017204,0.744299,0.255701,0.0154,0.0,0.049,0.0154,0.0,1.0
SVK,2010,1.2017204,0.744299,0.255701,0.0154,0.0,0.049,0.0154,0.0,0.0
SVK,2011,1.2017204,0.744299,0.255701,0.0154,0.0,0.049,0.0154,0.0,0.0
SVK,2012,1.2017204,0.744299,0.255701,0.0154,0.0,0.049,0.0154,0.0,0.0
SVK,2013,1.2017204,0.744299,0.255701,0.0154,0.0,0.049,0.0154,0.0,0.0
SVK,2014,1.2017204,0.744299,0.255701,0.0154,0.0,0.049,0.0154,0.0,0.0
SVK,2015,1.2017204,0.744299,0.255701,0.0154,0.0,0.049,0.0154,0.0,0.0
SVK,2016,1.2017204,0.744299,0.255701,0.0154,0.0,0.049,0.0154,0.0,0.0
SVK,2017,1.2017204,0.744299,0.255701,0.0154,0.0,0.049,0.0154,0.0,0.0
SVK,2018,1.2017204,0.744299,0.255701,0.0154,0.0,0.049,0.0154,0.0,0.0
SVK,2019,1.2017204,0.744299,0.255701,0.0154,0.0,0.049,0.0154,0.0,0.0
SVK,2020,0.949948,0.68464017,0.31535983,0.0154,0.0,0.049,0.0154,0.0,0.0
SVK,2021,0.69817567,0.62498134,0.37501866,,,,,,
SVK,2022,0.44640324,0.56532246,0.43467754,,,,,,
SVK,2023,0.19463086,0.50566363,0.49433637,,,,,,
SVN,1970,,,,,,,,,
SVN,1971,,,,,,,,,
SVN,1972,,,,,,,,,
SVN,1973,,,,,,,,,
SVN,1974,,,,,,,,,
SVN,1975,,,,,,,,,
SVN,1976,,,,,,,,,
SVN,1977,,,,,,,,,
SVN,1978,,,,,,,,,
SVN,1979,,,,,,,,,
SVN,1980,,,,,,,,,
SVN,1981,,,,,,,,,
SVN,1982,,,,,,,,,
SVN,1983,,,,,,,,,
SVN,1984,,,,,,,,,
SVN,1985,,,,,,,,,
SVN,1986,,,,,,,,,
SVN,1987,,,,,,,,,
SVN,1988,,,,,,,,,
SVN,1989,,,,,,,,,
SVN,1990,,,,,,,,,
SVN,1991,,,,,,,,,
SVN,1992,,,,,,,,,
SVN,1993,,,,,,,,,
SVN,1994,,,,,,,,,
SVN,1995,,,,,,,,,
SVN,1996,-1.2538762,0.16243199,0.83756804,,,,,,
SVN,1997,-0.17476626,0.41813296,0.58186704,0.318,0.0,0.1,0.318,0.005,0.0
SVN,1998,-0.17476626,0.41813296,0.58186704,0.27473333333333333,0.0,0.08683333333333335,0.27473333333333333,0.004166666666666667,1.0
SVN,1999,-0.17476626,0.41813296,0.58186704,0.23146666666666665,0.0,0.07366666666666667,0.23146666666666665,0.003333333333333333,1.0
SVN,2000,1.0219685,0.7017058,0.2982942,0.1882,0.0,0.060500000000000005,0.1882,0.0025,1.0
SVN,2001,1.0219685,0.7017058,0.2982942,0.14493333333333333,0.0,0.04733333333333334,0.14493333333333333,0.0016666666666666666,1.0
SVN,2002,1.0219685,0.7017058,0.2982942,0.10166666666666666,0.0,0.03416666666666668,0.10166666666666666,0.0008333333333333335,1.0
SVN,2003,1.2737408,0.76136464,0.23863536,0.05840000000000001,0.0,0.021,0.05840000000000001,0.0,0.0
SVN,2004,1.5255132,0.82102346,0.17897654,0.050133333333333335,0.0,0.019,0.050133333333333335,0.0,1.0
SVN,2005,1.7772856,0.8806823,0.11931771,0.04186666666666666,0.0,0.017,0.04186666666666666,0.0,1.0
SVN,2006,2.029058,0.9403412,0.059658825,0.0336,0.0,0.015,0.0336,0.0,0.0
SVN,2007,2.2808304,1.0,0.0,0.032799999999999996,0.0,0.013,0.032799999999999996,0.0,1.0
SVN,2008,2.029058,0.9403412,0.059658825,0.032,0.0,0.011,0.032,0.0,1.0
SVN,2009,1.7772856,0.8806823,0.11931771,0.0312,0.0,0.009,0.0312,0.0,1.0
SVN,2010,1.5255132,0.82102346,0.17897654,0.0304,0.0,0.007,0.0304,0.0,0.0
SVN,2011,1.2737408,0.76136464,0.23863536,0.0304,0.0,0.007,0.0304,0.0,0.0
SVN,2012,1.0219685,0.7017058,0.2982942,0.0304,0.0,0.007,0.0304,0.0,0.0
SVN,2013,1.0219685,0.7017058,0.2982942,0.0304,0.0,0.007,0.0304,0.0,0.0
SVN,2014,1.0219685,0.7017058,0.2982942,0.0304,0.0,0.007,0.0304,0.0,0.0
SVN,2015,1.0219685,0.7017058,0.2982942,0.0304,0.0,0.007,0.0304,0.0,0.0
SVN,2016,1.0219685,0.7017058,0.2982942,0.0304,0.0,0.007,0.0304,0.0,0.0
SVN,2017,1.0219685,0.7017058,0.2982942,0.0304,0.0,0.007,0.0304,0.0,0.0
SVN,2018,1.0219685,0.7017058,0.2982942,0.0304,0.0,0.007,0.0304,0.0,0.0
SVN,2019,1.0219685,0.7017058,0.2982942,0.0304,0.0,0.007,0.0304,0.0,0.0
SVN,2020,1.0219685,0.7017058,0.2982942,0.0304,0.0,0.007,0.0304,0.0,0.0
SVN,2021,1.0219685,0.7017058,0.2982942,,,,,,
SVN,2022,1.0219685,0.7017058,0.2982942,,,,,,
SVN,2023,1.0219685,0.7017058,0.2982942,,,,,,
SWE,1970,1.0219685,0.7017058,0.2982942,,,,,,
SWE,1971,1.0219685,0.7017058,0.2982942,,,,,,
SWE,1972,1.0219685,0.7017058,0.2982942,,,,,,
SWE,1973,1.0219685,0.7017058,0.2982942,,,,,,
SWE,1974,1.0219685,0.7017058,0.2982942,,,,,,
SWE,1975,1.0219685,0.7017058,0.2982942,,,,,,
SWE,1976,1.0219685,0.7017058,0.2982942,,,,,,
SWE,1977,1.0219685,0.7017058,0.2982942,,,,,,
SWE,1978,1.0219685,0.7017058,0.2982942,,,,,,
SWE,1979,1.0219685,0.7017058,0.2982942,,,,,,
SWE,1980,1.0219685,0.7017058,0.2982942,,,,,,
SWE,1981,1.0219685,0.7017058,0.2982942,,,,,,
SWE,1982,1.0219685,0.7017058,0.2982942,,,,,,
SWE,1983,1.0219685,0.7017058,0.2982942,,,,,,
SWE,1984,1.0219685,0.7017058,0.2982942,,,,,,
SWE,1985,1.0219685,0.7017058,0.2982942,,,,,,
SWE,1986,1.0219685,0.7017058,0.2982942,,,,,,
SWE,1987,1.0219685,0.7017058,0.2982942,,,,,,
SWE,1988,1.0219685,0.7017058,0.2982942,,,,,,
SWE,1989,1.0219685,0.7017058,0.2982942,,,,,,
SWE,1990,1.0219685,0.7017058,0.2982942,,,,,,
SWE,1991,1.0219685,0.7017058,0.2982942,,,,,,
SWE,1992,1.0219685,0.7017058,0.2982942,,,,,,
SWE,1993,1.2737408,0.76136464,0.23863536,,,,,,
SWE,1994,1.5255132,0.82102346,0.17897654,,,,,,
SWE,1995,1.7772856,0.8806823,0.11931771,,,,,,
SWE,1996,2.029058,0.9403412,0.059658825,,,,,,
SWE,1997,2.2808304,1.0,0.0,0.177,0.0,0.079,0.177,0.024,0.0
SWE,1998,2.2808304,1.0,0.0,0.177,0.0,0.079,0.177,0.024,1.0
SWE,1999,2.2808304,1.0,0.0,0.177,0.0,0.079,0.177,0.024,1.0
SWE,2000,2.2808304,1.0,0.0,0.177,0.0,0.079,0.177,0.024,1.0
SWE,2001,2.2808304,1.0,0.0,0.177,0.0,0.079,0.177,0.024,1.0
SWE,2002,2.2808304,1.0,0.0,0.177,0.0,0.079,0.177,0.024,1.0
SWE,2003,2.2808304,1.0,0.0,0.177,0.0,0.079,0.177,0.024,0.0
SWE,2004,2.2808304,1.0,0.0,0.177,0.0,0.079,0.177,0.024,1.0
SWE,2005,2.2808304,1.0,0.0,0.177,0.0,0.079,0.177,0.024,1.0
SWE,2006,2.2808304,1.0,0.0,0.177,0.0,0.079,0.177,0.024,0.0
SWE,2007,2.2808304,1.0,0.0,0.16745,0.0,0.074,0.16745,0.02475,1.0
SWE,2008,2.2808304,1.0,0.0,0.15789999999999998,0.0,0.069,0.15789999999999998,0.025500000000000002,1.0
SWE,2009,2.2808304,1.0,0.0,0.14834999999999998,0.0,0.064,0.14834999999999998,0.02625,1.0
SWE,2010,2.2808304,1.0,0.0,0.13879999999999998,0.0,0.059,0.13879999999999998,0.027,0.0
SWE,2011,2.2808304,1.0,0.0,0.13879999999999998,0.0,0.059,0.13879999999999998,0.027,0.0
SWE,2012,2.2808304,1.0,0.0,0.13879999999999998,0.0,0.059,0.13879999999999998,0.027,0.0
SWE,2013,2.2808304,1.0,0.0,0.13879999999999998,0.0,0.059,0.13879999999999998,0.027,0.0
SWE,2014,2.2808304,1.0,0.0,0.13879999999999998,0.0,0.059,0.13879999999999998,0.027,0.0
SWE,2015,2.2808304,1.0,0.0,0.13879999999999998,0.0,0.059,0.13879999999999998,0.027,0.0
SWE,2016,2.2808304,1.0,0.0,0.13879999999999998,0.0,0.059,0.13879999999999998,0.027,0.0
SWE,2017,2.2808304,1.0,0.0,0.13879999999999998,0.0,0.059,0.13879999999999998,0.027,0.0
SWE,2018,2.2808304,1.0,0.0,0.13879999999999998,0.0,0.059,0.13879999999999998,0.027,0.0
SWE,2019,2.2808304,1.0,0.0,0.13879999999999998,0.0,0.059,0.13879999999999998,0.027,0.0
SWE,2020,2.2808304,1.0,0.0,0.13879999999999998,0.0,0.059,0.13879999999999998,0.027,0.0
SWE,2021,2.2808304,1.0,0.0,,,,,,
SWE,2022,2.2808304,1.0,0.0,,,,,,
SWE,2023,2.2808304,1.0,0.0,,,,,,
SWZ,1970,,,,,,,,,
SWZ,1971,,,,,,,,,
SWZ,1972,,,,,,,,,
SWZ,1973,-0.17476626,0.41813296,0.58186704,,,,,,
SWZ,1974,-0.17476626,0.41813296,0.58186704,,,,,,
SWZ,1975,-0.17476626,0.41813296,0.58186704,,,,,,
SWZ,1976,-0.17476626,0.41813296,0.58186704,,,,,,
SWZ,1977,-0.17476626,0.41813296,0.58186704,,,,,,
SWZ,1978,-0.17476626,0.41813296,0.58186704,,,,,,
SWZ,1979,-0.86026204,0.255701,0.744299,,,,,,
SWZ,1980,-0.86026204,0.255701,0.744299,,,,,,
SWZ,1981,-0.86026204,0.255701,0.744299,,,,,,
SWZ,1982,-0.17476626,0.41813296,0.58186704,,,,,,
SWZ,1983,-0.17476626,0.41813296,0.58186704,,,,,,
SWZ,1984,-0.17476626,0.41813296,0.58186704,,,,,,
SWZ,1985,-0.17476626,0.41813296,0.58186704,,,,,,
SWZ,1986,-0.17476626,0.41813296,0.58186704,,,,,,
SWZ,1987,-0.17476626,0.41813296,0.58186704,,,,,,
SWZ,1988,-0.17476626,0.41813296,0.58186704,,,,,,
SWZ,1989,-0.17476626,0.41813296,0.58186704,,,,,,
SWZ,1990,-0.17476626,0.41813296,0.58186704,,,,,,
SWZ,1991,-0.17476626,0.41813296,0.58186704,,,,,,
SWZ,1992,-0.17476626,0.41813296,0.58186704,,,,,,
SWZ,1993,-0.17476626,0.41813296,0.58186704,,,,,,
SWZ,1994,-0.17476626,0.41813296,0.58186704,,,,,,
SWZ,1995,-0.17476626,0.41813296,0.58186704,,,,,,
SWZ,1996,-1.2538762,0.16243199,0.83756804,,,,,,
SWZ,1997,-1.2538762,0.16243199,0.83756804,,,,,,
SWZ,1998,-1.2538762,0.16243199,0.83756804,,,,,,
SWZ,1999,-1.2538762,0.16243199,0.83756804,,,,,,
SWZ,2000,-1.2538762,0.16243199,0.83756804,,,,,,
SWZ,2001,-1.2538762,0.16243199,0.83756804,,,,,,
SWZ,2002,-1.2538762,0.16243199,0.83756804,,,,,,
SWZ,2003,-1.2538762,0.16243199,0.83756804,,,,,,
SWZ,2004,-1.2538762,0.16243199,0.83756804,,,,,,
SWZ,2005,-1.2538762,0.16243199,0.83756804,,,,,,
SWZ,2006,-1.2538762,0.16243199,0.83756804,,,,,,
SWZ,2007,-1.2538762,0.16243199,0.83756804,,,,,,
SWZ,2008,-1.2538762,0.16243199,0.83756804,,,,,,
SWZ,2009,-1.2538762,0.16243199,0.83756804,,,,,,
SWZ,2010,-1.2538762,0.16243199,0.83756804,,,,,,
SWZ,2011,-1.2538762,0.16243199,0.83756804,,,,,,
SWZ,2012,-1.2538762,0.16243199,0.83756804,,,,,,
SWZ,2013,-1.2538762,0.16243199,0.83756804,,,,,,
SWZ,2014,-1.2538762,0.16243199,0.83756804,,,,,,
SWZ,2015,-1.2538762,0.16243199,0.83756804,,,,,,
SWZ,2016,-1.2538762,0.16243199,0.83756804,,,,,,
SWZ,2017,-1.2538762,0.16243199,0.83756804,,,,,,
SWZ,2018,-1.2538762,0.16243199,0.83756804,,,,,,
SWZ,2019,-1.2538762,0.16243199,0.83756804,,,,,,
SWZ,2020,-1.2538762,0.16243199,0.83756804,,,,,,
SWZ,2021,-1.2538762,0.16243199,0.83756804,,,,,,
SWZ,2022,-1.2538762,0.16243199,0.83756804,,,,,,
SWZ,2023,-1.2538762,0.16243199,0.83756804,,,,,,
SYC,1970,,,,,,,,,
SYC,1971,,,,,,,,,
SYC,1972,,,,,,,,,
SYC,1973,,,,,,,,,
SYC,1974,,,,,,,,,
SYC,1975,,,,,,,,,
SYC,1976,,,,,,,,,
SYC,1977,,,,,,,,,
SYC,1978,,,,,,,,,
SYC,1979,,,,,,,,,
SYC,1980,,,,,,,,,
SYC,1981,2.2808304,1.0,0.0,,,,,,
SYC,1982,2.2808304,1.0,0.0,,,,,,
SYC,1983,2.2808304,1.0,0.0,,,,,,
SYC,1984,2.2808304,1.0,0.0,,,,,,
SYC,1985,2.2808304,1.0,0.0,,,,,,
SYC,1986,2.2808304,1.0,0.0,,,,,,
SYC,1987,2.2808304,1.0,0.0,,,,,,
SYC,1988,2.2808304,1.0,0.0,,,,,,
SYC,1989,2.2808304,1.0,0.0,,,,,,
SYC,1990,2.2808304,1.0,0.0,,,,,,
SYC,1991,2.2808304,1.0,0.0,,,,,,
SYC,1992,2.2808304,1.0,0.0,,,,,,
SYC,1993,1.0840957,0.7164272,0.2835728,,,,,,
SYC,1994,1.0840957,0.7164272,0.2835728,,,,,,
SYC,1995,1.0840957,0.7164272,0.2835728,,,,,,
SYC,1996,0.8323233,0.6567683,0.34323168,,,,,,
SYC,1997,0.8323233,0.6567683,0.34323168,,,,,,
SYC,1998,0.8323233,0.6567683,0.34323168,,,,,,
SYC,1999,0.8323233,0.6567683,0.34323168,,,,,,
SYC,2000,0.8323233,0.6567683,0.34323168,,,,,,
SYC,2001,1.0840957,0.7164272,0.2835728,,,,,,
SYC,2002,1.0840957,0.7164272,0.2835728,,,,,,
SYC,2003,1.0840957,0.7164272,0.2835728,,,,,,
SYC,2004,-0.24678667,0.40106735,0.5989326,,,,,,
SYC,2005,-0.24678667,0.40106735,0.5989326,,,,,,
SYC,2006,-0.24678667,0.40106735,0.5989326,,,,,,
SYC,2007,-0.24678667,0.40106735,0.5989326,,,,,,
SYC,2008,2.029058,0.9403412,0.059658825,,,,,,
SYC,2009,2.2808304,1.0,0.0,,,,,,
SYC,2010,2.2808304,1.0,0.0,,,,,,
SYC,2011,2.2808304,1.0,0.0,,,,,,
SYC,2012,2.2808304,1.0,0.0,,,,,,
SYC,2013,2.2808304,1.0,0.0,,,,,,
SYC,2014,2.2808304,1.0,0.0,,,,,,
SYC,2015,2.2808304,1.0,0.0,,,,,,
SYC,2016,2.2808304,1.0,0.0,,,,,,
SYC,2017,2.2808304,1.0,0.0,,,,,,
SYC,2018,2.2808304,1.0,0.0,,,,,,
SYC,2019,2.2808304,1.0,0.0,,,,,,
SYC,2020,2.2808304,1.0,0.0,,,,,,
SYC,2021,2.2808304,1.0,0.0,,,,,,
SYC,2022,2.2808304,1.0,0.0,,,,,,
SYC,2023,2.2808304,1.0,0.0,,,,,,
SYR,1970,-1.9393721,0.0,1.0,,,,,,
SYR,1971,-1.9393721,0.0,1.0,,,,,,
SYR,1972,-1.9393721,0.0,1.0,,,,,,
SYR,1973,-1.2538762,0.16243199,0.83756804,,,,,,
SYR,1974,-1.2538762,0.16243199,0.83756804,,,,,,
SYR,1975,-1.9393721,0.0,1.0,,,,,,
SYR,1976,-1.9393721,0.0,1.0,,,,,,
SYR,1977,-1.9393721,0.0,1.0,,,,,,
SYR,1978,-1.2538762,0.16243199,0.83756804,,,,,,
SYR,1979,-1.9393721,0.0,1.0,,,,,,
SYR,1980,-1.9393721,0.0,1.0,,,,,,
SYR,1981,-1.9393721,0.0,1.0,,,,,,
SYR,1982,-1.9393721,0.0,1.0,,,,,,
SYR,1983,-1.9393721,0.0,1.0,,,,,,
SYR,1984,-1.9393721,0.0,1.0,,,,,,
SYR,1985,-1.9393721,0.0,1.0,,,,,,
SYR,1986,-1.9393721,0.0,1.0,,,,,,
SYR,1987,-1.9393721,0.0,1.0,,,,,,
SYR,1988,-1.9393721,0.0,1.0,,,,,,
SYR,1989,-1.9393721,0.0,1.0,,,,,,
SYR,1990,-1.9393721,0.0,1.0,,,,,,
SYR,1991,-1.9393721,0.0,1.0,,,,,,
SYR,1992,-1.9393721,0.0,1.0,,,,,,
SYR,1993,-1.9393721,0.0,1.0,,,,,,
SYR,1994,-1.9393721,0.0,1.0,,,,,,
SYR,1995,-1.9393721,0.0,1.0,,,,,,
SYR,1996,-1.9393721,0.0,1.0,,,,,,
SYR,1997,-1.9393721,0.0,1.0,,,,,,
SYR,1998,-1.9393721,0.0,1.0,,,,,,
SYR,1999,-1.9393721,0.0,1.0,,,,,,
SYR,2000,-1.9393721,0.0,1.0,,,,,,
SYR,2001,-1.9393721,0.0,1.0,,,,,,
SYR,2002,-1.9393721,0.0,1.0,,,,,,
SYR,2003,-1.9393721,0.0,1.0,,,,,,
SYR,2004,-1.9393721,0.0,1.0,,,,,,
SYR,2005,-1.9393721,0.0,1.0,,,,,,
SYR,2006,-1.9393721,0.0,1.0,,,,,,
SYR,2007,-1.9393721,0.0,1.0,,,,,,
SYR,2008,-1.9393721,0.0,1.0,,,,,,
SYR,2009,-1.9393721,0.0,1.0,,,,,,
SYR,2010,-1.9393721,0.0,1.0,,,,,,
SYR,2011,-1.9393721,0.0,1.0,,,,,,
SYR,2012,-1.9393721,0.0,1.0,,,,,,
SYR,2013,-1.9393721,0.0,1.0,,,,,,
SYR,2014,-1.9393721,0.0,1.0,,,,,,
SYR,2015,-1.9393721,0.0,1.0,,,,,,
SYR,2016,-1.9393721,0.0,1.0,,,,,,
SYR,2017,-1.9393721,0.0,1.0,,,,,,
SYR,2018,-1.9393721,0.0,1.0,,,,,,
SYR,2019,-1.9393721,0.0,1.0,,,,,,
SYR,2020,-1.9393721,0.0,1.0,,,,,,
SYR,2021,-1.9393721,0.0,1.0,,,,,,
SYR,2022,-1.9393721,0.0,1.0,,,,,,
SYR,2023,-1.9393721,0.0,1.0,,,,,,
TCD,1970,-1.0021038,0.22209083,0.77790916,,,,,,
TCD,1971,-1.6875997,0.059658844,0.9403412,,,,,,
TCD,1972,-0.86026204,0.255701,0.744299,,,,,,
TCD,1973,-0.86026204,0.255701,0.744299,,,,,,
TCD,1974,-0.17476626,0.41813296,0.58186704,,,,,,
TCD,1975,-0.17476626,0.41813296,0.58186704,,,,,,
TCD,1976,-0.17476626,0.41813296,0.58186704,,,,,,
TCD,1977,-0.17476626,0.41813296,0.58186704,,,,,,
TCD,1978,-0.17476626,0.41813296,0.58186704,,,,,,
TCD,1979,-1.2538762,0.16243199,0.83756804,,,,,,
TCD,1980,-1.2538762,0.16243199,0.83756804,,,,,,
TCD,1981,-1.2538762,0.16243199,0.83756804,,,,,,
TCD,1982,-1.2538762,0.16243199,0.83756804,,,,,,
TCD,1983,-1.2538762,0.16243199,0.83756804,,,,,,
TCD,1984,-1.2538762,0.16243199,0.83756804,,,,,,
TCD,1985,-1.2538762,0.16243199,0.83756804,,,,,,
TCD,1986,-1.2538762,0.16243199,0.83756804,,,,,,
TCD,1987,-1.2538762,0.16243199,0.83756804,,,,,,
TCD,1988,-1.2538762,0.16243199,0.83756804,,,,,,
TCD,1989,-1.2538762,0.16243199,0.83756804,,,,,,
TCD,1990,-1.2538762,0.16243199,0.83756804,,,,,,
TCD,1991,-1.2538762,0.16243199,0.83756804,,,,,,
TCD,1992,-1.2538762,0.16243199,0.83756804,,,,,,
TCD,1993,-0.17476626,0.41813296,0.58186704,,,,,,
TCD,1994,-0.17476626,0.41813296,0.58186704,,,,,,
TCD,1995,-0.17476626,0.41813296,0.58186704,,,,,,
TCD,1996,-1.2538762,0.16243199,0.83756804,,,,,,
TCD,1997,-1.2538762,0.16243199,0.83756804,,,,,,
TCD,1998,-1.2538762,0.16243199,0.83756804,,,,,,
TCD,1999,-1.2538762,0.16243199,0.83756804,,,,,,
TCD,2000,-1.2538762,0.16243199,0.83756804,,,,,,
TCD,2001,-1.2538762,0.16243199,0.83756804,,,,,,
TCD,2002,-1.2538762,0.16243199,0.83756804,,,,,,
TCD,2003,-1.2538762,0.16243199,0.83756804,,,,,,
TCD,2004,-1.2538762,0.16243199,0.83756804,,,,,,
TCD,2005,-1.2538762,0.16243199,0.83756804,,,,,,
TCD,2006,-1.2538762,0.16243199,0.83756804,,,,,,
TCD,2007,-1.2538762,0.16243199,0.83756804,,,,,,
TCD,2008,-1.2538762,0.16243199,0.83756804,,,,,,
TCD,2009,-1.2538762,0.16243199,0.83756804,,,,,,
TCD,2010,-1.2538762,0.16243199,0.83756804,,,,,,
TCD,2011,-1.2538762,0.16243199,0.83756804,,,,,,
TCD,2012,-1.2538762,0.16243199,0.83756804,,,,,,
TCD,2013,-1.2538762,0.16243199,0.83756804,,,,,,
TCD,2014,-1.2538762,0.16243199,0.83756804,,,,,,
TCD,2015,-1.2538762,0.16243199,0.83756804,,,,,,
TCD,2016,-1.2538762,0.16243199,0.83756804,,,,,,
TCD,2017,-1.2538762,0.16243199,0.83756804,,,,,,
TCD,2018,-1.2538762,0.16243199,0.83756804,,,,,,
TCD,2019,-1.2538762,0.16243199,0.83756804,,,,,,
TCD,2020,-1.2538762,0.16243199,0.83756804,,,,,,
TCD,2021,-1.2538762,0.16243199,0.83756804,,,,,,
TCD,2022,-1.2538762,0.16243199,0.83756804,,,,,,
TCD,2023,-1.2538762,0.16243199,0.83756804,,,,,,
TGO,1970,-1.0021038,0.22209083,0.77790916,,,,,,
TGO,1971,-1.6875997,0.059658844,0.9403412,,,,,,
TGO,1972,-0.86026204,0.255701,0.744299,,,,,,
TGO,1973,-0.86026204,0.255701,0.744299,,,,,,
TGO,1974,-0.17476626,0.41813296,0.58186704,,,,,,
TGO,1975,-0.17476626,0.41813296,0.58186704,,,,,,
TGO,1976,-0.17476626,0.41813296,0.58186704,,,,,,
TGO,1977,-0.17476626,0.41813296,0.58186704,,,,,,
TGO,1978,-0.17476626,0.41813296,0.58186704,,,,,,
TGO,1979,-1.2538762,0.16243199,0.83756804,,,,,,
TGO,1980,-1.2538762,0.16243199,0.83756804,,,,,,
TGO,1981,-1.2538762,0.16243199,0.83756804,,,,,,
TGO,1982,-1.2538762,0.16243199,0.83756804,,,,,,
TGO,1983,-1.2538762,0.16243199,0.83756804,,,,,,
TGO,1984,-1.2538762,0.16243199,0.83756804,,,,,,
TGO,1985,-1.2538762,0.16243199,0.83756804,,,,,,
TGO,1986,-1.2538762,0.16243199,0.83756804,,,,,,
TGO,1987,-1.2538762,0.16243199,0.83756804,,,,,,
TGO,1988,-1.2538762,0.16243199,0.83756804,,,,,,
TGO,1989,-1.2538762,0.16243199,0.83756804,,,,,,
TGO,1990,-1.2538762,0.16243199,0.83756804,,,,,,
TGO,1991,-1.2538762,0.16243199,0.83756804,,,,,,
TGO,1992,-1.2538762,0.16243199,0.83756804,,,,,,
TGO,1993,-1.2538762,0.16243199,0.83756804,,,,,,
TGO,1994,-1.2538762,0.16243199,0.83756804,,,,,,
TGO,1995,-1.2538762,0.16243199,0.83756804,,,,,,
TGO,1996,-1.2538762,0.16243199,0.83756804,,,,,,
TGO,1997,-1.2538762,0.16243199,0.83756804,,,,,,
TGO,1998,-1.2538762,0.16243199,0.83756804,,,,,,
TGO,1999,-1.2538762,0.16243199,0.83756804,,,,,,
TGO,2000,-1.2538762,0.16243199,0.83756804,,,,,,
TGO,2001,-1.2538762,0.16243199,0.83756804,,,,,,
TGO,2002,-1.2538762,0.16243199,0.83756804,,,,,,
TGO,2003,-1.2538762,0.16243199,0.83756804,,,,,,
TGO,2004,-1.2538762,0.16243199,0.83756804,,,,,,
TGO,2005,-1.2538762,0.16243199,0.83756804,,,,,,
TGO,2006,-1.2538762,0.16243199,0.83756804,,,,,,
TGO,2007,-1.2538762,0.16243199,0.83756804,,,,,,
TGO,2008,-1.2538762,0.16243199,0.83756804,,,,,,
TGO,2009,-1.2538762,0.16243199,0.83756804,,,,,,
TGO,2010,-1.2538762,0.16243199,0.83756804,,,,,,
TGO,2011,-1.2538762,0.16243199,0.83756804,,,,,,
TGO,2012,-1.2538762,0.16243199,0.83756804,,,,,,
TGO,2013,-1.2538762,0.16243199,0.83756804,,,,,,
TGO,2014,-1.2538762,0.16243199,0.83756804,,,,,,
TGO,2015,-1.2538762,0.16243199,0.83756804,,,,,,
TGO,2016,-1.2538762,0.16243199,0.83756804,,,,,,
TGO,2017,-1.2538762,0.16243199,0.83756804,,,,,,
TGO,2018,-1.2538762,0.16243199,0.83756804,,,,,,
TGO,2019,-1.2538762,0.16243199,0.83756804,,,,,,
TGO,2020,-1.2538762,0.16243199,0.83756804,,,,,,
TGO,2021,-1.2538762,0.16243199,0.83756804,,,,,,
TGO,2022,-1.2538762,0.16243199,0.83756804,,,,,,
TGO,2023,-1.2538762,0.16243199,0.83756804,,,,,,
THA,1970,-0.17476626,0.41813296,0.58186704,,,,,,
THA,1971,-0.17476626,0.41813296,0.58186704,,,,,,
THA,1972,-0.17476626,0.41813296,0.58186704,,,,,,
THA,1973,-0.17476626,0.41813296,0.58186704,,,,,,
THA,1974,-0.17476626,0.41813296,0.58186704,,,,,,
THA,1975,-0.17476626,0.41813296,0.58186704,,,,,,
THA,1976,-0.17476626,0.41813296,0.58186704,,,,,,
THA,1977,-0.17476626,0.41813296,0.58186704,,,,,,
THA,1978,-0.17476626,0.41813296,0.58186704,,,,,,
THA,1979,-0.17476626,0.41813296,0.58186704,,,,,,
THA,1980,-0.17476626,0.41813296,0.58186704,,,,,,
THA,1981,-0.17476626,0.41813296,0.58186704,,,,,,
THA,1982,-0.17476626,0.41813296,0.58186704,,,,,,
THA,1983,-0.17476626,0.41813296,0.58186704,,,,,,
THA,1984,-0.17476626,0.41813296,0.58186704,,,,,,
THA,1985,-0.17476626,0.41813296,0.58186704,,,,,,
THA,1986,-0.17476626,0.41813296,0.58186704,,,,,,
THA,1987,-0.17476626,0.41813296,0.58186704,,,,,,
THA,1988,-0.17476626,0.41813296,0.58186704,,,,,,
THA,1989,-0.17476626,0.41813296,0.58186704,,,,,,
THA,1990,-0.17476626,0.41813296,0.58186704,,,,,,
THA,1991,-0.17476626,0.41813296,0.58186704,,,,,,
THA,1992,-0.17476626,0.41813296,0.58186704,,,,,,
THA,1993,-0.17476626,0.41813296,0.58186704,,,,,,
THA,1994,-0.17476626,0.41813296,0.58186704,,,,,,
THA,1995,-0.17476626,0.41813296,0.58186704,,,,,,
THA,1996,-0.17476626,0.41813296,0.58186704,,,,,,
THA,1997,-0.17476626,0.41813296,0.58186704,0.3286,0.175,0.366,0.15360000000000001,0.038,0.0
THA,1998,-0.17476626,0.41813296,0.58186704,0.34326666666666666,0.16099999999999998,0.35416666666666663,0.1822666666666667,0.03766666666666667,1.0
THA,1999,-0.17476626,0.41813296,0.58186704,0.3579333333333333,0.147,0.3423333333333333,0.21093333333333333,0.03733333333333333,1.0
THA,2000,-0.17476626,0.41813296,0.58186704,0.37260000000000004,0.133,0.3305,0.2396,0.037,1.0
THA,2001,-0.17476626,0.41813296,0.58186704,0.3872666666666667,0.119,0.31866666666666665,0.26826666666666665,0.03666666666666667,1.0
THA,2002,-0.17476626,0.41813296,0.58186704,0.40193333333333336,0.105,0.3068333333333333,0.2969333333333333,0.03633333333333333,1.0
THA,2003,-0.17476626,0.41813296,0.58186704,0.4166,0.091,0.295,0.3256,0.036,0.0
THA,2004,-0.17476626,0.41813296,0.58186704,0.4166,0.091,0.295,0.3256,0.036,1.0
THA,2005,-0.17476626,0.41813296,0.58186704,0.4166,0.091,0.295,0.3256,0.036,1.0
THA,2006,-0.17476626,0.41813296,0.58186704,0.4166,0.091,0.295,0.3256,0.036,0.0
THA,2007,-1.2538762,0.16243199,0.83756804,0.41695000000000004,0.091,0.29525,0.32594999999999996,0.036,1.0
THA,2008,-0.17476626,0.41813296,0.58186704,0.4173,0.091,0.2955,0.3263,0.036,1.0
THA,2009,-1.2538762,0.16243199,0.83756804,0.41764999999999997,0.091,0.29574999999999996,0.32665,0.036,1.0
THA,2010,-1.2538762,0.16243199,0.83756804,0.418,0.091,0.296,0.32699999999999996,0.036,0.0
THA,2011,-1.2538762,0.16243199,0.83756804,0.418,0.091,0.296,0.32699999999999996,0.036,0.0
THA,2012,-1.2538762,0.16243199,0.83756804,0.418,0.091,0.296,0.32699999999999996,0.036,0.0
THA,2013,-1.2538762,0.16243199,0.83756804,0.4119999999999999,0.091,0.291,0.32099999999999995,0.031,0.0
THA,2014,-1.2538762,0.16243199,0.83756804,0.4119999999999999,0.091,0.291,0.32099999999999995,0.031,0.0
THA,2015,-1.2538762,0.16243199,0.83756804,0.4119999999999999,0.091,0.291,0.32099999999999995,0.031,0.0
THA,2016,-1.2538762,0.16243199,0.83756804,0.4119999999999999,0.091,0.291,0.32099999999999995,0.031,0.0
THA,2017,-1.2538762,0.16243199,0.83756804,0.387,0.066,0.268,0.321,0.031,0.0
THA,2018,-1.2538762,0.16243199,0.83756804,0.387,0.066,0.268,0.321,0.031,0.0
THA,2019,-0.17476626,0.41813296,0.58186704,0.387,0.066,0.268,0.321,0.031,0.0
THA,2020,-0.17476626,0.41813296,0.58186704,0.387,0.066,0.268,0.321,0.031,0.0
THA,2021,-0.17476626,0.41813296,0.58186704,,,,,,
THA,2022,-0.17476626,0.41813296,0.58186704,,,,,,
THA,2023,-0.17476626,0.41813296,0.58186704,,,,,,
TJK,1970,,,,,,,,,
TJK,1971,,,,,,,,,
TJK,1972,,,,,,,,,
TJK,1973,,,,,,,,,
TJK,1974,,,,,,,,,
TJK,1975,,,,,,,,,
TJK,1976,,,,,,,,,
TJK,1977,,,,,,,,,
TJK,1978,,,,,,,,,
TJK,1979,,,,,,,,,
TJK,1980,,,,,,,,,
TJK,1981,,,,,,,,,
TJK,1982,,,,,,,,,
TJK,1983,,,,,,,,,
TJK,1984,,,,,,,,,
TJK,1985,,,,,,,,,
TJK,1986,,,,,,,,,
TJK,1987,,,,,,,,,
TJK,1988,,,,,,,,,
TJK,1989,,,,,,,,,
TJK,1990,,,,,,,,,
TJK,1991,,,,,,,,,
TJK,1992,,,,,,,,,
TJK,1993,,,,,,,,,
TJK,1994,,,,,,,,,
TJK,1995,,,,,,,,,
TJK,1996,,,,,,,,,
TJK,1997,-1.2538762,0.16243199,0.83756804,,,,,,1.0
TJK,1998,-1.2538762,0.16243199,0.83756804,,,,,,1.0
TJK,1999,-1.2538762,0.16243199,0.83756804,,,,,,1.0
TJK,2000,-1.2538762,0.16243199,0.83756804,,,,,,1.0
TJK,2001,-1.2538762,0.16243199,0.83756804,,,,,,1.0
TJK,2002,-1.2538762,0.16243199,0.83756804,,,,,,1.0
TJK,2003,-1.2538762,0.16243199,0.83756804,,,,,,1.0
TJK,2004,-1.2538762,0.16243199,0.83756804,,,,,,1.0
TJK,2005,-1.2538762,0.16243199,0.83756804,,,,,,1.0
TJK,2006,-1.2538762,0.16243199,0.83756804,,,,,,1.0
TJK,2007,-1.2538762,0.16243199,0.83756804,,,,,,1.0
TJK,2008,-0.05714153,0.4460048,0.5539952,,,,,,1.0
TJK,2009,-1.2538762,0.16243199,0.83756804,,,,,,1.0
TJK,2010,-1.2538762,0.16243199,0.83756804,,,,,,1.0
TJK,2011,-1.2538762,0.16243199,0.83756804,,,,,,1.0
TJK,2012,-1.2538762,0.16243199,0.83756804,,,,,,1.0
TJK,2013,-1.2538762,0.16243199,0.83756804,,,,,,1.0
TJK,2014,-1.2538762,0.16243199,0.83756804,,,,,,1.0
TJK,2015,-1.9393721,0.0,1.0,,,,,,1.0
TJK,2016,-1.9393721,0.0,1.0,,,,,,1.0
TJK,2017,-1.2538762,0.16243199,0.83756804,,,,,,1.0
TJK,2018,-1.0021038,0.22209083,0.77790916,,,,,,1.0
TJK,2019,-1.4358273,0.11931769,0.8806823,0.1794,0.03,0.12,0.1494,0.0,0.0
TJK,2020,-1.1840549,0.17897654,0.82102346,0.1794,0.03,0.12,0.1494,0.0,0.0
TJK,2021,-0.93228245,0.23863538,0.76136464,,,,,,
TJK,2022,-0.6805101,0.29829422,0.7017058,,,,,,
TJK,2023,-0.93228245,0.23863538,0.76136464,,,,,,
TKM,1970,,,,,,,,,
TKM,1971,,,,,,,,,
TKM,1972,,,,,,,,,
TKM,1973,,,,,,,,,
TKM,1974,,,,,,,,,
TKM,1975,,,,,,,,,
TKM,1976,,,,,,,,,
TKM,1977,,,,,,,,,
TKM,1978,,,,,,,,,
TKM,1979,,,,,,,,,
TKM,1980,,,,,,,,,
TKM,1981,,,,,,,,,
TKM,1982,,,,,,,,,
TKM,1983,,,,,,,,,
TKM,1984,,,,,,,,,
TKM,1985,,,,,,,,,
TKM,1986,,,,,,,,,
TKM,1987,,,,,,,,,
TKM,1988,,,,,,,,,
TKM,1989,,,,,,,,,
TKM,1990,,,,,,,,,
TKM,1991,,,,,,,,,
TKM,1992,,,,,,,,,
TKM,1993,,,,,,,,,
TKM,1994,,,,,,,,,
TKM,1995,,,,,,,,,
TKM,1996,-1.9393721,0.0,1.0,,,,,,
TKM,1997,-1.9393721,0.0,1.0,,,,,,
TKM,1998,-1.2538762,0.16243199,0.83756804,,,,,,
TKM,1999,-1.9393721,0.0,1.0,,,,,,
TKM,2000,-1.9393721,0.0,1.0,,,,,,
TKM,2001,-1.9393721,0.0,1.0,,,,,,
TKM,2002,-1.9393721,0.0,1.0,,,,,,
TKM,2003,-1.9393721,0.0,1.0,,,,,,
TKM,2004,-1.2538762,0.16243199,0.83756804,,,,,,
TKM,2005,-1.9393721,0.0,1.0,,,,,,
TKM,2006,-1.2538762,0.16243199,0.83756804,,,,,,
TKM,2007,-1.9393721,0.0,1.0,,,,,,
TKM,2008,-1.2538762,0.16243199,0.83756804,,,,,,
TKM,2009,-1.2538762,0.16243199,0.83756804,,,,,,
TKM,2010,-1.2538762,0.16243199,0.83756804,,,,,,
TKM,2011,-1.2538762,0.16243199,0.83756804,,,,,,
TKM,2012,-1.2538762,0.16243199,0.83756804,,,,,,
TKM,2013,-1.2538762,0.16243199,0.83756804,,,,,,
TKM,2014,-1.2538762,0.16243199,0.83756804,,,,,,
TKM,2015,-1.2538762,0.16243199,0.83756804,,,,,,
TKM,2016,-1.2538762,0.16243199,0.83756804,,,,,,
TKM,2017,-1.2538762,0.16243199,0.83756804,,,,,,
TKM,2018,-1.2538762,0.16243199,0.83756804,,,,,,
TKM,2019,-1.2538762,0.16243199,0.83756804,,,,,,
TKM,2020,-1.2538762,0.16243199,0.83756804,,,,,,
TKM,2021,-1.2538762,0.16243199,0.83756804,,,,,,
TKM,2022,-1.2538762,0.16243199,0.83756804,,,,,,
TKM,2023,-1.2538762,0.16243199,0.83756804,,,,,,
TMP,1996,,,,,,,,,
TMP,1997,,,,,,,,,
TMP,1998,,,,,,,,,
TMP,1999,,,,,,,,,
TMP,2000,,,,,,,,,
TMP,2001,,,,,,,,,
TMP,2002,,,,,,,,,
TMP,2003,,,,,,,,,
TMP,2004,,,,,,,,,
TMP,2005,,,,,,,,,
TMP,2006,,,,,,,,,
TMP,2007,,,,,,,,,
TMP,2008,,,,,,,,,
TMP,2009,,,,,,,,,
TMP,2010,,,,,,,,,
TMP,2011,,,,,,,,,
TMP,2012,,,,,,,,,
TMP,2013,,,,,,,,,
TMP,2014,,,,,,,,,
TMP,2015,,,,,,,,,
TMP,2016,,,,,,,,,
TMP,2017,,,,,,,,,
TMP,2018,,,,,,,,,
TMP,2019,,,,,,,,,
TMP,2020,,,,,,,,,
TMP,2021,,,,,,,,,
TMP,2022,,,,,,,,,
TMP,2023,,,,,,,,,
TON,1970,,,,,,,,,
TON,1971,,,,,,,,,
TON,1972,,,,,,,,,
TON,1973,,,,,,,,,
TON,1974,,,,,,,,,
TON,1975,,,,,,,,,
TON,1976,,,,,,,,,
TON,1977,,,,,,,,,
TON,1978,,,,,,,,,
TON,1979,,,,,,,,,
TON,1980,,,,,,,,,
TON,1981,,,,,,,,,
TON,1982,,,,,,,,,
TON,1983,,,,,,,,,
TON,1984,,,,,,,,,
TON,1985,,,,,,,,,
TON,1986,,,,,,,,,
TON,1987,,,,,,,,,
TON,1988,,,,,,,,,
TON,1989,-0.17476626,0.41813296,0.58186704,,,,,,
TON,1990,-0.17476626,0.41813296,0.58186704,,,,,,
TON,1991,-0.17476626,0.41813296,0.58186704,,,,,,
TON,1992,-0.17476626,0.41813296,0.58186704,,,,,,
TON,1993,1.0219685,0.7017058,0.2982942,,,,,,
TON,1994,0.07700613,0.47779182,0.5222082,,,,,,
TON,1995,0.07700613,0.47779182,0.5222082,,,,,,
TON,1996,-1.0021038,0.22209083,0.77790916,,,,,,
TON,1997,-0.75033146,0.28174967,0.71825033,,,,,,
TON,1998,-0.49855903,0.34140852,0.6585915,,,,,,
TON,1999,-0.49855903,0.34140852,0.6585915,,,,,,
TON,2000,-0.49855903,0.34140852,0.6585915,,,,,,
TON,2001,-0.49855903,0.34140852,0.6585915,,,,,,
TON,2002,-0.75033146,0.28174967,0.71825033,,,,,,
TON,2003,-1.0021038,0.22209083,0.77790916,,,,,,
TON,2004,-1.2538762,0.16243199,0.83756804,,,,,,
TON,2005,-1.2538762,0.16243199,0.83756804,,,,,,
TON,2006,-1.2538762,0.16243199,0.83756804,,,,,,
TON,2007,-1.2538762,0.16243199,0.83756804,,,,,,
TON,2008,-0.05714153,0.4460048,0.5539952,,,,,,
TON,2009,-0.05714153,0.4460048,0.5539952,,,,,,
TON,2010,-0.05714153,0.4460048,0.5539952,,,,,,
TON,2011,-0.05714153,0.4460048,0.5539952,,,,,,
TON,2012,-0.05714153,0.4460048,0.5539952,,,,,,
TON,2013,-0.05714153,0.4460048,0.5539952,,,,,,
TON,2014,-0.05714153,0.4460048,0.5539952,,,,,,
TON,2015,-0.05714153,0.4460048,0.5539952,,,,,,
TON,2016,-0.05714153,0.4460048,0.5539952,,,,,,
TON,2017,-0.05714153,0.4460048,0.5539952,,,,,,
TON,2018,-1.2538762,0.16243199,0.83756804,,,,,,
TON,2019,-1.2538762,0.16243199,0.83756804,,,,,,
TON,2020,-1.2538762,0.16243199,0.83756804,,,,,,
TON,2021,-1.2538762,0.16243199,0.83756804,,,,,,
TON,2022,-1.2538762,0.16243199,0.83756804,,,,,,
TON,2023,-1.2538762,0.16243199,0.83756804,,,,,,
TTO,1970,-0.17476626,0.41813296,0.58186704,,,,,,
TTO,1971,-0.17476626,0.41813296,0.58186704,,,,,,
TTO,1972,-0.17476626,0.41813296,0.58186704,,,,,,
TTO,1973,-0.17476626,0.41813296,0.58186704,,,,,,
TTO,1974,-0.17476626,0.41813296,0.58186704,,,,,,
TTO,1975,-0.17476626,0.41813296,0.58186704,,,,,,
TTO,1976,-0.17476626,0.41813296,0.58186704,,,,,,
TTO,1977,-0.17476626,0.41813296,0.58186704,,,,,,
TTO,1978,-0.17476626,0.41813296,0.58186704,,,,,,
TTO,1979,-0.17476626,0.41813296,0.58186704,,,,,,
TTO,1980,-0.17476626,0.41813296,0.58186704,,,,,,
TTO,1981,-0.17476626,0.41813296,0.58186704,,,,,,
TTO,1982,-1.2538762,0.16243199,0.83756804,,,,,,
TTO,1983,-1.2538762,0.16243199,0.83756804,,,,,,
TTO,1984,-1.2538762,0.16243199,0.83756804,,,,,,
TTO,1985,-1.2538762,0.16243199,0.83756804,,,,,,
TTO,1986,-1.2538762,0.16243199,0.83756804,,,,,,
TTO,1987,-1.2538762,0.16243199,0.83756804,,,,,,
TTO,1988,-1.2538762,0.16243199,0.83756804,,,,,,
TTO,1989,-1.2538762,0.16243199,0.83756804,,,,,,
TTO,1990,-1.2538762,0.16243199,0.83756804,,,,,,
TTO,1991,-1.2538762,0.16243199,0.83756804,,,,,,
TTO,1992,-0.17476626,0.41813296,0.58186704,,,,,,
TTO,1993,1.0219685,0.7017058,0.2982942,,,,,,
TTO,1994,1.2737408,0.76136464,0.23863536,,,,,,
TTO,1995,1.5255132,0.82102346,0.17897654,,,,,,
TTO,1996,1.7772856,0.8806823,0.11931771,,,,,,
TTO,1997,2.029058,0.9403412,0.059658825,,,,,,
TTO,1998,2.2808304,1.0,0.0,,,,,,
TTO,1999,2.2808304,1.0,0.0,,,,,,
TTO,2000,2.2808304,1.0,0.0,,,,,,
TTO,2001,2.2808304,1.0,0.0,,,,,,
TTO,2002,2.2808304,1.0,0.0,,,,,,
TTO,2003,2.2808304,1.0,0.0,,,,,,
TTO,2004,2.2808304,1.0,0.0,,,,,,
TTO,2005,2.2808304,1.0,0.0,,,,,,
TTO,2006,2.2808304,1.0,0.0,,,,,,
TTO,2007,2.2808304,1.0,0.0,,,,,,
TTO,2008,2.2808304,1.0,0.0,,,,,,
TTO,2009,2.2808304,1.0,0.0,,,,,,
TTO,2010,2.2808304,1.0,0.0,,,,,,
TTO,2011,2.2808304,1.0,0.0,,,,,,
TTO,2012,2.2808304,1.0,0.0,,,,,,
TTO,2013,2.2808304,1.0,0.0,,,,,,
TTO,2014,2.2808304,1.0,0.0,,,,,,
TTO,2015,2.2808304,1.0,0.0,,,,,,
TTO,2016,2.2808304,1.0,0.0,,,,,,
TTO,2017,1.5953345,0.83756804,0.16243196,,,,,,
TTO,2018,1.5953345,0.83756804,0.16243196,,,,,,
TTO,2019,1.5953345,0.83756804,0.16243196,,,,,,
TTO,2020,1.5953345,0.83756804,0.16243196,,,,,,
TTO,2021,1.3435621,0.77790916,0.22209084,,,,,,
TTO,2022,1.0917898,0.71825033,0.28174967,,,,,,
TTO,2023,0.8400174,0.6585915,0.3414085,,,,,,
TUN,1970,-1.2538762,0.16243199,0.83756804,,,,,,
TUN,1971,-1.2538762,0.16243199,0.83756804,,,,,,
TUN,1972,-1.2538762,0.16243199,0.83756804,,,,,,
TUN,1973,-1.2538762,0.16243199,0.83756804,,,,,,
TUN,1974,-1.2538762,0.16243199,0.83756804,,,,,,
TUN,1975,-1.2538762,0.16243199,0.83756804,,,,,,
TUN,1976,-1.2538762,0.16243199,0.83756804,,,,,,
TUN,1977,-1.2538762,0.16243199,0.83756804,,,,,,
TUN,1978,-1.2538762,0.16243199,0.83756804,,,,,,
TUN,1979,-1.2538762,0.16243199,0.83756804,,,,,,
TUN,1980,-1.2538762,0.16243199,0.83756804,,,,,,
TUN,1981,-1.2538762,0.16243199,0.83756804,,,,,,
TUN,1982,-1.2538762,0.16243199,0.83756804,,,,,,
TUN,1983,-1.2538762,0.16243199,0.83756804,,,,,,
TUN,1984,-1.2538762,0.16243199,0.83756804,,,,,,
TUN,1985,-1.2538762,0.16243199,0.83756804,,,,,,
TUN,1986,-1.2538762,0.16243199,0.83756804,,,,,,
TUN,1987,-1.2538762,0.16243199,0.83756804,,,,,,
TUN,1988,-1.2538762,0.16243199,0.83756804,,,,,,
TUN,1989,-1.2538762,0.16243199,0.83756804,,,,,,
TUN,1990,-1.2538762,0.16243199,0.83756804,,,,,,
TUN,1991,-1.2538762,0.16243199,0.83756804,,,,,,
TUN,1992,-0.17476626,0.41813296,0.58186704,,,,,,
TUN,1993,-0.17476626,0.41813296,0.58186704,,,,,,
TUN,1994,-0.17476626,0.41813296,0.58186704,,,,,,
TUN,1995,-0.17476626,0.41813296,0.58186704,,,,,,
TUN,1996,-1.2538762,0.16243199,0.83756804,,,,,,
TUN,1997,-1.2538762,0.16243199,0.83756804,,,,,,1.0
TUN,1998,-1.2538762,0.16243199,0.83756804,,,,,,1.0
TUN,1999,-1.2538762,0.16243199,0.83756804,,,,,,1.0
TUN,2000,-1.2538762,0.16243199,0.83756804,,,,,,1.0
TUN,2001,-1.2538762,0.16243199,0.83756804,,,,,,1.0
TUN,2002,-1.2538762,0.16243199,0.83756804,,,,,,1.0
TUN,2003,-1.2538762,0.16243199,0.83756804,,,,,,1.0
TUN,2004,-1.2538762,0.16243199,0.83756804,,,,,,1.0
TUN,2005,-1.2538762,0.16243199,0.83756804,,,,,,1.0
TUN,2006,-1.2538762,0.16243199,0.83756804,,,,,,1.0
TUN,2007,-1.2538762,0.16243199,0.83756804,,,,,,1.0
TUN,2008,-1.2538762,0.16243199,0.83756804,,,,,,1.0
TUN,2009,-1.2538762,0.16243199,0.83756804,,,,,,1.0
TUN,2010,-1.2538762,0.16243199,0.83756804,0.2334,0.05,0.205,0.1834,0.073,0.0
TUN,2011,-1.2538762,0.16243199,0.83756804,0.2334,0.05,0.205,0.1834,0.073,0.0
TUN,2012,-1.2538762,0.16243199,0.83756804,0.2334,0.05,0.205,0.1834,0.073,0.0
TUN,2013,-1.2538762,0.16243199,0.83756804,0.2334,0.05,0.205,0.1834,0.073,0.0
TUN,2014,-1.2538762,0.16243199,0.83756804,0.2334,0.05,0.205,0.1834,0.073,0.0
TUN,2015,-1.2538762,0.16243199,0.83756804,0.2334,0.05,0.205,0.1834,0.073,0.0
TUN,2016,-1.2538762,0.16243199,0.83756804,0.2334,0.05,0.205,0.1834,0.073,0.0
TUN,2017,-1.2538762,0.16243199,0.83756804,0.2234,0.0,0.178,0.2234,0.047,0.0
TUN,2018,-1.2538762,0.16243199,0.83756804,0.2234,0.0,0.178,0.2234,0.047,0.0
TUN,2019,-1.2538762,0.16243199,0.83756804,0.2234,0.0,0.174,0.2234,0.042,0.0
TUN,2020,-1.2538762,0.16243199,0.83756804,0.2234,0.0,0.174,0.2234,0.042,0.0
TUN,2021,-1.2538762,0.16243199,0.83756804,,,,,,
TUN,2022,-1.2538762,0.16243199,0.83756804,,,,,,
TUN,2023,-1.2538762,0.16243199,0.83756804,,,,,,
TUR,1970,-1.2538762,0.16243199,0.83756804,,,,,,
TUR,1971,-1.2538762,0.16243199,0.83756804,,,,,,
TUR,1972,-1.2538762,0.16243199,0.83756804,,,,,,
TUR,1973,-1.9393721,0.0,1.0,,,,,,
TUR,1974,-1.2538762,0.16243199,0.83756804,,,,,,
TUR,1975,-1.2538762,0.16243199,0.83756804,,,,,,
TUR,1976,-1.2538762,0.16243199,0.83756804,,,,,,
TUR,1977,-1.9393721,0.0,1.0,,,,,,
TUR,1978,-1.9393721,0.0,1.0,,,,,,
TUR,1979,-1.9393721,0.0,1.0,,,,,,
TUR,1980,-1.9393721,0.0,1.0,,,,,,
TUR,1981,-1.9393721,0.0,1.0,,,,,,
TUR,1982,-1.2538762,0.16243199,0.83756804,,,,,,
TUR,1983,-1.2538762,0.16243199,0.83756804,,,,,,
TUR,1984,-1.2538762,0.16243199,0.83756804,,,,,,
TUR,1985,-1.2538762,0.16243199,0.83756804,,,,,,
TUR,1986,-1.2538762,0.16243199,0.83756804,,,,,,
TUR,1987,-1.2538762,0.16243199,0.83756804,,,,,,
TUR,1988,-1.2538762,0.16243199,0.83756804,,,,,,
TUR,1989,-0.17476626,0.41813296,0.58186704,,,,,,
TUR,1990,-0.17476626,0.41813296,0.58186704,,,,,,
TUR,1991,-0.17476626,0.41813296,0.58186704,,,,,,
TUR,1992,-0.17476626,0.41813296,0.58186704,,,,,,
TUR,1993,-0.17476626,0.41813296,0.58186704,,,,,,
TUR,1994,-0.17476626,0.41813296,0.58186704,,,,,,
TUR,1995,-0.17476626,0.41813296,0.58186704,,,,,,
TUR,1996,-1.2538762,0.16243199,0.83756804,,,,,,
TUR,1997,-1.2538762,0.16243199,0.83756804,0.3416,0.2,0.283,0.1416,0.2,0.0
TUR,1998,-1.2538762,0.16243199,0.83756804,0.3416,0.2,0.283,0.1416,0.2,1.0
TUR,1999,-1.2538762,0.16243199,0.83756804,0.3416,0.2,0.283,0.1416,0.2,1.0
TUR,2000,-1.2538762,0.16243199,0.83756804,0.3416,0.2,0.283,0.1416,0.2,1.0
TUR,2001,-1.2538762,0.16243199,0.83756804,0.3416,0.2,0.283,0.1416,0.2,1.0
TUR,2002,-1.2538762,0.16243199,0.83756804,0.3416,0.2,0.283,0.1416,0.2,1.0
TUR,2003,-1.2538762,0.16243199,0.83756804,0.3416,0.2,0.283,0.1416,0.2,0.0
TUR,2004,-1.2538762,0.16243199,0.83756804,0.27626666666666666,0.148,0.22366666666666665,0.12826666666666667,0.138,1.0
TUR,2005,-1.2538762,0.16243199,0.83756804,0.21093333333333333,0.09599999999999999,0.16433333333333333,0.11493333333333335,0.07600000000000001,1.0
TUR,2006,-1.2538762,0.16243199,0.83756804,0.1456,0.044,0.105,0.10160000000000001,0.014,0.0
TUR,2007,-1.2538762,0.16243199,0.83756804,0.14085,0.033,0.09925,0.10785,0.0105,1.0
TUR,2008,-0.05714153,0.4460048,0.5539952,0.1361,0.022,0.0935,0.11410000000000001,0.007,1.0
TUR,2009,-0.05714153,0.4460048,0.5539952,0.13135,0.010999999999999996,0.08775,0.12035,0.0034999999999999996,1.0
TUR,2010,-0.05714153,0.4460048,0.5539952,0.1266,0.0,0.082,0.1266,0.0,0.0
TUR,2011,-0.05714153,0.4460048,0.5539952,0.1166,0.0,0.08,0.1166,0.0,0.0
TUR,2012,-0.05714153,0.4460048,0.5539952,0.1166,0.0,0.059,0.1166,0.0,0.0
TUR,2013,-0.05714153,0.4460048,0.5539952,0.1166,0.0,0.059,0.1166,0.0,0.0
TUR,2014,-0.05714153,0.4460048,0.5539952,0.1166,0.0,0.059,0.1166,0.0,0.0
TUR,2015,-0.05714153,0.4460048,0.5539952,0.1166,0.0,0.059,0.1166,0.0,0.0
TUR,2016,-0.05714153,0.4460048,0.5539952,0.1166,0.0,0.059,0.1166,0.0,0.0
TUR,2017,-0.05714153,0.4460048,0.5539952,0.1166,0.0,0.059,0.1166,0.0,0.0
TUR,2018,-1.2538762,0.16243199,0.83756804,0.1166,0.0,0.059,0.1166,0.0,0.0
TUR,2019,-1.2538762,0.16243199,0.83756804,0.1166,0.0,0.059,0.1166,0.0,0.0
TUR,2020,-1.2538762,0.16243199,0.83756804,0.1166,0.0,0.059,0.1166,0.0,0.0
TUR,2021,-1.2538762,0.16243199,0.83756804,,,,,,
TUR,2022,-1.2538762,0.16243199,0.83756804,,,,,,
TUR,2023,-1.2538762,0.16243199,0.83756804,,,,,,
TZA,1970,-1.2538762,0.16243199,0.83756804,,,,,,
TZA,1971,-1.2538762,0.16243199,0.83756804,,,,,,
TZA,1972,-1.2538762,0.16243199,0.83756804,,,,,,
TZA,1973,-1.2538762,0.16243199,0.83756804,,,,,,
TZA,1974,-1.2538762,0.16243199,0.83756804,,,,,,
TZA,1975,-1.2538762,0.16243199,0.83756804,,,,,,
TZA,1976,-1.2538762,0.16243199,0.83756804,,,,,,
TZA,1977,-1.2538762,0.16243199,0.83756804,,,,,,
TZA,1978,-1.2538762,0.16243199,0.83756804,,,,,,
TZA,1979,-1.2538762,0.16243199,0.83756804,,,,,,
TZA,1980,-1.2538762,0.16243199,0.83756804,,,,,,
TZA,1981,-1.2538762,0.16243199,0.83756804,,,,,,
TZA,1982,-1.2538762,0.16243199,0.83756804,,,,,,
TZA,1983,-1.2538762,0.16243199,0.83756804,,,,,,
TZA,1984,-1.2538762,0.16243199,0.83756804,,,,,,
TZA,1985,-1.2538762,0.16243199,0.83756804,,,,,,
TZA,1986,-1.2538762,0.16243199,0.83756804,,,,,,
TZA,1987,-1.2538762,0.16243199,0.83756804,,,,,,
TZA,1988,-1.2538762,0.16243199,0.83756804,,,,,,
TZA,1989,-1.2538762,0.16243199,0.83756804,,,,,,
TZA,1990,-1.2538762,0.16243199,0.83756804,,,,,,
TZA,1991,-1.2538762,0.16243199,0.83756804,,,,,,
TZA,1992,-1.9393721,0.0,1.0,,,,,,
TZA,1993,-0.74263734,0.28357282,0.7164272,,,,,,
TZA,1994,-0.74263734,0.28357282,0.7164272,,,,,,
TZA,1995,-0.74263734,0.28357282,0.7164272,,,,,,
TZA,1996,-1.2538762,0.16243199,0.83756804,,,,,,
TZA,1997,-1.2538762,0.16243199,0.83756804,,,,,,
TZA,1998,-1.2538762,0.16243199,0.83756804,,,,,,
TZA,1999,-1.2538762,0.16243199,0.83756804,,,,,,
TZA,2000,-1.2538762,0.16243199,0.83756804,,,,,,
TZA,2001,-1.2538762,0.16243199,0.83756804,,,,,,
TZA,2002,-1.2538762,0.16243199,0.83756804,,,,,,
TZA,2003,-1.2538762,0.16243199,0.83756804,,,,,,
TZA,2004,-1.2538762,0.16243199,0.83756804,,,,,,
TZA,2005,-1.2538762,0.16243199,0.83756804,,,,,,
TZA,2006,-1.2538762,0.16243199,0.83756804,,,,,,
TZA,2007,-1.2538762,0.16243199,0.83756804,,,,,,
TZA,2008,-1.2538762,0.16243199,0.83756804,,,,,,
TZA,2009,-1.2538762,0.16243199,0.83756804,,,,,,
TZA,2010,-1.2538762,0.16243199,0.83756804,,,,,,
TZA,2011,-1.2538762,0.16243199,0.83756804,,,,,,
TZA,2012,-1.2538762,0.16243199,0.83756804,,,,,,
TZA,2013,-1.2538762,0.16243199,0.83756804,,,,,,
TZA,2014,-1.2538762,0.16243199,0.83756804,,,,,,
TZA,2015,-1.2538762,0.16243199,0.83756804,,,,,,
TZA,2016,-1.2538762,0.16243199,0.83756804,,,,,,
TZA,2017,-1.2538762,0.16243199,0.83756804,,,,,,
TZA,2018,-1.2538762,0.16243199,0.83756804,,,,,,
TZA,2019,-1.2538762,0.16243199,0.83756804,,,,,,
TZA,2020,-1.2538762,0.16243199,0.83756804,,,,,,
TZA,2021,-1.2538762,0.16243199,0.83756804,,,,,,
TZA,2022,-1.2538762,0.16243199,0.83756804,,,,,,
TZA,2023,-1.2538762,0.16243199,0.83756804,,,,,,
UGA,1970,-1.2538762,0.16243199,0.83756804,,,,,,
UGA,1971,-1.2538762,0.16243199,0.83756804,,,,,,
UGA,1972,-1.2538762,0.16243199,0.83756804,,,,,,
UGA,1973,-1.2538762,0.16243199,0.83756804,,,,,,
UGA,1974,-1.2538762,0.16243199,0.83756804,,,,,,
UGA,1975,-1.2538762,0.16243199,0.83756804,,,,,,
UGA,1976,-1.2538762,0.16243199,0.83756804,,,,,,
UGA,1977,-1.2538762,0.16243199,0.83756804,,,,,,
UGA,1978,-1.2538762,0.16243199,0.83756804,,,,,,
UGA,1979,-1.2538762,0.16243199,0.83756804,,,,,,
UGA,1980,-1.2538762,0.16243199,0.83756804,,,,,,
UGA,1981,-1.2538762,0.16243199,0.83756804,,,,,,
UGA,1982,-1.9393721,0.0,1.0,,,,,,
UGA,1983,-1.9393721,0.0,1.0,,,,,,
UGA,1984,-1.2538762,0.16243199,0.83756804,,,,,,
UGA,1985,-1.2538762,0.16243199,0.83756804,,,,,,
UGA,1986,-1.2538762,0.16243199,0.83756804,,,,,,
UGA,1987,-1.2538762,0.16243199,0.83756804,,,,,,
UGA,1988,-1.2538762,0.16243199,0.83756804,,,,,,
UGA,1989,-1.2538762,0.16243199,0.83756804,,,,,,
UGA,1990,-1.2538762,0.16243199,0.83756804,,,,,,
UGA,1991,-1.9393721,0.0,1.0,,,,,,
UGA,1992,-1.9393721,0.0,1.0,,,,,,
UGA,1993,-1.2538762,0.16243199,0.83756804,,,,,,
UGA,1994,-0.17476626,0.41813296,0.58186704,,,,,,
UGA,1995,-0.17476626,0.41813296,0.58186704,,,,,,
UGA,1996,-0.17476626,0.41813296,0.58186704,,,,,,
UGA,1997,0.07700613,0.47779182,0.5222082,,,,,,
UGA,1998,1.5255132,0.82102346,0.17897654,,,,,,
UGA,1999,1.7772856,0.8806823,0.11931771,,,,,,
UGA,2000,2.029058,0.9403412,0.059658825,,,,,,
UGA,2001,2.2808304,1.0,0.0,,,,,,
UGA,2002,2.2808304,1.0,0.0,,,,,,
UGA,2003,2.2808304,1.0,0.0,,,,,,
UGA,2004,2.2808304,1.0,0.0,,,,,,
UGA,2005,2.2808304,1.0,0.0,,,,,,
UGA,2006,2.2808304,1.0,0.0,,,,,,
UGA,2007,2.2808304,1.0,0.0,,,,,,
UGA,2008,2.2808304,1.0,0.0,,,,,,
UGA,2009,2.2808304,1.0,0.0,,,,,,
UGA,2010,2.2808304,1.0,0.0,,,,,,
UGA,2011,2.2808304,1.0,0.0,,,,,,
UGA,2012,2.2808304,1.0,0.0,,,,,,
UGA,2013,2.2808304,1.0,0.0,,,,,,
UGA,2014,2.2808304,1.0,0.0,,,,,,
UGA,2015,2.2808304,1.0,0.0,,,,,,
UGA,2016,2.2808304,1.0,0.0,,,,,,
UGA,2017,2.2808304,1.0,0.0,,,,,,
UGA,2018,2.2808304,1.0,0.0,,,,,,
UGA,2019,2.2808304,1.0,0.0,,,,,,
UGA,2020,2.2808304,1.0,0.0,,,,,,
UGA,2021,1.2017204,0.744299,0.255701,,,,,,
UGA,2022,1.2017204,0.744299,0.255701,,,,,,
UGA,2023,1.2017204,0.744299,0.255701,,,,,,
UKR,1970,,,,,,,,,
UKR,1971,,,,,,,,,
UKR,1972,,,,,,,,,
UKR,1973,,,,,,,,,
UKR,1974,,,,,,,,,
UKR,1975,,,,,,,,,
UKR,1976,,,,,,,,,
UKR,1977,,,,,,,,,
UKR,1978,,,,,,,,,
UKR,1979,,,,,,,,,
UKR,1980,,,,,,,,,
UKR,1981,,,,,,,,,
UKR,1982,,,,,,,,,
UKR,1983,,,,,,,,,
UKR,1984,,,,,,,,,
UKR,1985,,,,,,,,,
UKR,1986,,,,,,,,,
UKR,1987,,,,,,,,,
UKR,1988,,,,,,,,,
UKR,1989,,,,,,,,,
UKR,1990,,,,,,,,,
UKR,1991,,,,,,,,,
UKR,1992,,,,,,,,,
UKR,1993,,,,,,,,,
UKR,1994,,,,,,,,,
UKR,1995,,,,,,,,,
UKR,1996,-1.2538762,0.16243199,0.83756804,,,,,,
UKR,1997,-1.9393721,0.0,1.0,,,,,,1.0
UKR,1998,-1.2538762,0.16243199,0.83756804,,,,,,1.0
UKR,1999,-1.2538762,0.16243199,0.83756804,,,,,,1.0
UKR,2000,-1.2538762,0.16243199,0.83756804,,,,,,1.0
UKR,2001,-1.2538762,0.16243199,0.83756804,,,,,,1.0
UKR,2002,-1.2538762,0.16243199,0.83756804,,,,,,1.0
UKR,2003,-1.2538762,0.16243199,0.83756804,,,,,,1.0
UKR,2004,-1.2538762,0.16243199,0.83756804,,,,,,1.0
UKR,2005,-1.2538762,0.16243199,0.83756804,,,,,,1.0
UKR,2006,-1.2538762,0.16243199,0.83756804,,,,,,1.0
UKR,2007,-1.2538762,0.16243199,0.83756804,,,,,,1.0
UKR,2008,-1.2538762,0.16243199,0.83756804,,,,,,1.0
UKR,2009,-1.9393721,0.0,1.0,,,,,,1.0
UKR,2010,-1.9393721,0.0,1.0,0.17099999999999999,0.1,0.144,0.07099999999999998,0.099,0.0
UKR,2011,-1.9393721,0.0,1.0,0.17759999999999998,0.1,0.146,0.07759999999999997,0.099,0.0
UKR,2012,-1.9393721,0.0,1.0,0.17759999999999998,0.1,0.146,0.07759999999999997,0.099,0.0
UKR,2013,-1.9393721,0.0,1.0,0.1742,0.1,0.143,0.07419999999999999,0.099,0.0
UKR,2014,-1.9393721,0.0,1.0,0.172,0.08,0.125,0.09199999999999998,0.079,0.0
UKR,2015,-1.9393721,0.0,1.0,0.172,0.08,0.125,0.09199999999999998,0.079,0.0
UKR,2016,-1.9393721,0.0,1.0,0.1552,0.08,0.121,0.0752,0.079,0.0
UKR,2017,-1.9393721,0.0,1.0,0.1552,0.08,0.121,0.0752,0.079,0.0
UKR,2018,-1.9393721,0.0,1.0,0.1552,0.08,0.121,0.0752,0.079,0.0
UKR,2019,-1.9393721,0.0,1.0,0.1552,0.08,0.121,0.0752,0.079,0.0
UKR,2020,-1.9393721,0.0,1.0,0.1552,0.08,0.121,0.0752,0.079,0.0
UKR,2021,-1.9393721,0.0,1.0,,,,,,
UKR,2022,-1.9393721,0.0,1.0,,,,,,
UKR,2023,-1.9393721,0.0,1.0,,,,,,
URY,1970,-0.75033146,0.28174967,0.71825033,,,,,,
URY,1971,-1.6875997,0.059658844,0.9403412,,,,,,
URY,1972,-1.9393721,0.0,1.0,,,,,,
URY,1973,-1.9393721,0.0,1.0,,,,,,
URY,1974,-1.9393721,0.0,1.0,,,,,,
URY,1975,-1.9393721,0.0,1.0,,,,,,
URY,1976,-0.86026204,0.255701,0.744299,,,,,,
URY,1977,-0.86026204,0.255701,0.744299,,,,,,
URY,1978,-0.6084897,0.31535983,0.68464017,,,,,,
URY,1979,-0.3567173,0.3750187,0.6249813,,,,,,
URY,1980,0.5805509,0.5971095,0.4028905,,,,,,
URY,1981,2.029058,0.9403412,0.059658825,,,,,,
URY,1982,1.0840957,0.7164272,0.2835728,,,,,,
URY,1983,1.0840957,0.7164272,0.2835728,,,,,,
URY,1984,1.0840957,0.7164272,0.2835728,,,,,,
URY,1985,1.0840957,0.7164272,0.2835728,,,,,,
URY,1986,1.0840957,0.7164272,0.2835728,,,,,,
URY,1987,1.0840957,0.7164272,0.2835728,,,,,,
URY,1988,1.0840957,0.7164272,0.2835728,,,,,,
URY,1989,1.0840957,0.7164272,0.2835728,,,,,,
URY,1990,1.0840957,0.7164272,0.2835728,,,,,,
URY,1991,1.0840957,0.7164272,0.2835728,,,,,,
URY,1992,1.0840957,0.7164272,0.2835728,,,,,,
URY,1993,0.8323233,0.6567683,0.34323168,,,,,,
URY,1994,0.5805509,0.5971095,0.4028905,,,,,,
URY,1995,0.32877854,0.5374507,0.46254933,,,,,,
URY,1996,1.5255132,0.82102346,0.17897654,,,,,,
URY,1997,1.5255132,0.82102346,0.17897654,,,,,,1.0
URY,1998,1.7772856,0.8806823,0.11931771,,,,,,1.0
URY,1999,2.029058,0.9403412,0.059658825,,,,,,1.0
URY,2000,2.2808304,1.0,0.0,,,,,,1.0
URY,2001,2.2808304,1.0,0.0,,,,,,1.0
URY,2002,2.2808304,1.0,0.0,,,,,,1.0
URY,2003,2.2808304,1.0,0.0,,,,,,1.0
URY,2004,2.2808304,1.0,0.0,,,,,,1.0
URY,2005,2.2808304,1.0,0.0,,,,,,1.0
URY,2006,2.2808304,1.0,0.0,,,,,,1.0
URY,2007,2.2808304,1.0,0.0,,,,,,1.0
URY,2008,2.2808304,1.0,0.0,,,,,,1.0
URY,2009,2.2808304,1.0,0.0,,,,,,1.0
URY,2010,2.2808304,1.0,0.0,,,,,,1.0
URY,2011,2.2808304,1.0,0.0,,,,,,1.0
URY,2012,2.2808304,1.0,0.0,,,,,,1.0
URY,2013,2.2808304,1.0,0.0,,,,,,1.0
URY,2014,2.2808304,1.0,0.0,,,,,,1.0
URY,2015,2.2808304,1.0,0.0,,,,,,1.0
URY,2016,2.2808304,1.0,0.0,,,,,,1.0
URY,2017,2.2808304,1.0,0.0,,,,,,1.0
URY,2018,2.2808304,1.0,0.0,,,,,,1.0
URY,2019,2.2808304,1.0,0.0,0.1894,0.0,0.049,0.1894,0.0,0.0
URY,2020,2.2808304,1.0,0.0,0.1894,0.0,0.049,0.1894,0.0,0.0
URY,2021,2.2808304,1.0,0.0,,,,,,
URY,2022,2.2808304,1.0,0.0,,,,,,
URY,2023,2.2808304,1.0,0.0,,,,,,
USA,1970,2.2808304,1.0,0.0,,,,,,
USA,1971,2.2808304,1.0,0.0,,,,,,
USA,1972,2.2808304,1.0,0.0,,,,,,
USA,1973,2.2808304,1.0,0.0,,,,,,
USA,1974,2.2808304,1.0,0.0,,,,,,
USA,1975,2.2808304,1.0,0.0,,,,,,
USA,1976,2.2808304,1.0,0.0,,,,,,
USA,1977,2.2808304,1.0,0.0,,,,,,
USA,1978,2.2808304,1.0,0.0,,,,,,
USA,1979,2.2808304,1.0,0.0,,,,,,
USA,1980,2.2808304,1.0,0.0,,,,,,
USA,1981,2.2808304,1.0,0.0,,,,,,
USA,1982,2.2808304,1.0,0.0,,,,,,
USA,1983,2.2808304,1.0,0.0,,,,,,
USA,1984,2.2808304,1.0,0.0,,,,,,
USA,1985,2.2808304,1.0,0.0,,,,,,
USA,1986,2.2808304,1.0,0.0,,,,,,
USA,1987,2.2808304,1.0,0.0,,,,,,
USA,1988,2.2808304,1.0,0.0,,,,,,
USA,1989,2.2808304,1.0,0.0,,,,,,
USA,1990,2.2808304,1.0,0.0,,,,,,
USA,1991,2.2808304,1.0,0.0,,,,,,
USA,1992,2.2808304,1.0,0.0,,,,,,
USA,1993,2.2808304,1.0,0.0,,,,,,
USA,1994,2.2808304,1.0,0.0,,,,,,
USA,1995,2.2808304,1.0,0.0,,,,,,
USA,1996,2.2808304,1.0,0.0,,,,,,
USA,1997,2.2808304,1.0,0.0,0.2298,0.0,0.089,0.2298,0.005,0.0
USA,1998,2.2808304,1.0,0.0,0.2298,0.0,0.089,0.2298,0.005,1.0
USA,1999,2.2808304,1.0,0.0,0.2298,0.0,0.089,0.2298,0.005,1.0
USA,2000,2.2808304,1.0,0.0,0.2298,0.0,0.089,0.2298,0.005,1.0
USA,2001,2.2808304,1.0,0.0,0.2298,0.0,0.089,0.2298,0.005,1.0
USA,2002,2.2808304,1.0,0.0,0.2298,0.0,0.089,0.2298,0.005,1.0
USA,2003,2.2808304,1.0,0.0,0.2298,0.0,0.089,0.2298,0.005,0.0
USA,2004,2.2808304,1.0,0.0,0.2298,0.0,0.089,0.2298,0.005,1.0
USA,2005,2.2808304,1.0,0.0,0.2298,0.0,0.089,0.2298,0.005,1.0
USA,2006,2.2808304,1.0,0.0,0.2298,0.0,0.089,0.2298,0.005,0.0
USA,2007,2.2808304,1.0,0.0,0.2298,0.0,0.089,0.2298,0.005,1.0
USA,2008,2.2808304,1.0,0.0,0.2298,0.0,0.089,0.2298,0.005,1.0
USA,2009,2.2808304,1.0,0.0,0.2298,0.0,0.089,0.2298,0.005,1.0
USA,2010,2.2808304,1.0,0.0,0.2298,0.0,0.089,0.2298,0.005,0.0
USA,2011,2.2808304,1.0,0.0,0.2298,0.0,0.089,0.2298,0.005,0.0
USA,2012,2.2808304,1.0,0.0,0.2298,0.0,0.089,0.2298,0.005,0.0
USA,2013,2.2808304,1.0,0.0,0.2298,0.0,0.089,0.2298,0.005,0.0
USA,2014,2.2808304,1.0,0.0,0.2298,0.0,0.089,0.2298,0.005,0.0
USA,2015,2.2808304,1.0,0.0,0.2298,0.0,0.089,0.2298,0.005,0.0
USA,2016,2.2808304,1.0,0.0,0.2298,0.0,0.089,0.2298,0.005,0.0
USA,2017,2.2808304,1.0,0.0,0.2298,0.0,0.089,0.2298,0.005,0.0
USA,2018,2.2808304,1.0,0.0,0.2298,0.0,0.089,0.2298,0.005,0.0
USA,2019,2.2808304,1.0,0.0,0.2298,0.0,0.089,0.2298,0.005,0.0
USA,2020,2.2808304,1.0,0.0,0.2298,0.0,0.089,0.2298,0.005,0.0
USA,2021,2.2808304,1.0,0.0,,,,,,
USA,2022,2.2808304,1.0,0.0,,,,,,
USA,2023,2.2808304,1.0,0.0,,,,,,
UZB,1970,,,,,,,,,
UZB,1971,,,,,,,,,
UZB,1972,,,,,,,,,
UZB,1973,,,,,,,,,
UZB,1974,,,,,,,,,
UZB,1975,,,,,,,,,
UZB,1976,,,,,,,,,
UZB,1977,,,,,,,,,
UZB,1978,,,,,,,,,
UZB,1979,,,,,,,,,
UZB,1980,,,,,,,,,
UZB,1981,,,,,,,,,
UZB,1982,,,,,,,,,
UZB,1983,,,,,,,,,
UZB,1984,,,,,,,,,
UZB,1985,,,,,,,,,
UZB,1986,,,,,,,,,
UZB,1987,,,,,,,,,
UZB,1988,,,,,,,,,
UZB,1989,,,,,,,,,
UZB,1990,,,,,,,,,
UZB,1991,,,,,,,,,
UZB,1992,,,,,,,,,
UZB,1993,,,,,,,,,
UZB,1994,,,,,,,,,
UZB,1995,,,,,,,,,
UZB,1996,-0.86026204,0.255701,0.744299,,,,,,
UZB,1997,-0.86026204,0.255701,0.744299,,,,,,1.0
UZB,1998,-0.86026204,0.255701,0.744299,,,,,,1.0
UZB,1999,-1.2538762,0.16243199,0.83756804,,,,,,1.0
UZB,2000,-1.9393721,0.0,1.0,,,,,,1.0
UZB,2001,-1.9393721,0.0,1.0,,,,,,1.0
UZB,2002,-1.9393721,0.0,1.0,,,,,,1.0
UZB,2003,-1.2538762,0.16243199,0.83756804,,,,,,1.0
UZB,2004,-1.2538762,0.16243199,0.83756804,,,,,,1.0
UZB,2005,-1.2538762,0.16243199,0.83756804,,,,,,1.0
UZB,2006,-1.2538762,0.16243199,0.83756804,,,,,,1.0
UZB,2007,-1.2538762,0.16243199,0.83756804,,,,,,1.0
UZB,2008,-1.2538762,0.16243199,0.83756804,,,,,,1.0
UZB,2009,-1.2538762,0.16243199,0.83756804,,,,,,1.0
UZB,2010,-1.9393721,0.0,1.0,,,,,,1.0
UZB,2011,-1.9393721,0.0,1.0,,,,,,1.0
UZB,2012,-1.9393721,0.0,1.0,,,,,,1.0
UZB,2013,-1.9393721,0.0,1.0,,,,,,1.0
UZB,2014,-1.9393721,0.0,1.0,,,,,,1.0
UZB,2015,-1.9393721,0.0,1.0,,,,,,1.0
UZB,2016,-1.9393721,0.0,1.0,,,,,,1.0
UZB,2017,-1.9393721,0.0,1.0,,,,,,1.0
UZB,2018,-1.2538762,0.16243199,0.83756804,,,,,,1.0
UZB,2019,-1.2538762,0.16243199,0.83756804,0.1242,0.023,0.068,0.10120000000000001,0.0,0.0
UZB,2020,-1.2538762,0.16243199,0.83756804,0.1242,0.023,0.068,0.10120000000000001,0.0,0.0
UZB,2021,-1.2538762,0.16243199,0.83756804,,,,,,
UZB,2022,-1.2538762,0.16243199,0.83756804,,,,,,
UZB,2023,-1.2538762,0.16243199,0.83756804,,,,,,
VCT,1970,,,,,,,,,
VCT,1971,,,,,,,,,
VCT,1972,,,,,,,,,
VCT,1973,,,,,,,,,
VCT,1974,,,,,,,,,
VCT,1975,,,,,,,,,
VCT,1976,,,,,,,,,
VCT,1977,,,,,,,,,
VCT,1978,,,,,,,,,
VCT,1979,,,,,,,,,
VCT,1980,,,,,,,,,
VCT,1981,,,,,,,,,
VCT,1982,,,,,,,,,
VCT,1983,-1.2538762,0.16243199,0.83756804,,,,,,
VCT,1984,-1.2538762,0.16243199,0.83756804,,,,,,
VCT,1985,-1.2538762,0.16243199,0.83756804,,,,,,
VCT,1986,-0.17476626,0.41813296,0.58186704,,,,,,
VCT,1987,-0.17476626,0.41813296,0.58186704,,,,,,
VCT,1988,-0.17476626,0.41813296,0.58186704,,,,,,
VCT,1989,-0.17476626,0.41813296,0.58186704,,,,,,
VCT,1990,-0.17476626,0.41813296,0.58186704,,,,,,
VCT,1991,-0.17476626,0.41813296,0.58186704,,,,,,
VCT,1992,-0.17476626,0.41813296,0.58186704,,,,,,
VCT,1993,-0.17476626,0.41813296,0.58186704,,,,,,
VCT,1994,-0.17476626,0.41813296,0.58186704,,,,,,
VCT,1995,-0.17476626,0.41813296,0.58186704,,,,,,
VCT,1996,-1.2538762,0.16243199,0.83756804,,,,,,
VCT,1997,-1.2538762,0.16243199,0.83756804,,,,,,
VCT,1998,-1.2538762,0.16243199,0.83756804,,,,,,
VCT,1999,-1.2538762,0.16243199,0.83756804,,,,,,
VCT,2000,-1.2538762,0.16243199,0.83756804,,,,,,
VCT,2001,-1.2538762,0.16243199,0.83756804,,,,,,
VCT,2002,-1.2538762,0.16243199,0.83756804,,,,,,
VCT,2003,-1.2538762,0.16243199,0.83756804,,,,,,
VCT,2004,-1.2538762,0.16243199,0.83756804,,,,,,
VCT,2005,-1.2538762,0.16243199,0.83756804,,,,,,
VCT,2006,-1.2538762,0.16243199,0.83756804,,,,,,
VCT,2007,-1.2538762,0.16243199,0.83756804,,,,,,
VCT,2008,-1.2538762,0.16243199,0.83756804,,,,,,
VCT,2009,-1.2538762,0.16243199,0.83756804,,,,,,
VCT,2010,-1.2538762,0.16243199,0.83756804,,,,,,
VCT,2011,-1.2538762,0.16243199,0.83756804,,,,,,
VCT,2012,-1.2538762,0.16243199,0.83756804,,,,,,
VCT,2013,-1.2538762,0.16243199,0.83756804,,,,,,
VCT,2014,-1.2538762,0.16243199,0.83756804,,,,,,
VCT,2015,-1.2538762,0.16243199,0.83756804,,,,,,
VCT,2016,-1.2538762,0.16243199,0.83756804,,,,,,
VCT,2017,-1.2538762,0.16243199,0.83756804,,,,,,
VCT,2018,-1.2538762,0.16243199,0.83756804,,,,,,
VCT,2019,-1.2538762,0.16243199,0.83756804,,,,,,
VCT,2020,-1.2538762,0.16243199,0.83756804,,,,,,
VCT,2021,-1.2538762,0.16243199,0.83756804,,,,,,
VCT,2022,-1.2538762,0.16243199,0.83756804,,,,,,
VCT,2023,-1.2538762,0.16243199,0.83756804,,,,,,
VEN,1970,0.39859986,0.5539952,0.4460048,,,,,,
VEN,1971,1.0840957,0.7164272,0.2835728,,,,,,
VEN,1972,1.0840957,0.7164272,0.2835728,,,,,,
VEN,1973,1.0840957,0.7164272,0.2835728,,,,,,
VEN,1974,1.0840957,0.7164272,0.2835728,,,,,,
VEN,1975,0.39859986,0.5539952,0.4460048,,,,,,
VEN,1976,1.5953345,0.83756804,0.16243196,,,,,,
VEN,1977,1.5953345,0.83756804,0.16243196,,,,,,
VEN,1978,1.5953345,0.83756804,0.16243196,,,,,,
VEN,1979,1.5953345,0.83756804,0.16243196,,,,,,
VEN,1980,1.5953345,0.83756804,0.16243196,,,,,,
VEN,1981,1.5953345,0.83756804,0.16243196,,,,,,
VEN,1982,1.5953345,0.83756804,0.16243196,,,,,,
VEN,1983,-0.6805101,0.29829422,0.7017058,,,,,,
VEN,1984,-0.93228245,0.23863538,0.76136464,,,,,,
VEN,1985,-1.1840549,0.17897654,0.82102346,,,,,,
VEN,1986,-1.4358273,0.11931769,0.8806823,,,,,,
VEN,1987,-1.6875997,0.059658844,0.9403412,,,,,,
VEN,1988,-0.86026204,0.255701,0.744299,,,,,,
VEN,1989,-0.86026204,0.255701,0.744299,,,,,,
VEN,1990,-0.17476626,0.41813296,0.58186704,,,,,,
VEN,1991,-0.17476626,0.41813296,0.58186704,,,,,,
VEN,1992,-0.17476626,0.41813296,0.58186704,,,,,,
VEN,1993,-1.2538762,0.16243199,0.83756804,,,,,,
VEN,1994,-1.2538762,0.16243199,0.83756804,,,,,,
VEN,1995,-1.2538762,0.16243199,0.83756804,,,,,,
VEN,1996,0.07700613,0.47779182,0.5222082,,,,,,
VEN,1997,1.5255132,0.82102346,0.17897654,,,,,,
VEN,1998,1.7772856,0.8806823,0.11931771,,,,,,
VEN,1999,2.029058,0.9403412,0.059658825,,,,,,
VEN,2000,2.2808304,1.0,0.0,,,,,,
VEN,2001,2.2808304,1.0,0.0,,,,,,
VEN,2002,-0.24678667,0.40106735,0.5989326,,,,,,
VEN,2003,-0.24678667,0.40106735,0.5989326,,,,,,
VEN,2004,-0.24678667,0.40106735,0.5989326,,,,,,
VEN,2005,-0.24678667,0.40106735,0.5989326,,,,,,
VEN,2006,-1.1840549,0.17897654,0.82102346,,,,,,
VEN,2007,-1.1840549,0.17897654,0.82102346,,,,,,
VEN,2008,-1.4358273,0.11931769,0.8806823,,,,,,
VEN,2009,-1.6875997,0.059658844,0.9403412,,,,,,
VEN,2010,-1.9393721,0.0,1.0,,,,,,
VEN,2011,-1.9393721,0.0,1.0,,,,,,
VEN,2012,-1.9393721,0.0,1.0,,,,,,
VEN,2013,-1.9393721,0.0,1.0,,,,,,
VEN,2014,-1.9393721,0.0,1.0,,,,,,
VEN,2015,-1.9393721,0.0,1.0,,,,,,
VEN,2016,-1.9393721,0.0,1.0,,,,,,
VEN,2017,-1.9393721,0.0,1.0,,,,,,
VEN,2018,-1.9393721,0.0,1.0,,,,,,
VEN,2019,-1.9393721,0.0,1.0,,,,,,
VEN,2020,-1.9393721,0.0,1.0,,,,,,
VEN,2021,-1.9393721,0.0,1.0,,,,,,
VEN,2022,-1.9393721,0.0,1.0,,,,,,
VEN,2023,-1.9393721,0.0,1.0,,,,,,
VNM,1970,-1.9393721,0.0,1.0,,,,,,
VNM,1971,-1.9393721,0.0,1.0,,,,,,
VNM,1972,-1.2538762,0.16243199,0.83756804,,,,,,
VNM,1973,-1.9393721,0.0,1.0,,,,,,
VNM,1974,-1.2538762,0.16243199,0.83756804,,,,,,
VNM,1975,,,,,,,,,
VNM,1976,,,,,,,,,
VNM,1977,,,,,,,,,
VNM,1978,,,,,,,,,
VNM,1979,,,,,,,,,
VNM,1980,-1.9393721,0.0,1.0,,,,,,
VNM,1981,-1.9393721,0.0,1.0,,,,,,
VNM,1982,-1.9393721,0.0,1.0,,,,,,
VNM,1983,-1.9393721,0.0,1.0,,,,,,
VNM,1984,-1.9393721,0.0,1.0,,,,,,
VNM,1985,-1.9393721,0.0,1.0,,,,,,
VNM,1986,-1.9393721,0.0,1.0,,,,,,
VNM,1987,-1.9393721,0.0,1.0,,,,,,
VNM,1988,-1.9393721,0.0,1.0,,,,,,
VNM,1989,-1.9393721,0.0,1.0,,,,,,
VNM,1990,-1.9393721,0.0,1.0,,,,,,
VNM,1991,-1.9393721,0.0,1.0,,,,,,
VNM,1992,-1.9393721,0.0,1.0,,,,,,
VNM,1993,-1.2538762,0.16243199,0.83756804,,,,,,
VNM,1994,-1.2538762,0.16243199,0.83756804,,,,,,
VNM,1995,-1.2538762,0.16243199,0.83756804,,,,,,
VNM,1996,-1.2538762,0.16243199,0.83756804,,,,,,
VNM,1997,-1.2538762,0.16243199,0.83756804,0.6538,0.62,0.671,0.03380000000000005,0.195,0.0
VNM,1998,-1.2538762,0.16243199,0.83756804,0.6388,0.5583333333333333,0.6316666666666667,0.08046666666666671,0.1845,1.0
VNM,1999,-1.2538762,0.16243199,0.83756804,0.6238,0.49666666666666665,0.5923333333333334,0.12713333333333338,0.17400000000000002,1.0
VNM,2000,-1.2538762,0.16243199,0.83756804,0.6088,0.435,0.553,0.1738,0.1635,1.0
VNM,2001,-1.2538762,0.16243199,0.83756804,0.5938,0.3733333333333333,0.5136666666666667,0.22046666666666667,0.153,1.0
VNM,2002,-1.2538762,0.16243199,0.83756804,0.5788,0.31166666666666665,0.4743333333333334,0.26713333333333333,0.14250000000000002,1.0
VNM,2003,-1.2538762,0.16243199,0.83756804,0.5638,0.25,0.435,0.31379999999999997,0.132,0.0
VNM,2004,-1.2538762,0.16243199,0.83756804,0.5432666666666667,0.23333333333333334,0.4136666666666667,0.3099333333333333,0.129,1.0
VNM,2005,-1.2538762,0.16243199,0.83756804,0.5227333333333333,0.21666666666666667,0.3923333333333333,0.30606666666666665,0.126,1.0
VNM,2006,-1.2538762,0.16243199,0.83756804,0.5022,0.2,0.371,0.30219999999999997,0.123,0.0
VNM,2007,-1.2538762,0.16243199,0.83756804,0.4919,0.17675000000000002,0.35325,0.31515,0.1135,1.0
VNM,2008,-0.17476626,0.41813296,0.58186704,0.48160000000000003,0.1535,0.3355,0.3281,0.10400000000000001,1.0
VNM,2009,-0.17476626,0.41813296,0.58186704,0.4713,0.13025,0.31775,0.34105,0.0945,1.0
VNM,2010,-0.17476626,0.41813296,0.58186704,0.461,0.107,0.3,0.35400000000000004,0.085,0.0
VNM,2011,-0.17476626,0.41813296,0.58186704,0.461,0.107,0.3,0.35400000000000004,0.085,0.0
VNM,2012,-0.17476626,0.41813296,0.58186704,0.44719999999999993,0.107,0.292,0.34019999999999995,0.085,0.0
VNM,2013,-0.17476626,0.41813296,0.58186704,0.44559999999999994,0.107,0.281,0.33859999999999996,0.085,0.0
VNM,2014,-0.17476626,0.41813296,0.58186704,0.44480000000000003,0.107,0.281,0.33780000000000004,0.085,0.0
VNM,2015,-0.17476626,0.41813296,0.58186704,0.3276,0.025,0.132,0.3026,0.028,0.0
VNM,2016,-0.17476626,0.41813296,0.58186704,0.3276,0.025,0.132,0.3026,0.028,0.0
VNM,2017,-0.17476626,0.41813296,0.58186704,0.3276,0.025,0.132,0.3026,0.028,0.0
VNM,2018,-0.17476626,0.41813296,0.58186704,0.32939999999999997,0.025,0.13,0.30439999999999995,0.028,0.0
VNM,2019,-0.17476626,0.41813296,0.58186704,0.32939999999999997,0.025,0.13,0.30439999999999995,0.028,0.0
VNM,2020,-0.17476626,0.41813296,0.58186704,0.3282,0.025,0.13,0.30319999999999997,0.028,0.0
VNM,2021,-0.17476626,0.41813296,0.58186704,,,,,,
VNM,2022,-0.17476626,0.41813296,0.58186704,,,,,,
VNM,2023,-0.17476626,0.41813296,0.58186704,,,,,,
VUT,1970,,,,,,,,,
VUT,1971,,,,,,,,,
VUT,1972,,,,,,,,,
VUT,1973,,,,,,,,,
VUT,1974,,,,,,,,,
VUT,1975,,,,,,,,,
VUT,1976,,,,,,,,,
VUT,1977,,,,,,,,,
VUT,1978,,,,,,,,,
VUT,1979,,,,,,,,,
VUT,1980,,,,,,,,,
VUT,1981,,,,,,,,,
VUT,1982,,,,,,,,,
VUT,1983,,,,,,,,,
VUT,1984,,,,,,,,,
VUT,1985,2.2808304,1.0,0.0,,,,,,
VUT,1986,2.2808304,1.0,0.0,,,,,,
VUT,1987,2.2808304,1.0,0.0,,,,,,
VUT,1988,2.2808304,1.0,0.0,,,,,,
VUT,1989,2.2808304,1.0,0.0,,,,,,
VUT,1990,2.2808304,1.0,0.0,,,,,,
VUT,1991,2.2808304,1.0,0.0,,,,,,
VUT,1992,2.2808304,1.0,0.0,,,,,,
VUT,1993,2.2808304,1.0,0.0,,,,,,
VUT,1994,2.2808304,1.0,0.0,,,,,,
VUT,1995,2.2808304,1.0,0.0,,,,,,
VUT,1996,2.2808304,1.0,0.0,,,,,,
VUT,1997,2.2808304,1.0,0.0,,,,,,
VUT,1998,2.2808304,1.0,0.0,,,,,,
VUT,1999,2.029058,0.9403412,0.059658825,,,,,,
VUT,2000,1.7772856,0.8806823,0.11931771,,,,,,
VUT,2001,,,,,,,,,
VUT,2002,,,,,,,,,
VUT,2003,,,,,,,,,
VUT,2004,,,,,,,,,
VUT,2005,,,,,,,,,
VUT,2006,,,,,,,,,
VUT,2007,,,,,,,,,
VUT,2008,,,,,,,,,
VUT,2009,,,,,,,,,
VUT,2010,,,,,,,,,
VUT,2011,,,,,,,,,
VUT,2012,,,,,,,,,
VUT,2013,,,,,,,,,
VUT,2014,,,,,,,,,
VUT,2015,,,,,,,,,
VUT,2016,,,,,,,,,
VUT,2017,,,,,,,,,
VUT,2018,1.0219685,0.7017058,0.2982942,,,,,,
VUT,2019,1.2737408,0.76136464,0.23863536,,,,,,
VUT,2020,1.5255132,0.82102346,0.17897654,,,,,,
VUT,2021,1.7772856,0.8806823,0.11931771,,,,,,
VUT,2022,2.029058,0.9403412,0.059658825,,,,,,
VUT,2023,2.2808304,1.0,0.0,,,,,,
WSM,1970,,,,,,,,,
WSM,1971,,,,,,,,,
WSM,1972,,,,,,,,,
WSM,1973,,,,,,,,,
WSM,1974,,,,,,,,,
WSM,1975,-1.2538762,0.16243199,0.83756804,,,,,,
WSM,1976,-1.2538762,0.16243199,0.83756804,,,,,,
WSM,1977,-1.2538762,0.16243199,0.83756804,,,,,,
WSM,1978,-1.2538762,0.16243199,0.83756804,,,,,,
WSM,1979,-1.2538762,0.16243199,0.83756804,,,,,,
WSM,1980,-1.2538762,0.16243199,0.83756804,,,,,,
WSM,1981,-1.2538762,0.16243199,0.83756804,,,,,,
WSM,1982,-1.2538762,0.16243199,0.83756804,,,,,,
WSM,1983,-1.2538762,0.16243199,0.83756804,,,,,,
WSM,1984,-1.2538762,0.16243199,0.83756804,,,,,,
WSM,1985,-1.2538762,0.16243199,0.83756804,,,,,,
WSM,1986,-1.9393721,0.0,1.0,,,,,,
WSM,1987,-1.9393721,0.0,1.0,,,,,,
WSM,1988,-1.9393721,0.0,1.0,,,,,,
WSM,1989,-1.9393721,0.0,1.0,,,,,,
WSM,1990,-1.9393721,0.0,1.0,,,,,,
WSM,1991,-1.9393721,0.0,1.0,,,,,,
WSM,1992,-1.9393721,0.0,1.0,,,,,,
WSM,1993,-0.17476626,0.41813296,0.58186704,,,,,,
WSM,1994,-0.17476626,0.41813296,0.58186704,,,,,,
WSM,1995,-0.17476626,0.41813296,0.58186704,,,,,,
WSM,1996,-1.2538762,0.16243199,0.83756804,,,,,,
WSM,1997,-1.2538762,0.16243199,0.83756804,,,,,,
WSM,1998,-1.2538762,0.16243199,0.83756804,,,,,,
WSM,1999,-1.2538762,0.16243199,0.83756804,,,,,,
WSM,2000,-1.2538762,0.16243199,0.83756804,,,,,,
WSM,2001,-1.2538762,0.16243199,0.83756804,,,,,,
WSM,2002,-1.2538762,0.16243199,0.83756804,,,,,,
WSM,2003,-1.2538762,0.16243199,0.83756804,,,,,,
WSM,2004,-1.2538762,0.16243199,0.83756804,,,,,,
WSM,2005,-1.2538762,0.16243199,0.83756804,,,,,,
WSM,2006,-1.2538762,0.16243199,0.83756804,,,,,,
WSM,2007,-1.2538762,0.16243199,0.83756804,,,,,,
WSM,2008,-1.2538762,0.16243199,0.83756804,,,,,,
WSM,2009,-1.2538762,0.16243199,0.83756804,,,,,,
WSM,2010,-1.2538762,0.16243199,0.83756804,,,,,,
WSM,2011,-1.2538762,0.16243199,0.83756804,,,,,,
WSM,2012,-1.2538762,0.16243199,0.83756804,,,,,,
WSM,2013,-1.2538762,0.16243199,0.83756804,,,,,,
WSM,2014,-1.2538762,0.16243199,0.83756804,,,,,,
WSM,2015,-1.2538762,0.16243199,0.83756804,,,,,,
WSM,2016,-1.2538762,0.16243199,0.83756804,,,,,,
WSM,2017,-1.2538762,0.16243199,0.83756804,,,,,,
WSM,2018,-1.2538762,0.16243199,0.83756804,,,,,,
WSM,2019,-1.2538762,0.16243199,0.83756804,,,,,,
WSM,2020,-1.2538762,0.16243199,0.83756804,,,,,,
WSM,2021,-1.2538762,0.16243199,0.83756804,,,,,,
WSM,2022,-1.2538762,0.16243199,0.83756804,,,,,,
WSM,2023,-1.2538762,0.16243199,0.83756804,,,,,,
XKO,1997,,,,,,,,,1.0
XKO,1998,,,,,,,,,1.0
XKO,1999,,,,,,,,,1.0
XKO,2000,,,,,,,,,1.0
XKO,2001,,,,,,,,,1.0
XKO,2002,,,,,,,,,1.0
XKO,2003,,,,,,,,,1.0
XKO,2004,,,,,,,,,1.0
XKO,2005,,,,,,,,,1.0
XKO,2006,,,,,,,,,1.0
XKO,2007,,,,,,,,,1.0
XKO,2008,,,,,,,,,1.0
XKO,2009,,,,,,,,,1.0
XKO,2010,,,,,,,,,1.0
XKO,2011,,,,,,,,,1.0
XKO,2012,,,,,,,,,1.0
XKO,2013,,,,,,,,,1.0
XKO,2014,,,,,,,,,1.0
XKO,2015,,,,,,,,,1.0
XKO,2016,,,,,,,,,1.0
XKO,2017,,,,0.0,0.0,0.001,0.0,0.0,0.0
XKO,2018,,,,0.0,0.0,0.001,0.0,0.0,0.0
XKO,2019,,,,0.0,0.0,0.001,0.0,0.0,0.0
XKO,2020,,,,0.0,0.0,0.001,0.0,0.0,0.0
YEM,1970,,,,,,,,,
YEM,1971,,,,,,,,,
YEM,1972,,,,,,,,,
YEM,1973,,,,,,,,,
YEM,1974,,,,,,,,,
YEM,1975,,,,,,,,,
YEM,1976,,,,,,,,,
YEM,1977,,,,,,,,,
YEM,1978,,,,,,,,,
YEM,1979,,,,,,,,,
YEM,1980,,,,,,,,,
YEM,1981,,,,,,,,,
YEM,1982,,,,,,,,,
YEM,1983,,,,,,,,,
YEM,1984,,,,,,,,,
YEM,1985,,,,,,,,,
YEM,1986,,,,,,,,,
YEM,1987,,,,,,,,,
YEM,1988,,,,,,,,,
YEM,1989,,,,,,,,,
YEM,1990,,,,,,,,,
YEM,1991,,,,,,,,,
YEM,1992,,,,,,,,,
YEM,1993,,,,,,,,,
YEM,1994,,,,,,,,,
YEM,1995,-0.74263734,0.28357282,0.7164272,,,,,,
YEM,1996,1.2737408,0.76136464,0.23863536,,,,,,
YEM,1997,1.5255132,0.82102346,0.17897654,,,,,,
YEM,1998,1.7772856,0.8806823,0.11931771,,,,,,
YEM,1999,2.029058,0.9403412,0.059658825,,,,,,
YEM,2000,2.2808304,1.0,0.0,,,,,,
YEM,2001,,,,,,,,,
YEM,2002,2.2808304,1.0,0.0,,,,,,
YEM,2003,2.2808304,1.0,0.0,,,,,,
YEM,2004,2.2808304,1.0,0.0,,,,,,
YEM,2005,2.2808304,1.0,0.0,,,,,,
YEM,2006,2.2808304,1.0,0.0,,,,,,
YEM,2007,2.2808304,1.0,0.0,,,,,,
YEM,2008,2.2808304,1.0,0.0,,,,,,
YEM,2009,2.2808304,1.0,0.0,,,,,,
YEM,2010,2.2808304,1.0,0.0,,,,,,
YEM,2011,2.2808304,1.0,0.0,,,,,,
YEM,2012,2.2808304,1.0,0.0,,,,,,
YEM,2013,2.2808304,1.0,0.0,,,,,,
YEM,2014,2.2808304,1.0,0.0,,,,,,
YEM,2015,2.2808304,1.0,0.0,,,,,,
YEM,2016,2.2808304,1.0,0.0,,,,,,
YEM,2017,2.2808304,1.0,0.0,,,,,,
YEM,2018,2.2808304,1.0,0.0,,,,,,
YEM,2019,2.2808304,1.0,0.0,,,,,,
YEM,2020,2.2808304,1.0,0.0,,,,,,
YEM,2021,2.2808304,1.0,0.0,,,,,,
YEM,2022,2.2808304,1.0,0.0,,,,,,
YEM,2023,2.2808304,1.0,0.0,,,,,,
ZAF,1970,-1.2538762,0.16243199,0.83756804,,,,,,
ZAF,1971,-1.2538762,0.16243199,0.83756804,,,,,,
ZAF,1972,-0.17476626,0.41813296,0.58186704,,,,,,
ZAF,1973,-0.17476626,0.41813296,0.58186704,,,,,,
ZAF,1974,-0.17476626,0.41813296,0.58186704,,,,,,
ZAF,1975,-0.17476626,0.41813296,0.58186704,,,,,,
ZAF,1976,-0.86026204,0.255701,0.744299,,,,,,
ZAF,1977,-0.86026204,0.255701,0.744299,,,,,,
ZAF,1978,-1.9393721,0.0,1.0,,,,,,
ZAF,1979,-1.9393721,0.0,1.0,,,,,,
ZAF,1980,-1.9393721,0.0,1.0,,,,,,
ZAF,1981,-1.9393721,0.0,1.0,,,,,,
ZAF,1982,-1.2538762,0.16243199,0.83756804,,,,,,
ZAF,1983,-1.2538762,0.16243199,0.83756804,,,,,,
ZAF,1984,-1.2538762,0.16243199,0.83756804,,,,,,
ZAF,1985,-1.9393721,0.0,1.0,,,,,,
ZAF,1986,-1.9393721,0.0,1.0,,,,,,
ZAF,1987,-1.9393721,0.0,1.0,,,,,,
ZAF,1988,-1.9393721,0.0,1.0,,,,,,
ZAF,1989,-1.9393721,0.0,1.0,,,,,,
ZAF,1990,-1.9393721,0.0,1.0,,,,,,
ZAF,1991,-1.9393721,0.0,1.0,,,,,,
ZAF,1992,-1.9393721,0.0,1.0,,,,,,
ZAF,1993,-0.86026204,0.255701,0.744299,,,,,,
ZAF,1994,-0.17476626,0.41813296,0.58186704,,,,,,
ZAF,1995,-0.17476626,0.41813296,0.58186704,,,,,,
ZAF,1996,-1.2538762,0.16243199,0.83756804,,,,,,
ZAF,1997,-1.2538762,0.16243199,0.83756804,0.1626,0.06,0.103,0.1026,0.0,0.0
ZAF,1998,-1.2538762,0.16243199,0.83756804,0.1626,0.06,0.103,0.1026,0.0,1.0
ZAF,1999,-1.2538762,0.16243199,0.83756804,0.1626,0.06,0.103,0.1026,0.0,1.0
ZAF,2000,-1.2538762,0.16243199,0.83756804,0.1626,0.06,0.103,0.1026,0.0,1.0
ZAF,2001,-1.2538762,0.16243199,0.83756804,0.1626,0.06,0.103,0.1026,0.0,1.0
ZAF,2002,-1.2538762,0.16243199,0.83756804,0.1626,0.06,0.103,0.1026,0.0,1.0
ZAF,2003,-1.2538762,0.16243199,0.83756804,0.1626,0.06,0.103,0.1026,0.0,0.0
ZAF,2004,-1.2538762,0.16243199,0.83756804,0.162,0.06,0.10266666666666666,0.102,0.0,1.0
ZAF,2005,-1.2538762,0.16243199,0.83756804,0.1614,0.06,0.10233333333333333,0.1014,0.0,1.0
ZAF,2006,-1.2538762,0.16243199,0.83756804,0.1608,0.06,0.102,0.1008,0.0,0.0
ZAF,2007,-1.2538762,0.16243199,0.83756804,0.14875,0.0475,0.09025,0.10125,0.0,1.0
ZAF,2008,-1.2538762,0.16243199,0.83756804,0.1367,0.035,0.0785,0.1017,0.0,1.0
ZAF,2009,-1.2538762,0.16243199,0.83756804,0.12465,0.0225,0.06675,0.10214999999999999,0.0,1.0
ZAF,2010,-1.2538762,0.16243199,0.83756804,0.11259999999999999,0.01,0.055,0.1026,0.0,0.0
ZAF,2011,-1.2538762,0.16243199,0.83756804,0.11259999999999999,0.01,0.055,0.1026,0.0,0.0
ZAF,2012,-1.2538762,0.16243199,0.83756804,0.11259999999999999,0.01,0.055,0.1026,0.0,0.0
ZAF,2013,-1.2538762,0.16243199,0.83756804,0.11259999999999999,0.01,0.055,0.1026,0.0,0.0
ZAF,2014,-1.2538762,0.16243199,0.83756804,0.11259999999999999,0.01,0.055,0.1026,0.0,0.0
ZAF,2015,-1.2538762,0.16243199,0.83756804,0.11259999999999999,0.01,0.055,0.1026,0.0,0.0
ZAF,2016,-1.2538762,0.16243199,0.83756804,0.11259999999999999,0.01,0.055,0.1026,0.0,0.0
ZAF,2017,-1.2538762,0.16243199,0.83756804,0.11259999999999999,0.01,0.055,0.1026,0.0,0.0
ZAF,2018,-1.2538762,0.16243199,0.83756804,0.11259999999999999,0.01,0.055,0.1026,0.0,0.0
ZAF,2019,-1.2538762,0.16243199,0.83756804,0.11259999999999999,0.01,0.055,0.1026,0.0,0.0
ZAF,2020,-1.2538762,0.16243199,0.83756804,0.11259999999999999,0.01,0.055,0.1026,0.0,0.0
ZAF,2021,-1.2538762,0.16243199,0.83756804,,,,,,
ZAF,2022,-1.2538762,0.16243199,0.83756804,,,,,,
ZAF,2023,-1.2538762,0.16243199,0.83756804,,,,,,
ZAR,1970,-1.2538762,0.16243199,0.83756804,,,,,,
ZAR,1971,-1.2538762,0.16243199,0.83756804,,,,,,
ZAR,1972,-1.2538762,0.16243199,0.83756804,,,,,,
ZAR,1973,-1.2538762,0.16243199,0.83756804,,,,,,
ZAR,1974,-1.2538762,0.16243199,0.83756804,,,,,,
ZAR,1975,-1.2538762,0.16243199,0.83756804,,,,,,
ZAR,1976,-1.2538762,0.16243199,0.83756804,,,,,,
ZAR,1977,-1.2538762,0.16243199,0.83756804,,,,,,
ZAR,1978,-1.2538762,0.16243199,0.83756804,,,,,,
ZAR,1979,-1.2538762,0.16243199,0.83756804,,,,,,
ZAR,1980,-1.2538762,0.16243199,0.83756804,,,,,,
ZAR,1981,-1.2538762,0.16243199,0.83756804,,,,,,
ZAR,1982,-1.2538762,0.16243199,0.83756804,,,,,,
ZAR,1983,-1.9393721,0.0,1.0,,,,,,
ZAR,1984,-1.2538762,0.16243199,0.83756804,,,,,,
ZAR,1985,-1.2538762,0.16243199,0.83756804,,,,,,
ZAR,1986,-1.2538762,0.16243199,0.83756804,,,,,,
ZAR,1987,-1.2538762,0.16243199,0.83756804,,,,,,
ZAR,1988,-1.2538762,0.16243199,0.83756804,,,,,,
ZAR,1989,-1.2538762,0.16243199,0.83756804,,,,,,
ZAR,1990,-1.2538762,0.16243199,0.83756804,,,,,,
ZAR,1991,-1.2538762,0.16243199,0.83756804,,,,,,
ZAR,1992,-1.2538762,0.16243199,0.83756804,,,,,,
ZAR,1993,-1.2538762,0.16243199,0.83756804,,,,,,
ZAR,1994,-1.2538762,0.16243199,0.83756804,,,,,,
ZAR,1995,-1.2538762,0.16243199,0.83756804,,,,,,
ZAR,1996,-1.2538762,0.16243199,0.83756804,,,,,,
ZAR,1997,-1.0021038,0.22209083,0.77790916,,,,,,
ZAR,1998,-1.0021038,0.22209083,0.77790916,,,,,,
ZAR,1999,-1.0021038,0.22209083,0.77790916,,,,,,
ZAR,2000,-1.0021038,0.22209083,0.77790916,,,,,,
ZAR,2001,-1.0021038,0.22209083,0.77790916,,,,,,
ZAR,2002,-1.2538762,0.16243199,0.83756804,,,,,,
ZAR,2003,-1.2538762,0.16243199,0.83756804,,,,,,
ZAR,2004,-1.2538762,0.16243199,0.83756804,,,,,,
ZAR,2005,-1.2538762,0.16243199,0.83756804,,,,,,
ZAR,2006,-1.2538762,0.16243199,0.83756804,,,,,,
ZAR,2007,-1.2538762,0.16243199,0.83756804,,,,,,
ZAR,2008,-1.2538762,0.16243199,0.83756804,,,,,,
ZAR,2009,-1.2538762,0.16243199,0.83756804,,,,,,
ZAR,2010,-1.2538762,0.16243199,0.83756804,,,,,,
ZAR,2011,-1.2538762,0.16243199,0.83756804,,,,,,
ZAR,2012,-1.2538762,0.16243199,0.83756804,,,,,,
ZAR,2013,,,,,,,,,
ZAR,2014,,,,,,,,,
ZAR,2015,,,,,,,,,
ZAR,2016,,,,,,,,,
ZAR,2017,,,,,,,,,
ZAR,2018,-1.2538762,0.16243199,0.83756804,,,,,,
ZAR,2019,-1.2538762,0.16243199,0.83756804,,,,,,
ZAR,2020,-1.2538762,0.16243199,0.83756804,,,,,,
ZAR,2021,-1.2538762,0.16243199,0.83756804,,,,,,
ZAR,2022,-1.2538762,0.16243199,0.83756804,,,,,,
ZAR,2023,-1.2538762,0.16243199,0.83756804,,,,,,
ZMB,1970,-1.2538762,0.16243199,0.83756804,,,,,,
ZMB,1971,-1.2538762,0.16243199,0.83756804,,,,,,
ZMB,1972,-1.2538762,0.16243199,0.83756804,,,,,,
ZMB,1973,-1.2538762,0.16243199,0.83756804,,,,,,
ZMB,1974,-1.2538762,0.16243199,0.83756804,,,,,,
ZMB,1975,-1.2538762,0.16243199,0.83756804,,,,,,
ZMB,1976,-1.2538762,0.16243199,0.83756804,,,,,,
ZMB,1977,-1.2538762,0.16243199,0.83756804,,,,,,
ZMB,1978,-1.2538762,0.16243199,0.83756804,,,,,,
ZMB,1979,-1.2538762,0.16243199,0.83756804,,,,,,
ZMB,1980,-1.2538762,0.16243199,0.83756804,,,,,,
ZMB,1981,-1.2538762,0.16243199,0.83756804,,,,,,
ZMB,1982,-1.2538762,0.16243199,0.83756804,,,,,,
ZMB,1983,-1.9393721,0.0,1.0,,,,,,
ZMB,1984,-1.9393721,0.0,1.0,,,,,,
ZMB,1985,-1.2538762,0.16243199,0.83756804,,,,,,
ZMB,1986,-1.9393721,0.0,1.0,,,,,,
ZMB,1987,-1.2538762,0.16243199,0.83756804,,,,,,
ZMB,1988,-1.2538762,0.16243199,0.83756804,,,,,,
ZMB,1989,-1.2538762,0.16243199,0.83756804,,,,,,
ZMB,1990,-1.2538762,0.16243199,0.83756804,,,,,,
ZMB,1991,-1.2538762,0.16243199,0.83756804,,,,,,
ZMB,1992,-1.9393721,0.0,1.0,,,,,,
ZMB,1993,-1.9393721,0.0,1.0,,,,,,
ZMB,1994,-1.9393721,0.0,1.0,,,,,,
ZMB,1995,-1.9393721,0.0,1.0,,,,,,
ZMB,1996,1.2737408,0.76136464,0.23863536,,,,,,
ZMB,1997,0.8400174,0.6585915,0.3414085,,,,,,
ZMB,1998,1.0917898,0.71825033,0.28174967,,,,,,
ZMB,1999,2.029058,0.9403412,0.059658825,,,,,,
ZMB,2000,2.2808304,1.0,0.0,,,,,,
ZMB,2001,2.2808304,1.0,0.0,,,,,,
ZMB,2002,2.2808304,1.0,0.0,,,,,,
ZMB,2003,2.2808304,1.0,0.0,,,,,,
ZMB,2004,2.2808304,1.0,0.0,,,,,,
ZMB,2005,2.2808304,1.0,0.0,,,,,,
ZMB,2006,2.2808304,1.0,0.0,,,,,,
ZMB,2007,2.2808304,1.0,0.0,,,,,,
ZMB,2008,2.2808304,1.0,0.0,,,,,,
ZMB,2009,2.2808304,1.0,0.0,,,,,,
ZMB,2010,2.2808304,1.0,0.0,,,,,,
ZMB,2011,2.2808304,1.0,0.0,,,,,,
ZMB,2012,2.2808304,1.0,0.0,,,,,,
ZMB,2013,2.2808304,1.0,0.0,,,,,,
ZMB,2014,2.2808304,1.0,0.0,,,,,,
ZMB,2015,2.2808304,1.0,0.0,,,,,,
ZMB,2016,2.2808304,1.0,0.0,,,,,,
ZMB,2017,2.2808304,1.0,0.0,,,,,,
ZMB,2018,2.2808304,1.0,0.0,,,,,,
ZMB,2019,2.2808304,1.0,0.0,,,,,,
ZMB,2020,2.2808304,1.0,0.0,,,,,,
ZMB,2021,2.2808304,1.0,0.0,,,,,,
ZMB,2022,2.2808304,1.0,0.0,,,,,,
ZMB,2023,2.2808304,1.0,0.0,,,,,,
ZWE,1970,,,,,,,,,
ZWE,1971,,,,,,,,,
ZWE,1972,,,,,,,,,
ZWE,1973,,,,,,,,,
ZWE,1974,,,,,,,,,
ZWE,1975,,,,,,,,,
ZWE,1976,,,,,,,,,
ZWE,1977,,,,,,,,,
ZWE,1978,,,,,,,,,
ZWE,1979,,,,,,,,,
ZWE,1980,,,,,,,,,
ZWE,1981,,,,,,,,,
ZWE,1982,,,,,,,,,
ZWE,1983,,,,,,,,,
ZWE,1984,-1.9393721,0.0,1.0,,,,,,
ZWE,1985,-1.9393721,0.0,1.0,,,,,,
ZWE,1986,-1.9393721,0.0,1.0,,,,,,
ZWE,1987,-1.9393721,0.0,1.0,,,,,,
ZWE,1988,-1.9393721,0.0,1.0,,,,,,
ZWE,1989,-1.9393721,0.0,1.0,,,,,,
ZWE,1990,-1.9393721,0.0,1.0,,,,,,
ZWE,1991,-1.9393721,0.0,1.0,,,,,,
ZWE,1992,-1.9393721,0.0,1.0,,,,,,
ZWE,1993,-1.9393721,0.0,1.0,,,,,,
ZWE,1994,-1.2538762,0.16243199,0.83756804,,,,,,
ZWE,1995,-1.2538762,0.16243199,0.83756804,,,,,,
ZWE,1996,-1.2538762,0.16243199,0.83756804,,,,,,
ZWE,1997,-1.2538762,0.16243199,0.83756804,,,,,,
ZWE,1998,-1.2538762,0.16243199,0.83756804,,,,,,
ZWE,1999,-1.2538762,0.16243199,0.83756804,,,,,,
ZWE,2000,-1.2538762,0.16243199,0.83756804,,,,,,
ZWE,2001,-1.2538762,0.16243199,0.83756804,,,,,,
ZWE,2002,-1.2538762,0.16243199,0.83756804,,,,,,
ZWE,2003,-1.9393721,0.0,1.0,,,,,,
ZWE,2004,-1.9393721,0.0,1.0,,,,,,
ZWE,2005,-1.9393721,0.0,1.0,,,,,,
ZWE,2006,-1.9393721,0.0,1.0,,,,,,
ZWE,2007,-1.9393721,0.0,1.0,,,,,,
ZWE,2008,-1.9393721,0.0,1.0,,,,,,
ZWE,2009,-1.2538762,0.16243199,0.83756804,,,,,,
ZWE,2010,-0.17476626,0.41813296,0.58186704,,,,,,
ZWE,2011,-0.17476626,0.41813296,0.58186704,,,,,,
ZWE,2012,-0.17476626,0.41813296,0.58186704,,,,,,
ZWE,2013,-1.2538762,0.16243199,0.83756804,,,,,,
ZWE,2014,-1.2538762,0.16243199,0.83756804,,,,,,
ZWE,2015,-0.17476626,0.41813296,0.58186704,,,,,,
ZWE,2016,-0.17476626,0.41813296,0.58186704,,,,,,
ZWE,2017,-0.17476626,0.41813296,0.58186704,,,,,,
ZWE,2018,-0.17476626,0.41813296,0.58186704,,,,,,
ZWE,2019,-0.17476626,0.41813296,0.58186704,,,,,,
ZWE,2020,-0.17476626,0.41813296,0.58186704,,,,,,
ZWE,2021,-0.17476626,0.41813296,0.58186704,,,,,,
ZWE,2022,-0.17476626,0.41813296,0.58186704,,,,,,
ZWE,2023,-0.17476626,0.41813296,0.58186704,,,,,,
