year,S_sd_10,D_rise_10,S_jump_10,ISO3
1948,,,,ABW
1949,,,,ABW
1950,,,,ABW
1951,,,,ABW
1952,,,,ABW
1953,,,,ABW
1954,,,,ABW
1955,,,,ABW
1956,-0.0,0.0,,ABW
1957,-0.0,0.0,,ABW
1958,-0.0,0.0,,ABW
1959,-0.0,0.0,,ABW
1960,-0.0,0.0,,ABW
1961,-0.0,0.0,,ABW
1962,-0.0,0.0,,ABW
1963,-0.0,0.0,,ABW
1964,-0.0,0.0,,ABW
1965,-0.0,0.0,,ABW
1966,-0.0,0.0,,ABW
1967,-0.0,0.0,,ABW
1968,-0.0,0.0,,ABW
1969,-0.0,0.0,,ABW
1970,-0.0,0.0,,ABW
1971,-1.2,4.0,0.0,ABW
1972,-1.2,4.0,0.0,ABW
1973,-1.2,4.0,0.0,ABW
1974,-1.2,4.0,0.0,ABW
1975,-1.2,4.0,0.0,ABW
1976,-1.2,4.0,0.0,ABW
1977,-1.2,4.0,0.0,ABW
1978,-1.2,4.0,0.0,ABW
1979,-1.2,4.0,0.0,ABW
1980,-1.2,4.0,0.0,ABW
1981,-0.0,0.0,,ABW
1982,-0.0,0.0,,ABW
1983,-0.0,0.0,,ABW
1984,-0.0,0.0,,ABW
1985,-0.0,0.0,,ABW
1986,-0.0,0.0,,ABW
1987,-0.0,0.0,,ABW
1988,-0.0,0.0,,ABW
1989,-0.0,0.0,,ABW
1990,-0.0,0.0,,ABW
1991,-0.0,0.0,,ABW
1992,-0.0,0.0,,ABW
1993,-0.0,0.0,,ABW
1994,-0.0,0.0,,ABW
1995,-0.0,0.0,,ABW
1996,-0.0,0.0,,ABW
1997,-0.0,0.0,,ABW
1998,-0.0,0.0,,ABW
1999,-0.0,0.0,,ABW
2000,-0.0,0.0,,ABW
2001,-0.0,0.0,,ABW
2002,-0.0,0.0,,ABW
2003,-0.0,0.0,,ABW
2004,-0.0,0.0,,ABW
2005,-0.0,0.0,,ABW
2006,-0.0,0.0,,ABW
2007,-0.0,0.0,,ABW
2008,-0.0,0.0,,ABW
2009,-0.0,0.0,,ABW
2010,-0.0,0.0,,ABW
2011,-0.0,0.0,,ABW
2012,-0.0,0.0,,ABW
2013,-0.0,0.0,,ABW
2014,-0.0,0.0,,ABW
2015,-0.0,0.0,,ABW
2016,-0.0,0.0,,ABW
2017,-0.0,0.0,,ABW
2018,-0.0,0.0,,ABW
2019,-0.0,0.0,,ABW
2020,-0.0,0.0,,ABW
2021,-0.0,0.0,,ABW
2022,-0.0,0.0,,ABW
2023,-0.0,0.0,,ABW
1948,,,,AFG
1949,,,,AFG
1950,,,,AFG
1951,,,,AFG
1952,,,,AFG
1953,,,,AFG
1954,,,,AFG
1955,,,,AFG
1956,-0.0,0.0,,AFG
1957,-0.0,0.0,,AFG
1958,-0.0,0.0,,AFG
1959,-0.0,0.0,,AFG
1960,-0.0,0.0,,AFG
1961,-0.0,0.0,,AFG
1962,-0.0,0.0,,AFG
1963,-0.0,0.0,,AFG
1964,-0.0,0.0,,AFG
1965,-0.0,0.0,,AFG
1966,-0.0,0.0,,AFG
1967,-0.0,0.0,,AFG
1968,-0.0,0.0,,AFG
1969,-0.0,0.0,,AFG
1970,-0.0,0.0,,AFG
1971,-0.0,0.0,,AFG
1972,-0.0,0.0,,AFG
1973,-0.0,0.0,,AFG
1974,-0.0,0.0,,AFG
1975,-0.0,0.0,,AFG
1976,-0.0,0.0,,AFG
1977,-0.0,0.0,,AFG
1978,-0.0,0.0,,AFG
1979,-0.0,0.0,,AFG
1980,-0.0,0.0,,AFG
1981,-0.0,0.0,,AFG
1982,-0.0,0.0,,AFG
1983,-0.0,0.0,,AFG
1984,-0.0,0.0,,AFG
1985,-0.0,0.0,,AFG
1986,-0.0,0.0,,AFG
1987,-0.0,0.0,,AFG
1988,-0.0,0.0,,AFG
1989,-0.0,0.0,,AFG
1990,-0.0,0.0,,AFG
1991,-0.0,0.0,,AFG
1992,-0.0,0.0,,AFG
1993,-0.0,0.0,,AFG
1994,-0.0,0.0,,AFG
1995,-0.0,0.0,,AFG
1996,-0.0,0.0,,AFG
1997,-0.0,0.0,,AFG
1998,-0.0,0.0,,AFG
1999,-0.0,0.0,,AFG
2000,-0.0,0.0,,AFG
2001,-0.0,0.0,,AFG
2002,-0.0,0.0,,AFG
2003,-0.3,1.0,0.0,AFG
2004,-0.3,1.0,0.0,AFG
2005,-0.3,1.0,0.0,AFG
2006,-0.3,1.0,0.0,AFG
2007,-0.3,1.0,0.0,AFG
2008,-0.3,1.0,0.0,AFG
2009,-0.3,1.0,0.0,AFG
2010,-0.3,1.0,0.0,AFG
2011,-0.3,1.0,0.0,AFG
2012,-0.3,1.0,0.0,AFG
2013,-0.0,0.0,,AFG
2014,-0.0,0.0,,AFG
2015,-0.0,0.0,,AFG
2016,-0.0,0.0,,AFG
2017,-0.0,0.0,,AFG
2018,-0.0,0.0,,AFG
2019,-0.0,0.0,,AFG
2020,-0.0,0.0,,AFG
2021,-0.0,0.0,,AFG
2022,-0.0,0.0,,AFG
2023,-0.0,0.0,,AFG
1948,,,,AGO
1949,,,,AGO
1950,,,,AGO
1951,,,,AGO
1952,,,,AGO
1953,,,,AGO
1954,,,,AGO
1955,,,,AGO
1956,-0.0,0.0,,AGO
1957,-0.0,0.0,,AGO
1958,-0.0,0.0,,AGO
1959,-0.0,0.0,,AGO
1960,-0.0,0.0,,AGO
1961,-0.0,0.0,,AGO
1962,-0.0,0.0,,AGO
1963,-0.0,0.0,,AGO
1964,-0.0,0.0,,AGO
1965,-0.0,0.0,,AGO
1966,-0.0,0.0,,AGO
1967,-0.0,0.0,,AGO
1968,-0.0,0.0,,AGO
1969,-0.0,0.0,,AGO
1970,-0.0,0.0,,AGO
1971,-0.0,0.0,,AGO
1972,-0.0,0.0,,AGO
1973,-0.0,0.0,,AGO
1974,-0.0,0.0,,AGO
1975,-0.0,0.0,,AGO
1976,-0.0,0.0,,AGO
1977,-0.0,0.0,,AGO
1978,-0.0,0.0,,AGO
1979,-0.0,0.0,,AGO
1980,-0.0,0.0,,AGO
1981,-0.0,0.0,,AGO
1982,-0.2275862068965517,0.7586206896551724,0.0,AGO
1983,-0.2275862068965517,0.7586206896551724,0.0,AGO
1984,-0.2275862068965517,0.7586206896551724,0.0,AGO
1985,-0.2275862068965517,0.7586206896551724,0.0,AGO
1986,-0.2275862068965517,0.7586206896551724,0.0,AGO
1987,-0.2275862068965517,0.7586206896551724,0.0,AGO
1988,-0.2275862068965517,0.7586206896551724,0.0,AGO
1989,-0.2275862068965517,0.7586206896551724,0.0,AGO
1990,-0.2275862068965517,0.7586206896551724,0.0,AGO
1991,-0.2275862068965517,0.7586206896551724,0.0,AGO
1992,-0.0,0.0,,AGO
1993,-0.0,0.0,,AGO
1994,-0.6724137931034483,2.2413793103448274,0.0,AGO
1995,-0.6724137931034483,2.2413793103448274,0.0,AGO
1996,-0.6724137931034483,2.2413793103448274,0.0,AGO
1997,-0.6724137931034483,2.2413793103448274,0.0,AGO
1998,-0.6724137931034483,2.2413793103448274,0.0,AGO
1999,-0.6724137931034483,2.2413793103448274,0.0,AGO
2000,-0.6724137931034483,2.2413793103448274,0.0,AGO
2001,-0.6724137931034483,2.2413793103448274,0.0,AGO
2002,-0.6724137931034483,2.2413793103448274,0.0,AGO
2003,-0.6724137931034483,2.2413793103448274,0.0,AGO
2004,-0.0,0.0,,AGO
2005,-0.0,0.0,,AGO
2006,-0.0,0.0,,AGO
2007,-0.6174791914387633,0.0,,AGO
2008,-0.6174791914387633,0.0,,AGO
2009,-0.6174791914387633,0.0,,AGO
2010,-0.6174791914387633,0.0,,AGO
2011,-0.6174791914387633,0.0,,AGO
2012,-0.6174791914387633,0.0,,AGO
2013,-0.6174791914387633,0.0,,AGO
2014,-0.6174791914387633,0.0,,AGO
2015,-0.6174791914387633,0.0,,AGO
2016,-0.6174791914387633,0.0,,AGO
2017,-0.0,0.0,,AGO
2018,-0.0,0.0,,AGO
2019,-0.0,0.0,,AGO
2020,-0.6174791914387633,2.0582639714625444,0.0,AGO
2021,-0.6174791914387633,2.0582639714625444,0.0,AGO
2022,-0.6174791914387633,2.0582639714625444,0.0,AGO
2023,-0.6174791914387633,2.0582639714625444,0.0,AGO
1948,,,,AIA
1949,,,,AIA
1950,,,,AIA
1951,,,,AIA
1952,,,,AIA
1953,,,,AIA
1954,,,,AIA
1955,,,,AIA
1956,-0.0,0.0,,AIA
1957,-0.0,0.0,,AIA
1958,-0.0,0.0,,AIA
1959,-0.0,0.0,,AIA
1960,-0.0,0.0,,AIA
1961,-0.0,0.0,,AIA
1962,-0.0,0.0,,AIA
1963,-0.0,0.0,,AIA
1964,-0.0,0.0,,AIA
1965,-0.0,0.0,,AIA
1966,-0.0,0.0,,AIA
1967,-0.0,0.0,,AIA
1968,-0.0,0.0,,AIA
1969,-0.0,0.0,,AIA
1970,-0.0,0.0,,AIA
1971,-1.2,4.0,0.0,AIA
1972,-1.2,4.0,0.0,AIA
1973,-1.2,4.0,0.0,AIA
1974,-1.2,4.0,0.0,AIA
1975,-1.2,4.0,0.0,AIA
1976,-1.2,4.0,0.0,AIA
1977,-1.2,4.0,0.0,AIA
1978,-1.2,4.0,0.0,AIA
1979,-1.2,4.0,0.0,AIA
1980,-1.2,4.0,0.0,AIA
1981,-0.0,0.0,,AIA
1982,-0.0,0.0,,AIA
1983,-0.0,0.0,,AIA
1984,-0.0,0.0,,AIA
1985,-0.0,0.0,,AIA
1986,-0.0,0.0,,AIA
1987,-0.0,0.0,,AIA
1988,-0.0,0.0,,AIA
1989,-0.0,0.0,,AIA
1990,-0.0,0.0,,AIA
1991,-0.0,0.0,,AIA
1992,-0.0,0.0,,AIA
1993,-0.0,0.0,,AIA
1994,-0.0,0.0,,AIA
1995,-0.0,0.0,,AIA
1996,-0.0,0.0,,AIA
1997,-0.0,0.0,,AIA
1998,-0.0,0.0,,AIA
1999,-0.0,0.0,,AIA
2000,-0.0,0.0,,AIA
2001,-0.0,0.0,,AIA
2002,-0.0,0.0,,AIA
2003,-0.0,0.0,,AIA
2004,-0.0,0.0,,AIA
2005,-0.0,0.0,,AIA
2006,-0.0,0.0,,AIA
2007,-0.0,0.0,,AIA
2008,-0.0,0.0,,AIA
2009,-0.0,0.0,,AIA
2010,-0.0,0.0,,AIA
2011,-0.0,0.0,,AIA
2012,-0.0,0.0,,AIA
2013,-0.0,0.0,,AIA
2014,-0.0,0.0,,AIA
2015,-0.0,0.0,,AIA
2016,-0.0,0.0,,AIA
2017,-0.0,0.0,,AIA
2018,-0.0,0.0,,AIA
2019,-0.0,0.0,,AIA
2020,-0.0,0.0,,AIA
2021,-0.0,0.0,,AIA
2022,-0.0,0.0,,AIA
2023,-0.0,0.0,,AIA
1948,,,,ALB
1949,,,,ALB
1950,,,,ALB
1951,,,,ALB
1952,,,,ALB
1953,,,,ALB
1954,,,,ALB
1955,,,,ALB
1956,-0.0,0.0,,ALB
1957,-0.0,0.0,,ALB
1958,-0.0,0.0,,ALB
1959,-0.0,0.0,,ALB
1960,-0.0,0.0,,ALB
1961,-0.0,0.0,,ALB
1962,-0.0,0.0,,ALB
1963,-0.0,0.0,,ALB
1964,-0.0,0.0,,ALB
1965,-0.0,0.0,,ALB
1966,-0.0,0.0,,ALB
1967,-0.0,0.0,,ALB
1968,-0.0,0.0,,ALB
1969,-0.0,0.0,,ALB
1970,-0.0,0.0,,ALB
1971,-0.0,0.0,,ALB
1972,-0.0,0.0,,ALB
1973,-0.0,0.0,,ALB
1974,-0.0,0.0,,ALB
1975,-0.0,0.0,,ALB
1976,-0.0,0.0,,ALB
1977,-0.0,0.0,,ALB
1978,-0.0,0.0,,ALB
1979,-0.0,0.0,,ALB
1980,-0.0,0.0,,ALB
1981,-0.0,0.0,,ALB
1982,-0.0,0.0,,ALB
1983,-0.0,0.0,,ALB
1984,-0.0,0.0,,ALB
1985,-0.0,0.0,,ALB
1986,-0.0,0.0,,ALB
1987,-0.0,0.0,,ALB
1988,-0.0,0.0,,ALB
1989,-0.0,0.0,,ALB
1990,-0.0,0.0,,ALB
1991,-0.0,0.0,,ALB
1992,-0.0,0.0,,ALB
1993,-0.0,0.0,,ALB
1994,-0.0,0.0,,ALB
1995,-0.0,0.0,,ALB
1996,-0.0,0.0,,ALB
1997,-0.0,0.0,,ALB
1998,-0.0,0.0,,ALB
1999,-0.0,0.0,,ALB
2000,-0.0,0.0,,ALB
2001,-0.0,0.0,,ALB
2002,-0.4571428571428571,1.5238095238095235,0.0,ALB
2003,-0.5670314084243581,2.824124302726325,0.46043114237624616,ALB
2004,-0.5610133212689744,2.986141460174059,0.4897061830015573,ALB
2005,-0.5610133212689744,2.986141460174059,0.4897061830015573,ALB
2006,-0.5610133212689744,2.986141460174059,0.4897061830015573,ALB
2007,-0.975828204476139,6.0,0.49769024336234313,ALB
2008,-0.975828204476139,6.0,0.49769024336234313,ALB
2009,-0.975828204476139,6.0,0.49769024336234313,ALB
2010,-0.975828204476139,6.0,0.49769024336234313,ALB
2011,-0.975828204476139,6.0,0.49769024336234313,ALB
2012,-0.9379116836752177,4.476190476190476,0.32669117727292807,ALB
2013,-0.9000541213135932,3.175875697273675,0.051014955524492644,ALB
2014,-0.9041575619477824,3.013858539825941,0.0,ALB
2015,-0.9041575619477824,3.013858539825941,0.0,ALB
2016,-0.9041575619477824,3.013858539825941,0.0,ALB
2017,-0.0,0.0,,ALB
2018,-0.0,0.0,,ALB
2019,-0.0,0.0,,ALB
2020,-0.0,0.0,,ALB
2021,-0.0,0.0,,ALB
2022,-0.0,0.0,,ALB
2023,-0.0,0.0,,ALB
1948,,,,AND
1949,,,,AND
1950,,,,AND
1951,,,,AND
1952,,,,AND
1953,,,,AND
1954,,,,AND
1955,,,,AND
1956,-0.0,0.0,,AND
1957,-0.0,0.0,,AND
1958,-0.0,0.0,,AND
1959,-0.0,0.0,,AND
1960,-0.0,0.0,,AND
1961,-0.0,0.0,,AND
1962,-0.0,0.0,,AND
1963,-0.0,0.0,,AND
1964,-0.0,0.0,,AND
1965,-0.0,0.0,,AND
1966,-0.0,0.0,,AND
1967,-0.0,0.0,,AND
1968,-0.0,0.0,,AND
1969,-0.0,0.0,,AND
1970,-0.0,0.0,,AND
1971,-0.0,0.0,,AND
1972,-0.0,0.0,,AND
1973,-0.0,0.0,,AND
1974,-0.0,0.0,,AND
1975,-0.0,0.0,,AND
1976,-0.0,0.0,,AND
1977,-0.0,0.0,,AND
1978,-0.0,0.0,,AND
1979,-0.0,0.0,,AND
1980,-0.0,0.0,,AND
1981,-0.0,0.0,,AND
1982,-0.0,0.0,,AND
1983,-0.0,0.0,,AND
1984,-0.0,0.0,,AND
1985,-0.0,0.0,,AND
1986,-0.0,0.0,,AND
1987,-0.0,0.0,,AND
1988,-0.0,0.0,,AND
1989,-0.0,0.0,,AND
1990,-0.0,0.0,,AND
1991,-0.0,0.0,,AND
1992,-0.0,0.0,,AND
1993,-0.0,0.0,,AND
1994,-0.0,0.0,,AND
1995,-0.0,0.0,,AND
1996,-0.0,0.0,,AND
1997,-0.0,0.0,,AND
1998,-0.0,0.0,,AND
1999,-0.0,0.0,,AND
2000,-0.0,0.0,,AND
2001,-0.0,0.0,,AND
2002,-0.0,0.0,,AND
2003,-0.0,0.0,,AND
2004,-0.0,0.0,,AND
2005,-0.0,0.0,,AND
2006,-0.0,0.0,,AND
2007,-0.0,0.0,,AND
2008,-0.0,0.0,,AND
2009,-0.0,0.0,,AND
2010,-0.0,0.0,,AND
2011,-0.0,0.0,,AND
2012,-0.0,0.0,,AND
2013,-0.0,0.0,,AND
2014,-0.0,0.0,,AND
2015,-0.0,0.0,,AND
2016,-0.0,0.0,,AND
2017,-0.0,0.0,,AND
2018,-0.0,0.0,,AND
2019,-0.0,0.0,,AND
2020,-0.0,0.0,,AND
2021,-0.0,0.0,,AND
2022,-0.0,0.0,,AND
2023,-0.0,0.0,,AND
1948,,,,ARE
1949,,,,ARE
1950,,,,ARE
1951,,,,ARE
1952,,,,ARE
1953,,,,ARE
1954,,,,ARE
1955,,,,ARE
1956,-0.0,0.0,,ARE
1957,-0.0,0.0,,ARE
1958,-0.0,0.0,,ARE
1959,-0.0,0.0,,ARE
1960,-0.0,0.0,,ARE
1961,-0.0,0.0,,ARE
1962,-0.0,0.0,,ARE
1963,-0.0,0.0,,ARE
1964,-0.0,0.0,,ARE
1965,-0.0,0.0,,ARE
1966,-0.0,0.0,,ARE
1967,-0.0,0.0,,ARE
1968,-0.0,0.0,,ARE
1969,-0.0,0.0,,ARE
1970,-0.0,0.0,,ARE
1971,-0.0,0.0,,ARE
1972,-0.0,0.0,,ARE
1973,-0.0,0.0,,ARE
1974,-0.0,0.0,,ARE
1975,-0.0,0.0,,ARE
1976,-0.0,0.0,,ARE
1977,-0.0,0.0,,ARE
1978,-0.0,0.0,,ARE
1979,-0.0,0.0,,ARE
1980,-0.0,0.0,,ARE
1981,-0.0,0.0,,ARE
1982,-0.0,0.0,,ARE
1983,-0.0,0.0,,ARE
1984,-0.0,0.0,,ARE
1985,-0.0,0.0,,ARE
1986,-0.0,0.0,,ARE
1987,-0.0,0.0,,ARE
1988,-0.0,0.0,,ARE
1989,-0.0,0.0,,ARE
1990,-0.0,0.0,,ARE
1991,-0.0,0.0,,ARE
1992,-0.0,0.0,,ARE
1993,-0.0,0.0,,ARE
1994,-0.0,0.0,,ARE
1995,-0.0,0.0,,ARE
1996,-0.0,0.0,,ARE
1997,-0.0,0.0,,ARE
1998,-0.15238095238095237,0.5079365079365079,0.0,ARE
1999,-0.15238095238095237,0.5079365079365079,0.0,ARE
2000,-0.15238095238095237,0.5079365079365079,0.0,ARE
2001,-0.15238095238095237,0.5079365079365079,0.0,ARE
2002,-0.15238095238095237,0.5079365079365079,0.0,ARE
2003,-0.7462157827713389,3.0,0.1693121693121693,ARE
2004,-0.7462157827713389,3.0,0.1693121693121693,ARE
2005,-0.7462157827713389,3.0,0.1693121693121693,ARE
2006,-0.7462157827713389,3.0,0.1693121693121693,ARE
2007,-0.7462157827713389,3.0,0.1693121693121693,ARE
2008,-0.7476190476190476,2.492063492063492,0.0,ARE
2009,-0.8652047936505735,4.246741246741247,0.4131821678620551,ARE
2010,-0.8652047936505735,4.246741246741247,0.4131821678620551,ARE
2011,-0.8652047936505735,4.246741246741247,0.4131821678620551,ARE
2012,-0.8652047936505735,4.246741246741247,0.4131821678620551,ARE
2013,-0.6107144600756892,3.0,0.415107415107415,ARE
2014,-0.6107144600756892,3.0,0.415107415107415,ARE
2015,-0.6107144600756892,3.0,0.415107415107415,ARE
2016,-0.6107144600756892,3.0,0.415107415107415,ARE
2017,-0.6107144600756892,3.0,0.415107415107415,ARE
2018,-0.6107144600756892,3.0,0.415107415107415,ARE
2019,-0.37359667359667353,1.245322245322245,0.0,ARE
2020,-0.37359667359667353,1.245322245322245,0.0,ARE
2021,-0.37359667359667353,1.245322245322245,0.0,ARE
2022,-0.37359667359667353,1.245322245322245,0.0,ARE
2023,-0.0,0.0,,ARE
1948,,,,ARG
1949,,,,ARG
1950,,,,ARG
1951,,,,ARG
1952,,,,ARG
1953,,,,ARG
1954,,,,ARG
1955,,,,ARG
1956,-0.0,0.0,,ARG
1957,-0.0,0.0,,ARG
1958,-0.0,0.0,,ARG
1959,-0.0,0.0,,ARG
1960,-0.0,0.0,,ARG
1961,-0.0,0.0,,ARG
1962,-0.0,0.0,,ARG
1963,-0.0,0.0,,ARG
1964,-0.0,0.0,,ARG
1965,-0.0,0.0,,ARG
1966,-0.0,0.0,,ARG
1967,-0.0,0.0,,ARG
1968,-0.0,0.0,,ARG
1969,-0.0,0.0,,ARG
1970,-0.0,0.0,,ARG
1971,-0.0,0.0,,ARG
1972,-0.0,0.0,,ARG
1973,-0.0,0.0,,ARG
1974,-0.0,0.0,,ARG
1975,-0.0,0.0,,ARG
1976,-0.0,0.0,,ARG
1977,-0.0,0.0,,ARG
1978,-0.0,0.0,,ARG
1979,-0.0,0.0,,ARG
1980,-0.0,0.0,,ARG
1981,-0.0,0.0,,ARG
1982,-0.0,0.0,,ARG
1983,-0.0,0.0,,ARG
1984,-0.0,0.0,,ARG
1985,-0.0,0.0,,ARG
1986,-0.0,0.0,,ARG
1987,-0.4523809523809524,1.507936507936508,0.0,ARG
1988,-0.4523809523809524,1.507936507936508,0.0,ARG
1989,-0.4523809523809524,1.507936507936508,0.0,ARG
1990,-0.4523809523809524,1.507936507936508,0.0,ARG
1991,-1.373044315697691,6.0,0.2513227513227513,ARG
1992,-1.373044315697691,6.0,0.2513227513227513,ARG
1993,-1.373044315697691,6.0,0.2513227513227513,ARG
1994,-1.373044315697691,6.0,0.2513227513227513,ARG
1995,-1.373044315697691,6.0,0.2513227513227513,ARG
1996,-1.373044315697691,6.0,0.2513227513227513,ARG
1997,-1.3476190476190475,4.492063492063492,0.0,ARG
1998,-1.3476190476190475,4.492063492063492,0.0,ARG
1999,-1.3476190476190475,4.492063492063492,0.0,ARG
2000,-1.3476190476190475,4.492063492063492,0.0,ARG
2001,-0.0,0.0,,ARG
2002,-0.0,0.0,,ARG
2003,-0.0,0.0,,ARG
2004,-0.0,0.0,,ARG
2005,-0.0,0.0,,ARG
2006,-0.0,0.0,,ARG
2007,-0.0,0.0,,ARG
2008,-0.0,0.0,,ARG
2009,-0.0,0.0,,ARG
2010,-0.0,0.0,,ARG
2011,-0.0,0.0,,ARG
2012,-0.0,0.0,,ARG
2013,-0.0,0.0,,ARG
2014,-0.0,0.0,,ARG
2015,-0.0,0.0,,ARG
2016,-0.0,0.0,,ARG
2017,-0.0,0.0,,ARG
2018,-0.0,0.0,,ARG
2019,-0.0,0.0,,ARG
2020,-0.0,0.0,,ARG
2021,-0.0,0.0,,ARG
2022,-0.0,0.0,,ARG
2023,-0.0,0.0,,ARG
1948,,,,ARM
1949,,,,ARM
1950,,,,ARM
1951,,,,ARM
1952,,,,ARM
1953,,,,ARM
1954,,,,ARM
1955,,,,ARM
1956,-0.0,0.0,,ARM
1957,-0.0,0.0,,ARM
1958,-0.0,0.0,,ARM
1959,-0.0,0.0,,ARM
1960,-0.0,0.0,,ARM
1961,-0.0,0.0,,ARM
1962,-0.0,0.0,,ARM
1963,-0.0,0.0,,ARM
1964,-0.0,0.0,,ARM
1965,-0.0,0.0,,ARM
1966,-0.0,0.0,,ARM
1967,-0.0,0.0,,ARM
1968,-0.0,0.0,,ARM
1969,-0.0,0.0,,ARM
1970,-0.0,0.0,,ARM
1971,-0.0,0.0,,ARM
1972,-0.0,0.0,,ARM
1973,-0.0,0.0,,ARM
1974,-0.0,0.0,,ARM
1975,-0.0,0.0,,ARM
1976,-0.0,0.0,,ARM
1977,-0.0,0.0,,ARM
1978,-0.0,0.0,,ARM
1979,-0.0,0.0,,ARM
1980,-0.0,0.0,,ARM
1981,-0.0,0.0,,ARM
1982,-0.0,0.0,,ARM
1983,-0.0,0.0,,ARM
1984,-0.0,0.0,,ARM
1985,-0.0,0.0,,ARM
1986,-0.0,0.0,,ARM
1987,-0.0,0.0,,ARM
1988,-0.0,0.0,,ARM
1989,-0.0,0.0,,ARM
1990,-0.0,0.0,,ARM
1991,-0.0,0.0,,ARM
1992,-0.0,0.0,,ARM
1993,-0.3,1.0,0.0,ARM
1994,-0.9165151389911681,4.0,0.25,ARM
1995,-0.9165151389911681,4.0,0.25,ARM
1996,-0.9165151389911681,4.0,0.25,ARM
1997,-0.9165151389911681,4.0,0.25,ARM
1998,-0.9165151389911681,4.0,0.25,ARM
1999,-0.9165151389911681,4.0,0.25,ARM
2000,-0.9165151389911681,4.0,0.25,ARM
2001,-0.9165151389911681,4.0,0.25,ARM
2002,-0.9165151389911681,4.0,0.25,ARM
2003,-0.9,3.0,0.0,ARM
2004,-0.0,0.0,,ARM
2005,-0.0,0.0,,ARM
2006,-0.0,0.0,,ARM
2007,-0.0,0.0,,ARM
2008,-0.0,0.0,,ARM
2009,-0.0,0.0,,ARM
2010,-0.0,0.0,,ARM
2011,-0.0,0.0,,ARM
2012,-0.3,0.0,,ARM
2013,-0.3,0.0,,ARM
2014,-0.3,0.0,,ARM
2015,-0.9797958971132712,3.0,0.0,ARM
2016,-0.9797958971132712,3.0,0.0,ARM
2017,-0.9797958971132712,3.0,0.0,ARM
2018,-0.9797958971132712,3.0,0.0,ARM
2019,-0.9797958971132712,3.0,0.0,ARM
2020,-0.9797958971132712,3.0,0.0,ARM
2021,-0.9797958971132712,3.0,0.0,ARM
2022,-0.9,3.0,0.0,ARM
2023,-0.9,3.0,0.0,ARM
1948,,,,ATG
1949,,,,ATG
1950,,,,ATG
1951,,,,ATG
1952,,,,ATG
1953,,,,ATG
1954,,,,ATG
1955,,,,ATG
1956,-0.0,0.0,,ATG
1957,-0.0,0.0,,ATG
1958,-0.0,0.0,,ATG
1959,-0.0,0.0,,ATG
1960,-0.0,0.0,,ATG
1961,-0.0,0.0,,ATG
1962,-0.0,0.0,,ATG
1963,-0.0,0.0,,ATG
1964,-0.0,0.0,,ATG
1965,-0.0,0.0,,ATG
1966,-0.0,0.0,,ATG
1967,-0.0,0.0,,ATG
1968,-0.15238095238095237,0.5079365079365079,0.0,ATG
1969,-0.15238095238095237,0.5079365079365079,0.0,ATG
1970,-0.15238095238095237,0.5079365079365079,0.0,ATG
1971,-0.15238095238095237,0.5079365079365079,0.0,ATG
1972,-0.15238095238095237,0.5079365079365079,0.0,ATG
1973,-0.2594394213280809,1.2665571975916805,0.40103716508210885,ATG
1974,-0.6802002797219433,3.507936507936508,0.36105476673427994,ATG
1975,-0.6802002797219433,3.507936507936508,0.36105476673427994,ATG
1976,-0.6802002797219433,3.507936507936508,0.36105476673427994,ATG
1977,-0.6802002797219433,3.507936507936508,0.36105476673427994,ATG
1978,-0.6855134253692442,3.0,0.25287356321839083,ATG
1979,-0.6855134253692442,3.0,0.25287356321839083,ATG
1980,-0.6855134253692442,3.0,0.25287356321839083,ATG
1981,-0.6855134253692442,3.0,0.25287356321839083,ATG
1982,-0.6855134253692442,3.0,0.25287356321839083,ATG
1983,-0.6724137931034482,2.2413793103448274,0.0,ATG
1984,-0.0,0.0,,ATG
1985,-0.0,0.0,,ATG
1986,-0.0,0.0,,ATG
1987,-0.0,0.0,,ATG
1988,-0.0,0.0,,ATG
1989,-0.0,0.0,,ATG
1990,-0.0,0.0,,ATG
1991,-0.0,0.0,,ATG
1992,-0.0,0.0,,ATG
1993,-0.07498110355253215,0.24993701184177386,,ATG
1994,-0.07498110355253215,0.24993701184177386,,ATG
1995,-0.07980395770711726,0.3729218906845513,,ATG
1996,-0.07980395770711726,0.3729218906845513,,ATG
1997,-0.07980395770711726,0.3729218906845513,,ATG
1998,-0.07980395770711726,0.3729218906845513,,ATG
1999,-0.07980395770711726,0.3729218906845513,,ATG
2000,-0.07980395770711726,0.3729218906845513,,ATG
2001,-0.1847051970528602,0.9711526634101375,0.3839992461896372,ATG
2002,-0.1847051970528602,0.9711526634101375,0.3839992461896372,ATG
2003,-0.1791619759472156,0.7212156515683636,0.17052441745452018,ATG
2004,-0.1791619759472156,0.7212156515683636,0.17052441745452018,ATG
2005,-0.1787584978954828,0.6248344275806814,0.04257712712486539,ATG
2006,-0.17869479971300886,0.626680997503986,0.0453982566755885,ATG
2007,-0.17869479971300886,0.626680997503986,0.0453982566755885,ATG
2008,-0.46227197223683025,2.119141601378941,0.2957239842284254,ATG
2009,-0.46227197223683025,2.119141601378941,0.2957239842284254,ATG
2010,-0.46227197223683025,2.119141601378941,0.2957239842284254,ATG
2011,-0.4468593563437407,1.5209108286533546,0.018706043932628313,ATG
2012,-0.4468593563437407,1.5209108286533546,0.018706043932628313,ATG
2013,-0.4468593563437407,1.5209108286533546,0.018706043932628313,ATG
2014,-0.4468593563437407,1.5209108286533546,0.018706043932628313,ATG
2015,-0.4476769673517706,1.4943071737982594,0.0012357365043030866,ATG
2016,-0.4477381811624865,1.4924606038749548,0.0,ATG
2017,-0.4477381811624865,1.4924606038749548,0.0,ATG
2018,-0.0,0.0,,ATG
2019,-0.0,0.0,,ATG
2020,-0.0,0.0,,ATG
2021,-0.0,0.0,,ATG
2022,-0.0,0.0,,ATG
2023,-0.0,0.0,,ATG
1948,,,,AUS
1949,,,,AUS
1950,,,,AUS
1951,,,,AUS
1952,,,,AUS
1953,,,,AUS
1954,,,,AUS
1955,,,,AUS
1956,-0.0,0.0,,AUS
1957,-0.0,0.0,,AUS
1958,-0.0,0.0,,AUS
1959,-0.0,0.0,,AUS
1960,-0.0,0.0,,AUS
1961,-0.0,0.0,,AUS
1962,-0.0,0.0,,AUS
1963,-0.0,0.0,,AUS
1964,-0.0,0.0,,AUS
1965,-0.0,0.0,,AUS
1966,-0.0,0.0,,AUS
1967,-0.0,0.0,,AUS
1968,-0.0,0.0,,AUS
1969,-0.0,0.0,,AUS
1970,-0.0,0.0,,AUS
1971,-0.0,0.0,,AUS
1972,-0.0,0.0,,AUS
1973,-0.0,0.0,,AUS
1974,-0.0,0.0,,AUS
1975,-0.0,0.0,,AUS
1976,-0.0,0.0,,AUS
1977,-0.0,0.0,,AUS
1978,-0.0,0.0,,AUS
1979,-0.0,0.0,,AUS
1980,-0.0,0.0,,AUS
1981,-0.15238095238095237,0.5079365079365079,0.0,AUS
1982,-0.15238095238095237,0.5079365079365079,0.0,AUS
1983,-0.25925745224574054,1.2658100277147897,0.4012738853503184,AUS
1984,-0.25925745224574054,1.2658100277147897,0.4012738853503184,AUS
1985,-0.25925745224574054,1.2658100277147897,0.4012738853503184,AUS
1986,-0.25925745224574054,1.2658100277147897,0.4012738853503184,AUS
1987,-0.25925745224574054,1.2658100277147897,0.4012738853503184,AUS
1988,-0.25925745224574054,1.2658100277147897,0.4012738853503184,AUS
1989,-0.338742491169087,2.146668426335849,0.5896625730296888,AUS
1990,-0.338742491169087,2.146668426335849,0.5896625730296888,AUS
1991,-0.32889809369534206,1.638731918399341,0.4624755954705194,AUS
1992,-0.32889809369534206,1.638731918399341,0.4624755954705194,AUS
1993,-0.26425751958631777,0.8808583986210592,0.0,AUS
1994,-0.26425751958631777,0.8808583986210592,0.0,AUS
1995,-0.26425751958631777,0.8808583986210592,0.0,AUS
1996,-0.26425751958631777,0.8808583986210592,0.0,AUS
1997,-0.26425751958631777,0.8808583986210592,0.0,AUS
1998,-0.26425751958631777,0.8808583986210592,0.0,AUS
1999,-0.0,0.0,,AUS
2000,-0.0,0.0,,AUS
2001,-0.0,0.0,,AUS
2002,-0.0,0.0,,AUS
2003,-1.0833615280327298,3.611205093442433,0.0,AUS
2004,-1.0833615280327298,3.611205093442433,0.0,AUS
2005,-1.0777110483645151,3.853331573664151,0.062835620447653,AUS
2006,-1.0777110483645151,3.853331573664151,0.062835620447653,AUS
2007,-1.0777110483645151,3.853331573664151,0.062835620447653,AUS
2008,-1.0777110483645151,3.853331573664151,0.062835620447653,AUS
2009,-1.0777110483645151,3.853331573664151,0.062835620447653,AUS
2010,-1.0777110483645151,3.853331573664151,0.062835620447653,AUS
2011,-1.0777110483645151,3.853331573664151,0.062835620447653,AUS
2012,-1.0777110483645151,3.853331573664151,0.062835620447653,AUS
2013,-0.07263794406651539,0.24212648022171823,,AUS
2014,-0.07263794406651539,0.24212648022171823,,AUS
2015,-0.0,0.0,,AUS
2016,-0.0,0.0,,AUS
2017,-0.0,0.0,,AUS
2018,-0.0,0.0,,AUS
2019,-0.0,0.0,,AUS
2020,-0.0,0.0,,AUS
2021,-0.0,0.0,,AUS
2022,-0.0,0.0,,AUS
2023,-0.0,0.0,,AUS
1948,,,,AUT
1949,,,,AUT
1950,,,,AUT
1951,,,,AUT
1952,,,,AUT
1953,,,,AUT
1954,,,,AUT
1955,,,,AUT
1956,-0.0,0.0,,AUT
1957,-0.0,0.0,,AUT
1958,-0.0,0.0,,AUT
1959,-0.0,0.0,,AUT
1960,-1.8000000000000003,6.0,0.0,AUT
1961,-1.8000000000000003,6.0,0.0,AUT
1962,-1.8000000000000003,6.0,0.0,AUT
1963,-1.8000000000000003,6.0,0.0,AUT
1964,-1.8000000000000003,6.0,0.0,AUT
1965,-1.8000000000000003,6.0,0.0,AUT
1966,-1.8000000000000003,6.0,0.0,AUT
1967,-1.8000000000000003,6.0,0.0,AUT
1968,-1.8000000000000003,6.0,0.0,AUT
1969,-1.8000000000000003,6.0,0.0,AUT
1970,-0.0,0.0,,AUT
1971,-0.0,0.0,,AUT
1972,-0.0,0.0,,AUT
1973,-0.0,0.0,,AUT
1974,-0.0,0.0,,AUT
1975,-0.0,0.0,,AUT
1976,-0.0,0.0,,AUT
1977,-0.0,0.0,,AUT
1978,-0.0,0.0,,AUT
1979,-0.0,0.0,,AUT
1980,-0.0,0.0,,AUT
1981,-0.0,0.0,,AUT
1982,-0.0,0.0,,AUT
1983,-0.0,0.0,,AUT
1984,-0.0,0.0,,AUT
1985,-0.0,0.0,,AUT
1986,-0.0,0.0,,AUT
1987,-0.0,0.0,,AUT
1988,-0.0,0.0,,AUT
1989,-0.0,0.0,,AUT
1990,-0.0,0.0,,AUT
1991,-0.0,0.0,,AUT
1992,-0.0,0.0,,AUT
1993,-0.0,0.0,,AUT
1994,-0.0,0.0,,AUT
1995,-0.0,0.0,,AUT
1996,-0.0,0.0,,AUT
1997,-0.0,0.0,,AUT
1998,-0.0,0.0,,AUT
1999,-0.0,0.0,,AUT
2000,-0.0,0.0,,AUT
2001,-0.0,0.0,,AUT
2002,-0.0,0.0,,AUT
2003,-0.0,0.0,,AUT
2004,-0.0,0.0,,AUT
2005,-0.0,0.0,,AUT
2006,-0.0,0.0,,AUT
2007,-0.0,0.0,,AUT
2008,-0.0,0.0,,AUT
2009,-0.0,0.0,,AUT
2010,-0.0,0.0,,AUT
2011,-0.0,0.0,,AUT
2012,-0.0,0.0,,AUT
2013,-0.0,0.0,,AUT
2014,-0.0,0.0,,AUT
2015,-0.0,0.0,,AUT
2016,-0.0,0.0,,AUT
2017,-0.0,0.0,,AUT
2018,-0.0,0.0,,AUT
2019,-0.0,0.0,,AUT
2020,-0.0,0.0,,AUT
2021,-0.0,0.0,,AUT
2022,-0.0,0.0,,AUT
2023,-0.0,0.0,,AUT
1948,,,,AZE
1949,,,,AZE
1950,,,,AZE
1951,,,,AZE
1952,,,,AZE
1953,,,,AZE
1954,,,,AZE
1955,,,,AZE
1956,-0.0,0.0,,AZE
1957,-0.0,0.0,,AZE
1958,-0.0,0.0,,AZE
1959,-0.0,0.0,,AZE
1960,-0.0,0.0,,AZE
1961,-0.0,0.0,,AZE
1962,-0.0,0.0,,AZE
1963,-0.0,0.0,,AZE
1964,-0.0,0.0,,AZE
1965,-0.0,0.0,,AZE
1966,-0.0,0.0,,AZE
1967,-0.0,0.0,,AZE
1968,-0.0,0.0,,AZE
1969,-0.0,0.0,,AZE
1970,-0.0,0.0,,AZE
1971,-0.0,0.0,,AZE
1972,-0.0,0.0,,AZE
1973,-0.0,0.0,,AZE
1974,-0.0,0.0,,AZE
1975,-0.0,0.0,,AZE
1976,-0.0,0.0,,AZE
1977,-0.0,0.0,,AZE
1978,-0.0,0.0,,AZE
1979,-0.0,0.0,,AZE
1980,-0.0,0.0,,AZE
1981,-0.0,0.0,,AZE
1982,-0.0,0.0,,AZE
1983,-0.0,0.0,,AZE
1984,-0.0,0.0,,AZE
1985,-0.0,0.0,,AZE
1986,-0.0,0.0,,AZE
1987,-0.0,0.0,,AZE
1988,-0.0,0.0,,AZE
1989,-0.0,0.0,,AZE
1990,-0.0,0.0,,AZE
1991,-0.0,0.0,,AZE
1992,-0.0,0.0,,AZE
1993,-0.3,1.0,0.0,AZE
1994,-0.35584135197649047,1.7586206896551724,0.43137254901960786,AZE
1995,-0.35584135197649047,1.7586206896551724,0.43137254901960786,AZE
1996,-0.7070563318162665,4.0,0.43965517241379315,AZE
1997,-0.7070563318162665,4.0,0.43965517241379315,AZE
1998,-0.7070563318162665,4.0,0.43965517241379315,AZE
1999,-0.7070563318162665,4.0,0.43965517241379315,AZE
2000,-0.7070563318162665,4.0,0.43965517241379315,AZE
2001,-0.7070563318162665,4.0,0.43965517241379315,AZE
2002,-0.7070563318162665,4.0,0.43965517241379315,AZE
2003,-0.7070563318162665,4.0,0.43965517241379315,AZE
2004,-0.7052040293056119,3.2413793103448274,0.3085106382978724,AZE
2005,-0.7052040293056119,3.2413793103448274,0.3085106382978724,AZE
2006,-0.30000000000000004,1.0,0.0,AZE
2007,-0.30000000000000004,1.0,0.0,AZE
2008,-0.30000000000000004,1.0,0.0,AZE
2009,-0.30000000000000004,1.0,0.0,AZE
2010,-0.30000000000000004,1.0,0.0,AZE
2011,-0.30000000000000004,1.0,0.0,AZE
2012,-0.30000000000000004,1.0,0.0,AZE
2013,-0.0,0.0,,AZE
2014,-0.0,0.0,,AZE
2015,-0.0,0.0,,AZE
2016,-0.0,0.0,,AZE
2017,-0.0,0.0,,AZE
2018,-0.0,0.0,,AZE
2019,-0.0,0.0,,AZE
2020,-0.0,0.0,,AZE
2021,-0.0,0.0,,AZE
2022,-0.0,0.0,,AZE
2023,-0.0,0.0,,AZE
1948,,,,BDI
1949,,,,BDI
1950,,,,BDI
1951,,,,BDI
1952,,,,BDI
1953,,,,BDI
1954,,,,BDI
1955,,,,BDI
1956,-0.0,0.0,,BDI
1957,-0.0,0.0,,BDI
1958,-0.0,0.0,,BDI
1959,-0.0,0.0,,BDI
1960,-0.0,0.0,,BDI
1961,-0.0,0.0,,BDI
1962,-0.0,0.0,,BDI
1963,-0.0,0.0,,BDI
1964,-0.0,0.0,,BDI
1965,-0.0,0.0,,BDI
1966,-0.0,0.0,,BDI
1967,-0.0,0.0,,BDI
1968,-0.0,0.0,,BDI
1969,-0.0,0.0,,BDI
1970,-0.0,0.0,,BDI
1971,-0.0,0.0,,BDI
1972,-0.0,0.0,,BDI
1973,-0.0,0.0,,BDI
1974,-0.0,0.0,,BDI
1975,-0.0,0.0,,BDI
1976,-0.0,0.0,,BDI
1977,-0.0,0.0,,BDI
1978,-0.0,0.0,,BDI
1979,-0.0,0.0,,BDI
1980,-0.0,0.0,,BDI
1981,-0.0,0.0,,BDI
1982,-0.2275862068965517,0.7586206896551724,0.0,BDI
1983,-0.2275862068965517,0.7586206896551724,0.0,BDI
1984,-0.48575425249490567,2.275862068965517,0.33333333333333337,BDI
1985,-0.48575425249490567,2.275862068965517,0.33333333333333337,BDI
1986,-0.48575425249490567,2.275862068965517,0.33333333333333337,BDI
1987,-0.48575425249490567,2.275862068965517,0.33333333333333337,BDI
1988,-0.48575425249490567,2.275862068965517,0.33333333333333337,BDI
1989,-0.48575425249490567,2.275862068965517,0.33333333333333337,BDI
1990,-0.48575425249490567,2.275862068965517,0.33333333333333337,BDI
1991,-0.48575425249490567,2.275862068965517,0.33333333333333337,BDI
1992,-0.45517241379310336,1.5172413793103445,0.0,BDI
1993,-0.45517241379310336,1.5172413793103445,0.0,BDI
1994,-0.4448275862068967,1.4827586206896557,0.0,BDI
1995,-0.4448275862068967,1.4827586206896557,0.0,BDI
1996,-0.4448275862068967,1.4827586206896557,0.0,BDI
1997,-0.4448275862068967,1.4827586206896557,0.0,BDI
1998,-0.4448275862068967,1.4827586206896557,0.0,BDI
1999,-0.4448275862068967,1.4827586206896557,0.0,BDI
2000,-0.4448275862068967,1.4827586206896557,0.0,BDI
2001,-0.4448275862068967,1.4827586206896557,0.0,BDI
2002,-0.4448275862068967,1.4827586206896557,0.0,BDI
2003,-0.4448275862068967,1.4827586206896557,0.0,BDI
2004,-0.0,0.0,,BDI
2005,-0.0,0.0,,BDI
2006,-0.0,0.0,,BDI
2007,-0.0,0.0,,BDI
2008,-0.0,0.0,,BDI
2009,-0.0,0.0,,BDI
2010,-0.0,0.0,,BDI
2011,-0.0,0.0,,BDI
2012,-0.0,0.0,,BDI
2013,-0.0,0.0,,BDI
2014,-0.0,0.0,,BDI
2015,-0.0,0.0,,BDI
2016,-0.0,0.0,,BDI
2017,-0.0,0.0,,BDI
2018,-0.0,0.0,,BDI
2019,-0.0,0.0,,BDI
2020,-0.07241379310344823,0.2413793103448274,,BDI
2021,-0.07241379310344823,0.2413793103448274,,BDI
2022,-0.07241379310344823,0.2413793103448274,,BDI
2023,-0.07241379310344823,0.2413793103448274,,BDI
1948,,,,BEL
1949,,,,BEL
1950,,,,BEL
1951,,,,BEL
1952,,,,BEL
1953,,,,BEL
1954,,,,BEL
1955,,,,BEL
1956,-0.0,0.0,,BEL
1957,-0.0,0.0,,BEL
1958,-1.5,5.0,0.0,BEL
1959,-1.5,5.0,0.0,BEL
1960,-1.4910846164230027,5.666666666666666,0.11764705882352933,BEL
1961,-1.4910846164230027,5.666666666666666,0.11764705882352933,BEL
1962,-1.4910846164230027,5.666666666666666,0.11764705882352933,BEL
1963,-1.4910846164230027,5.666666666666666,0.11764705882352933,BEL
1964,-1.4910846164230027,5.666666666666666,0.11764705882352933,BEL
1965,-1.4910846164230027,5.666666666666666,0.11764705882352933,BEL
1966,-1.4910846164230027,5.666666666666666,0.11764705882352933,BEL
1967,-1.4910846164230027,5.666666666666666,0.11764705882352933,BEL
1968,-0.19999999999999954,0.6666666666666661,0.0,BEL
1969,-0.19999999999999954,0.6666666666666661,0.0,BEL
1970,-0.0,0.0,,BEL
1971,-0.0,0.0,,BEL
1972,-0.0,0.0,,BEL
1973,-0.10000000000000017,0.3333333333333339,,BEL
1974,-0.10000000000000017,0.3333333333333339,,BEL
1975,-0.10000000000000017,0.3333333333333339,,BEL
1976,-0.10000000000000017,0.3333333333333339,,BEL
1977,-0.10000000000000017,0.3333333333333339,,BEL
1978,-0.10000000000000017,0.3333333333333339,,BEL
1979,-0.10000000000000017,0.3333333333333339,,BEL
1980,-0.10000000000000017,0.3333333333333339,,BEL
1981,-0.10000000000000017,0.3333333333333339,,BEL
1982,-0.10000000000000017,0.3333333333333339,,BEL
1983,-0.0,0.0,,BEL
1984,-0.0,0.0,,BEL
1985,-0.0,0.0,,BEL
1986,-0.0,0.0,,BEL
1987,-0.0,0.0,,BEL
1988,-0.0,0.0,,BEL
1989,-0.0,0.0,,BEL
1990,-0.0,0.0,,BEL
1991,-0.0,0.0,,BEL
1992,-0.0,0.0,,BEL
1993,-0.0,0.0,,BEL
1994,-0.0,0.0,,BEL
1995,-0.0,0.0,,BEL
1996,-0.0,0.0,,BEL
1997,-0.0,0.0,,BEL
1998,-0.0,0.0,,BEL
1999,-0.0,0.0,,BEL
2000,-0.0,0.0,,BEL
2001,-0.0,0.0,,BEL
2002,-0.0,0.0,,BEL
2003,-0.0,0.0,,BEL
2004,-0.0,0.0,,BEL
2005,-0.0,0.0,,BEL
2006,-0.0,0.0,,BEL
2007,-0.0,0.0,,BEL
2008,-0.0,0.0,,BEL
2009,-0.0,0.0,,BEL
2010,-0.0,0.0,,BEL
2011,-0.0,0.0,,BEL
2012,-0.0,0.0,,BEL
2013,-0.0,0.0,,BEL
2014,-0.0,0.0,,BEL
2015,-0.0,0.0,,BEL
2016,-0.0,0.0,,BEL
2017,-0.0,0.0,,BEL
2018,-0.0,0.0,,BEL
2019,-0.0,0.0,,BEL
2020,-0.0,0.0,,BEL
2021,-0.0,0.0,,BEL
2022,-0.0,0.0,,BEL
2023,-0.0,0.0,,BEL
1948,,,,BEN
1949,,,,BEN
1950,,,,BEN
1951,,,,BEN
1952,,,,BEN
1953,,,,BEN
1954,,,,BEN
1955,,,,BEN
1956,-0.0,0.0,,BEN
1957,-0.0,0.0,,BEN
1958,-0.0,0.0,,BEN
1959,-0.0,0.0,,BEN
1960,-0.0,0.0,,BEN
1961,-0.0,0.0,,BEN
1962,-0.0,0.0,,BEN
1963,-0.0,0.0,,BEN
1964,-0.0,0.0,,BEN
1965,-0.0,0.0,,BEN
1966,-0.0,0.0,,BEN
1967,-0.0,0.0,,BEN
1968,-0.0,0.0,,BEN
1969,-0.0,0.0,,BEN
1970,-0.0,0.0,,BEN
1971,-0.0,0.0,,BEN
1972,-0.0,0.0,,BEN
1973,-0.0,0.0,,BEN
1974,-0.0,0.0,,BEN
1975,-0.0,0.0,,BEN
1976,-0.0,0.0,,BEN
1977,-0.0,0.0,,BEN
1978,-0.0,0.0,,BEN
1979,-0.0,0.0,,BEN
1980,-0.0,0.0,,BEN
1981,-0.0,0.0,,BEN
1982,-0.0,0.0,,BEN
1983,-0.0,0.0,,BEN
1984,-0.0,0.0,,BEN
1985,-0.0,0.0,,BEN
1986,-0.0,0.0,,BEN
1987,-0.0,0.0,,BEN
1988,-0.0,0.0,,BEN
1989,-0.0,0.0,,BEN
1990,-0.0,0.0,,BEN
1991,-0.0,0.0,,BEN
1992,-0.0,0.0,,BEN
1993,-0.6,2.0,0.0,BEN
1994,-0.6914571812922546,3.3891625615763545,0.4098837209302325,BEN
1995,-0.6914571812922546,3.3891625615763545,0.4098837209302325,BEN
1996,-0.6914571812922546,3.3891625615763545,0.4098837209302325,BEN
1997,-0.6914571812922546,3.3891625615763545,0.4098837209302325,BEN
1998,-0.6914571812922546,3.3891625615763545,0.4098837209302325,BEN
1999,-0.6914571812922546,3.3891625615763545,0.4098837209302325,BEN
2000,-0.6830452060267916,3.881226053639847,0.4846989141164857,BEN
2001,-0.6830452060267916,3.881226053639847,0.4846989141164857,BEN
2002,-0.6830452060267916,3.881226053639847,0.4846989141164857,BEN
2003,-0.4263798724397954,1.881226053639847,0.2615653185917953,BEN
2004,-0.14761904761904765,0.49206349206349254,,BEN
2005,-0.14761904761904765,0.49206349206349254,,BEN
2006,-0.14761904761904765,0.49206349206349254,,BEN
2007,-0.14761904761904765,0.49206349206349254,,BEN
2008,-0.14761904761904765,0.49206349206349254,,BEN
2009,-0.14761904761904765,0.49206349206349254,,BEN
2010,-0.0,0.0,,BEN
2011,-0.0,0.0,,BEN
2012,-0.0,0.0,,BEN
2013,-0.0,0.0,,BEN
2014,-0.0,0.0,,BEN
2015,-0.0,0.0,,BEN
2016,-0.0,0.0,,BEN
2017,-0.0,0.0,,BEN
2018,-0.0,0.0,,BEN
2019,-0.0,0.0,,BEN
2020,-0.03563218390804588,0.11877394636015293,,BEN
2021,-0.03563218390804588,0.11877394636015293,,BEN
2022,-0.03563218390804588,0.11877394636015293,,BEN
2023,-0.03563218390804588,0.11877394636015293,,BEN
1948,,,,BFA
1949,,,,BFA
1950,,,,BFA
1951,,,,BFA
1952,,,,BFA
1953,,,,BFA
1954,,,,BFA
1955,,,,BFA
1956,-0.0,0.0,,BFA
1957,-0.0,0.0,,BFA
1958,-0.0,0.0,,BFA
1959,-0.0,0.0,,BFA
1960,-0.0,0.0,,BFA
1961,-0.0,0.0,,BFA
1962,-0.0,0.0,,BFA
1963,-0.0,0.0,,BFA
1964,-0.0,0.0,,BFA
1965,-0.0,0.0,,BFA
1966,-0.0,0.0,,BFA
1967,-0.0,0.0,,BFA
1968,-0.0,0.0,,BFA
1969,-0.0,0.0,,BFA
1970,-0.0,0.0,,BFA
1971,-0.0,0.0,,BFA
1972,-0.0,0.0,,BFA
1973,-0.0,0.0,,BFA
1974,-0.0,0.0,,BFA
1975,-0.0,0.0,,BFA
1976,-0.0,0.0,,BFA
1977,-0.0,0.0,,BFA
1978,-0.0,0.0,,BFA
1979,-0.0,0.0,,BFA
1980,-0.0,0.0,,BFA
1981,-0.0,0.0,,BFA
1982,-0.0,0.0,,BFA
1983,-0.0,0.0,,BFA
1984,-0.0,0.0,,BFA
1985,-0.0,0.0,,BFA
1986,-0.0,0.0,,BFA
1987,-0.0,0.0,,BFA
1988,-0.0,0.0,,BFA
1989,-0.0,0.0,,BFA
1990,-0.0,0.0,,BFA
1991,-0.0,0.0,,BFA
1992,-0.0,0.0,,BFA
1993,-0.6,2.0,0.0,BFA
1994,-0.6914571812922546,3.3891625615763545,0.4098837209302325,BFA
1995,-0.6914571812922546,3.3891625615763545,0.4098837209302325,BFA
1996,-0.6914571812922546,3.3891625615763545,0.4098837209302325,BFA
1997,-0.6914571812922546,3.3891625615763545,0.4098837209302325,BFA
1998,-0.6914571812922546,3.3891625615763545,0.4098837209302325,BFA
1999,-0.6914571812922546,3.3891625615763545,0.4098837209302325,BFA
2000,-0.6830452060267916,3.881226053639847,0.4846989141164857,BFA
2001,-0.6830452060267916,3.881226053639847,0.4846989141164857,BFA
2002,-0.6830452060267916,3.881226053639847,0.4846989141164857,BFA
2003,-0.4263798724397954,1.881226053639847,0.2615653185917953,BFA
2004,-0.14761904761904765,0.49206349206349254,,BFA
2005,-0.14761904761904765,0.49206349206349254,,BFA
2006,-0.14761904761904765,0.49206349206349254,,BFA
2007,-0.14761904761904765,0.49206349206349254,,BFA
2008,-0.14761904761904765,0.49206349206349254,,BFA
2009,-0.14761904761904765,0.49206349206349254,,BFA
2010,-0.0,0.0,,BFA
2011,-0.0,0.0,,BFA
2012,-0.0,0.0,,BFA
2013,-0.0,0.0,,BFA
2014,-0.0,0.0,,BFA
2015,-0.0,0.0,,BFA
2016,-0.0,0.0,,BFA
2017,-0.0,0.0,,BFA
2018,-0.0,0.0,,BFA
2019,-0.0,0.0,,BFA
2020,-0.03563218390804588,0.11877394636015293,,BFA
2021,-0.03563218390804588,0.11877394636015293,,BFA
2022,-0.03563218390804588,0.11877394636015293,,BFA
2023,-0.03563218390804588,0.11877394636015293,,BFA
1948,,,,BGD
1949,,,,BGD
1950,,,,BGD
1951,,,,BGD
1952,,,,BGD
1953,,,,BGD
1954,,,,BGD
1955,,,,BGD
1956,-0.0,0.0,,BGD
1957,-0.0,0.0,,BGD
1958,-0.0,0.0,,BGD
1959,-0.0,0.0,,BGD
1960,-0.0,0.0,,BGD
1961,-0.0,0.0,,BGD
1962,-0.0,0.0,,BGD
1963,-0.0,0.0,,BGD
1964,-0.0,0.0,,BGD
1965,-0.0,0.0,,BGD
1966,-0.0,0.0,,BGD
1967,-0.0,0.0,,BGD
1968,-0.0,0.0,,BGD
1969,-0.0,0.0,,BGD
1970,-0.0,0.0,,BGD
1971,-0.0,0.0,,BGD
1972,-0.0,0.0,,BGD
1973,-0.0,0.0,,BGD
1974,-0.0,0.0,,BGD
1975,-0.0,0.0,,BGD
1976,-0.6,2.0,0.0,BGD
1977,-0.6,2.0,0.0,BGD
1978,-0.6,2.0,0.0,BGD
1979,-0.6,2.0,0.0,BGD
1980,-0.6,2.0,0.0,BGD
1981,-0.6,2.0,0.0,BGD
1982,-0.6,2.0,0.0,BGD
1983,-0.6,2.0,0.0,BGD
1984,-0.6,2.0,0.0,BGD
1985,-0.6,2.0,0.0,BGD
1986,-0.0,0.0,,BGD
1987,-0.0,0.0,,BGD
1988,-0.0,0.0,,BGD
1989,-0.0,0.0,,BGD
1990,-0.0,0.0,,BGD
1991,-0.0,0.0,,BGD
1992,-0.0,0.0,,BGD
1993,-0.0,0.0,,BGD
1994,-0.0,0.0,,BGD
1995,-0.0,0.0,,BGD
1996,-0.0,0.0,,BGD
1997,-0.0,0.0,,BGD
1998,-0.0,0.0,,BGD
1999,-0.0,0.0,,BGD
2000,-0.0,0.0,,BGD
2001,-0.0,0.0,,BGD
2002,-0.0,0.0,,BGD
2003,-0.0,0.0,,BGD
2004,-0.0,0.0,,BGD
2005,-0.0,0.0,,BGD
2006,-0.15238095238095237,0.5079365079365079,0.0,BGD
2007,-0.15238095238095237,0.5079365079365079,0.0,BGD
2008,-0.15238095238095237,0.5079365079365079,0.0,BGD
2009,-0.15238095238095237,0.5079365079365079,0.0,BGD
2010,-0.15238095238095237,0.5079365079365079,0.0,BGD
2011,-0.1787983907267549,0.8812260536398462,0.4236024844720494,BGD
2012,-0.1787983907267549,0.8812260536398462,0.4236024844720494,BGD
2013,-0.17672903982625915,0.941555677187861,0.4605348146234337,BGD
2014,-0.17672903982625915,0.941555677187861,0.4605348146234337,BGD
2015,-0.17672903982625915,0.941555677187861,0.4605348146234337,BGD
2016,-0.11143706296139831,0.43361916925135313,,BGD
2017,-0.11143706296139831,0.43361916925135313,,BGD
2018,-0.11143706296139831,0.43361916925135313,,BGD
2019,-0.11143706296139831,0.43361916925135313,,BGD
2020,-0.11143706296139831,0.43361916925135313,,BGD
2021,-0.018098887064404483,0.060329623548014855,,BGD
2022,-0.018098887064404483,0.060329623548014855,,BGD
2023,-0.0,0.0,,BGD
1948,,,,BGR
1949,,,,BGR
1950,,,,BGR
1951,,,,BGR
1952,,,,BGR
1953,,,,BGR
1954,,,,BGR
1955,,,,BGR
1956,-0.0,0.0,,BGR
1957,-0.0,0.0,,BGR
1958,-0.0,0.0,,BGR
1959,-0.0,0.0,,BGR
1960,-0.0,0.0,,BGR
1961,-0.0,0.0,,BGR
1962,-0.0,0.0,,BGR
1963,-0.0,0.0,,BGR
1964,-0.0,0.0,,BGR
1965,-0.0,0.0,,BGR
1966,-0.0,0.0,,BGR
1967,-0.0,0.0,,BGR
1968,-0.0,0.0,,BGR
1969,-0.0,0.0,,BGR
1970,-0.0,0.0,,BGR
1971,-0.0,0.0,,BGR
1972,-0.0,0.0,,BGR
1973,-0.0,0.0,,BGR
1974,-0.0,0.0,,BGR
1975,-0.0,0.0,,BGR
1976,-0.0,0.0,,BGR
1977,-0.0,0.0,,BGR
1978,-0.0,0.0,,BGR
1979,-0.0,0.0,,BGR
1980,-0.0,0.0,,BGR
1981,-0.0,0.0,,BGR
1982,-0.0,0.0,,BGR
1983,-0.0,0.0,,BGR
1984,-0.0,0.0,,BGR
1985,-0.0,0.0,,BGR
1986,-0.0,0.0,,BGR
1987,-0.0,0.0,,BGR
1988,-0.0,0.0,,BGR
1989,-0.0,0.0,,BGR
1990,-0.0,0.0,,BGR
1991,-0.0,0.0,,BGR
1992,-0.0,0.0,,BGR
1993,-1.4444308819041805,4.8147696063472685,0.0,BGR
1994,-1.4444308819041805,4.8147696063472685,0.0,BGR
1995,-1.4371428301086684,5.579640756368841,0.13708250825082524,BGR
1996,-1.4369403140616122,5.584878702953477,0.13789182139245904,BGR
1997,-1.4368403441102306,5.587456105241156,0.13828949782157407,BGR
1998,-1.4368403441102306,5.587456105241156,0.13828949782157407,BGR
1999,-1.4325654397095098,5.709151067068427,0.15665752232063657,BGR
2000,-1.4308573607197157,5.753538340863775,0.16316372272155055,BGR
2001,-1.4308573607197157,5.753538340863775,0.16316372272155055,BGR
2002,-1.4294320357064978,5.790007572584813,0.1684346616151613,BGR
2003,-0.22450601322746305,0.998390727624697,0.23389597994234035,BGR
2004,-0.22221786504733546,1.1401211905762798,0.3291317130637976,BGR
2005,-0.04968530260863038,0.37525004055470745,,BGR
2006,-0.05004919699046882,0.37001209397007084,,BGR
2007,-0.04873301432466452,0.41254389475884423,,BGR
2008,-0.04873301432466452,0.41254389475884423,,BGR
2009,-0.04183221180988977,0.2908489329315733,,BGR
2010,-0.042325033503137356,0.24646165913622475,,BGR
2011,-0.042325033503137356,0.24646165913622475,,BGR
2012,-0.04271853547740146,0.20999242741518742,,BGR
2013,-0.0431641729337134,0.18683966602803448,,BGR
2014,-0.013532760922933216,0.04510920307645172,,BGR
2015,-0.013532760922933216,0.04510920307645172,,BGR
2016,-0.013532760922933216,0.04510920307645172,,BGR
2017,-0.0,0.0,,BGR
2018,-0.0,0.0,,BGR
2019,-0.0,0.0,,BGR
2020,-0.0,0.0,,BGR
2021,-0.0,0.0,,BGR
2022,-0.0,0.0,,BGR
2023,-0.0,0.0,,BGR
1948,,,,BHR
1949,,,,BHR
1950,,,,BHR
1951,,,,BHR
1952,,,,BHR
1953,,,,BHR
1954,,,,BHR
1955,,,,BHR
1956,-0.0,0.0,,BHR
1957,-0.0,0.0,,BHR
1958,-0.0,0.0,,BHR
1959,-0.0,0.0,,BHR
1960,-0.0,0.0,,BHR
1961,-0.0,0.0,,BHR
1962,-0.0,0.0,,BHR
1963,-0.0,0.0,,BHR
1964,-0.0,0.0,,BHR
1965,-0.0,0.0,,BHR
1966,-0.0,0.0,,BHR
1967,-0.0,0.0,,BHR
1968,-0.0,0.0,,BHR
1969,-0.0,0.0,,BHR
1970,-0.0,0.0,,BHR
1971,-0.0,0.0,,BHR
1972,-0.0,0.0,,BHR
1973,-0.0,0.0,,BHR
1974,-0.0,0.0,,BHR
1975,-0.0,0.0,,BHR
1976,-0.0,0.0,,BHR
1977,-0.0,0.0,,BHR
1978,-0.0,0.0,,BHR
1979,-0.0,0.0,,BHR
1980,-0.0,0.0,,BHR
1981,-0.0,0.0,,BHR
1982,-0.0,0.0,,BHR
1983,-0.0,0.0,,BHR
1984,-0.0,0.0,,BHR
1985,-0.0,0.0,,BHR
1986,-0.0,0.0,,BHR
1987,-0.0,0.0,,BHR
1988,-0.0,0.0,,BHR
1989,-0.0,0.0,,BHR
1990,-0.0,0.0,,BHR
1991,-0.0,0.0,,BHR
1992,-0.0,0.0,,BHR
1993,-0.0,0.0,,BHR
1994,-0.0,0.0,,BHR
1995,-0.0,0.0,,BHR
1996,-0.0,0.0,,BHR
1997,-0.0,0.0,,BHR
1998,-0.15238095238095237,0.5079365079365079,0.0,BHR
1999,-0.15238095238095237,0.5079365079365079,0.0,BHR
2000,-0.15238095238095237,0.5079365079365079,0.0,BHR
2001,-0.15238095238095237,0.5079365079365079,0.0,BHR
2002,-0.15238095238095237,0.5079365079365079,0.0,BHR
2003,-0.7462157827713389,3.0,0.1693121693121693,BHR
2004,-0.7462157827713389,3.0,0.1693121693121693,BHR
2005,-0.7462157827713389,3.0,0.1693121693121693,BHR
2006,-1.0894209445650667,6.0,0.5,BHR
2007,-1.0894209445650667,6.0,0.5,BHR
2008,-1.1042691840484375,5.492063492063492,0.45375722543352603,BHR
2009,-1.1042691840484375,5.492063492063492,0.45375722543352603,BHR
2010,-1.1042691840484375,5.492063492063492,0.45375722543352603,BHR
2011,-1.1042691840484375,5.492063492063492,0.45375722543352603,BHR
2012,-1.1042691840484375,5.492063492063492,0.45375722543352603,BHR
2013,-0.8999999999999999,3.0,0.0,BHR
2014,-0.8999999999999999,3.0,0.0,BHR
2015,-0.8999999999999999,3.0,0.0,BHR
2016,-0.0,0.0,,BHR
2017,-0.0,0.0,,BHR
2018,-0.0,0.0,,BHR
2019,-0.0,0.0,,BHR
2020,-0.0,0.0,,BHR
2021,-0.0,0.0,,BHR
2022,-0.0,0.0,,BHR
2023,-0.0,0.0,,BHR
1948,,,,BHS
1949,,,,BHS
1950,,,,BHS
1951,,,,BHS
1952,,,,BHS
1953,,,,BHS
1954,,,,BHS
1955,,,,BHS
1956,-0.0,0.0,,BHS
1957,-0.0,0.0,,BHS
1958,-0.0,0.0,,BHS
1959,-0.0,0.0,,BHS
1960,-0.0,0.0,,BHS
1961,-0.0,0.0,,BHS
1962,-0.0,0.0,,BHS
1963,-0.0,0.0,,BHS
1964,-0.0,0.0,,BHS
1965,-0.0,0.0,,BHS
1966,-0.0,0.0,,BHS
1967,-0.0,0.0,,BHS
1968,-0.0,0.0,,BHS
1969,-0.0,0.0,,BHS
1970,-0.0,0.0,,BHS
1971,-0.0,0.0,,BHS
1972,-0.0,0.0,,BHS
1973,-0.0,0.0,,BHS
1974,-0.0,0.0,,BHS
1975,-0.0,0.0,,BHS
1976,-0.0,0.0,,BHS
1977,-0.0,0.0,,BHS
1978,-0.0,0.0,,BHS
1979,-0.0,0.0,,BHS
1980,-0.0,0.0,,BHS
1981,-0.0,0.0,,BHS
1982,-0.0,0.0,,BHS
1983,-0.9000000000000001,3.0,0.0,BHS
1984,-0.9000000000000001,3.0,0.0,BHS
1985,-0.9000000000000001,3.0,0.0,BHS
1986,-0.9000000000000001,3.0,0.0,BHS
1987,-0.9000000000000001,3.0,0.0,BHS
1988,-0.9000000000000001,3.0,0.0,BHS
1989,-0.9000000000000001,3.0,0.0,BHS
1990,-0.9000000000000001,3.0,0.0,BHS
1991,-0.9000000000000001,3.0,0.0,BHS
1992,-0.9000000000000001,3.0,0.0,BHS
1993,-0.15238095238095237,0.5079365079365079,0.0,BHS
1994,-0.15238095238095237,0.5079365079365079,0.0,BHS
1995,-0.16218223663059314,0.7578735197782818,0.3297872340425533,BHS
1996,-0.16218223663059314,0.7578735197782818,0.3297872340425533,BHS
1997,-0.16218223663059314,0.7578735197782818,0.3297872340425533,BHS
1998,-0.16218223663059314,0.7578735197782818,0.3297872340425533,BHS
1999,-0.16218223663059314,0.7578735197782818,0.3297872340425533,BHS
2000,-0.16218223663059314,0.7578735197782818,0.3297872340425533,BHS
2001,-0.24259098472625348,1.44931127551195,0.5229197706411088,BHS
2002,-0.24259098472625348,1.44931127551195,0.5229197706411088,BHS
2003,-0.21258787233509702,0.941374767575442,0.26550213629105357,BHS
2004,-0.21258787233509702,0.941374767575442,0.26550213629105357,BHS
2005,-0.20625996660427182,0.7455032478585384,0.07252214162738202,BHS
2006,-0.2061273591175552,0.7492559544768653,0.07716748648806693,BHS
2007,-0.2061273591175552,0.7492559544768653,0.07716748648806693,BHS
2008,-0.46978427193832806,2.2421264802217182,0.3341720286907156,BHS
2009,-0.46978427193832806,2.2421264802217182,0.3341720286907156,BHS
2010,-0.46978427193832806,2.2421264802217182,0.3341720286907156,BHS
2011,-0.4462214713410756,1.55068872448805,0.03728549632827538,BHS
2012,-0.4462214713410756,1.55068872448805,0.03728549632827538,BHS
2013,-0.4462214713410756,1.55068872448805,0.03728549632827538,BHS
2014,-0.4462214713410756,1.55068872448805,0.03728549632827538,BHS
2015,-0.4477374654280961,1.4966232323631798,0.0025074491275945965,BHS
2016,-0.4478611577234559,1.492870525744853,0.0,BHS
2017,-0.4478611577234559,1.492870525744853,0.0,BHS
2018,-0.0,0.0,,BHS
2019,-0.0,0.0,,BHS
2020,-0.0,0.0,,BHS
2021,-0.0,0.0,,BHS
2022,-0.0,0.0,,BHS
2023,-0.0,0.0,,BHS
1948,,,,BIH
1949,,,,BIH
1950,,,,BIH
1951,,,,BIH
1952,,,,BIH
1953,,,,BIH
1954,,,,BIH
1955,,,,BIH
1956,-0.0,0.0,,BIH
1957,-0.0,0.0,,BIH
1958,-0.0,0.0,,BIH
1959,-0.0,0.0,,BIH
1960,-0.0,0.0,,BIH
1961,-0.0,0.0,,BIH
1962,-0.0,0.0,,BIH
1963,-0.0,0.0,,BIH
1964,-0.0,0.0,,BIH
1965,-0.0,0.0,,BIH
1966,-0.0,0.0,,BIH
1967,-0.0,0.0,,BIH
1968,-0.0,0.0,,BIH
1969,-0.0,0.0,,BIH
1970,-0.0,0.0,,BIH
1971,-0.0,0.0,,BIH
1972,-0.0,0.0,,BIH
1973,-0.0,0.0,,BIH
1974,-0.0,0.0,,BIH
1975,-0.0,0.0,,BIH
1976,-0.0,0.0,,BIH
1977,-0.0,0.0,,BIH
1978,-0.0,0.0,,BIH
1979,-0.0,0.0,,BIH
1980,-0.0,0.0,,BIH
1981,-0.0,0.0,,BIH
1982,-0.0,0.0,,BIH
1983,-0.0,0.0,,BIH
1984,-0.0,0.0,,BIH
1985,-0.0,0.0,,BIH
1986,-0.0,0.0,,BIH
1987,-0.0,0.0,,BIH
1988,-0.0,0.0,,BIH
1989,-0.0,0.0,,BIH
1990,-0.0,0.0,,BIH
1991,-0.0,0.0,,BIH
1992,-0.0,0.0,,BIH
1993,-0.0,0.0,,BIH
1994,-0.0,0.0,,BIH
1995,-0.0,0.0,,BIH
1996,-0.0,0.0,,BIH
1997,-0.0,0.0,,BIH
1998,-0.0,0.0,,BIH
1999,-0.0,0.0,,BIH
2000,-0.0,0.0,,BIH
2001,-0.30476190476190473,1.0158730158730158,0.0,BIH
2002,-0.3780209389495722,1.882749535150884,0.46043114237624627,BIH
2003,-0.8150417394329518,4.507936507936508,0.4176521856144567,BIH
2004,-0.8019895505522726,4.88085839862106,0.4621464590066182,BIH
2005,-0.8019895505522726,4.88085839862106,0.4621464590066182,BIH
2006,-0.8019895505522726,4.88085839862106,0.4621464590066182,BIH
2007,-0.804153479543946,6.0,0.5624688378690628,BIH
2008,-0.804153479543946,6.0,0.5624688378690628,BIH
2009,-0.804153479543946,6.0,0.5624688378690628,BIH
2010,-0.804153479543946,6.0,0.5624688378690628,BIH
2011,-0.8093502346238707,4.984126984126984,0.473290511829636,BIH
2012,-0.8116637335462316,4.117250464849116,0.36239318078944494,BIH
2013,-0.34189520529745493,1.492063492063492,0.24993701184177397,BIH
2014,-0.33574248041368193,1.1191416013789404,0.0,BIH
2015,-0.33574248041368193,1.1191416013789404,0.0,BIH
2016,-0.33574248041368193,1.1191416013789404,0.0,BIH
2017,-0.0,0.0,,BIH
2018,-0.0,0.0,,BIH
2019,-0.0,0.0,,BIH
2020,-0.0,0.0,,BIH
2021,-0.0,0.0,,BIH
2022,-0.0,0.0,,BIH
2023,-0.0,0.0,,BIH
1948,,,,BLR
1949,,,,BLR
1950,,,,BLR
1951,,,,BLR
1952,,,,BLR
1953,,,,BLR
1954,,,,BLR
1955,,,,BLR
1956,-0.0,0.0,,BLR
1957,-0.0,0.0,,BLR
1958,-0.0,0.0,,BLR
1959,-0.0,0.0,,BLR
1960,-0.0,0.0,,BLR
1961,-0.0,0.0,,BLR
1962,-0.0,0.0,,BLR
1963,-0.0,0.0,,BLR
1964,-0.0,0.0,,BLR
1965,-0.0,0.0,,BLR
1966,-0.0,0.0,,BLR
1967,-0.0,0.0,,BLR
1968,-0.0,0.0,,BLR
1969,-0.0,0.0,,BLR
1970,-0.0,0.0,,BLR
1971,-0.0,0.0,,BLR
1972,-0.0,0.0,,BLR
1973,-0.0,0.0,,BLR
1974,-0.0,0.0,,BLR
1975,-0.0,0.0,,BLR
1976,-0.0,0.0,,BLR
1977,-0.0,0.0,,BLR
1978,-0.0,0.0,,BLR
1979,-0.0,0.0,,BLR
1980,-0.0,0.0,,BLR
1981,-0.0,0.0,,BLR
1982,-0.0,0.0,,BLR
1983,-0.0,0.0,,BLR
1984,-0.0,0.0,,BLR
1985,-0.0,0.0,,BLR
1986,-0.0,0.0,,BLR
1987,-0.0,0.0,,BLR
1988,-0.0,0.0,,BLR
1989,-0.0,0.0,,BLR
1990,-0.0,0.0,,BLR
1991,-0.0,0.0,,BLR
1992,-0.0,0.0,,BLR
1993,-0.3,1.0,0.0,BLR
1994,-0.9165151389911681,4.0,0.25,BLR
1995,-0.9165151389911681,4.0,0.25,BLR
1996,-0.9165151389911681,4.0,0.25,BLR
1997,-0.9219544457292889,5.0,0.4,BLR
1998,-0.9219544457292889,5.0,0.4,BLR
1999,-0.9219544457292889,5.0,0.4,BLR
2000,-0.9219544457292889,5.0,0.4,BLR
2001,-0.9219544457292889,5.0,0.4,BLR
2002,-0.9219544457292889,5.0,0.4,BLR
2003,-0.9165151389911681,4.0,0.25,BLR
2004,-0.4000000000000001,2.0,0.5,BLR
2005,-0.4000000000000001,2.0,0.5,BLR
2006,-0.4000000000000001,2.0,0.5,BLR
2007,-0.30000000000000004,1.0,0.0,BLR
2008,-0.30000000000000004,1.0,0.0,BLR
2009,-0.30000000000000004,1.0,0.0,BLR
2010,-0.30000000000000004,1.0,0.0,BLR
2011,-0.30000000000000004,1.0,0.0,BLR
2012,-0.30000000000000004,1.0,0.0,BLR
2013,-0.30000000000000004,1.0,0.0,BLR
2014,-0.0,0.0,,BLR
2015,-0.0,0.0,,BLR
2016,-0.0,0.0,,BLR
2017,-0.0,0.0,,BLR
2018,-0.0,0.0,,BLR
2019,-0.0,0.0,,BLR
2020,-0.0,0.0,,BLR
2021,-0.0,0.0,,BLR
2022,-0.0,0.0,,BLR
2023,-0.0,0.0,,BLR
1948,,,,BLZ
1949,,,,BLZ
1950,,,,BLZ
1951,,,,BLZ
1952,,,,BLZ
1953,,,,BLZ
1954,,,,BLZ
1955,,,,BLZ
1956,-0.0,0.0,,BLZ
1957,-0.0,0.0,,BLZ
1958,-0.0,0.0,,BLZ
1959,-0.0,0.0,,BLZ
1960,-0.0,0.0,,BLZ
1961,-0.0,0.0,,BLZ
1962,-0.0,0.0,,BLZ
1963,-0.0,0.0,,BLZ
1964,-0.0,0.0,,BLZ
1965,-0.0,0.0,,BLZ
1966,-0.0,0.0,,BLZ
1967,-0.0,0.0,,BLZ
1968,-0.0,0.0,,BLZ
1969,-0.0,0.0,,BLZ
1970,-0.0,0.0,,BLZ
1971,-0.0,0.0,,BLZ
1972,-0.0,0.0,,BLZ
1973,-0.2275862068965517,0.7586206896551724,0.0,BLZ
1974,-0.6855134253692442,3.0,0.25287356321839083,BLZ
1975,-0.6855134253692442,3.0,0.25287356321839083,BLZ
1976,-0.6855134253692442,3.0,0.25287356321839083,BLZ
1977,-0.6855134253692442,3.0,0.25287356321839083,BLZ
1978,-0.6855134253692442,3.0,0.25287356321839083,BLZ
1979,-0.6855134253692442,3.0,0.25287356321839083,BLZ
1980,-0.6855134253692442,3.0,0.25287356321839083,BLZ
1981,-0.6855134253692442,3.0,0.25287356321839083,BLZ
1982,-0.6855134253692442,3.0,0.25287356321839083,BLZ
1983,-0.6724137931034482,2.2413793103448274,0.0,BLZ
1984,-0.0,0.0,,BLZ
1985,-0.0,0.0,,BLZ
1986,-0.0,0.0,,BLZ
1987,-0.0,0.0,,BLZ
1988,-0.0,0.0,,BLZ
1989,-0.0,0.0,,BLZ
1990,-0.0,0.0,,BLZ
1991,-0.0,0.0,,BLZ
1992,-0.0,0.0,,BLZ
1993,-0.15238095238095237,0.5079365079365079,0.0,BLZ
1994,-0.15238095238095237,0.5079365079365079,0.0,BLZ
1995,-0.16218223663059314,0.7578735197782818,0.3297872340425533,BLZ
1996,-0.16218223663059314,0.7578735197782818,0.3297872340425533,BLZ
1997,-0.16218223663059314,0.7578735197782818,0.3297872340425533,BLZ
1998,-0.16218223663059314,0.7578735197782818,0.3297872340425533,BLZ
1999,-0.16218223663059314,0.7578735197782818,0.3297872340425533,BLZ
2000,-0.16218223663059314,0.7578735197782818,0.3297872340425533,BLZ
2001,-0.24259098472625348,1.44931127551195,0.5229197706411088,BLZ
2002,-0.24259098472625348,1.44931127551195,0.5229197706411088,BLZ
2003,-0.21258787233509702,0.941374767575442,0.26550213629105357,BLZ
2004,-0.21258787233509702,0.941374767575442,0.26550213629105357,BLZ
2005,-0.20625996660427182,0.7455032478585384,0.07252214162738202,BLZ
2006,-0.2061273591175552,0.7492559544768653,0.07716748648806693,BLZ
2007,-0.2061273591175552,0.7492559544768653,0.07716748648806693,BLZ
2008,-0.46978427193832806,2.2421264802217182,0.3341720286907156,BLZ
2009,-0.46978427193832806,2.2421264802217182,0.3341720286907156,BLZ
2010,-0.46978427193832806,2.2421264802217182,0.3341720286907156,BLZ
2011,-0.4462214713410756,1.55068872448805,0.03728549632827538,BLZ
2012,-0.4462214713410756,1.55068872448805,0.03728549632827538,BLZ
2013,-0.4462214713410756,1.55068872448805,0.03728549632827538,BLZ
2014,-0.4462214713410756,1.55068872448805,0.03728549632827538,BLZ
2015,-0.4477374654280961,1.4966232323631798,0.0025074491275945965,BLZ
2016,-0.4478611577234559,1.492870525744853,0.0,BLZ
2017,-0.4478611577234559,1.492870525744853,0.0,BLZ
2018,-0.0,0.0,,BLZ
2019,-0.0,0.0,,BLZ
2020,-0.0,0.0,,BLZ
2021,-0.0,0.0,,BLZ
2022,-0.0,0.0,,BLZ
2023,-0.0,0.0,,BLZ
1948,,,,BMU
1949,,,,BMU
1950,,,,BMU
1951,,,,BMU
1952,,,,BMU
1953,,,,BMU
1954,,,,BMU
1955,,,,BMU
1956,-0.0,0.0,,BMU
1957,-0.0,0.0,,BMU
1958,-0.0,0.0,,BMU
1959,-0.0,0.0,,BMU
1960,-0.0,0.0,,BMU
1961,-0.0,0.0,,BMU
1962,-0.0,0.0,,BMU
1963,-0.0,0.0,,BMU
1964,-0.0,0.0,,BMU
1965,-0.0,0.0,,BMU
1966,-0.0,0.0,,BMU
1967,-0.0,0.0,,BMU
1968,-0.0,0.0,,BMU
1969,-0.0,0.0,,BMU
1970,-0.0,0.0,,BMU
1971,-1.2,4.0,0.0,BMU
1972,-1.2,4.0,0.0,BMU
1973,-1.2,4.0,0.0,BMU
1974,-1.2,4.0,0.0,BMU
1975,-1.2,4.0,0.0,BMU
1976,-1.2,4.0,0.0,BMU
1977,-1.2,4.0,0.0,BMU
1978,-1.2,4.0,0.0,BMU
1979,-1.2,4.0,0.0,BMU
1980,-1.2,4.0,0.0,BMU
1981,-0.0,0.0,,BMU
1982,-0.0,0.0,,BMU
1983,-0.0,0.0,,BMU
1984,-0.0,0.0,,BMU
1985,-0.0,0.0,,BMU
1986,-0.0,0.0,,BMU
1987,-0.0,0.0,,BMU
1988,-0.0,0.0,,BMU
1989,-0.0,0.0,,BMU
1990,-0.0,0.0,,BMU
1991,-0.0,0.0,,BMU
1992,-0.0,0.0,,BMU
1993,-0.0,0.0,,BMU
1994,-0.0,0.0,,BMU
1995,-0.0,0.0,,BMU
1996,-0.0,0.0,,BMU
1997,-0.0,0.0,,BMU
1998,-0.0,0.0,,BMU
1999,-0.0,0.0,,BMU
2000,-0.0,0.0,,BMU
2001,-0.0,0.0,,BMU
2002,-0.0,0.0,,BMU
2003,-0.0,0.0,,BMU
2004,-0.0,0.0,,BMU
2005,-0.0,0.0,,BMU
2006,-0.0,0.0,,BMU
2007,-0.0,0.0,,BMU
2008,-0.0,0.0,,BMU
2009,-0.0,0.0,,BMU
2010,-0.0,0.0,,BMU
2011,-0.0,0.0,,BMU
2012,-0.0,0.0,,BMU
2013,-0.0,0.0,,BMU
2014,-0.0,0.0,,BMU
2015,-0.0,0.0,,BMU
2016,-0.0,0.0,,BMU
2017,-0.0,0.0,,BMU
2018,-0.0,0.0,,BMU
2019,-0.0,0.0,,BMU
2020,-0.0,0.0,,BMU
2021,-0.0,0.0,,BMU
2022,-0.0,0.0,,BMU
2023,-0.0,0.0,,BMU
1948,,,,BOL
1949,,,,BOL
1950,,,,BOL
1951,,,,BOL
1952,,,,BOL
1953,,,,BOL
1954,,,,BOL
1955,,,,BOL
1956,-0.0,0.0,,BOL
1957,-0.0,0.0,,BOL
1958,-0.0,0.0,,BOL
1959,-0.0,0.0,,BOL
1960,-0.0,0.0,,BOL
1961,-0.0,0.0,,BOL
1962,-0.0,0.0,,BOL
1963,-0.0,0.0,,BOL
1964,-0.0,0.0,,BOL
1965,-0.0,0.0,,BOL
1966,-0.0,0.0,,BOL
1967,-0.0,0.0,,BOL
1968,-0.0,0.0,,BOL
1969,-0.4551724137931034,1.5172413793103448,0.0,BOL
1970,-0.4551724137931034,1.5172413793103448,0.0,BOL
1971,-0.4551724137931034,1.5172413793103448,0.0,BOL
1972,-0.4551724137931034,1.5172413793103448,0.0,BOL
1973,-0.4551724137931034,1.5172413793103448,0.0,BOL
1974,-0.4551724137931034,1.5172413793103448,0.0,BOL
1975,-0.4551724137931034,1.5172413793103448,0.0,BOL
1976,-0.4551724137931034,1.5172413793103448,0.0,BOL
1977,-0.4551724137931034,1.5172413793103448,0.0,BOL
1978,-0.4551724137931034,1.5172413793103448,0.0,BOL
1979,-0.0,0.0,,BOL
1980,-0.0,0.0,,BOL
1981,-0.0,0.0,,BOL
1982,-0.0,0.0,,BOL
1983,-0.0,0.0,,BOL
1984,-0.0,0.0,,BOL
1985,-0.0,0.0,,BOL
1986,-0.0,0.0,,BOL
1987,-0.0,0.0,,BOL
1988,-0.07241379310344828,0.24137931034482762,,BOL
1989,-0.07241379310344828,0.24137931034482762,,BOL
1990,-0.07241379310344828,0.24137931034482762,,BOL
1991,-0.07241379310344828,0.24137931034482762,,BOL
1992,-0.07241379310344828,0.24137931034482762,,BOL
1993,-0.2837524499274305,1.183115338882283,0.20402010050251262,BOL
1994,-0.28106740198811536,1.3353151010701545,0.29474621549421187,BOL
1995,-0.8315767161236732,4.0966896650606515,0.32594978146834674,BOL
1996,-0.8315767161236732,4.0966896650606515,0.32594978146834674,BOL
1997,-0.8307835354708323,4.1130775634445325,0.3286354265398389,BOL
1998,-0.8388375781173113,3.8716982530997046,0.28677949998305663,BOL
1999,-0.8388375781173113,3.871698253099704,0.2867794999830565,BOL
2000,-0.8388375781173113,3.871698253099704,0.2867794999830565,BOL
2001,-0.8388375781173113,3.871698253099704,0.2867794999830565,BOL
2002,-0.8388375781173113,3.871698253099704,0.2867794999830565,BOL
2003,-0.82116687343541,3.023659441128594,0.08674418605826772,BOL
2004,-0.825181836855595,2.87225906651225,0.038605327706876524,BOL
2005,-0.027962176839902615,0.11088450252175264,,BOL
2006,-0.027962176839902615,0.11088450252175264,,BOL
2007,-0.028083530037034444,0.09449660413787253,,BOL
2008,-0.028083530037034444,0.09449660413787253,,BOL
2009,-0.028083530037034444,0.09449660413787253,,BOL
2010,-0.028081869756088108,0.09454606119722264,,BOL
2011,-0.028081869756088108,0.09454606119722264,,BOL
2012,-0.028081869756088108,0.09454606119722264,,BOL
2013,-0.0002386237139432982,0.0008488446308776432,,BOL
2014,-1.4837114656277115e-05,4.945705935011091e-05,,BOL
2015,-0.0825388515628152,0.2751844531072507,,BOL
2016,-0.0825388515628152,0.2751844531072507,,BOL
2017,-0.0825388515628152,0.2751844531072507,,BOL
2018,-0.0825388515628152,0.2751844531072507,,BOL
2019,-0.0825388515628152,0.2751844531072507,,BOL
2020,-0.08254049881436962,0.2751349960479006,,BOL
2021,-0.08254049881436962,0.2751349960479006,,BOL
2022,-0.08254049881436962,0.2751349960479006,,BOL
2023,-0.08254049881436962,0.2751349960479006,,BOL
1948,,,,BRA
1949,,,,BRA
1950,,,,BRA
1951,,,,BRA
1952,,,,BRA
1953,,,,BRA
1954,,,,BRA
1955,,,,BRA
1956,-0.0,0.0,,BRA
1957,-0.0,0.0,,BRA
1958,-0.0,0.0,,BRA
1959,-0.0,0.0,,BRA
1960,-0.0,0.0,,BRA
1961,-0.0,0.0,,BRA
1962,-0.0,0.0,,BRA
1963,-0.0,0.0,,BRA
1964,-0.0,0.0,,BRA
1965,-0.0,0.0,,BRA
1966,-0.0,0.0,,BRA
1967,-0.0,0.0,,BRA
1968,-0.0,0.0,,BRA
1969,-0.0,0.0,,BRA
1970,-0.0,0.0,,BRA
1971,-0.0,0.0,,BRA
1972,-0.0,0.0,,BRA
1973,-0.0,0.0,,BRA
1974,-0.0,0.0,,BRA
1975,-0.0,0.0,,BRA
1976,-0.0,0.0,,BRA
1977,-0.0,0.0,,BRA
1978,-0.0,0.0,,BRA
1979,-0.0,0.0,,BRA
1980,-0.0,0.0,,BRA
1981,-0.0,0.0,,BRA
1982,-0.0,0.0,,BRA
1983,-0.0,0.0,,BRA
1984,-0.0,0.0,,BRA
1985,-0.0,0.0,,BRA
1986,-0.0,0.0,,BRA
1987,-0.15238095238095237,0.5079365079365079,0.0,BRA
1988,-0.15238095238095237,0.5079365079365079,0.0,BRA
1989,-0.15238095238095237,0.5079365079365079,0.0,BRA
1990,-0.15238095238095237,0.5079365079365079,0.0,BRA
1991,-1.637704518432778,6.0,0.08465608465608465,BRA
1992,-1.637704518432778,6.0,0.08465608465608465,BRA
1993,-1.637704518432778,6.0,0.08465608465608465,BRA
1994,-1.637704518432778,6.0,0.08465608465608465,BRA
1995,-1.637704518432778,6.0,0.08465608465608465,BRA
1996,-1.637704518432778,6.0,0.08465608465608465,BRA
1997,-1.6476190476190478,5.492063492063492,0.0,BRA
1998,-1.6476190476190478,5.492063492063492,0.0,BRA
1999,-1.6476190476190478,5.492063492063492,0.0,BRA
2000,-1.6476190476190478,5.492063492063492,0.0,BRA
2001,-0.0,0.0,,BRA
2002,-0.0,0.0,,BRA
2003,-0.0,0.0,,BRA
2004,-0.0,0.0,,BRA
2005,-0.0,0.0,,BRA
2006,-0.0,0.0,,BRA
2007,-0.0,0.0,,BRA
2008,-0.0,0.0,,BRA
2009,-0.0,0.0,,BRA
2010,-0.0,0.0,,BRA
2011,-0.0,0.0,,BRA
2012,-0.0,0.0,,BRA
2013,-0.0,0.0,,BRA
2014,-0.0,0.0,,BRA
2015,-0.0,0.0,,BRA
2016,-0.0,0.0,,BRA
2017,-0.0,0.0,,BRA
2018,-0.0,0.0,,BRA
2019,-0.0,0.0,,BRA
2020,-0.0,0.0,,BRA
2021,-0.0,0.0,,BRA
2022,-0.0,0.0,,BRA
2023,-0.0,0.0,,BRA
1948,,,,BRB
1949,,,,BRB
1950,,,,BRB
1951,,,,BRB
1952,,,,BRB
1953,,,,BRB
1954,,,,BRB
1955,,,,BRB
1956,-0.0,0.0,,BRB
1957,-0.0,0.0,,BRB
1958,-0.0,0.0,,BRB
1959,-0.0,0.0,,BRB
1960,-0.0,0.0,,BRB
1961,-0.0,0.0,,BRB
1962,-0.0,0.0,,BRB
1963,-0.0,0.0,,BRB
1964,-0.0,0.0,,BRB
1965,-0.0,0.0,,BRB
1966,-0.0,0.0,,BRB
1967,-0.0,0.0,,BRB
1968,-0.0,0.0,,BRB
1969,-0.0,0.0,,BRB
1970,-0.0,0.0,,BRB
1971,-0.0,0.0,,BRB
1972,-0.0,0.0,,BRB
1973,-0.9000000000000001,3.0,0.0,BRB
1974,-0.9000000000000001,3.0,0.0,BRB
1975,-0.9000000000000001,3.0,0.0,BRB
1976,-0.9000000000000001,3.0,0.0,BRB
1977,-0.9000000000000001,3.0,0.0,BRB
1978,-0.9000000000000001,3.0,0.0,BRB
1979,-0.9000000000000001,3.0,0.0,BRB
1980,-0.9000000000000001,3.0,0.0,BRB
1981,-0.9000000000000001,3.0,0.0,BRB
1982,-0.9000000000000001,3.0,0.0,BRB
1983,-0.0,0.0,,BRB
1984,-0.0,0.0,,BRB
1985,-0.0,0.0,,BRB
1986,-0.0,0.0,,BRB
1987,-0.0,0.0,,BRB
1988,-0.0,0.0,,BRB
1989,-0.0,0.0,,BRB
1990,-0.0,0.0,,BRB
1991,-0.0,0.0,,BRB
1992,-0.0,0.0,,BRB
1993,-0.15238095238095237,0.5079365079365079,0.0,BRB
1994,-0.15238095238095237,0.5079365079365079,0.0,BRB
1995,-0.16218223663059314,0.7578735197782818,0.3297872340425533,BRB
1996,-0.16218223663059314,0.7578735197782818,0.3297872340425533,BRB
1997,-0.16218223663059314,0.7578735197782818,0.3297872340425533,BRB
1998,-0.16218223663059314,0.7578735197782818,0.3297872340425533,BRB
1999,-0.16218223663059314,0.7578735197782818,0.3297872340425533,BRB
2000,-0.16218223663059314,0.7578735197782818,0.3297872340425533,BRB
2001,-0.24259098472625348,1.44931127551195,0.5229197706411088,BRB
2002,-0.24259098472625348,1.44931127551195,0.5229197706411088,BRB
2003,-0.21258787233509702,0.941374767575442,0.26550213629105357,BRB
2004,-0.21258787233509702,0.941374767575442,0.26550213629105357,BRB
2005,-0.20625996660427182,0.7455032478585384,0.07252214162738202,BRB
2006,-0.2061273591175552,0.7492559544768653,0.07716748648806693,BRB
2007,-0.2061273591175552,0.7492559544768653,0.07716748648806693,BRB
2008,-0.46978427193832806,2.2421264802217182,0.3341720286907156,BRB
2009,-0.46978427193832806,2.2421264802217182,0.3341720286907156,BRB
2010,-0.46978427193832806,2.2421264802217182,0.3341720286907156,BRB
2011,-0.4462214713410756,1.55068872448805,0.03728549632827538,BRB
2012,-0.4462214713410756,1.55068872448805,0.03728549632827538,BRB
2013,-0.4462214713410756,1.55068872448805,0.03728549632827538,BRB
2014,-0.4462214713410756,1.55068872448805,0.03728549632827538,BRB
2015,-0.4477374654280961,1.4966232323631798,0.0025074491275945965,BRB
2016,-0.4478611577234559,1.492870525744853,0.0,BRB
2017,-0.4478611577234559,1.492870525744853,0.0,BRB
2018,-0.0,0.0,,BRB
2019,-0.0,0.0,,BRB
2020,-0.0,0.0,,BRB
2021,-0.0,0.0,,BRB
2022,-0.0,0.0,,BRB
2023,-0.0,0.0,,BRB
1948,,,,BRN
1949,,,,BRN
1950,,,,BRN
1951,,,,BRN
1952,,,,BRN
1953,,,,BRN
1954,,,,BRN
1955,,,,BRN
1956,-0.0,0.0,,BRN
1957,-0.0,0.0,,BRN
1958,-0.0,0.0,,BRN
1959,-0.0,0.0,,BRN
1960,-0.0,0.0,,BRN
1961,-0.0,0.0,,BRN
1962,-0.0,0.0,,BRN
1963,-0.0,0.0,,BRN
1964,-0.0,0.0,,BRN
1965,-0.0,0.0,,BRN
1966,-0.0,0.0,,BRN
1967,-0.0,0.0,,BRN
1968,-0.0,0.0,,BRN
1969,-0.0,0.0,,BRN
1970,-0.0,0.0,,BRN
1971,-0.0,0.0,,BRN
1972,-0.0,0.0,,BRN
1973,-0.0,0.0,,BRN
1974,-0.0,0.0,,BRN
1975,-0.0,0.0,,BRN
1976,-0.0,0.0,,BRN
1977,-0.0,0.0,,BRN
1978,-0.0,0.0,,BRN
1979,-0.0,0.0,,BRN
1980,-0.0,0.0,,BRN
1981,-0.0,0.0,,BRN
1982,-0.0,0.0,,BRN
1983,-0.0,0.0,,BRN
1984,-0.0,0.0,,BRN
1985,-0.0,0.0,,BRN
1986,-0.0,0.0,,BRN
1987,-0.0,0.0,,BRN
1988,-0.0,0.0,,BRN
1989,-0.0,0.0,,BRN
1990,-0.0,0.0,,BRN
1991,-0.0,0.0,,BRN
1992,-0.15238095238095237,0.5079365079365079,0.0,BRN
1993,-0.15238095238095237,0.5079365079365079,0.0,BRN
1994,-0.15238095238095237,0.5079365079365079,0.0,BRN
1995,-0.15238095238095237,0.5079365079365079,0.0,BRN
1996,-0.15238095238095237,0.5079365079365079,0.0,BRN
1997,-0.15238095238095237,0.5079365079365079,0.0,BRN
1998,-0.7462157827713389,3.0,0.1693121693121693,BRN
1999,-0.7462157827713389,3.0,0.1693121693121693,BRN
2000,-0.7462157827713389,3.0,0.1693121693121693,BRN
2001,-0.7462157827713389,3.0,0.1693121693121693,BRN
2002,-0.7476190476190476,2.492063492063492,0.0,BRN
2003,-0.7476190476190476,2.492063492063492,0.0,BRN
2004,-0.7476190476190476,2.492063492063492,0.0,BRN
2005,-0.7476190476190476,2.492063492063492,0.0,BRN
2006,-1.1042691840484378,5.492063492063492,0.45375722543352603,BRN
2007,-1.1042691840484378,5.492063492063492,0.45375722543352603,BRN
2008,-0.9000000000000001,3.0,0.0,BRN
2009,-0.9000000000000001,3.0,0.0,BRN
2010,-0.9000000000000001,3.0,0.0,BRN
2011,-0.9000000000000001,3.0,0.0,BRN
2012,-0.9000000000000001,3.0,0.0,BRN
2013,-0.9000000000000001,3.0,0.0,BRN
2014,-0.9000000000000001,3.0,0.0,BRN
2015,-0.9000000000000001,3.0,0.0,BRN
2016,-0.0,0.0,,BRN
2017,-0.0,0.0,,BRN
2018,-0.0,0.0,,BRN
2019,-0.0,0.0,,BRN
2020,-0.0,0.0,,BRN
2021,-0.0,0.0,,BRN
2022,-0.0,0.0,,BRN
2023,-0.0,0.0,,BRN
1948,,,,BTN
1949,,,,BTN
1950,,,,BTN
1951,,,,BTN
1952,,,,BTN
1953,,,,BTN
1954,,,,BTN
1955,,,,BTN
1956,-0.0,0.0,,BTN
1957,-0.0,0.0,,BTN
1958,-0.0,0.0,,BTN
1959,-0.0,0.0,,BTN
1960,-0.0,0.0,,BTN
1961,-0.0,0.0,,BTN
1962,-0.0,0.0,,BTN
1963,-0.0,0.0,,BTN
1964,-0.0,0.0,,BTN
1965,-0.0,0.0,,BTN
1966,-0.0,0.0,,BTN
1967,-0.0,0.0,,BTN
1968,-0.0,0.0,,BTN
1969,-0.0,0.0,,BTN
1970,-0.0,0.0,,BTN
1971,-0.0,0.0,,BTN
1972,-0.0,0.0,,BTN
1973,-0.0,0.0,,BTN
1974,-0.0,0.0,,BTN
1975,-0.0,0.0,,BTN
1976,-0.0,0.0,,BTN
1977,-0.0,0.0,,BTN
1978,-0.0,0.0,,BTN
1979,-0.0,0.0,,BTN
1980,-0.0,0.0,,BTN
1981,-0.0,0.0,,BTN
1982,-0.0,0.0,,BTN
1983,-0.0,0.0,,BTN
1984,-0.0,0.0,,BTN
1985,-0.0,0.0,,BTN
1986,-0.0,0.0,,BTN
1987,-0.0,0.0,,BTN
1988,-0.0,0.0,,BTN
1989,-0.0,0.0,,BTN
1990,-0.0,0.0,,BTN
1991,-0.0,0.0,,BTN
1992,-0.0,0.0,,BTN
1993,-0.0,0.0,,BTN
1994,-0.0,0.0,,BTN
1995,-0.0,0.0,,BTN
1996,-0.0,0.0,,BTN
1997,-0.0,0.0,,BTN
1998,-0.0,0.0,,BTN
1999,-0.0,0.0,,BTN
2000,-0.0,0.0,,BTN
2001,-0.0,0.0,,BTN
2002,-0.0,0.0,,BTN
2003,-0.0,0.0,,BTN
2004,-0.0,0.0,,BTN
2005,-0.0,0.0,,BTN
2006,-0.0,0.0,,BTN
2007,-0.0,0.0,,BTN
2008,-0.0,0.0,,BTN
2009,-0.0,0.0,,BTN
2010,-0.0,0.0,,BTN
2011,-0.0,0.0,,BTN
2012,-0.0,0.0,,BTN
2013,-0.0,0.0,,BTN
2014,-0.0,0.0,,BTN
2015,-0.0,0.0,,BTN
2016,-0.0,0.0,,BTN
2017,-0.0,0.0,,BTN
2018,-0.0,0.0,,BTN
2019,-0.0,0.0,,BTN
2020,-0.0,0.0,,BTN
2021,-0.0,0.0,,BTN
2022,-0.0,0.0,,BTN
2023,-0.0,0.0,,BTN
1948,,,,BWA
1949,,,,BWA
1950,,,,BWA
1951,,,,BWA
1952,,,,BWA
1953,,,,BWA
1954,,,,BWA
1955,,,,BWA
1956,-0.0,0.0,,BWA
1957,-0.0,0.0,,BWA
1958,-0.0,0.0,,BWA
1959,-0.0,0.0,,BWA
1960,-0.0,0.0,,BWA
1961,-0.0,0.0,,BWA
1962,-0.0,0.0,,BWA
1963,-0.0,0.0,,BWA
1964,-0.0,0.0,,BWA
1965,-0.0,0.0,,BWA
1966,-0.0,0.0,,BWA
1967,-0.0,0.0,,BWA
1968,-0.0,0.0,,BWA
1969,-0.0,0.0,,BWA
1970,-0.15238095238095237,0.5079365079365079,0.0,BWA
1971,-0.15238095238095237,0.5079365079365079,0.0,BWA
1972,-0.15238095238095237,0.5079365079365079,0.0,BWA
1973,-0.15238095238095237,0.5079365079365079,0.0,BWA
1974,-0.15238095238095237,0.5079365079365079,0.0,BWA
1975,-0.15238095238095237,0.5079365079365079,0.0,BWA
1976,-0.15238095238095237,0.5079365079365079,0.0,BWA
1977,-0.15238095238095237,0.5079365079365079,0.0,BWA
1978,-0.15238095238095237,0.5079365079365079,0.0,BWA
1979,-0.15238095238095237,0.5079365079365079,0.0,BWA
1980,-0.0,0.0,,BWA
1981,-0.0,0.0,,BWA
1982,-0.11198686371100165,0.37328954570333883,,BWA
1983,-0.11198686371100165,0.37328954570333883,,BWA
1984,-0.11198686371100165,0.37328954570333883,,BWA
1985,-0.11198686371100165,0.37328954570333883,,BWA
1986,-0.11198686371100165,0.37328954570333883,,BWA
1987,-0.11198686371100165,0.37328954570333883,,BWA
1988,-0.11198686371100165,0.37328954570333883,,BWA
1989,-0.11198686371100165,0.37328954570333883,,BWA
1990,-0.11198686371100165,0.37328954570333883,,BWA
1991,-0.11198686371100165,0.37328954570333883,,BWA
1992,-0.0,0.0,,BWA
1993,-0.0,0.0,,BWA
1994,-0.027031311930241764,0.09010437310080588,,BWA
1995,-0.027031311930241764,0.09010437310080588,,BWA
1996,-0.027031311930241764,0.09010437310080588,,BWA
1997,-0.027031311930241764,0.09010437310080588,,BWA
1998,-0.027031311930241764,0.09010437310080588,,BWA
1999,-0.027031311930241764,0.09010437310080588,,BWA
2000,-0.6061929339692681,2.1187739463601534,0.04252665710544368,BWA
2001,-0.6061929339692681,2.1187739463601534,0.04252665710544368,BWA
2002,-0.6061929339692681,2.1187739463601534,0.04252665710544368,BWA
2003,-0.6061929339692681,2.1187739463601534,0.04252665710544368,BWA
2004,-0.6086008719778042,2.0286695732593474,0.0,BWA
2005,-0.6086008719778042,2.0286695732593474,0.0,BWA
2006,-0.6086008719778042,2.0286695732593474,0.0,BWA
2007,-0.6086008719778042,2.0286695732593474,0.0,BWA
2008,-0.6479364397122273,3.0286695732593474,0.3301779794102251,BWA
2009,-0.6479364397122273,3.0286695732593474,0.3301779794102251,BWA
2010,-0.30000000000000004,1.0,0.0,BWA
2011,-0.30000000000000004,1.0,0.0,BWA
2012,-0.30000000000000004,1.0,0.0,BWA
2013,-0.30000000000000004,1.0,0.0,BWA
2014,-0.30000000000000004,1.0,0.0,BWA
2015,-0.30000000000000004,1.0,0.0,BWA
2016,-0.4000000000000001,2.0,0.5,BWA
2017,-0.4000000000000001,2.0,0.5,BWA
2018,-0.30000000000000004,1.0,0.0,BWA
2019,-0.30000000000000004,1.0,0.0,BWA
2020,-0.30000000000000004,1.0,0.0,BWA
2021,-0.30000000000000004,1.0,0.0,BWA
2022,-0.30000000000000004,1.0,0.0,BWA
2023,-0.30000000000000004,1.0,0.0,BWA
1948,,,,CAF
1949,,,,CAF
1950,,,,CAF
1951,,,,CAF
1952,,,,CAF
1953,,,,CAF
1954,,,,CAF
1955,,,,CAF
1956,-0.0,0.0,,CAF
1957,-0.0,0.0,,CAF
1958,-0.0,0.0,,CAF
1959,-0.0,0.0,,CAF
1960,-0.0,0.0,,CAF
1961,-0.0,0.0,,CAF
1962,-0.0,0.0,,CAF
1963,-0.0,0.0,,CAF
1964,-0.0,0.0,,CAF
1965,-0.0,0.0,,CAF
1966,-0.0,0.0,,CAF
1967,-0.0,0.0,,CAF
1968,-0.0,0.0,,CAF
1969,-0.0,0.0,,CAF
1970,-0.0,0.0,,CAF
1971,-0.0,0.0,,CAF
1972,-0.0,0.0,,CAF
1973,-0.0,0.0,,CAF
1974,-0.0,0.0,,CAF
1975,-0.0,0.0,,CAF
1976,-0.0,0.0,,CAF
1977,-0.0,0.0,,CAF
1978,-0.0,0.0,,CAF
1979,-0.0,0.0,,CAF
1980,-0.0,0.0,,CAF
1981,-0.0,0.0,,CAF
1982,-0.0,0.0,,CAF
1983,-0.0,0.0,,CAF
1984,-0.4551724137931034,1.5172413793103448,0.0,CAF
1985,-0.4551724137931034,1.5172413793103448,0.0,CAF
1986,-0.4551724137931034,1.5172413793103448,0.0,CAF
1987,-0.4551724137931034,1.5172413793103448,0.0,CAF
1988,-0.4551724137931034,1.5172413793103448,0.0,CAF
1989,-0.4551724137931034,1.5172413793103448,0.0,CAF
1990,-0.4551724137931034,1.5172413793103448,0.0,CAF
1991,-0.4551724137931034,1.5172413793103448,0.0,CAF
1992,-0.4551724137931034,1.5172413793103448,0.0,CAF
1993,-0.4551724137931034,1.5172413793103448,0.0,CAF
1994,-0.22758620689655168,0.7586206896551722,0.0,CAF
1995,-0.22758620689655168,0.7586206896551722,0.0,CAF
1996,-0.22758620689655168,0.7586206896551722,0.0,CAF
1997,-0.22758620689655168,0.7586206896551722,0.0,CAF
1998,-0.22758620689655168,0.7586206896551722,0.0,CAF
1999,-0.23103448275862065,1.0,0.24137931034482785,CAF
2000,-0.23103448275862065,1.0,0.24137931034482785,CAF
2001,-0.23103448275862065,1.0,0.24137931034482785,CAF
2002,-0.23103448275862065,1.0,0.24137931034482785,CAF
2003,-0.23103448275862065,1.0,0.24137931034482785,CAF
2004,-0.0724137931034484,0.24137931034482785,,CAF
2005,-0.0724137931034484,0.24137931034482785,,CAF
2006,-0.0724137931034484,0.24137931034482785,,CAF
2007,-0.0724137931034484,0.24137931034482785,,CAF
2008,-0.0724137931034484,0.24137931034482785,,CAF
2009,-0.0,0.0,,CAF
2010,-0.0,0.0,,CAF
2011,-0.0,0.0,,CAF
2012,-0.0,0.0,,CAF
2013,-0.0,0.0,,CAF
2014,-0.0,0.0,,CAF
2015,-0.0,0.0,,CAF
2016,-0.0,0.0,,CAF
2017,-0.0,0.0,,CAF
2018,-0.0,0.0,,CAF
2019,-0.0,0.0,,CAF
2020,-0.14482758620689656,0.48275862068965525,,CAF
2021,-0.14482758620689656,0.48275862068965525,,CAF
2022,-0.14482758620689656,0.48275862068965525,,CAF
2023,-0.14482758620689656,0.48275862068965525,,CAF
1948,,,,CAN
1949,,,,CAN
1950,,,,CAN
1951,,,,CAN
1952,,,,CAN
1953,,,,CAN
1954,,,,CAN
1955,,,,CAN
1956,-0.0,0.0,,CAN
1957,-0.0,0.0,,CAN
1958,-0.0,0.0,,CAN
1959,-0.0,0.0,,CAN
1960,-0.0,0.0,,CAN
1961,-0.0,0.0,,CAN
1962,-0.0,0.0,,CAN
1963,-0.0,0.0,,CAN
1964,-0.0,0.0,,CAN
1965,-0.0,0.0,,CAN
1966,-0.0,0.0,,CAN
1967,-0.0,0.0,,CAN
1968,-0.0,0.0,,CAN
1969,-0.0,0.0,,CAN
1970,-0.0,0.0,,CAN
1971,-0.0,0.0,,CAN
1972,-0.0,0.0,,CAN
1973,-0.0,0.0,,CAN
1974,-0.0,0.0,,CAN
1975,-0.0,0.0,,CAN
1976,-0.0,0.0,,CAN
1977,-0.0,0.0,,CAN
1978,-0.0,0.0,,CAN
1979,-0.0,0.0,,CAN
1980,-0.0,0.0,,CAN
1981,-0.0,0.0,,CAN
1982,-0.0,0.0,,CAN
1983,-0.0,0.0,,CAN
1984,-0.0,0.0,,CAN
1985,-0.0,0.0,,CAN
1986,-0.0,0.0,,CAN
1987,-0.0,0.0,,CAN
1988,-0.0,0.0,,CAN
1989,-0.49380530973451314,1.646017699115044,0.0,CAN
1990,-0.49380530973451314,1.646017699115044,0.0,CAN
1991,-0.49380530973451314,1.646017699115044,0.0,CAN
1992,-0.49380530973451314,1.646017699115044,0.0,CAN
1993,-0.49380530973451314,1.646017699115044,0.0,CAN
1994,-1.3441181548591419,6.0,0.2743362831858406,CAN
1995,-1.3441181548591419,6.0,0.2743362831858406,CAN
1996,-1.3441181548591419,6.0,0.2743362831858406,CAN
1997,-1.3441181548591419,6.0,0.2743362831858406,CAN
1998,-1.3441181548591419,6.0,0.2743362831858406,CAN
1999,-1.3061946902654868,4.353982300884956,0.0,CAN
2000,-1.3061946902654868,4.353982300884956,0.0,CAN
2001,-1.3061946902654868,4.353982300884956,0.0,CAN
2002,-1.3061946902654868,4.353982300884956,0.0,CAN
2003,-1.3061946902654868,4.353982300884956,0.0,CAN
2004,-0.0,0.0,,CAN
2005,-0.0,0.0,,CAN
2006,-0.0,0.0,,CAN
2007,-0.0,0.0,,CAN
2008,-0.0,0.0,,CAN
2009,-0.0,0.0,,CAN
2010,-0.0,0.0,,CAN
2011,-0.0,0.0,,CAN
2012,-0.0,0.0,,CAN
2013,-0.0,0.0,,CAN
2014,-0.0,0.0,,CAN
2015,-0.0,0.0,,CAN
2016,-0.0,0.0,,CAN
2017,-0.0,0.0,,CAN
2018,-0.0,0.0,,CAN
2019,-0.0,0.0,,CAN
2020,-0.0,0.0,,CAN
2021,-0.0,0.0,,CAN
2022,-0.0,0.0,,CAN
2023,-0.0,0.0,,CAN
1948,,,,CHE
1949,,,,CHE
1950,,,,CHE
1951,,,,CHE
1952,,,,CHE
1953,,,,CHE
1954,,,,CHE
1955,,,,CHE
1956,-0.0,0.0,,CHE
1957,-0.0,0.0,,CHE
1958,-0.0,0.0,,CHE
1959,-0.0,0.0,,CHE
1960,-1.8000000000000003,6.0,0.0,CHE
1961,-1.8000000000000003,6.0,0.0,CHE
1962,-1.8000000000000003,6.0,0.0,CHE
1963,-1.8000000000000003,6.0,0.0,CHE
1964,-1.8000000000000003,6.0,0.0,CHE
1965,-1.8000000000000003,6.0,0.0,CHE
1966,-1.8000000000000003,6.0,0.0,CHE
1967,-1.8000000000000003,6.0,0.0,CHE
1968,-1.8000000000000003,6.0,0.0,CHE
1969,-1.8000000000000003,6.0,0.0,CHE
1970,-0.0,0.0,,CHE
1971,-0.0,0.0,,CHE
1972,-0.0,0.0,,CHE
1973,-0.0,0.0,,CHE
1974,-0.0,0.0,,CHE
1975,-0.0,0.0,,CHE
1976,-0.0,0.0,,CHE
1977,-0.0,0.0,,CHE
1978,-0.0,0.0,,CHE
1979,-0.0,0.0,,CHE
1980,-0.0,0.0,,CHE
1981,-0.0,0.0,,CHE
1982,-0.0,0.0,,CHE
1983,-0.0,0.0,,CHE
1984,-0.0,0.0,,CHE
1985,-0.0,0.0,,CHE
1986,-0.0,0.0,,CHE
1987,-0.0,0.0,,CHE
1988,-0.0,0.0,,CHE
1989,-0.0,0.0,,CHE
1990,-0.0,0.0,,CHE
1991,-0.0,0.0,,CHE
1992,-0.0,0.0,,CHE
1993,-0.0,0.0,,CHE
1994,-0.0,0.0,,CHE
1995,-0.0,0.0,,CHE
1996,-0.0,0.0,,CHE
1997,-0.0,0.0,,CHE
1998,-0.0,0.0,,CHE
1999,-0.0,0.0,,CHE
2000,-0.0,0.0,,CHE
2001,-0.0,0.0,,CHE
2002,-0.0,0.0,,CHE
2003,-0.0,0.0,,CHE
2004,-0.0,0.0,,CHE
2005,-0.0,0.0,,CHE
2006,-0.0,0.0,,CHE
2007,-0.0,0.0,,CHE
2008,-0.0,0.0,,CHE
2009,-0.0,0.0,,CHE
2010,-0.0,0.0,,CHE
2011,-0.0,0.0,,CHE
2012,-0.0,0.0,,CHE
2013,-0.0,0.0,,CHE
2014,-0.0,0.0,,CHE
2015,-0.0,0.0,,CHE
2016,-0.0,0.0,,CHE
2017,-0.0,0.0,,CHE
2018,-0.0,0.0,,CHE
2019,-0.0,0.0,,CHE
2020,-0.0,0.0,,CHE
2021,-0.0,0.0,,CHE
2022,-0.0,0.0,,CHE
2023,-0.0,0.0,,CHE
1948,,,,CHL
1949,,,,CHL
1950,,,,CHL
1951,,,,CHL
1952,,,,CHL
1953,,,,CHL
1954,,,,CHL
1955,,,,CHL
1956,-0.0,0.0,,CHL
1957,-0.0,0.0,,CHL
1958,-0.0,0.0,,CHL
1959,-0.0,0.0,,CHL
1960,-0.0,0.0,,CHL
1961,-0.0,0.0,,CHL
1962,-0.0,0.0,,CHL
1963,-0.0,0.0,,CHL
1964,-0.0,0.0,,CHL
1965,-0.0,0.0,,CHL
1966,-0.0,0.0,,CHL
1967,-0.0,0.0,,CHL
1968,-0.0,0.0,,CHL
1969,-0.4551724137931034,1.5172413793103448,0.0,CHL
1970,-0.4551724137931034,1.5172413793103448,0.0,CHL
1971,-0.4551724137931034,1.5172413793103448,0.0,CHL
1972,-0.4551724137931034,1.5172413793103448,0.0,CHL
1973,-0.4551724137931034,1.5172413793103448,0.0,CHL
1974,-0.4551724137931034,1.5172413793103448,0.0,CHL
1975,-0.4551724137931034,1.5172413793103448,0.0,CHL
1976,-0.4551724137931034,1.5172413793103448,0.0,CHL
1977,-0.4551724137931034,1.5172413793103448,0.0,CHL
1978,-0.4551724137931034,1.5172413793103448,0.0,CHL
1979,-0.0,0.0,,CHL
1980,-0.0,0.0,,CHL
1981,-0.0,0.0,,CHL
1982,-0.0,0.0,,CHL
1983,-0.0,0.0,,CHL
1984,-0.0,0.0,,CHL
1985,-0.0,0.0,,CHL
1986,-0.0,0.0,,CHL
1987,-0.0,0.0,,CHL
1988,-0.0,0.0,,CHL
1989,-0.0,0.0,,CHL
1990,-0.0,0.0,,CHL
1991,-0.18916256157635472,0.6305418719211824,0.0,CHL
1992,-0.3073284472006298,1.5110207556841382,0.4172953081876726,CHL
1993,-0.3132026905771709,1.9409980632116297,0.5463782780359447,CHL
1994,-0.31217153718803525,1.958303875339349,0.5503869982331623,CHL
1995,-0.3119806857073546,1.9613668509371758,0.551089137994635,CHL
1996,-0.30967174934646263,2.356905434887332,0.6264258757564256,CHL
1997,-0.396091530075875,3.4826519498976913,0.6767559517271229,CHL
1998,-0.39608381181405566,3.4827397409034675,0.6767640998869683,CHL
1999,-0.42098654905952015,4.482758620689655,0.7488719312669199,CHL
2000,-0.42098654905952015,4.482758620689655,0.7488719312669199,CHL
2001,-0.435920725571987,3.852216748768473,0.7077665696328608,CHL
2002,-0.41543477456733147,2.971737865005517,0.6211824305680241,CHL
2003,-0.4216690592022562,2.5417605574780255,0.5570996993802821,CHL
2004,-0.4226719721929396,2.5244547453503063,0.5540634994214781,CHL
2005,-0.42285365192106267,2.5213917697524795,0.5535217777279919,CHL
2006,-0.4260772003916031,2.125853185802323,0.47044954819610996,CHL
2007,-0.3000027387108031,1.000106670791964,8.778164203893102e-05,CHL
2008,-0.3000056639358563,1.0000188797861878,0.0,CHL
2009,-0.0,0.0,,CHL
2010,-0.0,0.0,,CHL
2011,-0.0,0.0,,CHL
2012,-0.0,0.0,,CHL
2013,-0.0,0.0,,CHL
2014,-0.0,0.0,,CHL
2015,-0.0,0.0,,CHL
2016,-0.0,0.0,,CHL
2017,-0.0,0.0,,CHL
2018,-0.0,0.0,,CHL
2019,-0.0,0.0,,CHL
2020,-0.0,0.0,,CHL
2021,-0.0,0.0,,CHL
2022,-0.0,0.0,,CHL
2023,-0.0,0.0,,CHL
1948,,,,CHN
1949,,,,CHN
1950,,,,CHN
1951,,,,CHN
1952,,,,CHN
1953,,,,CHN
1954,,,,CHN
1955,,,,CHN
1956,-0.0,0.0,,CHN
1957,-0.0,0.0,,CHN
1958,-0.0,0.0,,CHN
1959,-0.0,0.0,,CHN
1960,-0.0,0.0,,CHN
1961,-0.0,0.0,,CHN
1962,-0.0,0.0,,CHN
1963,-0.0,0.0,,CHN
1964,-0.0,0.0,,CHN
1965,-0.0,0.0,,CHN
1966,-0.0,0.0,,CHN
1967,-0.0,0.0,,CHN
1968,-0.0,0.0,,CHN
1969,-0.0,0.0,,CHN
1970,-0.0,0.0,,CHN
1971,-0.0,0.0,,CHN
1972,-0.0,0.0,,CHN
1973,-0.0,0.0,,CHN
1974,-0.0,0.0,,CHN
1975,-0.0,0.0,,CHN
1976,-0.0,0.0,,CHN
1977,-0.0,0.0,,CHN
1978,-0.0,0.0,,CHN
1979,-0.0,0.0,,CHN
1980,-0.0,0.0,,CHN
1981,-0.0,0.0,,CHN
1982,-0.0,0.0,,CHN
1983,-0.0,0.0,,CHN
1984,-0.0,0.0,,CHN
1985,-0.0,0.0,,CHN
1986,-0.0,0.0,,CHN
1987,-0.0,0.0,,CHN
1988,-0.0,0.0,,CHN
1989,-0.0,0.0,,CHN
1990,-0.0,0.0,,CHN
1991,-0.0,0.0,,CHN
1992,-0.0,0.0,,CHN
1993,-0.0,0.0,,CHN
1994,-0.0,0.0,,CHN
1995,-0.0,0.0,,CHN
1996,-0.0,0.0,,CHN
1997,-0.0,0.0,,CHN
1998,-0.0,0.0,,CHN
1999,-0.0,0.0,,CHN
2000,-0.0,0.0,,CHN
2001,-0.0,0.0,,CHN
2002,-0.0,0.0,,CHN
2003,-0.0,0.0,,CHN
2004,-1.2,4.0,0.0,CHN
2005,-1.2,4.0,0.0,CHN
2006,-1.2041594578792296,5.0,0.19999999999999996,CHN
2007,-1.2041594578792296,5.0,0.19999999999999996,CHN
2008,-1.2041594578792296,5.0,0.19999999999999996,CHN
2009,-1.2041594578792296,5.0,0.19999999999999996,CHN
2010,-1.2041594578792296,5.0,0.19999999999999996,CHN
2011,-1.2041594578792296,5.0,0.19999999999999996,CHN
2012,-1.2041594578792296,5.0,0.19999999999999996,CHN
2013,-1.2041594578792296,5.0,0.19999999999999996,CHN
2014,-0.4000000000000003,2.0,0.5,CHN
2015,-0.4000000000000003,2.0,0.5,CHN
2016,-0.3000000000000004,1.0,0.0,CHN
2017,-0.3000000000000004,1.0,0.0,CHN
2018,-0.3000000000000004,1.0,0.0,CHN
2019,-0.3000000000000004,1.0,0.0,CHN
2020,-0.3000000000000004,1.0,0.0,CHN
2021,-0.3000000000000004,1.0,0.0,CHN
2022,-0.3000000000000004,1.0,0.0,CHN
2023,-0.3000000000000004,1.0,0.0,CHN
1948,,,,CIV
1949,,,,CIV
1950,,,,CIV
1951,,,,CIV
1952,,,,CIV
1953,,,,CIV
1954,,,,CIV
1955,,,,CIV
1956,-0.0,0.0,,CIV
1957,-0.0,0.0,,CIV
1958,-0.0,0.0,,CIV
1959,-0.0,0.0,,CIV
1960,-0.0,0.0,,CIV
1961,-0.0,0.0,,CIV
1962,-0.0,0.0,,CIV
1963,-0.0,0.0,,CIV
1964,-0.0,0.0,,CIV
1965,-0.0,0.0,,CIV
1966,-0.0,0.0,,CIV
1967,-0.0,0.0,,CIV
1968,-0.0,0.0,,CIV
1969,-0.0,0.0,,CIV
1970,-0.0,0.0,,CIV
1971,-0.0,0.0,,CIV
1972,-0.0,0.0,,CIV
1973,-0.0,0.0,,CIV
1974,-0.0,0.0,,CIV
1975,-0.0,0.0,,CIV
1976,-0.0,0.0,,CIV
1977,-0.0,0.0,,CIV
1978,-0.0,0.0,,CIV
1979,-0.0,0.0,,CIV
1980,-0.0,0.0,,CIV
1981,-0.0,0.0,,CIV
1982,-0.0,0.0,,CIV
1983,-0.0,0.0,,CIV
1984,-0.0,0.0,,CIV
1985,-0.0,0.0,,CIV
1986,-0.0,0.0,,CIV
1987,-0.0,0.0,,CIV
1988,-0.0,0.0,,CIV
1989,-0.0,0.0,,CIV
1990,-0.0,0.0,,CIV
1991,-0.0,0.0,,CIV
1992,-0.0,0.0,,CIV
1993,-0.6,2.0,0.0,CIV
1994,-0.6914571812922546,3.3891625615763545,0.4098837209302325,CIV
1995,-0.6914571812922546,3.3891625615763545,0.4098837209302325,CIV
1996,-0.6914571812922546,3.3891625615763545,0.4098837209302325,CIV
1997,-0.6914571812922546,3.3891625615763545,0.4098837209302325,CIV
1998,-0.6914571812922546,3.3891625615763545,0.4098837209302325,CIV
1999,-0.6914571812922546,3.3891625615763545,0.4098837209302325,CIV
2000,-0.6830452060267916,3.881226053639847,0.4846989141164857,CIV
2001,-0.6830452060267916,3.881226053639847,0.4846989141164857,CIV
2002,-0.6830452060267916,3.881226053639847,0.4846989141164857,CIV
2003,-0.4263798724397954,1.881226053639847,0.2615653185917953,CIV
2004,-0.14761904761904765,0.49206349206349254,,CIV
2005,-0.14761904761904765,0.49206349206349254,,CIV
2006,-0.14761904761904765,0.49206349206349254,,CIV
2007,-0.14761904761904765,0.49206349206349254,,CIV
2008,-0.14761904761904765,0.49206349206349254,,CIV
2009,-0.14727311463807594,0.5898155010147685,0.16573319755600724,CIV
2010,-0.029325602685382205,0.097752008951276,,CIV
2011,-0.029325602685382205,0.097752008951276,,CIV
2012,-0.029325602685382205,0.097752008951276,,CIV
2013,-0.029325602685382205,0.097752008951276,,CIV
2014,-0.029325602685382205,0.097752008951276,,CIV
2015,-0.029325602685382205,0.097752008951276,,CIV
2016,-0.029325602685382205,0.097752008951276,,CIV
2017,-0.029325602685382205,0.097752008951276,,CIV
2018,-0.029325602685382205,0.097752008951276,,CIV
2019,-0.0,0.0,,CIV
2020,-0.006306581222663077,0.021021937408876923,,CIV
2021,-0.006306581222663077,0.021021937408876923,,CIV
2022,-0.006306581222663077,0.021021937408876923,,CIV
2023,-0.006306581222663077,0.021021937408876923,,CIV
1948,,,,CMR
1949,,,,CMR
1950,,,,CMR
1951,,,,CMR
1952,,,,CMR
1953,,,,CMR
1954,,,,CMR
1955,,,,CMR
1956,-0.0,0.0,,CMR
1957,-0.0,0.0,,CMR
1958,-0.0,0.0,,CMR
1959,-0.0,0.0,,CMR
1960,-0.0,0.0,,CMR
1961,-0.0,0.0,,CMR
1962,-0.0,0.0,,CMR
1963,-0.0,0.0,,CMR
1964,-0.0,0.0,,CMR
1965,-0.0,0.0,,CMR
1966,-0.0,0.0,,CMR
1967,-0.0,0.0,,CMR
1968,-0.0,0.0,,CMR
1969,-0.0,0.0,,CMR
1970,-0.0,0.0,,CMR
1971,-0.0,0.0,,CMR
1972,-0.0,0.0,,CMR
1973,-0.0,0.0,,CMR
1974,-0.0,0.0,,CMR
1975,-0.0,0.0,,CMR
1976,-0.0,0.0,,CMR
1977,-0.0,0.0,,CMR
1978,-0.0,0.0,,CMR
1979,-0.0,0.0,,CMR
1980,-0.0,0.0,,CMR
1981,-0.0,0.0,,CMR
1982,-0.0,0.0,,CMR
1983,-0.0,0.0,,CMR
1984,-0.4551724137931034,1.5172413793103448,0.0,CMR
1985,-0.4551724137931034,1.5172413793103448,0.0,CMR
1986,-0.4551724137931034,1.5172413793103448,0.0,CMR
1987,-0.4551724137931034,1.5172413793103448,0.0,CMR
1988,-0.4551724137931034,1.5172413793103448,0.0,CMR
1989,-0.4551724137931034,1.5172413793103448,0.0,CMR
1990,-0.4551724137931034,1.5172413793103448,0.0,CMR
1991,-0.4551724137931034,1.5172413793103448,0.0,CMR
1992,-0.4551724137931034,1.5172413793103448,0.0,CMR
1993,-0.4551724137931034,1.5172413793103448,0.0,CMR
1994,-0.22758620689655168,0.7586206896551722,0.0,CMR
1995,-0.22758620689655168,0.7586206896551722,0.0,CMR
1996,-0.22758620689655168,0.7586206896551722,0.0,CMR
1997,-0.22758620689655168,0.7586206896551722,0.0,CMR
1998,-0.22758620689655168,0.7586206896551722,0.0,CMR
1999,-0.23103448275862065,1.0,0.24137931034482785,CMR
2000,-0.23103448275862065,1.0,0.24137931034482785,CMR
2001,-0.23103448275862065,1.0,0.24137931034482785,CMR
2002,-0.23103448275862065,1.0,0.24137931034482785,CMR
2003,-0.23103448275862065,1.0,0.24137931034482785,CMR
2004,-0.0724137931034484,0.24137931034482785,,CMR
2005,-0.0724137931034484,0.24137931034482785,,CMR
2006,-0.0724137931034484,0.24137931034482785,,CMR
2007,-0.0724137931034484,0.24137931034482785,,CMR
2008,-0.0724137931034484,0.24137931034482785,,CMR
2009,-0.0,0.0,,CMR
2010,-0.0,0.0,,CMR
2011,-0.0,0.0,,CMR
2012,-0.0,0.0,,CMR
2013,-0.0,0.0,,CMR
2014,-0.0,0.0,,CMR
2015,-0.0,0.0,,CMR
2016,-0.0,0.0,,CMR
2017,-0.0,0.0,,CMR
2018,-0.0,0.0,,CMR
2019,-0.0,0.0,,CMR
2020,-0.14482758620689656,0.48275862068965525,,CMR
2021,-0.31830780278328547,1.4827586206896552,0.32558139534883723,CMR
2022,-0.31830780278328547,1.4827586206896552,0.32558139534883723,CMR
2023,-0.31830780278328547,1.4827586206896552,0.32558139534883723,CMR
1948,,,,COD
1949,,,,COD
1950,,,,COD
1951,,,,COD
1952,,,,COD
1953,,,,COD
1954,,,,COD
1955,,,,COD
1956,-0.0,0.0,,COD
1957,-0.0,0.0,,COD
1958,-0.0,0.0,,COD
1959,-0.0,0.0,,COD
1960,-0.0,0.0,,COD
1961,-0.0,0.0,,COD
1962,-0.0,0.0,,COD
1963,-0.0,0.0,,COD
1964,-0.0,0.0,,COD
1965,-0.0,0.0,,COD
1966,-0.0,0.0,,COD
1967,-0.0,0.0,,COD
1968,-0.0,0.0,,COD
1969,-0.0,0.0,,COD
1970,-0.0,0.0,,COD
1971,-0.0,0.0,,COD
1972,-0.0,0.0,,COD
1973,-0.0,0.0,,COD
1974,-0.0,0.0,,COD
1975,-0.0,0.0,,COD
1976,-0.0,0.0,,COD
1977,-0.0,0.0,,COD
1978,-0.0,0.0,,COD
1979,-0.0,0.0,,COD
1980,-0.0,0.0,,COD
1981,-0.0,0.0,,COD
1982,-0.2275862068965517,0.7586206896551724,0.0,COD
1983,-0.2275862068965517,0.7586206896551724,0.0,COD
1984,-0.48575425249490567,2.275862068965517,0.33333333333333337,COD
1985,-0.48575425249490567,2.275862068965517,0.33333333333333337,COD
1986,-0.48575425249490567,2.275862068965517,0.33333333333333337,COD
1987,-0.48575425249490567,2.275862068965517,0.33333333333333337,COD
1988,-0.48575425249490567,2.275862068965517,0.33333333333333337,COD
1989,-0.48575425249490567,2.275862068965517,0.33333333333333337,COD
1990,-0.48575425249490567,2.275862068965517,0.33333333333333337,COD
1991,-0.48575425249490567,2.275862068965517,0.33333333333333337,COD
1992,-0.45517241379310336,1.5172413793103445,0.0,COD
1993,-0.45517241379310336,1.5172413793103445,0.0,COD
1994,-0.4448275862068967,1.4827586206896557,0.0,COD
1995,-0.4448275862068967,1.4827586206896557,0.0,COD
1996,-0.4448275862068967,1.4827586206896557,0.0,COD
1997,-0.4448275862068967,1.4827586206896557,0.0,COD
1998,-0.4448275862068967,1.4827586206896557,0.0,COD
1999,-0.4448275862068967,1.4827586206896557,0.0,COD
2000,-0.4448275862068967,1.4827586206896557,0.0,COD
2001,-0.4448275862068967,1.4827586206896557,0.0,COD
2002,-0.4448275862068967,1.4827586206896557,0.0,COD
2003,-0.4448275862068967,1.4827586206896557,0.0,COD
2004,-0.0,0.0,,COD
2005,-0.0,0.0,,COD
2006,-0.0,0.0,,COD
2007,-0.0,0.0,,COD
2008,-0.0,0.0,,COD
2009,-0.0,0.0,,COD
2010,-0.0,0.0,,COD
2011,-0.0,0.0,,COD
2012,-0.0,0.0,,COD
2013,-0.0,0.0,,COD
2014,-0.0,0.0,,COD
2015,-0.0,0.0,,COD
2016,-0.0,0.0,,COD
2017,-0.0,0.0,,COD
2018,-0.0,0.0,,COD
2019,-0.0,0.0,,COD
2020,-0.07241379310344823,0.2413793103448274,,COD
2021,-0.07241379310344823,0.2413793103448274,,COD
2022,-0.07241379310344823,0.2413793103448274,,COD
2023,-0.07241379310344823,0.2413793103448274,,COD
1948,,,,COG
1949,,,,COG
1950,,,,COG
1951,,,,COG
1952,,,,COG
1953,,,,COG
1954,,,,COG
1955,,,,COG
1956,-0.0,0.0,,COG
1957,-0.0,0.0,,COG
1958,-0.0,0.0,,COG
1959,-0.0,0.0,,COG
1960,-0.0,0.0,,COG
1961,-0.0,0.0,,COG
1962,-0.0,0.0,,COG
1963,-0.0,0.0,,COG
1964,-0.0,0.0,,COG
1965,-0.0,0.0,,COG
1966,-0.0,0.0,,COG
1967,-0.0,0.0,,COG
1968,-0.0,0.0,,COG
1969,-0.0,0.0,,COG
1970,-0.0,0.0,,COG
1971,-0.0,0.0,,COG
1972,-0.0,0.0,,COG
1973,-0.0,0.0,,COG
1974,-0.0,0.0,,COG
1975,-0.0,0.0,,COG
1976,-0.0,0.0,,COG
1977,-0.0,0.0,,COG
1978,-0.0,0.0,,COG
1979,-0.0,0.0,,COG
1980,-0.0,0.0,,COG
1981,-0.0,0.0,,COG
1982,-0.0,0.0,,COG
1983,-0.0,0.0,,COG
1984,-0.4551724137931034,1.5172413793103448,0.0,COG
1985,-0.4551724137931034,1.5172413793103448,0.0,COG
1986,-0.4551724137931034,1.5172413793103448,0.0,COG
1987,-0.4551724137931034,1.5172413793103448,0.0,COG
1988,-0.4551724137931034,1.5172413793103448,0.0,COG
1989,-0.4551724137931034,1.5172413793103448,0.0,COG
1990,-0.4551724137931034,1.5172413793103448,0.0,COG
1991,-0.4551724137931034,1.5172413793103448,0.0,COG
1992,-0.4551724137931034,1.5172413793103448,0.0,COG
1993,-0.4551724137931034,1.5172413793103448,0.0,COG
1994,-0.22758620689655168,0.7586206896551722,0.0,COG
1995,-0.22758620689655168,0.7586206896551722,0.0,COG
1996,-0.22758620689655168,0.7586206896551722,0.0,COG
1997,-0.22758620689655168,0.7586206896551722,0.0,COG
1998,-0.22758620689655168,0.7586206896551722,0.0,COG
1999,-0.23103448275862065,1.0,0.24137931034482785,COG
2000,-0.23103448275862065,1.0,0.24137931034482785,COG
2001,-0.23103448275862065,1.0,0.24137931034482785,COG
2002,-0.23103448275862065,1.0,0.24137931034482785,COG
2003,-0.23103448275862065,1.0,0.24137931034482785,COG
2004,-0.0724137931034484,0.24137931034482785,,COG
2005,-0.0724137931034484,0.24137931034482785,,COG
2006,-0.0724137931034484,0.24137931034482785,,COG
2007,-0.0724137931034484,0.24137931034482785,,COG
2008,-0.0724137931034484,0.24137931034482785,,COG
2009,-0.0,0.0,,COG
2010,-0.0,0.0,,COG
2011,-0.0,0.0,,COG
2012,-0.0,0.0,,COG
2013,-0.0,0.0,,COG
2014,-0.0,0.0,,COG
2015,-0.0,0.0,,COG
2016,-0.0,0.0,,COG
2017,-0.0,0.0,,COG
2018,-0.0,0.0,,COG
2019,-0.0,0.0,,COG
2020,-0.14482758620689656,0.48275862068965525,,COG
2021,-0.14482758620689656,0.48275862068965525,,COG
2022,-0.14482758620689656,0.48275862068965525,,COG
2023,-0.14482758620689656,0.48275862068965525,,COG
1948,,,,COK
1949,,,,COK
1950,,,,COK
1951,,,,COK
1952,,,,COK
1953,,,,COK
1954,,,,COK
1955,,,,COK
1956,-0.0,0.0,,COK
1957,-0.0,0.0,,COK
1958,-0.0,0.0,,COK
1959,-0.0,0.0,,COK
1960,-0.0,0.0,,COK
1961,-0.0,0.0,,COK
1962,-0.0,0.0,,COK
1963,-0.0,0.0,,COK
1964,-0.0,0.0,,COK
1965,-0.0,0.0,,COK
1966,-0.0,0.0,,COK
1967,-0.0,0.0,,COK
1968,-0.0,0.0,,COK
1969,-0.0,0.0,,COK
1970,-0.0,0.0,,COK
1971,-0.0,0.0,,COK
1972,-0.0,0.0,,COK
1973,-0.0,0.0,,COK
1974,-0.0,0.0,,COK
1975,-0.0,0.0,,COK
1976,-0.0,0.0,,COK
1977,-0.0,0.0,,COK
1978,-0.0,0.0,,COK
1979,-0.0,0.0,,COK
1980,-0.0,0.0,,COK
1981,-0.15238095238095237,0.5079365079365079,0.0,COK
1982,-0.15238095238095237,0.5079365079365079,0.0,COK
1983,-0.15238095238095237,0.5079365079365079,0.0,COK
1984,-0.15238095238095237,0.5079365079365079,0.0,COK
1985,-0.15238095238095237,0.5079365079365079,0.0,COK
1986,-0.15238095238095237,0.5079365079365079,0.0,COK
1987,-0.15238095238095237,0.5079365079365079,0.0,COK
1988,-0.15238095238095237,0.5079365079365079,0.0,COK
1989,-0.15238095238095237,0.5079365079365079,0.0,COK
1990,-0.15238095238095237,0.5079365079365079,0.0,COK
1991,-0.0,0.0,,COK
1992,-0.0,0.0,,COK
1993,-0.0,0.0,,COK
1994,-0.0,0.0,,COK
1995,-0.0,0.0,,COK
1996,-0.0,0.0,,COK
1997,-0.0,0.0,,COK
1998,-0.0,0.0,,COK
1999,-0.0,0.0,,COK
2000,-0.0,0.0,,COK
2001,-0.0,0.0,,COK
2002,-0.0,0.0,,COK
2003,-0.6,2.0,0.0,COK
2004,-0.6,2.0,0.0,COK
2005,-0.6,2.0,0.0,COK
2006,-0.6,2.0,0.0,COK
2007,-0.6,2.0,0.0,COK
2008,-0.6,2.0,0.0,COK
2009,-0.6,2.0,0.0,COK
2010,-0.6,2.0,0.0,COK
2011,-0.6,2.0,0.0,COK
2012,-0.6,2.0,0.0,COK
2013,-0.0,0.0,,COK
2014,-0.0,0.0,,COK
2015,-0.0,0.0,,COK
2016,-0.0,0.0,,COK
2017,-0.0,0.0,,COK
2018,-0.0,0.0,,COK
2019,-0.0,0.0,,COK
2020,-0.7476190476190476,2.492063492063492,0.0,COK
2021,-0.7476190476190476,2.492063492063492,0.0,COK
2022,-0.7476190476190476,2.492063492063492,0.0,COK
2023,-0.7476190476190476,2.492063492063492,0.0,COK
1948,,,,COL
1949,,,,COL
1950,,,,COL
1951,,,,COL
1952,,,,COL
1953,,,,COL
1954,,,,COL
1955,,,,COL
1956,-0.0,0.0,,COL
1957,-0.0,0.0,,COL
1958,-0.0,0.0,,COL
1959,-0.0,0.0,,COL
1960,-0.0,0.0,,COL
1961,-0.0,0.0,,COL
1962,-0.0,0.0,,COL
1963,-0.0,0.0,,COL
1964,-0.0,0.0,,COL
1965,-0.0,0.0,,COL
1966,-0.0,0.0,,COL
1967,-0.0,0.0,,COL
1968,-0.0,0.0,,COL
1969,-0.4551724137931034,1.5172413793103448,0.0,COL
1970,-0.4551724137931034,1.5172413793103448,0.0,COL
1971,-0.4551724137931034,1.5172413793103448,0.0,COL
1972,-0.4551724137931034,1.5172413793103448,0.0,COL
1973,-0.4551724137931034,1.5172413793103448,0.0,COL
1974,-0.4551724137931034,1.5172413793103448,0.0,COL
1975,-0.4551724137931034,1.5172413793103448,0.0,COL
1976,-0.4551724137931034,1.5172413793103448,0.0,COL
1977,-0.4551724137931034,1.5172413793103448,0.0,COL
1978,-0.4551724137931034,1.5172413793103448,0.0,COL
1979,-0.0,0.0,,COL
1980,-0.0,0.0,,COL
1981,-0.0,0.0,,COL
1982,-0.0,0.0,,COL
1983,-0.0,0.0,,COL
1984,-0.0,0.0,,COL
1985,-0.0,0.0,,COL
1986,-0.0,0.0,,COL
1987,-0.0,0.0,,COL
1988,-0.07241379310344828,0.24137931034482762,,COL
1989,-0.07241379310344828,0.24137931034482762,,COL
1990,-0.07241379310344828,0.24137931034482762,,COL
1991,-0.07241379310344828,0.24137931034482762,,COL
1992,-0.07241379310344828,0.24137931034482762,,COL
1993,-0.2837524499274305,1.183115338882283,0.20402010050251262,COL
1994,-0.2837524499274305,1.183115338882283,0.20402010050251262,COL
1995,-0.9911238076520927,4.482758620689655,0.26392572944297077,COL
1996,-0.9911238076520927,4.482758620689655,0.26392572944297077,COL
1997,-0.9911238076520927,4.482758620689655,0.26392572944297077,COL
1998,-0.9987783882924133,4.241379310344827,0.2220353238015138,COL
1999,-0.9987783882924133,4.241379310344827,0.2220353238015138,COL
2000,-0.9987783882924133,4.241379310344827,0.2220353238015138,COL
2001,-0.9987783882924133,4.241379310344827,0.2220353238015138,COL
2002,-0.9987783882924133,4.241379310344827,0.2220353238015138,COL
2003,-0.9898929845422116,3.299643281807372,0.0,COL
2004,-0.9898929845422116,3.299643281807372,0.0,COL
2005,-0.0,0.0,,COL
2006,-0.0,0.0,,COL
2007,-0.0,0.0,,COL
2008,-0.0,0.0,,COL
2009,-0.0,0.0,,COL
2010,-0.0,0.0,,COL
2011,-0.0,0.0,,COL
2012,-0.0,0.0,,COL
2013,-0.0,0.0,,COL
2014,-0.0,0.0,,COL
2015,-0.0,0.0,,COL
2016,-0.0,0.0,,COL
2017,-0.0,0.0,,COL
2018,-0.0,0.0,,COL
2019,-0.0,0.0,,COL
2020,-0.0,0.0,,COL
2021,-0.0,0.0,,COL
2022,-0.0,0.0,,COL
2023,-0.0,0.0,,COL
1948,,,,COM
1949,,,,COM
1950,,,,COM
1951,,,,COM
1952,,,,COM
1953,,,,COM
1954,,,,COM
1955,,,,COM
1956,-0.0,0.0,,COM
1957,-0.0,0.0,,COM
1958,-0.0,0.0,,COM
1959,-0.0,0.0,,COM
1960,-0.0,0.0,,COM
1961,-0.0,0.0,,COM
1962,-0.0,0.0,,COM
1963,-0.0,0.0,,COM
1964,-0.0,0.0,,COM
1965,-0.0,0.0,,COM
1966,-0.0,0.0,,COM
1967,-0.0,0.0,,COM
1968,-0.0,0.0,,COM
1969,-0.0,0.0,,COM
1970,-0.0,0.0,,COM
1971,-0.0,0.0,,COM
1972,-0.0,0.0,,COM
1973,-0.0,0.0,,COM
1974,-0.0,0.0,,COM
1975,-0.0,0.0,,COM
1976,-0.0,0.0,,COM
1977,-0.0,0.0,,COM
1978,-0.0,0.0,,COM
1979,-0.0,0.0,,COM
1980,-0.0,0.0,,COM
1981,-0.0,0.0,,COM
1982,-0.2275862068965517,0.7586206896551724,0.0,COM
1983,-0.2275862068965517,0.7586206896551724,0.0,COM
1984,-0.2275862068965517,0.7586206896551724,0.0,COM
1985,-0.2275862068965517,0.7586206896551724,0.0,COM
1986,-0.2275862068965517,0.7586206896551724,0.0,COM
1987,-0.2275862068965517,0.7586206896551724,0.0,COM
1988,-0.2275862068965517,0.7586206896551724,0.0,COM
1989,-0.2275862068965517,0.7586206896551724,0.0,COM
1990,-0.2275862068965517,0.7586206896551724,0.0,COM
1991,-0.2275862068965517,0.7586206896551724,0.0,COM
1992,-0.0,0.0,,COM
1993,-0.0,0.0,,COM
1994,-0.6724137931034483,2.2413793103448274,0.0,COM
1995,-0.6724137931034483,2.2413793103448274,0.0,COM
1996,-0.6724137931034483,2.2413793103448274,0.0,COM
1997,-0.6724137931034483,2.2413793103448274,0.0,COM
1998,-0.6724137931034483,2.2413793103448274,0.0,COM
1999,-0.6724137931034483,2.2413793103448274,0.0,COM
2000,-0.6724137931034483,2.2413793103448274,0.0,COM
2001,-0.6724137931034483,2.2413793103448274,0.0,COM
2002,-0.6724137931034483,2.2413793103448274,0.0,COM
2003,-0.6724137931034483,2.2413793103448274,0.0,COM
2004,-0.0,0.0,,COM
2005,-0.0,0.0,,COM
2006,-0.0,0.0,,COM
2007,-0.0,0.0,,COM
2008,-0.0,0.0,,COM
2009,-0.0,0.0,,COM
2010,-0.0,0.0,,COM
2011,-0.0,0.0,,COM
2012,-0.0,0.0,,COM
2013,-0.0,0.0,,COM
2014,-0.0,0.0,,COM
2015,-0.0,0.0,,COM
2016,-0.0,0.0,,COM
2017,-0.0,0.0,,COM
2018,-0.0,0.0,,COM
2019,-0.0,0.0,,COM
2020,-0.3,1.0,0.0,COM
2021,-0.3,1.0,0.0,COM
2022,-0.3,1.0,0.0,COM
2023,-0.3,1.0,0.0,COM
1948,,,,CPV
1949,,,,CPV
1950,,,,CPV
1951,,,,CPV
1952,,,,CPV
1953,,,,CPV
1954,,,,CPV
1955,,,,CPV
1956,-0.0,0.0,,CPV
1957,-0.0,0.0,,CPV
1958,-0.0,0.0,,CPV
1959,-0.0,0.0,,CPV
1960,-0.0,0.0,,CPV
1961,-0.0,0.0,,CPV
1962,-0.0,0.0,,CPV
1963,-0.0,0.0,,CPV
1964,-0.0,0.0,,CPV
1965,-0.0,0.0,,CPV
1966,-0.0,0.0,,CPV
1967,-0.0,0.0,,CPV
1968,-0.0,0.0,,CPV
1969,-0.0,0.0,,CPV
1970,-0.0,0.0,,CPV
1971,-0.0,0.0,,CPV
1972,-0.0,0.0,,CPV
1973,-0.0,0.0,,CPV
1974,-0.0,0.0,,CPV
1975,-0.0,0.0,,CPV
1976,-0.0,0.0,,CPV
1977,-0.0,0.0,,CPV
1978,-0.0,0.0,,CPV
1979,-0.0,0.0,,CPV
1980,-0.0,0.0,,CPV
1981,-0.0,0.0,,CPV
1982,-0.0,0.0,,CPV
1983,-0.0,0.0,,CPV
1984,-0.0,0.0,,CPV
1985,-0.0,0.0,,CPV
1986,-0.0,0.0,,CPV
1987,-0.0,0.0,,CPV
1988,-0.0,0.0,,CPV
1989,-0.0,0.0,,CPV
1990,-0.0,0.0,,CPV
1991,-0.0,0.0,,CPV
1992,-0.0,0.0,,CPV
1993,-0.6,2.0,0.0,CPV
1994,-0.6176169152341549,2.7586206896551726,0.275,CPV
1995,-0.6176169152341549,2.7586206896551726,0.275,CPV
1996,-0.6176169152341549,2.7586206896551726,0.275,CPV
1997,-0.6176169152341549,2.7586206896551726,0.275,CPV
1998,-0.6176169152341549,2.7586206896551726,0.275,CPV
1999,-0.6176169152341549,2.7586206896551726,0.275,CPV
2000,-0.6176169152341549,2.7586206896551726,0.275,CPV
2001,-0.6176169152341549,2.7586206896551726,0.275,CPV
2002,-0.6176169152341549,2.7586206896551726,0.275,CPV
2003,-0.22758620689655185,0.7586206896551726,0.0,CPV
2004,-0.0,0.0,,CPV
2005,-0.0,0.0,,CPV
2006,-0.0,0.0,,CPV
2007,-0.0,0.0,,CPV
2008,-0.0,0.0,,CPV
2009,-0.0,0.0,,CPV
2010,-0.0,0.0,,CPV
2011,-0.0,0.0,,CPV
2012,-0.0,0.0,,CPV
2013,-0.0,0.0,,CPV
2014,-0.0,0.0,,CPV
2015,-0.0,0.0,,CPV
2016,-0.0,0.0,,CPV
2017,-0.0,0.0,,CPV
2018,-0.0,0.0,,CPV
2019,-0.0,0.0,,CPV
2020,-0.07241379310344823,0.2413793103448274,,CPV
2021,-0.07241379310344823,0.2413793103448274,,CPV
2022,-0.07241379310344823,0.2413793103448274,,CPV
2023,-0.07241379310344823,0.2413793103448274,,CPV
1948,,,,CRI
1949,,,,CRI
1950,,,,CRI
1951,,,,CRI
1952,,,,CRI
1953,,,,CRI
1954,,,,CRI
1955,,,,CRI
1956,-0.0,0.0,,CRI
1957,-0.0,0.0,,CRI
1958,-0.0,0.0,,CRI
1959,-0.2275862068965517,0.7586206896551724,0.0,CRI
1960,-0.2275862068965517,0.7586206896551724,0.0,CRI
1961,-0.2275862068965517,0.7586206896551724,0.0,CRI
1962,-0.2275862068965517,0.7586206896551724,0.0,CRI
1963,-0.35584135197649047,1.7586206896551724,0.43137254901960786,CRI
1964,-0.35584135197649047,1.7586206896551724,0.43137254901960786,CRI
1965,-0.35584135197649047,1.7586206896551724,0.43137254901960786,CRI
1966,-0.35584135197649047,1.7586206896551724,0.43137254901960786,CRI
1967,-0.35584135197649047,1.7586206896551724,0.43137254901960786,CRI
1968,-0.35584135197649047,1.7586206896551724,0.43137254901960786,CRI
1969,-0.3,1.0,0.0,CRI
1970,-0.3,1.0,0.0,CRI
1971,-0.3,1.0,0.0,CRI
1972,-0.3,1.0,0.0,CRI
1973,-0.0,0.0,,CRI
1974,-0.0,0.0,,CRI
1975,-0.0,0.0,,CRI
1976,-0.0,0.0,,CRI
1977,-0.0,0.0,,CRI
1978,-0.0,0.0,,CRI
1979,-0.0,0.0,,CRI
1980,-0.0,0.0,,CRI
1981,-0.0,0.0,,CRI
1982,-0.0,0.0,,CRI
1983,-0.0,0.0,,CRI
1984,-0.0,0.0,,CRI
1985,-0.0,0.0,,CRI
1986,-0.0,0.0,,CRI
1987,-0.0,0.0,,CRI
1988,-0.0,0.0,,CRI
1989,-0.0,0.0,,CRI
1990,-0.0,0.0,,CRI
1991,-0.0,0.0,,CRI
1992,-0.0,0.0,,CRI
1993,-0.0,0.0,,CRI
1994,-0.0,0.0,,CRI
1995,-1.173448275862069,3.9114942528735632,0.0,CRI
1996,-1.173448275862069,3.9114942528735632,0.0,CRI
1997,-1.173448275862069,3.9114942528735632,0.0,CRI
1998,-1.173448275862069,3.9114942528735632,0.0,CRI
1999,-1.173448275862069,3.9114942528735632,0.0,CRI
2000,-1.173448275862069,3.9114942528735632,0.0,CRI
2001,-1.1668380655415904,4.215721583652618,0.07216494845360821,CRI
2002,-1.1659361059926379,4.241379310344827,0.07777777777777772,CRI
2003,-1.1659361059926379,4.241379310344827,0.07777777777777772,CRI
2004,-1.1659361059926379,4.241379310344827,0.07777777777777772,CRI
2005,-0.09073597556519572,0.3298850574712642,,CRI
2006,-0.09073597556519572,0.3298850574712642,,CRI
2007,-0.09073597556519572,0.3298850574712642,,CRI
2008,-0.09073597556519572,0.3298850574712642,,CRI
2009,-0.09073597556519572,0.3298850574712642,,CRI
2010,-0.09073597556519572,0.3298850574712642,,CRI
2011,-0.007697318007658057,0.025657726692209337,,CRI
2012,-0.0,0.0,,CRI
2013,-0.0,0.0,,CRI
2014,-0.0,0.0,,CRI
2015,-0.0,0.0,,CRI
2016,-0.0,0.0,,CRI
2017,-0.0,0.0,,CRI
2018,-0.0,0.0,,CRI
2019,-0.0,0.0,,CRI
2020,-0.0,0.0,,CRI
2021,-0.0,0.0,,CRI
2022,-0.0,0.0,,CRI
2023,-0.0,0.0,,CRI
1948,,,,CUB
1949,,,,CUB
1950,,,,CUB
1951,,,,CUB
1952,,,,CUB
1953,,,,CUB
1954,,,,CUB
1955,,,,CUB
1956,-0.0,0.0,,CUB
1957,-0.0,0.0,,CUB
1958,-0.0,0.0,,CUB
1959,-0.0,0.0,,CUB
1960,-0.0,0.0,,CUB
1961,-0.0,0.0,,CUB
1962,-0.0,0.0,,CUB
1963,-0.0,0.0,,CUB
1964,-0.0,0.0,,CUB
1965,-0.0,0.0,,CUB
1966,-0.0,0.0,,CUB
1967,-0.0,0.0,,CUB
1968,-0.0,0.0,,CUB
1969,-0.0,0.0,,CUB
1970,-0.0,0.0,,CUB
1971,-0.0,0.0,,CUB
1972,-0.0,0.0,,CUB
1973,-0.0,0.0,,CUB
1974,-0.0,0.0,,CUB
1975,-0.0,0.0,,CUB
1976,-0.0,0.0,,CUB
1977,-0.0,0.0,,CUB
1978,-0.0,0.0,,CUB
1979,-0.0,0.0,,CUB
1980,-0.0,0.0,,CUB
1981,-0.0,0.0,,CUB
1982,-0.0,0.0,,CUB
1983,-0.0,0.0,,CUB
1984,-0.0,0.0,,CUB
1985,-0.0,0.0,,CUB
1986,-0.0,0.0,,CUB
1987,-0.0,0.0,,CUB
1988,-0.0,0.0,,CUB
1989,-0.0,0.0,,CUB
1990,-0.0,0.0,,CUB
1991,-0.0,0.0,,CUB
1992,-0.0,0.0,,CUB
1993,-0.0,0.0,,CUB
1994,-0.0,0.0,,CUB
1995,-0.0,0.0,,CUB
1996,-0.0,0.0,,CUB
1997,-0.0,0.0,,CUB
1998,-0.0,0.0,,CUB
1999,-0.0,0.0,,CUB
2000,-0.0,0.0,,CUB
2001,-0.9465365200997383,3.155121733665794,0.0,CUB
2002,-0.9465365200997383,3.155121733665794,0.0,CUB
2003,-0.9465365200997383,3.155121733665794,0.0,CUB
2004,-0.9460541470951481,3.1699007578251863,0.0046622986927615795,CUB
2005,-0.9460541470951481,3.1699007578251863,0.0046622986927615795,CUB
2006,-0.9459743837359785,3.17228928698226,0.00541172376268273,CUB
2007,-0.9459743837359785,3.17228928698226,0.00541172376268273,CUB
2008,-0.9459350351195636,3.1734645949801847,0.005780074352619402,CUB
2009,-0.9459350351195636,3.1734645949801847,0.005780074352619402,CUB
2010,-0.9459350351195636,3.1734645949801847,0.005780074352619402,CUB
2011,-0.004380181724632329,0.018342861314390557,,CUB
2012,-0.004380181724632329,0.018342861314390557,,CUB
2013,-0.004380181724632329,0.018342861314390557,,CUB
2014,-0.000762648470613827,0.003563837154998417,,CUB
2015,-0.000762648470613827,0.003563837154998417,,CUB
2016,-0.0003525923993567888,0.0011753079979248682,,CUB
2017,-0.0003525923993567888,0.0011753079979248682,,CUB
2018,-0.0,0.0,,CUB
2019,-0.0,0.0,,CUB
2020,-0.0,0.0,,CUB
2021,-0.0,0.0,,CUB
2022,-0.0,0.0,,CUB
2023,-0.0,0.0,,CUB
1948,,,,CYM
1949,,,,CYM
1950,,,,CYM
1951,,,,CYM
1952,,,,CYM
1953,,,,CYM
1954,,,,CYM
1955,,,,CYM
1956,-0.0,0.0,,CYM
1957,-0.0,0.0,,CYM
1958,-0.0,0.0,,CYM
1959,-0.0,0.0,,CYM
1960,-0.0,0.0,,CYM
1961,-0.0,0.0,,CYM
1962,-0.0,0.0,,CYM
1963,-0.0,0.0,,CYM
1964,-0.0,0.0,,CYM
1965,-0.0,0.0,,CYM
1966,-0.0,0.0,,CYM
1967,-0.0,0.0,,CYM
1968,-0.0,0.0,,CYM
1969,-0.0,0.0,,CYM
1970,-0.0,0.0,,CYM
1971,-1.2,4.0,0.0,CYM
1972,-1.2,4.0,0.0,CYM
1973,-1.2,4.0,0.0,CYM
1974,-1.2,4.0,0.0,CYM
1975,-1.2,4.0,0.0,CYM
1976,-1.2,4.0,0.0,CYM
1977,-1.2,4.0,0.0,CYM
1978,-1.2,4.0,0.0,CYM
1979,-1.2,4.0,0.0,CYM
1980,-1.2,4.0,0.0,CYM
1981,-0.0,0.0,,CYM
1982,-0.0,0.0,,CYM
1983,-0.0,0.0,,CYM
1984,-0.0,0.0,,CYM
1985,-0.0,0.0,,CYM
1986,-0.0,0.0,,CYM
1987,-0.0,0.0,,CYM
1988,-0.0,0.0,,CYM
1989,-0.0,0.0,,CYM
1990,-0.0,0.0,,CYM
1991,-0.0,0.0,,CYM
1992,-0.0,0.0,,CYM
1993,-0.0,0.0,,CYM
1994,-0.0,0.0,,CYM
1995,-0.0,0.0,,CYM
1996,-0.0,0.0,,CYM
1997,-0.0,0.0,,CYM
1998,-0.0,0.0,,CYM
1999,-0.0,0.0,,CYM
2000,-0.0,0.0,,CYM
2001,-0.0,0.0,,CYM
2002,-0.0,0.0,,CYM
2003,-0.0,0.0,,CYM
2004,-0.0,0.0,,CYM
2005,-0.0,0.0,,CYM
2006,-0.0,0.0,,CYM
2007,-0.0,0.0,,CYM
2008,-0.0,0.0,,CYM
2009,-0.0,0.0,,CYM
2010,-0.0,0.0,,CYM
2011,-0.0,0.0,,CYM
2012,-0.0,0.0,,CYM
2013,-0.0,0.0,,CYM
2014,-0.0,0.0,,CYM
2015,-0.0,0.0,,CYM
2016,-0.0,0.0,,CYM
2017,-0.0,0.0,,CYM
2018,-0.0,0.0,,CYM
2019,-0.0,0.0,,CYM
2020,-0.0,0.0,,CYM
2021,-0.0,0.0,,CYM
2022,-0.0,0.0,,CYM
2023,-0.0,0.0,,CYM
1948,,,,CYP
1949,,,,CYP
1950,,,,CYP
1951,,,,CYP
1952,,,,CYP
1953,,,,CYP
1954,,,,CYP
1955,,,,CYP
1956,-0.0,0.0,,CYP
1957,-0.0,0.0,,CYP
1958,-0.0,0.0,,CYP
1959,-0.0,0.0,,CYP
1960,-0.0,0.0,,CYP
1961,-0.0,0.0,,CYP
1962,-0.0,0.0,,CYP
1963,-0.0,0.0,,CYP
1964,-0.0,0.0,,CYP
1965,-0.0,0.0,,CYP
1966,-0.0,0.0,,CYP
1967,-0.0,0.0,,CYP
1968,-0.0,0.0,,CYP
1969,-0.0,0.0,,CYP
1970,-0.0,0.0,,CYP
1971,-0.0,0.0,,CYP
1972,-0.0,0.0,,CYP
1973,-0.15238095238095237,0.5079365079365079,0.0,CYP
1974,-0.15238095238095237,0.5079365079365079,0.0,CYP
1975,-0.15238095238095237,0.5079365079365079,0.0,CYP
1976,-0.15238095238095237,0.5079365079365079,0.0,CYP
1977,-0.15238095238095237,0.5079365079365079,0.0,CYP
1978,-0.15238095238095237,0.5079365079365079,0.0,CYP
1979,-0.15238095238095237,0.5079365079365079,0.0,CYP
1980,-0.15238095238095237,0.5079365079365079,0.0,CYP
1981,-0.15238095238095237,0.5079365079365079,0.0,CYP
1982,-0.15238095238095237,0.5079365079365079,0.0,CYP
1983,-0.0,0.0,,CYP
1984,-0.0,0.0,,CYP
1985,-0.0,0.0,,CYP
1986,-0.07498110355253212,0.24993701184177375,,CYP
1987,-0.07498110355253212,0.24993701184177375,,CYP
1988,-0.07498110355253212,0.24993701184177375,,CYP
1989,-0.07498110355253212,0.24993701184177375,,CYP
1990,-0.07498110355253212,0.24993701184177375,,CYP
1991,-0.07498110355253212,0.24993701184177375,,CYP
1992,-0.07498110355253212,0.24993701184177375,,CYP
1993,-0.07498110355253212,0.24993701184177375,,CYP
1994,-0.07498110355253212,0.24993701184177375,,CYP
1995,-0.07980395770711725,0.3729218906845513,,CYP
1996,-0.03689546365283327,0.12298487884277753,,CYP
1997,-0.03689546365283327,0.12298487884277753,,CYP
1998,-0.03689546365283327,0.12298487884277753,,CYP
1999,-0.03689546365283327,0.12298487884277753,,CYP
2000,-0.03689546365283327,0.12298487884277753,,CYP
2001,-0.03689546365283327,0.12298487884277753,,CYP
2002,-0.03689546365283327,0.12298487884277753,,CYP
2003,-0.03689546365283327,0.12298487884277753,,CYP
2004,-1.5320818193532728,5.242126480221718,0.023460875907285628,CYP
2005,-1.535742480413682,5.11914160137894,0.0,CYP
2006,-1.535742480413682,5.11914160137894,0.0,CYP
2007,-1.535742480413682,5.11914160137894,0.0,CYP
2008,-1.535742480413682,5.11914160137894,0.0,CYP
2009,-1.535742480413682,5.11914160137894,0.0,CYP
2010,-1.535742480413682,5.11914160137894,0.0,CYP
2011,-1.535742480413682,5.11914160137894,0.0,CYP
2012,-1.535742480413682,5.11914160137894,0.0,CYP
2013,-1.535742480413682,5.11914160137894,0.0,CYP
2014,-0.0,0.0,,CYP
2015,-0.0,0.0,,CYP
2016,-0.0,0.0,,CYP
2017,-0.0,0.0,,CYP
2018,-0.0,0.0,,CYP
2019,-0.0,0.0,,CYP
2020,-0.0,0.0,,CYP
2021,-0.0,0.0,,CYP
2022,-0.0,0.0,,CYP
2023,-0.0,0.0,,CYP
1948,,,,CZE
1949,,,,CZE
1950,,,,CZE
1951,,,,CZE
1952,,,,CZE
1953,,,,CZE
1954,,,,CZE
1955,,,,CZE
1956,-0.0,0.0,,CZE
1957,-0.0,0.0,,CZE
1958,-0.0,0.0,,CZE
1959,-0.0,0.0,,CZE
1960,-0.0,0.0,,CZE
1961,-0.0,0.0,,CZE
1962,-0.0,0.0,,CZE
1963,-0.0,0.0,,CZE
1964,-0.0,0.0,,CZE
1965,-0.0,0.0,,CZE
1966,-0.0,0.0,,CZE
1967,-0.0,0.0,,CZE
1968,-0.0,0.0,,CZE
1969,-0.0,0.0,,CZE
1970,-0.0,0.0,,CZE
1971,-0.0,0.0,,CZE
1972,-0.0,0.0,,CZE
1973,-0.0,0.0,,CZE
1974,-0.0,0.0,,CZE
1975,-0.0,0.0,,CZE
1976,-0.0,0.0,,CZE
1977,-0.0,0.0,,CZE
1978,-0.0,0.0,,CZE
1979,-0.0,0.0,,CZE
1980,-0.0,0.0,,CZE
1981,-0.0,0.0,,CZE
1982,-0.0,0.0,,CZE
1983,-0.0,0.0,,CZE
1984,-0.0,0.0,,CZE
1985,-0.0,0.0,,CZE
1986,-0.0,0.0,,CZE
1987,-0.0,0.0,,CZE
1988,-0.0,0.0,,CZE
1989,-0.0,0.0,,CZE
1990,-0.0,0.0,,CZE
1991,-0.0,0.0,,CZE
1992,-0.4571428571428571,1.5238095238095235,0.0,CZE
1993,-1.0554962134938717,4.868850235649137,0.312971122556281,CZE
1994,-1.0550084099197763,4.879528045126661,0.31447453915539825,CZE
1995,-1.0454068292497036,5.686021288095509,0.4117080217685908,CZE
1996,-1.0454068292497036,5.686021288095509,0.4117080217685908,CZE
1997,-1.0453744025310974,5.686617743767907,0.41176972630074904,CZE
1998,-1.0453741455121226,5.686622468580459,0.41177021504038236,CZE
1999,-1.045374083219433,5.686623613710537,0.4117703334937328,CZE
2000,-1.045374083219433,5.686623613710537,0.4117703334937328,CZE
2001,-1.045374083219433,5.686623613710537,0.4117703334937328,CZE
2002,-1.0053328290426646,4.162814089901013,0.19644724948090242,CZE
2003,-0.2415927042271482,0.8177736544721084,0.013794051008578667,CZE
2004,-0.24961781843739939,1.1204719548733388,0.28022005418242135,CZE
2005,-0.09399291402701755,0.31397871190449056,,CZE
2006,-0.09399291402701755,0.31397871190449056,,CZE
2007,-0.09401262809556096,0.31338225623209315,,CZE
2008,-0.0940127855795529,0.3133775314195413,,CZE
2009,-0.09401282374997298,0.3133763862894634,,CZE
2010,-0.09401282374997298,0.3133763862894634,,CZE
2011,-0.09401282374997298,0.3133763862894634,,CZE
2012,-0.09401282374997298,0.3133763862894634,,CZE
2013,-0.09401283296362714,0.31337610987875486,,CZE
2014,-0.0,0.0,,CZE
2015,-0.0,0.0,,CZE
2016,-0.0,0.0,,CZE
2017,-0.0,0.0,,CZE
2018,-0.0,0.0,,CZE
2019,-0.0,0.0,,CZE
2020,-0.0,0.0,,CZE
2021,-0.0,0.0,,CZE
2022,-0.0,0.0,,CZE
2023,-0.0,0.0,,CZE
1948,,,,DEU
1949,,,,DEU
1950,,,,DEU
1951,,,,DEU
1952,,,,DEU
1953,,,,DEU
1954,,,,DEU
1955,,,,DEU
1956,-0.0,0.0,,DEU
1957,-0.0,0.0,,DEU
1958,-1.5,5.0,0.0,DEU
1959,-1.5,5.0,0.0,DEU
1960,-1.5,5.0,0.0,DEU
1961,-1.5,5.0,0.0,DEU
1962,-1.5,5.0,0.0,DEU
1963,-1.5,5.0,0.0,DEU
1964,-1.5,5.0,0.0,DEU
1965,-1.5,5.0,0.0,DEU
1966,-1.5,5.0,0.0,DEU
1967,-1.5,5.0,0.0,DEU
1968,-0.0,0.0,,DEU
1969,-0.0,0.0,,DEU
1970,-0.0,0.0,,DEU
1971,-0.0,0.0,,DEU
1972,-0.0,0.0,,DEU
1973,-0.3,1.0,0.0,DEU
1974,-0.3,1.0,0.0,DEU
1975,-0.3,1.0,0.0,DEU
1976,-0.3,1.0,0.0,DEU
1977,-0.3,1.0,0.0,DEU
1978,-0.3,1.0,0.0,DEU
1979,-0.3,1.0,0.0,DEU
1980,-0.3,1.0,0.0,DEU
1981,-0.3,1.0,0.0,DEU
1982,-0.3,1.0,0.0,DEU
1983,-0.0,0.0,,DEU
1984,-0.0,0.0,,DEU
1985,-0.0,0.0,,DEU
1986,-0.0,0.0,,DEU
1987,-0.0,0.0,,DEU
1988,-0.0,0.0,,DEU
1989,-0.0,0.0,,DEU
1990,-0.0,0.0,,DEU
1991,-0.0,0.0,,DEU
1992,-0.0,0.0,,DEU
1993,-0.0,0.0,,DEU
1994,-0.0,0.0,,DEU
1995,-0.0,0.0,,DEU
1996,-0.0,0.0,,DEU
1997,-0.0,0.0,,DEU
1998,-0.0,0.0,,DEU
1999,-0.0,0.0,,DEU
2000,-0.0,0.0,,DEU
2001,-0.0,0.0,,DEU
2002,-0.0,0.0,,DEU
2003,-0.0,0.0,,DEU
2004,-0.0,0.0,,DEU
2005,-0.0,0.0,,DEU
2006,-0.0,0.0,,DEU
2007,-0.0,0.0,,DEU
2008,-0.0,0.0,,DEU
2009,-0.0,0.0,,DEU
2010,-0.0,0.0,,DEU
2011,-0.0,0.0,,DEU
2012,-0.0,0.0,,DEU
2013,-0.0,0.0,,DEU
2014,-0.0,0.0,,DEU
2015,-0.0,0.0,,DEU
2016,-0.0,0.0,,DEU
2017,-0.0,0.0,,DEU
2018,-0.0,0.0,,DEU
2019,-0.0,0.0,,DEU
2020,-0.0,0.0,,DEU
2021,-0.0,0.0,,DEU
2022,-0.0,0.0,,DEU
2023,-0.0,0.0,,DEU
1948,,,,DJI
1949,,,,DJI
1950,,,,DJI
1951,,,,DJI
1952,,,,DJI
1953,,,,DJI
1954,,,,DJI
1955,,,,DJI
1956,-0.0,0.0,,DJI
1957,-0.0,0.0,,DJI
1958,-0.0,0.0,,DJI
1959,-0.0,0.0,,DJI
1960,-0.0,0.0,,DJI
1961,-0.0,0.0,,DJI
1962,-0.0,0.0,,DJI
1963,-0.0,0.0,,DJI
1964,-0.0,0.0,,DJI
1965,-0.0,0.0,,DJI
1966,-0.0,0.0,,DJI
1967,-0.0,0.0,,DJI
1968,-0.0,0.0,,DJI
1969,-0.0,0.0,,DJI
1970,-0.0,0.0,,DJI
1971,-0.0,0.0,,DJI
1972,-0.0,0.0,,DJI
1973,-0.0,0.0,,DJI
1974,-0.0,0.0,,DJI
1975,-0.0,0.0,,DJI
1976,-0.0,0.0,,DJI
1977,-0.0,0.0,,DJI
1978,-0.0,0.0,,DJI
1979,-0.0,0.0,,DJI
1980,-0.0,0.0,,DJI
1981,-0.0,0.0,,DJI
1982,-0.2275862068965517,0.7586206896551724,0.0,DJI
1983,-0.2275862068965517,0.7586206896551724,0.0,DJI
1984,-0.2275862068965517,0.7586206896551724,0.0,DJI
1985,-0.2275862068965517,0.7586206896551724,0.0,DJI
1986,-0.2275862068965517,0.7586206896551724,0.0,DJI
1987,-0.2275862068965517,0.7586206896551724,0.0,DJI
1988,-0.2275862068965517,0.7586206896551724,0.0,DJI
1989,-0.2275862068965517,0.7586206896551724,0.0,DJI
1990,-0.2275862068965517,0.7586206896551724,0.0,DJI
1991,-0.2275862068965517,0.7586206896551724,0.0,DJI
1992,-0.0,0.0,,DJI
1993,-0.0,0.0,,DJI
1994,-0.6724137931034483,2.2413793103448274,0.0,DJI
1995,-0.6724137931034483,2.2413793103448274,0.0,DJI
1996,-0.6724137931034483,2.2413793103448274,0.0,DJI
1997,-0.6724137931034483,2.2413793103448274,0.0,DJI
1998,-0.6724137931034483,2.2413793103448274,0.0,DJI
1999,-0.6724137931034483,2.2413793103448274,0.0,DJI
2000,-0.6724137931034483,2.2413793103448274,0.0,DJI
2001,-0.6724137931034483,2.2413793103448274,0.0,DJI
2002,-0.6724137931034483,2.2413793103448274,0.0,DJI
2003,-0.6724137931034483,2.2413793103448274,0.0,DJI
2004,-0.0,0.0,,DJI
2005,-0.0,0.0,,DJI
2006,-0.0,0.0,,DJI
2007,-0.0,0.0,,DJI
2008,-0.0,0.0,,DJI
2009,-0.0,0.0,,DJI
2010,-0.0,0.0,,DJI
2011,-0.0,0.0,,DJI
2012,-0.0,0.0,,DJI
2013,-0.0,0.0,,DJI
2014,-0.0,0.0,,DJI
2015,-0.0,0.0,,DJI
2016,-0.0,0.0,,DJI
2017,-0.0,0.0,,DJI
2018,-0.0,0.0,,DJI
2019,-0.0,0.0,,DJI
2020,-0.3,1.0,0.0,DJI
2021,-0.3,1.0,0.0,DJI
2022,-0.3,1.0,0.0,DJI
2023,-0.3,1.0,0.0,DJI
1948,,,,DMA
1949,,,,DMA
1950,,,,DMA
1951,,,,DMA
1952,,,,DMA
1953,,,,DMA
1954,,,,DMA
1955,,,,DMA
1956,-0.0,0.0,,DMA
1957,-0.0,0.0,,DMA
1958,-0.0,0.0,,DMA
1959,-0.0,0.0,,DMA
1960,-0.0,0.0,,DMA
1961,-0.0,0.0,,DMA
1962,-0.0,0.0,,DMA
1963,-0.0,0.0,,DMA
1964,-0.0,0.0,,DMA
1965,-0.0,0.0,,DMA
1966,-0.0,0.0,,DMA
1967,-0.0,0.0,,DMA
1968,-0.15238095238095237,0.5079365079365079,0.0,DMA
1969,-0.15238095238095237,0.5079365079365079,0.0,DMA
1970,-0.15238095238095237,0.5079365079365079,0.0,DMA
1971,-0.15238095238095237,0.5079365079365079,0.0,DMA
1972,-0.15238095238095237,0.5079365079365079,0.0,DMA
1973,-0.2594394213280809,1.2665571975916805,0.40103716508210885,DMA
1974,-0.6802002797219433,3.507936507936508,0.36105476673427994,DMA
1975,-0.6802002797219433,3.507936507936508,0.36105476673427994,DMA
1976,-0.6802002797219433,3.507936507936508,0.36105476673427994,DMA
1977,-0.6802002797219433,3.507936507936508,0.36105476673427994,DMA
1978,-0.6855134253692442,3.0,0.25287356321839083,DMA
1979,-0.6855134253692442,3.0,0.25287356321839083,DMA
1980,-0.6855134253692442,3.0,0.25287356321839083,DMA
1981,-0.6855134253692442,3.0,0.25287356321839083,DMA
1982,-0.6855134253692442,3.0,0.25287356321839083,DMA
1983,-0.6724137931034482,2.2413793103448274,0.0,DMA
1984,-0.0,0.0,,DMA
1985,-0.0,0.0,,DMA
1986,-0.0,0.0,,DMA
1987,-0.0,0.0,,DMA
1988,-0.0,0.0,,DMA
1989,-0.0,0.0,,DMA
1990,-0.0,0.0,,DMA
1991,-0.0,0.0,,DMA
1992,-0.0,0.0,,DMA
1993,-0.07498110355253215,0.24993701184177386,,DMA
1994,-0.07498110355253215,0.24993701184177386,,DMA
1995,-0.07980395770711726,0.3729218906845513,,DMA
1996,-0.07980395770711726,0.3729218906845513,,DMA
1997,-0.07980395770711726,0.3729218906845513,,DMA
1998,-0.07980395770711726,0.3729218906845513,,DMA
1999,-0.07980395770711726,0.3729218906845513,,DMA
2000,-0.07980395770711726,0.3729218906845513,,DMA
2001,-0.1847051970528602,0.9711526634101375,0.3839992461896372,DMA
2002,-0.1847051970528602,0.9711526634101375,0.3839992461896372,DMA
2003,-0.1791619759472156,0.7212156515683636,0.17052441745452018,DMA
2004,-0.1791619759472156,0.7212156515683636,0.17052441745452018,DMA
2005,-0.1787584978954828,0.6248344275806814,0.04257712712486539,DMA
2006,-0.17869479971300886,0.626680997503986,0.0453982566755885,DMA
2007,-0.17869479971300886,0.626680997503986,0.0453982566755885,DMA
2008,-0.46227197223683025,2.119141601378941,0.2957239842284254,DMA
2009,-0.46227197223683025,2.119141601378941,0.2957239842284254,DMA
2010,-0.46227197223683025,2.119141601378941,0.2957239842284254,DMA
2011,-0.4468593563437407,1.5209108286533546,0.018706043932628313,DMA
2012,-0.4468593563437407,1.5209108286533546,0.018706043932628313,DMA
2013,-0.4468593563437407,1.5209108286533546,0.018706043932628313,DMA
2014,-0.4468593563437407,1.5209108286533546,0.018706043932628313,DMA
2015,-0.4476769673517706,1.4943071737982594,0.0012357365043030866,DMA
2016,-0.4477381811624865,1.4924606038749548,0.0,DMA
2017,-0.4477381811624865,1.4924606038749548,0.0,DMA
2018,-0.0,0.0,,DMA
2019,-0.0,0.0,,DMA
2020,-0.0,0.0,,DMA
2021,-0.0,0.0,,DMA
2022,-0.0,0.0,,DMA
2023,-0.0,0.0,,DMA
1948,,,,DNK
1949,,,,DNK
1950,,,,DNK
1951,,,,DNK
1952,,,,DNK
1953,,,,DNK
1954,,,,DNK
1955,,,,DNK
1956,-0.0,0.0,,DNK
1957,-0.0,0.0,,DNK
1958,-0.0,0.0,,DNK
1959,-0.0,0.0,,DNK
1960,-1.8000000000000003,6.0,0.0,DNK
1961,-1.8000000000000003,6.0,0.0,DNK
1962,-1.8000000000000003,6.0,0.0,DNK
1963,-1.8000000000000003,6.0,0.0,DNK
1964,-1.8000000000000003,6.0,0.0,DNK
1965,-1.8000000000000003,6.0,0.0,DNK
1966,-1.8000000000000003,6.0,0.0,DNK
1967,-1.8000000000000003,6.0,0.0,DNK
1968,-1.8000000000000003,6.0,0.0,DNK
1969,-1.8000000000000003,6.0,0.0,DNK
1970,-0.0,0.0,,DNK
1971,-0.0,0.0,,DNK
1972,-0.0,0.0,,DNK
1973,-0.0,0.0,,DNK
1974,-0.0,0.0,,DNK
1975,-0.0,0.0,,DNK
1976,-0.0,0.0,,DNK
1977,-0.0,0.0,,DNK
1978,-0.0,0.0,,DNK
1979,-0.0,0.0,,DNK
1980,-0.0,0.0,,DNK
1981,-0.0,0.0,,DNK
1982,-0.0,0.0,,DNK
1983,-0.0,0.0,,DNK
1984,-0.0,0.0,,DNK
1985,-0.0,0.0,,DNK
1986,-0.0,0.0,,DNK
1987,-0.0,0.0,,DNK
1988,-0.0,0.0,,DNK
1989,-0.0,0.0,,DNK
1990,-0.0,0.0,,DNK
1991,-0.0,0.0,,DNK
1992,-0.0,0.0,,DNK
1993,-0.0,0.0,,DNK
1994,-0.0,0.0,,DNK
1995,-0.0,0.0,,DNK
1996,-0.0,0.0,,DNK
1997,-0.0,0.0,,DNK
1998,-0.0,0.0,,DNK
1999,-0.0,0.0,,DNK
2000,-0.0,0.0,,DNK
2001,-0.0,0.0,,DNK
2002,-0.0,0.0,,DNK
2003,-0.0,0.0,,DNK
2004,-0.0,0.0,,DNK
2005,-0.0,0.0,,DNK
2006,-0.0,0.0,,DNK
2007,-0.0,0.0,,DNK
2008,-0.0,0.0,,DNK
2009,-0.0,0.0,,DNK
2010,-0.0,0.0,,DNK
2011,-0.0,0.0,,DNK
2012,-0.0,0.0,,DNK
2013,-0.0,0.0,,DNK
2014,-0.0,0.0,,DNK
2015,-0.0,0.0,,DNK
2016,-0.0,0.0,,DNK
2017,-0.0,0.0,,DNK
2018,-0.0,0.0,,DNK
2019,-0.0,0.0,,DNK
2020,-0.0,0.0,,DNK
2021,-0.0,0.0,,DNK
2022,-0.0,0.0,,DNK
2023,-0.0,0.0,,DNK
1948,,,,DOM
1949,,,,DOM
1950,,,,DOM
1951,,,,DOM
1952,,,,DOM
1953,,,,DOM
1954,,,,DOM
1955,,,,DOM
1956,-0.0,0.0,,DOM
1957,-0.0,0.0,,DOM
1958,-0.0,0.0,,DOM
1959,-0.0,0.0,,DOM
1960,-0.0,0.0,,DOM
1961,-0.0,0.0,,DOM
1962,-0.0,0.0,,DOM
1963,-0.0,0.0,,DOM
1964,-0.0,0.0,,DOM
1965,-0.0,0.0,,DOM
1966,-0.0,0.0,,DOM
1967,-0.0,0.0,,DOM
1968,-0.0,0.0,,DOM
1969,-0.0,0.0,,DOM
1970,-0.0,0.0,,DOM
1971,-0.0,0.0,,DOM
1972,-0.0,0.0,,DOM
1973,-0.0,0.0,,DOM
1974,-0.0,0.0,,DOM
1975,-0.0,0.0,,DOM
1976,-0.0,0.0,,DOM
1977,-0.0,0.0,,DOM
1978,-0.0,0.0,,DOM
1979,-0.0,0.0,,DOM
1980,-0.0,0.0,,DOM
1981,-0.0,0.0,,DOM
1982,-0.0,0.0,,DOM
1983,-0.0,0.0,,DOM
1984,-0.0,0.0,,DOM
1985,-0.0,0.0,,DOM
1986,-0.0,0.0,,DOM
1987,-0.0,0.0,,DOM
1988,-0.0,0.0,,DOM
1989,-0.0,0.0,,DOM
1990,-0.0,0.0,,DOM
1991,-0.0,0.0,,DOM
1992,-0.0,0.0,,DOM
1993,-0.0,0.0,,DOM
1994,-0.0,0.0,,DOM
1995,-0.0,0.0,,DOM
1996,-0.0,0.0,,DOM
1997,-0.0,0.0,,DOM
1998,-0.0,0.0,,DOM
1999,-0.0,0.0,,DOM
2000,-0.0,0.0,,DOM
2001,-1.8000000000000003,6.0,0.0,DOM
2002,-1.8000000000000003,6.0,0.0,DOM
2003,-1.8000000000000003,6.0,0.0,DOM
2004,-1.8000000000000003,6.0,0.0,DOM
2005,-1.8000000000000003,6.0,0.0,DOM
2006,-1.8000000000000003,6.0,0.0,DOM
2007,-1.8000000000000003,6.0,0.0,DOM
2008,-1.8000000000000003,6.0,0.0,DOM
2009,-1.8000000000000003,6.0,0.0,DOM
2010,-1.8000000000000003,6.0,0.0,DOM
2011,-0.0,0.0,,DOM
2012,-0.0,0.0,,DOM
2013,-0.0,0.0,,DOM
2014,-0.0,0.0,,DOM
2015,-0.0,0.0,,DOM
2016,-0.0,0.0,,DOM
2017,-0.0,0.0,,DOM
2018,-0.0,0.0,,DOM
2019,-0.0,0.0,,DOM
2020,-0.0,0.0,,DOM
2021,-0.0,0.0,,DOM
2022,-0.0,0.0,,DOM
2023,-0.0,0.0,,DOM
1948,,,,DZA
1949,,,,DZA
1950,,,,DZA
1951,,,,DZA
1952,,,,DZA
1953,,,,DZA
1954,,,,DZA
1955,,,,DZA
1956,-0.0,0.0,,DZA
1957,-0.0,0.0,,DZA
1958,-0.0,0.0,,DZA
1959,-0.0,0.0,,DZA
1960,-0.0,0.0,,DZA
1961,-0.0,0.0,,DZA
1962,-0.0,0.0,,DZA
1963,-0.0,0.0,,DZA
1964,-0.0,0.0,,DZA
1965,-0.0,0.0,,DZA
1966,-0.0,0.0,,DZA
1967,-0.0,0.0,,DZA
1968,-0.0,0.0,,DZA
1969,-0.0,0.0,,DZA
1970,-0.0,0.0,,DZA
1971,-0.0,0.0,,DZA
1972,-0.0,0.0,,DZA
1973,-0.0,0.0,,DZA
1974,-0.0,0.0,,DZA
1975,-0.0,0.0,,DZA
1976,-0.0,0.0,,DZA
1977,-0.0,0.0,,DZA
1978,-0.0,0.0,,DZA
1979,-0.0,0.0,,DZA
1980,-0.0,0.0,,DZA
1981,-0.0,0.0,,DZA
1982,-0.0,0.0,,DZA
1983,-0.0,0.0,,DZA
1984,-0.0,0.0,,DZA
1985,-0.0,0.0,,DZA
1986,-0.0,0.0,,DZA
1987,-0.0,0.0,,DZA
1988,-0.0,0.0,,DZA
1989,-0.2275862068965517,0.7586206896551724,0.0,DZA
1990,-0.2275862068965517,0.7586206896551724,0.0,DZA
1991,-0.2275862068965517,0.7586206896551724,0.0,DZA
1992,-0.2275862068965517,0.7586206896551724,0.0,DZA
1993,-0.2275862068965517,0.7586206896551724,0.0,DZA
1994,-0.30344827586206896,1.5172413793103448,0.5,DZA
1995,-0.30344827586206896,1.5172413793103448,0.5,DZA
1996,-0.30344827586206896,1.5172413793103448,0.5,DZA
1997,-0.30344827586206896,1.5172413793103448,0.5,DZA
1998,-0.3160499406962688,2.0251778872468527,0.6254054054054055,DZA
1999,-0.25943942132808084,1.2665571975916803,0.40103716508210885,DZA
2000,-0.25943942132808084,1.2665571975916803,0.40103716508210885,DZA
2001,-0.25943942132808084,1.2665571975916803,0.40103716508210885,DZA
2002,-0.25943942132808084,1.2665571975916803,0.40103716508210885,DZA
2003,-0.25943942132808084,1.2665571975916803,0.40103716508210885,DZA
2004,-0.4582565907588755,2.0060774210595853,0.25319885593858193,DZA
2005,-0.45525769222881346,2.367697641468604,0.36725834967938287,DZA
2006,-0.45525769222881346,2.367697641468604,0.36725834967938287,DZA
2007,-0.451455284002486,2.454985280877677,0.38975564342793945,DZA
2008,-0.4476287098650345,1.947048772941169,0.23055809698078655,DZA
2009,-0.4476287098650345,1.947048772941169,0.23055809698078655,DZA
2010,-0.4472507349561818,1.9559165355418897,0.2340466037790232,DZA
2011,-0.4472507349561818,1.9559165355418897,0.2340466037790232,DZA
2012,-0.4472507349561818,1.9559165355418897,0.2340466037790232,DZA
2013,-0.44664380804706055,1.9702586975642236,0.23962223083943868,DZA
2014,-0.1078810133381829,0.47211778444114616,,DZA
2015,-0.025850523501319746,0.1104975640321273,,DZA
2016,-0.025850523501319746,0.1104975640321273,,DZA
2017,-0.004800674587150954,0.0232099246230546,,DZA
2018,-0.004800674587150954,0.0232099246230546,,DZA
2019,-0.004800674587150954,0.0232099246230546,,DZA
2020,-0.004293739716466171,0.017235174013031873,,DZA
2021,-0.004293739716466171,0.017235174013031873,,DZA
2022,-0.004293739716466171,0.017235174013031873,,DZA
2023,-0.0008679035972291107,0.0028930119906980245,,DZA
1948,,,,ECU
1949,,,,ECU
1950,,,,ECU
1951,,,,ECU
1952,,,,ECU
1953,,,,ECU
1954,,,,ECU
1955,,,,ECU
1956,-0.0,0.0,,ECU
1957,-0.0,0.0,,ECU
1958,-0.0,0.0,,ECU
1959,-0.0,0.0,,ECU
1960,-0.0,0.0,,ECU
1961,-0.0,0.0,,ECU
1962,-0.0,0.0,,ECU
1963,-0.0,0.0,,ECU
1964,-0.0,0.0,,ECU
1965,-0.0,0.0,,ECU
1966,-0.0,0.0,,ECU
1967,-0.0,0.0,,ECU
1968,-0.0,0.0,,ECU
1969,-0.4551724137931034,1.5172413793103448,0.0,ECU
1970,-0.4551724137931034,1.5172413793103448,0.0,ECU
1971,-0.4551724137931034,1.5172413793103448,0.0,ECU
1972,-0.4551724137931034,1.5172413793103448,0.0,ECU
1973,-0.4551724137931034,1.5172413793103448,0.0,ECU
1974,-0.4551724137931034,1.5172413793103448,0.0,ECU
1975,-0.4551724137931034,1.5172413793103448,0.0,ECU
1976,-0.4551724137931034,1.5172413793103448,0.0,ECU
1977,-0.4551724137931034,1.5172413793103448,0.0,ECU
1978,-0.4551724137931034,1.5172413793103448,0.0,ECU
1979,-0.0,0.0,,ECU
1980,-0.0,0.0,,ECU
1981,-0.0,0.0,,ECU
1982,-0.0,0.0,,ECU
1983,-0.0,0.0,,ECU
1984,-0.0,0.0,,ECU
1985,-0.0,0.0,,ECU
1986,-0.0,0.0,,ECU
1987,-0.0,0.0,,ECU
1988,-0.07241379310344828,0.24137931034482762,,ECU
1989,-0.07241379310344828,0.24137931034482762,,ECU
1990,-0.07241379310344828,0.24137931034482762,,ECU
1991,-0.07241379310344828,0.24137931034482762,,ECU
1992,-0.07241379310344828,0.24137931034482762,,ECU
1993,-0.16128113591012935,0.7493158182813358,0.32213294375456536,ECU
1994,-0.23254734647710248,1.3971823745716825,0.5363049462394232,ECU
1995,-0.23254734647710248,1.3971823745716825,0.5363049462394232,ECU
1996,-0.23254734647710248,1.3971823745716825,0.5363049462394232,ECU
1997,-0.23079198168932205,1.4296924909273603,0.5468490179520265,ECU
1998,-0.23185742537281173,1.1883131805825327,0.4548015061376742,ECU
1999,-0.23146686068030028,1.1961604500476961,0.45837821651391875,ECU
2000,-0.23146686068030028,1.1961604500476961,0.45837821651391875,ECU
2001,-0.23034006319307582,1.2200608112024194,0.46898830751571474,ECU
2002,-0.23034006319307582,1.2200608112024194,0.46898830751571474,ECU
2003,-0.2794444973420081,1.4709699707879005,0.48411885858177905,ECU
2004,-0.2257845297153871,0.8231034144975538,0.07806764720419646,ECU
2005,-0.22525321678457783,0.8390510911525646,0.09559063146011881,ECU
2006,-0.22525321678457783,0.8390510911525646,0.09559063146011881,ECU
2007,-0.22620412197975973,0.8065409747968868,0.05913562827593333,ECU
2008,-0.22620412197975973,0.8065409747968868,0.05913562827593333,ECU
2009,-0.22646879239251944,0.7986937053317233,0.04989151353482113,ECU
2010,-0.2263058439150937,0.8034393175929253,0.05550344511958538,ECU
2011,-0.2270144263880258,0.779538956438202,0.026545548167037913,ECU
2012,-0.2270144263880258,0.779538956438202,0.026545548167037913,ECU
2013,-0.004837644114748249,0.020693288916212804,,ECU
2014,-0.004837644114748249,0.020693288916212804,,ECU
2015,-0.0014236836783648914,0.004745612261201959,,ECU
2016,-0.0014236836783648914,0.004745612261201959,,ECU
2017,-0.6723771643752916,2.246525154965408,0.00211242338004225,ECU
2018,-0.6723771643752916,2.246525154965408,0.00211242338004225,ECU
2019,-0.6723771643752916,2.246525154965408,0.00211242338004225,ECU
2020,-0.6725338628112618,2.241779542704206,0.0,ECU
2021,-0.6725338628112618,2.241779542704206,0.0,ECU
2022,-0.6725338628112618,2.241779542704206,0.0,ECU
2023,-0.6725338628112618,2.241779542704206,0.0,ECU
1948,,,,EGY
1949,,,,EGY
1950,,,,EGY
1951,,,,EGY
1952,,,,EGY
1953,,,,EGY
1954,,,,EGY
1955,,,,EGY
1956,-0.0,0.0,,EGY
1957,-0.0,0.0,,EGY
1958,-0.0,0.0,,EGY
1959,-0.0,0.0,,EGY
1960,-0.0,0.0,,EGY
1961,-0.0,0.0,,EGY
1962,-0.0,0.0,,EGY
1963,-0.0,0.0,,EGY
1964,-0.0,0.0,,EGY
1965,-0.0,0.0,,EGY
1966,-0.0,0.0,,EGY
1967,-0.0,0.0,,EGY
1968,-0.0,0.0,,EGY
1969,-0.0,0.0,,EGY
1970,-0.0,0.0,,EGY
1971,-0.0,0.0,,EGY
1972,-0.0,0.0,,EGY
1973,-0.0,0.0,,EGY
1974,-0.0,0.0,,EGY
1975,-0.0,0.0,,EGY
1976,-0.0,0.0,,EGY
1977,-0.0,0.0,,EGY
1978,-0.15238095238095237,0.5079365079365079,0.0,EGY
1979,-0.15238095238095237,0.5079365079365079,0.0,EGY
1980,-0.15238095238095237,0.5079365079365079,0.0,EGY
1981,-0.1621822366305931,0.7578735197782817,0.32978723404255317,EGY
1982,-0.1621822366305931,0.7578735197782817,0.32978723404255317,EGY
1983,-0.1621822366305931,0.7578735197782817,0.32978723404255317,EGY
1984,-0.1621822366305931,0.7578735197782817,0.32978723404255317,EGY
1985,-0.1621822366305931,0.7578735197782817,0.32978723404255317,EGY
1986,-0.16062444850176955,0.8808583986210592,0.423361906145576,EGY
1987,-0.16062444850176955,0.8808583986210592,0.423361906145576,EGY
1988,-0.07980395770711726,0.3729218906845513,,EGY
1989,-0.07980395770711726,0.3729218906845513,,EGY
1990,-0.07980395770711726,0.3729218906845513,,EGY
1991,-0.03689546365283331,0.12298487884277753,,EGY
1992,-0.03689546365283331,0.12298487884277753,,EGY
1993,-0.03689546365283331,0.12298487884277753,,EGY
1994,-0.043291825015976726,0.21336816264749114,,EGY
1995,-0.04279078036609605,0.22797556205027314,,EGY
1996,-0.026981863821089462,0.1049906832074956,,EGY
1997,-0.026981863821089462,0.1049906832074956,,EGY
1998,-0.026981863821089462,0.1049906832074956,,EGY
1999,-0.6013410282535212,2.1191416013789413,0.04954396777411085,EGY
2000,-0.6013410282535212,2.1191416013789413,0.04954396777411085,EGY
2001,-0.6013410282535212,2.1191416013789413,0.04954396777411085,EGY
2002,-0.6013410282535212,2.1191416013789413,0.04954396777411085,EGY
2003,-0.6013410282535212,2.1191416013789413,0.04954396777411085,EGY
2004,-0.6400692730640825,2.9974324502392755,0.3280412647795742,EGY
2005,-0.6407346539774079,2.9828250508364933,0.32475056905982336,EGY
2006,-0.6407346539774079,2.9828250508364933,0.32475056905982336,EGY
2007,-0.6668902294766197,4.014150918171445,0.49823737093349096,EGY
2008,-0.6668902294766197,4.014150918171445,0.49823737093349096,EGY
2009,-0.4002452523052053,2.0,0.48433706633252394,EGY
2010,-0.4002452523052053,2.0,0.48433706633252394,EGY
2011,-0.4002452523052053,2.0,0.48433706633252394,EGY
2012,-0.4002452523052053,2.0,0.48433706633252394,EGY
2013,-0.4002452523052053,2.0,0.48433706633252394,EGY
2014,-0.30939776020048576,1.0313258673349521,0.0,EGY
2015,-0.30939776020048576,1.0313258673349521,0.0,EGY
2016,-0.30939776020048576,1.0313258673349521,0.0,EGY
2017,-0.0,0.0,,EGY
2018,-0.0,0.0,,EGY
2019,-0.0,0.0,,EGY
2020,-0.0,0.0,,EGY
2021,-0.0,0.0,,EGY
2022,-0.0,0.0,,EGY
2023,-0.0,0.0,,EGY
1948,,,,ERI
1949,,,,ERI
1950,,,,ERI
1951,,,,ERI
1952,,,,ERI
1953,,,,ERI
1954,,,,ERI
1955,,,,ERI
1956,-0.0,0.0,,ERI
1957,-0.0,0.0,,ERI
1958,-0.0,0.0,,ERI
1959,-0.0,0.0,,ERI
1960,-0.0,0.0,,ERI
1961,-0.0,0.0,,ERI
1962,-0.0,0.0,,ERI
1963,-0.0,0.0,,ERI
1964,-0.0,0.0,,ERI
1965,-0.0,0.0,,ERI
1966,-0.0,0.0,,ERI
1967,-0.0,0.0,,ERI
1968,-0.0,0.0,,ERI
1969,-0.0,0.0,,ERI
1970,-0.0,0.0,,ERI
1971,-0.0,0.0,,ERI
1972,-0.0,0.0,,ERI
1973,-0.0,0.0,,ERI
1974,-0.0,0.0,,ERI
1975,-0.0,0.0,,ERI
1976,-0.0,0.0,,ERI
1977,-0.0,0.0,,ERI
1978,-0.0,0.0,,ERI
1979,-0.0,0.0,,ERI
1980,-0.0,0.0,,ERI
1981,-0.0,0.0,,ERI
1982,-0.0,0.0,,ERI
1983,-0.0,0.0,,ERI
1984,-0.0,0.0,,ERI
1985,-0.0,0.0,,ERI
1986,-0.0,0.0,,ERI
1987,-0.0,0.0,,ERI
1988,-0.0,0.0,,ERI
1989,-0.0,0.0,,ERI
1990,-0.0,0.0,,ERI
1991,-0.0,0.0,,ERI
1992,-0.0,0.0,,ERI
1993,-0.0,0.0,,ERI
1994,-0.9000000000000001,3.0,0.0,ERI
1995,-0.9000000000000001,3.0,0.0,ERI
1996,-0.9000000000000001,3.0,0.0,ERI
1997,-0.9000000000000001,3.0,0.0,ERI
1998,-0.9000000000000001,3.0,0.0,ERI
1999,-0.9000000000000001,3.0,0.0,ERI
2000,-0.9000000000000001,3.0,0.0,ERI
2001,-0.9000000000000001,3.0,0.0,ERI
2002,-0.9000000000000001,3.0,0.0,ERI
2003,-0.9000000000000001,3.0,0.0,ERI
2004,-0.0,0.0,,ERI
2005,-0.0,0.0,,ERI
2006,-0.0,0.0,,ERI
2007,-0.0,0.0,,ERI
2008,-0.0,0.0,,ERI
2009,-0.0,0.0,,ERI
2010,-0.0,0.0,,ERI
2011,-0.0,0.0,,ERI
2012,-0.0,0.0,,ERI
2013,-0.0,0.0,,ERI
2014,-0.0,0.0,,ERI
2015,-0.0,0.0,,ERI
2016,-0.0,0.0,,ERI
2017,-0.0,0.0,,ERI
2018,-0.0,0.0,,ERI
2019,-0.0,0.0,,ERI
2020,-0.0,0.0,,ERI
2021,-0.0,0.0,,ERI
2022,-0.0,0.0,,ERI
2023,-0.0,0.0,,ERI
1948,,,,ESH
1949,,,,ESH
1950,,,,ESH
1951,,,,ESH
1952,,,,ESH
1953,,,,ESH
1954,,,,ESH
1955,,,,ESH
1956,-0.0,0.0,,ESH
1957,-0.0,0.0,,ESH
1958,-0.0,0.0,,ESH
1959,-0.0,0.0,,ESH
1960,-0.0,0.0,,ESH
1961,-0.0,0.0,,ESH
1962,-0.0,0.0,,ESH
1963,-0.0,0.0,,ESH
1964,-0.0,0.0,,ESH
1965,-0.0,0.0,,ESH
1966,-0.0,0.0,,ESH
1967,-0.0,0.0,,ESH
1968,-0.0,0.0,,ESH
1969,-0.0,0.0,,ESH
1970,-0.0,0.0,,ESH
1971,-0.0,0.0,,ESH
1972,-0.0,0.0,,ESH
1973,-0.0,0.0,,ESH
1974,-0.0,0.0,,ESH
1975,-0.0,0.0,,ESH
1976,-0.0,0.0,,ESH
1977,-0.0,0.0,,ESH
1978,-0.0,0.0,,ESH
1979,-0.0,0.0,,ESH
1980,-0.0,0.0,,ESH
1981,-0.0,0.0,,ESH
1982,-0.0,0.0,,ESH
1983,-0.0,0.0,,ESH
1984,-0.0,0.0,,ESH
1985,-0.0,0.0,,ESH
1986,-0.0,0.0,,ESH
1987,-0.0,0.0,,ESH
1988,-0.0,0.0,,ESH
1989,-0.0,0.0,,ESH
1990,-0.0,0.0,,ESH
1991,-0.0,0.0,,ESH
1992,-0.0,0.0,,ESH
1993,-0.0,0.0,,ESH
1994,-0.2275862068965517,0.7586206896551724,0.0,ESH
1995,-0.2275862068965517,0.7586206896551724,0.0,ESH
1996,-0.2275862068965517,0.7586206896551724,0.0,ESH
1997,-0.2275862068965517,0.7586206896551724,0.0,ESH
1998,-0.2275862068965517,0.7586206896551724,0.0,ESH
1999,-0.2275862068965517,0.7586206896551724,0.0,ESH
2000,-0.2275862068965517,0.7586206896551724,0.0,ESH
2001,-0.2275862068965517,0.7586206896551724,0.0,ESH
2002,-0.2275862068965517,0.7586206896551724,0.0,ESH
2003,-0.2275862068965517,0.7586206896551724,0.0,ESH
2004,-0.0,0.0,,ESH
2005,-0.0,0.0,,ESH
2006,-0.0,0.0,,ESH
2007,-0.0,0.0,,ESH
2008,-0.0,0.0,,ESH
2009,-0.0,0.0,,ESH
2010,-0.0,0.0,,ESH
2011,-0.0,0.0,,ESH
2012,-0.0,0.0,,ESH
2013,-0.0,0.0,,ESH
2014,-0.0,0.0,,ESH
2015,-0.0,0.0,,ESH
2016,-0.0,0.0,,ESH
2017,-0.0,0.0,,ESH
2018,-0.0,0.0,,ESH
2019,-0.0,0.0,,ESH
2020,-0.6724137931034483,2.2413793103448274,0.0,ESH
2021,-0.6724137931034483,2.2413793103448274,0.0,ESH
2022,-0.6724137931034483,2.2413793103448274,0.0,ESH
2023,-0.6724137931034483,2.2413793103448274,0.0,ESH
1948,,,,ESP
1949,,,,ESP
1950,,,,ESP
1951,,,,ESP
1952,,,,ESP
1953,,,,ESP
1954,,,,ESP
1955,,,,ESP
1956,-0.0,0.0,,ESP
1957,-0.0,0.0,,ESP
1958,-0.0,0.0,,ESP
1959,-0.0,0.0,,ESP
1960,-0.0,0.0,,ESP
1961,-0.0,0.0,,ESP
1962,-0.0,0.0,,ESP
1963,-0.0,0.0,,ESP
1964,-0.0,0.0,,ESP
1965,-0.0,0.0,,ESP
1966,-0.0,0.0,,ESP
1967,-0.0,0.0,,ESP
1968,-0.0,0.0,,ESP
1969,-0.0,0.0,,ESP
1970,-0.0,0.0,,ESP
1971,-0.0,0.0,,ESP
1972,-0.0,0.0,,ESP
1973,-0.0,0.0,,ESP
1974,-0.0,0.0,,ESP
1975,-0.0,0.0,,ESP
1976,-0.0,0.0,,ESP
1977,-0.0,0.0,,ESP
1978,-0.0,0.0,,ESP
1979,-0.0,0.0,,ESP
1980,-0.15238095238095237,0.5079365079365079,0.0,ESP
1981,-0.15238095238095237,0.5079365079365079,0.0,ESP
1982,-0.15238095238095237,0.5079365079365079,0.0,ESP
1983,-0.15238095238095237,0.5079365079365079,0.0,ESP
1984,-0.15238095238095237,0.5079365079365079,0.0,ESP
1985,-0.15238095238095237,0.5079365079365079,0.0,ESP
1986,-1.637704518432778,6.0,0.08465608465608465,ESP
1987,-1.637704518432778,6.0,0.08465608465608465,ESP
1988,-1.637704518432778,6.0,0.08465608465608465,ESP
1989,-1.637704518432778,6.0,0.08465608465608465,ESP
1990,-1.6476190476190478,5.492063492063492,0.0,ESP
1991,-1.6476190476190478,5.492063492063492,0.0,ESP
1992,-1.6476190476190478,5.492063492063492,0.0,ESP
1993,-1.6476190476190478,5.492063492063492,0.0,ESP
1994,-1.6476190476190478,5.492063492063492,0.0,ESP
1995,-1.6476190476190478,5.492063492063492,0.0,ESP
1996,-0.0,0.0,,ESP
1997,-0.0,0.0,,ESP
1998,-0.0,0.0,,ESP
1999,-0.0,0.0,,ESP
2000,-0.0,0.0,,ESP
2001,-0.0,0.0,,ESP
2002,-0.0,0.0,,ESP
2003,-0.0,0.0,,ESP
2004,-0.0,0.0,,ESP
2005,-0.0,0.0,,ESP
2006,-0.0,0.0,,ESP
2007,-0.0,0.0,,ESP
2008,-0.0,0.0,,ESP
2009,-0.0,0.0,,ESP
2010,-0.0,0.0,,ESP
2011,-0.0,0.0,,ESP
2012,-0.0,0.0,,ESP
2013,-0.0,0.0,,ESP
2014,-0.0,0.0,,ESP
2015,-0.0,0.0,,ESP
2016,-0.0,0.0,,ESP
2017,-0.0,0.0,,ESP
2018,-0.0,0.0,,ESP
2019,-0.0,0.0,,ESP
2020,-0.0,0.0,,ESP
2021,-0.0,0.0,,ESP
2022,-0.0,0.0,,ESP
2023,-0.0,0.0,,ESP
1948,,,,EST
1949,,,,EST
1950,,,,EST
1951,,,,EST
1952,,,,EST
1953,,,,EST
1954,,,,EST
1955,,,,EST
1956,-0.0,0.0,,EST
1957,-0.0,0.0,,EST
1958,-0.0,0.0,,EST
1959,-0.0,0.0,,EST
1960,-0.0,0.0,,EST
1961,-0.0,0.0,,EST
1962,-0.0,0.0,,EST
1963,-0.0,0.0,,EST
1964,-0.0,0.0,,EST
1965,-0.0,0.0,,EST
1966,-0.0,0.0,,EST
1967,-0.0,0.0,,EST
1968,-0.0,0.0,,EST
1969,-0.0,0.0,,EST
1970,-0.0,0.0,,EST
1971,-0.0,0.0,,EST
1972,-0.0,0.0,,EST
1973,-0.0,0.0,,EST
1974,-0.0,0.0,,EST
1975,-0.0,0.0,,EST
1976,-0.0,0.0,,EST
1977,-0.0,0.0,,EST
1978,-0.0,0.0,,EST
1979,-0.0,0.0,,EST
1980,-0.0,0.0,,EST
1981,-0.0,0.0,,EST
1982,-0.0,0.0,,EST
1983,-0.0,0.0,,EST
1984,-0.0,0.0,,EST
1985,-0.0,0.0,,EST
1986,-0.0,0.0,,EST
1987,-0.0,0.0,,EST
1988,-0.0,0.0,,EST
1989,-0.0,0.0,,EST
1990,-0.0,0.0,,EST
1991,-0.0,0.0,,EST
1992,-0.15238095238095237,0.5079365079365079,0.0,EST
1993,-0.25925745224574054,1.2658100277147897,0.4012738853503184,EST
1994,-0.2651222877446402,1.638731918399341,0.5375244045294807,EST
1995,-0.32762284181873047,2.487735891859227,0.6587242334533442,EST
1996,-0.3959980868376755,3.555452562406824,0.6996959875552895,EST
1997,-0.39565327901815533,3.5593101141524666,0.7000214546346606,EST
1998,-0.4351838611003917,4.676821611999271,0.7610532129385441,EST
1999,-0.4351838611003917,4.676821611999271,0.7610532129385441,EST
2000,-0.4351838611003917,4.676821611999271,0.7610532129385441,EST
2001,-0.435183392665814,4.676825970855143,0.7610534356397121,EST
2002,-0.45555623470510953,4.180842643944803,0.7327066352364832,EST
2003,-0.45576477668297843,3.4229691241665217,0.6735256856519517,EST
2004,-0.5410222294119779,4.3612680816006595,0.699348716110694,EST
2005,-0.5361631087322095,3.512264108140773,0.6266736191394253,EST
2006,-0.48689923004228297,2.444547437593176,0.4636140710733455,EST
2007,-0.48709118520341765,2.4406898858475334,0.4627663040184373,EST
2008,-0.39298382745979715,1.3231783880007288,0.009036982458659693,EST
2009,-0.39298382745979715,1.3231783880007288,0.009036982458659693,EST
2010,-0.39298382745979715,1.3231783880007288,0.009036982458659693,EST
2011,-0.39298397421999204,1.323174029144857,0.009033717986358547,EST
2012,-0.3933662544356065,1.3112208481186887,0.0,EST
2013,-0.3933662544356065,1.3112208481186887,0.0,EST
2014,-0.0,0.0,,EST
2015,-0.0,0.0,,EST
2016,-0.0,0.0,,EST
2017,-0.0,0.0,,EST
2018,-0.0,0.0,,EST
2019,-0.0,0.0,,EST
2020,-0.0,0.0,,EST
2021,-0.0,0.0,,EST
2022,-0.0,0.0,,EST
2023,-0.0,0.0,,EST
1948,,,,ETH
1949,,,,ETH
1950,,,,ETH
1951,,,,ETH
1952,,,,ETH
1953,,,,ETH
1954,,,,ETH
1955,,,,ETH
1956,-0.0,0.0,,ETH
1957,-0.0,0.0,,ETH
1958,-0.0,0.0,,ETH
1959,-0.0,0.0,,ETH
1960,-0.0,0.0,,ETH
1961,-0.0,0.0,,ETH
1962,-0.0,0.0,,ETH
1963,-0.0,0.0,,ETH
1964,-0.0,0.0,,ETH
1965,-0.0,0.0,,ETH
1966,-0.0,0.0,,ETH
1967,-0.0,0.0,,ETH
1968,-0.0,0.0,,ETH
1969,-0.0,0.0,,ETH
1970,-0.0,0.0,,ETH
1971,-0.0,0.0,,ETH
1972,-0.0,0.0,,ETH
1973,-0.0,0.0,,ETH
1974,-0.0,0.0,,ETH
1975,-0.0,0.0,,ETH
1976,-0.0,0.0,,ETH
1977,-0.0,0.0,,ETH
1978,-0.0,0.0,,ETH
1979,-0.0,0.0,,ETH
1980,-0.0,0.0,,ETH
1981,-0.0,0.0,,ETH
1982,-0.2275862068965517,0.7586206896551724,0.0,ETH
1983,-0.2275862068965517,0.7586206896551724,0.0,ETH
1984,-0.2275862068965517,0.7586206896551724,0.0,ETH
1985,-0.2275862068965517,0.7586206896551724,0.0,ETH
1986,-0.2275862068965517,0.7586206896551724,0.0,ETH
1987,-0.2275862068965517,0.7586206896551724,0.0,ETH
1988,-0.2275862068965517,0.7586206896551724,0.0,ETH
1989,-0.2275862068965517,0.7586206896551724,0.0,ETH
1990,-0.2275862068965517,0.7586206896551724,0.0,ETH
1991,-0.2275862068965517,0.7586206896551724,0.0,ETH
1992,-0.0,0.0,,ETH
1993,-0.0,0.0,,ETH
1994,-0.6724137931034483,2.2413793103448274,0.0,ETH
1995,-0.6724137931034483,2.2413793103448274,0.0,ETH
1996,-0.6724137931034483,2.2413793103448274,0.0,ETH
1997,-0.6724137931034483,2.2413793103448274,0.0,ETH
1998,-0.6724137931034483,2.2413793103448274,0.0,ETH
1999,-0.6724137931034483,2.2413793103448274,0.0,ETH
2000,-0.6724137931034483,2.2413793103448274,0.0,ETH
2001,-0.6724137931034483,2.2413793103448274,0.0,ETH
2002,-0.6724137931034483,2.2413793103448274,0.0,ETH
2003,-0.6724137931034483,2.2413793103448274,0.0,ETH
2004,-0.0,0.0,,ETH
2005,-0.0,0.0,,ETH
2006,-0.0,0.0,,ETH
2007,-0.0,0.0,,ETH
2008,-0.0,0.0,,ETH
2009,-0.0,0.0,,ETH
2010,-0.0,0.0,,ETH
2011,-0.0,0.0,,ETH
2012,-0.0,0.0,,ETH
2013,-0.0,0.0,,ETH
2014,-0.0,0.0,,ETH
2015,-0.0,0.0,,ETH
2016,-0.0,0.0,,ETH
2017,-0.0,0.0,,ETH
2018,-0.0,0.0,,ETH
2019,-0.0,0.0,,ETH
2020,-0.3,1.0,0.0,ETH
2021,-0.3,1.0,0.0,ETH
2022,-0.3,1.0,0.0,ETH
2023,-0.3,1.0,0.0,ETH
1948,,,,FIN
1949,,,,FIN
1950,,,,FIN
1951,,,,FIN
1952,,,,FIN
1953,,,,FIN
1954,,,,FIN
1955,,,,FIN
1956,-0.0,0.0,,FIN
1957,-0.0,0.0,,FIN
1958,-0.0,0.0,,FIN
1959,-0.0,0.0,,FIN
1960,-0.0,0.0,,FIN
1961,-0.0,0.0,,FIN
1962,-0.0,0.0,,FIN
1963,-0.0,0.0,,FIN
1964,-0.0,0.0,,FIN
1965,-0.0,0.0,,FIN
1966,-0.0,0.0,,FIN
1967,-0.0,0.0,,FIN
1968,-0.0,0.0,,FIN
1969,-0.0,0.0,,FIN
1970,-0.0,0.0,,FIN
1971,-0.0,0.0,,FIN
1972,-0.0,0.0,,FIN
1973,-0.0,0.0,,FIN
1974,-0.0,0.0,,FIN
1975,-0.0,0.0,,FIN
1976,-0.0,0.0,,FIN
1977,-0.0,0.0,,FIN
1978,-0.0,0.0,,FIN
1979,-0.0,0.0,,FIN
1980,-0.0,0.0,,FIN
1981,-0.0,0.0,,FIN
1982,-0.0,0.0,,FIN
1983,-0.0,0.0,,FIN
1984,-0.0,0.0,,FIN
1985,-0.0,0.0,,FIN
1986,-1.8000000000000003,6.0,0.0,FIN
1987,-1.8000000000000003,6.0,0.0,FIN
1988,-1.8000000000000003,6.0,0.0,FIN
1989,-1.8000000000000003,6.0,0.0,FIN
1990,-1.8000000000000003,6.0,0.0,FIN
1991,-1.8000000000000003,6.0,0.0,FIN
1992,-1.8000000000000003,6.0,0.0,FIN
1993,-1.8000000000000003,6.0,0.0,FIN
1994,-1.8000000000000003,6.0,0.0,FIN
1995,-1.8000000000000003,6.0,0.0,FIN
1996,-0.0,0.0,,FIN
1997,-0.0,0.0,,FIN
1998,-0.0,0.0,,FIN
1999,-0.0,0.0,,FIN
2000,-0.0,0.0,,FIN
2001,-0.0,0.0,,FIN
2002,-0.0,0.0,,FIN
2003,-0.0,0.0,,FIN
2004,-0.0,0.0,,FIN
2005,-0.0,0.0,,FIN
2006,-0.0,0.0,,FIN
2007,-0.0,0.0,,FIN
2008,-0.0,0.0,,FIN
2009,-0.0,0.0,,FIN
2010,-0.0,0.0,,FIN
2011,-0.0,0.0,,FIN
2012,-0.0,0.0,,FIN
2013,-0.0,0.0,,FIN
2014,-0.0,0.0,,FIN
2015,-0.0,0.0,,FIN
2016,-0.0,0.0,,FIN
2017,-0.0,0.0,,FIN
2018,-0.0,0.0,,FIN
2019,-0.0,0.0,,FIN
2020,-0.0,0.0,,FIN
2021,-0.0,0.0,,FIN
2022,-0.0,0.0,,FIN
2023,-0.0,0.0,,FIN
1948,,,,FJI
1949,,,,FJI
1950,,,,FJI
1951,,,,FJI
1952,,,,FJI
1953,,,,FJI
1954,,,,FJI
1955,,,,FJI
1956,-0.0,0.0,,FJI
1957,-0.0,0.0,,FJI
1958,-0.0,0.0,,FJI
1959,-0.0,0.0,,FJI
1960,-0.0,0.0,,FJI
1961,-0.0,0.0,,FJI
1962,-0.0,0.0,,FJI
1963,-0.0,0.0,,FJI
1964,-0.0,0.0,,FJI
1965,-0.0,0.0,,FJI
1966,-0.0,0.0,,FJI
1967,-0.0,0.0,,FJI
1968,-0.0,0.0,,FJI
1969,-0.0,0.0,,FJI
1970,-0.0,0.0,,FJI
1971,-0.0,0.0,,FJI
1972,-0.0,0.0,,FJI
1973,-0.0,0.0,,FJI
1974,-0.0,0.0,,FJI
1975,-0.0,0.0,,FJI
1976,-0.0,0.0,,FJI
1977,-0.0,0.0,,FJI
1978,-0.0,0.0,,FJI
1979,-0.0,0.0,,FJI
1980,-0.0,0.0,,FJI
1981,-0.15238095238095237,0.5079365079365079,0.0,FJI
1982,-0.15238095238095237,0.5079365079365079,0.0,FJI
1983,-0.15238095238095237,0.5079365079365079,0.0,FJI
1984,-0.15238095238095237,0.5079365079365079,0.0,FJI
1985,-0.15238095238095237,0.5079365079365079,0.0,FJI
1986,-0.15238095238095237,0.5079365079365079,0.0,FJI
1987,-0.15238095238095237,0.5079365079365079,0.0,FJI
1988,-0.15238095238095237,0.5079365079365079,0.0,FJI
1989,-0.15238095238095237,0.5079365079365079,0.0,FJI
1990,-0.15238095238095237,0.5079365079365079,0.0,FJI
1991,-0.0,0.0,,FJI
1992,-0.0,0.0,,FJI
1993,-0.0,0.0,,FJI
1994,-0.0,0.0,,FJI
1995,-0.0,0.0,,FJI
1996,-0.0,0.0,,FJI
1997,-0.0,0.0,,FJI
1998,-0.0,0.0,,FJI
1999,-0.0,0.0,,FJI
2000,-0.0,0.0,,FJI
2001,-0.0,0.0,,FJI
2002,-0.0,0.0,,FJI
2003,-0.6,2.0,0.0,FJI
2004,-0.6,2.0,0.0,FJI
2005,-0.6,2.0,0.0,FJI
2006,-0.6,2.0,0.0,FJI
2007,-0.6,2.0,0.0,FJI
2008,-0.6,2.0,0.0,FJI
2009,-0.6,2.0,0.0,FJI
2010,-0.6,2.0,0.0,FJI
2011,-0.6,2.0,0.0,FJI
2012,-0.6,2.0,0.0,FJI
2013,-0.0,0.0,,FJI
2014,-0.0,0.0,,FJI
2015,-0.0,0.0,,FJI
2016,-0.0,0.0,,FJI
2017,-0.0,0.0,,FJI
2018,-0.0,0.0,,FJI
2019,-0.0,0.0,,FJI
2020,-0.0,0.0,,FJI
2021,-0.14761904761904762,0.4920634920634921,,FJI
2022,-0.14761904761904762,0.4920634920634921,,FJI
2023,-0.14761904761904762,0.4920634920634921,,FJI
1948,,,,FRA
1949,,,,FRA
1950,,,,FRA
1951,,,,FRA
1952,,,,FRA
1953,,,,FRA
1954,,,,FRA
1955,,,,FRA
1956,-0.0,0.0,,FRA
1957,-0.0,0.0,,FRA
1958,-1.5,5.0,0.0,FRA
1959,-1.5,5.0,0.0,FRA
1960,-1.5,5.0,0.0,FRA
1961,-1.5,5.0,0.0,FRA
1962,-1.5,5.0,0.0,FRA
1963,-1.5,5.0,0.0,FRA
1964,-1.5,5.0,0.0,FRA
1965,-1.5,5.0,0.0,FRA
1966,-1.5,5.0,0.0,FRA
1967,-1.5,5.0,0.0,FRA
1968,-0.0,0.0,,FRA
1969,-0.0,0.0,,FRA
1970,-0.0,0.0,,FRA
1971,-0.0,0.0,,FRA
1972,-0.0,0.0,,FRA
1973,-0.3,1.0,0.0,FRA
1974,-0.3,1.0,0.0,FRA
1975,-0.3,1.0,0.0,FRA
1976,-0.3,1.0,0.0,FRA
1977,-0.3,1.0,0.0,FRA
1978,-0.3,1.0,0.0,FRA
1979,-0.3,1.0,0.0,FRA
1980,-0.3,1.0,0.0,FRA
1981,-0.3,1.0,0.0,FRA
1982,-0.3,1.0,0.0,FRA
1983,-0.0,0.0,,FRA
1984,-0.0,0.0,,FRA
1985,-0.0,0.0,,FRA
1986,-0.0,0.0,,FRA
1987,-0.0,0.0,,FRA
1988,-0.0,0.0,,FRA
1989,-0.0,0.0,,FRA
1990,-0.0,0.0,,FRA
1991,-0.0,0.0,,FRA
1992,-0.0,0.0,,FRA
1993,-0.0,0.0,,FRA
1994,-0.0,0.0,,FRA
1995,-0.0,0.0,,FRA
1996,-0.0,0.0,,FRA
1997,-0.0,0.0,,FRA
1998,-0.0,0.0,,FRA
1999,-0.0,0.0,,FRA
2000,-0.0,0.0,,FRA
2001,-0.0,0.0,,FRA
2002,-0.0,0.0,,FRA
2003,-0.0,0.0,,FRA
2004,-0.0,0.0,,FRA
2005,-0.0,0.0,,FRA
2006,-0.0,0.0,,FRA
2007,-0.0,0.0,,FRA
2008,-0.0,0.0,,FRA
2009,-0.0,0.0,,FRA
2010,-0.0,0.0,,FRA
2011,-0.0,0.0,,FRA
2012,-0.0,0.0,,FRA
2013,-0.0,0.0,,FRA
2014,-0.0,0.0,,FRA
2015,-0.0,0.0,,FRA
2016,-0.0,0.0,,FRA
2017,-0.0,0.0,,FRA
2018,-0.0,0.0,,FRA
2019,-0.0,0.0,,FRA
2020,-0.0,0.0,,FRA
2021,-0.0,0.0,,FRA
2022,-0.0,0.0,,FRA
2023,-0.0,0.0,,FRA
1948,,,,FRO
1949,,,,FRO
1950,,,,FRO
1951,,,,FRO
1952,,,,FRO
1953,,,,FRO
1954,,,,FRO
1955,,,,FRO
1956,-0.0,0.0,,FRO
1957,-0.0,0.0,,FRO
1958,-0.0,0.0,,FRO
1959,-0.0,0.0,,FRO
1960,-0.0,0.0,,FRO
1961,-0.0,0.0,,FRO
1962,-0.0,0.0,,FRO
1963,-0.0,0.0,,FRO
1964,-0.0,0.0,,FRO
1965,-0.0,0.0,,FRO
1966,-0.0,0.0,,FRO
1967,-0.0,0.0,,FRO
1968,-0.0,0.0,,FRO
1969,-0.0,0.0,,FRO
1970,-0.0,0.0,,FRO
1971,-0.0,0.0,,FRO
1972,-0.0,0.0,,FRO
1973,-0.0,0.0,,FRO
1974,-0.0,0.0,,FRO
1975,-0.0,0.0,,FRO
1976,-0.0,0.0,,FRO
1977,-0.0,0.0,,FRO
1978,-0.0,0.0,,FRO
1979,-0.0,0.0,,FRO
1980,-0.0,0.0,,FRO
1981,-0.0,0.0,,FRO
1982,-0.0,0.0,,FRO
1983,-0.0,0.0,,FRO
1984,-0.0,0.0,,FRO
1985,-0.0,0.0,,FRO
1986,-0.0,0.0,,FRO
1987,-0.0,0.0,,FRO
1988,-0.0,0.0,,FRO
1989,-0.0,0.0,,FRO
1990,-0.0,0.0,,FRO
1991,-0.0,0.0,,FRO
1992,-0.15238095238095237,0.5079365079365079,0.0,FRO
1993,-1.0064042620010618,3.880858398621059,0.13088251509433768,FRO
1994,-1.0064042620010618,3.880858398621059,0.13088251509433768,FRO
1995,-1.004232059925253,3.941374767575442,0.14422705538366698,FRO
1996,-1.004232059925253,3.941374767575442,0.14422705538366698,FRO
1997,-1.004232059925253,3.941374767575442,0.14422705538366698,FRO
1998,-1.0025753590592135,3.9858052788208616,0.1537665152366957,FRO
1999,-1.0025753590592135,3.9858052788208616,0.1537665152366957,FRO
2000,-1.0025753590592135,3.9858052788208616,0.1537665152366957,FRO
2001,-1.0025753590592135,3.9858052788208616,0.1537665152366957,FRO
2002,-1.0085971080243457,3.4778687708843536,0.03017562970701637,FRO
2003,-0.021295343328025892,0.10494688019980236,,FRO
2004,-0.021295343328025892,0.10494688019980236,,FRO
2005,-0.013329153373625087,0.044430511245419524,,FRO
2006,-0.30306703293571285,1.058625232424558,0.041970009673452435,FRO
2007,-0.30306703293571285,1.058625232424558,0.041970009673452435,FRO
2008,-0.3042584163537415,1.0141947211791384,0.0,FRO
2009,-0.3042584163537415,1.0141947211791384,0.0,FRO
2010,-0.3042584163537415,1.0141947211791384,0.0,FRO
2011,-0.3042584163537415,1.0141947211791384,0.0,FRO
2012,-0.3042584163537415,1.0141947211791384,0.0,FRO
2013,-0.3042584163537415,1.0141947211791384,0.0,FRO
2014,-0.3042584163537415,1.0141947211791384,0.0,FRO
2015,-0.3042584163537415,1.0141947211791384,0.0,FRO
2016,-0.0,0.0,,FRO
2017,-0.3,1.0,0.0,FRO
2018,-0.3,1.0,0.0,FRO
2019,-0.3,1.0,0.0,FRO
2020,-0.3,1.0,0.0,FRO
2021,-0.3,1.0,0.0,FRO
2022,-0.3,1.0,0.0,FRO
2023,-0.3,1.0,0.0,FRO
1948,,,,FSM
1949,,,,FSM
1950,,,,FSM
1951,,,,FSM
1952,,,,FSM
1953,,,,FSM
1954,,,,FSM
1955,,,,FSM
1956,-0.0,0.0,,FSM
1957,-0.0,0.0,,FSM
1958,-0.0,0.0,,FSM
1959,-0.0,0.0,,FSM
1960,-0.0,0.0,,FSM
1961,-0.0,0.0,,FSM
1962,-0.0,0.0,,FSM
1963,-0.0,0.0,,FSM
1964,-0.0,0.0,,FSM
1965,-0.0,0.0,,FSM
1966,-0.0,0.0,,FSM
1967,-0.0,0.0,,FSM
1968,-0.0,0.0,,FSM
1969,-0.0,0.0,,FSM
1970,-0.0,0.0,,FSM
1971,-0.0,0.0,,FSM
1972,-0.0,0.0,,FSM
1973,-0.0,0.0,,FSM
1974,-0.0,0.0,,FSM
1975,-0.0,0.0,,FSM
1976,-0.0,0.0,,FSM
1977,-0.0,0.0,,FSM
1978,-0.0,0.0,,FSM
1979,-0.0,0.0,,FSM
1980,-0.0,0.0,,FSM
1981,-0.0,0.0,,FSM
1982,-0.0,0.0,,FSM
1983,-0.0,0.0,,FSM
1984,-0.0,0.0,,FSM
1985,-0.0,0.0,,FSM
1986,-0.0,0.0,,FSM
1987,-0.0,0.0,,FSM
1988,-0.0,0.0,,FSM
1989,-0.0,0.0,,FSM
1990,-0.0,0.0,,FSM
1991,-0.0,0.0,,FSM
1992,-0.0,0.0,,FSM
1993,-0.0,0.0,,FSM
1994,-0.0,0.0,,FSM
1995,-0.0,0.0,,FSM
1996,-0.0,0.0,,FSM
1997,-0.0,0.0,,FSM
1998,-0.0,0.0,,FSM
1999,-0.0,0.0,,FSM
2000,-0.0,0.0,,FSM
2001,-0.0,0.0,,FSM
2002,-0.0,0.0,,FSM
2003,-0.6,2.0,0.0,FSM
2004,-0.6,2.0,0.0,FSM
2005,-0.6,2.0,0.0,FSM
2006,-0.6,2.0,0.0,FSM
2007,-0.6,2.0,0.0,FSM
2008,-0.6,2.0,0.0,FSM
2009,-0.6,2.0,0.0,FSM
2010,-0.6,2.0,0.0,FSM
2011,-0.6,2.0,0.0,FSM
2012,-0.6,2.0,0.0,FSM
2013,-0.0,0.0,,FSM
2014,-0.0,0.0,,FSM
2015,-0.0,0.0,,FSM
2016,-0.0,0.0,,FSM
2017,-0.0,0.0,,FSM
2018,-0.0,0.0,,FSM
2019,-0.0,0.0,,FSM
2020,-0.7896049896049896,2.632016632016632,0.0,FSM
2021,-0.7896049896049896,2.632016632016632,0.0,FSM
2022,-0.7896049896049896,2.632016632016632,0.0,FSM
2023,-0.7896049896049896,2.632016632016632,0.0,FSM
1948,,,,GAB
1949,,,,GAB
1950,,,,GAB
1951,,,,GAB
1952,,,,GAB
1953,,,,GAB
1954,,,,GAB
1955,,,,GAB
1956,-0.0,0.0,,GAB
1957,-0.0,0.0,,GAB
1958,-0.0,0.0,,GAB
1959,-0.0,0.0,,GAB
1960,-0.0,0.0,,GAB
1961,-0.0,0.0,,GAB
1962,-0.0,0.0,,GAB
1963,-0.0,0.0,,GAB
1964,-0.0,0.0,,GAB
1965,-0.0,0.0,,GAB
1966,-0.0,0.0,,GAB
1967,-0.0,0.0,,GAB
1968,-0.0,0.0,,GAB
1969,-0.0,0.0,,GAB
1970,-0.0,0.0,,GAB
1971,-0.0,0.0,,GAB
1972,-0.0,0.0,,GAB
1973,-0.0,0.0,,GAB
1974,-0.0,0.0,,GAB
1975,-0.0,0.0,,GAB
1976,-0.0,0.0,,GAB
1977,-0.0,0.0,,GAB
1978,-0.0,0.0,,GAB
1979,-0.0,0.0,,GAB
1980,-0.0,0.0,,GAB
1981,-0.0,0.0,,GAB
1982,-0.0,0.0,,GAB
1983,-0.0,0.0,,GAB
1984,-0.4551724137931034,1.5172413793103448,0.0,GAB
1985,-0.4551724137931034,1.5172413793103448,0.0,GAB
1986,-0.4551724137931034,1.5172413793103448,0.0,GAB
1987,-0.4551724137931034,1.5172413793103448,0.0,GAB
1988,-0.4551724137931034,1.5172413793103448,0.0,GAB
1989,-0.4551724137931034,1.5172413793103448,0.0,GAB
1990,-0.4551724137931034,1.5172413793103448,0.0,GAB
1991,-0.4551724137931034,1.5172413793103448,0.0,GAB
1992,-0.4551724137931034,1.5172413793103448,0.0,GAB
1993,-0.4551724137931034,1.5172413793103448,0.0,GAB
1994,-0.22758620689655168,0.7586206896551722,0.0,GAB
1995,-0.22758620689655168,0.7586206896551722,0.0,GAB
1996,-0.22758620689655168,0.7586206896551722,0.0,GAB
1997,-0.22758620689655168,0.7586206896551722,0.0,GAB
1998,-0.22758620689655168,0.7586206896551722,0.0,GAB
1999,-0.23103448275862065,1.0,0.24137931034482785,GAB
2000,-0.23103448275862065,1.0,0.24137931034482785,GAB
2001,-0.23103448275862065,1.0,0.24137931034482785,GAB
2002,-0.23103448275862065,1.0,0.24137931034482785,GAB
2003,-0.23103448275862065,1.0,0.24137931034482785,GAB
2004,-0.0724137931034484,0.24137931034482785,,GAB
2005,-0.0724137931034484,0.24137931034482785,,GAB
2006,-0.0724137931034484,0.24137931034482785,,GAB
2007,-0.0724137931034484,0.24137931034482785,,GAB
2008,-0.0724137931034484,0.24137931034482785,,GAB
2009,-0.0,0.0,,GAB
2010,-0.0,0.0,,GAB
2011,-0.0,0.0,,GAB
2012,-0.0,0.0,,GAB
2013,-0.0,0.0,,GAB
2014,-0.0,0.0,,GAB
2015,-0.0,0.0,,GAB
2016,-0.0,0.0,,GAB
2017,-0.0,0.0,,GAB
2018,-0.0,0.0,,GAB
2019,-0.0,0.0,,GAB
2020,-0.14482758620689656,0.48275862068965525,,GAB
2021,-0.14482758620689656,0.48275862068965525,,GAB
2022,-0.14482758620689656,0.48275862068965525,,GAB
2023,-0.14482758620689656,0.48275862068965525,,GAB
1948,,,,GBR
1949,,,,GBR
1950,,,,GBR
1951,,,,GBR
1952,,,,GBR
1953,,,,GBR
1954,,,,GBR
1955,,,,GBR
1956,-0.0,0.0,,GBR
1957,-0.0,0.0,,GBR
1958,-0.0,0.0,,GBR
1959,-0.0,0.0,,GBR
1960,-1.8000000000000003,6.0,0.0,GBR
1961,-1.8000000000000003,6.0,0.0,GBR
1962,-1.8000000000000003,6.0,0.0,GBR
1963,-1.8000000000000003,6.0,0.0,GBR
1964,-1.8000000000000003,6.0,0.0,GBR
1965,-1.8000000000000003,6.0,0.0,GBR
1966,-1.8000000000000003,6.0,0.0,GBR
1967,-1.8000000000000003,6.0,0.0,GBR
1968,-1.8000000000000003,6.0,0.0,GBR
1969,-1.8000000000000003,6.0,0.0,GBR
1970,-0.0,0.0,,GBR
1971,-0.0,0.0,,GBR
1972,-0.0,0.0,,GBR
1973,-0.0,0.0,,GBR
1974,-0.0,0.0,,GBR
1975,-0.0,0.0,,GBR
1976,-0.0,0.0,,GBR
1977,-0.0,0.0,,GBR
1978,-0.0,0.0,,GBR
1979,-0.0,0.0,,GBR
1980,-0.0,0.0,,GBR
1981,-0.0,0.0,,GBR
1982,-0.0,0.0,,GBR
1983,-0.0,0.0,,GBR
1984,-0.0,0.0,,GBR
1985,-0.0,0.0,,GBR
1986,-0.0,0.0,,GBR
1987,-0.0,0.0,,GBR
1988,-0.0,0.0,,GBR
1989,-0.0,0.0,,GBR
1990,-0.0,0.0,,GBR
1991,-0.0,0.0,,GBR
1992,-0.0,0.0,,GBR
1993,-0.0,0.0,,GBR
1994,-0.0,0.0,,GBR
1995,-0.0,0.0,,GBR
1996,-0.0,0.0,,GBR
1997,-0.0,0.0,,GBR
1998,-0.0,0.0,,GBR
1999,-0.0,0.0,,GBR
2000,-0.0,0.0,,GBR
2001,-0.0,0.0,,GBR
2002,-0.0,0.0,,GBR
2003,-0.0,0.0,,GBR
2004,-0.0,0.0,,GBR
2005,-0.0,0.0,,GBR
2006,-0.0,0.0,,GBR
2007,-0.0,0.0,,GBR
2008,-0.0,0.0,,GBR
2009,-0.0,0.0,,GBR
2010,-0.0,0.0,,GBR
2011,-0.0,0.0,,GBR
2012,-0.0,0.0,,GBR
2013,-0.0,0.0,,GBR
2014,-0.0,0.0,,GBR
2015,-0.0,0.0,,GBR
2016,-0.0,0.0,,GBR
2017,-0.0,0.0,,GBR
2018,-0.0,0.0,,GBR
2019,-0.0,0.0,,GBR
2020,-0.0,0.0,,GBR
2021,-0.0,0.0,,GBR
2022,-0.0,0.0,,GBR
2023,-0.0,0.0,,GBR
1948,,,,GEO
1949,,,,GEO
1950,,,,GEO
1951,,,,GEO
1952,,,,GEO
1953,,,,GEO
1954,,,,GEO
1955,,,,GEO
1956,-0.0,0.0,,GEO
1957,-0.0,0.0,,GEO
1958,-0.0,0.0,,GEO
1959,-0.0,0.0,,GEO
1960,-0.0,0.0,,GEO
1961,-0.0,0.0,,GEO
1962,-0.0,0.0,,GEO
1963,-0.0,0.0,,GEO
1964,-0.0,0.0,,GEO
1965,-0.0,0.0,,GEO
1966,-0.0,0.0,,GEO
1967,-0.0,0.0,,GEO
1968,-0.0,0.0,,GEO
1969,-0.0,0.0,,GEO
1970,-0.0,0.0,,GEO
1971,-0.0,0.0,,GEO
1972,-0.0,0.0,,GEO
1973,-0.0,0.0,,GEO
1974,-0.0,0.0,,GEO
1975,-0.0,0.0,,GEO
1976,-0.0,0.0,,GEO
1977,-0.0,0.0,,GEO
1978,-0.0,0.0,,GEO
1979,-0.0,0.0,,GEO
1980,-0.0,0.0,,GEO
1981,-0.0,0.0,,GEO
1982,-0.0,0.0,,GEO
1983,-0.0,0.0,,GEO
1984,-0.0,0.0,,GEO
1985,-0.0,0.0,,GEO
1986,-0.0,0.0,,GEO
1987,-0.0,0.0,,GEO
1988,-0.0,0.0,,GEO
1989,-0.0,0.0,,GEO
1990,-0.0,0.0,,GEO
1991,-0.0,0.0,,GEO
1992,-0.0,0.0,,GEO
1993,-0.0,0.0,,GEO
1994,-1.2,4.0,0.0,GEO
1995,-1.2,4.0,0.0,GEO
1996,-1.2,4.0,0.0,GEO
1997,-1.2,4.0,0.0,GEO
1998,-1.2,4.0,0.0,GEO
1999,-1.2,4.0,0.0,GEO
2000,-1.2,4.0,0.0,GEO
2001,-1.2,4.0,0.0,GEO
2002,-1.2,4.0,0.0,GEO
2003,-1.2041594578792296,5.0,0.19999999999999996,GEO
2004,-0.3000000000000004,1.0,0.0,GEO
2005,-0.3000000000000004,1.0,0.0,GEO
2006,-0.3000000000000004,1.0,0.0,GEO
2007,-0.3000000000000004,1.0,0.0,GEO
2008,-0.3000000000000004,1.0,0.0,GEO
2009,-0.3000000000000004,1.0,0.0,GEO
2010,-0.3000000000000004,1.0,0.0,GEO
2011,-0.3000000000000004,1.0,0.0,GEO
2012,-0.3000000000000004,1.0,0.0,GEO
2013,-0.0,0.0,,GEO
2014,-0.0,0.0,,GEO
2015,-0.0,0.0,,GEO
2016,-0.3,1.0,0.0,GEO
2017,-0.3,1.0,0.0,GEO
2018,-0.3,1.0,0.0,GEO
2019,-0.3,1.0,0.0,GEO
2020,-0.3,1.0,0.0,GEO
2021,-0.3,1.0,0.0,GEO
2022,-0.3,1.0,0.0,GEO
2023,-0.3,1.0,0.0,GEO
1948,,,,GHA
1949,,,,GHA
1950,,,,GHA
1951,,,,GHA
1952,,,,GHA
1953,,,,GHA
1954,,,,GHA
1955,,,,GHA
1956,-0.0,0.0,,GHA
1957,-0.0,0.0,,GHA
1958,-0.0,0.0,,GHA
1959,-0.0,0.0,,GHA
1960,-0.0,0.0,,GHA
1961,-0.0,0.0,,GHA
1962,-0.0,0.0,,GHA
1963,-0.0,0.0,,GHA
1964,-0.0,0.0,,GHA
1965,-0.0,0.0,,GHA
1966,-0.0,0.0,,GHA
1967,-0.0,0.0,,GHA
1968,-0.0,0.0,,GHA
1969,-0.0,0.0,,GHA
1970,-0.0,0.0,,GHA
1971,-0.0,0.0,,GHA
1972,-0.0,0.0,,GHA
1973,-0.0,0.0,,GHA
1974,-0.0,0.0,,GHA
1975,-0.0,0.0,,GHA
1976,-0.0,0.0,,GHA
1977,-0.0,0.0,,GHA
1978,-0.0,0.0,,GHA
1979,-0.0,0.0,,GHA
1980,-0.0,0.0,,GHA
1981,-0.0,0.0,,GHA
1982,-0.0,0.0,,GHA
1983,-0.0,0.0,,GHA
1984,-0.0,0.0,,GHA
1985,-0.0,0.0,,GHA
1986,-0.0,0.0,,GHA
1987,-0.0,0.0,,GHA
1988,-0.0,0.0,,GHA
1989,-0.0,0.0,,GHA
1990,-0.0,0.0,,GHA
1991,-0.0,0.0,,GHA
1992,-0.0,0.0,,GHA
1993,-0.6,2.0,0.0,GHA
1994,-0.6176169152341549,2.7586206896551726,0.275,GHA
1995,-0.6176169152341549,2.7586206896551726,0.275,GHA
1996,-0.6176169152341549,2.7586206896551726,0.275,GHA
1997,-0.6176169152341549,2.7586206896551726,0.275,GHA
1998,-0.6176169152341549,2.7586206896551726,0.275,GHA
1999,-0.6176169152341549,2.7586206896551726,0.275,GHA
2000,-0.6176169152341549,2.7586206896551726,0.275,GHA
2001,-0.6176169152341549,2.7586206896551726,0.275,GHA
2002,-0.6176169152341549,2.7586206896551726,0.275,GHA
2003,-0.22758620689655185,0.7586206896551726,0.0,GHA
2004,-0.0,0.0,,GHA
2005,-0.0,0.0,,GHA
2006,-0.0,0.0,,GHA
2007,-0.0,0.0,,GHA
2008,-0.0,0.0,,GHA
2009,-0.0,0.0,,GHA
2010,-0.0,0.0,,GHA
2011,-0.0,0.0,,GHA
2012,-0.0,0.0,,GHA
2013,-0.0,0.0,,GHA
2014,-0.0,0.0,,GHA
2015,-0.0,0.0,,GHA
2016,-0.0,0.0,,GHA
2017,-0.0,0.0,,GHA
2018,-0.0,0.0,,GHA
2019,-0.0,0.0,,GHA
2020,-0.07241379310344823,0.2413793103448274,,GHA
2021,-0.07241379310344823,0.2413793103448274,,GHA
2022,-0.07241379310344823,0.2413793103448274,,GHA
2023,-0.07241379310344823,0.2413793103448274,,GHA
1948,,,,GIN
1949,,,,GIN
1950,,,,GIN
1951,,,,GIN
1952,,,,GIN
1953,,,,GIN
1954,,,,GIN
1955,,,,GIN
1956,-0.0,0.0,,GIN
1957,-0.0,0.0,,GIN
1958,-0.0,0.0,,GIN
1959,-0.0,0.0,,GIN
1960,-0.0,0.0,,GIN
1961,-0.0,0.0,,GIN
1962,-0.0,0.0,,GIN
1963,-0.0,0.0,,GIN
1964,-0.0,0.0,,GIN
1965,-0.0,0.0,,GIN
1966,-0.0,0.0,,GIN
1967,-0.0,0.0,,GIN
1968,-0.0,0.0,,GIN
1969,-0.0,0.0,,GIN
1970,-0.0,0.0,,GIN
1971,-0.0,0.0,,GIN
1972,-0.0,0.0,,GIN
1973,-0.0,0.0,,GIN
1974,-0.0,0.0,,GIN
1975,-0.0,0.0,,GIN
1976,-0.0,0.0,,GIN
1977,-0.0,0.0,,GIN
1978,-0.0,0.0,,GIN
1979,-0.0,0.0,,GIN
1980,-0.0,0.0,,GIN
1981,-0.0,0.0,,GIN
1982,-0.0,0.0,,GIN
1983,-0.0,0.0,,GIN
1984,-0.0,0.0,,GIN
1985,-0.0,0.0,,GIN
1986,-0.0,0.0,,GIN
1987,-0.0,0.0,,GIN
1988,-0.0,0.0,,GIN
1989,-0.0,0.0,,GIN
1990,-0.0,0.0,,GIN
1991,-0.0,0.0,,GIN
1992,-0.0,0.0,,GIN
1993,-0.0,0.0,,GIN
1994,-0.2275862068965517,0.7586206896551724,0.0,GIN
1995,-0.2275862068965517,0.7586206896551724,0.0,GIN
1996,-0.2275862068965517,0.7586206896551724,0.0,GIN
1997,-0.2275862068965517,0.7586206896551724,0.0,GIN
1998,-0.2275862068965517,0.7586206896551724,0.0,GIN
1999,-0.2275862068965517,0.7586206896551724,0.0,GIN
2000,-0.2275862068965517,0.7586206896551724,0.0,GIN
2001,-0.2275862068965517,0.7586206896551724,0.0,GIN
2002,-0.2275862068965517,0.7586206896551724,0.0,GIN
2003,-0.2275862068965517,0.7586206896551724,0.0,GIN
2004,-0.0,0.0,,GIN
2005,-0.0,0.0,,GIN
2006,-0.0,0.0,,GIN
2007,-0.0,0.0,,GIN
2008,-0.0,0.0,,GIN
2009,-0.0,0.0,,GIN
2010,-0.0,0.0,,GIN
2011,-0.0,0.0,,GIN
2012,-0.0,0.0,,GIN
2013,-0.0,0.0,,GIN
2014,-0.0,0.0,,GIN
2015,-0.0,0.0,,GIN
2016,-0.0,0.0,,GIN
2017,-0.0,0.0,,GIN
2018,-0.0,0.0,,GIN
2019,-0.0,0.0,,GIN
2020,-0.6724137931034483,2.2413793103448274,0.0,GIN
2021,-0.6724137931034483,2.2413793103448274,0.0,GIN
2022,-0.6724137931034483,2.2413793103448274,0.0,GIN
2023,-0.6724137931034483,2.2413793103448274,0.0,GIN
1948,,,,GMB
1949,,,,GMB
1950,,,,GMB
1951,,,,GMB
1952,,,,GMB
1953,,,,GMB
1954,,,,GMB
1955,,,,GMB
1956,-0.0,0.0,,GMB
1957,-0.0,0.0,,GMB
1958,-0.0,0.0,,GMB
1959,-0.0,0.0,,GMB
1960,-0.0,0.0,,GMB
1961,-0.0,0.0,,GMB
1962,-0.0,0.0,,GMB
1963,-0.0,0.0,,GMB
1964,-0.0,0.0,,GMB
1965,-0.0,0.0,,GMB
1966,-0.0,0.0,,GMB
1967,-0.0,0.0,,GMB
1968,-0.0,0.0,,GMB
1969,-0.0,0.0,,GMB
1970,-0.0,0.0,,GMB
1971,-0.0,0.0,,GMB
1972,-0.0,0.0,,GMB
1973,-0.0,0.0,,GMB
1974,-0.0,0.0,,GMB
1975,-0.0,0.0,,GMB
1976,-0.0,0.0,,GMB
1977,-0.0,0.0,,GMB
1978,-0.0,0.0,,GMB
1979,-0.0,0.0,,GMB
1980,-0.0,0.0,,GMB
1981,-0.0,0.0,,GMB
1982,-0.0,0.0,,GMB
1983,-0.0,0.0,,GMB
1984,-0.0,0.0,,GMB
1985,-0.0,0.0,,GMB
1986,-0.0,0.0,,GMB
1987,-0.0,0.0,,GMB
1988,-0.0,0.0,,GMB
1989,-0.0,0.0,,GMB
1990,-0.0,0.0,,GMB
1991,-0.0,0.0,,GMB
1992,-0.0,0.0,,GMB
1993,-0.6,2.0,0.0,GMB
1994,-0.6176169152341549,2.7586206896551726,0.275,GMB
1995,-0.6176169152341549,2.7586206896551726,0.275,GMB
1996,-0.6176169152341549,2.7586206896551726,0.275,GMB
1997,-0.6176169152341549,2.7586206896551726,0.275,GMB
1998,-0.6176169152341549,2.7586206896551726,0.275,GMB
1999,-0.6176169152341549,2.7586206896551726,0.275,GMB
2000,-0.6176169152341549,2.7586206896551726,0.275,GMB
2001,-0.6176169152341549,2.7586206896551726,0.275,GMB
2002,-0.6176169152341549,2.7586206896551726,0.275,GMB
2003,-0.22758620689655185,0.7586206896551726,0.0,GMB
2004,-0.0,0.0,,GMB
2005,-0.0,0.0,,GMB
2006,-0.0,0.0,,GMB
2007,-0.0,0.0,,GMB
2008,-0.0,0.0,,GMB
2009,-0.0,0.0,,GMB
2010,-0.0,0.0,,GMB
2011,-0.0,0.0,,GMB
2012,-0.0,0.0,,GMB
2013,-0.0,0.0,,GMB
2014,-0.0,0.0,,GMB
2015,-0.0,0.0,,GMB
2016,-0.0,0.0,,GMB
2017,-0.0,0.0,,GMB
2018,-0.0,0.0,,GMB
2019,-0.0,0.0,,GMB
2020,-0.07241379310344823,0.2413793103448274,,GMB
2021,-0.07241379310344823,0.2413793103448274,,GMB
2022,-0.07241379310344823,0.2413793103448274,,GMB
2023,-0.07241379310344823,0.2413793103448274,,GMB
1948,,,,GNB
1949,,,,GNB
1950,,,,GNB
1951,,,,GNB
1952,,,,GNB
1953,,,,GNB
1954,,,,GNB
1955,,,,GNB
1956,-0.0,0.0,,GNB
1957,-0.0,0.0,,GNB
1958,-0.0,0.0,,GNB
1959,-0.0,0.0,,GNB
1960,-0.0,0.0,,GNB
1961,-0.0,0.0,,GNB
1962,-0.0,0.0,,GNB
1963,-0.0,0.0,,GNB
1964,-0.0,0.0,,GNB
1965,-0.0,0.0,,GNB
1966,-0.0,0.0,,GNB
1967,-0.0,0.0,,GNB
1968,-0.0,0.0,,GNB
1969,-0.0,0.0,,GNB
1970,-0.0,0.0,,GNB
1971,-0.0,0.0,,GNB
1972,-0.0,0.0,,GNB
1973,-0.0,0.0,,GNB
1974,-0.0,0.0,,GNB
1975,-0.0,0.0,,GNB
1976,-0.0,0.0,,GNB
1977,-0.0,0.0,,GNB
1978,-0.0,0.0,,GNB
1979,-0.0,0.0,,GNB
1980,-0.0,0.0,,GNB
1981,-0.0,0.0,,GNB
1982,-0.0,0.0,,GNB
1983,-0.0,0.0,,GNB
1984,-0.0,0.0,,GNB
1985,-0.0,0.0,,GNB
1986,-0.0,0.0,,GNB
1987,-0.0,0.0,,GNB
1988,-0.0,0.0,,GNB
1989,-0.0,0.0,,GNB
1990,-0.0,0.0,,GNB
1991,-0.0,0.0,,GNB
1992,-0.0,0.0,,GNB
1993,-0.6,2.0,0.0,GNB
1994,-0.6176169152341549,2.7586206896551726,0.275,GNB
1995,-0.6176169152341549,2.7586206896551726,0.275,GNB
1996,-0.6176169152341549,2.7586206896551726,0.275,GNB
1997,-0.6176169152341549,2.7586206896551726,0.275,GNB
1998,-0.6176169152341549,2.7586206896551726,0.275,GNB
1999,-0.6176169152341549,2.7586206896551726,0.275,GNB
2000,-0.6176169152341549,2.7586206896551726,0.275,GNB
2001,-0.6176169152341549,2.7586206896551726,0.275,GNB
2002,-0.6176169152341549,2.7586206896551726,0.275,GNB
2003,-0.22758620689655185,0.7586206896551726,0.0,GNB
2004,-0.0,0.0,,GNB
2005,-0.0,0.0,,GNB
2006,-0.0,0.0,,GNB
2007,-0.0,0.0,,GNB
2008,-0.0,0.0,,GNB
2009,-0.0,0.0,,GNB
2010,-0.0,0.0,,GNB
2011,-0.0,0.0,,GNB
2012,-0.0,0.0,,GNB
2013,-0.0,0.0,,GNB
2014,-0.0,0.0,,GNB
2015,-0.0,0.0,,GNB
2016,-0.0,0.0,,GNB
2017,-0.0,0.0,,GNB
2018,-0.0,0.0,,GNB
2019,-0.0,0.0,,GNB
2020,-0.07241379310344823,0.2413793103448274,,GNB
2021,-0.07241379310344823,0.2413793103448274,,GNB
2022,-0.07241379310344823,0.2413793103448274,,GNB
2023,-0.07241379310344823,0.2413793103448274,,GNB
1948,,,,GNQ
1949,,,,GNQ
1950,,,,GNQ
1951,,,,GNQ
1952,,,,GNQ
1953,,,,GNQ
1954,,,,GNQ
1955,,,,GNQ
1956,-0.0,0.0,,GNQ
1957,-0.0,0.0,,GNQ
1958,-0.0,0.0,,GNQ
1959,-0.0,0.0,,GNQ
1960,-0.0,0.0,,GNQ
1961,-0.0,0.0,,GNQ
1962,-0.0,0.0,,GNQ
1963,-0.0,0.0,,GNQ
1964,-0.0,0.0,,GNQ
1965,-0.0,0.0,,GNQ
1966,-0.0,0.0,,GNQ
1967,-0.0,0.0,,GNQ
1968,-0.0,0.0,,GNQ
1969,-0.0,0.0,,GNQ
1970,-0.0,0.0,,GNQ
1971,-0.0,0.0,,GNQ
1972,-0.0,0.0,,GNQ
1973,-0.0,0.0,,GNQ
1974,-0.0,0.0,,GNQ
1975,-0.0,0.0,,GNQ
1976,-0.0,0.0,,GNQ
1977,-0.0,0.0,,GNQ
1978,-0.0,0.0,,GNQ
1979,-0.0,0.0,,GNQ
1980,-0.0,0.0,,GNQ
1981,-0.0,0.0,,GNQ
1982,-0.0,0.0,,GNQ
1983,-0.0,0.0,,GNQ
1984,-0.4551724137931034,1.5172413793103448,0.0,GNQ
1985,-0.4551724137931034,1.5172413793103448,0.0,GNQ
1986,-0.4551724137931034,1.5172413793103448,0.0,GNQ
1987,-0.4551724137931034,1.5172413793103448,0.0,GNQ
1988,-0.4551724137931034,1.5172413793103448,0.0,GNQ
1989,-0.4551724137931034,1.5172413793103448,0.0,GNQ
1990,-0.4551724137931034,1.5172413793103448,0.0,GNQ
1991,-0.4551724137931034,1.5172413793103448,0.0,GNQ
1992,-0.4551724137931034,1.5172413793103448,0.0,GNQ
1993,-0.4551724137931034,1.5172413793103448,0.0,GNQ
1994,-0.22758620689655168,0.7586206896551722,0.0,GNQ
1995,-0.22758620689655168,0.7586206896551722,0.0,GNQ
1996,-0.22758620689655168,0.7586206896551722,0.0,GNQ
1997,-0.22758620689655168,0.7586206896551722,0.0,GNQ
1998,-0.22758620689655168,0.7586206896551722,0.0,GNQ
1999,-0.23103448275862065,1.0,0.24137931034482785,GNQ
2000,-0.23103448275862065,1.0,0.24137931034482785,GNQ
2001,-0.23103448275862065,1.0,0.24137931034482785,GNQ
2002,-0.23103448275862065,1.0,0.24137931034482785,GNQ
2003,-0.23103448275862065,1.0,0.24137931034482785,GNQ
2004,-0.0724137931034484,0.24137931034482785,,GNQ
2005,-0.0724137931034484,0.24137931034482785,,GNQ
2006,-0.0724137931034484,0.24137931034482785,,GNQ
2007,-0.0724137931034484,0.24137931034482785,,GNQ
2008,-0.0724137931034484,0.24137931034482785,,GNQ
2009,-0.0,0.0,,GNQ
2010,-0.0,0.0,,GNQ
2011,-0.0,0.0,,GNQ
2012,-0.0,0.0,,GNQ
2013,-0.0,0.0,,GNQ
2014,-0.0,0.0,,GNQ
2015,-0.0,0.0,,GNQ
2016,-0.0,0.0,,GNQ
2017,-0.0,0.0,,GNQ
2018,-0.0,0.0,,GNQ
2019,-0.0,0.0,,GNQ
2020,-0.14482758620689656,0.48275862068965525,,GNQ
2021,-0.14482758620689656,0.48275862068965525,,GNQ
2022,-0.14482758620689656,0.48275862068965525,,GNQ
2023,-0.14482758620689656,0.48275862068965525,,GNQ
1948,,,,GRC
1949,,,,GRC
1950,,,,GRC
1951,,,,GRC
1952,,,,GRC
1953,,,,GRC
1954,,,,GRC
1955,,,,GRC
1956,-0.0,0.0,,GRC
1957,-0.0,0.0,,GRC
1958,-0.0,0.0,,GRC
1959,-0.0,0.0,,GRC
1960,-0.0,0.0,,GRC
1961,-0.0,0.0,,GRC
1962,-0.2275862068965517,0.7586206896551724,0.0,GRC
1963,-0.2275862068965517,0.7586206896551724,0.0,GRC
1964,-0.2275862068965517,0.7586206896551724,0.0,GRC
1965,-0.2275862068965517,0.7586206896551724,0.0,GRC
1966,-0.2275862068965517,0.7586206896551724,0.0,GRC
1967,-0.2275862068965517,0.7586206896551724,0.0,GRC
1968,-0.2275862068965517,0.7586206896551724,0.0,GRC
1969,-0.2275862068965517,0.7586206896551724,0.0,GRC
1970,-0.2275862068965517,0.7586206896551724,0.0,GRC
1971,-0.2275862068965517,0.7586206896551724,0.0,GRC
1972,-0.0,0.0,,GRC
1973,-0.0,0.0,,GRC
1974,-0.0,0.0,,GRC
1975,-0.2825208085612366,0.9417360285374554,0.0,GRC
1976,-0.2825208085612366,0.9417360285374554,0.0,GRC
1977,-0.2825208085612366,0.9417360285374554,0.0,GRC
1978,-0.2825208085612366,0.9417360285374554,0.0,GRC
1979,-0.2825208085612366,0.9417360285374554,0.0,GRC
1980,-0.2825208085612366,0.9417360285374554,0.0,GRC
1981,-1.289441483385178,5.241379310344827,0.17967332123411983,GRC
1982,-1.289441483385178,5.241379310344827,0.17967332123411983,GRC
1983,-1.289441483385178,5.241379310344827,0.17967332123411983,GRC
1984,-1.289441483385178,5.241379310344827,0.17967332123411983,GRC
1985,-1.2898929845422116,4.299643281807372,0.0,GRC
1986,-1.2898929845422116,4.299643281807372,0.0,GRC
1987,-1.2898929845422116,4.299643281807372,0.0,GRC
1988,-1.2898929845422116,4.299643281807372,0.0,GRC
1989,-1.2898929845422116,4.299643281807372,0.0,GRC
1990,-1.2898929845422116,4.299643281807372,0.0,GRC
1991,-0.0,0.0,,GRC
1992,-0.0,0.0,,GRC
1993,-0.0,0.0,,GRC
1994,-0.0,0.0,,GRC
1995,-0.0,0.0,,GRC
1996,-0.0,0.0,,GRC
1997,-0.0,0.0,,GRC
1998,-0.0,0.0,,GRC
1999,-0.0,0.0,,GRC
2000,-0.0,0.0,,GRC
2001,-0.0,0.0,,GRC
2002,-0.0,0.0,,GRC
2003,-0.0,0.0,,GRC
2004,-0.0,0.0,,GRC
2005,-0.0,0.0,,GRC
2006,-0.0,0.0,,GRC
2007,-0.0,0.0,,GRC
2008,-0.0,0.0,,GRC
2009,-0.0,0.0,,GRC
2010,-0.0,0.0,,GRC
2011,-0.0,0.0,,GRC
2012,-0.0,0.0,,GRC
2013,-0.0,0.0,,GRC
2014,-0.0,0.0,,GRC
2015,-0.0,0.0,,GRC
2016,-0.0,0.0,,GRC
2017,-0.0,0.0,,GRC
2018,-0.0,0.0,,GRC
2019,-0.0,0.0,,GRC
2020,-0.0,0.0,,GRC
2021,-0.0,0.0,,GRC
2022,-0.0,0.0,,GRC
2023,-0.0,0.0,,GRC
1948,,,,GRD
1949,,,,GRD
1950,,,,GRD
1951,,,,GRD
1952,,,,GRD
1953,,,,GRD
1954,,,,GRD
1955,,,,GRD
1956,-0.0,0.0,,GRD
1957,-0.0,0.0,,GRD
1958,-0.0,0.0,,GRD
1959,-0.0,0.0,,GRD
1960,-0.0,0.0,,GRD
1961,-0.0,0.0,,GRD
1962,-0.0,0.0,,GRD
1963,-0.0,0.0,,GRD
1964,-0.0,0.0,,GRD
1965,-0.0,0.0,,GRD
1966,-0.0,0.0,,GRD
1967,-0.0,0.0,,GRD
1968,-0.15238095238095237,0.5079365079365079,0.0,GRD
1969,-0.15238095238095237,0.5079365079365079,0.0,GRD
1970,-0.15238095238095237,0.5079365079365079,0.0,GRD
1971,-0.15238095238095237,0.5079365079365079,0.0,GRD
1972,-0.15238095238095237,0.5079365079365079,0.0,GRD
1973,-0.2594394213280809,1.2665571975916805,0.40103716508210885,GRD
1974,-0.6802002797219433,3.507936507936508,0.36105476673427994,GRD
1975,-0.6802002797219433,3.507936507936508,0.36105476673427994,GRD
1976,-0.6802002797219433,3.507936507936508,0.36105476673427994,GRD
1977,-0.6802002797219433,3.507936507936508,0.36105476673427994,GRD
1978,-0.6855134253692442,3.0,0.25287356321839083,GRD
1979,-0.6855134253692442,3.0,0.25287356321839083,GRD
1980,-0.6855134253692442,3.0,0.25287356321839083,GRD
1981,-0.6855134253692442,3.0,0.25287356321839083,GRD
1982,-0.6855134253692442,3.0,0.25287356321839083,GRD
1983,-0.6724137931034482,2.2413793103448274,0.0,GRD
1984,-0.0,0.0,,GRD
1985,-0.0,0.0,,GRD
1986,-0.0,0.0,,GRD
1987,-0.0,0.0,,GRD
1988,-0.0,0.0,,GRD
1989,-0.0,0.0,,GRD
1990,-0.0,0.0,,GRD
1991,-0.0,0.0,,GRD
1992,-0.0,0.0,,GRD
1993,-0.07498110355253215,0.24993701184177386,,GRD
1994,-0.07498110355253215,0.24993701184177386,,GRD
1995,-0.07980395770711726,0.3729218906845513,,GRD
1996,-0.07980395770711726,0.3729218906845513,,GRD
1997,-0.07980395770711726,0.3729218906845513,,GRD
1998,-0.07980395770711726,0.3729218906845513,,GRD
1999,-0.07980395770711726,0.3729218906845513,,GRD
2000,-0.07980395770711726,0.3729218906845513,,GRD
2001,-0.1847051970528602,0.9711526634101375,0.3839992461896372,GRD
2002,-0.1847051970528602,0.9711526634101375,0.3839992461896372,GRD
2003,-0.1791619759472156,0.7212156515683636,0.17052441745452018,GRD
2004,-0.1791619759472156,0.7212156515683636,0.17052441745452018,GRD
2005,-0.1787584978954828,0.6248344275806814,0.04257712712486539,GRD
2006,-0.17869479971300886,0.626680997503986,0.0453982566755885,GRD
2007,-0.17869479971300886,0.626680997503986,0.0453982566755885,GRD
2008,-0.46227197223683025,2.119141601378941,0.2957239842284254,GRD
2009,-0.46227197223683025,2.119141601378941,0.2957239842284254,GRD
2010,-0.46227197223683025,2.119141601378941,0.2957239842284254,GRD
2011,-0.4468593563437407,1.5209108286533546,0.018706043932628313,GRD
2012,-0.4468593563437407,1.5209108286533546,0.018706043932628313,GRD
2013,-0.4468593563437407,1.5209108286533546,0.018706043932628313,GRD
2014,-0.4468593563437407,1.5209108286533546,0.018706043932628313,GRD
2015,-0.4476769673517706,1.4943071737982594,0.0012357365043030866,GRD
2016,-0.4477381811624865,1.4924606038749548,0.0,GRD
2017,-0.4477381811624865,1.4924606038749548,0.0,GRD
2018,-0.0,0.0,,GRD
2019,-0.0,0.0,,GRD
2020,-0.0,0.0,,GRD
2021,-0.0,0.0,,GRD
2022,-0.0,0.0,,GRD
2023,-0.0,0.0,,GRD
1948,,,,GRL
1949,,,,GRL
1950,,,,GRL
1951,,,,GRL
1952,,,,GRL
1953,,,,GRL
1954,,,,GRL
1955,,,,GRL
1956,-0.0,0.0,,GRL
1957,-0.0,0.0,,GRL
1958,-0.0,0.0,,GRL
1959,-0.0,0.0,,GRL
1960,-0.0,0.0,,GRL
1961,-0.0,0.0,,GRL
1962,-0.0,0.0,,GRL
1963,-0.0,0.0,,GRL
1964,-0.0,0.0,,GRL
1965,-0.0,0.0,,GRL
1966,-0.0,0.0,,GRL
1967,-0.0,0.0,,GRL
1968,-0.0,0.0,,GRL
1969,-0.0,0.0,,GRL
1970,-0.0,0.0,,GRL
1971,-1.2,4.0,0.0,GRL
1972,-1.2,4.0,0.0,GRL
1973,-1.2,4.0,0.0,GRL
1974,-1.2,4.0,0.0,GRL
1975,-1.2,4.0,0.0,GRL
1976,-1.2,4.0,0.0,GRL
1977,-1.2,4.0,0.0,GRL
1978,-1.2,4.0,0.0,GRL
1979,-1.2,4.0,0.0,GRL
1980,-1.2,4.0,0.0,GRL
1981,-0.0,0.0,,GRL
1982,-0.0,0.0,,GRL
1983,-0.0,0.0,,GRL
1984,-0.0,0.0,,GRL
1985,-0.0,0.0,,GRL
1986,-0.0,0.0,,GRL
1987,-0.0,0.0,,GRL
1988,-0.0,0.0,,GRL
1989,-0.0,0.0,,GRL
1990,-0.0,0.0,,GRL
1991,-0.0,0.0,,GRL
1992,-0.0,0.0,,GRL
1993,-0.0,0.0,,GRL
1994,-0.0,0.0,,GRL
1995,-0.0,0.0,,GRL
1996,-0.0,0.0,,GRL
1997,-0.0,0.0,,GRL
1998,-0.0,0.0,,GRL
1999,-0.0,0.0,,GRL
2000,-0.0,0.0,,GRL
2001,-0.0,0.0,,GRL
2002,-0.0,0.0,,GRL
2003,-0.0,0.0,,GRL
2004,-0.0,0.0,,GRL
2005,-0.0,0.0,,GRL
2006,-0.0,0.0,,GRL
2007,-0.0,0.0,,GRL
2008,-0.0,0.0,,GRL
2009,-0.0,0.0,,GRL
2010,-0.0,0.0,,GRL
2011,-0.0,0.0,,GRL
2012,-0.0,0.0,,GRL
2013,-0.0,0.0,,GRL
2014,-0.0,0.0,,GRL
2015,-0.0,0.0,,GRL
2016,-0.0,0.0,,GRL
2017,-0.0,0.0,,GRL
2018,-0.0,0.0,,GRL
2019,-0.0,0.0,,GRL
2020,-0.0,0.0,,GRL
2021,-0.0,0.0,,GRL
2022,-0.0,0.0,,GRL
2023,-0.0,0.0,,GRL
1948,,,,GTM
1949,,,,GTM
1950,,,,GTM
1951,,,,GTM
1952,,,,GTM
1953,,,,GTM
1954,,,,GTM
1955,,,,GTM
1956,-0.0,0.0,,GTM
1957,-0.0,0.0,,GTM
1958,-0.0,0.0,,GTM
1959,-0.2275862068965517,0.7586206896551724,0.0,GTM
1960,-0.2275862068965517,0.7586206896551724,0.0,GTM
1961,-0.35584135197649047,1.7586206896551724,0.43137254901960786,GTM
1962,-0.35584135197649047,1.7586206896551724,0.43137254901960786,GTM
1963,-0.35584135197649047,1.7586206896551724,0.43137254901960786,GTM
1964,-0.35584135197649047,1.7586206896551724,0.43137254901960786,GTM
1965,-0.35584135197649047,1.7586206896551724,0.43137254901960786,GTM
1966,-0.35584135197649047,1.7586206896551724,0.43137254901960786,GTM
1967,-0.35584135197649047,1.7586206896551724,0.43137254901960786,GTM
1968,-0.35584135197649047,1.7586206896551724,0.43137254901960786,GTM
1969,-0.3,1.0,0.0,GTM
1970,-0.3,1.0,0.0,GTM
1971,-0.0,0.0,,GTM
1972,-0.0,0.0,,GTM
1973,-0.0,0.0,,GTM
1974,-0.0,0.0,,GTM
1975,-0.0,0.0,,GTM
1976,-0.0,0.0,,GTM
1977,-0.0,0.0,,GTM
1978,-0.0,0.0,,GTM
1979,-0.0,0.0,,GTM
1980,-0.0,0.0,,GTM
1981,-0.0,0.0,,GTM
1982,-0.0,0.0,,GTM
1983,-0.0,0.0,,GTM
1984,-0.0,0.0,,GTM
1985,-0.0,0.0,,GTM
1986,-0.0,0.0,,GTM
1987,-0.0,0.0,,GTM
1988,-0.0,0.0,,GTM
1989,-0.0,0.0,,GTM
1990,-0.0,0.0,,GTM
1991,-0.0,0.0,,GTM
1992,-0.0,0.0,,GTM
1993,-0.0,0.0,,GTM
1994,-0.0,0.0,,GTM
1995,-0.0,0.0,,GTM
1996,-0.0,0.0,,GTM
1997,-0.0,0.0,,GTM
1998,-0.0,0.0,,GTM
1999,-0.0,0.0,,GTM
2000,-0.0,0.0,,GTM
2001,-1.2724137931034483,4.241379310344827,0.0,GTM
2002,-1.2724137931034483,4.241379310344827,0.0,GTM
2003,-1.2724137931034483,4.241379310344827,0.0,GTM
2004,-1.2724137931034483,4.241379310344827,0.0,GTM
2005,-1.2724137931034483,4.241379310344827,0.0,GTM
2006,-1.2724137931034483,4.241379310344827,0.0,GTM
2007,-1.2724137931034483,4.241379310344827,0.0,GTM
2008,-1.2724137931034483,4.241379310344827,0.0,GTM
2009,-1.2724137931034483,4.241379310344827,0.0,GTM
2010,-1.2724137931034483,4.241379310344827,0.0,GTM
2011,-0.0,0.0,,GTM
2012,-0.0,0.0,,GTM
2013,-0.0,0.0,,GTM
2014,-0.0,0.0,,GTM
2015,-0.0,0.0,,GTM
2016,-0.0,0.0,,GTM
2017,-0.0,0.0,,GTM
2018,-0.0,0.0,,GTM
2019,-0.0,0.0,,GTM
2020,-0.0,0.0,,GTM
2021,-0.0,0.0,,GTM
2022,-0.0,0.0,,GTM
2023,-0.0,0.0,,GTM
1948,,,,GUY
1949,,,,GUY
1950,,,,GUY
1951,,,,GUY
1952,,,,GUY
1953,,,,GUY
1954,,,,GUY
1955,,,,GUY
1956,-0.0,0.0,,GUY
1957,-0.0,0.0,,GUY
1958,-0.0,0.0,,GUY
1959,-0.0,0.0,,GUY
1960,-0.0,0.0,,GUY
1961,-0.0,0.0,,GUY
1962,-0.0,0.0,,GUY
1963,-0.0,0.0,,GUY
1964,-0.0,0.0,,GUY
1965,-0.0,0.0,,GUY
1966,-0.0,0.0,,GUY
1967,-0.0,0.0,,GUY
1968,-0.0,0.0,,GUY
1969,-0.0,0.0,,GUY
1970,-0.0,0.0,,GUY
1971,-0.0,0.0,,GUY
1972,-0.0,0.0,,GUY
1973,-0.9000000000000001,3.0,0.0,GUY
1974,-0.9000000000000001,3.0,0.0,GUY
1975,-0.9000000000000001,3.0,0.0,GUY
1976,-0.9000000000000001,3.0,0.0,GUY
1977,-0.9000000000000001,3.0,0.0,GUY
1978,-0.9000000000000001,3.0,0.0,GUY
1979,-0.9000000000000001,3.0,0.0,GUY
1980,-0.9000000000000001,3.0,0.0,GUY
1981,-0.9000000000000001,3.0,0.0,GUY
1982,-0.9000000000000001,3.0,0.0,GUY
1983,-0.0,0.0,,GUY
1984,-0.0,0.0,,GUY
1985,-0.0,0.0,,GUY
1986,-0.0,0.0,,GUY
1987,-0.0,0.0,,GUY
1988,-0.0,0.0,,GUY
1989,-0.0,0.0,,GUY
1990,-0.0,0.0,,GUY
1991,-0.0,0.0,,GUY
1992,-0.0,0.0,,GUY
1993,-0.15238095238095237,0.5079365079365079,0.0,GUY
1994,-0.15238095238095237,0.5079365079365079,0.0,GUY
1995,-0.16218223663059314,0.7578735197782818,0.3297872340425533,GUY
1996,-0.16218223663059314,0.7578735197782818,0.3297872340425533,GUY
1997,-0.16218223663059314,0.7578735197782818,0.3297872340425533,GUY
1998,-0.16218223663059314,0.7578735197782818,0.3297872340425533,GUY
1999,-0.16218223663059314,0.7578735197782818,0.3297872340425533,GUY
2000,-0.16218223663059314,0.7578735197782818,0.3297872340425533,GUY
2001,-0.24259098472625348,1.44931127551195,0.5229197706411088,GUY
2002,-0.24259098472625348,1.44931127551195,0.5229197706411088,GUY
2003,-0.21258787233509702,0.941374767575442,0.26550213629105357,GUY
2004,-0.21258787233509702,0.941374767575442,0.26550213629105357,GUY
2005,-0.20625996660427182,0.7455032478585384,0.07252214162738202,GUY
2006,-0.2061273591175552,0.7492559544768653,0.07716748648806693,GUY
2007,-0.2061273591175552,0.7492559544768653,0.07716748648806693,GUY
2008,-0.46978427193832806,2.2421264802217182,0.3341720286907156,GUY
2009,-0.46978427193832806,2.2421264802217182,0.3341720286907156,GUY
2010,-0.46978427193832806,2.2421264802217182,0.3341720286907156,GUY
2011,-0.4462214713410756,1.55068872448805,0.03728549632827538,GUY
2012,-0.4462214713410756,1.55068872448805,0.03728549632827538,GUY
2013,-0.4462214713410756,1.55068872448805,0.03728549632827538,GUY
2014,-0.4462214713410756,1.55068872448805,0.03728549632827538,GUY
2015,-0.4477374654280961,1.4966232323631798,0.0025074491275945965,GUY
2016,-0.4478611577234559,1.492870525744853,0.0,GUY
2017,-0.4478611577234559,1.492870525744853,0.0,GUY
2018,-0.0,0.0,,GUY
2019,-0.0,0.0,,GUY
2020,-0.0,0.0,,GUY
2021,-0.0,0.0,,GUY
2022,-0.0,0.0,,GUY
2023,-0.0,0.0,,GUY
1948,,,,HKG
1949,,,,HKG
1950,,,,HKG
1951,,,,HKG
1952,,,,HKG
1953,,,,HKG
1954,,,,HKG
1955,,,,HKG
1956,-0.0,0.0,,HKG
1957,-0.0,0.0,,HKG
1958,-0.0,0.0,,HKG
1959,-0.0,0.0,,HKG
1960,-0.0,0.0,,HKG
1961,-0.0,0.0,,HKG
1962,-0.0,0.0,,HKG
1963,-0.0,0.0,,HKG
1964,-0.0,0.0,,HKG
1965,-0.0,0.0,,HKG
1966,-0.0,0.0,,HKG
1967,-0.0,0.0,,HKG
1968,-0.0,0.0,,HKG
1969,-0.0,0.0,,HKG
1970,-0.0,0.0,,HKG
1971,-0.0,0.0,,HKG
1972,-0.0,0.0,,HKG
1973,-0.0,0.0,,HKG
1974,-0.0,0.0,,HKG
1975,-0.0,0.0,,HKG
1976,-0.0,0.0,,HKG
1977,-0.0,0.0,,HKG
1978,-0.0,0.0,,HKG
1979,-0.0,0.0,,HKG
1980,-0.0,0.0,,HKG
1981,-0.0,0.0,,HKG
1982,-0.0,0.0,,HKG
1983,-0.0,0.0,,HKG
1984,-0.0,0.0,,HKG
1985,-0.0,0.0,,HKG
1986,-0.0,0.0,,HKG
1987,-0.0,0.0,,HKG
1988,-0.0,0.0,,HKG
1989,-0.0,0.0,,HKG
1990,-0.0,0.0,,HKG
1991,-0.0,0.0,,HKG
1992,-0.0,0.0,,HKG
1993,-0.0,0.0,,HKG
1994,-0.0,0.0,,HKG
1995,-0.0,0.0,,HKG
1996,-0.0,0.0,,HKG
1997,-0.0,0.0,,HKG
1998,-0.0,0.0,,HKG
1999,-0.0,0.0,,HKG
2000,-0.0,0.0,,HKG
2001,-0.0,0.0,,HKG
2002,-0.0,0.0,,HKG
2003,-0.0,0.0,,HKG
2004,-0.3,1.0,0.0,HKG
2005,-0.3,1.0,0.0,HKG
2006,-0.3,1.0,0.0,HKG
2007,-0.3,1.0,0.0,HKG
2008,-0.3,1.0,0.0,HKG
2009,-0.3,1.0,0.0,HKG
2010,-0.3,1.0,0.0,HKG
2011,-0.9165151389911681,4.0,0.25,HKG
2012,-1.019803902718557,6.0,0.5,HKG
2013,-1.019803902718557,6.0,0.5,HKG
2014,-1.02469507659596,5.0,0.4,HKG
2015,-1.02469507659596,5.0,0.4,HKG
2016,-1.02469507659596,5.0,0.4,HKG
2017,-1.02469507659596,5.0,0.4,HKG
2018,-1.02469507659596,5.0,0.4,HKG
2019,-1.02469507659596,5.0,0.4,HKG
2020,-1.02469507659596,5.0,0.4,HKG
2021,-0.6000000000000001,2.0,0.0,HKG
2022,-0.0,0.0,,HKG
2023,-0.0,0.0,,HKG
1948,,,,HND
1949,,,,HND
1950,,,,HND
1951,,,,HND
1952,,,,HND
1953,,,,HND
1954,,,,HND
1955,,,,HND
1956,-0.0,0.0,,HND
1957,-0.0,0.0,,HND
1958,-0.0,0.0,,HND
1959,-0.2275862068965517,0.7586206896551724,0.0,HND
1960,-0.2275862068965517,0.7586206896551724,0.0,HND
1961,-0.35584135197649047,1.7586206896551724,0.43137254901960786,HND
1962,-0.35584135197649047,1.7586206896551724,0.43137254901960786,HND
1963,-0.35584135197649047,1.7586206896551724,0.43137254901960786,HND
1964,-0.35584135197649047,1.7586206896551724,0.43137254901960786,HND
1965,-0.35584135197649047,1.7586206896551724,0.43137254901960786,HND
1966,-0.35584135197649047,1.7586206896551724,0.43137254901960786,HND
1967,-0.35584135197649047,1.7586206896551724,0.43137254901960786,HND
1968,-0.35584135197649047,1.7586206896551724,0.43137254901960786,HND
1969,-0.3,1.0,0.0,HND
1970,-0.3,1.0,0.0,HND
1971,-0.0,0.0,,HND
1972,-0.0,0.0,,HND
1973,-0.0,0.0,,HND
1974,-0.0,0.0,,HND
1975,-0.0,0.0,,HND
1976,-0.0,0.0,,HND
1977,-0.0,0.0,,HND
1978,-0.0,0.0,,HND
1979,-0.0,0.0,,HND
1980,-0.0,0.0,,HND
1981,-0.0,0.0,,HND
1982,-0.0,0.0,,HND
1983,-0.0,0.0,,HND
1984,-0.0,0.0,,HND
1985,-0.0,0.0,,HND
1986,-0.0,0.0,,HND
1987,-0.0,0.0,,HND
1988,-0.0,0.0,,HND
1989,-0.0,0.0,,HND
1990,-0.0,0.0,,HND
1991,-0.0,0.0,,HND
1992,-0.0,0.0,,HND
1993,-0.0,0.0,,HND
1994,-0.0,0.0,,HND
1995,-0.0,0.0,,HND
1996,-0.0,0.0,,HND
1997,-0.0,0.0,,HND
1998,-0.0,0.0,,HND
1999,-0.0,0.0,,HND
2000,-0.0,0.0,,HND
2001,-1.2724137931034483,4.241379310344827,0.0,HND
2002,-1.2724137931034483,4.241379310344827,0.0,HND
2003,-1.2724137931034483,4.241379310344827,0.0,HND
2004,-1.2724137931034483,4.241379310344827,0.0,HND
2005,-1.2724137931034483,4.241379310344827,0.0,HND
2006,-1.2724137931034483,4.241379310344827,0.0,HND
2007,-1.2724137931034483,4.241379310344827,0.0,HND
2008,-1.2724137931034483,4.241379310344827,0.0,HND
2009,-1.2724137931034483,4.241379310344827,0.0,HND
2010,-1.2724137931034483,4.241379310344827,0.0,HND
2011,-0.0,0.0,,HND
2012,-0.0,0.0,,HND
2013,-0.0,0.0,,HND
2014,-0.0,0.0,,HND
2015,-0.0,0.0,,HND
2016,-0.0,0.0,,HND
2017,-0.0,0.0,,HND
2018,-0.0,0.0,,HND
2019,-0.0,0.0,,HND
2020,-0.0,0.0,,HND
2021,-0.0,0.0,,HND
2022,-0.0,0.0,,HND
2023,-0.0,0.0,,HND
1948,,,,HRV
1949,,,,HRV
1950,,,,HRV
1951,,,,HRV
1952,,,,HRV
1953,,,,HRV
1954,,,,HRV
1955,,,,HRV
1956,-0.0,0.0,,HRV
1957,-0.0,0.0,,HRV
1958,-0.0,0.0,,HRV
1959,-0.0,0.0,,HRV
1960,-0.0,0.0,,HRV
1961,-0.0,0.0,,HRV
1962,-0.0,0.0,,HRV
1963,-0.0,0.0,,HRV
1964,-0.0,0.0,,HRV
1965,-0.0,0.0,,HRV
1966,-0.0,0.0,,HRV
1967,-0.0,0.0,,HRV
1968,-0.0,0.0,,HRV
1969,-0.0,0.0,,HRV
1970,-0.0,0.0,,HRV
1971,-0.0,0.0,,HRV
1972,-0.0,0.0,,HRV
1973,-0.0,0.0,,HRV
1974,-0.0,0.0,,HRV
1975,-0.0,0.0,,HRV
1976,-0.0,0.0,,HRV
1977,-0.0,0.0,,HRV
1978,-0.0,0.0,,HRV
1979,-0.0,0.0,,HRV
1980,-0.0,0.0,,HRV
1981,-0.0,0.0,,HRV
1982,-0.0,0.0,,HRV
1983,-0.0,0.0,,HRV
1984,-0.0,0.0,,HRV
1985,-0.0,0.0,,HRV
1986,-0.0,0.0,,HRV
1987,-0.0,0.0,,HRV
1988,-0.0,0.0,,HRV
1989,-0.0,0.0,,HRV
1990,-0.0,0.0,,HRV
1991,-0.0,0.0,,HRV
1992,-0.0,0.0,,HRV
1993,-0.0,0.0,,HRV
1994,-0.0,0.0,,HRV
1995,-0.0,0.0,,HRV
1996,-0.0,0.0,,HRV
1997,-0.30476190476190473,1.0158730158730158,0.0,HRV
1998,-0.31278839605423403,1.3891625615763543,0.2687155240346728,HRV
1999,-0.31278839605423403,1.3891625615763543,0.2687155240346728,HRV
2000,-0.31278839605423403,1.3891625615763543,0.2687155240346728,HRV
2001,-0.3128581938828425,1.6994291969661428,0.40222692555443085,HRV
2002,-0.5967997626417534,3.592819326896662,0.47300714072757,HRV
2003,-0.5918843928820491,4.29933582216072,0.5596086911445413,HRV
2004,-0.5861570160814343,5.168490257765749,0.6336666926892884,HRV
2005,-0.5621172953224118,5.590844412551401,0.6613409370362957,HRV
2006,-0.5621172953224118,5.590844412551401,0.6613409370362957,HRV
2007,-0.5419198088751466,4.984126984126984,0.6201159930394181,HRV
2008,-0.5617468912788668,4.610837438423646,0.589360901307804,HRV
2009,-0.5617468912788668,4.610837438423646,0.589360901307804,HRV
2010,-0.5617468912788668,4.610837438423646,0.589360901307804,HRV
2011,-0.577565717364249,4.300570803033857,0.5597351568785197,HRV
2012,-0.31952064698873367,2.407180673103338,0.6389326130287865,HRV
2013,-0.2849552412499953,1.70066417783928,0.4889323554111056,HRV
2014,-0.1663281340188909,0.8315097422342506,0.49206349206349176,HRV
2015,-0.12274667623457892,0.40915558744859926,,HRV
2016,-0.12274667623457892,0.40915558744859926,,HRV
2017,-0.0,0.0,,HRV
2018,-0.0,0.0,,HRV
2019,-0.0,0.0,,HRV
2020,-0.0,0.0,,HRV
2021,-0.0,0.0,,HRV
2022,-0.0,0.0,,HRV
2023,-0.0,0.0,,HRV
1948,,,,HTI
1949,,,,HTI
1950,,,,HTI
1951,,,,HTI
1952,,,,HTI
1953,,,,HTI
1954,,,,HTI
1955,,,,HTI
1956,-0.0,0.0,,HTI
1957,-0.0,0.0,,HTI
1958,-0.0,0.0,,HTI
1959,-0.0,0.0,,HTI
1960,-0.0,0.0,,HTI
1961,-0.0,0.0,,HTI
1962,-0.0,0.0,,HTI
1963,-0.0,0.0,,HTI
1964,-0.0,0.0,,HTI
1965,-0.0,0.0,,HTI
1966,-0.0,0.0,,HTI
1967,-0.0,0.0,,HTI
1968,-0.0,0.0,,HTI
1969,-0.0,0.0,,HTI
1970,-0.0,0.0,,HTI
1971,-0.0,0.0,,HTI
1972,-0.0,0.0,,HTI
1973,-0.0,0.0,,HTI
1974,-0.0,0.0,,HTI
1975,-0.0,0.0,,HTI
1976,-0.0,0.0,,HTI
1977,-0.0,0.0,,HTI
1978,-0.0,0.0,,HTI
1979,-0.0,0.0,,HTI
1980,-0.0,0.0,,HTI
1981,-0.0,0.0,,HTI
1982,-0.0,0.0,,HTI
1983,-0.0,0.0,,HTI
1984,-0.0,0.0,,HTI
1985,-0.0,0.0,,HTI
1986,-0.0,0.0,,HTI
1987,-0.0,0.0,,HTI
1988,-0.0,0.0,,HTI
1989,-0.0,0.0,,HTI
1990,-0.0,0.0,,HTI
1991,-0.0,0.0,,HTI
1992,-0.0,0.0,,HTI
1993,-0.0,0.0,,HTI
1994,-0.0,0.0,,HTI
1995,-0.0,0.0,,HTI
1996,-0.0,0.0,,HTI
1997,-0.0,0.0,,HTI
1998,-0.0,0.0,,HTI
1999,-0.0,0.0,,HTI
2000,-0.0,0.0,,HTI
2001,-0.0,0.0,,HTI
2002,-0.9000000000000001,3.0,0.0,HTI
2003,-0.9000000000000001,3.0,0.0,HTI
2004,-0.9000000000000001,3.0,0.0,HTI
2005,-0.9000000000000001,3.0,0.0,HTI
2006,-0.9000000000000001,3.0,0.0,HTI
2007,-0.9000000000000001,3.0,0.0,HTI
2008,-1.2000000000000002,6.0,0.5,HTI
2009,-1.2000000000000002,6.0,0.5,HTI
2010,-1.2000000000000002,6.0,0.5,HTI
2011,-1.2000000000000002,6.0,0.5,HTI
2012,-0.9000000000000001,3.0,0.0,HTI
2013,-0.9000000000000001,3.0,0.0,HTI
2014,-0.9000000000000001,3.0,0.0,HTI
2015,-0.9000000000000001,3.0,0.0,HTI
2016,-0.9000000000000001,3.0,0.0,HTI
2017,-0.9000000000000001,3.0,0.0,HTI
2018,-0.0,0.0,,HTI
2019,-0.0,0.0,,HTI
2020,-0.0,0.0,,HTI
2021,-0.0,0.0,,HTI
2022,-0.0,0.0,,HTI
2023,-0.0,0.0,,HTI
1948,,,,HUN
1949,,,,HUN
1950,,,,HUN
1951,,,,HUN
1952,,,,HUN
1953,,,,HUN
1954,,,,HUN
1955,,,,HUN
1956,-0.0,0.0,,HUN
1957,-0.0,0.0,,HUN
1958,-0.0,0.0,,HUN
1959,-0.0,0.0,,HUN
1960,-0.0,0.0,,HUN
1961,-0.0,0.0,,HUN
1962,-0.0,0.0,,HUN
1963,-0.0,0.0,,HUN
1964,-0.0,0.0,,HUN
1965,-0.0,0.0,,HUN
1966,-0.0,0.0,,HUN
1967,-0.0,0.0,,HUN
1968,-0.0,0.0,,HUN
1969,-0.0,0.0,,HUN
1970,-0.0,0.0,,HUN
1971,-0.0,0.0,,HUN
1972,-0.0,0.0,,HUN
1973,-0.0,0.0,,HUN
1974,-0.0,0.0,,HUN
1975,-0.0,0.0,,HUN
1976,-0.0,0.0,,HUN
1977,-0.0,0.0,,HUN
1978,-0.0,0.0,,HUN
1979,-0.0,0.0,,HUN
1980,-0.0,0.0,,HUN
1981,-0.0,0.0,,HUN
1982,-0.0,0.0,,HUN
1983,-0.0,0.0,,HUN
1984,-0.0,0.0,,HUN
1985,-0.0,0.0,,HUN
1986,-0.0,0.0,,HUN
1987,-0.0,0.0,,HUN
1988,-0.0,0.0,,HUN
1989,-0.0,0.0,,HUN
1990,-0.0,0.0,,HUN
1991,-0.0,0.0,,HUN
1992,-0.0,0.0,,HUN
1993,-0.2825208085612366,0.9417360285374554,0.0,HUN
1994,-1.0103992104012158,4.281723190891585,0.21994322999225868,HUN
1995,-1.0008767640209122,4.87379843141172,0.3147055198615005,HUN
1996,-1.0008767640209122,4.87379843141172,0.3147055198615005,HUN
1997,-1.000843607429161,4.874479748082974,0.31480130496640746,HUN
1998,-0.9875804674204784,5.398492101456504,0.38131109584229894,HUN
1999,-0.9875782908266743,5.398531920547976,0.38131565923664945,HUN
2000,-0.9875777659416071,5.398541522586387,0.38131675965067424,HUN
2001,-0.9875776807644736,5.39854308076925,0.38131693822137525,HUN
2002,-0.9875776807644736,5.39854308076925,0.38131693822137525,HUN
2003,-0.9896637215075702,4.456808197361872,0.25058763706026776,HUN
2004,-0.26299126063920936,1.7182768091084153,0.6499657267604297,HUN
2005,-0.22572227698035002,1.1262015685882796,0.46594305062582075,HUN
2006,-0.22572227698035002,1.1262015685882796,0.46594305062582075,HUN
2007,-0.2257561544279725,1.1255202519170258,0.465619767324265,HUN
2008,-0.18043499513107658,0.6015078985434963,8.665628988480112e-05,HUN
2009,-0.18043632207374624,0.6014680794520242,2.0458860199745743e-05,HUN
2010,-0.18043664212058155,0.6014584774136127,4.494596122839312e-06,HUN
2011,-0.18043669405952215,0.60145691923075,1.9039270165999156e-06,HUN
2012,-0.18043669405952215,0.60145691923075,1.9039270165999156e-06,HUN
2013,-0.18043673223020174,0.6014557741006721,0.0,HUN
2014,-0.0,0.0,,HUN
2015,-0.0,0.0,,HUN
2016,-0.0,0.0,,HUN
2017,-0.0,0.0,,HUN
2018,-0.0,0.0,,HUN
2019,-0.0,0.0,,HUN
2020,-0.0,0.0,,HUN
2021,-0.0,0.0,,HUN
2022,-0.0,0.0,,HUN
2023,-0.0,0.0,,HUN
1948,,,,IDN
1949,,,,IDN
1950,,,,IDN
1951,,,,IDN
1952,,,,IDN
1953,,,,IDN
1954,,,,IDN
1955,,,,IDN
1956,-0.0,0.0,,IDN
1957,-0.0,0.0,,IDN
1958,-0.0,0.0,,IDN
1959,-0.0,0.0,,IDN
1960,-0.0,0.0,,IDN
1961,-0.0,0.0,,IDN
1962,-0.0,0.0,,IDN
1963,-0.0,0.0,,IDN
1964,-0.0,0.0,,IDN
1965,-0.0,0.0,,IDN
1966,-0.0,0.0,,IDN
1967,-0.0,0.0,,IDN
1968,-0.0,0.0,,IDN
1969,-0.0,0.0,,IDN
1970,-0.0,0.0,,IDN
1971,-0.0,0.0,,IDN
1972,-0.0,0.0,,IDN
1973,-0.0,0.0,,IDN
1974,-0.0,0.0,,IDN
1975,-0.0,0.0,,IDN
1976,-0.0,0.0,,IDN
1977,-0.15238095238095237,0.5079365079365079,0.0,IDN
1978,-0.15238095238095237,0.5079365079365079,0.0,IDN
1979,-0.15238095238095237,0.5079365079365079,0.0,IDN
1980,-0.15238095238095237,0.5079365079365079,0.0,IDN
1981,-0.15238095238095237,0.5079365079365079,0.0,IDN
1982,-0.15238095238095237,0.5079365079365079,0.0,IDN
1983,-0.15238095238095237,0.5079365079365079,0.0,IDN
1984,-0.15238095238095237,0.5079365079365079,0.0,IDN
1985,-0.15238095238095237,0.5079365079365079,0.0,IDN
1986,-0.15238095238095237,0.5079365079365079,0.0,IDN
1987,-0.0,0.0,,IDN
1988,-0.0,0.0,,IDN
1989,-0.0,0.0,,IDN
1990,-0.0,0.0,,IDN
1991,-0.0,0.0,,IDN
1992,-0.15238095238095237,0.5079365079365079,0.0,IDN
1993,-0.15238095238095237,0.5079365079365079,0.0,IDN
1994,-0.15238095238095237,0.5079365079365079,0.0,IDN
1995,-0.15238095238095237,0.5079365079365079,0.0,IDN
1996,-0.15238095238095237,0.5079365079365079,0.0,IDN
1997,-0.15238095238095237,0.5079365079365079,0.0,IDN
1998,-0.7462157827713389,3.0,0.1693121693121693,IDN
1999,-0.7462157827713389,3.0,0.1693121693121693,IDN
2000,-0.7462157827713389,3.0,0.1693121693121693,IDN
2001,-0.7462157827713389,3.0,0.1693121693121693,IDN
2002,-0.7476190476190476,2.492063492063492,0.0,IDN
2003,-0.7476190476190476,2.492063492063492,0.0,IDN
2004,-0.7476190476190476,2.492063492063492,0.0,IDN
2005,-0.7476190476190476,2.492063492063492,0.0,IDN
2006,-0.7476190476190476,2.492063492063492,0.0,IDN
2007,-0.7476190476190476,2.492063492063492,0.0,IDN
2008,-0.7476190476190476,2.492063492063492,0.0,IDN
2009,-0.7476190476190476,2.492063492063492,0.0,IDN
2010,-0.7476190476190476,2.492063492063492,0.0,IDN
2011,-0.7476190476190476,2.492063492063492,0.0,IDN
2012,-0.7476190476190476,2.492063492063492,0.0,IDN
2013,-0.7476190476190476,2.492063492063492,0.0,IDN
2014,-0.7476190476190476,2.492063492063492,0.0,IDN
2015,-0.7476190476190476,2.492063492063492,0.0,IDN
2016,-0.7476190476190476,2.492063492063492,0.0,IDN
2017,-0.7476190476190476,2.492063492063492,0.0,IDN
2018,-0.0,0.0,,IDN
2019,-0.0,0.0,,IDN
2020,-0.0,0.0,,IDN
2021,-0.0,0.0,,IDN
2022,-0.0,0.0,,IDN
2023,-0.0,0.0,,IDN
1948,,,,IND
1949,,,,IND
1950,,,,IND
1951,,,,IND
1952,,,,IND
1953,,,,IND
1954,,,,IND
1955,,,,IND
1956,-0.0,0.0,,IND
1957,-0.0,0.0,,IND
1958,-0.0,0.0,,IND
1959,-0.0,0.0,,IND
1960,-0.0,0.0,,IND
1961,-0.0,0.0,,IND
1962,-0.0,0.0,,IND
1963,-0.0,0.0,,IND
1964,-0.0,0.0,,IND
1965,-0.0,0.0,,IND
1966,-0.0,0.0,,IND
1967,-0.0,0.0,,IND
1968,-0.0,0.0,,IND
1969,-0.0,0.0,,IND
1970,-0.0,0.0,,IND
1971,-0.0,0.0,,IND
1972,-0.0,0.0,,IND
1973,-0.0,0.0,,IND
1974,-0.0,0.0,,IND
1975,-0.0,0.0,,IND
1976,-0.6,2.0,0.0,IND
1977,-0.6,2.0,0.0,IND
1978,-0.6,2.0,0.0,IND
1979,-0.6,2.0,0.0,IND
1980,-0.6,2.0,0.0,IND
1981,-0.6,2.0,0.0,IND
1982,-0.6,2.0,0.0,IND
1983,-0.6,2.0,0.0,IND
1984,-0.6,2.0,0.0,IND
1985,-0.6,2.0,0.0,IND
1986,-0.0,0.0,,IND
1987,-0.0,0.0,,IND
1988,-0.0,0.0,,IND
1989,-0.0,0.0,,IND
1990,-0.0,0.0,,IND
1991,-0.0,0.0,,IND
1992,-0.0,0.0,,IND
1993,-0.0,0.0,,IND
1994,-0.0,0.0,,IND
1995,-0.0,0.0,,IND
1996,-0.0,0.0,,IND
1997,-0.0,0.0,,IND
1998,-0.0,0.0,,IND
1999,-0.0,0.0,,IND
2000,-0.0,0.0,,IND
2001,-0.3,1.0,0.0,IND
2002,-0.3,1.0,0.0,IND
2003,-0.3,1.0,0.0,IND
2004,-0.3,1.0,0.0,IND
2005,-0.4,2.0,0.5,IND
2006,-0.4,2.0,0.5,IND
2007,-0.4,2.0,0.5,IND
2008,-0.4,2.0,0.5,IND
2009,-0.4,2.0,0.5,IND
2010,-0.45825756949558405,3.0,0.6666666666666667,IND
2011,-0.45825756949558405,3.0,0.6666666666666667,IND
2012,-0.45825756949558405,3.0,0.6666666666666667,IND
2013,-0.45825756949558405,3.0,0.6666666666666667,IND
2014,-0.45825756949558405,3.0,0.6666666666666667,IND
2015,-0.4,2.0,0.5,IND
2016,-0.4,2.0,0.5,IND
2017,-0.4,2.0,0.5,IND
2018,-0.4,2.0,0.5,IND
2019,-0.4,2.0,0.5,IND
2020,-0.30000000000000004,1.0,0.0,IND
2021,-0.0,0.0,,IND
2022,-0.0,0.0,,IND
2023,-0.0,0.0,,IND
1948,,,,IRL
1949,,,,IRL
1950,,,,IRL
1951,,,,IRL
1952,,,,IRL
1953,,,,IRL
1954,,,,IRL
1955,,,,IRL
1956,-0.0,0.0,,IRL
1957,-0.0,0.0,,IRL
1958,-0.0,0.0,,IRL
1959,-0.0,0.0,,IRL
1960,-0.0,0.0,,IRL
1961,-0.0,0.0,,IRL
1962,-0.0,0.0,,IRL
1963,-0.0,0.0,,IRL
1964,-0.0,0.0,,IRL
1965,-0.0,0.0,,IRL
1966,-0.0,0.0,,IRL
1967,-0.0,0.0,,IRL
1968,-0.0,0.0,,IRL
1969,-0.0,0.0,,IRL
1970,-0.0,0.0,,IRL
1971,-0.0,0.0,,IRL
1972,-0.15238095238095237,0.5079365079365079,0.0,IRL
1973,-1.637704518432778,6.0,0.08465608465608465,IRL
1974,-1.637704518432778,6.0,0.08465608465608465,IRL
1975,-1.637704518432778,6.0,0.08465608465608465,IRL
1976,-1.637704518432778,6.0,0.08465608465608465,IRL
1977,-1.637704518432778,6.0,0.08465608465608465,IRL
1978,-1.637704518432778,6.0,0.08465608465608465,IRL
1979,-1.637704518432778,6.0,0.08465608465608465,IRL
1980,-1.637704518432778,6.0,0.08465608465608465,IRL
1981,-1.637704518432778,6.0,0.08465608465608465,IRL
1982,-1.6476190476190478,5.492063492063492,0.0,IRL
1983,-0.0,0.0,,IRL
1984,-0.0,0.0,,IRL
1985,-0.0,0.0,,IRL
1986,-0.0,0.0,,IRL
1987,-0.0,0.0,,IRL
1988,-0.0,0.0,,IRL
1989,-0.0,0.0,,IRL
1990,-0.0,0.0,,IRL
1991,-0.0,0.0,,IRL
1992,-0.0,0.0,,IRL
1993,-0.0,0.0,,IRL
1994,-0.0,0.0,,IRL
1995,-0.0,0.0,,IRL
1996,-0.0,0.0,,IRL
1997,-0.0,0.0,,IRL
1998,-0.0,0.0,,IRL
1999,-0.0,0.0,,IRL
2000,-0.0,0.0,,IRL
2001,-0.0,0.0,,IRL
2002,-0.0,0.0,,IRL
2003,-0.0,0.0,,IRL
2004,-0.0,0.0,,IRL
2005,-0.0,0.0,,IRL
2006,-0.0,0.0,,IRL
2007,-0.0,0.0,,IRL
2008,-0.0,0.0,,IRL
2009,-0.0,0.0,,IRL
2010,-0.0,0.0,,IRL
2011,-0.0,0.0,,IRL
2012,-0.0,0.0,,IRL
2013,-0.0,0.0,,IRL
2014,-0.0,0.0,,IRL
2015,-0.0,0.0,,IRL
2016,-0.0,0.0,,IRL
2017,-0.0,0.0,,IRL
2018,-0.0,0.0,,IRL
2019,-0.0,0.0,,IRL
2020,-0.0,0.0,,IRL
2021,-0.0,0.0,,IRL
2022,-0.0,0.0,,IRL
2023,-0.0,0.0,,IRL
1948,,,,IRN
1949,,,,IRN
1950,,,,IRN
1951,,,,IRN
1952,,,,IRN
1953,,,,IRN
1954,,,,IRN
1955,,,,IRN
1956,-0.0,0.0,,IRN
1957,-0.0,0.0,,IRN
1958,-0.0,0.0,,IRN
1959,-0.0,0.0,,IRN
1960,-0.0,0.0,,IRN
1961,-0.0,0.0,,IRN
1962,-0.0,0.0,,IRN
1963,-0.0,0.0,,IRN
1964,-0.0,0.0,,IRN
1965,-0.0,0.0,,IRN
1966,-0.0,0.0,,IRN
1967,-0.0,0.0,,IRN
1968,-0.0,0.0,,IRN
1969,-0.0,0.0,,IRN
1970,-0.0,0.0,,IRN
1971,-0.0,0.0,,IRN
1972,-0.0,0.0,,IRN
1973,-0.0,0.0,,IRN
1974,-0.0,0.0,,IRN
1975,-0.0,0.0,,IRN
1976,-0.0,0.0,,IRN
1977,-0.0,0.0,,IRN
1978,-0.0,0.0,,IRN
1979,-0.0,0.0,,IRN
1980,-0.0,0.0,,IRN
1981,-0.0,0.0,,IRN
1982,-0.0,0.0,,IRN
1983,-0.0,0.0,,IRN
1984,-0.0,0.0,,IRN
1985,-0.0,0.0,,IRN
1986,-0.0,0.0,,IRN
1987,-0.0,0.0,,IRN
1988,-0.0,0.0,,IRN
1989,-0.0,0.0,,IRN
1990,-0.0,0.0,,IRN
1991,-0.0,0.0,,IRN
1992,-0.0,0.0,,IRN
1993,-0.0,0.0,,IRN
1994,-0.0,0.0,,IRN
1995,-0.0,0.0,,IRN
1996,-0.0,0.0,,IRN
1997,-0.0,0.0,,IRN
1998,-0.0,0.0,,IRN
1999,-0.0,0.0,,IRN
2000,-0.0,0.0,,IRN
2001,-0.0,0.0,,IRN
2002,-0.0,0.0,,IRN
2003,-0.0,0.0,,IRN
2004,-0.0,0.0,,IRN
2005,-0.0,0.0,,IRN
2006,-0.2275862068965517,0.7586206896551724,0.0,IRN
2007,-0.2275862068965517,0.7586206896551724,0.0,IRN
2008,-0.2275862068965517,0.7586206896551724,0.0,IRN
2009,-0.2275862068965517,0.7586206896551724,0.0,IRN
2010,-0.22646886988929363,0.8812260536398467,0.13913043478260878,IRN
2011,-0.22456801738256837,0.9713304267406526,0.21898803046789994,IRN
2012,-0.22456801738256837,0.9713304267406526,0.21898803046789994,IRN
2013,-0.22456801738256837,0.9713304267406526,0.21898803046789994,IRN
2014,-0.22456801738256837,0.9713304267406526,0.21898803046789994,IRN
2015,-0.22456801738256837,0.9713304267406526,0.21898803046789994,IRN
2016,-0.04315823224438921,0.21270973708548024,,IRN
2017,-0.04315823224438921,0.21270973708548024,,IRN
2018,-0.04315823224438921,0.21270973708548024,,IRN
2019,-0.30450118309524704,1.2413793103448276,0.17134951042997015,IRN
2020,-0.3067758749797692,1.1187739463601534,0.08053849787435052,IRN
2021,-0.30860087197780417,1.0286695732593474,0.0,IRN
2022,-0.30860087197780417,1.0286695732593474,0.0,IRN
2023,-0.30860087197780417,1.0286695732593474,0.0,IRN
1948,,,,IRQ
1949,,,,IRQ
1950,,,,IRQ
1951,,,,IRQ
1952,,,,IRQ
1953,,,,IRQ
1954,,,,IRQ
1955,,,,IRQ
1956,-0.0,0.0,,IRQ
1957,-0.0,0.0,,IRQ
1958,-0.0,0.0,,IRQ
1959,-0.0,0.0,,IRQ
1960,-0.0,0.0,,IRQ
1961,-0.0,0.0,,IRQ
1962,-0.0,0.0,,IRQ
1963,-0.0,0.0,,IRQ
1964,-0.0,0.0,,IRQ
1965,-0.0,0.0,,IRQ
1966,-0.0,0.0,,IRQ
1967,-0.0,0.0,,IRQ
1968,-0.0,0.0,,IRQ
1969,-0.0,0.0,,IRQ
1970,-0.0,0.0,,IRQ
1971,-0.0,0.0,,IRQ
1972,-0.0,0.0,,IRQ
1973,-0.0,0.0,,IRQ
1974,-0.0,0.0,,IRQ
1975,-0.0,0.0,,IRQ
1976,-0.0,0.0,,IRQ
1977,-0.0,0.0,,IRQ
1978,-0.0,0.0,,IRQ
1979,-0.0,0.0,,IRQ
1980,-0.0,0.0,,IRQ
1981,-0.0,0.0,,IRQ
1982,-0.0,0.0,,IRQ
1983,-0.0,0.0,,IRQ
1984,-0.0,0.0,,IRQ
1985,-0.0,0.0,,IRQ
1986,-0.0,0.0,,IRQ
1987,-0.0,0.0,,IRQ
1988,-0.0,0.0,,IRQ
1989,-0.0,0.0,,IRQ
1990,-0.0,0.0,,IRQ
1991,-0.0,0.0,,IRQ
1992,-0.0,0.0,,IRQ
1993,-0.0,0.0,,IRQ
1994,-0.0,0.0,,IRQ
1995,-0.0,0.0,,IRQ
1996,-0.0,0.0,,IRQ
1997,-0.0,0.0,,IRQ
1998,-0.15238095238095237,0.5079365079365079,0.0,IRQ
1999,-0.15238095238095237,0.5079365079365079,0.0,IRQ
2000,-0.15238095238095237,0.5079365079365079,0.0,IRQ
2001,-0.15238095238095237,0.5079365079365079,0.0,IRQ
2002,-0.15238095238095237,0.5079365079365079,0.0,IRQ
2003,-0.15238095238095237,0.5079365079365079,0.0,IRQ
2004,-0.15238095238095237,0.5079365079365079,0.0,IRQ
2005,-0.15238095238095237,0.5079365079365079,0.0,IRQ
2006,-0.15238095238095237,0.5079365079365079,0.0,IRQ
2007,-0.15238095238095237,0.5079365079365079,0.0,IRQ
2008,-0.0,0.0,,IRQ
2009,-0.0,0.0,,IRQ
2010,-0.0,0.0,,IRQ
2011,-0.0,0.0,,IRQ
2012,-0.0,0.0,,IRQ
2013,-0.0,0.0,,IRQ
2014,-0.0,0.0,,IRQ
2015,-0.0,0.0,,IRQ
2016,-0.0,0.0,,IRQ
2017,-0.0,0.0,,IRQ
2018,-0.0,0.0,,IRQ
2019,-0.0,0.0,,IRQ
2020,-0.0,0.0,,IRQ
2021,-0.0,0.0,,IRQ
2022,-0.0,0.0,,IRQ
2023,-0.0,0.0,,IRQ
1948,,,,ISL
1949,,,,ISL
1950,,,,ISL
1951,,,,ISL
1952,,,,ISL
1953,,,,ISL
1954,,,,ISL
1955,,,,ISL
1956,-0.0,0.0,,ISL
1957,-0.0,0.0,,ISL
1958,-0.0,0.0,,ISL
1959,-0.0,0.0,,ISL
1960,-0.0,0.0,,ISL
1961,-0.0,0.0,,ISL
1962,-0.0,0.0,,ISL
1963,-0.0,0.0,,ISL
1964,-0.0,0.0,,ISL
1965,-0.0,0.0,,ISL
1966,-0.0,0.0,,ISL
1967,-0.0,0.0,,ISL
1968,-0.0,0.0,,ISL
1969,-0.0,0.0,,ISL
1970,-1.8000000000000003,6.0,0.0,ISL
1971,-1.8000000000000003,6.0,0.0,ISL
1972,-1.8000000000000003,6.0,0.0,ISL
1973,-1.8000000000000003,6.0,0.0,ISL
1974,-1.8000000000000003,6.0,0.0,ISL
1975,-1.8000000000000003,6.0,0.0,ISL
1976,-1.8000000000000003,6.0,0.0,ISL
1977,-1.8000000000000003,6.0,0.0,ISL
1978,-1.8000000000000003,6.0,0.0,ISL
1979,-1.8000000000000003,6.0,0.0,ISL
1980,-0.0,0.0,,ISL
1981,-0.0,0.0,,ISL
1982,-0.0,0.0,,ISL
1983,-0.0,0.0,,ISL
1984,-0.0,0.0,,ISL
1985,-0.0,0.0,,ISL
1986,-0.0,0.0,,ISL
1987,-0.0,0.0,,ISL
1988,-0.0,0.0,,ISL
1989,-0.0,0.0,,ISL
1990,-0.0,0.0,,ISL
1991,-0.0,0.0,,ISL
1992,-0.0,0.0,,ISL
1993,-0.0,0.0,,ISL
1994,-0.0,0.0,,ISL
1995,-0.0,0.0,,ISL
1996,-0.0,0.0,,ISL
1997,-0.0,0.0,,ISL
1998,-0.0,0.0,,ISL
1999,-0.0,0.0,,ISL
2000,-0.0,0.0,,ISL
2001,-0.0,0.0,,ISL
2002,-0.0,0.0,,ISL
2003,-0.0,0.0,,ISL
2004,-0.0,0.0,,ISL
2005,-0.0,0.0,,ISL
2006,-0.0,0.0,,ISL
2007,-0.0,0.0,,ISL
2008,-0.0,0.0,,ISL
2009,-0.0,0.0,,ISL
2010,-0.0,0.0,,ISL
2011,-0.0,0.0,,ISL
2012,-0.0,0.0,,ISL
2013,-0.0,0.0,,ISL
2014,-0.0,0.0,,ISL
2015,-0.0,0.0,,ISL
2016,-0.0,0.0,,ISL
2017,-0.0,0.0,,ISL
2018,-0.0,0.0,,ISL
2019,-0.0,0.0,,ISL
2020,-0.0,0.0,,ISL
2021,-0.0,0.0,,ISL
2022,-0.0,0.0,,ISL
2023,-0.0,0.0,,ISL
1948,,,,ISR
1949,,,,ISR
1950,,,,ISR
1951,,,,ISR
1952,,,,ISR
1953,,,,ISR
1954,,,,ISR
1955,,,,ISR
1956,-0.0,0.0,,ISR
1957,-0.0,0.0,,ISR
1958,-0.0,0.0,,ISR
1959,-0.0,0.0,,ISR
1960,-0.0,0.0,,ISR
1961,-0.0,0.0,,ISR
1962,-0.0,0.0,,ISR
1963,-0.0,0.0,,ISR
1964,-0.0,0.0,,ISR
1965,-0.0,0.0,,ISR
1966,-0.0,0.0,,ISR
1967,-0.0,0.0,,ISR
1968,-0.0,0.0,,ISR
1969,-0.0,0.0,,ISR
1970,-0.0,0.0,,ISR
1971,-0.0,0.0,,ISR
1972,-0.0,0.0,,ISR
1973,-0.0,0.0,,ISR
1974,-0.0,0.0,,ISR
1975,-0.0,0.0,,ISR
1976,-0.0,0.0,,ISR
1977,-0.0,0.0,,ISR
1978,-0.0,0.0,,ISR
1979,-0.0,0.0,,ISR
1980,-0.0,0.0,,ISR
1981,-0.0,0.0,,ISR
1982,-0.0,0.0,,ISR
1983,-0.0,0.0,,ISR
1984,-0.0,0.0,,ISR
1985,-1.5,5.0,0.0,ISR
1986,-1.5,5.0,0.0,ISR
1987,-1.5,5.0,0.0,ISR
1988,-1.5,5.0,0.0,ISR
1989,-1.5,5.0,0.0,ISR
1990,-1.5,5.0,0.0,ISR
1991,-1.5,5.0,0.0,ISR
1992,-1.5,5.0,0.0,ISR
1993,-1.5,5.0,0.0,ISR
1994,-1.4910846164230027,5.666666666666666,0.11764705882352933,ISR
1995,-0.19999999999999954,0.6666666666666661,0.0,ISR
1996,-0.19999999999999954,0.6666666666666661,0.0,ISR
1997,-0.2134374745810946,1.0,0.3333333333333339,ISR
1998,-0.2134374745810946,1.0,0.3333333333333339,ISR
1999,-0.2134374745810946,1.0,0.3333333333333339,ISR
2000,-0.2134374745810946,1.0,0.3333333333333339,ISR
2001,-0.2134374745810946,1.0,0.3333333333333339,ISR
2002,-0.2134374745810946,1.0,0.3333333333333339,ISR
2003,-0.2134374745810946,1.0,0.3333333333333339,ISR
2004,-0.09999999999999962,0.3333333333333339,,ISR
2005,-0.09999999999999962,0.3333333333333339,,ISR
2006,-0.09999999999999962,0.3333333333333339,,ISR
2007,-0.0,0.0,,ISR
2008,-0.0,0.0,,ISR
2009,-0.0,0.0,,ISR
2010,-0.0,0.0,,ISR
2011,-0.0,0.0,,ISR
2012,-0.0,0.0,,ISR
2013,-0.0,0.0,,ISR
2014,-0.0,0.0,,ISR
2015,-0.0,0.0,,ISR
2016,-0.0,0.0,,ISR
2017,-0.0,0.0,,ISR
2018,-0.0,0.0,,ISR
2019,-0.0,0.0,,ISR
2020,-0.0,0.0,,ISR
2021,-0.0,0.0,,ISR
2022,-0.0,0.0,,ISR
2023,-0.0,0.0,,ISR
1948,,,,ITA
1949,,,,ITA
1950,,,,ITA
1951,,,,ITA
1952,,,,ITA
1953,,,,ITA
1954,,,,ITA
1955,,,,ITA
1956,-0.0,0.0,,ITA
1957,-0.0,0.0,,ITA
1958,-1.5,5.0,0.0,ITA
1959,-1.5,5.0,0.0,ITA
1960,-1.5,5.0,0.0,ITA
1961,-1.5,5.0,0.0,ITA
1962,-1.5,5.0,0.0,ITA
1963,-1.5,5.0,0.0,ITA
1964,-1.5,5.0,0.0,ITA
1965,-1.5,5.0,0.0,ITA
1966,-1.5,5.0,0.0,ITA
1967,-1.5,5.0,0.0,ITA
1968,-0.0,0.0,,ITA
1969,-0.0,0.0,,ITA
1970,-0.0,0.0,,ITA
1971,-0.0,0.0,,ITA
1972,-0.0,0.0,,ITA
1973,-0.3,1.0,0.0,ITA
1974,-0.3,1.0,0.0,ITA
1975,-0.3,1.0,0.0,ITA
1976,-0.3,1.0,0.0,ITA
1977,-0.3,1.0,0.0,ITA
1978,-0.3,1.0,0.0,ITA
1979,-0.3,1.0,0.0,ITA
1980,-0.3,1.0,0.0,ITA
1981,-0.3,1.0,0.0,ITA
1982,-0.3,1.0,0.0,ITA
1983,-0.0,0.0,,ITA
1984,-0.0,0.0,,ITA
1985,-0.0,0.0,,ITA
1986,-0.0,0.0,,ITA
1987,-0.0,0.0,,ITA
1988,-0.0,0.0,,ITA
1989,-0.0,0.0,,ITA
1990,-0.0,0.0,,ITA
1991,-0.0,0.0,,ITA
1992,-0.0,0.0,,ITA
1993,-0.0,0.0,,ITA
1994,-0.0,0.0,,ITA
1995,-0.0,0.0,,ITA
1996,-0.0,0.0,,ITA
1997,-0.0,0.0,,ITA
1998,-0.0,0.0,,ITA
1999,-0.0,0.0,,ITA
2000,-0.0,0.0,,ITA
2001,-0.0,0.0,,ITA
2002,-0.0,0.0,,ITA
2003,-0.0,0.0,,ITA
2004,-0.0,0.0,,ITA
2005,-0.0,0.0,,ITA
2006,-0.0,0.0,,ITA
2007,-0.0,0.0,,ITA
2008,-0.0,0.0,,ITA
2009,-0.0,0.0,,ITA
2010,-0.0,0.0,,ITA
2011,-0.0,0.0,,ITA
2012,-0.0,0.0,,ITA
2013,-0.0,0.0,,ITA
2014,-0.0,0.0,,ITA
2015,-0.0,0.0,,ITA
2016,-0.0,0.0,,ITA
2017,-0.0,0.0,,ITA
2018,-0.0,0.0,,ITA
2019,-0.0,0.0,,ITA
2020,-0.0,0.0,,ITA
2021,-0.0,0.0,,ITA
2022,-0.0,0.0,,ITA
2023,-0.0,0.0,,ITA
1948,,,,JAM
1949,,,,JAM
1950,,,,JAM
1951,,,,JAM
1952,,,,JAM
1953,,,,JAM
1954,,,,JAM
1955,,,,JAM
1956,-0.0,0.0,,JAM
1957,-0.0,0.0,,JAM
1958,-0.0,0.0,,JAM
1959,-0.0,0.0,,JAM
1960,-0.0,0.0,,JAM
1961,-0.0,0.0,,JAM
1962,-0.0,0.0,,JAM
1963,-0.0,0.0,,JAM
1964,-0.0,0.0,,JAM
1965,-0.0,0.0,,JAM
1966,-0.0,0.0,,JAM
1967,-0.0,0.0,,JAM
1968,-0.0,0.0,,JAM
1969,-0.0,0.0,,JAM
1970,-0.0,0.0,,JAM
1971,-0.0,0.0,,JAM
1972,-0.0,0.0,,JAM
1973,-0.9000000000000001,3.0,0.0,JAM
1974,-0.9000000000000001,3.0,0.0,JAM
1975,-0.9000000000000001,3.0,0.0,JAM
1976,-0.9000000000000001,3.0,0.0,JAM
1977,-0.9000000000000001,3.0,0.0,JAM
1978,-0.9000000000000001,3.0,0.0,JAM
1979,-0.9000000000000001,3.0,0.0,JAM
1980,-0.9000000000000001,3.0,0.0,JAM
1981,-0.9000000000000001,3.0,0.0,JAM
1982,-0.9000000000000001,3.0,0.0,JAM
1983,-0.0,0.0,,JAM
1984,-0.0,0.0,,JAM
1985,-0.0,0.0,,JAM
1986,-0.0,0.0,,JAM
1987,-0.0,0.0,,JAM
1988,-0.0,0.0,,JAM
1989,-0.0,0.0,,JAM
1990,-0.0,0.0,,JAM
1991,-0.0,0.0,,JAM
1992,-0.0,0.0,,JAM
1993,-0.15238095238095237,0.5079365079365079,0.0,JAM
1994,-0.15238095238095237,0.5079365079365079,0.0,JAM
1995,-0.16218223663059314,0.7578735197782818,0.3297872340425533,JAM
1996,-0.16218223663059314,0.7578735197782818,0.3297872340425533,JAM
1997,-0.16218223663059314,0.7578735197782818,0.3297872340425533,JAM
1998,-0.16218223663059314,0.7578735197782818,0.3297872340425533,JAM
1999,-0.16218223663059314,0.7578735197782818,0.3297872340425533,JAM
2000,-0.16218223663059314,0.7578735197782818,0.3297872340425533,JAM
2001,-0.24259098472625348,1.44931127551195,0.5229197706411088,JAM
2002,-0.24259098472625348,1.44931127551195,0.5229197706411088,JAM
2003,-0.21258787233509702,0.941374767575442,0.26550213629105357,JAM
2004,-0.21258787233509702,0.941374767575442,0.26550213629105357,JAM
2005,-0.20625996660427182,0.7455032478585384,0.07252214162738202,JAM
2006,-0.2061273591175552,0.7492559544768653,0.07716748648806693,JAM
2007,-0.2061273591175552,0.7492559544768653,0.07716748648806693,JAM
2008,-0.46978427193832806,2.2421264802217182,0.3341720286907156,JAM
2009,-0.46978427193832806,2.2421264802217182,0.3341720286907156,JAM
2010,-0.46978427193832806,2.2421264802217182,0.3341720286907156,JAM
2011,-0.4462214713410756,1.55068872448805,0.03728549632827538,JAM
2012,-0.4462214713410756,1.55068872448805,0.03728549632827538,JAM
2013,-0.4462214713410756,1.55068872448805,0.03728549632827538,JAM
2014,-0.4462214713410756,1.55068872448805,0.03728549632827538,JAM
2015,-0.4477374654280961,1.4966232323631798,0.0025074491275945965,JAM
2016,-0.4478611577234559,1.492870525744853,0.0,JAM
2017,-0.4478611577234559,1.492870525744853,0.0,JAM
2018,-0.0,0.0,,JAM
2019,-0.0,0.0,,JAM
2020,-0.0,0.0,,JAM
2021,-0.0,0.0,,JAM
2022,-0.0,0.0,,JAM
2023,-0.0,0.0,,JAM
1948,,,,JOR
1949,,,,JOR
1950,,,,JOR
1951,,,,JOR
1952,,,,JOR
1953,,,,JOR
1954,,,,JOR
1955,,,,JOR
1956,-0.0,0.0,,JOR
1957,-0.0,0.0,,JOR
1958,-0.0,0.0,,JOR
1959,-0.0,0.0,,JOR
1960,-0.0,0.0,,JOR
1961,-0.0,0.0,,JOR
1962,-0.0,0.0,,JOR
1963,-0.0,0.0,,JOR
1964,-0.0,0.0,,JOR
1965,-0.0,0.0,,JOR
1966,-0.0,0.0,,JOR
1967,-0.0,0.0,,JOR
1968,-0.0,0.0,,JOR
1969,-0.0,0.0,,JOR
1970,-0.0,0.0,,JOR
1971,-0.0,0.0,,JOR
1972,-0.0,0.0,,JOR
1973,-0.0,0.0,,JOR
1974,-0.0,0.0,,JOR
1975,-0.0,0.0,,JOR
1976,-0.0,0.0,,JOR
1977,-0.0,0.0,,JOR
1978,-0.0,0.0,,JOR
1979,-0.0,0.0,,JOR
1980,-0.0,0.0,,JOR
1981,-0.0,0.0,,JOR
1982,-0.0,0.0,,JOR
1983,-0.0,0.0,,JOR
1984,-0.0,0.0,,JOR
1985,-0.0,0.0,,JOR
1986,-0.0,0.0,,JOR
1987,-0.0,0.0,,JOR
1988,-0.0,0.0,,JOR
1989,-0.0,0.0,,JOR
1990,-0.0,0.0,,JOR
1991,-0.0,0.0,,JOR
1992,-0.0,0.0,,JOR
1993,-0.0,0.0,,JOR
1994,-0.0,0.0,,JOR
1995,-0.0,0.0,,JOR
1996,-0.0,0.0,,JOR
1997,-0.0,0.0,,JOR
1998,-0.15238095238095237,0.5079365079365079,0.0,JOR
1999,-0.20317460317460317,1.0158730158730158,0.5,JOR
2000,-0.20317460317460317,1.0158730158730158,0.5,JOR
2001,-0.6005372584113635,3.015873015873016,0.33684210526315783,JOR
2002,-0.7271058179367658,4.757873519778282,0.5796441431900021,JOR
2003,-0.719959176445489,4.88085839862106,0.5902360124675938,JOR
2004,-0.719959176445489,4.88085839862106,0.5902360124675938,JOR
2005,-0.7160749820911172,4.941374767575442,0.595254338302025,JOR
2006,-0.7160749820911172,4.941374767575442,0.595254338302025,JOR
2007,-0.7160749820911172,4.941374767575442,0.595254338302025,JOR
2008,-0.7311508245795323,4.433438259638934,0.5488828573056788,JOR
2009,-0.7424551748543284,3.925501751702426,0.4905109903128606,JOR
2010,-0.7424551748543284,3.925501751702426,0.4905109903128606,JOR
2011,-0.5160536983594194,1.9841269841269842,0.12203174603174594,JOR
2012,-0.04044985286719044,0.24212648022171823,,JOR
2013,-0.023832072235420013,0.11914160137894036,,JOR
2014,-0.023832072235420013,0.11914160137894036,,JOR
2015,-0.017587569727368045,0.05862523242455797,,JOR
2016,-0.017587569727368045,0.05862523242455797,,JOR
2017,-0.017587569727368045,0.05862523242455797,,JOR
2018,-0.017587569727368045,0.05862523242455797,,JOR
2019,-0.017587569727368045,0.05862523242455797,,JOR
2020,-0.017587569727368045,0.05862523242455797,,JOR
2021,-0.0,0.0,,JOR
2022,-0.0,0.0,,JOR
2023,-0.0,0.0,,JOR
1948,,,,JPN
1949,,,,JPN
1950,,,,JPN
1951,,,,JPN
1952,,,,JPN
1953,,,,JPN
1954,,,,JPN
1955,,,,JPN
1956,-0.0,0.0,,JPN
1957,-0.0,0.0,,JPN
1958,-0.0,0.0,,JPN
1959,-0.0,0.0,,JPN
1960,-0.0,0.0,,JPN
1961,-0.0,0.0,,JPN
1962,-0.0,0.0,,JPN
1963,-0.0,0.0,,JPN
1964,-0.0,0.0,,JPN
1965,-0.0,0.0,,JPN
1966,-0.0,0.0,,JPN
1967,-0.0,0.0,,JPN
1968,-0.0,0.0,,JPN
1969,-0.0,0.0,,JPN
1970,-0.0,0.0,,JPN
1971,-0.0,0.0,,JPN
1972,-0.0,0.0,,JPN
1973,-0.0,0.0,,JPN
1974,-0.0,0.0,,JPN
1975,-0.0,0.0,,JPN
1976,-0.0,0.0,,JPN
1977,-0.0,0.0,,JPN
1978,-0.0,0.0,,JPN
1979,-0.0,0.0,,JPN
1980,-0.0,0.0,,JPN
1981,-0.0,0.0,,JPN
1982,-0.0,0.0,,JPN
1983,-0.0,0.0,,JPN
1984,-0.0,0.0,,JPN
1985,-0.0,0.0,,JPN
1986,-0.0,0.0,,JPN
1987,-0.0,0.0,,JPN
1988,-0.0,0.0,,JPN
1989,-0.0,0.0,,JPN
1990,-0.0,0.0,,JPN
1991,-0.0,0.0,,JPN
1992,-0.0,0.0,,JPN
1993,-0.0,0.0,,JPN
1994,-0.0,0.0,,JPN
1995,-0.0,0.0,,JPN
1996,-0.0,0.0,,JPN
1997,-0.0,0.0,,JPN
1998,-0.0,0.0,,JPN
1999,-0.0,0.0,,JPN
2000,-0.0,0.0,,JPN
2001,-0.0,0.0,,JPN
2002,-1.5,5.0,0.0,JPN
2003,-1.5,5.0,0.0,JPN
2004,-1.5,5.0,0.0,JPN
2005,-1.4966629547095764,6.0,0.16666666666666663,JPN
2006,-1.4966629547095764,6.0,0.16666666666666663,JPN
2007,-1.4966629547095764,6.0,0.16666666666666663,JPN
2008,-1.4966629547095764,6.0,0.16666666666666663,JPN
2009,-1.4966629547095764,6.0,0.16666666666666663,JPN
2010,-1.4966629547095764,6.0,0.16666666666666663,JPN
2011,-1.4966629547095764,6.0,0.16666666666666663,JPN
2012,-0.2999999999999995,1.0,0.0,JPN
2013,-0.2999999999999995,1.0,0.0,JPN
2014,-0.2999999999999995,1.0,0.0,JPN
2015,-0.0,0.0,,JPN
2016,-0.0,0.0,,JPN
2017,-0.0,0.0,,JPN
2018,-0.0,0.0,,JPN
2019,-0.0,0.0,,JPN
2020,-0.0,0.0,,JPN
2021,-0.0,0.0,,JPN
2022,-0.0,0.0,,JPN
2023,-0.0,0.0,,JPN
1948,,,,KAZ
1949,,,,KAZ
1950,,,,KAZ
1951,,,,KAZ
1952,,,,KAZ
1953,,,,KAZ
1954,,,,KAZ
1955,,,,KAZ
1956,-0.0,0.0,,KAZ
1957,-0.0,0.0,,KAZ
1958,-0.0,0.0,,KAZ
1959,-0.0,0.0,,KAZ
1960,-0.0,0.0,,KAZ
1961,-0.0,0.0,,KAZ
1962,-0.0,0.0,,KAZ
1963,-0.0,0.0,,KAZ
1964,-0.0,0.0,,KAZ
1965,-0.0,0.0,,KAZ
1966,-0.0,0.0,,KAZ
1967,-0.0,0.0,,KAZ
1968,-0.0,0.0,,KAZ
1969,-0.0,0.0,,KAZ
1970,-0.0,0.0,,KAZ
1971,-0.0,0.0,,KAZ
1972,-0.0,0.0,,KAZ
1973,-0.0,0.0,,KAZ
1974,-0.0,0.0,,KAZ
1975,-0.0,0.0,,KAZ
1976,-0.0,0.0,,KAZ
1977,-0.0,0.0,,KAZ
1978,-0.0,0.0,,KAZ
1979,-0.0,0.0,,KAZ
1980,-0.0,0.0,,KAZ
1981,-0.0,0.0,,KAZ
1982,-0.0,0.0,,KAZ
1983,-0.0,0.0,,KAZ
1984,-0.0,0.0,,KAZ
1985,-0.0,0.0,,KAZ
1986,-0.0,0.0,,KAZ
1987,-0.0,0.0,,KAZ
1988,-0.0,0.0,,KAZ
1989,-0.0,0.0,,KAZ
1990,-0.0,0.0,,KAZ
1991,-0.0,0.0,,KAZ
1992,-0.0,0.0,,KAZ
1993,-0.3,1.0,0.0,KAZ
1994,-0.9165151389911681,4.0,0.25,KAZ
1995,-0.9165151389911681,4.0,0.25,KAZ
1996,-0.9165151389911681,4.0,0.25,KAZ
1997,-0.9219544457292889,5.0,0.4,KAZ
1998,-0.9219544457292889,5.0,0.4,KAZ
1999,-0.9219544457292889,5.0,0.4,KAZ
2000,-0.9219544457292889,5.0,0.4,KAZ
2001,-0.9219544457292889,5.0,0.4,KAZ
2002,-0.9219544457292889,5.0,0.4,KAZ
2003,-0.9165151389911681,4.0,0.25,KAZ
2004,-0.4000000000000001,2.0,0.5,KAZ
2005,-0.4000000000000001,2.0,0.5,KAZ
2006,-0.4000000000000001,2.0,0.5,KAZ
2007,-0.30000000000000004,1.0,0.0,KAZ
2008,-0.30000000000000004,1.0,0.0,KAZ
2009,-0.30000000000000004,1.0,0.0,KAZ
2010,-0.30000000000000004,1.0,0.0,KAZ
2011,-0.30000000000000004,1.0,0.0,KAZ
2012,-0.30000000000000004,1.0,0.0,KAZ
2013,-0.30000000000000004,1.0,0.0,KAZ
2014,-0.0,0.0,,KAZ
2015,-0.0,0.0,,KAZ
2016,-0.0,0.0,,KAZ
2017,-0.0,0.0,,KAZ
2018,-0.0,0.0,,KAZ
2019,-0.0,0.0,,KAZ
2020,-0.0,0.0,,KAZ
2021,-0.0,0.0,,KAZ
2022,-0.0,0.0,,KAZ
2023,-0.0,0.0,,KAZ
1948,,,,KEN
1949,,,,KEN
1950,,,,KEN
1951,,,,KEN
1952,,,,KEN
1953,,,,KEN
1954,,,,KEN
1955,,,,KEN
1956,-0.0,0.0,,KEN
1957,-0.0,0.0,,KEN
1958,-0.0,0.0,,KEN
1959,-0.0,0.0,,KEN
1960,-0.0,0.0,,KEN
1961,-0.0,0.0,,KEN
1962,-0.0,0.0,,KEN
1963,-0.0,0.0,,KEN
1964,-0.0,0.0,,KEN
1965,-0.0,0.0,,KEN
1966,-0.0,0.0,,KEN
1967,-0.0,0.0,,KEN
1968,-0.0,0.0,,KEN
1969,-0.0,0.0,,KEN
1970,-0.0,0.0,,KEN
1971,-0.73769322235434,2.4589774078478,0.0,KEN
1972,-0.73769322235434,2.4589774078478,0.0,KEN
1973,-0.73769322235434,2.4589774078478,0.0,KEN
1974,-0.73769322235434,2.4589774078478,0.0,KEN
1975,-0.73769322235434,2.4589774078478,0.0,KEN
1976,-0.73769322235434,2.4589774078478,0.0,KEN
1977,-0.73769322235434,2.4589774078478,0.0,KEN
1978,-0.73769322235434,2.4589774078478,0.0,KEN
1979,-0.73769322235434,2.4589774078478,0.0,KEN
1980,-0.73769322235434,2.4589774078478,0.0,KEN
1981,-0.0,0.0,,KEN
1982,-0.05493460166468491,0.18311533888228304,,KEN
1983,-0.05493460166468491,0.18311533888228304,,KEN
1984,-0.05493460166468491,0.18311533888228304,,KEN
1985,-0.05493460166468491,0.18311533888228304,,KEN
1986,-0.05493460166468491,0.18311533888228304,,KEN
1987,-0.05493460166468491,0.18311533888228304,,KEN
1988,-0.05493460166468491,0.18311533888228304,,KEN
1989,-0.05493460166468491,0.18311533888228304,,KEN
1990,-0.05493460166468491,0.18311533888228304,,KEN
1991,-0.05493460166468491,0.18311533888228304,,KEN
1992,-0.0,0.0,,KEN
1993,-0.0,0.0,,KEN
1994,-0.38989298454221194,1.299643281807373,0.0,KEN
1995,-0.38989298454221194,1.299643281807373,0.0,KEN
1996,-0.38989298454221194,1.299643281807373,0.0,KEN
1997,-0.38989298454221194,1.299643281807373,0.0,KEN
1998,-0.38989298454221194,1.299643281807373,0.0,KEN
1999,-0.38989298454221194,1.299643281807373,0.0,KEN
2000,-0.3886431238924941,1.3438435360203371,0.03289092295957219,KEN
2001,-0.3886431238924941,1.3438435360203371,0.03289092295957219,KEN
2002,-0.3886431238924941,1.3438435360203371,0.03289092295957219,KEN
2003,-0.3886431238924941,1.3438435360203371,0.03289092295957219,KEN
2004,-0.01326007626389063,0.04420025421296403,,KEN
2005,-0.01326007626389063,0.04420025421296403,,KEN
2006,-0.01326007626389063,0.04420025421296403,,KEN
2007,-0.01326007626389063,0.04420025421296403,,KEN
2008,-0.01326007626389063,0.04420025421296403,,KEN
2009,-0.01326007626389063,0.04420025421296403,,KEN
2010,-0.0,0.0,,KEN
2011,-0.0,0.0,,KEN
2012,-0.0,0.0,,KEN
2013,-0.0,0.0,,KEN
2014,-0.0,0.0,,KEN
2015,-0.0,0.0,,KEN
2016,-0.0,0.0,,KEN
2017,-0.0,0.0,,KEN
2018,-0.0,0.0,,KEN
2019,-0.0,0.0,,KEN
2020,-0.004219115174873967,0.014063717249579888,,KEN
2021,-0.004219115174873967,0.014063717249579888,,KEN
2022,-0.004219115174873967,0.014063717249579888,,KEN
2023,-0.004219115174873967,0.014063717249579888,,KEN
1948,,,,KGZ
1949,,,,KGZ
1950,,,,KGZ
1951,,,,KGZ
1952,,,,KGZ
1953,,,,KGZ
1954,,,,KGZ
1955,,,,KGZ
1956,-0.0,0.0,,KGZ
1957,-0.0,0.0,,KGZ
1958,-0.0,0.0,,KGZ
1959,-0.0,0.0,,KGZ
1960,-0.0,0.0,,KGZ
1961,-0.0,0.0,,KGZ
1962,-0.0,0.0,,KGZ
1963,-0.0,0.0,,KGZ
1964,-0.0,0.0,,KGZ
1965,-0.0,0.0,,KGZ
1966,-0.0,0.0,,KGZ
1967,-0.0,0.0,,KGZ
1968,-0.0,0.0,,KGZ
1969,-0.0,0.0,,KGZ
1970,-0.0,0.0,,KGZ
1971,-0.0,0.0,,KGZ
1972,-0.0,0.0,,KGZ
1973,-0.0,0.0,,KGZ
1974,-0.0,0.0,,KGZ
1975,-0.0,0.0,,KGZ
1976,-0.0,0.0,,KGZ
1977,-0.0,0.0,,KGZ
1978,-0.0,0.0,,KGZ
1979,-0.0,0.0,,KGZ
1980,-0.0,0.0,,KGZ
1981,-0.0,0.0,,KGZ
1982,-0.0,0.0,,KGZ
1983,-0.0,0.0,,KGZ
1984,-0.0,0.0,,KGZ
1985,-0.0,0.0,,KGZ
1986,-0.0,0.0,,KGZ
1987,-0.0,0.0,,KGZ
1988,-0.0,0.0,,KGZ
1989,-0.0,0.0,,KGZ
1990,-0.0,0.0,,KGZ
1991,-0.0,0.0,,KGZ
1992,-0.0,0.0,,KGZ
1993,-0.3,1.0,0.0,KGZ
1994,-0.35584135197649047,1.7586206896551724,0.43137254901960786,KGZ
1995,-0.7070563318162665,4.0,0.43965517241379315,KGZ
1996,-0.7070563318162665,4.0,0.43965517241379315,KGZ
1997,-0.7140928905691992,5.0,0.5517241379310345,KGZ
1998,-0.7140928905691992,5.0,0.5517241379310345,KGZ
1999,-0.7140928905691992,5.0,0.5517241379310345,KGZ
2000,-0.7140928905691992,5.0,0.5517241379310345,KGZ
2001,-0.7140928905691992,5.0,0.5517241379310345,KGZ
2002,-0.7140928905691992,5.0,0.5517241379310345,KGZ
2003,-0.7070563318162665,4.0,0.43965517241379315,KGZ
2004,-0.7052040293056119,3.2413793103448274,0.3085106382978724,KGZ
2005,-0.30000000000000004,1.0,0.0,KGZ
2006,-0.30000000000000004,1.0,0.0,KGZ
2007,-0.0,0.0,,KGZ
2008,-0.0,0.0,,KGZ
2009,-0.0,0.0,,KGZ
2010,-0.0,0.0,,KGZ
2011,-0.0,0.0,,KGZ
2012,-0.3356321839080459,0.0,,KGZ
2013,-0.5003309191034011,1.118773946360153,0.0,KGZ
2014,-0.5003309191034011,1.118773946360153,0.0,KGZ
2015,-0.5833789751189651,2.118773946360153,0.4719710669077758,KGZ
2016,-0.5833789751189651,2.118773946360153,0.4719710669077758,KGZ
2017,-0.5833789751189651,2.118773946360153,0.4719710669077758,KGZ
2018,-0.5833789751189651,2.118773946360153,0.4719710669077758,KGZ
2019,-0.5833789751189651,2.118773946360153,0.4719710669077758,KGZ
2020,-0.5833789751189651,2.118773946360153,0.4719710669077758,KGZ
2021,-0.5833789751189651,2.118773946360153,0.4719710669077758,KGZ
2022,-0.42458625030455394,2.118773946360153,0.4719710669077758,KGZ
2023,-0.30000000000000004,1.0,0.0,KGZ
1948,,,,KHM
1949,,,,KHM
1950,,,,KHM
1951,,,,KHM
1952,,,,KHM
1953,,,,KHM
1954,,,,KHM
1955,,,,KHM
1956,-0.0,0.0,,KHM
1957,-0.0,0.0,,KHM
1958,-0.0,0.0,,KHM
1959,-0.0,0.0,,KHM
1960,-0.0,0.0,,KHM
1961,-0.0,0.0,,KHM
1962,-0.0,0.0,,KHM
1963,-0.0,0.0,,KHM
1964,-0.0,0.0,,KHM
1965,-0.0,0.0,,KHM
1966,-0.0,0.0,,KHM
1967,-0.0,0.0,,KHM
1968,-0.0,0.0,,KHM
1969,-0.0,0.0,,KHM
1970,-0.0,0.0,,KHM
1971,-0.0,0.0,,KHM
1972,-0.0,0.0,,KHM
1973,-0.0,0.0,,KHM
1974,-0.0,0.0,,KHM
1975,-0.0,0.0,,KHM
1976,-0.0,0.0,,KHM
1977,-0.0,0.0,,KHM
1978,-0.0,0.0,,KHM
1979,-0.0,0.0,,KHM
1980,-0.0,0.0,,KHM
1981,-0.0,0.0,,KHM
1982,-0.0,0.0,,KHM
1983,-0.0,0.0,,KHM
1984,-0.0,0.0,,KHM
1985,-0.0,0.0,,KHM
1986,-0.0,0.0,,KHM
1987,-0.0,0.0,,KHM
1988,-0.0,0.0,,KHM
1989,-0.0,0.0,,KHM
1990,-0.0,0.0,,KHM
1991,-0.0,0.0,,KHM
1992,-0.0,0.0,,KHM
1993,-0.0,0.0,,KHM
1994,-0.0,0.0,,KHM
1995,-0.0,0.0,,KHM
1996,-0.0,0.0,,KHM
1997,-0.0,0.0,,KHM
1998,-0.9000000000000001,3.0,0.0,KHM
1999,-0.9000000000000001,3.0,0.0,KHM
2000,-0.9000000000000001,3.0,0.0,KHM
2001,-0.9000000000000001,3.0,0.0,KHM
2002,-0.9000000000000001,3.0,0.0,KHM
2003,-0.9000000000000001,3.0,0.0,KHM
2004,-0.9000000000000001,3.0,0.0,KHM
2005,-0.9000000000000001,3.0,0.0,KHM
2006,-0.9000000000000001,3.0,0.0,KHM
2007,-0.9000000000000001,3.0,0.0,KHM
2008,-0.2632016632016632,0.8773388773388775,0.0,KHM
2009,-0.2616809616121755,1.0,0.1226611226611225,KHM
2010,-0.37212487913370274,2.0,0.5,KHM
2011,-0.37212487913370274,2.0,0.5,KHM
2012,-0.37212487913370274,2.0,0.5,KHM
2013,-0.37212487913370274,2.0,0.5,KHM
2014,-0.37212487913370274,2.0,0.5,KHM
2015,-0.37212487913370274,2.0,0.5,KHM
2016,-0.37212487913370274,2.0,0.5,KHM
2017,-0.37212487913370274,2.0,0.5,KHM
2018,-0.29816253141181465,1.1226611226611225,0.10925925925925917,KHM
2019,-0.3,1.0,0.0,KHM
2020,-0.0,0.0,,KHM
2021,-0.0,0.0,,KHM
2022,-0.0,0.0,,KHM
2023,-0.0,0.0,,KHM
1948,,,,KIR
1949,,,,KIR
1950,,,,KIR
1951,,,,KIR
1952,,,,KIR
1953,,,,KIR
1954,,,,KIR
1955,,,,KIR
1956,-0.0,0.0,,KIR
1957,-0.0,0.0,,KIR
1958,-0.0,0.0,,KIR
1959,-0.0,0.0,,KIR
1960,-0.0,0.0,,KIR
1961,-0.0,0.0,,KIR
1962,-0.0,0.0,,KIR
1963,-0.0,0.0,,KIR
1964,-0.0,0.0,,KIR
1965,-0.0,0.0,,KIR
1966,-0.0,0.0,,KIR
1967,-0.0,0.0,,KIR
1968,-0.0,0.0,,KIR
1969,-0.0,0.0,,KIR
1970,-0.0,0.0,,KIR
1971,-0.0,0.0,,KIR
1972,-0.0,0.0,,KIR
1973,-0.0,0.0,,KIR
1974,-0.0,0.0,,KIR
1975,-0.0,0.0,,KIR
1976,-0.0,0.0,,KIR
1977,-0.0,0.0,,KIR
1978,-0.0,0.0,,KIR
1979,-0.0,0.0,,KIR
1980,-0.0,0.0,,KIR
1981,-0.15238095238095237,0.5079365079365079,0.0,KIR
1982,-0.15238095238095237,0.5079365079365079,0.0,KIR
1983,-0.15238095238095237,0.5079365079365079,0.0,KIR
1984,-0.15238095238095237,0.5079365079365079,0.0,KIR
1985,-0.15238095238095237,0.5079365079365079,0.0,KIR
1986,-0.15238095238095237,0.5079365079365079,0.0,KIR
1987,-0.15238095238095237,0.5079365079365079,0.0,KIR
1988,-0.15238095238095237,0.5079365079365079,0.0,KIR
1989,-0.15238095238095237,0.5079365079365079,0.0,KIR
1990,-0.15238095238095237,0.5079365079365079,0.0,KIR
1991,-0.0,0.0,,KIR
1992,-0.0,0.0,,KIR
1993,-0.0,0.0,,KIR
1994,-0.0,0.0,,KIR
1995,-0.0,0.0,,KIR
1996,-0.0,0.0,,KIR
1997,-0.0,0.0,,KIR
1998,-0.0,0.0,,KIR
1999,-0.0,0.0,,KIR
2000,-0.0,0.0,,KIR
2001,-0.0,0.0,,KIR
2002,-0.0,0.0,,KIR
2003,-0.6,2.0,0.0,KIR
2004,-0.6,2.0,0.0,KIR
2005,-0.6,2.0,0.0,KIR
2006,-0.6,2.0,0.0,KIR
2007,-0.6,2.0,0.0,KIR
2008,-0.6,2.0,0.0,KIR
2009,-0.6,2.0,0.0,KIR
2010,-0.6,2.0,0.0,KIR
2011,-0.6,2.0,0.0,KIR
2012,-0.6,2.0,0.0,KIR
2013,-0.0,0.0,,KIR
2014,-0.0,0.0,,KIR
2015,-0.0,0.0,,KIR
2016,-0.0,0.0,,KIR
2017,-0.0,0.0,,KIR
2018,-0.0,0.0,,KIR
2019,-0.0,0.0,,KIR
2020,-0.7476190476190476,2.492063492063492,0.0,KIR
2021,-0.7476190476190476,2.492063492063492,0.0,KIR
2022,-0.7476190476190476,2.492063492063492,0.0,KIR
2023,-0.7476190476190476,2.492063492063492,0.0,KIR
1948,,,,KNA
1949,,,,KNA
1950,,,,KNA
1951,,,,KNA
1952,,,,KNA
1953,,,,KNA
1954,,,,KNA
1955,,,,KNA
1956,-0.0,0.0,,KNA
1957,-0.0,0.0,,KNA
1958,-0.0,0.0,,KNA
1959,-0.0,0.0,,KNA
1960,-0.0,0.0,,KNA
1961,-0.0,0.0,,KNA
1962,-0.0,0.0,,KNA
1963,-0.0,0.0,,KNA
1964,-0.0,0.0,,KNA
1965,-0.0,0.0,,KNA
1966,-0.0,0.0,,KNA
1967,-0.0,0.0,,KNA
1968,-0.15238095238095237,0.5079365079365079,0.0,KNA
1969,-0.15238095238095237,0.5079365079365079,0.0,KNA
1970,-0.15238095238095237,0.5079365079365079,0.0,KNA
1971,-0.15238095238095237,0.5079365079365079,0.0,KNA
1972,-0.15238095238095237,0.5079365079365079,0.0,KNA
1973,-0.2594394213280809,1.2665571975916805,0.40103716508210885,KNA
1974,-0.6802002797219433,3.507936507936508,0.36105476673427994,KNA
1975,-0.6802002797219433,3.507936507936508,0.36105476673427994,KNA
1976,-0.6802002797219433,3.507936507936508,0.36105476673427994,KNA
1977,-0.6802002797219433,3.507936507936508,0.36105476673427994,KNA
1978,-0.6855134253692442,3.0,0.25287356321839083,KNA
1979,-0.6855134253692442,3.0,0.25287356321839083,KNA
1980,-0.6855134253692442,3.0,0.25287356321839083,KNA
1981,-0.6855134253692442,3.0,0.25287356321839083,KNA
1982,-0.6855134253692442,3.0,0.25287356321839083,KNA
1983,-0.6724137931034482,2.2413793103448274,0.0,KNA
1984,-0.0,0.0,,KNA
1985,-0.0,0.0,,KNA
1986,-0.0,0.0,,KNA
1987,-0.0,0.0,,KNA
1988,-0.0,0.0,,KNA
1989,-0.0,0.0,,KNA
1990,-0.0,0.0,,KNA
1991,-0.0,0.0,,KNA
1992,-0.0,0.0,,KNA
1993,-0.07498110355253215,0.24993701184177386,,KNA
1994,-0.07498110355253215,0.24993701184177386,,KNA
1995,-0.07980395770711726,0.3729218906845513,,KNA
1996,-0.07980395770711726,0.3729218906845513,,KNA
1997,-0.07980395770711726,0.3729218906845513,,KNA
1998,-0.07980395770711726,0.3729218906845513,,KNA
1999,-0.07980395770711726,0.3729218906845513,,KNA
2000,-0.07980395770711726,0.3729218906845513,,KNA
2001,-0.1847051970528602,0.9711526634101375,0.3839992461896372,KNA
2002,-0.1847051970528602,0.9711526634101375,0.3839992461896372,KNA
2003,-0.1791619759472156,0.7212156515683636,0.17052441745452018,KNA
2004,-0.1791619759472156,0.7212156515683636,0.17052441745452018,KNA
2005,-0.1787584978954828,0.6248344275806814,0.04257712712486539,KNA
2006,-0.17869479971300886,0.626680997503986,0.0453982566755885,KNA
2007,-0.17869479971300886,0.626680997503986,0.0453982566755885,KNA
2008,-0.46227197223683025,2.119141601378941,0.2957239842284254,KNA
2009,-0.46227197223683025,2.119141601378941,0.2957239842284254,KNA
2010,-0.46227197223683025,2.119141601378941,0.2957239842284254,KNA
2011,-0.4468593563437407,1.5209108286533546,0.018706043932628313,KNA
2012,-0.4468593563437407,1.5209108286533546,0.018706043932628313,KNA
2013,-0.4468593563437407,1.5209108286533546,0.018706043932628313,KNA
2014,-0.4468593563437407,1.5209108286533546,0.018706043932628313,KNA
2015,-0.4476769673517706,1.4943071737982594,0.0012357365043030866,KNA
2016,-0.4477381811624865,1.4924606038749548,0.0,KNA
2017,-0.4477381811624865,1.4924606038749548,0.0,KNA
2018,-0.0,0.0,,KNA
2019,-0.0,0.0,,KNA
2020,-0.0,0.0,,KNA
2021,-0.0,0.0,,KNA
2022,-0.0,0.0,,KNA
2023,-0.0,0.0,,KNA
1948,,,,KOR
1949,,,,KOR
1950,,,,KOR
1951,,,,KOR
1952,,,,KOR
1953,,,,KOR
1954,,,,KOR
1955,,,,KOR
1956,-0.0,0.0,,KOR
1957,-0.0,0.0,,KOR
1958,-0.0,0.0,,KOR
1959,-0.0,0.0,,KOR
1960,-0.0,0.0,,KOR
1961,-0.0,0.0,,KOR
1962,-0.0,0.0,,KOR
1963,-0.0,0.0,,KOR
1964,-0.0,0.0,,KOR
1965,-0.0,0.0,,KOR
1966,-0.0,0.0,,KOR
1967,-0.0,0.0,,KOR
1968,-0.0,0.0,,KOR
1969,-0.0,0.0,,KOR
1970,-0.0,0.0,,KOR
1971,-0.0,0.0,,KOR
1972,-0.0,0.0,,KOR
1973,-0.0,0.0,,KOR
1974,-0.0,0.0,,KOR
1975,-0.0,0.0,,KOR
1976,-0.6,2.0,0.0,KOR
1977,-0.6,2.0,0.0,KOR
1978,-0.6,2.0,0.0,KOR
1979,-0.6,2.0,0.0,KOR
1980,-0.6,2.0,0.0,KOR
1981,-0.6,2.0,0.0,KOR
1982,-0.6,2.0,0.0,KOR
1983,-0.6,2.0,0.0,KOR
1984,-0.6,2.0,0.0,KOR
1985,-0.6,2.0,0.0,KOR
1986,-0.0,0.0,,KOR
1987,-0.0,0.0,,KOR
1988,-0.0,0.0,,KOR
1989,-0.0,0.0,,KOR
1990,-0.0,0.0,,KOR
1991,-0.0,0.0,,KOR
1992,-0.0,0.0,,KOR
1993,-0.0,0.0,,KOR
1994,-0.0,0.0,,KOR
1995,-0.0,0.0,,KOR
1996,-0.0,0.0,,KOR
1997,-0.0,0.0,,KOR
1998,-0.0,0.0,,KOR
1999,-0.0,0.0,,KOR
2000,-0.0,0.0,,KOR
2001,-0.0,0.0,,KOR
2002,-0.0,0.0,,KOR
2003,-0.0,0.0,,KOR
2004,-1.2,4.0,0.0,KOR
2005,-1.2,4.0,0.0,KOR
2006,-1.2,4.0,0.0,KOR
2007,-1.2,4.0,0.0,KOR
2008,-1.2,4.0,0.0,KOR
2009,-1.2,4.0,0.0,KOR
2010,-1.2,4.0,0.0,KOR
2011,-1.2,4.0,0.0,KOR
2012,-1.2,4.0,0.0,KOR
2013,-1.2,4.0,0.0,KOR
2014,-0.0,0.0,,KOR
2015,-0.0,0.0,,KOR
2016,-0.0,0.0,,KOR
2017,-0.0,0.0,,KOR
2018,-0.0,0.0,,KOR
2019,-0.0,0.0,,KOR
2020,-0.0,0.0,,KOR
2021,-0.0,0.0,,KOR
2022,-0.0,0.0,,KOR
2023,-0.0,0.0,,KOR
1948,,,,KWT
1949,,,,KWT
1950,,,,KWT
1951,,,,KWT
1952,,,,KWT
1953,,,,KWT
1954,,,,KWT
1955,,,,KWT
1956,-0.0,0.0,,KWT
1957,-0.0,0.0,,KWT
1958,-0.0,0.0,,KWT
1959,-0.0,0.0,,KWT
1960,-0.0,0.0,,KWT
1961,-0.0,0.0,,KWT
1962,-0.0,0.0,,KWT
1963,-0.0,0.0,,KWT
1964,-0.0,0.0,,KWT
1965,-0.0,0.0,,KWT
1966,-0.0,0.0,,KWT
1967,-0.0,0.0,,KWT
1968,-0.0,0.0,,KWT
1969,-0.0,0.0,,KWT
1970,-0.0,0.0,,KWT
1971,-0.0,0.0,,KWT
1972,-0.0,0.0,,KWT
1973,-0.0,0.0,,KWT
1974,-0.0,0.0,,KWT
1975,-0.0,0.0,,KWT
1976,-0.0,0.0,,KWT
1977,-0.0,0.0,,KWT
1978,-0.0,0.0,,KWT
1979,-0.0,0.0,,KWT
1980,-0.0,0.0,,KWT
1981,-0.0,0.0,,KWT
1982,-0.0,0.0,,KWT
1983,-0.0,0.0,,KWT
1984,-0.0,0.0,,KWT
1985,-0.0,0.0,,KWT
1986,-0.0,0.0,,KWT
1987,-0.0,0.0,,KWT
1988,-0.0,0.0,,KWT
1989,-0.0,0.0,,KWT
1990,-0.0,0.0,,KWT
1991,-0.0,0.0,,KWT
1992,-0.0,0.0,,KWT
1993,-0.0,0.0,,KWT
1994,-0.0,0.0,,KWT
1995,-0.0,0.0,,KWT
1996,-0.0,0.0,,KWT
1997,-0.0,0.0,,KWT
1998,-0.15238095238095237,0.5079365079365079,0.0,KWT
1999,-0.15238095238095237,0.5079365079365079,0.0,KWT
2000,-0.15238095238095237,0.5079365079365079,0.0,KWT
2001,-0.15238095238095237,0.5079365079365079,0.0,KWT
2002,-0.15238095238095237,0.5079365079365079,0.0,KWT
2003,-0.7462157827713389,3.0,0.1693121693121693,KWT
2004,-0.7462157827713389,3.0,0.1693121693121693,KWT
2005,-0.7462157827713389,3.0,0.1693121693121693,KWT
2006,-0.7462157827713389,3.0,0.1693121693121693,KWT
2007,-0.7462157827713389,3.0,0.1693121693121693,KWT
2008,-0.7476190476190476,2.492063492063492,0.0,KWT
2009,-0.8652047936505735,4.246741246741247,0.4131821678620551,KWT
2010,-0.8652047936505735,4.246741246741247,0.4131821678620551,KWT
2011,-0.8652047936505735,4.246741246741247,0.4131821678620551,KWT
2012,-0.8652047936505735,4.246741246741247,0.4131821678620551,KWT
2013,-0.6107144600756892,3.0,0.415107415107415,KWT
2014,-0.6107144600756892,3.0,0.415107415107415,KWT
2015,-0.6107144600756892,3.0,0.415107415107415,KWT
2016,-0.6107144600756892,3.0,0.415107415107415,KWT
2017,-0.6107144600756892,3.0,0.415107415107415,KWT
2018,-0.6107144600756892,3.0,0.415107415107415,KWT
2019,-0.37359667359667353,1.245322245322245,0.0,KWT
2020,-0.37359667359667353,1.245322245322245,0.0,KWT
2021,-0.37359667359667353,1.245322245322245,0.0,KWT
2022,-0.37359667359667353,1.245322245322245,0.0,KWT
2023,-0.0,0.0,,KWT
1948,,,,LAO
1949,,,,LAO
1950,,,,LAO
1951,,,,LAO
1952,,,,LAO
1953,,,,LAO
1954,,,,LAO
1955,,,,LAO
1956,-0.0,0.0,,LAO
1957,-0.0,0.0,,LAO
1958,-0.0,0.0,,LAO
1959,-0.0,0.0,,LAO
1960,-0.0,0.0,,LAO
1961,-0.0,0.0,,LAO
1962,-0.0,0.0,,LAO
1963,-0.0,0.0,,LAO
1964,-0.0,0.0,,LAO
1965,-0.0,0.0,,LAO
1966,-0.0,0.0,,LAO
1967,-0.0,0.0,,LAO
1968,-0.0,0.0,,LAO
1969,-0.0,0.0,,LAO
1970,-0.0,0.0,,LAO
1971,-0.0,0.0,,LAO
1972,-0.0,0.0,,LAO
1973,-0.0,0.0,,LAO
1974,-0.0,0.0,,LAO
1975,-0.0,0.0,,LAO
1976,-0.6,2.0,0.0,LAO
1977,-0.6,2.0,0.0,LAO
1978,-0.6,2.0,0.0,LAO
1979,-0.6,2.0,0.0,LAO
1980,-0.6,2.0,0.0,LAO
1981,-0.6,2.0,0.0,LAO
1982,-0.6,2.0,0.0,LAO
1983,-0.6,2.0,0.0,LAO
1984,-0.6,2.0,0.0,LAO
1985,-0.6,2.0,0.0,LAO
1986,-0.0,0.0,,LAO
1987,-0.0,0.0,,LAO
1988,-0.0,0.0,,LAO
1989,-0.0,0.0,,LAO
1990,-0.0,0.0,,LAO
1991,-0.0,0.0,,LAO
1992,-0.0,0.0,,LAO
1993,-0.0,0.0,,LAO
1994,-0.0,0.0,,LAO
1995,-0.0,0.0,,LAO
1996,-0.0,0.0,,LAO
1997,-0.0,0.0,,LAO
1998,-0.6,2.0,0.0,LAO
1999,-0.6,2.0,0.0,LAO
2000,-0.6,2.0,0.0,LAO
2001,-0.6,2.0,0.0,LAO
2002,-0.6,2.0,0.0,LAO
2003,-0.6,2.0,0.0,LAO
2004,-0.6,2.0,0.0,LAO
2005,-0.6024138895568941,2.507936507936508,0.20253164556962022,LAO
2006,-0.6024138895568941,2.507936507936508,0.20253164556962022,LAO
2007,-0.6024138895568941,2.507936507936508,0.20253164556962022,LAO
2008,-0.15238095238095248,0.5079365079365079,0.0,LAO
2009,-0.15238095238095248,0.5079365079365079,0.0,LAO
2010,-0.20003149159981107,1.0,0.4920634920634921,LAO
2011,-0.20003149159981107,1.0,0.4920634920634921,LAO
2012,-0.20003149159981107,1.0,0.4920634920634921,LAO
2013,-0.20003149159981107,1.0,0.4920634920634921,LAO
2014,-0.20003149159981107,1.0,0.4920634920634921,LAO
2015,-0.14761904761904773,0.4920634920634921,,LAO
2016,-0.14761904761904773,0.4920634920634921,,LAO
2017,-0.14761904761904773,0.4920634920634921,,LAO
2018,-0.14761904761904773,0.4920634920634921,,LAO
2019,-0.14761904761904773,0.4920634920634921,,LAO
2020,-0.0,0.0,,LAO
2021,-0.0,0.0,,LAO
2022,-0.0,0.0,,LAO
2023,-0.0,0.0,,LAO
1948,,,,LBN
1949,,,,LBN
1950,,,,LBN
1951,,,,LBN
1952,,,,LBN
1953,,,,LBN
1954,,,,LBN
1955,,,,LBN
1956,-0.0,0.0,,LBN
1957,-0.0,0.0,,LBN
1958,-0.0,0.0,,LBN
1959,-0.0,0.0,,LBN
1960,-0.0,0.0,,LBN
1961,-0.0,0.0,,LBN
1962,-0.0,0.0,,LBN
1963,-0.0,0.0,,LBN
1964,-0.0,0.0,,LBN
1965,-0.0,0.0,,LBN
1966,-0.0,0.0,,LBN
1967,-0.0,0.0,,LBN
1968,-0.0,0.0,,LBN
1969,-0.0,0.0,,LBN
1970,-0.0,0.0,,LBN
1971,-0.0,0.0,,LBN
1972,-0.0,0.0,,LBN
1973,-0.0,0.0,,LBN
1974,-0.0,0.0,,LBN
1975,-0.0,0.0,,LBN
1976,-0.0,0.0,,LBN
1977,-0.0,0.0,,LBN
1978,-0.0,0.0,,LBN
1979,-0.0,0.0,,LBN
1980,-0.0,0.0,,LBN
1981,-0.0,0.0,,LBN
1982,-0.0,0.0,,LBN
1983,-0.0,0.0,,LBN
1984,-0.0,0.0,,LBN
1985,-0.0,0.0,,LBN
1986,-0.0,0.0,,LBN
1987,-0.0,0.0,,LBN
1988,-0.0,0.0,,LBN
1989,-0.0,0.0,,LBN
1990,-0.0,0.0,,LBN
1991,-0.0,0.0,,LBN
1992,-0.0,0.0,,LBN
1993,-0.0,0.0,,LBN
1994,-0.0,0.0,,LBN
1995,-0.0,0.0,,LBN
1996,-0.0,0.0,,LBN
1997,-0.0,0.0,,LBN
1998,-0.15238095238095237,0.5079365079365079,0.0,LBN
1999,-0.15238095238095237,0.5079365079365079,0.0,LBN
2000,-0.15238095238095237,0.5079365079365079,0.0,LBN
2001,-0.15238095238095237,0.5079365079365079,0.0,LBN
2002,-0.15238095238095237,0.5079365079365079,0.0,LBN
2003,-0.15238095238095237,0.5079365079365079,0.0,LBN
2004,-0.7394498421193404,2.9769630566090743,0.17062237531260316,LBN
2005,-0.7394498421193404,2.9769630566090743,0.17062237531260316,LBN
2006,-0.733453844855343,3.4139589059316524,0.27678492427582946,LBN
2007,-0.8092322342558292,4.994455598701778,0.505646511440737,LBN
2008,-0.8229302468042057,4.48651909076527,0.44967880472087285,LBN
2009,-0.8229302468042057,4.48651909076527,0.44967880472087285,LBN
2010,-0.8229302468042057,4.48651909076527,0.44967880472087285,LBN
2011,-0.8229302468042057,4.48651909076527,0.44967880472087285,LBN
2012,-0.8229302468042057,4.48651909076527,0.44967880472087285,LBN
2013,-0.8226825737426348,4.4910821820992055,0.4502379496608314,LBN
2014,-0.477502365598093,2.022055633426639,0.2183713115292647,LBN
2015,-0.477502365598093,2.022055633426639,0.2183713115292647,LBN
2016,-0.47399885714434237,1.585059784104061,0.002878813392211854,LBN
2017,-0.0013689274002074777,0.004563091333935176,,LBN
2018,-0.0013689274002074777,0.004563091333935176,,LBN
2019,-0.0013689274002074777,0.004563091333935176,,LBN
2020,-0.0013689274002074777,0.004563091333935176,,LBN
2021,-0.0013689274002074777,0.004563091333935176,,LBN
2022,-0.0013689274002074777,0.004563091333935176,,LBN
2023,-8.584751892066791e-09,0.0,,LBN
1948,,,,LBR
1949,,,,LBR
1950,,,,LBR
1951,,,,LBR
1952,,,,LBR
1953,,,,LBR
1954,,,,LBR
1955,,,,LBR
1956,-0.0,0.0,,LBR
1957,-0.0,0.0,,LBR
1958,-0.0,0.0,,LBR
1959,-0.0,0.0,,LBR
1960,-0.0,0.0,,LBR
1961,-0.0,0.0,,LBR
1962,-0.0,0.0,,LBR
1963,-0.0,0.0,,LBR
1964,-0.0,0.0,,LBR
1965,-0.0,0.0,,LBR
1966,-0.0,0.0,,LBR
1967,-0.0,0.0,,LBR
1968,-0.0,0.0,,LBR
1969,-0.0,0.0,,LBR
1970,-0.0,0.0,,LBR
1971,-0.0,0.0,,LBR
1972,-0.0,0.0,,LBR
1973,-0.0,0.0,,LBR
1974,-0.0,0.0,,LBR
1975,-0.0,0.0,,LBR
1976,-0.0,0.0,,LBR
1977,-0.0,0.0,,LBR
1978,-0.0,0.0,,LBR
1979,-0.0,0.0,,LBR
1980,-0.0,0.0,,LBR
1981,-0.0,0.0,,LBR
1982,-0.0,0.0,,LBR
1983,-0.0,0.0,,LBR
1984,-0.0,0.0,,LBR
1985,-0.0,0.0,,LBR
1986,-0.0,0.0,,LBR
1987,-0.0,0.0,,LBR
1988,-0.0,0.0,,LBR
1989,-0.0,0.0,,LBR
1990,-0.0,0.0,,LBR
1991,-0.0,0.0,,LBR
1992,-0.0,0.0,,LBR
1993,-0.6,2.0,0.0,LBR
1994,-0.6176169152341549,2.7586206896551726,0.275,LBR
1995,-0.6176169152341549,2.7586206896551726,0.275,LBR
1996,-0.6176169152341549,2.7586206896551726,0.275,LBR
1997,-0.6176169152341549,2.7586206896551726,0.275,LBR
1998,-0.6176169152341549,2.7586206896551726,0.275,LBR
1999,-0.6176169152341549,2.7586206896551726,0.275,LBR
2000,-0.6176169152341549,2.7586206896551726,0.275,LBR
2001,-0.6176169152341549,2.7586206896551726,0.275,LBR
2002,-0.6176169152341549,2.7586206896551726,0.275,LBR
2003,-0.22758620689655185,0.7586206896551726,0.0,LBR
2004,-0.0,0.0,,LBR
2005,-0.0,0.0,,LBR
2006,-0.0,0.0,,LBR
2007,-0.0,0.0,,LBR
2008,-0.0,0.0,,LBR
2009,-0.0,0.0,,LBR
2010,-0.0,0.0,,LBR
2011,-0.0,0.0,,LBR
2012,-0.0,0.0,,LBR
2013,-0.0,0.0,,LBR
2014,-0.0,0.0,,LBR
2015,-0.0,0.0,,LBR
2016,-0.0,0.0,,LBR
2017,-0.0,0.0,,LBR
2018,-0.0,0.0,,LBR
2019,-0.0,0.0,,LBR
2020,-0.07241379310344823,0.2413793103448274,,LBR
2021,-0.07241379310344823,0.2413793103448274,,LBR
2022,-0.07241379310344823,0.2413793103448274,,LBR
2023,-0.07241379310344823,0.2413793103448274,,LBR
1948,,,,LBY
1949,,,,LBY
1950,,,,LBY
1951,,,,LBY
1952,,,,LBY
1953,,,,LBY
1954,,,,LBY
1955,,,,LBY
1956,-0.0,0.0,,LBY
1957,-0.0,0.0,,LBY
1958,-0.0,0.0,,LBY
1959,-0.0,0.0,,LBY
1960,-0.0,0.0,,LBY
1961,-0.0,0.0,,LBY
1962,-0.0,0.0,,LBY
1963,-0.0,0.0,,LBY
1964,-0.0,0.0,,LBY
1965,-0.0,0.0,,LBY
1966,-0.0,0.0,,LBY
1967,-0.0,0.0,,LBY
1968,-0.0,0.0,,LBY
1969,-0.0,0.0,,LBY
1970,-0.0,0.0,,LBY
1971,-0.0,0.0,,LBY
1972,-0.0,0.0,,LBY
1973,-0.0,0.0,,LBY
1974,-0.0,0.0,,LBY
1975,-0.0,0.0,,LBY
1976,-0.0,0.0,,LBY
1977,-0.0,0.0,,LBY
1978,-0.0,0.0,,LBY
1979,-0.0,0.0,,LBY
1980,-0.0,0.0,,LBY
1981,-0.0,0.0,,LBY
1982,-0.0,0.0,,LBY
1983,-0.0,0.0,,LBY
1984,-0.0,0.0,,LBY
1985,-0.0,0.0,,LBY
1986,-0.0,0.0,,LBY
1987,-0.0,0.0,,LBY
1988,-0.0,0.0,,LBY
1989,-0.2275862068965517,0.7586206896551724,0.0,LBY
1990,-0.2275862068965517,0.7586206896551724,0.0,LBY
1991,-0.2275862068965517,0.7586206896551724,0.0,LBY
1992,-0.2275862068965517,0.7586206896551724,0.0,LBY
1993,-0.2275862068965517,0.7586206896551724,0.0,LBY
1994,-0.30344827586206896,1.5172413793103448,0.5,LBY
1995,-0.30344827586206896,1.5172413793103448,0.5,LBY
1996,-0.30344827586206896,1.5172413793103448,0.5,LBY
1997,-0.30344827586206896,1.5172413793103448,0.5,LBY
1998,-0.3160499406962688,2.0251778872468527,0.6254054054054055,LBY
1999,-0.25943942132808084,1.2665571975916803,0.40103716508210885,LBY
2000,-0.25943942132808084,1.2665571975916803,0.40103716508210885,LBY
2001,-0.25943942132808084,1.2665571975916803,0.40103716508210885,LBY
2002,-0.25943942132808084,1.2665571975916803,0.40103716508210885,LBY
2003,-0.25943942132808084,1.2665571975916803,0.40103716508210885,LBY
2004,-0.15238095238095237,0.5079365079365079,0.0,LBY
2005,-0.15238095238095237,0.5079365079365079,0.0,LBY
2006,-0.15238095238095237,0.5079365079365079,0.0,LBY
2007,-0.15238095238095237,0.5079365079365079,0.0,LBY
2008,-0.0,0.0,,LBY
2009,-0.520032840722496,1.73344280240832,0.0,LBY
2010,-0.520032840722496,1.73344280240832,0.0,LBY
2011,-0.520032840722496,1.73344280240832,0.0,LBY
2012,-0.520032840722496,1.73344280240832,0.0,LBY
2013,-0.520032840722496,1.73344280240832,0.0,LBY
2014,-0.520032840722496,1.73344280240832,0.0,LBY
2015,-0.520032840722496,1.73344280240832,0.0,LBY
2016,-0.520032840722496,1.73344280240832,0.0,LBY
2017,-0.520032840722496,1.73344280240832,0.0,LBY
2018,-0.520032840722496,1.73344280240832,0.0,LBY
2019,-0.0,0.0,,LBY
2020,-0.07241379310344823,0.2413793103448274,,LBY
2021,-0.07241379310344823,0.2413793103448274,,LBY
2022,-0.07241379310344823,0.2413793103448274,,LBY
2023,-0.07241379310344823,0.2413793103448274,,LBY
1948,,,,LCA
1949,,,,LCA
1950,,,,LCA
1951,,,,LCA
1952,,,,LCA
1953,,,,LCA
1954,,,,LCA
1955,,,,LCA
1956,-0.0,0.0,,LCA
1957,-0.0,0.0,,LCA
1958,-0.0,0.0,,LCA
1959,-0.0,0.0,,LCA
1960,-0.0,0.0,,LCA
1961,-0.0,0.0,,LCA
1962,-0.0,0.0,,LCA
1963,-0.0,0.0,,LCA
1964,-0.0,0.0,,LCA
1965,-0.0,0.0,,LCA
1966,-0.0,0.0,,LCA
1967,-0.0,0.0,,LCA
1968,-0.15238095238095237,0.5079365079365079,0.0,LCA
1969,-0.15238095238095237,0.5079365079365079,0.0,LCA
1970,-0.15238095238095237,0.5079365079365079,0.0,LCA
1971,-0.15238095238095237,0.5079365079365079,0.0,LCA
1972,-0.15238095238095237,0.5079365079365079,0.0,LCA
1973,-0.2594394213280809,1.2665571975916805,0.40103716508210885,LCA
1974,-0.6802002797219433,3.507936507936508,0.36105476673427994,LCA
1975,-0.6802002797219433,3.507936507936508,0.36105476673427994,LCA
1976,-0.6802002797219433,3.507936507936508,0.36105476673427994,LCA
1977,-0.6802002797219433,3.507936507936508,0.36105476673427994,LCA
1978,-0.6855134253692442,3.0,0.25287356321839083,LCA
1979,-0.6855134253692442,3.0,0.25287356321839083,LCA
1980,-0.6855134253692442,3.0,0.25287356321839083,LCA
1981,-0.6855134253692442,3.0,0.25287356321839083,LCA
1982,-0.6855134253692442,3.0,0.25287356321839083,LCA
1983,-0.6724137931034482,2.2413793103448274,0.0,LCA
1984,-0.0,0.0,,LCA
1985,-0.0,0.0,,LCA
1986,-0.0,0.0,,LCA
1987,-0.0,0.0,,LCA
1988,-0.0,0.0,,LCA
1989,-0.0,0.0,,LCA
1990,-0.0,0.0,,LCA
1991,-0.0,0.0,,LCA
1992,-0.0,0.0,,LCA
1993,-0.07498110355253215,0.24993701184177386,,LCA
1994,-0.07498110355253215,0.24993701184177386,,LCA
1995,-0.07980395770711726,0.3729218906845513,,LCA
1996,-0.07980395770711726,0.3729218906845513,,LCA
1997,-0.07980395770711726,0.3729218906845513,,LCA
1998,-0.07980395770711726,0.3729218906845513,,LCA
1999,-0.07980395770711726,0.3729218906845513,,LCA
2000,-0.07980395770711726,0.3729218906845513,,LCA
2001,-0.1847051970528602,0.9711526634101375,0.3839992461896372,LCA
2002,-0.1847051970528602,0.9711526634101375,0.3839992461896372,LCA
2003,-0.1791619759472156,0.7212156515683636,0.17052441745452018,LCA
2004,-0.1791619759472156,0.7212156515683636,0.17052441745452018,LCA
2005,-0.1787584978954828,0.6248344275806814,0.04257712712486539,LCA
2006,-0.17869479971300886,0.626680997503986,0.0453982566755885,LCA
2007,-0.17869479971300886,0.626680997503986,0.0453982566755885,LCA
2008,-0.46227197223683025,2.119141601378941,0.2957239842284254,LCA
2009,-0.46227197223683025,2.119141601378941,0.2957239842284254,LCA
2010,-0.46227197223683025,2.119141601378941,0.2957239842284254,LCA
2011,-0.4468593563437407,1.5209108286533546,0.018706043932628313,LCA
2012,-0.4468593563437407,1.5209108286533546,0.018706043932628313,LCA
2013,-0.4468593563437407,1.5209108286533546,0.018706043932628313,LCA
2014,-0.4468593563437407,1.5209108286533546,0.018706043932628313,LCA
2015,-0.4476769673517706,1.4943071737982594,0.0012357365043030866,LCA
2016,-0.4477381811624865,1.4924606038749548,0.0,LCA
2017,-0.4477381811624865,1.4924606038749548,0.0,LCA
2018,-0.0,0.0,,LCA
2019,-0.0,0.0,,LCA
2020,-0.0,0.0,,LCA
2021,-0.0,0.0,,LCA
2022,-0.0,0.0,,LCA
2023,-0.0,0.0,,LCA
1948,,,,LIE
1949,,,,LIE
1950,,,,LIE
1951,,,,LIE
1952,,,,LIE
1953,,,,LIE
1954,,,,LIE
1955,,,,LIE
1956,-0.0,0.0,,LIE
1957,-0.0,0.0,,LIE
1958,-0.0,0.0,,LIE
1959,-0.0,0.0,,LIE
1960,-0.0,0.0,,LIE
1961,-0.0,0.0,,LIE
1962,-0.0,0.0,,LIE
1963,-0.0,0.0,,LIE
1964,-0.0,0.0,,LIE
1965,-0.0,0.0,,LIE
1966,-0.0,0.0,,LIE
1967,-0.0,0.0,,LIE
1968,-0.0,0.0,,LIE
1969,-0.0,0.0,,LIE
1970,-0.0,0.0,,LIE
1971,-0.0,0.0,,LIE
1972,-0.0,0.0,,LIE
1973,-0.0,0.0,,LIE
1974,-0.0,0.0,,LIE
1975,-0.0,0.0,,LIE
1976,-0.0,0.0,,LIE
1977,-0.0,0.0,,LIE
1978,-0.0,0.0,,LIE
1979,-0.0,0.0,,LIE
1980,-0.0,0.0,,LIE
1981,-0.0,0.0,,LIE
1982,-0.0,0.0,,LIE
1983,-0.0,0.0,,LIE
1984,-0.0,0.0,,LIE
1985,-0.0,0.0,,LIE
1986,-0.0,0.0,,LIE
1987,-0.0,0.0,,LIE
1988,-0.0,0.0,,LIE
1989,-0.0,0.0,,LIE
1990,-0.0,0.0,,LIE
1991,-1.8000000000000003,6.0,0.0,LIE
1992,-1.8000000000000003,6.0,0.0,LIE
1993,-1.8000000000000003,6.0,0.0,LIE
1994,-1.8000000000000003,6.0,0.0,LIE
1995,-1.8000000000000003,6.0,0.0,LIE
1996,-1.8000000000000003,6.0,0.0,LIE
1997,-1.8000000000000003,6.0,0.0,LIE
1998,-1.8000000000000003,6.0,0.0,LIE
1999,-1.8000000000000003,6.0,0.0,LIE
2000,-1.8000000000000003,6.0,0.0,LIE
2001,-0.0,0.0,,LIE
2002,-0.0,0.0,,LIE
2003,-0.0,0.0,,LIE
2004,-0.0,0.0,,LIE
2005,-0.0,0.0,,LIE
2006,-0.0,0.0,,LIE
2007,-0.0,0.0,,LIE
2008,-0.0,0.0,,LIE
2009,-0.0,0.0,,LIE
2010,-0.0,0.0,,LIE
2011,-0.0,0.0,,LIE
2012,-0.0,0.0,,LIE
2013,-0.0,0.0,,LIE
2014,-0.0,0.0,,LIE
2015,-0.0,0.0,,LIE
2016,-0.0,0.0,,LIE
2017,-0.0,0.0,,LIE
2018,-0.0,0.0,,LIE
2019,-0.0,0.0,,LIE
2020,-0.0,0.0,,LIE
2021,-0.0,0.0,,LIE
2022,-0.0,0.0,,LIE
2023,-0.0,0.0,,LIE
1948,,,,LKA
1949,,,,LKA
1950,,,,LKA
1951,,,,LKA
1952,,,,LKA
1953,,,,LKA
1954,,,,LKA
1955,,,,LKA
1956,-0.0,0.0,,LKA
1957,-0.0,0.0,,LKA
1958,-0.0,0.0,,LKA
1959,-0.0,0.0,,LKA
1960,-0.0,0.0,,LKA
1961,-0.0,0.0,,LKA
1962,-0.0,0.0,,LKA
1963,-0.0,0.0,,LKA
1964,-0.0,0.0,,LKA
1965,-0.0,0.0,,LKA
1966,-0.0,0.0,,LKA
1967,-0.0,0.0,,LKA
1968,-0.0,0.0,,LKA
1969,-0.0,0.0,,LKA
1970,-0.0,0.0,,LKA
1971,-0.0,0.0,,LKA
1972,-0.0,0.0,,LKA
1973,-0.0,0.0,,LKA
1974,-0.0,0.0,,LKA
1975,-0.0,0.0,,LKA
1976,-0.6,2.0,0.0,LKA
1977,-0.6,2.0,0.0,LKA
1978,-0.6,2.0,0.0,LKA
1979,-0.6,2.0,0.0,LKA
1980,-0.6,2.0,0.0,LKA
1981,-0.6,2.0,0.0,LKA
1982,-0.6,2.0,0.0,LKA
1983,-0.6,2.0,0.0,LKA
1984,-0.6,2.0,0.0,LKA
1985,-0.6,2.0,0.0,LKA
1986,-0.0,0.0,,LKA
1987,-0.0,0.0,,LKA
1988,-0.0,0.0,,LKA
1989,-0.0,0.0,,LKA
1990,-0.0,0.0,,LKA
1991,-0.0,0.0,,LKA
1992,-0.0,0.0,,LKA
1993,-0.0,0.0,,LKA
1994,-0.0,0.0,,LKA
1995,-0.0,0.0,,LKA
1996,-0.0,0.0,,LKA
1997,-0.0,0.0,,LKA
1998,-0.0,0.0,,LKA
1999,-0.0,0.0,,LKA
2000,-0.0,0.0,,LKA
2001,-0.3,1.0,0.0,LKA
2002,-0.3,1.0,0.0,LKA
2003,-0.3,1.0,0.0,LKA
2004,-0.3,1.0,0.0,LKA
2005,-0.3,1.0,0.0,LKA
2006,-0.3210315007749176,1.507936507936508,0.33684210526315783,LKA
2007,-0.3210315007749176,1.507936507936508,0.33684210526315783,LKA
2008,-0.3210315007749176,1.507936507936508,0.33684210526315783,LKA
2009,-0.3210315007749176,1.507936507936508,0.33684210526315783,LKA
2010,-0.3210315007749176,1.507936507936508,0.33684210526315783,LKA
2011,-0.15238095238095245,0.5079365079365079,0.0,LKA
2012,-0.15238095238095245,0.5079365079365079,0.0,LKA
2013,-0.1621822366305932,0.7578735197782818,0.3297872340425533,LKA
2014,-0.1621822366305932,0.7578735197782818,0.3297872340425533,LKA
2015,-0.1621822366305932,0.7578735197782818,0.3297872340425533,LKA
2016,-0.07498110355253235,0.24993701184177386,,LKA
2017,-0.07498110355253235,0.24993701184177386,,LKA
2018,-0.5503240734681892,2.095226946891506,0.1192887539999341,LKA
2019,-0.5503240734681892,2.095226946891506,0.1192887539999341,LKA
2020,-0.5503240734681892,2.095226946891506,0.1192887539999341,LKA
2021,-0.5503240734681892,2.095226946891506,0.1192887539999341,LKA
2022,-0.5503240734681892,2.095226946891506,0.1192887539999341,LKA
2023,-0.5535869805149196,1.845289935049732,0.0,LKA
1948,,,,LSO
1949,,,,LSO
1950,,,,LSO
1951,,,,LSO
1952,,,,LSO
1953,,,,LSO
1954,,,,LSO
1955,,,,LSO
1956,-0.0,0.0,,LSO
1957,-0.0,0.0,,LSO
1958,-0.0,0.0,,LSO
1959,-0.0,0.0,,LSO
1960,-0.0,0.0,,LSO
1961,-0.0,0.0,,LSO
1962,-0.0,0.0,,LSO
1963,-0.0,0.0,,LSO
1964,-0.0,0.0,,LSO
1965,-0.0,0.0,,LSO
1966,-0.0,0.0,,LSO
1967,-0.0,0.0,,LSO
1968,-0.0,0.0,,LSO
1969,-0.0,0.0,,LSO
1970,-0.15238095238095237,0.5079365079365079,0.0,LSO
1971,-0.15238095238095237,0.5079365079365079,0.0,LSO
1972,-0.15238095238095237,0.5079365079365079,0.0,LSO
1973,-0.15238095238095237,0.5079365079365079,0.0,LSO
1974,-0.15238095238095237,0.5079365079365079,0.0,LSO
1975,-0.15238095238095237,0.5079365079365079,0.0,LSO
1976,-0.15238095238095237,0.5079365079365079,0.0,LSO
1977,-0.15238095238095237,0.5079365079365079,0.0,LSO
1978,-0.15238095238095237,0.5079365079365079,0.0,LSO
1979,-0.15238095238095237,0.5079365079365079,0.0,LSO
1980,-0.0,0.0,,LSO
1981,-0.0,0.0,,LSO
1982,-0.11198686371100165,0.37328954570333883,,LSO
1983,-0.11198686371100165,0.37328954570333883,,LSO
1984,-0.11198686371100165,0.37328954570333883,,LSO
1985,-0.11198686371100165,0.37328954570333883,,LSO
1986,-0.11198686371100165,0.37328954570333883,,LSO
1987,-0.11198686371100165,0.37328954570333883,,LSO
1988,-0.11198686371100165,0.37328954570333883,,LSO
1989,-0.11198686371100165,0.37328954570333883,,LSO
1990,-0.11198686371100165,0.37328954570333883,,LSO
1991,-0.11198686371100165,0.37328954570333883,,LSO
1992,-0.0,0.0,,LSO
1993,-0.0,0.0,,LSO
1994,-0.635632183908046,2.1187739463601534,0.0,LSO
1995,-0.635632183908046,2.1187739463601534,0.0,LSO
1996,-0.635632183908046,2.1187739463601534,0.0,LSO
1997,-0.9275716356938504,2.1187739463601534,0.0,LSO
1998,-0.9275716356938504,2.1187739463601534,0.0,LSO
1999,-0.9275716356938504,2.1187739463601534,0.0,LSO
2000,-1.1077582410947637,4.1474435196195,0.4891373598369011,LSO
2001,-1.1077582410947637,4.1474435196195,0.4891373598369011,LSO
2002,-1.1077582410947637,4.1474435196195,0.4891373598369011,LSO
2003,-1.1077582410947637,4.1474435196195,0.4891373598369011,LSO
2004,-0.9072486139386781,2.0286695732593474,0.0,LSO
2005,-0.9072486139386781,2.0286695732593474,0.0,LSO
2006,-0.9072486139386781,2.0286695732593474,0.0,LSO
2007,-0.6086008719778042,2.0286695732593474,0.0,LSO
2008,-0.6479364397122273,3.0286695732593474,0.3301779794102251,LSO
2009,-0.6479364397122273,3.0286695732593474,0.3301779794102251,LSO
2010,-0.3000000000000002,1.0,0.0,LSO
2011,-0.3000000000000002,1.0,0.0,LSO
2012,-0.3000000000000002,1.0,0.0,LSO
2013,-0.3000000000000002,1.0,0.0,LSO
2014,-0.3000000000000002,1.0,0.0,LSO
2015,-0.3000000000000002,1.0,0.0,LSO
2016,-0.4000000000000002,2.0,0.5,LSO
2017,-0.4000000000000002,2.0,0.5,LSO
2018,-0.3000000000000002,1.0,0.0,LSO
2019,-0.3000000000000002,1.0,0.0,LSO
2020,-0.3000000000000002,1.0,0.0,LSO
2021,-0.3000000000000002,1.0,0.0,LSO
2022,-0.3000000000000002,1.0,0.0,LSO
2023,-0.3000000000000002,1.0,0.0,LSO
1948,,,,LTU
1949,,,,LTU
1950,,,,LTU
1951,,,,LTU
1952,,,,LTU
1953,,,,LTU
1954,,,,LTU
1955,,,,LTU
1956,-0.0,0.0,,LTU
1957,-0.0,0.0,,LTU
1958,-0.0,0.0,,LTU
1959,-0.0,0.0,,LTU
1960,-0.0,0.0,,LTU
1961,-0.0,0.0,,LTU
1962,-0.0,0.0,,LTU
1963,-0.0,0.0,,LTU
1964,-0.0,0.0,,LTU
1965,-0.0,0.0,,LTU
1966,-0.0,0.0,,LTU
1967,-0.0,0.0,,LTU
1968,-0.0,0.0,,LTU
1969,-0.0,0.0,,LTU
1970,-0.0,0.0,,LTU
1971,-0.0,0.0,,LTU
1972,-0.0,0.0,,LTU
1973,-0.0,0.0,,LTU
1974,-0.0,0.0,,LTU
1975,-0.0,0.0,,LTU
1976,-0.0,0.0,,LTU
1977,-0.0,0.0,,LTU
1978,-0.0,0.0,,LTU
1979,-0.0,0.0,,LTU
1980,-0.0,0.0,,LTU
1981,-0.0,0.0,,LTU
1982,-0.0,0.0,,LTU
1983,-0.0,0.0,,LTU
1984,-0.0,0.0,,LTU
1985,-0.0,0.0,,LTU
1986,-0.0,0.0,,LTU
1987,-0.0,0.0,,LTU
1988,-0.0,0.0,,LTU
1989,-0.0,0.0,,LTU
1990,-0.0,0.0,,LTU
1991,-0.0,0.0,,LTU
1992,-0.30476190476190473,1.0158730158730158,0.0,LTU
1993,-0.35940959629461205,1.7737465356512976,0.42727272727272736,LTU
1994,-0.35841630259365653,2.146668426335849,0.5267676165494217,LTU
1995,-0.40653425136232646,3.0677318681786936,0.6688520837135165,LTU
1996,-0.3957364187417444,3.2674110669696383,0.6890893141231882,LTU
1997,-0.38119815703376064,3.709823424637861,0.7261667471485704,LTU
1998,-0.5382131898005154,5.453914375476339,0.6802129936837977,LTU
1999,-0.5382131898005154,5.453914375476339,0.6802129936837977,LTU
2000,-0.53821298710644,5.4539163757421445,0.6802131109681435,LTU
2001,-0.53821298710644,5.4539163757421445,0.6802131109681435,LTU
2002,-0.5356893534351371,4.438044344126906,0.6070136268136834,LTU
2003,-0.53926786128957,3.6834697536923784,0.5265086813621398,LTU
2004,-0.5418136398409819,3.853331573664151,0.5473810344382033,LTU
2005,-0.5207935407863818,2.9322681318213064,0.40520754841230067,LTU
2006,-0.5277786231760295,2.7325889330303617,0.3617441212043804,LTU
2007,-0.5302817562066937,2.290176575362139,0.2384469522562076,LTU
2008,-0.16272802111575405,0.5460856245236609,0.006046513072408888,LTU
2009,-0.16272802111575405,0.5460856245236609,0.006046513072408888,LTU
2010,-0.1627280882396681,0.5460836242578555,0.00604287229088063,LTU
2011,-0.1627280882396681,0.5460836242578555,0.00604287229088063,LTU
2012,-0.16272812126910252,0.546082640000078,0.0060410807854164306,LTU
2013,-0.1628351131968971,0.542783710656324,0.0,LTU
2014,-0.0,0.0,,LTU
2015,-0.0,0.0,,LTU
2016,-0.0,0.0,,LTU
2017,-0.0,0.0,,LTU
2018,-0.0,0.0,,LTU
2019,-0.0,0.0,,LTU
2020,-0.0,0.0,,LTU
2021,-0.0,0.0,,LTU
2022,-0.0,0.0,,LTU
2023,-0.0,0.0,,LTU
1948,,,,LUX
1949,,,,LUX
1950,,,,LUX
1951,,,,LUX
1952,,,,LUX
1953,,,,LUX
1954,,,,LUX
1955,,,,LUX
1956,-0.0,0.0,,LUX
1957,-0.0,0.0,,LUX
1958,-1.5,5.0,0.0,LUX
1959,-1.5,5.0,0.0,LUX
1960,-1.4910846164230027,5.666666666666666,0.11764705882352933,LUX
1961,-1.4910846164230027,5.666666666666666,0.11764705882352933,LUX
1962,-1.4910846164230027,5.666666666666666,0.11764705882352933,LUX
1963,-1.4910846164230027,5.666666666666666,0.11764705882352933,LUX
1964,-1.4910846164230027,5.666666666666666,0.11764705882352933,LUX
1965,-1.4910846164230027,5.666666666666666,0.11764705882352933,LUX
1966,-1.4910846164230027,5.666666666666666,0.11764705882352933,LUX
1967,-1.4910846164230027,5.666666666666666,0.11764705882352933,LUX
1968,-0.19999999999999954,0.6666666666666661,0.0,LUX
1969,-0.19999999999999954,0.6666666666666661,0.0,LUX
1970,-0.0,0.0,,LUX
1971,-0.0,0.0,,LUX
1972,-0.0,0.0,,LUX
1973,-0.10000000000000017,0.3333333333333339,,LUX
1974,-0.10000000000000017,0.3333333333333339,,LUX
1975,-0.10000000000000017,0.3333333333333339,,LUX
1976,-0.10000000000000017,0.3333333333333339,,LUX
1977,-0.10000000000000017,0.3333333333333339,,LUX
1978,-0.10000000000000017,0.3333333333333339,,LUX
1979,-0.10000000000000017,0.3333333333333339,,LUX
1980,-0.10000000000000017,0.3333333333333339,,LUX
1981,-0.10000000000000017,0.3333333333333339,,LUX
1982,-0.10000000000000017,0.3333333333333339,,LUX
1983,-0.0,0.0,,LUX
1984,-0.0,0.0,,LUX
1985,-0.0,0.0,,LUX
1986,-0.0,0.0,,LUX
1987,-0.0,0.0,,LUX
1988,-0.0,0.0,,LUX
1989,-0.0,0.0,,LUX
1990,-0.0,0.0,,LUX
1991,-0.0,0.0,,LUX
1992,-0.0,0.0,,LUX
1993,-0.0,0.0,,LUX
1994,-0.0,0.0,,LUX
1995,-0.0,0.0,,LUX
1996,-0.0,0.0,,LUX
1997,-0.0,0.0,,LUX
1998,-0.0,0.0,,LUX
1999,-0.0,0.0,,LUX
2000,-0.0,0.0,,LUX
2001,-0.0,0.0,,LUX
2002,-0.0,0.0,,LUX
2003,-0.0,0.0,,LUX
2004,-0.0,0.0,,LUX
2005,-0.0,0.0,,LUX
2006,-0.0,0.0,,LUX
2007,-0.0,0.0,,LUX
2008,-0.0,0.0,,LUX
2009,-0.0,0.0,,LUX
2010,-0.0,0.0,,LUX
2011,-0.0,0.0,,LUX
2012,-0.0,0.0,,LUX
2013,-0.0,0.0,,LUX
2014,-0.0,0.0,,LUX
2015,-0.0,0.0,,LUX
2016,-0.0,0.0,,LUX
2017,-0.0,0.0,,LUX
2018,-0.0,0.0,,LUX
2019,-0.0,0.0,,LUX
2020,-0.0,0.0,,LUX
2021,-0.0,0.0,,LUX
2022,-0.0,0.0,,LUX
2023,-0.0,0.0,,LUX
1948,,,,LVA
1949,,,,LVA
1950,,,,LVA
1951,,,,LVA
1952,,,,LVA
1953,,,,LVA
1954,,,,LVA
1955,,,,LVA
1956,-0.0,0.0,,LVA
1957,-0.0,0.0,,LVA
1958,-0.0,0.0,,LVA
1959,-0.0,0.0,,LVA
1960,-0.0,0.0,,LVA
1961,-0.0,0.0,,LVA
1962,-0.0,0.0,,LVA
1963,-0.0,0.0,,LVA
1964,-0.0,0.0,,LVA
1965,-0.0,0.0,,LVA
1966,-0.0,0.0,,LVA
1967,-0.0,0.0,,LVA
1968,-0.0,0.0,,LVA
1969,-0.0,0.0,,LVA
1970,-0.0,0.0,,LVA
1971,-0.0,0.0,,LVA
1972,-0.0,0.0,,LVA
1973,-0.0,0.0,,LVA
1974,-0.0,0.0,,LVA
1975,-0.0,0.0,,LVA
1976,-0.0,0.0,,LVA
1977,-0.0,0.0,,LVA
1978,-0.0,0.0,,LVA
1979,-0.0,0.0,,LVA
1980,-0.0,0.0,,LVA
1981,-0.0,0.0,,LVA
1982,-0.0,0.0,,LVA
1983,-0.0,0.0,,LVA
1984,-0.0,0.0,,LVA
1985,-0.0,0.0,,LVA
1986,-0.0,0.0,,LVA
1987,-0.0,0.0,,LVA
1988,-0.0,0.0,,LVA
1989,-0.0,0.0,,LVA
1990,-0.0,0.0,,LVA
1991,-0.0,0.0,,LVA
1992,-0.3797430083144369,1.2658100277147897,0.0,LVA
1993,-0.43787760977490625,2.146668426335849,0.41033742697031117,LVA
1994,-0.43253012482646475,2.457121807132005,0.48484034285941036,LVA
1995,-0.46106909075243363,3.3283797417823053,0.6196918242757468,LVA
1996,-0.44796031920254903,3.764259798442458,0.6637293663315839,LVA
1997,-0.4478692055093766,3.765345382397241,0.6638263162703815,LVA
1998,-0.5714937508103375,5.438801957224934,0.6923115443457792,LVA
1999,-0.5697905712056587,5.4569441389414886,0.6933344868081603,LVA
2000,-0.5697899483434649,5.456950642631202,0.6933348522975105,LVA
2001,-0.5697899483434649,5.456950642631202,0.6933348522975105,LVA
2002,-0.5353126088819768,4.191140614916413,0.6007157171315599,LVA
2003,-0.5239981496674271,3.317471039649883,0.49556256714020785,LVA
2004,-0.5274342271560291,3.542878192867995,0.5276561925847603,LVA
2005,-0.5063814135218343,2.6716202582176947,0.3736173508640416,LVA
2006,-0.5087368663007934,2.235740201557542,0.2514977484137606,LVA
2007,-0.5087844447044065,2.234654617602759,0.25113412979098093,LVA
2008,-0.16001031390930923,0.5611980427750662,0.04514896138180913,LVA
2009,-0.16053262108200209,0.5430558610585114,0.013249699635353496,LVA
2010,-0.16053284107665086,0.5430493573687976,0.01323788207643073,LVA
2011,-0.16053284107665086,0.5430493573687976,0.01323788207643073,LVA
2012,-0.16053284107665086,0.5430493573687976,0.01323788207643073,LVA
2013,-0.16075816020428033,0.5358605340142679,0.0,LVA
2014,-0.0,0.0,,LVA
2015,-0.0,0.0,,LVA
2016,-0.0,0.0,,LVA
2017,-0.0,0.0,,LVA
2018,-0.0,0.0,,LVA
2019,-0.0,0.0,,LVA
2020,-0.0,0.0,,LVA
2021,-0.0,0.0,,LVA
2022,-0.0,0.0,,LVA
2023,-0.0,0.0,,LVA
1948,,,,MAC
1949,,,,MAC
1950,,,,MAC
1951,,,,MAC
1952,,,,MAC
1953,,,,MAC
1954,,,,MAC
1955,,,,MAC
1956,-0.0,0.0,,MAC
1957,-0.0,0.0,,MAC
1958,-0.0,0.0,,MAC
1959,-0.0,0.0,,MAC
1960,-0.0,0.0,,MAC
1961,-0.0,0.0,,MAC
1962,-0.0,0.0,,MAC
1963,-0.0,0.0,,MAC
1964,-0.0,0.0,,MAC
1965,-0.0,0.0,,MAC
1966,-0.0,0.0,,MAC
1967,-0.0,0.0,,MAC
1968,-0.0,0.0,,MAC
1969,-0.0,0.0,,MAC
1970,-0.0,0.0,,MAC
1971,-0.0,0.0,,MAC
1972,-0.0,0.0,,MAC
1973,-0.0,0.0,,MAC
1974,-0.0,0.0,,MAC
1975,-0.0,0.0,,MAC
1976,-0.0,0.0,,MAC
1977,-0.0,0.0,,MAC
1978,-0.0,0.0,,MAC
1979,-0.0,0.0,,MAC
1980,-0.0,0.0,,MAC
1981,-0.0,0.0,,MAC
1982,-0.0,0.0,,MAC
1983,-0.0,0.0,,MAC
1984,-0.0,0.0,,MAC
1985,-0.0,0.0,,MAC
1986,-0.0,0.0,,MAC
1987,-0.0,0.0,,MAC
1988,-0.0,0.0,,MAC
1989,-0.0,0.0,,MAC
1990,-0.0,0.0,,MAC
1991,-0.0,0.0,,MAC
1992,-0.0,0.0,,MAC
1993,-0.0,0.0,,MAC
1994,-0.0,0.0,,MAC
1995,-0.0,0.0,,MAC
1996,-0.0,0.0,,MAC
1997,-0.0,0.0,,MAC
1998,-0.0,0.0,,MAC
1999,-0.0,0.0,,MAC
2000,-0.0,0.0,,MAC
2001,-0.0,0.0,,MAC
2002,-0.0,0.0,,MAC
2003,-0.0,0.0,,MAC
2004,-1.2,4.0,0.0,MAC
2005,-1.2,4.0,0.0,MAC
2006,-1.2,4.0,0.0,MAC
2007,-1.2,4.0,0.0,MAC
2008,-1.2,4.0,0.0,MAC
2009,-1.2,4.0,0.0,MAC
2010,-1.2,4.0,0.0,MAC
2011,-1.2,4.0,0.0,MAC
2012,-1.2,4.0,0.0,MAC
2013,-1.2,4.0,0.0,MAC
2014,-0.0,0.0,,MAC
2015,-0.0,0.0,,MAC
2016,-0.0,0.0,,MAC
2017,-0.3,1.0,0.0,MAC
2018,-0.3,1.0,0.0,MAC
2019,-0.3,1.0,0.0,MAC
2020,-0.3,1.0,0.0,MAC
2021,-0.3,1.0,0.0,MAC
2022,-0.3,1.0,0.0,MAC
2023,-0.3,1.0,0.0,MAC
1948,,,,MAR
1949,,,,MAR
1950,,,,MAR
1951,,,,MAR
1952,,,,MAR
1953,,,,MAR
1954,,,,MAR
1955,,,,MAR
1956,-0.0,0.0,,MAR
1957,-0.0,0.0,,MAR
1958,-0.0,0.0,,MAR
1959,-0.0,0.0,,MAR
1960,-0.0,0.0,,MAR
1961,-0.0,0.0,,MAR
1962,-0.0,0.0,,MAR
1963,-0.0,0.0,,MAR
1964,-0.0,0.0,,MAR
1965,-0.0,0.0,,MAR
1966,-0.0,0.0,,MAR
1967,-0.0,0.0,,MAR
1968,-0.0,0.0,,MAR
1969,-0.0,0.0,,MAR
1970,-0.0,0.0,,MAR
1971,-0.0,0.0,,MAR
1972,-0.0,0.0,,MAR
1973,-0.0,0.0,,MAR
1974,-0.0,0.0,,MAR
1975,-0.0,0.0,,MAR
1976,-0.0,0.0,,MAR
1977,-0.0,0.0,,MAR
1978,-0.0,0.0,,MAR
1979,-0.0,0.0,,MAR
1980,-0.0,0.0,,MAR
1981,-0.0,0.0,,MAR
1982,-0.0,0.0,,MAR
1983,-0.0,0.0,,MAR
1984,-0.0,0.0,,MAR
1985,-0.0,0.0,,MAR
1986,-0.0,0.0,,MAR
1987,-0.0,0.0,,MAR
1988,-0.0,0.0,,MAR
1989,-0.2275862068965517,0.7586206896551724,0.0,MAR
1990,-0.2275862068965517,0.7586206896551724,0.0,MAR
1991,-0.2275862068965517,0.7586206896551724,0.0,MAR
1992,-0.2275862068965517,0.7586206896551724,0.0,MAR
1993,-0.2275862068965517,0.7586206896551724,0.0,MAR
1994,-0.2275862068965517,0.7586206896551724,0.0,MAR
1995,-0.2275862068965517,0.7586206896551724,0.0,MAR
1996,-0.2275862068965517,0.7586206896551724,0.0,MAR
1997,-0.2275862068965517,0.7586206896551724,0.0,MAR
1998,-0.2594394213280809,1.2665571975916805,0.40103716508210896,MAR
1999,-1.0064042620010618,3.8808583986210587,0.13088251509433768,MAR
2000,-1.0064042620010618,3.8808583986210587,0.13088251509433768,MAR
2001,-1.0064042620010618,3.8808583986210587,0.13088251509433768,MAR
2002,-1.0064042620010618,3.8808583986210587,0.13088251509433768,MAR
2003,-1.0064042620010618,3.8808583986210587,0.13088251509433768,MAR
2004,-1.0064042620010618,3.8808583986210587,0.13088251509433768,MAR
2005,-1.0064042620010618,3.8808583986210587,0.13088251509433768,MAR
2006,-1.0362631432459792,5.241379310344827,0.35648200769834226,MAR
2007,-1.0362631432459792,5.241379310344827,0.35648200769834226,MAR
2008,-1.048192308478249,4.7334428024083195,0.2874273480248989,MAR
2009,-0.4081562735171303,1.3605209117237687,0.0,MAR
2010,-0.4081562735171303,1.3605209117237687,0.0,MAR
2011,-0.4081562735171303,1.3605209117237687,0.0,MAR
2012,-0.4081562735171303,1.3605209117237687,0.0,MAR
2013,-0.4081562735171303,1.3605209117237687,0.0,MAR
2014,-0.4081562735171303,1.3605209117237687,0.0,MAR
2015,-0.4081562735171303,1.3605209117237687,0.0,MAR
2016,-0.0,0.0,,MAR
2017,-0.0,0.0,,MAR
2018,-0.0,0.0,,MAR
2019,-0.0,0.0,,MAR
2020,-0.0,0.0,,MAR
2021,-0.0,0.0,,MAR
2022,-0.0,0.0,,MAR
2023,-0.0,0.0,,MAR
1948,,,,MCO
1949,,,,MCO
1950,,,,MCO
1951,,,,MCO
1952,,,,MCO
1953,,,,MCO
1954,,,,MCO
1955,,,,MCO
1956,-0.0,0.0,,MCO
1957,-0.0,0.0,,MCO
1958,-0.0,0.0,,MCO
1959,-0.0,0.0,,MCO
1960,-0.0,0.0,,MCO
1961,-0.0,0.0,,MCO
1962,-0.0,0.0,,MCO
1963,-0.0,0.0,,MCO
1964,-0.0,0.0,,MCO
1965,-0.0,0.0,,MCO
1966,-0.0,0.0,,MCO
1967,-0.0,0.0,,MCO
1968,-0.0,0.0,,MCO
1969,-0.0,0.0,,MCO
1970,-0.0,0.0,,MCO
1971,-0.0,0.0,,MCO
1972,-0.0,0.0,,MCO
1973,-0.0,0.0,,MCO
1974,-0.0,0.0,,MCO
1975,-0.0,0.0,,MCO
1976,-0.0,0.0,,MCO
1977,-0.0,0.0,,MCO
1978,-0.0,0.0,,MCO
1979,-0.0,0.0,,MCO
1980,-0.0,0.0,,MCO
1981,-0.0,0.0,,MCO
1982,-0.0,0.0,,MCO
1983,-0.0,0.0,,MCO
1984,-0.0,0.0,,MCO
1985,-0.0,0.0,,MCO
1986,-0.0,0.0,,MCO
1987,-0.0,0.0,,MCO
1988,-0.0,0.0,,MCO
1989,-0.0,0.0,,MCO
1990,-0.0,0.0,,MCO
1991,-0.0,0.0,,MCO
1992,-0.0,0.0,,MCO
1993,-0.0,0.0,,MCO
1994,-0.0,0.0,,MCO
1995,-0.0,0.0,,MCO
1996,-0.0,0.0,,MCO
1997,-0.0,0.0,,MCO
1998,-0.0,0.0,,MCO
1999,-0.0,0.0,,MCO
2000,-0.0,0.0,,MCO
2001,-0.0,0.0,,MCO
2002,-0.0,0.0,,MCO
2003,-0.0,0.0,,MCO
2004,-0.0,0.0,,MCO
2005,-0.0,0.0,,MCO
2006,-0.0,0.0,,MCO
2007,-0.0,0.0,,MCO
2008,-0.0,0.0,,MCO
2009,-0.0,0.0,,MCO
2010,-0.0,0.0,,MCO
2011,-0.0,0.0,,MCO
2012,-0.0,0.0,,MCO
2013,-0.0,0.0,,MCO
2014,-0.0,0.0,,MCO
2015,-0.0,0.0,,MCO
2016,-0.0,0.0,,MCO
2017,-0.0,0.0,,MCO
2018,-0.0,0.0,,MCO
2019,-0.0,0.0,,MCO
2020,-0.0,0.0,,MCO
2021,-0.0,0.0,,MCO
2022,-0.0,0.0,,MCO
2023,-0.0,0.0,,MCO
1948,,,,MDA
1949,,,,MDA
1950,,,,MDA
1951,,,,MDA
1952,,,,MDA
1953,,,,MDA
1954,,,,MDA
1955,,,,MDA
1956,-0.0,0.0,,MDA
1957,-0.0,0.0,,MDA
1958,-0.0,0.0,,MDA
1959,-0.0,0.0,,MDA
1960,-0.0,0.0,,MDA
1961,-0.0,0.0,,MDA
1962,-0.0,0.0,,MDA
1963,-0.0,0.0,,MDA
1964,-0.0,0.0,,MDA
1965,-0.0,0.0,,MDA
1966,-0.0,0.0,,MDA
1967,-0.0,0.0,,MDA
1968,-0.0,0.0,,MDA
1969,-0.0,0.0,,MDA
1970,-0.0,0.0,,MDA
1971,-0.0,0.0,,MDA
1972,-0.0,0.0,,MDA
1973,-0.0,0.0,,MDA
1974,-0.0,0.0,,MDA
1975,-0.0,0.0,,MDA
1976,-0.0,0.0,,MDA
1977,-0.0,0.0,,MDA
1978,-0.0,0.0,,MDA
1979,-0.0,0.0,,MDA
1980,-0.0,0.0,,MDA
1981,-0.0,0.0,,MDA
1982,-0.0,0.0,,MDA
1983,-0.0,0.0,,MDA
1984,-0.0,0.0,,MDA
1985,-0.0,0.0,,MDA
1986,-0.0,0.0,,MDA
1987,-0.0,0.0,,MDA
1988,-0.0,0.0,,MDA
1989,-0.0,0.0,,MDA
1990,-0.0,0.0,,MDA
1991,-0.0,0.0,,MDA
1992,-0.0,0.0,,MDA
1993,-0.3,1.0,0.0,MDA
1994,-0.9165151389911681,4.0,0.25,MDA
1995,-0.9165151389911681,4.0,0.25,MDA
1996,-0.9165151389911681,4.0,0.25,MDA
1997,-0.9165151389911681,4.0,0.25,MDA
1998,-0.9165151389911681,4.0,0.25,MDA
1999,-0.9165151389911681,4.0,0.25,MDA
2000,-0.9165151389911681,4.0,0.25,MDA
2001,-0.9165151389911681,4.0,0.25,MDA
2002,-0.9165151389911681,4.0,0.25,MDA
2003,-0.9165151389911681,4.0,0.25,MDA
2004,-0.30000000000000004,1.0,0.0,MDA
2005,-0.30000000000000004,1.0,0.0,MDA
2006,-0.30000000000000004,1.0,0.0,MDA
2007,-0.4000000000000001,2.0,0.5,MDA
2008,-0.4000000000000001,2.0,0.5,MDA
2009,-0.4000000000000001,2.0,0.5,MDA
2010,-0.4000000000000001,2.0,0.5,MDA
2011,-0.4000000000000001,2.0,0.5,MDA
2012,-0.4000000000000001,2.0,0.5,MDA
2013,-0.30000000000000004,1.0,0.0,MDA
2014,-0.30000000000000004,1.0,0.0,MDA
2015,-0.30000000000000004,1.0,0.0,MDA
2016,-0.30000000000000004,1.0,0.0,MDA
2017,-0.0,0.0,,MDA
2018,-0.0,0.0,,MDA
2019,-0.0,0.0,,MDA
2020,-0.0,0.0,,MDA
2021,-0.0,0.0,,MDA
2022,-0.0,0.0,,MDA
2023,-0.0,0.0,,MDA
1948,,,,MDG
1949,,,,MDG
1950,,,,MDG
1951,,,,MDG
1952,,,,MDG
1953,,,,MDG
1954,,,,MDG
1955,,,,MDG
1956,-0.0,0.0,,MDG
1957,-0.0,0.0,,MDG
1958,-0.0,0.0,,MDG
1959,-0.0,0.0,,MDG
1960,-0.0,0.0,,MDG
1961,-0.0,0.0,,MDG
1962,-0.0,0.0,,MDG
1963,-0.0,0.0,,MDG
1964,-0.0,0.0,,MDG
1965,-0.0,0.0,,MDG
1966,-0.0,0.0,,MDG
1967,-0.0,0.0,,MDG
1968,-0.0,0.0,,MDG
1969,-0.0,0.0,,MDG
1970,-0.0,0.0,,MDG
1971,-0.0,0.0,,MDG
1972,-0.0,0.0,,MDG
1973,-0.0,0.0,,MDG
1974,-0.0,0.0,,MDG
1975,-0.0,0.0,,MDG
1976,-0.0,0.0,,MDG
1977,-0.0,0.0,,MDG
1978,-0.0,0.0,,MDG
1979,-0.0,0.0,,MDG
1980,-0.0,0.0,,MDG
1981,-0.0,0.0,,MDG
1982,-0.2275862068965517,0.7586206896551724,0.0,MDG
1983,-0.2275862068965517,0.7586206896551724,0.0,MDG
1984,-0.2275862068965517,0.7586206896551724,0.0,MDG
1985,-0.2275862068965517,0.7586206896551724,0.0,MDG
1986,-0.2275862068965517,0.7586206896551724,0.0,MDG
1987,-0.2275862068965517,0.7586206896551724,0.0,MDG
1988,-0.2275862068965517,0.7586206896551724,0.0,MDG
1989,-0.2275862068965517,0.7586206896551724,0.0,MDG
1990,-0.2275862068965517,0.7586206896551724,0.0,MDG
1991,-0.2275862068965517,0.7586206896551724,0.0,MDG
1992,-0.0,0.0,,MDG
1993,-0.0,0.0,,MDG
1994,-0.6724137931034483,2.2413793103448274,0.0,MDG
1995,-0.6724137931034483,2.2413793103448274,0.0,MDG
1996,-0.6724137931034483,2.2413793103448274,0.0,MDG
1997,-0.6724137931034483,2.2413793103448274,0.0,MDG
1998,-0.6724137931034483,2.2413793103448274,0.0,MDG
1999,-0.6724137931034483,2.2413793103448274,0.0,MDG
2000,-0.6724137931034483,2.2413793103448274,0.0,MDG
2001,-0.6724137931034483,2.2413793103448274,0.0,MDG
2002,-0.6724137931034483,2.2413793103448274,0.0,MDG
2003,-0.6724137931034483,2.2413793103448274,0.0,MDG
2004,-0.0,0.0,,MDG
2005,-0.0,0.0,,MDG
2006,-0.0,0.0,,MDG
2007,-0.0,0.0,,MDG
2008,-0.0,0.0,,MDG
2009,-0.0,0.0,,MDG
2010,-0.0,0.0,,MDG
2011,-0.0,0.0,,MDG
2012,-0.0,0.0,,MDG
2013,-0.0,0.0,,MDG
2014,-0.0,0.0,,MDG
2015,-0.0,0.0,,MDG
2016,-0.0,0.0,,MDG
2017,-0.0,0.0,,MDG
2018,-0.0,0.0,,MDG
2019,-0.0,0.0,,MDG
2020,-0.3,1.0,0.0,MDG
2021,-0.3,1.0,0.0,MDG
2022,-0.3,1.0,0.0,MDG
2023,-0.3,1.0,0.0,MDG
1948,,,,MDV
1949,,,,MDV
1950,,,,MDV
1951,,,,MDV
1952,,,,MDV
1953,,,,MDV
1954,,,,MDV
1955,,,,MDV
1956,-0.0,0.0,,MDV
1957,-0.0,0.0,,MDV
1958,-0.0,0.0,,MDV
1959,-0.0,0.0,,MDV
1960,-0.0,0.0,,MDV
1961,-0.0,0.0,,MDV
1962,-0.0,0.0,,MDV
1963,-0.0,0.0,,MDV
1964,-0.0,0.0,,MDV
1965,-0.0,0.0,,MDV
1966,-0.0,0.0,,MDV
1967,-0.0,0.0,,MDV
1968,-0.0,0.0,,MDV
1969,-0.0,0.0,,MDV
1970,-0.0,0.0,,MDV
1971,-0.0,0.0,,MDV
1972,-0.0,0.0,,MDV
1973,-0.0,0.0,,MDV
1974,-0.0,0.0,,MDV
1975,-0.0,0.0,,MDV
1976,-0.0,0.0,,MDV
1977,-0.0,0.0,,MDV
1978,-0.0,0.0,,MDV
1979,-0.0,0.0,,MDV
1980,-0.0,0.0,,MDV
1981,-0.0,0.0,,MDV
1982,-0.0,0.0,,MDV
1983,-0.0,0.0,,MDV
1984,-0.0,0.0,,MDV
1985,-0.0,0.0,,MDV
1986,-0.0,0.0,,MDV
1987,-0.0,0.0,,MDV
1988,-0.0,0.0,,MDV
1989,-0.0,0.0,,MDV
1990,-0.0,0.0,,MDV
1991,-0.0,0.0,,MDV
1992,-0.0,0.0,,MDV
1993,-0.0,0.0,,MDV
1994,-0.0,0.0,,MDV
1995,-0.0,0.0,,MDV
1996,-0.0,0.0,,MDV
1997,-0.0,0.0,,MDV
1998,-0.0,0.0,,MDV
1999,-0.0,0.0,,MDV
2000,-0.0,0.0,,MDV
2001,-0.0,0.0,,MDV
2002,-0.0,0.0,,MDV
2003,-0.0,0.0,,MDV
2004,-0.0,0.0,,MDV
2005,-0.0,0.0,,MDV
2006,-0.0,0.0,,MDV
2007,-0.0,0.0,,MDV
2008,-0.0,0.0,,MDV
2009,-0.0,0.0,,MDV
2010,-0.0,0.0,,MDV
2011,-0.0,0.0,,MDV
2012,-0.0,0.0,,MDV
2013,-0.0,0.0,,MDV
2014,-0.0,0.0,,MDV
2015,-0.0,0.0,,MDV
2016,-0.0,0.0,,MDV
2017,-0.0,0.0,,MDV
2018,-0.0,0.0,,MDV
2019,-0.0,0.0,,MDV
2020,-0.0,0.0,,MDV
2021,-0.0,0.0,,MDV
2022,-0.0,0.0,,MDV
2023,-0.0,0.0,,MDV
1948,,,,MEX
1949,,,,MEX
1950,,,,MEX
1951,,,,MEX
1952,,,,MEX
1953,,,,MEX
1954,,,,MEX
1955,,,,MEX
1956,-0.0,0.0,,MEX
1957,-0.0,0.0,,MEX
1958,-0.0,0.0,,MEX
1959,-0.0,0.0,,MEX
1960,-0.0,0.0,,MEX
1961,-0.0,0.0,,MEX
1962,-0.0,0.0,,MEX
1963,-0.0,0.0,,MEX
1964,-0.0,0.0,,MEX
1965,-0.0,0.0,,MEX
1966,-0.0,0.0,,MEX
1967,-0.0,0.0,,MEX
1968,-0.0,0.0,,MEX
1969,-0.0,0.0,,MEX
1970,-0.0,0.0,,MEX
1971,-0.0,0.0,,MEX
1972,-0.0,0.0,,MEX
1973,-0.0,0.0,,MEX
1974,-0.0,0.0,,MEX
1975,-0.0,0.0,,MEX
1976,-0.0,0.0,,MEX
1977,-0.0,0.0,,MEX
1978,-0.0,0.0,,MEX
1979,-0.0,0.0,,MEX
1980,-0.0,0.0,,MEX
1981,-0.0,0.0,,MEX
1982,-0.0,0.0,,MEX
1983,-0.0,0.0,,MEX
1984,-0.0,0.0,,MEX
1985,-0.0,0.0,,MEX
1986,-0.0,0.0,,MEX
1987,-0.3,1.0,0.0,MEX
1988,-0.3,1.0,0.0,MEX
1989,-0.3,1.0,0.0,MEX
1990,-0.3,1.0,0.0,MEX
1991,-0.3,1.0,0.0,MEX
1992,-0.40319022591903686,2.015873015873016,0.49606299212598426,MEX
1993,-0.40319022591903686,2.015873015873016,0.49606299212598426,MEX
1994,-1.1960462286227784,6.0,0.33597883597883593,MEX
1995,-1.1960462286227784,6.0,0.33597883597883593,MEX
1996,-1.1960462286227784,6.0,0.33597883597883593,MEX
1997,-1.2002193886964048,5.0,0.20317460317460312,MEX
1998,-1.2002193886964048,5.0,0.20317460317460312,MEX
1999,-1.2002193886964048,5.0,0.20317460317460312,MEX
2000,-1.2002193886964048,5.0,0.20317460317460312,MEX
2001,-1.2002193886964048,5.0,0.20317460317460312,MEX
2002,-1.1952380952380954,3.984126984126984,0.0,MEX
2003,-1.1952380952380954,3.984126984126984,0.0,MEX
2004,-0.0,0.0,,MEX
2005,-0.0,0.0,,MEX
2006,-0.0,0.0,,MEX
2007,-0.0,0.0,,MEX
2008,-0.0,0.0,,MEX
2009,-0.0,0.0,,MEX
2010,-0.0,0.0,,MEX
2011,-0.0,0.0,,MEX
2012,-0.0,0.0,,MEX
2013,-0.0,0.0,,MEX
2014,-0.0,0.0,,MEX
2015,-0.0,0.0,,MEX
2016,-0.0,0.0,,MEX
2017,-0.0,0.0,,MEX
2018,-0.0,0.0,,MEX
2019,-0.0,0.0,,MEX
2020,-0.0,0.0,,MEX
2021,-0.0,0.0,,MEX
2022,-0.0,0.0,,MEX
2023,-0.0,0.0,,MEX
1948,,,,MHL
1949,,,,MHL
1950,,,,MHL
1951,,,,MHL
1952,,,,MHL
1953,,,,MHL
1954,,,,MHL
1955,,,,MHL
1956,-0.0,0.0,,MHL
1957,-0.0,0.0,,MHL
1958,-0.0,0.0,,MHL
1959,-0.0,0.0,,MHL
1960,-0.0,0.0,,MHL
1961,-0.0,0.0,,MHL
1962,-0.0,0.0,,MHL
1963,-0.0,0.0,,MHL
1964,-0.0,0.0,,MHL
1965,-0.0,0.0,,MHL
1966,-0.0,0.0,,MHL
1967,-0.0,0.0,,MHL
1968,-0.0,0.0,,MHL
1969,-0.0,0.0,,MHL
1970,-0.0,0.0,,MHL
1971,-0.0,0.0,,MHL
1972,-0.0,0.0,,MHL
1973,-0.0,0.0,,MHL
1974,-0.0,0.0,,MHL
1975,-0.0,0.0,,MHL
1976,-0.0,0.0,,MHL
1977,-0.0,0.0,,MHL
1978,-0.0,0.0,,MHL
1979,-0.0,0.0,,MHL
1980,-0.0,0.0,,MHL
1981,-0.0,0.0,,MHL
1982,-0.0,0.0,,MHL
1983,-0.0,0.0,,MHL
1984,-0.0,0.0,,MHL
1985,-0.0,0.0,,MHL
1986,-0.0,0.0,,MHL
1987,-0.0,0.0,,MHL
1988,-0.0,0.0,,MHL
1989,-0.0,0.0,,MHL
1990,-0.0,0.0,,MHL
1991,-0.0,0.0,,MHL
1992,-0.0,0.0,,MHL
1993,-0.0,0.0,,MHL
1994,-0.0,0.0,,MHL
1995,-0.0,0.0,,MHL
1996,-0.0,0.0,,MHL
1997,-0.0,0.0,,MHL
1998,-0.0,0.0,,MHL
1999,-0.0,0.0,,MHL
2000,-0.0,0.0,,MHL
2001,-0.0,0.0,,MHL
2002,-0.0,0.0,,MHL
2003,-0.0,0.0,,MHL
2004,-0.0,0.0,,MHL
2005,-0.0,0.0,,MHL
2006,-0.0,0.0,,MHL
2007,-0.0,0.0,,MHL
2008,-0.0,0.0,,MHL
2009,-0.0,0.0,,MHL
2010,-0.0,0.0,,MHL
2011,-0.0,0.0,,MHL
2012,-0.0,0.0,,MHL
2013,-0.0,0.0,,MHL
2014,-0.0,0.0,,MHL
2015,-0.0,0.0,,MHL
2016,-0.0,0.0,,MHL
2017,-0.0,0.0,,MHL
2018,-0.0,0.0,,MHL
2019,-0.0,0.0,,MHL
2020,-0.7896049896049896,2.632016632016632,0.0,MHL
2021,-0.7896049896049896,2.632016632016632,0.0,MHL
2022,-0.7896049896049896,2.632016632016632,0.0,MHL
2023,-0.7896049896049896,2.632016632016632,0.0,MHL
1948,,,,MKD
1949,,,,MKD
1950,,,,MKD
1951,,,,MKD
1952,,,,MKD
1953,,,,MKD
1954,,,,MKD
1955,,,,MKD
1956,-0.0,0.0,,MKD
1957,-0.0,0.0,,MKD
1958,-0.0,0.0,,MKD
1959,-0.0,0.0,,MKD
1960,-0.0,0.0,,MKD
1961,-0.0,0.0,,MKD
1962,-0.0,0.0,,MKD
1963,-0.0,0.0,,MKD
1964,-0.0,0.0,,MKD
1965,-0.0,0.0,,MKD
1966,-0.0,0.0,,MKD
1967,-0.0,0.0,,MKD
1968,-0.0,0.0,,MKD
1969,-0.0,0.0,,MKD
1970,-0.0,0.0,,MKD
1971,-0.0,0.0,,MKD
1972,-0.0,0.0,,MKD
1973,-0.0,0.0,,MKD
1974,-0.0,0.0,,MKD
1975,-0.0,0.0,,MKD
1976,-0.0,0.0,,MKD
1977,-0.0,0.0,,MKD
1978,-0.0,0.0,,MKD
1979,-0.0,0.0,,MKD
1980,-0.0,0.0,,MKD
1981,-0.0,0.0,,MKD
1982,-0.0,0.0,,MKD
1983,-0.0,0.0,,MKD
1984,-0.0,0.0,,MKD
1985,-0.0,0.0,,MKD
1986,-0.0,0.0,,MKD
1987,-0.0,0.0,,MKD
1988,-0.0,0.0,,MKD
1989,-0.0,0.0,,MKD
1990,-0.0,0.0,,MKD
1991,-0.0,0.0,,MKD
1992,-0.0,0.0,,MKD
1993,-0.0,0.0,,MKD
1994,-0.0,0.0,,MKD
1995,-0.0,0.0,,MKD
1996,-0.15238095238095237,0.5079365079365079,0.0,MKD
1997,-0.25925745224574054,1.2658100277147897,0.4012738853503184,MKD
1998,-0.25925745224574054,1.2658100277147897,0.4012738853503184,MKD
1999,-0.25925745224574054,1.2658100277147897,0.4012738853503184,MKD
2000,-0.7503726325957298,3.7578735197782818,0.33684210526315794,MKD
2001,-0.7417127104867558,4.0,0.376984126984127,MKD
2002,-0.7484235063769777,5.0,0.5015873015873016,MKD
2003,-0.7484235063769777,5.0,0.5015873015873016,MKD
2004,-0.7321501877334204,5.757873519778282,0.5671903032424628,MKD
2005,-0.7321501877334204,5.757873519778282,0.5671903032424628,MKD
2006,-0.7524338085195185,5.249937011841774,0.5253155444641744,MKD
2007,-0.7523794066783952,4.73418997228521,0.47360298030867487,MKD
2008,-0.7523794066783952,4.73418997228521,0.47360298030867487,MKD
2009,-0.7523794066783952,4.73418997228521,0.47360298030867487,MKD
2010,-0.34480568752546603,2.2421264802217182,0.5539948308798741,MKD
2011,-0.35114064196638906,2.0,0.5,MKD
2012,-0.23086738713072447,1.0,0.24212648022171823,MKD
2013,-0.23086738713072447,1.0,0.24212648022171823,MKD
2014,-0.07263794406651428,0.24212648022171823,,MKD
2015,-0.07263794406651428,0.24212648022171823,,MKD
2016,-0.07263794406651428,0.24212648022171823,,MKD
2017,-0.0,0.0,,MKD
2018,-0.0,0.0,,MKD
2019,-0.0,0.0,,MKD
2020,-0.0,0.0,,MKD
2021,-0.0,0.0,,MKD
2022,-0.0,0.0,,MKD
2023,-0.0,0.0,,MKD
1948,,,,MLI
1949,,,,MLI
1950,,,,MLI
1951,,,,MLI
1952,,,,MLI
1953,,,,MLI
1954,,,,MLI
1955,,,,MLI
1956,-0.0,0.0,,MLI
1957,-0.0,0.0,,MLI
1958,-0.0,0.0,,MLI
1959,-0.0,0.0,,MLI
1960,-0.0,0.0,,MLI
1961,-0.0,0.0,,MLI
1962,-0.0,0.0,,MLI
1963,-0.0,0.0,,MLI
1964,-0.0,0.0,,MLI
1965,-0.0,0.0,,MLI
1966,-0.0,0.0,,MLI
1967,-0.0,0.0,,MLI
1968,-0.0,0.0,,MLI
1969,-0.0,0.0,,MLI
1970,-0.0,0.0,,MLI
1971,-0.0,0.0,,MLI
1972,-0.0,0.0,,MLI
1973,-0.0,0.0,,MLI
1974,-0.0,0.0,,MLI
1975,-0.0,0.0,,MLI
1976,-0.0,0.0,,MLI
1977,-0.0,0.0,,MLI
1978,-0.0,0.0,,MLI
1979,-0.0,0.0,,MLI
1980,-0.0,0.0,,MLI
1981,-0.0,0.0,,MLI
1982,-0.0,0.0,,MLI
1983,-0.0,0.0,,MLI
1984,-0.0,0.0,,MLI
1985,-0.0,0.0,,MLI
1986,-0.0,0.0,,MLI
1987,-0.0,0.0,,MLI
1988,-0.0,0.0,,MLI
1989,-0.0,0.0,,MLI
1990,-0.0,0.0,,MLI
1991,-0.0,0.0,,MLI
1992,-0.0,0.0,,MLI
1993,-0.6,2.0,0.0,MLI
1994,-0.6914571812922546,3.3891625615763545,0.4098837209302325,MLI
1995,-0.6914571812922546,3.3891625615763545,0.4098837209302325,MLI
1996,-0.6914571812922546,3.3891625615763545,0.4098837209302325,MLI
1997,-0.6914571812922546,3.3891625615763545,0.4098837209302325,MLI
1998,-0.6914571812922546,3.3891625615763545,0.4098837209302325,MLI
1999,-0.6914571812922546,3.3891625615763545,0.4098837209302325,MLI
2000,-0.6830452060267916,3.881226053639847,0.4846989141164857,MLI
2001,-0.6830452060267916,3.881226053639847,0.4846989141164857,MLI
2002,-0.6830452060267916,3.881226053639847,0.4846989141164857,MLI
2003,-0.4263798724397954,1.881226053639847,0.2615653185917953,MLI
2004,-0.14761904761904765,0.49206349206349254,,MLI
2005,-0.14761904761904765,0.49206349206349254,,MLI
2006,-0.14761904761904765,0.49206349206349254,,MLI
2007,-0.14761904761904765,0.49206349206349254,,MLI
2008,-0.14761904761904765,0.49206349206349254,,MLI
2009,-0.14761904761904765,0.49206349206349254,,MLI
2010,-0.0,0.0,,MLI
2011,-0.0,0.0,,MLI
2012,-0.0,0.0,,MLI
2013,-0.0,0.0,,MLI
2014,-0.0,0.0,,MLI
2015,-0.0,0.0,,MLI
2016,-0.0,0.0,,MLI
2017,-0.0,0.0,,MLI
2018,-0.0,0.0,,MLI
2019,-0.0,0.0,,MLI
2020,-0.03563218390804588,0.11877394636015293,,MLI
2021,-0.03563218390804588,0.11877394636015293,,MLI
2022,-0.03563218390804588,0.11877394636015293,,MLI
2023,-0.03563218390804588,0.11877394636015293,,MLI
1948,,,,MLT
1949,,,,MLT
1950,,,,MLT
1951,,,,MLT
1952,,,,MLT
1953,,,,MLT
1954,,,,MLT
1955,,,,MLT
1956,-0.0,0.0,,MLT
1957,-0.0,0.0,,MLT
1958,-0.0,0.0,,MLT
1959,-0.0,0.0,,MLT
1960,-0.0,0.0,,MLT
1961,-0.0,0.0,,MLT
1962,-0.0,0.0,,MLT
1963,-0.0,0.0,,MLT
1964,-0.0,0.0,,MLT
1965,-0.0,0.0,,MLT
1966,-0.0,0.0,,MLT
1967,-0.0,0.0,,MLT
1968,-0.0,0.0,,MLT
1969,-0.0,0.0,,MLT
1970,-0.0,0.0,,MLT
1971,-0.0,0.0,,MLT
1972,-0.0,0.0,,MLT
1973,-0.0,0.0,,MLT
1974,-0.0,0.0,,MLT
1975,-0.0,0.0,,MLT
1976,-0.0,0.0,,MLT
1977,-0.0,0.0,,MLT
1978,-0.0,0.0,,MLT
1979,-0.0,0.0,,MLT
1980,-0.0,0.0,,MLT
1981,-0.0,0.0,,MLT
1982,-0.0,0.0,,MLT
1983,-0.0,0.0,,MLT
1984,-0.0,0.0,,MLT
1985,-0.0,0.0,,MLT
1986,-0.0,0.0,,MLT
1987,-0.0,0.0,,MLT
1988,-0.0,0.0,,MLT
1989,-0.0,0.0,,MLT
1990,-0.0,0.0,,MLT
1991,-0.0,0.0,,MLT
1992,-0.0,0.0,,MLT
1993,-0.0,0.0,,MLT
1994,-0.0,0.0,,MLT
1995,-0.0,0.0,,MLT
1996,-0.0,0.0,,MLT
1997,-0.0,0.0,,MLT
1998,-0.0,0.0,,MLT
1999,-0.0,0.0,,MLT
2000,-0.0,0.0,,MLT
2001,-0.0,0.0,,MLT
2002,-0.0,0.0,,MLT
2003,-0.0,0.0,,MLT
2004,-1.8000000000000003,6.0,0.0,MLT
2005,-1.8000000000000003,6.0,0.0,MLT
2006,-1.8000000000000003,6.0,0.0,MLT
2007,-1.8000000000000003,6.0,0.0,MLT
2008,-1.8000000000000003,6.0,0.0,MLT
2009,-1.8000000000000003,6.0,0.0,MLT
2010,-1.8000000000000003,6.0,0.0,MLT
2011,-1.8000000000000003,6.0,0.0,MLT
2012,-1.8000000000000003,6.0,0.0,MLT
2013,-1.8000000000000003,6.0,0.0,MLT
2014,-0.0,0.0,,MLT
2015,-0.0,0.0,,MLT
2016,-0.0,0.0,,MLT
2017,-0.0,0.0,,MLT
2018,-0.0,0.0,,MLT
2019,-0.0,0.0,,MLT
2020,-0.0,0.0,,MLT
2021,-0.0,0.0,,MLT
2022,-0.0,0.0,,MLT
2023,-0.0,0.0,,MLT
1948,,,,MMR
1949,,,,MMR
1950,,,,MMR
1951,,,,MMR
1952,,,,MMR
1953,,,,MMR
1954,,,,MMR
1955,,,,MMR
1956,-0.0,0.0,,MMR
1957,-0.0,0.0,,MMR
1958,-0.0,0.0,,MMR
1959,-0.0,0.0,,MMR
1960,-0.0,0.0,,MMR
1961,-0.0,0.0,,MMR
1962,-0.0,0.0,,MMR
1963,-0.0,0.0,,MMR
1964,-0.0,0.0,,MMR
1965,-0.0,0.0,,MMR
1966,-0.0,0.0,,MMR
1967,-0.0,0.0,,MMR
1968,-0.0,0.0,,MMR
1969,-0.0,0.0,,MMR
1970,-0.0,0.0,,MMR
1971,-0.0,0.0,,MMR
1972,-0.0,0.0,,MMR
1973,-0.0,0.0,,MMR
1974,-0.0,0.0,,MMR
1975,-0.0,0.0,,MMR
1976,-0.0,0.0,,MMR
1977,-0.0,0.0,,MMR
1978,-0.0,0.0,,MMR
1979,-0.0,0.0,,MMR
1980,-0.0,0.0,,MMR
1981,-0.0,0.0,,MMR
1982,-0.0,0.0,,MMR
1983,-0.0,0.0,,MMR
1984,-0.0,0.0,,MMR
1985,-0.0,0.0,,MMR
1986,-0.0,0.0,,MMR
1987,-0.0,0.0,,MMR
1988,-0.0,0.0,,MMR
1989,-0.0,0.0,,MMR
1990,-0.0,0.0,,MMR
1991,-0.0,0.0,,MMR
1992,-0.0,0.0,,MMR
1993,-0.0,0.0,,MMR
1994,-0.0,0.0,,MMR
1995,-0.0,0.0,,MMR
1996,-0.0,0.0,,MMR
1997,-0.0,0.0,,MMR
1998,-0.9000000000000001,3.0,0.0,MMR
1999,-0.9000000000000001,3.0,0.0,MMR
2000,-0.9000000000000001,3.0,0.0,MMR
2001,-0.9000000000000001,3.0,0.0,MMR
2002,-0.9000000000000001,3.0,0.0,MMR
2003,-0.9000000000000001,3.0,0.0,MMR
2004,-0.9000000000000001,3.0,0.0,MMR
2005,-0.9000000000000001,3.0,0.0,MMR
2006,-0.9000000000000001,3.0,0.0,MMR
2007,-0.9000000000000001,3.0,0.0,MMR
2008,-0.3,1.0,0.0,MMR
2009,-0.3,1.0,0.0,MMR
2010,-0.4,2.0,0.5,MMR
2011,-0.4,2.0,0.5,MMR
2012,-0.4,2.0,0.5,MMR
2013,-0.4,2.0,0.5,MMR
2014,-0.4,2.0,0.5,MMR
2015,-0.4,2.0,0.5,MMR
2016,-0.4,2.0,0.5,MMR
2017,-0.4,2.0,0.5,MMR
2018,-0.3,1.0,0.0,MMR
2019,-0.3,1.0,0.0,MMR
2020,-0.0,0.0,,MMR
2021,-0.0,0.0,,MMR
2022,-0.0,0.0,,MMR
2023,-0.0,0.0,,MMR
1948,,,,MNE
1949,,,,MNE
1950,,,,MNE
1951,,,,MNE
1952,,,,MNE
1953,,,,MNE
1954,,,,MNE
1955,,,,MNE
1956,-0.0,0.0,,MNE
1957,-0.0,0.0,,MNE
1958,-0.0,0.0,,MNE
1959,-0.0,0.0,,MNE
1960,-0.0,0.0,,MNE
1961,-0.0,0.0,,MNE
1962,-0.0,0.0,,MNE
1963,-0.0,0.0,,MNE
1964,-0.0,0.0,,MNE
1965,-0.0,0.0,,MNE
1966,-0.0,0.0,,MNE
1967,-0.0,0.0,,MNE
1968,-0.0,0.0,,MNE
1969,-0.0,0.0,,MNE
1970,-0.0,0.0,,MNE
1971,-0.0,0.0,,MNE
1972,-0.0,0.0,,MNE
1973,-0.0,0.0,,MNE
1974,-0.0,0.0,,MNE
1975,-0.0,0.0,,MNE
1976,-0.0,0.0,,MNE
1977,-0.0,0.0,,MNE
1978,-0.0,0.0,,MNE
1979,-0.0,0.0,,MNE
1980,-0.0,0.0,,MNE
1981,-0.0,0.0,,MNE
1982,-0.0,0.0,,MNE
1983,-0.0,0.0,,MNE
1984,-0.0,0.0,,MNE
1985,-0.0,0.0,,MNE
1986,-0.0,0.0,,MNE
1987,-0.0,0.0,,MNE
1988,-0.0,0.0,,MNE
1989,-0.0,0.0,,MNE
1990,-0.0,0.0,,MNE
1991,-0.0,0.0,,MNE
1992,-0.0,0.0,,MNE
1993,-0.0,0.0,,MNE
1994,-0.0,0.0,,MNE
1995,-0.0,0.0,,MNE
1996,-0.0,0.0,,MNE
1997,-0.0,0.0,,MNE
1998,-0.0,0.0,,MNE
1999,-0.0,0.0,,MNE
2000,-0.0,0.0,,MNE
2001,-0.0,0.0,,MNE
2002,-0.0,0.0,,MNE
2003,-0.0,0.0,,MNE
2004,-0.0,0.0,,MNE
2005,-0.0,0.0,,MNE
2006,-0.0,0.0,,MNE
2007,-1.8000000000000003,6.0,0.0,MNE
2008,-1.8000000000000003,6.0,0.0,MNE
2009,-1.8000000000000003,6.0,0.0,MNE
2010,-1.8000000000000003,6.0,0.0,MNE
2011,-1.8000000000000003,6.0,0.0,MNE
2012,-1.8000000000000003,6.0,0.0,MNE
2013,-1.8000000000000003,6.0,0.0,MNE
2014,-1.8000000000000003,6.0,0.0,MNE
2015,-1.8000000000000003,6.0,0.0,MNE
2016,-1.8000000000000003,6.0,0.0,MNE
2017,-0.0,0.0,,MNE
2018,-0.0,0.0,,MNE
2019,-0.0,0.0,,MNE
2020,-0.0,0.0,,MNE
2021,-0.0,0.0,,MNE
2022,-0.0,0.0,,MNE
2023,-0.0,0.0,,MNE
1948,,,,MNG
1949,,,,MNG
1950,,,,MNG
1951,,,,MNG
1952,,,,MNG
1953,,,,MNG
1954,,,,MNG
1955,,,,MNG
1956,-0.0,0.0,,MNG
1957,-0.0,0.0,,MNG
1958,-0.0,0.0,,MNG
1959,-0.0,0.0,,MNG
1960,-0.0,0.0,,MNG
1961,-0.0,0.0,,MNG
1962,-0.0,0.0,,MNG
1963,-0.0,0.0,,MNG
1964,-0.0,0.0,,MNG
1965,-0.0,0.0,,MNG
1966,-0.0,0.0,,MNG
1967,-0.0,0.0,,MNG
1968,-0.0,0.0,,MNG
1969,-0.0,0.0,,MNG
1970,-0.0,0.0,,MNG
1971,-0.0,0.0,,MNG
1972,-0.0,0.0,,MNG
1973,-0.0,0.0,,MNG
1974,-0.0,0.0,,MNG
1975,-0.0,0.0,,MNG
1976,-0.0,0.0,,MNG
1977,-0.0,0.0,,MNG
1978,-0.0,0.0,,MNG
1979,-0.0,0.0,,MNG
1980,-0.0,0.0,,MNG
1981,-0.0,0.0,,MNG
1982,-0.0,0.0,,MNG
1983,-0.0,0.0,,MNG
1984,-0.0,0.0,,MNG
1985,-0.0,0.0,,MNG
1986,-0.0,0.0,,MNG
1987,-0.0,0.0,,MNG
1988,-0.0,0.0,,MNG
1989,-0.0,0.0,,MNG
1990,-0.0,0.0,,MNG
1991,-0.0,0.0,,MNG
1992,-0.0,0.0,,MNG
1993,-0.0,0.0,,MNG
1994,-0.0,0.0,,MNG
1995,-0.0,0.0,,MNG
1996,-0.0,0.0,,MNG
1997,-0.0,0.0,,MNG
1998,-0.0,0.0,,MNG
1999,-0.0,0.0,,MNG
2000,-0.0,0.0,,MNG
2001,-0.0,0.0,,MNG
2002,-0.0,0.0,,MNG
2003,-0.0,0.0,,MNG
2004,-0.0,0.0,,MNG
2005,-0.0,0.0,,MNG
2006,-0.0,0.0,,MNG
2007,-0.0,0.0,,MNG
2008,-0.0,0.0,,MNG
2009,-0.0,0.0,,MNG
2010,-0.0,0.0,,MNG
2011,-0.0,0.0,,MNG
2012,-0.0,0.0,,MNG
2013,-0.15238095238095237,0.5079365079365079,0.0,MNG
2014,-0.15238095238095237,0.5079365079365079,0.0,MNG
2015,-0.15238095238095237,0.5079365079365079,0.0,MNG
2016,-1.1927216917678682,4.507936507936508,0.11267605633802813,MNG
2017,-1.1927216917678682,4.507936507936508,0.11267605633802813,MNG
2018,-1.1927216917678682,4.507936507936508,0.11267605633802813,MNG
2019,-1.1927216917678682,4.507936507936508,0.11267605633802813,MNG
2020,-1.1927216917678682,4.507936507936508,0.11267605633802813,MNG
2021,-1.1927216917678682,4.507936507936508,0.11267605633802813,MNG
2022,-1.1927216917678682,4.507936507936508,0.11267605633802813,MNG
2023,-1.2,4.0,0.0,MNG
1948,,,,MOZ
1949,,,,MOZ
1950,,,,MOZ
1951,,,,MOZ
1952,,,,MOZ
1953,,,,MOZ
1954,,,,MOZ
1955,,,,MOZ
1956,-0.0,0.0,,MOZ
1957,-0.0,0.0,,MOZ
1958,-0.0,0.0,,MOZ
1959,-0.0,0.0,,MOZ
1960,-0.0,0.0,,MOZ
1961,-0.0,0.0,,MOZ
1962,-0.0,0.0,,MOZ
1963,-0.0,0.0,,MOZ
1964,-0.0,0.0,,MOZ
1965,-0.0,0.0,,MOZ
1966,-0.0,0.0,,MOZ
1967,-0.0,0.0,,MOZ
1968,-0.0,0.0,,MOZ
1969,-0.0,0.0,,MOZ
1970,-0.0,0.0,,MOZ
1971,-0.0,0.0,,MOZ
1972,-0.0,0.0,,MOZ
1973,-0.0,0.0,,MOZ
1974,-0.0,0.0,,MOZ
1975,-0.0,0.0,,MOZ
1976,-0.0,0.0,,MOZ
1977,-0.0,0.0,,MOZ
1978,-0.0,0.0,,MOZ
1979,-0.0,0.0,,MOZ
1980,-0.0,0.0,,MOZ
1981,-0.0,0.0,,MOZ
1982,-0.2275862068965517,0.7586206896551724,0.0,MOZ
1983,-0.2275862068965517,0.7586206896551724,0.0,MOZ
1984,-0.2275862068965517,0.7586206896551724,0.0,MOZ
1985,-0.2275862068965517,0.7586206896551724,0.0,MOZ
1986,-0.2275862068965517,0.7586206896551724,0.0,MOZ
1987,-0.2275862068965517,0.7586206896551724,0.0,MOZ
1988,-0.2275862068965517,0.7586206896551724,0.0,MOZ
1989,-0.2275862068965517,0.7586206896551724,0.0,MOZ
1990,-0.2275862068965517,0.7586206896551724,0.0,MOZ
1991,-0.2275862068965517,0.7586206896551724,0.0,MOZ
1992,-0.0,0.0,,MOZ
1993,-0.0,0.0,,MOZ
1994,-0.6724137931034483,2.2413793103448274,0.0,MOZ
1995,-0.6724137931034483,2.2413793103448274,0.0,MOZ
1996,-0.6724137931034483,2.2413793103448274,0.0,MOZ
1997,-0.9621267414602519,2.2413793103448274,0.0,MOZ
1998,-0.9621267414602519,2.2413793103448274,0.0,MOZ
1999,-0.9621267414602519,2.2413793103448274,0.0,MOZ
2000,-1.1399256223104735,4.299643281807372,0.4787057522123894,MOZ
2001,-1.1399256223104735,4.299643281807372,0.4787057522123894,MOZ
2002,-1.1399256223104735,4.299643281807372,0.4787057522123894,MOZ
2003,-1.1399256223104735,4.299643281807372,0.4787057522123894,MOZ
2004,-0.9204836311657874,2.0582639714625444,0.0,MOZ
2005,-0.9204836311657874,2.0582639714625444,0.0,MOZ
2006,-0.9204836311657874,2.0582639714625444,0.0,MOZ
2007,-0.6174791914387633,2.0582639714625444,0.0,MOZ
2008,-0.6174791914387633,2.0582639714625444,0.0,MOZ
2009,-0.6174791914387633,2.0582639714625444,0.0,MOZ
2010,-0.0,0.0,,MOZ
2011,-0.0,0.0,,MOZ
2012,-0.0,0.0,,MOZ
2013,-0.0,0.0,,MOZ
2014,-0.0,0.0,,MOZ
2015,-0.0,0.0,,MOZ
2016,-0.6,2.0,0.0,MOZ
2017,-0.6,2.0,0.0,MOZ
2018,-0.6,2.0,0.0,MOZ
2019,-0.6,2.0,0.0,MOZ
2020,-0.6,2.0,0.0,MOZ
2021,-0.6,2.0,0.0,MOZ
2022,-0.6,2.0,0.0,MOZ
2023,-0.6,2.0,0.0,MOZ
1948,,,,MRT
1949,,,,MRT
1950,,,,MRT
1951,,,,MRT
1952,,,,MRT
1953,,,,MRT
1954,,,,MRT
1955,,,,MRT
1956,-0.0,0.0,,MRT
1957,-0.0,0.0,,MRT
1958,-0.0,0.0,,MRT
1959,-0.0,0.0,,MRT
1960,-0.0,0.0,,MRT
1961,-0.0,0.0,,MRT
1962,-0.0,0.0,,MRT
1963,-0.0,0.0,,MRT
1964,-0.0,0.0,,MRT
1965,-0.0,0.0,,MRT
1966,-0.0,0.0,,MRT
1967,-0.0,0.0,,MRT
1968,-0.0,0.0,,MRT
1969,-0.0,0.0,,MRT
1970,-0.0,0.0,,MRT
1971,-0.0,0.0,,MRT
1972,-0.0,0.0,,MRT
1973,-0.0,0.0,,MRT
1974,-0.0,0.0,,MRT
1975,-0.0,0.0,,MRT
1976,-0.0,0.0,,MRT
1977,-0.0,0.0,,MRT
1978,-0.0,0.0,,MRT
1979,-0.0,0.0,,MRT
1980,-0.0,0.0,,MRT
1981,-0.0,0.0,,MRT
1982,-0.0,0.0,,MRT
1983,-0.0,0.0,,MRT
1984,-0.0,0.0,,MRT
1985,-0.0,0.0,,MRT
1986,-0.0,0.0,,MRT
1987,-0.0,0.0,,MRT
1988,-0.0,0.0,,MRT
1989,-0.2275862068965517,0.7586206896551724,0.0,MRT
1990,-0.2275862068965517,0.7586206896551724,0.0,MRT
1991,-0.2275862068965517,0.7586206896551724,0.0,MRT
1992,-0.2275862068965517,0.7586206896551724,0.0,MRT
1993,-0.4143100219551887,2.0,0.3793103448275862,MRT
1994,-0.43943537440204117,2.7586206896551726,0.55,MRT
1995,-0.43943537440204117,2.7586206896551726,0.55,MRT
1996,-0.43943537440204117,2.7586206896551726,0.55,MRT
1997,-0.43943537440204117,2.7586206896551726,0.55,MRT
1998,-0.43943537440204117,2.7586206896551726,0.55,MRT
1999,-0.41431002195518873,2.0,0.3793103448275862,MRT
2000,-0.4994046028875315,2.0,0.3793103448275862,MRT
2001,-0.4994046028875315,2.0,0.3793103448275862,MRT
2002,-0.4994046028875315,2.0,0.3793103448275862,MRT
2003,-0.33367353844391645,0.7586206896551726,0.0,MRT
2004,-0.22003284072249596,0.0,,MRT
2005,-0.22003284072249596,0.0,,MRT
2006,-0.22003284072249596,0.0,,MRT
2007,-0.22003284072249596,0.0,,MRT
2008,-0.22003284072249596,0.0,,MRT
2009,-0.22003284072249596,0.0,,MRT
2010,-0.0,0.0,,MRT
2011,-0.0,0.0,,MRT
2012,-0.0,0.0,,MRT
2013,-0.0,0.0,,MRT
2014,-0.0,0.0,,MRT
2015,-0.0,0.0,,MRT
2016,-0.0,0.0,,MRT
2017,-0.0,0.0,,MRT
2018,-0.0,0.0,,MRT
2019,-0.0,0.0,,MRT
2020,-0.2924466338259442,0.9748221127531473,0.0,MRT
2021,-0.2924466338259442,0.9748221127531473,0.0,MRT
2022,-0.2924466338259442,0.9748221127531473,0.0,MRT
2023,-0.2924466338259442,0.9748221127531473,0.0,MRT
1948,,,,MSR
1949,,,,MSR
1950,,,,MSR
1951,,,,MSR
1952,,,,MSR
1953,,,,MSR
1954,,,,MSR
1955,,,,MSR
1956,-0.0,0.0,,MSR
1957,-0.0,0.0,,MSR
1958,-0.0,0.0,,MSR
1959,-0.0,0.0,,MSR
1960,-0.0,0.0,,MSR
1961,-0.0,0.0,,MSR
1962,-0.0,0.0,,MSR
1963,-0.0,0.0,,MSR
1964,-0.0,0.0,,MSR
1965,-0.0,0.0,,MSR
1966,-0.0,0.0,,MSR
1967,-0.0,0.0,,MSR
1968,-0.15238095238095237,0.5079365079365079,0.0,MSR
1969,-0.15238095238095237,0.5079365079365079,0.0,MSR
1970,-0.15238095238095237,0.5079365079365079,0.0,MSR
1971,-1.1927216917678682,4.507936507936508,0.11267605633802813,MSR
1972,-1.1927216917678682,4.507936507936508,0.11267605633802813,MSR
1973,-1.1927216917678682,4.507936507936508,0.11267605633802813,MSR
1974,-1.1927216917678682,4.507936507936508,0.11267605633802813,MSR
1975,-1.1927216917678682,4.507936507936508,0.11267605633802813,MSR
1976,-1.1927216917678682,4.507936507936508,0.11267605633802813,MSR
1977,-1.1927216917678682,4.507936507936508,0.11267605633802813,MSR
1978,-1.2,4.0,0.0,MSR
1979,-1.2,4.0,0.0,MSR
1980,-1.2,4.0,0.0,MSR
1981,-0.0,0.0,,MSR
1982,-0.0,0.0,,MSR
1983,-0.0,0.0,,MSR
1984,-0.0,0.0,,MSR
1985,-0.0,0.0,,MSR
1986,-0.0,0.0,,MSR
1987,-0.0,0.0,,MSR
1988,-0.0,0.0,,MSR
1989,-0.0,0.0,,MSR
1990,-0.0,0.0,,MSR
1991,-0.0,0.0,,MSR
1992,-0.0,0.0,,MSR
1993,-0.07498110355253215,0.24993701184177386,,MSR
1994,-0.07498110355253215,0.24993701184177386,,MSR
1995,-0.0798039577071173,0.3729218906845517,,MSR
1996,-0.0798039577071173,0.3729218906845517,,MSR
1997,-0.0798039577071173,0.3729218906845517,,MSR
1998,-0.0798039577071173,0.3729218906845517,,MSR
1999,-0.0798039577071173,0.3729218906845517,,MSR
2000,-0.0798039577071173,0.3729218906845517,,MSR
2001,-0.08018099768460785,0.4632161554736296,,MSR
2002,-0.08018099768460785,0.4632161554736296,,MSR
2003,-0.043277633215021226,0.21327914363185574,,MSR
2004,-0.043277633215021226,0.21327914363185574,,MSR
2005,-0.027375712490701653,0.11689791964417307,,MSR
2006,-0.02730236829593124,0.11874448956747763,,MSR
2007,-0.02730236829593124,0.11874448956747763,,MSR
2008,-0.02730236829593124,0.11874448956747763,,MSR
2009,-0.02730236829593124,0.11874448956747763,,MSR
2010,-0.02730236829593124,0.11874448956747763,,MSR
2011,-0.007938656959061395,0.028450224778399757,,MSR
2012,-0.007938656959061395,0.028450224778399757,,MSR
2013,-0.007938656959061395,0.028450224778399757,,MSR
2014,-0.007938656959061395,0.028450224778399757,,MSR
2015,-0.0005539709769916831,0.001846569923304564,,MSR
2016,-5.910299378607427e-10,0.0,,MSR
2017,-5.910299378607427e-10,0.0,,MSR
2018,-5.910299378607427e-10,0.0,,MSR
2019,-5.910299378607427e-10,0.0,,MSR
2020,-5.910299378607427e-10,0.0,,MSR
2021,-5.910299378607427e-10,0.0,,MSR
2022,-5.910299378607427e-10,0.0,,MSR
2023,-5.910299378607427e-10,0.0,,MSR
1948,,,,MUS
1949,,,,MUS
1950,,,,MUS
1951,,,,MUS
1952,,,,MUS
1953,,,,MUS
1954,,,,MUS
1955,,,,MUS
1956,-0.0,0.0,,MUS
1957,-0.0,0.0,,MUS
1958,-0.0,0.0,,MUS
1959,-0.0,0.0,,MUS
1960,-0.0,0.0,,MUS
1961,-0.0,0.0,,MUS
1962,-0.0,0.0,,MUS
1963,-0.0,0.0,,MUS
1964,-0.0,0.0,,MUS
1965,-0.0,0.0,,MUS
1966,-0.0,0.0,,MUS
1967,-0.0,0.0,,MUS
1968,-0.0,0.0,,MUS
1969,-0.0,0.0,,MUS
1970,-0.0,0.0,,MUS
1971,-0.0,0.0,,MUS
1972,-0.0,0.0,,MUS
1973,-0.0,0.0,,MUS
1974,-0.0,0.0,,MUS
1975,-0.0,0.0,,MUS
1976,-0.0,0.0,,MUS
1977,-0.0,0.0,,MUS
1978,-0.0,0.0,,MUS
1979,-0.0,0.0,,MUS
1980,-0.0,0.0,,MUS
1981,-0.0,0.0,,MUS
1982,-0.2275862068965517,0.7586206896551724,0.0,MUS
1983,-0.2275862068965517,0.7586206896551724,0.0,MUS
1984,-0.2275862068965517,0.7586206896551724,0.0,MUS
1985,-0.2275862068965517,0.7586206896551724,0.0,MUS
1986,-0.2275862068965517,0.7586206896551724,0.0,MUS
1987,-0.2275862068965517,0.7586206896551724,0.0,MUS
1988,-0.2275862068965517,0.7586206896551724,0.0,MUS
1989,-0.2275862068965517,0.7586206896551724,0.0,MUS
1990,-0.2275862068965517,0.7586206896551724,0.0,MUS
1991,-0.2275862068965517,0.7586206896551724,0.0,MUS
1992,-0.0,0.0,,MUS
1993,-0.0,0.0,,MUS
1994,-0.6724137931034483,2.2413793103448274,0.0,MUS
1995,-0.6724137931034483,2.2413793103448274,0.0,MUS
1996,-0.6724137931034483,2.2413793103448274,0.0,MUS
1997,-0.6724137931034483,2.2413793103448274,0.0,MUS
1998,-0.6724137931034483,2.2413793103448274,0.0,MUS
1999,-0.6724137931034483,2.2413793103448274,0.0,MUS
2000,-0.8499912568620772,4.241379310344827,0.4715447154471545,MUS
2001,-0.8499912568620772,4.241379310344827,0.4715447154471545,MUS
2002,-0.8499912568620772,4.241379310344827,0.4715447154471545,MUS
2003,-0.8499912568620772,4.241379310344827,0.4715447154471545,MUS
2004,-0.6000000000000001,2.0,0.0,MUS
2005,-0.6000000000000001,2.0,0.0,MUS
2006,-0.6000000000000001,2.0,0.0,MUS
2007,-0.6000000000000001,2.0,0.0,MUS
2008,-0.6000000000000001,2.0,0.0,MUS
2009,-0.6000000000000001,2.0,0.0,MUS
2010,-0.0,0.0,,MUS
2011,-0.0,0.0,,MUS
2012,-0.0,0.0,,MUS
2013,-0.0,0.0,,MUS
2014,-0.0,0.0,,MUS
2015,-0.0,0.0,,MUS
2016,-0.0,0.0,,MUS
2017,-0.0,0.0,,MUS
2018,-0.0,0.0,,MUS
2019,-0.0,0.0,,MUS
2020,-0.0,0.0,,MUS
2021,-0.0,0.0,,MUS
2022,-0.0,0.0,,MUS
2023,-0.0,0.0,,MUS
1948,,,,MWI
1949,,,,MWI
1950,,,,MWI
1951,,,,MWI
1952,,,,MWI
1953,,,,MWI
1954,,,,MWI
1955,,,,MWI
1956,-0.0,0.0,,MWI
1957,-0.0,0.0,,MWI
1958,-0.0,0.0,,MWI
1959,-0.0,0.0,,MWI
1960,-0.0,0.0,,MWI
1961,-0.0,0.0,,MWI
1962,-0.0,0.0,,MWI
1963,-0.0,0.0,,MWI
1964,-0.0,0.0,,MWI
1965,-0.0,0.0,,MWI
1966,-0.0,0.0,,MWI
1967,-0.0,0.0,,MWI
1968,-0.0,0.0,,MWI
1969,-0.0,0.0,,MWI
1970,-0.0,0.0,,MWI
1971,-0.0,0.0,,MWI
1972,-0.0,0.0,,MWI
1973,-0.0,0.0,,MWI
1974,-0.0,0.0,,MWI
1975,-0.0,0.0,,MWI
1976,-0.0,0.0,,MWI
1977,-0.0,0.0,,MWI
1978,-0.0,0.0,,MWI
1979,-0.0,0.0,,MWI
1980,-0.0,0.0,,MWI
1981,-0.0,0.0,,MWI
1982,-0.2275862068965517,0.7586206896551724,0.0,MWI
1983,-0.2275862068965517,0.7586206896551724,0.0,MWI
1984,-0.2275862068965517,0.7586206896551724,0.0,MWI
1985,-0.2275862068965517,0.7586206896551724,0.0,MWI
1986,-0.2275862068965517,0.7586206896551724,0.0,MWI
1987,-0.2275862068965517,0.7586206896551724,0.0,MWI
1988,-0.2275862068965517,0.7586206896551724,0.0,MWI
1989,-0.2275862068965517,0.7586206896551724,0.0,MWI
1990,-0.2275862068965517,0.7586206896551724,0.0,MWI
1991,-0.2275862068965517,0.7586206896551724,0.0,MWI
1992,-0.0,0.0,,MWI
1993,-0.0,0.0,,MWI
1994,-0.6724137931034483,2.2413793103448274,0.0,MWI
1995,-0.6724137931034483,2.2413793103448274,0.0,MWI
1996,-0.6724137931034483,2.2413793103448274,0.0,MWI
1997,-0.6724137931034483,2.2413793103448274,0.0,MWI
1998,-0.6724137931034483,2.2413793103448274,0.0,MWI
1999,-0.6724137931034483,2.2413793103448274,0.0,MWI
2000,-0.8499912568620772,4.241379310344827,0.4715447154471545,MWI
2001,-0.8499912568620772,4.241379310344827,0.4715447154471545,MWI
2002,-0.8499912568620772,4.241379310344827,0.4715447154471545,MWI
2003,-0.8499912568620772,4.241379310344827,0.4715447154471545,MWI
2004,-0.6000000000000001,2.0,0.0,MWI
2005,-0.6000000000000001,2.0,0.0,MWI
2006,-0.6000000000000001,2.0,0.0,MWI
2007,-0.6000000000000001,2.0,0.0,MWI
2008,-0.6000000000000001,2.0,0.0,MWI
2009,-0.6000000000000001,2.0,0.0,MWI
2010,-0.0,0.0,,MWI
2011,-0.0,0.0,,MWI
2012,-0.0,0.0,,MWI
2013,-0.0,0.0,,MWI
2014,-0.0,0.0,,MWI
2015,-0.0,0.0,,MWI
2016,-0.0,0.0,,MWI
2017,-0.0,0.0,,MWI
2018,-0.0,0.0,,MWI
2019,-0.0,0.0,,MWI
2020,-0.0,0.0,,MWI
2021,-0.0,0.0,,MWI
2022,-0.0,0.0,,MWI
2023,-0.0,0.0,,MWI
1948,,,,MYS
1949,,,,MYS
1950,,,,MYS
1951,,,,MYS
1952,,,,MYS
1953,,,,MYS
1954,,,,MYS
1955,,,,MYS
1956,-0.0,0.0,,MYS
1957,-0.0,0.0,,MYS
1958,-0.0,0.0,,MYS
1959,-0.0,0.0,,MYS
1960,-0.0,0.0,,MYS
1961,-0.0,0.0,,MYS
1962,-0.0,0.0,,MYS
1963,-0.0,0.0,,MYS
1964,-0.0,0.0,,MYS
1965,-0.0,0.0,,MYS
1966,-0.0,0.0,,MYS
1967,-0.0,0.0,,MYS
1968,-0.0,0.0,,MYS
1969,-0.0,0.0,,MYS
1970,-0.0,0.0,,MYS
1971,-0.0,0.0,,MYS
1972,-0.0,0.0,,MYS
1973,-0.0,0.0,,MYS
1974,-0.0,0.0,,MYS
1975,-0.0,0.0,,MYS
1976,-0.0,0.0,,MYS
1977,-0.15238095238095237,0.5079365079365079,0.0,MYS
1978,-0.15238095238095237,0.5079365079365079,0.0,MYS
1979,-0.15238095238095237,0.5079365079365079,0.0,MYS
1980,-0.15238095238095237,0.5079365079365079,0.0,MYS
1981,-0.15238095238095237,0.5079365079365079,0.0,MYS
1982,-0.15238095238095237,0.5079365079365079,0.0,MYS
1983,-0.15238095238095237,0.5079365079365079,0.0,MYS
1984,-0.15238095238095237,0.5079365079365079,0.0,MYS
1985,-0.15238095238095237,0.5079365079365079,0.0,MYS
1986,-0.15238095238095237,0.5079365079365079,0.0,MYS
1987,-0.0,0.0,,MYS
1988,-0.0,0.0,,MYS
1989,-0.0,0.0,,MYS
1990,-0.0,0.0,,MYS
1991,-0.0,0.0,,MYS
1992,-0.15238095238095237,0.5079365079365079,0.0,MYS
1993,-0.15238095238095237,0.5079365079365079,0.0,MYS
1994,-0.15238095238095237,0.5079365079365079,0.0,MYS
1995,-0.15238095238095237,0.5079365079365079,0.0,MYS
1996,-0.15238095238095237,0.5079365079365079,0.0,MYS
1997,-0.15238095238095237,0.5079365079365079,0.0,MYS
1998,-0.7462157827713389,3.0,0.1693121693121693,MYS
1999,-0.7462157827713389,3.0,0.1693121693121693,MYS
2000,-0.7462157827713389,3.0,0.1693121693121693,MYS
2001,-0.7462157827713389,3.0,0.1693121693121693,MYS
2002,-0.7476190476190476,2.492063492063492,0.0,MYS
2003,-0.7476190476190476,2.492063492063492,0.0,MYS
2004,-0.7476190476190476,2.492063492063492,0.0,MYS
2005,-0.7476190476190476,2.492063492063492,0.0,MYS
2006,-0.9051252403288023,4.492063492063492,0.44522968197879853,MYS
2007,-0.9051252403288023,4.492063492063492,0.44522968197879853,MYS
2008,-0.6,2.0,0.0,MYS
2009,-0.6,2.0,0.0,MYS
2010,-0.6,2.0,0.0,MYS
2011,-0.6,2.0,0.0,MYS
2012,-0.6,2.0,0.0,MYS
2013,-0.6,2.0,0.0,MYS
2014,-0.6,2.0,0.0,MYS
2015,-0.6,2.0,0.0,MYS
2016,-0.0,0.0,,MYS
2017,-0.0,0.0,,MYS
2018,-0.0,0.0,,MYS
2019,-0.0,0.0,,MYS
2020,-0.0,0.0,,MYS
2021,-0.0,0.0,,MYS
2022,-0.14761904761904762,0.4920634920634921,,MYS
2023,-0.14761904761904762,0.4920634920634921,,MYS
1948,,,,NAM
1949,,,,NAM
1950,,,,NAM
1951,,,,NAM
1952,,,,NAM
1953,,,,NAM
1954,,,,NAM
1955,,,,NAM
1956,-0.0,0.0,,NAM
1957,-0.0,0.0,,NAM
1958,-0.0,0.0,,NAM
1959,-0.0,0.0,,NAM
1960,-0.0,0.0,,NAM
1961,-0.0,0.0,,NAM
1962,-0.0,0.0,,NAM
1963,-0.0,0.0,,NAM
1964,-0.0,0.0,,NAM
1965,-0.0,0.0,,NAM
1966,-0.0,0.0,,NAM
1967,-0.0,0.0,,NAM
1968,-0.0,0.0,,NAM
1969,-0.0,0.0,,NAM
1970,-0.0,0.0,,NAM
1971,-0.0,0.0,,NAM
1972,-0.0,0.0,,NAM
1973,-0.0,0.0,,NAM
1974,-0.0,0.0,,NAM
1975,-0.0,0.0,,NAM
1976,-0.0,0.0,,NAM
1977,-0.0,0.0,,NAM
1978,-0.0,0.0,,NAM
1979,-0.0,0.0,,NAM
1980,-0.0,0.0,,NAM
1981,-0.0,0.0,,NAM
1982,-0.0,0.0,,NAM
1983,-0.0,0.0,,NAM
1984,-0.0,0.0,,NAM
1985,-0.0,0.0,,NAM
1986,-0.0,0.0,,NAM
1987,-0.0,0.0,,NAM
1988,-0.0,0.0,,NAM
1989,-0.0,0.0,,NAM
1990,-0.0,0.0,,NAM
1991,-0.0,0.0,,NAM
1992,-0.0,0.0,,NAM
1993,-0.3,1.0,0.0,NAM
1994,-0.9165151389911681,4.0,0.25,NAM
1995,-0.9165151389911681,4.0,0.25,NAM
1996,-0.9165151389911681,4.0,0.25,NAM
1997,-0.9165151389911681,4.0,0.25,NAM
1998,-0.9165151389911681,4.0,0.25,NAM
1999,-0.9165151389911681,4.0,0.25,NAM
2000,-0.9219544457292889,5.0,0.4,NAM
2001,-0.9219544457292889,5.0,0.4,NAM
2002,-0.9219544457292889,5.0,0.4,NAM
2003,-0.9165151389911681,4.0,0.25,NAM
2004,-0.30000000000000004,1.0,0.0,NAM
2005,-0.30000000000000004,1.0,0.0,NAM
2006,-0.30000000000000004,1.0,0.0,NAM
2007,-0.30000000000000004,1.0,0.0,NAM
2008,-0.30000000000000004,1.0,0.0,NAM
2009,-0.30000000000000004,1.0,0.0,NAM
2010,-0.0,0.0,,NAM
2011,-0.0,0.0,,NAM
2012,-0.0,0.0,,NAM
2013,-0.0,0.0,,NAM
2014,-0.0,0.0,,NAM
2015,-0.0,0.0,,NAM
2016,-0.0,0.0,,NAM
2017,-0.0,0.0,,NAM
2018,-0.0,0.0,,NAM
2019,-0.0,0.0,,NAM
2020,-0.0,0.0,,NAM
2021,-0.0,0.0,,NAM
2022,-0.0,0.0,,NAM
2023,-0.0,0.0,,NAM
1948,,,,NCL
1949,,,,NCL
1950,,,,NCL
1951,,,,NCL
1952,,,,NCL
1953,,,,NCL
1954,,,,NCL
1955,,,,NCL
1956,-0.0,0.0,,NCL
1957,-0.0,0.0,,NCL
1958,-0.0,0.0,,NCL
1959,-0.0,0.0,,NCL
1960,-0.0,0.0,,NCL
1961,-0.0,0.0,,NCL
1962,-0.0,0.0,,NCL
1963,-0.0,0.0,,NCL
1964,-0.0,0.0,,NCL
1965,-0.0,0.0,,NCL
1966,-0.0,0.0,,NCL
1967,-0.0,0.0,,NCL
1968,-0.0,0.0,,NCL
1969,-0.0,0.0,,NCL
1970,-0.0,0.0,,NCL
1971,-1.2,4.0,0.0,NCL
1972,-1.2,4.0,0.0,NCL
1973,-1.2,4.0,0.0,NCL
1974,-1.2,4.0,0.0,NCL
1975,-1.2,4.0,0.0,NCL
1976,-1.2,4.0,0.0,NCL
1977,-1.2,4.0,0.0,NCL
1978,-1.2,4.0,0.0,NCL
1979,-1.2,4.0,0.0,NCL
1980,-1.2,4.0,0.0,NCL
1981,-0.0,0.0,,NCL
1982,-0.0,0.0,,NCL
1983,-0.0,0.0,,NCL
1984,-0.0,0.0,,NCL
1985,-0.0,0.0,,NCL
1986,-0.0,0.0,,NCL
1987,-0.0,0.0,,NCL
1988,-0.0,0.0,,NCL
1989,-0.0,0.0,,NCL
1990,-0.0,0.0,,NCL
1991,-0.0,0.0,,NCL
1992,-0.0,0.0,,NCL
1993,-0.0,0.0,,NCL
1994,-0.0,0.0,,NCL
1995,-0.0,0.0,,NCL
1996,-0.0,0.0,,NCL
1997,-0.0,0.0,,NCL
1998,-0.0,0.0,,NCL
1999,-0.0,0.0,,NCL
2000,-0.0,0.0,,NCL
2001,-0.0,0.0,,NCL
2002,-0.0,0.0,,NCL
2003,-0.0,0.0,,NCL
2004,-0.0,0.0,,NCL
2005,-0.0,0.0,,NCL
2006,-0.0,0.0,,NCL
2007,-0.0,0.0,,NCL
2008,-0.0,0.0,,NCL
2009,-0.0,0.0,,NCL
2010,-0.0,0.0,,NCL
2011,-0.0,0.0,,NCL
2012,-0.0,0.0,,NCL
2013,-0.0,0.0,,NCL
2014,-0.0,0.0,,NCL
2015,-0.0,0.0,,NCL
2016,-0.0,0.0,,NCL
2017,-0.0,0.0,,NCL
2018,-0.0,0.0,,NCL
2019,-0.0,0.0,,NCL
2020,-0.0,0.0,,NCL
2021,-0.0,0.0,,NCL
2022,-0.0,0.0,,NCL
2023,-0.0,0.0,,NCL
1948,,,,NER
1949,,,,NER
1950,,,,NER
1951,,,,NER
1952,,,,NER
1953,,,,NER
1954,,,,NER
1955,,,,NER
1956,-0.0,0.0,,NER
1957,-0.0,0.0,,NER
1958,-0.0,0.0,,NER
1959,-0.0,0.0,,NER
1960,-0.0,0.0,,NER
1961,-0.0,0.0,,NER
1962,-0.0,0.0,,NER
1963,-0.0,0.0,,NER
1964,-0.0,0.0,,NER
1965,-0.0,0.0,,NER
1966,-0.0,0.0,,NER
1967,-0.0,0.0,,NER
1968,-0.0,0.0,,NER
1969,-0.0,0.0,,NER
1970,-0.0,0.0,,NER
1971,-0.0,0.0,,NER
1972,-0.0,0.0,,NER
1973,-0.0,0.0,,NER
1974,-0.0,0.0,,NER
1975,-0.0,0.0,,NER
1976,-0.0,0.0,,NER
1977,-0.0,0.0,,NER
1978,-0.0,0.0,,NER
1979,-0.0,0.0,,NER
1980,-0.0,0.0,,NER
1981,-0.0,0.0,,NER
1982,-0.0,0.0,,NER
1983,-0.0,0.0,,NER
1984,-0.0,0.0,,NER
1985,-0.0,0.0,,NER
1986,-0.0,0.0,,NER
1987,-0.0,0.0,,NER
1988,-0.0,0.0,,NER
1989,-0.0,0.0,,NER
1990,-0.0,0.0,,NER
1991,-0.0,0.0,,NER
1992,-0.0,0.0,,NER
1993,-0.6,2.0,0.0,NER
1994,-0.6914571812922546,3.3891625615763545,0.4098837209302325,NER
1995,-0.6914571812922546,3.3891625615763545,0.4098837209302325,NER
1996,-0.6914571812922546,3.3891625615763545,0.4098837209302325,NER
1997,-0.6914571812922546,3.3891625615763545,0.4098837209302325,NER
1998,-0.6914571812922546,3.3891625615763545,0.4098837209302325,NER
1999,-0.6914571812922546,3.3891625615763545,0.4098837209302325,NER
2000,-0.6830452060267916,3.881226053639847,0.4846989141164857,NER
2001,-0.6830452060267916,3.881226053639847,0.4846989141164857,NER
2002,-0.6830452060267916,3.881226053639847,0.4846989141164857,NER
2003,-0.4263798724397954,1.881226053639847,0.2615653185917953,NER
2004,-0.14761904761904765,0.49206349206349254,,NER
2005,-0.14761904761904765,0.49206349206349254,,NER
2006,-0.14761904761904765,0.49206349206349254,,NER
2007,-0.14761904761904765,0.49206349206349254,,NER
2008,-0.14761904761904765,0.49206349206349254,,NER
2009,-0.14761904761904765,0.49206349206349254,,NER
2010,-0.0,0.0,,NER
2011,-0.0,0.0,,NER
2012,-0.0,0.0,,NER
2013,-0.0,0.0,,NER
2014,-0.0,0.0,,NER
2015,-0.0,0.0,,NER
2016,-0.0,0.0,,NER
2017,-0.0,0.0,,NER
2018,-0.0,0.0,,NER
2019,-0.0,0.0,,NER
2020,-0.03563218390804588,0.11877394636015293,,NER
2021,-0.03563218390804588,0.11877394636015293,,NER
2022,-0.03563218390804588,0.11877394636015293,,NER
2023,-0.03563218390804588,0.11877394636015293,,NER
1948,,,,NGA
1949,,,,NGA
1950,,,,NGA
1951,,,,NGA
1952,,,,NGA
1953,,,,NGA
1954,,,,NGA
1955,,,,NGA
1956,-0.0,0.0,,NGA
1957,-0.0,0.0,,NGA
1958,-0.0,0.0,,NGA
1959,-0.0,0.0,,NGA
1960,-0.0,0.0,,NGA
1961,-0.0,0.0,,NGA
1962,-0.0,0.0,,NGA
1963,-0.0,0.0,,NGA
1964,-0.0,0.0,,NGA
1965,-0.0,0.0,,NGA
1966,-0.0,0.0,,NGA
1967,-0.0,0.0,,NGA
1968,-0.0,0.0,,NGA
1969,-0.0,0.0,,NGA
1970,-0.0,0.0,,NGA
1971,-0.0,0.0,,NGA
1972,-0.0,0.0,,NGA
1973,-0.0,0.0,,NGA
1974,-0.0,0.0,,NGA
1975,-0.0,0.0,,NGA
1976,-0.0,0.0,,NGA
1977,-0.0,0.0,,NGA
1978,-0.0,0.0,,NGA
1979,-0.0,0.0,,NGA
1980,-0.0,0.0,,NGA
1981,-0.0,0.0,,NGA
1982,-0.0,0.0,,NGA
1983,-0.0,0.0,,NGA
1984,-0.0,0.0,,NGA
1985,-0.0,0.0,,NGA
1986,-0.0,0.0,,NGA
1987,-0.0,0.0,,NGA
1988,-0.0,0.0,,NGA
1989,-0.0,0.0,,NGA
1990,-0.0,0.0,,NGA
1991,-0.0,0.0,,NGA
1992,-0.0,0.0,,NGA
1993,-0.6,2.0,0.0,NGA
1994,-0.6176169152341549,2.7586206896551726,0.275,NGA
1995,-0.6176169152341549,2.7586206896551726,0.275,NGA
1996,-0.6176169152341549,2.7586206896551726,0.275,NGA
1997,-0.6176169152341549,2.7586206896551726,0.275,NGA
1998,-0.6176169152341549,2.7586206896551726,0.275,NGA
1999,-0.6176169152341549,2.7586206896551726,0.275,NGA
2000,-0.6176169152341549,2.7586206896551726,0.275,NGA
2001,-0.6176169152341549,2.7586206896551726,0.275,NGA
2002,-0.6176169152341549,2.7586206896551726,0.275,NGA
2003,-0.22758620689655185,0.7586206896551726,0.0,NGA
2004,-0.0,0.0,,NGA
2005,-0.0,0.0,,NGA
2006,-0.0,0.0,,NGA
2007,-0.0,0.0,,NGA
2008,-0.0,0.0,,NGA
2009,-0.0,0.0,,NGA
2010,-0.0,0.0,,NGA
2011,-0.05493460166468505,0.18311533888228348,,NGA
2012,-0.05493460166468505,0.18311533888228348,,NGA
2013,-0.05493460166468505,0.18311533888228348,,NGA
2014,-0.05493460166468505,0.18311533888228348,,NGA
2015,-0.05493460166468505,0.18311533888228348,,NGA
2016,-0.05493460166468505,0.18311533888228348,,NGA
2017,-0.05493460166468505,0.18311533888228348,,NGA
2018,-0.05493460166468505,0.18311533888228348,,NGA
2019,-0.05493460166468505,0.18311533888228348,,NGA
2020,-0.05576694411414992,0.2413793103448274,,NGA
2021,-0.01747919143876317,0.05826397146254392,,NGA
2022,-0.01747919143876317,0.05826397146254392,,NGA
2023,-0.01747919143876317,0.05826397146254392,,NGA
1948,,,,NIC
1949,,,,NIC
1950,,,,NIC
1951,,,,NIC
1952,,,,NIC
1953,,,,NIC
1954,,,,NIC
1955,,,,NIC
1956,-0.2204792759220492,0.6666666666666666,0.0,NIC
1957,-0.20951312035156963,0.6666666666666666,0.0,NIC
1958,-0.19999999999999998,0.6666666666666666,0.0,NIC
1959,-0.2058723050780516,0.9195402298850576,0.27500000000000013,NIC
1960,-0.2058723050780516,0.9195402298850576,0.27500000000000013,NIC
1961,-0.3011603928861845,1.2528735632183907,0.20183486238532133,NIC
1962,-0.3011603928861845,1.2528735632183907,0.20183486238532133,NIC
1963,-0.3011603928861845,1.2528735632183907,0.20183486238532133,NIC
1964,-0.3011603928861845,1.2528735632183907,0.20183486238532133,NIC
1965,-0.3011603928861845,1.2528735632183907,0.20183486238532133,NIC
1966,-0.3011603928861845,1.2528735632183907,0.20183486238532133,NIC
1967,-0.3011603928861845,1.2528735632183907,0.20183486238532133,NIC
1968,-0.3011603928861845,1.2528735632183907,0.20183486238532133,NIC
1969,-0.2999999999999999,0.9999999999999997,0.0,NIC
1970,-0.2999999999999999,0.9999999999999997,0.0,NIC
1971,-0.0,0.0,,NIC
1972,-0.0,0.0,,NIC
1973,-0.0,0.0,,NIC
1974,-0.0,0.0,,NIC
1975,-0.0,0.0,,NIC
1976,-0.0,0.0,,NIC
1977,-0.0,0.0,,NIC
1978,-0.0,0.0,,NIC
1979,-0.0,0.0,,NIC
1980,-0.0,0.0,,NIC
1981,-0.0,0.0,,NIC
1982,-0.0,0.0,,NIC
1983,-0.0,0.0,,NIC
1984,-0.0,0.0,,NIC
1985,-0.0,0.0,,NIC
1986,-0.0,0.0,,NIC
1987,-0.0,0.0,,NIC
1988,-0.0,0.0,,NIC
1989,-0.0,0.0,,NIC
1990,-0.0,0.0,,NIC
1991,-0.0,0.0,,NIC
1992,-0.0,0.0,,NIC
1993,-0.0,0.0,,NIC
1994,-0.0,0.0,,NIC
1995,-0.0,0.0,,NIC
1996,-0.0,0.0,,NIC
1997,-0.0,0.0,,NIC
1998,-1.1289272030651343,3.763090676883781,0.0,NIC
1999,-1.1289272030651343,3.763090676883781,0.0,NIC
2000,-1.1289272030651343,3.763090676883781,0.0,NIC
2001,-1.1225677866321535,4.055775507308075,0.07216494845360821,NIC
2002,-1.1217000477706953,4.080459770114943,0.07777777777777761,NIC
2003,-1.1217000477706953,4.080459770114943,0.07777777777777761,NIC
2004,-1.1217000477706953,4.080459770114943,0.07777777777777761,NIC
2005,-1.1217000477706953,4.080459770114943,0.07777777777777761,NIC
2006,-1.1217000477706953,4.080459770114943,0.07777777777777761,NIC
2007,-1.1217000477706953,4.080459770114943,0.07777777777777761,NIC
2008,-0.08729341822667849,0.3173690932311617,,NIC
2009,-0.08729341822667849,0.3173690932311617,,NIC
2010,-0.08729341822667849,0.3173690932311617,,NIC
2011,-0.0074052788420519875,0.02468426280686753,,NIC
2012,-0.0,0.0,,NIC
2013,-0.0,0.0,,NIC
2014,-0.0,0.0,,NIC
2015,-0.0,0.0,,NIC
2016,-0.0,0.0,,NIC
2017,-0.0,0.0,,NIC
2018,-0.0,0.0,,NIC
2019,-0.0,0.0,,NIC
2020,-0.0,0.0,,NIC
2021,-0.0,0.0,,NIC
2022,-0.0,0.0,,NIC
2023,-0.0,0.0,,NIC
1948,,,,NIU
1949,,,,NIU
1950,,,,NIU
1951,,,,NIU
1952,,,,NIU
1953,,,,NIU
1954,,,,NIU
1955,,,,NIU
1956,-0.0,0.0,,NIU
1957,-0.0,0.0,,NIU
1958,-0.0,0.0,,NIU
1959,-0.0,0.0,,NIU
1960,-0.0,0.0,,NIU
1961,-0.0,0.0,,NIU
1962,-0.0,0.0,,NIU
1963,-0.0,0.0,,NIU
1964,-0.0,0.0,,NIU
1965,-0.0,0.0,,NIU
1966,-0.0,0.0,,NIU
1967,-0.0,0.0,,NIU
1968,-0.0,0.0,,NIU
1969,-0.0,0.0,,NIU
1970,-0.0,0.0,,NIU
1971,-0.0,0.0,,NIU
1972,-0.0,0.0,,NIU
1973,-0.0,0.0,,NIU
1974,-0.0,0.0,,NIU
1975,-0.0,0.0,,NIU
1976,-0.0,0.0,,NIU
1977,-0.0,0.0,,NIU
1978,-0.0,0.0,,NIU
1979,-0.0,0.0,,NIU
1980,-0.0,0.0,,NIU
1981,-0.15238095238095237,0.5079365079365079,0.0,NIU
1982,-0.15238095238095237,0.5079365079365079,0.0,NIU
1983,-0.15238095238095237,0.5079365079365079,0.0,NIU
1984,-0.15238095238095237,0.5079365079365079,0.0,NIU
1985,-0.15238095238095237,0.5079365079365079,0.0,NIU
1986,-0.15238095238095237,0.5079365079365079,0.0,NIU
1987,-0.15238095238095237,0.5079365079365079,0.0,NIU
1988,-0.15238095238095237,0.5079365079365079,0.0,NIU
1989,-0.15238095238095237,0.5079365079365079,0.0,NIU
1990,-0.15238095238095237,0.5079365079365079,0.0,NIU
1991,-0.0,0.0,,NIU
1992,-0.0,0.0,,NIU
1993,-0.0,0.0,,NIU
1994,-0.0,0.0,,NIU
1995,-0.0,0.0,,NIU
1996,-0.0,0.0,,NIU
1997,-0.0,0.0,,NIU
1998,-0.0,0.0,,NIU
1999,-0.0,0.0,,NIU
2000,-0.0,0.0,,NIU
2001,-0.0,0.0,,NIU
2002,-0.0,0.0,,NIU
2003,-0.6,2.0,0.0,NIU
2004,-0.6,2.0,0.0,NIU
2005,-0.6,2.0,0.0,NIU
2006,-0.6,2.0,0.0,NIU
2007,-0.6,2.0,0.0,NIU
2008,-0.6,2.0,0.0,NIU
2009,-0.6,2.0,0.0,NIU
2010,-0.6,2.0,0.0,NIU
2011,-0.6,2.0,0.0,NIU
2012,-0.6,2.0,0.0,NIU
2013,-0.0,0.0,,NIU
2014,-0.0,0.0,,NIU
2015,-0.0,0.0,,NIU
2016,-0.0,0.0,,NIU
2017,-0.0,0.0,,NIU
2018,-0.0,0.0,,NIU
2019,-0.0,0.0,,NIU
2020,-0.7476190476190476,2.492063492063492,0.0,NIU
2021,-0.7476190476190476,2.492063492063492,0.0,NIU
2022,-0.7476190476190476,2.492063492063492,0.0,NIU
2023,-0.7476190476190476,2.492063492063492,0.0,NIU
1948,,,,NLD
1949,,,,NLD
1950,,,,NLD
1951,,,,NLD
1952,,,,NLD
1953,,,,NLD
1954,,,,NLD
1955,,,,NLD
1956,-0.0,0.0,,NLD
1957,-0.0,0.0,,NLD
1958,-1.5,5.0,0.0,NLD
1959,-1.5,5.0,0.0,NLD
1960,-1.4910846164230027,5.666666666666666,0.11764705882352933,NLD
1961,-1.4910846164230027,5.666666666666666,0.11764705882352933,NLD
1962,-1.4910846164230027,5.666666666666666,0.11764705882352933,NLD
1963,-1.4910846164230027,5.666666666666666,0.11764705882352933,NLD
1964,-1.4910846164230027,5.666666666666666,0.11764705882352933,NLD
1965,-1.4910846164230027,5.666666666666666,0.11764705882352933,NLD
1966,-1.4910846164230027,5.666666666666666,0.11764705882352933,NLD
1967,-1.4910846164230027,5.666666666666666,0.11764705882352933,NLD
1968,-0.19999999999999954,0.6666666666666661,0.0,NLD
1969,-0.19999999999999954,0.6666666666666661,0.0,NLD
1970,-0.0,0.0,,NLD
1971,-0.0,0.0,,NLD
1972,-0.0,0.0,,NLD
1973,-0.10000000000000017,0.3333333333333339,,NLD
1974,-0.10000000000000017,0.3333333333333339,,NLD
1975,-0.10000000000000017,0.3333333333333339,,NLD
1976,-0.10000000000000017,0.3333333333333339,,NLD
1977,-0.10000000000000017,0.3333333333333339,,NLD
1978,-0.10000000000000017,0.3333333333333339,,NLD
1979,-0.10000000000000017,0.3333333333333339,,NLD
1980,-0.10000000000000017,0.3333333333333339,,NLD
1981,-0.10000000000000017,0.3333333333333339,,NLD
1982,-0.10000000000000017,0.3333333333333339,,NLD
1983,-0.0,0.0,,NLD
1984,-0.0,0.0,,NLD
1985,-0.0,0.0,,NLD
1986,-0.0,0.0,,NLD
1987,-0.0,0.0,,NLD
1988,-0.0,0.0,,NLD
1989,-0.0,0.0,,NLD
1990,-0.0,0.0,,NLD
1991,-0.0,0.0,,NLD
1992,-0.0,0.0,,NLD
1993,-0.0,0.0,,NLD
1994,-0.0,0.0,,NLD
1995,-0.0,0.0,,NLD
1996,-0.0,0.0,,NLD
1997,-0.0,0.0,,NLD
1998,-0.0,0.0,,NLD
1999,-0.0,0.0,,NLD
2000,-0.0,0.0,,NLD
2001,-0.0,0.0,,NLD
2002,-0.0,0.0,,NLD
2003,-0.0,0.0,,NLD
2004,-0.0,0.0,,NLD
2005,-0.0,0.0,,NLD
2006,-0.0,0.0,,NLD
2007,-0.0,0.0,,NLD
2008,-0.0,0.0,,NLD
2009,-0.0,0.0,,NLD
2010,-0.0,0.0,,NLD
2011,-0.0,0.0,,NLD
2012,-0.0,0.0,,NLD
2013,-0.0,0.0,,NLD
2014,-0.0,0.0,,NLD
2015,-0.0,0.0,,NLD
2016,-0.0,0.0,,NLD
2017,-0.0,0.0,,NLD
2018,-0.0,0.0,,NLD
2019,-0.0,0.0,,NLD
2020,-0.0,0.0,,NLD
2021,-0.0,0.0,,NLD
2022,-0.0,0.0,,NLD
2023,-0.0,0.0,,NLD
1948,,,,NOR
1949,,,,NOR
1950,,,,NOR
1951,,,,NOR
1952,,,,NOR
1953,,,,NOR
1954,,,,NOR
1955,,,,NOR
1956,-0.0,0.0,,NOR
1957,-0.0,0.0,,NOR
1958,-0.0,0.0,,NOR
1959,-0.0,0.0,,NOR
1960,-1.8000000000000003,6.0,0.0,NOR
1961,-1.8000000000000003,6.0,0.0,NOR
1962,-1.8000000000000003,6.0,0.0,NOR
1963,-1.8000000000000003,6.0,0.0,NOR
1964,-1.8000000000000003,6.0,0.0,NOR
1965,-1.8000000000000003,6.0,0.0,NOR
1966,-1.8000000000000003,6.0,0.0,NOR
1967,-1.8000000000000003,6.0,0.0,NOR
1968,-1.8000000000000003,6.0,0.0,NOR
1969,-1.8000000000000003,6.0,0.0,NOR
1970,-0.0,0.0,,NOR
1971,-0.0,0.0,,NOR
1972,-0.0,0.0,,NOR
1973,-0.0,0.0,,NOR
1974,-0.0,0.0,,NOR
1975,-0.0,0.0,,NOR
1976,-0.0,0.0,,NOR
1977,-0.0,0.0,,NOR
1978,-0.0,0.0,,NOR
1979,-0.0,0.0,,NOR
1980,-0.0,0.0,,NOR
1981,-0.0,0.0,,NOR
1982,-0.0,0.0,,NOR
1983,-0.0,0.0,,NOR
1984,-0.0,0.0,,NOR
1985,-0.0,0.0,,NOR
1986,-0.0,0.0,,NOR
1987,-0.0,0.0,,NOR
1988,-0.0,0.0,,NOR
1989,-0.0,0.0,,NOR
1990,-0.0,0.0,,NOR
1991,-0.0,0.0,,NOR
1992,-0.0,0.0,,NOR
1993,-0.0,0.0,,NOR
1994,-0.0,0.0,,NOR
1995,-0.0,0.0,,NOR
1996,-0.0,0.0,,NOR
1997,-0.0,0.0,,NOR
1998,-0.0,0.0,,NOR
1999,-0.0,0.0,,NOR
2000,-0.0,0.0,,NOR
2001,-0.0,0.0,,NOR
2002,-0.0,0.0,,NOR
2003,-0.0,0.0,,NOR
2004,-0.0,0.0,,NOR
2005,-0.0,0.0,,NOR
2006,-0.0,0.0,,NOR
2007,-0.0,0.0,,NOR
2008,-0.0,0.0,,NOR
2009,-0.0,0.0,,NOR
2010,-0.0,0.0,,NOR
2011,-0.0,0.0,,NOR
2012,-0.0,0.0,,NOR
2013,-0.0,0.0,,NOR
2014,-0.0,0.0,,NOR
2015,-0.0,0.0,,NOR
2016,-0.0,0.0,,NOR
2017,-0.0,0.0,,NOR
2018,-0.0,0.0,,NOR
2019,-0.0,0.0,,NOR
2020,-0.0,0.0,,NOR
2021,-0.0,0.0,,NOR
2022,-0.0,0.0,,NOR
2023,-0.0,0.0,,NOR
1948,,,,NPL
1949,,,,NPL
1950,,,,NPL
1951,,,,NPL
1952,,,,NPL
1953,,,,NPL
1954,,,,NPL
1955,,,,NPL
1956,-0.0,0.0,,NPL
1957,-0.0,0.0,,NPL
1958,-0.0,0.0,,NPL
1959,-0.0,0.0,,NPL
1960,-0.0,0.0,,NPL
1961,-0.0,0.0,,NPL
1962,-0.0,0.0,,NPL
1963,-0.0,0.0,,NPL
1964,-0.0,0.0,,NPL
1965,-0.0,0.0,,NPL
1966,-0.0,0.0,,NPL
1967,-0.0,0.0,,NPL
1968,-0.0,0.0,,NPL
1969,-0.0,0.0,,NPL
1970,-0.0,0.0,,NPL
1971,-0.0,0.0,,NPL
1972,-0.0,0.0,,NPL
1973,-0.0,0.0,,NPL
1974,-0.0,0.0,,NPL
1975,-0.0,0.0,,NPL
1976,-0.0,0.0,,NPL
1977,-0.0,0.0,,NPL
1978,-0.0,0.0,,NPL
1979,-0.0,0.0,,NPL
1980,-0.0,0.0,,NPL
1981,-0.0,0.0,,NPL
1982,-0.0,0.0,,NPL
1983,-0.0,0.0,,NPL
1984,-0.0,0.0,,NPL
1985,-0.0,0.0,,NPL
1986,-0.0,0.0,,NPL
1987,-0.0,0.0,,NPL
1988,-0.0,0.0,,NPL
1989,-0.0,0.0,,NPL
1990,-0.0,0.0,,NPL
1991,-0.0,0.0,,NPL
1992,-0.0,0.0,,NPL
1993,-0.0,0.0,,NPL
1994,-0.0,0.0,,NPL
1995,-0.0,0.0,,NPL
1996,-0.0,0.0,,NPL
1997,-0.0,0.0,,NPL
1998,-0.0,0.0,,NPL
1999,-0.0,0.0,,NPL
2000,-0.0,0.0,,NPL
2001,-0.0,0.0,,NPL
2002,-0.0,0.0,,NPL
2003,-0.0,0.0,,NPL
2004,-0.0,0.0,,NPL
2005,-0.0,0.0,,NPL
2006,-0.0,0.0,,NPL
2007,-0.0,0.0,,NPL
2008,-0.0,0.0,,NPL
2009,-0.0,0.0,,NPL
2010,-0.0,0.0,,NPL
2011,-0.0,0.0,,NPL
2012,-0.0,0.0,,NPL
2013,-0.0,0.0,,NPL
2014,-0.0,0.0,,NPL
2015,-0.0,0.0,,NPL
2016,-0.0,0.0,,NPL
2017,-0.0,0.0,,NPL
2018,-0.0,0.0,,NPL
2019,-0.0,0.0,,NPL
2020,-0.0,0.0,,NPL
2021,-0.0,0.0,,NPL
2022,-0.0,0.0,,NPL
2023,-0.0,0.0,,NPL
1948,,,,NRU
1949,,,,NRU
1950,,,,NRU
1951,,,,NRU
1952,,,,NRU
1953,,,,NRU
1954,,,,NRU
1955,,,,NRU
1956,-0.0,0.0,,NRU
1957,-0.0,0.0,,NRU
1958,-0.0,0.0,,NRU
1959,-0.0,0.0,,NRU
1960,-0.0,0.0,,NRU
1961,-0.0,0.0,,NRU
1962,-0.0,0.0,,NRU
1963,-0.0,0.0,,NRU
1964,-0.0,0.0,,NRU
1965,-0.0,0.0,,NRU
1966,-0.0,0.0,,NRU
1967,-0.0,0.0,,NRU
1968,-0.0,0.0,,NRU
1969,-0.0,0.0,,NRU
1970,-0.0,0.0,,NRU
1971,-0.0,0.0,,NRU
1972,-0.0,0.0,,NRU
1973,-0.0,0.0,,NRU
1974,-0.0,0.0,,NRU
1975,-0.0,0.0,,NRU
1976,-0.0,0.0,,NRU
1977,-0.0,0.0,,NRU
1978,-0.0,0.0,,NRU
1979,-0.0,0.0,,NRU
1980,-0.0,0.0,,NRU
1981,-0.0,0.0,,NRU
1982,-0.0,0.0,,NRU
1983,-0.0,0.0,,NRU
1984,-0.0,0.0,,NRU
1985,-0.0,0.0,,NRU
1986,-0.0,0.0,,NRU
1987,-0.0,0.0,,NRU
1988,-0.0,0.0,,NRU
1989,-0.0,0.0,,NRU
1990,-0.0,0.0,,NRU
1991,-0.0,0.0,,NRU
1992,-0.0,0.0,,NRU
1993,-0.0,0.0,,NRU
1994,-0.0,0.0,,NRU
1995,-0.0,0.0,,NRU
1996,-0.0,0.0,,NRU
1997,-0.0,0.0,,NRU
1998,-0.0,0.0,,NRU
1999,-0.0,0.0,,NRU
2000,-0.0,0.0,,NRU
2001,-0.0,0.0,,NRU
2002,-0.0,0.0,,NRU
2003,-0.6,2.0,0.0,NRU
2004,-0.6,2.0,0.0,NRU
2005,-0.6,2.0,0.0,NRU
2006,-0.6,2.0,0.0,NRU
2007,-0.6,2.0,0.0,NRU
2008,-0.6,2.0,0.0,NRU
2009,-0.6,2.0,0.0,NRU
2010,-0.6,2.0,0.0,NRU
2011,-0.6,2.0,0.0,NRU
2012,-0.6,2.0,0.0,NRU
2013,-0.0,0.0,,NRU
2014,-0.0,0.0,,NRU
2015,-0.0,0.0,,NRU
2016,-0.0,0.0,,NRU
2017,-0.0,0.0,,NRU
2018,-0.0,0.0,,NRU
2019,-0.0,0.0,,NRU
2020,-0.9000000000000001,3.0,0.0,NRU
2021,-0.9000000000000001,3.0,0.0,NRU
2022,-0.9000000000000001,3.0,0.0,NRU
2023,-0.9000000000000001,3.0,0.0,NRU
1948,,,,NZL
1949,,,,NZL
1950,,,,NZL
1951,,,,NZL
1952,,,,NZL
1953,,,,NZL
1954,,,,NZL
1955,,,,NZL
1956,-0.0,0.0,,NZL
1957,-0.0,0.0,,NZL
1958,-0.0,0.0,,NZL
1959,-0.0,0.0,,NZL
1960,-0.0,0.0,,NZL
1961,-0.0,0.0,,NZL
1962,-0.0,0.0,,NZL
1963,-0.0,0.0,,NZL
1964,-0.0,0.0,,NZL
1965,-0.0,0.0,,NZL
1966,-0.0,0.0,,NZL
1967,-0.0,0.0,,NZL
1968,-0.0,0.0,,NZL
1969,-0.0,0.0,,NZL
1970,-0.0,0.0,,NZL
1971,-0.0,0.0,,NZL
1972,-0.0,0.0,,NZL
1973,-0.0,0.0,,NZL
1974,-0.0,0.0,,NZL
1975,-0.0,0.0,,NZL
1976,-0.0,0.0,,NZL
1977,-0.0,0.0,,NZL
1978,-0.0,0.0,,NZL
1979,-0.0,0.0,,NZL
1980,-0.0,0.0,,NZL
1981,-0.15238095238095237,0.5079365079365079,0.0,NZL
1982,-0.15238095238095237,0.5079365079365079,0.0,NZL
1983,-0.8959596889215137,3.507936507936508,0.14479638009049778,NZL
1984,-0.8959596889215137,3.507936507936508,0.14479638009049778,NZL
1985,-0.8959596889215137,3.507936507936508,0.14479638009049778,NZL
1986,-0.8959596889215137,3.507936507936508,0.14479638009049778,NZL
1987,-0.8959596889215137,3.507936507936508,0.14479638009049778,NZL
1988,-0.8959596889215137,3.507936507936508,0.14479638009049778,NZL
1989,-0.8892866054831844,3.7578735197782818,0.2016761649346296,NZL
1990,-0.8892866054831844,3.7578735197782818,0.2016761649346296,NZL
1991,-0.8947770365736086,3.249937011841774,0.07690518644856192,NZL
1992,-0.8947770365736086,3.249937011841774,0.07690518644856192,NZL
1993,-0.07498110355253125,0.24993701184177386,,NZL
1994,-0.07498110355253125,0.24993701184177386,,NZL
1995,-0.07498110355253125,0.24993701184177386,,NZL
1996,-0.07498110355253125,0.24993701184177386,,NZL
1997,-0.07498110355253125,0.24993701184177386,,NZL
1998,-0.07498110355253125,0.24993701184177386,,NZL
1999,-0.0,0.0,,NZL
2000,-0.0,0.0,,NZL
2001,-0.6726379440665154,2.2421264802217182,0.0,NZL
2002,-0.6726379440665154,2.2421264802217182,0.0,NZL
2003,-0.6726379440665154,2.2421264802217182,0.0,NZL
2004,-0.6726379440665154,2.2421264802217182,0.0,NZL
2005,-0.6726379440665154,2.2421264802217182,0.0,NZL
2006,-0.6726379440665154,2.2421264802217182,0.0,NZL
2007,-0.6726379440665154,2.2421264802217182,0.0,NZL
2008,-0.6726379440665154,2.2421264802217182,0.0,NZL
2009,-0.6726379440665154,2.2421264802217182,0.0,NZL
2010,-0.6726379440665154,2.2421264802217182,0.0,NZL
2011,-0.0,0.0,,NZL
2012,-0.0,0.0,,NZL
2013,-0.0,0.0,,NZL
2014,-0.0,0.0,,NZL
2015,-0.0,0.0,,NZL
2016,-0.0,0.0,,NZL
2017,-0.0,0.0,,NZL
2018,-0.0,0.0,,NZL
2019,-0.0,0.0,,NZL
2020,-0.0,0.0,,NZL
2021,-0.0,0.0,,NZL
2022,-0.0,0.0,,NZL
2023,-0.0,0.0,,NZL
1948,,,,OMN
1949,,,,OMN
1950,,,,OMN
1951,,,,OMN
1952,,,,OMN
1953,,,,OMN
1954,,,,OMN
1955,,,,OMN
1956,-0.0,0.0,,OMN
1957,-0.0,0.0,,OMN
1958,-0.0,0.0,,OMN
1959,-0.0,0.0,,OMN
1960,-0.0,0.0,,OMN
1961,-0.0,0.0,,OMN
1962,-0.0,0.0,,OMN
1963,-0.0,0.0,,OMN
1964,-0.0,0.0,,OMN
1965,-0.0,0.0,,OMN
1966,-0.0,0.0,,OMN
1967,-0.0,0.0,,OMN
1968,-0.0,0.0,,OMN
1969,-0.0,0.0,,OMN
1970,-0.0,0.0,,OMN
1971,-0.0,0.0,,OMN
1972,-0.0,0.0,,OMN
1973,-0.0,0.0,,OMN
1974,-0.0,0.0,,OMN
1975,-0.0,0.0,,OMN
1976,-0.0,0.0,,OMN
1977,-0.0,0.0,,OMN
1978,-0.0,0.0,,OMN
1979,-0.0,0.0,,OMN
1980,-0.0,0.0,,OMN
1981,-0.0,0.0,,OMN
1982,-0.0,0.0,,OMN
1983,-0.0,0.0,,OMN
1984,-0.0,0.0,,OMN
1985,-0.0,0.0,,OMN
1986,-0.0,0.0,,OMN
1987,-0.0,0.0,,OMN
1988,-0.0,0.0,,OMN
1989,-0.0,0.0,,OMN
1990,-0.0,0.0,,OMN
1991,-0.0,0.0,,OMN
1992,-0.0,0.0,,OMN
1993,-0.0,0.0,,OMN
1994,-0.0,0.0,,OMN
1995,-0.0,0.0,,OMN
1996,-0.0,0.0,,OMN
1997,-0.0,0.0,,OMN
1998,-0.15238095238095237,0.5079365079365079,0.0,OMN
1999,-0.15238095238095237,0.5079365079365079,0.0,OMN
2000,-0.15238095238095237,0.5079365079365079,0.0,OMN
2001,-0.15238095238095237,0.5079365079365079,0.0,OMN
2002,-0.15238095238095237,0.5079365079365079,0.0,OMN
2003,-0.7462157827713389,3.0,0.1693121693121693,OMN
2004,-0.7462157827713389,3.0,0.1693121693121693,OMN
2005,-0.7462157827713389,3.0,0.1693121693121693,OMN
2006,-0.7462157827713389,3.0,0.1693121693121693,OMN
2007,-0.7462157827713389,3.0,0.1693121693121693,OMN
2008,-0.7476190476190476,2.492063492063492,0.0,OMN
2009,-1.1042691840484378,5.492063492063492,0.45375722543352603,OMN
2010,-1.1042691840484378,5.492063492063492,0.45375722543352603,OMN
2011,-1.1042691840484378,5.492063492063492,0.45375722543352603,OMN
2012,-1.1042691840484378,5.492063492063492,0.45375722543352603,OMN
2013,-0.9000000000000001,3.0,0.0,OMN
2014,-0.9000000000000001,3.0,0.0,OMN
2015,-0.9000000000000001,3.0,0.0,OMN
2016,-0.9000000000000001,3.0,0.0,OMN
2017,-0.9000000000000001,3.0,0.0,OMN
2018,-0.9000000000000001,3.0,0.0,OMN
2019,-0.0,0.0,,OMN
2020,-0.0,0.0,,OMN
2021,-0.0,0.0,,OMN
2022,-0.0,0.0,,OMN
2023,-0.0,0.0,,OMN
1948,,,,PAK
1949,,,,PAK
1950,,,,PAK
1951,,,,PAK
1952,,,,PAK
1953,,,,PAK
1954,,,,PAK
1955,,,,PAK
1956,-0.0,0.0,,PAK
1957,-0.0,0.0,,PAK
1958,-0.0,0.0,,PAK
1959,-0.0,0.0,,PAK
1960,-0.0,0.0,,PAK
1961,-0.0,0.0,,PAK
1962,-0.0,0.0,,PAK
1963,-0.0,0.0,,PAK
1964,-0.0,0.0,,PAK
1965,-0.0,0.0,,PAK
1966,-0.0,0.0,,PAK
1967,-0.0,0.0,,PAK
1968,-0.0,0.0,,PAK
1969,-0.0,0.0,,PAK
1970,-0.0,0.0,,PAK
1971,-0.0,0.0,,PAK
1972,-0.0,0.0,,PAK
1973,-0.0,0.0,,PAK
1974,-0.0,0.0,,PAK
1975,-0.0,0.0,,PAK
1976,-0.0,0.0,,PAK
1977,-0.0,0.0,,PAK
1978,-0.0,0.0,,PAK
1979,-0.0,0.0,,PAK
1980,-0.0,0.0,,PAK
1981,-0.0,0.0,,PAK
1982,-0.0,0.0,,PAK
1983,-0.0,0.0,,PAK
1984,-0.0,0.0,,PAK
1985,-0.0,0.0,,PAK
1986,-0.0,0.0,,PAK
1987,-0.0,0.0,,PAK
1988,-0.0,0.0,,PAK
1989,-0.0,0.0,,PAK
1990,-0.0,0.0,,PAK
1991,-0.0,0.0,,PAK
1992,-0.0,0.0,,PAK
1993,-0.0,0.0,,PAK
1994,-0.0,0.0,,PAK
1995,-0.0,0.0,,PAK
1996,-0.0,0.0,,PAK
1997,-0.0,0.0,,PAK
1998,-0.0,0.0,,PAK
1999,-0.0,0.0,,PAK
2000,-0.0,0.0,,PAK
2001,-0.0,0.0,,PAK
2002,-0.0,0.0,,PAK
2003,-0.0,0.0,,PAK
2004,-0.0,0.0,,PAK
2005,-0.3,1.0,0.0,PAK
2006,-0.35584135197649047,1.7586206896551724,0.43137254901960786,PAK
2007,-0.7070563318162665,4.0,0.43965517241379315,PAK
2008,-0.7140928905691992,5.0,0.5517241379310345,PAK
2009,-0.7140928905691992,5.0,0.5517241379310345,PAK
2010,-0.7140928905691992,5.0,0.5517241379310345,PAK
2011,-0.7140928905691992,5.0,0.5517241379310345,PAK
2012,-0.7140928905691992,5.0,0.5517241379310345,PAK
2013,-0.7140928905691992,5.0,0.5517241379310345,PAK
2014,-0.7140928905691992,5.0,0.5517241379310345,PAK
2015,-0.7070563318162665,4.0,0.43965517241379315,PAK
2016,-0.7052040293056119,3.2413793103448274,0.3085106382978724,PAK
2017,-0.30000000000000004,1.0,0.0,PAK
2018,-0.0,0.0,,PAK
2019,-0.0,0.0,,PAK
2020,-0.0,0.0,,PAK
2021,-0.0,0.0,,PAK
2022,-0.0,0.0,,PAK
2023,-0.0,0.0,,PAK
1948,,,,PAN
1949,,,,PAN
1950,,,,PAN
1951,,,,PAN
1952,,,,PAN
1953,,,,PAN
1954,,,,PAN
1955,,,,PAN
1956,-0.0,0.0,,PAN
1957,-0.0,0.0,,PAN
1958,-0.0,0.0,,PAN
1959,-0.0,0.0,,PAN
1960,-0.0,0.0,,PAN
1961,-0.0,0.0,,PAN
1962,-0.0,0.0,,PAN
1963,-0.3,1.0,0.0,PAN
1964,-0.3,1.0,0.0,PAN
1965,-0.3,1.0,0.0,PAN
1966,-0.3,1.0,0.0,PAN
1967,-0.3,1.0,0.0,PAN
1968,-0.3,1.0,0.0,PAN
1969,-0.3,1.0,0.0,PAN
1970,-0.3,1.0,0.0,PAN
1971,-0.3,1.0,0.0,PAN
1972,-0.3,1.0,0.0,PAN
1973,-0.0,0.0,,PAN
1974,-0.0,0.0,,PAN
1975,-0.0,0.0,,PAN
1976,-0.0,0.0,,PAN
1977,-0.0,0.0,,PAN
1978,-0.0,0.0,,PAN
1979,-0.0,0.0,,PAN
1980,-0.0,0.0,,PAN
1981,-0.0,0.0,,PAN
1982,-0.0,0.0,,PAN
1983,-0.0,0.0,,PAN
1984,-0.0,0.0,,PAN
1985,-0.0,0.0,,PAN
1986,-0.0,0.0,,PAN
1987,-0.0,0.0,,PAN
1988,-0.0,0.0,,PAN
1989,-0.0,0.0,,PAN
1990,-0.0,0.0,,PAN
1991,-0.0,0.0,,PAN
1992,-0.0,0.0,,PAN
1993,-0.0,0.0,,PAN
1994,-0.0,0.0,,PAN
1995,-0.15238095238095237,0.5079365079365079,0.0,PAN
1996,-0.15238095238095237,0.5079365079365079,0.0,PAN
1997,-0.15238095238095237,0.5079365079365079,0.0,PAN
1998,-0.15238095238095237,0.5079365079365079,0.0,PAN
1999,-0.15238095238095237,0.5079365079365079,0.0,PAN
2000,-0.15238095238095237,0.5079365079365079,0.0,PAN
2001,-0.15238095238095237,0.5079365079365079,0.0,PAN
2002,-0.15238095238095237,0.5079365079365079,0.0,PAN
2003,-1.3027215016799887,4.877338877338877,0.10414213994776655,PAN
2004,-1.3027215016799887,4.877338877338877,0.10414213994776655,PAN
2005,-1.3108207108207106,4.369402369402369,0.0,PAN
2006,-1.3072436412191324,4.492063492063492,0.02730618631678705,PAN
2007,-1.3072436412191324,4.492063492063492,0.02730618631678705,PAN
2008,-1.3072436412191324,4.492063492063492,0.02730618631678705,PAN
2009,-1.3072436412191324,4.492063492063492,0.02730618631678705,PAN
2010,-1.3072436412191324,4.492063492063492,0.02730618631678705,PAN
2011,-1.3072436412191324,4.492063492063492,0.02730618631678705,PAN
2012,-1.3072436412191324,4.492063492063492,0.02730618631678705,PAN
2013,-0.03679833679833422,0.12266112266112295,,PAN
2014,-0.03679833679833422,0.12266112266112295,,PAN
2015,-0.03679833679833422,0.12266112266112295,,PAN
2016,-0.0,0.0,,PAN
2017,-0.0,0.0,,PAN
2018,-0.0,0.0,,PAN
2019,-0.0,0.0,,PAN
2020,-0.0,0.0,,PAN
2021,-0.0,0.0,,PAN
2022,-0.0,0.0,,PAN
2023,-0.0,0.0,,PAN
1948,,,,PCN
1949,,,,PCN
1950,,,,PCN
1951,,,,PCN
1952,,,,PCN
1953,,,,PCN
1954,,,,PCN
1955,,,,PCN
1956,-0.0,0.0,,PCN
1957,-0.0,0.0,,PCN
1958,-0.0,0.0,,PCN
1959,-0.0,0.0,,PCN
1960,-0.0,0.0,,PCN
1961,-0.0,0.0,,PCN
1962,-0.0,0.0,,PCN
1963,-0.0,0.0,,PCN
1964,-0.0,0.0,,PCN
1965,-0.0,0.0,,PCN
1966,-0.0,0.0,,PCN
1967,-0.0,0.0,,PCN
1968,-0.0,0.0,,PCN
1969,-0.0,0.0,,PCN
1970,-0.0,0.0,,PCN
1971,-1.2,4.0,0.0,PCN
1972,-1.2,4.0,0.0,PCN
1973,-1.2,4.0,0.0,PCN
1974,-1.2,4.0,0.0,PCN
1975,-1.2,4.0,0.0,PCN
1976,-1.2,4.0,0.0,PCN
1977,-1.2,4.0,0.0,PCN
1978,-1.2,4.0,0.0,PCN
1979,-1.2,4.0,0.0,PCN
1980,-1.2,4.0,0.0,PCN
1981,-0.0,0.0,,PCN
1982,-0.0,0.0,,PCN
1983,-0.0,0.0,,PCN
1984,-0.0,0.0,,PCN
1985,-0.0,0.0,,PCN
1986,-0.0,0.0,,PCN
1987,-0.0,0.0,,PCN
1988,-0.0,0.0,,PCN
1989,-0.0,0.0,,PCN
1990,-0.0,0.0,,PCN
1991,-0.0,0.0,,PCN
1992,-0.0,0.0,,PCN
1993,-0.0,0.0,,PCN
1994,-0.0,0.0,,PCN
1995,-0.0,0.0,,PCN
1996,-0.0,0.0,,PCN
1997,-0.0,0.0,,PCN
1998,-0.0,0.0,,PCN
1999,-0.0,0.0,,PCN
2000,-0.0,0.0,,PCN
2001,-0.0,0.0,,PCN
2002,-0.0,0.0,,PCN
2003,-0.0,0.0,,PCN
2004,-0.0,0.0,,PCN
2005,-0.0,0.0,,PCN
2006,-0.0,0.0,,PCN
2007,-0.0,0.0,,PCN
2008,-0.0,0.0,,PCN
2009,-0.0,0.0,,PCN
2010,-0.0,0.0,,PCN
2011,-0.0,0.0,,PCN
2012,-0.0,0.0,,PCN
2013,-0.0,0.0,,PCN
2014,-0.0,0.0,,PCN
2015,-0.0,0.0,,PCN
2016,-0.0,0.0,,PCN
2017,-0.0,0.0,,PCN
2018,-0.0,0.0,,PCN
2019,-0.0,0.0,,PCN
2020,-0.0,0.0,,PCN
2021,-0.0,0.0,,PCN
2022,-0.0,0.0,,PCN
2023,-0.0,0.0,,PCN
1948,,,,PER
1949,,,,PER
1950,,,,PER
1951,,,,PER
1952,,,,PER
1953,,,,PER
1954,,,,PER
1955,,,,PER
1956,-0.0,0.0,,PER
1957,-0.0,0.0,,PER
1958,-0.0,0.0,,PER
1959,-0.0,0.0,,PER
1960,-0.0,0.0,,PER
1961,-0.0,0.0,,PER
1962,-0.0,0.0,,PER
1963,-0.0,0.0,,PER
1964,-0.0,0.0,,PER
1965,-0.0,0.0,,PER
1966,-0.0,0.0,,PER
1967,-0.0,0.0,,PER
1968,-0.0,0.0,,PER
1969,-0.4551724137931034,1.5172413793103448,0.0,PER
1970,-0.4551724137931034,1.5172413793103448,0.0,PER
1971,-0.4551724137931034,1.5172413793103448,0.0,PER
1972,-0.4551724137931034,1.5172413793103448,0.0,PER
1973,-0.4551724137931034,1.5172413793103448,0.0,PER
1974,-0.4551724137931034,1.5172413793103448,0.0,PER
1975,-0.4551724137931034,1.5172413793103448,0.0,PER
1976,-0.4551724137931034,1.5172413793103448,0.0,PER
1977,-0.4551724137931034,1.5172413793103448,0.0,PER
1978,-0.4551724137931034,1.5172413793103448,0.0,PER
1979,-0.0,0.0,,PER
1980,-0.0,0.0,,PER
1981,-0.0,0.0,,PER
1982,-0.0,0.0,,PER
1983,-0.0,0.0,,PER
1984,-0.0,0.0,,PER
1985,-0.0,0.0,,PER
1986,-0.0,0.0,,PER
1987,-0.0,0.0,,PER
1988,-0.07241379310344828,0.24137931034482762,,PER
1989,-0.07241379310344828,0.24137931034482762,,PER
1990,-0.07241379310344828,0.24137931034482762,,PER
1991,-0.07241379310344828,0.24137931034482762,,PER
1992,-0.07241379310344828,0.24137931034482762,,PER
1993,-0.07241379310344828,0.24137931034482762,,PER
1994,-0.07241379310344828,0.24137931034482762,,PER
1995,-0.07241379310344828,0.24137931034482762,,PER
1996,-0.07241379310344828,0.24137931034482762,,PER
1997,-0.23103448275862068,1.0,0.24137931034482762,PER
1998,-0.24489704211223004,1.1559353066829419,0.34371700105596636,PER
1999,-0.2435566140565889,1.1883451011753807,0.3616158396203023,PER
2000,-0.2435566140565889,1.1883451011753807,0.3616158396203023,PER
2001,-0.2431859422580336,1.1961681550183838,0.3657909329282276,PER
2002,-0.2431859422580336,1.1961681550183838,0.3657909329282276,PER
2003,-0.30495757991780087,1.9566771680149706,0.6113262701541534,PER
2004,-0.30495757991780087,1.9566771680149706,0.6113262701541534,PER
2005,-0.30495757991780087,1.9566771680149706,0.6113262701541534,PER
2006,-0.30253077589858884,1.9983419656894614,0.619429994438315,PER
2007,-0.24194824443328494,1.239721276034289,0.3865483897885833,PER
2008,-0.22588860335371475,0.8424066590065196,0.09721865934264762,PER
2009,-0.6840530575670599,3.053034209169447,0.26530880724537764,PER
2010,-0.6840530575670599,3.053034209169447,0.26530880724537764,PER
2011,-0.6843972052602518,3.045211155326444,0.26342140815686244,PER
2012,-0.6843972052602518,3.045211155326444,0.26342140815686244,PER
2013,-0.671637260503554,2.284702142329857,0.01823642430343353,PER
2014,-0.671637260503554,2.284702142329857,0.01823642430343353,PER
2015,-0.671637260503554,2.284702142329857,0.01823642430343353,PER
2016,-0.6729112033966099,2.243037344655366,0.0,PER
2017,-0.6729112033966099,2.243037344655366,0.0,PER
2018,-0.6729112033966099,2.243037344655366,0.0,PER
2019,-0.0,0.0,,PER
2020,-0.0,0.0,,PER
2021,-0.0,0.0,,PER
2022,-0.0,0.0,,PER
2023,-0.0,0.0,,PER
1948,,,,PHL
1949,,,,PHL
1950,,,,PHL
1951,,,,PHL
1952,,,,PHL
1953,,,,PHL
1954,,,,PHL
1955,,,,PHL
1956,-0.0,0.0,,PHL
1957,-0.0,0.0,,PHL
1958,-0.0,0.0,,PHL
1959,-0.0,0.0,,PHL
1960,-0.0,0.0,,PHL
1961,-0.0,0.0,,PHL
1962,-0.0,0.0,,PHL
1963,-0.0,0.0,,PHL
1964,-0.0,0.0,,PHL
1965,-0.0,0.0,,PHL
1966,-0.0,0.0,,PHL
1967,-0.0,0.0,,PHL
1968,-0.0,0.0,,PHL
1969,-0.0,0.0,,PHL
1970,-0.0,0.0,,PHL
1971,-0.0,0.0,,PHL
1972,-0.0,0.0,,PHL
1973,-0.0,0.0,,PHL
1974,-0.0,0.0,,PHL
1975,-0.0,0.0,,PHL
1976,-0.0,0.0,,PHL
1977,-0.15238095238095237,0.5079365079365079,0.0,PHL
1978,-0.15238095238095237,0.5079365079365079,0.0,PHL
1979,-0.15238095238095237,0.5079365079365079,0.0,PHL
1980,-0.15238095238095237,0.5079365079365079,0.0,PHL
1981,-0.15238095238095237,0.5079365079365079,0.0,PHL
1982,-0.15238095238095237,0.5079365079365079,0.0,PHL
1983,-0.15238095238095237,0.5079365079365079,0.0,PHL
1984,-0.15238095238095237,0.5079365079365079,0.0,PHL
1985,-0.15238095238095237,0.5079365079365079,0.0,PHL
1986,-0.15238095238095237,0.5079365079365079,0.0,PHL
1987,-0.0,0.0,,PHL
1988,-0.0,0.0,,PHL
1989,-0.0,0.0,,PHL
1990,-0.0,0.0,,PHL
1991,-0.0,0.0,,PHL
1992,-0.15238095238095237,0.5079365079365079,0.0,PHL
1993,-0.15238095238095237,0.5079365079365079,0.0,PHL
1994,-0.15238095238095237,0.5079365079365079,0.0,PHL
1995,-0.15238095238095237,0.5079365079365079,0.0,PHL
1996,-0.15238095238095237,0.5079365079365079,0.0,PHL
1997,-0.15238095238095237,0.5079365079365079,0.0,PHL
1998,-0.7462157827713389,3.0,0.1693121693121693,PHL
1999,-0.7462157827713389,3.0,0.1693121693121693,PHL
2000,-0.7462157827713389,3.0,0.1693121693121693,PHL
2001,-0.7462157827713389,3.0,0.1693121693121693,PHL
2002,-0.7476190476190476,2.492063492063492,0.0,PHL
2003,-0.7476190476190476,2.492063492063492,0.0,PHL
2004,-0.7476190476190476,2.492063492063492,0.0,PHL
2005,-0.7476190476190476,2.492063492063492,0.0,PHL
2006,-0.7476190476190476,2.492063492063492,0.0,PHL
2007,-0.7476190476190476,2.492063492063492,0.0,PHL
2008,-0.6,2.0,0.0,PHL
2009,-0.6,2.0,0.0,PHL
2010,-0.6,2.0,0.0,PHL
2011,-0.6,2.0,0.0,PHL
2012,-0.6,2.0,0.0,PHL
2013,-0.6,2.0,0.0,PHL
2014,-0.6,2.0,0.0,PHL
2015,-0.6,2.0,0.0,PHL
2016,-0.6,2.0,0.0,PHL
2017,-0.6,2.0,0.0,PHL
2018,-0.14761904761904762,0.4920634920634921,,PHL
2019,-0.14761904761904762,0.4920634920634921,,PHL
2020,-0.14761904761904762,0.4920634920634921,,PHL
2021,-0.14761904761904762,0.4920634920634921,,PHL
2022,-0.14761904761904762,0.4920634920634921,,PHL
2023,-0.14761904761904762,0.4920634920634921,,PHL
1948,,,,PLW
1949,,,,PLW
1950,,,,PLW
1951,,,,PLW
1952,,,,PLW
1953,,,,PLW
1954,,,,PLW
1955,,,,PLW
1956,-0.0,0.0,,PLW
1957,-0.0,0.0,,PLW
1958,-0.0,0.0,,PLW
1959,-0.0,0.0,,PLW
1960,-0.0,0.0,,PLW
1961,-0.0,0.0,,PLW
1962,-0.0,0.0,,PLW
1963,-0.0,0.0,,PLW
1964,-0.0,0.0,,PLW
1965,-0.0,0.0,,PLW
1966,-0.0,0.0,,PLW
1967,-0.0,0.0,,PLW
1968,-0.0,0.0,,PLW
1969,-0.0,0.0,,PLW
1970,-0.0,0.0,,PLW
1971,-0.0,0.0,,PLW
1972,-0.0,0.0,,PLW
1973,-0.0,0.0,,PLW
1974,-0.0,0.0,,PLW
1975,-0.0,0.0,,PLW
1976,-0.0,0.0,,PLW
1977,-0.0,0.0,,PLW
1978,-0.0,0.0,,PLW
1979,-0.0,0.0,,PLW
1980,-0.0,0.0,,PLW
1981,-0.0,0.0,,PLW
1982,-0.0,0.0,,PLW
1983,-0.0,0.0,,PLW
1984,-0.0,0.0,,PLW
1985,-0.0,0.0,,PLW
1986,-0.0,0.0,,PLW
1987,-0.0,0.0,,PLW
1988,-0.0,0.0,,PLW
1989,-0.0,0.0,,PLW
1990,-0.0,0.0,,PLW
1991,-0.0,0.0,,PLW
1992,-0.0,0.0,,PLW
1993,-0.0,0.0,,PLW
1994,-0.0,0.0,,PLW
1995,-0.0,0.0,,PLW
1996,-0.0,0.0,,PLW
1997,-0.0,0.0,,PLW
1998,-0.0,0.0,,PLW
1999,-0.0,0.0,,PLW
2000,-0.0,0.0,,PLW
2001,-0.0,0.0,,PLW
2002,-0.0,0.0,,PLW
2003,-0.0,0.0,,PLW
2004,-0.0,0.0,,PLW
2005,-0.0,0.0,,PLW
2006,-0.0,0.0,,PLW
2007,-0.0,0.0,,PLW
2008,-0.0,0.0,,PLW
2009,-0.0,0.0,,PLW
2010,-0.0,0.0,,PLW
2011,-0.0,0.0,,PLW
2012,-0.0,0.0,,PLW
2013,-0.0,0.0,,PLW
2014,-0.0,0.0,,PLW
2015,-0.0,0.0,,PLW
2016,-0.0,0.0,,PLW
2017,-0.0,0.0,,PLW
2018,-0.0,0.0,,PLW
2019,-0.0,0.0,,PLW
2020,-0.7896049896049896,2.632016632016632,0.0,PLW
2021,-0.7896049896049896,2.632016632016632,0.0,PLW
2022,-0.7896049896049896,2.632016632016632,0.0,PLW
2023,-0.7896049896049896,2.632016632016632,0.0,PLW
1948,,,,PNG
1949,,,,PNG
1950,,,,PNG
1951,,,,PNG
1952,,,,PNG
1953,,,,PNG
1954,,,,PNG
1955,,,,PNG
1956,-0.0,0.0,,PNG
1957,-0.0,0.0,,PNG
1958,-0.0,0.0,,PNG
1959,-0.0,0.0,,PNG
1960,-0.0,0.0,,PNG
1961,-0.0,0.0,,PNG
1962,-0.0,0.0,,PNG
1963,-0.0,0.0,,PNG
1964,-0.0,0.0,,PNG
1965,-0.0,0.0,,PNG
1966,-0.0,0.0,,PNG
1967,-0.0,0.0,,PNG
1968,-0.0,0.0,,PNG
1969,-0.0,0.0,,PNG
1970,-0.0,0.0,,PNG
1971,-0.0,0.0,,PNG
1972,-0.0,0.0,,PNG
1973,-0.0,0.0,,PNG
1974,-0.0,0.0,,PNG
1975,-0.0,0.0,,PNG
1976,-0.0,0.0,,PNG
1977,-0.0,0.0,,PNG
1978,-0.0,0.0,,PNG
1979,-0.0,0.0,,PNG
1980,-0.0,0.0,,PNG
1981,-0.15238095238095237,0.5079365079365079,0.0,PNG
1982,-0.15238095238095237,0.5079365079365079,0.0,PNG
1983,-0.15238095238095237,0.5079365079365079,0.0,PNG
1984,-0.15238095238095237,0.5079365079365079,0.0,PNG
1985,-0.15238095238095237,0.5079365079365079,0.0,PNG
1986,-0.15238095238095237,0.5079365079365079,0.0,PNG
1987,-0.15238095238095237,0.5079365079365079,0.0,PNG
1988,-0.15238095238095237,0.5079365079365079,0.0,PNG
1989,-0.15238095238095237,0.5079365079365079,0.0,PNG
1990,-0.15238095238095237,0.5079365079365079,0.0,PNG
1991,-0.0,0.0,,PNG
1992,-0.0,0.0,,PNG
1993,-0.0,0.0,,PNG
1994,-0.0,0.0,,PNG
1995,-0.0,0.0,,PNG
1996,-0.0,0.0,,PNG
1997,-0.0,0.0,,PNG
1998,-0.0,0.0,,PNG
1999,-0.0,0.0,,PNG
2000,-0.0,0.0,,PNG
2001,-0.0,0.0,,PNG
2002,-0.0,0.0,,PNG
2003,-0.6,2.0,0.0,PNG
2004,-0.6,2.0,0.0,PNG
2005,-0.6,2.0,0.0,PNG
2006,-0.6,2.0,0.0,PNG
2007,-0.6,2.0,0.0,PNG
2008,-0.6,2.0,0.0,PNG
2009,-0.6,2.0,0.0,PNG
2010,-0.6,2.0,0.0,PNG
2011,-0.6,2.0,0.0,PNG
2012,-0.6,2.0,0.0,PNG
2013,-0.0,0.0,,PNG
2014,-0.0,0.0,,PNG
2015,-0.0,0.0,,PNG
2016,-0.0,0.0,,PNG
2017,-0.0,0.0,,PNG
2018,-0.0,0.0,,PNG
2019,-0.0,0.0,,PNG
2020,-0.6559152559152562,2.1863841863841875,0.0,PNG
2021,-0.6541509124219694,2.246741246741247,0.026864268613309816,PNG
2022,-0.6541509124219694,2.246741246741247,0.026864268613309816,PNG
2023,-0.6541509124219694,2.246741246741247,0.026864268613309816,PNG
1948,,,,POL
1949,,,,POL
1950,,,,POL
1951,,,,POL
1952,,,,POL
1953,,,,POL
1954,,,,POL
1955,,,,POL
1956,-0.0,0.0,,POL
1957,-0.0,0.0,,POL
1958,-0.0,0.0,,POL
1959,-0.0,0.0,,POL
1960,-0.0,0.0,,POL
1961,-0.0,0.0,,POL
1962,-0.0,0.0,,POL
1963,-0.0,0.0,,POL
1964,-0.0,0.0,,POL
1965,-0.0,0.0,,POL
1966,-0.0,0.0,,POL
1967,-0.0,0.0,,POL
1968,-0.0,0.0,,POL
1969,-0.0,0.0,,POL
1970,-0.0,0.0,,POL
1971,-0.0,0.0,,POL
1972,-0.0,0.0,,POL
1973,-0.0,0.0,,POL
1974,-0.0,0.0,,POL
1975,-0.0,0.0,,POL
1976,-0.0,0.0,,POL
1977,-0.0,0.0,,POL
1978,-0.0,0.0,,POL
1979,-0.0,0.0,,POL
1980,-0.0,0.0,,POL
1981,-0.0,0.0,,POL
1982,-0.0,0.0,,POL
1983,-0.0,0.0,,POL
1984,-0.0,0.0,,POL
1985,-0.0,0.0,,POL
1986,-0.0,0.0,,POL
1987,-0.0,0.0,,POL
1988,-0.0,0.0,,POL
1989,-0.0,0.0,,POL
1990,-0.0,0.0,,POL
1991,-0.0,0.0,,POL
1992,-0.0,0.0,,POL
1993,-0.4167487684729063,1.3891625615763543,0.0,POL
1994,-0.9826201573767098,4.51374969329785,0.3077624272429249,POL
1995,-0.9739871903539737,5.267960380265108,0.4068696599490651,POL
1996,-0.9739871903539737,5.267960380265108,0.4068696599490651,POL
1997,-0.9716337234059623,5.313166468661951,0.4119161990969237,POL
1998,-0.9716069031013597,5.313657136268071,0.41197050325381357,POL
1999,-0.9604588901709388,5.573517226038841,0.43938683509870946,POL
2000,-0.9600402170865301,5.580772962098833,0.44011570566626446,POL
2001,-0.9600402170865301,5.580772962098833,0.44011570566626446,POL
2002,-0.9600402170865301,5.580772962098833,0.44011570566626446,POL
2003,-0.9297602522380056,4.191611838881018,0.25456190796626155,POL
2004,-0.24358029669425996,1.48625030670215,0.4925412741271149,POL
2005,-0.13848669465767363,0.7320396197348922,0.42731842889261884,POL
2006,-0.13848669465767363,0.7320396197348922,0.42731842889261884,POL
2007,-0.14005578390522297,0.6868335313380491,0.38962560734925533,POL
2008,-0.1400797496484843,0.6863428637319293,0.3891892497240732,POL
2009,-0.12554441181158235,0.4264827739611592,,POL
2010,-0.12576763191823698,0.4192270379011669,,POL
2011,-0.12576763191823698,0.4192270379011669,,POL
2012,-0.12576763191823698,0.4192270379011669,,POL
2013,-0.1257676798627905,0.41922559954262795,,POL
2014,-0.0,0.0,,POL
2015,-0.0,0.0,,POL
2016,-0.0,0.0,,POL
2017,-0.0,0.0,,POL
2018,-0.0,0.0,,POL
2019,-0.0,0.0,,POL
2020,-0.0,0.0,,POL
2021,-0.0,0.0,,POL
2022,-0.0,0.0,,POL
2023,-0.0,0.0,,POL
1948,,,,PRK
1949,,,,PRK
1950,,,,PRK
1951,,,,PRK
1952,,,,PRK
1953,,,,PRK
1954,,,,PRK
1955,,,,PRK
1956,-0.0,0.0,,PRK
1957,-0.0,0.0,,PRK
1958,-0.0,0.0,,PRK
1959,-0.0,0.0,,PRK
1960,-0.0,0.0,,PRK
1961,-0.0,0.0,,PRK
1962,-0.0,0.0,,PRK
1963,-0.0,0.0,,PRK
1964,-0.0,0.0,,PRK
1965,-0.0,0.0,,PRK
1966,-0.0,0.0,,PRK
1967,-0.0,0.0,,PRK
1968,-0.0,0.0,,PRK
1969,-0.0,0.0,,PRK
1970,-0.0,0.0,,PRK
1971,-0.0,0.0,,PRK
1972,-0.0,0.0,,PRK
1973,-0.0,0.0,,PRK
1974,-0.0,0.0,,PRK
1975,-0.0,0.0,,PRK
1976,-0.0,0.0,,PRK
1977,-0.0,0.0,,PRK
1978,-0.0,0.0,,PRK
1979,-0.0,0.0,,PRK
1980,-0.0,0.0,,PRK
1981,-0.0,0.0,,PRK
1982,-0.0,0.0,,PRK
1983,-0.0,0.0,,PRK
1984,-0.0,0.0,,PRK
1985,-0.0,0.0,,PRK
1986,-0.0,0.0,,PRK
1987,-0.0,0.0,,PRK
1988,-0.0,0.0,,PRK
1989,-0.0,0.0,,PRK
1990,-0.0,0.0,,PRK
1991,-0.0,0.0,,PRK
1992,-0.0,0.0,,PRK
1993,-0.0,0.0,,PRK
1994,-0.0,0.0,,PRK
1995,-0.0,0.0,,PRK
1996,-0.0,0.0,,PRK
1997,-0.0,0.0,,PRK
1998,-0.0,0.0,,PRK
1999,-0.0,0.0,,PRK
2000,-0.0,0.0,,PRK
2001,-0.0,0.0,,PRK
2002,-0.0,0.0,,PRK
2003,-0.0,0.0,,PRK
2004,-0.0,0.0,,PRK
2005,-0.0,0.0,,PRK
2006,-0.0,0.0,,PRK
2007,-0.0,0.0,,PRK
2008,-0.0,0.0,,PRK
2009,-0.0,0.0,,PRK
2010,-0.0,0.0,,PRK
2011,-0.0,0.0,,PRK
2012,-0.0,0.0,,PRK
2013,-0.0,0.0,,PRK
2014,-0.0,0.0,,PRK
2015,-0.0,0.0,,PRK
2016,-0.0,0.0,,PRK
2017,-0.0,0.0,,PRK
2018,-0.0,0.0,,PRK
2019,-0.0,0.0,,PRK
2020,-0.0,0.0,,PRK
2021,-0.0,0.0,,PRK
2022,-0.0,0.0,,PRK
2023,-0.0,0.0,,PRK
1948,,,,PRT
1949,,,,PRT
1950,,,,PRT
1951,,,,PRT
1952,,,,PRT
1953,,,,PRT
1954,,,,PRT
1955,,,,PRT
1956,-0.0,0.0,,PRT
1957,-0.0,0.0,,PRT
1958,-0.0,0.0,,PRT
1959,-0.0,0.0,,PRT
1960,-1.8000000000000003,6.0,0.0,PRT
1961,-1.8000000000000003,6.0,0.0,PRT
1962,-1.8000000000000003,6.0,0.0,PRT
1963,-1.8000000000000003,6.0,0.0,PRT
1964,-1.8000000000000003,6.0,0.0,PRT
1965,-1.8000000000000003,6.0,0.0,PRT
1966,-1.8000000000000003,6.0,0.0,PRT
1967,-1.8000000000000003,6.0,0.0,PRT
1968,-1.8000000000000003,6.0,0.0,PRT
1969,-1.8000000000000003,6.0,0.0,PRT
1970,-0.0,0.0,,PRT
1971,-0.0,0.0,,PRT
1972,-0.0,0.0,,PRT
1973,-0.0,0.0,,PRT
1974,-0.0,0.0,,PRT
1975,-0.0,0.0,,PRT
1976,-0.0,0.0,,PRT
1977,-0.0,0.0,,PRT
1978,-0.0,0.0,,PRT
1979,-0.0,0.0,,PRT
1980,-0.0,0.0,,PRT
1981,-0.0,0.0,,PRT
1982,-0.0,0.0,,PRT
1983,-0.0,0.0,,PRT
1984,-0.0,0.0,,PRT
1985,-0.0,0.0,,PRT
1986,-0.0,0.0,,PRT
1987,-0.0,0.0,,PRT
1988,-0.0,0.0,,PRT
1989,-0.0,0.0,,PRT
1990,-0.0,0.0,,PRT
1991,-0.0,0.0,,PRT
1992,-0.0,0.0,,PRT
1993,-0.0,0.0,,PRT
1994,-0.0,0.0,,PRT
1995,-0.0,0.0,,PRT
1996,-0.0,0.0,,PRT
1997,-0.0,0.0,,PRT
1998,-0.0,0.0,,PRT
1999,-0.0,0.0,,PRT
2000,-0.0,0.0,,PRT
2001,-0.0,0.0,,PRT
2002,-0.0,0.0,,PRT
2003,-0.0,0.0,,PRT
2004,-0.0,0.0,,PRT
2005,-0.0,0.0,,PRT
2006,-0.0,0.0,,PRT
2007,-0.0,0.0,,PRT
2008,-0.0,0.0,,PRT
2009,-0.0,0.0,,PRT
2010,-0.0,0.0,,PRT
2011,-0.0,0.0,,PRT
2012,-0.0,0.0,,PRT
2013,-0.0,0.0,,PRT
2014,-0.0,0.0,,PRT
2015,-0.0,0.0,,PRT
2016,-0.0,0.0,,PRT
2017,-0.0,0.0,,PRT
2018,-0.0,0.0,,PRT
2019,-0.0,0.0,,PRT
2020,-0.0,0.0,,PRT
2021,-0.0,0.0,,PRT
2022,-0.0,0.0,,PRT
2023,-0.0,0.0,,PRT
1948,,,,PRY
1949,,,,PRY
1950,,,,PRY
1951,,,,PRY
1952,,,,PRY
1953,,,,PRY
1954,,,,PRY
1955,,,,PRY
1956,-0.0,0.0,,PRY
1957,-0.0,0.0,,PRY
1958,-0.0,0.0,,PRY
1959,-0.0,0.0,,PRY
1960,-0.0,0.0,,PRY
1961,-0.0,0.0,,PRY
1962,-0.0,0.0,,PRY
1963,-0.0,0.0,,PRY
1964,-0.0,0.0,,PRY
1965,-0.0,0.0,,PRY
1966,-0.0,0.0,,PRY
1967,-0.0,0.0,,PRY
1968,-0.0,0.0,,PRY
1969,-0.0,0.0,,PRY
1970,-0.0,0.0,,PRY
1971,-0.0,0.0,,PRY
1972,-0.0,0.0,,PRY
1973,-0.0,0.0,,PRY
1974,-0.0,0.0,,PRY
1975,-0.0,0.0,,PRY
1976,-0.0,0.0,,PRY
1977,-0.0,0.0,,PRY
1978,-0.0,0.0,,PRY
1979,-0.0,0.0,,PRY
1980,-0.0,0.0,,PRY
1981,-0.0,0.0,,PRY
1982,-0.0,0.0,,PRY
1983,-0.0,0.0,,PRY
1984,-0.0,0.0,,PRY
1985,-0.0,0.0,,PRY
1986,-0.0,0.0,,PRY
1987,-0.0,0.0,,PRY
1988,-0.0,0.0,,PRY
1989,-0.0,0.0,,PRY
1990,-0.0,0.0,,PRY
1991,-1.8000000000000003,6.0,0.0,PRY
1992,-1.8000000000000003,6.0,0.0,PRY
1993,-1.8000000000000003,6.0,0.0,PRY
1994,-1.8000000000000003,6.0,0.0,PRY
1995,-1.8000000000000003,6.0,0.0,PRY
1996,-1.8000000000000003,6.0,0.0,PRY
1997,-1.8000000000000003,6.0,0.0,PRY
1998,-1.8000000000000003,6.0,0.0,PRY
1999,-1.8000000000000003,6.0,0.0,PRY
2000,-1.8000000000000003,6.0,0.0,PRY
2001,-0.0,0.0,,PRY
2002,-0.0,0.0,,PRY
2003,-0.0,0.0,,PRY
2004,-0.0,0.0,,PRY
2005,-0.0,0.0,,PRY
2006,-0.0,0.0,,PRY
2007,-0.0,0.0,,PRY
2008,-0.0,0.0,,PRY
2009,-0.0,0.0,,PRY
2010,-0.0,0.0,,PRY
2011,-0.0,0.0,,PRY
2012,-0.0,0.0,,PRY
2013,-0.0,0.0,,PRY
2014,-0.0,0.0,,PRY
2015,-0.0,0.0,,PRY
2016,-0.0,0.0,,PRY
2017,-0.0,0.0,,PRY
2018,-0.0,0.0,,PRY
2019,-0.0,0.0,,PRY
2020,-0.0,0.0,,PRY
2021,-0.0,0.0,,PRY
2022,-0.0,0.0,,PRY
2023,-0.0,0.0,,PRY
1948,,,,PSE
1949,,,,PSE
1950,,,,PSE
1951,,,,PSE
1952,,,,PSE
1953,,,,PSE
1954,,,,PSE
1955,,,,PSE
1956,-0.0,0.0,,PSE
1957,-0.0,0.0,,PSE
1958,-0.0,0.0,,PSE
1959,-0.0,0.0,,PSE
1960,-0.0,0.0,,PSE
1961,-0.0,0.0,,PSE
1962,-0.0,0.0,,PSE
1963,-0.0,0.0,,PSE
1964,-0.0,0.0,,PSE
1965,-0.0,0.0,,PSE
1966,-0.0,0.0,,PSE
1967,-0.0,0.0,,PSE
1968,-0.0,0.0,,PSE
1969,-0.0,0.0,,PSE
1970,-0.0,0.0,,PSE
1971,-0.0,0.0,,PSE
1972,-0.0,0.0,,PSE
1973,-0.0,0.0,,PSE
1974,-0.0,0.0,,PSE
1975,-0.0,0.0,,PSE
1976,-0.0,0.0,,PSE
1977,-0.0,0.0,,PSE
1978,-0.0,0.0,,PSE
1979,-0.0,0.0,,PSE
1980,-0.0,0.0,,PSE
1981,-0.0,0.0,,PSE
1982,-0.0,0.0,,PSE
1983,-0.0,0.0,,PSE
1984,-0.0,0.0,,PSE
1985,-0.0,0.0,,PSE
1986,-0.0,0.0,,PSE
1987,-0.0,0.0,,PSE
1988,-0.0,0.0,,PSE
1989,-0.0,0.0,,PSE
1990,-0.0,0.0,,PSE
1991,-0.0,0.0,,PSE
1992,-0.0,0.0,,PSE
1993,-0.0,0.0,,PSE
1994,-0.39999999999999997,1.3333333333333333,0.0,PSE
1995,-0.39999999999999997,1.3333333333333333,0.0,PSE
1996,-0.39999999999999997,1.3333333333333333,0.0,PSE
1997,-0.39999999999999997,1.3333333333333333,0.0,PSE
1998,-0.41191623068720234,1.841269841269841,0.2758620689655171,PSE
1999,-0.5613305289319389,3.333333333333333,0.5523809523809523,PSE
2000,-0.5613305289319389,3.333333333333333,0.5523809523809523,PSE
2001,-0.5613305289319389,3.333333333333333,0.5523809523809523,PSE
2002,-0.5613305289319389,3.333333333333333,0.5523809523809523,PSE
2003,-0.5613305289319389,3.333333333333333,0.5523809523809523,PSE
2004,-0.4565361935754313,1.9999999999999998,0.25396825396825384,PSE
2005,-0.5613305289319389,3.333333333333333,0.5523809523809523,PSE
2006,-0.5613305289319389,3.333333333333333,0.5523809523809523,PSE
2007,-0.5613305289319389,3.333333333333333,0.5523809523809523,PSE
2008,-0.5661929459142205,2.825396825396825,0.4719101123595505,PSE
2009,-0.39999999999999997,1.333333333333333,0.0,PSE
2010,-0.39999999999999997,1.333333333333333,0.0,PSE
2011,-0.39999999999999997,1.333333333333333,0.0,PSE
2012,-0.39999999999999997,1.333333333333333,0.0,PSE
2013,-0.39999999999999997,1.333333333333333,0.0,PSE
2014,-0.39999999999999997,1.333333333333333,0.0,PSE
2015,-0.0,0.0,,PSE
2016,-0.0,0.0,,PSE
2017,-0.0,0.0,,PSE
2018,-0.0,0.0,,PSE
2019,-0.0,0.0,,PSE
2020,-0.0,0.0,,PSE
2021,-0.0,0.0,,PSE
2022,-0.0,0.0,,PSE
2023,-0.0,0.0,,PSE
1948,,,,PYF
1949,,,,PYF
1950,,,,PYF
1951,,,,PYF
1952,,,,PYF
1953,,,,PYF
1954,,,,PYF
1955,,,,PYF
1956,-0.0,0.0,,PYF
1957,-0.0,0.0,,PYF
1958,-0.0,0.0,,PYF
1959,-0.0,0.0,,PYF
1960,-0.0,0.0,,PYF
1961,-0.0,0.0,,PYF
1962,-0.0,0.0,,PYF
1963,-0.0,0.0,,PYF
1964,-0.0,0.0,,PYF
1965,-0.0,0.0,,PYF
1966,-0.0,0.0,,PYF
1967,-0.0,0.0,,PYF
1968,-0.0,0.0,,PYF
1969,-0.0,0.0,,PYF
1970,-0.0,0.0,,PYF
1971,-1.2,4.0,0.0,PYF
1972,-1.2,4.0,0.0,PYF
1973,-1.2,4.0,0.0,PYF
1974,-1.2,4.0,0.0,PYF
1975,-1.2,4.0,0.0,PYF
1976,-1.2,4.0,0.0,PYF
1977,-1.2,4.0,0.0,PYF
1978,-1.2,4.0,0.0,PYF
1979,-1.2,4.0,0.0,PYF
1980,-1.2,4.0,0.0,PYF
1981,-0.0,0.0,,PYF
1982,-0.0,0.0,,PYF
1983,-0.0,0.0,,PYF
1984,-0.0,0.0,,PYF
1985,-0.0,0.0,,PYF
1986,-0.0,0.0,,PYF
1987,-0.0,0.0,,PYF
1988,-0.0,0.0,,PYF
1989,-0.0,0.0,,PYF
1990,-0.0,0.0,,PYF
1991,-0.0,0.0,,PYF
1992,-0.0,0.0,,PYF
1993,-0.0,0.0,,PYF
1994,-0.0,0.0,,PYF
1995,-0.0,0.0,,PYF
1996,-0.0,0.0,,PYF
1997,-0.0,0.0,,PYF
1998,-0.0,0.0,,PYF
1999,-0.0,0.0,,PYF
2000,-0.0,0.0,,PYF
2001,-0.0,0.0,,PYF
2002,-0.0,0.0,,PYF
2003,-0.0,0.0,,PYF
2004,-0.0,0.0,,PYF
2005,-0.0,0.0,,PYF
2006,-0.0,0.0,,PYF
2007,-0.0,0.0,,PYF
2008,-0.0,0.0,,PYF
2009,-0.0,0.0,,PYF
2010,-0.0,0.0,,PYF
2011,-0.0,0.0,,PYF
2012,-0.0,0.0,,PYF
2013,-0.0,0.0,,PYF
2014,-0.0,0.0,,PYF
2015,-0.0,0.0,,PYF
2016,-0.0,0.0,,PYF
2017,-0.0,0.0,,PYF
2018,-0.0,0.0,,PYF
2019,-0.0,0.0,,PYF
2020,-0.0,0.0,,PYF
2021,-0.0,0.0,,PYF
2022,-0.0,0.0,,PYF
2023,-0.0,0.0,,PYF
1948,,,,QAT
1949,,,,QAT
1950,,,,QAT
1951,,,,QAT
1952,,,,QAT
1953,,,,QAT
1954,,,,QAT
1955,,,,QAT
1956,-0.0,0.0,,QAT
1957,-0.0,0.0,,QAT
1958,-0.0,0.0,,QAT
1959,-0.0,0.0,,QAT
1960,-0.0,0.0,,QAT
1961,-0.0,0.0,,QAT
1962,-0.0,0.0,,QAT
1963,-0.0,0.0,,QAT
1964,-0.0,0.0,,QAT
1965,-0.0,0.0,,QAT
1966,-0.0,0.0,,QAT
1967,-0.0,0.0,,QAT
1968,-0.0,0.0,,QAT
1969,-0.0,0.0,,QAT
1970,-0.0,0.0,,QAT
1971,-0.0,0.0,,QAT
1972,-0.0,0.0,,QAT
1973,-0.0,0.0,,QAT
1974,-0.0,0.0,,QAT
1975,-0.0,0.0,,QAT
1976,-0.0,0.0,,QAT
1977,-0.0,0.0,,QAT
1978,-0.0,0.0,,QAT
1979,-0.0,0.0,,QAT
1980,-0.0,0.0,,QAT
1981,-0.0,0.0,,QAT
1982,-0.0,0.0,,QAT
1983,-0.0,0.0,,QAT
1984,-0.0,0.0,,QAT
1985,-0.0,0.0,,QAT
1986,-0.0,0.0,,QAT
1987,-0.0,0.0,,QAT
1988,-0.0,0.0,,QAT
1989,-0.0,0.0,,QAT
1990,-0.0,0.0,,QAT
1991,-0.0,0.0,,QAT
1992,-0.0,0.0,,QAT
1993,-0.0,0.0,,QAT
1994,-0.0,0.0,,QAT
1995,-0.0,0.0,,QAT
1996,-0.0,0.0,,QAT
1997,-0.0,0.0,,QAT
1998,-0.15238095238095237,0.5079365079365079,0.0,QAT
1999,-0.15238095238095237,0.5079365079365079,0.0,QAT
2000,-0.15238095238095237,0.5079365079365079,0.0,QAT
2001,-0.15238095238095237,0.5079365079365079,0.0,QAT
2002,-0.15238095238095237,0.5079365079365079,0.0,QAT
2003,-0.7462157827713389,3.0,0.1693121693121693,QAT
2004,-0.7462157827713389,3.0,0.1693121693121693,QAT
2005,-0.7462157827713389,3.0,0.1693121693121693,QAT
2006,-0.7462157827713389,3.0,0.1693121693121693,QAT
2007,-0.7462157827713389,3.0,0.1693121693121693,QAT
2008,-0.7476190476190476,2.492063492063492,0.0,QAT
2009,-0.8652047936505735,4.246741246741247,0.4131821678620551,QAT
2010,-0.8652047936505735,4.246741246741247,0.4131821678620551,QAT
2011,-0.8652047936505735,4.246741246741247,0.4131821678620551,QAT
2012,-0.8652047936505735,4.246741246741247,0.4131821678620551,QAT
2013,-0.6107144600756892,3.0,0.415107415107415,QAT
2014,-0.6107144600756892,3.0,0.415107415107415,QAT
2015,-0.6107144600756892,3.0,0.415107415107415,QAT
2016,-0.6107144600756892,3.0,0.415107415107415,QAT
2017,-0.6107144600756892,3.0,0.415107415107415,QAT
2018,-0.6107144600756892,3.0,0.415107415107415,QAT
2019,-0.37359667359667353,1.245322245322245,0.0,QAT
2020,-0.37359667359667353,1.245322245322245,0.0,QAT
2021,-0.37359667359667353,1.245322245322245,0.0,QAT
2022,-0.37359667359667353,1.245322245322245,0.0,QAT
2023,-0.0,0.0,,QAT
1948,,,,ROU
1949,,,,ROU
1950,,,,ROU
1951,,,,ROU
1952,,,,ROU
1953,,,,ROU
1954,,,,ROU
1955,,,,ROU
1956,-0.0,0.0,,ROU
1957,-0.0,0.0,,ROU
1958,-0.0,0.0,,ROU
1959,-0.0,0.0,,ROU
1960,-0.0,0.0,,ROU
1961,-0.0,0.0,,ROU
1962,-0.0,0.0,,ROU
1963,-0.0,0.0,,ROU
1964,-0.0,0.0,,ROU
1965,-0.0,0.0,,ROU
1966,-0.0,0.0,,ROU
1967,-0.0,0.0,,ROU
1968,-0.0,0.0,,ROU
1969,-0.0,0.0,,ROU
1970,-0.0,0.0,,ROU
1971,-0.0,0.0,,ROU
1972,-0.0,0.0,,ROU
1973,-0.0,0.0,,ROU
1974,-0.0,0.0,,ROU
1975,-0.0,0.0,,ROU
1976,-0.0,0.0,,ROU
1977,-0.0,0.0,,ROU
1978,-0.0,0.0,,ROU
1979,-0.0,0.0,,ROU
1980,-0.0,0.0,,ROU
1981,-0.0,0.0,,ROU
1982,-0.0,0.0,,ROU
1983,-0.0,0.0,,ROU
1984,-0.0,0.0,,ROU
1985,-0.0,0.0,,ROU
1986,-0.0,0.0,,ROU
1987,-0.0,0.0,,ROU
1988,-0.0,0.0,,ROU
1989,-0.0,0.0,,ROU
1990,-0.0,0.0,,ROU
1991,-0.0,0.0,,ROU
1992,-0.0,0.0,,ROU
1993,-1.439080459770115,4.796934865900384,0.0,ROU
1994,-1.439080459770115,4.796934865900384,0.0,ROU
1995,-1.4360026868590279,5.760927276230928,0.1673328553040221,ROU
1996,-1.4360026868590279,5.760927276230928,0.1673328553040221,ROU
1997,-1.4357922765483044,5.766193365299216,0.16809330488842122,ROU
1998,-1.4340790149045266,5.810350086427796,0.1744155180760305,ROU
1999,-1.4340275634690014,5.811621211375314,0.1745960909305041,ROU
2000,-1.4340275634690014,5.811621211375314,0.1745960909305041,ROU
2001,-1.4340192392211353,5.8118266457102665,0.17462526700774506,ROU
2002,-1.4340192392211353,5.8118266457102665,0.17462526700774506,ROU
2003,-0.2873089079957043,1.02962947950828,0.06374824194921302,ROU
2004,-0.28688707339331493,1.0420679399133528,0.07492364613894631,ROU
2005,-0.013196749351575849,0.07807552958280883,,ROU
2006,-0.013196749351575849,0.07807552958280883,,ROU
2007,-0.047725183462413764,0.2338066347007839,,ROU
2008,-0.04764132724389558,0.18964991357220384,,ROU
2009,-0.047690037773513355,0.1883787886246857,,ROU
2010,-0.047690037773513355,0.1883787886246857,,ROU
2011,-0.04769810321074704,0.18817335428973347,,ROU
2012,-0.04769810321074704,0.18817335428973347,,ROU
2013,-0.04802792854656868,0.17343565459133625,,ROU
2014,-0.04829915825587655,0.16099719418626357,,ROU
2015,-0.04829915825587655,0.16099719418626357,,ROU
2016,-0.04829915825587655,0.16099719418626357,,ROU
2017,-0.0,0.0,,ROU
2018,-0.0,0.0,,ROU
2019,-0.0,0.0,,ROU
2020,-0.0,0.0,,ROU
2021,-0.0,0.0,,ROU
2022,-0.0,0.0,,ROU
2023,-0.0,0.0,,ROU
1948,,,,RUS
1949,,,,RUS
1950,,,,RUS
1951,,,,RUS
1952,,,,RUS
1953,,,,RUS
1954,,,,RUS
1955,,,,RUS
1956,-0.0,0.0,,RUS
1957,-0.0,0.0,,RUS
1958,-0.0,0.0,,RUS
1959,-0.0,0.0,,RUS
1960,-0.0,0.0,,RUS
1961,-0.0,0.0,,RUS
1962,-0.0,0.0,,RUS
1963,-0.0,0.0,,RUS
1964,-0.0,0.0,,RUS
1965,-0.0,0.0,,RUS
1966,-0.0,0.0,,RUS
1967,-0.0,0.0,,RUS
1968,-0.0,0.0,,RUS
1969,-0.0,0.0,,RUS
1970,-0.0,0.0,,RUS
1971,-0.0,0.0,,RUS
1972,-0.0,0.0,,RUS
1973,-0.0,0.0,,RUS
1974,-0.0,0.0,,RUS
1975,-0.0,0.0,,RUS
1976,-0.0,0.0,,RUS
1977,-0.0,0.0,,RUS
1978,-0.0,0.0,,RUS
1979,-0.0,0.0,,RUS
1980,-0.0,0.0,,RUS
1981,-0.0,0.0,,RUS
1982,-0.0,0.0,,RUS
1983,-0.0,0.0,,RUS
1984,-0.0,0.0,,RUS
1985,-0.0,0.0,,RUS
1986,-0.0,0.0,,RUS
1987,-0.0,0.0,,RUS
1988,-0.0,0.0,,RUS
1989,-0.0,0.0,,RUS
1990,-0.0,0.0,,RUS
1991,-0.0,0.0,,RUS
1992,-0.0,0.0,,RUS
1993,-0.3,1.0,0.0,RUS
1994,-0.35584135197649047,1.7586206896551724,0.43137254901960786,RUS
1995,-0.35584135197649047,1.7586206896551724,0.43137254901960786,RUS
1996,-0.35584135197649047,1.7586206896551724,0.43137254901960786,RUS
1997,-0.6451962803598993,3.7586206896551726,0.4678899082568808,RUS
1998,-0.6451962803598993,3.7586206896551726,0.4678899082568808,RUS
1999,-0.6451962803598993,3.7586206896551726,0.4678899082568808,RUS
2000,-0.6451962803598993,3.7586206896551726,0.4678899082568808,RUS
2001,-0.6451962803598993,3.7586206896551726,0.4678899082568808,RUS
2002,-0.6451962803598993,3.7586206896551726,0.4678899082568808,RUS
2003,-0.6176169152341549,2.7586206896551726,0.275,RUS
2004,-0.6701021272014475,3.2413793103448274,0.3829787234042553,RUS
2005,-0.6701021272014475,3.2413793103448274,0.3829787234042553,RUS
2006,-0.6701021272014475,3.2413793103448274,0.3829787234042553,RUS
2007,-0.37241379310344824,1.2413793103448276,2.220446049250313e-16,RUS
2008,-0.37241379310344824,1.2413793103448276,2.220446049250313e-16,RUS
2009,-0.37241379310344824,1.2413793103448276,2.220446049250313e-16,RUS
2010,-0.37241379310344824,1.2413793103448276,2.220446049250313e-16,RUS
2011,-0.37241379310344824,1.2413793103448276,2.220446049250313e-16,RUS
2012,-0.45151350709231436,2.2413793103448274,0.44615384615384623,RUS
2013,-0.45151350709231436,2.2413793103448274,0.44615384615384623,RUS
2014,-0.30000000000000004,1.0000000000000002,2.220446049250313e-16,RUS
2015,-0.30000000000000004,1.0000000000000002,2.220446049250313e-16,RUS
2016,-0.30000000000000004,1.0000000000000002,2.220446049250313e-16,RUS
2017,-0.30000000000000004,1.0000000000000002,2.220446049250313e-16,RUS
2018,-0.30000000000000004,1.0000000000000002,2.220446049250313e-16,RUS
2019,-0.30000000000000004,1.0000000000000002,2.220446049250313e-16,RUS
2020,-0.30000000000000004,1.0000000000000002,2.220446049250313e-16,RUS
2021,-0.30000000000000004,1.0000000000000002,2.220446049250313e-16,RUS
2022,-0.0,0.0,,RUS
2023,-0.0,0.0,,RUS
1948,,,,RWA
1949,,,,RWA
1950,,,,RWA
1951,,,,RWA
1952,,,,RWA
1953,,,,RWA
1954,,,,RWA
1955,,,,RWA
1956,-0.0,0.0,,RWA
1957,-0.0,0.0,,RWA
1958,-0.0,0.0,,RWA
1959,-0.0,0.0,,RWA
1960,-0.0,0.0,,RWA
1961,-0.0,0.0,,RWA
1962,-0.0,0.0,,RWA
1963,-0.0,0.0,,RWA
1964,-0.0,0.0,,RWA
1965,-0.0,0.0,,RWA
1966,-0.0,0.0,,RWA
1967,-0.0,0.0,,RWA
1968,-0.0,0.0,,RWA
1969,-0.0,0.0,,RWA
1970,-0.0,0.0,,RWA
1971,-0.0,0.0,,RWA
1972,-0.0,0.0,,RWA
1973,-0.0,0.0,,RWA
1974,-0.0,0.0,,RWA
1975,-0.0,0.0,,RWA
1976,-0.0,0.0,,RWA
1977,-0.0,0.0,,RWA
1978,-0.0,0.0,,RWA
1979,-0.0,0.0,,RWA
1980,-0.0,0.0,,RWA
1981,-0.0,0.0,,RWA
1982,-0.2275862068965517,0.7586206896551724,0.0,RWA
1983,-0.2275862068965517,0.7586206896551724,0.0,RWA
1984,-0.48575425249490567,2.275862068965517,0.33333333333333337,RWA
1985,-0.48575425249490567,2.275862068965517,0.33333333333333337,RWA
1986,-0.48575425249490567,2.275862068965517,0.33333333333333337,RWA
1987,-0.48575425249490567,2.275862068965517,0.33333333333333337,RWA
1988,-0.48575425249490567,2.275862068965517,0.33333333333333337,RWA
1989,-0.48575425249490567,2.275862068965517,0.33333333333333337,RWA
1990,-0.48575425249490567,2.275862068965517,0.33333333333333337,RWA
1991,-0.48575425249490567,2.275862068965517,0.33333333333333337,RWA
1992,-0.45517241379310336,1.5172413793103445,0.0,RWA
1993,-0.45517241379310336,1.5172413793103445,0.0,RWA
1994,-0.4448275862068967,1.4827586206896557,0.0,RWA
1995,-0.4448275862068967,1.4827586206896557,0.0,RWA
1996,-0.4448275862068967,1.4827586206896557,0.0,RWA
1997,-0.4448275862068967,1.4827586206896557,0.0,RWA
1998,-0.4448275862068967,1.4827586206896557,0.0,RWA
1999,-0.4448275862068967,1.4827586206896557,0.0,RWA
2000,-0.4448275862068967,1.4827586206896557,0.0,RWA
2001,-0.4448275862068967,1.4827586206896557,0.0,RWA
2002,-0.4448275862068967,1.4827586206896557,0.0,RWA
2003,-0.4448275862068967,1.4827586206896557,0.0,RWA
2004,-0.0,0.0,,RWA
2005,-0.0,0.0,,RWA
2006,-0.0,0.0,,RWA
2007,-0.0,0.0,,RWA
2008,-0.0,0.0,,RWA
2009,-0.0,0.0,,RWA
2010,-0.0,0.0,,RWA
2011,-0.0,0.0,,RWA
2012,-0.0,0.0,,RWA
2013,-0.0,0.0,,RWA
2014,-0.0,0.0,,RWA
2015,-0.0,0.0,,RWA
2016,-0.0,0.0,,RWA
2017,-0.0,0.0,,RWA
2018,-0.0,0.0,,RWA
2019,-0.0,0.0,,RWA
2020,-0.07241379310344823,0.2413793103448274,,RWA
2021,-0.07241379310344823,0.2413793103448274,,RWA
2022,-0.07241379310344823,0.2413793103448274,,RWA
2023,-0.07241379310344823,0.2413793103448274,,RWA
1948,,,,SAU
1949,,,,SAU
1950,,,,SAU
1951,,,,SAU
1952,,,,SAU
1953,,,,SAU
1954,,,,SAU
1955,,,,SAU
1956,-0.0,0.0,,SAU
1957,-0.0,0.0,,SAU
1958,-0.0,0.0,,SAU
1959,-0.0,0.0,,SAU
1960,-0.0,0.0,,SAU
1961,-0.0,0.0,,SAU
1962,-0.0,0.0,,SAU
1963,-0.0,0.0,,SAU
1964,-0.0,0.0,,SAU
1965,-0.0,0.0,,SAU
1966,-0.0,0.0,,SAU
1967,-0.0,0.0,,SAU
1968,-0.0,0.0,,SAU
1969,-0.0,0.0,,SAU
1970,-0.0,0.0,,SAU
1971,-0.0,0.0,,SAU
1972,-0.0,0.0,,SAU
1973,-0.0,0.0,,SAU
1974,-0.0,0.0,,SAU
1975,-0.0,0.0,,SAU
1976,-0.0,0.0,,SAU
1977,-0.0,0.0,,SAU
1978,-0.0,0.0,,SAU
1979,-0.0,0.0,,SAU
1980,-0.0,0.0,,SAU
1981,-0.0,0.0,,SAU
1982,-0.0,0.0,,SAU
1983,-0.0,0.0,,SAU
1984,-0.0,0.0,,SAU
1985,-0.0,0.0,,SAU
1986,-0.0,0.0,,SAU
1987,-0.0,0.0,,SAU
1988,-0.0,0.0,,SAU
1989,-0.0,0.0,,SAU
1990,-0.0,0.0,,SAU
1991,-0.0,0.0,,SAU
1992,-0.0,0.0,,SAU
1993,-0.0,0.0,,SAU
1994,-0.0,0.0,,SAU
1995,-0.0,0.0,,SAU
1996,-0.0,0.0,,SAU
1997,-0.0,0.0,,SAU
1998,-0.15238095238095237,0.5079365079365079,0.0,SAU
1999,-0.15238095238095237,0.5079365079365079,0.0,SAU
2000,-0.15238095238095237,0.5079365079365079,0.0,SAU
2001,-0.15238095238095237,0.5079365079365079,0.0,SAU
2002,-0.15238095238095237,0.5079365079365079,0.0,SAU
2003,-0.7462157827713389,3.0,0.1693121693121693,SAU
2004,-0.7462157827713389,3.0,0.1693121693121693,SAU
2005,-0.7462157827713389,3.0,0.1693121693121693,SAU
2006,-0.7462157827713389,3.0,0.1693121693121693,SAU
2007,-0.7462157827713389,3.0,0.1693121693121693,SAU
2008,-0.7476190476190476,2.492063492063492,0.0,SAU
2009,-0.8652047936505735,4.246741246741247,0.4131821678620551,SAU
2010,-0.8652047936505735,4.246741246741247,0.4131821678620551,SAU
2011,-0.8652047936505735,4.246741246741247,0.4131821678620551,SAU
2012,-0.8652047936505735,4.246741246741247,0.4131821678620551,SAU
2013,-0.6107144600756892,3.0,0.415107415107415,SAU
2014,-0.6107144600756892,3.0,0.415107415107415,SAU
2015,-0.6107144600756892,3.0,0.415107415107415,SAU
2016,-0.6107144600756892,3.0,0.415107415107415,SAU
2017,-0.6107144600756892,3.0,0.415107415107415,SAU
2018,-0.6107144600756892,3.0,0.415107415107415,SAU
2019,-0.37359667359667353,1.245322245322245,0.0,SAU
2020,-0.37359667359667353,1.245322245322245,0.0,SAU
2021,-0.37359667359667353,1.245322245322245,0.0,SAU
2022,-0.37359667359667353,1.245322245322245,0.0,SAU
2023,-0.0,0.0,,SAU
1948,,,,SDN
1949,,,,SDN
1950,,,,SDN
1951,,,,SDN
1952,,,,SDN
1953,,,,SDN
1954,,,,SDN
1955,,,,SDN
1956,-0.0,0.0,,SDN
1957,-0.0,0.0,,SDN
1958,-0.0,0.0,,SDN
1959,-0.0,0.0,,SDN
1960,-0.0,0.0,,SDN
1961,-0.0,0.0,,SDN
1962,-0.0,0.0,,SDN
1963,-0.0,0.0,,SDN
1964,-0.0,0.0,,SDN
1965,-0.0,0.0,,SDN
1966,-0.0,0.0,,SDN
1967,-0.0,0.0,,SDN
1968,-0.0,0.0,,SDN
1969,-0.0,0.0,,SDN
1970,-0.0,0.0,,SDN
1971,-0.0,0.0,,SDN
1972,-0.0,0.0,,SDN
1973,-0.0,0.0,,SDN
1974,-0.0,0.0,,SDN
1975,-0.0,0.0,,SDN
1976,-0.0,0.0,,SDN
1977,-0.0,0.0,,SDN
1978,-0.0,0.0,,SDN
1979,-0.0,0.0,,SDN
1980,-0.0,0.0,,SDN
1981,-0.0,0.0,,SDN
1982,-0.0,0.0,,SDN
1983,-0.0,0.0,,SDN
1984,-0.0,0.0,,SDN
1985,-0.0,0.0,,SDN
1986,-0.0,0.0,,SDN
1987,-0.0,0.0,,SDN
1988,-0.0,0.0,,SDN
1989,-0.0,0.0,,SDN
1990,-0.0,0.0,,SDN
1991,-0.0,0.0,,SDN
1992,-0.0,0.0,,SDN
1993,-0.0,0.0,,SDN
1994,-0.9000000000000001,3.0,0.0,SDN
1995,-0.9000000000000001,3.0,0.0,SDN
1996,-0.9000000000000001,3.0,0.0,SDN
1997,-0.9000000000000001,3.0,0.0,SDN
1998,-0.9000000000000001,3.0,0.0,SDN
1999,-0.9000000000000001,3.0,0.0,SDN
2000,-0.9000000000000001,3.0,0.0,SDN
2001,-0.9000000000000001,3.0,0.0,SDN
2002,-0.9000000000000001,3.0,0.0,SDN
2003,-0.9000000000000001,3.0,0.0,SDN
2004,-0.0,0.0,,SDN
2005,-0.0,0.0,,SDN
2006,-0.0,0.0,,SDN
2007,-0.0,0.0,,SDN
2008,-0.0,0.0,,SDN
2009,-0.0,0.0,,SDN
2010,-0.0,0.0,,SDN
2011,-0.0,0.0,,SDN
2012,-0.0,0.0,,SDN
2013,-0.0,0.0,,SDN
2014,-0.0,0.0,,SDN
2015,-0.0,0.0,,SDN
2016,-0.0,0.0,,SDN
2017,-0.0,0.0,,SDN
2018,-0.0,0.0,,SDN
2019,-0.0,0.0,,SDN
2020,-0.3,1.0,0.0,SDN
2021,-0.3,1.0,0.0,SDN
2022,-0.3,1.0,0.0,SDN
2023,-0.3,1.0,0.0,SDN
1948,,,,SEN
1949,,,,SEN
1950,,,,SEN
1951,,,,SEN
1952,,,,SEN
1953,,,,SEN
1954,,,,SEN
1955,,,,SEN
1956,-0.0,0.0,,SEN
1957,-0.0,0.0,,SEN
1958,-0.0,0.0,,SEN
1959,-0.0,0.0,,SEN
1960,-0.0,0.0,,SEN
1961,-0.0,0.0,,SEN
1962,-0.0,0.0,,SEN
1963,-0.0,0.0,,SEN
1964,-0.0,0.0,,SEN
1965,-0.0,0.0,,SEN
1966,-0.0,0.0,,SEN
1967,-0.0,0.0,,SEN
1968,-0.0,0.0,,SEN
1969,-0.0,0.0,,SEN
1970,-0.0,0.0,,SEN
1971,-0.0,0.0,,SEN
1972,-0.0,0.0,,SEN
1973,-0.0,0.0,,SEN
1974,-0.0,0.0,,SEN
1975,-0.0,0.0,,SEN
1976,-0.0,0.0,,SEN
1977,-0.0,0.0,,SEN
1978,-0.0,0.0,,SEN
1979,-0.0,0.0,,SEN
1980,-0.0,0.0,,SEN
1981,-0.0,0.0,,SEN
1982,-0.0,0.0,,SEN
1983,-0.0,0.0,,SEN
1984,-0.0,0.0,,SEN
1985,-0.0,0.0,,SEN
1986,-0.0,0.0,,SEN
1987,-0.0,0.0,,SEN
1988,-0.0,0.0,,SEN
1989,-0.0,0.0,,SEN
1990,-0.0,0.0,,SEN
1991,-0.0,0.0,,SEN
1992,-0.0,0.0,,SEN
1993,-0.6,2.0,0.0,SEN
1994,-0.6914571812922546,3.3891625615763545,0.4098837209302325,SEN
1995,-0.6914571812922546,3.3891625615763545,0.4098837209302325,SEN
1996,-0.6914571812922546,3.3891625615763545,0.4098837209302325,SEN
1997,-0.6914571812922546,3.3891625615763545,0.4098837209302325,SEN
1998,-0.6914571812922546,3.3891625615763545,0.4098837209302325,SEN
1999,-0.6914571812922546,3.3891625615763545,0.4098837209302325,SEN
2000,-0.6830452060267916,3.881226053639847,0.4846989141164857,SEN
2001,-0.6830452060267916,3.881226053639847,0.4846989141164857,SEN
2002,-0.6830452060267916,3.881226053639847,0.4846989141164857,SEN
2003,-0.4263798724397954,1.881226053639847,0.2615653185917953,SEN
2004,-0.14761904761904765,0.49206349206349254,,SEN
2005,-0.14761904761904765,0.49206349206349254,,SEN
2006,-0.14761904761904765,0.49206349206349254,,SEN
2007,-0.14761904761904765,0.49206349206349254,,SEN
2008,-0.14761904761904765,0.49206349206349254,,SEN
2009,-0.14761904761904765,0.49206349206349254,,SEN
2010,-0.0,0.0,,SEN
2011,-0.0,0.0,,SEN
2012,-0.0,0.0,,SEN
2013,-0.0,0.0,,SEN
2014,-0.0,0.0,,SEN
2015,-0.0,0.0,,SEN
2016,-0.0,0.0,,SEN
2017,-0.0,0.0,,SEN
2018,-0.0,0.0,,SEN
2019,-0.0,0.0,,SEN
2020,-0.03563218390804588,0.11877394636015293,,SEN
2021,-0.03563218390804588,0.11877394636015293,,SEN
2022,-0.03563218390804588,0.11877394636015293,,SEN
2023,-0.03563218390804588,0.11877394636015293,,SEN
1948,,,,SGP
1949,,,,SGP
1950,,,,SGP
1951,,,,SGP
1952,,,,SGP
1953,,,,SGP
1954,,,,SGP
1955,,,,SGP
1956,-0.0,0.0,,SGP
1957,-0.0,0.0,,SGP
1958,-0.0,0.0,,SGP
1959,-0.0,0.0,,SGP
1960,-0.0,0.0,,SGP
1961,-0.0,0.0,,SGP
1962,-0.0,0.0,,SGP
1963,-0.0,0.0,,SGP
1964,-0.0,0.0,,SGP
1965,-0.0,0.0,,SGP
1966,-0.0,0.0,,SGP
1967,-0.0,0.0,,SGP
1968,-0.0,0.0,,SGP
1969,-0.0,0.0,,SGP
1970,-0.0,0.0,,SGP
1971,-0.0,0.0,,SGP
1972,-0.0,0.0,,SGP
1973,-0.0,0.0,,SGP
1974,-0.0,0.0,,SGP
1975,-0.0,0.0,,SGP
1976,-0.0,0.0,,SGP
1977,-0.15238095238095237,0.5079365079365079,0.0,SGP
1978,-0.15238095238095237,0.5079365079365079,0.0,SGP
1979,-0.15238095238095237,0.5079365079365079,0.0,SGP
1980,-0.15238095238095237,0.5079365079365079,0.0,SGP
1981,-0.15238095238095237,0.5079365079365079,0.0,SGP
1982,-0.15238095238095237,0.5079365079365079,0.0,SGP
1983,-0.15238095238095237,0.5079365079365079,0.0,SGP
1984,-0.15238095238095237,0.5079365079365079,0.0,SGP
1985,-0.15238095238095237,0.5079365079365079,0.0,SGP
1986,-0.15238095238095237,0.5079365079365079,0.0,SGP
1987,-0.0,0.0,,SGP
1988,-0.0,0.0,,SGP
1989,-0.0,0.0,,SGP
1990,-0.0,0.0,,SGP
1991,-0.0,0.0,,SGP
1992,-0.15238095238095237,0.5079365079365079,0.0,SGP
1993,-0.15238095238095237,0.5079365079365079,0.0,SGP
1994,-0.15238095238095237,0.5079365079365079,0.0,SGP
1995,-0.15238095238095237,0.5079365079365079,0.0,SGP
1996,-0.15238095238095237,0.5079365079365079,0.0,SGP
1997,-0.15238095238095237,0.5079365079365079,0.0,SGP
1998,-0.7462157827713389,3.0,0.1693121693121693,SGP
1999,-0.7462157827713389,3.0,0.1693121693121693,SGP
2000,-0.7462157827713389,3.0,0.1693121693121693,SGP
2001,-0.9829793615819431,5.492063492063492,0.546242774566474,SGP
2002,-0.9968253968253968,4.984126984126984,0.5,SGP
2003,-0.9968253968253968,4.984126984126984,0.5,SGP
2004,-0.9968253968253968,4.984126984126984,0.5,SGP
2005,-0.9968253968253968,4.984126984126984,0.5,SGP
2006,-0.9968253968253968,4.984126984126984,0.5,SGP
2007,-0.9968253968253968,4.984126984126984,0.5,SGP
2008,-0.7476190476190477,2.492063492063492,0.0,SGP
2009,-0.7476190476190477,2.492063492063492,0.0,SGP
2010,-0.7476190476190477,2.492063492063492,0.0,SGP
2011,-0.0,0.0,,SGP
2012,-0.0,0.0,,SGP
2013,-0.0,0.0,,SGP
2014,-0.0,0.0,,SGP
2015,-0.0,0.0,,SGP
2016,-0.0,0.0,,SGP
2017,-0.0,0.0,,SGP
2018,-0.0,0.0,,SGP
2019,-0.0,0.0,,SGP
2020,-0.0,0.0,,SGP
2021,-0.0,0.0,,SGP
2022,-0.0,0.0,,SGP
2023,-0.0,0.0,,SGP
1948,,,,SLB
1949,,,,SLB
1950,,,,SLB
1951,,,,SLB
1952,,,,SLB
1953,,,,SLB
1954,,,,SLB
1955,,,,SLB
1956,-0.0,0.0,,SLB
1957,-0.0,0.0,,SLB
1958,-0.0,0.0,,SLB
1959,-0.0,0.0,,SLB
1960,-0.0,0.0,,SLB
1961,-0.0,0.0,,SLB
1962,-0.0,0.0,,SLB
1963,-0.0,0.0,,SLB
1964,-0.0,0.0,,SLB
1965,-0.0,0.0,,SLB
1966,-0.0,0.0,,SLB
1967,-0.0,0.0,,SLB
1968,-0.0,0.0,,SLB
1969,-0.0,0.0,,SLB
1970,-0.0,0.0,,SLB
1971,-0.0,0.0,,SLB
1972,-0.0,0.0,,SLB
1973,-0.0,0.0,,SLB
1974,-0.0,0.0,,SLB
1975,-0.0,0.0,,SLB
1976,-0.0,0.0,,SLB
1977,-0.0,0.0,,SLB
1978,-0.0,0.0,,SLB
1979,-0.0,0.0,,SLB
1980,-0.0,0.0,,SLB
1981,-0.15238095238095237,0.5079365079365079,0.0,SLB
1982,-0.15238095238095237,0.5079365079365079,0.0,SLB
1983,-0.15238095238095237,0.5079365079365079,0.0,SLB
1984,-0.15238095238095237,0.5079365079365079,0.0,SLB
1985,-0.15238095238095237,0.5079365079365079,0.0,SLB
1986,-0.15238095238095237,0.5079365079365079,0.0,SLB
1987,-0.15238095238095237,0.5079365079365079,0.0,SLB
1988,-0.15238095238095237,0.5079365079365079,0.0,SLB
1989,-0.15238095238095237,0.5079365079365079,0.0,SLB
1990,-0.15238095238095237,0.5079365079365079,0.0,SLB
1991,-0.0,0.0,,SLB
1992,-0.0,0.0,,SLB
1993,-0.0,0.0,,SLB
1994,-0.0,0.0,,SLB
1995,-0.0,0.0,,SLB
1996,-0.0,0.0,,SLB
1997,-0.0,0.0,,SLB
1998,-0.0,0.0,,SLB
1999,-0.0,0.0,,SLB
2000,-0.0,0.0,,SLB
2001,-0.0,0.0,,SLB
2002,-0.0,0.0,,SLB
2003,-0.6,2.0,0.0,SLB
2004,-0.6,2.0,0.0,SLB
2005,-0.6,2.0,0.0,SLB
2006,-0.6,2.0,0.0,SLB
2007,-0.6,2.0,0.0,SLB
2008,-0.6,2.0,0.0,SLB
2009,-0.6,2.0,0.0,SLB
2010,-0.6,2.0,0.0,SLB
2011,-0.6,2.0,0.0,SLB
2012,-0.6,2.0,0.0,SLB
2013,-0.0,0.0,,SLB
2014,-0.0,0.0,,SLB
2015,-0.0,0.0,,SLB
2016,-0.0,0.0,,SLB
2017,-0.0,0.0,,SLB
2018,-0.0,0.0,,SLB
2019,-0.0,0.0,,SLB
2020,-0.7476190476190476,2.492063492063492,0.0,SLB
2021,-0.7476190476190476,2.492063492063492,0.0,SLB
2022,-0.7476190476190476,2.492063492063492,0.0,SLB
2023,-0.7476190476190476,2.492063492063492,0.0,SLB
1948,,,,SLE
1949,,,,SLE
1950,,,,SLE
1951,,,,SLE
1952,,,,SLE
1953,,,,SLE
1954,,,,SLE
1955,,,,SLE
1956,-0.0,0.0,,SLE
1957,-0.0,0.0,,SLE
1958,-0.0,0.0,,SLE
1959,-0.0,0.0,,SLE
1960,-0.0,0.0,,SLE
1961,-0.0,0.0,,SLE
1962,-0.0,0.0,,SLE
1963,-0.0,0.0,,SLE
1964,-0.0,0.0,,SLE
1965,-0.0,0.0,,SLE
1966,-0.0,0.0,,SLE
1967,-0.0,0.0,,SLE
1968,-0.0,0.0,,SLE
1969,-0.0,0.0,,SLE
1970,-0.0,0.0,,SLE
1971,-0.0,0.0,,SLE
1972,-0.0,0.0,,SLE
1973,-0.0,0.0,,SLE
1974,-0.0,0.0,,SLE
1975,-0.0,0.0,,SLE
1976,-0.0,0.0,,SLE
1977,-0.0,0.0,,SLE
1978,-0.0,0.0,,SLE
1979,-0.0,0.0,,SLE
1980,-0.0,0.0,,SLE
1981,-0.0,0.0,,SLE
1982,-0.0,0.0,,SLE
1983,-0.0,0.0,,SLE
1984,-0.0,0.0,,SLE
1985,-0.0,0.0,,SLE
1986,-0.0,0.0,,SLE
1987,-0.0,0.0,,SLE
1988,-0.0,0.0,,SLE
1989,-0.0,0.0,,SLE
1990,-0.0,0.0,,SLE
1991,-0.0,0.0,,SLE
1992,-0.0,0.0,,SLE
1993,-0.6,2.0,0.0,SLE
1994,-0.6176169152341549,2.7586206896551726,0.275,SLE
1995,-0.6176169152341549,2.7586206896551726,0.275,SLE
1996,-0.6176169152341549,2.7586206896551726,0.275,SLE
1997,-0.6176169152341549,2.7586206896551726,0.275,SLE
1998,-0.6176169152341549,2.7586206896551726,0.275,SLE
1999,-0.6176169152341549,2.7586206896551726,0.275,SLE
2000,-0.6176169152341549,2.7586206896551726,0.275,SLE
2001,-0.6176169152341549,2.7586206896551726,0.275,SLE
2002,-0.6176169152341549,2.7586206896551726,0.275,SLE
2003,-0.22758620689655185,0.7586206896551726,0.0,SLE
2004,-0.0,0.0,,SLE
2005,-0.0,0.0,,SLE
2006,-0.0,0.0,,SLE
2007,-0.0,0.0,,SLE
2008,-0.0,0.0,,SLE
2009,-0.0,0.0,,SLE
2010,-0.0,0.0,,SLE
2011,-0.0,0.0,,SLE
2012,-0.0,0.0,,SLE
2013,-0.0,0.0,,SLE
2014,-0.0,0.0,,SLE
2015,-0.0,0.0,,SLE
2016,-0.0,0.0,,SLE
2017,-0.0,0.0,,SLE
2018,-0.0,0.0,,SLE
2019,-0.0,0.0,,SLE
2020,-0.07241379310344823,0.2413793103448274,,SLE
2021,-0.07241379310344823,0.2413793103448274,,SLE
2022,-0.07241379310344823,0.2413793103448274,,SLE
2023,-0.07241379310344823,0.2413793103448274,,SLE
1948,,,,SLV
1949,,,,SLV
1950,,,,SLV
1951,,,,SLV
1952,,,,SLV
1953,,,,SLV
1954,,,,SLV
1955,,,,SLV
1956,-0.2204792759220492,0.6666666666666666,0.0,SLV
1957,-0.20951312035156963,0.6666666666666666,0.0,SLV
1958,-0.19999999999999998,0.6666666666666666,0.0,SLV
1959,-0.2058723050780516,0.9195402298850576,0.27500000000000013,SLV
1960,-0.2058723050780516,0.9195402298850576,0.27500000000000013,SLV
1961,-0.3011603928861845,1.2528735632183907,0.20183486238532133,SLV
1962,-0.3011603928861845,1.2528735632183907,0.20183486238532133,SLV
1963,-0.3011603928861845,1.2528735632183907,0.20183486238532133,SLV
1964,-0.3011603928861845,1.2528735632183907,0.20183486238532133,SLV
1965,-0.3011603928861845,1.2528735632183907,0.20183486238532133,SLV
1966,-0.3011603928861845,1.2528735632183907,0.20183486238532133,SLV
1967,-0.3011603928861845,1.2528735632183907,0.20183486238532133,SLV
1968,-0.3011603928861845,1.2528735632183907,0.20183486238532133,SLV
1969,-0.2999999999999999,0.9999999999999997,0.0,SLV
1970,-0.2999999999999999,0.9999999999999997,0.0,SLV
1971,-0.0,0.0,,SLV
1972,-0.0,0.0,,SLV
1973,-0.0,0.0,,SLV
1974,-0.0,0.0,,SLV
1975,-0.0,0.0,,SLV
1976,-0.0,0.0,,SLV
1977,-0.0,0.0,,SLV
1978,-0.0,0.0,,SLV
1979,-0.0,0.0,,SLV
1980,-0.0,0.0,,SLV
1981,-0.0,0.0,,SLV
1982,-0.0,0.0,,SLV
1983,-0.0,0.0,,SLV
1984,-0.0,0.0,,SLV
1985,-0.0,0.0,,SLV
1986,-0.0,0.0,,SLV
1987,-0.0,0.0,,SLV
1988,-0.0,0.0,,SLV
1989,-0.0,0.0,,SLV
1990,-0.0,0.0,,SLV
1991,-0.0,0.0,,SLV
1992,-0.0,0.0,,SLV
1993,-0.0,0.0,,SLV
1994,-0.0,0.0,,SLV
1995,-0.0,0.0,,SLV
1996,-0.0,0.0,,SLV
1997,-0.0,0.0,,SLV
1998,-0.0,0.0,,SLV
1999,-0.0,0.0,,SLV
2000,-0.0,0.0,,SLV
2001,-1.2241379310344829,4.080459770114943,0.0,SLV
2002,-1.2241379310344829,4.080459770114943,0.0,SLV
2003,-1.2241379310344829,4.080459770114943,0.0,SLV
2004,-1.2241379310344829,4.080459770114943,0.0,SLV
2005,-1.2241379310344829,4.080459770114943,0.0,SLV
2006,-1.2241379310344829,4.080459770114943,0.0,SLV
2007,-1.2241379310344829,4.080459770114943,0.0,SLV
2008,-1.2241379310344829,4.080459770114943,0.0,SLV
2009,-1.2241379310344829,4.080459770114943,0.0,SLV
2010,-1.2241379310344829,4.080459770114943,0.0,SLV
2011,-0.0,0.0,,SLV
2012,-0.0,0.0,,SLV
2013,-0.0,0.0,,SLV
2014,-0.0,0.0,,SLV
2015,-0.0,0.0,,SLV
2016,-0.0,0.0,,SLV
2017,-0.0,0.0,,SLV
2018,-0.0,0.0,,SLV
2019,-0.0,0.0,,SLV
2020,-0.0,0.0,,SLV
2021,-0.0,0.0,,SLV
2022,-0.0,0.0,,SLV
2023,-0.0,0.0,,SLV
1948,,,,SMR
1949,,,,SMR
1950,,,,SMR
1951,,,,SMR
1952,,,,SMR
1953,,,,SMR
1954,,,,SMR
1955,,,,SMR
1956,-0.0,0.0,,SMR
1957,-0.0,0.0,,SMR
1958,-0.0,0.0,,SMR
1959,-0.0,0.0,,SMR
1960,-0.0,0.0,,SMR
1961,-0.0,0.0,,SMR
1962,-0.0,0.0,,SMR
1963,-0.0,0.0,,SMR
1964,-0.0,0.0,,SMR
1965,-0.0,0.0,,SMR
1966,-0.0,0.0,,SMR
1967,-0.0,0.0,,SMR
1968,-0.0,0.0,,SMR
1969,-0.0,0.0,,SMR
1970,-0.0,0.0,,SMR
1971,-0.0,0.0,,SMR
1972,-0.0,0.0,,SMR
1973,-0.0,0.0,,SMR
1974,-0.0,0.0,,SMR
1975,-0.0,0.0,,SMR
1976,-0.0,0.0,,SMR
1977,-0.0,0.0,,SMR
1978,-0.0,0.0,,SMR
1979,-0.0,0.0,,SMR
1980,-0.0,0.0,,SMR
1981,-0.0,0.0,,SMR
1982,-0.0,0.0,,SMR
1983,-0.0,0.0,,SMR
1984,-0.0,0.0,,SMR
1985,-0.0,0.0,,SMR
1986,-0.0,0.0,,SMR
1987,-0.0,0.0,,SMR
1988,-0.0,0.0,,SMR
1989,-0.0,0.0,,SMR
1990,-0.0,0.0,,SMR
1991,-0.0,0.0,,SMR
1992,-0.0,0.0,,SMR
1993,-0.0,0.0,,SMR
1994,-0.0,0.0,,SMR
1995,-0.0,0.0,,SMR
1996,-0.0,0.0,,SMR
1997,-0.0,0.0,,SMR
1998,-0.0,0.0,,SMR
1999,-0.0,0.0,,SMR
2000,-0.0,0.0,,SMR
2001,-0.0,0.0,,SMR
2002,-0.0,0.0,,SMR
2003,-0.0,0.0,,SMR
2004,-0.0,0.0,,SMR
2005,-0.0,0.0,,SMR
2006,-0.0,0.0,,SMR
2007,-0.0,0.0,,SMR
2008,-0.0,0.0,,SMR
2009,-0.0,0.0,,SMR
2010,-0.0,0.0,,SMR
2011,-0.0,0.0,,SMR
2012,-0.0,0.0,,SMR
2013,-0.0,0.0,,SMR
2014,-0.0,0.0,,SMR
2015,-0.0,0.0,,SMR
2016,-0.0,0.0,,SMR
2017,-0.0,0.0,,SMR
2018,-0.0,0.0,,SMR
2019,-0.0,0.0,,SMR
2020,-0.0,0.0,,SMR
2021,-0.0,0.0,,SMR
2022,-0.0,0.0,,SMR
2023,-0.0,0.0,,SMR
1948,,,,SOM
1949,,,,SOM
1950,,,,SOM
1951,,,,SOM
1952,,,,SOM
1953,,,,SOM
1954,,,,SOM
1955,,,,SOM
1956,-0.0,0.0,,SOM
1957,-0.0,0.0,,SOM
1958,-0.0,0.0,,SOM
1959,-0.0,0.0,,SOM
1960,-0.0,0.0,,SOM
1961,-0.0,0.0,,SOM
1962,-0.0,0.0,,SOM
1963,-0.0,0.0,,SOM
1964,-0.0,0.0,,SOM
1965,-0.0,0.0,,SOM
1966,-0.0,0.0,,SOM
1967,-0.0,0.0,,SOM
1968,-0.0,0.0,,SOM
1969,-0.0,0.0,,SOM
1970,-0.0,0.0,,SOM
1971,-0.0,0.0,,SOM
1972,-0.0,0.0,,SOM
1973,-0.0,0.0,,SOM
1974,-0.0,0.0,,SOM
1975,-0.0,0.0,,SOM
1976,-0.0,0.0,,SOM
1977,-0.0,0.0,,SOM
1978,-0.0,0.0,,SOM
1979,-0.0,0.0,,SOM
1980,-0.0,0.0,,SOM
1981,-0.0,0.0,,SOM
1982,-0.2275862068965517,0.7586206896551724,0.0,SOM
1983,-0.2275862068965517,0.7586206896551724,0.0,SOM
1984,-0.2275862068965517,0.7586206896551724,0.0,SOM
1985,-0.2275862068965517,0.7586206896551724,0.0,SOM
1986,-0.2275862068965517,0.7586206896551724,0.0,SOM
1987,-0.2275862068965517,0.7586206896551724,0.0,SOM
1988,-0.2275862068965517,0.7586206896551724,0.0,SOM
1989,-0.2275862068965517,0.7586206896551724,0.0,SOM
1990,-0.2275862068965517,0.7586206896551724,0.0,SOM
1991,-0.2275862068965517,0.7586206896551724,0.0,SOM
1992,-0.0,0.0,,SOM
1993,-0.0,0.0,,SOM
1994,-0.05493460166468491,0.18311533888228304,,SOM
1995,-0.05493460166468491,0.18311533888228304,,SOM
1996,-0.05493460166468491,0.18311533888228304,,SOM
1997,-0.05493460166468491,0.18311533888228304,,SOM
1998,-0.15613310280960316,0.6910518468187907,0.26498060851040595,SOM
1999,-0.15613310280960316,0.6910518468187907,0.26498060851040595,SOM
2000,-0.15613310280960316,0.6910518468187907,0.26498060851040595,SOM
2001,-0.15613310280960316,0.6910518468187907,0.26498060851040595,SOM
2002,-0.15613310280960316,0.6910518468187907,0.26498060851040595,SOM
2003,-0.15613310280960316,0.6910518468187907,0.26498060851040595,SOM
2004,-0.1523809523809523,0.5079365079365077,0.0,SOM
2005,-0.1523809523809523,0.5079365079365077,0.0,SOM
2006,-0.1523809523809523,0.5079365079365077,0.0,SOM
2007,-0.1523809523809523,0.5079365079365077,0.0,SOM
2008,-0.0,0.0,,SOM
2009,-0.0,0.0,,SOM
2010,-0.0,0.0,,SOM
2011,-0.0,0.0,,SOM
2012,-0.0,0.0,,SOM
2013,-0.0,0.0,,SOM
2014,-0.0,0.0,,SOM
2015,-0.0,0.0,,SOM
2016,-0.0,0.0,,SOM
2017,-0.0,0.0,,SOM
2018,-0.0,0.0,,SOM
2019,-0.0,0.0,,SOM
2020,-0.465098239057811,1.550327463526037,0.0,SOM
2021,-0.465098239057811,1.550327463526037,0.0,SOM
2022,-0.465098239057811,1.550327463526037,0.0,SOM
2023,-0.465098239057811,1.550327463526037,0.0,SOM
1948,,,,SPM
1949,,,,SPM
1950,,,,SPM
1951,,,,SPM
1952,,,,SPM
1953,,,,SPM
1954,,,,SPM
1955,,,,SPM
1956,-0.0,0.0,,SPM
1957,-0.0,0.0,,SPM
1958,-0.0,0.0,,SPM
1959,-0.0,0.0,,SPM
1960,-0.0,0.0,,SPM
1961,-0.0,0.0,,SPM
1962,-0.0,0.0,,SPM
1963,-0.0,0.0,,SPM
1964,-0.0,0.0,,SPM
1965,-0.0,0.0,,SPM
1966,-0.0,0.0,,SPM
1967,-0.0,0.0,,SPM
1968,-0.0,0.0,,SPM
1969,-0.0,0.0,,SPM
1970,-0.0,0.0,,SPM
1971,-1.2,4.0,0.0,SPM
1972,-1.2,4.0,0.0,SPM
1973,-1.2,4.0,0.0,SPM
1974,-1.2,4.0,0.0,SPM
1975,-1.2,4.0,0.0,SPM
1976,-1.2,4.0,0.0,SPM
1977,-1.2,4.0,0.0,SPM
1978,-1.2,4.0,0.0,SPM
1979,-1.2,4.0,0.0,SPM
1980,-1.2,4.0,0.0,SPM
1981,-0.0,0.0,,SPM
1982,-0.0,0.0,,SPM
1983,-0.0,0.0,,SPM
1984,-0.0,0.0,,SPM
1985,-0.0,0.0,,SPM
1986,-0.0,0.0,,SPM
1987,-0.0,0.0,,SPM
1988,-0.0,0.0,,SPM
1989,-0.0,0.0,,SPM
1990,-0.0,0.0,,SPM
1991,-0.0,0.0,,SPM
1992,-0.0,0.0,,SPM
1993,-0.0,0.0,,SPM
1994,-0.0,0.0,,SPM
1995,-0.0,0.0,,SPM
1996,-0.0,0.0,,SPM
1997,-0.0,0.0,,SPM
1998,-0.0,0.0,,SPM
1999,-0.0,0.0,,SPM
2000,-0.0,0.0,,SPM
2001,-0.0,0.0,,SPM
2002,-0.0,0.0,,SPM
2003,-0.0,0.0,,SPM
2004,-0.0,0.0,,SPM
2005,-0.0,0.0,,SPM
2006,-0.0,0.0,,SPM
2007,-0.0,0.0,,SPM
2008,-0.0,0.0,,SPM
2009,-0.0,0.0,,SPM
2010,-0.0,0.0,,SPM
2011,-0.0,0.0,,SPM
2012,-0.0,0.0,,SPM
2013,-0.0,0.0,,SPM
2014,-0.0,0.0,,SPM
2015,-0.0,0.0,,SPM
2016,-0.0,0.0,,SPM
2017,-0.0,0.0,,SPM
2018,-0.0,0.0,,SPM
2019,-0.0,0.0,,SPM
2020,-0.0,0.0,,SPM
2021,-0.0,0.0,,SPM
2022,-0.0,0.0,,SPM
2023,-0.0,0.0,,SPM
1948,,,,SRB
1949,,,,SRB
1950,,,,SRB
1951,,,,SRB
1952,,,,SRB
1953,,,,SRB
1954,,,,SRB
1955,,,,SRB
1956,-0.0,0.0,,SRB
1957,-0.0,0.0,,SRB
1958,-0.0,0.0,,SRB
1959,-0.0,0.0,,SRB
1960,-0.0,0.0,,SRB
1961,-0.0,0.0,,SRB
1962,-0.0,0.0,,SRB
1963,-0.0,0.0,,SRB
1964,-0.0,0.0,,SRB
1965,-0.0,0.0,,SRB
1966,-0.0,0.0,,SRB
1967,-0.0,0.0,,SRB
1968,-0.0,0.0,,SRB
1969,-0.0,0.0,,SRB
1970,-0.0,0.0,,SRB
1971,-0.0,0.0,,SRB
1972,-0.0,0.0,,SRB
1973,-0.0,0.0,,SRB
1974,-0.0,0.0,,SRB
1975,-0.0,0.0,,SRB
1976,-0.0,0.0,,SRB
1977,-0.0,0.0,,SRB
1978,-0.0,0.0,,SRB
1979,-0.0,0.0,,SRB
1980,-0.0,0.0,,SRB
1981,-0.0,0.0,,SRB
1982,-0.0,0.0,,SRB
1983,-0.0,0.0,,SRB
1984,-0.0,0.0,,SRB
1985,-0.0,0.0,,SRB
1986,-0.0,0.0,,SRB
1987,-0.0,0.0,,SRB
1988,-0.0,0.0,,SRB
1989,-0.0,0.0,,SRB
1990,-0.0,0.0,,SRB
1991,-0.0,0.0,,SRB
1992,-0.0,0.0,,SRB
1993,-0.0,0.0,,SRB
1994,-0.0,0.0,,SRB
1995,-0.0,0.0,,SRB
1996,-0.0,0.0,,SRB
1997,-0.0,0.0,,SRB
1998,-0.0,0.0,,SRB
1999,-0.0,0.0,,SRB
2000,-0.0,0.0,,SRB
2001,-0.0,0.0,,SRB
2002,-0.30476190476190473,1.0158730158730158,0.0,SRB
2003,-0.30476190476190473,1.0158730158730158,0.0,SRB
2004,-0.5565258689909481,2.685053566174585,0.37834366832403177,SRB
2005,-0.5565258689909481,2.685053566174585,0.37834366832403177,SRB
2006,-0.5494264008799191,2.941374767575442,0.4325168731635429,SRB
2007,-0.9817866654521106,6.0,0.49022912792924034,SRB
2008,-0.9817866654521106,6.0,0.49022912792924034,SRB
2009,-0.9817866654521106,6.0,0.49022912792924034,SRB
2010,-0.9817866654521106,6.0,0.49022912792924034,SRB
2011,-0.9817866654521106,6.0,0.49022912792924034,SRB
2012,-0.9860476865155424,4.984126984126984,0.38632678457723835,SRB
2013,-0.9860476865155424,4.984126984126984,0.38632678457723835,SRB
2014,-0.9122500690489739,3.314946433825415,0.07732287882102062,SRB
2015,-0.9122500690489739,3.314946433825415,0.07732287882102062,SRB
2016,-0.9175875697273674,3.058625232424558,0.0,SRB
2017,-0.0,0.0,,SRB
2018,-0.0,0.0,,SRB
2019,-0.0,0.0,,SRB
2020,-0.0,0.0,,SRB
2021,-0.0,0.0,,SRB
2022,-0.0,0.0,,SRB
2023,-0.0,0.0,,SRB
1948,,,,SSD
1949,,,,SSD
1950,,,,SSD
1951,,,,SSD
1952,,,,SSD
1953,,,,SSD
1954,,,,SSD
1955,,,,SSD
1956,-0.0,0.0,,SSD
1957,-0.0,0.0,,SSD
1958,-0.0,0.0,,SSD
1959,-0.0,0.0,,SSD
1960,-0.0,0.0,,SSD
1961,-0.0,0.0,,SSD
1962,-0.0,0.0,,SSD
1963,-0.0,0.0,,SSD
1964,-0.0,0.0,,SSD
1965,-0.0,0.0,,SSD
1966,-0.0,0.0,,SSD
1967,-0.0,0.0,,SSD
1968,-0.0,0.0,,SSD
1969,-0.0,0.0,,SSD
1970,-0.0,0.0,,SSD
1971,-0.0,0.0,,SSD
1972,-0.0,0.0,,SSD
1973,-0.0,0.0,,SSD
1974,-0.0,0.0,,SSD
1975,-0.0,0.0,,SSD
1976,-0.0,0.0,,SSD
1977,-0.0,0.0,,SSD
1978,-0.0,0.0,,SSD
1979,-0.0,0.0,,SSD
1980,-0.0,0.0,,SSD
1981,-0.0,0.0,,SSD
1982,-0.0,0.0,,SSD
1983,-0.0,0.0,,SSD
1984,-0.0,0.0,,SSD
1985,-0.0,0.0,,SSD
1986,-0.0,0.0,,SSD
1987,-0.0,0.0,,SSD
1988,-0.0,0.0,,SSD
1989,-0.0,0.0,,SSD
1990,-0.0,0.0,,SSD
1991,-0.0,0.0,,SSD
1992,-0.0,0.0,,SSD
1993,-0.0,0.0,,SSD
1994,-0.0,0.0,,SSD
1995,-0.0,0.0,,SSD
1996,-0.0,0.0,,SSD
1997,-0.0,0.0,,SSD
1998,-0.0,0.0,,SSD
1999,-0.0,0.0,,SSD
2000,-0.0,0.0,,SSD
2001,-0.0,0.0,,SSD
2002,-0.0,0.0,,SSD
2003,-0.0,0.0,,SSD
2004,-0.0,0.0,,SSD
2005,-0.0,0.0,,SSD
2006,-0.0,0.0,,SSD
2007,-0.0,0.0,,SSD
2008,-0.0,0.0,,SSD
2009,-0.0,0.0,,SSD
2010,-0.0,0.0,,SSD
2011,-0.0,0.0,,SSD
2012,-0.0,0.0,,SSD
2013,-0.0,0.0,,SSD
2014,-0.0,0.0,,SSD
2015,-0.0,0.0,,SSD
2016,-0.0,0.0,,SSD
2017,-0.0,0.0,,SSD
2018,-0.0,0.0,,SSD
2019,-0.0,0.0,,SSD
2020,-0.9000000000000001,3.0,0.0,SSD
2021,-0.9000000000000001,3.0,0.0,SSD
2022,-0.9000000000000001,3.0,0.0,SSD
2023,-0.9000000000000001,3.0,0.0,SSD
1948,,,,STP
1949,,,,STP
1950,,,,STP
1951,,,,STP
1952,,,,STP
1953,,,,STP
1954,,,,STP
1955,,,,STP
1956,-0.0,0.0,,STP
1957,-0.0,0.0,,STP
1958,-0.0,0.0,,STP
1959,-0.0,0.0,,STP
1960,-0.0,0.0,,STP
1961,-0.0,0.0,,STP
1962,-0.0,0.0,,STP
1963,-0.0,0.0,,STP
1964,-0.0,0.0,,STP
1965,-0.0,0.0,,STP
1966,-0.0,0.0,,STP
1967,-0.0,0.0,,STP
1968,-0.0,0.0,,STP
1969,-0.0,0.0,,STP
1970,-0.0,0.0,,STP
1971,-0.0,0.0,,STP
1972,-0.0,0.0,,STP
1973,-0.0,0.0,,STP
1974,-0.0,0.0,,STP
1975,-0.0,0.0,,STP
1976,-0.0,0.0,,STP
1977,-0.0,0.0,,STP
1978,-0.0,0.0,,STP
1979,-0.0,0.0,,STP
1980,-0.0,0.0,,STP
1981,-0.0,0.0,,STP
1982,-0.0,0.0,,STP
1983,-0.0,0.0,,STP
1984,-0.4551724137931034,1.5172413793103448,0.0,STP
1985,-0.4551724137931034,1.5172413793103448,0.0,STP
1986,-0.4551724137931034,1.5172413793103448,0.0,STP
1987,-0.4551724137931034,1.5172413793103448,0.0,STP
1988,-0.4551724137931034,1.5172413793103448,0.0,STP
1989,-0.4551724137931034,1.5172413793103448,0.0,STP
1990,-0.4551724137931034,1.5172413793103448,0.0,STP
1991,-0.4551724137931034,1.5172413793103448,0.0,STP
1992,-0.4551724137931034,1.5172413793103448,0.0,STP
1993,-0.4551724137931034,1.5172413793103448,0.0,STP
1994,-0.22758620689655168,0.7586206896551722,0.0,STP
1995,-0.22758620689655168,0.7586206896551722,0.0,STP
1996,-0.22758620689655168,0.7586206896551722,0.0,STP
1997,-0.22758620689655168,0.7586206896551722,0.0,STP
1998,-0.22758620689655168,0.7586206896551722,0.0,STP
1999,-0.22758620689655168,0.7586206896551722,0.0,STP
2000,-0.22758620689655168,0.7586206896551722,0.0,STP
2001,-0.22758620689655168,0.7586206896551722,0.0,STP
2002,-0.22758620689655168,0.7586206896551722,0.0,STP
2003,-0.22758620689655168,0.7586206896551722,0.0,STP
2004,-0.0,0.0,,STP
2005,-0.0,0.0,,STP
2006,-0.0,0.0,,STP
2007,-0.0,0.0,,STP
2008,-0.0,0.0,,STP
2009,-0.0,0.0,,STP
2010,-0.0,0.0,,STP
2011,-0.0,0.0,,STP
2012,-0.0,0.0,,STP
2013,-0.0,0.0,,STP
2014,-0.0,0.0,,STP
2015,-0.0,0.0,,STP
2016,-0.0,0.0,,STP
2017,-0.0,0.0,,STP
2018,-0.0,0.0,,STP
2019,-0.0,0.0,,STP
2020,-0.21724137931034493,0.7241379310344831,0.0,STP
2021,-0.21724137931034493,0.7241379310344831,0.0,STP
2022,-0.21724137931034493,0.7241379310344831,0.0,STP
2023,-0.21724137931034493,0.7241379310344831,0.0,STP
1948,,,,SUR
1949,,,,SUR
1950,,,,SUR
1951,,,,SUR
1952,,,,SUR
1953,,,,SUR
1954,,,,SUR
1955,,,,SUR
1956,-0.0,0.0,,SUR
1957,-0.0,0.0,,SUR
1958,-0.0,0.0,,SUR
1959,-0.0,0.0,,SUR
1960,-0.0,0.0,,SUR
1961,-0.0,0.0,,SUR
1962,-0.0,0.0,,SUR
1963,-0.0,0.0,,SUR
1964,-0.0,0.0,,SUR
1965,-0.0,0.0,,SUR
1966,-0.0,0.0,,SUR
1967,-0.0,0.0,,SUR
1968,-0.0,0.0,,SUR
1969,-0.0,0.0,,SUR
1970,-0.0,0.0,,SUR
1971,-0.0,0.0,,SUR
1972,-0.0,0.0,,SUR
1973,-0.0,0.0,,SUR
1974,-0.0,0.0,,SUR
1975,-0.0,0.0,,SUR
1976,-0.0,0.0,,SUR
1977,-0.0,0.0,,SUR
1978,-0.0,0.0,,SUR
1979,-0.0,0.0,,SUR
1980,-0.0,0.0,,SUR
1981,-0.0,0.0,,SUR
1982,-0.0,0.0,,SUR
1983,-0.0,0.0,,SUR
1984,-0.0,0.0,,SUR
1985,-0.0,0.0,,SUR
1986,-0.0,0.0,,SUR
1987,-0.0,0.0,,SUR
1988,-0.0,0.0,,SUR
1989,-0.0,0.0,,SUR
1990,-0.0,0.0,,SUR
1991,-0.0,0.0,,SUR
1992,-0.0,0.0,,SUR
1993,-0.0,0.0,,SUR
1994,-0.0,0.0,,SUR
1995,-0.9000000000000001,3.0,0.0,SUR
1996,-0.9000000000000001,3.0,0.0,SUR
1997,-0.9000000000000001,3.0,0.0,SUR
1998,-0.9000000000000001,3.0,0.0,SUR
1999,-0.9000000000000001,3.0,0.0,SUR
2000,-0.9000000000000001,3.0,0.0,SUR
2001,-0.9371532162356437,4.26581002771479,0.29673380190183685,SUR
2002,-0.9371532162356437,4.26581002771479,0.29673380190183685,SUR
2003,-0.9371532162356437,4.26581002771479,0.29673380190183685,SUR
2004,-0.9371532162356437,4.26581002771479,0.29673380190183685,SUR
2005,-0.37820526420749295,1.4891044483637081,0.14995215472916223,SUR
2006,-0.3776231591039004,1.5046034000475164,0.1587085156960203,SUR
2007,-0.3776231591039004,1.5046034000475164,0.1587085156960203,SUR
2008,-0.5466796715819054,3.0,0.5015344666825055,SUR
2009,-0.5466796715819054,3.0,0.5015344666825055,SUR
2010,-0.5466796715819054,3.0,0.5015344666825055,SUR
2011,-0.4455973654487002,1.7341899722852103,0.1376973550470133,SUR
2012,-0.4455973654487002,1.7341899722852103,0.1376973550470133,SUR
2013,-0.4455973654487002,1.7341899722852103,0.1376973550470133,SUR
2014,-0.4455973654487002,1.7341899722852103,0.1376973550470133,SUR
2015,-0.44812617328798293,1.5108955516362919,0.010258122520132473,SUR
2016,-0.44861897998574524,1.4953965999524836,0.0,SUR
2017,-0.44861897998574524,1.4953965999524836,0.0,SUR
2018,-0.0,0.0,,SUR
2019,-0.0,0.0,,SUR
2020,-0.0,0.0,,SUR
2021,-0.0,0.0,,SUR
2022,-0.0,0.0,,SUR
2023,-0.0,0.0,,SUR
1948,,,,SVK
1949,,,,SVK
1950,,,,SVK
1951,,,,SVK
1952,,,,SVK
1953,,,,SVK
1954,,,,SVK
1955,,,,SVK
1956,-0.0,0.0,,SVK
1957,-0.0,0.0,,SVK
1958,-0.0,0.0,,SVK
1959,-0.0,0.0,,SVK
1960,-0.0,0.0,,SVK
1961,-0.0,0.0,,SVK
1962,-0.0,0.0,,SVK
1963,-0.0,0.0,,SVK
1964,-0.0,0.0,,SVK
1965,-0.0,0.0,,SVK
1966,-0.0,0.0,,SVK
1967,-0.0,0.0,,SVK
1968,-0.0,0.0,,SVK
1969,-0.0,0.0,,SVK
1970,-0.0,0.0,,SVK
1971,-0.0,0.0,,SVK
1972,-0.0,0.0,,SVK
1973,-0.0,0.0,,SVK
1974,-0.0,0.0,,SVK
1975,-0.0,0.0,,SVK
1976,-0.0,0.0,,SVK
1977,-0.0,0.0,,SVK
1978,-0.0,0.0,,SVK
1979,-0.0,0.0,,SVK
1980,-0.0,0.0,,SVK
1981,-0.0,0.0,,SVK
1982,-0.0,0.0,,SVK
1983,-0.0,0.0,,SVK
1984,-0.0,0.0,,SVK
1985,-0.0,0.0,,SVK
1986,-0.0,0.0,,SVK
1987,-0.0,0.0,,SVK
1988,-0.0,0.0,,SVK
1989,-0.0,0.0,,SVK
1990,-0.0,0.0,,SVK
1991,-0.0,0.0,,SVK
1992,-0.4571428571428571,1.5238095238095235,0.0,SVK
1993,-1.0554962134938717,4.868850235649137,0.312971122556281,SVK
1994,-1.0550084099197763,4.879528045126661,0.31447453915539825,SVK
1995,-1.050589821422797,5.8582443060251865,0.4290028655173618,SVK
1996,-1.0505814227567731,5.858394940556504,0.42901754733492603,SVK
1997,-1.0505734010179173,5.858538809127146,0.42903156899322736,SVK
1998,-1.0505733140142077,5.858540369309502,0.42903172104729126,SVK
1999,-1.0505732929275116,5.85854074744339,0.4290317578998907,SVK
2000,-1.0505732929275116,5.85854074744339,0.4290317578998907,SVK
2001,-1.0505732929275116,5.85854074744339,0.4290317578998907,SVK
2002,-1.0133265744124036,4.334731223633867,0.22831646548193174,SVK
2003,-0.2932662321805635,0.9896906030679506,0.01108865956229732,SVK
2004,-0.29195042676519606,1.1204719548733388,0.12651427227452372,SVK
2005,-0.04242790358355073,0.14175569397481347,,SVK
2006,-0.042432906718273794,0.14160505944349566,,SVK
2007,-0.04243768073438347,0.14146119087285403,,SVK
2008,-0.04243773273810447,0.14145963069049827,,SVK
2009,-0.04243774534242672,0.14145925255660963,,SVK
2010,-0.04243774534242672,0.14145925255660963,,SVK
2011,-0.04243774534242672,0.14145925255660963,,SVK
2012,-0.04243774534242672,0.14145925255660963,,SVK
2013,-0.04243774838487455,0.14145916128291258,,SVK
2014,-0.0,0.0,,SVK
2015,-0.0,0.0,,SVK
2016,-0.0,0.0,,SVK
2017,-0.0,0.0,,SVK
2018,-0.0,0.0,,SVK
2019,-0.0,0.0,,SVK
2020,-0.0,0.0,,SVK
2021,-0.0,0.0,,SVK
2022,-0.0,0.0,,SVK
2023,-0.0,0.0,,SVK
1948,,,,SVN
1949,,,,SVN
1950,,,,SVN
1951,,,,SVN
1952,,,,SVN
1953,,,,SVN
1954,,,,SVN
1955,,,,SVN
1956,-0.0,0.0,,SVN
1957,-0.0,0.0,,SVN
1958,-0.0,0.0,,SVN
1959,-0.0,0.0,,SVN
1960,-0.0,0.0,,SVN
1961,-0.0,0.0,,SVN
1962,-0.0,0.0,,SVN
1963,-0.0,0.0,,SVN
1964,-0.0,0.0,,SVN
1965,-0.0,0.0,,SVN
1966,-0.0,0.0,,SVN
1967,-0.0,0.0,,SVN
1968,-0.0,0.0,,SVN
1969,-0.0,0.0,,SVN
1970,-0.0,0.0,,SVN
1971,-0.0,0.0,,SVN
1972,-0.0,0.0,,SVN
1973,-0.0,0.0,,SVN
1974,-0.0,0.0,,SVN
1975,-0.0,0.0,,SVN
1976,-0.0,0.0,,SVN
1977,-0.0,0.0,,SVN
1978,-0.0,0.0,,SVN
1979,-0.0,0.0,,SVN
1980,-0.0,0.0,,SVN
1981,-0.0,0.0,,SVN
1982,-0.0,0.0,,SVN
1983,-0.0,0.0,,SVN
1984,-0.0,0.0,,SVN
1985,-0.0,0.0,,SVN
1986,-0.0,0.0,,SVN
1987,-0.0,0.0,,SVN
1988,-0.0,0.0,,SVN
1989,-0.0,0.0,,SVN
1990,-0.0,0.0,,SVN
1991,-0.0,0.0,,SVN
1992,-0.0,0.0,,SVN
1993,-0.0,0.0,,SVN
1994,-0.2273620559334845,0.7578735197782817,0.0,SVN
1995,-0.5431507031977292,2.488483061736118,0.30455241244420717,SVN
1996,-0.5367869100105029,2.7554889570683474,0.3719410351768976,SVN
1997,-0.532978408901238,2.841499085986882,0.3909519272793369,SVN
1998,-0.5329715995014448,2.841626834550577,0.3909793077275946,SVN
1999,-0.6574917191302859,4.479014821133999,0.613618259579753,SVN
2000,-0.6560408464788747,4.500764501914841,0.615485426704385,SVN
2001,-0.6560408464788747,4.500764501914841,0.615485426704385,SVN
2002,-0.6558004967541601,4.504279601839016,0.6157854984732165,SVN
2003,-0.6558004939042809,4.50427964333183,0.6157855020125484,SVN
2004,-0.7241832985156866,5.242126480221718,0.6698649777933936,SVN
2005,-0.6135404627624692,3.511516938263882,0.5337092158829346,SVN
2006,-0.622367799321796,3.2445110429316526,0.4953359797771183,SVN
2007,-0.6261861881611845,3.158500914013118,0.4815933155760923,SVN
2008,-0.6261926303684608,3.158373165449423,0.48157234727821374,SVN
2009,-0.44792021593807324,1.5209851788660007,0.016610827343279788,SVN
2010,-0.4486001597644802,1.4992354980851594,0.00234462259029955,SVN
2011,-0.4486001597644802,1.4992354980851594,0.00234462259029955,SVN
2012,-0.4487161056173575,1.4957203981609837,2.7741022812222127e-08,SVN
2013,-0.44871610700045106,1.49572035666817,0.0,SVN
2014,-0.0,0.0,,SVN
2015,-0.0,0.0,,SVN
2016,-0.0,0.0,,SVN
2017,-0.0,0.0,,SVN
2018,-0.0,0.0,,SVN
2019,-0.0,0.0,,SVN
2020,-0.0,0.0,,SVN
2021,-0.0,0.0,,SVN
2022,-0.0,0.0,,SVN
2023,-0.0,0.0,,SVN
1948,,,,SWE
1949,,,,SWE
1950,,,,SWE
1951,,,,SWE
1952,,,,SWE
1953,,,,SWE
1954,,,,SWE
1955,,,,SWE
1956,-0.0,0.0,,SWE
1957,-0.0,0.0,,SWE
1958,-0.0,0.0,,SWE
1959,-0.0,0.0,,SWE
1960,-1.8000000000000003,6.0,0.0,SWE
1961,-1.8000000000000003,6.0,0.0,SWE
1962,-1.8000000000000003,6.0,0.0,SWE
1963,-1.8000000000000003,6.0,0.0,SWE
1964,-1.8000000000000003,6.0,0.0,SWE
1965,-1.8000000000000003,6.0,0.0,SWE
1966,-1.8000000000000003,6.0,0.0,SWE
1967,-1.8000000000000003,6.0,0.0,SWE
1968,-1.8000000000000003,6.0,0.0,SWE
1969,-1.8000000000000003,6.0,0.0,SWE
1970,-0.0,0.0,,SWE
1971,-0.0,0.0,,SWE
1972,-0.0,0.0,,SWE
1973,-0.0,0.0,,SWE
1974,-0.0,0.0,,SWE
1975,-0.0,0.0,,SWE
1976,-0.0,0.0,,SWE
1977,-0.0,0.0,,SWE
1978,-0.0,0.0,,SWE
1979,-0.0,0.0,,SWE
1980,-0.0,0.0,,SWE
1981,-0.0,0.0,,SWE
1982,-0.0,0.0,,SWE
1983,-0.0,0.0,,SWE
1984,-0.0,0.0,,SWE
1985,-0.0,0.0,,SWE
1986,-0.0,0.0,,SWE
1987,-0.0,0.0,,SWE
1988,-0.0,0.0,,SWE
1989,-0.0,0.0,,SWE
1990,-0.0,0.0,,SWE
1991,-0.0,0.0,,SWE
1992,-0.0,0.0,,SWE
1993,-0.0,0.0,,SWE
1994,-0.0,0.0,,SWE
1995,-0.0,0.0,,SWE
1996,-0.0,0.0,,SWE
1997,-0.0,0.0,,SWE
1998,-0.0,0.0,,SWE
1999,-0.0,0.0,,SWE
2000,-0.0,0.0,,SWE
2001,-0.0,0.0,,SWE
2002,-0.0,0.0,,SWE
2003,-0.0,0.0,,SWE
2004,-0.0,0.0,,SWE
2005,-0.0,0.0,,SWE
2006,-0.0,0.0,,SWE
2007,-0.0,0.0,,SWE
2008,-0.0,0.0,,SWE
2009,-0.0,0.0,,SWE
2010,-0.0,0.0,,SWE
2011,-0.0,0.0,,SWE
2012,-0.0,0.0,,SWE
2013,-0.0,0.0,,SWE
2014,-0.0,0.0,,SWE
2015,-0.0,0.0,,SWE
2016,-0.0,0.0,,SWE
2017,-0.0,0.0,,SWE
2018,-0.0,0.0,,SWE
2019,-0.0,0.0,,SWE
2020,-0.0,0.0,,SWE
2021,-0.0,0.0,,SWE
2022,-0.0,0.0,,SWE
2023,-0.0,0.0,,SWE
1948,,,,SWZ
1949,,,,SWZ
1950,,,,SWZ
1951,,,,SWZ
1952,,,,SWZ
1953,,,,SWZ
1954,,,,SWZ
1955,,,,SWZ
1956,-0.0,0.0,,SWZ
1957,-0.0,0.0,,SWZ
1958,-0.0,0.0,,SWZ
1959,-0.0,0.0,,SWZ
1960,-0.0,0.0,,SWZ
1961,-0.0,0.0,,SWZ
1962,-0.0,0.0,,SWZ
1963,-0.0,0.0,,SWZ
1964,-0.0,0.0,,SWZ
1965,-0.0,0.0,,SWZ
1966,-0.0,0.0,,SWZ
1967,-0.0,0.0,,SWZ
1968,-0.0,0.0,,SWZ
1969,-0.0,0.0,,SWZ
1970,-0.15238095238095237,0.5079365079365079,0.0,SWZ
1971,-0.15238095238095237,0.5079365079365079,0.0,SWZ
1972,-0.15238095238095237,0.5079365079365079,0.0,SWZ
1973,-0.15238095238095237,0.5079365079365079,0.0,SWZ
1974,-0.15238095238095237,0.5079365079365079,0.0,SWZ
1975,-0.15238095238095237,0.5079365079365079,0.0,SWZ
1976,-0.15238095238095237,0.5079365079365079,0.0,SWZ
1977,-0.15238095238095237,0.5079365079365079,0.0,SWZ
1978,-0.15238095238095237,0.5079365079365079,0.0,SWZ
1979,-0.15238095238095237,0.5079365079365079,0.0,SWZ
1980,-0.0,0.0,,SWZ
1981,-0.0,0.0,,SWZ
1982,-0.11198686371100165,0.37328954570333883,,SWZ
1983,-0.11198686371100165,0.37328954570333883,,SWZ
1984,-0.11198686371100165,0.37328954570333883,,SWZ
1985,-0.11198686371100165,0.37328954570333883,,SWZ
1986,-0.11198686371100165,0.37328954570333883,,SWZ
1987,-0.11198686371100165,0.37328954570333883,,SWZ
1988,-0.11198686371100165,0.37328954570333883,,SWZ
1989,-0.11198686371100165,0.37328954570333883,,SWZ
1990,-0.11198686371100165,0.37328954570333883,,SWZ
1991,-0.11198686371100165,0.37328954570333883,,SWZ
1992,-0.0,0.0,,SWZ
1993,-0.0,0.0,,SWZ
1994,-0.635632183908046,2.1187739463601534,0.0,SWZ
1995,-0.635632183908046,2.1187739463601534,0.0,SWZ
1996,-0.635632183908046,2.1187739463601534,0.0,SWZ
1997,-0.635632183908046,2.1187739463601534,0.0,SWZ
1998,-0.635632183908046,2.1187739463601534,0.0,SWZ
1999,-0.635632183908046,2.1187739463601534,0.0,SWZ
2000,-0.824182816713201,4.118773946360154,0.48558139534883726,SWZ
2001,-0.824182816713201,4.118773946360154,0.48558139534883726,SWZ
2002,-0.824182816713201,4.118773946360154,0.48558139534883726,SWZ
2003,-0.824182816713201,4.118773946360154,0.48558139534883726,SWZ
2004,-0.6,2.0,0.0,SWZ
2005,-0.6,2.0,0.0,SWZ
2006,-0.6,2.0,0.0,SWZ
2007,-0.6,2.0,0.0,SWZ
2008,-0.6,2.0,0.0,SWZ
2009,-0.6,2.0,0.0,SWZ
2010,-0.0,0.0,,SWZ
2011,-0.0,0.0,,SWZ
2012,-0.0,0.0,,SWZ
2013,-0.0,0.0,,SWZ
2014,-0.0,0.0,,SWZ
2015,-0.0,0.0,,SWZ
2016,-0.0,0.0,,SWZ
2017,-0.0,0.0,,SWZ
2018,-0.0,0.0,,SWZ
2019,-0.0,0.0,,SWZ
2020,-0.0,0.0,,SWZ
2021,-0.0,0.0,,SWZ
2022,-0.0,0.0,,SWZ
2023,-0.0,0.0,,SWZ
1948,,,,SYC
1949,,,,SYC
1950,,,,SYC
1951,,,,SYC
1952,,,,SYC
1953,,,,SYC
1954,,,,SYC
1955,,,,SYC
1956,-0.0,0.0,,SYC
1957,-0.0,0.0,,SYC
1958,-0.0,0.0,,SYC
1959,-0.0,0.0,,SYC
1960,-0.0,0.0,,SYC
1961,-0.0,0.0,,SYC
1962,-0.0,0.0,,SYC
1963,-0.0,0.0,,SYC
1964,-0.0,0.0,,SYC
1965,-0.0,0.0,,SYC
1966,-0.0,0.0,,SYC
1967,-0.0,0.0,,SYC
1968,-0.0,0.0,,SYC
1969,-0.0,0.0,,SYC
1970,-0.0,0.0,,SYC
1971,-0.0,0.0,,SYC
1972,-0.0,0.0,,SYC
1973,-0.0,0.0,,SYC
1974,-0.0,0.0,,SYC
1975,-0.0,0.0,,SYC
1976,-0.0,0.0,,SYC
1977,-0.0,0.0,,SYC
1978,-0.0,0.0,,SYC
1979,-0.0,0.0,,SYC
1980,-0.0,0.0,,SYC
1981,-0.0,0.0,,SYC
1982,-0.2275862068965517,0.7586206896551724,0.0,SYC
1983,-0.2275862068965517,0.7586206896551724,0.0,SYC
1984,-0.2275862068965517,0.7586206896551724,0.0,SYC
1985,-0.2275862068965517,0.7586206896551724,0.0,SYC
1986,-0.2275862068965517,0.7586206896551724,0.0,SYC
1987,-0.2275862068965517,0.7586206896551724,0.0,SYC
1988,-0.2275862068965517,0.7586206896551724,0.0,SYC
1989,-0.2275862068965517,0.7586206896551724,0.0,SYC
1990,-0.2275862068965517,0.7586206896551724,0.0,SYC
1991,-0.2275862068965517,0.7586206896551724,0.0,SYC
1992,-0.0,0.0,,SYC
1993,-0.0,0.0,,SYC
1994,-0.05493460166468491,0.18311533888228304,,SYC
1995,-0.05493460166468491,0.18311533888228304,,SYC
1996,-0.05493460166468491,0.18311533888228304,,SYC
1997,-0.05493460166468491,0.18311533888228304,,SYC
1998,-0.05493460166468491,0.18311533888228304,,SYC
1999,-0.05493460166468491,0.18311533888228304,,SYC
2000,-0.05493460166468491,0.18311533888228304,,SYC
2001,-0.05493460166468491,0.18311533888228304,,SYC
2002,-0.05493460166468491,0.18311533888228304,,SYC
2003,-0.05493460166468491,0.18311533888228304,,SYC
2004,-0.0,0.0,,SYC
2005,-0.0,0.0,,SYC
2006,-0.0,0.0,,SYC
2007,-0.0,0.0,,SYC
2008,-0.0,0.0,,SYC
2009,-0.6174791914387633,2.0582639714625444,0.0,SYC
2010,-0.6174791914387633,2.0582639714625444,0.0,SYC
2011,-0.6174791914387633,2.0582639714625444,0.0,SYC
2012,-0.6174791914387633,2.0582639714625444,0.0,SYC
2013,-0.6174791914387633,2.0582639714625444,0.0,SYC
2014,-0.6174791914387633,2.0582639714625444,0.0,SYC
2015,-0.6174791914387633,2.0582639714625444,0.0,SYC
2016,-0.6174791914387633,2.0582639714625444,0.0,SYC
2017,-0.6174791914387633,2.0582639714625444,0.0,SYC
2018,-0.6174791914387633,2.0582639714625444,0.0,SYC
2019,-0.0,0.0,,SYC
2020,-0.3,1.0,0.0,SYC
2021,-0.3,1.0,0.0,SYC
2022,-0.3,1.0,0.0,SYC
2023,-0.3,1.0,0.0,SYC
1948,,,,SYR
1949,,,,SYR
1950,,,,SYR
1951,,,,SYR
1952,,,,SYR
1953,,,,SYR
1954,,,,SYR
1955,,,,SYR
1956,-0.0,0.0,,SYR
1957,-0.0,0.0,,SYR
1958,-0.0,0.0,,SYR
1959,-0.0,0.0,,SYR
1960,-0.0,0.0,,SYR
1961,-0.0,0.0,,SYR
1962,-0.0,0.0,,SYR
1963,-0.0,0.0,,SYR
1964,-0.0,0.0,,SYR
1965,-0.0,0.0,,SYR
1966,-0.0,0.0,,SYR
1967,-0.0,0.0,,SYR
1968,-0.0,0.0,,SYR
1969,-0.0,0.0,,SYR
1970,-0.0,0.0,,SYR
1971,-0.0,0.0,,SYR
1972,-0.0,0.0,,SYR
1973,-0.0,0.0,,SYR
1974,-0.0,0.0,,SYR
1975,-0.0,0.0,,SYR
1976,-0.0,0.0,,SYR
1977,-0.0,0.0,,SYR
1978,-0.0,0.0,,SYR
1979,-0.0,0.0,,SYR
1980,-0.0,0.0,,SYR
1981,-0.0,0.0,,SYR
1982,-0.0,0.0,,SYR
1983,-0.0,0.0,,SYR
1984,-0.0,0.0,,SYR
1985,-0.0,0.0,,SYR
1986,-0.0,0.0,,SYR
1987,-0.0,0.0,,SYR
1988,-0.0,0.0,,SYR
1989,-0.0,0.0,,SYR
1990,-0.0,0.0,,SYR
1991,-0.0,0.0,,SYR
1992,-0.0,0.0,,SYR
1993,-0.0,0.0,,SYR
1994,-0.0,0.0,,SYR
1995,-0.0,0.0,,SYR
1996,-0.0,0.0,,SYR
1997,-0.0,0.0,,SYR
1998,-0.15238095238095237,0.5079365079365079,0.0,SYR
1999,-0.15238095238095237,0.5079365079365079,0.0,SYR
2000,-0.15238095238095237,0.5079365079365079,0.0,SYR
2001,-0.15238095238095237,0.5079365079365079,0.0,SYR
2002,-0.20317460317460317,1.0158730158730158,0.5,SYR
2003,-0.20317460317460317,1.0158730158730158,0.5,SYR
2004,-0.20317460317460317,1.0158730158730158,0.5,SYR
2005,-0.20317460317460317,1.0158730158730158,0.5,SYR
2006,-0.20317460317460317,1.0158730158730158,0.5,SYR
2007,-0.7413378168078151,3.507936507936508,0.28959276018099545,SYR
2008,-0.7462157827713389,3.0,0.1693121693121693,SYR
2009,-0.7462157827713389,3.0,0.1693121693121693,SYR
2010,-0.7399080616106918,3.249937011841774,0.23319637181176833,SYR
2011,-0.7399080616106918,3.249937011841774,0.23319637181176833,SYR
2012,-0.7430338001748245,2.742000503905266,0.09115133694753286,SYR
2013,-0.7430338001748245,2.742000503905266,0.09115133694753286,SYR
2014,-0.7430338001748245,2.742000503905266,0.09115133694753286,SYR
2015,-0.7430338001748245,2.742000503905266,0.09115133694753286,SYR
2016,-0.7430338001748245,2.742000503905266,0.09115133694753286,SYR
2017,-0.07498110355253183,0.24993701184177386,,SYR
2018,-0.07498110355253183,0.24993701184177386,,SYR
2019,-0.07498110355253183,0.24993701184177386,,SYR
2020,-0.0,0.0,,SYR
2021,-0.0,0.0,,SYR
2022,-0.0,0.0,,SYR
2023,-0.0,0.0,,SYR
1948,,,,TCA
1949,,,,TCA
1950,,,,TCA
1951,,,,TCA
1952,,,,TCA
1953,,,,TCA
1954,,,,TCA
1955,,,,TCA
1956,-0.0,0.0,,TCA
1957,-0.0,0.0,,TCA
1958,-0.0,0.0,,TCA
1959,-0.0,0.0,,TCA
1960,-0.0,0.0,,TCA
1961,-0.0,0.0,,TCA
1962,-0.0,0.0,,TCA
1963,-0.0,0.0,,TCA
1964,-0.0,0.0,,TCA
1965,-0.0,0.0,,TCA
1966,-0.0,0.0,,TCA
1967,-0.0,0.0,,TCA
1968,-0.0,0.0,,TCA
1969,-0.0,0.0,,TCA
1970,-0.0,0.0,,TCA
1971,-1.2,4.0,0.0,TCA
1972,-1.2,4.0,0.0,TCA
1973,-1.2,4.0,0.0,TCA
1974,-1.2,4.0,0.0,TCA
1975,-1.2,4.0,0.0,TCA
1976,-1.2,4.0,0.0,TCA
1977,-1.2,4.0,0.0,TCA
1978,-1.2,4.0,0.0,TCA
1979,-1.2,4.0,0.0,TCA
1980,-1.2,4.0,0.0,TCA
1981,-0.0,0.0,,TCA
1982,-0.0,0.0,,TCA
1983,-0.0,0.0,,TCA
1984,-0.0,0.0,,TCA
1985,-0.0,0.0,,TCA
1986,-0.0,0.0,,TCA
1987,-0.0,0.0,,TCA
1988,-0.0,0.0,,TCA
1989,-0.0,0.0,,TCA
1990,-0.0,0.0,,TCA
1991,-0.0,0.0,,TCA
1992,-0.0,0.0,,TCA
1993,-0.0,0.0,,TCA
1994,-0.0,0.0,,TCA
1995,-0.0,0.0,,TCA
1996,-0.0,0.0,,TCA
1997,-0.0,0.0,,TCA
1998,-0.0,0.0,,TCA
1999,-0.0,0.0,,TCA
2000,-0.0,0.0,,TCA
2001,-0.0,0.0,,TCA
2002,-0.0,0.0,,TCA
2003,-0.0,0.0,,TCA
2004,-0.0,0.0,,TCA
2005,-0.0,0.0,,TCA
2006,-0.0,0.0,,TCA
2007,-0.0,0.0,,TCA
2008,-0.0,0.0,,TCA
2009,-0.0,0.0,,TCA
2010,-0.0,0.0,,TCA
2011,-0.0,0.0,,TCA
2012,-0.0,0.0,,TCA
2013,-0.0,0.0,,TCA
2014,-0.0,0.0,,TCA
2015,-0.0,0.0,,TCA
2016,-0.0,0.0,,TCA
2017,-0.0,0.0,,TCA
2018,-0.0,0.0,,TCA
2019,-0.0,0.0,,TCA
2020,-0.0,0.0,,TCA
2021,-0.0,0.0,,TCA
2022,-0.0,0.0,,TCA
2023,-0.0,0.0,,TCA
1948,,,,TCD
1949,,,,TCD
1950,,,,TCD
1951,,,,TCD
1952,,,,TCD
1953,,,,TCD
1954,,,,TCD
1955,,,,TCD
1956,-0.0,0.0,,TCD
1957,-0.0,0.0,,TCD
1958,-0.0,0.0,,TCD
1959,-0.0,0.0,,TCD
1960,-0.0,0.0,,TCD
1961,-0.0,0.0,,TCD
1962,-0.0,0.0,,TCD
1963,-0.0,0.0,,TCD
1964,-0.0,0.0,,TCD
1965,-0.0,0.0,,TCD
1966,-0.0,0.0,,TCD
1967,-0.0,0.0,,TCD
1968,-0.0,0.0,,TCD
1969,-0.0,0.0,,TCD
1970,-0.0,0.0,,TCD
1971,-0.0,0.0,,TCD
1972,-0.0,0.0,,TCD
1973,-0.0,0.0,,TCD
1974,-0.0,0.0,,TCD
1975,-0.0,0.0,,TCD
1976,-0.0,0.0,,TCD
1977,-0.0,0.0,,TCD
1978,-0.0,0.0,,TCD
1979,-0.0,0.0,,TCD
1980,-0.0,0.0,,TCD
1981,-0.0,0.0,,TCD
1982,-0.0,0.0,,TCD
1983,-0.0,0.0,,TCD
1984,-0.4551724137931034,1.5172413793103448,0.0,TCD
1985,-0.4551724137931034,1.5172413793103448,0.0,TCD
1986,-0.4551724137931034,1.5172413793103448,0.0,TCD
1987,-0.4551724137931034,1.5172413793103448,0.0,TCD
1988,-0.4551724137931034,1.5172413793103448,0.0,TCD
1989,-0.4551724137931034,1.5172413793103448,0.0,TCD
1990,-0.4551724137931034,1.5172413793103448,0.0,TCD
1991,-0.4551724137931034,1.5172413793103448,0.0,TCD
1992,-0.4551724137931034,1.5172413793103448,0.0,TCD
1993,-0.4551724137931034,1.5172413793103448,0.0,TCD
1994,-0.22758620689655168,0.7586206896551722,0.0,TCD
1995,-0.22758620689655168,0.7586206896551722,0.0,TCD
1996,-0.22758620689655168,0.7586206896551722,0.0,TCD
1997,-0.22758620689655168,0.7586206896551722,0.0,TCD
1998,-0.22758620689655168,0.7586206896551722,0.0,TCD
1999,-0.23103448275862065,1.0,0.24137931034482785,TCD
2000,-0.23103448275862065,1.0,0.24137931034482785,TCD
2001,-0.23103448275862065,1.0,0.24137931034482785,TCD
2002,-0.23103448275862065,1.0,0.24137931034482785,TCD
2003,-0.23103448275862065,1.0,0.24137931034482785,TCD
2004,-0.0724137931034484,0.24137931034482785,,TCD
2005,-0.0724137931034484,0.24137931034482785,,TCD
2006,-0.0724137931034484,0.24137931034482785,,TCD
2007,-0.0724137931034484,0.24137931034482785,,TCD
2008,-0.0724137931034484,0.24137931034482785,,TCD
2009,-0.0,0.0,,TCD
2010,-0.0,0.0,,TCD
2011,-0.0,0.0,,TCD
2012,-0.0,0.0,,TCD
2013,-0.0,0.0,,TCD
2014,-0.0,0.0,,TCD
2015,-0.0,0.0,,TCD
2016,-0.0,0.0,,TCD
2017,-0.0,0.0,,TCD
2018,-0.0,0.0,,TCD
2019,-0.0,0.0,,TCD
2020,-0.14482758620689656,0.48275862068965525,,TCD
2021,-0.14482758620689656,0.48275862068965525,,TCD
2022,-0.14482758620689656,0.48275862068965525,,TCD
2023,-0.14482758620689656,0.48275862068965525,,TCD
1948,,,,TGO
1949,,,,TGO
1950,,,,TGO
1951,,,,TGO
1952,,,,TGO
1953,,,,TGO
1954,,,,TGO
1955,,,,TGO
1956,-0.0,0.0,,TGO
1957,-0.0,0.0,,TGO
1958,-0.0,0.0,,TGO
1959,-0.0,0.0,,TGO
1960,-0.0,0.0,,TGO
1961,-0.0,0.0,,TGO
1962,-0.0,0.0,,TGO
1963,-0.0,0.0,,TGO
1964,-0.0,0.0,,TGO
1965,-0.0,0.0,,TGO
1966,-0.0,0.0,,TGO
1967,-0.0,0.0,,TGO
1968,-0.0,0.0,,TGO
1969,-0.0,0.0,,TGO
1970,-0.0,0.0,,TGO
1971,-0.0,0.0,,TGO
1972,-0.0,0.0,,TGO
1973,-0.0,0.0,,TGO
1974,-0.0,0.0,,TGO
1975,-0.0,0.0,,TGO
1976,-0.0,0.0,,TGO
1977,-0.0,0.0,,TGO
1978,-0.0,0.0,,TGO
1979,-0.0,0.0,,TGO
1980,-0.0,0.0,,TGO
1981,-0.0,0.0,,TGO
1982,-0.0,0.0,,TGO
1983,-0.0,0.0,,TGO
1984,-0.0,0.0,,TGO
1985,-0.0,0.0,,TGO
1986,-0.0,0.0,,TGO
1987,-0.0,0.0,,TGO
1988,-0.0,0.0,,TGO
1989,-0.0,0.0,,TGO
1990,-0.0,0.0,,TGO
1991,-0.0,0.0,,TGO
1992,-0.0,0.0,,TGO
1993,-0.6,2.0,0.0,TGO
1994,-0.6914571812922546,3.3891625615763545,0.4098837209302325,TGO
1995,-0.6914571812922546,3.3891625615763545,0.4098837209302325,TGO
1996,-0.6914571812922546,3.3891625615763545,0.4098837209302325,TGO
1997,-0.6914571812922546,3.3891625615763545,0.4098837209302325,TGO
1998,-0.6914571812922546,3.3891625615763545,0.4098837209302325,TGO
1999,-0.6914571812922546,3.3891625615763545,0.4098837209302325,TGO
2000,-0.6830452060267916,3.881226053639847,0.4846989141164857,TGO
2001,-0.6830452060267916,3.881226053639847,0.4846989141164857,TGO
2002,-0.6830452060267916,3.881226053639847,0.4846989141164857,TGO
2003,-0.4263798724397954,1.881226053639847,0.2615653185917953,TGO
2004,-0.14761904761904765,0.49206349206349254,,TGO
2005,-0.14761904761904765,0.49206349206349254,,TGO
2006,-0.14761904761904765,0.49206349206349254,,TGO
2007,-0.14761904761904765,0.49206349206349254,,TGO
2008,-0.14761904761904765,0.49206349206349254,,TGO
2009,-0.14761904761904765,0.49206349206349254,,TGO
2010,-0.0,0.0,,TGO
2011,-0.0,0.0,,TGO
2012,-0.0,0.0,,TGO
2013,-0.0,0.0,,TGO
2014,-0.0,0.0,,TGO
2015,-0.0,0.0,,TGO
2016,-0.0,0.0,,TGO
2017,-0.0,0.0,,TGO
2018,-0.0,0.0,,TGO
2019,-0.0,0.0,,TGO
2020,-0.03563218390804588,0.11877394636015293,,TGO
2021,-0.03563218390804588,0.11877394636015293,,TGO
2022,-0.03563218390804588,0.11877394636015293,,TGO
2023,-0.03563218390804588,0.11877394636015293,,TGO
1948,,,,THA
1949,,,,THA
1950,,,,THA
1951,,,,THA
1952,,,,THA
1953,,,,THA
1954,,,,THA
1955,,,,THA
1956,-0.0,0.0,,THA
1957,-0.0,0.0,,THA
1958,-0.0,0.0,,THA
1959,-0.0,0.0,,THA
1960,-0.0,0.0,,THA
1961,-0.0,0.0,,THA
1962,-0.0,0.0,,THA
1963,-0.0,0.0,,THA
1964,-0.0,0.0,,THA
1965,-0.0,0.0,,THA
1966,-0.0,0.0,,THA
1967,-0.0,0.0,,THA
1968,-0.0,0.0,,THA
1969,-0.0,0.0,,THA
1970,-0.0,0.0,,THA
1971,-0.0,0.0,,THA
1972,-0.0,0.0,,THA
1973,-0.0,0.0,,THA
1974,-0.0,0.0,,THA
1975,-0.0,0.0,,THA
1976,-0.0,0.0,,THA
1977,-0.15238095238095237,0.5079365079365079,0.0,THA
1978,-0.15238095238095237,0.5079365079365079,0.0,THA
1979,-0.15238095238095237,0.5079365079365079,0.0,THA
1980,-0.15238095238095237,0.5079365079365079,0.0,THA
1981,-0.15238095238095237,0.5079365079365079,0.0,THA
1982,-0.15238095238095237,0.5079365079365079,0.0,THA
1983,-0.15238095238095237,0.5079365079365079,0.0,THA
1984,-0.15238095238095237,0.5079365079365079,0.0,THA
1985,-0.15238095238095237,0.5079365079365079,0.0,THA
1986,-0.15238095238095237,0.5079365079365079,0.0,THA
1987,-0.0,0.0,,THA
1988,-0.0,0.0,,THA
1989,-0.0,0.0,,THA
1990,-0.0,0.0,,THA
1991,-0.0,0.0,,THA
1992,-0.15238095238095237,0.5079365079365079,0.0,THA
1993,-0.15238095238095237,0.5079365079365079,0.0,THA
1994,-0.15238095238095237,0.5079365079365079,0.0,THA
1995,-0.15238095238095237,0.5079365079365079,0.0,THA
1996,-0.15238095238095237,0.5079365079365079,0.0,THA
1997,-0.15238095238095237,0.5079365079365079,0.0,THA
1998,-0.7462157827713389,3.0,0.1693121693121693,THA
1999,-0.7462157827713389,3.0,0.1693121693121693,THA
2000,-0.7462157827713389,3.0,0.1693121693121693,THA
2001,-0.7462157827713389,3.0,0.1693121693121693,THA
2002,-0.7476190476190476,2.492063492063492,0.0,THA
2003,-0.7476190476190476,2.492063492063492,0.0,THA
2004,-0.7476190476190476,2.492063492063492,0.0,THA
2005,-0.9051252403288023,4.492063492063492,0.44522968197879853,THA
2006,-0.9051252403288023,4.492063492063492,0.44522968197879853,THA
2007,-0.892656414826395,4.984126984126984,0.5,THA
2008,-0.6017548035017377,2.492063492063492,0.197452229299363,THA
2009,-0.6017548035017377,2.492063492063492,0.197452229299363,THA
2010,-0.6017548035017377,2.492063492063492,0.197452229299363,THA
2011,-0.6017548035017377,2.492063492063492,0.197452229299363,THA
2012,-0.6017548035017377,2.492063492063492,0.197452229299363,THA
2013,-0.6017548035017377,2.492063492063492,0.197452229299363,THA
2014,-0.6017548035017377,2.492063492063492,0.197452229299363,THA
2015,-0.14761904761904757,0.4920634920634921,,THA
2016,-0.14761904761904757,0.4920634920634921,,THA
2017,-0.0,0.0,,THA
2018,-0.0,0.0,,THA
2019,-0.0,0.0,,THA
2020,-0.0,0.0,,THA
2021,-0.0,0.0,,THA
2022,-0.0,0.0,,THA
2023,-0.0,0.0,,THA
1948,,,,TJK
1949,,,,TJK
1950,,,,TJK
1951,,,,TJK
1952,,,,TJK
1953,,,,TJK
1954,,,,TJK
1955,,,,TJK
1956,-0.0,0.0,,TJK
1957,-0.0,0.0,,TJK
1958,-0.0,0.0,,TJK
1959,-0.0,0.0,,TJK
1960,-0.0,0.0,,TJK
1961,-0.0,0.0,,TJK
1962,-0.0,0.0,,TJK
1963,-0.0,0.0,,TJK
1964,-0.0,0.0,,TJK
1965,-0.0,0.0,,TJK
1966,-0.0,0.0,,TJK
1967,-0.0,0.0,,TJK
1968,-0.0,0.0,,TJK
1969,-0.0,0.0,,TJK
1970,-0.0,0.0,,TJK
1971,-0.0,0.0,,TJK
1972,-0.0,0.0,,TJK
1973,-0.0,0.0,,TJK
1974,-0.0,0.0,,TJK
1975,-0.0,0.0,,TJK
1976,-0.0,0.0,,TJK
1977,-0.0,0.0,,TJK
1978,-0.0,0.0,,TJK
1979,-0.0,0.0,,TJK
1980,-0.0,0.0,,TJK
1981,-0.0,0.0,,TJK
1982,-0.0,0.0,,TJK
1983,-0.0,0.0,,TJK
1984,-0.0,0.0,,TJK
1985,-0.0,0.0,,TJK
1986,-0.0,0.0,,TJK
1987,-0.0,0.0,,TJK
1988,-0.0,0.0,,TJK
1989,-0.0,0.0,,TJK
1990,-0.0,0.0,,TJK
1991,-0.0,0.0,,TJK
1992,-0.0,0.0,,TJK
1993,-0.3,1.0,0.0,TJK
1994,-0.35584135197649047,1.7586206896551724,0.43137254901960786,TJK
1995,-0.35584135197649047,1.7586206896551724,0.43137254901960786,TJK
1996,-0.35584135197649047,1.7586206896551724,0.43137254901960786,TJK
1997,-0.9788792154451129,5.0,0.3517241379310345,TJK
1998,-0.9788792154451129,5.0,0.3517241379310345,TJK
1999,-0.9788792154451129,5.0,0.3517241379310345,TJK
2000,-0.9788792154451129,5.0,0.3517241379310345,TJK
2001,-0.9788792154451129,5.0,0.3517241379310345,TJK
2002,-0.9788792154451129,5.0,0.3517241379310345,TJK
2003,-0.9737579362605676,4.0,0.18965517241379315,TJK
2004,-0.9724137931034481,3.2413793103448274,0.0,TJK
2005,-0.9724137931034481,3.2413793103448274,0.0,TJK
2006,-0.9724137931034481,3.2413793103448274,0.0,TJK
2007,-0.0,0.0,,TJK
2008,-0.0,0.0,,TJK
2009,-0.0,0.0,,TJK
2010,-0.0,0.0,,TJK
2011,-0.0,0.0,,TJK
2012,-0.3356321839080459,0.0,,TJK
2013,-0.3356321839080459,0.0,,TJK
2014,-0.3356321839080459,0.0,,TJK
2015,-0.5003309191034011,1.118773946360153,0.0,TJK
2016,-0.6237171329252965,1.118773946360153,0.0,TJK
2017,-0.6237171329252965,1.118773946360153,0.0,TJK
2018,-0.6237171329252965,1.118773946360153,0.0,TJK
2019,-0.6237171329252965,1.118773946360153,0.0,TJK
2020,-0.6237171329252965,1.118773946360153,0.0,TJK
2021,-0.6237171329252965,1.118773946360153,0.0,TJK
2022,-0.5283156753001645,1.118773946360153,0.0,TJK
2023,-0.5283156753001645,1.118773946360153,0.0,TJK
1948,,,,TKM
1949,,,,TKM
1950,,,,TKM
1951,,,,TKM
1952,,,,TKM
1953,,,,TKM
1954,,,,TKM
1955,,,,TKM
1956,-0.0,0.0,,TKM
1957,-0.0,0.0,,TKM
1958,-0.0,0.0,,TKM
1959,-0.0,0.0,,TKM
1960,-0.0,0.0,,TKM
1961,-0.0,0.0,,TKM
1962,-0.0,0.0,,TKM
1963,-0.0,0.0,,TKM
1964,-0.0,0.0,,TKM
1965,-0.0,0.0,,TKM
1966,-0.0,0.0,,TKM
1967,-0.0,0.0,,TKM
1968,-0.0,0.0,,TKM
1969,-0.0,0.0,,TKM
1970,-0.0,0.0,,TKM
1971,-0.0,0.0,,TKM
1972,-0.0,0.0,,TKM
1973,-0.0,0.0,,TKM
1974,-0.0,0.0,,TKM
1975,-0.0,0.0,,TKM
1976,-0.0,0.0,,TKM
1977,-0.0,0.0,,TKM
1978,-0.0,0.0,,TKM
1979,-0.0,0.0,,TKM
1980,-0.0,0.0,,TKM
1981,-0.0,0.0,,TKM
1982,-0.0,0.0,,TKM
1983,-0.0,0.0,,TKM
1984,-0.0,0.0,,TKM
1985,-0.0,0.0,,TKM
1986,-0.0,0.0,,TKM
1987,-0.0,0.0,,TKM
1988,-0.0,0.0,,TKM
1989,-0.0,0.0,,TKM
1990,-0.0,0.0,,TKM
1991,-0.0,0.0,,TKM
1992,-0.0,0.0,,TKM
1993,-0.3,1.0,0.0,TKM
1994,-0.9165151389911681,4.0,0.25,TKM
1995,-0.9165151389911681,4.0,0.25,TKM
1996,-0.9165151389911681,4.0,0.25,TKM
1997,-0.9165151389911681,4.0,0.25,TKM
1998,-0.9165151389911681,4.0,0.25,TKM
1999,-0.9165151389911681,4.0,0.25,TKM
2000,-0.9165151389911681,4.0,0.25,TKM
2001,-0.9165151389911681,4.0,0.25,TKM
2002,-0.9165151389911681,4.0,0.25,TKM
2003,-0.9,3.0,0.0,TKM
2004,-0.0,0.0,,TKM
2005,-0.0,0.0,,TKM
2006,-0.0,0.0,,TKM
2007,-0.0,0.0,,TKM
2008,-0.0,0.0,,TKM
2009,-0.0,0.0,,TKM
2010,-0.0,0.0,,TKM
2011,-0.0,0.0,,TKM
2012,-0.0,0.0,,TKM
2013,-0.0,0.0,,TKM
2014,-0.0,0.0,,TKM
2015,-0.0,0.0,,TKM
2016,-0.0,0.0,,TKM
2017,-0.0,0.0,,TKM
2018,-0.0,0.0,,TKM
2019,-0.0,0.0,,TKM
2020,-0.0,0.0,,TKM
2021,-0.0,0.0,,TKM
2022,-0.0,0.0,,TKM
2023,-0.0,0.0,,TKM
1948,,,,TON
1949,,,,TON
1950,,,,TON
1951,,,,TON
1952,,,,TON
1953,,,,TON
1954,,,,TON
1955,,,,TON
1956,-0.0,0.0,,TON
1957,-0.0,0.0,,TON
1958,-0.0,0.0,,TON
1959,-0.0,0.0,,TON
1960,-0.0,0.0,,TON
1961,-0.0,0.0,,TON
1962,-0.0,0.0,,TON
1963,-0.0,0.0,,TON
1964,-0.0,0.0,,TON
1965,-0.0,0.0,,TON
1966,-0.0,0.0,,TON
1967,-0.0,0.0,,TON
1968,-0.0,0.0,,TON
1969,-0.0,0.0,,TON
1970,-0.0,0.0,,TON
1971,-0.0,0.0,,TON
1972,-0.0,0.0,,TON
1973,-0.0,0.0,,TON
1974,-0.0,0.0,,TON
1975,-0.0,0.0,,TON
1976,-0.0,0.0,,TON
1977,-0.0,0.0,,TON
1978,-0.0,0.0,,TON
1979,-0.0,0.0,,TON
1980,-0.0,0.0,,TON
1981,-0.15238095238095237,0.5079365079365079,0.0,TON
1982,-0.15238095238095237,0.5079365079365079,0.0,TON
1983,-0.15238095238095237,0.5079365079365079,0.0,TON
1984,-0.15238095238095237,0.5079365079365079,0.0,TON
1985,-0.15238095238095237,0.5079365079365079,0.0,TON
1986,-0.15238095238095237,0.5079365079365079,0.0,TON
1987,-0.15238095238095237,0.5079365079365079,0.0,TON
1988,-0.15238095238095237,0.5079365079365079,0.0,TON
1989,-0.15238095238095237,0.5079365079365079,0.0,TON
1990,-0.15238095238095237,0.5079365079365079,0.0,TON
1991,-0.0,0.0,,TON
1992,-0.0,0.0,,TON
1993,-0.0,0.0,,TON
1994,-0.0,0.0,,TON
1995,-0.0,0.0,,TON
1996,-0.0,0.0,,TON
1997,-0.0,0.0,,TON
1998,-0.0,0.0,,TON
1999,-0.0,0.0,,TON
2000,-0.0,0.0,,TON
2001,-0.0,0.0,,TON
2002,-0.0,0.0,,TON
2003,-0.6,2.0,0.0,TON
2004,-0.6,2.0,0.0,TON
2005,-0.6,2.0,0.0,TON
2006,-0.6,2.0,0.0,TON
2007,-0.6,2.0,0.0,TON
2008,-0.6,2.0,0.0,TON
2009,-0.6,2.0,0.0,TON
2010,-0.6,2.0,0.0,TON
2011,-0.6,2.0,0.0,TON
2012,-0.6,2.0,0.0,TON
2013,-0.0,0.0,,TON
2014,-0.0,0.0,,TON
2015,-0.0,0.0,,TON
2016,-0.0,0.0,,TON
2017,-0.0,0.0,,TON
2018,-0.0,0.0,,TON
2019,-0.0,0.0,,TON
2020,-0.7476190476190476,2.492063492063492,0.0,TON
2021,-0.7476190476190476,2.492063492063492,0.0,TON
2022,-0.7476190476190476,2.492063492063492,0.0,TON
2023,-0.7476190476190476,2.492063492063492,0.0,TON
1948,,,,TTO
1949,,,,TTO
1950,,,,TTO
1951,,,,TTO
1952,,,,TTO
1953,,,,TTO
1954,,,,TTO
1955,,,,TTO
1956,-0.0,0.0,,TTO
1957,-0.0,0.0,,TTO
1958,-0.0,0.0,,TTO
1959,-0.0,0.0,,TTO
1960,-0.0,0.0,,TTO
1961,-0.0,0.0,,TTO
1962,-0.0,0.0,,TTO
1963,-0.0,0.0,,TTO
1964,-0.0,0.0,,TTO
1965,-0.0,0.0,,TTO
1966,-0.0,0.0,,TTO
1967,-0.0,0.0,,TTO
1968,-0.0,0.0,,TTO
1969,-0.0,0.0,,TTO
1970,-0.0,0.0,,TTO
1971,-0.0,0.0,,TTO
1972,-0.0,0.0,,TTO
1973,-0.9000000000000001,3.0,0.0,TTO
1974,-0.9000000000000001,3.0,0.0,TTO
1975,-0.9000000000000001,3.0,0.0,TTO
1976,-0.9000000000000001,3.0,0.0,TTO
1977,-0.9000000000000001,3.0,0.0,TTO
1978,-0.9000000000000001,3.0,0.0,TTO
1979,-0.9000000000000001,3.0,0.0,TTO
1980,-0.9000000000000001,3.0,0.0,TTO
1981,-0.9000000000000001,3.0,0.0,TTO
1982,-0.9000000000000001,3.0,0.0,TTO
1983,-0.0,0.0,,TTO
1984,-0.0,0.0,,TTO
1985,-0.0,0.0,,TTO
1986,-0.0,0.0,,TTO
1987,-0.0,0.0,,TTO
1988,-0.0,0.0,,TTO
1989,-0.0,0.0,,TTO
1990,-0.0,0.0,,TTO
1991,-0.0,0.0,,TTO
1992,-0.0,0.0,,TTO
1993,-0.15238095238095237,0.5079365079365079,0.0,TTO
1994,-0.15238095238095237,0.5079365079365079,0.0,TTO
1995,-0.16218223663059314,0.7578735197782818,0.3297872340425533,TTO
1996,-0.16218223663059314,0.7578735197782818,0.3297872340425533,TTO
1997,-0.16218223663059314,0.7578735197782818,0.3297872340425533,TTO
1998,-0.16218223663059314,0.7578735197782818,0.3297872340425533,TTO
1999,-0.16218223663059314,0.7578735197782818,0.3297872340425533,TTO
2000,-0.16218223663059314,0.7578735197782818,0.3297872340425533,TTO
2001,-0.24259098472625348,1.44931127551195,0.5229197706411088,TTO
2002,-0.24259098472625348,1.44931127551195,0.5229197706411088,TTO
2003,-0.21258787233509702,0.941374767575442,0.26550213629105357,TTO
2004,-0.21258787233509702,0.941374767575442,0.26550213629105357,TTO
2005,-0.20625996660427182,0.7455032478585384,0.07252214162738202,TTO
2006,-0.2061273591175552,0.7492559544768653,0.07716748648806693,TTO
2007,-0.2061273591175552,0.7492559544768653,0.07716748648806693,TTO
2008,-0.46978427193832806,2.2421264802217182,0.3341720286907156,TTO
2009,-0.46978427193832806,2.2421264802217182,0.3341720286907156,TTO
2010,-0.46978427193832806,2.2421264802217182,0.3341720286907156,TTO
2011,-0.4462214713410756,1.55068872448805,0.03728549632827538,TTO
2012,-0.4462214713410756,1.55068872448805,0.03728549632827538,TTO
2013,-0.4462214713410756,1.55068872448805,0.03728549632827538,TTO
2014,-0.4462214713410756,1.55068872448805,0.03728549632827538,TTO
2015,-0.4477374654280961,1.4966232323631798,0.0025074491275945965,TTO
2016,-0.4478611577234559,1.492870525744853,0.0,TTO
2017,-0.4478611577234559,1.492870525744853,0.0,TTO
2018,-0.0,0.0,,TTO
2019,-0.0,0.0,,TTO
2020,-0.0,0.0,,TTO
2021,-0.0,0.0,,TTO
2022,-0.0,0.0,,TTO
2023,-0.0,0.0,,TTO
1948,,,,TUN
1949,,,,TUN
1950,,,,TUN
1951,,,,TUN
1952,,,,TUN
1953,,,,TUN
1954,,,,TUN
1955,,,,TUN
1956,-0.0,0.0,,TUN
1957,-0.0,0.0,,TUN
1958,-0.0,0.0,,TUN
1959,-0.0,0.0,,TUN
1960,-0.0,0.0,,TUN
1961,-0.0,0.0,,TUN
1962,-0.0,0.0,,TUN
1963,-0.0,0.0,,TUN
1964,-0.0,0.0,,TUN
1965,-0.0,0.0,,TUN
1966,-0.0,0.0,,TUN
1967,-0.0,0.0,,TUN
1968,-0.0,0.0,,TUN
1969,-0.0,0.0,,TUN
1970,-0.0,0.0,,TUN
1971,-0.0,0.0,,TUN
1972,-0.0,0.0,,TUN
1973,-0.0,0.0,,TUN
1974,-0.0,0.0,,TUN
1975,-0.0,0.0,,TUN
1976,-0.0,0.0,,TUN
1977,-0.0,0.0,,TUN
1978,-0.0,0.0,,TUN
1979,-0.0,0.0,,TUN
1980,-0.0,0.0,,TUN
1981,-0.0,0.0,,TUN
1982,-0.0,0.0,,TUN
1983,-0.0,0.0,,TUN
1984,-0.0,0.0,,TUN
1985,-0.0,0.0,,TUN
1986,-0.0,0.0,,TUN
1987,-0.0,0.0,,TUN
1988,-0.0,0.0,,TUN
1989,-0.2275862068965517,0.7586206896551724,0.0,TUN
1990,-0.2275862068965517,0.7586206896551724,0.0,TUN
1991,-0.2275862068965517,0.7586206896551724,0.0,TUN
1992,-0.2275862068965517,0.7586206896551724,0.0,TUN
1993,-0.2275862068965517,0.7586206896551724,0.0,TUN
1994,-0.30344827586206896,1.5172413793103448,0.5,TUN
1995,-0.30344827586206896,1.5172413793103448,0.5,TUN
1996,-0.30344827586206896,1.5172413793103448,0.5,TUN
1997,-0.30344827586206896,1.5172413793103448,0.5,TUN
1998,-0.9005811309177213,4.517241379310345,0.33587786259541985,TUN
1999,-0.8991187829261177,3.881226053639846,0.22704837117472831,TUN
2000,-0.8991187829261177,3.881226053639846,0.22704837117472831,TUN
2001,-0.8991187829261177,3.881226053639846,0.22704837117472831,TUN
2002,-0.8991187829261177,3.881226053639846,0.22704837117472831,TUN
2003,-0.8991187829261177,3.881226053639846,0.22704837117472831,TUN
2004,-0.8966585553798743,3.122605363984674,0.03926380368098137,TUN
2005,-0.8932236753612518,3.241379310344828,0.07446808510638292,TUN
2006,-0.8932236753612518,3.241379310344828,0.07446808510638292,TUN
2007,-0.8932236753612518,3.241379310344828,0.07446808510638292,TUN
2008,-0.04828346348960915,0.2413793103448274,,TUN
2009,-0.035632183908045664,0.11877394636015381,,TUN
2010,-0.035632183908045664,0.11877394636015381,,TUN
2011,-0.035632183908045664,0.11877394636015381,,TUN
2012,-0.035632183908045664,0.11877394636015381,,TUN
2013,-0.035632183908045664,0.11877394636015381,,TUN
2014,-0.035632183908045664,0.11877394636015381,,TUN
2015,-0.0,0.0,,TUN
2016,-0.0,0.0,,TUN
2017,-0.0,0.0,,TUN
2018,-0.0,0.0,,TUN
2019,-0.0,0.0,,TUN
2020,-0.07241379310344823,0.2413793103448274,,TUN
2021,-0.07241379310344823,0.2413793103448274,,TUN
2022,-0.07241379310344823,0.2413793103448274,,TUN
2023,-0.07241379310344823,0.2413793103448274,,TUN
1948,,,,TUR
1949,,,,TUR
1950,,,,TUR
1951,,,,TUR
1952,,,,TUR
1953,,,,TUR
1954,,,,TUR
1955,,,,TUR
1956,-0.0,0.0,,TUR
1957,-0.0,0.0,,TUR
1958,-0.0,0.0,,TUR
1959,-0.0,0.0,,TUR
1960,-0.0,0.0,,TUR
1961,-0.0,0.0,,TUR
1962,-0.0,0.0,,TUR
1963,-0.0,0.0,,TUR
1964,-0.0,0.0,,TUR
1965,-0.0,0.0,,TUR
1966,-0.0,0.0,,TUR
1967,-0.0,0.0,,TUR
1968,-0.0,0.0,,TUR
1969,-0.0,0.0,,TUR
1970,-0.0,0.0,,TUR
1971,-0.0,0.0,,TUR
1972,-0.0,0.0,,TUR
1973,-0.2275862068965517,0.7586206896551724,0.0,TUR
1974,-0.22811179350535843,0.9417360285374554,0.19444444444444453,TUR
1975,-0.22811179350535843,0.9417360285374554,0.19444444444444453,TUR
1976,-0.22811179350535843,0.9417360285374554,0.19444444444444453,TUR
1977,-0.22811179350535843,0.9417360285374554,0.19444444444444453,TUR
1978,-0.22811179350535843,0.9417360285374554,0.19444444444444453,TUR
1979,-0.22811179350535843,0.9417360285374554,0.19444444444444453,TUR
1980,-0.22811179350535843,0.9417360285374554,0.19444444444444453,TUR
1981,-0.22811179350535843,0.9417360285374554,0.19444444444444453,TUR
1982,-0.22811179350535843,0.9417360285374554,0.19444444444444453,TUR
1983,-0.054934601664684855,0.18311533888228304,,TUR
1984,-0.0,0.0,,TUR
1985,-0.0,0.0,,TUR
1986,-0.0,0.0,,TUR
1987,-0.0,0.0,,TUR
1988,-0.0,0.0,,TUR
1989,-0.0,0.0,,TUR
1990,-0.0,0.0,,TUR
1991,-0.0,0.0,,TUR
1992,-0.6174791914387633,2.0582639714625444,0.0,TUR
1993,-0.6174791914387633,2.0582639714625444,0.0,TUR
1994,-0.6174791914387633,2.0582639714625444,0.0,TUR
1995,-0.6174791914387633,2.0582639714625444,0.0,TUR
1996,-0.6558317409447473,3.0582639714625444,0.3269828926905133,TUR
1997,-0.8171809552186813,5.058263971462544,0.5930888575458393,TUR
1998,-0.8171809552186813,5.058263971462544,0.5930888575458393,TUR
1999,-0.8171809552186813,5.058263971462544,0.5930888575458393,TUR
2000,-0.8171809552186813,5.058263971462544,0.5930888575458393,TUR
2001,-0.8171809552186813,5.058263971462544,0.5930888575458393,TUR
2002,-0.6403124237432849,3.0,0.33333333333333337,TUR
2003,-0.6403124237432849,3.0,0.33333333333333337,TUR
2004,-0.6403124237432849,3.0,0.33333333333333337,TUR
2005,-0.6403124237432849,3.0,0.33333333333333337,TUR
2006,-0.6000000000000001,2.0,0.0,TUR
2007,-0.0,0.0,,TUR
2008,-0.0,0.0,,TUR
2009,-0.0,0.0,,TUR
2010,-0.0,0.0,,TUR
2011,-0.0,0.0,,TUR
2012,-0.0,0.0,,TUR
2013,-0.0,0.0,,TUR
2014,-0.0,0.0,,TUR
2015,-0.0,0.0,,TUR
2016,-0.0,0.0,,TUR
2017,-0.0,0.0,,TUR
2018,-0.0,0.0,,TUR
2019,-0.0,0.0,,TUR
2020,-0.0,0.0,,TUR
2021,-0.0,0.0,,TUR
2022,-0.0,0.0,,TUR
2023,-0.0,0.0,,TUR
1948,,,,TUV
1949,,,,TUV
1950,,,,TUV
1951,,,,TUV
1952,,,,TUV
1953,,,,TUV
1954,,,,TUV
1955,,,,TUV
1956,-0.0,0.0,,TUV
1957,-0.0,0.0,,TUV
1958,-0.0,0.0,,TUV
1959,-0.0,0.0,,TUV
1960,-0.0,0.0,,TUV
1961,-0.0,0.0,,TUV
1962,-0.0,0.0,,TUV
1963,-0.0,0.0,,TUV
1964,-0.0,0.0,,TUV
1965,-0.0,0.0,,TUV
1966,-0.0,0.0,,TUV
1967,-0.0,0.0,,TUV
1968,-0.0,0.0,,TUV
1969,-0.0,0.0,,TUV
1970,-0.0,0.0,,TUV
1971,-0.0,0.0,,TUV
1972,-0.0,0.0,,TUV
1973,-0.0,0.0,,TUV
1974,-0.0,0.0,,TUV
1975,-0.0,0.0,,TUV
1976,-0.0,0.0,,TUV
1977,-0.0,0.0,,TUV
1978,-0.0,0.0,,TUV
1979,-0.0,0.0,,TUV
1980,-0.0,0.0,,TUV
1981,-0.15238095238095237,0.5079365079365079,0.0,TUV
1982,-0.15238095238095237,0.5079365079365079,0.0,TUV
1983,-0.15238095238095237,0.5079365079365079,0.0,TUV
1984,-0.15238095238095237,0.5079365079365079,0.0,TUV
1985,-0.15238095238095237,0.5079365079365079,0.0,TUV
1986,-0.15238095238095237,0.5079365079365079,0.0,TUV
1987,-0.15238095238095237,0.5079365079365079,0.0,TUV
1988,-0.15238095238095237,0.5079365079365079,0.0,TUV
1989,-0.15238095238095237,0.5079365079365079,0.0,TUV
1990,-0.15238095238095237,0.5079365079365079,0.0,TUV
1991,-0.0,0.0,,TUV
1992,-0.0,0.0,,TUV
1993,-0.0,0.0,,TUV
1994,-0.0,0.0,,TUV
1995,-0.0,0.0,,TUV
1996,-0.0,0.0,,TUV
1997,-0.0,0.0,,TUV
1998,-0.0,0.0,,TUV
1999,-0.0,0.0,,TUV
2000,-0.0,0.0,,TUV
2001,-0.0,0.0,,TUV
2002,-0.0,0.0,,TUV
2003,-0.0,0.0,,TUV
2004,-0.0,0.0,,TUV
2005,-0.0,0.0,,TUV
2006,-0.0,0.0,,TUV
2007,-0.0,0.0,,TUV
2008,-0.6,2.0,0.0,TUV
2009,-0.6,2.0,0.0,TUV
2010,-0.6,2.0,0.0,TUV
2011,-0.6,2.0,0.0,TUV
2012,-0.6,2.0,0.0,TUV
2013,-0.6,2.0,0.0,TUV
2014,-0.6,2.0,0.0,TUV
2015,-0.6,2.0,0.0,TUV
2016,-0.6,2.0,0.0,TUV
2017,-0.6,2.0,0.0,TUV
2018,-0.0,0.0,,TUV
2019,-0.0,0.0,,TUV
2020,-0.7476190476190476,2.492063492063492,0.0,TUV
2021,-0.7476190476190476,2.492063492063492,0.0,TUV
2022,-0.7476190476190476,2.492063492063492,0.0,TUV
2023,-0.7476190476190476,2.492063492063492,0.0,TUV
1948,,,,TWN
1949,,,,TWN
1950,,,,TWN
1951,,,,TWN
1952,,,,TWN
1953,,,,TWN
1954,,,,TWN
1955,,,,TWN
1956,-0.0,0.0,,TWN
1957,-0.0,0.0,,TWN
1958,-0.0,0.0,,TWN
1959,-0.0,0.0,,TWN
1960,-0.0,0.0,,TWN
1961,-0.0,0.0,,TWN
1962,-0.0,0.0,,TWN
1963,-0.0,0.0,,TWN
1964,-0.0,0.0,,TWN
1965,-0.0,0.0,,TWN
1966,-0.0,0.0,,TWN
1967,-0.0,0.0,,TWN
1968,-0.0,0.0,,TWN
1969,-0.0,0.0,,TWN
1970,-0.0,0.0,,TWN
1971,-0.0,0.0,,TWN
1972,-0.0,0.0,,TWN
1973,-0.0,0.0,,TWN
1974,-0.0,0.0,,TWN
1975,-0.0,0.0,,TWN
1976,-0.0,0.0,,TWN
1977,-0.0,0.0,,TWN
1978,-0.0,0.0,,TWN
1979,-0.0,0.0,,TWN
1980,-0.0,0.0,,TWN
1981,-0.0,0.0,,TWN
1982,-0.0,0.0,,TWN
1983,-0.0,0.0,,TWN
1984,-0.0,0.0,,TWN
1985,-0.0,0.0,,TWN
1986,-0.0,0.0,,TWN
1987,-0.0,0.0,,TWN
1988,-0.0,0.0,,TWN
1989,-0.0,0.0,,TWN
1990,-0.0,0.0,,TWN
1991,-0.0,0.0,,TWN
1992,-0.0,0.0,,TWN
1993,-0.0,0.0,,TWN
1994,-0.0,0.0,,TWN
1995,-0.0,0.0,,TWN
1996,-0.0,0.0,,TWN
1997,-0.0,0.0,,TWN
1998,-0.0,0.0,,TWN
1999,-0.0,0.0,,TWN
2000,-0.0,0.0,,TWN
2001,-0.0,0.0,,TWN
2002,-0.0,0.0,,TWN
2003,-0.0,0.0,,TWN
2004,-1.5,5.0,0.0,TWN
2005,-1.5,5.0,0.0,TWN
2006,-1.5,5.0,0.0,TWN
2007,-1.5,5.0,0.0,TWN
2008,-1.5,5.0,0.0,TWN
2009,-1.5,5.0,0.0,TWN
2010,-1.5,5.0,0.0,TWN
2011,-1.5,5.0,0.0,TWN
2012,-1.5,5.0,0.0,TWN
2013,-1.4966629547095764,6.0,0.16666666666666663,TWN
2014,-0.2999999999999995,1.0,0.0,TWN
2015,-0.2999999999999995,1.0,0.0,TWN
2016,-0.2999999999999995,1.0,0.0,TWN
2017,-0.2999999999999995,1.0,0.0,TWN
2018,-0.2999999999999995,1.0,0.0,TWN
2019,-0.2999999999999995,1.0,0.0,TWN
2020,-0.2999999999999995,1.0,0.0,TWN
2021,-0.2999999999999995,1.0,0.0,TWN
2022,-0.2999999999999995,1.0,0.0,TWN
2023,-0.0,0.0,,TWN
1948,,,,TZA
1949,,,,TZA
1950,,,,TZA
1951,,,,TZA
1952,,,,TZA
1953,,,,TZA
1954,,,,TZA
1955,,,,TZA
1956,-0.0,0.0,,TZA
1957,-0.0,0.0,,TZA
1958,-0.0,0.0,,TZA
1959,-0.0,0.0,,TZA
1960,-0.0,0.0,,TZA
1961,-0.0,0.0,,TZA
1962,-0.0,0.0,,TZA
1963,-0.0,0.0,,TZA
1964,-0.0,0.0,,TZA
1965,-0.0,0.0,,TZA
1966,-0.0,0.0,,TZA
1967,-0.0,0.0,,TZA
1968,-0.0,0.0,,TZA
1969,-0.0,0.0,,TZA
1970,-0.0,0.0,,TZA
1971,-0.73769322235434,2.4589774078478,0.0,TZA
1972,-0.73769322235434,2.4589774078478,0.0,TZA
1973,-0.73769322235434,2.4589774078478,0.0,TZA
1974,-0.73769322235434,2.4589774078478,0.0,TZA
1975,-0.73769322235434,2.4589774078478,0.0,TZA
1976,-0.73769322235434,2.4589774078478,0.0,TZA
1977,-0.73769322235434,2.4589774078478,0.0,TZA
1978,-0.73769322235434,2.4589774078478,0.0,TZA
1979,-0.73769322235434,2.4589774078478,0.0,TZA
1980,-0.73769322235434,2.4589774078478,0.0,TZA
1981,-0.0,0.0,,TZA
1982,-0.05493460166468491,0.18311533888228304,,TZA
1983,-0.05493460166468491,0.18311533888228304,,TZA
1984,-0.05493460166468491,0.18311533888228304,,TZA
1985,-0.05493460166468491,0.18311533888228304,,TZA
1986,-0.05493460166468491,0.18311533888228304,,TZA
1987,-0.05493460166468491,0.18311533888228304,,TZA
1988,-0.05493460166468491,0.18311533888228304,,TZA
1989,-0.05493460166468491,0.18311533888228304,,TZA
1990,-0.05493460166468491,0.18311533888228304,,TZA
1991,-0.05493460166468491,0.18311533888228304,,TZA
1992,-0.0,0.0,,TZA
1993,-0.0,0.0,,TZA
1994,-0.38989298454221194,1.299643281807373,0.0,TZA
1995,-0.38989298454221194,1.299643281807373,0.0,TZA
1996,-0.38989298454221194,1.299643281807373,0.0,TZA
1997,-0.38989298454221194,1.299643281807373,0.0,TZA
1998,-0.38989298454221194,1.299643281807373,0.0,TZA
1999,-0.38989298454221194,1.299643281807373,0.0,TZA
2000,-0.47466015545234325,2.357907253269917,0.4488149268784667,TZA
2001,-0.47466015545234325,2.357907253269917,0.4488149268784667,TZA
2002,-0.47466015545234325,2.357907253269917,0.4488149268784667,TZA
2003,-0.47466015545234325,2.357907253269917,0.4488149268784667,TZA
2004,-0.31747919143876324,1.058263971462544,0.0,TZA
2005,-0.31747919143876324,1.058263971462544,0.0,TZA
2006,-0.31747919143876324,1.058263971462544,0.0,TZA
2007,-0.31747919143876324,1.058263971462544,0.0,TZA
2008,-0.31747919143876324,1.058263971462544,0.0,TZA
2009,-0.31747919143876324,1.058263971462544,0.0,TZA
2010,-0.0,0.0,,TZA
2011,-0.0,0.0,,TZA
2012,-0.0,0.0,,TZA
2013,-0.0,0.0,,TZA
2014,-0.0,0.0,,TZA
2015,-0.0,0.0,,TZA
2016,-0.0,0.0,,TZA
2017,-0.0,0.0,,TZA
2018,-0.0,0.0,,TZA
2019,-0.0,0.0,,TZA
2020,-0.0,0.0,,TZA
2021,-0.0,0.0,,TZA
2022,-0.0,0.0,,TZA
2023,-0.0,0.0,,TZA
1948,,,,UGA
1949,,,,UGA
1950,,,,UGA
1951,,,,UGA
1952,,,,UGA
1953,,,,UGA
1954,,,,UGA
1955,,,,UGA
1956,-0.0,0.0,,UGA
1957,-0.0,0.0,,UGA
1958,-0.0,0.0,,UGA
1959,-0.0,0.0,,UGA
1960,-0.0,0.0,,UGA
1961,-0.0,0.0,,UGA
1962,-0.0,0.0,,UGA
1963,-0.0,0.0,,UGA
1964,-0.0,0.0,,UGA
1965,-0.0,0.0,,UGA
1966,-0.0,0.0,,UGA
1967,-0.0,0.0,,UGA
1968,-0.0,0.0,,UGA
1969,-0.0,0.0,,UGA
1970,-0.0,0.0,,UGA
1971,-0.73769322235434,2.4589774078478,0.0,UGA
1972,-0.73769322235434,2.4589774078478,0.0,UGA
1973,-0.73769322235434,2.4589774078478,0.0,UGA
1974,-0.73769322235434,2.4589774078478,0.0,UGA
1975,-0.73769322235434,2.4589774078478,0.0,UGA
1976,-0.73769322235434,2.4589774078478,0.0,UGA
1977,-0.73769322235434,2.4589774078478,0.0,UGA
1978,-0.73769322235434,2.4589774078478,0.0,UGA
1979,-0.73769322235434,2.4589774078478,0.0,UGA
1980,-0.73769322235434,2.4589774078478,0.0,UGA
1981,-0.0,0.0,,UGA
1982,-0.05493460166468491,0.18311533888228304,,UGA
1983,-0.05493460166468491,0.18311533888228304,,UGA
1984,-0.05493460166468491,0.18311533888228304,,UGA
1985,-0.05493460166468491,0.18311533888228304,,UGA
1986,-0.05493460166468491,0.18311533888228304,,UGA
1987,-0.05493460166468491,0.18311533888228304,,UGA
1988,-0.05493460166468491,0.18311533888228304,,UGA
1989,-0.05493460166468491,0.18311533888228304,,UGA
1990,-0.05493460166468491,0.18311533888228304,,UGA
1991,-0.05493460166468491,0.18311533888228304,,UGA
1992,-0.0,0.0,,UGA
1993,-0.0,0.0,,UGA
1994,-0.38989298454221194,1.299643281807373,0.0,UGA
1995,-0.38989298454221194,1.299643281807373,0.0,UGA
1996,-0.38989298454221194,1.299643281807373,0.0,UGA
1997,-0.38989298454221194,1.299643281807373,0.0,UGA
1998,-0.38989298454221194,1.299643281807373,0.0,UGA
1999,-0.38989298454221194,1.299643281807373,0.0,UGA
2000,-0.3886431238924941,1.3438435360203371,0.03289092295957219,UGA
2001,-0.3886431238924941,1.3438435360203371,0.03289092295957219,UGA
2002,-0.3886431238924941,1.3438435360203371,0.03289092295957219,UGA
2003,-0.3886431238924941,1.3438435360203371,0.03289092295957219,UGA
2004,-0.01326007626389063,0.04420025421296403,,UGA
2005,-0.01326007626389063,0.04420025421296403,,UGA
2006,-0.01326007626389063,0.04420025421296403,,UGA
2007,-0.01326007626389063,0.04420025421296403,,UGA
2008,-0.01326007626389063,0.04420025421296403,,UGA
2009,-0.01326007626389063,0.04420025421296403,,UGA
2010,-0.0,0.0,,UGA
2011,-0.0,0.0,,UGA
2012,-0.0,0.0,,UGA
2013,-0.0,0.0,,UGA
2014,-0.0,0.0,,UGA
2015,-0.0,0.0,,UGA
2016,-0.0,0.0,,UGA
2017,-0.0,0.0,,UGA
2018,-0.0,0.0,,UGA
2019,-0.0,0.0,,UGA
2020,-0.004219115174873967,0.014063717249579888,,UGA
2021,-0.004219115174873967,0.014063717249579888,,UGA
2022,-0.004219115174873967,0.014063717249579888,,UGA
2023,-0.004219115174873967,0.014063717249579888,,UGA
1948,,,,UKR
1949,,,,UKR
1950,,,,UKR
1951,,,,UKR
1952,,,,UKR
1953,,,,UKR
1954,,,,UKR
1955,,,,UKR
1956,-0.0,0.0,,UKR
1957,-0.0,0.0,,UKR
1958,-0.0,0.0,,UKR
1959,-0.0,0.0,,UKR
1960,-0.0,0.0,,UKR
1961,-0.0,0.0,,UKR
1962,-0.0,0.0,,UKR
1963,-0.0,0.0,,UKR
1964,-0.0,0.0,,UKR
1965,-0.0,0.0,,UKR
1966,-0.0,0.0,,UKR
1967,-0.0,0.0,,UKR
1968,-0.0,0.0,,UKR
1969,-0.0,0.0,,UKR
1970,-0.0,0.0,,UKR
1971,-0.0,0.0,,UKR
1972,-0.0,0.0,,UKR
1973,-0.0,0.0,,UKR
1974,-0.0,0.0,,UKR
1975,-0.0,0.0,,UKR
1976,-0.0,0.0,,UKR
1977,-0.0,0.0,,UKR
1978,-0.0,0.0,,UKR
1979,-0.0,0.0,,UKR
1980,-0.0,0.0,,UKR
1981,-0.0,0.0,,UKR
1982,-0.0,0.0,,UKR
1983,-0.0,0.0,,UKR
1984,-0.0,0.0,,UKR
1985,-0.0,0.0,,UKR
1986,-0.0,0.0,,UKR
1987,-0.0,0.0,,UKR
1988,-0.0,0.0,,UKR
1989,-0.0,0.0,,UKR
1990,-0.0,0.0,,UKR
1991,-0.0,0.0,,UKR
1992,-0.0,0.0,,UKR
1993,-0.0,0.0,,UKR
1994,-1.2,4.0,0.0,UKR
1995,-1.2,4.0,0.0,UKR
1996,-1.1927216917678682,4.507936507936508,0.11267605633802813,UKR
1997,-1.1927216917678682,4.507936507936508,0.11267605633802813,UKR
1998,-1.1927216917678682,4.507936507936508,0.11267605633802813,UKR
1999,-1.1927216917678682,4.507936507936508,0.11267605633802813,UKR
2000,-1.1927216917678682,4.507936507936508,0.11267605633802813,UKR
2001,-1.18322128007894,5.0,0.19999999999999996,UKR
2002,-1.18322128007894,5.0,0.19999999999999996,UKR
2003,-1.18322128007894,5.0,0.19999999999999996,UKR
2004,-0.33168147013610133,2.0,0.5,UKR
2005,-0.33168147013610133,2.0,0.5,UKR
2006,-0.3192962783664805,1.492063492063492,0.32978723404255317,UKR
2007,-0.3192962783664805,1.492063492063492,0.32978723404255317,UKR
2008,-0.3192962783664805,1.492063492063492,0.32978723404255317,UKR
2009,-0.3192962783664805,1.492063492063492,0.32978723404255317,UKR
2010,-0.3192962783664805,1.492063492063492,0.32978723404255317,UKR
2011,-0.3000000000000003,1.0,0.0,UKR
2012,-0.3000000000000003,1.0,0.0,UKR
2013,-0.3000000000000003,1.0,0.0,UKR
2014,-0.0,0.0,,UKR
2015,-0.0,0.0,,UKR
2016,-0.0,0.0,,UKR
2017,-0.0,0.0,,UKR
2018,-0.0,0.0,,UKR
2019,-0.0,0.0,,UKR
2020,-0.0,0.0,,UKR
2021,-0.0,0.0,,UKR
2022,-0.0,0.0,,UKR
2023,-0.0,0.0,,UKR
1948,,,,URY
1949,,,,URY
1950,,,,URY
1951,,,,URY
1952,,,,URY
1953,,,,URY
1954,,,,URY
1955,,,,URY
1956,-0.0,0.0,,URY
1957,-0.0,0.0,,URY
1958,-0.0,0.0,,URY
1959,-0.0,0.0,,URY
1960,-0.0,0.0,,URY
1961,-0.0,0.0,,URY
1962,-0.0,0.0,,URY
1963,-0.0,0.0,,URY
1964,-0.0,0.0,,URY
1965,-0.0,0.0,,URY
1966,-0.0,0.0,,URY
1967,-0.0,0.0,,URY
1968,-0.0,0.0,,URY
1969,-0.0,0.0,,URY
1970,-0.0,0.0,,URY
1971,-0.0,0.0,,URY
1972,-0.0,0.0,,URY
1973,-0.0,0.0,,URY
1974,-0.0,0.0,,URY
1975,-0.0,0.0,,URY
1976,-0.0,0.0,,URY
1977,-0.0,0.0,,URY
1978,-0.0,0.0,,URY
1979,-0.0,0.0,,URY
1980,-0.0,0.0,,URY
1981,-0.0,0.0,,URY
1982,-0.0,0.0,,URY
1983,-0.0,0.0,,URY
1984,-0.0,0.0,,URY
1985,-0.0,0.0,,URY
1986,-0.0,0.0,,URY
1987,-0.0,0.0,,URY
1988,-0.0,0.0,,URY
1989,-0.0,0.0,,URY
1990,-0.0,0.0,,URY
1991,-1.8000000000000003,6.0,0.0,URY
1992,-1.8000000000000003,6.0,0.0,URY
1993,-1.8000000000000003,6.0,0.0,URY
1994,-1.8000000000000003,6.0,0.0,URY
1995,-1.8000000000000003,6.0,0.0,URY
1996,-1.8000000000000003,6.0,0.0,URY
1997,-1.8000000000000003,6.0,0.0,URY
1998,-1.8000000000000003,6.0,0.0,URY
1999,-1.8000000000000003,6.0,0.0,URY
2000,-1.8000000000000003,6.0,0.0,URY
2001,-0.0,0.0,,URY
2002,-0.0,0.0,,URY
2003,-0.0,0.0,,URY
2004,-0.0,0.0,,URY
2005,-0.0,0.0,,URY
2006,-0.0,0.0,,URY
2007,-0.0,0.0,,URY
2008,-0.0,0.0,,URY
2009,-0.0,0.0,,URY
2010,-0.0,0.0,,URY
2011,-0.0,0.0,,URY
2012,-0.0,0.0,,URY
2013,-0.0,0.0,,URY
2014,-0.0,0.0,,URY
2015,-0.0,0.0,,URY
2016,-0.0,0.0,,URY
2017,-0.0,0.0,,URY
2018,-0.0,0.0,,URY
2019,-0.0,0.0,,URY
2020,-0.0,0.0,,URY
2021,-0.0,0.0,,URY
2022,-0.0,0.0,,URY
2023,-0.0,0.0,,URY
1948,,,,USA
1949,,,,USA
1950,,,,USA
1951,,,,USA
1952,,,,USA
1953,,,,USA
1954,,,,USA
1955,,,,USA
1956,-0.0,0.0,,USA
1957,-0.0,0.0,,USA
1958,-0.0,0.0,,USA
1959,-0.0,0.0,,USA
1960,-0.0,0.0,,USA
1961,-0.0,0.0,,USA
1962,-0.0,0.0,,USA
1963,-0.0,0.0,,USA
1964,-0.0,0.0,,USA
1965,-0.0,0.0,,USA
1966,-0.0,0.0,,USA
1967,-0.0,0.0,,USA
1968,-0.0,0.0,,USA
1969,-0.0,0.0,,USA
1970,-0.0,0.0,,USA
1971,-0.0,0.0,,USA
1972,-0.0,0.0,,USA
1973,-0.0,0.0,,USA
1974,-0.0,0.0,,USA
1975,-0.0,0.0,,USA
1976,-0.0,0.0,,USA
1977,-0.0,0.0,,USA
1978,-0.0,0.0,,USA
1979,-0.0,0.0,,USA
1980,-0.0,0.0,,USA
1981,-0.0,0.0,,USA
1982,-0.0,0.0,,USA
1983,-0.0,0.0,,USA
1984,-0.0,0.0,,USA
1985,-1.5,5.0,0.0,USA
1986,-1.5,5.0,0.0,USA
1987,-1.5,5.0,0.0,USA
1988,-1.5,5.0,0.0,USA
1989,-1.4928697317665556,5.823008849557522,0.1413373860182371,USA
1990,-1.4928697317665556,5.823008849557522,0.1413373860182371,USA
1991,-1.4928697317665556,5.823008849557522,0.1413373860182371,USA
1992,-1.4928697317665556,5.823008849557522,0.1413373860182371,USA
1993,-1.4928697317665556,5.823008849557522,0.1413373860182371,USA
1994,-1.4868984307539284,6.0,0.16666666666666663,USA
1995,-0.24671226839882623,1.0,0.17699115044247815,USA
1996,-0.24671226839882623,1.0,0.17699115044247815,USA
1997,-0.24671226839882623,1.0,0.17699115044247815,USA
1998,-0.24671226839882623,1.0,0.17699115044247815,USA
1999,-0.053097345132740774,0.17699115044247815,,USA
2000,-0.053097345132740774,0.17699115044247815,,USA
2001,-0.053097345132740774,0.17699115044247815,,USA
2002,-0.053097345132740774,0.17699115044247815,,USA
2003,-0.053097345132740774,0.17699115044247815,,USA
2004,-0.0,0.0,,USA
2005,-0.0,0.0,,USA
2006,-0.0,0.0,,USA
2007,-0.0,0.0,,USA
2008,-0.0,0.0,,USA
2009,-0.0,0.0,,USA
2010,-0.0,0.0,,USA
2011,-0.0,0.0,,USA
2012,-0.0,0.0,,USA
2013,-0.0,0.0,,USA
2014,-0.0,0.0,,USA
2015,-0.0,0.0,,USA
2016,-0.0,0.0,,USA
2017,-0.0,0.0,,USA
2018,-0.0,0.0,,USA
2019,-0.0,0.0,,USA
2020,-0.0,0.0,,USA
2021,-0.0,0.0,,USA
2022,-0.0,0.0,,USA
2023,-0.0,0.0,,USA
1948,,,,UZB
1949,,,,UZB
1950,,,,UZB
1951,,,,UZB
1952,,,,UZB
1953,,,,UZB
1954,,,,UZB
1955,,,,UZB
1956,-0.0,0.0,,UZB
1957,-0.0,0.0,,UZB
1958,-0.0,0.0,,UZB
1959,-0.0,0.0,,UZB
1960,-0.0,0.0,,UZB
1961,-0.0,0.0,,UZB
1962,-0.0,0.0,,UZB
1963,-0.0,0.0,,UZB
1964,-0.0,0.0,,UZB
1965,-0.0,0.0,,UZB
1966,-0.0,0.0,,UZB
1967,-0.0,0.0,,UZB
1968,-0.0,0.0,,UZB
1969,-0.0,0.0,,UZB
1970,-0.0,0.0,,UZB
1971,-0.0,0.0,,UZB
1972,-0.0,0.0,,UZB
1973,-0.0,0.0,,UZB
1974,-0.0,0.0,,UZB
1975,-0.0,0.0,,UZB
1976,-0.0,0.0,,UZB
1977,-0.0,0.0,,UZB
1978,-0.0,0.0,,UZB
1979,-0.0,0.0,,UZB
1980,-0.0,0.0,,UZB
1981,-0.0,0.0,,UZB
1982,-0.0,0.0,,UZB
1983,-0.0,0.0,,UZB
1984,-0.0,0.0,,UZB
1985,-0.0,0.0,,UZB
1986,-0.0,0.0,,UZB
1987,-0.0,0.0,,UZB
1988,-0.0,0.0,,UZB
1989,-0.0,0.0,,UZB
1990,-0.0,0.0,,UZB
1991,-0.0,0.0,,UZB
1992,-0.0,0.0,,UZB
1993,-0.3,1.0,0.0,UZB
1994,-0.9165151389911681,4.0,0.25,UZB
1995,-0.9165151389911681,4.0,0.25,UZB
1996,-0.9165151389911681,4.0,0.25,UZB
1997,-0.9165151389911681,4.0,0.25,UZB
1998,-0.9165151389911681,4.0,0.25,UZB
1999,-0.9165151389911681,4.0,0.25,UZB
2000,-0.9165151389911681,4.0,0.25,UZB
2001,-0.9165151389911681,4.0,0.25,UZB
2002,-0.9165151389911681,4.0,0.25,UZB
2003,-0.9,3.0,0.0,UZB
2004,-0.0,0.0,,UZB
2005,-0.0,0.0,,UZB
2006,-0.0,0.0,,UZB
2007,-0.0,0.0,,UZB
2008,-0.0,0.0,,UZB
2009,-0.0,0.0,,UZB
2010,-0.0,0.0,,UZB
2011,-0.0,0.0,,UZB
2012,-0.0,0.0,,UZB
2013,-0.0,0.0,,UZB
2014,-0.0,0.0,,UZB
2015,-0.0,0.0,,UZB
2016,-0.0,0.0,,UZB
2017,-0.0,0.0,,UZB
2018,-0.0,0.0,,UZB
2019,-0.0,0.0,,UZB
2020,-0.0,0.0,,UZB
2021,-0.0,0.0,,UZB
2022,-0.0,0.0,,UZB
2023,-0.0,0.0,,UZB
1948,,,,VCT
1949,,,,VCT
1950,,,,VCT
1951,,,,VCT
1952,,,,VCT
1953,,,,VCT
1954,,,,VCT
1955,,,,VCT
1956,-0.0,0.0,,VCT
1957,-0.0,0.0,,VCT
1958,-0.0,0.0,,VCT
1959,-0.0,0.0,,VCT
1960,-0.0,0.0,,VCT
1961,-0.0,0.0,,VCT
1962,-0.0,0.0,,VCT
1963,-0.0,0.0,,VCT
1964,-0.0,0.0,,VCT
1965,-0.0,0.0,,VCT
1966,-0.0,0.0,,VCT
1967,-0.0,0.0,,VCT
1968,-0.15238095238095237,0.5079365079365079,0.0,VCT
1969,-0.15238095238095237,0.5079365079365079,0.0,VCT
1970,-0.15238095238095237,0.5079365079365079,0.0,VCT
1971,-0.15238095238095237,0.5079365079365079,0.0,VCT
1972,-0.15238095238095237,0.5079365079365079,0.0,VCT
1973,-0.2594394213280809,1.2665571975916805,0.40103716508210885,VCT
1974,-0.6802002797219433,3.507936507936508,0.36105476673427994,VCT
1975,-0.6802002797219433,3.507936507936508,0.36105476673427994,VCT
1976,-0.6802002797219433,3.507936507936508,0.36105476673427994,VCT
1977,-0.6802002797219433,3.507936507936508,0.36105476673427994,VCT
1978,-0.6855134253692442,3.0,0.25287356321839083,VCT
1979,-0.6855134253692442,3.0,0.25287356321839083,VCT
1980,-0.6855134253692442,3.0,0.25287356321839083,VCT
1981,-0.6855134253692442,3.0,0.25287356321839083,VCT
1982,-0.6855134253692442,3.0,0.25287356321839083,VCT
1983,-0.6724137931034482,2.2413793103448274,0.0,VCT
1984,-0.0,0.0,,VCT
1985,-0.0,0.0,,VCT
1986,-0.0,0.0,,VCT
1987,-0.0,0.0,,VCT
1988,-0.0,0.0,,VCT
1989,-0.0,0.0,,VCT
1990,-0.0,0.0,,VCT
1991,-0.0,0.0,,VCT
1992,-0.0,0.0,,VCT
1993,-0.07498110355253215,0.24993701184177386,,VCT
1994,-0.07498110355253215,0.24993701184177386,,VCT
1995,-0.07980395770711726,0.3729218906845513,,VCT
1996,-0.07980395770711726,0.3729218906845513,,VCT
1997,-0.07980395770711726,0.3729218906845513,,VCT
1998,-0.07980395770711726,0.3729218906845513,,VCT
1999,-0.07980395770711726,0.3729218906845513,,VCT
2000,-0.07980395770711726,0.3729218906845513,,VCT
2001,-0.1847051970528602,0.9711526634101375,0.3839992461896372,VCT
2002,-0.1847051970528602,0.9711526634101375,0.3839992461896372,VCT
2003,-0.1791619759472156,0.7212156515683636,0.17052441745452018,VCT
2004,-0.1791619759472156,0.7212156515683636,0.17052441745452018,VCT
2005,-0.1787584978954828,0.6248344275806814,0.04257712712486539,VCT
2006,-0.17869479971300886,0.626680997503986,0.0453982566755885,VCT
2007,-0.17869479971300886,0.626680997503986,0.0453982566755885,VCT
2008,-0.46227197223683025,2.119141601378941,0.2957239842284254,VCT
2009,-0.46227197223683025,2.119141601378941,0.2957239842284254,VCT
2010,-0.46227197223683025,2.119141601378941,0.2957239842284254,VCT
2011,-0.4468593563437407,1.5209108286533546,0.018706043932628313,VCT
2012,-0.4468593563437407,1.5209108286533546,0.018706043932628313,VCT
2013,-0.4468593563437407,1.5209108286533546,0.018706043932628313,VCT
2014,-0.4468593563437407,1.5209108286533546,0.018706043932628313,VCT
2015,-0.4476769673517706,1.4943071737982594,0.0012357365043030866,VCT
2016,-0.4477381811624865,1.4924606038749548,0.0,VCT
2017,-0.4477381811624865,1.4924606038749548,0.0,VCT
2018,-0.0,0.0,,VCT
2019,-0.0,0.0,,VCT
2020,-0.0,0.0,,VCT
2021,-0.0,0.0,,VCT
2022,-0.0,0.0,,VCT
2023,-0.0,0.0,,VCT
1948,,,,VEN
1949,,,,VEN
1950,,,,VEN
1951,,,,VEN
1952,,,,VEN
1953,,,,VEN
1954,,,,VEN
1955,,,,VEN
1956,-0.0,0.0,,VEN
1957,-0.0,0.0,,VEN
1958,-0.0,0.0,,VEN
1959,-0.0,0.0,,VEN
1960,-0.0,0.0,,VEN
1961,-0.0,0.0,,VEN
1962,-0.0,0.0,,VEN
1963,-0.0,0.0,,VEN
1964,-0.0,0.0,,VEN
1965,-0.0,0.0,,VEN
1966,-0.0,0.0,,VEN
1967,-0.0,0.0,,VEN
1968,-0.0,0.0,,VEN
1969,-0.0,0.0,,VEN
1970,-0.0,0.0,,VEN
1971,-0.0,0.0,,VEN
1972,-0.0,0.0,,VEN
1973,-0.0,0.0,,VEN
1974,-0.0,0.0,,VEN
1975,-0.0,0.0,,VEN
1976,-0.0,0.0,,VEN
1977,-0.0,0.0,,VEN
1978,-0.0,0.0,,VEN
1979,-0.0,0.0,,VEN
1980,-0.0,0.0,,VEN
1981,-0.0,0.0,,VEN
1982,-0.0,0.0,,VEN
1983,-0.0,0.0,,VEN
1984,-0.0,0.0,,VEN
1985,-0.0,0.0,,VEN
1986,-0.0,0.0,,VEN
1987,-0.0,0.0,,VEN
1988,-0.3,1.0,0.0,VEN
1989,-0.3,1.0,0.0,VEN
1990,-0.3,1.0,0.0,VEN
1991,-0.3,1.0,0.0,VEN
1992,-0.3,1.0,0.0,VEN
1993,-0.3210315007749176,1.507936507936508,0.33684210526315783,VEN
1994,-0.3210315007749176,1.507936507936508,0.33684210526315783,VEN
1995,-1.2207653733301829,5.6050501490872335,0.26903176025678754,VEN
1996,-1.2207653733301829,5.6050501490872335,0.26903176025678754,VEN
1997,-1.2205828524362632,5.609037876457264,0.2695514397669726,VEN
1998,-1.2214758520701874,4.609037876457264,0.11106965250197265,VEN
1999,-1.221439565241947,4.610000431339685,0.11125525861174645,VEN
2000,-1.221439565241947,4.610000431339685,0.11125525861174645,VEN
2001,-1.218135149941465,4.706529427176294,0.12948305018698048,VEN
2002,-1.218135149941465,4.706529427176294,0.12948305018698048,VEN
2003,-1.2232129213872773,4.2916648787969125,0.04533234610357684,VEN
2004,-1.2232129213872773,4.2916648787969125,0.04533234610357684,VEN
2005,-0.037450713511814095,0.20004110581533485,,VEN
2006,-0.4987189143108576,0.20004110581533485,,VEN
2007,-0.49860235854749624,0.19605337844530446,,VEN
2008,-0.49860235854749624,0.19605337844530446,,VEN
2009,-0.4985744645520176,0.1950908235628832,,VEN
2010,-0.4985744645520176,0.1950908235628832,,VEN
2011,-0.49474282977861445,0.09856182772627431,,VEN
2012,-0.7762861191958164,1.9290953456844422,0.051092253136562626,VEN
2013,-0.7760241965426491,1.8360233861273159,0.0029900861887862673,VEN
2014,-0.7760241965426491,1.8360233861273159,0.0029900861887862673,VEN
2015,-0.7760362373029043,1.8305335179581679,0.0,VEN
2016,-0.5491600553874504,1.8305335179581679,0.0,VEN
2017,-0.5491600553874504,1.8305335179581679,0.0,VEN
2018,-0.5491600553874504,1.8305335179581679,0.0,VEN
2019,-0.5491600553874504,1.8305335179581679,0.0,VEN
2020,-0.5491600553874504,1.8305335179581679,0.0,VEN
2021,-0.5491600553874504,1.8305335179581679,0.0,VEN
2022,-0.0,0.0,,VEN
2023,-0.0,0.0,,VEN
1948,,,,VNM
1949,,,,VNM
1950,,,,VNM
1951,,,,VNM
1952,,,,VNM
1953,,,,VNM
1954,,,,VNM
1955,,,,VNM
1956,-0.0,0.0,,VNM
1957,-0.0,0.0,,VNM
1958,-0.0,0.0,,VNM
1959,-0.0,0.0,,VNM
1960,-0.0,0.0,,VNM
1961,-0.0,0.0,,VNM
1962,-0.0,0.0,,VNM
1963,-0.0,0.0,,VNM
1964,-0.0,0.0,,VNM
1965,-0.0,0.0,,VNM
1966,-0.0,0.0,,VNM
1967,-0.0,0.0,,VNM
1968,-0.0,0.0,,VNM
1969,-0.0,0.0,,VNM
1970,-0.0,0.0,,VNM
1971,-0.0,0.0,,VNM
1972,-0.0,0.0,,VNM
1973,-0.0,0.0,,VNM
1974,-0.0,0.0,,VNM
1975,-0.0,0.0,,VNM
1976,-0.0,0.0,,VNM
1977,-0.0,0.0,,VNM
1978,-0.0,0.0,,VNM
1979,-0.0,0.0,,VNM
1980,-0.0,0.0,,VNM
1981,-0.0,0.0,,VNM
1982,-0.0,0.0,,VNM
1983,-0.0,0.0,,VNM
1984,-0.0,0.0,,VNM
1985,-0.0,0.0,,VNM
1986,-0.0,0.0,,VNM
1987,-0.0,0.0,,VNM
1988,-0.0,0.0,,VNM
1989,-0.0,0.0,,VNM
1990,-0.0,0.0,,VNM
1991,-0.0,0.0,,VNM
1992,-0.0,0.0,,VNM
1993,-0.0,0.0,,VNM
1994,-0.0,0.0,,VNM
1995,-0.0,0.0,,VNM
1996,-0.0,0.0,,VNM
1997,-0.0,0.0,,VNM
1998,-0.9000000000000001,3.0,0.0,VNM
1999,-0.9000000000000001,3.0,0.0,VNM
2000,-0.9000000000000001,3.0,0.0,VNM
2001,-0.9175660399348504,4.015873015873016,0.25296442687747034,VNM
2002,-0.9175660399348504,4.015873015873016,0.25296442687747034,VNM
2003,-0.9175660399348504,4.015873015873016,0.25296442687747034,VNM
2004,-0.9175660399348504,4.015873015873016,0.25296442687747034,VNM
2005,-0.9175660399348504,4.015873015873016,0.25296442687747034,VNM
2006,-0.9175660399348504,4.015873015873016,0.25296442687747034,VNM
2007,-0.9175660399348504,4.015873015873016,0.25296442687747034,VNM
2008,-0.3235331842955034,1.507936507936508,0.3263157894736842,VNM
2009,-0.3341034188424858,2.0,0.4920634920634921,VNM
2010,-0.3341034188424858,2.0,0.4920634920634921,VNM
2011,-0.19682539682539718,0.9841269841269842,0.5,VNM
2012,-0.19682539682539718,0.9841269841269842,0.5,VNM
2013,-0.19682539682539718,0.9841269841269842,0.5,VNM
2014,-0.19682539682539718,0.9841269841269842,0.5,VNM
2015,-0.19682539682539718,0.9841269841269842,0.5,VNM
2016,-0.19682539682539718,0.9841269841269842,0.5,VNM
2017,-0.19682539682539718,0.9841269841269842,0.5,VNM
2018,-0.1476190476190481,0.4920634920634921,,VNM
2019,-0.3,1.0,0.0,VNM
2020,-0.3,1.0,0.0,VNM
2021,-0.3,1.0,0.0,VNM
2022,-0.3,1.0,0.0,VNM
2023,-0.3,1.0,0.0,VNM
1948,,,,VUT
1949,,,,VUT
1950,,,,VUT
1951,,,,VUT
1952,,,,VUT
1953,,,,VUT
1954,,,,VUT
1955,,,,VUT
1956,-0.0,0.0,,VUT
1957,-0.0,0.0,,VUT
1958,-0.0,0.0,,VUT
1959,-0.0,0.0,,VUT
1960,-0.0,0.0,,VUT
1961,-0.0,0.0,,VUT
1962,-0.0,0.0,,VUT
1963,-0.0,0.0,,VUT
1964,-0.0,0.0,,VUT
1965,-0.0,0.0,,VUT
1966,-0.0,0.0,,VUT
1967,-0.0,0.0,,VUT
1968,-0.0,0.0,,VUT
1969,-0.0,0.0,,VUT
1970,-0.0,0.0,,VUT
1971,-0.0,0.0,,VUT
1972,-0.0,0.0,,VUT
1973,-0.0,0.0,,VUT
1974,-0.0,0.0,,VUT
1975,-0.0,0.0,,VUT
1976,-0.0,0.0,,VUT
1977,-0.0,0.0,,VUT
1978,-0.0,0.0,,VUT
1979,-0.0,0.0,,VUT
1980,-0.0,0.0,,VUT
1981,-0.0,0.0,,VUT
1982,-0.0,0.0,,VUT
1983,-0.0,0.0,,VUT
1984,-0.0,0.0,,VUT
1985,-0.0,0.0,,VUT
1986,-0.0,0.0,,VUT
1987,-0.0,0.0,,VUT
1988,-0.0,0.0,,VUT
1989,-0.0,0.0,,VUT
1990,-0.0,0.0,,VUT
1991,-0.0,0.0,,VUT
1992,-0.0,0.0,,VUT
1993,-0.0,0.0,,VUT
1994,-0.0,0.0,,VUT
1995,-0.0,0.0,,VUT
1996,-0.0,0.0,,VUT
1997,-0.0,0.0,,VUT
1998,-0.0,0.0,,VUT
1999,-0.0,0.0,,VUT
2000,-0.0,0.0,,VUT
2001,-0.0,0.0,,VUT
2002,-0.0,0.0,,VUT
2003,-0.0,0.0,,VUT
2004,-0.0,0.0,,VUT
2005,-0.6,2.0,0.0,VUT
2006,-0.6,2.0,0.0,VUT
2007,-0.6,2.0,0.0,VUT
2008,-0.6,2.0,0.0,VUT
2009,-0.6,2.0,0.0,VUT
2010,-0.6,2.0,0.0,VUT
2011,-0.6,2.0,0.0,VUT
2012,-0.6,2.0,0.0,VUT
2013,-0.6,2.0,0.0,VUT
2014,-0.6,2.0,0.0,VUT
2015,-0.0,0.0,,VUT
2016,-0.0,0.0,,VUT
2017,-0.0,0.0,,VUT
2018,-0.0,0.0,,VUT
2019,-0.0,0.0,,VUT
2020,-0.9000000000000001,3.0,0.0,VUT
2021,-0.9000000000000001,3.0,0.0,VUT
2022,-0.9000000000000001,3.0,0.0,VUT
2023,-0.9000000000000001,3.0,0.0,VUT
1948,,,,WLF
1949,,,,WLF
1950,,,,WLF
1951,,,,WLF
1952,,,,WLF
1953,,,,WLF
1954,,,,WLF
1955,,,,WLF
1956,-0.0,0.0,,WLF
1957,-0.0,0.0,,WLF
1958,-0.0,0.0,,WLF
1959,-0.0,0.0,,WLF
1960,-0.0,0.0,,WLF
1961,-0.0,0.0,,WLF
1962,-0.0,0.0,,WLF
1963,-0.0,0.0,,WLF
1964,-0.0,0.0,,WLF
1965,-0.0,0.0,,WLF
1966,-0.0,0.0,,WLF
1967,-0.0,0.0,,WLF
1968,-0.0,0.0,,WLF
1969,-0.0,0.0,,WLF
1970,-0.0,0.0,,WLF
1971,-1.2,4.0,0.0,WLF
1972,-1.2,4.0,0.0,WLF
1973,-1.2,4.0,0.0,WLF
1974,-1.2,4.0,0.0,WLF
1975,-1.2,4.0,0.0,WLF
1976,-1.2,4.0,0.0,WLF
1977,-1.2,4.0,0.0,WLF
1978,-1.2,4.0,0.0,WLF
1979,-1.2,4.0,0.0,WLF
1980,-1.2,4.0,0.0,WLF
1981,-0.0,0.0,,WLF
1982,-0.0,0.0,,WLF
1983,-0.0,0.0,,WLF
1984,-0.0,0.0,,WLF
1985,-0.0,0.0,,WLF
1986,-0.0,0.0,,WLF
1987,-0.0,0.0,,WLF
1988,-0.0,0.0,,WLF
1989,-0.0,0.0,,WLF
1990,-0.0,0.0,,WLF
1991,-0.0,0.0,,WLF
1992,-0.0,0.0,,WLF
1993,-0.0,0.0,,WLF
1994,-0.0,0.0,,WLF
1995,-0.0,0.0,,WLF
1996,-0.0,0.0,,WLF
1997,-0.0,0.0,,WLF
1998,-0.0,0.0,,WLF
1999,-0.0,0.0,,WLF
2000,-0.0,0.0,,WLF
2001,-0.0,0.0,,WLF
2002,-0.0,0.0,,WLF
2003,-0.0,0.0,,WLF
2004,-0.0,0.0,,WLF
2005,-0.0,0.0,,WLF
2006,-0.0,0.0,,WLF
2007,-0.0,0.0,,WLF
2008,-0.0,0.0,,WLF
2009,-0.0,0.0,,WLF
2010,-0.0,0.0,,WLF
2011,-0.0,0.0,,WLF
2012,-0.0,0.0,,WLF
2013,-0.0,0.0,,WLF
2014,-0.0,0.0,,WLF
2015,-0.0,0.0,,WLF
2016,-0.0,0.0,,WLF
2017,-0.0,0.0,,WLF
2018,-0.0,0.0,,WLF
2019,-0.0,0.0,,WLF
2020,-0.0,0.0,,WLF
2021,-0.0,0.0,,WLF
2022,-0.0,0.0,,WLF
2023,-0.0,0.0,,WLF
1948,,,,WSM
1949,,,,WSM
1950,,,,WSM
1951,,,,WSM
1952,,,,WSM
1953,,,,WSM
1954,,,,WSM
1955,,,,WSM
1956,-0.0,0.0,,WSM
1957,-0.0,0.0,,WSM
1958,-0.0,0.0,,WSM
1959,-0.0,0.0,,WSM
1960,-0.0,0.0,,WSM
1961,-0.0,0.0,,WSM
1962,-0.0,0.0,,WSM
1963,-0.0,0.0,,WSM
1964,-0.0,0.0,,WSM
1965,-0.0,0.0,,WSM
1966,-0.0,0.0,,WSM
1967,-0.0,0.0,,WSM
1968,-0.0,0.0,,WSM
1969,-0.0,0.0,,WSM
1970,-0.0,0.0,,WSM
1971,-0.0,0.0,,WSM
1972,-0.0,0.0,,WSM
1973,-0.0,0.0,,WSM
1974,-0.0,0.0,,WSM
1975,-0.0,0.0,,WSM
1976,-0.0,0.0,,WSM
1977,-0.0,0.0,,WSM
1978,-0.0,0.0,,WSM
1979,-0.0,0.0,,WSM
1980,-0.0,0.0,,WSM
1981,-0.15238095238095237,0.5079365079365079,0.0,WSM
1982,-0.15238095238095237,0.5079365079365079,0.0,WSM
1983,-0.15238095238095237,0.5079365079365079,0.0,WSM
1984,-0.15238095238095237,0.5079365079365079,0.0,WSM
1985,-0.15238095238095237,0.5079365079365079,0.0,WSM
1986,-0.15238095238095237,0.5079365079365079,0.0,WSM
1987,-0.15238095238095237,0.5079365079365079,0.0,WSM
1988,-0.15238095238095237,0.5079365079365079,0.0,WSM
1989,-0.15238095238095237,0.5079365079365079,0.0,WSM
1990,-0.15238095238095237,0.5079365079365079,0.0,WSM
1991,-0.0,0.0,,WSM
1992,-0.0,0.0,,WSM
1993,-0.0,0.0,,WSM
1994,-0.0,0.0,,WSM
1995,-0.0,0.0,,WSM
1996,-0.0,0.0,,WSM
1997,-0.0,0.0,,WSM
1998,-0.0,0.0,,WSM
1999,-0.0,0.0,,WSM
2000,-0.0,0.0,,WSM
2001,-0.0,0.0,,WSM
2002,-0.0,0.0,,WSM
2003,-0.6,2.0,0.0,WSM
2004,-0.6,2.0,0.0,WSM
2005,-0.6,2.0,0.0,WSM
2006,-0.6,2.0,0.0,WSM
2007,-0.6,2.0,0.0,WSM
2008,-0.6,2.0,0.0,WSM
2009,-0.6,2.0,0.0,WSM
2010,-0.6,2.0,0.0,WSM
2011,-0.6,2.0,0.0,WSM
2012,-0.6,2.0,0.0,WSM
2013,-0.0,0.0,,WSM
2014,-0.0,0.0,,WSM
2015,-0.0,0.0,,WSM
2016,-0.0,0.0,,WSM
2017,-0.0,0.0,,WSM
2018,-0.0,0.0,,WSM
2019,-0.0,0.0,,WSM
2020,-0.7476190476190476,2.492063492063492,0.0,WSM
2021,-0.7476190476190476,2.492063492063492,0.0,WSM
2022,-0.7476190476190476,2.492063492063492,0.0,WSM
2023,-0.7476190476190476,2.492063492063492,0.0,WSM
1948,,,,XKX
1949,,,,XKX
1950,,,,XKX
1951,,,,XKX
1952,,,,XKX
1953,,,,XKX
1954,,,,XKX
1955,,,,XKX
1956,-0.0,0.0,,XKX
1957,-0.0,0.0,,XKX
1958,-0.0,0.0,,XKX
1959,-0.0,0.0,,XKX
1960,-0.0,0.0,,XKX
1961,-0.0,0.0,,XKX
1962,-0.0,0.0,,XKX
1963,-0.0,0.0,,XKX
1964,-0.0,0.0,,XKX
1965,-0.0,0.0,,XKX
1966,-0.0,0.0,,XKX
1967,-0.0,0.0,,XKX
1968,-0.0,0.0,,XKX
1969,-0.0,0.0,,XKX
1970,-0.0,0.0,,XKX
1971,-0.0,0.0,,XKX
1972,-0.0,0.0,,XKX
1973,-0.0,0.0,,XKX
1974,-0.0,0.0,,XKX
1975,-0.0,0.0,,XKX
1976,-0.0,0.0,,XKX
1977,-0.0,0.0,,XKX
1978,-0.0,0.0,,XKX
1979,-0.0,0.0,,XKX
1980,-0.0,0.0,,XKX
1981,-0.0,0.0,,XKX
1982,-0.0,0.0,,XKX
1983,-0.0,0.0,,XKX
1984,-0.0,0.0,,XKX
1985,-0.0,0.0,,XKX
1986,-0.0,0.0,,XKX
1987,-0.0,0.0,,XKX
1988,-0.0,0.0,,XKX
1989,-0.0,0.0,,XKX
1990,-0.0,0.0,,XKX
1991,-0.0,0.0,,XKX
1992,-0.0,0.0,,XKX
1993,-0.0,0.0,,XKX
1994,-0.0,0.0,,XKX
1995,-0.0,0.0,,XKX
1996,-0.0,0.0,,XKX
1997,-0.0,0.0,,XKX
1998,-0.0,0.0,,XKX
1999,-0.0,0.0,,XKX
2000,-0.0,0.0,,XKX
2001,-0.0,0.0,,XKX
2002,-0.0,0.0,,XKX
2003,-0.4571428571428571,1.5238095238095235,0.0,XKX
2004,-0.4571428571428571,1.5238095238095235,0.0,XKX
2005,-0.4571428571428571,1.5238095238095235,0.0,XKX
2006,-0.4571428571428571,1.5238095238095235,0.0,XKX
2007,-1.3696085807262939,6.0,0.25396825396825395,XKX
2008,-1.3696085807262939,6.0,0.25396825396825395,XKX
2009,-1.3696085807262939,6.0,0.25396825396825395,XKX
2010,-1.3696085807262939,6.0,0.25396825396825395,XKX
2011,-1.3696085807262939,6.0,0.25396825396825395,XKX
2012,-1.3696085807262939,6.0,0.25396825396825395,XKX
2013,-1.342857142857143,4.476190476190476,0.0,XKX
2014,-1.342857142857143,4.476190476190476,0.0,XKX
2015,-1.342857142857143,4.476190476190476,0.0,XKX
2016,-1.342857142857143,4.476190476190476,0.0,XKX
2017,-0.0,0.0,,XKX
2018,-0.0,0.0,,XKX
2019,-0.0,0.0,,XKX
2020,-0.0,0.0,,XKX
2021,-0.0,0.0,,XKX
2022,-0.0,0.0,,XKX
2023,-0.0,0.0,,XKX
1948,,,,YEM
1949,,,,YEM
1950,,,,YEM
1951,,,,YEM
1952,,,,YEM
1953,,,,YEM
1954,,,,YEM
1955,,,,YEM
1956,-0.0,0.0,,YEM
1957,-0.0,0.0,,YEM
1958,-0.0,0.0,,YEM
1959,-0.0,0.0,,YEM
1960,-0.0,0.0,,YEM
1961,-0.0,0.0,,YEM
1962,-0.0,0.0,,YEM
1963,-0.0,0.0,,YEM
1964,-0.0,0.0,,YEM
1965,-0.0,0.0,,YEM
1966,-0.0,0.0,,YEM
1967,-0.0,0.0,,YEM
1968,-0.0,0.0,,YEM
1969,-0.0,0.0,,YEM
1970,-0.0,0.0,,YEM
1971,-0.0,0.0,,YEM
1972,-0.0,0.0,,YEM
1973,-0.0,0.0,,YEM
1974,-0.0,0.0,,YEM
1975,-0.0,0.0,,YEM
1976,-0.0,0.0,,YEM
1977,-0.0,0.0,,YEM
1978,-0.0,0.0,,YEM
1979,-0.0,0.0,,YEM
1980,-0.0,0.0,,YEM
1981,-0.0,0.0,,YEM
1982,-0.0,0.0,,YEM
1983,-0.0,0.0,,YEM
1984,-0.0,0.0,,YEM
1985,-0.0,0.0,,YEM
1986,-0.0,0.0,,YEM
1987,-0.0,0.0,,YEM
1988,-0.0,0.0,,YEM
1989,-0.0,0.0,,YEM
1990,-0.0,0.0,,YEM
1991,-0.0,0.0,,YEM
1992,-0.0,0.0,,YEM
1993,-0.0,0.0,,YEM
1994,-0.0,0.0,,YEM
1995,-0.0,0.0,,YEM
1996,-0.0,0.0,,YEM
1997,-0.0,0.0,,YEM
1998,-0.15238095238095237,0.5079365079365079,0.0,YEM
1999,-0.15238095238095237,0.5079365079365079,0.0,YEM
2000,-0.15238095238095237,0.5079365079365079,0.0,YEM
2001,-0.15238095238095237,0.5079365079365079,0.0,YEM
2002,-0.15238095238095237,0.5079365079365079,0.0,YEM
2003,-0.15238095238095237,0.5079365079365079,0.0,YEM
2004,-0.15238095238095237,0.5079365079365079,0.0,YEM
2005,-0.15238095238095237,0.5079365079365079,0.0,YEM
2006,-0.15238095238095237,0.5079365079365079,0.0,YEM
2007,-0.15238095238095237,0.5079365079365079,0.0,YEM
2008,-0.0,0.0,,YEM
2009,-0.0,0.0,,YEM
2010,-0.0,0.0,,YEM
2011,-0.0,0.0,,YEM
2012,-0.0,0.0,,YEM
2013,-0.0,0.0,,YEM
2014,-0.0,0.0,,YEM
2015,-0.0,0.0,,YEM
2016,-0.0,0.0,,YEM
2017,-0.0,0.0,,YEM
2018,-0.0,0.0,,YEM
2019,-0.0,0.0,,YEM
2020,-0.0,0.0,,YEM
2021,-0.0,0.0,,YEM
2022,-0.0,0.0,,YEM
2023,-0.0,0.0,,YEM
1948,,,,YUG
1949,,,,YUG
1950,,,,YUG
1951,,,,YUG
1952,,,,YUG
1953,,,,YUG
1954,,,,YUG
1955,,,,YUG
1956,-0.0,0.0,,YUG
1957,-0.0,0.0,,YUG
1958,-0.0,0.0,,YUG
1959,-0.0,0.0,,YUG
1960,-0.0,0.0,,YUG
1961,-0.0,0.0,,YUG
1962,-0.0,0.0,,YUG
1963,-0.0,0.0,,YUG
1964,-0.0,0.0,,YUG
1965,-0.0,0.0,,YUG
1966,-0.0,0.0,,YUG
1967,-0.0,0.0,,YUG
1968,-0.0,0.0,,YUG
1969,-0.0,0.0,,YUG
1970,-0.0,0.0,,YUG
1971,-0.0,0.0,,YUG
1972,-0.0,0.0,,YUG
1973,-0.0,0.0,,YUG
1974,-0.0,0.0,,YUG
1975,-0.0,0.0,,YUG
1976,-0.0,0.0,,YUG
1977,-0.0,0.0,,YUG
1978,-0.0,0.0,,YUG
1979,-0.0,0.0,,YUG
1980,-0.0,0.0,,YUG
1981,-0.0,0.0,,YUG
1982,-0.0,0.0,,YUG
1983,-0.0,0.0,,YUG
1984,-0.0,0.0,,YUG
1985,-0.0,0.0,,YUG
1986,-0.0,0.0,,YUG
1987,-0.0,0.0,,YUG
1988,-0.0,0.0,,YUG
1989,-0.0,0.0,,YUG
1990,-0.0,0.0,,YUG
1991,-0.0,0.0,,YUG
1992,-0.0,0.0,,YUG
1993,-0.0,0.0,,YUG
1994,-0.0,0.0,,YUG
1995,-0.0,0.0,,YUG
1996,-0.0,0.0,,YUG
1997,-0.0,0.0,,YUG
1998,-0.0,0.0,,YUG
1999,-0.0,0.0,,YUG
2000,-0.0,0.0,,YUG
2001,-0.0,0.0,,YUG
2002,-0.0,0.0,,YUG
2003,-0.0,0.0,,YUG
2004,-0.0,0.0,,YUG
2005,-0.0,0.0,,YUG
2006,-0.0,0.0,,YUG
2007,-0.0,0.0,,YUG
2008,-0.0,0.0,,YUG
2009,-0.0,0.0,,YUG
2010,-0.0,0.0,,YUG
2011,-0.0,0.0,,YUG
2012,-0.0,0.0,,YUG
2013,-0.0,0.0,,YUG
2014,-0.0,0.0,,YUG
2015,-0.0,0.0,,YUG
2016,-0.0,0.0,,YUG
2017,-0.0,0.0,,YUG
2018,-0.0,0.0,,YUG
2019,-0.0,0.0,,YUG
2020,-0.0,0.0,,YUG
2021,-0.0,0.0,,YUG
2022,-0.0,0.0,,YUG
2023,-0.0,0.0,,YUG
1948,,,,ZAF
1949,,,,ZAF
1950,,,,ZAF
1951,,,,ZAF
1952,,,,ZAF
1953,,,,ZAF
1954,,,,ZAF
1955,,,,ZAF
1956,-0.0,0.0,,ZAF
1957,-0.0,0.0,,ZAF
1958,-0.0,0.0,,ZAF
1959,-0.0,0.0,,ZAF
1960,-0.0,0.0,,ZAF
1961,-0.0,0.0,,ZAF
1962,-0.0,0.0,,ZAF
1963,-0.0,0.0,,ZAF
1964,-0.0,0.0,,ZAF
1965,-0.0,0.0,,ZAF
1966,-0.0,0.0,,ZAF
1967,-0.0,0.0,,ZAF
1968,-0.0,0.0,,ZAF
1969,-0.0,0.0,,ZAF
1970,-0.15238095238095237,0.5079365079365079,0.0,ZAF
1971,-0.15238095238095237,0.5079365079365079,0.0,ZAF
1972,-0.15238095238095237,0.5079365079365079,0.0,ZAF
1973,-0.15238095238095237,0.5079365079365079,0.0,ZAF
1974,-0.15238095238095237,0.5079365079365079,0.0,ZAF
1975,-0.15238095238095237,0.5079365079365079,0.0,ZAF
1976,-0.15238095238095237,0.5079365079365079,0.0,ZAF
1977,-0.15238095238095237,0.5079365079365079,0.0,ZAF
1978,-0.15238095238095237,0.5079365079365079,0.0,ZAF
1979,-0.15238095238095237,0.5079365079365079,0.0,ZAF
1980,-0.0,0.0,,ZAF
1981,-0.0,0.0,,ZAF
1982,-0.0,0.0,,ZAF
1983,-0.0,0.0,,ZAF
1984,-0.0,0.0,,ZAF
1985,-0.0,0.0,,ZAF
1986,-0.0,0.0,,ZAF
1987,-0.0,0.0,,ZAF
1988,-0.0,0.0,,ZAF
1989,-0.0,0.0,,ZAF
1990,-0.0,0.0,,ZAF
1991,-0.0,0.0,,ZAF
1992,-0.0,0.0,,ZAF
1993,-0.0,0.0,,ZAF
1994,-0.0,0.0,,ZAF
1995,-0.0,0.0,,ZAF
1996,-0.0,0.0,,ZAF
1997,-0.0,0.0,,ZAF
1998,-0.0,0.0,,ZAF
1999,-0.0,0.0,,ZAF
2000,-1.3476190476190475,4.492063492063492,0.0,ZAF
2001,-1.3476190476190475,4.492063492063492,0.0,ZAF
2002,-1.3476190476190475,4.492063492063492,0.0,ZAF
2003,-1.3476190476190475,4.492063492063492,0.0,ZAF
2004,-1.3476190476190475,4.492063492063492,0.0,ZAF
2005,-1.3476190476190475,4.492063492063492,0.0,ZAF
2006,-1.3476190476190475,4.492063492063492,0.0,ZAF
2007,-1.3476190476190475,4.492063492063492,0.0,ZAF
2008,-1.3476190476190475,4.492063492063492,0.0,ZAF
2009,-1.3476190476190475,4.492063492063492,0.0,ZAF
2010,-0.0,0.0,,ZAF
2011,-0.0,0.0,,ZAF
2012,-0.0,0.0,,ZAF
2013,-0.0,0.0,,ZAF
2014,-0.0,0.0,,ZAF
2015,-0.0,0.0,,ZAF
2016,-0.0,0.0,,ZAF
2017,-0.0,0.0,,ZAF
2018,-0.0,0.0,,ZAF
2019,-0.0,0.0,,ZAF
2020,-0.0,0.0,,ZAF
2021,-0.0,0.0,,ZAF
2022,-0.0,0.0,,ZAF
2023,-0.0,0.0,,ZAF
1948,,,,ZMB
1949,,,,ZMB
1950,,,,ZMB
1951,,,,ZMB
1952,,,,ZMB
1953,,,,ZMB
1954,,,,ZMB
1955,,,,ZMB
1956,-0.0,0.0,,ZMB
1957,-0.0,0.0,,ZMB
1958,-0.0,0.0,,ZMB
1959,-0.0,0.0,,ZMB
1960,-0.0,0.0,,ZMB
1961,-0.0,0.0,,ZMB
1962,-0.0,0.0,,ZMB
1963,-0.0,0.0,,ZMB
1964,-0.0,0.0,,ZMB
1965,-0.0,0.0,,ZMB
1966,-0.0,0.0,,ZMB
1967,-0.0,0.0,,ZMB
1968,-0.0,0.0,,ZMB
1969,-0.0,0.0,,ZMB
1970,-0.0,0.0,,ZMB
1971,-0.0,0.0,,ZMB
1972,-0.0,0.0,,ZMB
1973,-0.0,0.0,,ZMB
1974,-0.0,0.0,,ZMB
1975,-0.0,0.0,,ZMB
1976,-0.0,0.0,,ZMB
1977,-0.0,0.0,,ZMB
1978,-0.0,0.0,,ZMB
1979,-0.0,0.0,,ZMB
1980,-0.0,0.0,,ZMB
1981,-0.0,0.0,,ZMB
1982,-0.2275862068965517,0.7586206896551724,0.0,ZMB
1983,-0.2275862068965517,0.7586206896551724,0.0,ZMB
1984,-0.2275862068965517,0.7586206896551724,0.0,ZMB
1985,-0.2275862068965517,0.7586206896551724,0.0,ZMB
1986,-0.2275862068965517,0.7586206896551724,0.0,ZMB
1987,-0.2275862068965517,0.7586206896551724,0.0,ZMB
1988,-0.2275862068965517,0.7586206896551724,0.0,ZMB
1989,-0.2275862068965517,0.7586206896551724,0.0,ZMB
1990,-0.2275862068965517,0.7586206896551724,0.0,ZMB
1991,-0.2275862068965517,0.7586206896551724,0.0,ZMB
1992,-0.0,0.0,,ZMB
1993,-0.0,0.0,,ZMB
1994,-0.6724137931034483,2.2413793103448274,0.0,ZMB
1995,-0.6724137931034483,2.2413793103448274,0.0,ZMB
1996,-0.6724137931034483,2.2413793103448274,0.0,ZMB
1997,-0.6724137931034483,2.2413793103448274,0.0,ZMB
1998,-0.6724137931034483,2.2413793103448274,0.0,ZMB
1999,-0.6724137931034483,2.2413793103448274,0.0,ZMB
2000,-0.8499912568620772,4.241379310344827,0.4715447154471545,ZMB
2001,-0.8499912568620772,4.241379310344827,0.4715447154471545,ZMB
2002,-0.8499912568620772,4.241379310344827,0.4715447154471545,ZMB
2003,-0.8499912568620772,4.241379310344827,0.4715447154471545,ZMB
2004,-0.6000000000000001,2.0,0.0,ZMB
2005,-0.6000000000000001,2.0,0.0,ZMB
2006,-0.6000000000000001,2.0,0.0,ZMB
2007,-0.6000000000000001,2.0,0.0,ZMB
2008,-0.6000000000000001,2.0,0.0,ZMB
2009,-0.6000000000000001,2.0,0.0,ZMB
2010,-0.0,0.0,,ZMB
2011,-0.0,0.0,,ZMB
2012,-0.0,0.0,,ZMB
2013,-0.0,0.0,,ZMB
2014,-0.0,0.0,,ZMB
2015,-0.0,0.0,,ZMB
2016,-0.0,0.0,,ZMB
2017,-0.0,0.0,,ZMB
2018,-0.0,0.0,,ZMB
2019,-0.0,0.0,,ZMB
2020,-0.0,0.0,,ZMB
2021,-0.0,0.0,,ZMB
2022,-0.0,0.0,,ZMB
2023,-0.0,0.0,,ZMB
1948,,,,ZWE
1949,,,,ZWE
1950,,,,ZWE
1951,,,,ZWE
1952,,,,ZWE
1953,,,,ZWE
1954,,,,ZWE
1955,,,,ZWE
1956,-0.0,0.0,,ZWE
1957,-0.0,0.0,,ZWE
1958,-0.0,0.0,,ZWE
1959,-0.0,0.0,,ZWE
1960,-0.0,0.0,,ZWE
1961,-0.0,0.0,,ZWE
1962,-0.0,0.0,,ZWE
1963,-0.0,0.0,,ZWE
1964,-0.0,0.0,,ZWE
1965,-0.0,0.0,,ZWE
1966,-0.0,0.0,,ZWE
1967,-0.0,0.0,,ZWE
1968,-0.0,0.0,,ZWE
1969,-0.0,0.0,,ZWE
1970,-0.0,0.0,,ZWE
1971,-0.0,0.0,,ZWE
1972,-0.0,0.0,,ZWE
1973,-0.0,0.0,,ZWE
1974,-0.0,0.0,,ZWE
1975,-0.0,0.0,,ZWE
1976,-0.0,0.0,,ZWE
1977,-0.0,0.0,,ZWE
1978,-0.0,0.0,,ZWE
1979,-0.0,0.0,,ZWE
1980,-0.0,0.0,,ZWE
1981,-0.0,0.0,,ZWE
1982,-0.2275862068965517,0.7586206896551724,0.0,ZWE
1983,-0.2275862068965517,0.7586206896551724,0.0,ZWE
1984,-0.2275862068965517,0.7586206896551724,0.0,ZWE
1985,-0.2275862068965517,0.7586206896551724,0.0,ZWE
1986,-0.2275862068965517,0.7586206896551724,0.0,ZWE
1987,-0.2275862068965517,0.7586206896551724,0.0,ZWE
1988,-0.2275862068965517,0.7586206896551724,0.0,ZWE
1989,-0.2275862068965517,0.7586206896551724,0.0,ZWE
1990,-0.2275862068965517,0.7586206896551724,0.0,ZWE
1991,-0.2275862068965517,0.7586206896551724,0.0,ZWE
1992,-0.0,0.0,,ZWE
1993,-0.3,1.0,0.0,ZWE
1994,-0.7052040293056119,3.2413793103448274,0.3085106382978724,ZWE
1995,-0.7052040293056119,3.2413793103448274,0.3085106382978724,ZWE
1996,-0.7052040293056119,3.2413793103448274,0.3085106382978724,ZWE
1997,-0.7052040293056119,3.2413793103448274,0.3085106382978724,ZWE
1998,-0.7052040293056119,3.2413793103448274,0.3085106382978724,ZWE
1999,-0.7052040293056119,3.2413793103448274,0.3085106382978724,ZWE
2000,-0.7228313335363747,4.241379310344827,0.4715447154471545,ZWE
2001,-0.7228313335363747,4.241379310344827,0.4715447154471545,ZWE
2002,-0.7228313335363747,4.241379310344827,0.4715447154471545,ZWE
2003,-0.7052040293056119,3.2413793103448274,0.3085106382978724,ZWE
2004,-0.30000000000000004,1.0,0.0,ZWE
2005,-0.30000000000000004,1.0,0.0,ZWE
2006,-0.30000000000000004,1.0,0.0,ZWE
2007,-0.30000000000000004,1.0,0.0,ZWE
2008,-0.30000000000000004,1.0,0.0,ZWE
2009,-0.30000000000000004,1.0,0.0,ZWE
2010,-0.0,0.0,,ZWE
2011,-0.0,0.0,,ZWE
2012,-0.0,0.0,,ZWE
2013,-0.0,0.0,,ZWE
2014,-0.0,0.0,,ZWE
2015,-0.0,0.0,,ZWE
2016,-0.0,0.0,,ZWE
2017,-0.0,0.0,,ZWE
2018,-0.0,0.0,,ZWE
2019,-0.0,0.0,,ZWE
2020,-0.0,0.0,,ZWE
2021,-0.0,0.0,,ZWE
2022,-0.0,0.0,,ZWE
2023,-0.0,0.0,,ZWE
